height,block_hash,proposer_address,proposer_host,n_hosts_seen,hosts_seen,n_lines,first_log_timestamp,first_source_file,first_source_line
200,000ae81060969f4ee3c9984beca6406cd04387ffa7c8f38e0dad26360d1f8b9d,1VTJbaQB66KoiL8iWQrPES7Ub7ZDzy3XFu8DwG,m3,4,admin m1 m2 m3,13,2000-01-01 00:07:06,run/data/admin/debug.log,900
200,004e0f0aaa00cd075c773f1d4b5e260614968c273137eed2b5880e5cd4d3bf3c,1Qfy23H5N3KcwZ4CW25K68hY7T9BMNCYG9n3d8,m2,4,admin m1 m2 m3,11,2000-01-01 00:07:06,run/data/admin/debug.log,911
200,0073ec183125acbe6be62038c2a728798e634fac501de5b96ac389c825ff47a9,1WZPCjFVjDt2AkwLnqG5BfyoxCWtkqFRU8YSSF,m1,4,admin m1 m2 m3,12,2000-01-01 00:07:06,run/data/admin/debug.log,927
201,009efe005805af5719cb5ebb36361492c5b2fbe73fafedb5b245d49e0c103da2,1Qfy23H5N3KcwZ4CW25K68hY7T9BMNCYG9n3d8,m2,4,admin m1 m2 m3,10,2000-01-01 00:07:10,run/data/admin/debug.log,982
201,00c5a1f133755f22528c34b40079c93ae8a0ddb06471594660d898a848c22b05,1VTJbaQB66KoiL8iWQrPES7Ub7ZDzy3XFu8DwG,m3,4,admin m1 m2 m3,12,2000-01-01 00:07:10,run/data/admin/debug.log,966
201,00d681cdd62c1c2f3c02bc6982e5657670b5dffcf1fe00368db5d739a0e54070,1WZPCjFVjDt2AkwLnqG5BfyoxCWtkqFRU8YSSF,m1,4,admin m1 m2 m3,14,2000-01-01 00:07:10,run/data/admin/debug.log,951
202,00b9fc4de4a7250c4bd0b646bf0fb3fcd99589fc1428269e73501145ddddc3c3,1WZPCjFVjDt2AkwLnqG5BfyoxCWtkqFRU8YSSF,m1,4,admin m1 m2 m3,8,2000-01-01 00:07:12,run/data/admin/debug.log,1008
203,00562679d144624d3b170108b5e048181a3941e959ae31cb8993875dcdf3ad87,1WZPCjFVjDt2AkwLnqG5BfyoxCWtkqFRU8YSSF,m1,4,admin m1 m2 m3,8,2000-01-01 00:07:15,run/data/admin/debug.log,1022
204,00ab006ed78e003f55f3a3045b7c8c688eeae4dbb2d2a375f39a52f4e30570a2,1WZPCjFVjDt2AkwLnqG5BfyoxCWtkqFRU8YSSF,m1,4,admin m1 m2 m3,8,2000-01-01 00:07:17,run/data/admin/debug.log,1036
205,00b67a7baaa21d6dfdacbed4dd780720032ffe045dcb923fbb4a58f559e08b40,1WZPCjFVjDt2AkwLnqG5BfyoxCWtkqFRU8YSSF,m1,4,admin m1 m2 m3,8,2000-01-01 00:07:21,run/data/admin/debug.log,1050
206,00793266d0a1695c5974d4cae106051fe645ee6329e9ab045c3766ed2e168744,1WZPCjFVjDt2AkwLnqG5BfyoxCWtkqFRU8YSSF,m1,4,admin m1 m2 m3,8,2000-01-01 00:07:24,run/data/admin/debug.log,1064
207,006837374b46d520daac69311b9c84f8efd61b731b27bc2caec8d1e0e45d23e6,1Qfy23H5N3KcwZ4CW25K68hY7T9BMNCYG9n3d8,m2,4,admin m1 m2 m3,9,2000-01-01 00:07:26,run/data/admin/debug.log,1089
207,0095521f41fe6e5c2553589fc88b9b8c99d813f48fdc57b017a86ae84e0ee848,1WZPCjFVjDt2AkwLnqG5BfyoxCWtkqFRU8YSSF,m1,4,admin m1 m2 m3,11,2000-01-01 00:07:26,run/data/admin/debug.log,1078
208,00184e8007ac67dd3ad406c822c7cf63df62327a7f65ff8a5e0ac28b04c1fe65,1WZPCjFVjDt2AkwLnqG5BfyoxCWtkqFRU8YSSF,m1,4,admin m1 m2 m3,11,2000-01-01 00:07:29,run/data/admin/debug.log,1108
208,008b171b2e664aab3718f11d191adeb3663543cc3b4b1baebea5514640d630e7,1Qfy23H5N3KcwZ4CW25K68hY7T9BMNCYG9n3d8,m2,4,admin m1 m2 m3,9,2000-01-01 00:07:29,run/data/admin/debug.log,1119
209,0027d113749a525064e513d54f75f2e96d4030eda08d47f2f90256d575d0fcaa,1WZPCjFVjDt2AkwLnqG5BfyoxCWtkqFRU8YSSF,m1,4,admin m1 m2 m3,11,2000-01-01 00:07:33,run/data/admin/debug.log,1138
209,008dc13f978a48f78f2eb7cd18b61db4967c259f58f241a2158a28d7e76ec3b5,1Qfy23H5N3KcwZ4CW25K68hY7T9BMNCYG9n3d8,m2,4,admin m1 m2 m3,9,2000-01-01 00:07:33,run/data/admin/debug.log,1149
210,0076c8023c1bf2f78bc6b21bee2420d336af080a4ee93eb5240f2d4b53a1d266,1Qfy23H5N3KcwZ4CW25K68hY7T9BMNCYG9n3d8,m2,4,admin m1 m2 m3,10,2000-01-01 00:07:35,run/data/admin/debug.log,1169
210,00e313b5adb127758e43127216861efefb371cb9fba21d116860539bd545e61e,1WZPCjFVjDt2AkwLnqG5BfyoxCWtkqFRU8YSSF,m1,4,admin m1 m2 m3,10,2000-01-01 00:07:35,run/data/admin/debug.log,1190
211,00bc878f0ab89a68f01001f58dd2aaa1aefd46d71dbd35a95c7d7b2385d53db9,1WZPCjFVjDt2AkwLnqG5BfyoxCWtkqFRU8YSSF,m1,4,admin m1 m2 m3,8,2000-01-01 00:07:37,run/data/admin/debug.log,1209
212,00f5aacbd9d0d8b7d7f59f4514607f4bcadf4eaa766b24574f3458314b83eaee,1WZPCjFVjDt2AkwLnqG5BfyoxCWtkqFRU8YSSF,m1,4,admin m1 m2 m3,8,2000-01-01 00:07:40,run/data/admin/debug.log,1236
213,00f5ab5de1b4b30a0445850a803645d2322e5950dc9036fc204a08d4ccf5d276,1WZPCjFVjDt2AkwLnqG5BfyoxCWtkqFRU8YSSF,m1,4,admin m1 m2 m3,8,2000-01-01 00:07:44,run/data/admin/debug.log,1252
214,00488de6f7ca0f5dfb96ebcb80edc586e203adff93050a6194086acba33bac2d,1WZPCjFVjDt2AkwLnqG5BfyoxCWtkqFRU8YSSF,m1,4,admin m1 m2 m3,8,2000-01-01 00:07:46,run/data/admin/debug.log,1266
215,00c26d82a85affac4d243ba72eab381f98833ec179c5269a6642cf2cdc2e8f53,1WZPCjFVjDt2AkwLnqG5BfyoxCWtkqFRU8YSSF,m1,4,admin m1 m2 m3,8,2000-01-01 00:07:49,run/data/admin/debug.log,1280
216,00ceca9953952b299dbce0e7cd3a39d5f289624952f6f5bfd2d3d9ff089b16b2,1WZPCjFVjDt2AkwLnqG5BfyoxCWtkqFRU8YSSF,m1,4,admin m1 m2 m3,8,2000-01-01 00:07:53,run/data/admin/debug.log,1294
217,0076f7eb7711312b3ef587434d9aeec8daf3fbf73a5374b5570e9c8b1f8c327b,1WZPCjFVjDt2AkwLnqG5BfyoxCWtkqFRU8YSSF,m1,4,admin m1 m2 m3,8,2000-01-01 00:07:56,run/data/admin/debug.log,1308
218,00eb12d705efb04200ea77b1eb7c0e98f4dbfe018e2e0ece5e6c775e7d71e392,1WZPCjFVjDt2AkwLnqG5BfyoxCWtkqFRU8YSSF,m1,4,admin m1 m2 m3,8,2000-01-01 00:07:58,run/data/admin/debug.log,1322
219,009829b311fd1aaedfab76a9d6e9d7b465aa417b87165e01a2183db1d416f8b2,1WZPCjFVjDt2AkwLnqG5BfyoxCWtkqFRU8YSSF,m1,4,admin m1 m2 m3,8,2000-01-01 00:08:00,run/data/admin/debug.log,1339
220,0020bd423b7d82ae1791e94221f7e55134e421a993ab8afd877181b070b3306f,1Qfy23H5N3KcwZ4CW25K68hY7T9BMNCYG9n3d8,m2,4,admin m1 m2 m3,10,2000-01-01 00:08:04,run/data/admin/debug.log,1353
220,00971cd5c4854096df371089d2b9622d26e891f56c06bf0fbbaab0918e8bf021,1WZPCjFVjDt2AkwLnqG5BfyoxCWtkqFRU8YSSF,m1,4,admin m1 m2 m3,10,2000-01-01 00:08:04,run/data/admin/debug.log,1364
221,00229a3cff199ccb996bf65b5b7aad25588f85fca0a2057e7ca3bd8ed66222f7,1Qfy23H5N3KcwZ4CW25K68hY7T9BMNCYG9n3d8,m2,4,admin m1 m2 m3,9,2000-01-01 00:08:07,run/data/admin/debug.log,1398
221,0026683b2a20843890a6b39629cb86654b3e97dd79626ce3933add421572f7cd,1WZPCjFVjDt2AkwLnqG5BfyoxCWtkqFRU8YSSF,m1,4,admin m1 m2 m3,11,2000-01-01 00:08:07,run/data/admin/debug.log,1383
222,0099fa4243168098805ae6e5d20d8732768f415951dc57972a82c418a14cdb3d,1WZPCjFVjDt2AkwLnqG5BfyoxCWtkqFRU8YSSF,m1,4,admin m1 m2 m3,10,2000-01-01 00:08:09,run/data/admin/debug.log,1436
222,00f9fca95de8262f32d6a781d857f8e37177a4e2253f9daa791152e1b0d93df6,1Qfy23H5N3KcwZ4CW25K68hY7T9BMNCYG9n3d8,m2,4,admin m1 m2 m3,10,2000-01-01 00:08:09,run/data/admin/debug.log,1418
223,00a7c4b0b9358cfd46972a4b0d6cf2c92a3e81d1eb8606369fddc4db8d6f0f97,1WZPCjFVjDt2AkwLnqG5BfyoxCWtkqFRU8YSSF,m1,4,admin m1 m2 m3,10,2000-01-01 00:08:11,run/data/admin/debug.log,1467
223,00d7d1cca17d3b943c60f4773b8670b23214c66e462e1026d2146e16bae5104e,1Qfy23H5N3KcwZ4CW25K68hY7T9BMNCYG9n3d8,m2,4,admin m1 m2 m3,10,2000-01-01 00:08:11,run/data/admin/debug.log,1456
224,007eed49450b299e7627b39e8d129df12e018992a5f66a97913826a12b776d24,1Qfy23H5N3KcwZ4CW25K68hY7T9BMNCYG9n3d8,m2,4,admin m1 m2 m3,10,2000-01-01 00:08:15,run/data/admin/debug.log,1486
224,008bc83d710746bc7b3515696dc137a574bdf32029a5d2c4d89748dab61dc65d,1WZPCjFVjDt2AkwLnqG5BfyoxCWtkqFRU8YSSF,m1,4,admin m1 m2 m3,10,2000-01-01 00:08:15,run/data/admin/debug.log,1497
225,00c2637d6a3220bd27903f709ad0d13b9fea7c748aaf5e6e2167cbdc48914b05,1WZPCjFVjDt2AkwLnqG5BfyoxCWtkqFRU8YSSF,m1,4,admin m1 m2 m3,8,2000-01-01 00:08:16,run/data/admin/debug.log,1516
226,00ed0595efd0ef1c978abdef14d0ba698535d803f529c98c937fa0ae54bf9dbb,1WZPCjFVjDt2AkwLnqG5BfyoxCWtkqFRU8YSSF,m1,4,admin m1 m2 m3,8,2000-01-01 00:08:18,run/data/admin/debug.log,1546
227,009b3b1dc625ab625fa102607b2b62ee1cf4e4ee52f98a5a173951851ccc637c,1WZPCjFVjDt2AkwLnqG5BfyoxCWtkqFRU8YSSF,m1,4,admin m1 m2 m3,8,2000-01-01 00:08:20,run/data/admin/debug.log,1560
228,0058de69f376706b87b7b812c5cffff44a8480e58670b126fcac4e69ec47ae0b,1WZPCjFVjDt2AkwLnqG5BfyoxCWtkqFRU8YSSF,m1,4,admin m1 m2 m3,8,2000-01-01 00:08:22,run/data/admin/debug.log,1574
229,0084a3e00efb975eda71528f8cc78b271c9cc63e388b8220c78f3e908eda2120,1WZPCjFVjDt2AkwLnqG5BfyoxCWtkqFRU8YSSF,m1,4,admin m1 m2 m3,8,2000-01-01 00:08:24,run/data/admin/debug.log,1588
230,00911cb2eaf08ab107e5a87fc8f78396258682aa7d00140d70b0457cfb60e74c,1WZPCjFVjDt2AkwLnqG5BfyoxCWtkqFRU8YSSF,m1,4,admin m1 m2 m3,8,2000-01-01 00:08:27,run/data/admin/debug.log,1602
231,005e9346b92259aaefef96e9a24aa89fc55be1ed3a75ff551f6eb6d97afe8129,1WZPCjFVjDt2AkwLnqG5BfyoxCWtkqFRU8YSSF,m1,4,admin m1 m2 m3,8,2000-01-01 00:08:29,run/data/admin/debug.log,1616
232,004b033314f64fa0e2314065825438a2b1071698684441af58e9a35d4ab38cc9,1WZPCjFVjDt2AkwLnqG5BfyoxCWtkqFRU8YSSF,m1,4,admin m1 m2 m3,8,2000-01-01 00:08:31,run/data/admin/debug.log,1630
233,005e6a282d7806e1fc61940e0ff06b55474b65798f9daeb377258ff0bf3e3a8f,1WZPCjFVjDt2AkwLnqG5BfyoxCWtkqFRU8YSSF,m1,4,admin m1 m2 m3,8,2000-01-01 00:08:33,run/data/admin/debug.log,1644
234,003ea0e734642a99759806bfa2eae41cf0c89ba0d4e37e40611923f8df244aa3,1WZPCjFVjDt2AkwLnqG5BfyoxCWtkqFRU8YSSF,m1,4,admin m1 m2 m3,8,2000-01-01 00:08:36,run/data/admin/debug.log,1658
235,00c3a4f9cc038ecb5869bde16a0748cce61aab9fd57ded86378a8464bee0be76,1WZPCjFVjDt2AkwLnqG5BfyoxCWtkqFRU8YSSF,m1,4,admin m1 m2 m3,8,2000-01-01 00:08:39,run/data/admin/debug.log,1673
236,004a713aa94cdc8b0e562681ae85d09c279596a0c78a9ab9093ebc184b7c43f1,1WZPCjFVjDt2AkwLnqG5BfyoxCWtkqFRU8YSSF,m1,4,admin m1 m2 m3,8,2000-01-01 00:08:42,run/data/admin/debug.log,1689
237,0077586ebd3974e6bf5131d9b1090e293fe41cd72d68d1a3c63289fc6f8ae504,1WZPCjFVjDt2AkwLnqG5BfyoxCWtkqFRU8YSSF,m1,4,admin m1 m2 m3,8,2000-01-01 00:08:44,run/data/admin/debug.log,1703
238,008ee72883dac18116b8d8df4f0bd69622a7e8562b912c80a6a325ea92b2f25d,1WZPCjFVjDt2AkwLnqG5BfyoxCWtkqFRU8YSSF,m1,4,admin m1 m2 m3,8,2000-01-01 00:08:48,run/data/admin/debug.log,1717
239,006ecdd72ab5c83f989b6d6efd9b552f81ec8712fb3b964a8bc9384d2f5afd66,1WZPCjFVjDt2AkwLnqG5BfyoxCWtkqFRU8YSSF,m1,4,admin m1 m2 m3,8,2000-01-01 00:08:50,run/data/admin/debug.log,1731
240,003779549af1495e69c929f0bfefdaf99a1d583624df9626342a409bee05105c,1WZPCjFVjDt2AkwLnqG5BfyoxCWtkqFRU8YSSF,m1,4,admin m1 m2 m3,8,2000-01-01 00:08:53,run/data/admin/debug.log,1745
241,004f5e43e67ef95293c45a38258183b2216a315308b486a1f1d9055fbcb2c45b,1WZPCjFVjDt2AkwLnqG5BfyoxCWtkqFRU8YSSF,m1,4,admin m1 m2 m3,8,2000-01-01 00:08:54,run/data/admin/debug.log,1759
242,002f0b45f4fa9ed6d0ceae99a57304333e51b1834214c3bb0e06198459a3019b,1WZPCjFVjDt2AkwLnqG5BfyoxCWtkqFRU8YSSF,m1,4,admin m1 m2 m3,8,2000-01-01 00:08:57,run/data/admin/debug.log,1773
243,00cb56b9b9ef1321f6770fb88857ea3934d932b60bbff3a1540c162a7be160da,1WZPCjFVjDt2AkwLnqG5BfyoxCWtkqFRU8YSSF,m1,4,admin m1 m2 m3,8,2000-01-01 00:08:59,run/data/admin/debug.log,1787
244,0057b86d2feef8f54829ff97282d462e6dc9493bec3146ea0e25cf8093ccc5b9,1WZPCjFVjDt2AkwLnqG5BfyoxCWtkqFRU8YSSF,m1,4,admin m1 m2 m3,8,2000-01-01 00:09:02,run/data/admin/debug.log,1801
245,00fd6031d22bc6f9f5c67efdb326a0ddeb802303304268aeadd67c2ecedc975b,1WZPCjFVjDt2AkwLnqG5BfyoxCWtkqFRU8YSSF,m1,4,admin m1 m2 m3,8,2000-01-01 00:09:04,run/data/admin/debug.log,1815
246,0096a89d9e58c9cd40be8353d2d63523fa8640ff51d842a4ca97afcec0979f06,1Qfy23H5N3KcwZ4CW25K68hY7T9BMNCYG9n3d8,m2,4,admin m1 m2 m3,11,2000-01-01 00:09:07,run/data/admin/debug.log,1830
246,00fa27f05479f3289ac32d1d275463514b21d5445eca4e6fda41c535a5261e07,1WZPCjFVjDt2AkwLnqG5BfyoxCWtkqFRU8YSSF,m1,4,admin m1 m2 m3,9,2000-01-01 00:09:07,run/data/admin/debug.log,1841
247,00e8b67baedb82d5f9a05fdf546be0ea8884af3b92a2b9dc092a98614e62be7c,1WZPCjFVjDt2AkwLnqG5BfyoxCWtkqFRU8YSSF,m1,4,admin m1 m2 m3,8,2000-01-01 00:09:10,run/data/admin/debug.log,1860
248,00ac3e89154ab036499700ba42acdb02bdd11c0b766749fe1282b5066f2a159c,1WZPCjFVjDt2AkwLnqG5BfyoxCWtkqFRU8YSSF,m1,4,admin m1 m2 m3,8,2000-01-01 00:09:13,run/data/admin/debug.log,1879
249,003dee01c2d9871a2f4495c7ee56cc9e29d7938bf315ce6e4529c7eeafaac9b6,1WZPCjFVjDt2AkwLnqG5BfyoxCWtkqFRU8YSSF,m1,4,admin m1 m2 m3,8,2000-01-01 00:09:15,run/data/admin/debug.log,1893
250,00a422b1e2ec50d5ebc04ccb04b264c0ea8a99751c7ec0ce72450694172a86ac,1WZPCjFVjDt2AkwLnqG5BfyoxCWtkqFRU8YSSF,m1,4,admin m1 m2 m3,8,2000-01-01 00:09:16,run/data/admin/debug.log,1907
251,0032eb8ea14ee71d38ea34bf5300b9c63694cc1cc829ab063b8659711e040935,1WZPCjFVjDt2AkwLnqG5BfyoxCWtkqFRU8YSSF,m1,4,admin m1 m2 m3,8,2000-01-01 00:09:20,run/data/admin/debug.log,1921
252,005ebe71447d20ea47bbef813f6d62a4d38a77204546dd784e661044a0cfdb2e,1WZPCjFVjDt2AkwLnqG5BfyoxCWtkqFRU8YSSF,m1,4,admin m1 m2 m3,8,2000-01-01 00:09:22,run/data/admin/debug.log,1935
253,008bd1a1941d12c4c7bf4c6d621168a6bf6d8fae19024a0936921deac0dfa062,1WZPCjFVjDt2AkwLnqG5BfyoxCWtkqFRU8YSSF,m1,4,admin m1 m2 m3,8,2000-01-01 00:09:24,run/data/admin/debug.log,1949
254,00d87f4472446c216712e8549092f19afec16e1fd39d7fb854ac2a160b623d44,1WZPCjFVjDt2AkwLnqG5BfyoxCWtkqFRU8YSSF,m1,4,admin m1 m2 m3,8,2000-01-01 00:09:27,run/data/admin/debug.log,1963
255,00292adbfcf2cc5265a6f5190d98831988be7947e3555705ecdb892429dfe7ea,1WZPCjFVjDt2AkwLnqG5BfyoxCWtkqFRU8YSSF,m1,4,admin m1 m2 m3,8,2000-01-01 00:09:30,run/data/admin/debug.log,1977
256,0007e3de5b05c298b01da90d4230ffa70c57d9a990fd49fa3a35b797e1241f52,1WZPCjFVjDt2AkwLnqG5BfyoxCWtkqFRU8YSSF,m1,4,admin m1 m2 m3,8,2000-01-01 00:09:33,run/data/admin/debug.log,1991
257,0029394e4628be57e4fcaf7537ee4ab397b0cac106604dcd80cb33e386bd1e4b,1WZPCjFVjDt2AkwLnqG5BfyoxCWtkqFRU8YSSF,m1,4,admin m1 m2 m3,8,2000-01-01 00:09:35,run/data/admin/debug.log,2005
258,00790b1c1989cf54deceb75ba303aa4e6a6b5cc971d60b7abd7341462644ea96,1WZPCjFVjDt2AkwLnqG5BfyoxCWtkqFRU8YSSF,m1,4,admin m1 m2 m3,8,2000-01-01 00:09:39,run/data/admin/debug.log,2020
259,00a6ffe25545a721818ce595f520b6ea561296de9aae83d91e47bafb9d3b724e,1Qfy23H5N3KcwZ4CW25K68hY7T9BMNCYG9n3d8,m2,4,admin m1 m2 m3,11,2000-01-01 00:09:42,run/data/admin/debug.log,2034
259,00f80a4774acdb401ddf274b481c46e86e1dc5c6de19d6e35f0bee5909066fa6,1WZPCjFVjDt2AkwLnqG5BfyoxCWtkqFRU8YSSF,m1,4,admin m1 m2 m3,9,2000-01-01 00:09:42,run/data/admin/debug.log,2050
260,0096e3b382e2da14d2f4baf63cecbce389acb2d5d7c931c3a97c21ab000b72c2,1Qfy23H5N3KcwZ4CW25K68hY7T9BMNCYG9n3d8,m2,4,admin m1 m2 m3,11,2000-01-01 00:09:45,run/data/admin/debug.log,2066
260,00cd0a8fc9fb628b85f91d922512ca72fc689bbb0ad96485e7d9bd14231d8c4a,1WZPCjFVjDt2AkwLnqG5BfyoxCWtkqFRU8YSSF,m1,4,admin m1 m2 m3,9,2000-01-01 00:09:45,run/data/admin/debug.log,2077
261,0048882acc358b2599bfb60f16e9b4aeace8aad600027aa46d2efebb16acae53,1WZPCjFVjDt2AkwLnqG5BfyoxCWtkqFRU8YSSF,m1,4,admin m1 m2 m3,8,2000-01-01 00:09:47,run/data/admin/debug.log,2096
262,001a35a5ecbd9f02749344feff7f54c7908ee19ced4c2f4b9f190f9b9aa49bfd,1WZPCjFVjDt2AkwLnqG5BfyoxCWtkqFRU8YSSF,m1,4,admin m1 m2 m3,8,2000-01-01 00:09:50,run/data/admin/debug.log,2117
263,000724d08177e12db494e734cbd0b8c28206fac618b246d93709c09fa526b383,1WZPCjFVjDt2AkwLnqG5BfyoxCWtkqFRU8YSSF,m1,4,admin m1 m2 m3,8,2000-01-01 00:09:53,run/data/admin/debug.log,2131
264,00fc639ace7d221ac758371aa00ec9664778deb2780a076423b8431512563256,1WZPCjFVjDt2AkwLnqG5BfyoxCWtkqFRU8YSSF,m1,4,admin m1 m2 m3,8,2000-01-01 00:09:55,run/data/admin/debug.log,2145
265,00e8841f05421a3f37a6cd7f7d8824262353c8837c86a443377328d90ff8d450,1WZPCjFVjDt2AkwLnqG5BfyoxCWtkqFRU8YSSF,m1,4,admin m1 m2 m3,9,2000-01-01 00:09:57,run/data/admin/debug.log,2170
265,00e9adb71cab71b04cb6a0102ec51f2604a9fd1729ab676e83c0a3ec8afc381f,1Qfy23H5N3KcwZ4CW25K68hY7T9BMNCYG9n3d8,m2,4,admin m1 m2 m3,11,2000-01-01 00:09:57,run/data/admin/debug.log,2159
266,00a108f402a48d7a28e6333426faec20bb83219f123f132ebfae18149fadd2b7,1WZPCjFVjDt2AkwLnqG5BfyoxCWtkqFRU8YSSF,m1,4,admin m1 m2 m3,8,2000-01-01 00:10:00,run/data/admin/debug.log,2189
267,000309b258e75448c04e8de9ded625c4d1a16a2730d1d312478b149ba62659b5,1WZPCjFVjDt2AkwLnqG5BfyoxCWtkqFRU8YSSF,m1,4,admin m1 m2 m3,8,2000-01-01 00:10:02,run/data/admin/debug.log,2210
268,0099ad249b1e4d6b3f1515e6ae8cd037e04267388fee57647db8341e9048943e,1WZPCjFVjDt2AkwLnqG5BfyoxCWtkqFRU8YSSF,m1,4,admin m1 m2 m3,8,2000-01-01 00:10:04,run/data/admin/debug.log,2224
269,0078c093d8d9a8ffb21c12a170d748a4949db0b024f535e32aa8afbdaaddb7f5,1WZPCjFVjDt2AkwLnqG5BfyoxCWtkqFRU8YSSF,m1,4,admin m1 m2 m3,8,2000-01-01 00:10:07,run/data/admin/debug.log,2238
270,00633679510a1f5d68b9286b2a77f6f69988788529e729f320b9d1ed1b559a23,1WZPCjFVjDt2AkwLnqG5BfyoxCWtkqFRU8YSSF,m1,4,admin m1 m2 m3,8,2000-01-01 00:10:09,run/data/admin/debug.log,2253
271,00699f9f5bcfc633753c89379d549ef01086c796544b0eca64303a1c45f4a13a,1WZPCjFVjDt2AkwLnqG5BfyoxCWtkqFRU8YSSF,m1,4,admin m1 m2 m3,8,2000-01-01 00:10:12,run/data/admin/debug.log,2267
272,0097bf083b4d092ac4642567f5895d29eb9cd7553c5c83b94ff417bfdba55bc4,1WZPCjFVjDt2AkwLnqG5BfyoxCWtkqFRU8YSSF,m1,4,admin m1 m2 m3,8,2000-01-01 00:10:14,run/data/admin/debug.log,2282
273,008a6370fc6b43b0138abce4cc18a1846e9e2cc6047b3027ebeb5a6d7ef5dc3c,1WZPCjFVjDt2AkwLnqG5BfyoxCWtkqFRU8YSSF,m1,4,admin m1 m2 m3,8,2000-01-01 00:10:16,run/data/admin/debug.log,2296
274,0031f229c36ef739de483131b8be1ff0030d9d384cf9ed819788fc6fec8129a3,1WZPCjFVjDt2AkwLnqG5BfyoxCWtkqFRU8YSSF,m1,4,admin m1 m2 m3,8,2000-01-01 00:10:18,run/data/admin/debug.log,2310
275,003549320650eef7feee758c4ba44a2843cb282aebab6f2f8c7af2e629be36b5,1WZPCjFVjDt2AkwLnqG5BfyoxCWtkqFRU8YSSF,m1,4,admin m1 m2 m3,8,2000-01-01 00:10:20,run/data/admin/debug.log,2324
276,001d4a9109d80a1400e148b0fcc04dd4e454512c4390bc424cd6a573b502995d,1WZPCjFVjDt2AkwLnqG5BfyoxCWtkqFRU8YSSF,m1,4,admin m1 m2 m3,8,2000-01-01 00:10:24,run/data/admin/debug.log,2338
277,0032109e09da8b685ec747e56db7834305ea22ca94b95fb42faad1b692594828,1Qfy23H5N3KcwZ4CW25K68hY7T9BMNCYG9n3d8,m2,4,admin m1 m2 m3,11,2000-01-01 00:10:27,run/data/admin/debug.log,2352
277,005d1545d58ad2daa0f067ded6b905cde02ab65a6fd089b29c02bcbf2479680d,1WZPCjFVjDt2AkwLnqG5BfyoxCWtkqFRU8YSSF,m1,4,admin m1 m2 m3,9,2000-01-01 00:10:27,run/data/admin/debug.log,2366
278,0098be83478551ef5bc2440b57de13461f449ebbc4031d19f7066567fdf8567a,1WZPCjFVjDt2AkwLnqG5BfyoxCWtkqFRU8YSSF,m1,4,admin m1 m2 m3,8,2000-01-01 00:10:29,run/data/admin/debug.log,2382
279,00eea7fa1971157602585836b38aafd73cc60c6fc4872937bc41ad060555972b,1WZPCjFVjDt2AkwLnqG5BfyoxCWtkqFRU8YSSF,m1,4,admin m1 m2 m3,8,2000-01-01 00:10:32,run/data/admin/debug.log,2400
280,004bcf39c9d26e48f0e24b7ae2dd4ba3711fffc897ed82318ba6f86a78850190,1WZPCjFVjDt2AkwLnqG5BfyoxCWtkqFRU8YSSF,m1,4,admin m1 m2 m3,8,2000-01-01 00:10:35,run/data/admin/debug.log,2414
281,002cb6e8ba8e17afec2c07759aaa6186caebd0c0272edd53977e7a5f05b6982f,1WZPCjFVjDt2AkwLnqG5BfyoxCWtkqFRU8YSSF,m1,4,admin m1 m2 m3,8,2000-01-01 00:10:38,run/data/admin/debug.log,2428
282,00a4096eff041d19d5e1cd18c4f0fcd5a4b5a2da5ffeb75289245b1a98fb175e,1WZPCjFVjDt2AkwLnqG5BfyoxCWtkqFRU8YSSF,m1,4,admin m1 m2 m3,8,2000-01-01 00:10:41,run/data/admin/debug.log,2443
283,008a1efe6d6d1561f9ab751014059897af81a5b6fc4b01e779b33aa955799f5b,1WZPCjFVjDt2AkwLnqG5BfyoxCWtkqFRU8YSSF,m1,4,admin m1 m2 m3,8,2000-01-01 00:10:45,run/data/admin/debug.log,2458
284,004827b3094bc30e16781d66b1cf1852d26f8a9001cfefc3575f32200373caa2,1WZPCjFVjDt2AkwLnqG5BfyoxCWtkqFRU8YSSF,m1,4,admin m1 m2 m3,8,2000-01-01 00:10:47,run/data/admin/debug.log,2472
285,001ad3dac053337cbd2348671f32334a9e4ec95b3282b9a6222745751a16b30a,1WZPCjFVjDt2AkwLnqG5BfyoxCWtkqFRU8YSSF,m1,4,admin m1 m2 m3,8,2000-01-01 00:10:50,run/data/admin/debug.log,2486
286,006dca18a5843c0cad5c4e7131cdbf066cfa6dee640328b12e9d89f1e24353c1,1WZPCjFVjDt2AkwLnqG5BfyoxCWtkqFRU8YSSF,m1,4,admin m1 m2 m3,8,2000-01-01 00:10:52,run/data/admin/debug.log,2500
287,00168f84e5240988ac34f0e9344a640ff17f98f9d35a33aca8607a4173d123c6,1WZPCjFVjDt2AkwLnqG5BfyoxCWtkqFRU8YSSF,m1,4,admin m1 m2 m3,8,2000-01-01 00:10:55,run/data/admin/debug.log,2514
288,00db3d1e25989fb30629b37878a8412cb0ca5c9c02c83a2fa19685f7fd5d6ce8,1WZPCjFVjDt2AkwLnqG5BfyoxCWtkqFRU8YSSF,m1,4,admin m1 m2 m3,8,2000-01-01 00:10:56,run/data/admin/debug.log,2528
289,00b6e92671f4261ad388ef68a921800422ca3bdbb65b0614d0e6c35a116c22c8,1WZPCjFVjDt2AkwLnqG5BfyoxCWtkqFRU8YSSF,m1,4,admin m1 m2 m3,8,2000-01-01 00:10:59,run/data/admin/debug.log,2542
290,007bc97116b8cbecf073a0c20f2b90a684acf13cb764c3d76d866e6f3aceeab9,1WZPCjFVjDt2AkwLnqG5BfyoxCWtkqFRU8YSSF,m1,4,admin m1 m2 m3,8,2000-01-01 00:11:01,run/data/admin/debug.log,2556
291,0055b398832ae351d10ad74ca54056c86a31351c2075747f0ef5b7b7f2f718f2,1VTJbaQB66KoiL8iWQrPES7Ub7ZDzy3XFu8DwG,m3,4,admin m1 m2 m3,8,2000-01-01 00:11:04,run/data/admin/debug.log,2570
292,008c011a5508cde9e034ec083c20d3ddc101ad521b7fed28a57ec3bfb76ee95b,1VTJbaQB66KoiL8iWQrPES7Ub7ZDzy3XFu8DwG,m3,4,admin m1 m2 m3,8,2000-01-01 00:11:06,run/data/admin/debug.log,2584
293,001cd6b02d6659f1d3e541b717f9a6507aabbc3dad9f27cc998102bfcb958b78,1VTJbaQB66KoiL8iWQrPES7Ub7ZDzy3XFu8DwG,m3,4,admin m1 m2 m3,8,2000-01-01 00:11:10,run/data/admin/debug.log,2598
294,00fa0bb9ed9ca8be1fa0c4db6c85c9caa9c3cc00c408e76d514356eb193aea02,1VTJbaQB66KoiL8iWQrPES7Ub7ZDzy3XFu8DwG,m3,4,admin m1 m2 m3,8,2000-01-01 00:11:13,run/data/admin/debug.log,2615
295,005961cad59be57789b520322e8114ff336f86851bc673f916aa48ef5b301ac9,1WZPCjFVjDt2AkwLnqG5BfyoxCWtkqFRU8YSSF,m1,4,admin m1 m2 m3,8,2000-01-01 00:11:16,run/data/admin/debug.log,2629
296,00a449d3b5d2f89943bb5ebc1f469f553e7e9e8a98457abc4ff5c86bb489a165,1WZPCjFVjDt2AkwLnqG5BfyoxCWtkqFRU8YSSF,m1,4,admin m1 m2 m3,8,2000-01-01 00:11:18,run/data/admin/debug.log,2643
297,00b8dfbf9c51c81a9d5152cc92fb92e4a421ddcdeb046c5b738257f67dd7f81b,1WZPCjFVjDt2AkwLnqG5BfyoxCWtkqFRU8YSSF,m1,4,admin m1 m2 m3,8,2000-01-01 00:11:21,run/data/admin/debug.log,2657
298,008af1e9bfba7b377f99d543b0da1bf72486b401eb692ab1c2bafc7beab3658c,1WZPCjFVjDt2AkwLnqG5BfyoxCWtkqFRU8YSSF,m1,4,admin m1 m2 m3,8,2000-01-01 00:11:24,run/data/admin/debug.log,2671
299,0040cbea6fdbb4381df3446c0adf8bffe324a1f844bc7671d871cbbbb98f23d2,1WZPCjFVjDt2AkwLnqG5BfyoxCWtkqFRU8YSSF,m1,4,admin m1 m2 m3,8,2000-01-01 00:11:27,run/data/admin/debug.log,2685
300,00a8f495b4437e62964b77ed6cb0fa6b3cf2fdc35724ce88d4f0ac67b45e4ee1,1WZPCjFVjDt2AkwLnqG5BfyoxCWtkqFRU8YSSF,m1,4,admin m1 m2 m3,8,2000-01-01 00:11:30,run/data/admin/debug.log,2699
301,00f817f436a11abd6260de00f41e35c7ef4b6873ded5dc5d955e98273e1bb6de,1WZPCjFVjDt2AkwLnqG5BfyoxCWtkqFRU8YSSF,m1,4,admin m1 m2 m3,8,2000-01-01 00:11:32,run/data/admin/debug.log,2713
302,00993895c7b9119d62e9d1654ca6f35f0b20c6de1ad3290ae5c2fbb519a527f1,1WZPCjFVjDt2AkwLnqG5BfyoxCWtkqFRU8YSSF,m1,4,admin m1 m2 m3,8,2000-01-01 00:11:35,run/data/admin/debug.log,2727
303,002f868a3e34c1d5e1a2ef39d113ec897381c10e9429fc38d3d5e44f2d2ce495,1WZPCjFVjDt2AkwLnqG5BfyoxCWtkqFRU8YSSF,m1,4,admin m1 m2 m3,8,2000-01-01 00:11:37,run/data/admin/debug.log,2741
304,001515eb5834ecb9594b71f5903c7886318ce7bec11ad54c77b3ea0dd012e209,1WZPCjFVjDt2AkwLnqG5BfyoxCWtkqFRU8YSSF,m1,4,admin m1 m2 m3,8,2000-01-01 00:11:39,run/data/admin/debug.log,2755
305,006e625f899fd5da8125b780de82987f1ebfe1f863c58f64ac61eeb278f9e9c5,1WZPCjFVjDt2AkwLnqG5BfyoxCWtkqFRU8YSSF,m1,4,admin m1 m2 m3,8,2000-01-01 00:11:41,run/data/admin/debug.log,2769
306,005b997153d90345d1a2b7d378919508d8a6c9deeb798474fa5a0db1a350a374,1WZPCjFVjDt2AkwLnqG5BfyoxCWtkqFRU8YSSF,m1,4,admin m1 m2 m3,8,2000-01-01 00:11:43,run/data/admin/debug.log,2785
307,004b9c4c2e1e0de624f19c3d5a3927b9c89903e538a4515f6e91334bf238b590,1WZPCjFVjDt2AkwLnqG5BfyoxCWtkqFRU8YSSF,m1,4,admin m1 m2 m3,8,2000-01-01 00:11:45,run/data/admin/debug.log,2799
308,000f60c6010c4f786b619a8061d670ee9802338165d21396ca10dee7ee4ca576,1WZPCjFVjDt2AkwLnqG5BfyoxCWtkqFRU8YSSF,m1,4,admin m1 m2 m3,14,2000-01-01 00:11:49,run/data/admin/debug.log,2813
308,003596d66666ca4db87260a57ee77c5c43f188df1355f930661e75ef2baeac90,1VTJbaQB66KoiL8iWQrPES7Ub7ZDzy3XFu8DwG,m3,4,admin m1 m2 m3,12,2000-01-01 00:11:49,run/data/admin/debug.log,2824
308,005bfb730484bd602850bf0a5abb7a77e4b453d8263b9568450851abfa7f1935,1Qfy23H5N3KcwZ4CW25K68hY7T9BMNCYG9n3d8,m2,4,admin m1 m2 m3,10,2000-01-01 00:11:49,run/data/admin/debug.log,2840
309,0000c09110c62b409b3bf2492731199d06d0423ce84cf172f6d401c4b5abd65b,1WZPCjFVjDt2AkwLnqG5BfyoxCWtkqFRU8YSSF,m1,4,admin m1 m2 m3,8,2000-01-01 00:11:51,run/data/admin/debug.log,2864
310,003fb06c3cee76167cb515a6f138e34801e8120de4f9b0f5c0c0bf2b40e868df,1WZPCjFVjDt2AkwLnqG5BfyoxCWtkqFRU8YSSF,m1,4,admin m1 m2 m3,8,2000-01-01 00:11:53,run/data/admin/debug.log,2878
311,0007d76a618e1533f720e69f503fb4be26862ea6ace05c7eb7a78b5a4c018d88,1WZPCjFVjDt2AkwLnqG5BfyoxCWtkqFRU8YSSF,m1,4,admin m1 m2 m3,8,2000-01-01 00:11:55,run/data/admin/debug.log,2892
312,000011536b623cd712bbfa55341b7f70da0bafd043d21074771b843a0da4d0c3,1WZPCjFVjDt2AkwLnqG5BfyoxCWtkqFRU8YSSF,m1,4,admin m1 m2 m3,8,2000-01-01 00:11:58,run/data/admin/debug.log,2906
313,000c5dea04b852a34425399f2a0ea2ff8532e3abae82e264a16e6d0d43e941df,1WZPCjFVjDt2AkwLnqG5BfyoxCWtkqFRU8YSSF,m1,4,admin m1 m2 m3,8,2000-01-01 00:12:00,run/data/admin/debug.log,2923
314,00957ce0bed6dc6f22f723b47c75a20656970ea5fa438900386db5070da0da07,1WZPCjFVjDt2AkwLnqG5BfyoxCWtkqFRU8YSSF,m1,4,admin m1 m2 m3,8,2000-01-01 00:12:02,run/data/admin/debug.log,2937
315,001aadb52d219fe849cf08ee9aa644305eb450c1d239526d972730bb800f72bf,1VTJbaQB66KoiL8iWQrPES7Ub7ZDzy3XFu8DwG,m3,4,admin m1 m2 m3,9,2000-01-01 00:12:06,run/data/admin/debug.log,2962
315,0047b580c64667b35ca57ec665fd32e875e100e36f9bb0360cd6d11061f64a74,1WZPCjFVjDt2AkwLnqG5BfyoxCWtkqFRU8YSSF,m1,4,admin m1 m2 m3,11,2000-01-01 00:12:05,run/data/admin/debug.log,2951
316,00b44e29f588fe4e903c0f455e41037c9b86ca2c410899ed59249fa524e82a87,1WZPCjFVjDt2AkwLnqG5BfyoxCWtkqFRU8YSSF,m1,4,admin m1 m2 m3,8,2000-01-01 00:12:08,run/data/admin/debug.log,2981
317,006d0898a207e9be129a69b793500b97ff8e0e0f44d41b0736e0aa9f07a0d777,1WZPCjFVjDt2AkwLnqG5BfyoxCWtkqFRU8YSSF,m1,4,admin m1 m2 m3,8,2000-01-01 00:12:11,run/data/admin/debug.log,2995
318,00390a899bad98c71abcd20f8b2b280725e7318c9b0e953dfee517045e98d7b8,1Qfy23H5N3KcwZ4CW25K68hY7T9BMNCYG9n3d8,m2,4,admin m1 m2 m3,8,2000-01-01 00:12:13,run/data/admin/debug.log,3012
319,009cf7bf1fb5d46b5176540dba629665bbe865018a9bab1b334630a4b8d6e431,1Qfy23H5N3KcwZ4CW25K68hY7T9BMNCYG9n3d8,m2,4,admin m1 m2 m3,8,2000-01-01 00:12:17,run/data/admin/debug.log,3027
320,000d73fef7e8b0a384aef6f8c60456b5fd786e17b0e02375f782aa086c1afbd2,1Qfy23H5N3KcwZ4CW25K68hY7T9BMNCYG9n3d8,m2,4,admin m1 m2 m3,8,2000-01-01 00:12:20,run/data/admin/debug.log,3041
321,00de42054d64169a5a113ae651be3b6fe9317bb4576f3a91163f6f5e161fcfd7,1WZPCjFVjDt2AkwLnqG5BfyoxCWtkqFRU8YSSF,m1,4,admin m1 m2 m3,8,2000-01-01 00:12:22,run/data/admin/debug.log,3055
322,001ad506a8bbb2831f4c17b99cf4bb84b67fc6873a312c07db8749b472d608a4,1WZPCjFVjDt2AkwLnqG5BfyoxCWtkqFRU8YSSF,m1,4,admin m1 m2 m3,8,2000-01-01 00:12:25,run/data/admin/debug.log,3069
323,00438b802f724061655b0a6c2b0b8b5ba7aa3e9d3470d53e3717e5bd04d7961b,1WZPCjFVjDt2AkwLnqG5BfyoxCWtkqFRU8YSSF,m1,4,admin m1 m2 m3,8,2000-01-01 00:12:27,run/data/admin/debug.log,3083
324,00293755865bfe804ef10019759b00bb53667104e109708bb298980c8eb978f9,1WZPCjFVjDt2AkwLnqG5BfyoxCWtkqFRU8YSSF,m1,4,admin m1 m2 m3,8,2000-01-01 00:12:31,run/data/admin/debug.log,3097
325,0020ddaa05663b9676ed02d70a9a3c2926e3605157cc39a548d285838d20edcd,1WZPCjFVjDt2AkwLnqG5BfyoxCWtkqFRU8YSSF,m1,4,admin m1 m2 m3,8,2000-01-01 00:12:34,run/data/admin/debug.log,3111
326,002387e29c6a2c46eed29dfd170c98553adaf2cf83f4e845528bc8a18cd5dc5c,1WZPCjFVjDt2AkwLnqG5BfyoxCWtkqFRU8YSSF,m1,4,admin m1 m2 m3,8,2000-01-01 00:12:37,run/data/admin/debug.log,3125
327,005bc25d01c5b1f649fb87da3b776d84764635ec155070cbf44cba42726948b5,1WZPCjFVjDt2AkwLnqG5BfyoxCWtkqFRU8YSSF,m1,4,admin m1 m2 m3,8,2000-01-01 00:12:39,run/data/admin/debug.log,3139
328,00294c54f326bcfd05a53b09886c9099d5afc80521b1925963e511e94e12ffff,1WZPCjFVjDt2AkwLnqG5BfyoxCWtkqFRU8YSSF,m1,4,admin m1 m2 m3,8,2000-01-01 00:12:40,run/data/admin/debug.log,3153
329,005f54a81c412d1f47176883b300b7d4320bab024ab03320808bb17b31a25144,1WZPCjFVjDt2AkwLnqG5BfyoxCWtkqFRU8YSSF,m1,4,admin m1 m2 m3,11,2000-01-01 00:12:43,run/data/admin/debug.log,3167
329,00c7ed8886032044f1f6ddc46e831f36d6f4ec6ccace4bf34d50129c5bbc6904,1Qfy23H5N3KcwZ4CW25K68hY7T9BMNCYG9n3d8,m2,4,admin m1 m2 m3,9,2000-01-01 00:12:43,run/data/admin/debug.log,3178
330,0048dfac0d134b8e217dbf1e0ce10c5d7e944efb42309a11c8c66147c1770765,1WZPCjFVjDt2AkwLnqG5BfyoxCWtkqFRU8YSSF,m1,4,admin m1 m2 m3,11,2000-01-01 00:12:46,run/data/admin/debug.log,3199
330,00aa0c8eac8a6bbbe309eb1120f34f713886685e9a9f47901a8d1262baa7e5c3,1Qfy23H5N3KcwZ4CW25K68hY7T9BMNCYG9n3d8,m2,4,admin m1 m2 m3,9,2000-01-01 00:12:46,run/data/admin/debug.log,3210
331,0032853880a4c829648d702707d0873573702ad27bebf24a1ca56c031214b3b9,1Qfy23H5N3KcwZ4CW25K68hY7T9BMNCYG9n3d8,m2,4,admin m1 m2 m3,9,2000-01-01 00:12:48,run/data/admin/debug.log,3240
331,00589362a7efbbaa48c5d79e59a5e010af88d13da86ca7ffabcc422786d3382b,1WZPCjFVjDt2AkwLnqG5BfyoxCWtkqFRU8YSSF,m1,4,admin m1 m2 m3,11,2000-01-01 00:12:48,run/data/admin/debug.log,3229
332,007ef9c7f6f6538088b435174fbaf77f5999e4e403884d8a967e7689af6925fe,1Qfy23H5N3KcwZ4CW25K68hY7T9BMNCYG9n3d8,m2,4,admin m1 m2 m3,8,2000-01-01 00:12:50,run/data/admin/debug.log,3259
333,00a7b6763808316b824fedb8b69890922ed0ea4b329acf87002eb86fb5caefea,1Qfy23H5N3KcwZ4CW25K68hY7T9BMNCYG9n3d8,m2,4,admin m1 m2 m3,9,2000-01-01 00:12:53,run/data/admin/debug.log,3294
333,00b8ae9c800d939017579ff647572007fe030b741f82ed11358eb3d2d4019af3,1WZPCjFVjDt2AkwLnqG5BfyoxCWtkqFRU8YSSF,m1,4,admin m1 m2 m3,11,2000-01-01 00:12:53,run/data/admin/debug.log,3283
334,005d7c74d4e23e60585020d069dcddf6973b6671c33d59efb93226bc03b9be0c,1WZPCjFVjDt2AkwLnqG5BfyoxCWtkqFRU8YSSF,m1,4,admin m1 m2 m3,11,2000-01-01 00:12:54,run/data/admin/debug.log,3313
334,00d26b71887a111d17e0a20f0bea7da84894d78e7adc20208bfaf30e32a71517,1Qfy23H5N3KcwZ4CW25K68hY7T9BMNCYG9n3d8,m2,4,admin m1 m2 m3,9,2000-01-01 00:12:54,run/data/admin/debug.log,3324
335,0032c0145f58f7bfcf3bbdb988263dd77052cb467a9f8c698dd84fd5dfce60e1,1Qfy23H5N3KcwZ4CW25K68hY7T9BMNCYG9n3d8,m2,4,admin m1 m2 m3,8,2000-01-01 00:12:56,run/data/admin/debug.log,3343
336,00886574507391b09c53f0735b1fe3deb231f5874f34b13348c3afe9bd1fff6d,1Qfy23H5N3KcwZ4CW25K68hY7T9BMNCYG9n3d8,m2,4,admin m1 m2 m3,8,2000-01-01 00:12:58,run/data/admin/debug.log,3364
337,000f05df922207431b181e7e39d1fee1c9eff9cdadc98caed48992371de0b90e,1Qfy23H5N3KcwZ4CW25K68hY7T9BMNCYG9n3d8,m2,4,admin m1 m2 m3,10,2000-01-01 00:13:02,run/data/admin/debug.log,3389
337,00a82f0f935e7b06e338dcf7ac575b04b9d6d7ace0df743bc284d4b9306ad744,1VTJbaQB66KoiL8iWQrPES7Ub7ZDzy3XFu8DwG,m3,4,admin m1 m2 m3,10,2000-01-01 00:13:02,run/data/admin/debug.log,3378
338,008e7768066d47b1c8b2322ed1aea4cdbd5098f1bc9cce8a6b99b4662644dc62,1VTJbaQB66KoiL8iWQrPES7Ub7ZDzy3XFu8DwG,m3,4,admin m1 m2 m3,8,2000-01-01 00:13:04,run/data/admin/debug.log,3408
339,004ec1fcc1be5c9a8c2a8ec0937919c90f2218ee9d28dfe49b6da91629b53286,1VTJbaQB66KoiL8iWQrPES7Ub7ZDzy3XFu8DwG,m3,4,admin m1 m2 m3,9,2000-01-01 00:13:07,run/data/admin/debug.log,3433
339,00dfb8f596cd4b794117ea46f648c53740567814851fd128f6d83df43c52feb5,1WZPCjFVjDt2AkwLnqG5BfyoxCWtkqFRU8YSSF,m1,4,admin m1 m2 m3,11,2000-01-01 00:13:07,run/data/admin/debug.log,3422
340,003246994da7a0cd5c5dd0b170c37d8b9a49dfdb6d1d007239f6c682bcdb4e23,1WZPCjFVjDt2AkwLnqG5BfyoxCWtkqFRU8YSSF,m1,4,admin m1 m2 m3,11,2000-01-01 00:13:10,run/data/admin/debug.log,3452
340,0032e7040a9ba553495dc60cdb14a6f1cf1b2b2d813be929e0b49bde8d759969,1VTJbaQB66KoiL8iWQrPES7Ub7ZDzy3XFu8DwG,m3,4,admin m1 m2 m3,9,2000-01-01 00:13:11,run/data/admin/debug.log,3463
341,0007f70bec10dec9bb39e69875f704294711b5cdd179054b55498e2da1e9bd0f,1VTJbaQB66KoiL8iWQrPES7Ub7ZDzy3XFu8DwG,m3,4,admin m1 m2 m3,12,2000-01-01 00:13:14,run/data/admin/debug.log,3494
341,003220905c8dbeb296b941b2b5fac8647a3130f51eb1af746df57be11901a4a7,1WZPCjFVjDt2AkwLnqG5BfyoxCWtkqFRU8YSSF,m1,4,admin m1 m2 m3,14,2000-01-01 00:13:14,run/data/admin/debug.log,3482
341,0046b17639d01e18a233415ef30b79e06929cec81bc5d9ab0e1dcba2ae77b2d0,1Qfy23H5N3KcwZ4CW25K68hY7T9BMNCYG9n3d8,m2,4,admin m1 m2 m3,10,2000-01-01 00:13:14,run/data/admin/debug.log,3510
342,0041f370a03be77bc5465017b4d9eeb9f41433cfbf791d96a0180758492bea23,1WZPCjFVjDt2AkwLnqG5BfyoxCWtkqFRU8YSSF,m1,4,admin m1 m2 m3,11,2000-01-01 00:13:16,run/data/admin/debug.log,3535
342,00e4edf7635f58054eea3ba378af00180b79021fa5ac2e9b459fbe21d8d4a303,1VTJbaQB66KoiL8iWQrPES7Ub7ZDzy3XFu8DwG,m3,4,admin m1 m2 m3,9,2000-01-01 00:13:16,run/data/admin/debug.log,3546
343,007f0b30ef40bebfd95285c57e97d33fbb8168aa79c56ecbb42df76edeabf994,1VTJbaQB66KoiL8iWQrPES7Ub7ZDzy3XFu8DwG,m3,4,admin m1 m2 m3,9,2000-01-01 00:13:20,run/data/admin/debug.log,3576
343,00966ed329bdfa1aed11437f4af3b49ddfa4e4af98380a464f76afecd6f3233a,1WZPCjFVjDt2AkwLnqG5BfyoxCWtkqFRU8YSSF,m1,4,admin m1 m2 m3,11,2000-01-01 00:13:19,run/data/admin/debug.log,3565
344,00481afeaa36543f19f18d25965678b16665e857f450cfb4cbce3f0284197385,1WZPCjFVjDt2AkwLnqG5BfyoxCWtkqFRU8YSSF,m1,4,admin m1 m2 m3,8,2000-01-01 00:13:21,run/data/admin/debug.log,3595
345,001feca2798597c074c21d8fb7fd889cda3cceb5ff1fbd9c46951bf5664d5257,1Qfy23H5N3KcwZ4CW25K68hY7T9BMNCYG9n3d8,m2,4,admin m1 m2 m3,8,2000-01-01 00:13:24,run/data/admin/debug.log,3609
346,00217928396f2e74963b1038fac8fc04166748f83a91814d74d702c77e135575,1Qfy23H5N3KcwZ4CW25K68hY7T9BMNCYG9n3d8,m2,4,admin m1 m2 m3,8,2000-01-01 00:13:26,run/data/admin/debug.log,3623
347,000c023b1118598f77139854db0ea545f6771f6f4253577ee784c84ddc76c31c,1WZPCjFVjDt2AkwLnqG5BfyoxCWtkqFRU8YSSF,m1,4,admin m1 m2 m3,11,2000-01-01 00:13:29,run/data/admin/debug.log,3637
347,00969233b9f835b8b9aa8409c63f269752d5c05d3d9390c50ea45a234d9170d8,1Qfy23H5N3KcwZ4CW25K68hY7T9BMNCYG9n3d8,m2,4,admin m1 m2 m3,9,2000-01-01 00:13:29,run/data/admin/debug.log,3648
348,00844c9bc328d7047216949b42929295902330413637242b567f2895d6b8789c,1WZPCjFVjDt2AkwLnqG5BfyoxCWtkqFRU8YSSF,m1,4,admin m1 m2 m3,14,2000-01-01 00:13:32,run/data/admin/debug.log,3667
348,00a7c51a547f397822d9762afb456211ae5a31637af5e73cc97dbd71d667b905,1Qfy23H5N3KcwZ4CW25K68hY7T9BMNCYG9n3d8,m2,4,admin m1 m2 m3,10,2000-01-01 00:13:33,run/data/admin/debug.log,3694
348,00e6026e50b46baddac5bcae8c0524810c91d44cd6f6ec2d1a62b2e80cf3a629,1VTJbaQB66KoiL8iWQrPES7Ub7ZDzy3XFu8DwG,m3,4,admin m1 m2 m3,12,2000-01-01 00:13:33,run/data/admin/debug.log,3678
349,00f17c2925f6e5d783b2ea17d0118f1494d0554a37420f6edb32afda2e20031e,1WZPCjFVjDt2AkwLnqG5BfyoxCWtkqFRU8YSSF,m1,4,admin m1 m2 m3,8,2000-01-01 00:13:35,run/data/admin/debug.log,3718
350,0052ab2a44baca90cc272871a1741d488e702275d96605cbace57a2f7cc9157e,1Qfy23H5N3KcwZ4CW25K68hY7T9BMNCYG9n3d8,m2,4,admin m1 m2 m3,9,2000-01-01 00:13:38,run/data/admin/debug.log,3743
350,005e282e534a0eda58ba5cae292ffa959f3eb441d0b3794fc6ca0c505f92de7c,1WZPCjFVjDt2AkwLnqG5BfyoxCWtkqFRU8YSSF,m1,4,admin m1 m2 m3,11,2000-01-01 00:13:38,run/data/admin/debug.log,3732
351,00d257b992f5e5c864ef0458b54619d2d841826af81fd83c5d9b967dfc8485e0,1WZPCjFVjDt2AkwLnqG5BfyoxCWtkqFRU8YSSF,m1,4,admin m1 m2 m3,8,2000-01-01 00:13:40,run/data/admin/debug.log,3762
352,00e30b37266254daf0de8edebca9c8deaa2e21410c0725e2f17a21455694feee,1WZPCjFVjDt2AkwLnqG5BfyoxCWtkqFRU8YSSF,m1,4,admin m1 m2 m3,8,2000-01-01 00:13:42,run/data/admin/debug.log,3776
353,0004e7b565ec9a326f50d67c8fd07d334d3f3d032bf571ba4412d584e91d8a5d,1WZPCjFVjDt2AkwLnqG5BfyoxCWtkqFRU8YSSF,m1,4,admin m1 m2 m3,8,2000-01-01 00:13:45,run/data/admin/debug.log,3792
354,009b3c5c1f68337a49d64517b9046f8e93211bd59e1249011de6a8ba6e1bfb95,1WZPCjFVjDt2AkwLnqG5BfyoxCWtkqFRU8YSSF,m1,4,admin m1 m2 m3,8,2000-01-01 00:13:47,run/data/admin/debug.log,3807
355,00b6aceaf8d7fcbb464cf3887aff90d65ecee00568aade34464c95756ab8a713,1WZPCjFVjDt2AkwLnqG5BfyoxCWtkqFRU8YSSF,m1,4,admin m1 m2 m3,8,2000-01-01 00:13:49,run/data/admin/debug.log,3821
356,003a9da4e6ca1935ad1c58ebc44dbef6b973c69b01b65b3565aa49e261d174c2,1WZPCjFVjDt2AkwLnqG5BfyoxCWtkqFRU8YSSF,m1,4,admin m1 m2 m3,8,2000-01-01 00:13:50,run/data/admin/debug.log,3835
357,009a3f94dcd820393d0aec87d3495a3072fd9a0818186084a998a5a616238001,1WZPCjFVjDt2AkwLnqG5BfyoxCWtkqFRU8YSSF,m1,4,admin m1 m2 m3,8,2000-01-01 00:13:52,run/data/admin/debug.log,3849
358,00f72e4d66bc6e25579be65109da4149d59a4ba386c67d15d5e23819bd9cb0b2,1WZPCjFVjDt2AkwLnqG5BfyoxCWtkqFRU8YSSF,m1,4,admin m1 m2 m3,8,2000-01-01 00:13:54,run/data/admin/debug.log,3863
359,002f48badcd2e465415dc45602f3814bd71096389446b75dcc80fd4a0df8b820,1WZPCjFVjDt2AkwLnqG5BfyoxCWtkqFRU8YSSF,m1,4,admin m1 m2 m3,8,2000-01-01 00:13:57,run/data/admin/debug.log,3877
360,004a5e5bb675d39e2bf9091a73847582f939acb46aea810853fb21eede726608,1Qfy23H5N3KcwZ4CW25K68hY7T9BMNCYG9n3d8,m2,4,admin m1 m2 m3,8,2000-01-01 00:13:59,run/data/admin/debug.log,3891
361,00969fe578178b488828b347709f62f6bacb41b60fe27c4a57ee60a42f88fa10,1Qfy23H5N3KcwZ4CW25K68hY7T9BMNCYG9n3d8,m2,4,admin m1 m2 m3,8,2000-01-01 00:14:02,run/data/admin/debug.log,3908
362,00e4d201750f3287c19d9a98a5a6ab790db8acdf783ce56ce0d6884903483213,1Qfy23H5N3KcwZ4CW25K68hY7T9BMNCYG9n3d8,m2,4,admin m1 m2 m3,8,2000-01-01 00:14:05,run/data/admin/debug.log,3922
363,0051c3791b98659d1eff066f5fb2e7c44128711cd7e0b203affed91058c20098,1Qfy23H5N3KcwZ4CW25K68hY7T9BMNCYG9n3d8,m2,4,admin m1 m2 m3,9,2000-01-01 00:14:08,run/data/admin/debug.log,3947
363,00e64328c4aee6785bc3dfb09c9281fd16f8809ba9cbd3d06613ff0391ec98ef,1WZPCjFVjDt2AkwLnqG5BfyoxCWtkqFRU8YSSF,m1,4,admin m1 m2 m3,11,2000-01-01 00:14:08,run/data/admin/debug.log,3936
364,005a16cb77aa3a940c6da84f8edf204c71bbd6d13223ce1ada9579aa3406e1f0,1Qfy23H5N3KcwZ4CW25K68hY7T9BMNCYG9n3d8,m2,4,admin m1 m2 m3,9,2000-01-01 00:14:11,run/data/admin/debug.log,3977
364,0082bb55b10f50984dc28afb502bd7a963564fea60c2370aaecd29d377c0515c,1WZPCjFVjDt2AkwLnqG5BfyoxCWtkqFRU8YSSF,m1,4,admin m1 m2 m3,11,2000-01-01 00:14:11,run/data/admin/debug.log,3966
365,007a4b56f459d26247a2b2973cd543526a02a6823aaf72b0ba4e6a1c1af20a72,1WZPCjFVjDt2AkwLnqG5BfyoxCWtkqFRU8YSSF,m1,4,admin m1 m2 m3,8,2000-01-01 00:14:13,run/data/admin/debug.log,3996
366,00034ade26c706d59f408134a3f199c587c945df59a91dda89539e782902e67c,1WZPCjFVjDt2AkwLnqG5BfyoxCWtkqFRU8YSSF,m1,4,admin m1 m2 m3,8,2000-01-01 00:14:15,run/data/admin/debug.log,4011
367,0084530dd10be7f250329cc9a8426d47559179fcf7a86d5b5eb733ddcfc5fa84,1WZPCjFVjDt2AkwLnqG5BfyoxCWtkqFRU8YSSF,m1,4,admin m1 m2 m3,8,2000-01-01 00:14:18,run/data/admin/debug.log,4026
368,000661e2a2d92734484b1e49411409f89966513c365abd2aabdc54bc42c9077e,1WZPCjFVjDt2AkwLnqG5BfyoxCWtkqFRU8YSSF,m1,4,admin m1 m2 m3,11,2000-01-01 00:14:21,run/data/admin/debug.log,4040
368,00c17c50321504c5e57ba6abd86ec816e70d75f4b4210e5b1ddea3ed25f81dca,1Qfy23H5N3KcwZ4CW25K68hY7T9BMNCYG9n3d8,m2,4,admin m1 m2 m3,9,2000-01-01 00:14:21,run/data/admin/debug.log,4051
369,00351c38b8e3e0637ce39260ab6853e0ffba6141f98368842dee58890ce02e62,1Qfy23H5N3KcwZ4CW25K68hY7T9BMNCYG9n3d8,m2,4,admin m1 m2 m3,9,2000-01-01 00:14:24,run/data/admin/debug.log,4081
369,00b73eefd8721a436c9fd5a15e53db33c3219e1b7d9172cf56caa72f6aefc6e2,1WZPCjFVjDt2AkwLnqG5BfyoxCWtkqFRU8YSSF,m1,4,admin m1 m2 m3,11,2000-01-01 00:14:24,run/data/admin/debug.log,4070
370,00bed5b451b511d141868be8bc308a14628963715a686aca716d22a8f2e265f8,1WZPCjFVjDt2AkwLnqG5BfyoxCWtkqFRU8YSSF,m1,4,admin m1 m2 m3,11,2000-01-01 00:14:28,run/data/admin/debug.log,4100
370,00eff9e3d70e5f86e16f47cb14efd1d7b280b86d3dbc65d9ad898c517a47941f,1Qfy23H5N3KcwZ4CW25K68hY7T9BMNCYG9n3d8,m2,4,admin m1 m2 m3,9,2000-01-01 00:14:28,run/data/admin/debug.log,4111
371,00ad9bce46c4e94d64a3d818df6e4c9042980ed2fb507cdb83c11a9165fb67af,1Qfy23H5N3KcwZ4CW25K68hY7T9BMNCYG9n3d8,m2,4,admin m1 m2 m3,8,2000-01-01 00:14:30,run/data/admin/debug.log,4130
372,00e3e7bdfb5cd7847afb25a81100bec74de9e8b9702e2ace57c7dd22bd5c1ab9,1Qfy23H5N3KcwZ4CW25K68hY7T9BMNCYG9n3d8,m2,4,admin m1 m2 m3,8,2000-01-01 00:14:31,run/data/admin/debug.log,4154
373,0089d8e32ae77f4a1d3fcd5aef6d8d48d07f133a81437ad763979560bb326246,1Qfy23H5N3KcwZ4CW25K68hY7T9BMNCYG9n3d8,m2,4,admin m1 m2 m3,9,2000-01-01 00:14:34,run/data/admin/debug.log,4179
373,00b1c72a7925eadcba65d2e0055e9f2d0c9ead110d347789da3a530c072a52f9,1WZPCjFVjDt2AkwLnqG5BfyoxCWtkqFRU8YSSF,m1,4,admin m1 m2 m3,11,2000-01-01 00:14:34,run/data/admin/debug.log,4168
374,0066ddb36b79fe642219e186eb9fd883129807d70f43d110b2abbc7db644918e,1WZPCjFVjDt2AkwLnqG5BfyoxCWtkqFRU8YSSF,m1,4,admin m1 m2 m3,8,2000-01-01 00:14:36,run/data/admin/debug.log,4198
375,0013d563bcd52c34fbe63694cb220b695ece547136d9d92a9a4bcef2a64d5ce3,1Qfy23H5N3KcwZ4CW25K68hY7T9BMNCYG9n3d8,m2,4,admin m1 m2 m3,9,2000-01-01 00:14:40,run/data/admin/debug.log,4223
375,001fa6b147a80dba7af65f9b7661261b6304b403c1f360fd1627dcbdf38e5ba2,1WZPCjFVjDt2AkwLnqG5BfyoxCWtkqFRU8YSSF,m1,4,admin m1 m2 m3,11,2000-01-01 00:14:40,run/data/admin/debug.log,4212
376,00a5a3916a16f1d616085c46b5e6a75fe02a21b15559054247ed0baa28ab7a08,1Qfy23H5N3KcwZ4CW25K68hY7T9BMNCYG9n3d8,m2,4,admin m1 m2 m3,8,2000-01-01 00:14:42,run/data/admin/debug.log,4242
377,00feb3792aad6f18011e82bb3010b359254a7762397c18e70a080d057b9cd139,1Qfy23H5N3KcwZ4CW25K68hY7T9BMNCYG9n3d8,m2,4,admin m1 m2 m3,8,2000-01-01 00:14:44,run/data/admin/debug.log,4260
378,000c280e17262dc0581069a799443d91352966235c194126f64966d9cad3d9e7,1Qfy23H5N3KcwZ4CW25K68hY7T9BMNCYG9n3d8,m2,4,admin m1 m2 m3,9,2000-01-01 00:14:48,run/data/admin/debug.log,4288
378,00237ebef7fb125af2248c07603ceff41279cd39deb99151dac4bf407446fa10,1VTJbaQB66KoiL8iWQrPES7Ub7ZDzy3XFu8DwG,m3,4,admin m1 m2 m3,11,2000-01-01 00:14:48,run/data/admin/debug.log,4277
379,0016420e0c41abfc99dd126bf583213f16ff6cde2c2b1c9051614fd02cddf114,1WZPCjFVjDt2AkwLnqG5BfyoxCWtkqFRU8YSSF,m1,4,admin m1 m2 m3,13,2000-01-01 00:14:51,run/data/admin/debug.log,4307
379,00ca9c1cbe13e9bbfcc4f0f067dc84c05e9c51151fb6ab04711b06a94374008d,1Qfy23H5N3KcwZ4CW25K68hY7T9BMNCYG9n3d8,m2,4,admin m1 m2 m3,10,2000-01-01 00:14:51,run/data/admin/debug.log,4334
379,00f74994abf6df8588735917450a81adb81c61fa8dd8166c684ec0bfc4b4560a,1VTJbaQB66KoiL8iWQrPES7Ub7ZDzy3XFu8DwG,m3,4,admin m1 m2 m3,13,2000-01-01 00:14:51,run/data/admin/debug.log,4318
380,006558b378483e7cb7c6b002b8afcba9b564f5e9ae30041664ed8f2294bbc6e7,1Qfy23H5N3KcwZ4CW25K68hY7T9BMNCYG9n3d8,m2,4,admin m1 m2 m3,10,2000-01-01 00:14:53,run/data/admin/debug.log,4369
380,00fcee725a72574a14950a2ab76ced51b64f38a65af5eef931f4cdb93989f6ab,1WZPCjFVjDt2AkwLnqG5BfyoxCWtkqFRU8YSSF,m1,4,admin m1 m2 m3,10,2000-01-01 00:14:53,run/data/admin/debug.log,4358
381,008a0ef5978ef86910b3949be3d77f1e57da87ced3fc0bd118e0557412750fe4,1WZPCjFVjDt2AkwLnqG5BfyoxCWtkqFRU8YSSF,m1,4,admin m1 m2 m3,8,2000-01-01 00:14:55,run/data/admin/debug.log,4388
382,007a288f71b90ec99a10330ace17fee5c19a9eb4e33d258aebb3342ad943ad19,1WZPCjFVjDt2AkwLnqG5BfyoxCWtkqFRU8YSSF,m1,4,admin m1 m2 m3,8,2000-01-01 00:14:57,run/data/admin/debug.log,4402
383,002d08ba805308fa8735b515bb3543e0363a1bf304acb276ff280c61f1dce45a,1WZPCjFVjDt2AkwLnqG5BfyoxCWtkqFRU8YSSF,m1,4,admin m1 m2 m3,8,2000-01-01 00:15:01,run/data/admin/debug.log,4416
384,0071cf1140a198ba5c49ef77e68002bcf575278ceb3a59c5eca8b93e5397a283,1Qfy23H5N3KcwZ4CW25K68hY7T9BMNCYG9n3d8,m2,4,admin m1 m2 m3,9,2000-01-01 00:15:04,run/data/admin/debug.log,4441
384,00c3bc6d5c1e81a1d3fd14716bb6dfc7c6868ddc0e943c6509e1070ca8a068c6,1WZPCjFVjDt2AkwLnqG5BfyoxCWtkqFRU8YSSF,m1,4,admin m1 m2 m3,11,2000-01-01 00:15:04,run/data/admin/debug.log,4430
385,00b281127da09d969b7fde575157d9c3fe37bfdacdebc10182128a2b358ed49a,1Qfy23H5N3KcwZ4CW25K68hY7T9BMNCYG9n3d8,m2,4,admin m1 m2 m3,9,2000-01-01 00:15:06,run/data/admin/debug.log,4471
385,00eb9f2fd3841f838a721d34e793e8490a23081958cd5602811bf6ac1037ee72,1WZPCjFVjDt2AkwLnqG5BfyoxCWtkqFRU8YSSF,m1,4,admin m1 m2 m3,11,2000-01-01 00:15:06,run/data/admin/debug.log,4460
386,008a2acc000d06460da6316af93eb9df28c6ebdffec6f45fe0c6962cc612fd99,1WZPCjFVjDt2AkwLnqG5BfyoxCWtkqFRU8YSSF,m1,4,admin m1 m2 m3,8,2000-01-01 00:15:08,run/data/admin/debug.log,4490
387,006302942c0ccce040ea67334aae91c51d06298a60dc61e32d6af797facf0cb0,1WZPCjFVjDt2AkwLnqG5BfyoxCWtkqFRU8YSSF,m1,4,admin m1 m2 m3,8,2000-01-01 00:15:12,run/data/admin/debug.log,4504
388,00036a159cded95e3b135b32b3bbbc7a4877535e94502c51f8e90d2ad004d3ee,1WZPCjFVjDt2AkwLnqG5BfyoxCWtkqFRU8YSSF,m1,4,admin m1 m2 m3,8,2000-01-01 00:15:15,run/data/admin/debug.log,4518
389,008cabe13411a97a7b5d03ecf9170e1ce4743db89fcd73fbc2024ee765557346,1WZPCjFVjDt2AkwLnqG5BfyoxCWtkqFRU8YSSF,m1,4,admin m1 m2 m3,8,2000-01-01 00:15:17,run/data/admin/debug.log,4533
390,0059ab0d784f2df9dfc7d10cf8e9182f4306d3f3f4744e30c4b0f250d10bc6a9,1Qfy23H5N3KcwZ4CW25K68hY7T9BMNCYG9n3d8,m2,4,admin m1 m2 m3,8,2000-01-01 00:15:20,run/data/admin/debug.log,4548
391,00c458453916e7c5e7971c544a2ee98ebc11079a85a3ea076c562167b6ffcc40,1Qfy23H5N3KcwZ4CW25K68hY7T9BMNCYG9n3d8,m2,4,admin m1 m2 m3,8,2000-01-01 00:15:23,run/data/admin/debug.log,4562
392,0071ac036a454ce0654c0fa887bf2e57adf3f194397be478ee637a38cfda1e7b,1WZPCjFVjDt2AkwLnqG5BfyoxCWtkqFRU8YSSF,m1,4,admin m1 m2 m3,11,2000-01-01 00:15:26,run/data/admin/debug.log,4576
392,0095eed8928aaab94e72fd7fb67dc95842b9a2008f7870c9c154ddc41dfc0c18,1Qfy23H5N3KcwZ4CW25K68hY7T9BMNCYG9n3d8,m2,4,admin m1 m2 m3,9,2000-01-01 00:15:26,run/data/admin/debug.log,4587
393,004450d58d4e10401f7a1fd71e76cf5cdc4d972038d0df79574ef7fd4a14d53c,1Qfy23H5N3KcwZ4CW25K68hY7T9BMNCYG9n3d8,m2,4,admin m1 m2 m3,8,2000-01-01 00:15:28,run/data/admin/debug.log,4606
394,00ac56bb61a19ee400fa6a11b75275da585d334b472253010fc013b62d083f8d,1WZPCjFVjDt2AkwLnqG5BfyoxCWtkqFRU8YSSF,m1,4,admin m1 m2 m3,11,2000-01-01 00:15:31,run/data/admin/debug.log,4624
394,00d6ea5084c52d2a20a3312d3a2b3e62e13bb4cf121caa87f349087fee41f3e7,1Qfy23H5N3KcwZ4CW25K68hY7T9BMNCYG9n3d8,m2,4,admin m1 m2 m3,9,2000-01-01 00:15:32,run/data/admin/debug.log,4638
395,007c2965729882eadab1497417b718be1e5424f7ebcbeeb679a908b11b1779d2,1WZPCjFVjDt2AkwLnqG5BfyoxCWtkqFRU8YSSF,m1,4,admin m1 m2 m3,8,2000-01-01 00:15:32,run/data/admin/debug.log,4654
396,00b2f044e99ddc491aa7b453f85c574636520c45f1ea834ac334b539597dae8e,1Qfy23H5N3KcwZ4CW25K68hY7T9BMNCYG9n3d8,m2,4,admin m1 m2 m3,9,2000-01-01 00:15:36,run/data/admin/debug.log,4679
396,00b3dc68a63833a9e6535f36d8347eae9aa25028e412f0ace1132cbc45405523,1WZPCjFVjDt2AkwLnqG5BfyoxCWtkqFRU8YSSF,m1,4,admin m1 m2 m3,11,2000-01-01 00:15:36,run/data/admin/debug.log,4668
397,0043b3c6ffb94b277ad8494c35b2fb99fab94f4ce98937253aa8823963801c8c,1WZPCjFVjDt2AkwLnqG5BfyoxCWtkqFRU8YSSF,m1,4,admin m1 m2 m3,11,2000-01-01 00:15:39,run/data/admin/debug.log,4698
397,0082db2b9f421488478603a6a42b21cd461da5dcd61671e7ac7937b4fa6b7c6b,1Qfy23H5N3KcwZ4CW25K68hY7T9BMNCYG9n3d8,m2,4,admin m1 m2 m3,9,2000-01-01 00:15:39,run/data/admin/debug.log,4712
398,008f16235463ab39de764c72e2d308541af2248517c6cb6b7033a8d8ab07a0b2,1WZPCjFVjDt2AkwLnqG5BfyoxCWtkqFRU8YSSF,m1,4,admin m1 m2 m3,8,2000-01-01 00:15:41,run/data/admin/debug.log,4728
399,00490b176fcb6de6d6954870eb52129c7effe03b5387763a477f1591dd6f772c,1WZPCjFVjDt2AkwLnqG5BfyoxCWtkqFRU8YSSF,m1,4,admin m1 m2 m3,8,2000-01-01 00:15:42,run/data/admin/debug.log,4742
400,0007f89b7fdbc9122da29ba66295dd3a01b9e2d264b4d94cec0825f070258ae3,1WZPCjFVjDt2AkwLnqG5BfyoxCWtkqFRU8YSSF,m1,4,admin m1 m2 m3,8,2000-01-01 00:15:45,run/data/admin/debug.log,4756
401,00f7634499a749eb866dbbe858179cdb10bbf0d94664201e4ac9ff7e44df952c,1WZPCjFVjDt2AkwLnqG5BfyoxCWtkqFRU8YSSF,m1,4,admin m1 m2 m3,8,2000-01-01 00:15:47,run/data/admin/debug.log,4771
402,005af8a9873a3bd39a0fc899e92bd559ce1740679985c9bac29b2a9b5ef2e1e2,1WZPCjFVjDt2AkwLnqG5BfyoxCWtkqFRU8YSSF,m1,4,admin m1 m2 m3,8,2000-01-01 00:15:50,run/data/admin/debug.log,4786
403,0087edf0100bd2a05a7d55422149eec82b8a3d879de309c51ff04671e4fdb210,1WZPCjFVjDt2AkwLnqG5BfyoxCWtkqFRU8YSSF,m1,4,admin m1 m2 m3,8,2000-01-01 00:15:52,run/data/admin/debug.log,4800
404,00aca72b9b759f66bf0ab4f825661717b8001d0c68640a7327c172349d5a485e,1WZPCjFVjDt2AkwLnqG5BfyoxCWtkqFRU8YSSF,m1,4,admin m1 m2 m3,8,2000-01-01 00:15:55,run/data/admin/debug.log,4814
405,00ebec4b4d624340b3d36a8240bf601269bd6de0cd044d27f8796e453c2c6cf5,1WZPCjFVjDt2AkwLnqG5BfyoxCWtkqFRU8YSSF,m1,4,admin m1 m2 m3,8,2000-01-01 00:15:57,run/data/admin/debug.log,4828
406,0020719b72ff7ccba0f1d5e74118b7f984a0b97a7042c6a4b2825124ffad1003,1WZPCjFVjDt2AkwLnqG5BfyoxCWtkqFRU8YSSF,m1,4,admin m1 m2 m3,8,2000-01-01 00:15:59,run/data/admin/debug.log,4842
407,002510002a64fb130770a736dcc38828b85e355312c43f6a0b9f7abd6cd46abc,1WZPCjFVjDt2AkwLnqG5BfyoxCWtkqFRU8YSSF,m1,4,admin m1 m2 m3,8,2000-01-01 00:16:02,run/data/admin/debug.log,4859
408,00c3a0d4bbb41f5e2164e086aaddc3b032cfd8b76789aafaa839b097607e079a,1WZPCjFVjDt2AkwLnqG5BfyoxCWtkqFRU8YSSF,m1,4,admin m1 m2 m3,8,2000-01-01 00:16:06,run/data/admin/debug.log,4873
409,00eb43215c0f6d6228e96063dbd833c9a0cb5fc5ec9dc61f55c2359dfc31d8f7,1WZPCjFVjDt2AkwLnqG5BfyoxCWtkqFRU8YSSF,m1,4,admin m1 m2 m3,8,2000-01-01 00:16:09,run/data/admin/debug.log,4887
410,00b1c02c854ada27ed8025bbf4f224d3d3e3549a0bb31f7d7736d59ff17ae57b,1WZPCjFVjDt2AkwLnqG5BfyoxCWtkqFRU8YSSF,m1,4,admin m1 m2 m3,8,2000-01-01 00:16:10,run/data/admin/debug.log,4901
411,00279955682553677645d86af2206b68ac65e450cc74ea56510cdce6ef349cce,1WZPCjFVjDt2AkwLnqG5BfyoxCWtkqFRU8YSSF,m1,4,admin m1 m2 m3,8,2000-01-01 00:16:14,run/data/admin/debug.log,4915
412,002e9c62f7cf96e0f1551a5449c1aafa1913a27371805e4af638a37c03c96d7c,1WZPCjFVjDt2AkwLnqG5BfyoxCWtkqFRU8YSSF,m1,4,admin m1 m2 m3,8,2000-01-01 00:16:16,run/data/admin/debug.log,4931
413,002091e65314a7cca766c06e455195a6904817bfb6128d533293fba6c6621a77,1WZPCjFVjDt2AkwLnqG5BfyoxCWtkqFRU8YSSF,m1,4,admin m1 m2 m3,8,2000-01-01 00:16:19,run/data/admin/debug.log,4945
414,006f4328e7aaf79d85cfe2b3b6f6cd8dc1a78ca86e4d4733dc0f341bb5a2f631,1WZPCjFVjDt2AkwLnqG5BfyoxCWtkqFRU8YSSF,m1,4,admin m1 m2 m3,8,2000-01-01 00:16:21,run/data/admin/debug.log,4960
415,0039a2aa79db690933abb79da305c7970b751c49658ea9206392c8d04b43e821,1WZPCjFVjDt2AkwLnqG5BfyoxCWtkqFRU8YSSF,m1,4,admin m1 m2 m3,10,2000-01-01 00:16:24,run/data/admin/debug.log,4974
415,006786931885b95eee25a53529dbf6244b48b3c141bb75daa05787d06df83ae7,1VTJbaQB66KoiL8iWQrPES7Ub7ZDzy3XFu8DwG,m3,4,admin m1 m2 m3,10,2000-01-01 00:16:24,run/data/admin/debug.log,4985
416,0020ef84f0dfabce2687cc702697ff52dbe29ada50d14fe47a22b766252c948f,1WZPCjFVjDt2AkwLnqG5BfyoxCWtkqFRU8YSSF,m1,4,admin m1 m2 m3,8,2000-01-01 00:16:25,run/data/admin/debug.log,5004
417,004b12c0167ac60c2a2228d05857ab1457ac7b9fb3469d1644a3719a6e6eb811,1WZPCjFVjDt2AkwLnqG5BfyoxCWtkqFRU8YSSF,m1,4,admin m1 m2 m3,8,2000-01-01 00:16:29,run/data/admin/debug.log,5018
418,005e434698ee1e3c14638c9d9c02d7b48fee961d1136210c391e2340ebb7432b,1WZPCjFVjDt2AkwLnqG5BfyoxCWtkqFRU8YSSF,m1,4,admin m1 m2 m3,8,2000-01-01 00:16:32,run/data/admin/debug.log,5032
419,00d24a9a95e82624fbaea02c437d37d67f7d7e3314a76da315fca9a0a64d0e75,1WZPCjFVjDt2AkwLnqG5BfyoxCWtkqFRU8YSSF,m1,4,admin m1 m2 m3,8,2000-01-01 00:16:34,run/data/admin/debug.log,5046
420,00395e25a3307f49775308558526e60306cb18e6c527362aa225c7aadaa6929e,1Qfy23H5N3KcwZ4CW25K68hY7T9BMNCYG9n3d8,m2,4,admin m1 m2 m3,9,2000-01-01 00:16:38,run/data/admin/debug.log,5074
420,00f16ae1c225b4572a52ea1820d98cb25865273a4a90fa95f58c54086f9068b0,1WZPCjFVjDt2AkwLnqG5BfyoxCWtkqFRU8YSSF,m1,4,admin m1 m2 m3,11,2000-01-01 00:16:38,run/data/admin/debug.log,5060
421,008531492a217526c8bbb4bab80a9acae29523217ce7b48dac7ed7cf554e7ac0,1Qfy23H5N3KcwZ4CW25K68hY7T9BMNCYG9n3d8,m2,4,admin m1 m2 m3,8,2000-01-01 00:16:40,run/data/admin/debug.log,5090
422,001607f20e86281fb623408c89a64c2cb675d326ed063e9ef85f53c3a15f1e26,1Qfy23H5N3KcwZ4CW25K68hY7T9BMNCYG9n3d8,m2,4,admin m1 m2 m3,8,2000-01-01 00:16:43,run/data/admin/debug.log,5108
423,0061d78405bf2ae7b6ceb37798fc118297774177ecce677d884115461df6151d,1Qfy23H5N3KcwZ4CW25K68hY7T9BMNCYG9n3d8,m2,4,admin m1 m2 m3,8,2000-01-01 00:16:45,run/data/admin/debug.log,5122
424,002a3e4667eb0b99cf97944ef1e0ef7a2a172cf63a8345a23849cf717782ef7d,1Qfy23H5N3KcwZ4CW25K68hY7T9BMNCYG9n3d8,m2,4,admin m1 m2 m3,8,2000-01-01 00:16:49,run/data/admin/debug.log,5138
425,007b8e325d2c38ce2d5e1f1a7f3513f800362eea45647ce10f4bc2ff55172554,1Qfy23H5N3KcwZ4CW25K68hY7T9BMNCYG9n3d8,m2,4,admin m1 m2 m3,8,2000-01-01 00:16:52,run/data/admin/debug.log,5152
426,00a9c5cfd6fcb317ab05c1bf3cdd0202a3d0fa9799130b60b9f316730bbb23a1,1Qfy23H5N3KcwZ4CW25K68hY7T9BMNCYG9n3d8,m2,4,admin m1 m2 m3,9,2000-01-01 00:16:55,run/data/admin/debug.log,5181
426,00e59ad754d7ad4a77027220ccaf1684e0e8a2264fea03ea45285290f1ac4898,1WZPCjFVjDt2AkwLnqG5BfyoxCWtkqFRU8YSSF,m1,4,admin m1 m2 m3,11,2000-01-01 00:16:55,run/data/admin/debug.log,5167
427,00dba4d243338d3a721aeeae81dfdeec7e9b00684dc39f495a33f34875b959d3,1WZPCjFVjDt2AkwLnqG5BfyoxCWtkqFRU8YSSF,m1,4,admin m1 m2 m3,11,2000-01-01 00:16:59,run/data/admin/debug.log,5197
427,00ecfb92bf139351d8fc362cc79ff8dd039e3799c46cbc31dff36b467953f8a9,1Qfy23H5N3KcwZ4CW25K68hY7T9BMNCYG9n3d8,m2,4,admin m1 m2 m3,9,2000-01-01 00:16:59,run/data/admin/debug.log,5211
428,002b56f6a5408550dddffa409983b5bd4c2047d2709a9435425b5d6833e850fb,1WZPCjFVjDt2AkwLnqG5BfyoxCWtkqFRU8YSSF,m1,4,admin m1 m2 m3,8,2000-01-01 00:17:01,run/data/admin/debug.log,5227
429,00100eae57082401d01d1e8ba6c9b8eaa8943685008616faf3c017725dc314e2,1WZPCjFVjDt2AkwLnqG5BfyoxCWtkqFRU8YSSF,m1,4,admin m1 m2 m3,8,2000-01-01 00:17:04,run/data/admin/debug.log,5241
430,008d780dde3864a1056135b89acbfc1fac12aa646b02986ab41e9f2adfbc5193,1WZPCjFVjDt2AkwLnqG5BfyoxCWtkqFRU8YSSF,m1,4,admin m1 m2 m3,8,2000-01-01 00:17:06,run/data/admin/debug.log,5255
431,0050e77b973d7419d3ee7c7a1a7e6a6db051414c4ce0335c99868f5338f329a6,1WZPCjFVjDt2AkwLnqG5BfyoxCWtkqFRU8YSSF,m1,4,admin m1 m2 m3,8,2000-01-01 00:17:10,run/data/admin/debug.log,5269
432,0085068fbcd5de299f92d423d1ed1022b5a161538361eb1fbedc604c393fe927,1WZPCjFVjDt2AkwLnqG5BfyoxCWtkqFRU8YSSF,m1,4,admin m1 m2 m3,8,2000-01-01 00:17:11,run/data/admin/debug.log,5283
433,001b37b14c1a4b9118eb5eb6f64473f388fabe9ca451d7630d4734f6119e85d0,1WZPCjFVjDt2AkwLnqG5BfyoxCWtkqFRU8YSSF,m1,4,admin m1 m2 m3,8,2000-01-01 00:17:13,run/data/admin/debug.log,5297
434,00fc71fba2f79c9cd8935b4414d4918d18d1bd50ad1179b1d83ce59bc8a9d289,1WZPCjFVjDt2AkwLnqG5BfyoxCWtkqFRU8YSSF,m1,4,admin m1 m2 m3,8,2000-01-01 00:17:15,run/data/admin/debug.log,5311
435,00901162b3dd63355273a33079f45afb57ac4c520105935cb148b065e198b396,1WZPCjFVjDt2AkwLnqG5BfyoxCWtkqFRU8YSSF,m1,4,admin m1 m2 m3,9,2000-01-01 00:17:17,run/data/admin/debug.log,5336
435,00f2459045f1280bea8800bd0b2b8f163e0ea3ac6d4469d28a791770509fb60a,1VTJbaQB66KoiL8iWQrPES7Ub7ZDzy3XFu8DwG,m3,4,admin m1 m2 m3,11,2000-01-01 00:17:17,run/data/admin/debug.log,5325
436,00d0b3d481232b50b2a41b82bb3ab1fe0bac28911f93f112272c2195851349b4,1WZPCjFVjDt2AkwLnqG5BfyoxCWtkqFRU8YSSF,m1,4,admin m1 m2 m3,8,2000-01-01 00:17:19,run/data/admin/debug.log,5355
437,0056473074b5939d413e6ab4c5eb811fc4f55e2a91d1fa5fcf1c373206d06751,1WZPCjFVjDt2AkwLnqG5BfyoxCWtkqFRU8YSSF,m1,4,admin m1 m2 m3,9,2000-01-01 00:17:23,run/data/admin/debug.log,5387
437,00c08910d9f22bd81643c24028e0b3f4a13650be41f4685b45259c535007fcae,1VTJbaQB66KoiL8iWQrPES7Ub7ZDzy3XFu8DwG,m3,4,admin m1 m2 m3,11,2000-01-01 00:17:23,run/data/admin/debug.log,5373
438,00cbc6b95396d086e6873a677cd8c0ad96c2575d05703cef9b0679859724a023,1WZPCjFVjDt2AkwLnqG5BfyoxCWtkqFRU8YSSF,m1,4,admin m1 m2 m3,8,2000-01-01 00:17:25,run/data/admin/debug.log,5404
439,00f18bdaed857ec039aa09b0725ae81da7e33ecd0e7c5ba9b0bc5343be22dee9,1WZPCjFVjDt2AkwLnqG5BfyoxCWtkqFRU8YSSF,m1,4,admin m1 m2 m3,8,2000-01-01 00:17:28,run/data/admin/debug.log,5422
440,004ba2b9ac179347e21119dd07d6ab2d17624dae49a47b1644f8e6c0c6a5a5d9,1WZPCjFVjDt2AkwLnqG5BfyoxCWtkqFRU8YSSF,m1,4,admin m1 m2 m3,8,2000-01-01 00:17:31,run/data/admin/debug.log,5436
441,00e625071a440aead90a3bd5ce5184a8b3b34b3c783ac7a039d6ddb38de44030,1WZPCjFVjDt2AkwLnqG5BfyoxCWtkqFRU8YSSF,m1,4,admin m1 m2 m3,8,2000-01-01 00:17:34,run/data/admin/debug.log,5450
442,009a46d9816b9f301ee60e8fb2192575337b658f1ae93d328170b4d900f0822a,1WZPCjFVjDt2AkwLnqG5BfyoxCWtkqFRU8YSSF,m1,4,admin m1 m2 m3,8,2000-01-01 00:17:36,run/data/admin/debug.log,5464
443,000cf1b434eb02e29cd61f80ceee4eda08cda39c695eea3f019e21f9215834f3,1WZPCjFVjDt2AkwLnqG5BfyoxCWtkqFRU8YSSF,m1,4,admin m1 m2 m3,8,2000-01-01 00:17:38,run/data/admin/debug.log,5478
444,001cadb9c5357a3d45574e034e720a6f7029bd54bf20b746a3162c00b7f8abe2,1WZPCjFVjDt2AkwLnqG5BfyoxCWtkqFRU8YSSF,m1,4,admin m1 m2 m3,8,2000-01-01 00:17:42,run/data/admin/debug.log,5492
445,0028f2ca61bc41c9c97eefe88d9cd8b34c841437813865a1b91c079423daa73c,1WZPCjFVjDt2AkwLnqG5BfyoxCWtkqFRU8YSSF,m1,4,admin m1 m2 m3,8,2000-01-01 00:17:43,run/data/admin/debug.log,5506
446,00414ddff316c610d85c59e75bcf9f8612cb5e6d8f69d1f30b5cf3af7c83537a,1WZPCjFVjDt2AkwLnqG5BfyoxCWtkqFRU8YSSF,m1,4,admin m1 m2 m3,9,2000-01-01 00:17:46,run/data/admin/debug.log,5534
446,00b4a051f4dd9440cfbebc36455271e76a49e9d9b368a37549cac3eae70c2a83,1Qfy23H5N3KcwZ4CW25K68hY7T9BMNCYG9n3d8,m2,4,admin m1 m2 m3,11,2000-01-01 00:17:46,run/data/admin/debug.log,5520
447,00188f58ceb958690fea4362b8de76d8bf6653a127f3a401ccdbf8b36f6fbd2b,1Qfy23H5N3KcwZ4CW25K68hY7T9BMNCYG9n3d8,m2,4,admin m1 m2 m3,9,2000-01-01 00:17:49,run/data/admin/debug.log,5567
447,0032f52c56d26ef8d34700b4ca62e9ef51cc588ec93f267f0b471b2220340942,1WZPCjFVjDt2AkwLnqG5BfyoxCWtkqFRU8YSSF,m1,4,admin m1 m2 m3,11,2000-01-01 00:17:49,run/data/admin/debug.log,5552
448,0045e461a463886cffa73f65e987f89d0cb83e97fd9e83acac4f692421038988,1Qfy23H5N3KcwZ4CW25K68hY7T9BMNCYG9n3d8,m2,4,admin m1 m2 m3,8,2000-01-01 00:17:51,run/data/admin/debug.log,5586
449,00a59ab0b0764e4eda1353140810ed354de4d0243bee8d354c94ae341c21e155,1Qfy23H5N3KcwZ4CW25K68hY7T9BMNCYG9n3d8,m2,4,admin m1 m2 m3,8,2000-01-01 00:17:55,run/data/admin/debug.log,5608
450,0029507dc2f6cc9c34cdd48b73d73f08d772f81fee482b81fd87bb15681926de,1Qfy23H5N3KcwZ4CW25K68hY7T9BMNCYG9n3d8,m2,4,admin m1 m2 m3,9,2000-01-01 00:17:58,run/data/admin/debug.log,5634
450,007b0de2c942e90f3730d867c2c5ac09f2f432dd448a491c17fdd9706c37865a,1WZPCjFVjDt2AkwLnqG5BfyoxCWtkqFRU8YSSF,m1,4,admin m1 m2 m3,11,2000-01-01 00:17:58,run/data/admin/debug.log,5623
451,0097530d00c4db19b0384c1fc5d1f20cb76f6e7dbeea9f28a3eacbe8b70f75ef,1WZPCjFVjDt2AkwLnqG5BfyoxCWtkqFRU8YSSF,m1,4,admin m1 m2 m3,8,2000-01-01 00:18:00,run/data/admin/debug.log,5656
452,00cc28f16cba0405293fdd50d6967b8881b0604888cd84aaf287eca32612a4ef,1WZPCjFVjDt2AkwLnqG5BfyoxCWtkqFRU8YSSF,m1,4,admin m1 m2 m3,8,2000-01-01 00:18:04,run/data/admin/debug.log,5670
453,00ecf4dd82a2d11161eeded39a4697147f23e40cf8f1c9e122e0880028de1d1a,1WZPCjFVjDt2AkwLnqG5BfyoxCWtkqFRU8YSSF,m1,4,admin m1 m2 m3,8,2000-01-01 00:18:06,run/data/admin/debug.log,5684
454,00dca082022d3057a76b2e712ff418c5329f9e9ff5d051d4717efd9c1ebd96ad,1WZPCjFVjDt2AkwLnqG5BfyoxCWtkqFRU8YSSF,m1,4,admin m1 m2 m3,8,2000-01-01 00:18:07,run/data/admin/debug.log,5698
455,007ebf316e9d75b434be1b305a26853feba1c81849597623d2e9a720fe12b0f8,1WZPCjFVjDt2AkwLnqG5BfyoxCWtkqFRU8YSSF,m1,4,admin m1 m2 m3,8,2000-01-01 00:18:09,run/data/admin/debug.log,5712
456,00af183e89555ddd6f548bc711fd30ac85f8afc42ea78d9c9521de9c10b0beef,1WZPCjFVjDt2AkwLnqG5BfyoxCWtkqFRU8YSSF,m1,4,admin m1 m2 m3,8,2000-01-01 00:18:12,run/data/admin/debug.log,5726
457,000042c032567bdddc17267461aaf2b5a97f4123cd4b3668b9bf098e61207888,1WZPCjFVjDt2AkwLnqG5BfyoxCWtkqFRU8YSSF,m1,4,admin m1 m2 m3,8,2000-01-01 00:18:15,run/data/admin/debug.log,5740
458,00ff922abc198491b706399e1d42d8c5a2a57091e85ebd164a6bf98177749a03,1Qfy23H5N3KcwZ4CW25K68hY7T9BMNCYG9n3d8,m2,4,admin m1 m2 m3,8,2000-01-01 00:18:17,run/data/admin/debug.log,5754
459,00c00248d26b8158827aac006e5aeaa1b323c94ce8f5ab7c04a983f7171128b8,1Qfy23H5N3KcwZ4CW25K68hY7T9BMNCYG9n3d8,m2,4,admin m1 m2 m3,8,2000-01-01 00:18:18,run/data/admin/debug.log,5765
460,00c1dedb7ed1baabb2b26c93215add5ca2fbe4e84e6f3fc612d54c2fc20e935c,1Qfy23H5N3KcwZ4CW25K68hY7T9BMNCYG9n3d8,m2,4,admin m1 m2 m3,8,2000-01-01 00:18:21,run/data/admin/debug.log,5779
461,00388653f7563170cee378e870c1cb48eba6a2855ac86fdd67cf4ad26c5fa2e3,1Qfy23H5N3KcwZ4CW25K68hY7T9BMNCYG9n3d8,m2,4,admin m1 m2 m3,8,2000-01-01 00:18:24,run/data/admin/debug.log,5793
462,00d1271bbd5b4d2d11dc87cf66dd8f54d92c499fc62942d4e8d7bb104a714036,1Qfy23H5N3KcwZ4CW25K68hY7T9BMNCYG9n3d8,m2,4,admin m1 m2 m3,8,2000-01-01 00:18:27,run/data/admin/debug.log,5808
463,00098cb6a4384587432dddc72d4f1817d0f6bf88ddf7fa7c7d66bd7c1ab34589,1Qfy23H5N3KcwZ4CW25K68hY7T9BMNCYG9n3d8,m2,4,admin m1 m2 m3,8,2000-01-01 00:18:30,run/data/admin/debug.log,5822
464,0032112e7964ae4e559a366fd12da925efbe5f4cb054804a3de724743d4d9dc5,1WZPCjFVjDt2AkwLnqG5BfyoxCWtkqFRU8YSSF,m1,4,admin m1 m2 m3,10,2000-01-01 00:18:32,run/data/admin/debug.log,5847
464,00f2e5cf3ab52678e9196cc6dbf93c33e542b2c588f8e9caf2943fe9483099f3,1Qfy23H5N3KcwZ4CW25K68hY7T9BMNCYG9n3d8,m2,4,admin m1 m2 m3,10,2000-01-01 00:18:32,run/data/admin/debug.log,5836
465,004c658c5c6845ac0cfd9428ea063af4d1f15176c1eaa39b31e6801ac6b21103,1WZPCjFVjDt2AkwLnqG5BfyoxCWtkqFRU8YSSF,m1,4,admin m1 m2 m3,10,2000-01-01 00:18:36,run/data/admin/debug.log,5877
465,005b1be692069a1046d6540e4003174db13128d8e8fca3d662828a76d79baa89,1Qfy23H5N3KcwZ4CW25K68hY7T9BMNCYG9n3d8,m2,4,admin m1 m2 m3,10,2000-01-01 00:18:36,run/data/admin/debug.log,5866
466,009a1dcd2188d2452effa3518b9bd36e3324286337b257d56674f754849e6fc6,1WZPCjFVjDt2AkwLnqG5BfyoxCWtkqFRU8YSSF,m1,4,admin m1 m2 m3,8,2000-01-01 00:18:38,run/data/admin/debug.log,5896
467,00bb2a89b60a98b07930db624161c6973af7284d736c301f9adccc682da00d9e,1WZPCjFVjDt2AkwLnqG5BfyoxCWtkqFRU8YSSF,m1,4,admin m1 m2 m3,10,2000-01-01 00:18:41,run/data/admin/debug.log,5928
467,00d27201df35b3fd45d1fe877890d1e78ca8a04a880b91dd41f327cfc3f9efee,1Qfy23H5N3KcwZ4CW25K68hY7T9BMNCYG9n3d8,m2,4,admin m1 m2 m3,10,2000-01-01 00:18:41,run/data/admin/debug.log,5917
468,00188d660c62bb2d2d0a44d32a9abc8ce6380797c811f5c4fb3497442c0cc730,1Qfy23H5N3KcwZ4CW25K68hY7T9BMNCYG9n3d8,m2,4,admin m1 m2 m3,8,2000-01-01 00:18:44,run/data/admin/debug.log,5947
469,0087af6b493f588a470863c616c017a0eea8b72e4559bb1b1748a48e2a1b040e,1Qfy23H5N3KcwZ4CW25K68hY7T9BMNCYG9n3d8,m2,4,admin m1 m2 m3,9,2000-01-01 00:18:47,run/data/admin/debug.log,5972
469,00c6e84bf3ea61268db7827c1c30f4d8ba94d52e5cbe234f51bfdae696ed7290,1WZPCjFVjDt2AkwLnqG5BfyoxCWtkqFRU8YSSF,m1,4,admin m1 m2 m3,11,2000-01-01 00:18:47,run/data/admin/debug.log,5961
470,002532126ce43ce7412275f59c9f5cf47086b3c7de5b4f95e9694c5d8116466b,1WZPCjFVjDt2AkwLnqG5BfyoxCWtkqFRU8YSSF,m1,4,admin m1 m2 m3,8,2000-01-01 00:18:49,run/data/admin/debug.log,5992
471,00af6098b9d56cef52ba0daf08d6e3513e39427ef6df33fb7044fddb06c199d3,1WZPCjFVjDt2AkwLnqG5BfyoxCWtkqFRU8YSSF,m1,4,admin m1 m2 m3,8,2000-01-01 00:18:51,run/data/admin/debug.log,6006
472,007bfa89f7bf47ad89416c3f7ea4c2ee81bda615c914e2f1eabc2bf7284abc7d,1WZPCjFVjDt2AkwLnqG5BfyoxCWtkqFRU8YSSF,m1,4,admin m1 m2 m3,8,2000-01-01 00:18:53,run/data/admin/debug.log,6020
473,001f6ca00439b8fc7b423d63555f1520687baedb372f3af8db9d41aa8f7de658,1WZPCjFVjDt2AkwLnqG5BfyoxCWtkqFRU8YSSF,m1,4,admin m1 m2 m3,8,2000-01-01 00:18:57,run/data/admin/debug.log,6034
474,0070c2e531d12d013cd4f152e3fc68328ce4cbcb9d221681dfa08d297fd77830,1Qfy23H5N3KcwZ4CW25K68hY7T9BMNCYG9n3d8,m2,4,admin m1 m2 m3,10,2000-01-01 00:19:00,run/data/admin/debug.log,6060
474,0085c905a846430b50965f788b1bf040dd07c788424ed1c79d4f495acfd85305,1WZPCjFVjDt2AkwLnqG5BfyoxCWtkqFRU8YSSF,m1,4,admin m1 m2 m3,10,2000-01-01 00:19:00,run/data/admin/debug.log,6049
475,00cd1a4c35338f23f27fa57c8c4f61c381d82db9622f24a58479d6d8d2d76ae0,1Qfy23H5N3KcwZ4CW25K68hY7T9BMNCYG9n3d8,m2,4,admin m1 m2 m3,8,2000-01-01 00:19:02,run/data/admin/debug.log,6079
476,00a214948401ab7bda9643c3efc911fbdad23c560b4ec5b62b526a552177537c,1Qfy23H5N3KcwZ4CW25K68hY7T9BMNCYG9n3d8,m2,4,admin m1 m2 m3,8,2000-01-01 00:19:04,run/data/admin/debug.log,6097
477,00243409f97aebd4d2792d48c4fd631c3c71b7f8b21874435b7e6f47fdb8bf52,1Qfy23H5N3KcwZ4CW25K68hY7T9BMNCYG9n3d8,m2,4,admin m1 m2 m3,8,2000-01-01 00:19:08,run/data/admin/debug.log,6111
478,003b38de077cda14a5f79cb59c545e86f272d8da3835c5f36416848763b85108,1Qfy23H5N3KcwZ4CW25K68hY7T9BMNCYG9n3d8,m2,4,admin m1 m2 m3,8,2000-01-01 00:19:11,run/data/admin/debug.log,6125
479,0019e57469deabf7d43b96864c2013e83a565cb0fae52a75bad7ccf2bde9b7c9,1Qfy23H5N3KcwZ4CW25K68hY7T9BMNCYG9n3d8,m2,4,admin m1 m2 m3,10,2000-01-01 00:19:14,run/data/admin/debug.log,6139
479,008fb1de32dc5dcde7c7ff2651f37adade200c860d5f931f021ece57ea1d3e03,1WZPCjFVjDt2AkwLnqG5BfyoxCWtkqFRU8YSSF,m1,4,admin m1 m2 m3,10,2000-01-01 00:19:14,run/data/admin/debug.log,6150
480,0015cde3348077ba20e0c0c6f2f0fe21cc7c3ac72b3bdc42987674a6142cb654,1WZPCjFVjDt2AkwLnqG5BfyoxCWtkqFRU8YSSF,m1,4,admin m1 m2 m3,11,2000-01-01 00:19:18,run/data/admin/debug.log,6169
480,007f5730fb7d6dbbfb268864f94da2d483f24aaf82d5711b969ecb963dd87394,1Qfy23H5N3KcwZ4CW25K68hY7T9BMNCYG9n3d8,m2,4,admin m1 m2 m3,9,2000-01-01 00:19:18,run/data/admin/debug.log,6184
481,008d273bb27f297429d4885dfb74642b278e821d0e6c9313b7bd49eb38dee3ba,1WZPCjFVjDt2AkwLnqG5BfyoxCWtkqFRU8YSSF,m1,4,admin m1 m2 m3,8,2000-01-01 00:19:20,run/data/admin/debug.log,6205
482,0018c786ba44d95247b08e9f503f33a851518a7908a0db57bbf0a12daf66771f,1VTJbaQB66KoiL8iWQrPES7Ub7ZDzy3XFu8DwG,m3,4,admin m1 m2 m3,8,2000-01-01 00:19:23,run/data/admin/debug.log,6219
483,002ee46ef4b45abe4c5a0eff72103658ae12424642461446bec107aa1791dd42,1WZPCjFVjDt2AkwLnqG5BfyoxCWtkqFRU8YSSF,m1,4,admin m1 m2 m3,9,2000-01-01 00:19:25,run/data/admin/debug.log,6244
483,00e5303adb949e4f839224fb544914d7cfb37d92a878f12b8d8d075d594ac647,1Qfy23H5N3KcwZ4CW25K68hY7T9BMNCYG9n3d8,m2,4,admin m1 m2 m3,11,2000-01-01 00:19:25,run/data/admin/debug.log,6233
484,00225c110c2dd3d0fd60e2f691189ef2d72282f186017544baeb8c4bab19c26f,1WZPCjFVjDt2AkwLnqG5BfyoxCWtkqFRU8YSSF,m1,4,admin m1 m2 m3,8,2000-01-01 00:19:27,run/data/admin/debug.log,6263
485,007b91ed727848a36269fd96d87443fc2c28bbc3c0064929c3219be8a4a344af,1WZPCjFVjDt2AkwLnqG5BfyoxCWtkqFRU8YSSF,m1,4,admin m1 m2 m3,8,2000-01-01 00:19:30,run/data/admin/debug.log,6281
486,0067c82923aaf801e655237fb4170b440a1f0bb8dc059a03eb7037102c668d85,1WZPCjFVjDt2AkwLnqG5BfyoxCWtkqFRU8YSSF,m1,4,admin m1 m2 m3,8,2000-01-01 00:19:32,run/data/admin/debug.log,6296
487,00207ad4c4dd93249cedcabfd7e345f785d6820fc5d000637c652f4a53919c4b,1Qfy23H5N3KcwZ4CW25K68hY7T9BMNCYG9n3d8,m2,4,admin m1 m2 m3,11,2000-01-01 00:19:35,run/data/admin/debug.log,6310
487,009b7e9972ef79ba6c03939bbad3a5d32885f84c61779efdccbbdef0a529b1fb,1WZPCjFVjDt2AkwLnqG5BfyoxCWtkqFRU8YSSF,m1,4,admin m1 m2 m3,9,2000-01-01 00:19:35,run/data/admin/debug.log,6321
488,00d126b186ca71006c63948d69872b0e35e6652c9f9a50f421387560a19c0cb0,1WZPCjFVjDt2AkwLnqG5BfyoxCWtkqFRU8YSSF,m1,4,admin m1 m2 m3,8,2000-01-01 00:19:37,run/data/admin/debug.log,6340
489,0019000924efa5db3771a5330e00472970898458cb325c90f7ff6903fe76fad8,1WZPCjFVjDt2AkwLnqG5BfyoxCWtkqFRU8YSSF,m1,4,admin m1 m2 m3,8,2000-01-01 00:19:40,run/data/admin/debug.log,6358
490,003f33352cfee131d776d67b11188f8a630bb04e1b59b1360e482727560512cc,1WZPCjFVjDt2AkwLnqG5BfyoxCWtkqFRU8YSSF,m1,4,admin m1 m2 m3,8,2000-01-01 00:19:42,run/data/admin/debug.log,6372
491,00caf41bd18426d64d5d7adb26c9e0c688399acffb0ca3fcc9715a4bb8cdc508,1WZPCjFVjDt2AkwLnqG5BfyoxCWtkqFRU8YSSF,m1,4,admin m1 m2 m3,8,2000-01-01 00:19:44,run/data/admin/debug.log,6386
492,00c5659aa43f631a39889c95294ea31644a50dd088ee12aa2e78f06270d27b1a,1VTJbaQB66KoiL8iWQrPES7Ub7ZDzy3XFu8DwG,m3,4,admin m1 m2 m3,9,2000-01-01 00:19:48,run/data/admin/debug.log,6411
492,00d452537c99003392b8e4f7430a1b85c440d11724f2ed90037acb021dea9895,1WZPCjFVjDt2AkwLnqG5BfyoxCWtkqFRU8YSSF,m1,4,admin m1 m2 m3,11,2000-01-01 00:19:47,run/data/admin/debug.log,6400
493,00e6758899beeb523dc8645c0f534bcefc9fb0d3444854eebcfc99413b94e866,1WZPCjFVjDt2AkwLnqG5BfyoxCWtkqFRU8YSSF,m1,4,admin m1 m2 m3,8,2000-01-01 00:19:49,run/data/admin/debug.log,6431
494,00ee5182bc4817a699f45b811bcb4044202f487c214321e69d036aa3b6473445,1WZPCjFVjDt2AkwLnqG5BfyoxCWtkqFRU8YSSF,m1,4,admin m1 m2 m3,8,2000-01-01 00:19:53,run/data/admin/debug.log,6445
495,00e918d5bef24a7f8693eb6a4bc58e162cbd452c1e7d834bd7d0aeff4fd9e6b1,1WZPCjFVjDt2AkwLnqG5BfyoxCWtkqFRU8YSSF,m1,4,admin m1 m2 m3,8,2000-01-01 00:19:54,run/data/admin/debug.log,6459
496,003f2abf3c804870dcd7626c1628b69f1286612054ca0982f1d62d49385a529f,1WZPCjFVjDt2AkwLnqG5BfyoxCWtkqFRU8YSSF,m1,4,admin m1 m2 m3,8,2000-01-01 00:19:57,run/data/admin/debug.log,6473
497,00aa3906610dae86906aaf36abec2083d88738503094995cf96c77950a24a794,1WZPCjFVjDt2AkwLnqG5BfyoxCWtkqFRU8YSSF,m1,4,admin m1 m2 m3,8,2000-01-01 00:20:01,run/data/admin/debug.log,6490
498,00b1d8eb50d78f344cf13a158367e4b267637af14da48e9438c86488f3b93af5,1WZPCjFVjDt2AkwLnqG5BfyoxCWtkqFRU8YSSF,m1,4,admin m1 m2 m3,9,2000-01-01 00:20:04,run/data/admin/debug.log,6516
498,00de55fb576fc476ef23b9efe3be792066a7071f804e575564259ba8352e31c0,1Qfy23H5N3KcwZ4CW25K68hY7T9BMNCYG9n3d8,m2,4,admin m1 m2 m3,11,2000-01-01 00:20:04,run/data/admin/debug.log,6505
499,0099c0e23fa728376624c9422506b55c62baa7a6a55df7fd090488310953dcb3,1WZPCjFVjDt2AkwLnqG5BfyoxCWtkqFRU8YSSF,m1,4,admin m1 m2 m3,8,2000-01-01 00:20:06,run/data/admin/debug.log,6535
500,007f31de2753a9578f4549764946e75646e69a01310e23c0c01897fa50668176,1WZPCjFVjDt2AkwLnqG5BfyoxCWtkqFRU8YSSF,m1,4,admin m1 m2 m3,8,2000-01-01 00:20:10,run/data/admin/debug.log,6553
501,00847eb2ce025b238174ad7d51c9c1e5ed71f07dbe34c0bb07c8100adf64a480,1WZPCjFVjDt2AkwLnqG5BfyoxCWtkqFRU8YSSF,m1,4,admin m1 m2 m3,8,2000-01-01 00:20:12,run/data/admin/debug.log,6567
502,00c47c8a7419d9c3968aaf2fa7cc4e044928dc4107bcfcb7308913babddfa474,1WZPCjFVjDt2AkwLnqG5BfyoxCWtkqFRU8YSSF,m1,4,admin m1 m2 m3,8,2000-01-01 00:20:14,run/data/admin/debug.log,6581
503,009fac88b65e4e98b1799fd80e6e68a847737cc15454db322fb631cebc8ffc95,1WZPCjFVjDt2AkwLnqG5BfyoxCWtkqFRU8YSSF,m1,4,admin m1 m2 m3,8,2000-01-01 00:20:17,run/data/admin/debug.log,6595
504,000d4b855fe9c19e5180c3a5087b7ba456c7dcf6429549b88e19d2a9494c1ec4,1WZPCjFVjDt2AkwLnqG5BfyoxCWtkqFRU8YSSF,m1,4,admin m1 m2 m3,8,2000-01-01 00:20:19,run/data/admin/debug.log,6610
505,000c7d3f890328431a4c87e1007036fb63da726ef07f40e86d9537ce8841a4b8,1WZPCjFVjDt2AkwLnqG5BfyoxCWtkqFRU8YSSF,m1,4,admin m1 m2 m3,9,2000-01-01 00:20:23,run/data/admin/debug.log,6635
505,002336308a607d212bd6fa6f6f83edcd605039dd7a843acfc2ab86e9290786a8,1Qfy23H5N3KcwZ4CW25K68hY7T9BMNCYG9n3d8,m2,4,admin m1 m2 m3,11,2000-01-01 00:20:23,run/data/admin/debug.log,6624
506,0056c5f6dc4c99cf29502cb11b243ba4536fc37c1abb257bc79d8bb1e1cc031f,1WZPCjFVjDt2AkwLnqG5BfyoxCWtkqFRU8YSSF,m1,4,admin m1 m2 m3,8,2000-01-01 00:20:25,run/data/admin/debug.log,6654
507,00b919a141b290b7467b61196a27ae501ee12f3addf9dc5c0beae684eb39b87a,1WZPCjFVjDt2AkwLnqG5BfyoxCWtkqFRU8YSSF,m1,4,admin m1 m2 m3,8,2000-01-01 00:20:27,run/data/admin/debug.log,6672
508,0005a7a515a3eca7b611e3c1c946829916af0b0b73e6e680b23b7fdb56cd1e37,1WZPCjFVjDt2AkwLnqG5BfyoxCWtkqFRU8YSSF,m1,4,admin m1 m2 m3,8,2000-01-01 00:20:29,run/data/admin/debug.log,6686
509,00a38cbb61577606a04a4a068b6e2e093fdf2870197532e9848fa7a2e6d63782,1WZPCjFVjDt2AkwLnqG5BfyoxCWtkqFRU8YSSF,m1,4,admin m1 m2 m3,8,2000-01-01 00:20:32,run/data/admin/debug.log,6700
510,003350cf18c41c4954931501170e0d57ac50e171dca6a14f8d41ba172d19b6df,1WZPCjFVjDt2AkwLnqG5BfyoxCWtkqFRU8YSSF,m1,4,admin m1 m2 m3,8,2000-01-01 00:20:35,run/data/admin/debug.log,6715
511,00891f95b285156258b01d7e612da16d4dd5d537cbdf1139a40d0211dcf86e0d,1WZPCjFVjDt2AkwLnqG5BfyoxCWtkqFRU8YSSF,m1,4,admin m1 m2 m3,8,2000-01-01 00:20:38,run/data/admin/debug.log,6729
512,00e54bbfadea35d975ccb17372079b8fa58916b25713bada9d1d3ad3d81b6b62,1WZPCjFVjDt2AkwLnqG5BfyoxCWtkqFRU8YSSF,m1,4,admin m1 m2 m3,9,2000-01-01 00:20:41,run/data/admin/debug.log,6754
512,00e930e9e4cc0c3e41ca4790384cb59f1260465d9036542525ccbb5dd738684f,1Qfy23H5N3KcwZ4CW25K68hY7T9BMNCYG9n3d8,m2,4,admin m1 m2 m3,11,2000-01-01 00:20:41,run/data/admin/debug.log,6743
513,0061804b8e73feecd49004e42a4be9ed572f9786028e474e652de424b65df361,1Qfy23H5N3KcwZ4CW25K68hY7T9BMNCYG9n3d8,m2,4,admin m1 m2 m3,8,2000-01-01 00:20:44,run/data/admin/debug.log,6773
514,004075a2ac43893a11a32bd35bb9473a475ea572c1652f7aafee1852528141ca,1WZPCjFVjDt2AkwLnqG5BfyoxCWtkqFRU8YSSF,m1,4,admin m1 m2 m3,9,2000-01-01 00:20:47,run/data/admin/debug.log,6798
514,005f0994ff21d3993dad7425daf2fd2a895c49f9ffffe85eb10ac030d6fc65a7,1Qfy23H5N3KcwZ4CW25K68hY7T9BMNCYG9n3d8,m2,4,admin m1 m2 m3,11,2000-01-01 00:20:47,run/data/admin/debug.log,6787
515,000ba5448a59010ba9b9cc1266977f62d01c744c84db7a3575a3dddbaf9c9dfa,1WZPCjFVjDt2AkwLnqG5BfyoxCWtkqFRU8YSSF,m1,4,admin m1 m2 m3,8,2000-01-01 00:20:48,run/data/admin/debug.log,6817
516,005484d787087c48cdb96012779d7f3c1fc346fb8e77df00b4f9292fba50d60e,1WZPCjFVjDt2AkwLnqG5BfyoxCWtkqFRU8YSSF,m1,4,admin m1 m2 m3,8,2000-01-01 00:20:51,run/data/admin/debug.log,6837
517,000c6966c089cd974a012500a7d3cff1c7dde0eaef762666bd7eddb23ecbba4f,1WZPCjFVjDt2AkwLnqG5BfyoxCWtkqFRU8YSSF,m1,4,admin m1 m2 m3,8,2000-01-01 00:20:55,run/data/admin/debug.log,6851
518,0006c719bf9b3fa3e83b9e03cac7529ff0a15d86acaae4ec5fbfc6787f07c63b,1WZPCjFVjDt2AkwLnqG5BfyoxCWtkqFRU8YSSF,m1,4,admin m1 m2 m3,8,2000-01-01 00:20:57,run/data/admin/debug.log,6865
519,00016c5ce9a533cdb81df196d326f4c6b1522f057ad7ce136c73cbf17e82b95d,1WZPCjFVjDt2AkwLnqG5BfyoxCWtkqFRU8YSSF,m1,4,admin m1 m2 m3,8,2000-01-01 00:21:00,run/data/admin/debug.log,6879
520,00d61ff93cd564edbf35cad9c2bdaa9ab41c0d8dc4eb4f612d670baf6db007c2,1Qfy23H5N3KcwZ4CW25K68hY7T9BMNCYG9n3d8,m2,4,admin m1 m2 m3,8,2000-01-01 00:21:02,run/data/admin/debug.log,6893
521,00a7ce89f6c745ffeae01cbbdea10739ddbad3eb94405d8de5be8ac559c2f2f4,1WZPCjFVjDt2AkwLnqG5BfyoxCWtkqFRU8YSSF,m1,4,admin m1 m2 m3,9,2000-01-01 00:21:06,run/data/admin/debug.log,6918
521,00c4a992835221f0aeb9c006ed55ee6cf4a5b3ee0fb67625ed4168400fe4e46f,1Qfy23H5N3KcwZ4CW25K68hY7T9BMNCYG9n3d8,m2,4,admin m1 m2 m3,11,2000-01-01 00:21:05,run/data/admin/debug.log,6907
522,002e0502fb61eb4fb64c2ca69ab84fb1b182a2ef74e8d6d362858626f9fb224a,1WZPCjFVjDt2AkwLnqG5BfyoxCWtkqFRU8YSSF,m1,4,admin m1 m2 m3,8,2000-01-01 00:21:08,run/data/admin/debug.log,6938
523,00e23a593b43d7e24b340daa975a5c32c30714729db918b2f96428fae80f313d,1WZPCjFVjDt2AkwLnqG5BfyoxCWtkqFRU8YSSF,m1,4,admin m1 m2 m3,8,2000-01-01 00:21:10,run/data/admin/debug.log,6956
524,0069dfe9c51734e2d9a47940837a41e4cee91af53954ede33bd0778733a1d287,1VTJbaQB66KoiL8iWQrPES7Ub7ZDzy3XFu8DwG,m3,4,admin m1 m2 m3,8,2000-01-01 00:21:13,run/data/admin/debug.log,6970
525,007a9862de2f5fe78fc43fc7394655ac6f88b0f32f363c3de6e4b234be3ec1dc,1VTJbaQB66KoiL8iWQrPES7Ub7ZDzy3XFu8DwG,m3,4,admin m1 m2 m3,9,2000-01-01 00:21:16,run/data/admin/debug.log,6995
525,009272dc00882f9040d805e57091da504bde31a06fbc07db8122a96ad381c8c5,1WZPCjFVjDt2AkwLnqG5BfyoxCWtkqFRU8YSSF,m1,4,admin m1 m2 m3,11,2000-01-01 00:21:16,run/data/admin/debug.log,6984
526,0098f3afbb06a3d97b257bee4f9cbd66af1b5c3e46a7e90f1bd12144fef5b4bc,1VTJbaQB66KoiL8iWQrPES7Ub7ZDzy3XFu8DwG,m3,4,admin m1 m2 m3,9,2000-01-01 00:21:18,run/data/admin/debug.log,7025
526,00de7b0150e75e7d0a19558c29fbf8ddb53246a20ccee2617fc3a0cb8b815246,1WZPCjFVjDt2AkwLnqG5BfyoxCWtkqFRU8YSSF,m1,4,admin m1 m2 m3,11,2000-01-01 00:21:18,run/data/admin/debug.log,7014
527,002d32d83b1b22a067cfdd185ba2ad44df642e2db647b3eee3c5ac414ca5d0e8,1Qfy23H5N3KcwZ4CW25K68hY7T9BMNCYG9n3d8,m2,4,admin m1 m2 m3,8,2000-01-01 00:21:20,run/data/admin/debug.log,7045
528,008d147b1dd934ea62e134c3179dcb233561ab33da0485cb838281e24bf880f6,1Qfy23H5N3KcwZ4CW25K68hY7T9BMNCYG9n3d8,m2,4,admin m1 m2 m3,8,2000-01-01 00:21:23,run/data/admin/debug.log,7059
529,00c1d9939a68c3b27cf4ce481f5d0a28332dcb9b56033067944e6eb9edd296d9,1Qfy23H5N3KcwZ4CW25K68hY7T9BMNCYG9n3d8,m2,4,admin m1 m2 m3,8,2000-01-01 00:21:26,run/data/admin/debug.log,7073
530,00aa28ae0f64cd730bd4697d4d619f085476132e7ac56e6145b5cd16bb5b30e8,1Qfy23H5N3KcwZ4CW25K68hY7T9BMNCYG9n3d8,m2,4,admin m1 m2 m3,8,2000-01-01 00:21:29,run/data/admin/debug.log,7087
531,002db45d35353b87c89df6ab90ce16897b852a11c9a240bf3eaa65d6db6486d6,1Qfy23H5N3KcwZ4CW25K68hY7T9BMNCYG9n3d8,m2,4,admin m1 m2 m3,8,2000-01-01 00:21:31,run/data/admin/debug.log,7101
532,00c24832eda86b6686eda453577fb18bf3409666b6bc37453e7841b7139980d8,1Qfy23H5N3KcwZ4CW25K68hY7T9BMNCYG9n3d8,m2,4,admin m1 m2 m3,8,2000-01-01 00:21:34,run/data/admin/debug.log,7115
533,0039685b79c4b96c1dd4ee32c495d13d1f0ee1bd5007544386ec14af253b8277,1WZPCjFVjDt2AkwLnqG5BfyoxCWtkqFRU8YSSF,m1,4,admin m1 m2 m3,8,2000-01-01 00:21:37,run/data/admin/debug.log,7129
534,00813f0836ca35e171c6dc7369e8b46f69e440d8c21b931c8f9e2161333440ed,1WZPCjFVjDt2AkwLnqG5BfyoxCWtkqFRU8YSSF,m1,4,admin m1 m2 m3,8,2000-01-01 00:21:40,run/data/admin/debug.log,7144
535,00574632ff1da4df5ec61dc0e78d915d27f98f64df474f8493c83dd38ffdd728,1WZPCjFVjDt2AkwLnqG5BfyoxCWtkqFRU8YSSF,m1,4,admin m1 m2 m3,8,2000-01-01 00:21:43,run/data/admin/debug.log,7158
536,0021e6b3edc4202b5c81bb106962a9bc7ec0209ffaf60e675a57710349b14c85,1WZPCjFVjDt2AkwLnqG5BfyoxCWtkqFRU8YSSF,m1,4,admin m1 m2 m3,8,2000-01-01 00:21:46,run/data/admin/debug.log,7172
537,003b99a16f283a71ea9c34efc6e5a534dedaa820c8f84b3f2a32b6e1f709c668,1WZPCjFVjDt2AkwLnqG5BfyoxCWtkqFRU8YSSF,m1,4,admin m1 m2 m3,8,2000-01-01 00:21:49,run/data/admin/debug.log,7186
538,0028d90a384096907fb225ca5a8cc3b4e391fa8f1a48f4a89ca99a8e8fe259e8,1WZPCjFVjDt2AkwLnqG5BfyoxCWtkqFRU8YSSF,m1,4,admin m1 m2 m3,8,2000-01-01 00:21:51,run/data/admin/debug.log,7202
539,0074cd6eceb13b4a4d9eee428da107d10ebe30aa2cdc4ddc2a207ccc5e412cfd,1Qfy23H5N3KcwZ4CW25K68hY7T9BMNCYG9n3d8,m2,4,admin m1 m2 m3,11,2000-01-01 00:21:54,run/data/admin/debug.log,7216
539,00ce01ae88dfbcd62dc20c0e1c65c3c07f04acbeb6108a0b641cb07abc088b03,1WZPCjFVjDt2AkwLnqG5BfyoxCWtkqFRU8YSSF,m1,4,admin m1 m2 m3,9,2000-01-01 00:21:54,run/data/admin/debug.log,7227
540,004f6b5c0af1b54ab185fe8f2680c2e97bc63dbc655c3abf823bc3df343c25a2,1WZPCjFVjDt2AkwLnqG5BfyoxCWtkqFRU8YSSF,m1,4,admin m1 m2 m3,9,2000-01-01 00:21:57,run/data/admin/debug.log,7257
540,0056b9f4be89dbbdf33de7e06096f6651d87c4dfe0db0cdd304d4807936416db,1Qfy23H5N3KcwZ4CW25K68hY7T9BMNCYG9n3d8,m2,4,admin m1 m2 m3,11,2000-01-01 00:21:56,run/data/admin/debug.log,7246
541,00bba1bedc91b7f901e2d92b72df3f6f453504e70bb3ec8d99c51d3c13931333,1Qfy23H5N3KcwZ4CW25K68hY7T9BMNCYG9n3d8,m2,4,admin m1 m2 m3,8,2000-01-01 00:21:57,run/data/admin/debug.log,7276
542,000db3129a577d2cf53ceccd423ad13dff0b09dc27a2218b45b83907610fbacd,1WZPCjFVjDt2AkwLnqG5BfyoxCWtkqFRU8YSSF,m1,4,admin m1 m2 m3,11,2000-01-01 00:22:01,run/data/admin/debug.log,7304
542,0014205181620e7158ce435f5a2390c8291a80ff860ad336e26c24e80fb77ff8,1VTJbaQB66KoiL8iWQrPES7Ub7ZDzy3XFu8DwG,m3,4,admin m1 m2 m3,11,2000-01-01 00:22:01,run/data/admin/debug.log,7320
542,00ff6a5a611a0ea6bbb085c609444f359f91b08db6c3145c11bb0e2093786212,1Qfy23H5N3KcwZ4CW25K68hY7T9BMNCYG9n3d8,m2,4,admin m1 m2 m3,14,2000-01-01 00:22:01,run/data/admin/debug.log,7293
543,00f36a17861389e6077e11a3abf2f5a3a9b2fc6bdfb4bbb6ac758c61c18161ad,1WZPCjFVjDt2AkwLnqG5BfyoxCWtkqFRU8YSSF,m1,4,admin m1 m2 m3,8,2000-01-01 00:22:03,run/data/admin/debug.log,7344
544,006389eea7e5777c701df4a8b1eba5f15d71deaa58fa24dfd645833fe28d13cd,1WZPCjFVjDt2AkwLnqG5BfyoxCWtkqFRU8YSSF,m1,4,admin m1 m2 m3,8,2000-01-01 00:22:04,run/data/admin/debug.log,7362
545,00d123f75be3c32a202e818006c1267c26e595562217b007666626b8300ad793,1Qfy23H5N3KcwZ4CW25K68hY7T9BMNCYG9n3d8,m2,4,admin m1 m2 m3,8,2000-01-01 00:22:07,run/data/admin/debug.log,7376
546,00107d9778935dde5fbe554304e62d3aeaa86956337760c5be24f60a3960695c,1Qfy23H5N3KcwZ4CW25K68hY7T9BMNCYG9n3d8,m2,4,admin m1 m2 m3,8,2000-01-01 00:22:09,run/data/admin/debug.log,7391
547,004e15e060990c810b9003b268471fd9ddfc9c812ce8560fcd6ec9770d8fadfc,1WZPCjFVjDt2AkwLnqG5BfyoxCWtkqFRU8YSSF,m1,4,admin m1 m2 m3,9,2000-01-01 00:22:13,run/data/admin/debug.log,7416
547,005b010dc46d918cb6228c22d2809fb6a6af8b27c5e0b68942b1f9f7aa31f4a2,1Qfy23H5N3KcwZ4CW25K68hY7T9BMNCYG9n3d8,m2,4,admin m1 m2 m3,11,2000-01-01 00:22:13,run/data/admin/debug.log,7405
548,00653a3c8757c42bd7f08de0c84fada67475edcdb5eac4ca2728bdca9eec5fa8,1VTJbaQB66KoiL8iWQrPES7Ub7ZDzy3XFu8DwG,m3,4,admin m1 m2 m3,9,2000-01-01 00:22:16,run/data/admin/debug.log,7446
548,00916c632d97635b1c365d4fff3b0498fa2f3b0a63fed5c15a819b464878ffe4,1Qfy23H5N3KcwZ4CW25K68hY7T9BMNCYG9n3d8,m2,4,admin m1 m2 m3,11,2000-01-01 00:22:16,run/data/admin/debug.log,7435
549,007cee96582a970f19a5037f0c8369a982c1b50e65bf77bae77108998d3dab9b,1WZPCjFVjDt2AkwLnqG5BfyoxCWtkqFRU8YSSF,m1,4,admin m1 m2 m3,8,2000-01-01 00:22:19,run/data/admin/debug.log,7465
550,005ca132ed5849d501ce5ce80a5270c6c86f985418ff4d07f9cef07645633bf5,1WZPCjFVjDt2AkwLnqG5BfyoxCWtkqFRU8YSSF,m1,4,admin m1 m2 m3,8,2000-01-01 00:22:22,run/data/admin/debug.log,7481
551,006e820e01ae101805cf0755776149631cda58090f3a321a48c2112be0276459,1WZPCjFVjDt2AkwLnqG5BfyoxCWtkqFRU8YSSF,m1,4,admin m1 m2 m3,8,2000-01-01 00:22:24,run/data/admin/debug.log,7495
552,006b6cf26b05a2264f3317b9f55cca814b17fa7362d32b5a6f3849e78b126837,1WZPCjFVjDt2AkwLnqG5BfyoxCWtkqFRU8YSSF,m1,4,admin m1 m2 m3,8,2000-01-01 00:22:26,run/data/admin/debug.log,7509
553,000f41eb0274461e0e083458184f51e9ed0b0e35e16a00cca5f183c379b898cb,1WZPCjFVjDt2AkwLnqG5BfyoxCWtkqFRU8YSSF,m1,4,admin m1 m2 m3,8,2000-01-01 00:22:27,run/data/admin/debug.log,7523
554,00ef7c61402a967971011f94b6b851c38b69e2cb871191d56e14e455caa0672c,1WZPCjFVjDt2AkwLnqG5BfyoxCWtkqFRU8YSSF,m1,4,admin m1 m2 m3,8,2000-01-01 00:22:31,run/data/admin/debug.log,7537
555,008b89f5ab9ff980efdbe9e26158645e0d2ca49c07c3cff41aa97e43df738c34,1WZPCjFVjDt2AkwLnqG5BfyoxCWtkqFRU8YSSF,m1,4,admin m1 m2 m3,8,2000-01-01 00:22:32,run/data/admin/debug.log,7551
556,00988b1f28966cfb789a93ecf7813314d066b7d0c7e87aed49db50edfa45a934,1WZPCjFVjDt2AkwLnqG5BfyoxCWtkqFRU8YSSF,m1,4,admin m1 m2 m3,8,2000-01-01 00:22:34,run/data/admin/debug.log,7565
557,001cfaeca555af748d4cb50000b1f768aee6f7770f50cdf1d67ad04b0cd75b12,1WZPCjFVjDt2AkwLnqG5BfyoxCWtkqFRU8YSSF,m1,4,admin m1 m2 m3,8,2000-01-01 00:22:36,run/data/admin/debug.log,7579
558,00c34c97e627fc826abff5f5fda5123f71496e52fd6ae3002c6f8061959f32ea,1Qfy23H5N3KcwZ4CW25K68hY7T9BMNCYG9n3d8,m2,4,admin m1 m2 m3,8,2000-01-01 00:22:39,run/data/admin/debug.log,7594
559,00ae8cd05c822712a1d8a3c29ffe74b61cb066d465a2aab50e7ba68d9a6c753d,1VTJbaQB66KoiL8iWQrPES7Ub7ZDzy3XFu8DwG,m3,4,admin m1 m2 m3,9,2000-01-01 00:22:43,run/data/admin/debug.log,7619
559,00d4759b8fd1cbfd3042a3fe49a281296565a8bcab9a0c9410e23a6f5d00510c,1Qfy23H5N3KcwZ4CW25K68hY7T9BMNCYG9n3d8,m2,4,admin m1 m2 m3,11,2000-01-01 00:22:43,run/data/admin/debug.log,7608
560,00f706681273d1f637349262b4315f2b3982eb734efec70a20081e4e2d20c0bd,1WZPCjFVjDt2AkwLnqG5BfyoxCWtkqFRU8YSSF,m1,4,admin m1 m2 m3,8,2000-01-01 00:22:45,run/data/admin/debug.log,7638
561,000d80d63f9446da6363b7d1e63cbe4470e9ebaee6c28d44f4e91afee599dd8c,1WZPCjFVjDt2AkwLnqG5BfyoxCWtkqFRU8YSSF,m1,4,admin m1 m2 m3,8,2000-01-01 00:22:47,run/data/admin/debug.log,7652
562,00e4d9bb30bf4b7cd444d91591078a66b99d700d5aebbce2a4803ee0d92aefcd,1VTJbaQB66KoiL8iWQrPES7Ub7ZDzy3XFu8DwG,m3,4,admin m1 m2 m3,8,2000-01-01 00:22:50,run/data/admin/debug.log,7666
563,003134aaf8abfa517d10a69b4ae97dcd500083adb08b63e418d209ad38983a67,1WZPCjFVjDt2AkwLnqG5BfyoxCWtkqFRU8YSSF,m1,4,admin m1 m2 m3,9,2000-01-01 00:22:53,run/data/admin/debug.log,7692
563,0060bf26435bae87ae888b0780057b197a9a15533d6c2baaffd46ae11b66b26c,1VTJbaQB66KoiL8iWQrPES7Ub7ZDzy3XFu8DwG,m3,4,admin m1 m2 m3,11,2000-01-01 00:22:53,run/data/admin/debug.log,7681
564,00dd11ba52c6573c9edc63cccf10a2bdcd22f38efebfc642716f3ec3fe73a371,1WZPCjFVjDt2AkwLnqG5BfyoxCWtkqFRU8YSSF,m1,4,admin m1 m2 m3,8,2000-01-01 00:22:55,run/data/admin/debug.log,7711
565,0011e7e80e00f95a0338a056506e7ab5f70385c93ce4adf0c8e90c63452ac9ed,1Qfy23H5N3KcwZ4CW25K68hY7T9BMNCYG9n3d8,m2,4,admin m1 m2 m3,11,2000-01-01 00:22:58,run/data/admin/debug.log,7729
565,00c9600d0b1e6efd73ed1919a1f853e6cd116b8dae917c3a4e1e6e44217343b5,1VTJbaQB66KoiL8iWQrPES7Ub7ZDzy3XFu8DwG,m3,4,admin m1 m2 m3,9,2000-01-01 00:22:58,run/data/admin/debug.log,7740
566,00198dc2fb081a8fc3fe02e07ab4e588febf77c78c0c5fde98fd0aaadceae3ab,1WZPCjFVjDt2AkwLnqG5BfyoxCWtkqFRU8YSSF,m1,4,admin m1 m2 m3,8,2000-01-01 00:23:01,run/data/admin/debug.log,7759
567,003ea894fa71e8e9ff5f8812a37b9e45852b25615dc982c7f5873b6494f0fa51,1WZPCjFVjDt2AkwLnqG5BfyoxCWtkqFRU8YSSF,m1,4,admin m1 m2 m3,8,2000-01-01 00:23:03,run/data/admin/debug.log,7773
568,005f9efa86b9d204633a56e4934a5bb37e009bba0bce1e6389f6b82c6bc4471b,1WZPCjFVjDt2AkwLnqG5BfyoxCWtkqFRU8YSSF,m1,4,admin m1 m2 m3,8,2000-01-01 00:23:05,run/data/admin/debug.log,7787
569,007d2d51ddca8e284433ef1b8a10be1554db0b5ded6123767d2f6d795afc35ee,1Qfy23H5N3KcwZ4CW25K68hY7T9BMNCYG9n3d8,m2,4,admin m1 m2 m3,8,2000-01-01 00:23:07,run/data/admin/debug.log,7801
570,00867096028de414a6e3b823d9568d35b13b61662fb62c985188ca75ba2651b3,1WZPCjFVjDt2AkwLnqG5BfyoxCWtkqFRU8YSSF,m1,4,admin m1 m2 m3,9,2000-01-01 00:23:09,run/data/admin/debug.log,7827
570,00e2631b307b0bc615598e4cdc2612873eb869a08faf746e2927de16e60cfcb9,1Qfy23H5N3KcwZ4CW25K68hY7T9BMNCYG9n3d8,m2,4,admin m1 m2 m3,11,2000-01-01 00:23:09,run/data/admin/debug.log,7816
571,00ed1c9c826baead460139d0954f0d99fcbc72a1d460e6c93b63361cd0d87155,1WZPCjFVjDt2AkwLnqG5BfyoxCWtkqFRU8YSSF,m1,4,admin m1 m2 m3,8,2000-01-01 00:23:12,run/data/admin/debug.log,7846
572,0038beb7b01cc1f3acf097c712f24c81d73608ebf9b37c7460189e5764946521,1WZPCjFVjDt2AkwLnqG5BfyoxCWtkqFRU8YSSF,m1,4,admin m1 m2 m3,8,2000-01-01 00:23:14,run/data/admin/debug.log,7864
573,0060569a9237d64d6dce5056ac877fa47884079e20d0d4f2742ea33446ec0fec,1WZPCjFVjDt2AkwLnqG5BfyoxCWtkqFRU8YSSF,m1,4,admin m1 m2 m3,8,2000-01-01 00:23:17,run/data/admin/debug.log,7878
574,00635daaa91466a290ca4e134362a119630686b02f753379c78654446aa4227d,1WZPCjFVjDt2AkwLnqG5BfyoxCWtkqFRU8YSSF,m1,4,admin m1 m2 m3,8,2000-01-01 00:23:19,run/data/admin/debug.log,7892
575,0014d5445d6c68190ec6f182c86287c471ca2fe9bd9278435d0be210d230b134,1WZPCjFVjDt2AkwLnqG5BfyoxCWtkqFRU8YSSF,m1,4,admin m1 m2 m3,8,2000-01-01 00:23:22,run/data/admin/debug.log,7908
576,0078c37d04bf8d2f35af08333a7321ad1db69d3bfa38779bb30983dce5029156,1WZPCjFVjDt2AkwLnqG5BfyoxCWtkqFRU8YSSF,m1,4,admin m1 m2 m3,8,2000-01-01 00:23:24,run/data/admin/debug.log,7922
577,00adaff3b833be9919a2029fa005da4b6ce5dc268edab9b8a2e94e0a7b5d52e8,1WZPCjFVjDt2AkwLnqG5BfyoxCWtkqFRU8YSSF,m1,4,admin m1 m2 m3,8,2000-01-01 00:23:26,run/data/admin/debug.log,7936
578,0016f40442f8aefed1ccfe6213627c1665e9bcd0b952e46230a8b7096d5e4ca7,1WZPCjFVjDt2AkwLnqG5BfyoxCWtkqFRU8YSSF,m1,4,admin m1 m2 m3,8,2000-01-01 00:23:28,run/data/admin/debug.log,7950
579,00dbb95e0bb788a8b7e43b4dbf1f20e0d7cccbe0e54f9652be7ee202d436a595,1WZPCjFVjDt2AkwLnqG5BfyoxCWtkqFRU8YSSF,m1,4,admin m1 m2 m3,8,2000-01-01 00:23:30,run/data/admin/debug.log,7964
580,0064be5562937ba8ad8285464c2ed5d58ec7f5fd1db24588cd2ba412c57ad407,1WZPCjFVjDt2AkwLnqG5BfyoxCWtkqFRU8YSSF,m1,4,admin m1 m2 m3,8,2000-01-01 00:23:34,run/data/admin/debug.log,7978
581,0014175275d1eac78aa91e66e833951efc179bffaabb1304559943129c761081,1WZPCjFVjDt2AkwLnqG5BfyoxCWtkqFRU8YSSF,m1,4,admin m1 m2 m3,8,2000-01-01 00:23:37,run/data/admin/debug.log,7992
582,006b11b8016c0fd3566a2dc5a54989117d53e0011d480f57cb5a8c905087de5a,1WZPCjFVjDt2AkwLnqG5BfyoxCWtkqFRU8YSSF,m1,4,admin m1 m2 m3,8,2000-01-01 00:23:40,run/data/admin/debug.log,8007
583,00058aa884d28a1eb5d5aedb40e5867322bb240b4f0eef4661cbf9c2cfa11864,1WZPCjFVjDt2AkwLnqG5BfyoxCWtkqFRU8YSSF,m1,4,admin m1 m2 m3,8,2000-01-01 00:23:43,run/data/admin/debug.log,8021
584,00e3cb151bb3023d0276eff2757f6dddd529f9c62a995982d9760ccab0d4ac5c,1Qfy23H5N3KcwZ4CW25K68hY7T9BMNCYG9n3d8,m2,4,admin m1 m2 m3,8,2000-01-01 00:23:45,run/data/admin/debug.log,8035
585,00881cf3d3b923e15cac54f71c3134727b7de1ab19db52a07b009b2046ba9df5,1WZPCjFVjDt2AkwLnqG5BfyoxCWtkqFRU8YSSF,m1,4,admin m1 m2 m3,8,2000-01-01 00:23:48,run/data/admin/debug.log,8049
586,000cdc9e5d12e68a9dc3dc604512caa7474088c1719e9b17d900efa60d80f905,1WZPCjFVjDt2AkwLnqG5BfyoxCWtkqFRU8YSSF,m1,4,admin m1 m2 m3,8,2000-01-01 00:23:50,run/data/admin/debug.log,8063
587,00bffb843bf44e5fdd4773aa20eb6e3a530be5cfd46c21372eebcb134b365675,1WZPCjFVjDt2AkwLnqG5BfyoxCWtkqFRU8YSSF,m1,4,admin m1 m2 m3,8,2000-01-01 00:23:53,run/data/admin/debug.log,8078
588,00d070aa05adb5a3ab1c3a4f7b8de37bc636994b0bd515bd5fa377508eb9ab7d,1Qfy23H5N3KcwZ4CW25K68hY7T9BMNCYG9n3d8,m2,4,admin m1 m2 m3,8,2000-01-01 00:23:54,run/data/admin/debug.log,8092
589,0037881b2acedf6ab66b1b65071285304f906e20217b8fa9f42bd6b9f8f459b3,1Qfy23H5N3KcwZ4CW25K68hY7T9BMNCYG9n3d8,m2,4,admin m1 m2 m3,8,2000-01-01 00:23:57,run/data/admin/debug.log,8106
590,009f132374da225683fbce8fc452826eab88aedc36151990652a7fa665209c8b,1Qfy23H5N3KcwZ4CW25K68hY7T9BMNCYG9n3d8,m2,4,admin m1 m2 m3,8,2000-01-01 00:24:00,run/data/admin/debug.log,8120
591,00bbc8e2ec18c3d92929973ad53946ec567ec9652167205e867239a74e290b73,1Qfy23H5N3KcwZ4CW25K68hY7T9BMNCYG9n3d8,m2,4,admin m1 m2 m3,8,2000-01-01 00:24:02,run/data/admin/debug.log,8137
592,00ec7a90561c5133037739d1bf777d00d2bbc9a7536d4fe16dea024d7dd8654a,1WZPCjFVjDt2AkwLnqG5BfyoxCWtkqFRU8YSSF,m1,4,admin m1 m2 m3,8,2000-01-01 00:24:05,run/data/admin/debug.log,8151
593,0072fe9d17268b224360b42765b8474c3aba9e4409e37fce8aafe3c061065117,1WZPCjFVjDt2AkwLnqG5BfyoxCWtkqFRU8YSSF,m1,4,admin m1 m2 m3,8,2000-01-01 00:24:07,run/data/admin/debug.log,8165
594,003177f17a7fee40d699809e2ee01ae0e36271358c93f53eb622003d950733d8,1WZPCjFVjDt2AkwLnqG5BfyoxCWtkqFRU8YSSF,m1,4,admin m1 m2 m3,8,2000-01-01 00:24:09,run/data/admin/debug.log,8180
595,006a25a642f3c74ce7006d515841db3b9fc85bd067658ed104123e544164130e,1Qfy23H5N3KcwZ4CW25K68hY7T9BMNCYG9n3d8,m2,4,admin m1 m2 m3,8,2000-01-01 00:24:12,run/data/admin/debug.log,8194
596,00438189932eeaa3b6295d03e0b86be90aba72b243c5bf1edee89665a10e53e9,1Qfy23H5N3KcwZ4CW25K68hY7T9BMNCYG9n3d8,m2,4,admin m1 m2 m3,8,2000-01-01 00:24:14,run/data/admin/debug.log,8208
597,0052f5bfe0f3f28687ca947a38ef464a23ec62eb5de8062f1d701c6c38887b4d,1Qfy23H5N3KcwZ4CW25K68hY7T9BMNCYG9n3d8,m2,4,admin m1 m2 m3,11,2000-01-01 00:24:17,run/data/admin/debug.log,8222
597,0056face05b921217a115e753214162860ae90c3a8bec66d4519770b1b3f9096,1VTJbaQB66KoiL8iWQrPES7Ub7ZDzy3XFu8DwG,m3,4,admin m1 m2 m3,9,2000-01-01 00:24:18,run/data/admin/debug.log,8236
598,000c445341f985abad63128915a07c18706e15d8fb10cf987614a989c224c7c3,1Qfy23H5N3KcwZ4CW25K68hY7T9BMNCYG9n3d8,m2,4,admin m1 m2 m3,11,2000-01-01 00:24:21,run/data/admin/debug.log,8252
598,00e5e06fc64ae26a2a62eeae7961f9d53291e3b6830332b0ef95ef153f98b4a8,1VTJbaQB66KoiL8iWQrPES7Ub7ZDzy3XFu8DwG,m3,4,admin m1 m2 m3,9,2000-01-01 00:24:21,run/data/admin/debug.log,8263
599,00b4d3800af10905b22b66c58d8285fa1f7c5a1dbfdc4a69d3a2c7d614c834e2,1Qfy23H5N3KcwZ4CW25K68hY7T9BMNCYG9n3d8,m2,4,admin m1 m2 m3,8,2000-01-01 00:24:22,run/data/admin/debug.log,8282
600,00de98d60c21fca507908f25d1d677dba07a6ab6a7dbfa6b01a468103426cfa6,1WZPCjFVjDt2AkwLnqG5BfyoxCWtkqFRU8YSSF,m1,4,admin m1 m2 m3,8,2000-01-01 00:24:24,run/data/admin/debug.log,8297
601,0025726ad5722c0ccea1409d6b695f367fb15cdde869d0bcbf94c57f273a378a,1WZPCjFVjDt2AkwLnqG5BfyoxCWtkqFRU8YSSF,m1,4,admin m1 m2 m3,8,2000-01-01 00:24:27,run/data/admin/debug.log,8311
602,004a7575f738464b8c4a62983bc7bcdef1627057db6f059f8ba5855fc9ea562e,1WZPCjFVjDt2AkwLnqG5BfyoxCWtkqFRU8YSSF,m1,4,admin m1 m2 m3,8,2000-01-01 00:24:29,run/data/admin/debug.log,8325
603,004ea3bb6c294f9b8ebdd3260b5cb520bd4b00edd84f118ad104b9e7a518d72b,1WZPCjFVjDt2AkwLnqG5BfyoxCWtkqFRU8YSSF,m1,4,admin m1 m2 m3,8,2000-01-01 00:24:32,run/data/admin/debug.log,8339
604,003e935223562e6c5e54205cf3f62ab53b0c6ba68a4c31756599d3fb1b93756e,1WZPCjFVjDt2AkwLnqG5BfyoxCWtkqFRU8YSSF,m1,4,admin m1 m2 m3,8,2000-01-01 00:24:34,run/data/admin/debug.log,8353
605,00dad645e8dbf588ce81a73bd31ef51f4a5f8929cecd0e5339c73daeb520e0e3,1WZPCjFVjDt2AkwLnqG5BfyoxCWtkqFRU8YSSF,m1,4,admin m1 m2 m3,8,2000-01-01 00:24:38,run/data/admin/debug.log,8367
606,00f8dc1fcfedd559dac87f6210dcaf939359419075241871dfaf1ed340d62fed,1Qfy23H5N3KcwZ4CW25K68hY7T9BMNCYG9n3d8,m2,4,admin m1 m2 m3,8,2000-01-01 00:24:40,run/data/admin/debug.log,8382
607,000e3d2a251bad3d7359241fcb9d73dfc8117a5f2112aa86e09c2a1335f4bdcc,1Qfy23H5N3KcwZ4CW25K68hY7T9BMNCYG9n3d8,m2,4,admin m1 m2 m3,8,2000-01-01 00:24:43,run/data/admin/debug.log,8396
608,0007bca0b7fc1c569cf3d3380bd02bcffcb20b4b7a6fac468b81c4cc7bc74147,1Qfy23H5N3KcwZ4CW25K68hY7T9BMNCYG9n3d8,m2,4,admin m1 m2 m3,8,2000-01-01 00:24:46,run/data/admin/debug.log,8410
609,00630ae3350e52fa4b83ee0d9220d162d876978cfec77b0b82471f012e7247a1,1Qfy23H5N3KcwZ4CW25K68hY7T9BMNCYG9n3d8,m2,4,admin m1 m2 m3,8,2000-01-01 00:24:48,run/data/admin/debug.log,8424
610,00f9deda63242e122c44b15cb6a2bf7d47b68b7b9f68d0baec04c165af9c84e0,1Qfy23H5N3KcwZ4CW25K68hY7T9BMNCYG9n3d8,m2,4,admin m1 m2 m3,8,2000-01-01 00:24:51,run/data/admin/debug.log,8438
611,0049c0e85c2c612d934bef092b07ca67904fa7ee8e099604055890ba0ce0cbc1,1Qfy23H5N3KcwZ4CW25K68hY7T9BMNCYG9n3d8,m2,4,admin m1 m2 m3,8,2000-01-01 00:24:55,run/data/admin/debug.log,8454
612,00a530a3805547820c24d06937501eb4554450d9722991cf12253a2f1ebfd631,1WZPCjFVjDt2AkwLnqG5BfyoxCWtkqFRU8YSSF,m1,4,admin m1 m2 m3,9,2000-01-01 00:24:58,run/data/admin/debug.log,8482
612,00b42e34efea254151233301898a97d0fb28fc024413ab3f015c5863ba5e22c9,1Qfy23H5N3KcwZ4CW25K68hY7T9BMNCYG9n3d8,m2,4,admin m1 m2 m3,11,2000-01-01 00:24:58,run/data/admin/debug.log,8468
613,00e8e5c876f1fbfda7021943775daaf5a41c65c00a9078f4d4542539c47fb466,1Qfy23H5N3KcwZ4CW25K68hY7T9BMNCYG9n3d8,m2,4,admin m1 m2 m3,8,2000-01-01 00:25:01,run/data/admin/debug.log,8498
614,00f9f0f98c8be96a1e5a80ddec9a027496e695d1d668b4541f72cd0e6c967ed3,1WZPCjFVjDt2AkwLnqG5BfyoxCWtkqFRU8YSSF,m1,4,admin m1 m2 m3,8,2000-01-01 00:25:04,run/data/admin/debug.log,8512
615,004762b92e48931490d61a3485eea58eea11a7e1cf792e9ea8037a080dc2d872,1VTJbaQB66KoiL8iWQrPES7Ub7ZDzy3XFu8DwG,m3,4,admin m1 m2 m3,11,2000-01-01 00:25:06,run/data/admin/debug.log,8526
615,00af046bda61585eccceb8dea7d4333e405d913881ae91d06d3d1963680ba5f6,1WZPCjFVjDt2AkwLnqG5BfyoxCWtkqFRU8YSSF,m1,4,admin m1 m2 m3,9,2000-01-01 00:25:06,run/data/admin/debug.log,8540
616,00ca437f23425724245f55418257a53e7273a0df5a4907e3279f6991cc65b370,1WZPCjFVjDt2AkwLnqG5BfyoxCWtkqFRU8YSSF,m1,4,admin m1 m2 m3,8,2000-01-01 00:25:09,run/data/admin/debug.log,8556
617,00160d6c3acb6f750c4c5ba3b7ecea8ed049dd581195acff3d946739e8ece586,1WZPCjFVjDt2AkwLnqG5BfyoxCWtkqFRU8YSSF,m1,4,admin m1 m2 m3,8,2000-01-01 00:25:10,run/data/admin/debug.log,8574
618,00106f9b1eef356be60c73f3d5ea51edf7df596d12a89ce7cca597e5f4008a95,1WZPCjFVjDt2AkwLnqG5BfyoxCWtkqFRU8YSSF,m1,4,admin m1 m2 m3,8,2000-01-01 00:25:12,run/data/admin/debug.log,8589
619,00842147f7bd5f8a0835184700807504d759d85a2deb069f80976e6fef4627b4,1WZPCjFVjDt2AkwLnqG5BfyoxCWtkqFRU8YSSF,m1,4,admin m1 m2 m3,8,2000-01-01 00:25:14,run/data/admin/debug.log,8603
620,00016cef67892a480322d1de3818321bf161c5e080b3636c35824eea27b01104,1Qfy23H5N3KcwZ4CW25K68hY7T9BMNCYG9n3d8,m2,4,admin m1 m2 m3,8,2000-01-01 00:25:17,run/data/admin/debug.log,8617
621,0045aed2457e56868565abf670e6bbf30d8b853a70e4804b30a4adc671fc1f3a,1WZPCjFVjDt2AkwLnqG5BfyoxCWtkqFRU8YSSF,m1,4,admin m1 m2 m3,8,2000-01-01 00:25:20,run/data/admin/debug.log,8631
622,00e30518b06130d033eccc882a1487ba78d9467f34641fd15c9ffae102a7ed07,1WZPCjFVjDt2AkwLnqG5BfyoxCWtkqFRU8YSSF,m1,4,admin m1 m2 m3,8,2000-01-01 00:25:21,run/data/admin/debug.log,8645
623,00cbbd41f67c8119ac7f2f0446d67dfd9ee80dbe569a16f8d902e4b0e824828f,1WZPCjFVjDt2AkwLnqG5BfyoxCWtkqFRU8YSSF,m1,4,admin m1 m2 m3,8,2000-01-01 00:25:24,run/data/admin/debug.log,8660
624,00bf1b0b6d761ec298525baff3c713c3567f674372d308e08b1b28ffcb84b242,1WZPCjFVjDt2AkwLnqG5BfyoxCWtkqFRU8YSSF,m1,4,admin m1 m2 m3,8,2000-01-01 00:25:27,run/data/admin/debug.log,8674
625,0082da09adb40dba4e00bbf8444ded8114e52e7b5fb969244fb63149975d19ac,1WZPCjFVjDt2AkwLnqG5BfyoxCWtkqFRU8YSSF,m1,4,admin m1 m2 m3,8,2000-01-01 00:25:30,run/data/admin/debug.log,8688
626,0008a7df65f4be6e0444e5643916f3f9b62ed86959e6494684942764a3757a01,1WZPCjFVjDt2AkwLnqG5BfyoxCWtkqFRU8YSSF,m1,4,admin m1 m2 m3,8,2000-01-01 00:25:31,run/data/admin/debug.log,8702
627,00c38ed0241d829413e0a6227a4d0809d1df0018d2fc2490dcd42f6ec26deead,1WZPCjFVjDt2AkwLnqG5BfyoxCWtkqFRU8YSSF,m1,4,admin m1 m2 m3,8,2000-01-01 00:25:34,run/data/admin/debug.log,8716
628,00f1056fee747dd7c95cda07a091c2b54805f808bfc99ce6be945c0cd4e2a35e,1WZPCjFVjDt2AkwLnqG5BfyoxCWtkqFRU8YSSF,m1,4,admin m1 m2 m3,8,2000-01-01 00:25:36,run/data/admin/debug.log,8730
629,0018b8d888bd86698c176f09678432aa9e900cfdceb24228289d3fa440e37e4b,1WZPCjFVjDt2AkwLnqG5BfyoxCWtkqFRU8YSSF,m1,4,admin m1 m2 m3,8,2000-01-01 00:25:39,run/data/admin/debug.log,8744
630,0038c7ce42e1666be4083e46310f624dba460e769e3f450e00cadf1aea3a90ba,1WZPCjFVjDt2AkwLnqG5BfyoxCWtkqFRU8YSSF,m1,4,admin m1 m2 m3,8,2000-01-01 00:25:42,run/data/admin/debug.log,8759
631,00fa847cb9b974ed83e24e31d68aca907d64b2f16ac9affef29bbb0f3bf443bd,1WZPCjFVjDt2AkwLnqG5BfyoxCWtkqFRU8YSSF,m1,4,admin m1 m2 m3,8,2000-01-01 00:25:44,run/data/admin/debug.log,8773
632,00448ccc91b0e2c87fef6bcfa01e9be4b628b4978e5428fe1b4f238bce0a4654,1WZPCjFVjDt2AkwLnqG5BfyoxCWtkqFRU8YSSF,m1,4,admin m1 m2 m3,8,2000-01-01 00:25:47,run/data/admin/debug.log,8787
633,00963f22f28f01d6082b962f99c1026c10bb302b3ca775ff6867c241020bcf5d,1WZPCjFVjDt2AkwLnqG5BfyoxCWtkqFRU8YSSF,m1,4,admin m1 m2 m3,8,2000-01-01 00:25:48,run/data/admin/debug.log,8801
634,0043275fc7aeb129467d54a9ea6d75aaf3f348ed3735e740c1ac766c9263946e,1Qfy23H5N3KcwZ4CW25K68hY7T9BMNCYG9n3d8,m2,4,admin m1 m2 m3,8,2000-01-01 00:25:51,run/data/admin/debug.log,8815
635,00cd1f632e67140427af1bfa05d4dca6519007c89809aea51f4e3935c76d391c,1Qfy23H5N3KcwZ4CW25K68hY7T9BMNCYG9n3d8,m2,4,admin m1 m2 m3,8,2000-01-01 00:25:53,run/data/admin/debug.log,8831
636,002fb5a3f7111a838c2cb35f737f3613a8573a836b36dfbba6e89652f7765e9b,1WZPCjFVjDt2AkwLnqG5BfyoxCWtkqFRU8YSSF,m1,4,admin m1 m2 m3,8,2000-01-01 00:25:56,run/data/admin/debug.log,8845
637,0049934a416b58c31c87b8125423eb78a48b5dbb5057ddb74443c75ac5174e32,1Qfy23H5N3KcwZ4CW25K68hY7T9BMNCYG9n3d8,m2,4,admin m1 m2 m3,9,2000-01-01 00:26:00,run/data/admin/debug.log,8870
637,006556473a3e4cfe28597d4cbc1ebc2b4f31bbde67f95c5d737b87673645be45,1WZPCjFVjDt2AkwLnqG5BfyoxCWtkqFRU8YSSF,m1,4,admin m1 m2 m3,11,2000-01-01 00:25:59,run/data/admin/debug.log,8859
638,0023ff850b1d3c81dc5414a9baf7fd1b82337261655d866a04297e84cf3f4a0d,1WZPCjFVjDt2AkwLnqG5BfyoxCWtkqFRU8YSSF,m1,4,admin m1 m2 m3,8,2000-01-01 00:26:02,run/data/admin/debug.log,8892
639,000b21c52832ece656a977f3275f1f3a2543f22cfb3849968481d0ce8161bc6a,1WZPCjFVjDt2AkwLnqG5BfyoxCWtkqFRU8YSSF,m1,4,admin m1 m2 m3,8,2000-01-01 00:26:06,run/data/admin/debug.log,8906
640,00be8a9416ceb0dceea7124e14f8f3bfcc0937b28ad2e39e468fa46821a0fbad,1WZPCjFVjDt2AkwLnqG5BfyoxCWtkqFRU8YSSF,m1,4,admin m1 m2 m3,8,2000-01-01 00:26:08,run/data/admin/debug.log,8920
641,008a5af40328f4249bcc2ad053304e26714ee859fc62ce44d841a30ba25d16bc,1WZPCjFVjDt2AkwLnqG5BfyoxCWtkqFRU8YSSF,m1,4,admin m1 m2 m3,8,2000-01-01 00:26:11,run/data/admin/debug.log,8934
642,00b35a1484ae2ca01ff19ccbe9ddd4f78b3b19d724039b44dcd736f17142e95f,1WZPCjFVjDt2AkwLnqG5BfyoxCWtkqFRU8YSSF,m1,4,admin m1 m2 m3,8,2000-01-01 00:26:14,run/data/admin/debug.log,8949
643,00afe0021ee38442891838ae7ecc99d234dece8bfff27cf266124a4ac2b17771,1Qfy23H5N3KcwZ4CW25K68hY7T9BMNCYG9n3d8,m2,4,admin m1 m2 m3,9,2000-01-01 00:26:17,run/data/admin/debug.log,8974
643,00ccca5e44bdab837b13a76ef28e76b4c26c7447f6826783ccf2aa7062b44841,1WZPCjFVjDt2AkwLnqG5BfyoxCWtkqFRU8YSSF,m1,4,admin m1 m2 m3,11,2000-01-01 00:26:17,run/data/admin/debug.log,8963
644,0079fd712bc6920e8ef6c705a3b8df7b92cb1eba4fbcb30a8e298904d595ec94,1WZPCjFVjDt2AkwLnqG5BfyoxCWtkqFRU8YSSF,m1,4,admin m1 m2 m3,8,2000-01-01 00:26:19,run/data/admin/debug.log,8993
645,0053c2ced05ac92df9ca329a426641a402e0258f4b5553c9a411a2dd049589e9,1WZPCjFVjDt2AkwLnqG5BfyoxCWtkqFRU8YSSF,m1,4,admin m1 m2 m3,8,2000-01-01 00:26:21,run/data/admin/debug.log,9007
646,001508de99a9a6156fcdbf99ce6f91953e0d2f46d10a4e4aec7f67bfd9a20763,1Qfy23H5N3KcwZ4CW25K68hY7T9BMNCYG9n3d8,m2,4,admin m1 m2 m3,9,2000-01-01 00:26:25,run/data/admin/debug.log,9034
646,00f8fc421c989ad51bcfeaa96fd7a2d4059cfde07ae8c0cbcccc75334f57a6f2,1WZPCjFVjDt2AkwLnqG5BfyoxCWtkqFRU8YSSF,m1,4,admin m1 m2 m3,11,2000-01-01 00:26:25,run/data/admin/debug.log,9023
647,0093b05138e6e9e662f54a797eeffcf17f9b36d5a3eefb317c00ce056e7dfb73,1WZPCjFVjDt2AkwLnqG5BfyoxCWtkqFRU8YSSF,m1,4,admin m1 m2 m3,8,2000-01-01 00:26:28,run/data/admin/debug.log,9053
648,00cad45252a0b70343220071a7767bafeb8dbfb35135281fe8d38e42efc8eca2,1Qfy23H5N3KcwZ4CW25K68hY7T9BMNCYG9n3d8,m2,4,admin m1 m2 m3,8,2000-01-01 00:26:31,run/data/admin/debug.log,9067
649,000ae34dd4ec48380f16bd255da6f2bc237925ed4d21438098fc39c10227f880,1Qfy23H5N3KcwZ4CW25K68hY7T9BMNCYG9n3d8,m2,4,admin m1 m2 m3,8,2000-01-01 00:26:34,run/data/admin/debug.log,9081
650,00277caba21246525ecff6398c505ca3bddd1a2d84d0d06722e1956da94e1c72,1Qfy23H5N3KcwZ4CW25K68hY7T9BMNCYG9n3d8,m2,4,admin m1 m2 m3,8,2000-01-01 00:26:37,run/data/admin/debug.log,9095
651,001a6d21cff69612bdc187b3a80d722c0f94f0d9aafe8460d3081f8a0462a142,1Qfy23H5N3KcwZ4CW25K68hY7T9BMNCYG9n3d8,m2,4,admin m1 m2 m3,9,2000-01-01 00:26:41,run/data/admin/debug.log,9120
651,00aac056d5a967f941483e15a7555ce41f7ac7a7d4718442c8dccce45eb3d697,1WZPCjFVjDt2AkwLnqG5BfyoxCWtkqFRU8YSSF,m1,4,admin m1 m2 m3,11,2000-01-01 00:26:40,run/data/admin/debug.log,9109
652,00283a0256e83eb4a05dd32dca41f1dc43fd6951df96568c64454715867adb8f,1WZPCjFVjDt2AkwLnqG5BfyoxCWtkqFRU8YSSF,m1,4,admin m1 m2 m3,8,2000-01-01 00:26:42,run/data/admin/debug.log,9139
653,009f21e17544787250640a4e093b5bd2689a7d07299bb69311f5b19d5b32ae51,1WZPCjFVjDt2AkwLnqG5BfyoxCWtkqFRU8YSSF,m1,4,admin m1 m2 m3,8,2000-01-01 00:26:45,run/data/admin/debug.log,9153
654,00d1b2627bc2b5354820c17b7031ac59281330a8161d851fa2e63e72a9611f8f,1WZPCjFVjDt2AkwLnqG5BfyoxCWtkqFRU8YSSF,m1,4,admin m1 m2 m3,8,2000-01-01 00:26:47,run/data/admin/debug.log,9168
655,00eae5e8588fb81bb940561d2b870deea64def85f52d8793a1f2ca62756c85d5,1WZPCjFVjDt2AkwLnqG5BfyoxCWtkqFRU8YSSF,m1,4,admin m1 m2 m3,8,2000-01-01 00:26:49,run/data/admin/debug.log,9182
656,00102d66a2ef04775455831697a06e6d4d0cf74032236add0c653369236eb09f,1WZPCjFVjDt2AkwLnqG5BfyoxCWtkqFRU8YSSF,m1,4,admin m1 m2 m3,8,2000-01-01 00:26:51,run/data/admin/debug.log,9196
657,006526febd9073bab5cb6387d9d154f07786598007e7fc08ffc70f74177e4bdc,1WZPCjFVjDt2AkwLnqG5BfyoxCWtkqFRU8YSSF,m1,4,admin m1 m2 m3,8,2000-01-01 00:26:54,run/data/admin/debug.log,9211
658,0080742b5f4219200f3ef990d1a26a5d94c6746e83a8d3f0e6367f15c843d244,1WZPCjFVjDt2AkwLnqG5BfyoxCWtkqFRU8YSSF,m1,4,admin m1 m2 m3,8,2000-01-01 00:26:56,run/data/admin/debug.log,9225
659,0033b532241368d8647db0de0840cc01c2c868b2da12c3508a69c57ab40dac6a,1WZPCjFVjDt2AkwLnqG5BfyoxCWtkqFRU8YSSF,m1,4,admin m1 m2 m3,8,2000-01-01 00:26:59,run/data/admin/debug.log,9239
660,00d868042780804a56af1444751df72fa7c2ff655d9e9122951719702441214c,1WZPCjFVjDt2AkwLnqG5BfyoxCWtkqFRU8YSSF,m1,4,admin m1 m2 m3,8,2000-01-01 00:27:02,run/data/admin/debug.log,9254
661,005b912824e5cfaddebfffa1022f800b6b5a24701c0b99bad7dab57f65dc83d6,1WZPCjFVjDt2AkwLnqG5BfyoxCWtkqFRU8YSSF,m1,4,admin m1 m2 m3,8,2000-01-01 00:27:04,run/data/admin/debug.log,9268
662,0090b849f5aa1a708617f802e0bb1637443fa81c630eaca254bde92f473b3d87,1WZPCjFVjDt2AkwLnqG5BfyoxCWtkqFRU8YSSF,m1,4,admin m1 m2 m3,8,2000-01-01 00:27:08,run/data/admin/debug.log,9282
663,008149a42c21f166f32da14d979ebc31cd34a3b21e29b3fbc1295fb0de9d30f8,1WZPCjFVjDt2AkwLnqG5BfyoxCWtkqFRU8YSSF,m1,4,admin m1 m2 m3,8,2000-01-01 00:27:11,run/data/admin/debug.log,9296
664,00bd228f077b2c700662eee32c1005b50e06436b0f1b6713b9badfa76b4a99ac,1WZPCjFVjDt2AkwLnqG5BfyoxCWtkqFRU8YSSF,m1,4,admin m1 m2 m3,8,2000-01-01 00:27:13,run/data/admin/debug.log,9310
665,002f0b36e347ea5459aa513aa3008f6c161787d8415b33b061739d9a25912575,1WZPCjFVjDt2AkwLnqG5BfyoxCWtkqFRU8YSSF,m1,4,admin m1 m2 m3,11,2000-01-01 00:27:17,run/data/admin/debug.log,9324
665,005f836950e22d6a43712e0b24a941b32645e0a7c3b21fb38f262d50925c8262,1Qfy23H5N3KcwZ4CW25K68hY7T9BMNCYG9n3d8,m2,4,admin m1 m2 m3,9,2000-01-01 00:27:17,run/data/admin/debug.log,9335
666,00ad15fd8162dcc1c56545bd6fbaa29bf0261c640af3f2b5d0a5a506ed39ecf4,1WZPCjFVjDt2AkwLnqG5BfyoxCWtkqFRU8YSSF,m1,4,admin m1 m2 m3,8,2000-01-01 00:27:19,run/data/admin/debug.log,9355
667,00f12df65736982ee7f2d6f71394776d3295f7c02b7af6327e192a87ba4a1f16,1WZPCjFVjDt2AkwLnqG5BfyoxCWtkqFRU8YSSF,m1,4,admin m1 m2 m3,8,2000-01-01 00:27:20,run/data/admin/debug.log,9369
668,000be0a534a4964dacfa04b4dc9f5e480d9f5bcfd23e2a5b8b45753a5ac3d70a,1Qfy23H5N3KcwZ4CW25K68hY7T9BMNCYG9n3d8,m2,4,admin m1 m2 m3,9,2000-01-01 00:27:22,run/data/admin/debug.log,9394
668,000da6643b491503fbe3c3d65df3cdbd499226f470c7479a7836337c0417364d,1WZPCjFVjDt2AkwLnqG5BfyoxCWtkqFRU8YSSF,m1,4,admin m1 m2 m3,11,2000-01-01 00:27:22,run/data/admin/debug.log,9383
669,00258beb0773607aa93d79896be533d7e59638c8f1bacb6299278f3363f03d83,1Qfy23H5N3KcwZ4CW25K68hY7T9BMNCYG9n3d8,m2,4,admin m1 m2 m3,9,2000-01-01 00:27:26,run/data/admin/debug.log,9426
669,00ceda36991c817f9f2c10fdd08a21e56647b385801f173acab696655191840c,1WZPCjFVjDt2AkwLnqG5BfyoxCWtkqFRU8YSSF,m1,4,admin m1 m2 m3,11,2000-01-01 00:27:25,run/data/admin/debug.log,9415
670,008d0ceb5a7636dc905f35fcc7d955a7264dd38d917f1ee41207dff719203af8,1Qfy23H5N3KcwZ4CW25K68hY7T9BMNCYG9n3d8,m2,4,admin m1 m2 m3,9,2000-01-01 00:27:29,run/data/admin/debug.log,9456
670,00cb135f77eef9fbd527e2569022eef226805ea7b46a5ad9215b5a67dd762089,1WZPCjFVjDt2AkwLnqG5BfyoxCWtkqFRU8YSSF,m1,4,admin m1 m2 m3,11,2000-01-01 00:27:29,run/data/admin/debug.log,9445
671,007c20ed4babe47af3309d0d06214d89c5d7f0462a225102ab01907dcb571576,1WZPCjFVjDt2AkwLnqG5BfyoxCWtkqFRU8YSSF,m1,4,admin m1 m2 m3,14,2000-01-01 00:27:32,run/data/admin/debug.log,9475
671,0087cdfdc6b1b3eef891440c5605be3dde55826376165c893e22d0c2279c4ba4,1VTJbaQB66KoiL8iWQrPES7Ub7ZDzy3XFu8DwG,m3,4,admin m1 m2 m3,10,2000-01-01 00:27:32,run/data/admin/debug.log,9502
671,00aa9932e5f80138f47c8c89010312df9e15cdfdb1dbafc70a0ef36481a82d58,1Qfy23H5N3KcwZ4CW25K68hY7T9BMNCYG9n3d8,m2,4,admin m1 m2 m3,12,2000-01-01 00:27:32,run/data/admin/debug.log,9486
672,0092a767aa718e9f9b87b8744acee87ad9dcd510d4e10a40c43a83a4f8438bbe,1WZPCjFVjDt2AkwLnqG5BfyoxCWtkqFRU8YSSF,m1,4,admin m1 m2 m3,8,2000-01-01 00:27:34,run/data/admin/debug.log,9526
673,00454f8125a6cca376fdd915ff44eb059004598bb00e799b2a393eb6f7335b87,1WZPCjFVjDt2AkwLnqG5BfyoxCWtkqFRU8YSSF,m1,4,admin m1 m2 m3,8,2000-01-01 00:27:37,run/data/admin/debug.log,9540
674,0024274fd67567f6e27f6da266daefc2404463265bcb1e34f514eeabc8318550,1WZPCjFVjDt2AkwLnqG5BfyoxCWtkqFRU8YSSF,m1,4,admin m1 m2 m3,8,2000-01-01 00:27:39,run/data/admin/debug.log,9554
675,00fbbb462c8f7391987cb2f97bf767f1fe2712a0834e2827f4132e941116f73f,1WZPCjFVjDt2AkwLnqG5BfyoxCWtkqFRU8YSSF,m1,4,admin m1 m2 m3,8,2000-01-01 00:27:42,run/data/admin/debug.log,9568
676,00ebbd7e5e78227c3cb942d2648179268e6b4ba4f6028297d7207aa84cdae9c0,1WZPCjFVjDt2AkwLnqG5BfyoxCWtkqFRU8YSSF,m1,4,admin m1 m2 m3,8,2000-01-01 00:27:45,run/data/admin/debug.log,9582
677,000401563d7b08a34782619e7d1f78359b42cead103c5a5f33707806c97ff0d9,1WZPCjFVjDt2AkwLnqG5BfyoxCWtkqFRU8YSSF,m1,4,admin m1 m2 m3,8,2000-01-01 00:27:49,run/data/admin/debug.log,9596
678,002a7430d7c5b68de3f94853eef3bb2b8710defab833ca6fb2d698681121064b,1VTJbaQB66KoiL8iWQrPES7Ub7ZDzy3XFu8DwG,m3,4,admin m1 m2 m3,9,2000-01-01 00:27:52,run/data/admin/debug.log,9625
678,003759d675276b6de2e1c7d386e14f3a50670bc0b163ba458c3611da6956bf0b,1WZPCjFVjDt2AkwLnqG5BfyoxCWtkqFRU8YSSF,m1,4,admin m1 m2 m3,11,2000-01-01 00:27:52,run/data/admin/debug.log,9611
679,0079510d51bb1bca8b299043521ccb2043ae81bcc8f97946a177e6b604558f7d,1WZPCjFVjDt2AkwLnqG5BfyoxCWtkqFRU8YSSF,m1,4,admin m1 m2 m3,8,2000-01-01 00:27:54,run/data/admin/debug.log,9642
680,006afca9bde22ae02fed65c5a4f631395898645a2b5034d0b99fb6c20055997a,1WZPCjFVjDt2AkwLnqG5BfyoxCWtkqFRU8YSSF,m1,4,admin m1 m2 m3,11,2000-01-01 00:27:57,run/data/admin/debug.log,9656
680,00eaf3e019c0f5d3f916e4a8580621db261338f83eef4e7161bfefed11231ee3,1VTJbaQB66KoiL8iWQrPES7Ub7ZDzy3XFu8DwG,m3,4,admin m1 m2 m3,9,2000-01-01 00:27:58,run/data/admin/debug.log,9667
681,00011859ec5e3f51a5bcf9d3dab73d1d1af16f002869501917643512e266b39b,1VTJbaQB66KoiL8iWQrPES7Ub7ZDzy3XFu8DwG,m3,4,admin m1 m2 m3,9,2000-01-01 00:28:01,run/data/admin/debug.log,9703
681,004da514a2194247eeac80796de56e0da71d9648f495a4bc8ddde4f243cc6a60,1WZPCjFVjDt2AkwLnqG5BfyoxCWtkqFRU8YSSF,m1,4,admin m1 m2 m3,11,2000-01-01 00:28:01,run/data/admin/debug.log,9689
682,00f867b8855590c5dd08861222a431d7b3c03bbaeb0a26fe6539f50d5b46066f,1WZPCjFVjDt2AkwLnqG5BfyoxCWtkqFRU8YSSF,m1,4,admin m1 m2 m3,8,2000-01-01 00:28:03,run/data/admin/debug.log,9719
683,005b9fabcbb1a9fdfb47952bf466bf315b4f3f028ac7c29ed592db532f775d96,1WZPCjFVjDt2AkwLnqG5BfyoxCWtkqFRU8YSSF,m1,4,admin m1 m2 m3,8,2000-01-01 00:28:05,run/data/admin/debug.log,9733
684,00f1aab9af14de50d76d8c16a6d18408ea560829ce960d4dc63b14d99900e64a,1WZPCjFVjDt2AkwLnqG5BfyoxCWtkqFRU8YSSF,m1,4,admin m1 m2 m3,8,2000-01-01 00:28:07,run/data/admin/debug.log,9747
685,00685223ac9e5a1553182a3377681c6dfcdf95e830208d9a347b4f651812557c,1Qfy23H5N3KcwZ4CW25K68hY7T9BMNCYG9n3d8,m2,4,admin m1 m2 m3,9,2000-01-01 00:28:11,run/data/admin/debug.log,9772
685,00d8fc9eb5e5a33186ceb0c93fed2df874fe7b84cfec2b9b23860c150acb1bf7,1WZPCjFVjDt2AkwLnqG5BfyoxCWtkqFRU8YSSF,m1,4,admin m1 m2 m3,11,2000-01-01 00:28:11,run/data/admin/debug.log,9761
686,00830637af9aaf27629f9665cfa5465ed90723be1aa1b9e86d9fefaca7159802,1WZPCjFVjDt2AkwLnqG5BfyoxCWtkqFRU8YSSF,m1,4,admin m1 m2 m3,8,2000-01-01 00:28:13,run/data/admin/debug.log,9791
687,00c1bf13e62bd0da025c71ae986008ceefec7430d1c803904ab8dbe2a420e71c,1WZPCjFVjDt2AkwLnqG5BfyoxCWtkqFRU8YSSF,m1,4,admin m1 m2 m3,14,2000-01-01 00:28:16,run/data/admin/debug.log,9805
687,00cd5686767edd9bc75b933478b8133b343e07c99017b5c2d7030da6e94d0707,1VTJbaQB66KoiL8iWQrPES7Ub7ZDzy3XFu8DwG,m3,4,admin m1 m2 m3,10,2000-01-01 00:28:16,run/data/admin/debug.log,9832
687,00e93775f34c4842be814da9105da91cee2453c905528a4119a508d22e83aaf9,1Qfy23H5N3KcwZ4CW25K68hY7T9BMNCYG9n3d8,m2,4,admin m1 m2 m3,12,2000-01-01 00:28:16,run/data/admin/debug.log,9816
688,002203a6c1f3b783f0787c81d858a73a64899265e69c374555434423c5cb3b0f,1WZPCjFVjDt2AkwLnqG5BfyoxCWtkqFRU8YSSF,m1,4,admin m1 m2 m3,14,2000-01-01 00:28:20,run/data/admin/debug.log,9856
688,00a1fb21fdf21a496951981c1f8342c22a5c75c897c3c50ac8d11f9367e9fe20,1Qfy23H5N3KcwZ4CW25K68hY7T9BMNCYG9n3d8,m2,4,admin m1 m2 m3,12,2000-01-01 00:28:20,run/data/admin/debug.log,9867
688,00a92dedb7823400ca40e0f0b05a7945adac48ebafac3dfbdf1e80864967165e,1VTJbaQB66KoiL8iWQrPES7Ub7ZDzy3XFu8DwG,m3,4,admin m1 m2 m3,10,2000-01-01 00:28:20,run/data/admin/debug.log,9883
689,0071f2aa036624a50210227db506f371b47824564adff537f1c5145059120c5e,1WZPCjFVjDt2AkwLnqG5BfyoxCWtkqFRU8YSSF,m1,4,admin m1 m2 m3,10,2000-01-01 00:28:22,run/data/admin/debug.log,9925
689,00dee0edb703b24fe4c40d1006793132d36b760203347ee225d6e5f9489be3dc,1Qfy23H5N3KcwZ4CW25K68hY7T9BMNCYG9n3d8,m2,4,admin m1 m2 m3,10,2000-01-01 00:28:22,run/data/admin/debug.log,9907
690,00b5d8d33de35d994eca8ff2c8ca77b193d1dc4ccdf677398197c8980e6b195c,1Qfy23H5N3KcwZ4CW25K68hY7T9BMNCYG9n3d8,m2,4,admin m1 m2 m3,8,2000-01-01 00:28:24,run/data/admin/debug.log,9947
691,0034eb2198e5223f40a4e2497826a640cb9060c9f7694d1b59fde9057c7839c5,1Qfy23H5N3KcwZ4CW25K68hY7T9BMNCYG9n3d8,m2,4,admin m1 m2 m3,8,2000-01-01 00:28:27,run/data/admin/debug.log,9961
692,001f3e06db7816b1793bc3c1966a13b57013e054195d2710d5b532c6c28f2c4b,1Qfy23H5N3KcwZ4CW25K68hY7T9BMNCYG9n3d8,m2,4,admin m1 m2 m3,10,2000-01-01 00:28:31,run/data/admin/debug.log,9975
692,00685a2d5ecbbaa69d4becb5673fd81b4621067cb0ed8349def50ce945343f5b,1WZPCjFVjDt2AkwLnqG5BfyoxCWtkqFRU8YSSF,m1,4,admin m1 m2 m3,10,2000-01-01 00:28:31,run/data/admin/debug.log,9986
693,005f9747ecad946184dad6eeb7d2a6ebfd67a023478dab3bd8ac6034f6268ce3,1WZPCjFVjDt2AkwLnqG5BfyoxCWtkqFRU8YSSF,m1,4,admin m1 m2 m3,8,2000-01-01 00:28:33,run/data/admin/debug.log,10005
694,009e5093d0c54e20aeb6ac7b866077a756159bcf3780fe87a101d1517d800969,1WZPCjFVjDt2AkwLnqG5BfyoxCWtkqFRU8YSSF,m1,4,admin m1 m2 m3,8,2000-01-01 00:28:34,run/data/admin/debug.log,10023
695,00bceba6f2842ea416c877be3ad9bc4b371eb7e79e57b2c3b2f3478202d36b10,1WZPCjFVjDt2AkwLnqG5BfyoxCWtkqFRU8YSSF,m1,4,admin m1 m2 m3,8,2000-01-01 00:28:36,run/data/admin/debug.log,10037
696,00453a5c28c2b0c8478992b553062107f3a744cb3fa70287fcf41534b01fab30,1WZPCjFVjDt2AkwLnqG5BfyoxCWtkqFRU8YSSF,m1,4,admin m1 m2 m3,8,2000-01-01 00:28:40,run/data/admin/debug.log,10051
697,001fa047ea49befd6f262e8142935fdcab540a9d51a38fda3247cbbb8e62c19c,1Qfy23H5N3KcwZ4CW25K68hY7T9BMNCYG9n3d8,m2,4,admin m1 m2 m3,10,2000-01-01 00:28:43,run/data/admin/debug.log,10065
697,0041159a30de7a4f2e6c34d4649abb3365e05c0905371265399cbcdfc2e019d5,1WZPCjFVjDt2AkwLnqG5BfyoxCWtkqFRU8YSSF,m1,4,admin m1 m2 m3,10,2000-01-01 00:28:43,run/data/admin/debug.log,10076
698,00adfb76bd56b5fb1cac2f5cf294d3d611bb685c8d96964e14aba2f3417c414b,1WZPCjFVjDt2AkwLnqG5BfyoxCWtkqFRU8YSSF,m1,4,admin m1 m2 m3,8,2000-01-01 00:28:45,run/data/admin/debug.log,10095
699,00404e83289692a23c75fbb52299ac666bec4ca937ee8536e2ec7086190666a0,1WZPCjFVjDt2AkwLnqG5BfyoxCWtkqFRU8YSSF,m1,4,admin m1 m2 m3,8,2000-01-01 00:28:47,run/data/admin/debug.log,10113
700,0036fa090ccfab19e1f617a275ff1325de16224ed2ce12178f1213faff198016,1WZPCjFVjDt2AkwLnqG5BfyoxCWtkqFRU8YSSF,m1,4,admin m1 m2 m3,8,2000-01-01 00:28:50,run/data/admin/debug.log,10127
701,00b2bcfacd9f34c2213009a9c4b408fe271603e1767ae08960b6745018d94614,1WZPCjFVjDt2AkwLnqG5BfyoxCWtkqFRU8YSSF,m1,4,admin m1 m2 m3,10,2000-01-01 00:28:54,run/data/admin/debug.log,10152
701,00e2731df35843068cabce25df2dad8b4595929c73540dad37028d123e3a0665,1Qfy23H5N3KcwZ4CW25K68hY7T9BMNCYG9n3d8,m2,4,admin m1 m2 m3,10,2000-01-01 00:28:54,run/data/admin/debug.log,10141
702,00fc5525be7f042160ba1f85f91b7a191bff305d8d27f0c2931031d7d792783a,1WZPCjFVjDt2AkwLnqG5BfyoxCWtkqFRU8YSSF,m1,4,admin m1 m2 m3,8,2000-01-01 00:28:56,run/data/admin/debug.log,10173
703,001078cb3e660ba276c4e06444c58050e2177b5581acca619b82f87ef2483ad8,1WZPCjFVjDt2AkwLnqG5BfyoxCWtkqFRU8YSSF,m1,4,admin m1 m2 m3,8,2000-01-01 00:28:58,run/data/admin/debug.log,10191
