experiment_id,replication_id,area,target_block_time,dumpfunction,malus_enabled,weight_epoch_length,height,epoch,epoch_buried,candidate_host,candidate_address,weight_raw_inforce,weight_record_epoch_tag,weight_record_confirm_height,psi,weight_effective,W_tot_effective,p_theoretical,score_raw,E_i,u_i,score_norm,phi_s,phi_bound_s,delay_logged_s,delay_recomputed_s,delay_mismatch_s,delay_recompute_ok,W_tot_implied_by_logged_delay,is_winner,rank_by_delay,rank_by_score,is_theoretical_argmin_delay,is_theoretical_argmin_score,actual_proposer_host,actual_proposer_address,block_hash,block_time,parent_time,verify_delay_floor_s,time_bar_ok,fork_detected,n_competing_blocks,balance_gas_sample,balance_sample_height,streak_position
run1-tbt-15s,1,regionale,15,none,true,12,61,6,1,m1,1YLDd55XmgLpCAy6ncxQKNEsQ8HSppoxHySYBe,89605,4,54,1.0,89605.0,147292.0,0.608349,1.32130158e-05,1.18395228,0.30606668,0.85718019,-0.917,7.500,20.174,20.1743,0.0003,1,,0,2,2,0,0,m2,1QfNfpZhwfH6CM4ixrSJgDoDJhiRFdtubEjpYo,0092c05fad78bd8695ebc794d0068714bda926b9db77ebd1282d1abc91943dae,946685720,946685702,16,1,0,0,7.2101,60,
run1-tbt-15s,1,regionale,15,none,true,12,61,6,1,m2,1QfNfpZhwfH6CM4ixrSJgDoDJhiRFdtubEjpYo,44838,4,54,1.0,44838.0,147292.0,0.304416,5.90814346e-06,0.26490934,0.76727551,0.58114156,-0.917,7.500,16.034,16.0337,-0.0003,1,,1,1,1,1,1,m2,1QfNfpZhwfH6CM4ixrSJgDoDJhiRFdtubEjpYo,0092c05fad78bd8695ebc794d0068714bda926b9db77ebd1282d1abc91943dae,946685720,946685702,16,1,0,0,9.4222,60,1
run1-tbt-15s,1,regionale,15,none,true,12,61,6,1,m3,126zpQGvcdYaSuvkAvrpLoXoNrPtK4JEbekAiJ,12849,4,54,1.0,12849.0,147292.0,0.087235,4.02719334e-05,0.51745407,0.59603608,0.99734612,-0.917,7.500,22.277,22.2768,-0.0002,1,,0,3,3,0,0,m2,1QfNfpZhwfH6CM4ixrSJgDoDJhiRFdtubEjpYo,0092c05fad78bd8695ebc794d0068714bda926b9db77ebd1282d1abc91943dae,946685720,946685702,16,1,0,0,18.4374,60,
run1-tbt-15s,1,regionale,15,none,true,12,62,6,1,m1,1YLDd55XmgLpCAy6ncxQKNEsQ8HSppoxHySYBe,89605,4,54,1.0,89605.0,147292.0,0.608349,2.54835467e-05,2.2834532,0.10193161,0.97656495,-1.167,7.500,21.915,21.9151,0.0001,1,,0,2,2,0,0,m2,1QfNfpZhwfH6CM4ixrSJgDoDJhiRFdtubEjpYo,000c32e47acfab6e562808f5c2767f397220c634ad8cca067cbceffc2f9fb155,946685737,946685720,17,1,0,0,107.2101,62,
run1-tbt-15s,1,regionale,15,none,true,12,62,6,1,m2,1QfNfpZhwfH6CM4ixrSJgDoDJhiRFdtubEjpYo,44838,4,54,1.0,44838.0,147292.0,0.304416,7.34506112e-06,0.32933785,0.71939993,0.6610385,-1.167,7.500,17.182,17.1822,0.0002,1,,1,1,1,1,1,m2,1QfNfpZhwfH6CM4ixrSJgDoDJhiRFdtubEjpYo,000c32e47acfab6e562808f5c2767f397220c634ad8cca067cbceffc2f9fb155,946685737,946685720,17,1,0,0,110.234,62,2
run1-tbt-15s,1,regionale,15,none,true,12,62,6,1,m3,126zpQGvcdYaSuvkAvrpLoXoNrPtK4JEbekAiJ,12849,4,54,1.0,12849.0,147292.0,0.087235,5.72869947e-05,0.73608059,0.47898759,0.9997835,-1.167,7.500,22.263,22.2634,0.0004,1,,0,3,3,0,0,m2,1QfNfpZhwfH6CM4ixrSJgDoDJhiRFdtubEjpYo,000c32e47acfab6e562808f5c2767f397220c634ad8cca067cbceffc2f9fb155,946685737,946685720,17,1,0,0,118.772,62,
run1-tbt-15s,1,regionale,15,none,true,12,63,6,1,m1,1YLDd55XmgLpCAy6ncxQKNEsQ8HSppoxHySYBe,89605,4,54,1.0,89605.0,147292.0,0.608349,3.66480024e-06,0.32838443,0.72008615,0.41713271,-1.167,7.500,13.524,13.5236,-0.0004,1,,1,1,1,1,1,m1,1YLDd55XmgLpCAy6ncxQKNEsQ8HSppoxHySYBe,008a6044e962af5a7f6e3501b5cce5ae517d57c9f521c2ea934f5ffeecc2cfaa,946685753,946685737,13,1,0,0,107.2101,62,1
run1-tbt-15s,1,regionale,15,none,true,12,63,6,1,m2,1QfNfpZhwfH6CM4ixrSJgDoDJhiRFdtubEjpYo,44838,4,54,1.0,44838.0,147292.0,0.304416,1.18887838e-05,0.53306929,0.58680114,0.82642105,-1.167,7.500,19.663,19.6629,-0.0001,1,,0,2,2,0,0,m1,1YLDd55XmgLpCAy6ncxQKNEsQ8HSppoxHySYBe,008a6044e962af5a7f6e3501b5cce5ae517d57c9f521c2ea934f5ffeecc2cfaa,946685753,946685737,13,1,0,0,110.234,62,
run1-tbt-15s,1,regionale,15,none,true,12,63,6,1,m3,126zpQGvcdYaSuvkAvrpLoXoNrPtK4JEbekAiJ,12849,4,54,1.0,12849.0,147292.0,0.087235,0.000149377792,1.91935525,0.14670152,1.0,-1.167,7.500,22.267,22.2666,-0.0004,1,,0,3,3,0,0,m1,1YLDd55XmgLpCAy6ncxQKNEsQ8HSppoxHySYBe,008a6044e962af5a7f6e3501b5cce5ae517d57c9f521c2ea934f5ffeecc2cfaa,946685753,946685737,13,1,0,0,118.772,62,
run1-tbt-15s,1,regionale,15,none,true,12,64,6,1,m1,1YLDd55XmgLpCAy6ncxQKNEsQ8HSppoxHySYBe,89605,4,54,1.0,89605.0,147292.0,0.608349,4.1228831e-06,0.36943094,0.69112751,0.4551625,-1.5,7.500,14.027,14.0274,0.0004,1,,1,1,1,1,1,m1,1YLDd55XmgLpCAy6ncxQKNEsQ8HSppoxHySYBe,003d343ef2421896c5d7bb6b51b8d16c09c4e372a83f1ac5fcbc1e1b0b8dcdd8,946685767,946685753,14,1,0,0,107.6001,64,2
run1-tbt-15s,1,regionale,15,none,true,12,64,6,1,m2,1QfNfpZhwfH6CM4ixrSJgDoDJhiRFdtubEjpYo,44838,4,54,1.0,44838.0,147292.0,0.304416,1.62875661e-05,0.73030189,0.48176353,0.90919384,-1.5,7.500,20.838,20.8379,-0.0001,1,,0,2,2,0,0,m1,1YLDd55XmgLpCAy6ncxQKNEsQ8HSppoxHySYBe,003d343ef2421896c5d7bb6b51b8d16c09c4e372a83f1ac5fcbc1e1b0b8dcdd8,946685767,946685753,14,1,0,0,110.5126,64,
run1-tbt-15s,1,regionale,15,none,true,12,64,6,1,m3,126zpQGvcdYaSuvkAvrpLoXoNrPtK4JEbekAiJ,12849,4,54,1.0,12849.0,147292.0,0.087235,0.000113148172,1.45384086,0.23367106,0.99999994,-1.5,7.500,22.2,22.2,-0.0,1,,0,3,3,0,0,m1,1YLDd55XmgLpCAy6ncxQKNEsQ8HSppoxHySYBe,003d343ef2421896c5d7bb6b51b8d16c09c4e372a83f1ac5fcbc1e1b0b8dcdd8,946685767,946685753,14,1,0,0,118.772,64,
run1-tbt-15s,1,regionale,15,none,true,12,65,6,1,m1,1YLDd55XmgLpCAy6ncxQKNEsQ8HSppoxHySYBe,89605,4,54,1.0,89605.0,147292.0,0.608349,8.87463929e-06,0.79521205,0.45148549,0.72941348,-1.333,7.500,18.175,18.1746,-0.0004,1,,1,1,1,1,1,m1,1YLDd55XmgLpCAy6ncxQKNEsQ8HSppoxHySYBe,00e7736445b06d1fe4bbee589d51f86ea9bc21140981ab57dc53b51534dcd385,946685786,946685767,18,1,0,0,107.8287,65,3
run1-tbt-15s,1,regionale,15,none,true,12,65,6,1,m2,1QfNfpZhwfH6CM4ixrSJgDoDJhiRFdtubEjpYo,44838,4,54,1.0,44838.0,147292.0,0.304416,7.7383306e-05,3.46971267,0.03112597,0.99998878,-1.333,7.500,22.233,22.2332,0.0002,1,,0,3,2,0,0,m1,1YLDd55XmgLpCAy6ncxQKNEsQ8HSppoxHySYBe,00e7736445b06d1fe4bbee589d51f86ea9bc21140981ab57dc53b51534dcd385,946685786,946685767,18,1,0,0,110.4066,65,
run1-tbt-15s,1,regionale,15,none,true,12,65,6,1,m3,126zpQGvcdYaSuvkAvrpLoXoNrPtK4JEbekAiJ,12849,4,54,1.0,12849.0,147292.0,0.087235,7.74663208e-05,0.99536476,0.36958861,0.99998892,-1.333,7.500,22.233,22.2332,0.0002,1,,0,2,3,0,0,m1,1YLDd55XmgLpCAy6ncxQKNEsQ8HSppoxHySYBe,00e7736445b06d1fe4bbee589d51f86ea9bc21140981ab57dc53b51534dcd385,946685786,946685767,18,1,0,0,118.772,65,
run1-tbt-15s,1,regionale,15,none,true,12,66,6,1,m1,1YLDd55XmgLpCAy6ncxQKNEsQ8HSppoxHySYBe,89605,4,54,1.0,89605.0,147292.0,0.608349,6.64426165e-06,0.59535907,0.55136455,0.62418061,-1.583,7.500,16.546,16.5461,0.0001,1,,1,1,1,1,1,m1,1YLDd55XmgLpCAy6ncxQKNEsQ8HSppoxHySYBe,00f7d05de3353fe859a30628c7fd267cb88af15cb3b0944babc50baa9a4a1e80,946685803,946685786,16,1,0,0,107.8287,65,4
run1-tbt-15s,1,regionale,15,none,true,12,66,6,1,m2,1QfNfpZhwfH6CM4ixrSJgDoDJhiRFdtubEjpYo,44838,4,54,1.0,44838.0,147292.0,0.304416,7.48683938e-05,3.35694904,0.0348414,0.99998375,-1.583,7.500,22.183,22.1832,0.0002,1,,0,3,3,0,0,m1,1YLDd55XmgLpCAy6ncxQKNEsQ8HSppoxHySYBe,00f7d05de3353fe859a30628c7fd267cb88af15cb3b0944babc50baa9a4a1e80,946685803,946685786,16,1,0,0,110.4066,65,
run1-tbt-15s,1,regionale,15,none,true,12,66,6,1,m3,126zpQGvcdYaSuvkAvrpLoXoNrPtK4JEbekAiJ,12849,4,54,1.0,12849.0,147292.0,0.087235,5.07678186e-05,0.6523157,0.52083827,0.99943444,-1.583,7.500,22.175,22.1749,-0.0001,1,,0,2,2,0,0,m1,1YLDd55XmgLpCAy6ncxQKNEsQ8HSppoxHySYBe,00f7d05de3353fe859a30628c7fd267cb88af15cb3b0944babc50baa9a4a1e80,946685803,946685786,16,1,0,0,118.772,65,
run1-tbt-15s,1,regionale,15,none,true,12,67,6,1,m1,1YLDd55XmgLpCAy6ncxQKNEsQ8HSppoxHySYBe,96314,5,66,1.0,96314.0,157948.0,0.609783,1.61705171e-06,0.15574472,0.85577763,0.22540122,-1.833,7.500,10.514,10.5144,0.0004,1,,1,1,1,1,1,m1,1YLDd55XmgLpCAy6ncxQKNEsQ8HSppoxHySYBe,00b5a97ca8a6664cb3b085e85a35562a5dfe874c63d3a2b3df7df9123216c5d0,946685814,946685803,10,1,0,0,107.8287,65,5
run1-tbt-15s,1,regionale,15,none,true,12,67,6,1,m2,1QfNfpZhwfH6CM4ixrSJgDoDJhiRFdtubEjpYo,48785,5,66,1.0,48785.0,157948.0,0.308867,2.92400915e-06,0.14264779,0.86705941,0.36987773,-1.833,7.500,12.681,12.6816,0.0006,1,,0,2,2,0,0,m1,1YLDd55XmgLpCAy6ncxQKNEsQ8HSppoxHySYBe,00b5a97ca8a6664cb3b085e85a35562a5dfe874c63d3a2b3df7df9123216c5d0,946685814,946685803,10,1,0,0,110.4066,65,
run1-tbt-15s,1,regionale,15,none,true,12,67,6,1,m3,126zpQGvcdYaSuvkAvrpLoXoNrPtK4JEbekAiJ,12849,4,54,1.0,12849.0,157948.0,0.08135,6.75069919e-05,0.86739734,0.42004336,0.9999766,-1.833,7.500,22.133,22.133,0.0,1,,0,3,3,0,0,m1,1YLDd55XmgLpCAy6ncxQKNEsQ8HSppoxHySYBe,00b5a97ca8a6664cb3b085e85a35562a5dfe874c63d3a2b3df7df9123216c5d0,946685814,946685803,10,1,0,0,118.772,65,
run1-tbt-15s,1,regionale,15,none,true,12,68,6,1,m1,1YLDd55XmgLpCAy6ncxQKNEsQ8HSppoxHySYBe,96314,5,66,1.0,96314.0,157948.0,0.609783,1.13122914e-05,1.08953203,0.33637387,0.83249696,-1.333,7.500,19.721,19.7209,-0.0001,1,,0,2,2,0,0,m2,1QfNfpZhwfH6CM4ixrSJgDoDJhiRFdtubEjpYo,00e2f15a4327fda13c6af1367fb1693e4935c0e713b8b411406c90d21ebb0aa0,946685827,946685814,11,1,0,0,108.9327,68,
run1-tbt-15s,1,regionale,15,none,true,12,68,6,1,m2,1QfNfpZhwfH6CM4ixrSJgDoDJhiRFdtubEjpYo,48785,5,66,1.0,48785.0,157948.0,0.308867,2.06464078e-06,0.1007235,0.904183,0.27827123,-1.333,7.500,11.407,11.4075,0.0005,1,,1,1,1,1,1,m2,1QfNfpZhwfH6CM4ixrSJgDoDJhiRFdtubEjpYo,00e2f15a4327fda13c6af1367fb1693e4935c0e713b8b411406c90d21ebb0aa0,946685827,946685814,11,1,0,0,110.4066,68,1
run1-tbt-15s,1,regionale,15,none,true,12,68,6,1,m3,126zpQGvcdYaSuvkAvrpLoXoNrPtK4JEbekAiJ,12849,4,54,1.0,12849.0,157948.0,0.08135,4.26320776e-05,0.54777957,0.57823231,0.99880982,-1.333,7.500,22.215,22.2155,0.0005,1,,0,3,3,0,0,m2,1QfNfpZhwfH6CM4ixrSJgDoDJhiRFdtubEjpYo,00e2f15a4327fda13c6af1367fb1693e4935c0e713b8b411406c90d21ebb0aa0,946685827,946685814,11,1,0,0,118.772,68,
run1-tbt-15s,1,regionale,15,none,true,12,69,6,1,m1,1YLDd55XmgLpCAy6ncxQKNEsQ8HSppoxHySYBe,96314,5,66,1.0,96314.0,157948.0,0.609783,1.67301724e-05,1.61134982,0.19961798,0.92881672,-1.083,7.500,21.216,21.2157,-0.0003,1,,1,1,1,1,1,m1,1YLDd55XmgLpCAy6ncxQKNEsQ8HSppoxHySYBe,00cd8a9682947ec5229b3de6e1f4a81dab40c36a0ed299e653bd6cef85571491,946685851,946685827,21,1,1,1,108.9327,69,1
run1-tbt-15s,1,regionale,15,none,true,12,69,6,1,m2,1QfNfpZhwfH6CM4ixrSJgDoDJhiRFdtubEjpYo,48785,5,66,1.0,48785.0,157948.0,0.308867,3.18831284e-05,1.55541842,0.21110104,0.9934995,-1.083,7.500,22.186,22.1859,-0.0001,1,,0,2,2,0,0,m1,1YLDd55XmgLpCAy6ncxQKNEsQ8HSppoxHySYBe,00cd8a9682947ec5229b3de6e1f4a81dab40c36a0ed299e653bd6cef85571491,946685851,946685827,21,1,1,1,110.6298,69,
run1-tbt-15s,1,regionale,15,none,true,12,69,6,1,m3,126zpQGvcdYaSuvkAvrpLoXoNrPtK4JEbekAiJ,12849,4,54,1.0,12849.0,157948.0,0.08135,0.000125181993,1.60846343,0.20019499,1.0,-1.083,7.500,22.283,22.2834,0.0004,1,,0,3,3,0,0,m1,1YLDd55XmgLpCAy6ncxQKNEsQ8HSppoxHySYBe,00cd8a9682947ec5229b3de6e1f4a81dab40c36a0ed299e653bd6cef85571491,946685851,946685827,21,1,1,1,118.772,69,
run1-tbt-15s,1,regionale,15,none,true,12,70,6,1,m1,1YLDd55XmgLpCAy6ncxQKNEsQ8HSppoxHySYBe,96314,5,66,1.0,96314.0,157948.0,0.609783,1.14432101e-05,1.10214134,0.33215906,0.83592508,-1.75,7.500,19.689,19.6889,-0.0001,1,,1,1,1,1,1,m1,1YLDd55XmgLpCAy6ncxQKNEsQ8HSppoxHySYBe,007c150082d31ac7c88889ff940a00e832e9c939c43e14ddba31fd1445fcac48,946685870,946685851,19,1,0,0,108.9327,69,2
run1-tbt-15s,1,regionale,15,none,true,12,70,6,1,m2,1QfNfpZhwfH6CM4ixrSJgDoDJhiRFdtubEjpYo,48785,5,66,1.0,48785.0,157948.0,0.308867,8.87861505e-05,4.33143235,0.0131487,0.99999919,-1.75,7.500,22.15,22.15,-0.0,1,,0,3,3,0,0,m1,1YLDd55XmgLpCAy6ncxQKNEsQ8HSppoxHySYBe,007c150082d31ac7c88889ff940a00e832e9c939c43e14ddba31fd1445fcac48,946685870,946685851,19,1,0,0,110.6298,69,
run1-tbt-15s,1,regionale,15,none,true,12,70,6,1,m3,126zpQGvcdYaSuvkAvrpLoXoNrPtK4JEbekAiJ,12849,4,54,1.0,12849.0,157948.0,0.08135,3.09905973e-05,0.39819818,0.67152893,0.99251536,-1.75,7.500,22.038,22.0377,-0.0003,1,,0,2,2,0,0,m1,1YLDd55XmgLpCAy6ncxQKNEsQ8HSppoxHySYBe,007c150082d31ac7c88889ff940a00e832e9c939c43e14ddba31fd1445fcac48,946685870,946685851,19,1,0,0,118.772,69,
run1-tbt-15s,1,regionale,15,none,true,12,71,6,1,m1,1YLDd55XmgLpCAy6ncxQKNEsQ8HSppoxHySYBe,96314,5,66,1.0,96314.0,157948.0,0.609783,3.15856906e-06,0.30421442,0.73770267,0.39279551,-1.833,7.500,13.025,13.0253,0.0003,1,,1,2,2,0,0,m1,1YLDd55XmgLpCAy6ncxQKNEsQ8HSppoxHySYBe,00fc8c1e0d89a101ca320de8fe191d86e4a78aceadaf6432ea3c56fbdab6e628,946685884,946685870,13,1,1,1,109.8251,71,3
run1-tbt-15s,1,regionale,15,none,true,12,71,6,1,m2,1QfNfpZhwfH6CM4ixrSJgDoDJhiRFdtubEjpYo,48785,5,66,1.0,48785.0,157948.0,0.308867,2.48901396e-06,0.12142655,0.88565611,0.32506222,-1.833,7.500,12.009,12.0093,0.0003,1,,0,1,1,1,1,m1,1YLDd55XmgLpCAy6ncxQKNEsQ8HSppoxHySYBe,00fc8c1e0d89a101ca320de8fe191d86e4a78aceadaf6432ea3c56fbdab6e628,946685884,946685870,13,1,1,1,110.6298,71,
run1-tbt-15s,1,regionale,15,none,true,12,71,6,1,m3,126zpQGvcdYaSuvkAvrpLoXoNrPtK4JEbekAiJ,12849,4,54,1.0,12849.0,157948.0,0.08135,0.000189286702,2.43214483,0.08784821,1.0,-1.833,7.500,22.133,22.1334,0.0004,1,,0,3,3,0,0,m1,1YLDd55XmgLpCAy6ncxQKNEsQ8HSppoxHySYBe,00fc8c1e0d89a101ca320de8fe191d86e4a78aceadaf6432ea3c56fbdab6e628,946685884,946685870,13,1,1,1,118.772,71,
run1-tbt-15s,1,regionale,15,none,true,12,72,7,1,m1,1YLDd55XmgLpCAy6ncxQKNEsQ8HSppoxHySYBe,96314,5,66,1.0,96314.0,157948.0,0.609783,1.95676011e-05,1.88463393,0.15188465,0.95452822,-1.5,7.500,21.518,21.5179,-0.0001,1,,1,2,2,0,0,m1,1YLDd55XmgLpCAy6ncxQKNEsQ8HSppoxHySYBe,00a640b507b894245936ab68595d81a01f0b909efa8a116a4d46d0e11977b7ce,946685906,946685884,21,1,1,1,7.3276,72,4
run1-tbt-15s,1,regionale,15,none,true,12,72,7,1,m2,1QfNfpZhwfH6CM4ixrSJgDoDJhiRFdtubEjpYo,48785,5,66,1.0,48785.0,157948.0,0.308867,1.65267201e-05,0.80625604,0.44652672,0.9264921,-1.5,7.500,21.097,21.0974,0.0004,1,,0,1,1,1,1,m1,1YLDd55XmgLpCAy6ncxQKNEsQ8HSppoxHySYBe,00a640b507b894245936ab68595d81a01f0b909efa8a116a4d46d0e11977b7ce,946685906,946685884,21,1,1,1,45.4959,72,
run1-tbt-15s,1,regionale,15,none,true,12,72,7,1,m3,126zpQGvcdYaSuvkAvrpLoXoNrPtK4JEbekAiJ,12849,4,54,1.0,12849.0,157948.0,0.08135,0.000119019384,1.52928007,0.21669162,0.99999999,-1.5,7.500,22.2,22.2,-0.0,1,,0,3,3,0,0,m1,1YLDd55XmgLpCAy6ncxQKNEsQ8HSppoxHySYBe,00a640b507b894245936ab68595d81a01f0b909efa8a116a4d46d0e11977b7ce,946685906,946685884,21,1,1,1,95.3724,72,
run1-tbt-15s,1,regionale,15,none,true,12,73,7,1,m1,1YLDd55XmgLpCAy6ncxQKNEsQ8HSppoxHySYBe,96314,5,66,1.0,96314.0,157948.0,0.609783,1.49729636e-05,1.44210602,0.23642931,0.90604597,-2.0,7.500,20.691,20.6907,-0.0003,1,,1,2,2,0,0,m1,1YLDd55XmgLpCAy6ncxQKNEsQ8HSppoxHySYBe,004895e7d74992ec548c9047800e566ee44a70a496a9a73b14c3e6cc9516c0ef,946685926,946685906,20,1,1,1,7.3276,72,5
run1-tbt-15s,1,regionale,15,none,true,12,73,7,1,m2,1QfNfpZhwfH6CM4ixrSJgDoDJhiRFdtubEjpYo,48785,5,66,1.0,48785.0,157948.0,0.308867,1.49155453e-05,0.72765488,0.48304045,0.90519002,-2.0,7.500,20.678,20.6779,-0.0001,1,,0,1,1,1,1,m1,1YLDd55XmgLpCAy6ncxQKNEsQ8HSppoxHySYBe,004895e7d74992ec548c9047800e566ee44a70a496a9a73b14c3e6cc9516c0ef,946685926,946685906,20,1,1,1,45.4959,72,
run1-tbt-15s,1,regionale,15,none,true,12,73,7,1,m3,126zpQGvcdYaSuvkAvrpLoXoNrPtK4JEbekAiJ,12849,4,54,1.0,12849.0,157948.0,0.08135,2.80863427e-05,0.36088142,0.69706165,0.98815893,-2.0,7.500,21.922,21.9224,0.0004,1,,0,3,3,0,0,m1,1YLDd55XmgLpCAy6ncxQKNEsQ8HSppoxHySYBe,004895e7d74992ec548c9047800e566ee44a70a496a9a73b14c3e6cc9516c0ef,946685926,946685906,20,1,1,1,95.3724,72,
run1-tbt-15s,1,regionale,15,none,true,12,74,7,1,m1,1YLDd55XmgLpCAy6ncxQKNEsQ8HSppoxHySYBe,96314,5,66,1.0,96314.0,157948.0,0.609783,4.30580893e-06,0.41470968,0.66053202,0.49343058,-2.167,7.500,14.468,14.4681,0.0001,1,,1,1,1,1,1,m1,1YLDd55XmgLpCAy6ncxQKNEsQ8HSppoxHySYBe,009f0f7ef81b1fc23fd3152dc6c94434704dfee55ea043bbb6d9a14413be8f16,946685942,946685926,14,1,0,0,108.4864,74,6
run1-tbt-15s,1,regionale,15,none,true,12,74,7,1,m2,1QfNfpZhwfH6CM4ixrSJgDoDJhiRFdtubEjpYo,48785,5,66,1.0,48785.0,157948.0,0.308867,1.5579701e-05,0.76005571,0.46764037,0.91463189,-2.25,7.500,20.769,20.7695,0.0005,1,,0,2,2,0,0,m1,1YLDd55XmgLpCAy6ncxQKNEsQ8HSppoxHySYBe,009f0f7ef81b1fc23fd3152dc6c94434704dfee55ea043bbb6d9a14413be8f16,946685942,946685926,14,1,0,0,45.2729,74,
run1-tbt-15s,1,regionale,15,none,true,12,74,7,1,m3,126zpQGvcdYaSuvkAvrpLoXoNrPtK4JEbekAiJ,12849,4,54,1.0,12849.0,157948.0,0.08135,5.22041905e-05,0.67077164,0.51131387,0.99973758,-2.25,7.500,22.046,22.0461,0.0001,1,,0,3,3,0,0,m1,1YLDd55XmgLpCAy6ncxQKNEsQ8HSppoxHySYBe,009f0f7ef81b1fc23fd3152dc6c94434704dfee55ea043bbb6d9a14413be8f16,946685942,946685926,14,1,0,0,95.3724,74,
run1-tbt-15s,1,regionale,15,none,true,12,75,7,1,m1,1YLDd55XmgLpCAy6ncxQKNEsQ8HSppoxHySYBe,96314,5,66,1.0,96314.0,157948.0,0.609783,3.38370479e-05,3.25898143,0.03842752,0.99522563,-2.083,7.500,22.012,22.0118,-0.0002,1,,1,2,2,0,0,m1,1YLDd55XmgLpCAy6ncxQKNEsQ8HSppoxHySYBe,008de494a392c3ea315e585babb163b54285c6cb4b725f256c421fa3ffd742fc,946685965,946685942,22,1,1,1,108.8216,75,7
run1-tbt-15s,1,regionale,15,none,true,12,75,7,1,m2,1QfNfpZhwfH6CM4ixrSJgDoDJhiRFdtubEjpYo,48785,5,66,1.0,48785.0,157948.0,0.308867,2.88267002e-05,1.40631057,0.2450457,0.98946571,-2.083,7.500,21.925,21.9254,0.0004,1,,0,1,1,1,1,m1,1YLDd55XmgLpCAy6ncxQKNEsQ8HSppoxHySYBe,008de494a392c3ea315e585babb163b54285c6cb4b725f256c421fa3ffd742fc,946685965,946685942,22,1,1,1,45.2729,75,
run1-tbt-15s,1,regionale,15,none,true,12,75,7,1,m3,126zpQGvcdYaSuvkAvrpLoXoNrPtK4JEbekAiJ,12849,4,54,1.0,12849.0,157948.0,0.08135,9.0020167e-05,1.15666913,0.3145321,0.99999933,-2.083,7.500,22.083,22.0834,0.0004,1,,0,3,3,0,0,m1,1YLDd55XmgLpCAy6ncxQKNEsQ8HSppoxHySYBe,008de494a392c3ea315e585babb163b54285c6cb4b725f256c421fa3ffd742fc,946685965,946685942,22,1,1,1,95.3724,75,
run1-tbt-15s,1,regionale,15,none,true,12,76,7,1,m1,1YLDd55XmgLpCAy6ncxQKNEsQ8HSppoxHySYBe,96314,5,66,1.0,96314.0,157948.0,0.609783,1.20408915e-05,1.15970642,0.31357823,0.85070555,-2.667,7.500,19.727,19.7272,0.0002,1,,1,1,1,1,1,m1,1YLDd55XmgLpCAy6ncxQKNEsQ8HSppoxHySYBe,00368058a878a967c49d4b8c12f94d16fa3f0863cbdc76d7679e8606f47e5577,946685985,946685965,19,1,0,0,108.8216,75,8
run1-tbt-15s,1,regionale,15,none,true,12,76,7,1,m2,1QfNfpZhwfH6CM4ixrSJgDoDJhiRFdtubEjpYo,48785,5,66,1.0,48785.0,157948.0,0.308867,0.000125510757,6.12304228,0.00219178,1.0,-2.667,7.500,21.967,21.9666,-0.0004,1,,0,3,3,0,0,m1,1YLDd55XmgLpCAy6ncxQKNEsQ8HSppoxHySYBe,00368058a878a967c49d4b8c12f94d16fa3f0863cbdc76d7679e8606f47e5577,946685985,946685965,19,1,0,0,45.2729,75,
run1-tbt-15s,1,regionale,15,none,true,12,76,7,1,m3,126zpQGvcdYaSuvkAvrpLoXoNrPtK4JEbekAiJ,12849,4,54,1.0,12849.0,157948.0,0.08135,1.32189673e-05,0.16985051,0.84379094,0.87605402,-2.667,7.500,20.107,20.1074,0.0004,1,,0,2,2,0,0,m1,1YLDd55XmgLpCAy6ncxQKNEsQ8HSppoxHySYBe,00368058a878a967c49d4b8c12f94d16fa3f0863cbdc76d7679e8606f47e5577,946685985,946685965,19,1,0,0,95.3724,75,
run1-tbt-15s,1,regionale,15,none,true,12,77,7,1,m1,1YLDd55XmgLpCAy6ncxQKNEsQ8HSppoxHySYBe,96314,5,66,1.0,96314.0,157948.0,0.609783,6.29106853e-07,0.0605918,0.94120736,0.09458889,-3.167,7.500,8.285,8.2854,0.0004,1,,1,1,1,1,1,m1,1YLDd55XmgLpCAy6ncxQKNEsQ8HSppoxHySYBe,0051c7e49f67807baaed036095ff51a59d4cafc4e2beaa1ed68ffa6af5fe05ec,946685994,946685985,8,1,0,0,108.8216,75,9
run1-tbt-15s,1,regionale,15,none,true,12,77,7,1,m2,1QfNfpZhwfH6CM4ixrSJgDoDJhiRFdtubEjpYo,48785,5,66,1.0,48785.0,157948.0,0.308867,3.11630966e-06,0.15202917,0.85896323,0.388729,-3.167,7.500,12.698,12.6975,-0.0005,1,,0,2,2,0,0,m1,1YLDd55XmgLpCAy6ncxQKNEsQ8HSppoxHySYBe,0051c7e49f67807baaed036095ff51a59d4cafc4e2beaa1ed68ffa6af5fe05ec,946685994,946685985,8,1,0,0,45.2729,75,
run1-tbt-15s,1,regionale,15,none,true,12,77,7,1,m3,126zpQGvcdYaSuvkAvrpLoXoNrPtK4JEbekAiJ,12849,4,54,1.0,12849.0,157948.0,0.08135,8.53808638e-05,1.09705872,0.33385159,0.99999861,-3.167,7.500,21.867,21.8666,-0.0004,1,,0,3,3,0,0,m1,1YLDd55XmgLpCAy6ncxQKNEsQ8HSppoxHySYBe,0051c7e49f67807baaed036095ff51a59d4cafc4e2beaa1ed68ffa6af5fe05ec,946685994,946685985,8,1,0,0,95.3724,75,
run1-tbt-15s,1,regionale,15,none,true,12,78,7,1,m1,1YLDd55XmgLpCAy6ncxQKNEsQ8HSppoxHySYBe,96314,5,66,1.0,96314.0,157948.0,0.609783,1.80728755e-06,0.17406709,0.84024052,0.24832968,-2.333,7.500,10.758,10.7583,0.0003,1,,1,1,1,1,1,m1,1YLDd55XmgLpCAy6ncxQKNEsQ8HSppoxHySYBe,00f6ced36209a8bc07f486aebf714bee719f6943f6e9407a1ff48bf211b21777,946686005,946685994,10,1,0,0,109.8266,78,10
run1-tbt-15s,1,regionale,15,none,true,12,78,7,1,m2,1QfNfpZhwfH6CM4ixrSJgDoDJhiRFdtubEjpYo,48785,5,66,1.0,48785.0,157948.0,0.308867,8.98041263e-05,4.3810943,0.01251166,0.99999931,-2.333,7.500,22.033,22.0334,0.0004,1,,0,3,3,0,0,m1,1YLDd55XmgLpCAy6ncxQKNEsQ8HSppoxHySYBe,00f6ced36209a8bc07f486aebf714bee719f6943f6e9407a1ff48bf211b21777,946686005,946685994,10,1,0,0,45.2729,78,
run1-tbt-15s,1,regionale,15,none,true,12,78,7,1,m3,126zpQGvcdYaSuvkAvrpLoXoNrPtK4JEbekAiJ,12849,4,54,1.0,12849.0,157948.0,0.08135,2.98762696e-05,0.38388019,0.68121304,0.99107498,-2.333,7.500,21.899,21.8995,0.0005,1,,0,2,2,0,0,m1,1YLDd55XmgLpCAy6ncxQKNEsQ8HSppoxHySYBe,00f6ced36209a8bc07f486aebf714bee719f6943f6e9407a1ff48bf211b21777,946686005,946685994,10,1,0,0,95.2668,78,
run1-tbt-15s,1,regionale,15,none,true,12,79,7,1,m1,1YLDd55XmgLpCAy6ncxQKNEsQ8HSppoxHySYBe,96314,5,66,1.0,96314.0,157534.0,0.611385,1.30526991e-05,1.25715766,0.28446141,0.8720664,-1.833,7.500,20.214,20.2144,0.0004,1,,1,2,2,0,0,m1,1YLDd55XmgLpCAy6ncxQKNEsQ8HSppoxHySYBe,0016ac030351b3f9d9e9d1810729eb114acaf31c3722e350c6685f65957e544a,946686026,946686005,20,1,1,1,110.546,79,11
run1-tbt-15s,1,regionale,15,none,true,12,79,7,1,m2,1QfNfpZhwfH6CM4ixrSJgDoDJhiRFdtubEjpYo,48785,5,66,1.0,48785.0,157534.0,0.309679,1.02370722e-05,0.49941557,0.60688524,0.80064875,-1.833,7.500,19.143,19.1431,0.0001,1,,0,1,1,1,1,m1,1YLDd55XmgLpCAy6ncxQKNEsQ8HSppoxHySYBe,0016ac030351b3f9d9e9d1810729eb114acaf31c3722e350c6685f65957e544a,946686026,946686005,20,1,1,1,45.6077,79,
run1-tbt-15s,1,regionale,15,none,true,12,79,7,1,m3,126zpQGvcdYaSuvkAvrpLoXoNrPtK4JEbekAiJ,12435,6,78,1.0,12435.0,157534.0,0.078935,0.000130627043,1.62434728,0.19704025,1.0,-1.833,7.500,22.133,22.1334,0.0004,1,,0,3,3,0,0,m1,1YLDd55XmgLpCAy6ncxQKNEsQ8HSppoxHySYBe,0016ac030351b3f9d9e9d1810729eb114acaf31c3722e350c6685f65957e544a,946686026,946686005,20,1,1,1,95.2668,79,
run1-tbt-15s,1,regionale,15,none,true,12,80,7,1,m1,1YLDd55XmgLpCAy6ncxQKNEsQ8HSppoxHySYBe,96314,5,66,1.0,96314.0,157534.0,0.611385,6.93499268e-06,0.66793688,0.51276538,0.66462204,-2.667,7.500,16.936,16.9359,-0.0001,1,,1,2,2,0,0,m1,1YLDd55XmgLpCAy6ncxQKNEsQ8HSppoxHySYBe,00c877253ba21318deecb52b6f45f95dd202ae4ba3a012a93e8c47b54e5321bb,946686043,946686026,16,1,1,1,110.546,79,12
run1-tbt-15s,1,regionale,15,none,true,12,80,7,1,m2,1QfNfpZhwfH6CM4ixrSJgDoDJhiRFdtubEjpYo,48785,5,66,1.0,48785.0,157534.0,0.309679,6.70506696e-06,0.32710669,0.72100681,0.65225159,-2.667,7.500,16.75,16.7504,0.0004,1,,0,1,1,1,1,m1,1YLDd55XmgLpCAy6ncxQKNEsQ8HSppoxHySYBe,00c877253ba21318deecb52b6f45f95dd202ae4ba3a012a93e8c47b54e5321bb,946686043,946686026,16,1,1,1,45.6077,79,
run1-tbt-15s,1,regionale,15,none,true,12,80,7,1,m3,126zpQGvcdYaSuvkAvrpLoXoNrPtK4JEbekAiJ,12435,6,78,1.0,12435.0,157534.0,0.078935,2.2490604e-05,0.27967066,0.75603269,0.97107459,-2.667,7.500,21.533,21.5327,-0.0003,1,,0,3,3,0,0,m1,1YLDd55XmgLpCAy6ncxQKNEsQ8HSppoxHySYBe,00c877253ba21318deecb52b6f45f95dd202ae4ba3a012a93e8c47b54e5321bb,946686043,946686026,16,1,1,1,95.2668,79,
run1-tbt-15s,1,regionale,15,none,true,12,81,7,1,m1,1YLDd55XmgLpCAy6ncxQKNEsQ8HSppoxHySYBe,96314,5,66,1.0,96314.0,157534.0,0.611385,2.12000119e-06,0.20418579,0.81531088,0.28392636,-3.0,7.500,11.159,11.1589,-0.0001,1,,1,1,1,1,1,m1,1YLDd55XmgLpCAy6ncxQKNEsQ8HSppoxHySYBe,00841fb967ba7a3c39bf9830af7c333890ead8ea6f4ee3e66c01cfc542c5319e,946686055,946686043,11,1,0,0,110.546,79,13
run1-tbt-15s,1,regionale,15,none,true,12,81,7,1,m2,1QfNfpZhwfH6CM4ixrSJgDoDJhiRFdtubEjpYo,48785,5,66,1.0,48785.0,157534.0,0.309679,6.67070073e-05,3.25430135,0.03860778,0.9999727,-3.0,7.500,21.9,21.8996,-0.0004,1,,0,3,3,0,0,m1,1YLDd55XmgLpCAy6ncxQKNEsQ8HSppoxHySYBe,00841fb967ba7a3c39bf9830af7c333890ead8ea6f4ee3e66c01cfc542c5319e,946686055,946686043,11,1,0,0,45.6077,79,
run1-tbt-15s,1,regionale,15,none,true,12,81,7,1,m3,126zpQGvcdYaSuvkAvrpLoXoNrPtK4JEbekAiJ,12435,6,78,1.0,12435.0,157534.0,0.078935,4.08795869e-06,0.05083377,0.95043665,0.47480859,-3.0,7.500,14.022,14.0221,0.0001,1,,0,2,2,0,0,m1,1YLDd55XmgLpCAy6ncxQKNEsQ8HSppoxHySYBe,00841fb967ba7a3c39bf9830af7c333890ead8ea6f4ee3e66c01cfc542c5319e,946686055,946686043,11,1,0,0,95.2668,79,
run1-tbt-15s,1,regionale,15,none,true,12,82,7,1,m1,1YLDd55XmgLpCAy6ncxQKNEsQ8HSppoxHySYBe,96314,5,66,1.0,96314.0,157534.0,0.611385,2.32357731e-06,0.22379303,0.79948059,0.30652662,-2.0,7.500,11.698,11.6979,-0.0001,1,,1,1,1,1,1,m1,1YLDd55XmgLpCAy6ncxQKNEsQ8HSppoxHySYBe,00af9eb53c63e8e5064b65b03ae7c1c427d7fe9a3d1b2c377e2ff6c6c9b90efb,946686067,946686055,11,1,0,0,111.1602,82,14
run1-tbt-15s,1,regionale,15,none,true,12,82,7,1,m2,1QfNfpZhwfH6CM4ixrSJgDoDJhiRFdtubEjpYo,48785,5,66,1.0,48785.0,157534.0,0.309679,6.499917e-06,0.31709845,0.72825905,0.64082945,-2.0,7.500,16.712,16.7124,0.0004,1,,0,2,2,0,0,m1,1YLDd55XmgLpCAy6ncxQKNEsQ8HSppoxHySYBe,00af9eb53c63e8e5064b65b03ae7c1c427d7fe9a3d1b2c377e2ff6c6c9b90efb,946686067,946686055,11,1,0,0,45.2729,82,
run1-tbt-15s,1,regionale,15,none,true,12,82,7,1,m3,126zpQGvcdYaSuvkAvrpLoXoNrPtK4JEbekAiJ,12435,6,78,1.0,12435.0,157534.0,0.078935,0.000194742355,2.42162118,0.08877758,1.0,-2.0,7.500,22.1,22.1,-0.0,1,,0,3,3,0,0,m1,1YLDd55XmgLpCAy6ncxQKNEsQ8HSppoxHySYBe,00af9eb53c63e8e5064b65b03ae7c1c427d7fe9a3d1b2c377e2ff6c6c9b90efb,946686067,946686055,11,1,0,0,95.2668,82,
run1-tbt-15s,1,regionale,15,none,true,12,83,7,1,m1,1YLDd55XmgLpCAy6ncxQKNEsQ8HSppoxHySYBe,96314,5,66,1.0,96314.0,157534.0,0.611385,2.30593204e-06,0.22209354,0.80084045,0.30459627,-1.417,7.500,11.786,11.7855,-0.0005,1,,1,1,1,1,1,m1,1YLDd55XmgLpCAy6ncxQKNEsQ8HSppoxHySYBe,00b4f436b64e313d37f80aab5c5632f446c6d9c6d406b3bd107527ed9a7a8bd4,946686079,946686067,11,1,0,0,111.1602,82,15
run1-tbt-15s,1,regionale,15,none,true,12,83,7,1,m2,1QfNfpZhwfH6CM4ixrSJgDoDJhiRFdtubEjpYo,48785,5,66,1.0,48785.0,157534.0,0.309679,5.36889678e-05,2.61921629,0.07285994,0.99978777,-1.417,7.500,22.213,22.2134,0.0004,1,,0,2,2,0,0,m1,1YLDd55XmgLpCAy6ncxQKNEsQ8HSppoxHySYBe,00b4f436b64e313d37f80aab5c5632f446c6d9c6d406b3bd107527ed9a7a8bd4,946686079,946686067,11,1,0,0,45.2729,82,
run1-tbt-15s,1,regionale,15,none,true,12,83,7,1,m3,126zpQGvcdYaSuvkAvrpLoXoNrPtK4JEbekAiJ,12435,6,78,1.0,12435.0,157534.0,0.078935,0.000205001314,2.54919134,0.07814483,1.0,-1.417,7.500,22.217,22.2166,-0.0004,1,,0,3,3,0,0,m1,1YLDd55XmgLpCAy6ncxQKNEsQ8HSppoxHySYBe,00b4f436b64e313d37f80aab5c5632f446c6d9c6d406b3bd107527ed9a7a8bd4,946686079,946686067,11,1,0,0,95.2668,82,
run1-tbt-15s,1,regionale,15,none,true,12,84,8,1,m1,1YLDd55XmgLpCAy6ncxQKNEsQ8HSppoxHySYBe,96314,5,66,1.0,96314.0,157534.0,0.611385,3.92763991e-06,0.37828671,0.68503407,0.46137562,-1.25,7.500,14.171,14.1706,-0.0004,1,,1,1,1,1,1,m1,1YLDd55XmgLpCAy6ncxQKNEsQ8HSppoxHySYBe,00937b19b808a4c0fc5cf67e1b47cc515c7e9bfff160949a9f7bbf2c673d58a2,946686094,946686079,14,1,0,0,7.0809,84,16
run1-tbt-15s,1,regionale,15,none,true,12,84,8,1,m2,1QfNfpZhwfH6CM4ixrSJgDoDJhiRFdtubEjpYo,48785,5,66,1.0,48785.0,157534.0,0.309679,1.35857827e-05,0.66278241,0.51541524,0.88237135,-1.25,7.500,20.486,20.4856,-0.0004,1,,0,2,2,0,0,m1,1YLDd55XmgLpCAy6ncxQKNEsQ8HSppoxHySYBe,00937b19b808a4c0fc5cf67e1b47cc515c7e9bfff160949a9f7bbf2c673d58a2,946686094,946686079,14,1,0,0,19.2642,84,
run1-tbt-15s,1,regionale,15,none,true,12,84,8,1,m3,126zpQGvcdYaSuvkAvrpLoXoNrPtK4JEbekAiJ,12435,6,78,1.0,12435.0,157534.0,0.078935,0.000112499285,1.39892861,0.24686131,0.99999998,-1.25,7.500,22.25,22.25,-0.0,1,,0,3,3,0,0,m1,1YLDd55XmgLpCAy6ncxQKNEsQ8HSppoxHySYBe,00937b19b808a4c0fc5cf67e1b47cc515c7e9bfff160949a9f7bbf2c673d58a2,946686094,946686079,14,1,0,0,76.3614,84,
run1-tbt-15s,1,regionale,15,none,true,12,85,8,1,m1,1YLDd55XmgLpCAy6ncxQKNEsQ8HSppoxHySYBe,96314,5,66,1.0,96314.0,157534.0,0.611385,6.4731549e-06,0.62345544,0.53608881,0.63931201,-0.667,7.500,16.956,16.9563,0.0003,1,,0,2,2,0,0,m2,1QfNfpZhwfH6CM4ixrSJgDoDJhiRFdtubEjpYo,00e7ef2d9c46231cef74b0c93ce5f7071f8750750be2080941682364ab0ff954,946686105,946686094,8,1,0,0,7.0809,84,
run1-tbt-15s,1,regionale,15,none,true,12,85,8,1,m2,1QfNfpZhwfH6CM4ixrSJgDoDJhiRFdtubEjpYo,48785,5,66,1.0,48785.0,157534.0,0.309679,6.43007391e-07,0.03136912,0.96911779,0.09633406,-0.667,7.500,8.812,8.8116,-0.0004,1,,1,1,1,1,1,m2,1QfNfpZhwfH6CM4ixrSJgDoDJhiRFdtubEjpYo,00e7ef2d9c46231cef74b0c93ce5f7071f8750750be2080941682364ab0ff954,946686105,946686094,8,1,0,0,19.2642,84,1
run1-tbt-15s,1,regionale,15,none,true,12,85,8,1,m3,126zpQGvcdYaSuvkAvrpLoXoNrPtK4JEbekAiJ,12435,6,78,1.0,12435.0,157534.0,0.078935,0.000213034694,2.64908642,0.07071579,1.0,-0.667,7.500,22.367,22.3666,-0.0004,1,,0,3,3,0,0,m2,1QfNfpZhwfH6CM4ixrSJgDoDJhiRFdtubEjpYo,00e7ef2d9c46231cef74b0c93ce5f7071f8750750be2080941682364ab0ff954,946686105,946686094,8,1,0,0,76.3614,84,
run1-tbt-15s,1,regionale,15,none,true,12,86,8,1,m1,1YLDd55XmgLpCAy6ncxQKNEsQ8HSppoxHySYBe,96314,5,66,1.0,96314.0,157534.0,0.611385,5.30110759e-06,0.51057088,0.60015287,0.56617094,0.083,7.500,16.009,16.0092,0.0002,1,,1,1,1,1,1,m1,1YLDd55XmgLpCAy6ncxQKNEsQ8HSppoxHySYBe,0065d2f2cadc4e88ab4820bcc78e0b25c2f97d2091aeb44b16cff44e28e20973,946686122,946686105,16,1,1,1,107.4155,86,1
run1-tbt-15s,1,regionale,15,none,true,12,86,8,1,m2,1QfNfpZhwfH6CM4ixrSJgDoDJhiRFdtubEjpYo,48785,5,66,1.0,48785.0,157534.0,0.309679,6.59104876e-06,0.32154431,0.7250285,0.64594899,0.083,7.500,17.206,17.2058,-0.0002,1,,0,2,2,0,0,m1,1YLDd55XmgLpCAy6ncxQKNEsQ8HSppoxHySYBe,0065d2f2cadc4e88ab4820bcc78e0b25c2f97d2091aeb44b16cff44e28e20973,946686122,946686105,16,1,1,1,120.2738,86,
run1-tbt-15s,1,regionale,15,none,true,12,86,8,1,m3,126zpQGvcdYaSuvkAvrpLoXoNrPtK4JEbekAiJ,12435,6,78,1.0,12435.0,157534.0,0.078935,0.00015549474,1.93357709,0.14462992,1.0,0.083,7.500,22.517,22.5166,-0.0004,1,,0,3,3,0,0,m1,1YLDd55XmgLpCAy6ncxQKNEsQ8HSppoxHySYBe,0065d2f2cadc4e88ab4820bcc78e0b25c2f97d2091aeb44b16cff44e28e20973,946686122,946686105,16,1,1,1,76.3614,86,
run1-tbt-15s,1,regionale,15,none,true,12,87,8,1,m1,1YLDd55XmgLpCAy6ncxQKNEsQ8HSppoxHySYBe,96314,5,66,1.0,96314.0,157534.0,0.611385,3.38593153e-05,3.26112609,0.03834519,0.99517524,0.0,7.500,22.428,22.4276,-0.0004,1,,1,1,1,1,1,m1,1YLDd55XmgLpCAy6ncxQKNEsQ8HSppoxHySYBe,0034eac254b67e5eb13aca62b2f608f41cf58c5ddc3fd32da22dcf8cfeee4c1b,946686146,946686122,22,1,1,1,107.7505,87,2
run1-tbt-15s,1,regionale,15,none,true,12,87,8,1,m2,1QfNfpZhwfH6CM4ixrSJgDoDJhiRFdtubEjpYo,48785,5,66,1.0,48785.0,157534.0,0.309679,5.39331331e-05,2.6311279,0.07199721,0.99979578,0.0,7.500,22.497,22.4969,-0.0001,1,,0,2,2,0,0,m1,1YLDd55XmgLpCAy6ncxQKNEsQ8HSppoxHySYBe,0034eac254b67e5eb13aca62b2f608f41cf58c5ddc3fd32da22dcf8cfeee4c1b,946686146,946686122,22,1,1,1,120.6088,87,
run1-tbt-15s,1,regionale,15,none,true,12,87,8,1,m3,126zpQGvcdYaSuvkAvrpLoXoNrPtK4JEbekAiJ,12435,6,78,1.0,12435.0,157534.0,0.078935,0.000240759949,2.99384997,0.0500942,1.0,0.0,7.500,22.5,22.5,0.0,1,,0,3,3,0,0,m1,1YLDd55XmgLpCAy6ncxQKNEsQ8HSppoxHySYBe,0034eac254b67e5eb13aca62b2f608f41cf58c5ddc3fd32da22dcf8cfeee4c1b,946686146,946686122,22,1,1,1,76.3614,87,
run1-tbt-15s,1,regionale,15,none,true,12,88,8,1,m1,1YLDd55XmgLpCAy6ncxQKNEsQ8HSppoxHySYBe,96314,5,66,1.0,96314.0,157534.0,0.611385,1.19807857e-05,1.15391739,0.3153988,0.84853203,-0.083,7.500,20.211,20.2114,0.0004,1,,1,1,1,1,1,m1,1YLDd55XmgLpCAy6ncxQKNEsQ8HSppoxHySYBe,004cf881837fc3f1377b61f678675014a91e4fdb0c55b23f4b9dda06f986f866,946686166,946686146,20,1,0,0,107.7505,87,3
run1-tbt-15s,1,regionale,15,none,true,12,88,8,1,m2,1QfNfpZhwfH6CM4ixrSJgDoDJhiRFdtubEjpYo,48785,5,66,1.0,48785.0,157534.0,0.309679,6.31063113e-05,3.0786414,0.04602174,0.99995186,0.0,7.500,22.499,22.4993,0.0003,1,,0,3,3,0,0,m1,1YLDd55XmgLpCAy6ncxQKNEsQ8HSppoxHySYBe,004cf881837fc3f1377b61f678675014a91e4fdb0c55b23f4b9dda06f986f866,946686166,946686146,20,1,0,0,120.6088,87,
run1-tbt-15s,1,regionale,15,none,true,12,88,8,1,m3,126zpQGvcdYaSuvkAvrpLoXoNrPtK4JEbekAiJ,12435,6,78,1.0,12435.0,157534.0,0.078935,4.681308e-05,0.58212065,0.55871228,0.99937306,0.0,7.500,22.491,22.4906,-0.0004,1,,0,2,2,0,0,m1,1YLDd55XmgLpCAy6ncxQKNEsQ8HSppoxHySYBe,004cf881837fc3f1377b61f678675014a91e4fdb0c55b23f4b9dda06f986f866,946686166,946686146,20,1,0,0,76.3614,87,
run1-tbt-15s,1,regionale,15,none,true,12,89,8,1,m1,1YLDd55XmgLpCAy6ncxQKNEsQ8HSppoxHySYBe,96314,5,66,1.0,96314.0,157534.0,0.611385,1.39125599e-05,1.33997429,0.2618524,0.88827348,-0.083,7.500,20.807,20.8075,0.0005,1,,0,2,2,0,0,m2,1QfNfpZhwfH6CM4ixrSJgDoDJhiRFdtubEjpYo,0088dd23686cd95cbc931dbef291add4fb86778782863f54726a5c8526ee1045,946686185,946686166,17,1,0,0,108.6229,89,
run1-tbt-15s,1,regionale,15,none,true,12,89,8,1,m2,1QfNfpZhwfH6CM4ixrSJgDoDJhiRFdtubEjpYo,48785,5,66,1.0,48785.0,157534.0,0.309679,6.91337584e-06,0.33726904,0.7137168,0.663478,-0.083,7.500,17.436,17.4356,-0.0004,1,,1,1,1,1,1,m2,1QfNfpZhwfH6CM4ixrSJgDoDJhiRFdtubEjpYo,0088dd23686cd95cbc931dbef291add4fb86778782863f54726a5c8526ee1045,946686185,946686166,17,1,0,0,120.1976,89,1
run1-tbt-15s,1,regionale,15,none,true,12,89,8,1,m3,126zpQGvcdYaSuvkAvrpLoXoNrPtK4JEbekAiJ,12435,6,78,1.0,12435.0,157534.0,0.078935,0.000106615844,1.32576802,0.2655989,0.99999995,-0.083,7.500,22.483,22.4834,0.0004,1,,0,3,3,0,0,m2,1QfNfpZhwfH6CM4ixrSJgDoDJhiRFdtubEjpYo,0088dd23686cd95cbc931dbef291add4fb86778782863f54726a5c8526ee1045,946686185,946686166,17,1,0,0,76.2854,89,
run1-tbt-15s,1,regionale,15,none,true,12,90,8,1,m1,1YLDd55XmgLpCAy6ncxQKNEsQ8HSppoxHySYBe,96314,5,66,1.0,96314.0,157534.0,0.611385,1.72836639e-05,1.6646588,0.18925522,0.93430712,-0.917,7.500,21.331,21.3312,0.0002,1,,0,2,2,0,0,m2,1QfNfpZhwfH6CM4ixrSJgDoDJhiRFdtubEjpYo,00c9e6780ed3d17fb65ff554b33c3f362af829c58bca92ac1b61c5da1b53f23d,946686206,946686185,20,1,0,0,108.6229,89,
run1-tbt-15s,1,regionale,15,none,true,12,90,8,1,m2,1QfNfpZhwfH6CM4ixrSJgDoDJhiRFdtubEjpYo,48785,5,66,1.0,48785.0,157534.0,0.309679,1.24978475e-05,0.60970749,0.54350983,0.86038071,-0.917,7.500,20.222,20.2223,0.0003,1,,1,1,1,1,1,m2,1QfNfpZhwfH6CM4ixrSJgDoDJhiRFdtubEjpYo,00c9e6780ed3d17fb65ff554b33c3f362af829c58bca92ac1b61c5da1b53f23d,946686206,946686185,20,1,0,0,120.1976,89,2
run1-tbt-15s,1,regionale,15,none,true,12,90,8,1,m3,126zpQGvcdYaSuvkAvrpLoXoNrPtK4JEbekAiJ,12435,6,78,1.0,12435.0,157534.0,0.078935,4.12455829e-05,0.51288882,0.59876336,0.99849292,-0.917,7.500,22.294,22.294,-0.0,1,,0,3,3,0,0,m2,1QfNfpZhwfH6CM4ixrSJgDoDJhiRFdtubEjpYo,00c9e6780ed3d17fb65ff554b33c3f362af829c58bca92ac1b61c5da1b53f23d,946686206,946686185,20,1,0,0,76.2854,89,
run1-tbt-15s,1,regionale,15,none,true,12,91,8,1,m1,1YLDd55XmgLpCAy6ncxQKNEsQ8HSppoxHySYBe,98336,7,90,1.0,98336.0,157185.0,0.625607,4.00628463e-06,0.39396201,0.67437968,0.46726323,-1.75,7.500,14.159,14.1589,-0.0001,1,,0,2,2,0,0,m3,126zpQGvcdYaSuvkAvrpLoXoNrPtK4JEbekAiJ,00271d3a8fcba91b621fdb7ca9c6fe6c8feeb5b929f2690e50a1b780a1a57fc8,946686216,946686206,8,1,0,0,108.6229,91,
run1-tbt-15s,1,regionale,15,none,true,12,91,8,1,m2,1QfNfpZhwfH6CM4ixrSJgDoDJhiRFdtubEjpYo,44664,7,90,1.0,44664.0,157185.0,0.284149,1.56642408e-05,0.69962765,0.49677024,0.91475141,-1.75,7.500,20.871,20.8713,0.0003,1,,0,3,3,0,0,m3,126zpQGvcdYaSuvkAvrpLoXoNrPtK4JEbekAiJ,00271d3a8fcba91b621fdb7ca9c6fe6c8feeb5b929f2690e50a1b780a1a57fc8,946686216,946686206,8,1,0,0,121.1518,91,
run1-tbt-15s,1,regionale,15,none,true,12,91,8,1,m3,126zpQGvcdYaSuvkAvrpLoXoNrPtK4JEbekAiJ,14185,7,90,1.0,14185.0,157185.0,0.090244,7.02268441e-07,0.00996168,0.99008778,0.10451165,-1.75,7.500,8.718,8.7177,-0.0003,1,,1,1,1,1,1,m3,126zpQGvcdYaSuvkAvrpLoXoNrPtK4JEbekAiJ,00271d3a8fcba91b621fdb7ca9c6fe6c8feeb5b929f2690e50a1b780a1a57fc8,946686216,946686206,8,1,0,0,76.2854,91,1
run1-tbt-15s,1,regionale,15,none,true,12,92,8,1,m1,1YLDd55XmgLpCAy6ncxQKNEsQ8HSppoxHySYBe,98336,7,90,1.0,98336.0,157185.0,0.625607,1.83084416e-05,1.80037891,0.16523627,0.9437423,-0.833,7.500,21.489,21.4895,0.0005,1,,0,2,2,0,0,m2,1QfNfpZhwfH6CM4ixrSJgDoDJhiRFdtubEjpYo,000a682ded8dc0ba674bba3ab7ad3d4a2f7a18efb45baf59329ebce59e68b4b6,946686238,946686216,19,1,0,0,108.6229,91,
run1-tbt-15s,1,regionale,15,none,true,12,92,8,1,m2,1QfNfpZhwfH6CM4ixrSJgDoDJhiRFdtubEjpYo,44664,7,90,1.0,44664.0,157185.0,0.284149,1.14975405e-05,0.51352615,0.59838187,0.8358937,-0.833,7.500,19.872,19.8718,-0.0002,1,,1,1,1,1,1,m2,1QfNfpZhwfH6CM4ixrSJgDoDJhiRFdtubEjpYo,000a682ded8dc0ba674bba3ab7ad3d4a2f7a18efb45baf59329ebce59e68b4b6,946686238,946686216,19,1,0,0,121.1518,91,1
run1-tbt-15s,1,regionale,15,none,true,12,92,8,1,m3,126zpQGvcdYaSuvkAvrpLoXoNrPtK4JEbekAiJ,14185,7,90,1.0,14185.0,157185.0,0.090244,3.48722483e-05,0.49466284,0.60977646,0.99583648,-0.833,7.500,22.271,22.2709,-0.0001,1,,0,3,3,0,0,m2,1QfNfpZhwfH6CM4ixrSJgDoDJhiRFdtubEjpYo,000a682ded8dc0ba674bba3ab7ad3d4a2f7a18efb45baf59329ebce59e68b4b6,946686238,946686216,19,1,0,0,76.2854,91,
run1-tbt-15s,1,regionale,15,none,true,12,93,8,1,m1,1YLDd55XmgLpCAy6ncxQKNEsQ8HSppoxHySYBe,98336,7,90,1.0,98336.0,157185.0,0.625607,3.06287071e-06,0.30119045,0.73993684,0.38210537,-1.25,7.500,12.982,12.9816,-0.0004,1,,1,1,1,1,1,m1,1YLDd55XmgLpCAy6ncxQKNEsQ8HSppoxHySYBe,00d3b9107e0e1bff341f2dc0ff9ebca01536eada85f8c0bb2cc1ad8f7798adb4,946686252,946686238,12,1,0,0,108.6229,93,1
run1-tbt-15s,1,regionale,15,none,true,12,93,8,1,m2,1QfNfpZhwfH6CM4ixrSJgDoDJhiRFdtubEjpYo,44664,7,90,1.0,44664.0,157185.0,0.284149,2.92520492e-05,1.30651353,0.27076242,0.98992787,-1.25,7.500,22.099,22.0989,-0.0001,1,,0,2,2,0,0,m1,1YLDd55XmgLpCAy6ncxQKNEsQ8HSppoxHySYBe,00d3b9107e0e1bff341f2dc0ff9ebca01536eada85f8c0bb2cc1ad8f7798adb4,946686252,946686238,12,1,0,0,121.5424,93,
run1-tbt-15s,1,regionale,15,none,true,12,93,8,1,m3,126zpQGvcdYaSuvkAvrpLoXoNrPtK4JEbekAiJ,14185,7,90,1.0,14185.0,157185.0,0.090244,7.37068814e-05,1.04553211,0.35150473,0.9999907,-1.25,7.500,22.25,22.2499,-0.0001,1,,0,3,3,0,0,m1,1YLDd55XmgLpCAy6ncxQKNEsQ8HSppoxHySYBe,00d3b9107e0e1bff341f2dc0ff9ebca01536eada85f8c0bb2cc1ad8f7798adb4,946686252,946686238,12,1,0,0,76.5086,93,
run1-tbt-15s,1,regionale,15,none,true,12,94,8,1,m1,1YLDd55XmgLpCAy6ncxQKNEsQ8HSppoxHySYBe,98336,7,90,1.0,98336.0,157185.0,0.625607,2.40929865e-06,0.23692079,0.78905378,0.31525283,-1.417,7.500,11.945,11.9454,0.0004,1,,1,1,1,1,1,m1,1YLDd55XmgLpCAy6ncxQKNEsQ8HSppoxHySYBe,0032f6fba3b7cfee450258146871d9b93566400855ebd546fa49436078946422,946686264,946686252,11,1,0,0,108.6229,93,2
run1-tbt-15s,1,regionale,15,none,true,12,94,8,1,m2,1QfNfpZhwfH6CM4ixrSJgDoDJhiRFdtubEjpYo,44664,7,90,1.0,44664.0,157185.0,0.284149,1.17403433e-05,0.52437069,0.59192775,0.8420388,-1.417,7.500,19.847,19.8472,0.0002,1,,0,2,2,0,0,m1,1YLDd55XmgLpCAy6ncxQKNEsQ8HSppoxHySYBe,0032f6fba3b7cfee450258146871d9b93566400855ebd546fa49436078946422,946686264,946686252,11,1,0,0,121.5424,93,
run1-tbt-15s,1,regionale,15,none,true,12,94,8,1,m3,126zpQGvcdYaSuvkAvrpLoXoNrPtK4JEbekAiJ,14185,7,90,1.0,14185.0,157185.0,0.090244,0.000122484306,1.73743988,0.17597033,1.0,-1.417,7.500,22.217,22.2166,-0.0004,1,,0,3,3,0,0,m1,1YLDd55XmgLpCAy6ncxQKNEsQ8HSppoxHySYBe,0032f6fba3b7cfee450258146871d9b93566400855ebd546fa49436078946422,946686264,946686252,11,1,0,0,76.5086,93,
run1-tbt-15s,1,regionale,15,none,true,12,95,8,1,m1,1YLDd55XmgLpCAy6ncxQKNEsQ8HSppoxHySYBe,98336,7,90,1.0,98336.0,157185.0,0.625607,4.46980931e-06,0.43954317,0.6443307,0.50469769,-1.417,7.500,14.787,14.7871,0.0001,1,,1,1,1,1,1,m1,1YLDd55XmgLpCAy6ncxQKNEsQ8HSppoxHySYBe,00e0a4079215058a15035af17e3c3974794945bd0bf7b01620b74ee072b609fd,946686280,946686264,14,1,0,0,109.1815,95,3
run1-tbt-15s,1,regionale,15,none,true,12,95,8,1,m2,1QfNfpZhwfH6CM4ixrSJgDoDJhiRFdtubEjpYo,44664,7,90,1.0,44664.0,157185.0,0.284149,5.06132841e-06,0.22605917,0.7976709,0.54867379,-1.417,7.500,15.447,15.4467,-0.0003,1,,0,2,2,0,0,m1,1YLDd55XmgLpCAy6ncxQKNEsQ8HSppoxHySYBe,00e0a4079215058a15035af17e3c3974794945bd0bf7b01620b74ee072b609fd,946686280,946686264,14,1,0,0,121.5424,95,
run1-tbt-15s,1,regionale,15,none,true,12,95,8,1,m3,126zpQGvcdYaSuvkAvrpLoXoNrPtK4JEbekAiJ,14185,7,90,1.0,14185.0,157185.0,0.090244,0.000153443742,2.17659948,0.11342658,1.0,-1.417,7.500,22.217,22.2166,-0.0004,1,,0,3,3,0,0,m1,1YLDd55XmgLpCAy6ncxQKNEsQ8HSppoxHySYBe,00e0a4079215058a15035af17e3c3974794945bd0bf7b01620b74ee072b609fd,946686280,946686264,14,1,0,0,76.5086,95,
run1-tbt-15s,1,regionale,15,none,true,12,96,9,1,m1,1YLDd55XmgLpCAy6ncxQKNEsQ8HSppoxHySYBe,98336,7,90,1.0,98336.0,157185.0,0.625607,2.0977379e-06,0.20628315,0.81360267,0.28088424,-1.75,7.500,11.363,11.3633,0.0003,1,,0,2,2,0,0,m3,126zpQGvcdYaSuvkAvrpLoXoNrPtK4JEbekAiJ,00a3fa668ef3d9d5d0a11ee30767484d608df8a5b5bf4d81349fa31c728a7a33,946686289,946686280,7,1,0,0,109.1815,95,
run1-tbt-15s,1,regionale,15,none,true,12,96,9,1,m2,1QfNfpZhwfH6CM4ixrSJgDoDJhiRFdtubEjpYo,44664,7,90,1.0,44664.0,157185.0,0.284149,3.07036108e-05,1.37134607,0.25376514,0.99198265,-1.75,7.500,22.03,22.0297,-0.0003,1,,0,3,3,0,0,m3,126zpQGvcdYaSuvkAvrpLoXoNrPtK4JEbekAiJ,00a3fa668ef3d9d5d0a11ee30767484d608df8a5b5bf4d81349fa31c728a7a33,946686289,946686280,7,1,0,0,121.5424,95,
run1-tbt-15s,1,regionale,15,none,true,12,96,9,1,m3,126zpQGvcdYaSuvkAvrpLoXoNrPtK4JEbekAiJ,14185,7,90,1.0,14185.0,157185.0,0.090244,3.48259025e-07,0.00494005,0.99507213,0.05326977,-1.75,7.500,7.949,7.949,0.0,1,,1,1,1,1,1,m3,126zpQGvcdYaSuvkAvrpLoXoNrPtK4JEbekAiJ,00a3fa668ef3d9d5d0a11ee30767484d608df8a5b5bf4d81349fa31c728a7a33,946686289,946686280,7,1,0,0,76.5086,95,1
run1-tbt-15s,1,regionale,15,none,true,12,97,9,1,m1,1YLDd55XmgLpCAy6ncxQKNEsQ8HSppoxHySYBe,98336,7,90,1.0,98336.0,157185.0,0.625607,5.13050858e-06,0.50451369,0.60379914,0.55355497,-1.25,7.500,15.553,15.5533,0.0003,1,,0,2,2,0,0,m2,1QfNfpZhwfH6CM4ixrSJgDoDJhiRFdtubEjpYo,0012fdb6aa5adc7aa3603fc36d19c02ab5b91a50390d1198a593259bf91276d2,946686305,946686289,13,1,0,0,7.1208,97,
run1-tbt-15s,1,regionale,15,none,true,12,97,9,1,m2,1QfNfpZhwfH6CM4ixrSJgDoDJhiRFdtubEjpYo,44664,7,90,1.0,44664.0,157185.0,0.284149,3.59250754e-06,0.16045576,0.85175551,0.43146267,-1.25,7.500,13.722,13.7219,-0.0001,1,,1,1,1,1,1,m2,1QfNfpZhwfH6CM4ixrSJgDoDJhiRFdtubEjpYo,0012fdb6aa5adc7aa3603fc36d19c02ab5b91a50390d1198a593259bf91276d2,946686305,946686289,13,1,0,0,49.7718,97,1
run1-tbt-15s,1,regionale,15,none,true,12,97,9,1,m3,126zpQGvcdYaSuvkAvrpLoXoNrPtK4JEbekAiJ,14185,7,90,1.0,14185.0,157185.0,0.090244,4.57768331e-05,0.64934438,0.52238815,0.99925,-1.25,7.500,22.239,22.2387,-0.0003,1,,0,3,3,0,0,m2,1QfNfpZhwfH6CM4ixrSJgDoDJhiRFdtubEjpYo,0012fdb6aa5adc7aa3603fc36d19c02ab5b91a50390d1198a593259bf91276d2,946686305,946686289,13,1,0,0,61.7289,97,
run1-tbt-15s,1,regionale,15,none,true,12,98,9,1,m1,1YLDd55XmgLpCAy6ncxQKNEsQ8HSppoxHySYBe,98336,7,90,1.0,98336.0,157185.0,0.625607,1.27855756e-05,1.25728236,0.28442594,0.86597122,-1.667,7.500,20.156,20.1562,0.0002,1,,1,1,1,1,1,m1,1YLDd55XmgLpCAy6ncxQKNEsQ8HSppoxHySYBe,0006121cd5f70ecfed449907f1d6228a02f101c55b2a33ed80da3a7fc7b57844,946686327,946686305,20,1,0,0,7.1208,97,1
run1-tbt-15s,1,regionale,15,none,true,12,98,9,1,m2,1QfNfpZhwfH6CM4ixrSJgDoDJhiRFdtubEjpYo,44664,7,90,1.0,44664.0,157185.0,0.284149,7.14775169e-05,3.19247181,0.04107023,0.9999868,-1.667,7.500,22.166,22.1664,0.0004,1,,0,2,2,0,0,m1,1YLDd55XmgLpCAy6ncxQKNEsQ8HSppoxHySYBe,0006121cd5f70ecfed449907f1d6228a02f101c55b2a33ed80da3a7fc7b57844,946686327,946686305,20,1,0,0,49.7718,97,
run1-tbt-15s,1,regionale,15,none,true,12,98,9,1,m3,126zpQGvcdYaSuvkAvrpLoXoNrPtK4JEbekAiJ,14185,7,90,1.0,14185.0,157185.0,0.090244,0.0001759162,2.4953713,0.08246583,1.0,-1.667,7.500,22.167,22.1666,-0.0004,1,,0,3,3,0,0,m1,1YLDd55XmgLpCAy6ncxQKNEsQ8HSppoxHySYBe,0006121cd5f70ecfed449907f1d6228a02f101c55b2a33ed80da3a7fc7b57844,946686327,946686305,20,1,0,0,61.7289,97,
run1-tbt-15s,1,regionale,15,none,true,12,99,9,1,m1,1YLDd55XmgLpCAy6ncxQKNEsQ8HSppoxHySYBe,98336,7,90,1.0,98336.0,157185.0,0.625607,1.46682128e-06,0.14424134,0.8656788,0.20591304,-2.083,7.500,10.172,10.1721,0.0001,1,,1,1,1,1,1,m1,1YLDd55XmgLpCAy6ncxQKNEsQ8HSppoxHySYBe,000be5fe5c39584cf4945351570e86a693c3fa177ade385d81c7776b5d09834d,946686338,946686327,10,1,0,0,107.6126,99,2
run1-tbt-15s,1,regionale,15,none,true,12,99,9,1,m2,1QfNfpZhwfH6CM4ixrSJgDoDJhiRFdtubEjpYo,44664,7,90,1.0,44664.0,157185.0,0.284149,9.97265533e-06,0.44541868,0.64055603,0.79144486,-2.083,7.500,18.955,18.9551,0.0001,1,,0,2,2,0,0,m1,1YLDd55XmgLpCAy6ncxQKNEsQ8HSppoxHySYBe,000be5fe5c39584cf4945351570e86a693c3fa177ade385d81c7776b5d09834d,946686338,946686327,10,1,0,0,50.5052,99,
run1-tbt-15s,1,regionale,15,none,true,12,99,9,1,m3,126zpQGvcdYaSuvkAvrpLoXoNrPtK4JEbekAiJ,14185,7,90,1.0,14185.0,157185.0,0.090244,0.000117938553,1.67295837,0.18769098,0.99999999,-2.083,7.500,22.083,22.0834,0.0004,1,,0,3,3,0,0,m1,1YLDd55XmgLpCAy6ncxQKNEsQ8HSppoxHySYBe,000be5fe5c39584cf4945351570e86a693c3fa177ade385d81c7776b5d09834d,946686338,946686327,10,1,0,0,61.7289,99,
run1-tbt-15s,1,regionale,15,none,true,12,100,9,1,m1,1YLDd55XmgLpCAy6ncxQKNEsQ8HSppoxHySYBe,98336,7,90,1.0,98336.0,157185.0,0.625607,4.79995078e-06,0.47200796,0.62374855,0.52974504,-1.0,7.500,15.246,15.2462,0.0002,1,,1,1,1,1,1,m1,1YLDd55XmgLpCAy6ncxQKNEsQ8HSppoxHySYBe,00d1aa74193c5c5ee6721e023e32f82896d0c0c45d1d3d0db88efbb369c7393d,946686353,946686338,15,1,0,0,107.6126,99,3
run1-tbt-15s,1,regionale,15,none,true,12,100,9,1,m2,1QfNfpZhwfH6CM4ixrSJgDoDJhiRFdtubEjpYo,44664,7,90,1.0,44664.0,157185.0,0.284149,5.65916548e-05,2.52760967,0.07984966,0.99986298,-1.0,7.500,22.298,22.2979,-0.0001,1,,0,3,3,0,0,m1,1YLDd55XmgLpCAy6ncxQKNEsQ8HSppoxHySYBe,00d1aa74193c5c5ee6721e023e32f82896d0c0c45d1d3d0db88efbb369c7393d,946686353,946686338,15,1,0,0,50.5052,99,
run1-tbt-15s,1,regionale,15,none,true,12,100,9,1,m3,126zpQGvcdYaSuvkAvrpLoXoNrPtK4JEbekAiJ,14185,7,90,1.0,14185.0,157185.0,0.090244,1.64757605e-05,0.23370866,0.7915924,0.92496063,-1.0,7.500,21.174,21.1744,0.0004,1,,0,2,2,0,0,m1,1YLDd55XmgLpCAy6ncxQKNEsQ8HSppoxHySYBe,00d1aa74193c5c5ee6721e023e32f82896d0c0c45d1d3d0db88efbb369c7393d,946686353,946686338,15,1,0,0,61.7289,99,
run1-tbt-15s,1,regionale,15,none,true,12,101,9,1,m1,1YLDd55XmgLpCAy6ncxQKNEsQ8HSppoxHySYBe,98336,7,90,1.0,98336.0,157185.0,0.625607,2.41794752e-06,0.23777129,0.78838298,0.3161831,-0.583,7.500,12.126,12.1261,0.0001,1,,1,1,1,1,1,m1,1YLDd55XmgLpCAy6ncxQKNEsQ8HSppoxHySYBe,0095de3dc282b214e9bcdac5c929c22f49a50849f942f17a439bc192e865b67c,946686367,946686353,12,1,0,0,108.0094,101,4
run1-tbt-15s,1,regionale,15,none,true,12,101,9,1,m2,1QfNfpZhwfH6CM4ixrSJgDoDJhiRFdtubEjpYo,44664,7,90,1.0,44664.0,157185.0,0.284149,4.38118206e-05,1.95681116,0.14130831,0.99897858,-0.583,7.500,22.368,22.3681,0.0001,1,,0,2,2,0,0,m1,1YLDd55XmgLpCAy6ncxQKNEsQ8HSppoxHySYBe,0095de3dc282b214e9bcdac5c929c22f49a50849f942f17a439bc192e865b67c,946686367,946686353,12,1,0,0,50.4288,101,
run1-tbt-15s,1,regionale,15,none,true,12,101,9,1,m3,126zpQGvcdYaSuvkAvrpLoXoNrPtK4JEbekAiJ,14185,7,90,1.0,14185.0,157185.0,0.090244,0.000133194496,1.88936393,0.15116793,1.0,-0.583,7.500,22.383,22.3834,0.0004,1,,0,3,3,0,0,m1,1YLDd55XmgLpCAy6ncxQKNEsQ8HSppoxHySYBe,0095de3dc282b214e9bcdac5c929c22f49a50849f942f17a439bc192e865b67c,946686367,946686353,12,1,0,0,61.7289,101,
run1-tbt-15s,1,regionale,15,none,true,12,102,9,1,m1,1YLDd55XmgLpCAy6ncxQKNEsQ8HSppoxHySYBe,98336,7,90,1.0,98336.0,157185.0,0.625607,8.91577383e-06,0.87674154,0.41613667,0.75375441,-0.167,7.500,18.773,18.7729,-0.0001,1,,1,2,2,0,0,m1,1YLDd55XmgLpCAy6ncxQKNEsQ8HSppoxHySYBe,00bf17cacbabf44ee8ca72c0ffeeb5a1bfd53329fc689f327dfd01f7882af0e3,946686387,946686367,18,1,1,1,108.0094,101,5
run1-tbt-15s,1,regionale,15,none,true,12,102,9,1,m2,1QfNfpZhwfH6CM4ixrSJgDoDJhiRFdtubEjpYo,44664,7,90,1.0,44664.0,157185.0,0.284149,2.03204896e-05,0.90759435,0.40349372,0.95899561,-0.167,7.500,21.852,21.8515,-0.0005,1,,0,3,3,0,0,m1,1YLDd55XmgLpCAy6ncxQKNEsQ8HSppoxHySYBe,00bf17cacbabf44ee8ca72c0ffeeb5a1bfd53329fc689f327dfd01f7882af0e3,946686387,946686367,18,1,1,1,50.4288,101,
run1-tbt-15s,1,regionale,15,none,true,12,102,9,1,m3,126zpQGvcdYaSuvkAvrpLoXoNrPtK4JEbekAiJ,14185,7,90,1.0,14185.0,157185.0,0.090244,7.33825077e-06,0.10409309,0.90114141,0.68445783,-0.167,7.500,17.734,17.7335,-0.0005,1,,0,1,1,1,1,m1,1YLDd55XmgLpCAy6ncxQKNEsQ8HSppoxHySYBe,00bf17cacbabf44ee8ca72c0ffeeb5a1bfd53329fc689f327dfd01f7882af0e3,946686387,946686367,18,1,1,1,61.7289,101,
run1-tbt-15s,1,regionale,15,none,true,12,103,9,1,m1,1YLDd55XmgLpCAy6ncxQKNEsQ8HSppoxHySYBe,98356,8,102,1.0,98356.0,163568.0,0.601316,5.41044449e-06,0.53214968,0.58734102,0.58727575,-0.083,7.500,16.292,16.2925,0.0005,1,,1,1,1,1,1,m1,1YLDd55XmgLpCAy6ncxQKNEsQ8HSppoxHySYBe,00860c6061a0a391f0d714891be900c82c47d9a9090ae42c1a5541c778df8456,946686403,946686387,16,1,0,0,108.8082,103,6
run1-tbt-15s,1,regionale,15,none,true,12,103,9,1,m2,1QfNfpZhwfH6CM4ixrSJgDoDJhiRFdtubEjpYo,51027,8,102,1.0,51027.0,163568.0,0.311962,1.08324805e-05,0.55274898,0.57536596,0.82998135,0.0,7.500,19.95,19.9497,-0.0003,1,,0,2,2,0,0,m1,1YLDd55XmgLpCAy6ncxQKNEsQ8HSppoxHySYBe,00860c6061a0a391f0d714891be900c82c47d9a9090ae42c1a5541c778df8456,946686403,946686387,16,1,0,0,50.4288,103,
run1-tbt-15s,1,regionale,15,none,true,12,103,9,1,m3,126zpQGvcdYaSuvkAvrpLoXoNrPtK4JEbekAiJ,14185,7,90,1.0,14185.0,163568.0,0.086722,2.63892779e-05,0.37433191,0.68774861,0.9866527,0.0,7.500,22.3,22.2998,-0.0002,1,,0,3,3,0,0,m1,1YLDd55XmgLpCAy6ncxQKNEsQ8HSppoxHySYBe,00860c6061a0a391f0d714891be900c82c47d9a9090ae42c1a5541c778df8456,946686403,946686387,16,1,0,0,61.7289,103,
run1-tbt-15s,1,regionale,15,none,true,12,104,9,1,m1,1YLDd55XmgLpCAy6ncxQKNEsQ8HSppoxHySYBe,98356,8,102,1.0,98356.0,163568.0,0.601316,1.03012023e-05,1.01318505,0.36306077,0.81454575,-0.583,7.500,19.602,19.6016,-0.0004,1,,1,2,2,0,0,m1,1YLDd55XmgLpCAy6ncxQKNEsQ8HSppoxHySYBe,00670e62b11050bba09f633268d2a20175b38c2d167d70c5fdc3da5b633e76c1,946686423,946686403,19,1,0,0,109.2008,104,7
run1-tbt-15s,1,regionale,15,none,true,12,104,9,1,m2,1QfNfpZhwfH6CM4ixrSJgDoDJhiRFdtubEjpYo,51027,8,102,1.0,51027.0,163568.0,0.311962,8.8210541e-06,0.45011193,0.63755679,0.76374468,-0.583,7.500,18.84,18.8396,-0.0004,1,,0,1,1,1,1,m1,1YLDd55XmgLpCAy6ncxQKNEsQ8HSppoxHySYBe,00670e62b11050bba09f633268d2a20175b38c2d167d70c5fdc3da5b633e76c1,946686423,946686403,19,1,0,0,50.4288,104,
run1-tbt-15s,1,regionale,15,none,true,12,104,9,1,m3,126zpQGvcdYaSuvkAvrpLoXoNrPtK4JEbekAiJ,14185,7,90,1.0,14185.0,163568.0,0.086722,4.74200392e-05,0.67265326,0.51035268,0.99957201,-0.583,7.500,22.377,22.377,-0.0,1,,0,3,3,0,0,m1,1YLDd55XmgLpCAy6ncxQKNEsQ8HSppoxHySYBe,00670e62b11050bba09f633268d2a20175b38c2d167d70c5fdc3da5b633e76c1,946686423,946686403,19,1,0,0,61.7289,104,
run1-tbt-15s,1,regionale,15,none,true,12,105,9,1,m1,1YLDd55XmgLpCAy6ncxQKNEsQ8HSppoxHySYBe,98356,8,102,1.0,98356.0,163568.0,0.601316,5.35898166e-06,0.527088,0.59032149,0.58378691,-0.417,7.500,16.173,16.1734,0.0004,1,,1,1,1,1,1,m1,1YLDd55XmgLpCAy6ncxQKNEsQ8HSppoxHySYBe,005c5aa8a67e9426eba2dbc4c66af2981b68381b403c6a1fa5b532f4cbce1392,946686439,946686423,16,1,0,0,109.2008,104,8
run1-tbt-15s,1,regionale,15,none,true,12,105,9,1,m2,1QfNfpZhwfH6CM4ixrSJgDoDJhiRFdtubEjpYo,51027,8,102,1.0,51027.0,163568.0,0.311962,2.2007955e-05,1.12299992,0.32530245,0.97267074,-0.417,7.500,22.007,22.0067,-0.0003,1,,0,2,2,0,0,m1,1YLDd55XmgLpCAy6ncxQKNEsQ8HSppoxHySYBe,005c5aa8a67e9426eba2dbc4c66af2981b68381b403c6a1fa5b532f4cbce1392,946686439,946686423,16,1,0,0,50.4288,104,
run1-tbt-15s,1,regionale,15,none,true,12,105,9,1,m3,126zpQGvcdYaSuvkAvrpLoXoNrPtK4JEbekAiJ,14185,7,90,1.0,14185.0,163568.0,0.086722,0.000136829962,1.94093301,0.14356993,1.0,-0.417,7.500,22.417,22.4166,-0.0004,1,,0,3,3,0,0,m1,1YLDd55XmgLpCAy6ncxQKNEsQ8HSppoxHySYBe,005c5aa8a67e9426eba2dbc4c66af2981b68381b403c6a1fa5b532f4cbce1392,946686439,946686423,16,1,0,0,61.7289,104,
run1-tbt-15s,1,regionale,15,none,true,12,106,9,1,m1,1YLDd55XmgLpCAy6ncxQKNEsQ8HSppoxHySYBe,98356,8,102,1.0,98356.0,163568.0,0.601316,1.01359679e-05,0.99693326,0.36900936,0.80946512,-0.583,7.500,19.525,19.5254,0.0004,1,,1,1,1,1,1,m1,1YLDd55XmgLpCAy6ncxQKNEsQ8HSppoxHySYBe,00132cfdd8533b249bb9d7f0336563aadb0b0183b8d39de2138b075c9fe52ad5,946686459,946686439,19,1,0,0,109.93,106,9
run1-tbt-15s,1,regionale,15,none,true,12,106,9,1,m2,1QfNfpZhwfH6CM4ixrSJgDoDJhiRFdtubEjpYo,51027,8,102,1.0,51027.0,163568.0,0.311962,1.84551947e-05,0.94171322,0.38995918,0.95113429,-0.583,7.500,21.65,21.6504,0.0004,1,,0,2,2,0,0,m1,1YLDd55XmgLpCAy6ncxQKNEsQ8HSppoxHySYBe,00132cfdd8533b249bb9d7f0336563aadb0b0183b8d39de2138b075c9fe52ad5,946686459,946686439,19,1,0,0,50.4288,106,
run1-tbt-15s,1,regionale,15,none,true,12,106,9,1,m3,126zpQGvcdYaSuvkAvrpLoXoNrPtK4JEbekAiJ,14185,7,90,1.0,14185.0,163568.0,0.086722,4.66632729e-05,0.66191853,0.51586069,0.99951561,-0.583,7.500,22.376,22.3761,0.0001,1,,0,3,3,0,0,m1,1YLDd55XmgLpCAy6ncxQKNEsQ8HSppoxHySYBe,00132cfdd8533b249bb9d7f0336563aadb0b0183b8d39de2138b075c9fe52ad5,946686459,946686439,19,1,0,0,61.7289,106,
run1-tbt-15s,1,regionale,15,none,true,12,107,9,1,m1,1YLDd55XmgLpCAy6ncxQKNEsQ8HSppoxHySYBe,98356,8,102,1.0,98356.0,163568.0,0.601316,4.54681882e-06,0.44720691,0.63941159,0.52465483,-1.25,7.500,15.12,15.1198,-0.0002,1,,1,1,1,1,1,m1,1YLDd55XmgLpCAy6ncxQKNEsQ8HSppoxHySYBe,0028afd8f94880bfbe824a232abf0c7c0955eee703fdc85668a63601f188e118,946686475,946686459,15,1,0,0,109.93,106,10
run1-tbt-15s,1,regionale,15,none,true,12,107,9,1,m2,1QfNfpZhwfH6CM4ixrSJgDoDJhiRFdtubEjpYo,51027,8,102,1.0,51027.0,163568.0,0.311962,5.16416e-06,0.26351159,0.76834872,0.57031003,-1.25,7.500,15.805,15.8047,-0.0003,1,,0,2,2,0,0,m1,1YLDd55XmgLpCAy6ncxQKNEsQ8HSppoxHySYBe,0028afd8f94880bfbe824a232abf0c7c0955eee703fdc85668a63601f188e118,946686475,946686459,15,1,0,0,50.4288,106,
run1-tbt-15s,1,regionale,15,none,true,12,107,9,1,m3,126zpQGvcdYaSuvkAvrpLoXoNrPtK4JEbekAiJ,14185,7,90,1.0,14185.0,163568.0,0.086722,0.000274874497,3.89909474,0.02026024,1.0,-1.25,7.500,22.25,22.25,0.0,1,,0,3,3,0,0,m1,1YLDd55XmgLpCAy6ncxQKNEsQ8HSppoxHySYBe,0028afd8f94880bfbe824a232abf0c7c0955eee703fdc85668a63601f188e118,946686475,946686459,15,1,0,0,61.7289,106,
run1-tbt-15s,1,regionale,15,none,true,12,108,10,1,m1,1YLDd55XmgLpCAy6ncxQKNEsQ8HSppoxHySYBe,98356,8,102,1.0,98356.0,163568.0,0.601316,1.76729173e-06,0.17382375,0.84044502,0.251042,-1.25,7.500,11.016,11.0156,-0.0004,1,,1,1,1,1,1,m1,1YLDd55XmgLpCAy6ncxQKNEsQ8HSppoxHySYBe,003eca30384438fb9c809587feede21493e73436de5c1c667bdd648b310e3c72,946686487,946686475,11,1,0,0,7.0337,108,11
run1-tbt-15s,1,regionale,15,none,true,12,108,10,1,m2,1QfNfpZhwfH6CM4ixrSJgDoDJhiRFdtubEjpYo,51027,8,102,1.0,51027.0,163568.0,0.311962,1.01668769e-05,0.51878523,0.59524319,0.81042598,-1.25,7.500,19.406,19.4064,0.0004,1,,0,2,2,0,0,m1,1YLDd55XmgLpCAy6ncxQKNEsQ8HSppoxHySYBe,003eca30384438fb9c809587feede21493e73436de5c1c667bdd648b310e3c72,946686487,946686475,11,1,0,0,21.2083,108,
run1-tbt-15s,1,regionale,15,none,true,12,108,10,1,m3,126zpQGvcdYaSuvkAvrpLoXoNrPtK4JEbekAiJ,14185,7,90,1.0,14185.0,163568.0,0.086722,1.7405096e-05,0.24689129,0.78122562,0.94197705,-1.25,7.500,21.38,21.3797,-0.0003,1,,0,3,3,0,0,m1,1YLDd55XmgLpCAy6ncxQKNEsQ8HSppoxHySYBe,003eca30384438fb9c809587feede21493e73436de5c1c667bdd648b310e3c72,946686487,946686475,11,1,0,0,49.7381,108,
run1-tbt-15s,1,regionale,15,none,true,12,109,10,1,m1,1YLDd55XmgLpCAy6ncxQKNEsQ8HSppoxHySYBe,98356,8,102,1.0,98356.0,163568.0,0.601316,3.29739544e-05,3.24318626,0.03903931,0.99545389,-1.5,7.500,22.132,22.1318,-0.0002,1,,0,2,2,0,0,m2,1QfNfpZhwfH6CM4ixrSJgDoDJhiRFdtubEjpYo,0096d70e802f982356ccb7c570c1d5300bbfdead5fff9312b22e3f3d407960ee,946686510,946686487,21,1,1,1,7.0337,108,
run1-tbt-15s,1,regionale,15,none,true,12,109,10,1,m2,1QfNfpZhwfH6CM4ixrSJgDoDJhiRFdtubEjpYo,51027,8,102,1.0,51027.0,163568.0,0.311962,2.59428023e-05,1.32378337,0.26612654,0.98564149,-1.5,7.500,21.985,21.9846,-0.0004,1,,1,1,1,1,1,m2,1QfNfpZhwfH6CM4ixrSJgDoDJhiRFdtubEjpYo,0096d70e802f982356ccb7c570c1d5300bbfdead5fff9312b22e3f3d407960ee,946686510,946686487,21,1,1,1,21.2083,108,1
run1-tbt-15s,1,regionale,15,none,true,12,109,10,1,m3,126zpQGvcdYaSuvkAvrpLoXoNrPtK4JEbekAiJ,14185,7,90,1.0,14185.0,163568.0,0.086722,7.88454851e-05,1.11842321,0.32679468,0.99999749,-1.5,7.500,22.2,22.2,-0.0,1,,0,3,3,0,0,m2,1QfNfpZhwfH6CM4ixrSJgDoDJhiRFdtubEjpYo,0096d70e802f982356ccb7c570c1d5300bbfdead5fff9312b22e3f3d407960ee,946686510,946686487,21,1,1,1,49.7381,108,
run1-tbt-15s,1,regionale,15,none,true,12,110,10,1,m1,1YLDd55XmgLpCAy6ncxQKNEsQ8HSppoxHySYBe,98356,8,102,1.0,98356.0,163568.0,0.601316,7.60508946e-06,0.74800618,0.47330931,0.71175639,-2.083,7.500,17.76,17.7597,-0.0003,1,,0,2,2,0,0,m2,1QfNfpZhwfH6CM4ixrSJgDoDJhiRFdtubEjpYo,00267845ff040926505cfcc2e5a94114b94c8cb3cbb27fd164ded4a3d45498ba,946686521,946686510,10,1,0,0,107.3137,110,
run1-tbt-15s,1,regionale,15,none,true,12,110,10,1,m2,1QfNfpZhwfH6CM4ixrSJgDoDJhiRFdtubEjpYo,51027,8,102,1.0,51027.0,163568.0,0.311962,1.47882862e-06,0.07546019,0.92731665,0.21485671,-2.083,7.500,10.306,10.3063,0.0003,1,,1,1,1,1,1,m2,1QfNfpZhwfH6CM4ixrSJgDoDJhiRFdtubEjpYo,00267845ff040926505cfcc2e5a94114b94c8cb3cbb27fd164ded4a3d45498ba,946686521,946686510,10,1,0,0,22.3093,110,2
run1-tbt-15s,1,regionale,15,none,true,12,110,10,1,m3,126zpQGvcdYaSuvkAvrpLoXoNrPtK4JEbekAiJ,14185,7,90,1.0,14185.0,163568.0,0.086722,1.66895764e-05,0.23674164,0.78919516,0.93477292,-2.083,7.500,21.105,21.105,-0.0,1,,0,3,3,0,0,m2,1QfNfpZhwfH6CM4ixrSJgDoDJhiRFdtubEjpYo,00267845ff040926505cfcc2e5a94114b94c8cb3cbb27fd164ded4a3d45498ba,946686521,946686510,10,1,0,0,49.7381,110,
run1-tbt-15s,1,regionale,15,none,true,12,111,10,1,m1,1YLDd55XmgLpCAy6ncxQKNEsQ8HSppoxHySYBe,98356,8,102,1.0,98356.0,163568.0,0.601316,1.74055689e-07,0.01711942,0.98302628,0.02806849,-1.167,7.500,7.688,7.6876,-0.0004,1,,1,1,1,1,1,m1,1YLDd55XmgLpCAy6ncxQKNEsQ8HSppoxHySYBe,004cef91fe0318fbc10995e79f18a2c1a3a9b445fe816f7c78d422033175621f,946686530,946686521,7,1,0,0,107.3137,110,1
run1-tbt-15s,1,regionale,15,none,true,12,111,10,1,m2,1QfNfpZhwfH6CM4ixrSJgDoDJhiRFdtubEjpYo,51027,8,102,1.0,51027.0,163568.0,0.311962,2.18480376e-05,1.11483981,0.32796781,0.97194644,-1.167,7.500,21.846,21.8458,-0.0002,1,,0,2,2,0,0,m1,1YLDd55XmgLpCAy6ncxQKNEsQ8HSppoxHySYBe,004cef91fe0318fbc10995e79f18a2c1a3a9b445fe816f7c78d422033175621f,946686530,946686521,7,1,0,0,22.3093,110,
run1-tbt-15s,1,regionale,15,none,true,12,111,10,1,m3,126zpQGvcdYaSuvkAvrpLoXoNrPtK4JEbekAiJ,14185,7,90,1.0,14185.0,163568.0,0.086722,2.36395459e-05,0.33532696,0.71510424,0.97907212,-1.167,7.500,21.953,21.9527,-0.0003,1,,0,3,3,0,0,m1,1YLDd55XmgLpCAy6ncxQKNEsQ8HSppoxHySYBe,004cef91fe0318fbc10995e79f18a2c1a3a9b445fe816f7c78d422033175621f,946686530,946686521,7,1,0,0,49.7381,110,
run1-tbt-15s,1,regionale,15,none,true,12,112,10,1,m1,1YLDd55XmgLpCAy6ncxQKNEsQ8HSppoxHySYBe,98356,8,102,1.0,98356.0,163568.0,0.601316,1.48533604e-05,1.46091712,0.23202338,0.91192217,-1.0,7.500,20.979,20.9788,-0.0002,1,,1,1,1,1,1,m1,1YLDd55XmgLpCAy6ncxQKNEsQ8HSppoxHySYBe,00bfd64bea7e4e54772165fd5773339cdca4534ea67f014b7a3fd54093f65f33,946686552,946686530,20,1,0,0,107.3697,112,2
run1-tbt-15s,1,regionale,15,none,true,12,112,10,1,m2,1QfNfpZhwfH6CM4ixrSJgDoDJhiRFdtubEjpYo,51027,8,102,1.0,51027.0,163568.0,0.311962,2.17044034e-05,1.10751059,0.33038039,0.97127955,-1.0,7.500,21.869,21.8692,0.0002,1,,0,2,2,0,0,m1,1YLDd55XmgLpCAy6ncxQKNEsQ8HSppoxHySYBe,00bfd64bea7e4e54772165fd5773339cdca4534ea67f014b7a3fd54093f65f33,946686552,946686530,20,1,0,0,22.5895,112,
run1-tbt-15s,1,regionale,15,none,true,12,112,10,1,m3,126zpQGvcdYaSuvkAvrpLoXoNrPtK4JEbekAiJ,14185,7,90,1.0,14185.0,163568.0,0.086722,2.72970053e-05,0.38720802,0.67894984,0.98849434,-1.0,7.500,22.127,22.1274,0.0004,1,,0,3,3,0,0,m1,1YLDd55XmgLpCAy6ncxQKNEsQ8HSppoxHySYBe,00bfd64bea7e4e54772165fd5773339cdca4534ea67f014b7a3fd54093f65f33,946686552,946686530,20,1,0,0,49.7381,112,
run1-tbt-15s,1,regionale,15,none,true,12,113,10,1,m1,1YLDd55XmgLpCAy6ncxQKNEsQ8HSppoxHySYBe,98356,8,102,1.0,98356.0,163568.0,0.601316,4.47783846e-06,0.44042228,0.64376452,0.51926115,-1.583,7.500,14.972,14.9723,0.0003,1,,0,2,2,0,0,m2,1QfNfpZhwfH6CM4ixrSJgDoDJhiRFdtubEjpYo,009bc7c3af47ca8d75f33c594fdf099254668a7b17de4e43f3efe69517775e84,946686566,946686552,12,1,0,0,107.7977,113,
run1-tbt-15s,1,regionale,15,none,true,12,113,10,1,m2,1QfNfpZhwfH6CM4ixrSJgDoDJhiRFdtubEjpYo,51027,8,102,1.0,51027.0,163568.0,0.311962,2.86959908e-06,0.14642703,0.86378876,0.37460672,-1.583,7.500,12.802,12.8025,0.0005,1,,1,1,1,1,1,m2,1QfNfpZhwfH6CM4ixrSJgDoDJhiRFdtubEjpYo,009bc7c3af47ca8d75f33c594fdf099254668a7b17de4e43f3efe69517775e84,946686566,946686552,12,1,0,0,22.5131,113,1
run1-tbt-15s,1,regionale,15,none,true,12,113,10,1,m3,126zpQGvcdYaSuvkAvrpLoXoNrPtK4JEbekAiJ,14185,7,90,1.0,14185.0,163568.0,0.086722,7.11852299e-05,1.00976249,0.3643055,0.99999123,-1.583,7.500,22.183,22.1833,0.0003,1,,0,3,3,0,0,m2,1QfNfpZhwfH6CM4ixrSJgDoDJhiRFdtubEjpYo,009bc7c3af47ca8d75f33c594fdf099254668a7b17de4e43f3efe69517775e84,946686566,946686552,12,1,0,0,49.6621,113,
run1-tbt-15s,1,regionale,15,none,true,12,114,10,1,m1,1YLDd55XmgLpCAy6ncxQKNEsQ8HSppoxHySYBe,98356,8,102,1.0,98356.0,163568.0,0.601316,1.18588985e-05,1.16639382,0.3114882,0.85625815,-1.583,7.500,20.027,20.0273,0.0003,1,,0,1,1,1,1,m2,1QfNfpZhwfH6CM4ixrSJgDoDJhiRFdtubEjpYo,0086fbe720a2f58ee167de0ad70fadf7d6d667411bb8d29b5e22c3bb52ce2d8d,946686587,946686566,20,1,0,0,107.7977,113,
run1-tbt-15s,1,regionale,15,none,true,12,114,10,1,m2,1QfNfpZhwfH6CM4ixrSJgDoDJhiRFdtubEjpYo,51027,8,102,1.0,51027.0,163568.0,0.311962,1.24227291e-05,0.6338946,0.5305216,0.86892177,-1.583,7.500,20.217,20.2172,0.0002,1,,1,2,2,0,0,m2,1QfNfpZhwfH6CM4ixrSJgDoDJhiRFdtubEjpYo,0086fbe720a2f58ee167de0ad70fadf7d6d667411bb8d29b5e22c3bb52ce2d8d,946686587,946686566,20,1,0,0,22.5131,113,2
run1-tbt-15s,1,regionale,15,none,true,12,114,10,1,m3,126zpQGvcdYaSuvkAvrpLoXoNrPtK4JEbekAiJ,14185,7,90,1.0,14185.0,163568.0,0.086722,3.13435625e-05,0.44460843,0.64107525,0.9940645,-1.583,7.500,22.094,22.0944,0.0004,1,,0,3,3,0,0,m2,1QfNfpZhwfH6CM4ixrSJgDoDJhiRFdtubEjpYo,0086fbe720a2f58ee167de0ad70fadf7d6d667411bb8d29b5e22c3bb52ce2d8d,946686587,946686566,20,1,0,0,49.6621,113,
run1-tbt-15s,1,regionale,15,none,true,12,115,10,1,m1,1YLDd55XmgLpCAy6ncxQKNEsQ8HSppoxHySYBe,98941,9,114,1.0,98941.0,160161.0,0.61776,2.50894995e-05,2.48238017,0.08354414,0.98201756,-1.667,7.500,21.897,21.8969,-0.0001,1,,0,2,2,0,0,m2,1QfNfpZhwfH6CM4ixrSJgDoDJhiRFdtubEjpYo,005fca73c5697751485a228d4752edb3d2b1053f0b318c6ad4f4e893c5205189,946686595,946686587,8,1,0,0,107.7977,113,
run1-tbt-15s,1,regionale,15,none,true,12,115,10,1,m2,1QfNfpZhwfH6CM4ixrSJgDoDJhiRFdtubEjpYo,48785,9,114,1.0,48785.0,160161.0,0.3046,6.10152525e-07,0.02976629,0.97067236,0.09309959,-1.667,7.500,8.563,8.5631,0.0001,1,,1,1,1,1,1,m2,1QfNfpZhwfH6CM4ixrSJgDoDJhiRFdtubEjpYo,005fca73c5697751485a228d4752edb3d2b1053f0b318c6ad4f4e893c5205189,946686595,946686587,8,1,0,0,22.5131,113,3
run1-tbt-15s,1,regionale,15,none,true,12,115,10,1,m3,126zpQGvcdYaSuvkAvrpLoXoNrPtK4JEbekAiJ,12435,9,114,1.0,12435.0,160161.0,0.077641,0.00021588703,2.68455522,0.06825154,1.0,-1.667,7.500,22.167,22.1666,-0.0004,1,,0,3,3,0,0,m2,1QfNfpZhwfH6CM4ixrSJgDoDJhiRFdtubEjpYo,005fca73c5697751485a228d4752edb3d2b1053f0b318c6ad4f4e893c5205189,946686595,946686587,8,1,0,0,49.6621,113,
run1-tbt-15s,1,regionale,15,none,true,12,116,10,1,m1,1YLDd55XmgLpCAy6ncxQKNEsQ8HSppoxHySYBe,98941,9,114,1.0,98941.0,160161.0,0.61776,1.45469904e-05,1.43929378,0.23709514,0.90269068,-1.0,7.500,20.84,20.8404,0.0004,1,,0,2,2,0,0,m2,1QfNfpZhwfH6CM4ixrSJgDoDJhiRFdtubEjpYo,00064180fcca21a0b2d45fbced4af6a6c3eca338c059fc2f0e0e5396a66cb8b2,946686614,946686595,17,1,0,0,107.7977,116,
run1-tbt-15s,1,regionale,15,none,true,12,116,10,1,m2,1QfNfpZhwfH6CM4ixrSJgDoDJhiRFdtubEjpYo,48785,9,114,1.0,48785.0,160161.0,0.3046,7.45103338e-06,0.36349866,0.69523966,0.69680071,-1.0,7.500,17.752,17.752,0.0,1,,1,1,1,1,1,m2,1QfNfpZhwfH6CM4ixrSJgDoDJhiRFdtubEjpYo,00064180fcca21a0b2d45fbced4af6a6c3eca338c059fc2f0e0e5396a66cb8b2,946686614,946686595,17,1,0,0,23.5837,116,4
run1-tbt-15s,1,regionale,15,none,true,12,116,10,1,m3,126zpQGvcdYaSuvkAvrpLoXoNrPtK4JEbekAiJ,12435,9,114,1.0,12435.0,160161.0,0.077641,0.000340986314,4.24016481,0.01440522,1.0,-1.0,7.500,22.3,22.3,0.0,1,,0,3,3,0,0,m2,1QfNfpZhwfH6CM4ixrSJgDoDJhiRFdtubEjpYo,00064180fcca21a0b2d45fbced4af6a6c3eca338c059fc2f0e0e5396a66cb8b2,946686614,946686595,17,1,0,0,49.6621,116,
run1-tbt-15s,1,regionale,15,none,true,12,117,10,1,m1,1YLDd55XmgLpCAy6ncxQKNEsQ8HSppoxHySYBe,98941,9,114,1.0,98941.0,160161.0,0.61776,6.52950263e-06,0.64603552,0.52411952,0.64857947,-0.917,7.500,17.045,17.0453,0.0003,1,,1,1,1,1,1,m1,1YLDd55XmgLpCAy6ncxQKNEsQ8HSppoxHySYBe,000d673e8939392326520e8a43ad33e8fde1120b4bda9b9d6019be847f1434e8,946686633,946686614,17,1,0,0,107.7977,117,1
run1-tbt-15s,1,regionale,15,none,true,12,117,10,1,m2,1QfNfpZhwfH6CM4ixrSJgDoDJhiRFdtubEjpYo,48785,9,114,1.0,48785.0,160161.0,0.3046,6.51871548e-05,3.18015535,0.0415792,0.99997077,-0.917,7.500,22.316,22.3162,0.0002,1,,0,3,3,0,0,m1,1YLDd55XmgLpCAy6ncxQKNEsQ8HSppoxHySYBe,000d673e8939392326520e8a43ad33e8fde1120b4bda9b9d6019be847f1434e8,946686633,946686614,17,1,0,0,23.9761,117,
run1-tbt-15s,1,regionale,15,none,true,12,117,10,1,m3,126zpQGvcdYaSuvkAvrpLoXoNrPtK4JEbekAiJ,12435,9,114,1.0,12435.0,160161.0,0.077641,4.41377153e-05,0.54885249,0.57761225,0.99914904,-0.917,7.500,22.304,22.3038,-0.0002,1,,0,2,2,0,0,m1,1YLDd55XmgLpCAy6ncxQKNEsQ8HSppoxHySYBe,000d673e8939392326520e8a43ad33e8fde1120b4bda9b9d6019be847f1434e8,946686633,946686614,17,1,0,0,49.6621,117,
run1-tbt-15s,1,regionale,15,none,true,12,118,10,1,m1,1YLDd55XmgLpCAy6ncxQKNEsQ8HSppoxHySYBe,98941,9,114,1.0,98941.0,160161.0,0.61776,3.5967078e-06,0.35586187,0.70056939,0.43788696,-1.167,7.500,13.835,13.8349,-0.0001,1,,1,1,1,1,1,m1,1YLDd55XmgLpCAy6ncxQKNEsQ8HSppoxHySYBe,0046e63e5a9bcfc24f6291b25b2b01b0cf487d055cfe3132a8d9d203ec5fe84c,946686647,946686633,13,1,0,0,107.7977,117,2
run1-tbt-15s,1,regionale,15,none,true,12,118,10,1,m2,1QfNfpZhwfH6CM4ixrSJgDoDJhiRFdtubEjpYo,48785,9,114,1.0,48785.0,160161.0,0.3046,6.60684237e-06,0.32231481,0.72447009,0.6529056,-1.167,7.500,17.06,17.0602,0.0002,1,,0,2,2,0,0,m1,1YLDd55XmgLpCAy6ncxQKNEsQ8HSppoxHySYBe,0046e63e5a9bcfc24f6291b25b2b01b0cf487d055cfe3132a8d9d203ec5fe84c,946686647,946686633,13,1,0,0,23.9761,117,
run1-tbt-15s,1,regionale,15,none,true,12,118,10,1,m3,126zpQGvcdYaSuvkAvrpLoXoNrPtK4JEbekAiJ,12435,9,114,1.0,12435.0,160161.0,0.077641,5.98075736e-05,0.74370718,0.47534844,0.99993082,-1.167,7.500,22.266,22.2656,-0.0004,1,,0,3,3,0,0,m1,1YLDd55XmgLpCAy6ncxQKNEsQ8HSppoxHySYBe,0046e63e5a9bcfc24f6291b25b2b01b0cf487d055cfe3132a8d9d203ec5fe84c,946686647,946686633,13,1,0,0,49.6621,117,
run1-tbt-15s,1,regionale,15,none,true,12,119,10,1,m1,1YLDd55XmgLpCAy6ncxQKNEsQ8HSppoxHySYBe,98941,9,114,1.0,98941.0,160161.0,0.61776,3.29605436e-06,0.32611491,0.72172225,0.41015728,-0.667,7.500,13.519,13.519,-0.0,1,,1,1,1,1,1,m1,1YLDd55XmgLpCAy6ncxQKNEsQ8HSppoxHySYBe,007e2cc19555545da61a74998053566adb22eac8e986bac671cbca2be0f8cc41,946686662,946686647,13,1,0,0,107.7977,117,3
run1-tbt-15s,1,regionale,15,none,true,12,119,10,1,m2,1QfNfpZhwfH6CM4ixrSJgDoDJhiRFdtubEjpYo,48785,9,114,1.0,48785.0,160161.0,0.3046,5.16679101e-05,2.52061899,0.08040982,0.99974524,-0.667,7.500,22.363,22.3628,-0.0002,1,,0,2,2,0,0,m1,1YLDd55XmgLpCAy6ncxQKNEsQ8HSppoxHySYBe,007e2cc19555545da61a74998053566adb22eac8e986bac671cbca2be0f8cc41,946686662,946686647,13,1,0,0,23.9761,117,
run1-tbt-15s,1,regionale,15,none,true,12,119,10,1,m3,126zpQGvcdYaSuvkAvrpLoXoNrPtK4JEbekAiJ,12435,9,114,1.0,12435.0,160161.0,0.077641,0.000201930763,2.51100904,0.08118628,1.0,-0.667,7.500,22.367,22.3666,-0.0004,1,,0,3,3,0,0,m1,1YLDd55XmgLpCAy6ncxQKNEsQ8HSppoxHySYBe,007e2cc19555545da61a74998053566adb22eac8e986bac671cbca2be0f8cc41,946686662,946686647,13,1,0,0,49.6621,117,
run1-tbt-15s,1,regionale,15,none,true,12,120,11,1,m1,1YLDd55XmgLpCAy6ncxQKNEsQ8HSppoxHySYBe,98941,9,114,1.0,98941.0,160161.0,0.61776,9.77710775e-06,0.96735682,0.38008635,0.79110245,-0.583,7.500,19.25,19.2499,-0.0001,1,,0,3,3,0,0,m2,1QfNfpZhwfH6CM4ixrSJgDoDJhiRFdtubEjpYo,003800b481a60d42ed491e5985008d86ee56835e0dad39549f8f7d7ca0cb123f,946686674,946686662,10,1,0,0,108.8069,120,
run1-tbt-15s,1,regionale,15,none,true,12,120,11,1,m2,1QfNfpZhwfH6CM4ixrSJgDoDJhiRFdtubEjpYo,48785,9,114,1.0,48785.0,160161.0,0.3046,1.67513449e-06,0.08172144,0.92152863,0.23531494,-0.583,7.500,10.913,10.9131,0.0001,1,,1,1,1,1,1,m2,1QfNfpZhwfH6CM4ixrSJgDoDJhiRFdtubEjpYo,003800b481a60d42ed491e5985008d86ee56835e0dad39549f8f7d7ca0cb123f,946686674,946686662,10,1,0,0,23.9761,120,1
run1-tbt-15s,1,regionale,15,none,true,12,120,11,1,m3,126zpQGvcdYaSuvkAvrpLoXoNrPtK4JEbekAiJ,12435,9,114,1.0,12435.0,160161.0,0.077641,3.664437e-06,0.04556727,0.95545532,0.44395158,-0.583,7.500,14.043,14.0427,-0.0003,1,,0,2,2,0,0,m2,1QfNfpZhwfH6CM4ixrSJgDoDJhiRFdtubEjpYo,003800b481a60d42ed491e5985008d86ee56835e0dad39549f8f7d7ca0cb123f,946686674,946686662,10,1,0,0,49.6621,120,
run1-tbt-15s,1,regionale,15,none,true,12,121,11,1,m1,1YLDd55XmgLpCAy6ncxQKNEsQ8HSppoxHySYBe,98941,9,114,1.0,98941.0,160161.0,0.61776,8.01993021e-06,0.79349991,0.45225915,0.72320553,-0.583,7.500,18.231,18.2315,0.0005,1,,1,1,1,1,1,m1,1YLDd55XmgLpCAy6ncxQKNEsQ8HSppoxHySYBe,0005dce56ab58d8b0c8ab38fa91061a8490dce5102e13263c8bf6f5058c25a1f,946686694,946686674,18,1,0,0,7.0885,121,1
run1-tbt-15s,1,regionale,15,none,true,12,121,11,1,m2,1QfNfpZhwfH6CM4ixrSJgDoDJhiRFdtubEjpYo,48785,9,114,1.0,48785.0,160161.0,0.3046,1.61089548e-05,0.78587536,0.45572061,0.92422799,-0.583,7.500,21.247,21.2468,-0.0002,1,,0,2,2,0,0,m1,1YLDd55XmgLpCAy6ncxQKNEsQ8HSppoxHySYBe,0005dce56ab58d8b0c8ab38fa91061a8490dce5102e13263c8bf6f5058c25a1f,946686694,946686674,18,1,0,0,10.6486,121,
run1-tbt-15s,1,regionale,15,none,true,12,121,11,1,m3,126zpQGvcdYaSuvkAvrpLoXoNrPtK4JEbekAiJ,12435,9,114,1.0,12435.0,160161.0,0.077641,9.93830862e-05,1.23582868,0.29059385,0.99999988,-0.583,7.500,22.383,22.3834,0.0004,1,,0,3,3,0,0,m1,1YLDd55XmgLpCAy6ncxQKNEsQ8HSppoxHySYBe,0005dce56ab58d8b0c8ab38fa91061a8490dce5102e13263c8bf6f5058c25a1f,946686694,946686674,18,1,0,0,40.0845,121,
run1-tbt-15s,1,regionale,15,none,true,12,122,11,1,m1,1YLDd55XmgLpCAy6ncxQKNEsQ8HSppoxHySYBe,98941,9,114,1.0,98941.0,160161.0,0.61776,5.97927446e-06,0.59159539,0.55344362,0.61620494,-0.333,7.500,16.676,16.6765,0.0005,1,,1,1,1,1,1,m1,1YLDd55XmgLpCAy6ncxQKNEsQ8HSppoxHySYBe,00045303295317228622c7844057686b862d10ddce6a20aa35b5ee41859c42d6,946686711,946686694,16,1,0,0,7.0885,121,2
run1-tbt-15s,1,regionale,15,none,true,12,122,11,1,m2,1QfNfpZhwfH6CM4ixrSJgDoDJhiRFdtubEjpYo,48785,9,114,1.0,48785.0,160161.0,0.3046,1.06618188e-05,0.52013683,0.59443921,0.81870098,-0.333,7.500,19.714,19.7139,-0.0001,1,,0,2,2,0,0,m1,1YLDd55XmgLpCAy6ncxQKNEsQ8HSppoxHySYBe,00045303295317228622c7844057686b862d10ddce6a20aa35b5ee41859c42d6,946686711,946686694,16,1,0,0,10.6486,121,
run1-tbt-15s,1,regionale,15,none,true,12,122,11,1,m3,126zpQGvcdYaSuvkAvrpLoXoNrPtK4JEbekAiJ,12435,9,114,1.0,12435.0,160161.0,0.077641,0.000375252413,4.66626376,0.00940735,1.0,-0.333,7.500,22.433,22.4334,0.0004,1,,0,3,3,0,0,m1,1YLDd55XmgLpCAy6ncxQKNEsQ8HSppoxHySYBe,00045303295317228622c7844057686b862d10ddce6a20aa35b5ee41859c42d6,946686711,946686694,16,1,0,0,40.0845,121,
run1-tbt-15s,1,regionale,15,none,true,12,123,11,1,m1,1YLDd55XmgLpCAy6ncxQKNEsQ8HSppoxHySYBe,98941,9,114,1.0,98941.0,160161.0,0.61776,1.97471291e-05,1.9538007,0.14173436,0.9576895,-0.833,7.500,21.699,21.6987,-0.0003,1,,0,2,2,0,0,m2,1QfNfpZhwfH6CM4ixrSJgDoDJhiRFdtubEjpYo,004e687f66902be846d5c0ae0ffa1697b8fe25dd4c771b652325ac1397065c71,946686729,946686711,15,1,0,0,108.5711,123,
run1-tbt-15s,1,regionale,15,none,true,12,123,11,1,m2,1QfNfpZhwfH6CM4ixrSJgDoDJhiRFdtubEjpYo,48785,9,114,1.0,48785.0,160161.0,0.3046,5.16686265e-06,0.25206539,0.77719391,0.56287229,-0.833,7.500,15.776,15.7765,0.0005,1,,1,1,1,1,1,m2,1QfNfpZhwfH6CM4ixrSJgDoDJhiRFdtubEjpYo,004e687f66902be846d5c0ae0ffa1697b8fe25dd4c771b652325ac1397065c71,946686729,946686711,15,1,0,0,110.6486,123,1
run1-tbt-15s,1,regionale,15,none,true,12,123,11,1,m3,126zpQGvcdYaSuvkAvrpLoXoNrPtK4JEbekAiJ,12435,9,114,1.0,12435.0,160161.0,0.077641,3.21905891e-05,0.40028998,0.6701257,0.99423342,-0.833,7.500,22.247,22.2469,-0.0001,1,,0,3,3,0,0,m2,1QfNfpZhwfH6CM4ixrSJgDoDJhiRFdtubEjpYo,004e687f66902be846d5c0ae0ffa1697b8fe25dd4c771b652325ac1397065c71,946686729,946686711,15,1,0,0,40.0845,123,
run1-tbt-15s,1,regionale,15,none,true,12,124,11,1,m1,1YLDd55XmgLpCAy6ncxQKNEsQ8HSppoxHySYBe,98941,9,114,1.0,98941.0,160161.0,0.61776,1.52699623e-05,1.51082534,0.22072773,0.91333043,-1.583,7.500,20.883,20.8834,0.0004,1,,0,2,2,0,0,m2,1QfNfpZhwfH6CM4ixrSJgDoDJhiRFdtubEjpYo,0096de7fcebf25b72fd617a89629cbc1490d3c3af9b5ca37b0bb79c399243f8c,946686737,946686729,7,1,0,0,108.5711,123,
run1-tbt-15s,1,regionale,15,none,true,12,124,11,1,m2,1QfNfpZhwfH6CM4ixrSJgDoDJhiRFdtubEjpYo,48785,9,114,1.0,48785.0,160161.0,0.3046,2.92789835e-07,0.01428375,0.98581778,0.045811,-1.583,7.500,7.87,7.8706,0.0006,1,,1,1,1,1,1,m2,1QfNfpZhwfH6CM4ixrSJgDoDJhiRFdtubEjpYo,0096de7fcebf25b72fd617a89629cbc1490d3c3af9b5ca37b0bb79c399243f8c,946686737,946686729,7,1,0,0,110.6486,123,2
run1-tbt-15s,1,regionale,15,none,true,12,124,11,1,m3,126zpQGvcdYaSuvkAvrpLoXoNrPtK4JEbekAiJ,12435,9,114,1.0,12435.0,160161.0,0.077641,5.51561474e-05,0.68586669,0.50365353,0.99985429,-1.583,7.500,22.181,22.1812,0.0002,1,,0,3,3,0,0,m2,1QfNfpZhwfH6CM4ixrSJgDoDJhiRFdtubEjpYo,0096de7fcebf25b72fd617a89629cbc1490d3c3af9b5ca37b0bb79c399243f8c,946686737,946686729,7,1,0,0,40.0845,123,
run1-tbt-15s,1,regionale,15,none,true,12,125,11,1,m1,1YLDd55XmgLpCAy6ncxQKNEsQ8HSppoxHySYBe,98941,9,114,1.0,98941.0,160161.0,0.61776,9.10245891e-08,0.00900606,0.99103437,0.01447284,-0.417,7.500,7.634,7.6337,-0.0003,1,,1,1,1,1,1,m1,1YLDd55XmgLpCAy6ncxQKNEsQ8HSppoxHySYBe,00d6b43073740a0a0a737b30365f22c29102e5071a3ae4ed84a549595609ea2b,946686746,946686737,7,1,0,0,108.5711,123,1
run1-tbt-15s,1,regionale,15,none,true,12,125,11,1,m2,1QfNfpZhwfH6CM4ixrSJgDoDJhiRFdtubEjpYo,48785,9,114,1.0,48785.0,160161.0,0.3046,1.73337603e-05,0.8456275,0.4292879,0.93772482,-0.417,7.500,21.483,21.4825,-0.0005,1,,0,3,3,0,0,m1,1YLDd55XmgLpCAy6ncxQKNEsQ8HSppoxHySYBe,00d6b43073740a0a0a737b30365f22c29102e5071a3ae4ed84a549595609ea2b,946686746,946686737,7,1,0,0,110.6486,123,
run1-tbt-15s,1,regionale,15,none,true,12,125,11,1,m3,126zpQGvcdYaSuvkAvrpLoXoNrPtK4JEbekAiJ,12435,9,114,1.0,12435.0,160161.0,0.077641,4.02048118e-06,0.04999468,0.95123448,0.47477277,-0.417,7.500,14.538,14.5382,0.0002,1,,0,2,2,0,0,m1,1YLDd55XmgLpCAy6ncxQKNEsQ8HSppoxHySYBe,00d6b43073740a0a0a737b30365f22c29102e5071a3ae4ed84a549595609ea2b,946686746,946686737,7,1,0,0,40.0845,123,
run1-tbt-15s,1,regionale,15,none,true,12,126,11,1,m1,1YLDd55XmgLpCAy6ncxQKNEsQ8HSppoxHySYBe,98941,9,114,1.0,98941.0,160161.0,0.61776,1.37955418e-05,1.3649447,0.2553948,0.89024534,0.0,7.500,20.854,20.8537,-0.0003,1,,0,2,2,0,0,m2,1QfNfpZhwfH6CM4ixrSJgDoDJhiRFdtubEjpYo,00708667ef98c0785ccc87624feab42f9c7a9730a85e289cd58617b2ffcd7679,946686756,946686746,8,1,0,0,108.6895,126,
run1-tbt-15s,1,regionale,15,none,true,12,126,11,1,m2,1QfNfpZhwfH6CM4ixrSJgDoDJhiRFdtubEjpYo,48785,9,114,1.0,48785.0,160161.0,0.3046,4.74879314e-07,0.02316699,0.97709931,0.07323676,0.0,7.500,8.599,8.5986,-0.0004,1,,1,1,1,1,1,m2,1QfNfpZhwfH6CM4ixrSJgDoDJhiRFdtubEjpYo,00708667ef98c0785ccc87624feab42f9c7a9730a85e289cd58617b2ffcd7679,946686756,946686746,8,1,0,0,111.154,126,1
run1-tbt-15s,1,regionale,15,none,true,12,126,11,1,m3,126zpQGvcdYaSuvkAvrpLoXoNrPtK4JEbekAiJ,12435,9,114,1.0,12435.0,160161.0,0.077641,4.83534661e-05,0.60127535,0.54811215,0.99956681,0.0,7.500,22.494,22.4935,-0.0005,1,,0,3,3,0,0,m2,1QfNfpZhwfH6CM4ixrSJgDoDJhiRFdtubEjpYo,00708667ef98c0785ccc87624feab42f9c7a9730a85e289cd58617b2ffcd7679,946686756,946686746,8,1,0,0,40.0085,126,
run1-tbt-15s,1,regionale,15,none,true,12,127,11,1,m1,1YLDd55XmgLpCAy6ncxQKNEsQ8HSppoxHySYBe,93688,10,126,1.0,93688.0,155322.0,0.603186,7.89428918e-07,0.07396002,0.92870883,0.11539643,0.917,7.500,9.414,9.4143,0.0003,1,,1,1,1,1,1,m1,1YLDd55XmgLpCAy6ncxQKNEsQ8HSppoxHySYBe,00566b465816a0e17ad4979281382ccb60f6eadca62f2e742d7419e54b37d700,946686767,946686756,9,1,0,0,108.6895,126,1
run1-tbt-15s,1,regionale,15,none,true,12,127,11,1,m2,1QfNfpZhwfH6CM4ixrSJgDoDJhiRFdtubEjpYo,48785,9,114,1.0,48785.0,155322.0,0.314089,3.45618794e-05,1.68610129,0.18524032,0.99533758,0.917,7.500,22.613,22.6135,0.0005,1,,0,3,3,0,0,m1,1YLDd55XmgLpCAy6ncxQKNEsQ8HSppoxHySYBe,00566b465816a0e17ad4979281382ccb60f6eadca62f2e742d7419e54b37d700,946686767,946686756,9,1,0,0,111.154,126,
run1-tbt-15s,1,regionale,15,none,true,12,127,11,1,m3,126zpQGvcdYaSuvkAvrpLoXoNrPtK4JEbekAiJ,12849,10,126,1.0,12849.0,155322.0,0.082725,2.64867554e-05,0.34032832,0.71153667,0.98365733,0.917,7.500,22.438,22.4383,0.0003,1,,0,2,2,0,0,m1,1YLDd55XmgLpCAy6ncxQKNEsQ8HSppoxHySYBe,00566b465816a0e17ad4979281382ccb60f6eadca62f2e742d7419e54b37d700,946686767,946686756,9,1,0,0,40.0085,126,
run1-tbt-15s,1,regionale,15,none,true,12,128,11,1,m1,1YLDd55XmgLpCAy6ncxQKNEsQ8HSppoxHySYBe,93688,10,126,1.0,93688.0,155322.0,0.603186,1.56982589e-06,0.14707385,0.86323023,0.21637798,0.667,7.500,10.879,10.8791,0.0001,1,,0,2,2,0,0,m3,126zpQGvcdYaSuvkAvrpLoXoNrPtK4JEbekAiJ,006cd3e8c33541c6e41b45f7cc34c4cfa875ea5c8136c20416865f06b3fbcc7e,946686777,946686767,7,1,0,0,108.6895,126,
run1-tbt-15s,1,regionale,15,none,true,12,128,11,1,m2,1QfNfpZhwfH6CM4ixrSJgDoDJhiRFdtubEjpYo,48785,9,114,1.0,48785.0,155322.0,0.314089,1.83146776e-06,0.08934815,0.91452712,0.24758499,0.667,7.500,11.347,11.3472,0.0002,1,,0,3,3,0,0,m3,126zpQGvcdYaSuvkAvrpLoXoNrPtK4JEbekAiJ,006cd3e8c33541c6e41b45f7cc34c4cfa875ea5c8136c20416865f06b3fbcc7e,946686777,946686767,7,1,0,0,111.154,126,
run1-tbt-15s,1,regionale,15,none,true,12,128,11,1,m3,126zpQGvcdYaSuvkAvrpLoXoNrPtK4JEbekAiJ,12849,10,126,1.0,12849.0,155322.0,0.082725,9.07811466e-08,0.00116645,0.99883423,0.01400137,0.667,7.500,7.843,7.8434,0.0004,1,,1,1,1,1,1,m3,126zpQGvcdYaSuvkAvrpLoXoNrPtK4JEbekAiJ,006cd3e8c33541c6e41b45f7cc34c4cfa875ea5c8136c20416865f06b3fbcc7e,946686777,946686767,7,1,0,0,40.0085,126,1
run1-tbt-15s,1,regionale,15,none,true,12,129,11,1,m1,1YLDd55XmgLpCAy6ncxQKNEsQ8HSppoxHySYBe,93688,10,126,1.0,93688.0,155322.0,0.603186,2.19386909e-05,2.05539207,0.12804262,0.96687813,1.417,7.500,22.287,22.2866,-0.0004,1,,0,2,2,0,0,m2,1QfNfpZhwfH6CM4ixrSJgDoDJhiRFdtubEjpYo,003956f8724e1f4bcc175a16b33c9effc091a534bfe4c66d70a552ea3d0c6dcf,946686796,946686777,17,1,0,0,109.0259,129,
run1-tbt-15s,1,regionale,15,none,true,12,129,11,1,m2,1QfNfpZhwfH6CM4ixrSJgDoDJhiRFdtubEjpYo,48785,9,114,1.0,48785.0,155322.0,0.314089,6.72398023e-06,0.32802938,0.72034186,0.64809079,1.417,7.500,17.505,17.5048,-0.0002,1,,1,1,1,1,1,m2,1QfNfpZhwfH6CM4ixrSJgDoDJhiRFdtubEjpYo,003956f8724e1f4bcc175a16b33c9effc091a534bfe4c66d70a552ea3d0c6dcf,946686796,946686777,17,1,0,0,111.448,129,1
run1-tbt-15s,1,regionale,15,none,true,12,129,11,1,m3,126zpQGvcdYaSuvkAvrpLoXoNrPtK4JEbekAiJ,12849,10,126,1.0,12849.0,155322.0,0.082725,3.69541494e-05,0.47482387,0.6219946,0.99678456,1.417,7.500,22.735,22.7352,0.0002,1,,0,3,3,0,0,m2,1QfNfpZhwfH6CM4ixrSJgDoDJhiRFdtubEjpYo,003956f8724e1f4bcc175a16b33c9effc091a534bfe4c66d70a552ea3d0c6dcf,946686796,946686777,17,1,0,0,40.1769,129,
run1-tbt-15s,1,regionale,15,none,true,12,130,11,1,m1,1YLDd55XmgLpCAy6ncxQKNEsQ8HSppoxHySYBe,93688,10,126,1.0,93688.0,155322.0,0.603186,1.08230008e-06,0.10139853,0.90357286,0.15473493,1.417,7.500,10.104,10.1044,0.0004,1,,0,2,2,0,0,m3,126zpQGvcdYaSuvkAvrpLoXoNrPtK4JEbekAiJ,003fad1dba7cdc5090b5f9bfd11615fa6c97bd4e44b6900df088357934ac1cd2,946686807,946686796,8,1,0,0,109.0259,130,
run1-tbt-15s,1,regionale,15,none,true,12,130,11,1,m2,1QfNfpZhwfH6CM4ixrSJgDoDJhiRFdtubEjpYo,48785,9,114,1.0,48785.0,155322.0,0.314089,2.19663248e-05,1.07162716,0.34245084,0.96701998,1.417,7.500,22.289,22.2887,-0.0003,1,,0,3,3,0,0,m3,126zpQGvcdYaSuvkAvrpLoXoNrPtK4JEbekAiJ,003fad1dba7cdc5090b5f9bfd11615fa6c97bd4e44b6900df088357934ac1cd2,946686807,946686796,8,1,0,0,111.7844,130,
run1-tbt-15s,1,regionale,15,none,true,12,130,11,1,m3,126zpQGvcdYaSuvkAvrpLoXoNrPtK4JEbekAiJ,12849,10,126,1.0,12849.0,155322.0,0.082725,5.39859213e-07,0.00693665,0.99308735,0.08043267,1.417,7.500,8.99,8.9899,-0.0001,1,,1,1,1,1,1,m3,126zpQGvcdYaSuvkAvrpLoXoNrPtK4JEbekAiJ,003fad1dba7cdc5090b5f9bfd11615fa6c97bd4e44b6900df088357934ac1cd2,946686807,946686796,8,1,0,0,40.1769,130,1
run1-tbt-15s,1,regionale,15,none,true,12,131,11,1,m1,1YLDd55XmgLpCAy6ncxQKNEsQ8HSppoxHySYBe,93688,10,126,1.0,93688.0,155322.0,0.603186,1.2363525e-05,1.15831393,0.31401519,0.85344103,1.667,7.500,20.635,20.635,0.0,1,,1,1,1,1,1,m1,1YLDd55XmgLpCAy6ncxQKNEsQ8HSppoxHySYBe,00cac2290a839679fe696bf5610c2c8a4e5d43819b9d89986bd389ed830cf95d,946686828,946686807,20,1,0,0,109.0259,130,1
run1-tbt-15s,1,regionale,15,none,true,12,131,11,1,m2,1QfNfpZhwfH6CM4ixrSJgDoDJhiRFdtubEjpYo,48785,9,114,1.0,48785.0,155322.0,0.314089,2.01455524e-05,0.98280077,0.37426141,0.95624054,1.667,7.500,22.177,22.177,0.0,1,,0,2,2,0,0,m1,1YLDd55XmgLpCAy6ncxQKNEsQ8HSppoxHySYBe,00cac2290a839679fe696bf5610c2c8a4e5d43819b9d89986bd389ed830cf95d,946686828,946686807,20,1,0,0,111.7844,130,
run1-tbt-15s,1,regionale,15,none,true,12,131,11,1,m3,126zpQGvcdYaSuvkAvrpLoXoNrPtK4JEbekAiJ,12849,10,126,1.0,12849.0,155322.0,0.082725,2.91054304e-05,0.37397568,0.68799365,0.98911874,1.667,7.500,22.67,22.6702,0.0002,1,,0,3,3,0,0,m1,1YLDd55XmgLpCAy6ncxQKNEsQ8HSppoxHySYBe,00cac2290a839679fe696bf5610c2c8a4e5d43819b9d89986bd389ed830cf95d,946686828,946686807,20,1,0,0,40.1769,130,
run1-tbt-15s,1,regionale,15,none,true,12,132,12,1,m1,1YLDd55XmgLpCAy6ncxQKNEsQ8HSppoxHySYBe,93688,10,126,1.0,93688.0,155322.0,0.603186,1.07273972e-05,1.00502839,0.36603424,0.81103638,1.167,7.500,19.899,19.8989,-0.0001,1,,1,1,1,1,1,m1,1YLDd55XmgLpCAy6ncxQKNEsQ8HSppoxHySYBe,00785d3a94877313f0d72b206266ef3c64af0fa733c2d3332dbf7adf218b9a75,946686849,946686828,19,1,0,0,7.1785,132,2
run1-tbt-15s,1,regionale,15,none,true,12,132,12,1,m2,1QfNfpZhwfH6CM4ixrSJgDoDJhiRFdtubEjpYo,48785,9,114,1.0,48785.0,155322.0,0.314089,1.95003748e-05,0.95132578,0.38622863,0.95162815,1.167,7.500,22.008,22.0078,-0.0002,1,,0,2,2,0,0,m1,1YLDd55XmgLpCAy6ncxQKNEsQ8HSppoxHySYBe,00785d3a94877313f0d72b206266ef3c64af0fa733c2d3332dbf7adf218b9a75,946686849,946686828,19,1,0,0,45.8686,132,
run1-tbt-15s,1,regionale,15,none,true,12,132,12,1,m3,126zpQGvcdYaSuvkAvrpLoXoNrPtK4JEbekAiJ,12849,10,126,1.0,12849.0,155322.0,0.082725,7.23442458e-05,0.92955121,0.39473082,0.99998682,1.167,7.500,22.733,22.7332,0.0002,1,,0,3,3,0,0,m1,1YLDd55XmgLpCAy6ncxQKNEsQ8HSppoxHySYBe,00785d3a94877313f0d72b206266ef3c64af0fa733c2d3332dbf7adf218b9a75,946686849,946686828,19,1,0,0,32.7212,132,
run1-tbt-15s,1,regionale,15,none,true,12,133,12,1,m1,1YLDd55XmgLpCAy6ncxQKNEsQ8HSppoxHySYBe,93688,10,126,1.0,93688.0,155322.0,0.603186,3.24252219e-06,0.30378542,0.73801921,0.3956701,0.417,7.500,13.518,13.5185,0.0005,1,,0,2,2,0,0,m2,1QfNfpZhwfH6CM4ixrSJgDoDJhiRFdtubEjpYo,002bac9435b3591bd6a47fab752e0d8527b4b8c96e45b2bb8837576856424872,946686860,946686849,9,1,0,0,7.1785,132,
run1-tbt-15s,1,regionale,15,none,true,12,133,12,1,m2,1QfNfpZhwfH6CM4ixrSJgDoDJhiRFdtubEjpYo,48785,9,114,1.0,48785.0,155322.0,0.314089,9.35857518e-07,0.04565581,0.95537074,0.13528842,0.417,7.500,9.613,9.6127,-0.0003,1,,1,1,1,1,1,m2,1QfNfpZhwfH6CM4ixrSJgDoDJhiRFdtubEjpYo,002bac9435b3591bd6a47fab752e0d8527b4b8c96e45b2bb8837576856424872,946686860,946686849,9,1,0,0,45.8686,132,1
run1-tbt-15s,1,regionale,15,none,true,12,133,12,1,m3,126zpQGvcdYaSuvkAvrpLoXoNrPtK4JEbekAiJ,12849,10,126,1.0,12849.0,155322.0,0.082725,0.000101273684,1.30126557,0.2721871,0.99999985,0.417,7.500,22.583,22.5834,0.0004,1,,0,3,3,0,0,m2,1QfNfpZhwfH6CM4ixrSJgDoDJhiRFdtubEjpYo,002bac9435b3591bd6a47fab752e0d8527b4b8c96e45b2bb8837576856424872,946686860,946686849,9,1,0,0,32.7212,132,
run1-tbt-15s,1,regionale,15,none,true,12,134,12,1,m1,1YLDd55XmgLpCAy6ncxQKNEsQ8HSppoxHySYBe,93688,10,126,1.0,93688.0,155322.0,0.603186,1.06550792e-05,0.99825306,0.36852267,0.80890187,1.167,7.500,19.867,19.8669,-0.0001,1,,0,2,2,0,0,m3,126zpQGvcdYaSuvkAvrpLoXoNrPtK4JEbekAiJ,006dfa724e3ea8beed8c837787636fea41758cde3c61d40d03474acb735cbbda,946686870,946686860,9,1,0,0,7.1785,132,
run1-tbt-15s,1,regionale,15,none,true,12,134,12,1,m2,1QfNfpZhwfH6CM4ixrSJgDoDJhiRFdtubEjpYo,48785,9,114,1.0,48785.0,155322.0,0.314089,5.95422546e-05,2.90476889,0.05476145,0.99990372,1.167,7.500,22.732,22.732,-0.0,1,,0,3,3,0,0,m3,126zpQGvcdYaSuvkAvrpLoXoNrPtK4JEbekAiJ,006dfa724e3ea8beed8c837787636fea41758cde3c61d40d03474acb735cbbda,946686870,946686860,9,1,0,0,45.8686,132,
run1-tbt-15s,1,regionale,15,none,true,12,134,12,1,m3,126zpQGvcdYaSuvkAvrpLoXoNrPtK4JEbekAiJ,12849,10,126,1.0,12849.0,155322.0,0.082725,6.39846264e-07,0.00822138,0.99181232,0.0946034,1.167,7.500,9.152,9.1525,0.0005,1,,1,1,1,1,1,m3,126zpQGvcdYaSuvkAvrpLoXoNrPtK4JEbekAiJ,006dfa724e3ea8beed8c837787636fea41758cde3c61d40d03474acb735cbbda,946686870,946686860,9,1,0,0,32.7212,132,1
run1-tbt-15s,1,regionale,15,none,true,12,135,12,1,m1,1YLDd55XmgLpCAy6ncxQKNEsQ8HSppoxHySYBe,93688,10,126,1.0,93688.0,155322.0,0.603186,3.07166122e-06,0.2877778,0.74992821,0.3794174,1.75,7.500,13.541,13.5413,0.0003,1,,1,1,1,1,1,m1,1YLDd55XmgLpCAy6ncxQKNEsQ8HSppoxHySYBe,000ab36f92754192106a29e83d70c37fab01cee3ef8f889fb0c9c14dd91dc41e,946686885,946686870,13,1,0,0,107.6275,135,1
run1-tbt-15s,1,regionale,15,none,true,12,135,12,1,m2,1QfNfpZhwfH6CM4ixrSJgDoDJhiRFdtubEjpYo,48785,9,114,1.0,48785.0,155322.0,0.314089,0.000137568052,6.71125742,0.00121713,1.0,1.75,7.500,22.85,22.85,-0.0,1,,0,3,3,0,0,m1,1YLDd55XmgLpCAy6ncxQKNEsQ8HSppoxHySYBe,000ab36f92754192106a29e83d70c37fab01cee3ef8f889fb0c9c14dd91dc41e,946686885,946686870,13,1,0,0,46.365,135,
run1-tbt-15s,1,regionale,15,none,true,12,135,12,1,m3,126zpQGvcdYaSuvkAvrpLoXoNrPtK4JEbekAiJ,12849,10,126,1.0,12849.0,155322.0,0.082725,7.81559784e-05,1.00422617,0.366328,0.99999465,1.75,7.500,22.85,22.8499,-0.0001,1,,0,2,2,0,0,m1,1YLDd55XmgLpCAy6ncxQKNEsQ8HSppoxHySYBe,000ab36f92754192106a29e83d70c37fab01cee3ef8f889fb0c9c14dd91dc41e,946686885,946686870,13,1,0,0,33.0578,135,
run1-tbt-15s,1,regionale,15,none,true,12,136,12,1,m1,1YLDd55XmgLpCAy6ncxQKNEsQ8HSppoxHySYBe,93688,10,126,1.0,93688.0,155322.0,0.603186,9.07636721e-06,0.85034669,0.42726678,0.755798,2.0,7.500,19.237,19.237,-0.0,1,,0,2,2,0,0,m2,1QfNfpZhwfH6CM4ixrSJgDoDJhiRFdtubEjpYo,0095a0a02726549afd10160c39149b9316a3d260624b60dc5dcaaed40651f0ea,946686897,946686885,10,1,0,0,107.6275,135,
run1-tbt-15s,1,regionale,15,none,true,12,136,12,1,m2,1QfNfpZhwfH6CM4ixrSJgDoDJhiRFdtubEjpYo,48785,9,114,1.0,48785.0,155322.0,0.314089,1.17533494e-06,0.05733872,0.94427418,0.16686149,2.0,7.500,10.403,10.4029,-0.0001,1,,1,1,1,1,1,m2,1QfNfpZhwfH6CM4ixrSJgDoDJhiRFdtubEjpYo,0095a0a02726549afd10160c39149b9316a3d260624b60dc5dcaaed40651f0ea,946686897,946686885,10,1,0,0,46.365,135,1
run1-tbt-15s,1,regionale,15,none,true,12,136,12,1,m3,126zpQGvcdYaSuvkAvrpLoXoNrPtK4JEbekAiJ,12849,10,126,1.0,12849.0,155322.0,0.082725,5.88998709e-05,0.75680444,0.46916327,0.99989361,2.0,7.500,22.898,22.8984,0.0004,1,,0,3,3,0,0,m2,1QfNfpZhwfH6CM4ixrSJgDoDJhiRFdtubEjpYo,0095a0a02726549afd10160c39149b9316a3d260624b60dc5dcaaed40651f0ea,946686897,946686885,10,1,0,0,33.0578,135,
run1-tbt-15s,1,regionale,15,none,true,12,137,12,1,m1,1YLDd55XmgLpCAy6ncxQKNEsQ8HSppoxHySYBe,93688,10,126,1.0,93688.0,155322.0,0.603186,6.4168756e-07,0.06011842,0.94165301,0.0948623,1.667,7.500,9.256,9.2563,0.0003,1,,1,1,1,1,1,m1,1YLDd55XmgLpCAy6ncxQKNEsQ8HSppoxHySYBe,00e4b30aff77350c05354c17eb162fe26e7f382de6af50ce6dd4ec105e48b767,946686908,946686897,9,1,0,0,107.8023,137,1
run1-tbt-15s,1,regionale,15,none,true,12,137,12,1,m2,1QfNfpZhwfH6CM4ixrSJgDoDJhiRFdtubEjpYo,48785,9,114,1.0,48785.0,155322.0,0.314089,4.56732197e-06,0.2228168,0.80026144,0.50806347,1.667,7.500,15.454,15.4544,0.0004,1,,0,2,2,0,0,m1,1YLDd55XmgLpCAy6ncxQKNEsQ8HSppoxHySYBe,00e4b30aff77350c05354c17eb162fe26e7f382de6af50ce6dd4ec105e48b767,946686908,946686897,9,1,0,0,46.4272,137,
run1-tbt-15s,1,regionale,15,none,true,12,137,12,1,m3,126zpQGvcdYaSuvkAvrpLoXoNrPtK4JEbekAiJ,12849,10,126,1.0,12849.0,155322.0,0.082725,1.69563692e-05,0.21787239,0.80422806,0.92818753,1.667,7.500,21.756,21.7562,0.0002,1,,0,3,3,0,0,m1,1YLDd55XmgLpCAy6ncxQKNEsQ8HSppoxHySYBe,00e4b30aff77350c05354c17eb162fe26e7f382de6af50ce6dd4ec105e48b767,946686908,946686897,9,1,0,0,33.0578,137,
run1-tbt-15s,1,regionale,15,none,true,12,138,12,1,m1,1YLDd55XmgLpCAy6ncxQKNEsQ8HSppoxHySYBe,93688,10,126,1.0,93688.0,155322.0,0.603186,1.70869274e-05,1.60084005,0.20172699,0.92962912,1.5,7.500,21.744,21.7444,0.0004,1,,0,2,2,0,0,m2,1QfNfpZhwfH6CM4ixrSJgDoDJhiRFdtubEjpYo,0009a81b1856b6f0137f18ab729f9f96aa2cd41f4446e23723723d65a9e4c7f6,946686929,946686908,19,1,0,0,107.8023,137,
run1-tbt-15s,1,regionale,15,none,true,12,138,12,1,m2,1QfNfpZhwfH6CM4ixrSJgDoDJhiRFdtubEjpYo,48785,9,114,1.0,48785.0,155322.0,0.314089,9.56942273e-06,0.46684429,0.62697771,0.77380139,1.5,7.500,19.407,19.407,0.0,1,,1,1,1,1,1,m2,1QfNfpZhwfH6CM4ixrSJgDoDJhiRFdtubEjpYo,0009a81b1856b6f0137f18ab729f9f96aa2cd41f4446e23723723d65a9e4c7f6,946686929,946686908,19,1,0,0,46.4272,137,1
run1-tbt-15s,1,regionale,15,none,true,12,138,12,1,m3,126zpQGvcdYaSuvkAvrpLoXoNrPtK4JEbekAiJ,12849,10,126,1.0,12849.0,155322.0,0.082725,3.67464554e-05,0.47215521,0.62365671,0.99667914,1.5,7.500,22.75,22.7502,0.0002,1,,0,3,3,0,0,m2,1QfNfpZhwfH6CM4ixrSJgDoDJhiRFdtubEjpYo,0009a81b1856b6f0137f18ab729f9f96aa2cd41f4446e23723723d65a9e4c7f6,946686929,946686908,19,1,0,0,33.0578,137,
run1-tbt-15s,1,regionale,15,none,true,12,139,12,1,m1,1YLDd55XmgLpCAy6ncxQKNEsQ8HSppoxHySYBe,82895,11,138,1.0,82895.0,134219.0,0.61761,6.72699119e-06,0.55763393,0.57256218,0.59460364,0.583,7.500,16.536,16.5357,-0.0003,1,,1,1,1,1,1,m1,1YLDd55XmgLpCAy6ncxQKNEsQ8HSppoxHySYBe,002cc1d4790afe8da3b40c5a82445c52f50e91e791c738d350bbbc78beac8a6e,946686948,946686929,16,1,1,1,108.0265,139,1
run1-tbt-15s,1,regionale,15,none,true,12,139,12,1,m2,1QfNfpZhwfH6CM4ixrSJgDoDJhiRFdtubEjpYo,38475,11,138,1.0,38475.0,134219.0,0.286658,8.44756448e-06,0.32502004,0.72251287,0.67819955,0.583,7.500,17.79,17.7896,-0.0004,1,,0,2,2,0,0,m1,1YLDd55XmgLpCAy6ncxQKNEsQ8HSppoxHySYBe,002cc1d4790afe8da3b40c5a82445c52f50e91e791c738d350bbbc78beac8a6e,946686948,946686929,16,1,1,1,47.0882,139,
run1-tbt-15s,1,regionale,15,none,true,12,139,12,1,m3,126zpQGvcdYaSuvkAvrpLoXoNrPtK4JEbekAiJ,12849,10,126,1.0,12849.0,134219.0,0.095732,1.67678176e-05,0.21544969,0.80617883,0.89465975,0.583,7.500,21.037,21.0365,-0.0005,1,,0,3,3,0,0,m1,1YLDd55XmgLpCAy6ncxQKNEsQ8HSppoxHySYBe,002cc1d4790afe8da3b40c5a82445c52f50e91e791c738d350bbbc78beac8a6e,946686948,946686929,16,1,1,1,33.0578,139,
run1-tbt-15s,1,regionale,15,none,true,12,140,12,1,m1,1YLDd55XmgLpCAy6ncxQKNEsQ8HSppoxHySYBe,82895,11,138,1.0,82895.0,134219.0,0.61761,3.85853374e-05,3.19853154,0.04082211,0.99436572,-0.083,7.500,22.399,22.3989,-0.0001,1,,1,1,1,1,1,m1,1YLDd55XmgLpCAy6ncxQKNEsQ8HSppoxHySYBe,00c6ad13360e448ddd2a78c420b739d811791f678a597c623b3975042ac69ab7,946686971,946686948,22,1,1,1,108.3633,140,2
run1-tbt-15s,1,regionale,15,none,true,12,140,12,1,m2,1QfNfpZhwfH6CM4ixrSJgDoDJhiRFdtubEjpYo,38475,11,138,1.0,38475.0,134219.0,0.286658,7.42463864e-05,2.85662972,0.0574621,0.999953,-0.083,7.500,22.483,22.4827,-0.0003,1,,0,3,2,0,0,m1,1YLDd55XmgLpCAy6ncxQKNEsQ8HSppoxHySYBe,00c6ad13360e448ddd2a78c420b739d811791f678a597c623b3975042ac69ab7,946686971,946686948,22,1,1,1,47.425,140,
run1-tbt-15s,1,regionale,15,none,true,12,140,12,1,m3,126zpQGvcdYaSuvkAvrpLoXoNrPtK4JEbekAiJ,12849,10,126,1.0,12849.0,134219.0,0.095732,8.27311343e-05,1.06301234,0.34541374,0.99998495,-0.083,7.500,22.483,22.4832,0.0002,1,,0,2,3,0,0,m1,1YLDd55XmgLpCAy6ncxQKNEsQ8HSppoxHySYBe,00c6ad13360e448ddd2a78c420b739d811791f678a597c623b3975042ac69ab7,946686971,946686948,22,1,1,1,33.0578,140,
run1-tbt-15s,1,regionale,15,none,true,12,141,12,1,m1,1YLDd55XmgLpCAy6ncxQKNEsQ8HSppoxHySYBe,82895,11,138,1.0,82895.0,134219.0,0.61761,9.79322447e-06,0.81180934,0.44405389,0.73137443,-1.167,7.500,18.237,18.2372,0.0002,1,,1,1,1,1,1,m1,1YLDd55XmgLpCAy6ncxQKNEsQ8HSppoxHySYBe,00824a952a1c5148ee0848453461953c19811f45a9901b6baed4754abddf355c,946686990,946686971,18,1,0,0,108.8683,141,3
run1-tbt-15s,1,regionale,15,none,true,12,141,12,1,m2,1QfNfpZhwfH6CM4ixrSJgDoDJhiRFdtubEjpYo,38475,11,138,1.0,38475.0,134219.0,0.286658,1.11817704e-05,0.43021862,0.6503669,0.77704962,-1.167,7.500,18.922,18.9223,0.0003,1,,0,2,2,0,0,m1,1YLDd55XmgLpCAy6ncxQKNEsQ8HSppoxHySYBe,00824a952a1c5148ee0848453461953c19811f45a9901b6baed4754abddf355c,946686990,946686971,18,1,0,0,47.0882,141,
run1-tbt-15s,1,regionale,15,none,true,12,141,12,1,m3,126zpQGvcdYaSuvkAvrpLoXoNrPtK4JEbekAiJ,12849,10,126,1.0,12849.0,134219.0,0.095732,4.99174048e-05,0.64138873,0.52656066,0.99876892,-1.167,7.500,22.248,22.2481,0.0001,1,,0,3,3,0,0,m1,1YLDd55XmgLpCAy6ncxQKNEsQ8HSppoxHySYBe,00824a952a1c5148ee0848453461953c19811f45a9901b6baed4754abddf355c,946686990,946686971,18,1,0,0,33.0578,141,
run1-tbt-15s,1,regionale,15,none,true,12,142,12,1,m1,1YLDd55XmgLpCAy6ncxQKNEsQ8HSppoxHySYBe,82895,11,138,1.0,82895.0,134219.0,0.61761,2.60053001e-05,2.15570935,0.115821,0.96951149,-1.167,7.500,21.809,21.8093,0.0003,1,,0,2,2,0,0,m2,1QfNfpZhwfH6CM4ixrSJgDoDJhiRFdtubEjpYo,001f437a318adb665e02daa2a6fbc158db4dd179838e430e1c4222d2301eef2f,946687009,946686990,17,1,0,0,108.8683,141,
run1-tbt-15s,1,regionale,15,none,true,12,142,12,1,m2,1QfNfpZhwfH6CM4ixrSJgDoDJhiRFdtubEjpYo,38475,11,138,1.0,38475.0,134219.0,0.286658,8.99890639e-06,0.34623292,0.70734771,0.7011532,-1.167,7.500,17.784,17.7839,-0.0001,1,,1,1,1,1,1,m2,1QfNfpZhwfH6CM4ixrSJgDoDJhiRFdtubEjpYo,001f437a318adb665e02daa2a6fbc158db4dd179838e430e1c4222d2301eef2f,946687009,946686990,17,1,0,0,47.0882,141,1
run1-tbt-15s,1,regionale,15,none,true,12,142,12,1,m3,126zpQGvcdYaSuvkAvrpLoXoNrPtK4JEbekAiJ,12849,10,126,1.0,12849.0,134219.0,0.095732,2.73384993e-05,0.35127238,0.70379203,0.97450686,-1.167,7.500,21.884,21.8842,0.0002,1,,0,3,3,0,0,m2,1QfNfpZhwfH6CM4ixrSJgDoDJhiRFdtubEjpYo,001f437a318adb665e02daa2a6fbc158db4dd179838e430e1c4222d2301eef2f,946687009,946686990,17,1,0,0,33.0578,141,
run1-tbt-15s,1,regionale,15,none,true,12,143,12,1,m1,1YLDd55XmgLpCAy6ncxQKNEsQ8HSppoxHySYBe,82895,11,138,1.0,82895.0,134219.0,0.61761,1.34310947e-05,1.1133706,0.32845002,0.83514815,-1.833,7.500,19.661,19.6606,-0.0004,1,,1,1,1,1,1,m1,1YLDd55XmgLpCAy6ncxQKNEsQ8HSppoxHySYBe,001a2aec96f8bc810b1ea05f4885138e7fd8e3a1fcd5e1d0dcb182e81fbf99f0,946687030,946687009,19,1,0,0,109.2613,143,1
run1-tbt-15s,1,regionale,15,none,true,12,143,12,1,m2,1QfNfpZhwfH6CM4ixrSJgDoDJhiRFdtubEjpYo,38475,11,138,1.0,38475.0,134219.0,0.286658,6.63367562e-05,2.55230669,0.07790176,0.99986411,-1.833,7.500,22.131,22.1314,0.0004,1,,0,3,3,0,0,m1,1YLDd55XmgLpCAy6ncxQKNEsQ8HSppoxHySYBe,001a2aec96f8bc810b1ea05f4885138e7fd8e3a1fcd5e1d0dcb182e81fbf99f0,946687030,946687009,19,1,0,0,47.4242,143,
run1-tbt-15s,1,regionale,15,none,true,12,143,12,1,m3,126zpQGvcdYaSuvkAvrpLoXoNrPtK4JEbekAiJ,12849,10,126,1.0,12849.0,134219.0,0.095732,1.6484364e-05,0.21180759,0.80912036,0.89057489,-1.833,7.500,20.492,20.492,0.0,1,,0,2,2,0,0,m1,1YLDd55XmgLpCAy6ncxQKNEsQ8HSppoxHySYBe,001a2aec96f8bc810b1ea05f4885138e7fd8e3a1fcd5e1d0dcb182e81fbf99f0,946687030,946687009,19,1,0,0,33.0578,143,
run1-tbt-15s,1,regionale,15,none,true,12,144,13,1,m1,1YLDd55XmgLpCAy6ncxQKNEsQ8HSppoxHySYBe,82895,11,138,1.0,82895.0,134219.0,0.61761,7.29835944e-06,0.60499751,0.54607579,0.62453068,-1.833,7.500,16.501,16.5014,0.0004,1,,1,1,1,1,1,m1,1YLDd55XmgLpCAy6ncxQKNEsQ8HSppoxHySYBe,00820e3310f83bc9ac78d259df670cccbb646390e46176b45bb80d4420c992a7,946687048,946687030,16,1,0,0,109.2613,143,2
run1-tbt-15s,1,regionale,15,none,true,12,144,13,1,m2,1QfNfpZhwfH6CM4ixrSJgDoDJhiRFdtubEjpYo,38475,11,138,1.0,38475.0,134219.0,0.286658,9.86388418e-06,0.37951294,0.68419457,0.73391,-1.833,7.500,18.142,18.142,0.0,1,,0,2,2,0,0,m1,1YLDd55XmgLpCAy6ncxQKNEsQ8HSppoxHySYBe,00820e3310f83bc9ac78d259df670cccbb646390e46176b45bb80d4420c992a7,946687048,946687030,16,1,0,0,47.4242,143,
run1-tbt-15s,1,regionale,15,none,true,12,144,13,1,m3,126zpQGvcdYaSuvkAvrpLoXoNrPtK4JEbekAiJ,12849,10,126,1.0,12849.0,134219.0,0.095732,0.000291087972,3.74018935,0.02374961,1.0,-1.833,7.500,22.133,22.1334,0.0004,1,,0,3,3,0,0,m1,1YLDd55XmgLpCAy6ncxQKNEsQ8HSppoxHySYBe,00820e3310f83bc9ac78d259df670cccbb646390e46176b45bb80d4420c992a7,946687048,946687030,16,1,0,0,33.0578,143,
run1-tbt-15s,1,regionale,15,none,true,12,145,13,1,m1,1YLDd55XmgLpCAy6ncxQKNEsQ8HSppoxHySYBe,82895,11,138,1.0,82895.0,134219.0,0.61761,1.32255793e-06,0.10963344,0.89616257,0.16264939,-1.583,7.500,9.623,9.6231,0.0001,1,,1,1,1,1,1,m1,1YLDd55XmgLpCAy6ncxQKNEsQ8HSppoxHySYBe,00acc34e5cf92ece88aa1d9f5162d444aa5a3a21f20236680930ae2dc8cc5e0d,946687058,946687048,9,1,0,0,7.4727,145,3
run1-tbt-15s,1,regionale,15,none,true,12,145,13,1,m2,1QfNfpZhwfH6CM4ixrSJgDoDJhiRFdtubEjpYo,38475,11,138,1.0,38475.0,134219.0,0.286658,4.56202722e-05,1.75523997,0.17286575,0.99780836,-1.583,7.500,22.15,22.1505,0.0005,1,,0,2,2,0,0,m1,1YLDd55XmgLpCAy6ncxQKNEsQ8HSppoxHySYBe,00acc34e5cf92ece88aa1d9f5162d444aa5a3a21f20236680930ae2dc8cc5e0d,946687058,946687048,9,1,0,0,20.1247,145,
run1-tbt-15s,1,regionale,15,none,true,12,145,13,1,m3,126zpQGvcdYaSuvkAvrpLoXoNrPtK4JEbekAiJ,12849,10,126,1.0,12849.0,134219.0,0.095732,5.99576861e-05,0.77039631,0.46282961,0.99968009,-1.583,7.500,22.179,22.1786,-0.0004,1,,0,3,3,0,0,m1,1YLDd55XmgLpCAy6ncxQKNEsQ8HSppoxHySYBe,00acc34e5cf92ece88aa1d9f5162d444aa5a3a21f20236680930ae2dc8cc5e0d,946687058,946687048,9,1,0,0,26.8012,145,
run1-tbt-15s,1,regionale,15,none,true,12,146,13,1,m1,1YLDd55XmgLpCAy6ncxQKNEsQ8HSppoxHySYBe,82895,11,138,1.0,82895.0,134219.0,0.61761,1.16483336e-05,0.96558861,0.38075901,0.79058298,-1.5,7.500,19.059,19.0587,-0.0003,1,,1,2,2,0,0,m1,1YLDd55XmgLpCAy6ncxQKNEsQ8HSppoxHySYBe,00454ead0c1551846bcb9facc4e5aee649b751c926bc6f28a4dd1439c97cb95d,946687078,946687058,19,1,1,1,7.4727,145,4
run1-tbt-15s,1,regionale,15,none,true,12,146,13,1,m2,1QfNfpZhwfH6CM4ixrSJgDoDJhiRFdtubEjpYo,38475,11,138,1.0,38475.0,134219.0,0.286658,9.5169815e-06,0.36616586,0.69338778,0.72122764,-1.5,7.500,18.018,18.0184,0.0004,1,,0,1,1,1,1,m1,1YLDd55XmgLpCAy6ncxQKNEsQ8HSppoxHySYBe,00454ead0c1551846bcb9facc4e5aee649b751c926bc6f28a4dd1439c97cb95d,946687078,946687058,19,1,1,1,20.1247,145,
run1-tbt-15s,1,regionale,15,none,true,12,146,13,1,m3,126zpQGvcdYaSuvkAvrpLoXoNrPtK4JEbekAiJ,12849,10,126,1.0,12849.0,134219.0,0.095732,0.00010378418,1.33352293,0.26354717,0.99999911,-1.5,7.500,22.2,22.2,-0.0,1,,0,3,3,0,0,m1,1YLDd55XmgLpCAy6ncxQKNEsQ8HSppoxHySYBe,00454ead0c1551846bcb9facc4e5aee649b751c926bc6f28a4dd1439c97cb95d,946687078,946687058,19,1,1,1,26.8012,145,
run1-tbt-15s,1,regionale,15,none,true,12,147,13,1,m1,1YLDd55XmgLpCAy6ncxQKNEsQ8HSppoxHySYBe,82895,11,138,1.0,82895.0,134219.0,0.61761,3.02256377e-06,0.25055542,0.77836834,0.33348024,-2.333,7.500,12.036,12.0356,-0.0004,1,,1,1,1,1,1,m1,1YLDd55XmgLpCAy6ncxQKNEsQ8HSppoxHySYBe,006ab115a22a44dc645b40da35078659ea335455e4fcc365a5e11e841ca20296,946687090,946687078,12,1,0,0,108.4771,147,5
run1-tbt-15s,1,regionale,15,none,true,12,147,13,1,m2,1QfNfpZhwfH6CM4ixrSJgDoDJhiRFdtubEjpYo,38475,11,138,1.0,38475.0,134219.0,0.286658,7.85218967e-06,0.302113,0.73925453,0.6514289,-2.25,7.500,16.821,16.8214,0.0004,1,,0,2,2,0,0,m1,1YLDd55XmgLpCAy6ncxQKNEsQ8HSppoxHySYBe,006ab115a22a44dc645b40da35078659ea335455e4fcc365a5e11e841ca20296,946687090,946687078,12,1,0,0,20.1247,147,
run1-tbt-15s,1,regionale,15,none,true,12,147,13,1,m3,126zpQGvcdYaSuvkAvrpLoXoNrPtK4JEbekAiJ,12849,10,126,1.0,12849.0,134219.0,0.095732,2.97369099e-05,0.38208956,0.68243393,0.98152355,-2.25,7.500,21.773,21.7729,-0.0001,1,,0,3,3,0,0,m1,1YLDd55XmgLpCAy6ncxQKNEsQ8HSppoxHySYBe,006ab115a22a44dc645b40da35078659ea335455e4fcc365a5e11e841ca20296,946687090,946687078,12,1,0,0,26.8012,147,
run1-tbt-15s,1,regionale,15,none,true,12,148,13,1,m1,1YLDd55XmgLpCAy6ncxQKNEsQ8HSppoxHySYBe,82895,11,138,1.0,82895.0,134219.0,0.61761,8.64621586e-06,0.71672806,0.48834749,0.68666628,-2.083,7.500,17.383,17.3834,0.0004,1,,1,1,1,1,1,m1,1YLDd55XmgLpCAy6ncxQKNEsQ8HSppoxHySYBe,00c3a8fdae21d673546c815bce983258739bba948dfb97e132b91ada3b84ebcc,946687107,946687090,17,1,0,0,108.6451,148,6
run1-tbt-15s,1,regionale,15,none,true,12,148,13,1,m2,1QfNfpZhwfH6CM4ixrSJgDoDJhiRFdtubEjpYo,38475,11,138,1.0,38475.0,134219.0,0.286658,2.24530809e-05,0.86388229,0.42152243,0.95088693,-2.083,7.500,21.347,21.3467,-0.0003,1,,0,2,2,0,0,m1,1YLDd55XmgLpCAy6ncxQKNEsQ8HSppoxHySYBe,00c3a8fdae21d673546c815bce983258739bba948dfb97e132b91ada3b84ebcc,946687107,946687090,17,1,0,0,20.1247,148,
run1-tbt-15s,1,regionale,15,none,true,12,148,13,1,m3,126zpQGvcdYaSuvkAvrpLoXoNrPtK4JEbekAiJ,12849,10,126,1.0,12849.0,134219.0,0.095732,2.46300985e-05,0.31647214,0.72871532,0.96333113,-2.083,7.500,21.533,21.5334,0.0004,1,,0,3,3,0,0,m1,1YLDd55XmgLpCAy6ncxQKNEsQ8HSppoxHySYBe,00c3a8fdae21d673546c815bce983258739bba948dfb97e132b91ada3b84ebcc,946687107,946687090,17,1,0,0,26.8012,148,
run1-tbt-15s,1,regionale,15,none,true,12,149,13,1,m1,1YLDd55XmgLpCAy6ncxQKNEsQ8HSppoxHySYBe,82895,11,138,1.0,82895.0,134219.0,0.61761,3.30205946e-05,2.73724219,0.06474867,0.98810921,-2.5,7.500,21.822,21.8216,-0.0004,1,,1,2,2,0,0,m1,1YLDd55XmgLpCAy6ncxQKNEsQ8HSppoxHySYBe,003b2037b7b0e655061d277f3e7db509e4cd43e2a5f87d9975047ebdf7b79525,946687129,946687107,21,1,0,0,108.6451,148,7
run1-tbt-15s,1,regionale,15,none,true,12,149,13,1,m2,1QfNfpZhwfH6CM4ixrSJgDoDJhiRFdtubEjpYo,38475,11,138,1.0,38475.0,134219.0,0.286658,1.98680651e-05,0.7644238,0.46560213,0.93051691,-2.5,7.500,20.958,20.9578,-0.0002,1,,0,1,1,1,1,m1,1YLDd55XmgLpCAy6ncxQKNEsQ8HSppoxHySYBe,003b2037b7b0e655061d277f3e7db509e4cd43e2a5f87d9975047ebdf7b79525,946687129,946687107,21,1,0,0,20.1247,148,
run1-tbt-15s,1,regionale,15,none,true,12,149,13,1,m3,126zpQGvcdYaSuvkAvrpLoXoNrPtK4JEbekAiJ,12849,10,126,1.0,12849.0,134219.0,0.095732,0.000106411515,1.36728156,0.25479867,0.99999937,-2.5,7.500,22.0,22.0,-0.0,1,,0,3,3,0,0,m1,1YLDd55XmgLpCAy6ncxQKNEsQ8HSppoxHySYBe,003b2037b7b0e655061d277f3e7db509e4cd43e2a5f87d9975047ebdf7b79525,946687129,946687107,21,1,0,0,26.8012,148,
run1-tbt-15s,1,regionale,15,none,true,12,150,13,1,m1,1YLDd55XmgLpCAy6ncxQKNEsQ8HSppoxHySYBe,82895,11,138,1.0,82895.0,134219.0,0.61761,1.74800221e-05,1.44900643,0.23480347,0.90426306,-3.417,7.500,20.381,20.3805,-0.0005,1,,1,1,1,1,1,m1,1YLDd55XmgLpCAy6ncxQKNEsQ8HSppoxHySYBe,007ee2fab460a4710c953ed6040bc2316bab586e46be923101331f2386da4d2f,946687150,946687129,20,1,0,0,109.3805,150,8
run1-tbt-15s,1,regionale,15,none,true,12,150,13,1,m2,1QfNfpZhwfH6CM4ixrSJgDoDJhiRFdtubEjpYo,38475,11,138,1.0,38475.0,134219.0,0.286658,1.91102685e-05,0.73526758,0.47937717,0.92307783,-3.417,7.500,20.663,20.6628,-0.0002,1,,0,2,2,0,0,m1,1YLDd55XmgLpCAy6ncxQKNEsQ8HSppoxHySYBe,007ee2fab460a4710c953ed6040bc2316bab586e46be923101331f2386da4d2f,946687150,946687129,20,1,0,0,20.0187,150,
run1-tbt-15s,1,regionale,15,none,true,12,150,13,1,m3,126zpQGvcdYaSuvkAvrpLoXoNrPtK4JEbekAiJ,12849,10,126,1.0,12849.0,134219.0,0.095732,1.98268332e-05,0.25475498,0.77510639,0.93013131,-3.417,7.500,20.769,20.7686,-0.0004,1,,0,3,3,0,0,m1,1YLDd55XmgLpCAy6ncxQKNEsQ8HSppoxHySYBe,007ee2fab460a4710c953ed6040bc2316bab586e46be923101331f2386da4d2f,946687150,946687129,20,1,0,0,26.6956,150,
run1-tbt-15s,1,regionale,15,none,true,12,151,13,1,m1,1YLDd55XmgLpCAy6ncxQKNEsQ8HSppoxHySYBe,103024,12,150,1.0,103024.0,166486.0,0.618815,3.8469422e-06,0.39632737,0.67278641,0.47295114,-3.417,7.500,13.911,13.9109,-0.0001,1,,0,2,2,0,0,m2,1QfNfpZhwfH6CM4ixrSJgDoDJhiRFdtubEjpYo,005898ad076c53a35d704ff848580cbae78cc16d7aaf59ea584243f4c11618f8,946687160,946687150,8,1,0,0,109.3805,150,
run1-tbt-15s,1,regionale,15,none,true,12,151,13,1,m2,1QfNfpZhwfH6CM4ixrSJgDoDJhiRFdtubEjpYo,51027,12,150,1.0,51027.0,166486.0,0.306494,5.62545873e-07,0.02870503,0.97170305,0.08940406,-3.417,7.500,8.158,8.1577,-0.0003,1,,1,1,1,1,1,m2,1QfNfpZhwfH6CM4ixrSJgDoDJhiRFdtubEjpYo,005898ad076c53a35d704ff848580cbae78cc16d7aaf59ea584243f4c11618f8,946687160,946687150,8,1,0,0,20.0187,150,1
run1-tbt-15s,1,regionale,15,none,true,12,151,13,1,m3,126zpQGvcdYaSuvkAvrpLoXoNrPtK4JEbekAiJ,12435,12,150,1.0,12435.0,166486.0,0.074691,9.66425309e-05,1.20174987,0.30066762,0.9999999,-3.417,7.500,21.817,21.8166,-0.0004,1,,0,3,3,0,0,m2,1QfNfpZhwfH6CM4ixrSJgDoDJhiRFdtubEjpYo,005898ad076c53a35d704ff848580cbae78cc16d7aaf59ea584243f4c11618f8,946687160,946687150,8,1,0,0,26.6956,150,
run1-tbt-15s,1,regionale,15,none,true,12,152,13,1,m1,1YLDd55XmgLpCAy6ncxQKNEsQ8HSppoxHySYBe,103024,12,150,1.0,103024.0,166486.0,0.618815,5.10996261e-06,0.52644879,0.59069895,0.57290006,-2.667,7.500,15.56,15.5601,0.0001,1,,0,1,1,1,1,m3,126zpQGvcdYaSuvkAvrpLoXoNrPtK4JEbekAiJ,00c603557e5d623b399d944df138483d9755a965ceeb31a44b3281614d613c9d,946687177,946687160,15,1,0,0,110.1475,152,
run1-tbt-15s,1,regionale,15,none,true,12,152,13,1,m2,1QfNfpZhwfH6CM4ixrSJgDoDJhiRFdtubEjpYo,51027,12,150,1.0,51027.0,166486.0,0.306494,5.04756603e-05,2.57562152,0.07610651,0.99977592,-2.667,7.500,21.963,21.9632,0.0002,1,,0,3,3,0,0,m3,126zpQGvcdYaSuvkAvrpLoXoNrPtK4JEbekAiJ,00c603557e5d623b399d944df138483d9755a965ceeb31a44b3281614d613c9d,946687177,946687160,15,1,0,0,20.1871,152,
run1-tbt-15s,1,regionale,15,none,true,12,152,13,1,m3,126zpQGvcdYaSuvkAvrpLoXoNrPtK4JEbekAiJ,12435,12,150,1.0,12435.0,166486.0,0.074691,5.27221556e-06,0.06556,0.93654285,0.58428281,-2.667,7.500,15.731,15.7308,-0.0002,1,,1,2,2,0,0,m3,126zpQGvcdYaSuvkAvrpLoXoNrPtK4JEbekAiJ,00c603557e5d623b399d944df138483d9755a965ceeb31a44b3281614d613c9d,946687177,946687160,15,1,0,0,26.6956,152,1
run1-tbt-15s,1,regionale,15,none,true,12,153,13,1,m1,1YLDd55XmgLpCAy6ncxQKNEsQ8HSppoxHySYBe,103024,12,150,1.0,103024.0,166486.0,0.618815,4.7830632e-06,0.4927703,0.61093158,0.54901133,-2.167,7.500,15.302,15.3018,-0.0002,1,,0,2,2,0,0,m2,1QfNfpZhwfH6CM4ixrSJgDoDJhiRFdtubEjpYo,00f15d42ee6919aaa36df854ebc986d481a6b35848d1a67efa71cc43665cfca8,946687191,946687177,12,1,0,0,110.1475,152,
run1-tbt-15s,1,regionale,15,none,true,12,153,13,1,m2,1QfNfpZhwfH6CM4ixrSJgDoDJhiRFdtubEjpYo,51027,12,150,1.0,51027.0,166486.0,0.306494,2.44356305e-06,0.12468769,0.88277256,0.33423534,-2.167,7.500,12.08,12.0801,0.0001,1,,1,1,1,1,1,m2,1QfNfpZhwfH6CM4ixrSJgDoDJhiRFdtubEjpYo,00f15d42ee6919aaa36df854ebc986d481a6b35848d1a67efa71cc43665cfca8,946687191,946687177,12,1,0,0,20.1871,152,1
run1-tbt-15s,1,regionale,15,none,true,12,153,13,1,m3,126zpQGvcdYaSuvkAvrpLoXoNrPtK4JEbekAiJ,12435,12,150,1.0,12435.0,166486.0,0.074691,0.000231143202,2.87426572,0.05645758,1.0,-2.167,7.500,22.067,22.0666,-0.0004,1,,0,3,3,0,0,m2,1QfNfpZhwfH6CM4ixrSJgDoDJhiRFdtubEjpYo,00f15d42ee6919aaa36df854ebc986d481a6b35848d1a67efa71cc43665cfca8,946687191,946687177,12,1,0,0,26.6956,152,
run1-tbt-15s,1,regionale,15,none,true,12,154,13,1,m1,1YLDd55XmgLpCAy6ncxQKNEsQ8HSppoxHySYBe,103024,12,150,1.0,103024.0,166486.0,0.618815,1.77001464e-05,1.82353988,0.16145321,0.94749393,-1.75,7.500,21.362,21.3624,0.0004,1,,0,3,3,0,0,m2,1QfNfpZhwfH6CM4ixrSJgDoDJhiRFdtubEjpYo,009c88ab04440f180a86087ad0994470025b68f3a49316091a43311d0090ec4c,946687201,946687191,9,1,0,0,110.1475,152,
run1-tbt-15s,1,regionale,15,none,true,12,154,13,1,m2,1QfNfpZhwfH6CM4ixrSJgDoDJhiRFdtubEjpYo,51027,12,150,1.0,51027.0,166486.0,0.306494,1.04908603e-06,0.05353171,0.94787588,0.16025595,-1.75,7.500,9.554,9.5538,-0.0002,1,,1,1,1,1,1,m2,1QfNfpZhwfH6CM4ixrSJgDoDJhiRFdtubEjpYo,009c88ab04440f180a86087ad0994470025b68f3a49316091a43311d0090ec4c,946687201,946687191,9,1,0,0,20.1871,152,2
run1-tbt-15s,1,regionale,15,none,true,12,154,13,1,m3,126zpQGvcdYaSuvkAvrpLoXoNrPtK4JEbekAiJ,12435,12,150,1.0,12435.0,166486.0,0.074691,1.75902928e-05,0.21873529,0.80353439,0.94652481,-1.75,7.500,21.348,21.3479,-0.0001,1,,0,2,2,0,0,m2,1QfNfpZhwfH6CM4ixrSJgDoDJhiRFdtubEjpYo,009c88ab04440f180a86087ad0994470025b68f3a49316091a43311d0090ec4c,946687201,946687191,9,1,0,0,26.6956,152,
run1-tbt-15s,1,regionale,15,none,true,12,155,13,1,m1,1YLDd55XmgLpCAy6ncxQKNEsQ8HSppoxHySYBe,103024,12,150,1.0,103024.0,166486.0,0.618815,9.00125009e-06,0.92734479,0.39560273,0.77655324,-1.0,7.500,18.948,18.9483,0.0003,1,,0,2,2,0,0,m3,126zpQGvcdYaSuvkAvrpLoXoNrPtK4JEbekAiJ,00fe85977b85d5134ba8a959867740245685925265cd05fb2b3e070a7470b87b,946687214,946687201,11,1,0,0,110.1475,155,
run1-tbt-15s,1,regionale,15,none,true,12,155,13,1,m2,1QfNfpZhwfH6CM4ixrSJgDoDJhiRFdtubEjpYo,51027,12,150,1.0,51027.0,166486.0,0.306494,6.90706628e-05,3.52446871,0.02946746,0.99998986,-1.0,7.500,22.3,22.2998,-0.0002,1,,0,3,3,0,0,m3,126zpQGvcdYaSuvkAvrpLoXoNrPtK4JEbekAiJ,00fe85977b85d5134ba8a959867740245685925265cd05fb2b3e070a7470b87b,946687214,946687201,11,1,0,0,20.6925,155,
run1-tbt-15s,1,regionale,15,none,true,12,155,13,1,m3,126zpQGvcdYaSuvkAvrpLoXoNrPtK4JEbekAiJ,12435,12,150,1.0,12435.0,166486.0,0.074691,2.12204032e-06,0.02638757,0.97395754,0.29762653,-1.0,7.500,11.764,11.7644,0.0004,1,,1,1,1,1,1,m3,126zpQGvcdYaSuvkAvrpLoXoNrPtK4JEbekAiJ,00fe85977b85d5134ba8a959867740245685925265cd05fb2b3e070a7470b87b,946687214,946687201,11,1,0,0,27.0324,155,1
run1-tbt-15s,1,regionale,15,none,true,12,156,14,0,m1,1YLDd55XmgLpCAy6ncxQKNEsQ8HSppoxHySYBe,103024,12,150,1.0,103024.0,166486.0,0.618815,1.21374301e-06,0.12504466,0.88245749,0.18296326,-0.333,7.500,10.178,10.1778,-0.0002,1,,1,1,1,1,1,m1,1YLDd55XmgLpCAy6ncxQKNEsQ8HSppoxHySYBe,0020f2769f324113877099785616fb08edf5f825bec02041b19f04778f2598a3,946687225,946687214,10,1,0,0,110.1475,155,1
run1-tbt-15s,1,regionale,15,none,true,12,156,14,0,m2,1QfNfpZhwfH6CM4ixrSJgDoDJhiRFdtubEjpYo,51027,12,150,1.0,51027.0,166486.0,0.306494,2.41265658e-05,1.23110627,0.2919694,0.98198833,-0.333,7.500,22.163,22.1632,0.0002,1,,0,2,2,0,0,m1,1YLDd55XmgLpCAy6ncxQKNEsQ8HSppoxHySYBe,0020f2769f324113877099785616fb08edf5f825bec02041b19f04778f2598a3,946687225,946687214,10,1,0,0,20.6925,155,
run1-tbt-15s,1,regionale,15,none,true,12,156,14,0,m3,126zpQGvcdYaSuvkAvrpLoXoNrPtK4JEbekAiJ,12435,12,150,1.0,12435.0,166486.0,0.074691,0.000268609388,3.34015774,0.03543137,1.0,-0.333,7.500,22.433,22.4334,0.0004,1,,0,3,3,0,0,m1,1YLDd55XmgLpCAy6ncxQKNEsQ8HSppoxHySYBe,0020f2769f324113877099785616fb08edf5f825bec02041b19f04778f2598a3,946687225,946687214,10,1,0,0,27.0324,155,
run1-tbt-15s,1,regionale,15,none,true,12,157,14,0,m1,1YLDd55XmgLpCAy6ncxQKNEsQ8HSppoxHySYBe,103024,12,150,1.0,103024.0,166486.0,0.618815,2.1546619e-05,2.21981888,0.10862878,0.97232457,0.25,7.500,22.135,22.1349,-0.0001,1,,0,3,3,0,0,m3,126zpQGvcdYaSuvkAvrpLoXoNrPtK4JEbekAiJ,008f9f90416321a0054c9b9d2f7c270682f9009fbe4e96455f6ce08f23d36b3c,946687247,946687225,20,1,0,0,7.377,157,
run1-tbt-15s,1,regionale,15,none,true,12,157,14,0,m2,1QfNfpZhwfH6CM4ixrSJgDoDJhiRFdtubEjpYo,51027,12,150,1.0,51027.0,166486.0,0.306494,1.46733636e-05,0.74873772,0.47296319,0.91309238,0.25,7.500,21.246,21.2464,0.0004,1,,0,2,2,0,0,m3,126zpQGvcdYaSuvkAvrpLoXoNrPtK4JEbekAiJ,008f9f90416321a0054c9b9d2f7c270682f9009fbe4e96455f6ce08f23d36b3c,946687247,946687225,20,1,0,0,9.078,157,
run1-tbt-15s,1,regionale,15,none,true,12,157,14,0,m3,126zpQGvcdYaSuvkAvrpLoXoNrPtK4JEbekAiJ,12435,12,150,1.0,12435.0,166486.0,0.074691,1.26525192e-05,0.15733408,0.85441857,0.87833298,0.25,7.500,20.725,20.725,-0.0,1,,1,1,1,1,1,m3,126zpQGvcdYaSuvkAvrpLoXoNrPtK4JEbekAiJ,008f9f90416321a0054c9b9d2f7c270682f9009fbe4e96455f6ce08f23d36b3c,946687247,946687225,20,1,0,0,22.1602,157,1
run1-tbt-15s,1,regionale,15,none,true,12,158,14,0,m1,1YLDd55XmgLpCAy6ncxQKNEsQ8HSppoxHySYBe,103024,12,150,1.0,103024.0,166486.0,0.618815,2.39819592e-06,0.24707174,0.78108466,0.32918779,-0.75,7.500,12.288,12.2878,-0.0002,1,,1,1,1,1,1,m1,1YLDd55XmgLpCAy6ncxQKNEsQ8HSppoxHySYBe,00172a9abb050c40ad674bef817c50c0c2574f1d67291be9babf80c3b4aea201,946687260,946687247,12,1,0,0,7.377,157,1
run1-tbt-15s,1,regionale,15,none,true,12,158,14,0,m2,1QfNfpZhwfH6CM4ixrSJgDoDJhiRFdtubEjpYo,51027,12,150,1.0,51027.0,166486.0,0.306494,1.424799e-05,0.72703219,0.48334133,0.90671452,-0.75,7.500,20.951,20.9507,-0.0003,1,,0,2,2,0,0,m1,1YLDd55XmgLpCAy6ncxQKNEsQ8HSppoxHySYBe,00172a9abb050c40ad674bef817c50c0c2574f1d67291be9babf80c3b4aea201,946687260,946687247,12,1,0,0,9.078,157,
run1-tbt-15s,1,regionale,15,none,true,12,158,14,0,m3,126zpQGvcdYaSuvkAvrpLoXoNrPtK4JEbekAiJ,12435,12,150,1.0,12435.0,166486.0,0.074691,2.80329259e-05,0.34858943,0.7056828,0.99060041,-0.75,7.500,22.209,22.209,0.0,1,,0,3,3,0,0,m1,1YLDd55XmgLpCAy6ncxQKNEsQ8HSppoxHySYBe,00172a9abb050c40ad674bef817c50c0c2574f1d67291be9babf80c3b4aea201,946687260,946687247,12,1,0,0,22.1602,157,
run1-tbt-15s,1,regionale,15,none,true,12,159,14,0,m1,1YLDd55XmgLpCAy6ncxQKNEsQ8HSppoxHySYBe,103024,12,150,1.0,103024.0,166486.0,0.618815,5.55507282e-06,0.57230582,0.56422294,0.60340587,-0.167,7.500,16.518,16.5177,-0.0003,1,,1,1,1,1,1,m1,1YLDd55XmgLpCAy6ncxQKNEsQ8HSppoxHySYBe,007d301697728af9f6c8cebfb1850e742499b87e4b60ed5fde89ea17f7545c9e,946687278,946687260,16,1,0,0,107.6358,159,2
run1-tbt-15s,1,regionale,15,none,true,12,159,14,0,m2,1QfNfpZhwfH6CM4ixrSJgDoDJhiRFdtubEjpYo,51027,12,150,1.0,51027.0,166486.0,0.306494,9.37059644e-05,4.78153425,0.00838313,0.99999983,-0.167,7.500,22.467,22.4666,-0.0004,1,,0,3,3,0,0,m1,1YLDd55XmgLpCAy6ncxQKNEsQ8HSppoxHySYBe,007d301697728af9f6c8cebfb1850e742499b87e4b60ed5fde89ea17f7545c9e,946687278,946687260,16,1,0,0,109.078,159,
run1-tbt-15s,1,regionale,15,none,true,12,159,14,0,m3,126zpQGvcdYaSuvkAvrpLoXoNrPtK4JEbekAiJ,12435,12,150,1.0,12435.0,166486.0,0.074691,8.21421849e-05,1.02143807,0.36007675,0.99999885,-0.167,7.500,22.467,22.4666,-0.0004,1,,0,2,2,0,0,m1,1YLDd55XmgLpCAy6ncxQKNEsQ8HSppoxHySYBe,007d301697728af9f6c8cebfb1850e742499b87e4b60ed5fde89ea17f7545c9e,946687278,946687260,16,1,0,0,23.3644,159,
run1-tbt-15s,1,regionale,15,none,true,12,160,14,0,m1,1YLDd55XmgLpCAy6ncxQKNEsQ8HSppoxHySYBe,103024,12,150,1.0,103024.0,166486.0,0.618815,1.7634461e-05,1.81677271,0.1625495,0.94691659,-0.667,7.500,21.57,21.5703,0.0003,1,,1,1,1,1,1,m1,1YLDd55XmgLpCAy6ncxQKNEsQ8HSppoxHySYBe,00236f74b06d618f074daf97f4969c8733797ec2b7717a35e5a7606099beb753,946687300,946687278,21,1,0,0,108.4216,160,3
run1-tbt-15s,1,regionale,15,none,true,12,160,14,0,m2,1QfNfpZhwfH6CM4ixrSJgDoDJhiRFdtubEjpYo,51027,12,150,1.0,51027.0,166486.0,0.306494,2.89472842e-05,1.47709307,0.22830038,0.99192771,-0.667,7.500,22.246,22.2455,-0.0005,1,,0,2,2,0,0,m1,1YLDd55XmgLpCAy6ncxQKNEsQ8HSppoxHySYBe,00236f74b06d618f074daf97f4969c8733797ec2b7717a35e5a7606099beb753,946687300,946687278,21,1,0,0,109.078,160,
run1-tbt-15s,1,regionale,15,none,true,12,160,14,0,m3,126zpQGvcdYaSuvkAvrpLoXoNrPtK4JEbekAiJ,12435,12,150,1.0,12435.0,166486.0,0.074691,5.15434324e-05,0.64094258,0.52679564,0.99981241,-0.667,7.500,22.364,22.3638,-0.0002,1,,0,3,3,0,0,m1,1YLDd55XmgLpCAy6ncxQKNEsQ8HSppoxHySYBe,00236f74b06d618f074daf97f4969c8733797ec2b7717a35e5a7606099beb753,946687300,946687278,21,1,0,0,23.3644,160,
run1-tbt-15s,1,regionale,15,none,true,12,161,14,0,m1,1YLDd55XmgLpCAy6ncxQKNEsQ8HSppoxHySYBe,103024,12,150,1.0,103024.0,166486.0,0.618815,8.22538494e-07,0.08474121,0.91875002,0.12797845,-1.083,7.500,9.203,9.2031,0.0001,1,,1,1,1,1,1,m1,1YLDd55XmgLpCAy6ncxQKNEsQ8HSppoxHySYBe,00f20ca393565fe9a60b933308cae6c92beb9adef35d4e0c61c077384b2e2845,946687310,946687300,9,1,0,0,108.4216,160,4
run1-tbt-15s,1,regionale,15,none,true,12,161,14,0,m2,1QfNfpZhwfH6CM4ixrSJgDoDJhiRFdtubEjpYo,51027,12,150,1.0,51027.0,166486.0,0.306494,1.59427539e-05,0.8135109,0.44329895,0.92964809,-1.083,7.500,21.228,21.2281,0.0001,1,,0,2,2,0,0,m1,1YLDd55XmgLpCAy6ncxQKNEsQ8HSppoxHySYBe,00f20ca393565fe9a60b933308cae6c92beb9adef35d4e0c61c077384b2e2845,946687310,946687300,9,1,0,0,109.078,160,
run1-tbt-15s,1,regionale,15,none,true,12,161,14,0,m3,126zpQGvcdYaSuvkAvrpLoXoNrPtK4JEbekAiJ,12435,12,150,1.0,12435.0,166486.0,0.074691,1.83503006e-05,0.22818599,0.7959762,0.95288049,-1.083,7.500,21.577,21.5766,-0.0004,1,,0,3,3,0,0,m1,1YLDd55XmgLpCAy6ncxQKNEsQ8HSppoxHySYBe,00f20ca393565fe9a60b933308cae6c92beb9adef35d4e0c61c077384b2e2845,946687310,946687300,9,1,0,0,23.3644,160,
run1-tbt-15s,1,regionale,15,none,true,12,162,14,0,m1,1YLDd55XmgLpCAy6ncxQKNEsQ8HSppoxHySYBe,103024,12,150,1.0,103024.0,166486.0,0.618815,5.48548749e-06,0.56513686,0.56828236,0.59878461,-0.083,7.500,16.465,16.4652,0.0002,1,,1,1,1,1,1,m1,1YLDd55XmgLpCAy6ncxQKNEsQ8HSppoxHySYBe,00aec97457c92fe1337bd60ad1338c8ae7154519fcaaca948f59f4c732b4aefc,946687326,946687310,16,1,0,0,108.5964,162,5
run1-tbt-15s,1,regionale,15,none,true,12,162,14,0,m2,1QfNfpZhwfH6CM4ixrSJgDoDJhiRFdtubEjpYo,51027,12,150,1.0,51027.0,166486.0,0.306494,7.59202475e-06,0.38739825,0.6788207,0.71746867,-0.083,7.500,18.245,18.2454,0.0004,1,,0,2,2,0,0,m1,1YLDd55XmgLpCAy6ncxQKNEsQ8HSppoxHySYBe,00aec97457c92fe1337bd60ad1338c8ae7154519fcaaca948f59f4c732b4aefc,946687326,946687310,16,1,0,0,109.0016,162,
run1-tbt-15s,1,regionale,15,none,true,12,162,14,0,m3,126zpQGvcdYaSuvkAvrpLoXoNrPtK4JEbekAiJ,12435,12,150,1.0,12435.0,166486.0,0.074691,8.36449087e-06,0.10401244,0.90121408,0.75156415,-0.083,7.500,18.757,18.7569,-0.0001,1,,0,3,3,0,0,m1,1YLDd55XmgLpCAy6ncxQKNEsQ8HSppoxHySYBe,00aec97457c92fe1337bd60ad1338c8ae7154519fcaaca948f59f4c732b4aefc,946687326,946687310,16,1,0,0,23.2884,162,
run1-tbt-15s,1,regionale,15,none,true,12,163,14,0,m1,1YLDd55XmgLpCAy6ncxQKNEsQ8HSppoxHySYBe,91646,13,162,1.0,91646.0,149333.0,0.613702,8.83319047e-06,0.80952657,0.44506872,0.73262065,0.333,7.500,18.556,18.5559,-0.0001,1,,1,1,1,1,1,m1,1YLDd55XmgLpCAy6ncxQKNEsQ8HSppoxHySYBe,00bd4a49815c76832f3b4cb0f5ef449126058cbe45868d9aaaf6089b84c955ba,946687345,946687326,18,1,0,0,108.5964,162,6
run1-tbt-15s,1,regionale,15,none,true,12,163,14,0,m2,1QfNfpZhwfH6CM4ixrSJgDoDJhiRFdtubEjpYo,44838,13,162,1.0,44838.0,149333.0,0.300255,2.71419462e-05,1.21699058,0.29611998,0.98263308,0.333,7.500,22.306,22.3061,0.0001,1,,0,2,2,0,0,m1,1YLDd55XmgLpCAy6ncxQKNEsQ8HSppoxHySYBe,00bd4a49815c76832f3b4cb0f5ef449126058cbe45868d9aaaf6089b84c955ba,946687345,946687326,18,1,0,0,109.0016,162,
run1-tbt-15s,1,regionale,15,none,true,12,163,14,0,m3,126zpQGvcdYaSuvkAvrpLoXoNrPtK4JEbekAiJ,12849,13,162,1.0,12849.0,149333.0,0.086043,0.000128162516,1.64676017,0.19267313,1.0,0.333,7.500,22.567,22.5666,-0.0004,1,,0,3,3,0,0,m1,1YLDd55XmgLpCAy6ncxQKNEsQ8HSppoxHySYBe,00bd4a49815c76832f3b4cb0f5ef449126058cbe45868d9aaaf6089b84c955ba,946687345,946687326,18,1,0,0,23.2884,162,
run1-tbt-15s,1,regionale,15,none,true,12,164,14,0,m1,1YLDd55XmgLpCAy6ncxQKNEsQ8HSppoxHySYBe,91646,13,162,1.0,91646.0,149333.0,0.613702,1.3681434e-06,0.12538487,0.88215732,0.18478953,-0.417,7.500,10.189,10.1884,-0.0006,1,,1,1,1,1,1,m1,1YLDd55XmgLpCAy6ncxQKNEsQ8HSppoxHySYBe,006ad580994c5cc486f5506d624700571147b59bc305c84180e26c2958d483b5,946687356,946687345,10,1,0,0,109.5848,164,7
run1-tbt-15s,1,regionale,15,none,true,12,164,14,0,m2,1QfNfpZhwfH6CM4ixrSJgDoDJhiRFdtubEjpYo,44838,13,162,1.0,44838.0,149333.0,0.300255,7.54557671e-06,0.33832857,0.71296099,0.67593255,-0.417,7.500,17.556,17.5556,-0.0004,1,,0,2,2,0,0,m1,1YLDd55XmgLpCAy6ncxQKNEsQ8HSppoxHySYBe,006ad580994c5cc486f5506d624700571147b59bc305c84180e26c2958d483b5,946687356,946687345,10,1,0,0,109.0016,164,
run1-tbt-15s,1,regionale,15,none,true,12,164,14,0,m3,126zpQGvcdYaSuvkAvrpLoXoNrPtK4JEbekAiJ,12849,13,162,1.0,12849.0,149333.0,0.086043,0.000159633761,2.0511342,0.12858898,1.0,-0.417,7.500,22.417,22.4166,-0.0004,1,,0,3,3,0,0,m1,1YLDd55XmgLpCAy6ncxQKNEsQ8HSppoxHySYBe,006ad580994c5cc486f5506d624700571147b59bc305c84180e26c2958d483b5,946687356,946687345,10,1,0,0,23.2884,164,
run1-tbt-15s,1,regionale,15,none,true,12,165,14,0,m1,1YLDd55XmgLpCAy6ncxQKNEsQ8HSppoxHySYBe,91646,13,162,1.0,91646.0,149333.0,0.613702,1.1763475e-05,1.07807543,0.34024973,0.82738214,0.083,7.500,19.927,19.9273,0.0003,1,,1,1,1,1,1,m1,1YLDd55XmgLpCAy6ncxQKNEsQ8HSppoxHySYBe,00a4b82f4bdd27d9b7b8d0d95234052edfbe1c24cd2f08f9f4b0a09e973e5352,946687377,946687356,19,1,0,0,109.5848,164,8
run1-tbt-15s,1,regionale,15,none,true,12,165,14,0,m2,1QfNfpZhwfH6CM4ixrSJgDoDJhiRFdtubEjpYo,44838,13,162,1.0,44838.0,149333.0,0.300255,1.99287575e-05,0.89356563,0.40919411,0.94900467,0.083,7.500,21.752,21.7517,-0.0003,1,,0,3,3,0,0,m1,1YLDd55XmgLpCAy6ncxQKNEsQ8HSppoxHySYBe,00a4b82f4bdd27d9b7b8d0d95234052edfbe1c24cd2f08f9f4b0a09e973e5352,946687377,946687356,19,1,0,0,109.0016,164,
run1-tbt-15s,1,regionale,15,none,true,12,165,14,0,m3,126zpQGvcdYaSuvkAvrpLoXoNrPtK4JEbekAiJ,12849,13,162,1.0,12849.0,149333.0,0.086043,1.71276968e-05,0.22007378,0.80245959,0.92251961,0.083,7.500,21.354,21.3544,0.0004,1,,0,2,2,0,0,m1,1YLDd55XmgLpCAy6ncxQKNEsQ8HSppoxHySYBe,00a4b82f4bdd27d9b7b8d0d95234052edfbe1c24cd2f08f9f4b0a09e973e5352,946687377,946687356,19,1,0,0,23.2884,164,
run1-tbt-15s,1,regionale,15,none,true,12,166,14,0,m1,1YLDd55XmgLpCAy6ncxQKNEsQ8HSppoxHySYBe,91646,13,162,1.0,91646.0,149333.0,0.613702,1.39533591e-05,1.27876955,0.27837962,0.8755308,-0.5,7.500,20.533,20.533,-0.0,1,,1,1,1,1,1,m1,1YLDd55XmgLpCAy6ncxQKNEsQ8HSppoxHySYBe,00d87fea87166664270913947d3005bdb1c233df04064e0219fbbe4a424cbea8,946687398,946687377,20,1,0,0,110.2022,166,9
run1-tbt-15s,1,regionale,15,none,true,12,166,14,0,m2,1QfNfpZhwfH6CM4ixrSJgDoDJhiRFdtubEjpYo,44838,13,162,1.0,44838.0,149333.0,0.300255,5.10896412e-05,2.29075733,0.1011898,0.99951403,-0.5,7.500,22.393,22.3927,-0.0003,1,,0,2,2,0,0,m1,1YLDd55XmgLpCAy6ncxQKNEsQ8HSppoxHySYBe,00d87fea87166664270913947d3005bdb1c233df04064e0219fbbe4a424cbea8,946687398,946687377,20,1,0,0,109.0016,166,
run1-tbt-15s,1,regionale,15,none,true,12,166,14,0,m3,126zpQGvcdYaSuvkAvrpLoXoNrPtK4JEbekAiJ,12849,13,162,1.0,12849.0,149333.0,0.086043,0.000181293975,2.32944628,0.09734964,1.0,-0.5,7.500,22.4,22.4,-0.0,1,,0,3,3,0,0,m1,1YLDd55XmgLpCAy6ncxQKNEsQ8HSppoxHySYBe,00d87fea87166664270913947d3005bdb1c233df04064e0219fbbe4a424cbea8,946687398,946687377,20,1,0,0,23.2884,166,
run1-tbt-15s,1,regionale,15,none,true,12,167,14,0,m1,1YLDd55XmgLpCAy6ncxQKNEsQ8HSppoxHySYBe,91646,13,162,1.0,91646.0,149333.0,0.613702,4.85078617e-08,0.00444555,0.99556432,0.00721765,-1.417,7.500,7.325,7.3249,-0.0001,1,,1,1,1,1,1,m1,1YLDd55XmgLpCAy6ncxQKNEsQ8HSppoxHySYBe,009a7bb956472bdabfec2c9ae7f4a90287e94187a9d35a25161e6edfb52278d4,946687405,946687398,7,1,0,0,110.2022,166,10
run1-tbt-15s,1,regionale,15,none,true,12,167,14,0,m2,1QfNfpZhwfH6CM4ixrSJgDoDJhiRFdtubEjpYo,44838,13,162,1.0,44838.0,149333.0,0.300255,3.81610971e-06,0.17110673,0.84273163,0.43440167,-1.417,7.500,13.733,13.7326,-0.0004,1,,0,2,2,0,0,m1,1YLDd55XmgLpCAy6ncxQKNEsQ8HSppoxHySYBe,009a7bb956472bdabfec2c9ae7f4a90287e94187a9d35a25161e6edfb52278d4,946687405,946687398,7,1,0,0,109.0016,166,
run1-tbt-15s,1,regionale,15,none,true,12,167,14,0,m3,126zpQGvcdYaSuvkAvrpLoXoNrPtK4JEbekAiJ,12849,13,162,1.0,12849.0,149333.0,0.086043,8.02488282e-05,1.03111719,0.35660834,0.99999376,-1.417,7.500,22.217,22.2165,-0.0005,1,,0,3,3,0,0,m1,1YLDd55XmgLpCAy6ncxQKNEsQ8HSppoxHySYBe,009a7bb956472bdabfec2c9ae7f4a90287e94187a9d35a25161e6edfb52278d4,946687405,946687398,7,1,0,0,23.2884,166,
