run_id,livello,tbt,height,epoca,nodo,indirizzo,tipo_movimento,importo_gas,controparte,motivo,saldo_gas_dopo,txid_o_riferimento,coerente_con_saldo
run3-tbt-5s/regionale,regionale,5,1,1,admin,1FQyjdy72ALUVPJzGeNmNMAJ3cCBZcsobxd1DT,mining_reward,1000000.0,coinbase,"premio di catena del blocco 1, ricostruito da params.dat (nessuna metrica lo registra)",1000000.0,00cd68bb2ebf1ac2352b30e5fb323b3d13466d5bc9dd15bcb2bda91ca8526d0d,1
run3-tbt-5s/regionale,regionale,5,11,1,admin,1FQyjdy72ALUVPJzGeNmNMAJ3cCBZcsobxd1DT,init,-100.0,c1,l'admin finanzia c1,999900.0,,1
run3-tbt-5s/regionale,regionale,5,11,1,admin,1FQyjdy72ALUVPJzGeNmNMAJ3cCBZcsobxd1DT,init,-100.0,c2,l'admin finanzia c2,999800.0,,1
run3-tbt-5s/regionale,regionale,5,11,1,admin,1FQyjdy72ALUVPJzGeNmNMAJ3cCBZcsobxd1DT,init,-100.0,c3,l'admin finanzia c3,999700.0,,1
run3-tbt-5s/regionale,regionale,5,11,1,admin,1FQyjdy72ALUVPJzGeNmNMAJ3cCBZcsobxd1DT,init,-100.0,c4,l'admin finanzia c4,999600.0,,1
run3-tbt-5s/regionale,regionale,5,11,1,admin,1FQyjdy72ALUVPJzGeNmNMAJ3cCBZcsobxd1DT,init,-100.0,c5,l'admin finanzia c5,999500.0,,1
run3-tbt-5s/regionale,regionale,5,11,1,admin,1FQyjdy72ALUVPJzGeNmNMAJ3cCBZcsobxd1DT,init,-50.0,m1,l'admin finanzia m1,999450.0,,1
run3-tbt-5s/regionale,regionale,5,11,1,admin,1FQyjdy72ALUVPJzGeNmNMAJ3cCBZcsobxd1DT,init,-50.0,m2,l'admin finanzia m2,999400.0,,1
run3-tbt-5s/regionale,regionale,5,11,1,admin,1FQyjdy72ALUVPJzGeNmNMAJ3cCBZcsobxd1DT,init,-50.0,m3,l'admin finanzia m3,999350.0,,1
run3-tbt-5s/regionale,regionale,5,11,1,admin,1FQyjdy72ALUVPJzGeNmNMAJ3cCBZcsobxd1DT,init,-50.0,ca,l'admin finanzia ca,999300.0,,1
run3-tbt-5s/regionale,regionale,5,67,6,admin,1FQyjdy72ALUVPJzGeNmNMAJ3cCBZcsobxd1DT,refill,-100.0,m1,l'admin finanzia m1,999200.0,,1
run3-tbt-5s/regionale,regionale,5,73,7,admin,1FQyjdy72ALUVPJzGeNmNMAJ3cCBZcsobxd1DT,refill,-100.0,m1,l'admin finanzia m1,999100.0,,1
run3-tbt-5s/regionale,regionale,5,73,7,admin,1FQyjdy72ALUVPJzGeNmNMAJ3cCBZcsobxd1DT,refill,-100.0,m2,l'admin finanzia m2,999000.0,,1
run3-tbt-5s/regionale,regionale,5,85,8,admin,1FQyjdy72ALUVPJzGeNmNMAJ3cCBZcsobxd1DT,refill,-100.0,m1,l'admin finanzia m1,998900.0,,1
run3-tbt-5s/regionale,regionale,5,97,9,admin,1FQyjdy72ALUVPJzGeNmNMAJ3cCBZcsobxd1DT,refill,-100.0,m1,l'admin finanzia m1,998800.0,,1
run3-tbt-5s/regionale,regionale,5,97,9,admin,1FQyjdy72ALUVPJzGeNmNMAJ3cCBZcsobxd1DT,refill,-100.0,m2,l'admin finanzia m2,998700.0,,1
run3-tbt-5s/regionale,regionale,5,109,10,admin,1FQyjdy72ALUVPJzGeNmNMAJ3cCBZcsobxd1DT,refill,-100.0,m1,l'admin finanzia m1,998600.0,,1
run3-tbt-5s/regionale,regionale,5,109,10,admin,1FQyjdy72ALUVPJzGeNmNMAJ3cCBZcsobxd1DT,refill,-100.0,m3,l'admin finanzia m3,998500.0,,1
run3-tbt-5s/regionale,regionale,5,124,11,admin,1FQyjdy72ALUVPJzGeNmNMAJ3cCBZcsobxd1DT,refill,-100.0,m1,l'admin finanzia m1,998400.0,,1
run3-tbt-5s/regionale,regionale,5,137,12,admin,1FQyjdy72ALUVPJzGeNmNMAJ3cCBZcsobxd1DT,refill,-100.0,m1,l'admin finanzia m1,998300.0,,1
run3-tbt-5s/regionale,regionale,5,137,12,admin,1FQyjdy72ALUVPJzGeNmNMAJ3cCBZcsobxd1DT,refill,-100.0,m2,l'admin finanzia m2,998200.0,,1
run3-tbt-5s/regionale,regionale,5,149,13,admin,1FQyjdy72ALUVPJzGeNmNMAJ3cCBZcsobxd1DT,refill,-100.0,m1,l'admin finanzia m1,998100.0,,1
run3-tbt-5s/regionale,regionale,5,159,14,admin,1FQyjdy72ALUVPJzGeNmNMAJ3cCBZcsobxd1DT,refill,-100.0,m1,l'admin finanzia m1,998000.0,,1
run3-tbt-5s/regionale,regionale,5,159,14,admin,1FQyjdy72ALUVPJzGeNmNMAJ3cCBZcsobxd1DT,refill,-100.0,m2,l'admin finanzia m2,997900.0,,1
run3-tbt-5s/regionale,regionale,5,169,15,admin,1FQyjdy72ALUVPJzGeNmNMAJ3cCBZcsobxd1DT,refill,-100.0,m1,l'admin finanzia m1,997800.0,,1
run3-tbt-5s/regionale,regionale,5,181,16,admin,1FQyjdy72ALUVPJzGeNmNMAJ3cCBZcsobxd1DT,refill,-100.0,m1,l'admin finanzia m1,997700.0,,1
run3-tbt-5s/regionale,regionale,5,196,17,admin,1FQyjdy72ALUVPJzGeNmNMAJ3cCBZcsobxd1DT,refill,-100.0,m1,l'admin finanzia m1,997600.0,,1
run3-tbt-5s/regionale,regionale,5,196,17,admin,1FQyjdy72ALUVPJzGeNmNMAJ3cCBZcsobxd1DT,refill,-100.0,m2,l'admin finanzia m2,997500.0,,1
run3-tbt-5s/regionale,regionale,5,207,18,admin,1FQyjdy72ALUVPJzGeNmNMAJ3cCBZcsobxd1DT,refill,-100.0,m1,l'admin finanzia m1,997400.0,,1
run3-tbt-5s/regionale,regionale,5,218,19,admin,1FQyjdy72ALUVPJzGeNmNMAJ3cCBZcsobxd1DT,refill,-100.0,m1,l'admin finanzia m1,997300.0,,1
run3-tbt-5s/regionale,regionale,5,218,19,admin,1FQyjdy72ALUVPJzGeNmNMAJ3cCBZcsobxd1DT,refill,-100.0,m2,l'admin finanzia m2,997200.0,,1
run3-tbt-5s/regionale,regionale,5,218,19,admin,1FQyjdy72ALUVPJzGeNmNMAJ3cCBZcsobxd1DT,refill,-100.0,m3,l'admin finanzia m3,997100.0,,1
run3-tbt-5s/regionale,regionale,5,230,20,admin,1FQyjdy72ALUVPJzGeNmNMAJ3cCBZcsobxd1DT,refill,-100.0,m1,l'admin finanzia m1,997000.0,,1
run3-tbt-5s/regionale,regionale,5,242,21,admin,1FQyjdy72ALUVPJzGeNmNMAJ3cCBZcsobxd1DT,refill,-100.0,m1,l'admin finanzia m1,996900.0,,1
run3-tbt-5s/regionale,regionale,5,255,22,admin,1FQyjdy72ALUVPJzGeNmNMAJ3cCBZcsobxd1DT,refill,-100.0,m1,l'admin finanzia m1,996800.0,,1
run3-tbt-5s/regionale,regionale,5,255,22,admin,1FQyjdy72ALUVPJzGeNmNMAJ3cCBZcsobxd1DT,refill,-100.0,m2,l'admin finanzia m2,996700.0,,1
run3-tbt-5s/regionale,regionale,5,266,23,admin,1FQyjdy72ALUVPJzGeNmNMAJ3cCBZcsobxd1DT,refill,-100.0,m1,l'admin finanzia m1,996600.0,,1
run3-tbt-5s/regionale,regionale,5,281,24,admin,1FQyjdy72ALUVPJzGeNmNMAJ3cCBZcsobxd1DT,refill,-100.0,m1,l'admin finanzia m1,996500.0,,1
run3-tbt-5s/regionale,regionale,5,281,24,admin,1FQyjdy72ALUVPJzGeNmNMAJ3cCBZcsobxd1DT,refill,-100.0,m2,l'admin finanzia m2,996400.0,,1
run3-tbt-5s/regionale,regionale,5,292,25,admin,1FQyjdy72ALUVPJzGeNmNMAJ3cCBZcsobxd1DT,refill,-100.0,m1,l'admin finanzia m1,996300.0,,1
run3-tbt-5s/regionale,regionale,5,303,26,admin,1FQyjdy72ALUVPJzGeNmNMAJ3cCBZcsobxd1DT,refill,-100.0,m1,l'admin finanzia m1,996200.0,,1
run3-tbt-5s/regionale,regionale,5,318,27,admin,1FQyjdy72ALUVPJzGeNmNMAJ3cCBZcsobxd1DT,refill,-100.0,m1,l'admin finanzia m1,996100.0,,1
run3-tbt-5s/regionale,regionale,5,318,27,admin,1FQyjdy72ALUVPJzGeNmNMAJ3cCBZcsobxd1DT,refill,-100.0,m2,l'admin finanzia m2,996000.0,,1
run3-tbt-5s/regionale,regionale,5,329,28,admin,1FQyjdy72ALUVPJzGeNmNMAJ3cCBZcsobxd1DT,refill,-100.0,m1,l'admin finanzia m1,995900.0,,1
run3-tbt-5s/regionale,regionale,5,329,28,admin,1FQyjdy72ALUVPJzGeNmNMAJ3cCBZcsobxd1DT,refill,-100.0,m3,l'admin finanzia m3,995800.0,,1
run3-tbt-5s/regionale,regionale,5,339,29,admin,1FQyjdy72ALUVPJzGeNmNMAJ3cCBZcsobxd1DT,refill,-100.0,m1,l'admin finanzia m1,995700.0,,1
run3-tbt-5s/regionale,regionale,5,339,29,admin,1FQyjdy72ALUVPJzGeNmNMAJ3cCBZcsobxd1DT,refill,-100.0,m2,l'admin finanzia m2,995600.0,,1
run3-tbt-5s/regionale,regionale,5,349,30,admin,1FQyjdy72ALUVPJzGeNmNMAJ3cCBZcsobxd1DT,refill,-100.0,m1,l'admin finanzia m1,995500.0,,1
run3-tbt-5s/regionale,regionale,5,365,31,admin,1FQyjdy72ALUVPJzGeNmNMAJ3cCBZcsobxd1DT,refill,-100.0,m1,l'admin finanzia m1,995400.0,,1
run3-tbt-5s/regionale,regionale,5,374,32,admin,1FQyjdy72ALUVPJzGeNmNMAJ3cCBZcsobxd1DT,refill,-100.0,m1,l'admin finanzia m1,995300.0,,1
run3-tbt-5s/regionale,regionale,5,374,32,admin,1FQyjdy72ALUVPJzGeNmNMAJ3cCBZcsobxd1DT,refill,-100.0,m2,l'admin finanzia m2,995200.0,,1
run3-tbt-5s/regionale,regionale,5,389,33,admin,1FQyjdy72ALUVPJzGeNmNMAJ3cCBZcsobxd1DT,refill,-100.0,m1,l'admin finanzia m1,995100.0,,1
run3-tbt-5s/regionale,regionale,5,400,34,admin,1FQyjdy72ALUVPJzGeNmNMAJ3cCBZcsobxd1DT,refill,-100.0,m1,l'admin finanzia m1,995000.0,,1
run3-tbt-5s/regionale,regionale,5,400,34,admin,1FQyjdy72ALUVPJzGeNmNMAJ3cCBZcsobxd1DT,refill,-100.0,m2,l'admin finanzia m2,994900.0,,1
run3-tbt-5s/regionale,regionale,5,409,35,admin,1FQyjdy72ALUVPJzGeNmNMAJ3cCBZcsobxd1DT,refill,-100.0,m1,l'admin finanzia m1,994800.0,,1
run3-tbt-5s/regionale,regionale,5,416,35,admin,1FQyjdy72ALUVPJzGeNmNMAJ3cCBZcsobxd1DT,fee,4907.9883,rete (fee di blocco),"residuo fino al saldo di fine run letto da node_state.csv: per l'admin e' l'unica misura disponibile, gas_balances.csv non lo campiona",999307.9883,,1
run3-tbt-5s/regionale,regionale,5,425,36,admin,1FQyjdy72ALUVPJzGeNmNMAJ3cCBZcsobxd1DT,refill,-100.0,m1,l'admin finanzia m1,994700.0,,1
run3-tbt-5s/regionale,regionale,5,436,37,admin,1FQyjdy72ALUVPJzGeNmNMAJ3cCBZcsobxd1DT,refill,-100.0,m1,l'admin finanzia m1,994600.0,,1
run3-tbt-5s/regionale,regionale,5,436,37,admin,1FQyjdy72ALUVPJzGeNmNMAJ3cCBZcsobxd1DT,refill,-100.0,m2,l'admin finanzia m2,994500.0,,1
run3-tbt-5s/regionale,regionale,5,436,37,admin,1FQyjdy72ALUVPJzGeNmNMAJ3cCBZcsobxd1DT,refill,-100.0,m3,l'admin finanzia m3,994400.0,,1
run3-tbt-5s/regionale,regionale,5,11,1,c1,1SQMyZsYBPsB6Z3JdtVvK5Z4nzaQ7kisunM2wk,init,100.0,admin,dotazione iniziale,100.0,,1
run3-tbt-5s/regionale,regionale,5,67,6,c1,1SQMyZsYBPsB6Z3JdtVvK5Z4nzaQ7kisunM2wk,fee,-0.196,rete (fee di blocco),"residuo fra il campione precedente e questo, una volta tolti i movimenti noti: e' la fee pagata (segno -) o incassata (segno +) nell'intervallo, non attribuibile a una singola transazione",99.804,,1
run3-tbt-5s/regionale,regionale,5,73,7,c1,1SQMyZsYBPsB6Z3JdtVvK5Z4nzaQ7kisunM2wk,fee,-0.1964,rete (fee di blocco),"residuo fra il campione precedente e questo, una volta tolti i movimenti noti: e' la fee pagata (segno -) o incassata (segno +) nell'intervallo, non attribuibile a una singola transazione",99.6076,,1
run3-tbt-5s/regionale,regionale,5,78,7,c1,1SQMyZsYBPsB6Z3JdtVvK5Z4nzaQ7kisunM2wk,fee,-0.2222,rete (fee di blocco),"residuo fra il campione precedente e questo, una volta tolti i movimenti noti: e' la fee pagata (segno -) o incassata (segno +) nell'intervallo, non attribuibile a una singola transazione",99.3854,,1
run3-tbt-5s/regionale,regionale,5,85,8,c1,1SQMyZsYBPsB6Z3JdtVvK5Z4nzaQ7kisunM2wk,fee,-0.223,rete (fee di blocco),"residuo fra il campione precedente e questo, una volta tolti i movimenti noti: e' la fee pagata (segno -) o incassata (segno +) nell'intervallo, non attribuibile a una singola transazione",99.1624,,1
run3-tbt-5s/regionale,regionale,5,91,8,c1,1SQMyZsYBPsB6Z3JdtVvK5Z4nzaQ7kisunM2wk,fee,-0.223,rete (fee di blocco),"residuo fra il campione precedente e questo, una volta tolti i movimenti noti: e' la fee pagata (segno -) o incassata (segno +) nell'intervallo, non attribuibile a una singola transazione",98.9394,,1
run3-tbt-5s/regionale,regionale,5,97,9,c1,1SQMyZsYBPsB6Z3JdtVvK5Z4nzaQ7kisunM2wk,fee,-0.1672,rete (fee di blocco),"residuo fra il campione precedente e questo, una volta tolti i movimenti noti: e' la fee pagata (segno -) o incassata (segno +) nell'intervallo, non attribuibile a una singola transazione",98.7722,,1
run3-tbt-5s/regionale,regionale,5,103,9,c1,1SQMyZsYBPsB6Z3JdtVvK5Z4nzaQ7kisunM2wk,fee,-0.2234,rete (fee di blocco),"residuo fra il campione precedente e questo, una volta tolti i movimenti noti: e' la fee pagata (segno -) o incassata (segno +) nell'intervallo, non attribuibile a una singola transazione",98.5488,,1
run3-tbt-5s/regionale,regionale,5,109,10,c1,1SQMyZsYBPsB6Z3JdtVvK5Z4nzaQ7kisunM2wk,fee,-0.2234,rete (fee di blocco),"residuo fra il campione precedente e questo, una volta tolti i movimenti noti: e' la fee pagata (segno -) o incassata (segno +) nell'intervallo, non attribuibile a una singola transazione",98.3254,,1
run3-tbt-5s/regionale,regionale,5,114,10,c1,1SQMyZsYBPsB6Z3JdtVvK5Z4nzaQ7kisunM2wk,fee,-0.224,rete (fee di blocco),"residuo fra il campione precedente e questo, una volta tolti i movimenti noti: e' la fee pagata (segno -) o incassata (segno +) nell'intervallo, non attribuibile a una singola transazione",98.1014,,1
run3-tbt-5s/regionale,regionale,5,119,10,c1,1SQMyZsYBPsB6Z3JdtVvK5Z4nzaQ7kisunM2wk,fee,-0.1676,rete (fee di blocco),"residuo fra il campione precedente e questo, una volta tolti i movimenti noti: e' la fee pagata (segno -) o incassata (segno +) nell'intervallo, non attribuibile a una singola transazione",97.9338,,1
run3-tbt-5s/regionale,regionale,5,124,11,c1,1SQMyZsYBPsB6Z3JdtVvK5Z4nzaQ7kisunM2wk,fee,-0.2238,rete (fee di blocco),"residuo fra il campione precedente e questo, una volta tolti i movimenti noti: e' la fee pagata (segno -) o incassata (segno +) nell'intervallo, non attribuibile a una singola transazione",97.71,,1
run3-tbt-5s/regionale,regionale,5,131,11,c1,1SQMyZsYBPsB6Z3JdtVvK5Z4nzaQ7kisunM2wk,fee,-0.2238,rete (fee di blocco),"residuo fra il campione precedente e questo, una volta tolti i movimenti noti: e' la fee pagata (segno -) o incassata (segno +) nell'intervallo, non attribuibile a una singola transazione",97.4862,,1
run3-tbt-5s/regionale,regionale,5,137,12,c1,1SQMyZsYBPsB6Z3JdtVvK5Z4nzaQ7kisunM2wk,fee,-0.2238,rete (fee di blocco),"residuo fra il campione precedente e questo, una volta tolti i movimenti noti: e' la fee pagata (segno -) o incassata (segno +) nell'intervallo, non attribuibile a una singola transazione",97.2624,,1
run3-tbt-5s/regionale,regionale,5,143,12,c1,1SQMyZsYBPsB6Z3JdtVvK5Z4nzaQ7kisunM2wk,fee,-0.168,rete (fee di blocco),"residuo fra il campione precedente e questo, una volta tolti i movimenti noti: e' la fee pagata (segno -) o incassata (segno +) nell'intervallo, non attribuibile a una singola transazione",97.0944,,1
run3-tbt-5s/regionale,regionale,5,149,13,c1,1SQMyZsYBPsB6Z3JdtVvK5Z4nzaQ7kisunM2wk,fee,-0.2238,rete (fee di blocco),"residuo fra il campione precedente e questo, una volta tolti i movimenti noti: e' la fee pagata (segno -) o incassata (segno +) nell'intervallo, non attribuibile a una singola transazione",96.8706,,1
run3-tbt-5s/regionale,regionale,5,153,13,c1,1SQMyZsYBPsB6Z3JdtVvK5Z4nzaQ7kisunM2wk,fee,-0.2238,rete (fee di blocco),"residuo fra il campione precedente e questo, una volta tolti i movimenti noti: e' la fee pagata (segno -) o incassata (segno +) nell'intervallo, non attribuibile a una singola transazione",96.6468,,1
run3-tbt-5s/regionale,regionale,5,159,14,c1,1SQMyZsYBPsB6Z3JdtVvK5Z4nzaQ7kisunM2wk,fee,-0.2238,rete (fee di blocco),"residuo fra il campione precedente e questo, una volta tolti i movimenti noti: e' la fee pagata (segno -) o incassata (segno +) nell'intervallo, non attribuibile a una singola transazione",96.423,,1
run3-tbt-5s/regionale,regionale,5,164,14,c1,1SQMyZsYBPsB6Z3JdtVvK5Z4nzaQ7kisunM2wk,fee,-0.1678,rete (fee di blocco),"residuo fra il campione precedente e questo, una volta tolti i movimenti noti: e' la fee pagata (segno -) o incassata (segno +) nell'intervallo, non attribuibile a una singola transazione",96.2552,,1
run3-tbt-5s/regionale,regionale,5,169,15,c1,1SQMyZsYBPsB6Z3JdtVvK5Z4nzaQ7kisunM2wk,fee,-0.2236,rete (fee di blocco),"residuo fra il campione precedente e questo, una volta tolti i movimenti noti: e' la fee pagata (segno -) o incassata (segno +) nell'intervallo, non attribuibile a una singola transazione",96.0316,,1
run3-tbt-5s/regionale,regionale,5,174,15,c1,1SQMyZsYBPsB6Z3JdtVvK5Z4nzaQ7kisunM2wk,fee,-0.2236,rete (fee di blocco),"residuo fra il campione precedente e questo, una volta tolti i movimenti noti: e' la fee pagata (segno -) o incassata (segno +) nell'intervallo, non attribuibile a una singola transazione",95.808,,1
run3-tbt-5s/regionale,regionale,5,181,16,c1,1SQMyZsYBPsB6Z3JdtVvK5Z4nzaQ7kisunM2wk,fee,-0.2238,rete (fee di blocco),"residuo fra il campione precedente e questo, una volta tolti i movimenti noti: e' la fee pagata (segno -) o incassata (segno +) nell'intervallo, non attribuibile a una singola transazione",95.5842,,1
run3-tbt-5s/regionale,regionale,5,186,16,c1,1SQMyZsYBPsB6Z3JdtVvK5Z4nzaQ7kisunM2wk,fee,-0.2238,rete (fee di blocco),"residuo fra il campione precedente e questo, una volta tolti i movimenti noti: e' la fee pagata (segno -) o incassata (segno +) nell'intervallo, non attribuibile a una singola transazione",95.3604,,1
run3-tbt-5s/regionale,regionale,5,191,16,c1,1SQMyZsYBPsB6Z3JdtVvK5Z4nzaQ7kisunM2wk,fee,-0.1678,rete (fee di blocco),"residuo fra il campione precedente e questo, una volta tolti i movimenti noti: e' la fee pagata (segno -) o incassata (segno +) nell'intervallo, non attribuibile a una singola transazione",95.1926,,1
run3-tbt-5s/regionale,regionale,5,196,17,c1,1SQMyZsYBPsB6Z3JdtVvK5Z4nzaQ7kisunM2wk,fee,-0.2236,rete (fee di blocco),"residuo fra il campione precedente e questo, una volta tolti i movimenti noti: e' la fee pagata (segno -) o incassata (segno +) nell'intervallo, non attribuibile a una singola transazione",94.969,,1
run3-tbt-5s/regionale,regionale,5,202,17,c1,1SQMyZsYBPsB6Z3JdtVvK5Z4nzaQ7kisunM2wk,fee,-0.224,rete (fee di blocco),"residuo fra il campione precedente e questo, una volta tolti i movimenti noti: e' la fee pagata (segno -) o incassata (segno +) nell'intervallo, non attribuibile a una singola transazione",94.745,,1
run3-tbt-5s/regionale,regionale,5,207,18,c1,1SQMyZsYBPsB6Z3JdtVvK5Z4nzaQ7kisunM2wk,fee,-0.2238,rete (fee di blocco),"residuo fra il campione precedente e questo, una volta tolti i movimenti noti: e' la fee pagata (segno -) o incassata (segno +) nell'intervallo, non attribuibile a una singola transazione",94.5212,,1
run3-tbt-5s/regionale,regionale,5,212,18,c1,1SQMyZsYBPsB6Z3JdtVvK5Z4nzaQ7kisunM2wk,fee,-0.1676,rete (fee di blocco),"residuo fra il campione precedente e questo, una volta tolti i movimenti noti: e' la fee pagata (segno -) o incassata (segno +) nell'intervallo, non attribuibile a una singola transazione",94.3536,,1
run3-tbt-5s/regionale,regionale,5,218,19,c1,1SQMyZsYBPsB6Z3JdtVvK5Z4nzaQ7kisunM2wk,fee,-0.2246,rete (fee di blocco),"residuo fra il campione precedente e questo, una volta tolti i movimenti noti: e' la fee pagata (segno -) o incassata (segno +) nell'intervallo, non attribuibile a una singola transazione",94.129,,1
run3-tbt-5s/regionale,regionale,5,224,19,c1,1SQMyZsYBPsB6Z3JdtVvK5Z4nzaQ7kisunM2wk,fee,-0.2246,rete (fee di blocco),"residuo fra il campione precedente e questo, una volta tolti i movimenti noti: e' la fee pagata (segno -) o incassata (segno +) nell'intervallo, non attribuibile a una singola transazione",93.9044,,1
run3-tbt-5s/regionale,regionale,5,230,20,c1,1SQMyZsYBPsB6Z3JdtVvK5Z4nzaQ7kisunM2wk,fee,-0.2246,rete (fee di blocco),"residuo fra il campione precedente e questo, una volta tolti i movimenti noti: e' la fee pagata (segno -) o incassata (segno +) nell'intervallo, non attribuibile a una singola transazione",93.6798,,1
run3-tbt-5s/regionale,regionale,5,236,20,c1,1SQMyZsYBPsB6Z3JdtVvK5Z4nzaQ7kisunM2wk,fee,-0.1682,rete (fee di blocco),"residuo fra il campione precedente e questo, una volta tolti i movimenti noti: e' la fee pagata (segno -) o incassata (segno +) nell'intervallo, non attribuibile a una singola transazione",93.5116,,1
run3-tbt-5s/regionale,regionale,5,242,21,c1,1SQMyZsYBPsB6Z3JdtVvK5Z4nzaQ7kisunM2wk,fee,-0.2246,rete (fee di blocco),"residuo fra il campione precedente e questo, una volta tolti i movimenti noti: e' la fee pagata (segno -) o incassata (segno +) nell'intervallo, non attribuibile a una singola transazione",93.287,,1
run3-tbt-5s/regionale,regionale,5,246,21,c1,1SQMyZsYBPsB6Z3JdtVvK5Z4nzaQ7kisunM2wk,fee,-0.2246,rete (fee di blocco),"residuo fra il campione precedente e questo, una volta tolti i movimenti noti: e' la fee pagata (segno -) o incassata (segno +) nell'intervallo, non attribuibile a una singola transazione",93.0624,,1
run3-tbt-5s/regionale,regionale,5,251,21,c1,1SQMyZsYBPsB6Z3JdtVvK5Z4nzaQ7kisunM2wk,fee,-0.2248,rete (fee di blocco),"residuo fra il campione precedente e questo, una volta tolti i movimenti noti: e' la fee pagata (segno -) o incassata (segno +) nell'intervallo, non attribuibile a una singola transazione",92.8376,,1
run3-tbt-5s/regionale,regionale,5,255,22,c1,1SQMyZsYBPsB6Z3JdtVvK5Z4nzaQ7kisunM2wk,fee,-0.1686,rete (fee di blocco),"residuo fra il campione precedente e questo, una volta tolti i movimenti noti: e' la fee pagata (segno -) o incassata (segno +) nell'intervallo, non attribuibile a una singola transazione",92.669,,1
run3-tbt-5s/regionale,regionale,5,260,22,c1,1SQMyZsYBPsB6Z3JdtVvK5Z4nzaQ7kisunM2wk,fee,-0.2244,rete (fee di blocco),"residuo fra il campione precedente e questo, una volta tolti i movimenti noti: e' la fee pagata (segno -) o incassata (segno +) nell'intervallo, non attribuibile a una singola transazione",92.4446,,1
run3-tbt-5s/regionale,regionale,5,266,23,c1,1SQMyZsYBPsB6Z3JdtVvK5Z4nzaQ7kisunM2wk,fee,-0.2246,rete (fee di blocco),"residuo fra il campione precedente e questo, una volta tolti i movimenti noti: e' la fee pagata (segno -) o incassata (segno +) nell'intervallo, non attribuibile a una singola transazione",92.22,,1
run3-tbt-5s/regionale,regionale,5,270,23,c1,1SQMyZsYBPsB6Z3JdtVvK5Z4nzaQ7kisunM2wk,fee,-0.2246,rete (fee di blocco),"residuo fra il campione precedente e questo, una volta tolti i movimenti noti: e' la fee pagata (segno -) o incassata (segno +) nell'intervallo, non attribuibile a una singola transazione",91.9954,,1
run3-tbt-5s/regionale,regionale,5,275,23,c1,1SQMyZsYBPsB6Z3JdtVvK5Z4nzaQ7kisunM2wk,fee,-0.2246,rete (fee di blocco),"residuo fra il campione precedente e questo, una volta tolti i movimenti noti: e' la fee pagata (segno -) o incassata (segno +) nell'intervallo, non attribuibile a una singola transazione",91.7708,,1
run3-tbt-5s/regionale,regionale,5,281,24,c1,1SQMyZsYBPsB6Z3JdtVvK5Z4nzaQ7kisunM2wk,fee,-0.1684,rete (fee di blocco),"residuo fra il campione precedente e questo, una volta tolti i movimenti noti: e' la fee pagata (segno -) o incassata (segno +) nell'intervallo, non attribuibile a una singola transazione",91.6024,,1
run3-tbt-5s/regionale,regionale,5,287,24,c1,1SQMyZsYBPsB6Z3JdtVvK5Z4nzaQ7kisunM2wk,fee,-0.2242,rete (fee di blocco),"residuo fra il campione precedente e questo, una volta tolti i movimenti noti: e' la fee pagata (segno -) o incassata (segno +) nell'intervallo, non attribuibile a una singola transazione",91.3782,,1
run3-tbt-5s/regionale,regionale,5,292,25,c1,1SQMyZsYBPsB6Z3JdtVvK5Z4nzaQ7kisunM2wk,fee,-0.2248,rete (fee di blocco),"residuo fra il campione precedente e questo, una volta tolti i movimenti noti: e' la fee pagata (segno -) o incassata (segno +) nell'intervallo, non attribuibile a una singola transazione",91.1534,,1
run3-tbt-5s/regionale,regionale,5,298,25,c1,1SQMyZsYBPsB6Z3JdtVvK5Z4nzaQ7kisunM2wk,fee,-0.2244,rete (fee di blocco),"residuo fra il campione precedente e questo, una volta tolti i movimenti noti: e' la fee pagata (segno -) o incassata (segno +) nell'intervallo, non attribuibile a una singola transazione",90.929,,1
run3-tbt-5s/regionale,regionale,5,303,26,c1,1SQMyZsYBPsB6Z3JdtVvK5Z4nzaQ7kisunM2wk,fee,-0.1686,rete (fee di blocco),"residuo fra il campione precedente e questo, una volta tolti i movimenti noti: e' la fee pagata (segno -) o incassata (segno +) nell'intervallo, non attribuibile a una singola transazione",90.7604,,1
run3-tbt-5s/regionale,regionale,5,308,26,c1,1SQMyZsYBPsB6Z3JdtVvK5Z4nzaQ7kisunM2wk,fee,-0.2246,rete (fee di blocco),"residuo fra il campione precedente e questo, una volta tolti i movimenti noti: e' la fee pagata (segno -) o incassata (segno +) nell'intervallo, non attribuibile a una singola transazione",90.5358,,1
run3-tbt-5s/regionale,regionale,5,313,27,c1,1SQMyZsYBPsB6Z3JdtVvK5Z4nzaQ7kisunM2wk,fee,-0.2246,rete (fee di blocco),"residuo fra il campione precedente e questo, una volta tolti i movimenti noti: e' la fee pagata (segno -) o incassata (segno +) nell'intervallo, non attribuibile a una singola transazione",90.3112,,1
run3-tbt-5s/regionale,regionale,5,318,27,c1,1SQMyZsYBPsB6Z3JdtVvK5Z4nzaQ7kisunM2wk,fee,-0.2244,rete (fee di blocco),"residuo fra il campione precedente e questo, una volta tolti i movimenti noti: e' la fee pagata (segno -) o incassata (segno +) nell'intervallo, non attribuibile a una singola transazione",90.0868,,1
run3-tbt-5s/regionale,regionale,5,323,27,c1,1SQMyZsYBPsB6Z3JdtVvK5Z4nzaQ7kisunM2wk,fee,-0.1686,rete (fee di blocco),"residuo fra il campione precedente e questo, una volta tolti i movimenti noti: e' la fee pagata (segno -) o incassata (segno +) nell'intervallo, non attribuibile a una singola transazione",89.9182,,1
run3-tbt-5s/regionale,regionale,5,329,28,c1,1SQMyZsYBPsB6Z3JdtVvK5Z4nzaQ7kisunM2wk,fee,-0.2246,rete (fee di blocco),"residuo fra il campione precedente e questo, una volta tolti i movimenti noti: e' la fee pagata (segno -) o incassata (segno +) nell'intervallo, non attribuibile a una singola transazione",89.6936,,1
run3-tbt-5s/regionale,regionale,5,333,28,c1,1SQMyZsYBPsB6Z3JdtVvK5Z4nzaQ7kisunM2wk,fee,-0.2246,rete (fee di blocco),"residuo fra il campione precedente e questo, una volta tolti i movimenti noti: e' la fee pagata (segno -) o incassata (segno +) nell'intervallo, non attribuibile a una singola transazione",89.469,,1
run3-tbt-5s/regionale,regionale,5,339,29,c1,1SQMyZsYBPsB6Z3JdtVvK5Z4nzaQ7kisunM2wk,fee,-0.2246,rete (fee di blocco),"residuo fra il campione precedente e questo, una volta tolti i movimenti noti: e' la fee pagata (segno -) o incassata (segno +) nell'intervallo, non attribuibile a una singola transazione",89.2444,,1
run3-tbt-5s/regionale,regionale,5,344,29,c1,1SQMyZsYBPsB6Z3JdtVvK5Z4nzaQ7kisunM2wk,fee,-0.1686,rete (fee di blocco),"residuo fra il campione precedente e questo, una volta tolti i movimenti noti: e' la fee pagata (segno -) o incassata (segno +) nell'intervallo, non attribuibile a una singola transazione",89.0758,,1
run3-tbt-5s/regionale,regionale,5,349,30,c1,1SQMyZsYBPsB6Z3JdtVvK5Z4nzaQ7kisunM2wk,fee,-0.2248,rete (fee di blocco),"residuo fra il campione precedente e questo, una volta tolti i movimenti noti: e' la fee pagata (segno -) o incassata (segno +) nell'intervallo, non attribuibile a una singola transazione",88.851,,1
run3-tbt-5s/regionale,regionale,5,354,30,c1,1SQMyZsYBPsB6Z3JdtVvK5Z4nzaQ7kisunM2wk,fee,-0.2242,rete (fee di blocco),"residuo fra il campione precedente e questo, una volta tolti i movimenti noti: e' la fee pagata (segno -) o incassata (segno +) nell'intervallo, non attribuibile a una singola transazione",88.6268,,1
run3-tbt-5s/regionale,regionale,5,359,30,c1,1SQMyZsYBPsB6Z3JdtVvK5Z4nzaQ7kisunM2wk,fee,-0.2246,rete (fee di blocco),"residuo fra il campione precedente e questo, una volta tolti i movimenti noti: e' la fee pagata (segno -) o incassata (segno +) nell'intervallo, non attribuibile a una singola transazione",88.4022,,1
run3-tbt-5s/regionale,regionale,5,365,31,c1,1SQMyZsYBPsB6Z3JdtVvK5Z4nzaQ7kisunM2wk,fee,-0.2246,rete (fee di blocco),"residuo fra il campione precedente e questo, una volta tolti i movimenti noti: e' la fee pagata (segno -) o incassata (segno +) nell'intervallo, non attribuibile a una singola transazione",88.1776,,1
run3-tbt-5s/regionale,regionale,5,369,31,c1,1SQMyZsYBPsB6Z3JdtVvK5Z4nzaQ7kisunM2wk,fee,-0.1684,rete (fee di blocco),"residuo fra il campione precedente e questo, una volta tolti i movimenti noti: e' la fee pagata (segno -) o incassata (segno +) nell'intervallo, non attribuibile a una singola transazione",88.0092,,1
run3-tbt-5s/regionale,regionale,5,374,32,c1,1SQMyZsYBPsB6Z3JdtVvK5Z4nzaQ7kisunM2wk,fee,-0.2242,rete (fee di blocco),"residuo fra il campione precedente e questo, una volta tolti i movimenti noti: e' la fee pagata (segno -) o incassata (segno +) nell'intervallo, non attribuibile a una singola transazione",87.785,,1
run3-tbt-5s/regionale,regionale,5,379,32,c1,1SQMyZsYBPsB6Z3JdtVvK5Z4nzaQ7kisunM2wk,fee,-0.2246,rete (fee di blocco),"residuo fra il campione precedente e questo, una volta tolti i movimenti noti: e' la fee pagata (segno -) o incassata (segno +) nell'intervallo, non attribuibile a una singola transazione",87.5604,,1
run3-tbt-5s/regionale,regionale,5,384,33,c1,1SQMyZsYBPsB6Z3JdtVvK5Z4nzaQ7kisunM2wk,fee,-0.2244,rete (fee di blocco),"residuo fra il campione precedente e questo, una volta tolti i movimenti noti: e' la fee pagata (segno -) o incassata (segno +) nell'intervallo, non attribuibile a una singola transazione",87.336,,1
run3-tbt-5s/regionale,regionale,5,389,33,c1,1SQMyZsYBPsB6Z3JdtVvK5Z4nzaQ7kisunM2wk,fee,-0.1682,rete (fee di blocco),"residuo fra il campione precedente e questo, una volta tolti i movimenti noti: e' la fee pagata (segno -) o incassata (segno +) nell'intervallo, non attribuibile a una singola transazione",87.1678,,1
run3-tbt-5s/regionale,regionale,5,394,33,c1,1SQMyZsYBPsB6Z3JdtVvK5Z4nzaQ7kisunM2wk,fee,-0.2248,rete (fee di blocco),"residuo fra il campione precedente e questo, una volta tolti i movimenti noti: e' la fee pagata (segno -) o incassata (segno +) nell'intervallo, non attribuibile a una singola transazione",86.943,,1
run3-tbt-5s/regionale,regionale,5,400,34,c1,1SQMyZsYBPsB6Z3JdtVvK5Z4nzaQ7kisunM2wk,fee,-0.2248,rete (fee di blocco),"residuo fra il campione precedente e questo, una volta tolti i movimenti noti: e' la fee pagata (segno -) o incassata (segno +) nell'intervallo, non attribuibile a una singola transazione",86.7182,,1
run3-tbt-5s/regionale,regionale,5,404,34,c1,1SQMyZsYBPsB6Z3JdtVvK5Z4nzaQ7kisunM2wk,fee,-0.2244,rete (fee di blocco),"residuo fra il campione precedente e questo, una volta tolti i movimenti noti: e' la fee pagata (segno -) o incassata (segno +) nell'intervallo, non attribuibile a una singola transazione",86.4938,,1
run3-tbt-5s/regionale,regionale,5,409,35,c1,1SQMyZsYBPsB6Z3JdtVvK5Z4nzaQ7kisunM2wk,fee,-0.1682,rete (fee di blocco),"residuo fra il campione precedente e questo, una volta tolti i movimenti noti: e' la fee pagata (segno -) o incassata (segno +) nell'intervallo, non attribuibile a una singola transazione",86.3256,,1
run3-tbt-5s/regionale,regionale,5,414,35,c1,1SQMyZsYBPsB6Z3JdtVvK5Z4nzaQ7kisunM2wk,fee,-0.2246,rete (fee di blocco),"residuo fra il campione precedente e questo, una volta tolti i movimenti noti: e' la fee pagata (segno -) o incassata (segno +) nell'intervallo, non attribuibile a una singola transazione",86.101,,1
run3-tbt-5s/regionale,regionale,5,416,35,c1,1SQMyZsYBPsB6Z3JdtVvK5Z4nzaQ7kisunM2wk,fee,0.7298,rete (fee di blocco),"residuo fino al saldo di fine run letto da node_state.csv: per l'admin e' l'unica misura disponibile, gas_balances.csv non lo campiona",85.9886,,1
run3-tbt-5s/regionale,regionale,5,420,36,c1,1SQMyZsYBPsB6Z3JdtVvK5Z4nzaQ7kisunM2wk,fee,-0.2248,rete (fee di blocco),"residuo fra il campione precedente e questo, una volta tolti i movimenti noti: e' la fee pagata (segno -) o incassata (segno +) nell'intervallo, non attribuibile a una singola transazione",85.8762,,1
run3-tbt-5s/regionale,regionale,5,425,36,c1,1SQMyZsYBPsB6Z3JdtVvK5Z4nzaQ7kisunM2wk,fee,-0.2246,rete (fee di blocco),"residuo fra il campione precedente e questo, una volta tolti i movimenti noti: e' la fee pagata (segno -) o incassata (segno +) nell'intervallo, non attribuibile a una singola transazione",85.6516,,1
run3-tbt-5s/regionale,regionale,5,431,36,c1,1SQMyZsYBPsB6Z3JdtVvK5Z4nzaQ7kisunM2wk,fee,-0.1684,rete (fee di blocco),"residuo fra il campione precedente e questo, una volta tolti i movimenti noti: e' la fee pagata (segno -) o incassata (segno +) nell'intervallo, non attribuibile a una singola transazione",85.4832,,1
run3-tbt-5s/regionale,regionale,5,436,37,c1,1SQMyZsYBPsB6Z3JdtVvK5Z4nzaQ7kisunM2wk,fee,-0.2244,rete (fee di blocco),"residuo fra il campione precedente e questo, una volta tolti i movimenti noti: e' la fee pagata (segno -) o incassata (segno +) nell'intervallo, non attribuibile a una singola transazione",85.2588,,1
run3-tbt-5s/regionale,regionale,5,11,1,c2,1A4CrFTvpKkWiGKyfcWKP3P5Ds6KMtYA11iE14,init,100.0,admin,dotazione iniziale,100.0,,1
run3-tbt-5s/regionale,regionale,5,67,6,c2,1A4CrFTvpKkWiGKyfcWKP3P5Ds6KMtYA11iE14,fee,-0.1958,rete (fee di blocco),"residuo fra il campione precedente e questo, una volta tolti i movimenti noti: e' la fee pagata (segno -) o incassata (segno +) nell'intervallo, non attribuibile a una singola transazione",99.8042,,1
run3-tbt-5s/regionale,regionale,5,73,7,c2,1A4CrFTvpKkWiGKyfcWKP3P5Ds6KMtYA11iE14,fee,-0.1406,rete (fee di blocco),"residuo fra il campione precedente e questo, una volta tolti i movimenti noti: e' la fee pagata (segno -) o incassata (segno +) nell'intervallo, non attribuibile a una singola transazione",99.6636,,1
run3-tbt-5s/regionale,regionale,5,78,7,c2,1A4CrFTvpKkWiGKyfcWKP3P5Ds6KMtYA11iE14,fee,-0.1668,rete (fee di blocco),"residuo fra il campione precedente e questo, una volta tolti i movimenti noti: e' la fee pagata (segno -) o incassata (segno +) nell'intervallo, non attribuibile a una singola transazione",99.4968,,1
run3-tbt-5s/regionale,regionale,5,85,8,c2,1A4CrFTvpKkWiGKyfcWKP3P5Ds6KMtYA11iE14,fee,-0.1112,rete (fee di blocco),"residuo fra il campione precedente e questo, una volta tolti i movimenti noti: e' la fee pagata (segno -) o incassata (segno +) nell'intervallo, non attribuibile a una singola transazione",99.3856,,1
run3-tbt-5s/regionale,regionale,5,91,8,c2,1A4CrFTvpKkWiGKyfcWKP3P5Ds6KMtYA11iE14,fee,-0.1672,rete (fee di blocco),"residuo fra il campione precedente e questo, una volta tolti i movimenti noti: e' la fee pagata (segno -) o incassata (segno +) nell'intervallo, non attribuibile a una singola transazione",99.2184,,1
run3-tbt-5s/regionale,regionale,5,97,9,c2,1A4CrFTvpKkWiGKyfcWKP3P5Ds6KMtYA11iE14,fee,-0.1114,rete (fee di blocco),"residuo fra il campione precedente e questo, una volta tolti i movimenti noti: e' la fee pagata (segno -) o incassata (segno +) nell'intervallo, non attribuibile a una singola transazione",99.107,,1
run3-tbt-5s/regionale,regionale,5,103,9,c2,1A4CrFTvpKkWiGKyfcWKP3P5Ds6KMtYA11iE14,fee,-0.1674,rete (fee di blocco),"residuo fra il campione precedente e questo, una volta tolti i movimenti noti: e' la fee pagata (segno -) o incassata (segno +) nell'intervallo, non attribuibile a una singola transazione",98.9396,,1
run3-tbt-5s/regionale,regionale,5,109,10,c2,1A4CrFTvpKkWiGKyfcWKP3P5Ds6KMtYA11iE14,fee,-0.112,rete (fee di blocco),"residuo fra il campione precedente e questo, una volta tolti i movimenti noti: e' la fee pagata (segno -) o incassata (segno +) nell'intervallo, non attribuibile a una singola transazione",98.8276,,1
run3-tbt-5s/regionale,regionale,5,114,10,c2,1A4CrFTvpKkWiGKyfcWKP3P5Ds6KMtYA11iE14,fee,-0.1678,rete (fee di blocco),"residuo fra il campione precedente e questo, una volta tolti i movimenti noti: e' la fee pagata (segno -) o incassata (segno +) nell'intervallo, non attribuibile a una singola transazione",98.6598,,1
run3-tbt-5s/regionale,regionale,5,119,10,c2,1A4CrFTvpKkWiGKyfcWKP3P5Ds6KMtYA11iE14,fee,-0.112,rete (fee di blocco),"residuo fra il campione precedente e questo, una volta tolti i movimenti noti: e' la fee pagata (segno -) o incassata (segno +) nell'intervallo, non attribuibile a una singola transazione",98.5478,,1
run3-tbt-5s/regionale,regionale,5,124,11,c2,1A4CrFTvpKkWiGKyfcWKP3P5Ds6KMtYA11iE14,fee,-0.1678,rete (fee di blocco),"residuo fra il campione precedente e questo, una volta tolti i movimenti noti: e' la fee pagata (segno -) o incassata (segno +) nell'intervallo, non attribuibile a una singola transazione",98.38,,1
run3-tbt-5s/regionale,regionale,5,131,11,c2,1A4CrFTvpKkWiGKyfcWKP3P5Ds6KMtYA11iE14,fee,-0.1118,rete (fee di blocco),"residuo fra il campione precedente e questo, una volta tolti i movimenti noti: e' la fee pagata (segno -) o incassata (segno +) nell'intervallo, non attribuibile a una singola transazione",98.2682,,1
run3-tbt-5s/regionale,regionale,5,137,12,c2,1A4CrFTvpKkWiGKyfcWKP3P5Ds6KMtYA11iE14,fee,-0.168,rete (fee di blocco),"residuo fra il campione precedente e questo, una volta tolti i movimenti noti: e' la fee pagata (segno -) o incassata (segno +) nell'intervallo, non attribuibile a una singola transazione",98.1002,,1
run3-tbt-5s/regionale,regionale,5,143,12,c2,1A4CrFTvpKkWiGKyfcWKP3P5Ds6KMtYA11iE14,fee,-0.1118,rete (fee di blocco),"residuo fra il campione precedente e questo, una volta tolti i movimenti noti: e' la fee pagata (segno -) o incassata (segno +) nell'intervallo, non attribuibile a una singola transazione",97.9884,,1
run3-tbt-5s/regionale,regionale,5,149,13,c2,1A4CrFTvpKkWiGKyfcWKP3P5Ds6KMtYA11iE14,fee,-0.168,rete (fee di blocco),"residuo fra il campione precedente e questo, una volta tolti i movimenti noti: e' la fee pagata (segno -) o incassata (segno +) nell'intervallo, non attribuibile a una singola transazione",97.8204,,1
run3-tbt-5s/regionale,regionale,5,153,13,c2,1A4CrFTvpKkWiGKyfcWKP3P5Ds6KMtYA11iE14,fee,-0.1116,rete (fee di blocco),"residuo fra il campione precedente e questo, una volta tolti i movimenti noti: e' la fee pagata (segno -) o incassata (segno +) nell'intervallo, non attribuibile a una singola transazione",97.7088,,1
run3-tbt-5s/regionale,regionale,5,159,14,c2,1A4CrFTvpKkWiGKyfcWKP3P5Ds6KMtYA11iE14,fee,-0.168,rete (fee di blocco),"residuo fra il campione precedente e questo, una volta tolti i movimenti noti: e' la fee pagata (segno -) o incassata (segno +) nell'intervallo, non attribuibile a una singola transazione",97.5408,,1
run3-tbt-5s/regionale,regionale,5,164,14,c2,1A4CrFTvpKkWiGKyfcWKP3P5Ds6KMtYA11iE14,fee,-0.1118,rete (fee di blocco),"residuo fra il campione precedente e questo, una volta tolti i movimenti noti: e' la fee pagata (segno -) o incassata (segno +) nell'intervallo, non attribuibile a una singola transazione",97.429,,1
run3-tbt-5s/regionale,regionale,5,169,15,c2,1A4CrFTvpKkWiGKyfcWKP3P5Ds6KMtYA11iE14,fee,-0.1678,rete (fee di blocco),"residuo fra il campione precedente e questo, una volta tolti i movimenti noti: e' la fee pagata (segno -) o incassata (segno +) nell'intervallo, non attribuibile a una singola transazione",97.2612,,1
run3-tbt-5s/regionale,regionale,5,174,15,c2,1A4CrFTvpKkWiGKyfcWKP3P5Ds6KMtYA11iE14,fee,-0.112,rete (fee di blocco),"residuo fra il campione precedente e questo, una volta tolti i movimenti noti: e' la fee pagata (segno -) o incassata (segno +) nell'intervallo, non attribuibile a una singola transazione",97.1492,,1
run3-tbt-5s/regionale,regionale,5,181,16,c2,1A4CrFTvpKkWiGKyfcWKP3P5Ds6KMtYA11iE14,fee,-0.168,rete (fee di blocco),"residuo fra il campione precedente e questo, una volta tolti i movimenti noti: e' la fee pagata (segno -) o incassata (segno +) nell'intervallo, non attribuibile a una singola transazione",96.9812,,1
run3-tbt-5s/regionale,regionale,5,186,16,c2,1A4CrFTvpKkWiGKyfcWKP3P5Ds6KMtYA11iE14,fee,-0.112,rete (fee di blocco),"residuo fra il campione precedente e questo, una volta tolti i movimenti noti: e' la fee pagata (segno -) o incassata (segno +) nell'intervallo, non attribuibile a una singola transazione",96.8692,,1
run3-tbt-5s/regionale,regionale,5,191,16,c2,1A4CrFTvpKkWiGKyfcWKP3P5Ds6KMtYA11iE14,fee,-0.1678,rete (fee di blocco),"residuo fra il campione precedente e questo, una volta tolti i movimenti noti: e' la fee pagata (segno -) o incassata (segno +) nell'intervallo, non attribuibile a una singola transazione",96.7014,,1
run3-tbt-5s/regionale,regionale,5,196,17,c2,1A4CrFTvpKkWiGKyfcWKP3P5Ds6KMtYA11iE14,fee,-0.1118,rete (fee di blocco),"residuo fra il campione precedente e questo, una volta tolti i movimenti noti: e' la fee pagata (segno -) o incassata (segno +) nell'intervallo, non attribuibile a una singola transazione",96.5896,,1
run3-tbt-5s/regionale,regionale,5,202,17,c2,1A4CrFTvpKkWiGKyfcWKP3P5Ds6KMtYA11iE14,fee,-0.168,rete (fee di blocco),"residuo fra il campione precedente e questo, una volta tolti i movimenti noti: e' la fee pagata (segno -) o incassata (segno +) nell'intervallo, non attribuibile a una singola transazione",96.4216,,1
run3-tbt-5s/regionale,regionale,5,207,18,c2,1A4CrFTvpKkWiGKyfcWKP3P5Ds6KMtYA11iE14,fee,-0.112,rete (fee di blocco),"residuo fra il campione precedente e questo, una volta tolti i movimenti noti: e' la fee pagata (segno -) o incassata (segno +) nell'intervallo, non attribuibile a una singola transazione",96.3096,,1
run3-tbt-5s/regionale,regionale,5,212,18,c2,1A4CrFTvpKkWiGKyfcWKP3P5Ds6KMtYA11iE14,fee,-0.168,rete (fee di blocco),"residuo fra il campione precedente e questo, una volta tolti i movimenti noti: e' la fee pagata (segno -) o incassata (segno +) nell'intervallo, non attribuibile a una singola transazione",96.1416,,1
run3-tbt-5s/regionale,regionale,5,218,19,c2,1A4CrFTvpKkWiGKyfcWKP3P5Ds6KMtYA11iE14,fee,-0.1118,rete (fee di blocco),"residuo fra il campione precedente e questo, una volta tolti i movimenti noti: e' la fee pagata (segno -) o incassata (segno +) nell'intervallo, non attribuibile a una singola transazione",96.0298,,1
run3-tbt-5s/regionale,regionale,5,224,19,c2,1A4CrFTvpKkWiGKyfcWKP3P5Ds6KMtYA11iE14,fee,-0.1678,rete (fee di blocco),"residuo fra il campione precedente e questo, una volta tolti i movimenti noti: e' la fee pagata (segno -) o incassata (segno +) nell'intervallo, non attribuibile a una singola transazione",95.862,,1
run3-tbt-5s/regionale,regionale,5,230,20,c2,1A4CrFTvpKkWiGKyfcWKP3P5Ds6KMtYA11iE14,fee,-0.112,rete (fee di blocco),"residuo fra il campione precedente e questo, una volta tolti i movimenti noti: e' la fee pagata (segno -) o incassata (segno +) nell'intervallo, non attribuibile a una singola transazione",95.75,,1
run3-tbt-5s/regionale,regionale,5,236,20,c2,1A4CrFTvpKkWiGKyfcWKP3P5Ds6KMtYA11iE14,fee,-0.1676,rete (fee di blocco),"residuo fra il campione precedente e questo, una volta tolti i movimenti noti: e' la fee pagata (segno -) o incassata (segno +) nell'intervallo, non attribuibile a una singola transazione",95.5824,,1
run3-tbt-5s/regionale,regionale,5,242,21,c2,1A4CrFTvpKkWiGKyfcWKP3P5Ds6KMtYA11iE14,fee,-0.112,rete (fee di blocco),"residuo fra il campione precedente e questo, una volta tolti i movimenti noti: e' la fee pagata (segno -) o incassata (segno +) nell'intervallo, non attribuibile a una singola transazione",95.4704,,1
run3-tbt-5s/regionale,regionale,5,246,21,c2,1A4CrFTvpKkWiGKyfcWKP3P5Ds6KMtYA11iE14,fee,-0.1678,rete (fee di blocco),"residuo fra il campione precedente e questo, una volta tolti i movimenti noti: e' la fee pagata (segno -) o incassata (segno +) nell'intervallo, non attribuibile a una singola transazione",95.3026,,1
run3-tbt-5s/regionale,regionale,5,251,21,c2,1A4CrFTvpKkWiGKyfcWKP3P5Ds6KMtYA11iE14,fee,-0.1118,rete (fee di blocco),"residuo fra il campione precedente e questo, una volta tolti i movimenti noti: e' la fee pagata (segno -) o incassata (segno +) nell'intervallo, non attribuibile a una singola transazione",95.1908,,1
run3-tbt-5s/regionale,regionale,5,255,22,c2,1A4CrFTvpKkWiGKyfcWKP3P5Ds6KMtYA11iE14,fee,-0.1678,rete (fee di blocco),"residuo fra il campione precedente e questo, una volta tolti i movimenti noti: e' la fee pagata (segno -) o incassata (segno +) nell'intervallo, non attribuibile a una singola transazione",95.023,,1
run3-tbt-5s/regionale,regionale,5,260,22,c2,1A4CrFTvpKkWiGKyfcWKP3P5Ds6KMtYA11iE14,fee,-0.112,rete (fee di blocco),"residuo fra il campione precedente e questo, una volta tolti i movimenti noti: e' la fee pagata (segno -) o incassata (segno +) nell'intervallo, non attribuibile a una singola transazione",94.911,,1
run3-tbt-5s/regionale,regionale,5,266,23,c2,1A4CrFTvpKkWiGKyfcWKP3P5Ds6KMtYA11iE14,fee,-0.1678,rete (fee di blocco),"residuo fra il campione precedente e questo, una volta tolti i movimenti noti: e' la fee pagata (segno -) o incassata (segno +) nell'intervallo, non attribuibile a una singola transazione",94.7432,,1
run3-tbt-5s/regionale,regionale,5,270,23,c2,1A4CrFTvpKkWiGKyfcWKP3P5Ds6KMtYA11iE14,fee,-0.112,rete (fee di blocco),"residuo fra il campione precedente e questo, una volta tolti i movimenti noti: e' la fee pagata (segno -) o incassata (segno +) nell'intervallo, non attribuibile a una singola transazione",94.6312,,1
run3-tbt-5s/regionale,regionale,5,275,23,c2,1A4CrFTvpKkWiGKyfcWKP3P5Ds6KMtYA11iE14,fee,-0.1678,rete (fee di blocco),"residuo fra il campione precedente e questo, una volta tolti i movimenti noti: e' la fee pagata (segno -) o incassata (segno +) nell'intervallo, non attribuibile a una singola transazione",94.4634,,1
run3-tbt-5s/regionale,regionale,5,281,24,c2,1A4CrFTvpKkWiGKyfcWKP3P5Ds6KMtYA11iE14,fee,-0.112,rete (fee di blocco),"residuo fra il campione precedente e questo, una volta tolti i movimenti noti: e' la fee pagata (segno -) o incassata (segno +) nell'intervallo, non attribuibile a una singola transazione",94.3514,,1
run3-tbt-5s/regionale,regionale,5,287,24,c2,1A4CrFTvpKkWiGKyfcWKP3P5Ds6KMtYA11iE14,fee,-0.1682,rete (fee di blocco),"residuo fra il campione precedente e questo, una volta tolti i movimenti noti: e' la fee pagata (segno -) o incassata (segno +) nell'intervallo, non attribuibile a una singola transazione",94.1832,,1
run3-tbt-5s/regionale,regionale,5,292,25,c2,1A4CrFTvpKkWiGKyfcWKP3P5Ds6KMtYA11iE14,fee,-0.1124,rete (fee di blocco),"residuo fra il campione precedente e questo, una volta tolti i movimenti noti: e' la fee pagata (segno -) o incassata (segno +) nell'intervallo, non attribuibile a una singola transazione",94.0708,,1
run3-tbt-5s/regionale,regionale,5,298,25,c2,1A4CrFTvpKkWiGKyfcWKP3P5Ds6KMtYA11iE14,fee,-0.1684,rete (fee di blocco),"residuo fra il campione precedente e questo, una volta tolti i movimenti noti: e' la fee pagata (segno -) o incassata (segno +) nell'intervallo, non attribuibile a una singola transazione",93.9024,,1
run3-tbt-5s/regionale,regionale,5,303,26,c2,1A4CrFTvpKkWiGKyfcWKP3P5Ds6KMtYA11iE14,fee,-0.1124,rete (fee di blocco),"residuo fra il campione precedente e questo, una volta tolti i movimenti noti: e' la fee pagata (segno -) o incassata (segno +) nell'intervallo, non attribuibile a una singola transazione",93.79,,1
run3-tbt-5s/regionale,regionale,5,308,26,c2,1A4CrFTvpKkWiGKyfcWKP3P5Ds6KMtYA11iE14,fee,-0.1684,rete (fee di blocco),"residuo fra il campione precedente e questo, una volta tolti i movimenti noti: e' la fee pagata (segno -) o incassata (segno +) nell'intervallo, non attribuibile a una singola transazione",93.6216,,1
run3-tbt-5s/regionale,regionale,5,313,27,c2,1A4CrFTvpKkWiGKyfcWKP3P5Ds6KMtYA11iE14,fee,-0.1124,rete (fee di blocco),"residuo fra il campione precedente e questo, una volta tolti i movimenti noti: e' la fee pagata (segno -) o incassata (segno +) nell'intervallo, non attribuibile a una singola transazione",93.5092,,1
run3-tbt-5s/regionale,regionale,5,318,27,c2,1A4CrFTvpKkWiGKyfcWKP3P5Ds6KMtYA11iE14,fee,-0.1684,rete (fee di blocco),"residuo fra il campione precedente e questo, una volta tolti i movimenti noti: e' la fee pagata (segno -) o incassata (segno +) nell'intervallo, non attribuibile a una singola transazione",93.3408,,1
run3-tbt-5s/regionale,regionale,5,323,27,c2,1A4CrFTvpKkWiGKyfcWKP3P5Ds6KMtYA11iE14,fee,-0.1122,rete (fee di blocco),"residuo fra il campione precedente e questo, una volta tolti i movimenti noti: e' la fee pagata (segno -) o incassata (segno +) nell'intervallo, non attribuibile a una singola transazione",93.2286,,1
run3-tbt-5s/regionale,regionale,5,329,28,c2,1A4CrFTvpKkWiGKyfcWKP3P5Ds6KMtYA11iE14,fee,-0.1684,rete (fee di blocco),"residuo fra il campione precedente e questo, una volta tolti i movimenti noti: e' la fee pagata (segno -) o incassata (segno +) nell'intervallo, non attribuibile a una singola transazione",93.0602,,1
run3-tbt-5s/regionale,regionale,5,333,28,c2,1A4CrFTvpKkWiGKyfcWKP3P5Ds6KMtYA11iE14,fee,-0.1124,rete (fee di blocco),"residuo fra il campione precedente e questo, una volta tolti i movimenti noti: e' la fee pagata (segno -) o incassata (segno +) nell'intervallo, non attribuibile a una singola transazione",92.9478,,1
run3-tbt-5s/regionale,regionale,5,339,29,c2,1A4CrFTvpKkWiGKyfcWKP3P5Ds6KMtYA11iE14,fee,-0.1686,rete (fee di blocco),"residuo fra il campione precedente e questo, una volta tolti i movimenti noti: e' la fee pagata (segno -) o incassata (segno +) nell'intervallo, non attribuibile a una singola transazione",92.7792,,1
run3-tbt-5s/regionale,regionale,5,344,29,c2,1A4CrFTvpKkWiGKyfcWKP3P5Ds6KMtYA11iE14,fee,-0.1686,rete (fee di blocco),"residuo fra il campione precedente e questo, una volta tolti i movimenti noti: e' la fee pagata (segno -) o incassata (segno +) nell'intervallo, non attribuibile a una singola transazione",92.6106,,1
run3-tbt-5s/regionale,regionale,5,349,30,c2,1A4CrFTvpKkWiGKyfcWKP3P5Ds6KMtYA11iE14,fee,-0.1124,rete (fee di blocco),"residuo fra il campione precedente e questo, una volta tolti i movimenti noti: e' la fee pagata (segno -) o incassata (segno +) nell'intervallo, non attribuibile a una singola transazione",92.4982,,1
run3-tbt-5s/regionale,regionale,5,354,30,c2,1A4CrFTvpKkWiGKyfcWKP3P5Ds6KMtYA11iE14,fee,-0.1684,rete (fee di blocco),"residuo fra il campione precedente e questo, una volta tolti i movimenti noti: e' la fee pagata (segno -) o incassata (segno +) nell'intervallo, non attribuibile a una singola transazione",92.3298,,1
run3-tbt-5s/regionale,regionale,5,359,30,c2,1A4CrFTvpKkWiGKyfcWKP3P5Ds6KMtYA11iE14,fee,-0.1124,rete (fee di blocco),"residuo fra il campione precedente e questo, una volta tolti i movimenti noti: e' la fee pagata (segno -) o incassata (segno +) nell'intervallo, non attribuibile a una singola transazione",92.2174,,1
run3-tbt-5s/regionale,regionale,5,365,31,c2,1A4CrFTvpKkWiGKyfcWKP3P5Ds6KMtYA11iE14,fee,-0.1684,rete (fee di blocco),"residuo fra il campione precedente e questo, una volta tolti i movimenti noti: e' la fee pagata (segno -) o incassata (segno +) nell'intervallo, non attribuibile a una singola transazione",92.049,,1
run3-tbt-5s/regionale,regionale,5,369,31,c2,1A4CrFTvpKkWiGKyfcWKP3P5Ds6KMtYA11iE14,fee,-0.1124,rete (fee di blocco),"residuo fra il campione precedente e questo, una volta tolti i movimenti noti: e' la fee pagata (segno -) o incassata (segno +) nell'intervallo, non attribuibile a una singola transazione",91.9366,,1
run3-tbt-5s/regionale,regionale,5,374,32,c2,1A4CrFTvpKkWiGKyfcWKP3P5Ds6KMtYA11iE14,fee,-0.1682,rete (fee di blocco),"residuo fra il campione precedente e questo, una volta tolti i movimenti noti: e' la fee pagata (segno -) o incassata (segno +) nell'intervallo, non attribuibile a una singola transazione",91.7684,,1
run3-tbt-5s/regionale,regionale,5,379,32,c2,1A4CrFTvpKkWiGKyfcWKP3P5Ds6KMtYA11iE14,fee,-0.1122,rete (fee di blocco),"residuo fra il campione precedente e questo, una volta tolti i movimenti noti: e' la fee pagata (segno -) o incassata (segno +) nell'intervallo, non attribuibile a una singola transazione",91.6562,,1
run3-tbt-5s/regionale,regionale,5,384,33,c2,1A4CrFTvpKkWiGKyfcWKP3P5Ds6KMtYA11iE14,fee,-0.1686,rete (fee di blocco),"residuo fra il campione precedente e questo, una volta tolti i movimenti noti: e' la fee pagata (segno -) o incassata (segno +) nell'intervallo, non attribuibile a una singola transazione",91.4876,,1
run3-tbt-5s/regionale,regionale,5,389,33,c2,1A4CrFTvpKkWiGKyfcWKP3P5Ds6KMtYA11iE14,fee,-0.1124,rete (fee di blocco),"residuo fra il campione precedente e questo, una volta tolti i movimenti noti: e' la fee pagata (segno -) o incassata (segno +) nell'intervallo, non attribuibile a una singola transazione",91.3752,,1
run3-tbt-5s/regionale,regionale,5,394,33,c2,1A4CrFTvpKkWiGKyfcWKP3P5Ds6KMtYA11iE14,fee,-0.1684,rete (fee di blocco),"residuo fra il campione precedente e questo, una volta tolti i movimenti noti: e' la fee pagata (segno -) o incassata (segno +) nell'intervallo, non attribuibile a una singola transazione",91.2068,,1
run3-tbt-5s/regionale,regionale,5,400,34,c2,1A4CrFTvpKkWiGKyfcWKP3P5Ds6KMtYA11iE14,fee,-0.1122,rete (fee di blocco),"residuo fra il campione precedente e questo, una volta tolti i movimenti noti: e' la fee pagata (segno -) o incassata (segno +) nell'intervallo, non attribuibile a una singola transazione",91.0946,,1
run3-tbt-5s/regionale,regionale,5,404,34,c2,1A4CrFTvpKkWiGKyfcWKP3P5Ds6KMtYA11iE14,fee,-0.1682,rete (fee di blocco),"residuo fra il campione precedente e questo, una volta tolti i movimenti noti: e' la fee pagata (segno -) o incassata (segno +) nell'intervallo, non attribuibile a una singola transazione",90.9264,,1
run3-tbt-5s/regionale,regionale,5,409,35,c2,1A4CrFTvpKkWiGKyfcWKP3P5Ds6KMtYA11iE14,fee,-0.1124,rete (fee di blocco),"residuo fra il campione precedente e questo, una volta tolti i movimenti noti: e' la fee pagata (segno -) o incassata (segno +) nell'intervallo, non attribuibile a una singola transazione",90.814,,1
run3-tbt-5s/regionale,regionale,5,414,35,c2,1A4CrFTvpKkWiGKyfcWKP3P5Ds6KMtYA11iE14,fee,-0.1686,rete (fee di blocco),"residuo fra il campione precedente e questo, una volta tolti i movimenti noti: e' la fee pagata (segno -) o incassata (segno +) nell'intervallo, non attribuibile a una singola transazione",90.6454,,1
run3-tbt-5s/regionale,regionale,5,416,35,c2,1A4CrFTvpKkWiGKyfcWKP3P5Ds6KMtYA11iE14,fee,0.5056,rete (fee di blocco),"residuo fino al saldo di fine run letto da node_state.csv: per l'admin e' l'unica misura disponibile, gas_balances.csv non lo campiona",90.5892,,1
run3-tbt-5s/regionale,regionale,5,420,36,c2,1A4CrFTvpKkWiGKyfcWKP3P5Ds6KMtYA11iE14,fee,-0.1122,rete (fee di blocco),"residuo fra il campione precedente e questo, una volta tolti i movimenti noti: e' la fee pagata (segno -) o incassata (segno +) nell'intervallo, non attribuibile a una singola transazione",90.5332,,1
run3-tbt-5s/regionale,regionale,5,425,36,c2,1A4CrFTvpKkWiGKyfcWKP3P5Ds6KMtYA11iE14,fee,-0.1686,rete (fee di blocco),"residuo fra il campione precedente e questo, una volta tolti i movimenti noti: e' la fee pagata (segno -) o incassata (segno +) nell'intervallo, non attribuibile a una singola transazione",90.3646,,1
run3-tbt-5s/regionale,regionale,5,431,36,c2,1A4CrFTvpKkWiGKyfcWKP3P5Ds6KMtYA11iE14,fee,-0.1124,rete (fee di blocco),"residuo fra il campione precedente e questo, una volta tolti i movimenti noti: e' la fee pagata (segno -) o incassata (segno +) nell'intervallo, non attribuibile a una singola transazione",90.2522,,1
run3-tbt-5s/regionale,regionale,5,436,37,c2,1A4CrFTvpKkWiGKyfcWKP3P5Ds6KMtYA11iE14,fee,-0.1686,rete (fee di blocco),"residuo fra il campione precedente e questo, una volta tolti i movimenti noti: e' la fee pagata (segno -) o incassata (segno +) nell'intervallo, non attribuibile a una singola transazione",90.0836,,1
run3-tbt-5s/regionale,regionale,5,11,1,c3,1b1ZDAStzMbTZrRLLYn6FkR3gJu28HRKRSfWAa,init,100.0,admin,dotazione iniziale,100.0,,1
run3-tbt-5s/regionale,regionale,5,67,6,c3,1b1ZDAStzMbTZrRLLYn6FkR3gJu28HRKRSfWAa,fee,-0.196,rete (fee di blocco),"residuo fra il campione precedente e questo, una volta tolti i movimenti noti: e' la fee pagata (segno -) o incassata (segno +) nell'intervallo, non attribuibile a una singola transazione",99.804,,1
run3-tbt-5s/regionale,regionale,5,73,7,c3,1b1ZDAStzMbTZrRLLYn6FkR3gJu28HRKRSfWAa,fee,-0.0852,rete (fee di blocco),"residuo fra il campione precedente e questo, una volta tolti i movimenti noti: e' la fee pagata (segno -) o incassata (segno +) nell'intervallo, non attribuibile a una singola transazione",99.7188,,1
run3-tbt-5s/regionale,regionale,5,78,7,c3,1b1ZDAStzMbTZrRLLYn6FkR3gJu28HRKRSfWAa,fee,-0.1112,rete (fee di blocco),"residuo fra il campione precedente e questo, una volta tolti i movimenti noti: e' la fee pagata (segno -) o incassata (segno +) nell'intervallo, non attribuibile a una singola transazione",99.6076,,1
run3-tbt-5s/regionale,regionale,5,85,8,c3,1b1ZDAStzMbTZrRLLYn6FkR3gJu28HRKRSfWAa,fee,-0.1112,rete (fee di blocco),"residuo fra il campione precedente e questo, una volta tolti i movimenti noti: e' la fee pagata (segno -) o incassata (segno +) nell'intervallo, non attribuibile a una singola transazione",99.4964,,1
run3-tbt-5s/regionale,regionale,5,91,8,c3,1b1ZDAStzMbTZrRLLYn6FkR3gJu28HRKRSfWAa,fee,-0.1112,rete (fee di blocco),"residuo fra il campione precedente e questo, una volta tolti i movimenti noti: e' la fee pagata (segno -) o incassata (segno +) nell'intervallo, non attribuibile a una singola transazione",99.3852,,1
run3-tbt-5s/regionale,regionale,5,97,9,c3,1b1ZDAStzMbTZrRLLYn6FkR3gJu28HRKRSfWAa,fee,-0.1112,rete (fee di blocco),"residuo fra il campione precedente e questo, una volta tolti i movimenti noti: e' la fee pagata (segno -) o incassata (segno +) nell'intervallo, non attribuibile a una singola transazione",99.274,,1
run3-tbt-5s/regionale,regionale,5,103,9,c3,1b1ZDAStzMbTZrRLLYn6FkR3gJu28HRKRSfWAa,fee,-0.1118,rete (fee di blocco),"residuo fra il campione precedente e questo, una volta tolti i movimenti noti: e' la fee pagata (segno -) o incassata (segno +) nell'intervallo, non attribuibile a una singola transazione",99.1622,,1
run3-tbt-5s/regionale,regionale,5,109,10,c3,1b1ZDAStzMbTZrRLLYn6FkR3gJu28HRKRSfWAa,fee,-0.112,rete (fee di blocco),"residuo fra il campione precedente e questo, una volta tolti i movimenti noti: e' la fee pagata (segno -) o incassata (segno +) nell'intervallo, non attribuibile a una singola transazione",99.0502,,1
run3-tbt-5s/regionale,regionale,5,114,10,c3,1b1ZDAStzMbTZrRLLYn6FkR3gJu28HRKRSfWAa,fee,-0.112,rete (fee di blocco),"residuo fra il campione precedente e questo, una volta tolti i movimenti noti: e' la fee pagata (segno -) o incassata (segno +) nell'intervallo, non attribuibile a una singola transazione",98.9382,,1
run3-tbt-5s/regionale,regionale,5,119,10,c3,1b1ZDAStzMbTZrRLLYn6FkR3gJu28HRKRSfWAa,fee,-0.056,rete (fee di blocco),"residuo fra il campione precedente e questo, una volta tolti i movimenti noti: e' la fee pagata (segno -) o incassata (segno +) nell'intervallo, non attribuibile a una singola transazione",98.8822,,1
run3-tbt-5s/regionale,regionale,5,124,11,c3,1b1ZDAStzMbTZrRLLYn6FkR3gJu28HRKRSfWAa,fee,-0.112,rete (fee di blocco),"residuo fra il campione precedente e questo, una volta tolti i movimenti noti: e' la fee pagata (segno -) o incassata (segno +) nell'intervallo, non attribuibile a una singola transazione",98.7702,,1
run3-tbt-5s/regionale,regionale,5,131,11,c3,1b1ZDAStzMbTZrRLLYn6FkR3gJu28HRKRSfWAa,fee,-0.1116,rete (fee di blocco),"residuo fra il campione precedente e questo, una volta tolti i movimenti noti: e' la fee pagata (segno -) o incassata (segno +) nell'intervallo, non attribuibile a una singola transazione",98.6586,,1
run3-tbt-5s/regionale,regionale,5,137,12,c3,1b1ZDAStzMbTZrRLLYn6FkR3gJu28HRKRSfWAa,fee,-0.112,rete (fee di blocco),"residuo fra il campione precedente e questo, una volta tolti i movimenti noti: e' la fee pagata (segno -) o incassata (segno +) nell'intervallo, non attribuibile a una singola transazione",98.5466,,1
run3-tbt-5s/regionale,regionale,5,143,12,c3,1b1ZDAStzMbTZrRLLYn6FkR3gJu28HRKRSfWAa,fee,-0.112,rete (fee di blocco),"residuo fra il campione precedente e questo, una volta tolti i movimenti noti: e' la fee pagata (segno -) o incassata (segno +) nell'intervallo, non attribuibile a una singola transazione",98.4346,,1
run3-tbt-5s/regionale,regionale,5,149,13,c3,1b1ZDAStzMbTZrRLLYn6FkR3gJu28HRKRSfWAa,fee,-0.1118,rete (fee di blocco),"residuo fra il campione precedente e questo, una volta tolti i movimenti noti: e' la fee pagata (segno -) o incassata (segno +) nell'intervallo, non attribuibile a una singola transazione",98.3228,,1
run3-tbt-5s/regionale,regionale,5,153,13,c3,1b1ZDAStzMbTZrRLLYn6FkR3gJu28HRKRSfWAa,fee,-0.1118,rete (fee di blocco),"residuo fra il campione precedente e questo, una volta tolti i movimenti noti: e' la fee pagata (segno -) o incassata (segno +) nell'intervallo, non attribuibile a una singola transazione",98.211,,1
run3-tbt-5s/regionale,regionale,5,159,14,c3,1b1ZDAStzMbTZrRLLYn6FkR3gJu28HRKRSfWAa,fee,-0.112,rete (fee di blocco),"residuo fra il campione precedente e questo, una volta tolti i movimenti noti: e' la fee pagata (segno -) o incassata (segno +) nell'intervallo, non attribuibile a una singola transazione",98.099,,1
run3-tbt-5s/regionale,regionale,5,164,14,c3,1b1ZDAStzMbTZrRLLYn6FkR3gJu28HRKRSfWAa,fee,-0.1118,rete (fee di blocco),"residuo fra il campione precedente e questo, una volta tolti i movimenti noti: e' la fee pagata (segno -) o incassata (segno +) nell'intervallo, non attribuibile a una singola transazione",97.9872,,1
run3-tbt-5s/regionale,regionale,5,169,15,c3,1b1ZDAStzMbTZrRLLYn6FkR3gJu28HRKRSfWAa,fee,-0.0558,rete (fee di blocco),"residuo fra il campione precedente e questo, una volta tolti i movimenti noti: e' la fee pagata (segno -) o incassata (segno +) nell'intervallo, non attribuibile a una singola transazione",97.9314,,1
run3-tbt-5s/regionale,regionale,5,174,15,c3,1b1ZDAStzMbTZrRLLYn6FkR3gJu28HRKRSfWAa,fee,-0.1116,rete (fee di blocco),"residuo fra il campione precedente e questo, una volta tolti i movimenti noti: e' la fee pagata (segno -) o incassata (segno +) nell'intervallo, non attribuibile a una singola transazione",97.8198,,1
run3-tbt-5s/regionale,regionale,5,181,16,c3,1b1ZDAStzMbTZrRLLYn6FkR3gJu28HRKRSfWAa,fee,-0.112,rete (fee di blocco),"residuo fra il campione precedente e questo, una volta tolti i movimenti noti: e' la fee pagata (segno -) o incassata (segno +) nell'intervallo, non attribuibile a una singola transazione",97.7078,,1
run3-tbt-5s/regionale,regionale,5,186,16,c3,1b1ZDAStzMbTZrRLLYn6FkR3gJu28HRKRSfWAa,fee,-0.1116,rete (fee di blocco),"residuo fra il campione precedente e questo, una volta tolti i movimenti noti: e' la fee pagata (segno -) o incassata (segno +) nell'intervallo, non attribuibile a una singola transazione",97.5962,,1
run3-tbt-5s/regionale,regionale,5,191,16,c3,1b1ZDAStzMbTZrRLLYn6FkR3gJu28HRKRSfWAa,fee,-0.1118,rete (fee di blocco),"residuo fra il campione precedente e questo, una volta tolti i movimenti noti: e' la fee pagata (segno -) o incassata (segno +) nell'intervallo, non attribuibile a una singola transazione",97.4844,,1
run3-tbt-5s/regionale,regionale,5,196,17,c3,1b1ZDAStzMbTZrRLLYn6FkR3gJu28HRKRSfWAa,fee,-0.112,rete (fee di blocco),"residuo fra il campione precedente e questo, una volta tolti i movimenti noti: e' la fee pagata (segno -) o incassata (segno +) nell'intervallo, non attribuibile a una singola transazione",97.3724,,1
run3-tbt-5s/regionale,regionale,5,202,17,c3,1b1ZDAStzMbTZrRLLYn6FkR3gJu28HRKRSfWAa,fee,-0.112,rete (fee di blocco),"residuo fra il campione precedente e questo, una volta tolti i movimenti noti: e' la fee pagata (segno -) o incassata (segno +) nell'intervallo, non attribuibile a una singola transazione",97.2604,,1
run3-tbt-5s/regionale,regionale,5,207,18,c3,1b1ZDAStzMbTZrRLLYn6FkR3gJu28HRKRSfWAa,fee,-0.1118,rete (fee di blocco),"residuo fra il campione precedente e questo, una volta tolti i movimenti noti: e' la fee pagata (segno -) o incassata (segno +) nell'intervallo, non attribuibile a una singola transazione",97.1486,,1
run3-tbt-5s/regionale,regionale,5,212,18,c3,1b1ZDAStzMbTZrRLLYn6FkR3gJu28HRKRSfWAa,fee,-0.056,rete (fee di blocco),"residuo fra il campione precedente e questo, una volta tolti i movimenti noti: e' la fee pagata (segno -) o incassata (segno +) nell'intervallo, non attribuibile a una singola transazione",97.0926,,1
run3-tbt-5s/regionale,regionale,5,218,19,c3,1b1ZDAStzMbTZrRLLYn6FkR3gJu28HRKRSfWAa,fee,-0.1118,rete (fee di blocco),"residuo fra il campione precedente e questo, una volta tolti i movimenti noti: e' la fee pagata (segno -) o incassata (segno +) nell'intervallo, non attribuibile a una singola transazione",96.9808,,1
run3-tbt-5s/regionale,regionale,5,224,19,c3,1b1ZDAStzMbTZrRLLYn6FkR3gJu28HRKRSfWAa,fee,-0.112,rete (fee di blocco),"residuo fra il campione precedente e questo, una volta tolti i movimenti noti: e' la fee pagata (segno -) o incassata (segno +) nell'intervallo, non attribuibile a una singola transazione",96.8688,,1
run3-tbt-5s/regionale,regionale,5,230,20,c3,1b1ZDAStzMbTZrRLLYn6FkR3gJu28HRKRSfWAa,fee,-0.1118,rete (fee di blocco),"residuo fra il campione precedente e questo, una volta tolti i movimenti noti: e' la fee pagata (segno -) o incassata (segno +) nell'intervallo, non attribuibile a una singola transazione",96.757,,1
run3-tbt-5s/regionale,regionale,5,236,20,c3,1b1ZDAStzMbTZrRLLYn6FkR3gJu28HRKRSfWAa,fee,-0.112,rete (fee di blocco),"residuo fra il campione precedente e questo, una volta tolti i movimenti noti: e' la fee pagata (segno -) o incassata (segno +) nell'intervallo, non attribuibile a una singola transazione",96.645,,1
run3-tbt-5s/regionale,regionale,5,242,21,c3,1b1ZDAStzMbTZrRLLYn6FkR3gJu28HRKRSfWAa,fee,-0.1118,rete (fee di blocco),"residuo fra il campione precedente e questo, una volta tolti i movimenti noti: e' la fee pagata (segno -) o incassata (segno +) nell'intervallo, non attribuibile a una singola transazione",96.5332,,1
run3-tbt-5s/regionale,regionale,5,246,21,c3,1b1ZDAStzMbTZrRLLYn6FkR3gJu28HRKRSfWAa,fee,-0.1116,rete (fee di blocco),"residuo fra il campione precedente e questo, una volta tolti i movimenti noti: e' la fee pagata (segno -) o incassata (segno +) nell'intervallo, non attribuibile a una singola transazione",96.4216,,1
run3-tbt-5s/regionale,regionale,5,251,21,c3,1b1ZDAStzMbTZrRLLYn6FkR3gJu28HRKRSfWAa,fee,-0.1118,rete (fee di blocco),"residuo fra il campione precedente e questo, una volta tolti i movimenti noti: e' la fee pagata (segno -) o incassata (segno +) nell'intervallo, non attribuibile a una singola transazione",96.3098,,1
run3-tbt-5s/regionale,regionale,5,255,22,c3,1b1ZDAStzMbTZrRLLYn6FkR3gJu28HRKRSfWAa,fee,-0.1116,rete (fee di blocco),"residuo fra il campione precedente e questo, una volta tolti i movimenti noti: e' la fee pagata (segno -) o incassata (segno +) nell'intervallo, non attribuibile a una singola transazione",96.1982,,1
run3-tbt-5s/regionale,regionale,5,260,22,c3,1b1ZDAStzMbTZrRLLYn6FkR3gJu28HRKRSfWAa,fee,-0.0558,rete (fee di blocco),"residuo fra il campione precedente e questo, una volta tolti i movimenti noti: e' la fee pagata (segno -) o incassata (segno +) nell'intervallo, non attribuibile a una singola transazione",96.1424,,1
run3-tbt-5s/regionale,regionale,5,266,23,c3,1b1ZDAStzMbTZrRLLYn6FkR3gJu28HRKRSfWAa,fee,-0.1118,rete (fee di blocco),"residuo fra il campione precedente e questo, una volta tolti i movimenti noti: e' la fee pagata (segno -) o incassata (segno +) nell'intervallo, non attribuibile a una singola transazione",96.0306,,1
run3-tbt-5s/regionale,regionale,5,270,23,c3,1b1ZDAStzMbTZrRLLYn6FkR3gJu28HRKRSfWAa,fee,-0.112,rete (fee di blocco),"residuo fra il campione precedente e questo, una volta tolti i movimenti noti: e' la fee pagata (segno -) o incassata (segno +) nell'intervallo, non attribuibile a una singola transazione",95.9186,,1
run3-tbt-5s/regionale,regionale,5,275,23,c3,1b1ZDAStzMbTZrRLLYn6FkR3gJu28HRKRSfWAa,fee,-0.1118,rete (fee di blocco),"residuo fra il campione precedente e questo, una volta tolti i movimenti noti: e' la fee pagata (segno -) o incassata (segno +) nell'intervallo, non attribuibile a una singola transazione",95.8068,,1
run3-tbt-5s/regionale,regionale,5,281,24,c3,1b1ZDAStzMbTZrRLLYn6FkR3gJu28HRKRSfWAa,fee,-0.112,rete (fee di blocco),"residuo fra il campione precedente e questo, una volta tolti i movimenti noti: e' la fee pagata (segno -) o incassata (segno +) nell'intervallo, non attribuibile a una singola transazione",95.6948,,1
run3-tbt-5s/regionale,regionale,5,287,24,c3,1b1ZDAStzMbTZrRLLYn6FkR3gJu28HRKRSfWAa,fee,-0.1118,rete (fee di blocco),"residuo fra il campione precedente e questo, una volta tolti i movimenti noti: e' la fee pagata (segno -) o incassata (segno +) nell'intervallo, non attribuibile a una singola transazione",95.583,,1
run3-tbt-5s/regionale,regionale,5,292,25,c3,1b1ZDAStzMbTZrRLLYn6FkR3gJu28HRKRSfWAa,fee,-0.1118,rete (fee di blocco),"residuo fra il campione precedente e questo, una volta tolti i movimenti noti: e' la fee pagata (segno -) o incassata (segno +) nell'intervallo, non attribuibile a una singola transazione",95.4712,,1
run3-tbt-5s/regionale,regionale,5,298,25,c3,1b1ZDAStzMbTZrRLLYn6FkR3gJu28HRKRSfWAa,fee,-0.1118,rete (fee di blocco),"residuo fra il campione precedente e questo, una volta tolti i movimenti noti: e' la fee pagata (segno -) o incassata (segno +) nell'intervallo, non attribuibile a una singola transazione",95.3594,,1
run3-tbt-5s/regionale,regionale,5,303,26,c3,1b1ZDAStzMbTZrRLLYn6FkR3gJu28HRKRSfWAa,fee,-0.056,rete (fee di blocco),"residuo fra il campione precedente e questo, una volta tolti i movimenti noti: e' la fee pagata (segno -) o incassata (segno +) nell'intervallo, non attribuibile a una singola transazione",95.3034,,1
run3-tbt-5s/regionale,regionale,5,308,26,c3,1b1ZDAStzMbTZrRLLYn6FkR3gJu28HRKRSfWAa,fee,-0.1116,rete (fee di blocco),"residuo fra il campione precedente e questo, una volta tolti i movimenti noti: e' la fee pagata (segno -) o incassata (segno +) nell'intervallo, non attribuibile a una singola transazione",95.1918,,1
run3-tbt-5s/regionale,regionale,5,313,27,c3,1b1ZDAStzMbTZrRLLYn6FkR3gJu28HRKRSfWAa,fee,-0.112,rete (fee di blocco),"residuo fra il campione precedente e questo, una volta tolti i movimenti noti: e' la fee pagata (segno -) o incassata (segno +) nell'intervallo, non attribuibile a una singola transazione",95.0798,,1
run3-tbt-5s/regionale,regionale,5,318,27,c3,1b1ZDAStzMbTZrRLLYn6FkR3gJu28HRKRSfWAa,fee,-0.112,rete (fee di blocco),"residuo fra il campione precedente e questo, una volta tolti i movimenti noti: e' la fee pagata (segno -) o incassata (segno +) nell'intervallo, non attribuibile a una singola transazione",94.9678,,1
run3-tbt-5s/regionale,regionale,5,323,27,c3,1b1ZDAStzMbTZrRLLYn6FkR3gJu28HRKRSfWAa,fee,-0.112,rete (fee di blocco),"residuo fra il campione precedente e questo, una volta tolti i movimenti noti: e' la fee pagata (segno -) o incassata (segno +) nell'intervallo, non attribuibile a una singola transazione",94.8558,,1
run3-tbt-5s/regionale,regionale,5,329,28,c3,1b1ZDAStzMbTZrRLLYn6FkR3gJu28HRKRSfWAa,fee,-0.112,rete (fee di blocco),"residuo fra il campione precedente e questo, una volta tolti i movimenti noti: e' la fee pagata (segno -) o incassata (segno +) nell'intervallo, non attribuibile a una singola transazione",94.7438,,1
run3-tbt-5s/regionale,regionale,5,333,28,c3,1b1ZDAStzMbTZrRLLYn6FkR3gJu28HRKRSfWAa,fee,-0.1118,rete (fee di blocco),"residuo fra il campione precedente e questo, una volta tolti i movimenti noti: e' la fee pagata (segno -) o incassata (segno +) nell'intervallo, non attribuibile a una singola transazione",94.632,,1
run3-tbt-5s/regionale,regionale,5,339,29,c3,1b1ZDAStzMbTZrRLLYn6FkR3gJu28HRKRSfWAa,fee,-0.1118,rete (fee di blocco),"residuo fra il campione precedente e questo, una volta tolti i movimenti noti: e' la fee pagata (segno -) o incassata (segno +) nell'intervallo, non attribuibile a una singola transazione",94.5202,,1
run3-tbt-5s/regionale,regionale,5,344,29,c3,1b1ZDAStzMbTZrRLLYn6FkR3gJu28HRKRSfWAa,fee,-0.1118,rete (fee di blocco),"residuo fra il campione precedente e questo, una volta tolti i movimenti noti: e' la fee pagata (segno -) o incassata (segno +) nell'intervallo, non attribuibile a una singola transazione",94.4084,,1
run3-tbt-5s/regionale,regionale,5,349,30,c3,1b1ZDAStzMbTZrRLLYn6FkR3gJu28HRKRSfWAa,fee,-0.056,rete (fee di blocco),"residuo fra il campione precedente e questo, una volta tolti i movimenti noti: e' la fee pagata (segno -) o incassata (segno +) nell'intervallo, non attribuibile a una singola transazione",94.3524,,1
run3-tbt-5s/regionale,regionale,5,354,30,c3,1b1ZDAStzMbTZrRLLYn6FkR3gJu28HRKRSfWAa,fee,-0.1122,rete (fee di blocco),"residuo fra il campione precedente e questo, una volta tolti i movimenti noti: e' la fee pagata (segno -) o incassata (segno +) nell'intervallo, non attribuibile a una singola transazione",94.2402,,1
run3-tbt-5s/regionale,regionale,5,359,30,c3,1b1ZDAStzMbTZrRLLYn6FkR3gJu28HRKRSfWAa,fee,-0.1124,rete (fee di blocco),"residuo fra il campione precedente e questo, una volta tolti i movimenti noti: e' la fee pagata (segno -) o incassata (segno +) nell'intervallo, non attribuibile a una singola transazione",94.1278,,1
run3-tbt-5s/regionale,regionale,5,365,31,c3,1b1ZDAStzMbTZrRLLYn6FkR3gJu28HRKRSfWAa,fee,-0.1124,rete (fee di blocco),"residuo fra il campione precedente e questo, una volta tolti i movimenti noti: e' la fee pagata (segno -) o incassata (segno +) nell'intervallo, non attribuibile a una singola transazione",94.0154,,1
run3-tbt-5s/regionale,regionale,5,369,31,c3,1b1ZDAStzMbTZrRLLYn6FkR3gJu28HRKRSfWAa,fee,-0.1124,rete (fee di blocco),"residuo fra il campione precedente e questo, una volta tolti i movimenti noti: e' la fee pagata (segno -) o incassata (segno +) nell'intervallo, non attribuibile a una singola transazione",93.903,,1
run3-tbt-5s/regionale,regionale,5,374,32,c3,1b1ZDAStzMbTZrRLLYn6FkR3gJu28HRKRSfWAa,fee,-0.1124,rete (fee di blocco),"residuo fra il campione precedente e questo, una volta tolti i movimenti noti: e' la fee pagata (segno -) o incassata (segno +) nell'intervallo, non attribuibile a una singola transazione",93.7906,,1
run3-tbt-5s/regionale,regionale,5,379,32,c3,1b1ZDAStzMbTZrRLLYn6FkR3gJu28HRKRSfWAa,fee,-0.1124,rete (fee di blocco),"residuo fra il campione precedente e questo, una volta tolti i movimenti noti: e' la fee pagata (segno -) o incassata (segno +) nell'intervallo, non attribuibile a una singola transazione",93.6782,,1
run3-tbt-5s/regionale,regionale,5,384,33,c3,1b1ZDAStzMbTZrRLLYn6FkR3gJu28HRKRSfWAa,fee,-0.1124,rete (fee di blocco),"residuo fra il campione precedente e questo, una volta tolti i movimenti noti: e' la fee pagata (segno -) o incassata (segno +) nell'intervallo, non attribuibile a una singola transazione",93.5658,,1
run3-tbt-5s/regionale,regionale,5,389,33,c3,1b1ZDAStzMbTZrRLLYn6FkR3gJu28HRKRSfWAa,fee,-0.0562,rete (fee di blocco),"residuo fra il campione precedente e questo, una volta tolti i movimenti noti: e' la fee pagata (segno -) o incassata (segno +) nell'intervallo, non attribuibile a una singola transazione",93.5096,,1
run3-tbt-5s/regionale,regionale,5,394,33,c3,1b1ZDAStzMbTZrRLLYn6FkR3gJu28HRKRSfWAa,fee,-0.1124,rete (fee di blocco),"residuo fra il campione precedente e questo, una volta tolti i movimenti noti: e' la fee pagata (segno -) o incassata (segno +) nell'intervallo, non attribuibile a una singola transazione",93.3972,,1
run3-tbt-5s/regionale,regionale,5,400,34,c3,1b1ZDAStzMbTZrRLLYn6FkR3gJu28HRKRSfWAa,fee,-0.1124,rete (fee di blocco),"residuo fra il campione precedente e questo, una volta tolti i movimenti noti: e' la fee pagata (segno -) o incassata (segno +) nell'intervallo, non attribuibile a una singola transazione",93.2848,,1
run3-tbt-5s/regionale,regionale,5,404,34,c3,1b1ZDAStzMbTZrRLLYn6FkR3gJu28HRKRSfWAa,fee,-0.1124,rete (fee di blocco),"residuo fra il campione precedente e questo, una volta tolti i movimenti noti: e' la fee pagata (segno -) o incassata (segno +) nell'intervallo, non attribuibile a una singola transazione",93.1724,,1
run3-tbt-5s/regionale,regionale,5,409,35,c3,1b1ZDAStzMbTZrRLLYn6FkR3gJu28HRKRSfWAa,fee,-0.1122,rete (fee di blocco),"residuo fra il campione precedente e questo, una volta tolti i movimenti noti: e' la fee pagata (segno -) o incassata (segno +) nell'intervallo, non attribuibile a una singola transazione",93.0602,,1
run3-tbt-5s/regionale,regionale,5,414,35,c3,1b1ZDAStzMbTZrRLLYn6FkR3gJu28HRKRSfWAa,fee,-0.1122,rete (fee di blocco),"residuo fra il campione precedente e questo, una volta tolti i movimenti noti: e' la fee pagata (segno -) o incassata (segno +) nell'intervallo, non attribuibile a una singola transazione",92.948,,1
run3-tbt-5s/regionale,regionale,5,416,35,c3,1b1ZDAStzMbTZrRLLYn6FkR3gJu28HRKRSfWAa,fee,0.3372,rete (fee di blocco),"residuo fino al saldo di fine run letto da node_state.csv: per l'admin e' l'unica misura disponibile, gas_balances.csv non lo campiona",92.8918,,1
run3-tbt-5s/regionale,regionale,5,420,36,c3,1b1ZDAStzMbTZrRLLYn6FkR3gJu28HRKRSfWAa,fee,-0.1124,rete (fee di blocco),"residuo fra il campione precedente e questo, una volta tolti i movimenti noti: e' la fee pagata (segno -) o incassata (segno +) nell'intervallo, non attribuibile a una singola transazione",92.8356,,1
run3-tbt-5s/regionale,regionale,5,425,36,c3,1b1ZDAStzMbTZrRLLYn6FkR3gJu28HRKRSfWAa,fee,-0.1124,rete (fee di blocco),"residuo fra il campione precedente e questo, una volta tolti i movimenti noti: e' la fee pagata (segno -) o incassata (segno +) nell'intervallo, non attribuibile a una singola transazione",92.7232,,1
run3-tbt-5s/regionale,regionale,5,431,36,c3,1b1ZDAStzMbTZrRLLYn6FkR3gJu28HRKRSfWAa,fee,-0.1124,rete (fee di blocco),"residuo fra il campione precedente e questo, una volta tolti i movimenti noti: e' la fee pagata (segno -) o incassata (segno +) nell'intervallo, non attribuibile a una singola transazione",92.6108,,1
run3-tbt-5s/regionale,regionale,5,436,37,c3,1b1ZDAStzMbTZrRLLYn6FkR3gJu28HRKRSfWAa,fee,-0.0562,rete (fee di blocco),"residuo fra il campione precedente e questo, una volta tolti i movimenti noti: e' la fee pagata (segno -) o incassata (segno +) nell'intervallo, non attribuibile a una singola transazione",92.5546,,1
run3-tbt-5s/regionale,regionale,5,11,1,c4,1CyRAtgWZSyPLhC773ckjxce1q6dYoQKSyNrqt,init,100.0,admin,dotazione iniziale,100.0,,1
run3-tbt-5s/regionale,regionale,5,67,6,c4,1CyRAtgWZSyPLhC773ckjxce1q6dYoQKSyNrqt,fee,-0.1956,rete (fee di blocco),"residuo fra il campione precedente e questo, una volta tolti i movimenti noti: e' la fee pagata (segno -) o incassata (segno +) nell'intervallo, non attribuibile a una singola transazione",99.8044,,1
run3-tbt-5s/regionale,regionale,5,73,7,c4,1CyRAtgWZSyPLhC773ckjxce1q6dYoQKSyNrqt,fee,-0.0848,rete (fee di blocco),"residuo fra il campione precedente e questo, una volta tolti i movimenti noti: e' la fee pagata (segno -) o incassata (segno +) nell'intervallo, non attribuibile a una singola transazione",99.7196,,1
run3-tbt-5s/regionale,regionale,5,78,7,c4,1CyRAtgWZSyPLhC773ckjxce1q6dYoQKSyNrqt,fee,-0.1112,rete (fee di blocco),"residuo fra il campione precedente e questo, una volta tolti i movimenti noti: e' la fee pagata (segno -) o incassata (segno +) nell'intervallo, non attribuibile a una singola transazione",99.6084,,1
run3-tbt-5s/regionale,regionale,5,85,8,c4,1CyRAtgWZSyPLhC773ckjxce1q6dYoQKSyNrqt,fee,-0.0556,rete (fee di blocco),"residuo fra il campione precedente e questo, una volta tolti i movimenti noti: e' la fee pagata (segno -) o incassata (segno +) nell'intervallo, non attribuibile a una singola transazione",99.5528,,1
run3-tbt-5s/regionale,regionale,5,91,8,c4,1CyRAtgWZSyPLhC773ckjxce1q6dYoQKSyNrqt,fee,-0.111,rete (fee di blocco),"residuo fra il campione precedente e questo, una volta tolti i movimenti noti: e' la fee pagata (segno -) o incassata (segno +) nell'intervallo, non attribuibile a una singola transazione",99.4418,,1
run3-tbt-5s/regionale,regionale,5,97,9,c4,1CyRAtgWZSyPLhC773ckjxce1q6dYoQKSyNrqt,fee,-0.0554,rete (fee di blocco),"residuo fra il campione precedente e questo, una volta tolti i movimenti noti: e' la fee pagata (segno -) o incassata (segno +) nell'intervallo, non attribuibile a una singola transazione",99.3864,,1
run3-tbt-5s/regionale,regionale,5,103,9,c4,1CyRAtgWZSyPLhC773ckjxce1q6dYoQKSyNrqt,fee,-0.1116,rete (fee di blocco),"residuo fra il campione precedente e questo, una volta tolti i movimenti noti: e' la fee pagata (segno -) o incassata (segno +) nell'intervallo, non attribuibile a una singola transazione",99.2748,,1
run3-tbt-5s/regionale,regionale,5,109,10,c4,1CyRAtgWZSyPLhC773ckjxce1q6dYoQKSyNrqt,fee,-0.056,rete (fee di blocco),"residuo fra il campione precedente e questo, una volta tolti i movimenti noti: e' la fee pagata (segno -) o incassata (segno +) nell'intervallo, non attribuibile a una singola transazione",99.2188,,1
run3-tbt-5s/regionale,regionale,5,114,10,c4,1CyRAtgWZSyPLhC773ckjxce1q6dYoQKSyNrqt,fee,-0.112,rete (fee di blocco),"residuo fra il campione precedente e questo, una volta tolti i movimenti noti: e' la fee pagata (segno -) o incassata (segno +) nell'intervallo, non attribuibile a una singola transazione",99.1068,,1
run3-tbt-5s/regionale,regionale,5,119,10,c4,1CyRAtgWZSyPLhC773ckjxce1q6dYoQKSyNrqt,fee,-0.056,rete (fee di blocco),"residuo fra il campione precedente e questo, una volta tolti i movimenti noti: e' la fee pagata (segno -) o incassata (segno +) nell'intervallo, non attribuibile a una singola transazione",99.0508,,1
run3-tbt-5s/regionale,regionale,5,124,11,c4,1CyRAtgWZSyPLhC773ckjxce1q6dYoQKSyNrqt,fee,-0.112,rete (fee di blocco),"residuo fra il campione precedente e questo, una volta tolti i movimenti noti: e' la fee pagata (segno -) o incassata (segno +) nell'intervallo, non attribuibile a una singola transazione",98.9388,,1
run3-tbt-5s/regionale,regionale,5,131,11,c4,1CyRAtgWZSyPLhC773ckjxce1q6dYoQKSyNrqt,fee,-0.0558,rete (fee di blocco),"residuo fra il campione precedente e questo, una volta tolti i movimenti noti: e' la fee pagata (segno -) o incassata (segno +) nell'intervallo, non attribuibile a una singola transazione",98.883,,1
run3-tbt-5s/regionale,regionale,5,137,12,c4,1CyRAtgWZSyPLhC773ckjxce1q6dYoQKSyNrqt,fee,-0.112,rete (fee di blocco),"residuo fra il campione precedente e questo, una volta tolti i movimenti noti: e' la fee pagata (segno -) o incassata (segno +) nell'intervallo, non attribuibile a una singola transazione",98.771,,1
run3-tbt-5s/regionale,regionale,5,143,12,c4,1CyRAtgWZSyPLhC773ckjxce1q6dYoQKSyNrqt,fee,-0.056,rete (fee di blocco),"residuo fra il campione precedente e questo, una volta tolti i movimenti noti: e' la fee pagata (segno -) o incassata (segno +) nell'intervallo, non attribuibile a una singola transazione",98.715,,1
run3-tbt-5s/regionale,regionale,5,149,13,c4,1CyRAtgWZSyPLhC773ckjxce1q6dYoQKSyNrqt,fee,-0.1118,rete (fee di blocco),"residuo fra il campione precedente e questo, una volta tolti i movimenti noti: e' la fee pagata (segno -) o incassata (segno +) nell'intervallo, non attribuibile a una singola transazione",98.6032,,1
run3-tbt-5s/regionale,regionale,5,153,13,c4,1CyRAtgWZSyPLhC773ckjxce1q6dYoQKSyNrqt,fee,-0.056,rete (fee di blocco),"residuo fra il campione precedente e questo, una volta tolti i movimenti noti: e' la fee pagata (segno -) o incassata (segno +) nell'intervallo, non attribuibile a una singola transazione",98.5472,,1
run3-tbt-5s/regionale,regionale,5,159,14,c4,1CyRAtgWZSyPLhC773ckjxce1q6dYoQKSyNrqt,fee,-0.112,rete (fee di blocco),"residuo fra il campione precedente e questo, una volta tolti i movimenti noti: e' la fee pagata (segno -) o incassata (segno +) nell'intervallo, non attribuibile a una singola transazione",98.4352,,1
run3-tbt-5s/regionale,regionale,5,164,14,c4,1CyRAtgWZSyPLhC773ckjxce1q6dYoQKSyNrqt,fee,-0.056,rete (fee di blocco),"residuo fra il campione precedente e questo, una volta tolti i movimenti noti: e' la fee pagata (segno -) o incassata (segno +) nell'intervallo, non attribuibile a una singola transazione",98.3792,,1
run3-tbt-5s/regionale,regionale,5,169,15,c4,1CyRAtgWZSyPLhC773ckjxce1q6dYoQKSyNrqt,fee,-0.112,rete (fee di blocco),"residuo fra il campione precedente e questo, una volta tolti i movimenti noti: e' la fee pagata (segno -) o incassata (segno +) nell'intervallo, non attribuibile a una singola transazione",98.2672,,1
run3-tbt-5s/regionale,regionale,5,174,15,c4,1CyRAtgWZSyPLhC773ckjxce1q6dYoQKSyNrqt,fee,-0.056,rete (fee di blocco),"residuo fra il campione precedente e questo, una volta tolti i movimenti noti: e' la fee pagata (segno -) o incassata (segno +) nell'intervallo, non attribuibile a una singola transazione",98.2112,,1
run3-tbt-5s/regionale,regionale,5,181,16,c4,1CyRAtgWZSyPLhC773ckjxce1q6dYoQKSyNrqt,fee,-0.112,rete (fee di blocco),"residuo fra il campione precedente e questo, una volta tolti i movimenti noti: e' la fee pagata (segno -) o incassata (segno +) nell'intervallo, non attribuibile a una singola transazione",98.0992,,1
run3-tbt-5s/regionale,regionale,5,186,16,c4,1CyRAtgWZSyPLhC773ckjxce1q6dYoQKSyNrqt,fee,-0.056,rete (fee di blocco),"residuo fra il campione precedente e questo, una volta tolti i movimenti noti: e' la fee pagata (segno -) o incassata (segno +) nell'intervallo, non attribuibile a una singola transazione",98.0432,,1
run3-tbt-5s/regionale,regionale,5,191,16,c4,1CyRAtgWZSyPLhC773ckjxce1q6dYoQKSyNrqt,fee,-0.1118,rete (fee di blocco),"residuo fra il campione precedente e questo, una volta tolti i movimenti noti: e' la fee pagata (segno -) o incassata (segno +) nell'intervallo, non attribuibile a una singola transazione",97.9314,,1
run3-tbt-5s/regionale,regionale,5,196,17,c4,1CyRAtgWZSyPLhC773ckjxce1q6dYoQKSyNrqt,fee,-0.0558,rete (fee di blocco),"residuo fra il campione precedente e questo, una volta tolti i movimenti noti: e' la fee pagata (segno -) o incassata (segno +) nell'intervallo, non attribuibile a una singola transazione",97.8756,,1
run3-tbt-5s/regionale,regionale,5,202,17,c4,1CyRAtgWZSyPLhC773ckjxce1q6dYoQKSyNrqt,fee,-0.1116,rete (fee di blocco),"residuo fra il campione precedente e questo, una volta tolti i movimenti noti: e' la fee pagata (segno -) o incassata (segno +) nell'intervallo, non attribuibile a una singola transazione",97.764,,1
run3-tbt-5s/regionale,regionale,5,207,18,c4,1CyRAtgWZSyPLhC773ckjxce1q6dYoQKSyNrqt,fee,-0.056,rete (fee di blocco),"residuo fra il campione precedente e questo, una volta tolti i movimenti noti: e' la fee pagata (segno -) o incassata (segno +) nell'intervallo, non attribuibile a una singola transazione",97.708,,1
run3-tbt-5s/regionale,regionale,5,212,18,c4,1CyRAtgWZSyPLhC773ckjxce1q6dYoQKSyNrqt,fee,-0.112,rete (fee di blocco),"residuo fra il campione precedente e questo, una volta tolti i movimenti noti: e' la fee pagata (segno -) o incassata (segno +) nell'intervallo, non attribuibile a una singola transazione",97.596,,1
run3-tbt-5s/regionale,regionale,5,218,19,c4,1CyRAtgWZSyPLhC773ckjxce1q6dYoQKSyNrqt,fee,-0.056,rete (fee di blocco),"residuo fra il campione precedente e questo, una volta tolti i movimenti noti: e' la fee pagata (segno -) o incassata (segno +) nell'intervallo, non attribuibile a una singola transazione",97.54,,1
run3-tbt-5s/regionale,regionale,5,224,19,c4,1CyRAtgWZSyPLhC773ckjxce1q6dYoQKSyNrqt,fee,-0.1118,rete (fee di blocco),"residuo fra il campione precedente e questo, una volta tolti i movimenti noti: e' la fee pagata (segno -) o incassata (segno +) nell'intervallo, non attribuibile a una singola transazione",97.4282,,1
run3-tbt-5s/regionale,regionale,5,230,20,c4,1CyRAtgWZSyPLhC773ckjxce1q6dYoQKSyNrqt,fee,-0.056,rete (fee di blocco),"residuo fra il campione precedente e questo, una volta tolti i movimenti noti: e' la fee pagata (segno -) o incassata (segno +) nell'intervallo, non attribuibile a una singola transazione",97.3722,,1
run3-tbt-5s/regionale,regionale,5,236,20,c4,1CyRAtgWZSyPLhC773ckjxce1q6dYoQKSyNrqt,fee,-0.1116,rete (fee di blocco),"residuo fra il campione precedente e questo, una volta tolti i movimenti noti: e' la fee pagata (segno -) o incassata (segno +) nell'intervallo, non attribuibile a una singola transazione",97.2606,,1
run3-tbt-5s/regionale,regionale,5,242,21,c4,1CyRAtgWZSyPLhC773ckjxce1q6dYoQKSyNrqt,fee,-0.056,rete (fee di blocco),"residuo fra il campione precedente e questo, una volta tolti i movimenti noti: e' la fee pagata (segno -) o incassata (segno +) nell'intervallo, non attribuibile a una singola transazione",97.2046,,1
run3-tbt-5s/regionale,regionale,5,246,21,c4,1CyRAtgWZSyPLhC773ckjxce1q6dYoQKSyNrqt,fee,-0.1116,rete (fee di blocco),"residuo fra il campione precedente e questo, una volta tolti i movimenti noti: e' la fee pagata (segno -) o incassata (segno +) nell'intervallo, non attribuibile a una singola transazione",97.093,,1
run3-tbt-5s/regionale,regionale,5,251,21,c4,1CyRAtgWZSyPLhC773ckjxce1q6dYoQKSyNrqt,fee,-0.056,rete (fee di blocco),"residuo fra il campione precedente e questo, una volta tolti i movimenti noti: e' la fee pagata (segno -) o incassata (segno +) nell'intervallo, non attribuibile a una singola transazione",97.037,,1
run3-tbt-5s/regionale,regionale,5,255,22,c4,1CyRAtgWZSyPLhC773ckjxce1q6dYoQKSyNrqt,fee,-0.1118,rete (fee di blocco),"residuo fra il campione precedente e questo, una volta tolti i movimenti noti: e' la fee pagata (segno -) o incassata (segno +) nell'intervallo, non attribuibile a una singola transazione",96.9252,,1
run3-tbt-5s/regionale,regionale,5,260,22,c4,1CyRAtgWZSyPLhC773ckjxce1q6dYoQKSyNrqt,fee,-0.056,rete (fee di blocco),"residuo fra il campione precedente e questo, una volta tolti i movimenti noti: e' la fee pagata (segno -) o incassata (segno +) nell'intervallo, non attribuibile a una singola transazione",96.8692,,1
run3-tbt-5s/regionale,regionale,5,266,23,c4,1CyRAtgWZSyPLhC773ckjxce1q6dYoQKSyNrqt,fee,-0.112,rete (fee di blocco),"residuo fra il campione precedente e questo, una volta tolti i movimenti noti: e' la fee pagata (segno -) o incassata (segno +) nell'intervallo, non attribuibile a una singola transazione",96.7572,,1
run3-tbt-5s/regionale,regionale,5,270,23,c4,1CyRAtgWZSyPLhC773ckjxce1q6dYoQKSyNrqt,fee,-0.0558,rete (fee di blocco),"residuo fra il campione precedente e questo, una volta tolti i movimenti noti: e' la fee pagata (segno -) o incassata (segno +) nell'intervallo, non attribuibile a una singola transazione",96.7014,,1
run3-tbt-5s/regionale,regionale,5,275,23,c4,1CyRAtgWZSyPLhC773ckjxce1q6dYoQKSyNrqt,fee,-0.112,rete (fee di blocco),"residuo fra il campione precedente e questo, una volta tolti i movimenti noti: e' la fee pagata (segno -) o incassata (segno +) nell'intervallo, non attribuibile a una singola transazione",96.5894,,1
run3-tbt-5s/regionale,regionale,5,281,24,c4,1CyRAtgWZSyPLhC773ckjxce1q6dYoQKSyNrqt,fee,-0.0558,rete (fee di blocco),"residuo fra il campione precedente e questo, una volta tolti i movimenti noti: e' la fee pagata (segno -) o incassata (segno +) nell'intervallo, non attribuibile a una singola transazione",96.5336,,1
run3-tbt-5s/regionale,regionale,5,287,24,c4,1CyRAtgWZSyPLhC773ckjxce1q6dYoQKSyNrqt,fee,-0.1118,rete (fee di blocco),"residuo fra il campione precedente e questo, una volta tolti i movimenti noti: e' la fee pagata (segno -) o incassata (segno +) nell'intervallo, non attribuibile a una singola transazione",96.4218,,1
run3-tbt-5s/regionale,regionale,5,292,25,c4,1CyRAtgWZSyPLhC773ckjxce1q6dYoQKSyNrqt,fee,-0.056,rete (fee di blocco),"residuo fra il campione precedente e questo, una volta tolti i movimenti noti: e' la fee pagata (segno -) o incassata (segno +) nell'intervallo, non attribuibile a una singola transazione",96.3658,,1
run3-tbt-5s/regionale,regionale,5,298,25,c4,1CyRAtgWZSyPLhC773ckjxce1q6dYoQKSyNrqt,fee,-0.1118,rete (fee di blocco),"residuo fra il campione precedente e questo, una volta tolti i movimenti noti: e' la fee pagata (segno -) o incassata (segno +) nell'intervallo, non attribuibile a una singola transazione",96.254,,1
run3-tbt-5s/regionale,regionale,5,303,26,c4,1CyRAtgWZSyPLhC773ckjxce1q6dYoQKSyNrqt,fee,-0.056,rete (fee di blocco),"residuo fra il campione precedente e questo, una volta tolti i movimenti noti: e' la fee pagata (segno -) o incassata (segno +) nell'intervallo, non attribuibile a una singola transazione",96.198,,1
run3-tbt-5s/regionale,regionale,5,308,26,c4,1CyRAtgWZSyPLhC773ckjxce1q6dYoQKSyNrqt,fee,-0.1118,rete (fee di blocco),"residuo fra il campione precedente e questo, una volta tolti i movimenti noti: e' la fee pagata (segno -) o incassata (segno +) nell'intervallo, non attribuibile a una singola transazione",96.0862,,1
run3-tbt-5s/regionale,regionale,5,313,27,c4,1CyRAtgWZSyPLhC773ckjxce1q6dYoQKSyNrqt,fee,-0.056,rete (fee di blocco),"residuo fra il campione precedente e questo, una volta tolti i movimenti noti: e' la fee pagata (segno -) o incassata (segno +) nell'intervallo, non attribuibile a una singola transazione",96.0302,,1
run3-tbt-5s/regionale,regionale,5,318,27,c4,1CyRAtgWZSyPLhC773ckjxce1q6dYoQKSyNrqt,fee,-0.112,rete (fee di blocco),"residuo fra il campione precedente e questo, una volta tolti i movimenti noti: e' la fee pagata (segno -) o incassata (segno +) nell'intervallo, non attribuibile a una singola transazione",95.9182,,1
run3-tbt-5s/regionale,regionale,5,323,27,c4,1CyRAtgWZSyPLhC773ckjxce1q6dYoQKSyNrqt,fee,-0.0558,rete (fee di blocco),"residuo fra il campione precedente e questo, una volta tolti i movimenti noti: e' la fee pagata (segno -) o incassata (segno +) nell'intervallo, non attribuibile a una singola transazione",95.8624,,1
run3-tbt-5s/regionale,regionale,5,329,28,c4,1CyRAtgWZSyPLhC773ckjxce1q6dYoQKSyNrqt,fee,-0.1118,rete (fee di blocco),"residuo fra il campione precedente e questo, una volta tolti i movimenti noti: e' la fee pagata (segno -) o incassata (segno +) nell'intervallo, non attribuibile a una singola transazione",95.7506,,1
run3-tbt-5s/regionale,regionale,5,333,28,c4,1CyRAtgWZSyPLhC773ckjxce1q6dYoQKSyNrqt,fee,-0.0558,rete (fee di blocco),"residuo fra il campione precedente e questo, una volta tolti i movimenti noti: e' la fee pagata (segno -) o incassata (segno +) nell'intervallo, non attribuibile a una singola transazione",95.6948,,1
run3-tbt-5s/regionale,regionale,5,339,29,c4,1CyRAtgWZSyPLhC773ckjxce1q6dYoQKSyNrqt,fee,-0.1118,rete (fee di blocco),"residuo fra il campione precedente e questo, una volta tolti i movimenti noti: e' la fee pagata (segno -) o incassata (segno +) nell'intervallo, non attribuibile a una singola transazione",95.583,,1
run3-tbt-5s/regionale,regionale,5,344,29,c4,1CyRAtgWZSyPLhC773ckjxce1q6dYoQKSyNrqt,fee,-0.056,rete (fee di blocco),"residuo fra il campione precedente e questo, una volta tolti i movimenti noti: e' la fee pagata (segno -) o incassata (segno +) nell'intervallo, non attribuibile a una singola transazione",95.527,,1
run3-tbt-5s/regionale,regionale,5,349,30,c4,1CyRAtgWZSyPLhC773ckjxce1q6dYoQKSyNrqt,fee,-0.112,rete (fee di blocco),"residuo fra il campione precedente e questo, una volta tolti i movimenti noti: e' la fee pagata (segno -) o incassata (segno +) nell'intervallo, non attribuibile a una singola transazione",95.415,,1
run3-tbt-5s/regionale,regionale,5,354,30,c4,1CyRAtgWZSyPLhC773ckjxce1q6dYoQKSyNrqt,fee,-0.0558,rete (fee di blocco),"residuo fra il campione precedente e questo, una volta tolti i movimenti noti: e' la fee pagata (segno -) o incassata (segno +) nell'intervallo, non attribuibile a una singola transazione",95.3592,,1
run3-tbt-5s/regionale,regionale,5,359,30,c4,1CyRAtgWZSyPLhC773ckjxce1q6dYoQKSyNrqt,fee,-0.112,rete (fee di blocco),"residuo fra il campione precedente e questo, una volta tolti i movimenti noti: e' la fee pagata (segno -) o incassata (segno +) nell'intervallo, non attribuibile a una singola transazione",95.2472,,1
run3-tbt-5s/regionale,regionale,5,365,31,c4,1CyRAtgWZSyPLhC773ckjxce1q6dYoQKSyNrqt,fee,-0.056,rete (fee di blocco),"residuo fra il campione precedente e questo, una volta tolti i movimenti noti: e' la fee pagata (segno -) o incassata (segno +) nell'intervallo, non attribuibile a una singola transazione",95.1912,,1
run3-tbt-5s/regionale,regionale,5,369,31,c4,1CyRAtgWZSyPLhC773ckjxce1q6dYoQKSyNrqt,fee,-0.112,rete (fee di blocco),"residuo fra il campione precedente e questo, una volta tolti i movimenti noti: e' la fee pagata (segno -) o incassata (segno +) nell'intervallo, non attribuibile a una singola transazione",95.0792,,1
run3-tbt-5s/regionale,regionale,5,374,32,c4,1CyRAtgWZSyPLhC773ckjxce1q6dYoQKSyNrqt,fee,-0.056,rete (fee di blocco),"residuo fra il campione precedente e questo, una volta tolti i movimenti noti: e' la fee pagata (segno -) o incassata (segno +) nell'intervallo, non attribuibile a una singola transazione",95.0232,,1
run3-tbt-5s/regionale,regionale,5,379,32,c4,1CyRAtgWZSyPLhC773ckjxce1q6dYoQKSyNrqt,fee,-0.112,rete (fee di blocco),"residuo fra il campione precedente e questo, una volta tolti i movimenti noti: e' la fee pagata (segno -) o incassata (segno +) nell'intervallo, non attribuibile a una singola transazione",94.9112,,1
run3-tbt-5s/regionale,regionale,5,384,33,c4,1CyRAtgWZSyPLhC773ckjxce1q6dYoQKSyNrqt,fee,-0.0558,rete (fee di blocco),"residuo fra il campione precedente e questo, una volta tolti i movimenti noti: e' la fee pagata (segno -) o incassata (segno +) nell'intervallo, non attribuibile a una singola transazione",94.8554,,1
run3-tbt-5s/regionale,regionale,5,389,33,c4,1CyRAtgWZSyPLhC773ckjxce1q6dYoQKSyNrqt,fee,-0.112,rete (fee di blocco),"residuo fra il campione precedente e questo, una volta tolti i movimenti noti: e' la fee pagata (segno -) o incassata (segno +) nell'intervallo, non attribuibile a una singola transazione",94.7434,,1
run3-tbt-5s/regionale,regionale,5,394,33,c4,1CyRAtgWZSyPLhC773ckjxce1q6dYoQKSyNrqt,fee,-0.056,rete (fee di blocco),"residuo fra il campione precedente e questo, una volta tolti i movimenti noti: e' la fee pagata (segno -) o incassata (segno +) nell'intervallo, non attribuibile a una singola transazione",94.6874,,1
run3-tbt-5s/regionale,regionale,5,400,34,c4,1CyRAtgWZSyPLhC773ckjxce1q6dYoQKSyNrqt,fee,-0.112,rete (fee di blocco),"residuo fra il campione precedente e questo, una volta tolti i movimenti noti: e' la fee pagata (segno -) o incassata (segno +) nell'intervallo, non attribuibile a una singola transazione",94.5754,,1
run3-tbt-5s/regionale,regionale,5,404,34,c4,1CyRAtgWZSyPLhC773ckjxce1q6dYoQKSyNrqt,fee,-0.056,rete (fee di blocco),"residuo fra il campione precedente e questo, una volta tolti i movimenti noti: e' la fee pagata (segno -) o incassata (segno +) nell'intervallo, non attribuibile a una singola transazione",94.5194,,1
run3-tbt-5s/regionale,regionale,5,409,35,c4,1CyRAtgWZSyPLhC773ckjxce1q6dYoQKSyNrqt,fee,-0.112,rete (fee di blocco),"residuo fra il campione precedente e questo, una volta tolti i movimenti noti: e' la fee pagata (segno -) o incassata (segno +) nell'intervallo, non attribuibile a una singola transazione",94.4074,,1
run3-tbt-5s/regionale,regionale,5,414,35,c4,1CyRAtgWZSyPLhC773ckjxce1q6dYoQKSyNrqt,fee,-0.0558,rete (fee di blocco),"residuo fra il campione precedente e questo, una volta tolti i movimenti noti: e' la fee pagata (segno -) o incassata (segno +) nell'intervallo, non attribuibile a una singola transazione",94.3516,,1
run3-tbt-5s/regionale,regionale,5,416,35,c4,1CyRAtgWZSyPLhC773ckjxce1q6dYoQKSyNrqt,fee,0.281,rete (fee di blocco),"residuo fino al saldo di fine run letto da node_state.csv: per l'admin e' l'unica misura disponibile, gas_balances.csv non lo campiona",94.2956,,1
run3-tbt-5s/regionale,regionale,5,420,36,c4,1CyRAtgWZSyPLhC773ckjxce1q6dYoQKSyNrqt,fee,-0.1122,rete (fee di blocco),"residuo fra il campione precedente e questo, una volta tolti i movimenti noti: e' la fee pagata (segno -) o incassata (segno +) nell'intervallo, non attribuibile a una singola transazione",94.2394,,1
run3-tbt-5s/regionale,regionale,5,425,36,c4,1CyRAtgWZSyPLhC773ckjxce1q6dYoQKSyNrqt,fee,-0.0562,rete (fee di blocco),"residuo fra il campione precedente e questo, una volta tolti i movimenti noti: e' la fee pagata (segno -) o incassata (segno +) nell'intervallo, non attribuibile a una singola transazione",94.1832,,1
run3-tbt-5s/regionale,regionale,5,431,36,c4,1CyRAtgWZSyPLhC773ckjxce1q6dYoQKSyNrqt,fee,-0.1124,rete (fee di blocco),"residuo fra il campione precedente e questo, una volta tolti i movimenti noti: e' la fee pagata (segno -) o incassata (segno +) nell'intervallo, non attribuibile a una singola transazione",94.0708,,1
run3-tbt-5s/regionale,regionale,5,436,37,c4,1CyRAtgWZSyPLhC773ckjxce1q6dYoQKSyNrqt,fee,-0.0562,rete (fee di blocco),"residuo fra il campione precedente e questo, una volta tolti i movimenti noti: e' la fee pagata (segno -) o incassata (segno +) nell'intervallo, non attribuibile a una singola transazione",94.0146,,1
run3-tbt-5s/regionale,regionale,5,11,1,c5,1XZvMfDDwwKtNGuGmjcDCiMPgHW9iyKB5AV7kN,init,100.0,admin,dotazione iniziale,100.0,,1
run3-tbt-5s/regionale,regionale,5,67,6,c5,1XZvMfDDwwKtNGuGmjcDCiMPgHW9iyKB5AV7kN,fee,-0.1958,rete (fee di blocco),"residuo fra il campione precedente e questo, una volta tolti i movimenti noti: e' la fee pagata (segno -) o incassata (segno +) nell'intervallo, non attribuibile a una singola transazione",99.8042,,1
run3-tbt-5s/regionale,regionale,5,73,7,c5,1XZvMfDDwwKtNGuGmjcDCiMPgHW9iyKB5AV7kN,fee,-0.085,rete (fee di blocco),"residuo fra il campione precedente e questo, una volta tolti i movimenti noti: e' la fee pagata (segno -) o incassata (segno +) nell'intervallo, non attribuibile a una singola transazione",99.7192,,1
run3-tbt-5s/regionale,regionale,5,78,7,c5,1XZvMfDDwwKtNGuGmjcDCiMPgHW9iyKB5AV7kN,fee,-0.0556,rete (fee di blocco),"residuo fra il campione precedente e questo, una volta tolti i movimenti noti: e' la fee pagata (segno -) o incassata (segno +) nell'intervallo, non attribuibile a una singola transazione",99.6636,,1
run3-tbt-5s/regionale,regionale,5,85,8,c5,1XZvMfDDwwKtNGuGmjcDCiMPgHW9iyKB5AV7kN,fee,-0.0556,rete (fee di blocco),"residuo fra il campione precedente e questo, una volta tolti i movimenti noti: e' la fee pagata (segno -) o incassata (segno +) nell'intervallo, non attribuibile a una singola transazione",99.608,,1
run3-tbt-5s/regionale,regionale,5,91,8,c5,1XZvMfDDwwKtNGuGmjcDCiMPgHW9iyKB5AV7kN,fee,-0.0556,rete (fee di blocco),"residuo fra il campione precedente e questo, una volta tolti i movimenti noti: e' la fee pagata (segno -) o incassata (segno +) nell'intervallo, non attribuibile a una singola transazione",99.5524,,1
run3-tbt-5s/regionale,regionale,5,97,9,c5,1XZvMfDDwwKtNGuGmjcDCiMPgHW9iyKB5AV7kN,fee,-0.111,rete (fee di blocco),"residuo fra il campione precedente e questo, una volta tolti i movimenti noti: e' la fee pagata (segno -) o incassata (segno +) nell'intervallo, non attribuibile a una singola transazione",99.4414,,1
run3-tbt-5s/regionale,regionale,5,103,9,c5,1XZvMfDDwwKtNGuGmjcDCiMPgHW9iyKB5AV7kN,fee,-0.0558,rete (fee di blocco),"residuo fra il campione precedente e questo, una volta tolti i movimenti noti: e' la fee pagata (segno -) o incassata (segno +) nell'intervallo, non attribuibile a una singola transazione",99.3856,,1
run3-tbt-5s/regionale,regionale,5,109,10,c5,1XZvMfDDwwKtNGuGmjcDCiMPgHW9iyKB5AV7kN,fee,-0.0556,rete (fee di blocco),"residuo fra il campione precedente e questo, una volta tolti i movimenti noti: e' la fee pagata (segno -) o incassata (segno +) nell'intervallo, non attribuibile a una singola transazione",99.33,,1
run3-tbt-5s/regionale,regionale,5,114,10,c5,1XZvMfDDwwKtNGuGmjcDCiMPgHW9iyKB5AV7kN,fee,-0.056,rete (fee di blocco),"residuo fra il campione precedente e questo, una volta tolti i movimenti noti: e' la fee pagata (segno -) o incassata (segno +) nell'intervallo, non attribuibile a una singola transazione",99.274,,1
run3-tbt-5s/regionale,regionale,5,119,10,c5,1XZvMfDDwwKtNGuGmjcDCiMPgHW9iyKB5AV7kN,fee,-0.056,rete (fee di blocco),"residuo fra il campione precedente e questo, una volta tolti i movimenti noti: e' la fee pagata (segno -) o incassata (segno +) nell'intervallo, non attribuibile a una singola transazione",99.218,,1
run3-tbt-5s/regionale,regionale,5,124,11,c5,1XZvMfDDwwKtNGuGmjcDCiMPgHW9iyKB5AV7kN,fee,-0.112,rete (fee di blocco),"residuo fra il campione precedente e questo, una volta tolti i movimenti noti: e' la fee pagata (segno -) o incassata (segno +) nell'intervallo, non attribuibile a una singola transazione",99.106,,1
run3-tbt-5s/regionale,regionale,5,131,11,c5,1XZvMfDDwwKtNGuGmjcDCiMPgHW9iyKB5AV7kN,fee,-0.056,rete (fee di blocco),"residuo fra il campione precedente e questo, una volta tolti i movimenti noti: e' la fee pagata (segno -) o incassata (segno +) nell'intervallo, non attribuibile a una singola transazione",99.05,,1
run3-tbt-5s/regionale,regionale,5,137,12,c5,1XZvMfDDwwKtNGuGmjcDCiMPgHW9iyKB5AV7kN,fee,-0.056,rete (fee di blocco),"residuo fra il campione precedente e questo, una volta tolti i movimenti noti: e' la fee pagata (segno -) o incassata (segno +) nell'intervallo, non attribuibile a una singola transazione",98.994,,1
run3-tbt-5s/regionale,regionale,5,143,12,c5,1XZvMfDDwwKtNGuGmjcDCiMPgHW9iyKB5AV7kN,fee,-0.056,rete (fee di blocco),"residuo fra il campione precedente e questo, una volta tolti i movimenti noti: e' la fee pagata (segno -) o incassata (segno +) nell'intervallo, non attribuibile a una singola transazione",98.938,,1
run3-tbt-5s/regionale,regionale,5,149,13,c5,1XZvMfDDwwKtNGuGmjcDCiMPgHW9iyKB5AV7kN,fee,-0.0558,rete (fee di blocco),"residuo fra il campione precedente e questo, una volta tolti i movimenti noti: e' la fee pagata (segno -) o incassata (segno +) nell'intervallo, non attribuibile a una singola transazione",98.8822,,1
run3-tbt-5s/regionale,regionale,5,153,13,c5,1XZvMfDDwwKtNGuGmjcDCiMPgHW9iyKB5AV7kN,fee,-0.1116,rete (fee di blocco),"residuo fra il campione precedente e questo, una volta tolti i movimenti noti: e' la fee pagata (segno -) o incassata (segno +) nell'intervallo, non attribuibile a una singola transazione",98.7706,,1
run3-tbt-5s/regionale,regionale,5,159,14,c5,1XZvMfDDwwKtNGuGmjcDCiMPgHW9iyKB5AV7kN,fee,-0.056,rete (fee di blocco),"residuo fra il campione precedente e questo, una volta tolti i movimenti noti: e' la fee pagata (segno -) o incassata (segno +) nell'intervallo, non attribuibile a una singola transazione",98.7146,,1
run3-tbt-5s/regionale,regionale,5,164,14,c5,1XZvMfDDwwKtNGuGmjcDCiMPgHW9iyKB5AV7kN,fee,-0.056,rete (fee di blocco),"residuo fra il campione precedente e questo, una volta tolti i movimenti noti: e' la fee pagata (segno -) o incassata (segno +) nell'intervallo, non attribuibile a una singola transazione",98.6586,,1
run3-tbt-5s/regionale,regionale,5,169,15,c5,1XZvMfDDwwKtNGuGmjcDCiMPgHW9iyKB5AV7kN,fee,-0.0558,rete (fee di blocco),"residuo fra il campione precedente e questo, una volta tolti i movimenti noti: e' la fee pagata (segno -) o incassata (segno +) nell'intervallo, non attribuibile a una singola transazione",98.6028,,1
run3-tbt-5s/regionale,regionale,5,174,15,c5,1XZvMfDDwwKtNGuGmjcDCiMPgHW9iyKB5AV7kN,fee,-0.056,rete (fee di blocco),"residuo fra il campione precedente e questo, una volta tolti i movimenti noti: e' la fee pagata (segno -) o incassata (segno +) nell'intervallo, non attribuibile a una singola transazione",98.5468,,1
run3-tbt-5s/regionale,regionale,5,181,16,c5,1XZvMfDDwwKtNGuGmjcDCiMPgHW9iyKB5AV7kN,fee,-0.1116,rete (fee di blocco),"residuo fra il campione precedente e questo, una volta tolti i movimenti noti: e' la fee pagata (segno -) o incassata (segno +) nell'intervallo, non attribuibile a una singola transazione",98.4352,,1
run3-tbt-5s/regionale,regionale,5,186,16,c5,1XZvMfDDwwKtNGuGmjcDCiMPgHW9iyKB5AV7kN,fee,-0.0558,rete (fee di blocco),"residuo fra il campione precedente e questo, una volta tolti i movimenti noti: e' la fee pagata (segno -) o incassata (segno +) nell'intervallo, non attribuibile a una singola transazione",98.3794,,1
run3-tbt-5s/regionale,regionale,5,191,16,c5,1XZvMfDDwwKtNGuGmjcDCiMPgHW9iyKB5AV7kN,fee,-0.0558,rete (fee di blocco),"residuo fra il campione precedente e questo, una volta tolti i movimenti noti: e' la fee pagata (segno -) o incassata (segno +) nell'intervallo, non attribuibile a una singola transazione",98.3236,,1
run3-tbt-5s/regionale,regionale,5,196,17,c5,1XZvMfDDwwKtNGuGmjcDCiMPgHW9iyKB5AV7kN,fee,-0.056,rete (fee di blocco),"residuo fra il campione precedente e questo, una volta tolti i movimenti noti: e' la fee pagata (segno -) o incassata (segno +) nell'intervallo, non attribuibile a una singola transazione",98.2676,,1
run3-tbt-5s/regionale,regionale,5,202,17,c5,1XZvMfDDwwKtNGuGmjcDCiMPgHW9iyKB5AV7kN,fee,-0.0558,rete (fee di blocco),"residuo fra il campione precedente e questo, una volta tolti i movimenti noti: e' la fee pagata (segno -) o incassata (segno +) nell'intervallo, non attribuibile a una singola transazione",98.2118,,1
run3-tbt-5s/regionale,regionale,5,207,18,c5,1XZvMfDDwwKtNGuGmjcDCiMPgHW9iyKB5AV7kN,fee,-0.1118,rete (fee di blocco),"residuo fra il campione precedente e questo, una volta tolti i movimenti noti: e' la fee pagata (segno -) o incassata (segno +) nell'intervallo, non attribuibile a una singola transazione",98.1,,1
run3-tbt-5s/regionale,regionale,5,212,18,c5,1XZvMfDDwwKtNGuGmjcDCiMPgHW9iyKB5AV7kN,fee,-0.056,rete (fee di blocco),"residuo fra il campione precedente e questo, una volta tolti i movimenti noti: e' la fee pagata (segno -) o incassata (segno +) nell'intervallo, non attribuibile a una singola transazione",98.044,,1
run3-tbt-5s/regionale,regionale,5,218,19,c5,1XZvMfDDwwKtNGuGmjcDCiMPgHW9iyKB5AV7kN,fee,-0.056,rete (fee di blocco),"residuo fra il campione precedente e questo, una volta tolti i movimenti noti: e' la fee pagata (segno -) o incassata (segno +) nell'intervallo, non attribuibile a una singola transazione",97.988,,1
run3-tbt-5s/regionale,regionale,5,224,19,c5,1XZvMfDDwwKtNGuGmjcDCiMPgHW9iyKB5AV7kN,fee,-0.056,rete (fee di blocco),"residuo fra il campione precedente e questo, una volta tolti i movimenti noti: e' la fee pagata (segno -) o incassata (segno +) nell'intervallo, non attribuibile a una singola transazione",97.932,,1
run3-tbt-5s/regionale,regionale,5,230,20,c5,1XZvMfDDwwKtNGuGmjcDCiMPgHW9iyKB5AV7kN,fee,-0.056,rete (fee di blocco),"residuo fra il campione precedente e questo, una volta tolti i movimenti noti: e' la fee pagata (segno -) o incassata (segno +) nell'intervallo, non attribuibile a una singola transazione",97.876,,1
run3-tbt-5s/regionale,regionale,5,236,20,c5,1XZvMfDDwwKtNGuGmjcDCiMPgHW9iyKB5AV7kN,fee,-0.1118,rete (fee di blocco),"residuo fra il campione precedente e questo, una volta tolti i movimenti noti: e' la fee pagata (segno -) o incassata (segno +) nell'intervallo, non attribuibile a una singola transazione",97.7642,,1
run3-tbt-5s/regionale,regionale,5,242,21,c5,1XZvMfDDwwKtNGuGmjcDCiMPgHW9iyKB5AV7kN,fee,-0.0558,rete (fee di blocco),"residuo fra il campione precedente e questo, una volta tolti i movimenti noti: e' la fee pagata (segno -) o incassata (segno +) nell'intervallo, non attribuibile a una singola transazione",97.7084,,1
run3-tbt-5s/regionale,regionale,5,246,21,c5,1XZvMfDDwwKtNGuGmjcDCiMPgHW9iyKB5AV7kN,fee,-0.056,rete (fee di blocco),"residuo fra il campione precedente e questo, una volta tolti i movimenti noti: e' la fee pagata (segno -) o incassata (segno +) nell'intervallo, non attribuibile a una singola transazione",97.6524,,1
run3-tbt-5s/regionale,regionale,5,251,21,c5,1XZvMfDDwwKtNGuGmjcDCiMPgHW9iyKB5AV7kN,fee,-0.0558,rete (fee di blocco),"residuo fra il campione precedente e questo, una volta tolti i movimenti noti: e' la fee pagata (segno -) o incassata (segno +) nell'intervallo, non attribuibile a una singola transazione",97.5966,,1
run3-tbt-5s/regionale,regionale,5,255,22,c5,1XZvMfDDwwKtNGuGmjcDCiMPgHW9iyKB5AV7kN,fee,-0.056,rete (fee di blocco),"residuo fra il campione precedente e questo, una volta tolti i movimenti noti: e' la fee pagata (segno -) o incassata (segno +) nell'intervallo, non attribuibile a una singola transazione",97.5406,,1
run3-tbt-5s/regionale,regionale,5,260,22,c5,1XZvMfDDwwKtNGuGmjcDCiMPgHW9iyKB5AV7kN,fee,-0.1118,rete (fee di blocco),"residuo fra il campione precedente e questo, una volta tolti i movimenti noti: e' la fee pagata (segno -) o incassata (segno +) nell'intervallo, non attribuibile a una singola transazione",97.4288,,1
run3-tbt-5s/regionale,regionale,5,266,23,c5,1XZvMfDDwwKtNGuGmjcDCiMPgHW9iyKB5AV7kN,fee,-0.056,rete (fee di blocco),"residuo fra il campione precedente e questo, una volta tolti i movimenti noti: e' la fee pagata (segno -) o incassata (segno +) nell'intervallo, non attribuibile a una singola transazione",97.3728,,1
run3-tbt-5s/regionale,regionale,5,270,23,c5,1XZvMfDDwwKtNGuGmjcDCiMPgHW9iyKB5AV7kN,fee,-0.0558,rete (fee di blocco),"residuo fra il campione precedente e questo, una volta tolti i movimenti noti: e' la fee pagata (segno -) o incassata (segno +) nell'intervallo, non attribuibile a una singola transazione",97.317,,1
run3-tbt-5s/regionale,regionale,5,275,23,c5,1XZvMfDDwwKtNGuGmjcDCiMPgHW9iyKB5AV7kN,fee,-0.056,rete (fee di blocco),"residuo fra il campione precedente e questo, una volta tolti i movimenti noti: e' la fee pagata (segno -) o incassata (segno +) nell'intervallo, non attribuibile a una singola transazione",97.261,,1
run3-tbt-5s/regionale,regionale,5,281,24,c5,1XZvMfDDwwKtNGuGmjcDCiMPgHW9iyKB5AV7kN,fee,-0.056,rete (fee di blocco),"residuo fra il campione precedente e questo, una volta tolti i movimenti noti: e' la fee pagata (segno -) o incassata (segno +) nell'intervallo, non attribuibile a una singola transazione",97.205,,1
run3-tbt-5s/regionale,regionale,5,287,24,c5,1XZvMfDDwwKtNGuGmjcDCiMPgHW9iyKB5AV7kN,fee,-0.112,rete (fee di blocco),"residuo fra il campione precedente e questo, una volta tolti i movimenti noti: e' la fee pagata (segno -) o incassata (segno +) nell'intervallo, non attribuibile a una singola transazione",97.093,,1
run3-tbt-5s/regionale,regionale,5,292,25,c5,1XZvMfDDwwKtNGuGmjcDCiMPgHW9iyKB5AV7kN,fee,-0.0558,rete (fee di blocco),"residuo fra il campione precedente e questo, una volta tolti i movimenti noti: e' la fee pagata (segno -) o incassata (segno +) nell'intervallo, non attribuibile a una singola transazione",97.0372,,1
run3-tbt-5s/regionale,regionale,5,298,25,c5,1XZvMfDDwwKtNGuGmjcDCiMPgHW9iyKB5AV7kN,fee,-0.0558,rete (fee di blocco),"residuo fra il campione precedente e questo, una volta tolti i movimenti noti: e' la fee pagata (segno -) o incassata (segno +) nell'intervallo, non attribuibile a una singola transazione",96.9814,,1
run3-tbt-5s/regionale,regionale,5,303,26,c5,1XZvMfDDwwKtNGuGmjcDCiMPgHW9iyKB5AV7kN,fee,-0.056,rete (fee di blocco),"residuo fra il campione precedente e questo, una volta tolti i movimenti noti: e' la fee pagata (segno -) o incassata (segno +) nell'intervallo, non attribuibile a una singola transazione",96.9254,,1
run3-tbt-5s/regionale,regionale,5,308,26,c5,1XZvMfDDwwKtNGuGmjcDCiMPgHW9iyKB5AV7kN,fee,-0.112,rete (fee di blocco),"residuo fra il campione precedente e questo, una volta tolti i movimenti noti: e' la fee pagata (segno -) o incassata (segno +) nell'intervallo, non attribuibile a una singola transazione",96.8134,,1
run3-tbt-5s/regionale,regionale,5,313,27,c5,1XZvMfDDwwKtNGuGmjcDCiMPgHW9iyKB5AV7kN,fee,-0.0558,rete (fee di blocco),"residuo fra il campione precedente e questo, una volta tolti i movimenti noti: e' la fee pagata (segno -) o incassata (segno +) nell'intervallo, non attribuibile a una singola transazione",96.7576,,1
run3-tbt-5s/regionale,regionale,5,318,27,c5,1XZvMfDDwwKtNGuGmjcDCiMPgHW9iyKB5AV7kN,fee,-0.056,rete (fee di blocco),"residuo fra il campione precedente e questo, una volta tolti i movimenti noti: e' la fee pagata (segno -) o incassata (segno +) nell'intervallo, non attribuibile a una singola transazione",96.7016,,1
run3-tbt-5s/regionale,regionale,5,323,27,c5,1XZvMfDDwwKtNGuGmjcDCiMPgHW9iyKB5AV7kN,fee,-0.056,rete (fee di blocco),"residuo fra il campione precedente e questo, una volta tolti i movimenti noti: e' la fee pagata (segno -) o incassata (segno +) nell'intervallo, non attribuibile a una singola transazione",96.6456,,1
run3-tbt-5s/regionale,regionale,5,329,28,c5,1XZvMfDDwwKtNGuGmjcDCiMPgHW9iyKB5AV7kN,fee,-0.056,rete (fee di blocco),"residuo fra il campione precedente e questo, una volta tolti i movimenti noti: e' la fee pagata (segno -) o incassata (segno +) nell'intervallo, non attribuibile a una singola transazione",96.5896,,1
run3-tbt-5s/regionale,regionale,5,333,28,c5,1XZvMfDDwwKtNGuGmjcDCiMPgHW9iyKB5AV7kN,fee,-0.1118,rete (fee di blocco),"residuo fra il campione precedente e questo, una volta tolti i movimenti noti: e' la fee pagata (segno -) o incassata (segno +) nell'intervallo, non attribuibile a una singola transazione",96.4778,,1
run3-tbt-5s/regionale,regionale,5,339,29,c5,1XZvMfDDwwKtNGuGmjcDCiMPgHW9iyKB5AV7kN,fee,-0.0558,rete (fee di blocco),"residuo fra il campione precedente e questo, una volta tolti i movimenti noti: e' la fee pagata (segno -) o incassata (segno +) nell'intervallo, non attribuibile a una singola transazione",96.422,,1
run3-tbt-5s/regionale,regionale,5,344,29,c5,1XZvMfDDwwKtNGuGmjcDCiMPgHW9iyKB5AV7kN,fee,-0.056,rete (fee di blocco),"residuo fra il campione precedente e questo, una volta tolti i movimenti noti: e' la fee pagata (segno -) o incassata (segno +) nell'intervallo, non attribuibile a una singola transazione",96.366,,1
run3-tbt-5s/regionale,regionale,5,349,30,c5,1XZvMfDDwwKtNGuGmjcDCiMPgHW9iyKB5AV7kN,fee,-0.056,rete (fee di blocco),"residuo fra il campione precedente e questo, una volta tolti i movimenti noti: e' la fee pagata (segno -) o incassata (segno +) nell'intervallo, non attribuibile a una singola transazione",96.31,,1
run3-tbt-5s/regionale,regionale,5,354,30,c5,1XZvMfDDwwKtNGuGmjcDCiMPgHW9iyKB5AV7kN,fee,-0.0558,rete (fee di blocco),"residuo fra il campione precedente e questo, una volta tolti i movimenti noti: e' la fee pagata (segno -) o incassata (segno +) nell'intervallo, non attribuibile a una singola transazione",96.2542,,1
run3-tbt-5s/regionale,regionale,5,359,30,c5,1XZvMfDDwwKtNGuGmjcDCiMPgHW9iyKB5AV7kN,fee,-0.112,rete (fee di blocco),"residuo fra il campione precedente e questo, una volta tolti i movimenti noti: e' la fee pagata (segno -) o incassata (segno +) nell'intervallo, non attribuibile a una singola transazione",96.1422,,1
run3-tbt-5s/regionale,regionale,5,365,31,c5,1XZvMfDDwwKtNGuGmjcDCiMPgHW9iyKB5AV7kN,fee,-0.056,rete (fee di blocco),"residuo fra il campione precedente e questo, una volta tolti i movimenti noti: e' la fee pagata (segno -) o incassata (segno +) nell'intervallo, non attribuibile a una singola transazione",96.0862,,1
run3-tbt-5s/regionale,regionale,5,369,31,c5,1XZvMfDDwwKtNGuGmjcDCiMPgHW9iyKB5AV7kN,fee,-0.0558,rete (fee di blocco),"residuo fra il campione precedente e questo, una volta tolti i movimenti noti: e' la fee pagata (segno -) o incassata (segno +) nell'intervallo, non attribuibile a una singola transazione",96.0304,,1
run3-tbt-5s/regionale,regionale,5,374,32,c5,1XZvMfDDwwKtNGuGmjcDCiMPgHW9iyKB5AV7kN,fee,-0.056,rete (fee di blocco),"residuo fra il campione precedente e questo, una volta tolti i movimenti noti: e' la fee pagata (segno -) o incassata (segno +) nell'intervallo, non attribuibile a una singola transazione",95.9744,,1
run3-tbt-5s/regionale,regionale,5,379,32,c5,1XZvMfDDwwKtNGuGmjcDCiMPgHW9iyKB5AV7kN,fee,-0.0558,rete (fee di blocco),"residuo fra il campione precedente e questo, una volta tolti i movimenti noti: e' la fee pagata (segno -) o incassata (segno +) nell'intervallo, non attribuibile a una singola transazione",95.9186,,1
run3-tbt-5s/regionale,regionale,5,384,33,c5,1XZvMfDDwwKtNGuGmjcDCiMPgHW9iyKB5AV7kN,fee,-0.112,rete (fee di blocco),"residuo fra il campione precedente e questo, una volta tolti i movimenti noti: e' la fee pagata (segno -) o incassata (segno +) nell'intervallo, non attribuibile a una singola transazione",95.8066,,1
run3-tbt-5s/regionale,regionale,5,389,33,c5,1XZvMfDDwwKtNGuGmjcDCiMPgHW9iyKB5AV7kN,fee,-0.056,rete (fee di blocco),"residuo fra il campione precedente e questo, una volta tolti i movimenti noti: e' la fee pagata (segno -) o incassata (segno +) nell'intervallo, non attribuibile a una singola transazione",95.7506,,1
run3-tbt-5s/regionale,regionale,5,394,33,c5,1XZvMfDDwwKtNGuGmjcDCiMPgHW9iyKB5AV7kN,fee,-0.056,rete (fee di blocco),"residuo fra il campione precedente e questo, una volta tolti i movimenti noti: e' la fee pagata (segno -) o incassata (segno +) nell'intervallo, non attribuibile a una singola transazione",95.6946,,1
run3-tbt-5s/regionale,regionale,5,400,34,c5,1XZvMfDDwwKtNGuGmjcDCiMPgHW9iyKB5AV7kN,fee,-0.056,rete (fee di blocco),"residuo fra il campione precedente e questo, una volta tolti i movimenti noti: e' la fee pagata (segno -) o incassata (segno +) nell'intervallo, non attribuibile a una singola transazione",95.6386,,1
run3-tbt-5s/regionale,regionale,5,404,34,c5,1XZvMfDDwwKtNGuGmjcDCiMPgHW9iyKB5AV7kN,fee,-0.0558,rete (fee di blocco),"residuo fra il campione precedente e questo, una volta tolti i movimenti noti: e' la fee pagata (segno -) o incassata (segno +) nell'intervallo, non attribuibile a una singola transazione",95.5828,,1
run3-tbt-5s/regionale,regionale,5,409,35,c5,1XZvMfDDwwKtNGuGmjcDCiMPgHW9iyKB5AV7kN,fee,-0.112,rete (fee di blocco),"residuo fra il campione precedente e questo, una volta tolti i movimenti noti: e' la fee pagata (segno -) o incassata (segno +) nell'intervallo, non attribuibile a una singola transazione",95.4708,,1
run3-tbt-5s/regionale,regionale,5,414,35,c5,1XZvMfDDwwKtNGuGmjcDCiMPgHW9iyKB5AV7kN,fee,-0.0558,rete (fee di blocco),"residuo fra il campione precedente e questo, una volta tolti i movimenti noti: e' la fee pagata (segno -) o incassata (segno +) nell'intervallo, non attribuibile a una singola transazione",95.415,,1
run3-tbt-5s/regionale,regionale,5,416,35,c5,1XZvMfDDwwKtNGuGmjcDCiMPgHW9iyKB5AV7kN,fee,0.28,rete (fee di blocco),"residuo fino al saldo di fine run letto da node_state.csv: per l'admin e' l'unica misura disponibile, gas_balances.csv non lo campiona",95.415,,1
run3-tbt-5s/regionale,regionale,5,420,36,c5,1XZvMfDDwwKtNGuGmjcDCiMPgHW9iyKB5AV7kN,fee,-0.056,rete (fee di blocco),"residuo fra il campione precedente e questo, una volta tolti i movimenti noti: e' la fee pagata (segno -) o incassata (segno +) nell'intervallo, non attribuibile a una singola transazione",95.359,,1
run3-tbt-5s/regionale,regionale,5,425,36,c5,1XZvMfDDwwKtNGuGmjcDCiMPgHW9iyKB5AV7kN,fee,-0.056,rete (fee di blocco),"residuo fra il campione precedente e questo, una volta tolti i movimenti noti: e' la fee pagata (segno -) o incassata (segno +) nell'intervallo, non attribuibile a una singola transazione",95.303,,1
run3-tbt-5s/regionale,regionale,5,431,36,c5,1XZvMfDDwwKtNGuGmjcDCiMPgHW9iyKB5AV7kN,fee,-0.056,rete (fee di blocco),"residuo fra il campione precedente e questo, una volta tolti i movimenti noti: e' la fee pagata (segno -) o incassata (segno +) nell'intervallo, non attribuibile a una singola transazione",95.247,,1
run3-tbt-5s/regionale,regionale,5,436,37,c5,1XZvMfDDwwKtNGuGmjcDCiMPgHW9iyKB5AV7kN,fee,-0.112,rete (fee di blocco),"residuo fra il campione precedente e questo, una volta tolti i movimenti noti: e' la fee pagata (segno -) o incassata (segno +) nell'intervallo, non attribuibile a una singola transazione",95.135,,1
run3-tbt-5s/regionale,regionale,5,11,1,ca,1AnuNxz34K9wxMmun5vwK7Ejy6kxBEwiR3p7WT,init,50.0,admin,dotazione iniziale,50.0,,1
run3-tbt-5s/regionale,regionale,5,67,6,ca,1AnuNxz34K9wxMmun5vwK7Ejy6kxBEwiR3p7WT,fee,-0.6438,rete (fee di blocco),"residuo fra il campione precedente e questo, una volta tolti i movimenti noti: e' la fee pagata (segno -) o incassata (segno +) nell'intervallo, non attribuibile a una singola transazione",49.3562,,1
run3-tbt-5s/regionale,regionale,5,11,1,m1,12zTjgCumTMomJBYYnuKAixmrhW7dXX12NKDwg,init,50.0,admin,dotazione iniziale,50.0,,1
run3-tbt-5s/regionale,regionale,5,67,6,m1,12zTjgCumTMomJBYYnuKAixmrhW7dXX12NKDwg,refill,100.0,admin,rifornimento sotto soglia,150.0,,1
run3-tbt-5s/regionale,regionale,5,67,6,m1,12zTjgCumTMomJBYYnuKAixmrhW7dXX12NKDwg,fee,-145.6613,rete (fee di blocco),"residuo fra il campione precedente e questo, una volta tolti i movimenti noti: e' la fee pagata (segno -) o incassata (segno +) nell'intervallo, non attribuibile a una singola transazione",4.3387,,1
run3-tbt-5s/regionale,regionale,5,68,6,m1,12zTjgCumTMomJBYYnuKAixmrhW7dXX12NKDwg,fee,45.3395,rete (fee di blocco),residuo verso il saldo che il nodo stesso ha letto subito prima di spendere: chiude lo scarto fra le due fonti di saldo,49.6782,,1
run3-tbt-5s/regionale,regionale,5,68,6,m1,12zTjgCumTMomJBYYnuKAixmrhW7dXX12NKDwg,reconcile,-45.2943,treasury,riconciliazione al treasury: e' la R_k dell'epoca (Def. 6.7),4.3839,,1
run3-tbt-5s/regionale,regionale,5,73,7,m1,12zTjgCumTMomJBYYnuKAixmrhW7dXX12NKDwg,refill,100.0,admin,rifornimento sotto soglia,104.3839,,1
run3-tbt-5s/regionale,regionale,5,73,7,m1,12zTjgCumTMomJBYYnuKAixmrhW7dXX12NKDwg,fee,-97.3035,rete (fee di blocco),"residuo fra il campione precedente e questo, una volta tolti i movimenti noti: e' la fee pagata (segno -) o incassata (segno +) nell'intervallo, non attribuibile a una singola transazione",7.0804,,1
run3-tbt-5s/regionale,regionale,5,74,7,m1,12zTjgCumTMomJBYYnuKAixmrhW7dXX12NKDwg,fee,97.4283,rete (fee di blocco),residuo verso il saldo che il nodo stesso ha letto subito prima di spendere: chiude lo scarto fra le due fonti di saldo,104.5087,,1
run3-tbt-5s/regionale,regionale,5,74,7,m1,12zTjgCumTMomJBYYnuKAixmrhW7dXX12NKDwg,reconcile,-97.3833,treasury,riconciliazione al treasury: e' la R_k dell'epoca (Def. 6.7),7.1254,,1
run3-tbt-5s/regionale,regionale,5,78,7,m1,12zTjgCumTMomJBYYnuKAixmrhW7dXX12NKDwg,fee,100.7012,rete (fee di blocco),"residuo fra il campione precedente e questo, una volta tolti i movimenti noti: e' la fee pagata (segno -) o incassata (segno +) nell'intervallo, non attribuibile a una singola transazione",107.8266,,1
run3-tbt-5s/regionale,regionale,5,85,8,m1,12zTjgCumTMomJBYYnuKAixmrhW7dXX12NKDwg,refill,100.0,admin,rifornimento sotto soglia,207.8266,,1
run3-tbt-5s/regionale,regionale,5,85,8,m1,12zTjgCumTMomJBYYnuKAixmrhW7dXX12NKDwg,fee,-200.7459,rete (fee di blocco),"residuo fra il campione precedente e questo, una volta tolti i movimenti noti: e' la fee pagata (segno -) o incassata (segno +) nell'intervallo, non attribuibile a una singola transazione",7.0807,,1
run3-tbt-5s/regionale,regionale,5,86,8,m1,12zTjgCumTMomJBYYnuKAixmrhW7dXX12NKDwg,fee,100.9685,rete (fee di blocco),residuo verso il saldo che il nodo stesso ha letto subito prima di spendere: chiude lo scarto fra le due fonti di saldo,108.0492,,1
run3-tbt-5s/regionale,regionale,5,86,8,m1,12zTjgCumTMomJBYYnuKAixmrhW7dXX12NKDwg,reconcile,-100.7467,treasury,riconciliazione al treasury: e' la R_k dell'epoca (Def. 6.7),7.3025,,1
run3-tbt-5s/regionale,regionale,5,91,8,m1,12zTjgCumTMomJBYYnuKAixmrhW7dXX12NKDwg,fee,100.1564,rete (fee di blocco),"residuo fra il campione precedente e questo, una volta tolti i movimenti noti: e' la fee pagata (segno -) o incassata (segno +) nell'intervallo, non attribuibile a una singola transazione",107.4589,,1
run3-tbt-5s/regionale,regionale,5,97,9,m1,12zTjgCumTMomJBYYnuKAixmrhW7dXX12NKDwg,refill,100.0,admin,rifornimento sotto soglia,207.4589,,1
run3-tbt-5s/regionale,regionale,5,97,9,m1,12zTjgCumTMomJBYYnuKAixmrhW7dXX12NKDwg,fee,-200.3183,rete (fee di blocco),"residuo fra il campione precedente e questo, una volta tolti i movimenti noti: e' la fee pagata (segno -) o incassata (segno +) nell'intervallo, non attribuibile a una singola transazione",7.1406,,1
run3-tbt-5s/regionale,regionale,5,98,9,m1,12zTjgCumTMomJBYYnuKAixmrhW7dXX12NKDwg,fee,100.9305,rete (fee di blocco),residuo verso il saldo che il nodo stesso ha letto subito prima di spendere: chiude lo scarto fra le due fonti di saldo,108.0711,,1
run3-tbt-5s/regionale,regionale,5,98,9,m1,12zTjgCumTMomJBYYnuKAixmrhW7dXX12NKDwg,reconcile,-100.7675,treasury,riconciliazione al treasury: e' la R_k dell'epoca (Def. 6.7),7.3036,,1
run3-tbt-5s/regionale,regionale,5,103,9,m1,12zTjgCumTMomJBYYnuKAixmrhW7dXX12NKDwg,fee,100.5018,rete (fee di blocco),"residuo fra il campione precedente e questo, una volta tolti i movimenti noti: e' la fee pagata (segno -) o incassata (segno +) nell'intervallo, non attribuibile a una singola transazione",107.8054,,1
run3-tbt-5s/regionale,regionale,5,109,10,m1,12zTjgCumTMomJBYYnuKAixmrhW7dXX12NKDwg,refill,100.0,admin,rifornimento sotto soglia,207.8054,,1
run3-tbt-5s/regionale,regionale,5,109,10,m1,12zTjgCumTMomJBYYnuKAixmrhW7dXX12NKDwg,fee,-200.7684,rete (fee di blocco),"residuo fra il campione precedente e questo, una volta tolti i movimenti noti: e' la fee pagata (segno -) o incassata (segno +) nell'intervallo, non attribuibile a una singola transazione",7.037,,1
run3-tbt-5s/regionale,regionale,5,110,10,m1,12zTjgCumTMomJBYYnuKAixmrhW7dXX12NKDwg,fee,101.327,rete (fee di blocco),residuo verso il saldo che il nodo stesso ha letto subito prima di spendere: chiude lo scarto fra le due fonti di saldo,108.364,,1
run3-tbt-5s/regionale,regionale,5,110,10,m1,12zTjgCumTMomJBYYnuKAixmrhW7dXX12NKDwg,reconcile,-101.0458,treasury,riconciliazione al treasury: e' la R_k dell'epoca (Def. 6.7),7.3182,,1
run3-tbt-5s/regionale,regionale,5,114,10,m1,12zTjgCumTMomJBYYnuKAixmrhW7dXX12NKDwg,fee,100.7966,rete (fee di blocco),"residuo fra il campione precedente e questo, una volta tolti i movimenti noti: e' la fee pagata (segno -) o incassata (segno +) nell'intervallo, non attribuibile a una singola transazione",108.1148,,1
run3-tbt-5s/regionale,regionale,5,119,10,m1,12zTjgCumTMomJBYYnuKAixmrhW7dXX12NKDwg,fee,0.6646,rete (fee di blocco),"residuo fra il campione precedente e questo, una volta tolti i movimenti noti: e' la fee pagata (segno -) o incassata (segno +) nell'intervallo, non attribuibile a una singola transazione",108.7794,,1
run3-tbt-5s/regionale,regionale,5,122,11,m1,12zTjgCumTMomJBYYnuKAixmrhW7dXX12NKDwg,fee,0.112,rete (fee di blocco),residuo verso il saldo che il nodo stesso ha letto subito prima di spendere: chiude lo scarto fra le due fonti di saldo,108.8914,,1
run3-tbt-5s/regionale,regionale,5,122,11,m1,12zTjgCumTMomJBYYnuKAixmrhW7dXX12NKDwg,reconcile,-101.5468,treasury,riconciliazione al treasury: e' la R_k dell'epoca (Def. 6.7),7.3446,,1
run3-tbt-5s/regionale,regionale,5,124,11,m1,12zTjgCumTMomJBYYnuKAixmrhW7dXX12NKDwg,refill,100.0,admin,rifornimento sotto soglia,107.3446,,1
run3-tbt-5s/regionale,regionale,5,124,11,m1,12zTjgCumTMomJBYYnuKAixmrhW7dXX12NKDwg,fee,-99.5736,rete (fee di blocco),"residuo fra il campione precedente e questo, una volta tolti i movimenti noti: e' la fee pagata (segno -) o incassata (segno +) nell'intervallo, non attribuibile a una singola transazione",7.771,,1
run3-tbt-5s/regionale,regionale,5,131,11,m1,12zTjgCumTMomJBYYnuKAixmrhW7dXX12NKDwg,fee,100.8418,rete (fee di blocco),"residuo fra il campione precedente e questo, una volta tolti i movimenti noti: e' la fee pagata (segno -) o incassata (segno +) nell'intervallo, non attribuibile a una singola transazione",108.6128,,1
run3-tbt-5s/regionale,regionale,5,134,12,m1,12zTjgCumTMomJBYYnuKAixmrhW7dXX12NKDwg,fee,0.1678,rete (fee di blocco),residuo verso il saldo che il nodo stesso ha letto subito prima di spendere: chiude lo scarto fra le due fonti di saldo,108.7806,,1
run3-tbt-5s/regionale,regionale,5,134,12,m1,12zTjgCumTMomJBYYnuKAixmrhW7dXX12NKDwg,reconcile,-101.4416,treasury,riconciliazione al treasury: e' la R_k dell'epoca (Def. 6.7),7.339,,1
run3-tbt-5s/regionale,regionale,5,137,12,m1,12zTjgCumTMomJBYYnuKAixmrhW7dXX12NKDwg,refill,100.0,admin,rifornimento sotto soglia,107.339,,1
run3-tbt-5s/regionale,regionale,5,137,12,m1,12zTjgCumTMomJBYYnuKAixmrhW7dXX12NKDwg,fee,-99.3644,rete (fee di blocco),"residuo fra il campione precedente e questo, una volta tolti i movimenti noti: e' la fee pagata (segno -) o incassata (segno +) nell'intervallo, non attribuibile a una singola transazione",7.9746,,1
run3-tbt-5s/regionale,regionale,5,143,12,m1,12zTjgCumTMomJBYYnuKAixmrhW7dXX12NKDwg,fee,101.0492,rete (fee di blocco),"residuo fra il campione precedente e questo, una volta tolti i movimenti noti: e' la fee pagata (segno -) o incassata (segno +) nell'intervallo, non attribuibile a una singola transazione",109.0238,,1
run3-tbt-5s/regionale,regionale,5,145,13,m1,12zTjgCumTMomJBYYnuKAixmrhW7dXX12NKDwg,reconcile,-101.6726,treasury,riconciliazione al treasury: e' la R_k dell'epoca (Def. 6.7),7.3512,,1
run3-tbt-5s/regionale,regionale,5,149,13,m1,12zTjgCumTMomJBYYnuKAixmrhW7dXX12NKDwg,refill,100.0,admin,rifornimento sotto soglia,107.3512,,1
run3-tbt-5s/regionale,regionale,5,149,13,m1,12zTjgCumTMomJBYYnuKAixmrhW7dXX12NKDwg,fee,-99.6858,rete (fee di blocco),"residuo fra il campione precedente e questo, una volta tolti i movimenti noti: e' la fee pagata (segno -) o incassata (segno +) nell'intervallo, non attribuibile a una singola transazione",7.6654,,1
run3-tbt-5s/regionale,regionale,5,153,13,m1,12zTjgCumTMomJBYYnuKAixmrhW7dXX12NKDwg,fee,100.006,rete (fee di blocco),"residuo fra il campione precedente e questo, una volta tolti i movimenti noti: e' la fee pagata (segno -) o incassata (segno +) nell'intervallo, non attribuibile a una singola transazione",107.6714,,1
run3-tbt-5s/regionale,regionale,5,158,14,m1,12zTjgCumTMomJBYYnuKAixmrhW7dXX12NKDwg,fee,0.2236,rete (fee di blocco),residuo verso il saldo che il nodo stesso ha letto subito prima di spendere: chiude lo scarto fra le due fonti di saldo,107.895,,1
run3-tbt-5s/regionale,regionale,5,158,14,m1,12zTjgCumTMomJBYYnuKAixmrhW7dXX12NKDwg,reconcile,-100.6002,treasury,riconciliazione al treasury: e' la R_k dell'epoca (Def. 6.7),7.2948,,1
run3-tbt-5s/regionale,regionale,5,159,14,m1,12zTjgCumTMomJBYYnuKAixmrhW7dXX12NKDwg,refill,100.0,admin,rifornimento sotto soglia,107.2948,,1
run3-tbt-5s/regionale,regionale,5,159,14,m1,12zTjgCumTMomJBYYnuKAixmrhW7dXX12NKDwg,fee,-99.6858,rete (fee di blocco),"residuo fra il campione precedente e questo, una volta tolti i movimenti noti: e' la fee pagata (segno -) o incassata (segno +) nell'intervallo, non attribuibile a una singola transazione",7.609,,1
run3-tbt-5s/regionale,regionale,5,164,14,m1,12zTjgCumTMomJBYYnuKAixmrhW7dXX12NKDwg,fee,100.5218,rete (fee di blocco),"residuo fra il campione precedente e questo, una volta tolti i movimenti noti: e' la fee pagata (segno -) o incassata (segno +) nell'intervallo, non attribuibile a una singola transazione",108.1308,,1
run3-tbt-5s/regionale,regionale,5,169,15,m1,12zTjgCumTMomJBYYnuKAixmrhW7dXX12NKDwg,refill,100.0,admin,rifornimento sotto soglia,208.1308,,1
run3-tbt-5s/regionale,regionale,5,169,15,m1,12zTjgCumTMomJBYYnuKAixmrhW7dXX12NKDwg,fee,-201.1045,rete (fee di blocco),"residuo fra il campione precedente e questo, una volta tolti i movimenti noti: e' la fee pagata (segno -) o incassata (segno +) nell'intervallo, non attribuibile a una singola transazione",7.0263,,1
run3-tbt-5s/regionale,regionale,5,170,15,m1,12zTjgCumTMomJBYYnuKAixmrhW7dXX12NKDwg,fee,101.7195,rete (fee di blocco),residuo verso il saldo che il nodo stesso ha letto subito prima di spendere: chiude lo scarto fra le due fonti di saldo,108.7458,,1
run3-tbt-5s/regionale,regionale,5,170,15,m1,12zTjgCumTMomJBYYnuKAixmrhW7dXX12NKDwg,reconcile,-101.4085,treasury,riconciliazione al treasury: e' la R_k dell'epoca (Def. 6.7),7.3373,,1
run3-tbt-5s/regionale,regionale,5,174,15,m1,12zTjgCumTMomJBYYnuKAixmrhW7dXX12NKDwg,fee,100.5068,rete (fee di blocco),"residuo fra il campione precedente e questo, una volta tolti i movimenti noti: e' la fee pagata (segno -) o incassata (segno +) nell'intervallo, non attribuibile a una singola transazione",107.8441,,1
run3-tbt-5s/regionale,regionale,5,181,16,m1,12zTjgCumTMomJBYYnuKAixmrhW7dXX12NKDwg,refill,100.0,admin,rifornimento sotto soglia,207.8441,,1
run3-tbt-5s/regionale,regionale,5,181,16,m1,12zTjgCumTMomJBYYnuKAixmrhW7dXX12NKDwg,fee,-99.259,rete (fee di blocco),residuo verso il saldo che il nodo stesso ha letto subito prima di spendere: chiude lo scarto fra le due fonti di saldo,108.5851,,1
run3-tbt-5s/regionale,regionale,5,181,16,m1,12zTjgCumTMomJBYYnuKAixmrhW7dXX12NKDwg,reconcile,-101.2558,treasury,riconciliazione al treasury: e' la R_k dell'epoca (Def. 6.7),7.3293,,1
run3-tbt-5s/regionale,regionale,5,181,16,m1,12zTjgCumTMomJBYYnuKAixmrhW7dXX12NKDwg,fee,-0.2814,rete (fee di blocco),"residuo fra il campione precedente e questo, una volta tolti i movimenti noti: e' la fee pagata (segno -) o incassata (segno +) nell'intervallo, non attribuibile a una singola transazione",7.0479,,1
run3-tbt-5s/regionale,regionale,5,186,16,m1,12zTjgCumTMomJBYYnuKAixmrhW7dXX12NKDwg,fee,100.7288,rete (fee di blocco),"residuo fra il campione precedente e questo, una volta tolti i movimenti noti: e' la fee pagata (segno -) o incassata (segno +) nell'intervallo, non attribuibile a una singola transazione",107.7767,,1
run3-tbt-5s/regionale,regionale,5,191,16,m1,12zTjgCumTMomJBYYnuKAixmrhW7dXX12NKDwg,fee,0.4472,rete (fee di blocco),"residuo fra il campione precedente e questo, una volta tolti i movimenti noti: e' la fee pagata (segno -) o incassata (segno +) nell'intervallo, non attribuibile a una singola transazione",108.2239,,1
run3-tbt-5s/regionale,regionale,5,193,17,m1,12zTjgCumTMomJBYYnuKAixmrhW7dXX12NKDwg,fee,0.2236,rete (fee di blocco),residuo verso il saldo che il nodo stesso ha letto subito prima di spendere: chiude lo scarto fra le due fonti di saldo,108.4475,,1
run3-tbt-5s/regionale,regionale,5,193,17,m1,12zTjgCumTMomJBYYnuKAixmrhW7dXX12NKDwg,reconcile,-101.1251,treasury,riconciliazione al treasury: e' la R_k dell'epoca (Def. 6.7),7.3224,,1
run3-tbt-5s/regionale,regionale,5,196,17,m1,12zTjgCumTMomJBYYnuKAixmrhW7dXX12NKDwg,refill,100.0,admin,rifornimento sotto soglia,107.3224,,1
run3-tbt-5s/regionale,regionale,5,196,17,m1,12zTjgCumTMomJBYYnuKAixmrhW7dXX12NKDwg,fee,-99.194,rete (fee di blocco),"residuo fra il campione precedente e questo, una volta tolti i movimenti noti: e' la fee pagata (segno -) o incassata (segno +) nell'intervallo, non attribuibile a una singola transazione",8.1284,,1
run3-tbt-5s/regionale,regionale,5,202,17,m1,12zTjgCumTMomJBYYnuKAixmrhW7dXX12NKDwg,fee,100.917,rete (fee di blocco),"residuo fra il campione precedente e questo, una volta tolti i movimenti noti: e' la fee pagata (segno -) o incassata (segno +) nell'intervallo, non attribuibile a una singola transazione",109.0454,,1
run3-tbt-5s/regionale,regionale,5,205,18,m1,12zTjgCumTMomJBYYnuKAixmrhW7dXX12NKDwg,reconcile,-101.6931,treasury,riconciliazione al treasury: e' la R_k dell'epoca (Def. 6.7),7.3523,,1
run3-tbt-5s/regionale,regionale,5,207,18,m1,12zTjgCumTMomJBYYnuKAixmrhW7dXX12NKDwg,refill,100.0,admin,rifornimento sotto soglia,107.3523,,1
run3-tbt-5s/regionale,regionale,5,207,18,m1,12zTjgCumTMomJBYYnuKAixmrhW7dXX12NKDwg,fee,-99.6298,rete (fee di blocco),"residuo fra il campione precedente e questo, una volta tolti i movimenti noti: e' la fee pagata (segno -) o incassata (segno +) nell'intervallo, non attribuibile a una singola transazione",7.7225,,1
run3-tbt-5s/regionale,regionale,5,212,18,m1,12zTjgCumTMomJBYYnuKAixmrhW7dXX12NKDwg,fee,100.7366,rete (fee di blocco),"residuo fra il campione precedente e questo, una volta tolti i movimenti noti: e' la fee pagata (segno -) o incassata (segno +) nell'intervallo, non attribuibile a una singola transazione",108.4591,,1
run3-tbt-5s/regionale,regionale,5,218,19,m1,12zTjgCumTMomJBYYnuKAixmrhW7dXX12NKDwg,refill,100.0,admin,rifornimento sotto soglia,208.4591,,1
run3-tbt-5s/regionale,regionale,5,218,19,m1,12zTjgCumTMomJBYYnuKAixmrhW7dXX12NKDwg,fee,-100.0,rete (fee di blocco),residuo verso il saldo che il nodo stesso ha letto subito prima di spendere: chiude lo scarto fra le due fonti di saldo,108.4591,,1
run3-tbt-5s/regionale,regionale,5,218,19,m1,12zTjgCumTMomJBYYnuKAixmrhW7dXX12NKDwg,reconcile,-101.1361,treasury,riconciliazione al treasury: e' la R_k dell'epoca (Def. 6.7),7.323,,1
run3-tbt-5s/regionale,regionale,5,218,19,m1,12zTjgCumTMomJBYYnuKAixmrhW7dXX12NKDwg,fee,-0.3106,rete (fee di blocco),"residuo fra il campione precedente e questo, una volta tolti i movimenti noti: e' la fee pagata (segno -) o incassata (segno +) nell'intervallo, non attribuibile a una singola transazione",7.0124,,1
run3-tbt-5s/regionale,regionale,5,224,19,m1,12zTjgCumTMomJBYYnuKAixmrhW7dXX12NKDwg,fee,100.8476,rete (fee di blocco),"residuo fra il campione precedente e questo, una volta tolti i movimenti noti: e' la fee pagata (segno -) o incassata (segno +) nell'intervallo, non attribuibile a una singola transazione",107.86,,1
run3-tbt-5s/regionale,regionale,5,230,20,m1,12zTjgCumTMomJBYYnuKAixmrhW7dXX12NKDwg,refill,100.0,admin,rifornimento sotto soglia,207.86,,1
run3-tbt-5s/regionale,regionale,5,230,20,m1,12zTjgCumTMomJBYYnuKAixmrhW7dXX12NKDwg,fee,-200.7316,rete (fee di blocco),"residuo fra il campione precedente e questo, una volta tolti i movimenti noti: e' la fee pagata (segno -) o incassata (segno +) nell'intervallo, non attribuibile a una singola transazione",7.1284,,1
run3-tbt-5s/regionale,regionale,5,231,20,m1,12zTjgCumTMomJBYYnuKAixmrhW7dXX12NKDwg,fee,101.2914,rete (fee di blocco),residuo verso il saldo che il nodo stesso ha letto subito prima di spendere: chiude lo scarto fra le due fonti di saldo,108.4198,,1
run3-tbt-5s/regionale,regionale,5,231,20,m1,12zTjgCumTMomJBYYnuKAixmrhW7dXX12NKDwg,reconcile,-101.0988,treasury,riconciliazione al treasury: e' la R_k dell'epoca (Def. 6.7),7.321,,1
run3-tbt-5s/regionale,regionale,5,236,20,m1,12zTjgCumTMomJBYYnuKAixmrhW7dXX12NKDwg,fee,100.794,rete (fee di blocco),"residuo fra il campione precedente e questo, una volta tolti i movimenti noti: e' la fee pagata (segno -) o incassata (segno +) nell'intervallo, non attribuibile a una singola transazione",108.115,,1
run3-tbt-5s/regionale,regionale,5,242,21,m1,12zTjgCumTMomJBYYnuKAixmrhW7dXX12NKDwg,refill,100.0,admin,rifornimento sotto soglia,208.115,,1
run3-tbt-5s/regionale,regionale,5,242,21,m1,12zTjgCumTMomJBYYnuKAixmrhW7dXX12NKDwg,fee,-99.384,rete (fee di blocco),residuo verso il saldo che il nodo stesso ha letto subito prima di spendere: chiude lo scarto fra le due fonti di saldo,108.731,,1
run3-tbt-5s/regionale,regionale,5,242,21,m1,12zTjgCumTMomJBYYnuKAixmrhW7dXX12NKDwg,reconcile,-101.3944,treasury,riconciliazione al treasury: e' la R_k dell'epoca (Def. 6.7),7.3366,,1
run3-tbt-5s/regionale,regionale,5,242,21,m1,12zTjgCumTMomJBYYnuKAixmrhW7dXX12NKDwg,fee,-0.0838,rete (fee di blocco),"residuo fra il campione precedente e questo, una volta tolti i movimenti noti: e' la fee pagata (segno -) o incassata (segno +) nell'intervallo, non attribuibile a una singola transazione",7.2528,,1
run3-tbt-5s/regionale,regionale,5,246,21,m1,12zTjgCumTMomJBYYnuKAixmrhW7dXX12NKDwg,fee,100.8912,rete (fee di blocco),"residuo fra il campione precedente e questo, una volta tolti i movimenti noti: e' la fee pagata (segno -) o incassata (segno +) nell'intervallo, non attribuibile a una singola transazione",108.144,,1
run3-tbt-5s/regionale,regionale,5,251,21,m1,12zTjgCumTMomJBYYnuKAixmrhW7dXX12NKDwg,fee,0.448,rete (fee di blocco),"residuo fra il campione precedente e questo, una volta tolti i movimenti noti: e' la fee pagata (segno -) o incassata (segno +) nell'intervallo, non attribuibile a una singola transazione",108.592,,1
run3-tbt-5s/regionale,regionale,5,253,22,m1,12zTjgCumTMomJBYYnuKAixmrhW7dXX12NKDwg,reconcile,-101.2624,treasury,riconciliazione al treasury: e' la R_k dell'epoca (Def. 6.7),7.3296,,1
run3-tbt-5s/regionale,regionale,5,255,22,m1,12zTjgCumTMomJBYYnuKAixmrhW7dXX12NKDwg,refill,100.0,admin,rifornimento sotto soglia,107.3296,,1
run3-tbt-5s/regionale,regionale,5,255,22,m1,12zTjgCumTMomJBYYnuKAixmrhW7dXX12NKDwg,fee,-99.1104,rete (fee di blocco),"residuo fra il campione precedente e questo, una volta tolti i movimenti noti: e' la fee pagata (segno -) o incassata (segno +) nell'intervallo, non attribuibile a una singola transazione",8.2192,,1
run3-tbt-5s/regionale,regionale,5,260,22,m1,12zTjgCumTMomJBYYnuKAixmrhW7dXX12NKDwg,fee,100.9144,rete (fee di blocco),"residuo fra il campione precedente e questo, una volta tolti i movimenti noti: e' la fee pagata (segno -) o incassata (segno +) nell'intervallo, non attribuibile a una singola transazione",109.1336,,1
run3-tbt-5s/regionale,regionale,5,265,23,m1,12zTjgCumTMomJBYYnuKAixmrhW7dXX12NKDwg,fee,0.3364,rete (fee di blocco),residuo verso il saldo che il nodo stesso ha letto subito prima di spendere: chiude lo scarto fra le due fonti di saldo,109.47,,1
run3-tbt-5s/regionale,regionale,5,265,23,m1,12zTjgCumTMomJBYYnuKAixmrhW7dXX12NKDwg,reconcile,-102.0965,treasury,riconciliazione al treasury: e' la R_k dell'epoca (Def. 6.7),7.3735,,1
run3-tbt-5s/regionale,regionale,5,266,23,m1,12zTjgCumTMomJBYYnuKAixmrhW7dXX12NKDwg,refill,100.0,admin,rifornimento sotto soglia,107.3735,,1
run3-tbt-5s/regionale,regionale,5,266,23,m1,12zTjgCumTMomJBYYnuKAixmrhW7dXX12NKDwg,fee,-100.2872,rete (fee di blocco),"residuo fra il campione precedente e questo, una volta tolti i movimenti noti: e' la fee pagata (segno -) o incassata (segno +) nell'intervallo, non attribuibile a una singola transazione",7.0863,,1
run3-tbt-5s/regionale,regionale,5,270,23,m1,12zTjgCumTMomJBYYnuKAixmrhW7dXX12NKDwg,fee,99.894,rete (fee di blocco),"residuo fra il campione precedente e questo, una volta tolti i movimenti noti: e' la fee pagata (segno -) o incassata (segno +) nell'intervallo, non attribuibile a una singola transazione",106.9803,,1
run3-tbt-5s/regionale,regionale,5,275,23,m1,12zTjgCumTMomJBYYnuKAixmrhW7dXX12NKDwg,fee,0.4922,rete (fee di blocco),"residuo fra il campione precedente e questo, una volta tolti i movimenti noti: e' la fee pagata (segno -) o incassata (segno +) nell'intervallo, non attribuibile a una singola transazione",107.4725,,1
run3-tbt-5s/regionale,regionale,5,278,24,m1,12zTjgCumTMomJBYYnuKAixmrhW7dXX12NKDwg,fee,0.2802,rete (fee di blocco),residuo verso il saldo che il nodo stesso ha letto subito prima di spendere: chiude lo scarto fra le due fonti di saldo,107.7527,,1
run3-tbt-5s/regionale,regionale,5,278,24,m1,12zTjgCumTMomJBYYnuKAixmrhW7dXX12NKDwg,reconcile,-100.4651,treasury,riconciliazione al treasury: e' la R_k dell'epoca (Def. 6.7),7.2876,,1
run3-tbt-5s/regionale,regionale,5,281,24,m1,12zTjgCumTMomJBYYnuKAixmrhW7dXX12NKDwg,refill,100.0,admin,rifornimento sotto soglia,107.2876,,1
run3-tbt-5s/regionale,regionale,5,281,24,m1,12zTjgCumTMomJBYYnuKAixmrhW7dXX12NKDwg,fee,-99.8212,rete (fee di blocco),"residuo fra il campione precedente e questo, una volta tolti i movimenti noti: e' la fee pagata (segno -) o incassata (segno +) nell'intervallo, non attribuibile a una singola transazione",7.4664,,1
run3-tbt-5s/regionale,regionale,5,287,24,m1,12zTjgCumTMomJBYYnuKAixmrhW7dXX12NKDwg,fee,100.8624,rete (fee di blocco),"residuo fra il campione precedente e questo, una volta tolti i movimenti noti: e' la fee pagata (segno -) o incassata (segno +) nell'intervallo, non attribuibile a una singola transazione",108.3288,,1
run3-tbt-5s/regionale,regionale,5,289,25,m1,12zTjgCumTMomJBYYnuKAixmrhW7dXX12NKDwg,fee,0.28,rete (fee di blocco),residuo verso il saldo che il nodo stesso ha letto subito prima di spendere: chiude lo scarto fra le due fonti di saldo,108.6088,,1
run3-tbt-5s/regionale,regionale,5,289,25,m1,12zTjgCumTMomJBYYnuKAixmrhW7dXX12NKDwg,reconcile,-101.2784,treasury,riconciliazione al treasury: e' la R_k dell'epoca (Def. 6.7),7.3304,,1
run3-tbt-5s/regionale,regionale,5,292,25,m1,12zTjgCumTMomJBYYnuKAixmrhW7dXX12NKDwg,refill,100.0,admin,rifornimento sotto soglia,107.3304,,1
run3-tbt-5s/regionale,regionale,5,292,25,m1,12zTjgCumTMomJBYYnuKAixmrhW7dXX12NKDwg,fee,-100.1426,rete (fee di blocco),"residuo fra il campione precedente e questo, una volta tolti i movimenti noti: e' la fee pagata (segno -) o incassata (segno +) nell'intervallo, non attribuibile a una singola transazione",7.1878,,1
run3-tbt-5s/regionale,regionale,5,298,25,m1,12zTjgCumTMomJBYYnuKAixmrhW7dXX12NKDwg,fee,101.0968,rete (fee di blocco),"residuo fra il campione precedente e questo, una volta tolti i movimenti noti: e' la fee pagata (segno -) o incassata (segno +) nell'intervallo, non attribuibile a una singola transazione",108.2846,,1
run3-tbt-5s/regionale,regionale,5,301,26,m1,12zTjgCumTMomJBYYnuKAixmrhW7dXX12NKDwg,reconcile,-100.9704,treasury,riconciliazione al treasury: e' la R_k dell'epoca (Def. 6.7),7.3142,,1
run3-tbt-5s/regionale,regionale,5,303,26,m1,12zTjgCumTMomJBYYnuKAixmrhW7dXX12NKDwg,refill,100.0,admin,rifornimento sotto soglia,107.3142,,1
run3-tbt-5s/regionale,regionale,5,303,26,m1,12zTjgCumTMomJBYYnuKAixmrhW7dXX12NKDwg,fee,-99.4606,rete (fee di blocco),"residuo fra il campione precedente e questo, una volta tolti i movimenti noti: e' la fee pagata (segno -) o incassata (segno +) nell'intervallo, non attribuibile a una singola transazione",7.8536,,1
run3-tbt-5s/regionale,regionale,5,308,26,m1,12zTjgCumTMomJBYYnuKAixmrhW7dXX12NKDwg,fee,100.731,rete (fee di blocco),"residuo fra il campione precedente e questo, una volta tolti i movimenti noti: e' la fee pagata (segno -) o incassata (segno +) nell'intervallo, non attribuibile a una singola transazione",108.5846,,1
run3-tbt-5s/regionale,regionale,5,313,27,m1,12zTjgCumTMomJBYYnuKAixmrhW7dXX12NKDwg,fee,0.673,rete (fee di blocco),"residuo fra il campione precedente e questo, una volta tolti i movimenti noti: e' la fee pagata (segno -) o incassata (segno +) nell'intervallo, non attribuibile a una singola transazione",109.2576,,1
run3-tbt-5s/regionale,regionale,5,315,27,m1,12zTjgCumTMomJBYYnuKAixmrhW7dXX12NKDwg,fee,0.0562,rete (fee di blocco),residuo verso il saldo che il nodo stesso ha letto subito prima di spendere: chiude lo scarto fra le due fonti di saldo,109.3138,,1
run3-tbt-5s/regionale,regionale,5,315,27,m1,12zTjgCumTMomJBYYnuKAixmrhW7dXX12NKDwg,reconcile,-101.9481,treasury,riconciliazione al treasury: e' la R_k dell'epoca (Def. 6.7),7.3657,,1
run3-tbt-5s/regionale,regionale,5,318,27,m1,12zTjgCumTMomJBYYnuKAixmrhW7dXX12NKDwg,refill,100.0,admin,rifornimento sotto soglia,107.3657,,1
run3-tbt-5s/regionale,regionale,5,318,27,m1,12zTjgCumTMomJBYYnuKAixmrhW7dXX12NKDwg,fee,-99.3904,rete (fee di blocco),"residuo fra il campione precedente e questo, una volta tolti i movimenti noti: e' la fee pagata (segno -) o incassata (segno +) nell'intervallo, non attribuibile a una singola transazione",7.9753,,1
run3-tbt-5s/regionale,regionale,5,323,27,m1,12zTjgCumTMomJBYYnuKAixmrhW7dXX12NKDwg,fee,100.9976,rete (fee di blocco),"residuo fra il campione precedente e questo, una volta tolti i movimenti noti: e' la fee pagata (segno -) o incassata (segno +) nell'intervallo, non attribuibile a una singola transazione",108.9729,,1
run3-tbt-5s/regionale,regionale,5,325,28,m1,12zTjgCumTMomJBYYnuKAixmrhW7dXX12NKDwg,reconcile,-101.6243,treasury,riconciliazione al treasury: e' la R_k dell'epoca (Def. 6.7),7.3486,,1
run3-tbt-5s/regionale,regionale,5,329,28,m1,12zTjgCumTMomJBYYnuKAixmrhW7dXX12NKDwg,refill,100.0,admin,rifornimento sotto soglia,107.3486,,1
run3-tbt-5s/regionale,regionale,5,329,28,m1,12zTjgCumTMomJBYYnuKAixmrhW7dXX12NKDwg,fee,-100.2726,rete (fee di blocco),"residuo fra il campione precedente e questo, una volta tolti i movimenti noti: e' la fee pagata (segno -) o incassata (segno +) nell'intervallo, non attribuibile a una singola transazione",7.076,,1
run3-tbt-5s/regionale,regionale,5,333,28,m1,12zTjgCumTMomJBYYnuKAixmrhW7dXX12NKDwg,fee,100.8918,rete (fee di blocco),"residuo fra il campione precedente e questo, una volta tolti i movimenti noti: e' la fee pagata (segno -) o incassata (segno +) nell'intervallo, non attribuibile a una singola transazione",107.9678,,1
run3-tbt-5s/regionale,regionale,5,337,29,m1,12zTjgCumTMomJBYYnuKAixmrhW7dXX12NKDwg,fee,0.1682,rete (fee di blocco),residuo verso il saldo che il nodo stesso ha letto subito prima di spendere: chiude lo scarto fra le due fonti di saldo,108.136,,1
run3-tbt-5s/regionale,regionale,5,337,29,m1,12zTjgCumTMomJBYYnuKAixmrhW7dXX12NKDwg,reconcile,-100.8292,treasury,riconciliazione al treasury: e' la R_k dell'epoca (Def. 6.7),7.3068,,1
run3-tbt-5s/regionale,regionale,5,339,29,m1,12zTjgCumTMomJBYYnuKAixmrhW7dXX12NKDwg,refill,100.0,admin,rifornimento sotto soglia,107.3068,,1
run3-tbt-5s/regionale,regionale,5,339,29,m1,12zTjgCumTMomJBYYnuKAixmrhW7dXX12NKDwg,fee,-100.196,rete (fee di blocco),"residuo fra il campione precedente e questo, una volta tolti i movimenti noti: e' la fee pagata (segno -) o incassata (segno +) nell'intervallo, non attribuibile a una singola transazione",7.1108,,1
run3-tbt-5s/regionale,regionale,5,344,29,m1,12zTjgCumTMomJBYYnuKAixmrhW7dXX12NKDwg,fee,100.5602,rete (fee di blocco),"residuo fra il campione precedente e questo, una volta tolti i movimenti noti: e' la fee pagata (segno -) o incassata (segno +) nell'intervallo, non attribuibile a una singola transazione",107.671,,1
run3-tbt-5s/regionale,regionale,5,349,30,m1,12zTjgCumTMomJBYYnuKAixmrhW7dXX12NKDwg,refill,100.0,admin,rifornimento sotto soglia,207.671,,1
run3-tbt-5s/regionale,regionale,5,349,30,m1,12zTjgCumTMomJBYYnuKAixmrhW7dXX12NKDwg,fee,-99.6632,rete (fee di blocco),residuo verso il saldo che il nodo stesso ha letto subito prima di spendere: chiude lo scarto fra le due fonti di saldo,108.0078,,1
run3-tbt-5s/regionale,regionale,5,349,30,m1,12zTjgCumTMomJBYYnuKAixmrhW7dXX12NKDwg,reconcile,-100.7074,treasury,riconciliazione al treasury: e' la R_k dell'epoca (Def. 6.7),7.3004,,1
run3-tbt-5s/regionale,regionale,5,349,30,m1,12zTjgCumTMomJBYYnuKAixmrhW7dXX12NKDwg,fee,-0.1102,rete (fee di blocco),"residuo fra il campione precedente e questo, una volta tolti i movimenti noti: e' la fee pagata (segno -) o incassata (segno +) nell'intervallo, non attribuibile a una singola transazione",7.1902,,1
run3-tbt-5s/regionale,regionale,5,354,30,m1,12zTjgCumTMomJBYYnuKAixmrhW7dXX12NKDwg,fee,100.7826,rete (fee di blocco),"residuo fra il campione precedente e questo, una volta tolti i movimenti noti: e' la fee pagata (segno -) o incassata (segno +) nell'intervallo, non attribuibile a una singola transazione",107.9728,,1
run3-tbt-5s/regionale,regionale,5,359,30,m1,12zTjgCumTMomJBYYnuKAixmrhW7dXX12NKDwg,fee,0.7666,rete (fee di blocco),"residuo fra il campione precedente e questo, una volta tolti i movimenti noti: e' la fee pagata (segno -) o incassata (segno +) nell'intervallo, non attribuibile a una singola transazione",108.7394,,1
run3-tbt-5s/regionale,regionale,5,361,31,m1,12zTjgCumTMomJBYYnuKAixmrhW7dXX12NKDwg,reconcile,-101.4024,treasury,riconciliazione al treasury: e' la R_k dell'epoca (Def. 6.7),7.337,,1
run3-tbt-5s/regionale,regionale,5,365,31,m1,12zTjgCumTMomJBYYnuKAixmrhW7dXX12NKDwg,refill,100.0,admin,rifornimento sotto soglia,107.337,,1
run3-tbt-5s/regionale,regionale,5,365,31,m1,12zTjgCumTMomJBYYnuKAixmrhW7dXX12NKDwg,fee,-100.0032,rete (fee di blocco),"residuo fra il campione precedente e questo, una volta tolti i movimenti noti: e' la fee pagata (segno -) o incassata (segno +) nell'intervallo, non attribuibile a una singola transazione",7.3338,,1
run3-tbt-5s/regionale,regionale,5,369,31,m1,12zTjgCumTMomJBYYnuKAixmrhW7dXX12NKDwg,fee,100.6758,rete (fee di blocco),"residuo fra il campione precedente e questo, una volta tolti i movimenti noti: e' la fee pagata (segno -) o incassata (segno +) nell'intervallo, non attribuibile a una singola transazione",108.0096,,1
run3-tbt-5s/regionale,regionale,5,373,32,m1,12zTjgCumTMomJBYYnuKAixmrhW7dXX12NKDwg,fee,0.3368,rete (fee di blocco),residuo verso il saldo che il nodo stesso ha letto subito prima di spendere: chiude lo scarto fra le due fonti di saldo,108.3464,,1
run3-tbt-5s/regionale,regionale,5,373,32,m1,12zTjgCumTMomJBYYnuKAixmrhW7dXX12NKDwg,reconcile,-101.0291,treasury,riconciliazione al treasury: e' la R_k dell'epoca (Def. 6.7),7.3173,,1
run3-tbt-5s/regionale,regionale,5,374,32,m1,12zTjgCumTMomJBYYnuKAixmrhW7dXX12NKDwg,refill,100.0,admin,rifornimento sotto soglia,107.3173,,1
run3-tbt-5s/regionale,regionale,5,374,32,m1,12zTjgCumTMomJBYYnuKAixmrhW7dXX12NKDwg,fee,-99.2486,rete (fee di blocco),"residuo fra il campione precedente e questo, una volta tolti i movimenti noti: e' la fee pagata (segno -) o incassata (segno +) nell'intervallo, non attribuibile a una singola transazione",8.0687,,1
run3-tbt-5s/regionale,regionale,5,379,32,m1,12zTjgCumTMomJBYYnuKAixmrhW7dXX12NKDwg,fee,100.7472,rete (fee di blocco),"residuo fra il campione precedente e questo, una volta tolti i movimenti noti: e' la fee pagata (segno -) o incassata (segno +) nell'intervallo, non attribuibile a una singola transazione",108.8159,,1
run3-tbt-5s/regionale,regionale,5,384,33,m1,12zTjgCumTMomJBYYnuKAixmrhW7dXX12NKDwg,fee,0.6174,rete (fee di blocco),"residuo fra il campione precedente e questo, una volta tolti i movimenti noti: e' la fee pagata (segno -) o incassata (segno +) nell'intervallo, non attribuibile a una singola transazione",109.4333,,1
run3-tbt-5s/regionale,regionale,5,386,33,m1,12zTjgCumTMomJBYYnuKAixmrhW7dXX12NKDwg,reconcile,-102.0616,treasury,riconciliazione al treasury: e' la R_k dell'epoca (Def. 6.7),7.3717,,1
run3-tbt-5s/regionale,regionale,5,389,33,m1,12zTjgCumTMomJBYYnuKAixmrhW7dXX12NKDwg,refill,100.0,admin,rifornimento sotto soglia,107.3717,,1
run3-tbt-5s/regionale,regionale,5,389,33,m1,12zTjgCumTMomJBYYnuKAixmrhW7dXX12NKDwg,fee,-99.7356,rete (fee di blocco),"residuo fra il campione precedente e questo, una volta tolti i movimenti noti: e' la fee pagata (segno -) o incassata (segno +) nell'intervallo, non attribuibile a una singola transazione",7.6361,,1
run3-tbt-5s/regionale,regionale,5,394,33,m1,12zTjgCumTMomJBYYnuKAixmrhW7dXX12NKDwg,fee,100.6498,rete (fee di blocco),"residuo fra il campione precedente e questo, una volta tolti i movimenti noti: e' la fee pagata (segno -) o incassata (segno +) nell'intervallo, non attribuibile a una singola transazione",108.2859,,1
run3-tbt-5s/regionale,regionale,5,397,34,m1,12zTjgCumTMomJBYYnuKAixmrhW7dXX12NKDwg,fee,0.2246,rete (fee di blocco),residuo verso il saldo che il nodo stesso ha letto subito prima di spendere: chiude lo scarto fra le due fonti di saldo,108.5105,,1
run3-tbt-5s/regionale,regionale,5,397,34,m1,12zTjgCumTMomJBYYnuKAixmrhW7dXX12NKDwg,reconcile,-101.185,treasury,riconciliazione al treasury: e' la R_k dell'epoca (Def. 6.7),7.3255,,1
run3-tbt-5s/regionale,regionale,5,400,34,m1,12zTjgCumTMomJBYYnuKAixmrhW7dXX12NKDwg,refill,100.0,admin,rifornimento sotto soglia,107.3255,,1
run3-tbt-5s/regionale,regionale,5,400,34,m1,12zTjgCumTMomJBYYnuKAixmrhW7dXX12NKDwg,fee,-99.517,rete (fee di blocco),"residuo fra il campione precedente e questo, una volta tolti i movimenti noti: e' la fee pagata (segno -) o incassata (segno +) nell'intervallo, non attribuibile a una singola transazione",7.8085,,1
run3-tbt-5s/regionale,regionale,5,404,34,m1,12zTjgCumTMomJBYYnuKAixmrhW7dXX12NKDwg,fee,100.6302,rete (fee di blocco),"residuo fra il campione precedente e questo, una volta tolti i movimenti noti: e' la fee pagata (segno -) o incassata (segno +) nell'intervallo, non attribuibile a una singola transazione",108.4387,,1
run3-tbt-5s/regionale,regionale,5,409,35,m1,12zTjgCumTMomJBYYnuKAixmrhW7dXX12NKDwg,refill,100.0,admin,rifornimento sotto soglia,208.4387,,1
run3-tbt-5s/regionale,regionale,5,409,35,m1,12zTjgCumTMomJBYYnuKAixmrhW7dXX12NKDwg,fee,-99.495,rete (fee di blocco),residuo verso il saldo che il nodo stesso ha letto subito prima di spendere: chiude lo scarto fra le due fonti di saldo,108.9437,,1
run3-tbt-5s/regionale,regionale,5,409,35,m1,12zTjgCumTMomJBYYnuKAixmrhW7dXX12NKDwg,reconcile,-101.5965,treasury,riconciliazione al treasury: e' la R_k dell'epoca (Def. 6.7),7.3472,,1
run3-tbt-5s/regionale,regionale,5,409,35,m1,12zTjgCumTMomJBYYnuKAixmrhW7dXX12NKDwg,fee,-0.284,rete (fee di blocco),"residuo fra il campione precedente e questo, una volta tolti i movimenti noti: e' la fee pagata (segno -) o incassata (segno +) nell'intervallo, non attribuibile a una singola transazione",7.0632,,1
run3-tbt-5s/regionale,regionale,5,414,35,m1,12zTjgCumTMomJBYYnuKAixmrhW7dXX12NKDwg,fee,101.1482,rete (fee di blocco),"residuo fra il campione precedente e questo, una volta tolti i movimenti noti: e' la fee pagata (segno -) o incassata (segno +) nell'intervallo, non attribuibile a una singola transazione",108.2114,,1
run3-tbt-5s/regionale,regionale,5,416,35,m1,12zTjgCumTMomJBYYnuKAixmrhW7dXX12NKDwg,fee,101.1952,rete (fee di blocco),"residuo fino al saldo di fine run letto da node_state.csv: per l'admin e' l'unica misura disponibile, gas_balances.csv non lo campiona",108.5616,,1
run3-tbt-5s/regionale,regionale,5,420,36,m1,12zTjgCumTMomJBYYnuKAixmrhW7dXX12NKDwg,fee,0.7432,rete (fee di blocco),"residuo fra il campione precedente e questo, una volta tolti i movimenti noti: e' la fee pagata (segno -) o incassata (segno +) nell'intervallo, non attribuibile a una singola transazione",108.9546,,1
run3-tbt-5s/regionale,regionale,5,421,36,m1,12zTjgCumTMomJBYYnuKAixmrhW7dXX12NKDwg,reconcile,-101.6069,treasury,riconciliazione al treasury: e' la R_k dell'epoca (Def. 6.7),7.3477,,1
run3-tbt-5s/regionale,regionale,5,425,36,m1,12zTjgCumTMomJBYYnuKAixmrhW7dXX12NKDwg,refill,100.0,admin,rifornimento sotto soglia,107.3477,,1
run3-tbt-5s/regionale,regionale,5,425,36,m1,12zTjgCumTMomJBYYnuKAixmrhW7dXX12NKDwg,fee,-100.0068,rete (fee di blocco),"residuo fra il campione precedente e questo, una volta tolti i movimenti noti: e' la fee pagata (segno -) o incassata (segno +) nell'intervallo, non attribuibile a una singola transazione",7.3409,,1
run3-tbt-5s/regionale,regionale,5,431,36,m1,12zTjgCumTMomJBYYnuKAixmrhW7dXX12NKDwg,fee,100.175,rete (fee di blocco),"residuo fra il campione precedente e questo, una volta tolti i movimenti noti: e' la fee pagata (segno -) o incassata (segno +) nell'intervallo, non attribuibile a una singola transazione",107.5159,,1
run3-tbt-5s/regionale,regionale,5,433,37,m1,12zTjgCumTMomJBYYnuKAixmrhW7dXX12NKDwg,reconcile,-100.2401,treasury,riconciliazione al treasury: e' la R_k dell'epoca (Def. 6.7),7.2758,,1
run3-tbt-5s/regionale,regionale,5,436,37,m1,12zTjgCumTMomJBYYnuKAixmrhW7dXX12NKDwg,refill,100.0,admin,rifornimento sotto soglia,107.2758,,1
run3-tbt-5s/regionale,regionale,5,436,37,m1,12zTjgCumTMomJBYYnuKAixmrhW7dXX12NKDwg,fee,-99.9094,rete (fee di blocco),"residuo fra il campione precedente e questo, una volta tolti i movimenti noti: e' la fee pagata (segno -) o incassata (segno +) nell'intervallo, non attribuibile a una singola transazione",7.3664,,1
run3-tbt-5s/regionale,regionale,5,11,1,m2,1B6r6YPpfhSzpSvUo39JkyfYERxVrLyDC1ai7u,init,50.0,admin,dotazione iniziale,50.0,,1
run3-tbt-5s/regionale,regionale,5,67,6,m2,1B6r6YPpfhSzpSvUo39JkyfYERxVrLyDC1ai7u,fee,-28.8471,rete (fee di blocco),"residuo fra il campione precedente e questo, una volta tolti i movimenti noti: e' la fee pagata (segno -) o incassata (segno +) nell'intervallo, non attribuibile a una singola transazione",21.1529,,1
run3-tbt-5s/regionale,regionale,5,68,6,m2,1B6r6YPpfhSzpSvUo39JkyfYERxVrLyDC1ai7u,fee,28.8423,rete (fee di blocco),residuo verso il saldo che il nodo stesso ha letto subito prima di spendere: chiude lo scarto fra le due fonti di saldo,49.9952,,1
run3-tbt-5s/regionale,regionale,5,68,6,m2,1B6r6YPpfhSzpSvUo39JkyfYERxVrLyDC1ai7u,reconcile,-28.7971,treasury,riconciliazione al treasury: e' la R_k dell'epoca (Def. 6.7),21.1981,,1
run3-tbt-5s/regionale,regionale,5,73,7,m2,1B6r6YPpfhSzpSvUo39JkyfYERxVrLyDC1ai7u,refill,100.0,admin,rifornimento sotto soglia,121.1981,,1
run3-tbt-5s/regionale,regionale,5,73,7,m2,1B6r6YPpfhSzpSvUo39JkyfYERxVrLyDC1ai7u,fee,-111.7088,rete (fee di blocco),"residuo fra il campione precedente e questo, una volta tolti i movimenti noti: e' la fee pagata (segno -) o incassata (segno +) nell'intervallo, non attribuibile a una singola transazione",9.4893,,1
run3-tbt-5s/regionale,regionale,5,74,7,m2,1B6r6YPpfhSzpSvUo39JkyfYERxVrLyDC1ai7u,fee,11.347,rete (fee di blocco),residuo verso il saldo che il nodo stesso ha letto subito prima di spendere: chiude lo scarto fra le due fonti di saldo,20.8363,,1
run3-tbt-5s/regionale,regionale,5,74,7,m2,1B6r6YPpfhSzpSvUo39JkyfYERxVrLyDC1ai7u,reconcile,-11.3018,treasury,riconciliazione al treasury: e' la R_k dell'epoca (Def. 6.7),9.5345,,1
run3-tbt-5s/regionale,regionale,5,78,7,m2,1B6r6YPpfhSzpSvUo39JkyfYERxVrLyDC1ai7u,fee,99.8788,rete (fee di blocco),"residuo fra il campione precedente e questo, una volta tolti i movimenti noti: e' la fee pagata (segno -) o incassata (segno +) nell'intervallo, non attribuibile a una singola transazione",109.4133,,1
run3-tbt-5s/regionale,regionale,5,85,8,m2,1B6r6YPpfhSzpSvUo39JkyfYERxVrLyDC1ai7u,fee,-64.3374,rete (fee di blocco),"residuo fra il campione precedente e questo, una volta tolti i movimenti noti: e' la fee pagata (segno -) o incassata (segno +) nell'intervallo, non attribuibile a una singola transazione",45.0759,,1
run3-tbt-5s/regionale,regionale,5,86,8,m2,1B6r6YPpfhSzpSvUo39JkyfYERxVrLyDC1ai7u,fee,64.7268,rete (fee di blocco),residuo verso il saldo che il nodo stesso ha letto subito prima di spendere: chiude lo scarto fra le due fonti di saldo,109.8027,,1
run3-tbt-5s/regionale,regionale,5,86,8,m2,1B6r6YPpfhSzpSvUo39JkyfYERxVrLyDC1ai7u,reconcile,-64.6816,treasury,riconciliazione al treasury: e' la R_k dell'epoca (Def. 6.7),45.1211,,1
run3-tbt-5s/regionale,regionale,5,91,8,m2,1B6r6YPpfhSzpSvUo39JkyfYERxVrLyDC1ai7u,fee,-0.1506,rete (fee di blocco),"residuo fra il campione precedente e questo, una volta tolti i movimenti noti: e' la fee pagata (segno -) o incassata (segno +) nell'intervallo, non attribuibile a una singola transazione",44.9705,,1
run3-tbt-5s/regionale,regionale,5,97,9,m2,1B6r6YPpfhSzpSvUo39JkyfYERxVrLyDC1ai7u,refill,100.0,admin,rifornimento sotto soglia,144.9705,,1
run3-tbt-5s/regionale,regionale,5,97,9,m2,1B6r6YPpfhSzpSvUo39JkyfYERxVrLyDC1ai7u,fee,-125.8273,rete (fee di blocco),"residuo fra il campione precedente e questo, una volta tolti i movimenti noti: e' la fee pagata (segno -) o incassata (segno +) nell'intervallo, non attribuibile a una singola transazione",19.1432,,1
run3-tbt-5s/regionale,regionale,5,98,9,m2,1B6r6YPpfhSzpSvUo39JkyfYERxVrLyDC1ai7u,fee,25.8273,rete (fee di blocco),residuo verso il saldo che il nodo stesso ha letto subito prima di spendere: chiude lo scarto fra le due fonti di saldo,44.9705,,1
run3-tbt-5s/regionale,regionale,5,98,9,m2,1B6r6YPpfhSzpSvUo39JkyfYERxVrLyDC1ai7u,reconcile,-25.7823,treasury,riconciliazione al treasury: e' la R_k dell'epoca (Def. 6.7),19.1882,,1
run3-tbt-5s/regionale,regionale,5,103,9,m2,1B6r6YPpfhSzpSvUo39JkyfYERxVrLyDC1ai7u,fee,100.1846,rete (fee di blocco),"residuo fra il campione precedente e questo, una volta tolti i movimenti noti: e' la fee pagata (segno -) o incassata (segno +) nell'intervallo, non attribuibile a una singola transazione",119.3728,,1
run3-tbt-5s/regionale,regionale,5,109,10,m2,1B6r6YPpfhSzpSvUo39JkyfYERxVrLyDC1ai7u,fee,-70.4689,rete (fee di blocco),"residuo fra il campione precedente e questo, una volta tolti i movimenti noti: e' la fee pagata (segno -) o incassata (segno +) nell'intervallo, non attribuibile a una singola transazione",48.9039,,1
run3-tbt-5s/regionale,regionale,5,110,10,m2,1B6r6YPpfhSzpSvUo39JkyfYERxVrLyDC1ai7u,fee,70.4689,rete (fee di blocco),residuo verso il saldo che il nodo stesso ha letto subito prima di spendere: chiude lo scarto fra le due fonti di saldo,119.3728,,1
run3-tbt-5s/regionale,regionale,5,110,10,m2,1B6r6YPpfhSzpSvUo39JkyfYERxVrLyDC1ai7u,reconcile,-70.4237,treasury,riconciliazione al treasury: e' la R_k dell'epoca (Def. 6.7),48.9491,,1
run3-tbt-5s/regionale,regionale,5,114,10,m2,1B6r6YPpfhSzpSvUo39JkyfYERxVrLyDC1ai7u,fee,-0.1504,rete (fee di blocco),"residuo fra il campione precedente e questo, una volta tolti i movimenti noti: e' la fee pagata (segno -) o incassata (segno +) nell'intervallo, non attribuibile a una singola transazione",48.7987,,1
run3-tbt-5s/regionale,regionale,5,122,11,m2,1B6r6YPpfhSzpSvUo39JkyfYERxVrLyDC1ai7u,reconcile,-28.0792,treasury,riconciliazione al treasury: e' la R_k dell'epoca (Def. 6.7),20.7195,,1
run3-tbt-5s/regionale,regionale,5,124,11,m2,1B6r6YPpfhSzpSvUo39JkyfYERxVrLyDC1ai7u,fee,-0.0452,rete (fee di blocco),"residuo fra il campione precedente e questo, una volta tolti i movimenti noti: e' la fee pagata (segno -) o incassata (segno +) nell'intervallo, non attribuibile a una singola transazione",20.6743,,1
run3-tbt-5s/regionale,regionale,5,131,11,m2,1B6r6YPpfhSzpSvUo39JkyfYERxVrLyDC1ai7u,fee,-0.1054,rete (fee di blocco),"residuo fra il campione precedente e questo, una volta tolti i movimenti noti: e' la fee pagata (segno -) o incassata (segno +) nell'intervallo, non attribuibile a una singola transazione",20.5689,,1
run3-tbt-5s/regionale,regionale,5,134,12,m2,1B6r6YPpfhSzpSvUo39JkyfYERxVrLyDC1ai7u,reconcile,-11.1413,treasury,riconciliazione al treasury: e' la R_k dell'epoca (Def. 6.7),9.4276,,1
run3-tbt-5s/regionale,regionale,5,137,12,m2,1B6r6YPpfhSzpSvUo39JkyfYERxVrLyDC1ai7u,refill,100.0,admin,rifornimento sotto soglia,109.4276,,1
run3-tbt-5s/regionale,regionale,5,137,12,m2,1B6r6YPpfhSzpSvUo39JkyfYERxVrLyDC1ai7u,fee,-100.2686,rete (fee di blocco),"residuo fra il campione precedente e questo, una volta tolti i movimenti noti: e' la fee pagata (segno -) o incassata (segno +) nell'intervallo, non attribuibile a una singola transazione",9.159,,1
run3-tbt-5s/regionale,regionale,5,143,12,m2,1B6r6YPpfhSzpSvUo39JkyfYERxVrLyDC1ai7u,fee,100.0,rete (fee di blocco),"residuo fra il campione precedente e questo, una volta tolti i movimenti noti: e' la fee pagata (segno -) o incassata (segno +) nell'intervallo, non attribuibile a una singola transazione",109.159,,1
run3-tbt-5s/regionale,regionale,5,145,13,m2,1B6r6YPpfhSzpSvUo39JkyfYERxVrLyDC1ai7u,reconcile,-64.2954,treasury,riconciliazione al treasury: e' la R_k dell'epoca (Def. 6.7),44.8636,,1
run3-tbt-5s/regionale,regionale,5,149,13,m2,1B6r6YPpfhSzpSvUo39JkyfYERxVrLyDC1ai7u,fee,0.1786,rete (fee di blocco),"residuo fra il campione precedente e questo, una volta tolti i movimenti noti: e' la fee pagata (segno -) o incassata (segno +) nell'intervallo, non attribuibile a una singola transazione",45.0422,,1
run3-tbt-5s/regionale,regionale,5,153,13,m2,1B6r6YPpfhSzpSvUo39JkyfYERxVrLyDC1ai7u,fee,0.7298,rete (fee di blocco),"residuo fra il campione precedente e questo, una volta tolti i movimenti noti: e' la fee pagata (segno -) o incassata (segno +) nell'intervallo, non attribuibile a una singola transazione",45.772,,1
run3-tbt-5s/regionale,regionale,5,158,14,m2,1B6r6YPpfhSzpSvUo39JkyfYERxVrLyDC1ai7u,fee,0.168,rete (fee di blocco),residuo verso il saldo che il nodo stesso ha letto subito prima di spendere: chiude lo scarto fra le due fonti di saldo,45.94,,1
run3-tbt-5s/regionale,regionale,5,158,14,m2,1B6r6YPpfhSzpSvUo39JkyfYERxVrLyDC1ai7u,reconcile,-26.364,treasury,riconciliazione al treasury: e' la R_k dell'epoca (Def. 6.7),19.576,,1
run3-tbt-5s/regionale,regionale,5,159,14,m2,1B6r6YPpfhSzpSvUo39JkyfYERxVrLyDC1ai7u,refill,100.0,admin,rifornimento sotto soglia,119.576,,1
run3-tbt-5s/regionale,regionale,5,159,14,m2,1B6r6YPpfhSzpSvUo39JkyfYERxVrLyDC1ai7u,fee,-100.0452,rete (fee di blocco),"residuo fra il campione precedente e questo, una volta tolti i movimenti noti: e' la fee pagata (segno -) o incassata (segno +) nell'intervallo, non attribuibile a una singola transazione",19.5308,,1
run3-tbt-5s/regionale,regionale,5,164,14,m2,1B6r6YPpfhSzpSvUo39JkyfYERxVrLyDC1ai7u,fee,100.26,rete (fee di blocco),"residuo fra il campione precedente e questo, una volta tolti i movimenti noti: e' la fee pagata (segno -) o incassata (segno +) nell'intervallo, non attribuibile a una singola transazione",119.7908,,1
run3-tbt-5s/regionale,regionale,5,169,15,m2,1B6r6YPpfhSzpSvUo39JkyfYERxVrLyDC1ai7u,reconcile,-70.6745,treasury,riconciliazione al treasury: e' la R_k dell'epoca (Def. 6.7),49.1163,,1
run3-tbt-5s/regionale,regionale,5,169,15,m2,1B6r6YPpfhSzpSvUo39JkyfYERxVrLyDC1ai7u,fee,-0.0452,rete (fee di blocco),"residuo fra il campione precedente e questo, una volta tolti i movimenti noti: e' la fee pagata (segno -) o incassata (segno +) nell'intervallo, non attribuibile a una singola transazione",49.0711,,1
run3-tbt-5s/regionale,regionale,5,174,15,m2,1B6r6YPpfhSzpSvUo39JkyfYERxVrLyDC1ai7u,fee,-0.1054,rete (fee di blocco),"residuo fra il campione precedente e questo, una volta tolti i movimenti noti: e' la fee pagata (segno -) o incassata (segno +) nell'intervallo, non attribuibile a una singola transazione",48.9657,,1
run3-tbt-5s/regionale,regionale,5,181,16,m2,1B6r6YPpfhSzpSvUo39JkyfYERxVrLyDC1ai7u,fee,0.168,rete (fee di blocco),residuo verso il saldo che il nodo stesso ha letto subito prima di spendere: chiude lo scarto fra le due fonti di saldo,49.1337,,1
run3-tbt-5s/regionale,regionale,5,181,16,m2,1B6r6YPpfhSzpSvUo39JkyfYERxVrLyDC1ai7u,reconcile,-28.2802,treasury,riconciliazione al treasury: e' la R_k dell'epoca (Def. 6.7),20.8535,,1
run3-tbt-5s/regionale,regionale,5,181,16,m2,1B6r6YPpfhSzpSvUo39JkyfYERxVrLyDC1ai7u,fee,-0.045,rete (fee di blocco),"residuo fra il campione precedente e questo, una volta tolti i movimenti noti: e' la fee pagata (segno -) o incassata (segno +) nell'intervallo, non attribuibile a una singola transazione",20.8085,,1
run3-tbt-5s/regionale,regionale,5,186,16,m2,1B6r6YPpfhSzpSvUo39JkyfYERxVrLyDC1ai7u,fee,-0.0494,rete (fee di blocco),"residuo fra il campione precedente e questo, una volta tolti i movimenti noti: e' la fee pagata (segno -) o incassata (segno +) nell'intervallo, non attribuibile a una singola transazione",20.7591,,1
run3-tbt-5s/regionale,regionale,5,191,16,m2,1B6r6YPpfhSzpSvUo39JkyfYERxVrLyDC1ai7u,fee,0.4024,rete (fee di blocco),"residuo fra il campione precedente e questo, una volta tolti i movimenti noti: e' la fee pagata (segno -) o incassata (segno +) nell'intervallo, non attribuibile a una singola transazione",21.1615,,1
run3-tbt-5s/regionale,regionale,5,193,17,m2,1B6r6YPpfhSzpSvUo39JkyfYERxVrLyDC1ai7u,reconcile,-11.4969,treasury,riconciliazione al treasury: e' la R_k dell'epoca (Def. 6.7),9.6646,,1
run3-tbt-5s/regionale,regionale,5,196,17,m2,1B6r6YPpfhSzpSvUo39JkyfYERxVrLyDC1ai7u,refill,100.0,admin,rifornimento sotto soglia,109.6646,,1
run3-tbt-5s/regionale,regionale,5,196,17,m2,1B6r6YPpfhSzpSvUo39JkyfYERxVrLyDC1ai7u,fee,-100.3698,rete (fee di blocco),"residuo fra il campione precedente e questo, una volta tolti i movimenti noti: e' la fee pagata (segno -) o incassata (segno +) nell'intervallo, non attribuibile a una singola transazione",9.2948,,1
run3-tbt-5s/regionale,regionale,5,202,17,m2,1B6r6YPpfhSzpSvUo39JkyfYERxVrLyDC1ai7u,fee,99.8944,rete (fee di blocco),"residuo fra il campione precedente e questo, una volta tolti i movimenti noti: e' la fee pagata (segno -) o incassata (segno +) nell'intervallo, non attribuibile a una singola transazione",109.1892,,1
run3-tbt-5s/regionale,regionale,5,205,18,m2,1B6r6YPpfhSzpSvUo39JkyfYERxVrLyDC1ai7u,fee,0.2796,rete (fee di blocco),residuo verso il saldo che il nodo stesso ha letto subito prima di spendere: chiude lo scarto fra le due fonti di saldo,109.4688,,1
run3-tbt-5s/regionale,regionale,5,205,18,m2,1B6r6YPpfhSzpSvUo39JkyfYERxVrLyDC1ai7u,reconcile,-64.4813,treasury,riconciliazione al treasury: e' la R_k dell'epoca (Def. 6.7),44.9875,,1
run3-tbt-5s/regionale,regionale,5,207,18,m2,1B6r6YPpfhSzpSvUo39JkyfYERxVrLyDC1ai7u,fee,-0.0452,rete (fee di blocco),"residuo fra il campione precedente e questo, una volta tolti i movimenti noti: e' la fee pagata (segno -) o incassata (segno +) nell'intervallo, non attribuibile a una singola transazione",44.9423,,1
run3-tbt-5s/regionale,regionale,5,212,18,m2,1B6r6YPpfhSzpSvUo39JkyfYERxVrLyDC1ai7u,fee,-0.0758,rete (fee di blocco),"residuo fra il campione precedente e questo, una volta tolti i movimenti noti: e' la fee pagata (segno -) o incassata (segno +) nell'intervallo, non attribuibile a una singola transazione",44.8665,,1
run3-tbt-5s/regionale,regionale,5,218,19,m2,1B6r6YPpfhSzpSvUo39JkyfYERxVrLyDC1ai7u,refill,100.0,admin,rifornimento sotto soglia,144.8665,,1
run3-tbt-5s/regionale,regionale,5,218,19,m2,1B6r6YPpfhSzpSvUo39JkyfYERxVrLyDC1ai7u,fee,-99.552,rete (fee di blocco),residuo verso il saldo che il nodo stesso ha letto subito prima di spendere: chiude lo scarto fra le due fonti di saldo,45.3145,,1
run3-tbt-5s/regionale,regionale,5,218,19,m2,1B6r6YPpfhSzpSvUo39JkyfYERxVrLyDC1ai7u,reconcile,-25.9887,treasury,riconciliazione al treasury: e' la R_k dell'epoca (Def. 6.7),19.3258,,1
run3-tbt-5s/regionale,regionale,5,218,19,m2,1B6r6YPpfhSzpSvUo39JkyfYERxVrLyDC1ai7u,fee,0.2346,rete (fee di blocco),"residuo fra il campione precedente e questo, una volta tolti i movimenti noti: e' la fee pagata (segno -) o incassata (segno +) nell'intervallo, non attribuibile a una singola transazione",19.5604,,1
run3-tbt-5s/regionale,regionale,5,224,19,m2,1B6r6YPpfhSzpSvUo39JkyfYERxVrLyDC1ai7u,fee,100.2242,rete (fee di blocco),"residuo fra il campione precedente e questo, una volta tolti i movimenti noti: e' la fee pagata (segno -) o incassata (segno +) nell'intervallo, non attribuibile a una singola transazione",119.7846,,1
run3-tbt-5s/regionale,regionale,5,230,20,m2,1B6r6YPpfhSzpSvUo39JkyfYERxVrLyDC1ai7u,fee,-70.6712,rete (fee di blocco),"residuo fra il campione precedente e questo, una volta tolti i movimenti noti: e' la fee pagata (segno -) o incassata (segno +) nell'intervallo, non attribuibile a una singola transazione",49.1134,,1
run3-tbt-5s/regionale,regionale,5,231,20,m2,1B6r6YPpfhSzpSvUo39JkyfYERxVrLyDC1ai7u,fee,70.7832,rete (fee di blocco),residuo verso il saldo che il nodo stesso ha letto subito prima di spendere: chiude lo scarto fra le due fonti di saldo,119.8966,,1
run3-tbt-5s/regionale,regionale,5,231,20,m2,1B6r6YPpfhSzpSvUo39JkyfYERxVrLyDC1ai7u,reconcile,-70.738,treasury,riconciliazione al treasury: e' la R_k dell'epoca (Def. 6.7),49.1586,,1
run3-tbt-5s/regionale,regionale,5,236,20,m2,1B6r6YPpfhSzpSvUo39JkyfYERxVrLyDC1ai7u,fee,-0.1508,rete (fee di blocco),"residuo fra il campione precedente e questo, una volta tolti i movimenti noti: e' la fee pagata (segno -) o incassata (segno +) nell'intervallo, non attribuibile a una singola transazione",49.0078,,1
run3-tbt-5s/regionale,regionale,5,242,21,m2,1B6r6YPpfhSzpSvUo39JkyfYERxVrLyDC1ai7u,reconcile,-28.2047,treasury,riconciliazione al treasury: e' la R_k dell'epoca (Def. 6.7),20.8031,,1
run3-tbt-5s/regionale,regionale,5,242,21,m2,1B6r6YPpfhSzpSvUo39JkyfYERxVrLyDC1ai7u,fee,-0.0452,rete (fee di blocco),"residuo fra il campione precedente e questo, una volta tolti i movimenti noti: e' la fee pagata (segno -) o incassata (segno +) nell'intervallo, non attribuibile a una singola transazione",20.7579,,1
run3-tbt-5s/regionale,regionale,5,246,21,m2,1B6r6YPpfhSzpSvUo39JkyfYERxVrLyDC1ai7u,fee,-0.1054,rete (fee di blocco),"residuo fra il campione precedente e questo, una volta tolti i movimenti noti: e' la fee pagata (segno -) o incassata (segno +) nell'intervallo, non attribuibile a una singola transazione",20.6525,,1
run3-tbt-5s/regionale,regionale,5,251,21,m2,1B6r6YPpfhSzpSvUo39JkyfYERxVrLyDC1ai7u,fee,0.4346,rete (fee di blocco),"residuo fra il campione precedente e questo, una volta tolti i movimenti noti: e' la fee pagata (segno -) o incassata (segno +) nell'intervallo, non attribuibile a una singola transazione",21.0871,,1
run3-tbt-5s/regionale,regionale,5,253,22,m2,1B6r6YPpfhSzpSvUo39JkyfYERxVrLyDC1ai7u,reconcile,-11.4523,treasury,riconciliazione al treasury: e' la R_k dell'epoca (Def. 6.7),9.6348,,1
run3-tbt-5s/regionale,regionale,5,255,22,m2,1B6r6YPpfhSzpSvUo39JkyfYERxVrLyDC1ai7u,refill,100.0,admin,rifornimento sotto soglia,109.6348,,1
run3-tbt-5s/regionale,regionale,5,255,22,m2,1B6r6YPpfhSzpSvUo39JkyfYERxVrLyDC1ai7u,fee,-100.311,rete (fee di blocco),"residuo fra il campione precedente e questo, una volta tolti i movimenti noti: e' la fee pagata (segno -) o incassata (segno +) nell'intervallo, non attribuibile a una singola transazione",9.3238,,1
run3-tbt-5s/regionale,regionale,5,260,22,m2,1B6r6YPpfhSzpSvUo39JkyfYERxVrLyDC1ai7u,fee,99.924,rete (fee di blocco),"residuo fra il campione precedente e questo, una volta tolti i movimenti noti: e' la fee pagata (segno -) o incassata (segno +) nell'intervallo, non attribuibile a una singola transazione",109.2478,,1
run3-tbt-5s/regionale,regionale,5,265,23,m2,1B6r6YPpfhSzpSvUo39JkyfYERxVrLyDC1ai7u,reconcile,-64.3487,treasury,riconciliazione al treasury: e' la R_k dell'epoca (Def. 6.7),44.8991,,1
run3-tbt-5s/regionale,regionale,5,266,23,m2,1B6r6YPpfhSzpSvUo39JkyfYERxVrLyDC1ai7u,fee,-0.045,rete (fee di blocco),"residuo fra il campione precedente e questo, una volta tolti i movimenti noti: e' la fee pagata (segno -) o incassata (segno +) nell'intervallo, non attribuibile a una singola transazione",44.8541,,1
run3-tbt-5s/regionale,regionale,5,270,23,m2,1B6r6YPpfhSzpSvUo39JkyfYERxVrLyDC1ai7u,fee,0.2752,rete (fee di blocco),"residuo fra il campione precedente e questo, una volta tolti i movimenti noti: e' la fee pagata (segno -) o incassata (segno +) nell'intervallo, non attribuibile a una singola transazione",45.1293,,1
run3-tbt-5s/regionale,regionale,5,275,23,m2,1B6r6YPpfhSzpSvUo39JkyfYERxVrLyDC1ai7u,fee,0.336,rete (fee di blocco),"residuo fra il campione precedente e questo, una volta tolti i movimenti noti: e' la fee pagata (segno -) o incassata (segno +) nell'intervallo, non attribuibile a una singola transazione",45.4653,,1
run3-tbt-5s/regionale,regionale,5,277,24,m2,1B6r6YPpfhSzpSvUo39JkyfYERxVrLyDC1ai7u,reconcile,-26.0792,treasury,riconciliazione al treasury: e' la R_k dell'epoca (Def. 6.7),19.3861,,1
run3-tbt-5s/regionale,regionale,5,281,24,m2,1B6r6YPpfhSzpSvUo39JkyfYERxVrLyDC1ai7u,refill,100.0,admin,rifornimento sotto soglia,119.3861,,1
run3-tbt-5s/regionale,regionale,5,281,24,m2,1B6r6YPpfhSzpSvUo39JkyfYERxVrLyDC1ai7u,fee,-99.8772,rete (fee di blocco),"residuo fra il campione precedente e questo, una volta tolti i movimenti noti: e' la fee pagata (segno -) o incassata (segno +) nell'intervallo, non attribuibile a una singola transazione",19.5089,,1
run3-tbt-5s/regionale,regionale,5,287,24,m2,1B6r6YPpfhSzpSvUo39JkyfYERxVrLyDC1ai7u,fee,100.0,rete (fee di blocco),"residuo fra il campione precedente e questo, una volta tolti i movimenti noti: e' la fee pagata (segno -) o incassata (segno +) nell'intervallo, non attribuibile a una singola transazione",119.5089,,1
run3-tbt-5s/regionale,regionale,5,289,25,m2,1B6r6YPpfhSzpSvUo39JkyfYERxVrLyDC1ai7u,reconcile,-70.5053,treasury,riconciliazione al treasury: e' la R_k dell'epoca (Def. 6.7),49.0036,,1
run3-tbt-5s/regionale,regionale,5,292,25,m2,1B6r6YPpfhSzpSvUo39JkyfYERxVrLyDC1ai7u,fee,0.4684,rete (fee di blocco),"residuo fra il campione precedente e questo, una volta tolti i movimenti noti: e' la fee pagata (segno -) o incassata (segno +) nell'intervallo, non attribuibile a una singola transazione",49.472,,1
run3-tbt-5s/regionale,regionale,5,298,25,m2,1B6r6YPpfhSzpSvUo39JkyfYERxVrLyDC1ai7u,fee,-0.1056,rete (fee di blocco),"residuo fra il campione precedente e questo, una volta tolti i movimenti noti: e' la fee pagata (segno -) o incassata (segno +) nell'intervallo, non attribuibile a una singola transazione",49.3664,,1
run3-tbt-5s/regionale,regionale,5,301,26,m2,1B6r6YPpfhSzpSvUo39JkyfYERxVrLyDC1ai7u,fee,0.112,rete (fee di blocco),residuo verso il saldo che il nodo stesso ha letto subito prima di spendere: chiude lo scarto fra le due fonti di saldo,49.4784,,1
run3-tbt-5s/regionale,regionale,5,301,26,m2,1B6r6YPpfhSzpSvUo39JkyfYERxVrLyDC1ai7u,reconcile,-28.487,treasury,riconciliazione al treasury: e' la R_k dell'epoca (Def. 6.7),20.9914,,1
run3-tbt-5s/regionale,regionale,5,303,26,m2,1B6r6YPpfhSzpSvUo39JkyfYERxVrLyDC1ai7u,fee,-0.0452,rete (fee di blocco),"residuo fra il campione precedente e questo, una volta tolti i movimenti noti: e' la fee pagata (segno -) o incassata (segno +) nell'intervallo, non attribuibile a una singola transazione",20.9462,,1
run3-tbt-5s/regionale,regionale,5,308,26,m2,1B6r6YPpfhSzpSvUo39JkyfYERxVrLyDC1ai7u,fee,-0.1056,rete (fee di blocco),"residuo fra il campione precedente e questo, una volta tolti i movimenti noti: e' la fee pagata (segno -) o incassata (segno +) nell'intervallo, non attribuibile a una singola transazione",20.8406,,1
run3-tbt-5s/regionale,regionale,5,313,27,m2,1B6r6YPpfhSzpSvUo39JkyfYERxVrLyDC1ai7u,fee,0.056,rete (fee di blocco),"residuo fra il campione precedente e questo, una volta tolti i movimenti noti: e' la fee pagata (segno -) o incassata (segno +) nell'intervallo, non attribuibile a una singola transazione",20.8966,,1
run3-tbt-5s/regionale,regionale,5,315,27,m2,1B6r6YPpfhSzpSvUo39JkyfYERxVrLyDC1ai7u,reconcile,-11.338,treasury,riconciliazione al treasury: e' la R_k dell'epoca (Def. 6.7),9.5586,,1
run3-tbt-5s/regionale,regionale,5,318,27,m2,1B6r6YPpfhSzpSvUo39JkyfYERxVrLyDC1ai7u,refill,100.0,admin,rifornimento sotto soglia,109.5586,,1
run3-tbt-5s/regionale,regionale,5,318,27,m2,1B6r6YPpfhSzpSvUo39JkyfYERxVrLyDC1ai7u,fee,-100.3304,rete (fee di blocco),"residuo fra il campione precedente e questo, una volta tolti i movimenti noti: e' la fee pagata (segno -) o incassata (segno +) nell'intervallo, non attribuibile a una singola transazione",9.2282,,1
run3-tbt-5s/regionale,regionale,5,323,27,m2,1B6r6YPpfhSzpSvUo39JkyfYERxVrLyDC1ai7u,fee,100.0,rete (fee di blocco),"residuo fra il campione precedente e questo, una volta tolti i movimenti noti: e' la fee pagata (segno -) o incassata (segno +) nell'intervallo, non attribuibile a una singola transazione",109.2282,,1
run3-tbt-5s/regionale,regionale,5,325,28,m2,1B6r6YPpfhSzpSvUo39JkyfYERxVrLyDC1ai7u,fee,0.1122,rete (fee di blocco),residuo verso il saldo che il nodo stesso ha letto subito prima di spendere: chiude lo scarto fra le due fonti di saldo,109.3404,,1
run3-tbt-5s/regionale,regionale,5,325,28,m2,1B6r6YPpfhSzpSvUo39JkyfYERxVrLyDC1ai7u,reconcile,-64.4042,treasury,riconciliazione al treasury: e' la R_k dell'epoca (Def. 6.7),44.9362,,1
run3-tbt-5s/regionale,regionale,5,329,28,m2,1B6r6YPpfhSzpSvUo39JkyfYERxVrLyDC1ai7u,fee,0.5248,rete (fee di blocco),"residuo fra il campione precedente e questo, una volta tolti i movimenti noti: e' la fee pagata (segno -) o incassata (segno +) nell'intervallo, non attribuibile a una singola transazione",45.461,,1
run3-tbt-5s/regionale,regionale,5,333,28,m2,1B6r6YPpfhSzpSvUo39JkyfYERxVrLyDC1ai7u,fee,0.1124,rete (fee di blocco),"residuo fra il campione precedente e questo, una volta tolti i movimenti noti: e' la fee pagata (segno -) o incassata (segno +) nell'intervallo, non attribuibile a una singola transazione",45.5734,,1
run3-tbt-5s/regionale,regionale,5,337,29,m2,1B6r6YPpfhSzpSvUo39JkyfYERxVrLyDC1ai7u,fee,0.168,rete (fee di blocco),residuo verso il saldo che il nodo stesso ha letto subito prima di spendere: chiude lo scarto fra le due fonti di saldo,45.7414,,1
run3-tbt-5s/regionale,regionale,5,337,29,m2,1B6r6YPpfhSzpSvUo39JkyfYERxVrLyDC1ai7u,reconcile,-26.2448,treasury,riconciliazione al treasury: e' la R_k dell'epoca (Def. 6.7),19.4966,,1
run3-tbt-5s/regionale,regionale,5,339,29,m2,1B6r6YPpfhSzpSvUo39JkyfYERxVrLyDC1ai7u,refill,100.0,admin,rifornimento sotto soglia,119.4966,,1
run3-tbt-5s/regionale,regionale,5,339,29,m2,1B6r6YPpfhSzpSvUo39JkyfYERxVrLyDC1ai7u,fee,-99.5344,rete (fee di blocco),"residuo fra il campione precedente e questo, una volta tolti i movimenti noti: e' la fee pagata (segno -) o incassata (segno +) nell'intervallo, non attribuibile a una singola transazione",19.9622,,1
run3-tbt-5s/regionale,regionale,5,344,29,m2,1B6r6YPpfhSzpSvUo39JkyfYERxVrLyDC1ai7u,fee,100.3084,rete (fee di blocco),"residuo fra il campione precedente e questo, una volta tolti i movimenti noti: e' la fee pagata (segno -) o incassata (segno +) nell'intervallo, non attribuibile a una singola transazione",120.2706,,1
run3-tbt-5s/regionale,regionale,5,349,30,m2,1B6r6YPpfhSzpSvUo39JkyfYERxVrLyDC1ai7u,fee,0.1122,rete (fee di blocco),residuo verso il saldo che il nodo stesso ha letto subito prima di spendere: chiude lo scarto fra le due fonti di saldo,120.3828,,1
run3-tbt-5s/regionale,regionale,5,349,30,m2,1B6r6YPpfhSzpSvUo39JkyfYERxVrLyDC1ai7u,reconcile,-71.0297,treasury,riconciliazione al treasury: e' la R_k dell'epoca (Def. 6.7),49.3531,,1
run3-tbt-5s/regionale,regionale,5,349,30,m2,1B6r6YPpfhSzpSvUo39JkyfYERxVrLyDC1ai7u,fee,-0.0452,rete (fee di blocco),"residuo fra il campione precedente e questo, una volta tolti i movimenti noti: e' la fee pagata (segno -) o incassata (segno +) nell'intervallo, non attribuibile a una singola transazione",49.3079,,1
run3-tbt-5s/regionale,regionale,5,354,30,m2,1B6r6YPpfhSzpSvUo39JkyfYERxVrLyDC1ai7u,fee,-0.1056,rete (fee di blocco),"residuo fra il campione precedente e questo, una volta tolti i movimenti noti: e' la fee pagata (segno -) o incassata (segno +) nell'intervallo, non attribuibile a una singola transazione",49.2023,,1
run3-tbt-5s/regionale,regionale,5,359,30,m2,1B6r6YPpfhSzpSvUo39JkyfYERxVrLyDC1ai7u,fee,0.2244,rete (fee di blocco),"residuo fra il campione precedente e questo, una volta tolti i movimenti noti: e' la fee pagata (segno -) o incassata (segno +) nell'intervallo, non attribuibile a una singola transazione",49.4267,,1
run3-tbt-5s/regionale,regionale,5,361,31,m2,1B6r6YPpfhSzpSvUo39JkyfYERxVrLyDC1ai7u,reconcile,-28.456,treasury,riconciliazione al treasury: e' la R_k dell'epoca (Def. 6.7),20.9707,,1
run3-tbt-5s/regionale,regionale,5,365,31,m2,1B6r6YPpfhSzpSvUo39JkyfYERxVrLyDC1ai7u,fee,0.7542,rete (fee di blocco),"residuo fra il campione precedente e questo, una volta tolti i movimenti noti: e' la fee pagata (segno -) o incassata (segno +) nell'intervallo, non attribuibile a una singola transazione",21.7249,,1
run3-tbt-5s/regionale,regionale,5,369,31,m2,1B6r6YPpfhSzpSvUo39JkyfYERxVrLyDC1ai7u,fee,-0.1056,rete (fee di blocco),"residuo fra il campione precedente e questo, una volta tolti i movimenti noti: e' la fee pagata (segno -) o incassata (segno +) nell'intervallo, non attribuibile a una singola transazione",21.6193,,1
run3-tbt-5s/regionale,regionale,5,373,32,m2,1B6r6YPpfhSzpSvUo39JkyfYERxVrLyDC1ai7u,reconcile,-11.7716,treasury,riconciliazione al treasury: e' la R_k dell'epoca (Def. 6.7),9.8477,,1
run3-tbt-5s/regionale,regionale,5,374,32,m2,1B6r6YPpfhSzpSvUo39JkyfYERxVrLyDC1ai7u,refill,100.0,admin,rifornimento sotto soglia,109.8477,,1
run3-tbt-5s/regionale,regionale,5,374,32,m2,1B6r6YPpfhSzpSvUo39JkyfYERxVrLyDC1ai7u,fee,-100.3698,rete (fee di blocco),"residuo fra il campione precedente e questo, una volta tolti i movimenti noti: e' la fee pagata (segno -) o incassata (segno +) nell'intervallo, non attribuibile a una singola transazione",9.4779,,1
run3-tbt-5s/regionale,regionale,5,379,32,m2,1B6r6YPpfhSzpSvUo39JkyfYERxVrLyDC1ai7u,fee,99.9238,rete (fee di blocco),"residuo fra il campione precedente e questo, una volta tolti i movimenti noti: e' la fee pagata (segno -) o incassata (segno +) nell'intervallo, non attribuibile a una singola transazione",109.4017,,1
run3-tbt-5s/regionale,regionale,5,384,33,m2,1B6r6YPpfhSzpSvUo39JkyfYERxVrLyDC1ai7u,fee,0.0562,rete (fee di blocco),"residuo fra il campione precedente e questo, una volta tolti i movimenti noti: e' la fee pagata (segno -) o incassata (segno +) nell'intervallo, non attribuibile a una singola transazione",109.4579,,1
run3-tbt-5s/regionale,regionale,5,386,33,m2,1B6r6YPpfhSzpSvUo39JkyfYERxVrLyDC1ai7u,reconcile,-64.4747,treasury,riconciliazione al treasury: e' la R_k dell'epoca (Def. 6.7),44.9832,,1
run3-tbt-5s/regionale,regionale,5,389,33,m2,1B6r6YPpfhSzpSvUo39JkyfYERxVrLyDC1ai7u,fee,0.0736,rete (fee di blocco),"residuo fra il campione precedente e questo, una volta tolti i movimenti noti: e' la fee pagata (segno -) o incassata (segno +) nell'intervallo, non attribuibile a una singola transazione",45.0568,,1
run3-tbt-5s/regionale,regionale,5,394,33,m2,1B6r6YPpfhSzpSvUo39JkyfYERxVrLyDC1ai7u,fee,0.2246,rete (fee di blocco),"residuo fra il campione precedente e questo, una volta tolti i movimenti noti: e' la fee pagata (segno -) o incassata (segno +) nell'intervallo, non attribuibile a una singola transazione",45.2814,,1
run3-tbt-5s/regionale,regionale,5,397,34,m2,1B6r6YPpfhSzpSvUo39JkyfYERxVrLyDC1ai7u,reconcile,-25.9688,treasury,riconciliazione al treasury: e' la R_k dell'epoca (Def. 6.7),19.3126,,1
run3-tbt-5s/regionale,regionale,5,400,34,m2,1B6r6YPpfhSzpSvUo39JkyfYERxVrLyDC1ai7u,refill,100.0,admin,rifornimento sotto soglia,119.3126,,1
run3-tbt-5s/regionale,regionale,5,400,34,m2,1B6r6YPpfhSzpSvUo39JkyfYERxVrLyDC1ai7u,fee,-99.8766,rete (fee di blocco),"residuo fra il campione precedente e questo, una volta tolti i movimenti noti: e' la fee pagata (segno -) o incassata (segno +) nell'intervallo, non attribuibile a una singola transazione",19.436,,1
run3-tbt-5s/regionale,regionale,5,404,34,m2,1B6r6YPpfhSzpSvUo39JkyfYERxVrLyDC1ai7u,fee,100.0144,rete (fee di blocco),"residuo fra il campione precedente e questo, una volta tolti i movimenti noti: e' la fee pagata (segno -) o incassata (segno +) nell'intervallo, non attribuibile a una singola transazione",119.4504,,1
run3-tbt-5s/regionale,regionale,5,409,35,m2,1B6r6YPpfhSzpSvUo39JkyfYERxVrLyDC1ai7u,reconcile,-70.4702,treasury,riconciliazione al treasury: e' la R_k dell'epoca (Def. 6.7),48.9802,,1
run3-tbt-5s/regionale,regionale,5,409,35,m2,1B6r6YPpfhSzpSvUo39JkyfYERxVrLyDC1ai7u,fee,-0.0452,rete (fee di blocco),"residuo fra il campione precedente e questo, una volta tolti i movimenti noti: e' la fee pagata (segno -) o incassata (segno +) nell'intervallo, non attribuibile a una singola transazione",48.935,,1
run3-tbt-5s/regionale,regionale,5,414,35,m2,1B6r6YPpfhSzpSvUo39JkyfYERxVrLyDC1ai7u,fee,-0.1058,rete (fee di blocco),"residuo fra il campione precedente e questo, una volta tolti i movimenti noti: e' la fee pagata (segno -) o incassata (segno +) nell'intervallo, non attribuibile a una singola transazione",48.8292,,1
run3-tbt-5s/regionale,regionale,5,416,35,m2,1B6r6YPpfhSzpSvUo39JkyfYERxVrLyDC1ai7u,fee,38.4991,rete (fee di blocco),"residuo fino al saldo di fine run letto da node_state.csv: per l'admin e' l'unica misura disponibile, gas_balances.csv non lo campiona",48.9976,,1
run3-tbt-5s/regionale,regionale,5,420,36,m2,1B6r6YPpfhSzpSvUo39JkyfYERxVrLyDC1ai7u,fee,0.1684,rete (fee di blocco),"residuo fra il campione precedente e questo, una volta tolti i movimenti noti: e' la fee pagata (segno -) o incassata (segno +) nell'intervallo, non attribuibile a una singola transazione",48.9976,,1
run3-tbt-5s/regionale,regionale,5,421,36,m2,1B6r6YPpfhSzpSvUo39JkyfYERxVrLyDC1ai7u,reconcile,-28.1986,treasury,riconciliazione al treasury: e' la R_k dell'epoca (Def. 6.7),20.799,,1
run3-tbt-5s/regionale,regionale,5,425,36,m2,1B6r6YPpfhSzpSvUo39JkyfYERxVrLyDC1ai7u,fee,0.4518,rete (fee di blocco),"residuo fra il campione precedente e questo, una volta tolti i movimenti noti: e' la fee pagata (segno -) o incassata (segno +) nell'intervallo, non attribuibile a una singola transazione",21.2508,,1
run3-tbt-5s/regionale,regionale,5,431,36,m2,1B6r6YPpfhSzpSvUo39JkyfYERxVrLyDC1ai7u,fee,0.706,rete (fee di blocco),"residuo fra il campione precedente e questo, una volta tolti i movimenti noti: e' la fee pagata (segno -) o incassata (segno +) nell'intervallo, non attribuibile a una singola transazione",21.9568,,1
run3-tbt-5s/regionale,regionale,5,433,37,m2,1B6r6YPpfhSzpSvUo39JkyfYERxVrLyDC1ai7u,reconcile,-11.9741,treasury,riconciliazione al treasury: e' la R_k dell'epoca (Def. 6.7),9.9827,,1
run3-tbt-5s/regionale,regionale,5,436,37,m2,1B6r6YPpfhSzpSvUo39JkyfYERxVrLyDC1ai7u,refill,100.0,admin,rifornimento sotto soglia,109.9827,,1
run3-tbt-5s/regionale,regionale,5,436,37,m2,1B6r6YPpfhSzpSvUo39JkyfYERxVrLyDC1ai7u,fee,-99.4842,rete (fee di blocco),"residuo fra il campione precedente e questo, una volta tolti i movimenti noti: e' la fee pagata (segno -) o incassata (segno +) nell'intervallo, non attribuibile a una singola transazione",10.4985,,1
run3-tbt-5s/regionale,regionale,5,11,1,m3,1CL4LiiNpuWSxPGYkh8WN8g7EnEjU4EK3kDWCA,init,50.0,admin,dotazione iniziale,50.0,,1
run3-tbt-5s/regionale,regionale,5,67,6,m3,1CL4LiiNpuWSxPGYkh8WN8g7EnEjU4EK3kDWCA,fee,-8.6788,rete (fee di blocco),"residuo fra il campione precedente e questo, una volta tolti i movimenti noti: e' la fee pagata (segno -) o incassata (segno +) nell'intervallo, non attribuibile a una singola transazione",41.3212,,1
run3-tbt-5s/regionale,regionale,5,68,6,m3,1CL4LiiNpuWSxPGYkh8WN8g7EnEjU4EK3kDWCA,fee,9.8868,rete (fee di blocco),residuo verso il saldo che il nodo stesso ha letto subito prima di spendere: chiude lo scarto fra le due fonti di saldo,51.208,,1
run3-tbt-5s/regionale,regionale,5,68,6,m3,1CL4LiiNpuWSxPGYkh8WN8g7EnEjU4EK3kDWCA,reconcile,-9.8416,treasury,riconciliazione al treasury: e' la R_k dell'epoca (Def. 6.7),41.3664,,1
run3-tbt-5s/regionale,regionale,5,73,7,m3,1CL4LiiNpuWSxPGYkh8WN8g7EnEjU4EK3kDWCA,fee,-7.9546,rete (fee di blocco),"residuo fra il campione precedente e questo, una volta tolti i movimenti noti: e' la fee pagata (segno -) o incassata (segno +) nell'intervallo, non attribuibile a una singola transazione",33.4118,,1
run3-tbt-5s/regionale,regionale,5,74,7,m3,1CL4LiiNpuWSxPGYkh8WN8g7EnEjU4EK3kDWCA,fee,7.9094,rete (fee di blocco),residuo verso il saldo che il nodo stesso ha letto subito prima di spendere: chiude lo scarto fra le due fonti di saldo,41.3212,,1
run3-tbt-5s/regionale,regionale,5,74,7,m3,1CL4LiiNpuWSxPGYkh8WN8g7EnEjU4EK3kDWCA,reconcile,-7.8642,treasury,riconciliazione al treasury: e' la R_k dell'epoca (Def. 6.7),33.457,,1
run3-tbt-5s/regionale,regionale,5,78,7,m3,1CL4LiiNpuWSxPGYkh8WN8g7EnEjU4EK3kDWCA,fee,0.2064,rete (fee di blocco),"residuo fra il campione precedente e questo, una volta tolti i movimenti noti: e' la fee pagata (segno -) o incassata (segno +) nell'intervallo, non attribuibile a una singola transazione",33.6634,,1
run3-tbt-5s/regionale,regionale,5,85,8,m3,1CL4LiiNpuWSxPGYkh8WN8g7EnEjU4EK3kDWCA,fee,-6.3777,rete (fee di blocco),"residuo fra il campione precedente e questo, una volta tolti i movimenti noti: e' la fee pagata (segno -) o incassata (segno +) nell'intervallo, non attribuibile a una singola transazione",27.2857,,1
run3-tbt-5s/regionale,regionale,5,86,8,m3,1CL4LiiNpuWSxPGYkh8WN8g7EnEjU4EK3kDWCA,fee,6.3777,rete (fee di blocco),residuo verso il saldo che il nodo stesso ha letto subito prima di spendere: chiude lo scarto fra le due fonti di saldo,33.6634,,1
run3-tbt-5s/regionale,regionale,5,86,8,m3,1CL4LiiNpuWSxPGYkh8WN8g7EnEjU4EK3kDWCA,reconcile,-6.3327,treasury,riconciliazione al treasury: e' la R_k dell'epoca (Def. 6.7),27.3307,,1
run3-tbt-5s/regionale,regionale,5,91,8,m3,1CL4LiiNpuWSxPGYkh8WN8g7EnEjU4EK3kDWCA,fee,0.5402,rete (fee di blocco),"residuo fra il campione precedente e questo, una volta tolti i movimenti noti: e' la fee pagata (segno -) o incassata (segno +) nell'intervallo, non attribuibile a una singola transazione",27.8709,,1
run3-tbt-5s/regionale,regionale,5,97,9,m3,1CL4LiiNpuWSxPGYkh8WN8g7EnEjU4EK3kDWCA,fee,-5.1747,rete (fee di blocco),"residuo fra il campione precedente e questo, una volta tolti i movimenti noti: e' la fee pagata (segno -) o incassata (segno +) nell'intervallo, non attribuibile a una singola transazione",22.6962,,1
run3-tbt-5s/regionale,regionale,5,98,9,m3,1CL4LiiNpuWSxPGYkh8WN8g7EnEjU4EK3kDWCA,fee,5.2303,rete (fee di blocco),residuo verso il saldo che il nodo stesso ha letto subito prima di spendere: chiude lo scarto fra le due fonti di saldo,27.9265,,1
run3-tbt-5s/regionale,regionale,5,98,9,m3,1CL4LiiNpuWSxPGYkh8WN8g7EnEjU4EK3kDWCA,reconcile,-5.1853,treasury,riconciliazione al treasury: e' la R_k dell'epoca (Def. 6.7),22.7412,,1
run3-tbt-5s/regionale,regionale,5,103,9,m3,1CL4LiiNpuWSxPGYkh8WN8g7EnEjU4EK3kDWCA,fee,-0.1504,rete (fee di blocco),"residuo fra il campione precedente e questo, una volta tolti i movimenti noti: e' la fee pagata (segno -) o incassata (segno +) nell'intervallo, non attribuibile a una singola transazione",22.5908,,1
run3-tbt-5s/regionale,regionale,5,109,10,m3,1CL4LiiNpuWSxPGYkh8WN8g7EnEjU4EK3kDWCA,refill,100.0,admin,rifornimento sotto soglia,122.5908,,1
run3-tbt-5s/regionale,regionale,5,109,10,m3,1CL4LiiNpuWSxPGYkh8WN8g7EnEjU4EK3kDWCA,fee,-104.0739,rete (fee di blocco),"residuo fra il campione precedente e questo, una volta tolti i movimenti noti: e' la fee pagata (segno -) o incassata (segno +) nell'intervallo, non attribuibile a una singola transazione",18.5169,,1
run3-tbt-5s/regionale,regionale,5,110,10,m3,1CL4LiiNpuWSxPGYkh8WN8g7EnEjU4EK3kDWCA,fee,4.1857,rete (fee di blocco),residuo verso il saldo che il nodo stesso ha letto subito prima di spendere: chiude lo scarto fra le due fonti di saldo,22.7026,,1
run3-tbt-5s/regionale,regionale,5,110,10,m3,1CL4LiiNpuWSxPGYkh8WN8g7EnEjU4EK3kDWCA,reconcile,-4.1405,treasury,riconciliazione al treasury: e' la R_k dell'epoca (Def. 6.7),18.5621,,1
run3-tbt-5s/regionale,regionale,5,114,10,m3,1CL4LiiNpuWSxPGYkh8WN8g7EnEjU4EK3kDWCA,fee,99.9548,rete (fee di blocco),"residuo fra il campione precedente e questo, una volta tolti i movimenti noti: e' la fee pagata (segno -) o incassata (segno +) nell'intervallo, non attribuibile a una singola transazione",118.5169,,1
run3-tbt-5s/regionale,regionale,5,122,11,m3,1CL4LiiNpuWSxPGYkh8WN8g7EnEjU4EK3kDWCA,reconcile,-23.3034,treasury,riconciliazione al treasury: e' la R_k dell'epoca (Def. 6.7),95.2135,,1
run3-tbt-5s/regionale,regionale,5,124,11,m3,1CL4LiiNpuWSxPGYkh8WN8g7EnEjU4EK3kDWCA,fee,0.1224,rete (fee di blocco),"residuo fra il campione precedente e questo, una volta tolti i movimenti noti: e' la fee pagata (segno -) o incassata (segno +) nell'intervallo, non attribuibile a una singola transazione",95.3359,,1
run3-tbt-5s/regionale,regionale,5,131,11,m3,1CL4LiiNpuWSxPGYkh8WN8g7EnEjU4EK3kDWCA,fee,-0.076,rete (fee di blocco),"residuo fra il campione precedente e questo, una volta tolti i movimenti noti: e' la fee pagata (segno -) o incassata (segno +) nell'intervallo, non attribuibile a una singola transazione",95.2599,,1
run3-tbt-5s/regionale,regionale,5,134,12,m3,1CL4LiiNpuWSxPGYkh8WN8g7EnEjU4EK3kDWCA,reconcile,-18.652,treasury,riconciliazione al treasury: e' la R_k dell'epoca (Def. 6.7),76.6079,,1
run3-tbt-5s/regionale,regionale,5,137,12,m3,1CL4LiiNpuWSxPGYkh8WN8g7EnEjU4EK3kDWCA,fee,-0.1504,rete (fee di blocco),"residuo fra il campione precedente e questo, una volta tolti i movimenti noti: e' la fee pagata (segno -) o incassata (segno +) nell'intervallo, non attribuibile a una singola transazione",76.4575,,1
run3-tbt-5s/regionale,regionale,5,145,13,m3,1CL4LiiNpuWSxPGYkh8WN8g7EnEjU4EK3kDWCA,reconcile,-14.8915,treasury,riconciliazione al treasury: e' la R_k dell'epoca (Def. 6.7),61.566,,1
run3-tbt-5s/regionale,regionale,5,149,13,m3,1CL4LiiNpuWSxPGYkh8WN8g7EnEjU4EK3kDWCA,fee,-0.0452,rete (fee di blocco),"residuo fra il campione precedente e questo, una volta tolti i movimenti noti: e' la fee pagata (segno -) o incassata (segno +) nell'intervallo, non attribuibile a una singola transazione",61.5208,,1
run3-tbt-5s/regionale,regionale,5,153,13,m3,1CL4LiiNpuWSxPGYkh8WN8g7EnEjU4EK3kDWCA,fee,-0.0758,rete (fee di blocco),"residuo fra il campione precedente e questo, una volta tolti i movimenti noti: e' la fee pagata (segno -) o incassata (segno +) nell'intervallo, non attribuibile a una singola transazione",61.445,,1
run3-tbt-5s/regionale,regionale,5,158,14,m3,1CL4LiiNpuWSxPGYkh8WN8g7EnEjU4EK3kDWCA,reconcile,-11.889,treasury,riconciliazione al treasury: e' la R_k dell'epoca (Def. 6.7),49.556,,1
run3-tbt-5s/regionale,regionale,5,159,14,m3,1CL4LiiNpuWSxPGYkh8WN8g7EnEjU4EK3kDWCA,fee,-0.0452,rete (fee di blocco),"residuo fra il campione precedente e questo, una volta tolti i movimenti noti: e' la fee pagata (segno -) o incassata (segno +) nell'intervallo, non attribuibile a una singola transazione",49.5108,,1
run3-tbt-5s/regionale,regionale,5,164,14,m3,1CL4LiiNpuWSxPGYkh8WN8g7EnEjU4EK3kDWCA,fee,-0.0758,rete (fee di blocco),"residuo fra il campione precedente e questo, una volta tolti i movimenti noti: e' la fee pagata (segno -) o incassata (segno +) nell'intervallo, non attribuibile a una singola transazione",49.435,,1
run3-tbt-5s/regionale,regionale,5,169,15,m3,1CL4LiiNpuWSxPGYkh8WN8g7EnEjU4EK3kDWCA,reconcile,-9.487,treasury,riconciliazione al treasury: e' la R_k dell'epoca (Def. 6.7),39.948,,1
run3-tbt-5s/regionale,regionale,5,169,15,m3,1CL4LiiNpuWSxPGYkh8WN8g7EnEjU4EK3kDWCA,fee,-0.0452,rete (fee di blocco),"residuo fra il campione precedente e questo, una volta tolti i movimenti noti: e' la fee pagata (segno -) o incassata (segno +) nell'intervallo, non attribuibile a una singola transazione",39.9028,,1
run3-tbt-5s/regionale,regionale,5,181,16,m3,1CL4LiiNpuWSxPGYkh8WN8g7EnEjU4EK3kDWCA,fee,0.0558,rete (fee di blocco),residuo verso il saldo che il nodo stesso ha letto subito prima di spendere: chiude lo scarto fra le due fonti di saldo,39.9586,,1
run3-tbt-5s/regionale,regionale,5,181,16,m3,1CL4LiiNpuWSxPGYkh8WN8g7EnEjU4EK3kDWCA,reconcile,-7.5917,treasury,riconciliazione al treasury: e' la R_k dell'epoca (Def. 6.7),32.3669,,1
run3-tbt-5s/regionale,regionale,5,181,16,m3,1CL4LiiNpuWSxPGYkh8WN8g7EnEjU4EK3kDWCA,fee,-0.0452,rete (fee di blocco),"residuo fra il campione precedente e questo, una volta tolti i movimenti noti: e' la fee pagata (segno -) o incassata (segno +) nell'intervallo, non attribuibile a una singola transazione",32.3217,,1
run3-tbt-5s/regionale,regionale,5,186,16,m3,1CL4LiiNpuWSxPGYkh8WN8g7EnEjU4EK3kDWCA,fee,0.0622,rete (fee di blocco),"residuo fra il campione precedente e questo, una volta tolti i movimenti noti: e' la fee pagata (segno -) o incassata (segno +) nell'intervallo, non attribuibile a una singola transazione",32.3839,,1
run3-tbt-5s/regionale,regionale,5,193,17,m3,1CL4LiiNpuWSxPGYkh8WN8g7EnEjU4EK3kDWCA,reconcile,-6.0768,treasury,riconciliazione al treasury: e' la R_k dell'epoca (Def. 6.7),26.3071,,1
run3-tbt-5s/regionale,regionale,5,196,17,m3,1CL4LiiNpuWSxPGYkh8WN8g7EnEjU4EK3kDWCA,fee,-0.045,rete (fee di blocco),"residuo fra il campione precedente e questo, una volta tolti i movimenti noti: e' la fee pagata (segno -) o incassata (segno +) nell'intervallo, non attribuibile a una singola transazione",26.2621,,1
run3-tbt-5s/regionale,regionale,5,202,17,m3,1CL4LiiNpuWSxPGYkh8WN8g7EnEjU4EK3kDWCA,fee,-0.1056,rete (fee di blocco),"residuo fra il campione precedente e questo, una volta tolti i movimenti noti: e' la fee pagata (segno -) o incassata (segno +) nell'intervallo, non attribuibile a una singola transazione",26.1565,,1
run3-tbt-5s/regionale,regionale,5,205,18,m3,1CL4LiiNpuWSxPGYkh8WN8g7EnEjU4EK3kDWCA,reconcile,-4.8313,treasury,riconciliazione al treasury: e' la R_k dell'epoca (Def. 6.7),21.3252,,1
run3-tbt-5s/regionale,regionale,5,207,18,m3,1CL4LiiNpuWSxPGYkh8WN8g7EnEjU4EK3kDWCA,fee,-0.0452,rete (fee di blocco),"residuo fra il campione precedente e questo, una volta tolti i movimenti noti: e' la fee pagata (segno -) o incassata (segno +) nell'intervallo, non attribuibile a una singola transazione",21.28,,1
run3-tbt-5s/regionale,regionale,5,218,19,m3,1CL4LiiNpuWSxPGYkh8WN8g7EnEjU4EK3kDWCA,refill,100.0,admin,rifornimento sotto soglia,121.28,,1
run3-tbt-5s/regionale,regionale,5,218,19,m3,1CL4LiiNpuWSxPGYkh8WN8g7EnEjU4EK3kDWCA,fee,-100.0,rete (fee di blocco),residuo verso il saldo che il nodo stesso ha letto subito prima di spendere: chiude lo scarto fra le due fonti di saldo,21.28,,1
run3-tbt-5s/regionale,regionale,5,218,19,m3,1CL4LiiNpuWSxPGYkh8WN8g7EnEjU4EK3kDWCA,reconcile,-3.856,treasury,riconciliazione al treasury: e' la R_k dell'epoca (Def. 6.7),17.424,,1
run3-tbt-5s/regionale,regionale,5,218,19,m3,1CL4LiiNpuWSxPGYkh8WN8g7EnEjU4EK3kDWCA,fee,-0.0452,rete (fee di blocco),"residuo fra il campione precedente e questo, una volta tolti i movimenti noti: e' la fee pagata (segno -) o incassata (segno +) nell'intervallo, non attribuibile a una singola transazione",17.3788,,1
run3-tbt-5s/regionale,regionale,5,224,19,m3,1CL4LiiNpuWSxPGYkh8WN8g7EnEjU4EK3kDWCA,fee,100.0254,rete (fee di blocco),"residuo fra il campione precedente e questo, una volta tolti i movimenti noti: e' la fee pagata (segno -) o incassata (segno +) nell'intervallo, non attribuibile a una singola transazione",117.4042,,1
run3-tbt-5s/regionale,regionale,5,230,20,m3,1CL4LiiNpuWSxPGYkh8WN8g7EnEjU4EK3kDWCA,fee,-23.1258,rete (fee di blocco),"residuo fra il campione precedente e questo, una volta tolti i movimenti noti: e' la fee pagata (segno -) o incassata (segno +) nell'intervallo, non attribuibile a una singola transazione",94.2784,,1
run3-tbt-5s/regionale,regionale,5,231,20,m3,1CL4LiiNpuWSxPGYkh8WN8g7EnEjU4EK3kDWCA,fee,23.1258,rete (fee di blocco),residuo verso il saldo che il nodo stesso ha letto subito prima di spendere: chiude lo scarto fra le due fonti di saldo,117.4042,,1
run3-tbt-5s/regionale,regionale,5,231,20,m3,1CL4LiiNpuWSxPGYkh8WN8g7EnEjU4EK3kDWCA,reconcile,-23.0808,treasury,riconciliazione al treasury: e' la R_k dell'epoca (Def. 6.7),94.3234,,1
run3-tbt-5s/regionale,regionale,5,236,20,m3,1CL4LiiNpuWSxPGYkh8WN8g7EnEjU4EK3kDWCA,fee,-0.1504,rete (fee di blocco),"residuo fra il campione precedente e questo, una volta tolti i movimenti noti: e' la fee pagata (segno -) o incassata (segno +) nell'intervallo, non attribuibile a una singola transazione",94.173,,1
run3-tbt-5s/regionale,regionale,5,242,21,m3,1CL4LiiNpuWSxPGYkh8WN8g7EnEjU4EK3kDWCA,reconcile,-18.4346,treasury,riconciliazione al treasury: e' la R_k dell'epoca (Def. 6.7),75.7384,,1
run3-tbt-5s/regionale,regionale,5,242,21,m3,1CL4LiiNpuWSxPGYkh8WN8g7EnEjU4EK3kDWCA,fee,-0.0452,rete (fee di blocco),"residuo fra il campione precedente e questo, una volta tolti i movimenti noti: e' la fee pagata (segno -) o incassata (segno +) nell'intervallo, non attribuibile a una singola transazione",75.6932,,1
run3-tbt-5s/regionale,regionale,5,246,21,m3,1CL4LiiNpuWSxPGYkh8WN8g7EnEjU4EK3kDWCA,fee,-0.1054,rete (fee di blocco),"residuo fra il campione precedente e questo, una volta tolti i movimenti noti: e' la fee pagata (segno -) o incassata (segno +) nell'intervallo, non attribuibile a una singola transazione",75.5878,,1
run3-tbt-5s/regionale,regionale,5,253,22,m3,1CL4LiiNpuWSxPGYkh8WN8g7EnEjU4EK3kDWCA,reconcile,-14.7176,treasury,riconciliazione al treasury: e' la R_k dell'epoca (Def. 6.7),60.8702,,1
run3-tbt-5s/regionale,regionale,5,255,22,m3,1CL4LiiNpuWSxPGYkh8WN8g7EnEjU4EK3kDWCA,fee,-0.0746,rete (fee di blocco),"residuo fra il campione precedente e questo, una volta tolti i movimenti noti: e' la fee pagata (segno -) o incassata (segno +) nell'intervallo, non attribuibile a una singola transazione",60.7956,,1
run3-tbt-5s/regionale,regionale,5,260,22,m3,1CL4LiiNpuWSxPGYkh8WN8g7EnEjU4EK3kDWCA,fee,-0.0762,rete (fee di blocco),"residuo fra il campione precedente e questo, una volta tolti i movimenti noti: e' la fee pagata (segno -) o incassata (segno +) nell'intervallo, non attribuibile a una singola transazione",60.7194,,1
run3-tbt-5s/regionale,regionale,5,265,23,m3,1CL4LiiNpuWSxPGYkh8WN8g7EnEjU4EK3kDWCA,reconcile,-11.7439,treasury,riconciliazione al treasury: e' la R_k dell'epoca (Def. 6.7),48.9755,,1
run3-tbt-5s/regionale,regionale,5,266,23,m3,1CL4LiiNpuWSxPGYkh8WN8g7EnEjU4EK3kDWCA,fee,0.5562,rete (fee di blocco),"residuo fra il campione precedente e questo, una volta tolti i movimenti noti: e' la fee pagata (segno -) o incassata (segno +) nell'intervallo, non attribuibile a una singola transazione",49.5317,,1
run3-tbt-5s/regionale,regionale,5,270,23,m3,1CL4LiiNpuWSxPGYkh8WN8g7EnEjU4EK3kDWCA,fee,0.224,rete (fee di blocco),"residuo fra il campione precedente e questo, una volta tolti i movimenti noti: e' la fee pagata (segno -) o incassata (segno +) nell'intervallo, non attribuibile a una singola transazione",49.7557,,1
run3-tbt-5s/regionale,regionale,5,277,24,m3,1CL4LiiNpuWSxPGYkh8WN8g7EnEjU4EK3kDWCA,reconcile,-9.5511,treasury,riconciliazione al treasury: e' la R_k dell'epoca (Def. 6.7),40.2046,,1
run3-tbt-5s/regionale,regionale,5,281,24,m3,1CL4LiiNpuWSxPGYkh8WN8g7EnEjU4EK3kDWCA,fee,-0.1214,rete (fee di blocco),"residuo fra il campione precedente e questo, una volta tolti i movimenti noti: e' la fee pagata (segno -) o incassata (segno +) nell'intervallo, non attribuibile a una singola transazione",40.0832,,1
run3-tbt-5s/regionale,regionale,5,289,25,m3,1CL4LiiNpuWSxPGYkh8WN8g7EnEjU4EK3kDWCA,reconcile,-7.6166,treasury,riconciliazione al treasury: e' la R_k dell'epoca (Def. 6.7),32.4666,,1
run3-tbt-5s/regionale,regionale,5,292,25,m3,1CL4LiiNpuWSxPGYkh8WN8g7EnEjU4EK3kDWCA,fee,-0.0452,rete (fee di blocco),"residuo fra il campione precedente e questo, una volta tolti i movimenti noti: e' la fee pagata (segno -) o incassata (segno +) nell'intervallo, non attribuibile a una singola transazione",32.4214,,1
run3-tbt-5s/regionale,regionale,5,298,25,m3,1CL4LiiNpuWSxPGYkh8WN8g7EnEjU4EK3kDWCA,fee,-0.1056,rete (fee di blocco),"residuo fra il campione precedente e questo, una volta tolti i movimenti noti: e' la fee pagata (segno -) o incassata (segno +) nell'intervallo, non attribuibile a una singola transazione",32.3158,,1
run3-tbt-5s/regionale,regionale,5,301,26,m3,1CL4LiiNpuWSxPGYkh8WN8g7EnEjU4EK3kDWCA,reconcile,-6.0632,treasury,riconciliazione al treasury: e' la R_k dell'epoca (Def. 6.7),26.2526,,1
run3-tbt-5s/regionale,regionale,5,303,26,m3,1CL4LiiNpuWSxPGYkh8WN8g7EnEjU4EK3kDWCA,fee,-0.0452,rete (fee di blocco),"residuo fra il campione precedente e questo, una volta tolti i movimenti noti: e' la fee pagata (segno -) o incassata (segno +) nell'intervallo, non attribuibile a una singola transazione",26.2074,,1
run3-tbt-5s/regionale,regionale,5,308,26,m3,1CL4LiiNpuWSxPGYkh8WN8g7EnEjU4EK3kDWCA,fee,-0.0762,rete (fee di blocco),"residuo fra il campione precedente e questo, una volta tolti i movimenti noti: e' la fee pagata (segno -) o incassata (segno +) nell'intervallo, non attribuibile a una singola transazione",26.1312,,1
run3-tbt-5s/regionale,regionale,5,315,27,m3,1CL4LiiNpuWSxPGYkh8WN8g7EnEjU4EK3kDWCA,reconcile,-4.8262,treasury,riconciliazione al treasury: e' la R_k dell'epoca (Def. 6.7),21.305,,1
run3-tbt-5s/regionale,regionale,5,318,27,m3,1CL4LiiNpuWSxPGYkh8WN8g7EnEjU4EK3kDWCA,fee,-0.1214,rete (fee di blocco),"residuo fra il campione precedente e questo, una volta tolti i movimenti noti: e' la fee pagata (segno -) o incassata (segno +) nell'intervallo, non attribuibile a una singola transazione",21.1836,,1
run3-tbt-5s/regionale,regionale,5,325,28,m3,1CL4LiiNpuWSxPGYkh8WN8g7EnEjU4EK3kDWCA,reconcile,-3.8367,treasury,riconciliazione al treasury: e' la R_k dell'epoca (Def. 6.7),17.3469,,1
run3-tbt-5s/regionale,regionale,5,329,28,m3,1CL4LiiNpuWSxPGYkh8WN8g7EnEjU4EK3kDWCA,refill,100.0,admin,rifornimento sotto soglia,117.3469,,1
run3-tbt-5s/regionale,regionale,5,329,28,m3,1CL4LiiNpuWSxPGYkh8WN8g7EnEjU4EK3kDWCA,fee,-100.0452,rete (fee di blocco),"residuo fra il campione precedente e questo, una volta tolti i movimenti noti: e' la fee pagata (segno -) o incassata (segno +) nell'intervallo, non attribuibile a una singola transazione",17.3017,,1
run3-tbt-5s/regionale,regionale,5,333,28,m3,1CL4LiiNpuWSxPGYkh8WN8g7EnEjU4EK3kDWCA,fee,100.0,rete (fee di blocco),"residuo fra il campione precedente e questo, una volta tolti i movimenti noti: e' la fee pagata (segno -) o incassata (segno +) nell'intervallo, non attribuibile a una singola transazione",117.3017,,1
run3-tbt-5s/regionale,regionale,5,337,29,m3,1CL4LiiNpuWSxPGYkh8WN8g7EnEjU4EK3kDWCA,reconcile,-23.0603,treasury,riconciliazione al treasury: e' la R_k dell'epoca (Def. 6.7),94.2414,,1
run3-tbt-5s/regionale,regionale,5,339,29,m3,1CL4LiiNpuWSxPGYkh8WN8g7EnEjU4EK3kDWCA,fee,-0.0452,rete (fee di blocco),"residuo fra il campione precedente e questo, una volta tolti i movimenti noti: e' la fee pagata (segno -) o incassata (segno +) nell'intervallo, non attribuibile a una singola transazione",94.1962,,1
run3-tbt-5s/regionale,regionale,5,344,29,m3,1CL4LiiNpuWSxPGYkh8WN8g7EnEjU4EK3kDWCA,fee,-0.1058,rete (fee di blocco),"residuo fra il campione precedente e questo, una volta tolti i movimenti noti: e' la fee pagata (segno -) o incassata (segno +) nell'intervallo, non attribuibile a una singola transazione",94.0904,,1
run3-tbt-5s/regionale,regionale,5,349,30,m3,1CL4LiiNpuWSxPGYkh8WN8g7EnEjU4EK3kDWCA,reconcile,-18.4181,treasury,riconciliazione al treasury: e' la R_k dell'epoca (Def. 6.7),75.6723,,1
run3-tbt-5s/regionale,regionale,5,349,30,m3,1CL4LiiNpuWSxPGYkh8WN8g7EnEjU4EK3kDWCA,fee,-0.0452,rete (fee di blocco),"residuo fra il campione precedente e questo, una volta tolti i movimenti noti: e' la fee pagata (segno -) o incassata (segno +) nell'intervallo, non attribuibile a una singola transazione",75.6271,,1
run3-tbt-5s/regionale,regionale,5,354,30,m3,1CL4LiiNpuWSxPGYkh8WN8g7EnEjU4EK3kDWCA,fee,0.0358,rete (fee di blocco),"residuo fra il campione precedente e questo, una volta tolti i movimenti noti: e' la fee pagata (segno -) o incassata (segno +) nell'intervallo, non attribuibile a una singola transazione",75.6629,,1
run3-tbt-5s/regionale,regionale,5,361,31,m3,1CL4LiiNpuWSxPGYkh8WN8g7EnEjU4EK3kDWCA,reconcile,-14.7326,treasury,riconciliazione al treasury: e' la R_k dell'epoca (Def. 6.7),60.9303,,1
run3-tbt-5s/regionale,regionale,5,365,31,m3,1CL4LiiNpuWSxPGYkh8WN8g7EnEjU4EK3kDWCA,fee,-0.1338,rete (fee di blocco),"residuo fra il campione precedente e questo, una volta tolti i movimenti noti: e' la fee pagata (segno -) o incassata (segno +) nell'intervallo, non attribuibile a una singola transazione",60.7965,,1
run3-tbt-5s/regionale,regionale,5,369,31,m3,1CL4LiiNpuWSxPGYkh8WN8g7EnEjU4EK3kDWCA,fee,-0.0762,rete (fee di blocco),"residuo fra il campione precedente e questo, una volta tolti i movimenti noti: e' la fee pagata (segno -) o incassata (segno +) nell'intervallo, non attribuibile a una singola transazione",60.7203,,1
run3-tbt-5s/regionale,regionale,5,373,32,m3,1CL4LiiNpuWSxPGYkh8WN8g7EnEjU4EK3kDWCA,reconcile,-11.7441,treasury,riconciliazione al treasury: e' la R_k dell'epoca (Def. 6.7),48.9762,,1
run3-tbt-5s/regionale,regionale,5,374,32,m3,1CL4LiiNpuWSxPGYkh8WN8g7EnEjU4EK3kDWCA,fee,-0.0452,rete (fee di blocco),"residuo fra il campione precedente e questo, una volta tolti i movimenti noti: e' la fee pagata (segno -) o incassata (segno +) nell'intervallo, non attribuibile a una singola transazione",48.931,,1
run3-tbt-5s/regionale,regionale,5,379,32,m3,1CL4LiiNpuWSxPGYkh8WN8g7EnEjU4EK3kDWCA,fee,-0.0762,rete (fee di blocco),"residuo fra il campione precedente e questo, una volta tolti i movimenti noti: e' la fee pagata (segno -) o incassata (segno +) nell'intervallo, non attribuibile a una singola transazione",48.8548,,1
run3-tbt-5s/regionale,regionale,5,386,33,m3,1CL4LiiNpuWSxPGYkh8WN8g7EnEjU4EK3kDWCA,fee,0.056,rete (fee di blocco),residuo verso il saldo che il nodo stesso ha letto subito prima di spendere: chiude lo scarto fra le due fonti di saldo,48.9108,,1
run3-tbt-5s/regionale,regionale,5,386,33,m3,1CL4LiiNpuWSxPGYkh8WN8g7EnEjU4EK3kDWCA,reconcile,-9.3822,treasury,riconciliazione al treasury: e' la R_k dell'epoca (Def. 6.7),39.5286,,1
run3-tbt-5s/regionale,regionale,5,389,33,m3,1CL4LiiNpuWSxPGYkh8WN8g7EnEjU4EK3kDWCA,fee,-0.045,rete (fee di blocco),"residuo fra il campione precedente e questo, una volta tolti i movimenti noti: e' la fee pagata (segno -) o incassata (segno +) nell'intervallo, non attribuibile a una singola transazione",39.4836,,1
run3-tbt-5s/regionale,regionale,5,397,34,m3,1CL4LiiNpuWSxPGYkh8WN8g7EnEjU4EK3kDWCA,reconcile,-7.4967,treasury,riconciliazione al treasury: e' la R_k dell'epoca (Def. 6.7),31.9869,,1
run3-tbt-5s/regionale,regionale,5,400,34,m3,1CL4LiiNpuWSxPGYkh8WN8g7EnEjU4EK3kDWCA,fee,-0.0452,rete (fee di blocco),"residuo fra il campione precedente e questo, una volta tolti i movimenti noti: e' la fee pagata (segno -) o incassata (segno +) nell'intervallo, non attribuibile a una singola transazione",31.9417,,1
run3-tbt-5s/regionale,regionale,5,404,34,m3,1CL4LiiNpuWSxPGYkh8WN8g7EnEjU4EK3kDWCA,fee,-0.1058,rete (fee di blocco),"residuo fra il campione precedente e questo, una volta tolti i movimenti noti: e' la fee pagata (segno -) o incassata (segno +) nell'intervallo, non attribuibile a una singola transazione",31.8359,,1
run3-tbt-5s/regionale,regionale,5,409,35,m3,1CL4LiiNpuWSxPGYkh8WN8g7EnEjU4EK3kDWCA,reconcile,-5.9672,treasury,riconciliazione al treasury: e' la R_k dell'epoca (Def. 6.7),25.8687,,1
run3-tbt-5s/regionale,regionale,5,409,35,m3,1CL4LiiNpuWSxPGYkh8WN8g7EnEjU4EK3kDWCA,fee,-0.045,rete (fee di blocco),"residuo fra il campione precedente e questo, una volta tolti i movimenti noti: e' la fee pagata (segno -) o incassata (segno +) nell'intervallo, non attribuibile a una singola transazione",25.8237,,1
run3-tbt-5s/regionale,regionale,5,414,35,m3,1CL4LiiNpuWSxPGYkh8WN8g7EnEjU4EK3kDWCA,fee,-0.0762,rete (fee di blocco),"residuo fra il campione precedente e questo, una volta tolti i movimenti noti: e' la fee pagata (segno -) o incassata (segno +) nell'intervallo, non attribuibile a una singola transazione",25.7475,,1
run3-tbt-5s/regionale,regionale,5,416,35,m3,1CL4LiiNpuWSxPGYkh8WN8g7EnEjU4EK3kDWCA,fee,8.6303,rete (fee di blocco),"residuo fino al saldo di fine run letto da node_state.csv: per l'admin e' l'unica misura disponibile, gas_balances.csv non lo campiona",25.7475,,1
run3-tbt-5s/regionale,regionale,5,421,36,m3,1CL4LiiNpuWSxPGYkh8WN8g7EnEjU4EK3kDWCA,reconcile,-4.7495,treasury,riconciliazione al treasury: e' la R_k dell'epoca (Def. 6.7),20.998,,1
run3-tbt-5s/regionale,regionale,5,425,36,m3,1CL4LiiNpuWSxPGYkh8WN8g7EnEjU4EK3kDWCA,fee,-0.0452,rete (fee di blocco),"residuo fra il campione precedente e questo, una volta tolti i movimenti noti: e' la fee pagata (segno -) o incassata (segno +) nell'intervallo, non attribuibile a una singola transazione",20.9528,,1
run3-tbt-5s/regionale,regionale,5,433,37,m3,1CL4LiiNpuWSxPGYkh8WN8g7EnEjU4EK3kDWCA,reconcile,-3.7906,treasury,riconciliazione al treasury: e' la R_k dell'epoca (Def. 6.7),17.1622,,1
run3-tbt-5s/regionale,regionale,5,436,37,m3,1CL4LiiNpuWSxPGYkh8WN8g7EnEjU4EK3kDWCA,refill,100.0,admin,rifornimento sotto soglia,117.1622,,1
run3-tbt-5s/regionale,regionale,5,436,37,m3,1CL4LiiNpuWSxPGYkh8WN8g7EnEjU4EK3kDWCA,fee,-100.045,rete (fee di blocco),"residuo fra il campione precedente e questo, una volta tolti i movimenti noti: e' la fee pagata (segno -) o incassata (segno +) nell'intervallo, non attribuibile a una singola transazione",17.1172,,1
