height,epoch,in_setup,host,address,score_raw,delay_logged_s,start_in_s,log_timestamp,duplicate_index,source_file,source_line
64,6,1,m1,1M1uMpgaw82fhzH6tz99Eybn5ydKoNaFrwXUvb,8.12427256e-06,12.290,12.290,2000-01-01 00:10:28,0,run/data/m1/debug.log,474
64,6,1,m2,1ZMv2Lqqkcy5zY6fAyGy1Dn6KT3fBVb7GxkCd3,0.000128141244,14.983,14.983,2000-01-01 00:10:29,0,run/data/m2/debug.log,455
64,6,1,m3,1KxWxQCw8B6cfbPkjPqbyQ6co3qCuicxpv4P58,6.50453308e-05,14.983,14.983,2000-01-01 00:10:30,0,run/data/m3/debug.log,464
65,6,0,m1,1M1uMpgaw82fhzH6tz99Eybn5ydKoNaFrwXUvb,4.62008329e-06,10.191,10.191,2000-01-01 00:10:41,0,run/data/m1/debug.log,828
65,6,0,m2,1ZMv2Lqqkcy5zY6fAyGy1Dn6KT3fBVb7GxkCd3,2.78761054e-05,14.822,14.822,2000-01-01 00:10:43,0,run/data/m2/debug.log,473
65,6,0,m3,1KxWxQCw8B6cfbPkjPqbyQ6co3qCuicxpv4P58,0.000218800679,14.933,14.933,2000-01-01 00:10:43,0,run/data/m3/debug.log,482
66,6,0,m1,1M1uMpgaw82fhzH6tz99Eybn5ydKoNaFrwXUvb,2.09153934e-06,7.816,7.816,2000-01-01 00:10:52,0,run/data/m1/debug.log,1831
66,6,0,m2,1ZMv2Lqqkcy5zY6fAyGy1Dn6KT3fBVb7GxkCd3,2.93288398e-06,8.722,8.722,2000-01-01 00:10:54,0,run/data/m2/debug.log,488
66,6,0,m3,1KxWxQCw8B6cfbPkjPqbyQ6co3qCuicxpv4P58,0.000136681985,14.950,14.950,2000-01-01 00:10:54,0,run/data/m3/debug.log,497
67,6,0,m1,1M1uMpgaw82fhzH6tz99Eybn5ydKoNaFrwXUvb,1.13562547e-05,13.363,13.363,2000-01-01 00:11:01,0,run/data/m1/debug.log,2929
67,6,0,m2,1ZMv2Lqqkcy5zY6fAyGy1Dn6KT3fBVb7GxkCd3,4.66031134e-05,14.912,14.912,2000-01-01 00:11:02,0,run/data/m2/debug.log,508
67,6,0,m3,1KxWxQCw8B6cfbPkjPqbyQ6co3qCuicxpv4P58,2.3842796e-05,14.716,14.716,2000-01-01 00:11:03,0,run/data/m3/debug.log,516
68,6,0,m1,1M1uMpgaw82fhzH6tz99Eybn5ydKoNaFrwXUvb,7.08678959e-06,11.771,11.771,2000-01-01 00:11:16,0,run/data/m1/debug.log,3416
68,6,0,m2,1ZMv2Lqqkcy5zY6fAyGy1Dn6KT3fBVb7GxkCd3,2.77477415e-06,8.555,8.555,2000-01-01 00:11:17,0,run/data/m2/debug.log,523
68,6,0,m3,1KxWxQCw8B6cfbPkjPqbyQ6co3qCuicxpv4P58,0.00039631028,14.900,14.900,2000-01-01 00:11:17,0,run/data/m3/debug.log,531
69,6,0,m1,1M1uMpgaw82fhzH6tz99Eybn5ydKoNaFrwXUvb,1.08010245e-06,6.540,6.540,2000-01-01 00:11:27,0,run/data/m1/debug.log,3431
69,6,0,m2,1ZMv2Lqqkcy5zY6fAyGy1Dn6KT3fBVb7GxkCd3,6.50856546e-07,5.929,5.929,2000-01-01 00:11:25,0,run/data/m2/debug.log,893
69,6,0,m3,1KxWxQCw8B6cfbPkjPqbyQ6co3qCuicxpv4P58,6.22927021e-05,14.916,14.916,2000-01-01 00:11:27,0,run/data/m3/debug.log,546
70,6,0,m1,1M1uMpgaw82fhzH6tz99Eybn5ydKoNaFrwXUvb,1.14467894e-05,13.452,13.452,2000-01-01 00:11:33,0,run/data/m1/debug.log,3446
70,6,0,m2,1ZMv2Lqqkcy5zY6fAyGy1Dn6KT3fBVb7GxkCd3,1.35898006e-05,13.906,13.906,2000-01-01 00:11:32,0,run/data/m2/debug.log,1194
70,6,0,m3,1KxWxQCw8B6cfbPkjPqbyQ6co3qCuicxpv4P58,3.86122196e-05,14.966,14.966,2000-01-01 00:11:33,0,run/data/m3/debug.log,561
71,6,0,m1,1M1uMpgaw82fhzH6tz99Eybn5ydKoNaFrwXUvb,3.83027278e-06,9.563,9.563,2000-01-01 00:11:48,0,run/data/m1/debug.log,3461
71,6,0,m2,1ZMv2Lqqkcy5zY6fAyGy1Dn6KT3fBVb7GxkCd3,1.70389438e-06,7.337,7.337,2000-01-01 00:11:46,0,run/data/m2/debug.log,1277
71,6,0,m3,1KxWxQCw8B6cfbPkjPqbyQ6co3qCuicxpv4P58,4.59792546e-06,10.194,10.194,2000-01-01 00:11:48,0,run/data/m3/debug.log,576
72,7,0,m1,1M1uMpgaw82fhzH6tz99Eybn5ydKoNaFrwXUvb,7.31820078e-06,11.971,11.971,2000-01-01 00:11:55,0,run/data/m1/debug.log,3476
72,7,0,m2,1ZMv2Lqqkcy5zY6fAyGy1Dn6KT3fBVb7GxkCd3,6.62861795e-05,14.983,14.983,2000-01-01 00:11:54,0,run/data/m2/debug.log,1428
72,7,0,m3,1KxWxQCw8B6cfbPkjPqbyQ6co3qCuicxpv4P58,1.41350564e-05,13.998,13.998,2000-01-01 00:11:55,0,run/data/m3/debug.log,591
73,7,0,m1,1M1uMpgaw82fhzH6tz99Eybn5ydKoNaFrwXUvb,3.94294127e-06,9.694,9.694,2000-01-01 00:12:07,0,run/data/m1/debug.log,3671
73,7,0,m2,1ZMv2Lqqkcy5zY6fAyGy1Dn6KT3fBVb7GxkCd3,9.09940059e-06,12.684,12.684,2000-01-01 00:12:08,0,run/data/m2/debug.log,1443
73,7,0,m3,1KxWxQCw8B6cfbPkjPqbyQ6co3qCuicxpv4P58,9.31011754e-05,14.933,14.933,2000-01-01 00:12:09,0,run/data/m3/debug.log,606
74,7,0,m1,1M1uMpgaw82fhzH6tz99Eybn5ydKoNaFrwXUvb,4.06989228e-07,5.529,5.529,2000-01-01 00:12:17,0,run/data/m1/debug.log,3825
74,7,0,m2,1ZMv2Lqqkcy5zY6fAyGy1Dn6KT3fBVb7GxkCd3,2.43867851e-06,8.179,8.179,2000-01-01 00:12:18,0,run/data/m2/debug.log,1459
74,7,0,m3,1KxWxQCw8B6cfbPkjPqbyQ6co3qCuicxpv4P58,2.97249001e-05,14.807,14.807,2000-01-01 00:12:19,0,run/data/m3/debug.log,622
75,7,0,m1,1M1uMpgaw82fhzH6tz99Eybn5ydKoNaFrwXUvb,9.60537955e-06,12.830,12.830,2000-01-01 00:12:24,0,run/data/m1/debug.log,4061
75,7,0,m2,1ZMv2Lqqkcy5zY6fAyGy1Dn6KT3fBVb7GxkCd3,4.87352568e-06,10.402,10.402,2000-01-01 00:12:25,0,run/data/m2/debug.log,1474
75,7,0,m3,1KxWxQCw8B6cfbPkjPqbyQ6co3qCuicxpv4P58,9.56922213e-05,14.900,14.900,2000-01-01 00:12:25,0,run/data/m3/debug.log,637
76,7,0,m1,1M1uMpgaw82fhzH6tz99Eybn5ydKoNaFrwXUvb,2.69786273e-06,8.441,8.441,2000-01-01 00:12:37,0,run/data/m1/debug.log,4079
76,7,0,m2,1ZMv2Lqqkcy5zY6fAyGy1Dn6KT3fBVb7GxkCd3,1.90142737e-05,14.424,14.424,2000-01-01 00:12:36,0,run/data/m2/debug.log,2148
76,7,0,m3,1KxWxQCw8B6cfbPkjPqbyQ6co3qCuicxpv4P58,8.84166673e-05,14.867,14.867,2000-01-01 00:12:37,0,run/data/m3/debug.log,655
77,7,0,m1,1M1uMpgaw82fhzH6tz99Eybn5ydKoNaFrwXUvb,1.41989905e-05,13.942,13.942,2000-01-01 00:12:46,0,run/data/m1/debug.log,5391
77,7,0,m2,1ZMv2Lqqkcy5zY6fAyGy1Dn6KT3fBVb7GxkCd3,3.5840978e-05,14.889,14.889,2000-01-01 00:12:47,0,run/data/m2/debug.log,2163
77,7,0,m3,1KxWxQCw8B6cfbPkjPqbyQ6co3qCuicxpv4P58,7.093967e-05,14.917,14.917,2000-01-01 00:12:47,0,run/data/m3/debug.log,670
78,7,0,m1,1M1uMpgaw82fhzH6tz99Eybn5ydKoNaFrwXUvb,2.87821052e-05,14.777,14.777,2000-01-01 00:13:00,0,run/data/m1/debug.log,5568
78,7,0,m2,1ZMv2Lqqkcy5zY6fAyGy1Dn6KT3fBVb7GxkCd3,8.35435887e-06,12.325,12.325,2000-01-01 00:13:01,0,run/data/m2/debug.log,2178
78,7,0,m3,1KxWxQCw8B6cfbPkjPqbyQ6co3qCuicxpv4P58,3.65251878e-05,14.842,14.842,2000-01-01 00:13:01,0,run/data/m3/debug.log,685
79,7,0,m1,1M1uMpgaw82fhzH6tz99Eybn5ydKoNaFrwXUvb,1.09508425e-05,12.969,12.969,2000-01-01 00:13:16,0,run/data/m1/debug.log,5588
79,7,0,m2,1ZMv2Lqqkcy5zY6fAyGy1Dn6KT3fBVb7GxkCd3,1.12848475e-05,13.061,13.061,2000-01-01 00:13:14,0,run/data/m2/debug.log,2327
79,7,0,m3,1KxWxQCw8B6cfbPkjPqbyQ6co3qCuicxpv4P58,3.96405525e-06,9.392,9.392,2000-01-01 00:13:16,0,run/data/m3/debug.log,705
80,7,0,m1,1M1uMpgaw82fhzH6tz99Eybn5ydKoNaFrwXUvb,1.38499516e-05,13.678,13.678,2000-01-01 00:13:27,0,run/data/m1/debug.log,5603
80,7,0,m2,1ZMv2Lqqkcy5zY6fAyGy1Dn6KT3fBVb7GxkCd3,1.61844071e-05,14.031,14.031,2000-01-01 00:13:27,0,run/data/m2/debug.log,2342
80,7,0,m3,1KxWxQCw8B6cfbPkjPqbyQ6co3qCuicxpv4P58,0.000126839199,14.833,14.833,2000-01-01 00:13:26,0,run/data/m3/debug.log,846
81,7,0,m1,1M1uMpgaw82fhzH6tz99Eybn5ydKoNaFrwXUvb,4.94948339e-06,10.110,10.110,2000-01-01 00:13:41,0,run/data/m1/debug.log,5635
81,7,0,m2,1ZMv2Lqqkcy5zY6fAyGy1Dn6KT3fBVb7GxkCd3,1.03230203e-05,12.732,12.732,2000-01-01 00:13:41,0,run/data/m2/debug.log,3364
81,7,0,m3,1KxWxQCw8B6cfbPkjPqbyQ6co3qCuicxpv4P58,2.27049738e-05,14.443,14.443,2000-01-01 00:13:41,0,run/data/m3/debug.log,1005
82,7,0,m1,1M1uMpgaw82fhzH6tz99Eybn5ydKoNaFrwXUvb,4.24449862e-06,9.506,9.506,2000-01-01 00:13:52,0,run/data/m1/debug.log,6049
82,7,0,m2,1ZMv2Lqqkcy5zY6fAyGy1Dn6KT3fBVb7GxkCd3,5.96294886e-06,10.719,10.719,2000-01-01 00:13:53,0,run/data/m2/debug.log,3420
82,7,0,m3,1KxWxQCw8B6cfbPkjPqbyQ6co3qCuicxpv4P58,0.000196956511,14.667,14.667,2000-01-01 00:13:53,0,run/data/m3/debug.log,1061
83,7,0,m1,1M1uMpgaw82fhzH6tz99Eybn5ydKoNaFrwXUvb,1.73029482e-05,14.059,14.059,2000-01-01 00:14:02,0,run/data/m1/debug.log,6093
83,7,0,m2,1ZMv2Lqqkcy5zY6fAyGy1Dn6KT3fBVb7GxkCd3,2.39005942e-05,14.492,14.492,2000-01-01 00:14:03,0,run/data/m2/debug.log,3435
83,7,0,m3,1KxWxQCw8B6cfbPkjPqbyQ6co3qCuicxpv4P58,0.000108021335,14.733,14.733,2000-01-01 00:14:03,0,run/data/m3/debug.log,1076
84,8,0,m1,1M1uMpgaw82fhzH6tz99Eybn5ydKoNaFrwXUvb,2.07928545e-05,14.242,14.242,2000-01-01 00:14:16,0,run/data/m1/debug.log,6208
84,8,0,m2,1ZMv2Lqqkcy5zY6fAyGy1Dn6KT3fBVb7GxkCd3,3.69514234e-06,9.011,9.011,2000-01-01 00:14:17,0,run/data/m2/debug.log,3450
84,8,0,m3,1KxWxQCw8B6cfbPkjPqbyQ6co3qCuicxpv4P58,3.50295265e-05,14.591,14.591,2000-01-01 00:14:17,0,run/data/m3/debug.log,1091
85,8,0,m1,1M1uMpgaw82fhzH6tz99Eybn5ydKoNaFrwXUvb,3.31437842e-06,8.701,8.701,2000-01-01 00:14:28,0,run/data/m1/debug.log,6223
85,8,0,m2,1ZMv2Lqqkcy5zY6fAyGy1Dn6KT3fBVb7GxkCd3,2.44292029e-05,14.445,14.445,2000-01-01 00:14:27,0,run/data/m2/debug.log,3767
85,8,0,m3,1KxWxQCw8B6cfbPkjPqbyQ6co3qCuicxpv4P58,2.29327443e-05,14.386,14.386,2000-01-01 00:14:28,0,run/data/m3/debug.log,1106
86,8,0,m1,1M1uMpgaw82fhzH6tz99Eybn5ydKoNaFrwXUvb,4.82524767e-06,9.953,9.953,2000-01-01 00:14:37,0,run/data/m1/debug.log,6600
86,8,0,m2,1ZMv2Lqqkcy5zY6fAyGy1Dn6KT3fBVb7GxkCd3,2.16112043e-05,14.322,14.322,2000-01-01 00:14:38,0,run/data/m2/debug.log,3786
86,8,0,m3,1KxWxQCw8B6cfbPkjPqbyQ6co3qCuicxpv4P58,0.000107403734,14.667,14.667,2000-01-01 00:14:38,0,run/data/m3/debug.log,1125
87,8,0,m1,1M1uMpgaw82fhzH6tz99Eybn5ydKoNaFrwXUvb,7.28075934e-06,11.385,11.385,2000-01-01 00:14:48,0,run/data/m1/debug.log,6620
87,8,0,m2,1ZMv2Lqqkcy5zY6fAyGy1Dn6KT3fBVb7GxkCd3,1.56668782e-05,13.730,13.730,2000-01-01 00:14:49,0,run/data/m2/debug.log,3801
87,8,0,m3,1KxWxQCw8B6cfbPkjPqbyQ6co3qCuicxpv4P58,4.35533433e-05,14.589,14.589,2000-01-01 00:14:49,0,run/data/m3/debug.log,1140
88,8,0,m1,1M1uMpgaw82fhzH6tz99Eybn5ydKoNaFrwXUvb,4.22541645e-06,9.424,9.424,2000-01-01 00:15:00,0,run/data/m1/debug.log,6768
88,8,0,m2,1ZMv2Lqqkcy5zY6fAyGy1Dn6KT3fBVb7GxkCd3,5.6591369e-07,5.444,5.444,2000-01-01 00:15:01,0,run/data/m2/debug.log,3816
88,8,0,m3,1KxWxQCw8B6cfbPkjPqbyQ6co3qCuicxpv4P58,2.38985026e-05,14.359,14.359,2000-01-01 00:15:01,0,run/data/m3/debug.log,1155
89,8,0,m1,1M1uMpgaw82fhzH6tz99Eybn5ydKoNaFrwXUvb,3.61338862e-06,8.956,8.956,2000-01-01 00:15:08,0,run/data/m1/debug.log,6783
89,8,0,m2,1ZMv2Lqqkcy5zY6fAyGy1Dn6KT3fBVb7GxkCd3,3.22069097e-05,14.584,14.584,2000-01-01 00:15:07,0,run/data/m2/debug.log,4013
89,8,0,m3,1KxWxQCw8B6cfbPkjPqbyQ6co3qCuicxpv4P58,5.86092389e-05,14.649,14.649,2000-01-01 00:15:08,0,run/data/m3/debug.log,1170
90,8,0,m1,1M1uMpgaw82fhzH6tz99Eybn5ydKoNaFrwXUvb,8.7760709e-06,12.153,12.153,2000-01-01 00:15:18,0,run/data/m1/debug.log,6898
90,8,0,m2,1ZMv2Lqqkcy5zY6fAyGy1Dn6KT3fBVb7GxkCd3,1.22643836e-05,13.221,13.221,2000-01-01 00:15:19,0,run/data/m2/debug.log,4033
90,8,0,m3,1KxWxQCw8B6cfbPkjPqbyQ6co3qCuicxpv4P58,0.000111804738,14.700,14.700,2000-01-01 00:15:19,0,run/data/m3/debug.log,1190
91,8,0,m1,1M1uMpgaw82fhzH6tz99Eybn5ydKoNaFrwXUvb,9.93932054e-06,13.010,13.010,2000-01-01 00:15:31,0,run/data/m1/debug.log,7019
91,8,0,m2,1ZMv2Lqqkcy5zY6fAyGy1Dn6KT3fBVb7GxkCd3,5.87421234e-06,11.199,11.199,2000-01-01 00:15:32,0,run/data/m2/debug.log,4048
91,8,0,m3,1KxWxQCw8B6cfbPkjPqbyQ6co3qCuicxpv4P58,5.45276157e-05,14.716,14.716,2000-01-01 00:15:32,0,run/data/m3/debug.log,1205
92,8,0,m1,1M1uMpgaw82fhzH6tz99Eybn5ydKoNaFrwXUvb,4.66122427e-06,10.335,10.335,2000-01-01 00:15:44,0,run/data/m1/debug.log,7415
92,8,0,m2,1ZMv2Lqqkcy5zY6fAyGy1Dn6KT3fBVb7GxkCd3,2.21886816e-05,14.507,14.507,2000-01-01 00:15:44,0,run/data/m2/debug.log,4416
92,8,0,m3,1KxWxQCw8B6cfbPkjPqbyQ6co3qCuicxpv4P58,8.26259917e-06,12.400,12.400,2000-01-01 00:15:45,0,run/data/m3/debug.log,1236
93,8,0,m1,1M1uMpgaw82fhzH6tz99Eybn5ydKoNaFrwXUvb,1.94957254e-08,4.801,4.801,2000-01-01 00:15:55,0,run/data/m1/debug.log,7724
93,8,0,m2,1ZMv2Lqqkcy5zY6fAyGy1Dn6KT3fBVb7GxkCd3,1.52237977e-05,14.100,14.100,2000-01-01 00:15:56,0,run/data/m2/debug.log,4451
93,8,0,m3,1KxWxQCw8B6cfbPkjPqbyQ6co3qCuicxpv4P58,9.50420562e-06,12.922,12.922,2000-01-01 00:15:56,0,run/data/m3/debug.log,1255
94,8,0,m1,1M1uMpgaw82fhzH6tz99Eybn5ydKoNaFrwXUvb,2.01116554e-06,7.857,7.857,2000-01-01 00:16:01,0,run/data/m1/debug.log,7982
94,8,0,m2,1ZMv2Lqqkcy5zY6fAyGy1Dn6KT3fBVb7GxkCd3,3.91900695e-05,14.841,14.841,2000-01-01 00:16:02,0,run/data/m2/debug.log,4466
94,8,0,m3,1KxWxQCw8B6cfbPkjPqbyQ6co3qCuicxpv4P58,1.59964e-05,14.269,14.269,2000-01-01 00:16:02,0,run/data/m3/debug.log,1270
95,8,0,m1,1M1uMpgaw82fhzH6tz99Eybn5ydKoNaFrwXUvb,4.79076572e-06,10.618,10.618,2000-01-01 00:16:09,0,run/data/m1/debug.log,8171
95,8,0,m2,1ZMv2Lqqkcy5zY6fAyGy1Dn6KT3fBVb7GxkCd3,1.71965855e-05,14.414,14.414,2000-01-01 00:16:10,0,run/data/m2/debug.log,4481
95,8,0,m3,1KxWxQCw8B6cfbPkjPqbyQ6co3qCuicxpv4P58,4.24502303e-05,14.878,14.878,2000-01-01 00:16:11,0,run/data/m3/debug.log,1285
96,9,0,m1,1M1uMpgaw82fhzH6tz99Eybn5ydKoNaFrwXUvb,5.79103742e-07,5.912,5.912,2000-01-01 00:16:20,0,run/data/m1/debug.log,8417
96,9,0,m2,1ZMv2Lqqkcy5zY6fAyGy1Dn6KT3fBVb7GxkCd3,1.60629568e-05,14.359,14.359,2000-01-01 00:16:21,0,run/data/m2/debug.log,4496
96,9,0,m3,1KxWxQCw8B6cfbPkjPqbyQ6co3qCuicxpv4P58,2.69065892e-06,8.737,8.737,2000-01-01 00:16:22,0,run/data/m3/debug.log,1300
97,9,0,m1,1M1uMpgaw82fhzH6tz99Eybn5ydKoNaFrwXUvb,3.3956479e-06,9.533,9.533,2000-01-01 00:16:27,0,run/data/m1/debug.log,8711
97,9,0,m2,1ZMv2Lqqkcy5zY6fAyGy1Dn6KT3fBVb7GxkCd3,2.30602849e-05,14.835,14.835,2000-01-01 00:16:28,0,run/data/m2/debug.log,4511
97,9,0,m3,1KxWxQCw8B6cfbPkjPqbyQ6co3qCuicxpv4P58,6.89217997e-05,15.000,15.000,2000-01-01 00:16:28,0,run/data/m3/debug.log,1315
98,9,0,m1,1M1uMpgaw82fhzH6tz99Eybn5ydKoNaFrwXUvb,6.17135948e-06,11.663,11.663,2000-01-01 00:16:37,0,run/data/m1/debug.log,8930
98,9,0,m2,1ZMv2Lqqkcy5zY6fAyGy1Dn6KT3fBVb7GxkCd3,1.13534435e-05,13.672,13.672,2000-01-01 00:16:38,0,run/data/m2/debug.log,4530
98,9,0,m3,1KxWxQCw8B6cfbPkjPqbyQ6co3qCuicxpv4P58,1.42458996e-05,14.206,14.206,2000-01-01 00:16:38,0,run/data/m3/debug.log,1334
99,9,0,m1,1M1uMpgaw82fhzH6tz99Eybn5ydKoNaFrwXUvb,4.09679267e-07,5.686,5.686,2000-01-01 00:16:49,0,run/data/m1/debug.log,9070
99,9,0,m2,1ZMv2Lqqkcy5zY6fAyGy1Dn6KT3fBVb7GxkCd3,1.74597016e-05,14.535,14.535,2000-01-01 00:16:50,0,run/data/m2/debug.log,4545
99,9,0,m3,1KxWxQCw8B6cfbPkjPqbyQ6co3qCuicxpv4P58,0.000105932596,14.983,14.983,2000-01-01 00:16:50,0,run/data/m3/debug.log,1349
100,9,0,m1,1M1uMpgaw82fhzH6tz99Eybn5ydKoNaFrwXUvb,8.28527815e-06,12.776,12.776,2000-01-01 00:16:56,0,run/data/m1/debug.log,9246
100,9,0,m2,1ZMv2Lqqkcy5zY6fAyGy1Dn6KT3fBVb7GxkCd3,4.07224516e-06,10.220,10.220,2000-01-01 00:16:57,0,run/data/m2/debug.log,4560
100,9,0,m3,1KxWxQCw8B6cfbPkjPqbyQ6co3qCuicxpv4P58,9.98703195e-05,15.067,15.067,2000-01-01 00:16:57,0,run/data/m3/debug.log,1364
101,9,0,m1,1M1uMpgaw82fhzH6tz99Eybn5ydKoNaFrwXUvb,9.38094296e-08,5.149,5.149,2000-01-01 00:17:09,0,run/data/m1/debug.log,9261
101,9,0,m2,1ZMv2Lqqkcy5zY6fAyGy1Dn6KT3fBVb7GxkCd3,1.13165032e-05,13.647,13.647,2000-01-01 00:17:08,0,run/data/m2/debug.log,4743
101,9,0,m3,1KxWxQCw8B6cfbPkjPqbyQ6co3qCuicxpv4P58,3.91990953e-05,14.974,14.974,2000-01-01 00:17:09,0,run/data/m3/debug.log,1379
102,9,0,m1,1M1uMpgaw82fhzH6tz99Eybn5ydKoNaFrwXUvb,3.58858818e-05,15.050,15.050,2000-01-01 00:17:14,0,run/data/m1/debug.log,9450
102,9,0,m2,1ZMv2Lqqkcy5zY6fAyGy1Dn6KT3fBVb7GxkCd3,2.03598335e-05,14.799,14.799,2000-01-01 00:17:15,0,run/data/m2/debug.log,4763
102,9,0,m3,1KxWxQCw8B6cfbPkjPqbyQ6co3qCuicxpv4P58,5.10977752e-05,15.066,15.066,2000-01-01 00:17:16,0,run/data/m3/debug.log,1399
103,9,0,m1,1M1uMpgaw82fhzH6tz99Eybn5ydKoNaFrwXUvb,8.47359102e-06,12.659,12.659,2000-01-01 00:17:30,0,run/data/m1/debug.log,9706
103,9,0,m2,1ZMv2Lqqkcy5zY6fAyGy1Dn6KT3fBVb7GxkCd3,5.09137052e-05,15.015,15.015,2000-01-01 00:17:31,0,run/data/m2/debug.log,4778
103,9,0,m3,1KxWxQCw8B6cfbPkjPqbyQ6co3qCuicxpv4P58,0.000146262837,15.017,15.017,2000-01-01 00:17:31,0,run/data/m3/debug.log,1414
104,9,0,m1,1M1uMpgaw82fhzH6tz99Eybn5ydKoNaFrwXUvb,3.16376903e-06,9.186,9.186,2000-01-01 00:17:43,0,run/data/m1/debug.log,9911
104,9,0,m2,1ZMv2Lqqkcy5zY6fAyGy1Dn6KT3fBVb7GxkCd3,7.98451891e-06,12.454,12.454,2000-01-01 00:17:44,0,run/data/m2/debug.log,4793
104,9,0,m3,1KxWxQCw8B6cfbPkjPqbyQ6co3qCuicxpv4P58,9.98295981e-06,13.194,13.194,2000-01-01 00:17:44,0,run/data/m3/debug.log,1429
105,9,0,m1,1M1uMpgaw82fhzH6tz99Eybn5ydKoNaFrwXUvb,3.17736449e-06,9.217,9.217,2000-01-01 00:17:53,0,run/data/m1/debug.log,10394
105,9,0,m2,1ZMv2Lqqkcy5zY6fAyGy1Dn6KT3fBVb7GxkCd3,5.74431115e-05,15.033,15.033,2000-01-01 00:17:54,0,run/data/m2/debug.log,4808
105,9,0,m3,1KxWxQCw8B6cfbPkjPqbyQ6co3qCuicxpv4P58,0.000241691282,15.033,15.033,2000-01-01 00:17:54,0,run/data/m3/debug.log,1444
106,9,0,m1,1M1uMpgaw82fhzH6tz99Eybn5ydKoNaFrwXUvb,2.53251738e-05,14.833,14.833,2000-01-01 00:18:03,0,run/data/m1/debug.log,10494
106,9,0,m2,1ZMv2Lqqkcy5zY6fAyGy1Dn6KT3fBVb7GxkCd3,6.88502991e-06,11.876,11.876,2000-01-01 00:18:04,0,run/data/m2/debug.log,4823
106,9,0,m3,1KxWxQCw8B6cfbPkjPqbyQ6co3qCuicxpv4P58,2.72577301e-05,14.871,14.871,2000-01-01 00:18:04,0,run/data/m3/debug.log,1459
107,9,0,m1,1M1uMpgaw82fhzH6tz99Eybn5ydKoNaFrwXUvb,2.32216716e-06,8.153,8.153,2000-01-01 00:18:17,0,run/data/m1/debug.log,10509
107,9,0,m2,1ZMv2Lqqkcy5zY6fAyGy1Dn6KT3fBVb7GxkCd3,4.93937619e-05,14.881,14.881,2000-01-01 00:18:16,0,run/data/m2/debug.log,5474
107,9,0,m3,1KxWxQCw8B6cfbPkjPqbyQ6co3qCuicxpv4P58,3.27950861e-05,14.846,14.846,2000-01-01 00:18:17,0,run/data/m3/debug.log,1474
108,10,0,m1,1M1uMpgaw82fhzH6tz99Eybn5ydKoNaFrwXUvb,6.80960672e-07,5.996,5.996,2000-01-01 00:18:26,0,run/data/m1/debug.log,10863
108,10,0,m2,1ZMv2Lqqkcy5zY6fAyGy1Dn6KT3fBVb7GxkCd3,3.44360008e-06,9.341,9.341,2000-01-01 00:18:27,0,run/data/m2/debug.log,5489
108,10,0,m3,1KxWxQCw8B6cfbPkjPqbyQ6co3qCuicxpv4P58,0.000109570719,14.900,14.900,2000-01-01 00:18:27,0,run/data/m3/debug.log,1489
109,10,0,m1,1M1uMpgaw82fhzH6tz99Eybn5ydKoNaFrwXUvb,2.15250022e-06,7.972,7.972,2000-01-01 00:18:33,0,run/data/m1/debug.log,11064
109,10,0,m2,1ZMv2Lqqkcy5zY6fAyGy1Dn6KT3fBVb7GxkCd3,3.58380253e-05,14.878,14.878,2000-01-01 00:18:34,0,run/data/m2/debug.log,5507
109,10,0,m3,1KxWxQCw8B6cfbPkjPqbyQ6co3qCuicxpv4P58,0.000115132812,14.900,14.900,2000-01-01 00:18:34,0,run/data/m3/debug.log,1507
110,10,0,m1,1M1uMpgaw82fhzH6tz99Eybn5ydKoNaFrwXUvb,5.76377742e-06,11.191,11.191,2000-01-01 00:18:41,0,run/data/m1/debug.log,11658
110,10,0,m2,1ZMv2Lqqkcy5zY6fAyGy1Dn6KT3fBVb7GxkCd3,1.58158329e-06,7.297,7.297,2000-01-01 00:18:42,0,run/data/m2/debug.log,5523
110,10,0,m3,1KxWxQCw8B6cfbPkjPqbyQ6co3qCuicxpv4P58,2.1119402e-05,14.661,14.661,2000-01-01 00:18:42,0,run/data/m3/debug.log,1523
111,10,0,m1,1M1uMpgaw82fhzH6tz99Eybn5ydKoNaFrwXUvb,5.97148108e-07,5.952,5.952,2000-01-01 00:18:51,0,run/data/m1/debug.log,11673
111,10,0,m2,1ZMv2Lqqkcy5zY6fAyGy1Dn6KT3fBVb7GxkCd3,1.60296239e-05,14.333,14.333,2000-01-01 00:18:50,0,run/data/m2/debug.log,5610
111,10,0,m3,1KxWxQCw8B6cfbPkjPqbyQ6co3qCuicxpv4P58,1.22492514e-05,13.745,13.745,2000-01-01 00:18:51,0,run/data/m3/debug.log,1538
112,10,0,m1,1M1uMpgaw82fhzH6tz99Eybn5ydKoNaFrwXUvb,1.73432301e-05,14.447,14.447,2000-01-01 00:18:58,0,run/data/m1/debug.log,11992
112,10,0,m2,1ZMv2Lqqkcy5zY6fAyGy1Dn6KT3fBVb7GxkCd3,6.8880978e-06,11.877,11.877,2000-01-01 00:18:59,0,run/data/m2/debug.log,5625
112,10,0,m3,1KxWxQCw8B6cfbPkjPqbyQ6co3qCuicxpv4P58,3.00678924e-05,14.907,14.907,2000-01-01 00:18:59,0,run/data/m3/debug.log,1553
113,10,0,m1,1M1uMpgaw82fhzH6tz99Eybn5ydKoNaFrwXUvb,7.10171665e-06,11.971,11.971,2000-01-01 00:19:12,0,run/data/m1/debug.log,12007
113,10,0,m2,1ZMv2Lqqkcy5zY6fAyGy1Dn6KT3fBVb7GxkCd3,4.94792566e-05,14.948,14.948,2000-01-01 00:19:11,0,run/data/m2/debug.log,5693
113,10,0,m3,1KxWxQCw8B6cfbPkjPqbyQ6co3qCuicxpv4P58,2.12108868e-06,7.985,7.985,2000-01-01 00:19:12,0,run/data/m3/debug.log,1568
114,10,0,m1,1M1uMpgaw82fhzH6tz99Eybn5ydKoNaFrwXUvb,3.86286958e-05,14.870,14.870,2000-01-01 00:19:22,0,run/data/m1/debug.log,12022
114,10,0,m2,1ZMv2Lqqkcy5zY6fAyGy1Dn6KT3fBVb7GxkCd3,5.01692595e-06,10.633,10.633,2000-01-01 00:19:22,0,run/data/m2/debug.log,5708
114,10,0,m3,1KxWxQCw8B6cfbPkjPqbyQ6co3qCuicxpv4P58,5.75980073e-05,14.883,14.883,2000-01-01 00:19:21,0,run/data/m3/debug.log,1826
115,10,0,m1,1M1uMpgaw82fhzH6tz99Eybn5ydKoNaFrwXUvb,1.9669899e-06,7.612,7.612,2000-01-01 00:19:34,0,run/data/m1/debug.log,12042
115,10,0,m2,1ZMv2Lqqkcy5zY6fAyGy1Dn6KT3fBVb7GxkCd3,5.81710139e-05,14.949,14.949,2000-01-01 00:19:33,0,run/data/m2/debug.log,6447
115,10,0,m3,1KxWxQCw8B6cfbPkjPqbyQ6co3qCuicxpv4P58,1.83391912e-05,14.392,14.392,2000-01-01 00:19:34,0,run/data/m3/debug.log,1845
116,10,0,m1,1M1uMpgaw82fhzH6tz99Eybn5ydKoNaFrwXUvb,1.08752229e-06,6.589,6.589,2000-01-01 00:19:42,0,run/data/m1/debug.log,12069
116,10,0,m2,1ZMv2Lqqkcy5zY6fAyGy1Dn6KT3fBVb7GxkCd3,4.25404072e-05,15.004,15.004,2000-01-01 00:19:43,0,run/data/m2/debug.log,6462
116,10,0,m3,1KxWxQCw8B6cfbPkjPqbyQ6co3qCuicxpv4P58,0.000131033285,15.017,15.017,2000-01-01 00:19:43,0,run/data/m3/debug.log,1860
117,10,0,m1,1M1uMpgaw82fhzH6tz99Eybn5ydKoNaFrwXUvb,5.34195925e-06,10.752,10.752,2000-01-01 00:19:49,0,run/data/m1/debug.log,12160
117,10,0,m2,1ZMv2Lqqkcy5zY6fAyGy1Dn6KT3fBVb7GxkCd3,3.01123993e-05,14.979,14.979,2000-01-01 00:19:49,0,run/data/m2/debug.log,6477
117,10,0,m3,1KxWxQCw8B6cfbPkjPqbyQ6co3qCuicxpv4P58,2.76104106e-05,14.937,14.937,2000-01-01 00:19:50,0,run/data/m3/debug.log,1875
118,10,0,m1,1M1uMpgaw82fhzH6tz99Eybn5ydKoNaFrwXUvb,4.74580541e-06,10.311,10.311,2000-01-01 00:20:00,0,run/data/m1/debug.log,12536
118,10,0,m2,1ZMv2Lqqkcy5zY6fAyGy1Dn6KT3fBVb7GxkCd3,4.67365908e-05,15.044,15.044,2000-01-01 00:20:00,0,run/data/m2/debug.log,6492
118,10,0,m3,1KxWxQCw8B6cfbPkjPqbyQ6co3qCuicxpv4P58,4.48167114e-05,15.041,15.041,2000-01-01 00:20:01,0,run/data/m3/debug.log,1890
119,10,0,m1,1M1uMpgaw82fhzH6tz99Eybn5ydKoNaFrwXUvb,2.05394098e-05,14.689,14.689,2000-01-01 00:20:11,0,run/data/m1/debug.log,12792
119,10,0,m2,1ZMv2Lqqkcy5zY6fAyGy1Dn6KT3fBVb7GxkCd3,5.14419383e-05,15.080,15.080,2000-01-01 00:20:11,0,run/data/m2/debug.log,6507
119,10,0,m3,1KxWxQCw8B6cfbPkjPqbyQ6co3qCuicxpv4P58,9.88378041e-05,15.083,15.083,2000-01-01 00:20:12,0,run/data/m3/debug.log,1905
120,11,0,m1,1M1uMpgaw82fhzH6tz99Eybn5ydKoNaFrwXUvb,8.66404377e-06,12.442,12.442,2000-01-01 00:20:26,0,run/data/m1/debug.log,12940
120,11,0,m2,1ZMv2Lqqkcy5zY6fAyGy1Dn6KT3fBVb7GxkCd3,8.72822859e-05,15.000,15.000,2000-01-01 00:20:27,0,run/data/m2/debug.log,6522
120,11,0,m3,1KxWxQCw8B6cfbPkjPqbyQ6co3qCuicxpv4P58,4.13018512e-05,14.985,14.985,2000-01-01 00:20:27,0,run/data/m3/debug.log,1920
121,11,0,m1,1M1uMpgaw82fhzH6tz99Eybn5ydKoNaFrwXUvb,1.94360215e-05,14.430,14.430,2000-01-01 00:20:39,0,run/data/m1/debug.log,12989
121,11,0,m2,1ZMv2Lqqkcy5zY6fAyGy1Dn6KT3fBVb7GxkCd3,1.43530025e-05,13.855,13.855,2000-01-01 00:20:40,0,run/data/m2/debug.log,6541
121,11,0,m3,1KxWxQCw8B6cfbPkjPqbyQ6co3qCuicxpv4P58,7.20213206e-05,14.900,14.900,2000-01-01 00:20:40,0,run/data/m3/debug.log,1939
122,11,0,m1,1M1uMpgaw82fhzH6tz99Eybn5ydKoNaFrwXUvb,5.41410645e-07,5.583,5.583,2000-01-01 00:20:55,0,run/data/m1/debug.log,13064
122,11,0,m2,1ZMv2Lqqkcy5zY6fAyGy1Dn6KT3fBVb7GxkCd3,2.73124777e-05,14.647,14.647,2000-01-01 00:20:54,0,run/data/m2/debug.log,6802
122,11,0,m3,1KxWxQCw8B6cfbPkjPqbyQ6co3qCuicxpv4P58,1.19958923e-05,13.269,13.269,2000-01-01 00:20:56,0,run/data/m3/debug.log,1970
123,11,0,m1,1M1uMpgaw82fhzH6tz99Eybn5ydKoNaFrwXUvb,6.77733805e-07,5.828,5.828,2000-01-01 00:21:01,0,run/data/m1/debug.log,13495
123,11,0,m2,1ZMv2Lqqkcy5zY6fAyGy1Dn6KT3fBVb7GxkCd3,4.23628512e-05,14.804,14.804,2000-01-01 00:21:02,0,run/data/m2/debug.log,6837
123,11,0,m3,1KxWxQCw8B6cfbPkjPqbyQ6co3qCuicxpv4P58,4.45890571e-05,14.808,14.808,2000-01-01 00:21:02,0,run/data/m3/debug.log,1989
124,11,0,m1,1M1uMpgaw82fhzH6tz99Eybn5ydKoNaFrwXUvb,1.23308124e-06,6.597,6.597,2000-01-01 00:21:08,0,run/data/m1/debug.log,13617
124,11,0,m2,1ZMv2Lqqkcy5zY6fAyGy1Dn6KT3fBVb7GxkCd3,1.01661532e-05,12.814,12.814,2000-01-01 00:21:09,0,run/data/m2/debug.log,6852
124,11,0,m3,1KxWxQCw8B6cfbPkjPqbyQ6co3qCuicxpv4P58,6.68845193e-05,14.833,14.833,2000-01-01 00:21:09,0,run/data/m3/debug.log,2004
125,11,0,m1,1M1uMpgaw82fhzH6tz99Eybn5ydKoNaFrwXUvb,9.01101855e-06,12.528,12.528,2000-01-01 00:21:14,0,run/data/m1/debug.log,14030
125,11,0,m2,1ZMv2Lqqkcy5zY6fAyGy1Dn6KT3fBVb7GxkCd3,5.08092559e-05,14.947,14.947,2000-01-01 00:21:15,0,run/data/m2/debug.log,6867
125,11,0,m3,1KxWxQCw8B6cfbPkjPqbyQ6co3qCuicxpv4P58,6.08928444e-06,11.114,11.114,2000-01-01 00:21:15,0,run/data/m3/debug.log,2019
126,11,0,m1,1M1uMpgaw82fhzH6tz99Eybn5ydKoNaFrwXUvb,1.5387349e-05,13.995,13.995,2000-01-01 00:21:28,0,run/data/m1/debug.log,14093
126,11,0,m2,1ZMv2Lqqkcy5zY6fAyGy1Dn6KT3fBVb7GxkCd3,3.44108449e-06,9.064,9.064,2000-01-01 00:21:28,0,run/data/m2/debug.log,6898
126,11,0,m3,1KxWxQCw8B6cfbPkjPqbyQ6co3qCuicxpv4P58,1.45088494e-05,13.864,13.864,2000-01-01 00:21:28,0,run/data/m3/debug.log,2203
127,11,0,m1,1M1uMpgaw82fhzH6tz99Eybn5ydKoNaFrwXUvb,1.32247917e-05,13.672,13.672,2000-01-01 00:21:40,0,run/data/m1/debug.log,14132
127,11,0,m2,1ZMv2Lqqkcy5zY6fAyGy1Dn6KT3fBVb7GxkCd3,4.12864746e-05,14.902,14.902,2000-01-01 00:21:38,0,run/data/m2/debug.log,7232
127,11,0,m3,1KxWxQCw8B6cfbPkjPqbyQ6co3qCuicxpv4P58,1.62010028e-06,7.170,7.170,2000-01-01 00:21:40,0,run/data/m3/debug.log,2239
128,11,0,m1,1M1uMpgaw82fhzH6tz99Eybn5ydKoNaFrwXUvb,4.15260938e-06,9.719,9.719,2000-01-01 00:21:48,0,run/data/m1/debug.log,14147
128,11,0,m2,1ZMv2Lqqkcy5zY6fAyGy1Dn6KT3fBVb7GxkCd3,1.50514517e-06,7.028,7.028,2000-01-01 00:21:48,0,run/data/m2/debug.log,7247
128,11,0,m3,1KxWxQCw8B6cfbPkjPqbyQ6co3qCuicxpv4P58,3.81737073e-05,14.892,14.892,2000-01-01 00:21:47,0,run/data/m3/debug.log,2673
129,11,0,m1,1M1uMpgaw82fhzH6tz99Eybn5ydKoNaFrwXUvb,1.06246781e-05,13.008,13.008,2000-01-01 00:21:57,0,run/data/m1/debug.log,14162
129,11,0,m2,1ZMv2Lqqkcy5zY6fAyGy1Dn6KT3fBVb7GxkCd3,7.83871116e-07,6.045,6.045,2000-01-01 00:21:56,0,run/data/m2/debug.log,7503
129,11,0,m3,1KxWxQCw8B6cfbPkjPqbyQ6co3qCuicxpv4P58,4.1352048e-05,14.869,14.869,2000-01-01 00:21:57,0,run/data/m3/debug.log,2688
130,11,0,m1,1M1uMpgaw82fhzH6tz99Eybn5ydKoNaFrwXUvb,9.42975671e-06,12.687,12.687,2000-01-01 00:22:04,0,run/data/m1/debug.log,14177
130,11,0,m2,1ZMv2Lqqkcy5zY6fAyGy1Dn6KT3fBVb7GxkCd3,3.90720845e-05,14.929,14.929,2000-01-01 00:22:03,0,run/data/m2/debug.log,7575
130,11,0,m3,1KxWxQCw8B6cfbPkjPqbyQ6co3qCuicxpv4P58,0.000219423971,14.950,14.950,2000-01-01 00:22:04,0,run/data/m3/debug.log,2703
131,11,0,m1,1M1uMpgaw82fhzH6tz99Eybn5ydKoNaFrwXUvb,1.19016772e-05,13.367,13.367,2000-01-01 00:22:17,0,run/data/m1/debug.log,14347
131,11,0,m2,1ZMv2Lqqkcy5zY6fAyGy1Dn6KT3fBVb7GxkCd3,0.000115399751,14.900,14.900,2000-01-01 00:22:18,0,run/data/m2/debug.log,7590
131,11,0,m3,1KxWxQCw8B6cfbPkjPqbyQ6co3qCuicxpv4P58,4.54495871e-05,14.892,14.892,2000-01-01 00:22:18,0,run/data/m3/debug.log,2718
132,12,0,m1,1M1uMpgaw82fhzH6tz99Eybn5ydKoNaFrwXUvb,8.47558042e-07,6.167,6.167,2000-01-01 00:22:31,0,run/data/m1/debug.log,14392
132,12,0,m2,1ZMv2Lqqkcy5zY6fAyGy1Dn6KT3fBVb7GxkCd3,1.65576943e-06,7.213,7.213,2000-01-01 00:22:32,0,run/data/m2/debug.log,7608
132,12,0,m3,1KxWxQCw8B6cfbPkjPqbyQ6co3qCuicxpv4P58,9.09489136e-06,12.531,12.531,2000-01-01 00:22:32,0,run/data/m3/debug.log,2736
133,12,0,m1,1M1uMpgaw82fhzH6tz99Eybn5ydKoNaFrwXUvb,3.89298603e-06,9.602,9.602,2000-01-01 00:22:38,0,run/data/m1/debug.log,14928
133,12,0,m2,1ZMv2Lqqkcy5zY6fAyGy1Dn6KT3fBVb7GxkCd3,1.94534207e-05,14.550,14.550,2000-01-01 00:22:39,0,run/data/m2/debug.log,7623
133,12,0,m3,1KxWxQCw8B6cfbPkjPqbyQ6co3qCuicxpv4P58,3.30605052e-05,14.962,14.962,2000-01-01 00:22:39,0,run/data/m3/debug.log,2751
134,12,0,m1,1M1uMpgaw82fhzH6tz99Eybn5ydKoNaFrwXUvb,2.38000695e-05,14.881,14.881,2000-01-01 00:22:48,0,run/data/m1/debug.log,14946
134,12,0,m2,1ZMv2Lqqkcy5zY6fAyGy1Dn6KT3fBVb7GxkCd3,4.02822032e-05,15.099,15.099,2000-01-01 00:22:49,0,run/data/m2/debug.log,7639
134,12,0,m3,1KxWxQCw8B6cfbPkjPqbyQ6co3qCuicxpv4P58,3.38562314e-05,15.068,15.068,2000-01-01 00:22:49,0,run/data/m3/debug.log,2767
135,12,0,m1,1M1uMpgaw82fhzH6tz99Eybn5ydKoNaFrwXUvb,1.02093903e-05,12.965,12.965,2000-01-01 00:23:03,0,run/data/m1/debug.log,15036
135,12,0,m2,1ZMv2Lqqkcy5zY6fAyGy1Dn6KT3fBVb7GxkCd3,6.25777128e-06,11.236,11.236,2000-01-01 00:23:04,0,run/data/m2/debug.log,7654
135,12,0,m3,1KxWxQCw8B6cfbPkjPqbyQ6co3qCuicxpv4P58,2.10993233e-05,14.607,14.607,2000-01-01 00:23:04,0,run/data/m3/debug.log,2782
136,12,0,m1,1M1uMpgaw82fhzH6tz99Eybn5ydKoNaFrwXUvb,2.48467516e-06,8.089,8.089,2000-01-01 00:23:17,0,run/data/m1/debug.log,15539
136,12,0,m2,1ZMv2Lqqkcy5zY6fAyGy1Dn6KT3fBVb7GxkCd3,1.08487148e-06,6.438,6.438,2000-01-01 00:23:16,0,run/data/m2/debug.log,7684
136,12,0,m3,1KxWxQCw8B6cfbPkjPqbyQ6co3qCuicxpv4P58,0.000170212415,14.867,14.867,2000-01-01 00:23:18,0,run/data/m3/debug.log,2813
137,12,0,m1,1M1uMpgaw82fhzH6tz99Eybn5ydKoNaFrwXUvb,3.55693703e-06,9.140,9.140,2000-01-01 00:23:24,0,run/data/m1/debug.log,15574
137,12,0,m2,1ZMv2Lqqkcy5zY6fAyGy1Dn6KT3fBVb7GxkCd3,3.16761358e-05,14.782,14.782,2000-01-01 00:23:23,0,run/data/m2/debug.log,7721
137,12,0,m3,1KxWxQCw8B6cfbPkjPqbyQ6co3qCuicxpv4P58,4.57359779e-05,14.843,14.843,2000-01-01 00:23:24,0,run/data/m3/debug.log,2828
138,12,0,m1,1M1uMpgaw82fhzH6tz99Eybn5ydKoNaFrwXUvb,1.78627575e-06,7.353,7.353,2000-01-01 00:23:34,0,run/data/m1/debug.log,15643
138,12,0,m2,1ZMv2Lqqkcy5zY6fAyGy1Dn6KT3fBVb7GxkCd3,1.42841187e-05,13.847,13.847,2000-01-01 00:23:35,0,run/data/m2/debug.log,7736
138,12,0,m3,1KxWxQCw8B6cfbPkjPqbyQ6co3qCuicxpv4P58,0.000125433805,14.900,14.900,2000-01-01 00:23:35,0,run/data/m3/debug.log,2843
139,12,0,m1,1M1uMpgaw82fhzH6tz99Eybn5ydKoNaFrwXUvb,6.73296654e-06,11.517,11.517,2000-01-01 00:23:42,0,run/data/m1/debug.log,15768
139,12,0,m2,1ZMv2Lqqkcy5zY6fAyGy1Dn6KT3fBVb7GxkCd3,1.85958694e-05,14.418,14.418,2000-01-01 00:23:43,0,run/data/m2/debug.log,7755
139,12,0,m3,1KxWxQCw8B6cfbPkjPqbyQ6co3qCuicxpv4P58,7.64131596e-05,14.933,14.933,2000-01-01 00:23:43,0,run/data/m3/debug.log,2863
140,12,0,m1,1M1uMpgaw82fhzH6tz99Eybn5ydKoNaFrwXUvb,2.62475571e-06,8.304,8.304,2000-01-01 00:23:54,0,run/data/m1/debug.log,16235
140,12,0,m2,1ZMv2Lqqkcy5zY6fAyGy1Dn6KT3fBVb7GxkCd3,1.18854945e-05,13.382,13.382,2000-01-01 00:23:55,0,run/data/m2/debug.log,7770
140,12,0,m3,1KxWxQCw8B6cfbPkjPqbyQ6co3qCuicxpv4P58,0.000117993667,14.883,14.883,2000-01-01 00:23:55,0,run/data/m3/debug.log,2878
141,12,0,m1,1M1uMpgaw82fhzH6tz99Eybn5ydKoNaFrwXUvb,2.49278318e-06,8.164,8.164,2000-01-01 00:24:03,0,run/data/m1/debug.log,16308
141,12,0,m2,1ZMv2Lqqkcy5zY6fAyGy1Dn6KT3fBVb7GxkCd3,3.9837698e-05,14.866,14.866,2000-01-01 00:24:04,0,run/data/m2/debug.log,7785
141,12,0,m3,1KxWxQCw8B6cfbPkjPqbyQ6co3qCuicxpv4P58,4.53529837e-05,14.876,14.876,2000-01-01 00:24:04,0,run/data/m3/debug.log,2893
142,12,0,m1,1M1uMpgaw82fhzH6tz99Eybn5ydKoNaFrwXUvb,1.25501662e-06,6.664,6.664,2000-01-01 00:24:12,0,run/data/m1/debug.log,16413
142,12,0,m2,1ZMv2Lqqkcy5zY6fAyGy1Dn6KT3fBVb7GxkCd3,1.97213908e-05,14.420,14.420,2000-01-01 00:24:12,0,run/data/m2/debug.log,7800
142,12,0,m3,1KxWxQCw8B6cfbPkjPqbyQ6co3qCuicxpv4P58,0.000104778712,14.850,14.850,2000-01-01 00:24:13,0,run/data/m3/debug.log,2908
143,12,0,m1,1M1uMpgaw82fhzH6tz99Eybn5ydKoNaFrwXUvb,2.25483605e-06,7.988,7.988,2000-01-01 00:24:19,0,run/data/m1/debug.log,16529
143,12,0,m2,1ZMv2Lqqkcy5zY6fAyGy1Dn6KT3fBVb7GxkCd3,5.46231157e-07,5.801,5.801,2000-01-01 00:24:20,0,run/data/m2/debug.log,7815
143,12,0,m3,1KxWxQCw8B6cfbPkjPqbyQ6co3qCuicxpv4P58,2.74839868e-05,14.842,14.842,2000-01-01 00:24:20,0,run/data/m3/debug.log,2923
144,13,0,m1,1M1uMpgaw82fhzH6tz99Eybn5ydKoNaFrwXUvb,3.21251615e-06,9.076,9.076,2000-01-01 00:24:28,0,run/data/m1/debug.log,16544
144,13,0,m2,1ZMv2Lqqkcy5zY6fAyGy1Dn6KT3fBVb7GxkCd3,2.97342543e-06,8.844,8.844,2000-01-01 00:24:27,0,run/data/m2/debug.log,7867
144,13,0,m3,1KxWxQCw8B6cfbPkjPqbyQ6co3qCuicxpv4P58,8.4461741e-05,15.067,15.067,2000-01-01 00:24:28,0,run/data/m3/debug.log,2938
145,13,0,m1,1M1uMpgaw82fhzH6tz99Eybn5ydKoNaFrwXUvb,7.76227679e-06,12.118,12.118,2000-01-01 00:24:38,0,run/data/m1/debug.log,16562
145,13,0,m2,1ZMv2Lqqkcy5zY6fAyGy1Dn6KT3fBVb7GxkCd3,3.66783699e-05,14.988,14.988,2000-01-01 00:24:37,0,run/data/m2/debug.log,7945
145,13,0,m3,1KxWxQCw8B6cfbPkjPqbyQ6co3qCuicxpv4P58,1.26869658e-05,13.695,13.695,2000-01-01 00:24:38,0,run/data/m3/debug.log,2956
146,13,0,m1,1M1uMpgaw82fhzH6tz99Eybn5ydKoNaFrwXUvb,4.55902452e-05,14.943,14.943,2000-01-01 00:24:51,0,run/data/m1/debug.log,16884
146,13,0,m2,1ZMv2Lqqkcy5zY6fAyGy1Dn6KT3fBVb7GxkCd3,4.87128247e-05,14.946,14.946,2000-01-01 00:24:52,0,run/data/m2/debug.log,7961
146,13,0,m3,1KxWxQCw8B6cfbPkjPqbyQ6co3qCuicxpv4P58,4.05628281e-05,14.935,14.935,2000-01-01 00:24:52,0,run/data/m3/debug.log,2972
147,13,0,m1,1M1uMpgaw82fhzH6tz99Eybn5ydKoNaFrwXUvb,2.48972783e-05,14.745,14.745,2000-01-01 00:25:07,0,run/data/m1/debug.log,16993
147,13,0,m2,1ZMv2Lqqkcy5zY6fAyGy1Dn6KT3fBVb7GxkCd3,6.33069625e-05,14.933,14.933,2000-01-01 00:25:07,0,run/data/m2/debug.log,7976
147,13,0,m3,1KxWxQCw8B6cfbPkjPqbyQ6co3qCuicxpv4P58,2.79184283e-05,14.817,14.817,2000-01-01 00:25:08,0,run/data/m3/debug.log,2987
148,13,0,m1,1M1uMpgaw82fhzH6tz99Eybn5ydKoNaFrwXUvb,3.94055037e-06,9.567,9.567,2000-01-01 00:25:22,0,run/data/m1/debug.log,17035
148,13,0,m2,1ZMv2Lqqkcy5zY6fAyGy1Dn6KT3fBVb7GxkCd3,1.48835507e-05,13.969,13.969,2000-01-01 00:25:23,0,run/data/m2/debug.log,7991
148,13,0,m3,1KxWxQCw8B6cfbPkjPqbyQ6co3qCuicxpv4P58,3.72710161e-05,14.874,14.874,2000-01-01 00:25:23,0,run/data/m3/debug.log,3002
149,13,0,m1,1M1uMpgaw82fhzH6tz99Eybn5ydKoNaFrwXUvb,9.45033641e-06,12.635,12.635,2000-01-01 00:25:32,0,run/data/m1/debug.log,17373
149,13,0,m2,1ZMv2Lqqkcy5zY6fAyGy1Dn6KT3fBVb7GxkCd3,1.02678851e-05,12.906,12.906,2000-01-01 00:25:33,0,run/data/m2/debug.log,8006
149,13,0,m3,1KxWxQCw8B6cfbPkjPqbyQ6co3qCuicxpv4P58,3.89310663e-05,14.830,14.830,2000-01-01 00:25:33,0,run/data/m3/debug.log,3017
150,13,0,m1,1M1uMpgaw82fhzH6tz99Eybn5ydKoNaFrwXUvb,4.18395504e-06,9.686,9.686,2000-01-01 00:25:45,0,run/data/m1/debug.log,18026
150,13,0,m2,1ZMv2Lqqkcy5zY6fAyGy1Dn6KT3fBVb7GxkCd3,2.48934466e-05,14.628,14.628,2000-01-01 00:25:46,0,run/data/m2/debug.log,8021
150,13,0,m3,1KxWxQCw8B6cfbPkjPqbyQ6co3qCuicxpv4P58,7.97222245e-05,14.817,14.817,2000-01-01 00:25:46,0,run/data/m3/debug.log,3032
151,13,0,m1,1M1uMpgaw82fhzH6tz99Eybn5ydKoNaFrwXUvb,3.63935408e-07,5.303,5.303,2000-01-01 00:25:55,0,run/data/m1/debug.log,18203
151,13,0,m2,1ZMv2Lqqkcy5zY6fAyGy1Dn6KT3fBVb7GxkCd3,1.85994286e-05,14.129,14.129,2000-01-01 00:25:56,0,run/data/m2/debug.log,8041
151,13,0,m3,1KxWxQCw8B6cfbPkjPqbyQ6co3qCuicxpv4P58,0.00010051124,14.783,14.783,2000-01-01 00:25:56,0,run/data/m3/debug.log,3051
152,13,0,m1,1M1uMpgaw82fhzH6tz99Eybn5ydKoNaFrwXUvb,2.60486151e-05,14.664,14.664,2000-01-01 00:26:01,0,run/data/m1/debug.log,18249
152,13,0,m2,1ZMv2Lqqkcy5zY6fAyGy1Dn6KT3fBVb7GxkCd3,9.87524314e-06,12.532,12.532,2000-01-01 00:26:01,0,run/data/m2/debug.log,8056
152,13,0,m3,1KxWxQCw8B6cfbPkjPqbyQ6co3qCuicxpv4P58,0.000155513735,14.883,14.883,2000-01-01 00:26:01,0,run/data/m3/debug.log,3066
153,13,0,m1,1M1uMpgaw82fhzH6tz99Eybn5ydKoNaFrwXUvb,1.140126e-05,12.937,12.937,2000-01-01 00:26:15,0,run/data/m1/debug.log,18264
153,13,0,m2,1ZMv2Lqqkcy5zY6fAyGy1Dn6KT3fBVb7GxkCd3,6.23451764e-06,10.808,10.808,2000-01-01 00:26:14,0,run/data/m2/debug.log,8253
153,13,0,m3,1KxWxQCw8B6cfbPkjPqbyQ6co3qCuicxpv4P58,0.000193433928,14.817,14.817,2000-01-01 00:26:16,0,run/data/m3/debug.log,3081
154,13,0,m1,1M1uMpgaw82fhzH6tz99Eybn5ydKoNaFrwXUvb,1.11664316e-05,12.838,12.838,2000-01-01 00:26:27,0,run/data/m1/debug.log,18279
154,13,0,m2,1ZMv2Lqqkcy5zY6fAyGy1Dn6KT3fBVb7GxkCd3,2.5381081e-05,14.541,14.541,2000-01-01 00:26:25,0,run/data/m2/debug.log,8335
154,13,0,m3,1KxWxQCw8B6cfbPkjPqbyQ6co3qCuicxpv4P58,2.14391421e-05,14.352,14.352,2000-01-01 00:26:27,0,run/data/m3/debug.log,3096
155,13,0,m1,1M1uMpgaw82fhzH6tz99Eybn5ydKoNaFrwXUvb,4.7661155e-06,9.678,9.678,2000-01-01 00:26:40,0,run/data/m1/debug.log,18395
155,13,0,m2,1ZMv2Lqqkcy5zY6fAyGy1Dn6KT3fBVb7GxkCd3,2.35997541e-05,14.336,14.336,2000-01-01 00:26:41,0,run/data/m2/debug.log,8353
155,13,0,m3,1KxWxQCw8B6cfbPkjPqbyQ6co3qCuicxpv4P58,0.000117946176,14.650,14.650,2000-01-01 00:26:41,0,run/data/m3/debug.log,3114
156,14,0,m1,1M1uMpgaw82fhzH6tz99Eybn5ydKoNaFrwXUvb,6.00898031e-06,10.473,10.473,2000-01-01 00:26:50,0,run/data/m1/debug.log,18455
156,14,0,m2,1ZMv2Lqqkcy5zY6fAyGy1Dn6KT3fBVb7GxkCd3,2.97401877e-07,5.043,5.043,2000-01-01 00:26:51,0,run/data/m2/debug.log,8368
156,14,0,m3,1KxWxQCw8B6cfbPkjPqbyQ6co3qCuicxpv4P58,7.25167918e-05,14.616,14.616,2000-01-01 00:26:51,0,run/data/m3/debug.log,3129
157,14,0,m1,1M1uMpgaw82fhzH6tz99Eybn5ydKoNaFrwXUvb,1.72933904e-05,13.891,13.891,2000-01-01 00:26:57,0,run/data/m1/debug.log,18470
157,14,0,m2,1ZMv2Lqqkcy5zY6fAyGy1Dn6KT3fBVb7GxkCd3,1.43176995e-05,13.458,13.458,2000-01-01 00:26:56,0,run/data/m2/debug.log,8554
157,14,0,m3,1KxWxQCw8B6cfbPkjPqbyQ6co3qCuicxpv4P58,7.88873614e-05,14.683,14.683,2000-01-01 00:26:58,0,run/data/m3/debug.log,3144
158,14,0,m1,1M1uMpgaw82fhzH6tz99Eybn5ydKoNaFrwXUvb,5.03364609e-05,14.660,14.660,2000-01-01 00:27:11,0,run/data/m1/debug.log,18486
158,14,0,m2,1ZMv2Lqqkcy5zY6fAyGy1Dn6KT3fBVb7GxkCd3,5.06698612e-05,14.661,14.661,2000-01-01 00:27:11,0,run/data/m2/debug.log,8707
158,14,0,m3,1KxWxQCw8B6cfbPkjPqbyQ6co3qCuicxpv4P58,8.44876042e-06,11.769,11.769,2000-01-01 00:27:12,0,run/data/m3/debug.log,3160
159,14,0,m1,1M1uMpgaw82fhzH6tz99Eybn5ydKoNaFrwXUvb,1.77151319e-06,7.004,7.004,2000-01-01 00:27:25,0,run/data/m1/debug.log,18501
159,14,0,m2,1ZMv2Lqqkcy5zY6fAyGy1Dn6KT3fBVb7GxkCd3,5.39431513e-05,14.713,14.713,2000-01-01 00:27:25,0,run/data/m2/debug.log,8722
159,14,0,m3,1KxWxQCw8B6cfbPkjPqbyQ6co3qCuicxpv4P58,5.38141962e-05,14.713,14.713,2000-01-01 00:27:24,0,run/data/m3/debug.log,3279
160,14,0,m1,1M1uMpgaw82fhzH6tz99Eybn5ydKoNaFrwXUvb,5.34682151e-06,10.250,10.250,2000-01-01 00:27:33,0,run/data/m1/debug.log,18540
160,14,0,m2,1ZMv2Lqqkcy5zY6fAyGy1Dn6KT3fBVb7GxkCd3,2.83821796e-06,8.221,8.221,2000-01-01 00:27:34,0,run/data/m2/debug.log,8737
160,14,0,m3,1KxWxQCw8B6cfbPkjPqbyQ6co3qCuicxpv4P58,1.14807481e-05,12.959,12.959,2000-01-01 00:27:34,0,run/data/m3/debug.log,3294
161,14,0,m1,1M1uMpgaw82fhzH6tz99Eybn5ydKoNaFrwXUvb,1.3085419e-06,6.562,6.562,2000-01-01 00:27:43,0,run/data/m1/debug.log,18555
161,14,0,m2,1ZMv2Lqqkcy5zY6fAyGy1Dn6KT3fBVb7GxkCd3,1.26419673e-08,4.835,4.835,2000-01-01 00:27:43,0,run/data/m2/debug.log,8792
161,14,0,m3,1KxWxQCw8B6cfbPkjPqbyQ6co3qCuicxpv4P58,4.64356748e-05,14.806,14.806,2000-01-01 00:27:44,0,run/data/m3/debug.log,3309
162,14,0,m1,1M1uMpgaw82fhzH6tz99Eybn5ydKoNaFrwXUvb,2.19970719e-07,5.267,5.267,2000-01-01 00:27:49,0,run/data/m1/debug.log,18570
162,14,0,m2,1ZMv2Lqqkcy5zY6fAyGy1Dn6KT3fBVb7GxkCd3,8.44786622e-06,12.052,12.052,2000-01-01 00:27:48,0,run/data/m2/debug.log,8888
162,14,0,m3,1KxWxQCw8B6cfbPkjPqbyQ6co3qCuicxpv4P58,5.15782519e-06,10.255,10.255,2000-01-01 00:27:49,0,run/data/m3/debug.log,3324
163,14,0,m1,1M1uMpgaw82fhzH6tz99Eybn5ydKoNaFrwXUvb,2.02613835e-06,8.061,8.061,2000-01-01 00:27:55,0,run/data/m1/debug.log,18592
163,14,0,m2,1ZMv2Lqqkcy5zY6fAyGy1Dn6KT3fBVb7GxkCd3,2.37638447e-05,14.862,14.862,2000-01-01 00:27:56,0,run/data/m2/debug.log,8908
163,14,0,m3,1KxWxQCw8B6cfbPkjPqbyQ6co3qCuicxpv4P58,0.000121822667,15.000,15.000,2000-01-01 00:27:56,0,run/data/m3/debug.log,3344
164,14,0,m1,1M1uMpgaw82fhzH6tz99Eybn5ydKoNaFrwXUvb,1.43800886e-05,14.202,14.202,2000-01-01 00:28:04,0,run/data/m1/debug.log,18687
164,14,0,m2,1ZMv2Lqqkcy5zY6fAyGy1Dn6KT3fBVb7GxkCd3,1.06976979e-05,13.497,13.497,2000-01-01 00:28:05,0,run/data/m2/debug.log,8923
164,14,0,m3,1KxWxQCw8B6cfbPkjPqbyQ6co3qCuicxpv4P58,2.40185974e-05,14.819,14.819,2000-01-01 00:28:05,0,run/data/m3/debug.log,3359
165,14,0,m1,1M1uMpgaw82fhzH6tz99Eybn5ydKoNaFrwXUvb,6.52744598e-06,11.852,11.852,2000-01-01 00:28:18,0,run/data/m1/debug.log,18977
165,14,0,m2,1ZMv2Lqqkcy5zY6fAyGy1Dn6KT3fBVb7GxkCd3,1.24308698e-05,13.871,13.871,2000-01-01 00:28:19,0,run/data/m2/debug.log,8938
165,14,0,m3,1KxWxQCw8B6cfbPkjPqbyQ6co3qCuicxpv4P58,0.000159081866,14.933,14.933,2000-01-01 00:28:19,0,run/data/m3/debug.log,3374
166,14,0,m1,1M1uMpgaw82fhzH6tz99Eybn5ydKoNaFrwXUvb,4.17903579e-06,10.210,10.210,2000-01-01 00:28:30,0,run/data/m1/debug.log,19049
166,14,0,m2,1ZMv2Lqqkcy5zY6fAyGy1Dn6KT3fBVb7GxkCd3,3.86363226e-07,5.590,5.590,2000-01-01 00:28:31,0,run/data/m2/debug.log,8956
166,14,0,m3,1KxWxQCw8B6cfbPkjPqbyQ6co3qCuicxpv4P58,7.25440388e-05,14.917,14.917,2000-01-01 00:28:31,0,run/data/m3/debug.log,3392
167,14,0,m1,1M1uMpgaw82fhzH6tz99Eybn5ydKoNaFrwXUvb,5.28589632e-07,5.943,5.943,2000-01-01 00:28:39,0,run/data/m1/debug.log,19064
167,14,0,m2,1ZMv2Lqqkcy5zY6fAyGy1Dn6KT3fBVb7GxkCd3,1.86560583e-05,14.687,14.687,2000-01-01 00:28:38,0,run/data/m2/debug.log,9044
167,14,0,m3,1KxWxQCw8B6cfbPkjPqbyQ6co3qCuicxpv4P58,5.99378069e-05,15.033,15.033,2000-01-01 00:28:39,0,run/data/m3/debug.log,3407
168,15,0,m1,1M1uMpgaw82fhzH6tz99Eybn5ydKoNaFrwXUvb,1.4620211e-05,14.351,14.351,2000-01-01 00:28:46,0,run/data/m1/debug.log,19111
168,15,0,m2,1ZMv2Lqqkcy5zY6fAyGy1Dn6KT3fBVb7GxkCd3,1.36074081e-05,14.207,14.207,2000-01-01 00:28:46,0,run/data/m2/debug.log,9059
168,15,0,m3,1KxWxQCw8B6cfbPkjPqbyQ6co3qCuicxpv4P58,1.43546845e-05,14.315,14.315,2000-01-01 00:28:46,0,run/data/m3/debug.log,3422
169,15,0,m1,1M1uMpgaw82fhzH6tz99Eybn5ydKoNaFrwXUvb,1.53161871e-05,14.285,14.285,2000-01-01 00:29:01,0,run/data/m1/debug.log,19535
169,15,0,m2,1ZMv2Lqqkcy5zY6fAyGy1Dn6KT3fBVb7GxkCd3,2.04828e-05,14.668,14.668,2000-01-01 00:29:01,0,run/data/m2/debug.log,9275
169,15,0,m3,1KxWxQCw8B6cfbPkjPqbyQ6co3qCuicxpv4P58,6.79947013e-06,11.983,11.983,2000-01-01 00:29:02,0,run/data/m3/debug.log,3453
170,15,0,m1,1M1uMpgaw82fhzH6tz99Eybn5ydKoNaFrwXUvb,1.41223978e-06,7.198,7.198,2000-01-01 00:29:15,0,run/data/m1/debug.log,19571
170,15,0,m2,1ZMv2Lqqkcy5zY6fAyGy1Dn6KT3fBVb7GxkCd3,1.729367e-05,14.508,14.508,2000-01-01 00:29:15,0,run/data/m2/debug.log,9307
170,15,0,m3,1KxWxQCw8B6cfbPkjPqbyQ6co3qCuicxpv4P58,1.39960947e-05,14.149,14.149,2000-01-01 00:29:14,0,run/data/m3/debug.log,3494
171,15,0,m1,1M1uMpgaw82fhzH6tz99Eybn5ydKoNaFrwXUvb,1.00231736e-06,6.670,6.670,2000-01-01 00:29:23,0,run/data/m1/debug.log,20861
171,15,0,m2,1ZMv2Lqqkcy5zY6fAyGy1Dn6KT3fBVb7GxkCd3,4.57088164e-05,15.014,15.014,2000-01-01 00:29:24,0,run/data/m2/debug.log,9322
171,15,0,m3,1KxWxQCw8B6cfbPkjPqbyQ6co3qCuicxpv4P58,8.10761866e-05,15.017,15.017,2000-01-01 00:29:24,0,run/data/m3/debug.log,3509
172,15,0,m1,1M1uMpgaw82fhzH6tz99Eybn5ydKoNaFrwXUvb,2.31348e-06,8.444,8.444,2000-01-01 00:29:31,0,run/data/m1/debug.log,21074
172,15,0,m2,1ZMv2Lqqkcy5zY6fAyGy1Dn6KT3fBVb7GxkCd3,2.80949591e-05,14.970,14.970,2000-01-01 00:29:31,0,run/data/m2/debug.log,9337
172,15,0,m3,1KxWxQCw8B6cfbPkjPqbyQ6co3qCuicxpv4P58,0.000149779894,15.033,15.033,2000-01-01 00:29:32,0,run/data/m3/debug.log,3524
173,15,0,m1,1M1uMpgaw82fhzH6tz99Eybn5ydKoNaFrwXUvb,4.99397524e-05,15.049,15.049,2000-01-01 00:29:40,0,run/data/m1/debug.log,21095
173,15,0,m2,1ZMv2Lqqkcy5zY6fAyGy1Dn6KT3fBVb7GxkCd3,2.233664e-05,14.872,14.872,2000-01-01 00:29:40,0,run/data/m2/debug.log,9352
173,15,0,m3,1KxWxQCw8B6cfbPkjPqbyQ6co3qCuicxpv4P58,0.000143877264,15.050,15.050,2000-01-01 00:29:40,0,run/data/m3/debug.log,3539
174,15,0,m1,1M1uMpgaw82fhzH6tz99Eybn5ydKoNaFrwXUvb,7.12379268e-05,14.883,14.883,2000-01-01 00:29:55,0,run/data/m1/debug.log,21563
174,15,0,m2,1ZMv2Lqqkcy5zY6fAyGy1Dn6KT3fBVb7GxkCd3,2.02669507e-05,14.625,14.625,2000-01-01 00:29:56,0,run/data/m2/debug.log,9367
174,15,0,m3,1KxWxQCw8B6cfbPkjPqbyQ6co3qCuicxpv4P58,4.39495835e-05,14.880,14.880,2000-01-01 00:29:56,0,run/data/m3/debug.log,3554
175,15,0,m1,1M1uMpgaw82fhzH6tz99Eybn5ydKoNaFrwXUvb,1.59941997e-05,13.943,13.943,2000-01-01 00:30:10,0,run/data/m1/debug.log,21719
175,15,0,m2,1ZMv2Lqqkcy5zY6fAyGy1Dn6KT3fBVb7GxkCd3,2.37505601e-05,14.512,14.512,2000-01-01 00:30:11,0,run/data/m2/debug.log,9387
175,15,0,m3,1KxWxQCw8B6cfbPkjPqbyQ6co3qCuicxpv4P58,1.8051911e-05,14.166,14.166,2000-01-01 00:30:11,0,run/data/m3/debug.log,3574
176,15,0,m1,1M1uMpgaw82fhzH6tz99Eybn5ydKoNaFrwXUvb,3.01542326e-06,8.428,8.428,2000-01-01 00:30:25,0,run/data/m1/debug.log,22379
176,15,0,m2,1ZMv2Lqqkcy5zY6fAyGy1Dn6KT3fBVb7GxkCd3,1.50455271e-05,13.713,13.713,2000-01-01 00:30:25,0,run/data/m2/debug.log,9402
176,15,0,m3,1KxWxQCw8B6cfbPkjPqbyQ6co3qCuicxpv4P58,3.97144698e-05,14.631,14.631,2000-01-01 00:30:25,0,run/data/m3/debug.log,3589
177,15,0,m1,1M1uMpgaw82fhzH6tz99Eybn5ydKoNaFrwXUvb,1.93618435e-05,14.275,14.275,2000-01-01 00:30:33,0,run/data/m1/debug.log,22530
177,15,0,m2,1ZMv2Lqqkcy5zY6fAyGy1Dn6KT3fBVb7GxkCd3,6.08839641e-06,10.913,10.913,2000-01-01 00:30:34,0,run/data/m2/debug.log,9420
177,15,0,m3,1KxWxQCw8B6cfbPkjPqbyQ6co3qCuicxpv4P58,6.90532766e-06,11.376,11.376,2000-01-01 00:30:34,0,run/data/m3/debug.log,3607
178,15,0,m1,1M1uMpgaw82fhzH6tz99Eybn5ydKoNaFrwXUvb,7.81838192e-06,11.828,11.828,2000-01-01 00:30:46,0,run/data/m1/debug.log,22545
178,15,0,m2,1ZMv2Lqqkcy5zY6fAyGy1Dn6KT3fBVb7GxkCd3,8.56389006e-06,12.151,12.151,2000-01-01 00:30:45,0,run/data/m2/debug.log,9807
178,15,0,m3,1KxWxQCw8B6cfbPkjPqbyQ6co3qCuicxpv4P58,1.6203311e-05,13.969,13.969,2000-01-01 00:30:46,0,run/data/m3/debug.log,3622
179,15,0,m1,1M1uMpgaw82fhzH6tz99Eybn5ydKoNaFrwXUvb,1.22590871e-05,13.214,13.214,2000-01-01 00:30:58,0,run/data/m1/debug.log,22713
179,15,0,m2,1ZMv2Lqqkcy5zY6fAyGy1Dn6KT3fBVb7GxkCd3,7.95344136e-05,14.667,14.667,2000-01-01 00:30:58,0,run/data/m2/debug.log,9822
179,15,0,m3,1KxWxQCw8B6cfbPkjPqbyQ6co3qCuicxpv4P58,7.5437548e-05,14.667,14.667,2000-01-01 00:30:58,0,run/data/m3/debug.log,3637
180,16,0,m1,1M1uMpgaw82fhzH6tz99Eybn5ydKoNaFrwXUvb,1.76669426e-07,4.841,4.841,2000-01-01 00:31:12,0,run/data/m1/debug.log,23100
180,16,0,m2,1ZMv2Lqqkcy5zY6fAyGy1Dn6KT3fBVb7GxkCd3,2.1177282e-05,14.210,14.210,2000-01-01 00:31:13,0,run/data/m2/debug.log,9837
180,16,0,m3,1KxWxQCw8B6cfbPkjPqbyQ6co3qCuicxpv4P58,5.77607081e-05,14.566,14.566,2000-01-01 00:31:13,0,run/data/m3/debug.log,3652
181,16,0,m1,1M1uMpgaw82fhzH6tz99Eybn5ydKoNaFrwXUvb,5.53835457e-06,10.550,10.550,2000-01-01 00:31:17,0,run/data/m1/debug.log,23121
181,16,0,m2,1ZMv2Lqqkcy5zY6fAyGy1Dn6KT3fBVb7GxkCd3,2.02220874e-05,14.318,14.318,2000-01-01 00:31:18,0,run/data/m2/debug.log,9852
181,16,0,m3,1KxWxQCw8B6cfbPkjPqbyQ6co3qCuicxpv4P58,1.30528264e-05,13.451,13.451,2000-01-01 00:31:18,0,run/data/m3/debug.log,3667
182,16,0,m1,1M1uMpgaw82fhzH6tz99Eybn5ydKoNaFrwXUvb,2.89930294e-05,14.662,14.662,2000-01-01 00:31:28,0,run/data/m1/debug.log,23142
182,16,0,m2,1ZMv2Lqqkcy5zY6fAyGy1Dn6KT3fBVb7GxkCd3,1.98154016e-05,14.324,14.324,2000-01-01 00:31:29,0,run/data/m2/debug.log,9868
182,16,0,m3,1KxWxQCw8B6cfbPkjPqbyQ6co3qCuicxpv4P58,8.64385863e-05,14.767,14.767,2000-01-01 00:31:29,0,run/data/m3/debug.log,3683
183,16,0,m1,1M1uMpgaw82fhzH6tz99Eybn5ydKoNaFrwXUvb,4.49932121e-06,9.724,9.724,2000-01-01 00:31:44,0,run/data/m1/debug.log,23276
183,16,0,m2,1ZMv2Lqqkcy5zY6fAyGy1Dn6KT3fBVb7GxkCd3,1.52719522e-05,13.746,13.746,2000-01-01 00:31:45,0,run/data/m2/debug.log,9883
183,16,0,m3,1KxWxQCw8B6cfbPkjPqbyQ6co3qCuicxpv4P58,2.88580403e-05,14.543,14.543,2000-01-01 00:31:45,0,run/data/m3/debug.log,3698
184,16,0,m1,1M1uMpgaw82fhzH6tz99Eybn5ydKoNaFrwXUvb,4.05550183e-06,9.334,9.334,2000-01-01 00:31:54,0,run/data/m1/debug.log,23996
184,16,0,m2,1ZMv2Lqqkcy5zY6fAyGy1Dn6KT3fBVb7GxkCd3,2.11057282e-05,14.256,14.256,2000-01-01 00:31:54,0,run/data/m2/debug.log,9898
184,16,0,m3,1KxWxQCw8B6cfbPkjPqbyQ6co3qCuicxpv4P58,7.71723243e-06,11.648,11.648,2000-01-01 00:31:55,0,run/data/m3/debug.log,3713
185,16,0,m1,1M1uMpgaw82fhzH6tz99Eybn5ydKoNaFrwXUvb,2.02292427e-06,7.326,7.326,2000-01-01 00:32:04,0,run/data/m1/debug.log,24043
185,16,0,m2,1ZMv2Lqqkcy5zY6fAyGy1Dn6KT3fBVb7GxkCd3,7.59910544e-06,11.575,11.575,2000-01-01 00:32:04,0,run/data/m2/debug.log,9913
185,16,0,m3,1KxWxQCw8B6cfbPkjPqbyQ6co3qCuicxpv4P58,2.32474246e-05,14.342,14.342,2000-01-01 00:32:04,0,run/data/m3/debug.log,3728
186,16,0,m1,1M1uMpgaw82fhzH6tz99Eybn5ydKoNaFrwXUvb,1.40893073e-05,13.644,13.644,2000-01-01 00:32:11,0,run/data/m1/debug.log,24073
186,16,0,m2,1ZMv2Lqqkcy5zY6fAyGy1Dn6KT3fBVb7GxkCd3,2.55665803e-05,14.554,14.554,2000-01-01 00:32:12,0,run/data/m2/debug.log,9928
186,16,0,m3,1KxWxQCw8B6cfbPkjPqbyQ6co3qCuicxpv4P58,1.90500147e-06,7.323,7.323,2000-01-01 00:32:12,0,run/data/m3/debug.log,3743
187,16,0,m1,1M1uMpgaw82fhzH6tz99Eybn5ydKoNaFrwXUvb,3.0652303e-06,9.152,9.152,2000-01-01 00:32:21,0,run/data/m1/debug.log,24093
187,16,0,m2,1ZMv2Lqqkcy5zY6fAyGy1Dn6KT3fBVb7GxkCd3,2.12899156e-05,14.636,14.636,2000-01-01 00:32:21,0,run/data/m2/debug.log,9948
187,16,0,m3,1KxWxQCw8B6cfbPkjPqbyQ6co3qCuicxpv4P58,0.000157652933,14.833,14.833,2000-01-01 00:32:20,0,run/data/m3/debug.log,4151
188,16,0,m1,1M1uMpgaw82fhzH6tz99Eybn5ydKoNaFrwXUvb,5.62356005e-06,11.356,11.356,2000-01-01 00:32:31,0,run/data/m1/debug.log,24307
188,16,0,m2,1ZMv2Lqqkcy5zY6fAyGy1Dn6KT3fBVb7GxkCd3,0.000117152252,14.900,14.900,2000-01-01 00:32:32,0,run/data/m2/debug.log,9966
188,16,0,m3,1KxWxQCw8B6cfbPkjPqbyQ6co3qCuicxpv4P58,0.000123727679,14.900,14.900,2000-01-01 00:32:32,0,run/data/m3/debug.log,4169
189,16,0,m1,1M1uMpgaw82fhzH6tz99Eybn5ydKoNaFrwXUvb,2.3072068e-06,8.299,8.299,2000-01-01 00:32:43,0,run/data/m1/debug.log,24847
189,16,0,m2,1ZMv2Lqqkcy5zY6fAyGy1Dn6KT3fBVb7GxkCd3,2.502464e-05,14.734,14.734,2000-01-01 00:32:44,0,run/data/m2/debug.log,9981
189,16,0,m3,1KxWxQCw8B6cfbPkjPqbyQ6co3qCuicxpv4P58,3.70586397e-06,9.785,9.785,2000-01-01 00:32:44,0,run/data/m3/debug.log,4184
190,16,0,m1,1M1uMpgaw82fhzH6tz99Eybn5ydKoNaFrwXUvb,4.20603548e-06,10.280,10.280,2000-01-01 00:32:52,0,run/data/m1/debug.log,24981
190,16,0,m2,1ZMv2Lqqkcy5zY6fAyGy1Dn6KT3fBVb7GxkCd3,1.28511038e-05,13.949,13.949,2000-01-01 00:32:53,0,run/data/m2/debug.log,9996
190,16,0,m3,1KxWxQCw8B6cfbPkjPqbyQ6co3qCuicxpv4P58,0.000100660205,14.883,14.883,2000-01-01 00:32:53,0,run/data/m3/debug.log,4199
191,16,0,m1,1M1uMpgaw82fhzH6tz99Eybn5ydKoNaFrwXUvb,6.52862491e-06,11.918,11.918,2000-01-01 00:33:03,0,run/data/m1/debug.log,25443
191,16,0,m2,1ZMv2Lqqkcy5zY6fAyGy1Dn6KT3fBVb7GxkCd3,3.08619664e-06,9.257,9.257,2000-01-01 00:33:04,0,run/data/m2/debug.log,10011
191,16,0,m3,1KxWxQCw8B6cfbPkjPqbyQ6co3qCuicxpv4P58,9.02070656e-06,13.023,13.023,2000-01-01 00:33:04,0,run/data/m3/debug.log,4214
192,17,0,m1,1M1uMpgaw82fhzH6tz99Eybn5ydKoNaFrwXUvb,2.28210294e-05,14.818,14.818,2000-01-01 00:33:14,0,run/data/m1/debug.log,25458
192,17,0,m2,1ZMv2Lqqkcy5zY6fAyGy1Dn6KT3fBVb7GxkCd3,2.41922714e-08,5.011,5.011,2000-01-01 00:33:14,0,run/data/m2/debug.log,10056
192,17,0,m3,1KxWxQCw8B6cfbPkjPqbyQ6co3qCuicxpv4P58,3.42063705e-05,14.948,14.948,2000-01-01 00:33:15,0,run/data/m3/debug.log,4229
193,17,0,m1,1M1uMpgaw82fhzH6tz99Eybn5ydKoNaFrwXUvb,7.27926977e-06,12.355,12.355,2000-01-01 00:33:20,0,run/data/m1/debug.log,25473
193,17,0,m2,1ZMv2Lqqkcy5zY6fAyGy1Dn6KT3fBVb7GxkCd3,9.40005546e-06,13.201,13.201,2000-01-01 00:33:19,0,run/data/m2/debug.log,10329
193,17,0,m3,1KxWxQCw8B6cfbPkjPqbyQ6co3qCuicxpv4P58,9.05076731e-05,14.967,14.967,2000-01-01 00:33:20,0,run/data/m3/debug.log,4245
194,17,0,m1,1M1uMpgaw82fhzH6tz99Eybn5ydKoNaFrwXUvb,2.13358169e-05,14.721,14.721,2000-01-01 00:33:33,0,run/data/m1/debug.log,25499
194,17,0,m2,1ZMv2Lqqkcy5zY6fAyGy1Dn6KT3fBVb7GxkCd3,4.43707252e-05,14.914,14.914,2000-01-01 00:33:33,0,run/data/m2/debug.log,10345
194,17,0,m3,1KxWxQCw8B6cfbPkjPqbyQ6co3qCuicxpv4P58,2.1194375e-05,14.716,14.716,2000-01-01 00:33:34,0,run/data/m3/debug.log,4260
195,17,0,m1,1M1uMpgaw82fhzH6tz99Eybn5ydKoNaFrwXUvb,1.57930091e-05,14.390,14.390,2000-01-01 00:33:48,0,run/data/m1/debug.log,25644
195,17,0,m2,1ZMv2Lqqkcy5zY6fAyGy1Dn6KT3fBVb7GxkCd3,1.18006125e-05,13.799,13.799,2000-01-01 00:33:49,0,run/data/m2/debug.log,10360
195,17,0,m3,1KxWxQCw8B6cfbPkjPqbyQ6co3qCuicxpv4P58,1.94362425e-05,14.656,14.656,2000-01-01 00:33:49,0,run/data/m3/debug.log,4275
196,17,0,m1,1M1uMpgaw82fhzH6tz99Eybn5ydKoNaFrwXUvb,1.52578546e-06,7.303,7.303,2000-01-01 00:34:04,0,run/data/m1/debug.log,25659
196,17,0,m2,1ZMv2Lqqkcy5zY6fAyGy1Dn6KT3fBVb7GxkCd3,1.07728835e-05,13.479,13.479,2000-01-01 00:34:03,0,run/data/m2/debug.log,10464
196,17,0,m3,1KxWxQCw8B6cfbPkjPqbyQ6co3qCuicxpv4P58,3.93331362e-05,14.843,14.843,2000-01-01 00:34:04,0,run/data/m3/debug.log,4290
197,17,0,m1,1M1uMpgaw82fhzH6tz99Eybn5ydKoNaFrwXUvb,1.03795337e-05,13.409,13.409,2000-01-01 00:34:11,0,run/data/m1/debug.log,27119
197,17,0,m2,1ZMv2Lqqkcy5zY6fAyGy1Dn6KT3fBVb7GxkCd3,4.18371567e-06,10.261,10.261,2000-01-01 00:34:12,0,run/data/m2/debug.log,10479
197,17,0,m3,1KxWxQCw8B6cfbPkjPqbyQ6co3qCuicxpv4P58,7.02069117e-05,14.883,14.883,2000-01-01 00:34:12,0,run/data/m3/debug.log,4305
198,17,0,m1,1M1uMpgaw82fhzH6tz99Eybn5ydKoNaFrwXUvb,3.09736103e-06,9.152,9.152,2000-01-01 00:34:23,0,run/data/m1/debug.log,27134
198,17,0,m2,1ZMv2Lqqkcy5zY6fAyGy1Dn6KT3fBVb7GxkCd3,2.53982454e-05,14.708,14.708,2000-01-01 00:34:23,0,run/data/m2/debug.log,10634
198,17,0,m3,1KxWxQCw8B6cfbPkjPqbyQ6co3qCuicxpv4P58,1.19272495e-05,13.692,13.692,2000-01-01 00:34:24,0,run/data/m3/debug.log,4320
199,17,0,m1,1M1uMpgaw82fhzH6tz99Eybn5ydKoNaFrwXUvb,2.20091119e-05,14.488,14.488,2000-01-01 00:34:33,0,run/data/m1/debug.log,27391
199,17,0,m2,1ZMv2Lqqkcy5zY6fAyGy1Dn6KT3fBVb7GxkCd3,4.69440005e-05,14.778,14.778,2000-01-01 00:34:34,0,run/data/m2/debug.log,10657
199,17,0,m3,1KxWxQCw8B6cfbPkjPqbyQ6co3qCuicxpv4P58,0.000125841971,14.783,14.783,2000-01-01 00:34:34,0,run/data/m3/debug.log,4343
200,17,0,m1,1M1uMpgaw82fhzH6tz99Eybn5ydKoNaFrwXUvb,2.44388857e-05,14.500,14.500,2000-01-01 00:34:49,0,run/data/m1/debug.log,27519
200,17,0,m2,1ZMv2Lqqkcy5zY6fAyGy1Dn6KT3fBVb7GxkCd3,2.60670377e-05,14.546,14.546,2000-01-01 00:34:49,0,run/data/m2/debug.log,10672
200,17,0,m3,1KxWxQCw8B6cfbPkjPqbyQ6co3qCuicxpv4P58,1.26964949e-05,13.388,13.388,2000-01-01 00:34:49,0,run/data/m3/debug.log,4358
201,17,0,m1,1M1uMpgaw82fhzH6tz99Eybn5ydKoNaFrwXUvb,2.48612439e-05,14.463,14.463,2000-01-01 00:35:04,0,run/data/m1/debug.log,27534
201,17,0,m2,1ZMv2Lqqkcy5zY6fAyGy1Dn6KT3fBVb7GxkCd3,3.30226711e-05,14.599,14.599,2000-01-01 00:35:05,0,run/data/m2/debug.log,10687
201,17,0,m3,1KxWxQCw8B6cfbPkjPqbyQ6co3qCuicxpv4P58,7.92247346e-05,14.650,14.650,2000-01-01 00:35:04,0,run/data/m3/debug.log,4786
202,17,0,m1,1M1uMpgaw82fhzH6tz99Eybn5ydKoNaFrwXUvb,1.8421068e-06,7.102,7.102,2000-01-01 00:35:20,0,run/data/m1/debug.log,27549
202,17,0,m2,1ZMv2Lqqkcy5zY6fAyGy1Dn6KT3fBVb7GxkCd3,7.81466793e-06,11.685,11.685,2000-01-01 00:35:20,0,run/data/m2/debug.log,10702
202,17,0,m3,1KxWxQCw8B6cfbPkjPqbyQ6co3qCuicxpv4P58,3.21733448e-05,14.492,14.492,2000-01-01 00:35:19,0,run/data/m3/debug.log,5202
203,17,0,m1,1M1uMpgaw82fhzH6tz99Eybn5ydKoNaFrwXUvb,6.35114345e-06,10.980,10.980,2000-01-01 00:35:27,0,run/data/m1/debug.log,27826
203,17,0,m2,1ZMv2Lqqkcy5zY6fAyGy1Dn6KT3fBVb7GxkCd3,4.02014184e-05,14.584,14.584,2000-01-01 00:35:28,0,run/data/m2/debug.log,10717
203,17,0,m3,1KxWxQCw8B6cfbPkjPqbyQ6co3qCuicxpv4P58,2.44951544e-06,7.842,7.842,2000-01-01 00:35:28,0,run/data/m3/debug.log,5217
204,18,0,m1,1M1uMpgaw82fhzH6tz99Eybn5ydKoNaFrwXUvb,2.45991667e-05,14.421,14.421,2000-01-01 00:35:37,0,run/data/m1/debug.log,27841
204,18,0,m2,1ZMv2Lqqkcy5zY6fAyGy1Dn6KT3fBVb7GxkCd3,9.36600356e-06,12.382,12.382,2000-01-01 00:35:38,0,run/data/m2/debug.log,10732
204,18,0,m3,1KxWxQCw8B6cfbPkjPqbyQ6co3qCuicxpv4P58,5.82995477e-05,14.616,14.616,2000-01-01 00:35:37,0,run/data/m3/debug.log,5308
205,18,0,m1,1M1uMpgaw82fhzH6tz99Eybn5ydKoNaFrwXUvb,9.84239642e-06,12.396,12.396,2000-01-01 00:35:52,0,run/data/m1/debug.log,27856
205,18,0,m2,1ZMv2Lqqkcy5zY6fAyGy1Dn6KT3fBVb7GxkCd3,2.66362811e-06,7.936,7.936,2000-01-01 00:35:51,0,run/data/m2/debug.log,10809
205,18,0,m3,1KxWxQCw8B6cfbPkjPqbyQ6co3qCuicxpv4P58,0.000190819548,14.467,14.467,2000-01-01 00:35:52,0,run/data/m3/debug.log,5323
206,18,0,m1,1M1uMpgaw82fhzH6tz99Eybn5ydKoNaFrwXUvb,1.16750713e-06,6.254,6.254,2000-01-01 00:36:00,0,run/data/m1/debug.log,27872
206,18,0,m2,1ZMv2Lqqkcy5zY6fAyGy1Dn6KT3fBVb7GxkCd3,2.62791342e-06,7.982,7.982,2000-01-01 00:36:00,0,run/data/m2/debug.log,11180
206,18,0,m3,1KxWxQCw8B6cfbPkjPqbyQ6co3qCuicxpv4P58,3.04066246e-05,14.473,14.473,2000-01-01 00:36:01,0,run/data/m3/debug.log,5339
207,18,0,m1,1M1uMpgaw82fhzH6tz99Eybn5ydKoNaFrwXUvb,7.34707209e-06,11.596,11.596,2000-01-01 00:36:07,0,run/data/m1/debug.log,28437
207,18,0,m2,1ZMv2Lqqkcy5zY6fAyGy1Dn6KT3fBVb7GxkCd3,1.88686436e-05,14.195,14.195,2000-01-01 00:36:08,0,run/data/m2/debug.log,11195
207,18,0,m3,1KxWxQCw8B6cfbPkjPqbyQ6co3qCuicxpv4P58,0.00010908763,14.683,14.683,2000-01-01 00:36:08,0,run/data/m3/debug.log,5354
208,18,0,m1,1M1uMpgaw82fhzH6tz99Eybn5ydKoNaFrwXUvb,4.41071334e-06,9.795,9.795,2000-01-01 00:36:19,0,run/data/m1/debug.log,28777
208,18,0,m2,1ZMv2Lqqkcy5zY6fAyGy1Dn6KT3fBVb7GxkCd3,1.60754539e-05,13.969,13.969,2000-01-01 00:36:20,0,run/data/m2/debug.log,11210
208,18,0,m3,1KxWxQCw8B6cfbPkjPqbyQ6co3qCuicxpv4P58,9.85993625e-05,14.733,14.733,2000-01-01 00:36:20,0,run/data/m3/debug.log,5369
209,18,0,m1,1M1uMpgaw82fhzH6tz99Eybn5ydKoNaFrwXUvb,8.15388358e-06,11.987,11.987,2000-01-01 00:36:29,0,run/data/m1/debug.log,28929
209,18,0,m2,1ZMv2Lqqkcy5zY6fAyGy1Dn6KT3fBVb7GxkCd3,8.81773786e-06,12.260,12.260,2000-01-01 00:36:30,0,run/data/m2/debug.log,11225
209,18,0,m3,1KxWxQCw8B6cfbPkjPqbyQ6co3qCuicxpv4P58,1.83011066e-05,14.165,14.165,2000-01-01 00:36:30,0,run/data/m3/debug.log,5384
210,18,0,m1,1M1uMpgaw82fhzH6tz99Eybn5ydKoNaFrwXUvb,3.15302648e-05,14.636,14.636,2000-01-01 00:36:41,0,run/data/m1/debug.log,29564
210,18,0,m2,1ZMv2Lqqkcy5zY6fAyGy1Dn6KT3fBVb7GxkCd3,3.68148333e-05,14.672,14.672,2000-01-01 00:36:42,0,run/data/m2/debug.log,11243
210,18,0,m3,1KxWxQCw8B6cfbPkjPqbyQ6co3qCuicxpv4P58,8.50484413e-06,12.135,12.135,2000-01-01 00:36:42,0,run/data/m3/debug.log,5402
211,18,0,m1,1M1uMpgaw82fhzH6tz99Eybn5ydKoNaFrwXUvb,2.5139869e-06,8.317,8.317,2000-01-01 00:36:55,0,run/data/m1/debug.log,29584
211,18,0,m2,1ZMv2Lqqkcy5zY6fAyGy1Dn6KT3fBVb7GxkCd3,1.65264628e-05,14.145,14.145,2000-01-01 00:36:56,0,run/data/m2/debug.log,11263
211,18,0,m3,1KxWxQCw8B6cfbPkjPqbyQ6co3qCuicxpv4P58,3.38443301e-07,5.233,5.233,2000-01-01 00:36:55,0,run/data/m3/debug.log,5498
212,18,0,m1,1M1uMpgaw82fhzH6tz99Eybn5ydKoNaFrwXUvb,7.03714189e-06,12.053,12.053,2000-01-01 00:37:02,0,run/data/m1/debug.log,29599
212,18,0,m2,1ZMv2Lqqkcy5zY6fAyGy1Dn6KT3fBVb7GxkCd3,2.07770134e-05,14.592,14.592,2000-01-01 00:37:01,0,run/data/m2/debug.log,11278
212,18,0,m3,1KxWxQCw8B6cfbPkjPqbyQ6co3qCuicxpv4P58,1.96970705e-05,14.543,14.543,2000-01-01 00:37:00,0,run/data/m3/debug.log,5574
213,18,0,m1,1M1uMpgaw82fhzH6tz99Eybn5ydKoNaFrwXUvb,3.66894633e-05,14.821,14.821,2000-01-01 00:37:14,0,run/data/m1/debug.log,29648
213,18,0,m2,1ZMv2Lqqkcy5zY6fAyGy1Dn6KT3fBVb7GxkCd3,1.3967456e-05,14.055,14.055,2000-01-01 00:37:15,0,run/data/m2/debug.log,11293
213,18,0,m3,1KxWxQCw8B6cfbPkjPqbyQ6co3qCuicxpv4P58,0.000172747787,14.833,14.833,2000-01-01 00:37:15,0,run/data/m3/debug.log,5589
214,18,0,m1,1M1uMpgaw82fhzH6tz99Eybn5ydKoNaFrwXUvb,8.2460893e-06,12.618,12.618,2000-01-01 00:37:29,0,run/data/m1/debug.log,29663
214,18,0,m2,1ZMv2Lqqkcy5zY6fAyGy1Dn6KT3fBVb7GxkCd3,4.38470986e-05,14.830,14.830,2000-01-01 00:37:29,0,run/data/m2/debug.log,11371
214,18,0,m3,1KxWxQCw8B6cfbPkjPqbyQ6co3qCuicxpv4P58,4.49023825e-05,14.831,14.831,2000-01-01 00:37:30,0,run/data/m3/debug.log,5604
215,18,0,m1,1M1uMpgaw82fhzH6tz99Eybn5ydKoNaFrwXUvb,9.29334177e-07,6.295,6.295,2000-01-01 00:37:43,0,run/data/m1/debug.log,29908
215,18,0,m2,1ZMv2Lqqkcy5zY6fAyGy1Dn6KT3fBVb7GxkCd3,3.95917119e-05,14.726,14.726,2000-01-01 00:37:43,0,run/data/m2/debug.log,11386
215,18,0,m3,1KxWxQCw8B6cfbPkjPqbyQ6co3qCuicxpv4P58,0.000212225648,14.733,14.733,2000-01-01 00:37:43,0,run/data/m3/debug.log,5619
216,19,0,m1,1M1uMpgaw82fhzH6tz99Eybn5ydKoNaFrwXUvb,5.17977333e-06,10.920,10.920,2000-01-01 00:37:49,0,run/data/m1/debug.log,29957
216,19,0,m2,1ZMv2Lqqkcy5zY6fAyGy1Dn6KT3fBVb7GxkCd3,1.42632064e-05,14.062,14.062,2000-01-01 00:37:50,0,run/data/m2/debug.log,11401
216,19,0,m3,1KxWxQCw8B6cfbPkjPqbyQ6co3qCuicxpv4P58,4.6066638e-05,14.798,14.798,2000-01-01 00:37:50,0,run/data/m3/debug.log,5634
217,19,0,m1,1M1uMpgaw82fhzH6tz99Eybn5ydKoNaFrwXUvb,7.54970393e-06,12.334,12.334,2000-01-01 00:38:00,0,run/data/m1/debug.log,30025
217,19,0,m2,1ZMv2Lqqkcy5zY6fAyGy1Dn6KT3fBVb7GxkCd3,3.13959856e-05,14.818,14.818,2000-01-01 00:38:01,0,run/data/m2/debug.log,11416
217,19,0,m3,1KxWxQCw8B6cfbPkjPqbyQ6co3qCuicxpv4P58,6.59442707e-06,11.854,11.854,2000-01-01 00:38:01,0,run/data/m3/debug.log,5649
218,19,0,m1,1M1uMpgaw82fhzH6tz99Eybn5ydKoNaFrwXUvb,1.50349916e-06,7.186,7.186,2000-01-01 00:38:14,0,run/data/m1/debug.log,30209
218,19,0,m2,1ZMv2Lqqkcy5zY6fAyGy1Dn6KT3fBVb7GxkCd3,7.90886782e-06,12.427,12.427,2000-01-01 00:38:14,0,run/data/m2/debug.log,11448
218,19,0,m3,1KxWxQCw8B6cfbPkjPqbyQ6co3qCuicxpv4P58,1.53938285e-05,14.183,14.183,2000-01-01 00:38:13,0,run/data/m3/debug.log,5686
219,19,0,m1,1M1uMpgaw82fhzH6tz99Eybn5ydKoNaFrwXUvb,1.45460478e-06,7.101,7.101,2000-01-01 00:38:21,0,run/data/m1/debug.log,30659
219,19,0,m2,1ZMv2Lqqkcy5zY6fAyGy1Dn6KT3fBVb7GxkCd3,4.73679764e-06,10.559,10.559,2000-01-01 00:38:22,0,run/data/m2/debug.log,11467
219,19,0,m3,1KxWxQCw8B6cfbPkjPqbyQ6co3qCuicxpv4P58,8.53740712e-06,12.666,12.666,2000-01-01 00:38:22,0,run/data/m3/debug.log,5721
220,19,0,m1,1M1uMpgaw82fhzH6tz99Eybn5ydKoNaFrwXUvb,5.77242474e-06,11.351,11.351,2000-01-01 00:38:29,0,run/data/m1/debug.log,32129
220,19,0,m2,1ZMv2Lqqkcy5zY6fAyGy1Dn6KT3fBVb7GxkCd3,3.53889593e-06,9.596,9.596,2000-01-01 00:38:29,0,run/data/m2/debug.log,11482
220,19,0,m3,1KxWxQCw8B6cfbPkjPqbyQ6co3qCuicxpv4P58,1.70765441e-05,14.392,14.392,2000-01-01 00:38:30,0,run/data/m3/debug.log,5736
221,19,0,m1,1M1uMpgaw82fhzH6tz99Eybn5ydKoNaFrwXUvb,2.08151797e-05,14.611,14.611,2000-01-01 00:38:40,0,run/data/m1/debug.log,32147
221,19,0,m2,1ZMv2Lqqkcy5zY6fAyGy1Dn6KT3fBVb7GxkCd3,4.41684659e-06,10.372,10.372,2000-01-01 00:38:39,0,run/data/m2/debug.log,11547
221,19,0,m3,1KxWxQCw8B6cfbPkjPqbyQ6co3qCuicxpv4P58,0.000123209651,14.833,14.833,2000-01-01 00:38:41,0,run/data/m3/debug.log,5754
222,19,0,m1,1M1uMpgaw82fhzH6tz99Eybn5ydKoNaFrwXUvb,3.4876919e-05,14.833,14.833,2000-01-01 00:38:51,0,run/data/m1/debug.log,32162
222,19,0,m2,1ZMv2Lqqkcy5zY6fAyGy1Dn6KT3fBVb7GxkCd3,2.65287894e-05,14.772,14.772,2000-01-01 00:38:50,0,run/data/m2/debug.log,11820
222,19,0,m3,1KxWxQCw8B6cfbPkjPqbyQ6co3qCuicxpv4P58,5.28764045e-05,14.849,14.849,2000-01-01 00:38:52,0,run/data/m3/debug.log,5774
223,19,0,m1,1M1uMpgaw82fhzH6tz99Eybn5ydKoNaFrwXUvb,1.37618679e-05,13.870,13.870,2000-01-01 00:39:06,0,run/data/m1/debug.log,32182
223,19,0,m2,1ZMv2Lqqkcy5zY6fAyGy1Dn6KT3fBVb7GxkCd3,7.32058435e-06,11.963,11.963,2000-01-01 00:39:06,0,run/data/m2/debug.log,11923
223,19,0,m3,1KxWxQCw8B6cfbPkjPqbyQ6co3qCuicxpv4P58,4.11042059e-05,14.808,14.808,2000-01-01 00:39:07,0,run/data/m3/debug.log,5789
224,19,0,m1,1M1uMpgaw82fhzH6tz99Eybn5ydKoNaFrwXUvb,6.81440014e-06,11.588,11.588,2000-01-01 00:39:18,0,run/data/m1/debug.log,32197
224,19,0,m2,1ZMv2Lqqkcy5zY6fAyGy1Dn6KT3fBVb7GxkCd3,2.23420907e-05,14.482,14.482,2000-01-01 00:39:18,0,run/data/m2/debug.log,12107
224,19,0,m3,1KxWxQCw8B6cfbPkjPqbyQ6co3qCuicxpv4P58,2.68098643e-05,14.599,14.599,2000-01-01 00:39:19,0,run/data/m3/debug.log,5804
225,19,0,m1,1M1uMpgaw82fhzH6tz99Eybn5ydKoNaFrwXUvb,1.94820131e-06,7.554,7.554,2000-01-01 00:39:31,0,run/data/m1/debug.log,32220
225,19,0,m2,1ZMv2Lqqkcy5zY6fAyGy1Dn6KT3fBVb7GxkCd3,1.21248894e-05,13.464,13.464,2000-01-01 00:39:31,0,run/data/m2/debug.log,12122
225,19,0,m3,1KxWxQCw8B6cfbPkjPqbyQ6co3qCuicxpv4P58,0.000102961543,14.717,14.717,2000-01-01 00:39:31,0,run/data/m3/debug.log,5819
226,19,0,m1,1M1uMpgaw82fhzH6tz99Eybn5ydKoNaFrwXUvb,1.85569089e-05,14.434,14.434,2000-01-01 00:39:38,0,run/data/m1/debug.log,32254
226,19,0,m2,1ZMv2Lqqkcy5zY6fAyGy1Dn6KT3fBVb7GxkCd3,2.5366112e-06,8.375,8.375,2000-01-01 00:39:39,0,run/data/m2/debug.log,12137
226,19,0,m3,1KxWxQCw8B6cfbPkjPqbyQ6co3qCuicxpv4P58,1.29836077e-05,13.769,13.769,2000-01-01 00:39:39,0,run/data/m3/debug.log,5834
227,19,0,m1,1M1uMpgaw82fhzH6tz99Eybn5ydKoNaFrwXUvb,1.65492614e-05,14.330,14.330,2000-01-01 00:39:48,0,run/data/m1/debug.log,32269
227,19,0,m2,1ZMv2Lqqkcy5zY6fAyGy1Dn6KT3fBVb7GxkCd3,6.96277381e-05,14.917,14.917,2000-01-01 00:39:48,0,run/data/m2/debug.log,12520
227,19,0,m3,1KxWxQCw8B6cfbPkjPqbyQ6co3qCuicxpv4P58,1.63721406e-05,14.311,14.311,2000-01-01 00:39:49,0,run/data/m3/debug.log,5849
228,20,0,m1,1M1uMpgaw82fhzH6tz99Eybn5ydKoNaFrwXUvb,5.5067839e-06,10.874,10.874,2000-01-01 00:40:04,0,run/data/m1/debug.log,32284
228,20,0,m2,1ZMv2Lqqkcy5zY6fAyGy1Dn6KT3fBVb7GxkCd3,1.37189563e-05,13.813,13.813,2000-01-01 00:40:03,0,run/data/m2/debug.log,13497
228,20,0,m3,1KxWxQCw8B6cfbPkjPqbyQ6co3qCuicxpv4P58,0.000105945796,14.767,14.767,2000-01-01 00:40:04,0,run/data/m3/debug.log,5864
229,20,0,m1,1M1uMpgaw82fhzH6tz99Eybn5ydKoNaFrwXUvb,9.69250083e-06,12.850,12.850,2000-01-01 00:40:15,0,run/data/m1/debug.log,32352
229,20,0,m2,1ZMv2Lqqkcy5zY6fAyGy1Dn6KT3fBVb7GxkCd3,1.53703124e-05,14.031,14.031,2000-01-01 00:40:15,0,run/data/m2/debug.log,13512
229,20,0,m3,1KxWxQCw8B6cfbPkjPqbyQ6co3qCuicxpv4P58,1.28284446e-05,13.639,13.639,2000-01-01 00:40:15,0,run/data/m3/debug.log,5879
230,20,0,m1,1M1uMpgaw82fhzH6tz99Eybn5ydKoNaFrwXUvb,3.08994503e-05,14.700,14.700,2000-01-01 00:40:28,0,run/data/m1/debug.log,32591
230,20,0,m2,1ZMv2Lqqkcy5zY6fAyGy1Dn6KT3fBVb7GxkCd3,1.00796194e-05,12.971,12.971,2000-01-01 00:40:28,0,run/data/m2/debug.log,13528
230,20,0,m3,1KxWxQCw8B6cfbPkjPqbyQ6co3qCuicxpv4P58,0.000192118665,14.733,14.733,2000-01-01 00:40:29,0,run/data/m3/debug.log,6195
231,20,0,m1,1M1uMpgaw82fhzH6tz99Eybn5ydKoNaFrwXUvb,1.13323117e-05,13.232,13.232,2000-01-01 00:40:42,0,run/data/m1/debug.log,32625
231,20,0,m2,1ZMv2Lqqkcy5zY6fAyGy1Dn6KT3fBVb7GxkCd3,2.39559815e-06,8.033,8.033,2000-01-01 00:40:41,0,run/data/m2/debug.log,13847
231,20,0,m3,1KxWxQCw8B6cfbPkjPqbyQ6co3qCuicxpv4P58,8.00921734e-05,14.667,14.667,2000-01-01 00:40:43,0,run/data/m3/debug.log,6233
232,20,0,m1,1M1uMpgaw82fhzH6tz99Eybn5ydKoNaFrwXUvb,3.51728615e-05,14.626,14.626,2000-01-01 00:40:51,0,run/data/m1/debug.log,32640
232,20,0,m2,1ZMv2Lqqkcy5zY6fAyGy1Dn6KT3fBVb7GxkCd3,2.36396878e-05,14.476,14.476,2000-01-01 00:40:50,0,run/data/m2/debug.log,13961
232,20,0,m3,1KxWxQCw8B6cfbPkjPqbyQ6co3qCuicxpv4P58,0.000143131139,14.650,14.650,2000-01-01 00:40:51,0,run/data/m3/debug.log,6248
233,20,0,m1,1M1uMpgaw82fhzH6tz99Eybn5ydKoNaFrwXUvb,1.06127411e-05,12.927,12.927,2000-01-01 00:41:06,0,run/data/m1/debug.log,32655
233,20,0,m2,1ZMv2Lqqkcy5zY6fAyGy1Dn6KT3fBVb7GxkCd3,4.31807741e-06,9.778,9.778,2000-01-01 00:41:06,0,run/data/m2/debug.log,13994
233,20,0,m3,1KxWxQCw8B6cfbPkjPqbyQ6co3qCuicxpv4P58,0.000132389136,14.550,14.550,2000-01-01 00:41:07,0,run/data/m3/debug.log,6263
234,20,0,m1,1M1uMpgaw82fhzH6tz99Eybn5ydKoNaFrwXUvb,1.6276527e-06,7.000,7.000,2000-01-01 00:41:16,0,run/data/m1/debug.log,32670
234,20,0,m2,1ZMv2Lqqkcy5zY6fAyGy1Dn6KT3fBVb7GxkCd3,5.2989352e-06,10.533,10.533,2000-01-01 00:41:16,0,run/data/m2/debug.log,14036
234,20,0,m3,1KxWxQCw8B6cfbPkjPqbyQ6co3qCuicxpv4P58,6.24364082e-06,11.135,11.135,2000-01-01 00:41:17,0,run/data/m3/debug.log,6278
235,20,0,m1,1M1uMpgaw82fhzH6tz99Eybn5ydKoNaFrwXUvb,2.37345466e-05,14.525,14.525,2000-01-01 00:41:24,0,run/data/m1/debug.log,32730
235,20,0,m2,1ZMv2Lqqkcy5zY6fAyGy1Dn6KT3fBVb7GxkCd3,3.37944254e-06,9.080,9.080,2000-01-01 00:41:24,0,run/data/m2/debug.log,14055
235,20,0,m3,1KxWxQCw8B6cfbPkjPqbyQ6co3qCuicxpv4P58,7.53385072e-05,14.700,14.700,2000-01-01 00:41:24,0,run/data/m3/debug.log,6298
236,20,0,m1,1M1uMpgaw82fhzH6tz99Eybn5ydKoNaFrwXUvb,9.14340309e-06,12.630,12.630,2000-01-01 00:41:35,0,run/data/m1/debug.log,32745
236,20,0,m2,1ZMv2Lqqkcy5zY6fAyGy1Dn6KT3fBVb7GxkCd3,8.0492263e-06,12.199,12.199,2000-01-01 00:41:34,0,run/data/m2/debug.log,14078
236,20,0,m3,1KxWxQCw8B6cfbPkjPqbyQ6co3qCuicxpv4P58,2.03398518e-05,14.422,14.422,2000-01-01 00:41:35,0,run/data/m3/debug.log,6313
237,20,0,m1,1M1uMpgaw82fhzH6tz99Eybn5ydKoNaFrwXUvb,1.70888576e-06,7.245,7.245,2000-01-01 00:41:48,0,run/data/m1/debug.log,32760
237,20,0,m2,1ZMv2Lqqkcy5zY6fAyGy1Dn6KT3fBVb7GxkCd3,1.95949271e-05,14.363,14.363,2000-01-01 00:41:48,0,run/data/m2/debug.log,14257
237,20,0,m3,1KxWxQCw8B6cfbPkjPqbyQ6co3qCuicxpv4P58,0.00022841058,14.717,14.717,2000-01-01 00:41:49,0,run/data/m3/debug.log,6328
238,20,0,m1,1M1uMpgaw82fhzH6tz99Eybn5ydKoNaFrwXUvb,7.56783014e-06,11.949,11.949,2000-01-01 00:41:56,0,run/data/m1/debug.log,32802
238,20,0,m2,1ZMv2Lqqkcy5zY6fAyGy1Dn6KT3fBVb7GxkCd3,7.41216971e-08,4.826,4.826,2000-01-01 00:41:56,0,run/data/m2/debug.log,14272
238,20,0,m3,1KxWxQCw8B6cfbPkjPqbyQ6co3qCuicxpv4P58,3.90154349e-05,14.687,14.687,2000-01-01 00:41:56,0,run/data/m3/debug.log,6343
239,20,0,m1,1M1uMpgaw82fhzH6tz99Eybn5ydKoNaFrwXUvb,3.31904734e-06,9.089,9.089,2000-01-01 00:42:02,0,run/data/m1/debug.log,32817
239,20,0,m2,1ZMv2Lqqkcy5zY6fAyGy1Dn6KT3fBVb7GxkCd3,1.97393059e-06,7.625,7.625,2000-01-01 00:42:02,0,run/data/m2/debug.log,14356
239,20,0,m3,1KxWxQCw8B6cfbPkjPqbyQ6co3qCuicxpv4P58,2.35095157e-05,14.585,14.585,2000-01-01 00:42:03,0,run/data/m3/debug.log,6358
240,21,0,m1,1M1uMpgaw82fhzH6tz99Eybn5ydKoNaFrwXUvb,1.18007265e-05,13.547,13.547,2000-01-01 00:42:10,0,run/data/m1/debug.log,32832
240,21,0,m2,1ZMv2Lqqkcy5zY6fAyGy1Dn6KT3fBVb7GxkCd3,1.01036127e-05,13.098,13.098,2000-01-01 00:42:10,0,run/data/m2/debug.log,15238
240,21,0,m3,1KxWxQCw8B6cfbPkjPqbyQ6co3qCuicxpv4P58,3.71305674e-05,14.866,14.866,2000-01-01 00:42:11,0,run/data/m3/debug.log,6373
241,21,0,m1,1M1uMpgaw82fhzH6tz99Eybn5ydKoNaFrwXUvb,3.47888066e-08,4.926,4.926,2000-01-01 00:42:23,0,run/data/m1/debug.log,32847
241,21,0,m2,1ZMv2Lqqkcy5zY6fAyGy1Dn6KT3fBVb7GxkCd3,5.04411221e-05,14.865,14.865,2000-01-01 00:42:23,0,run/data/m2/debug.log,15276
241,21,0,m3,1KxWxQCw8B6cfbPkjPqbyQ6co3qCuicxpv4P58,2.84586711e-07,5.340,5.340,2000-01-01 00:42:24,0,run/data/m3/debug.log,6388
242,21,0,m1,1M1uMpgaw82fhzH6tz99Eybn5ydKoNaFrwXUvb,1.00052379e-06,6.552,6.552,2000-01-01 00:42:29,0,run/data/m1/debug.log,32971
242,21,0,m2,1ZMv2Lqqkcy5zY6fAyGy1Dn6KT3fBVb7GxkCd3,3.90141581e-05,14.970,14.970,2000-01-01 00:42:29,0,run/data/m2/debug.log,15291
242,21,0,m3,1KxWxQCw8B6cfbPkjPqbyQ6co3qCuicxpv4P58,1.71263413e-05,14.444,14.444,2000-01-01 00:42:29,0,run/data/m3/debug.log,6403
243,21,0,m1,1M1uMpgaw82fhzH6tz99Eybn5ydKoNaFrwXUvb,2.41414105e-06,8.475,8.475,2000-01-01 00:42:35,0,run/data/m1/debug.log,33865
243,21,0,m2,1ZMv2Lqqkcy5zY6fAyGy1Dn6KT3fBVb7GxkCd3,2.64931698e-05,14.991,14.991,2000-01-01 00:42:36,0,run/data/m2/debug.log,15310
243,21,0,m3,1KxWxQCw8B6cfbPkjPqbyQ6co3qCuicxpv4P58,2.32770427e-06,8.376,8.376,2000-01-01 00:42:36,0,run/data/m3/debug.log,6422
244,21,0,m1,1M1uMpgaw82fhzH6tz99Eybn5ydKoNaFrwXUvb,1.13098546e-05,13.647,13.647,2000-01-01 00:42:44,0,run/data/m1/debug.log,34097
244,21,0,m2,1ZMv2Lqqkcy5zY6fAyGy1Dn6KT3fBVb7GxkCd3,6.24151788e-06,11.651,11.651,2000-01-01 00:42:45,0,run/data/m2/debug.log,15325
244,21,0,m3,1KxWxQCw8B6cfbPkjPqbyQ6co3qCuicxpv4P58,0.000105243544,15.100,15.100,2000-01-01 00:42:45,0,run/data/m3/debug.log,6437
245,21,0,m1,1M1uMpgaw82fhzH6tz99Eybn5ydKoNaFrwXUvb,6.17125509e-06,11.659,11.659,2000-01-01 00:42:57,0,run/data/m1/debug.log,34112
245,21,0,m2,1ZMv2Lqqkcy5zY6fAyGy1Dn6KT3fBVb7GxkCd3,5.5335282e-05,15.149,15.149,2000-01-01 00:42:57,0,run/data/m2/debug.log,15680
245,21,0,m3,1KxWxQCw8B6cfbPkjPqbyQ6co3qCuicxpv4P58,5.01549875e-05,15.148,15.148,2000-01-01 00:42:58,0,run/data/m3/debug.log,6452
246,21,0,m1,1M1uMpgaw82fhzH6tz99Eybn5ydKoNaFrwXUvb,1.23273687e-06,6.996,6.996,2000-01-01 00:43:10,0,run/data/m1/debug.log,34387
246,21,0,m2,1ZMv2Lqqkcy5zY6fAyGy1Dn6KT3fBVb7GxkCd3,6.94404057e-06,12.040,12.040,2000-01-01 00:43:10,0,run/data/m2/debug.log,15695
246,21,0,m3,1KxWxQCw8B6cfbPkjPqbyQ6co3qCuicxpv4P58,1.98182975e-05,14.759,14.759,2000-01-01 00:43:10,0,run/data/m3/debug.log,6467
247,21,0,m1,1M1uMpgaw82fhzH6tz99Eybn5ydKoNaFrwXUvb,1.21246146e-05,13.771,13.771,2000-01-01 00:43:17,0,run/data/m1/debug.log,34838
247,21,0,m2,1ZMv2Lqqkcy5zY6fAyGy1Dn6KT3fBVb7GxkCd3,7.8464433e-05,15.117,15.117,2000-01-01 00:43:18,0,run/data/m2/debug.log,15715
247,21,0,m3,1KxWxQCw8B6cfbPkjPqbyQ6co3qCuicxpv4P58,8.53963038e-05,15.117,15.117,2000-01-01 00:43:19,0,run/data/m3/debug.log,6486
248,21,0,m1,1M1uMpgaw82fhzH6tz99Eybn5ydKoNaFrwXUvb,1.05800131e-05,13.296,13.296,2000-01-01 00:43:32,0,run/data/m1/debug.log,35118
248,21,0,m2,1ZMv2Lqqkcy5zY6fAyGy1Dn6KT3fBVb7GxkCd3,4.2709084e-06,10.100,10.100,2000-01-01 00:43:33,0,run/data/m2/debug.log,15730
248,21,0,m3,1KxWxQCw8B6cfbPkjPqbyQ6co3qCuicxpv4P58,0.000136595379,15.033,15.033,2000-01-01 00:43:33,0,run/data/m3/debug.log,6501
249,21,0,m1,1M1uMpgaw82fhzH6tz99Eybn5ydKoNaFrwXUvb,1.92674556e-05,14.654,14.654,2000-01-01 00:43:45,0,run/data/m1/debug.log,35133
249,21,0,m2,1ZMv2Lqqkcy5zY6fAyGy1Dn6KT3fBVb7GxkCd3,6.18989667e-05,15.066,15.066,2000-01-01 00:43:44,0,run/data/m2/debug.log,17398
249,21,0,m3,1KxWxQCw8B6cfbPkjPqbyQ6co3qCuicxpv4P58,0.000237604848,15.067,15.067,2000-01-01 00:43:45,0,run/data/m3/debug.log,6516
250,21,0,m1,1M1uMpgaw82fhzH6tz99Eybn5ydKoNaFrwXUvb,4.52328859e-07,5.654,5.654,2000-01-01 00:44:00,0,run/data/m1/debug.log,35148
250,21,0,m2,1ZMv2Lqqkcy5zY6fAyGy1Dn6KT3fBVb7GxkCd3,1.80522908e-05,14.429,14.429,2000-01-01 00:44:00,0,run/data/m2/debug.log,17503
250,21,0,m3,1KxWxQCw8B6cfbPkjPqbyQ6co3qCuicxpv4P58,0.00014914984,14.933,14.933,2000-01-01 00:44:01,0,run/data/m3/debug.log,6531
251,21,0,m1,1M1uMpgaw82fhzH6tz99Eybn5ydKoNaFrwXUvb,2.68849435e-06,8.507,8.507,2000-01-01 00:44:07,0,run/data/m1/debug.log,35282
251,21,0,m2,1ZMv2Lqqkcy5zY6fAyGy1Dn6KT3fBVb7GxkCd3,1.91821016e-05,14.498,14.498,2000-01-01 00:44:07,0,run/data/m2/debug.log,17518
251,21,0,m3,1KxWxQCw8B6cfbPkjPqbyQ6co3qCuicxpv4P58,0.000120905848,14.917,14.917,2000-01-01 00:44:07,0,run/data/m3/debug.log,6546
252,22,0,m1,1M1uMpgaw82fhzH6tz99Eybn5ydKoNaFrwXUvb,1.71264875e-06,7.367,7.367,2000-01-01 00:44:16,0,run/data/m1/debug.log,35701
252,22,0,m2,1ZMv2Lqqkcy5zY6fAyGy1Dn6KT3fBVb7GxkCd3,2.28450331e-05,14.672,14.672,2000-01-01 00:44:16,0,run/data/m2/debug.log,17533
252,22,0,m3,1KxWxQCw8B6cfbPkjPqbyQ6co3qCuicxpv4P58,0.000184085499,14.900,14.900,2000-01-01 00:44:16,0,run/data/m3/debug.log,6561
253,22,0,m1,1M1uMpgaw82fhzH6tz99Eybn5ydKoNaFrwXUvb,3.98083047e-07,5.637,5.637,2000-01-01 00:44:23,0,run/data/m1/debug.log,36860
253,22,0,m2,1ZMv2Lqqkcy5zY6fAyGy1Dn6KT3fBVb7GxkCd3,1.52695904e-05,14.200,14.200,2000-01-01 00:44:24,0,run/data/m2/debug.log,17548
253,22,0,m3,1KxWxQCw8B6cfbPkjPqbyQ6co3qCuicxpv4P58,5.37222525e-05,14.999,14.999,2000-01-01 00:44:24,0,run/data/m3/debug.log,6576
254,22,0,m1,1M1uMpgaw82fhzH6tz99Eybn5ydKoNaFrwXUvb,4.00388368e-06,9.827,9.827,2000-01-01 00:44:30,0,run/data/m1/debug.log,37373
254,22,0,m2,1ZMv2Lqqkcy5zY6fAyGy1Dn6KT3fBVb7GxkCd3,7.24117794e-05,14.983,14.983,2000-01-01 00:44:30,0,run/data/m2/debug.log,17567
254,22,0,m3,1KxWxQCw8B6cfbPkjPqbyQ6co3qCuicxpv4P58,2.53236003e-05,14.832,14.832,2000-01-01 00:44:30,0,run/data/m3/debug.log,6595
255,22,0,m1,1M1uMpgaw82fhzH6tz99Eybn5ydKoNaFrwXUvb,4.11619523e-07,5.575,5.575,2000-01-01 00:44:40,0,run/data/m1/debug.log,37754
255,22,0,m2,1ZMv2Lqqkcy5zY6fAyGy1Dn6KT3fBVb7GxkCd3,2.4664456e-06,8.267,8.267,2000-01-01 00:44:40,0,run/data/m2/debug.log,17582
255,22,0,m3,1KxWxQCw8B6cfbPkjPqbyQ6co3qCuicxpv4P58,5.09737303e-05,14.914,14.914,2000-01-01 00:44:40,0,run/data/m3/debug.log,6610
256,22,0,m1,1M1uMpgaw82fhzH6tz99Eybn5ydKoNaFrwXUvb,2.52950768e-05,14.814,14.814,2000-01-01 00:44:46,0,run/data/m1/debug.log,37821
256,22,0,m2,1ZMv2Lqqkcy5zY6fAyGy1Dn6KT3fBVb7GxkCd3,2.21772464e-05,14.712,14.712,2000-01-01 00:44:47,0,run/data/m2/debug.log,17597
256,22,0,m3,1KxWxQCw8B6cfbPkjPqbyQ6co3qCuicxpv4P58,0.000112432039,14.967,14.967,2000-01-01 00:44:47,0,run/data/m3/debug.log,6625
257,22,0,m1,1M1uMpgaw82fhzH6tz99Eybn5ydKoNaFrwXUvb,1.86491725e-05,14.459,14.459,2000-01-01 00:45:02,0,run/data/m1/debug.log,37947
257,22,0,m2,1ZMv2Lqqkcy5zY6fAyGy1Dn6KT3fBVb7GxkCd3,2.82606847e-06,8.651,8.651,2000-01-01 00:45:02,0,run/data/m2/debug.log,17612
257,22,0,m3,1KxWxQCw8B6cfbPkjPqbyQ6co3qCuicxpv4P58,4.22377328e-05,14.907,14.907,2000-01-01 00:45:02,0,run/data/m3/debug.log,7336
258,22,0,m1,1M1uMpgaw82fhzH6tz99Eybn5ydKoNaFrwXUvb,3.02988145e-05,14.917,14.917,2000-01-01 00:45:12,0,run/data/m1/debug.log,37978
258,22,0,m2,1ZMv2Lqqkcy5zY6fAyGy1Dn6KT3fBVb7GxkCd3,5.25896037e-05,14.982,14.982,2000-01-01 00:45:11,0,run/data/m2/debug.log,17854
258,22,0,m3,1KxWxQCw8B6cfbPkjPqbyQ6co3qCuicxpv4P58,7.08260747e-05,14.983,14.983,2000-01-01 00:45:12,0,run/data/m3/debug.log,7371
259,22,0,m1,1M1uMpgaw82fhzH6tz99Eybn5ydKoNaFrwXUvb,9.64871216e-06,12.493,12.493,2000-01-01 00:45:27,0,run/data/m1/debug.log,37998
259,22,0,m2,1ZMv2Lqqkcy5zY6fAyGy1Dn6KT3fBVb7GxkCd3,2.96958352e-05,14.719,14.719,2000-01-01 00:45:27,0,run/data/m2/debug.log,18327
259,22,0,m3,1KxWxQCw8B6cfbPkjPqbyQ6co3qCuicxpv4P58,0.000255930345,14.833,14.833,2000-01-01 00:45:28,0,run/data/m3/debug.log,7391
260,22,0,m1,1M1uMpgaw82fhzH6tz99Eybn5ydKoNaFrwXUvb,9.96787445e-06,12.636,12.636,2000-01-01 00:45:40,0,run/data/m1/debug.log,38048
260,22,0,m2,1ZMv2Lqqkcy5zY6fAyGy1Dn6KT3fBVb7GxkCd3,2.04404285e-05,14.405,14.405,2000-01-01 00:45:42,0,run/data/m2/debug.log,18342
260,22,0,m3,1KxWxQCw8B6cfbPkjPqbyQ6co3qCuicxpv4P58,2.04894714e-05,14.409,14.409,2000-01-01 00:45:42,0,run/data/m3/debug.log,7406
261,22,0,m1,1M1uMpgaw82fhzH6tz99Eybn5ydKoNaFrwXUvb,1.89904919e-05,14.260,14.260,2000-01-01 00:45:54,0,run/data/m1/debug.log,38411
261,22,0,m2,1ZMv2Lqqkcy5zY6fAyGy1Dn6KT3fBVb7GxkCd3,2.23751073e-05,14.489,14.489,2000-01-01 00:45:54,0,run/data/m2/debug.log,18357
261,22,0,m3,1KxWxQCw8B6cfbPkjPqbyQ6co3qCuicxpv4P58,7.33330306e-05,14.833,14.833,2000-01-01 00:45:54,0,run/data/m3/debug.log,7421
262,22,0,m1,1M1uMpgaw82fhzH6tz99Eybn5ydKoNaFrwXUvb,5.74981406e-06,10.658,10.658,2000-01-01 00:46:08,0,run/data/m1/debug.log,39028
262,22,0,m2,1ZMv2Lqqkcy5zY6fAyGy1Dn6KT3fBVb7GxkCd3,1.59245235e-05,13.956,13.956,2000-01-01 00:46:08,0,run/data/m2/debug.log,18372
262,22,0,m3,1KxWxQCw8B6cfbPkjPqbyQ6co3qCuicxpv4P58,2.70137598e-05,14.695,14.695,2000-01-01 00:46:08,0,run/data/m3/debug.log,7436
263,22,0,m1,1M1uMpgaw82fhzH6tz99Eybn5ydKoNaFrwXUvb,3.77105116e-05,14.766,14.766,2000-01-01 00:46:19,0,run/data/m1/debug.log,39120
263,22,0,m2,1ZMv2Lqqkcy5zY6fAyGy1Dn6KT3fBVb7GxkCd3,1.71566001e-05,14.044,14.044,2000-01-01 00:46:19,0,run/data/m2/debug.log,18387
263,22,0,m3,1KxWxQCw8B6cfbPkjPqbyQ6co3qCuicxpv4P58,0.00020518198,14.800,14.800,2000-01-01 00:46:19,0,run/data/m3/debug.log,7451
264,23,0,m1,1M1uMpgaw82fhzH6tz99Eybn5ydKoNaFrwXUvb,1.15279852e-05,12.936,12.936,2000-01-01 00:46:34,0,run/data/m1/debug.log,39138
264,23,0,m2,1ZMv2Lqqkcy5zY6fAyGy1Dn6KT3fBVb7GxkCd3,4.46622043e-05,14.688,14.688,2000-01-01 00:46:34,0,run/data/m2/debug.log,18533
264,23,0,m3,1KxWxQCw8B6cfbPkjPqbyQ6co3qCuicxpv4P58,0.000111192275,14.700,14.700,2000-01-01 00:46:35,0,run/data/m3/debug.log,7469
265,23,0,m1,1M1uMpgaw82fhzH6tz99Eybn5ydKoNaFrwXUvb,2.31632939e-06,7.543,7.543,2000-01-01 00:46:47,0,run/data/m1/debug.log,39364
265,23,0,m2,1ZMv2Lqqkcy5zY6fAyGy1Dn6KT3fBVb7GxkCd3,1.18944123e-05,12.931,12.931,2000-01-01 00:46:48,0,run/data/m2/debug.log,18548
265,23,0,m3,1KxWxQCw8B6cfbPkjPqbyQ6co3qCuicxpv4P58,1.95925355e-05,14.076,14.076,2000-01-01 00:46:49,0,run/data/m3/debug.log,7484
266,23,0,m1,1M1uMpgaw82fhzH6tz99Eybn5ydKoNaFrwXUvb,4.26175214e-06,9.318,9.318,2000-01-01 00:46:55,0,run/data/m1/debug.log,39669
266,23,0,m2,1ZMv2Lqqkcy5zY6fAyGy1Dn6KT3fBVb7GxkCd3,5.67717447e-06,10.328,10.328,2000-01-01 00:46:56,0,run/data/m2/debug.log,18564
266,23,0,m3,1KxWxQCw8B6cfbPkjPqbyQ6co3qCuicxpv4P58,0.000184982294,14.583,14.583,2000-01-01 00:46:57,0,run/data/m3/debug.log,7500
267,23,0,m1,1M1uMpgaw82fhzH6tz99Eybn5ydKoNaFrwXUvb,6.79235237e-06,10.986,10.986,2000-01-01 00:47:05,0,run/data/m1/debug.log,40556
267,23,0,m2,1ZMv2Lqqkcy5zY6fAyGy1Dn6KT3fBVb7GxkCd3,2.12439523e-05,14.175,14.175,2000-01-01 00:47:06,0,run/data/m2/debug.log,18579
267,23,0,m3,1KxWxQCw8B6cfbPkjPqbyQ6co3qCuicxpv4P58,4.16004025e-05,14.564,14.564,2000-01-01 00:47:07,0,run/data/m3/debug.log,7515
268,23,0,m1,1M1uMpgaw82fhzH6tz99Eybn5ydKoNaFrwXUvb,5.10389182e-07,5.239,5.239,2000-01-01 00:47:16,0,run/data/m1/debug.log,40620
268,23,0,m2,1ZMv2Lqqkcy5zY6fAyGy1Dn6KT3fBVb7GxkCd3,2.16343168e-06,7.279,7.279,2000-01-01 00:47:18,0,run/data/m2/debug.log,18594
268,23,0,m3,1KxWxQCw8B6cfbPkjPqbyQ6co3qCuicxpv4P58,7.32439597e-05,14.500,14.500,2000-01-01 00:47:17,0,run/data/m3/debug.log,7530
269,23,0,m1,1M1uMpgaw82fhzH6tz99Eybn5ydKoNaFrwXUvb,2.33888261e-05,14.371,14.371,2000-01-01 00:47:22,0,run/data/m1/debug.log,41142
269,23,0,m2,1ZMv2Lqqkcy5zY6fAyGy1Dn6KT3fBVb7GxkCd3,6.83357108e-06,11.091,11.091,2000-01-01 00:47:22,0,run/data/m2/debug.log,18609
269,23,0,m3,1KxWxQCw8B6cfbPkjPqbyQ6co3qCuicxpv4P58,3.68299734e-05,14.628,14.628,2000-01-01 00:47:23,0,run/data/m3/debug.log,7545
270,23,0,m1,1M1uMpgaw82fhzH6tz99Eybn5ydKoNaFrwXUvb,3.96669096e-07,5.196,5.196,2000-01-01 00:47:35,0,run/data/m1/debug.log,41157
270,23,0,m2,1ZMv2Lqqkcy5zY6fAyGy1Dn6KT3fBVb7GxkCd3,1.52771075e-05,13.613,13.613,2000-01-01 00:47:34,0,run/data/m2/debug.log,18973
270,23,0,m3,1KxWxQCw8B6cfbPkjPqbyQ6co3qCuicxpv4P58,0.000105980127,14.617,14.617,2000-01-01 00:47:35,0,run/data/m3/debug.log,7560
271,23,0,m1,1M1uMpgaw82fhzH6tz99Eybn5ydKoNaFrwXUvb,1.11129762e-06,6.623,6.623,2000-01-01 00:47:40,0,run/data/m1/debug.log,41252
271,23,0,m2,1ZMv2Lqqkcy5zY6fAyGy1Dn6KT3fBVb7GxkCd3,2.89059547e-05,14.733,14.733,2000-01-01 00:47:42,0,run/data/m2/debug.log,18993
271,23,0,m3,1KxWxQCw8B6cfbPkjPqbyQ6co3qCuicxpv4P58,1.63888332e-05,14.285,14.285,2000-01-01 00:47:42,0,run/data/m3/debug.log,7580
272,23,0,m1,1M1uMpgaw82fhzH6tz99Eybn5ydKoNaFrwXUvb,3.38940344e-06,9.488,9.488,2000-01-01 00:47:48,0,run/data/m1/debug.log,41635
272,23,0,m2,1ZMv2Lqqkcy5zY6fAyGy1Dn6KT3fBVb7GxkCd3,1.45723248e-05,14.171,14.171,2000-01-01 00:47:50,0,run/data/m2/debug.log,19008
272,23,0,m3,1KxWxQCw8B6cfbPkjPqbyQ6co3qCuicxpv4P58,6.33785059e-05,14.867,14.867,2000-01-01 00:47:50,0,run/data/m3/debug.log,7595
273,23,0,m1,1M1uMpgaw82fhzH6tz99Eybn5ydKoNaFrwXUvb,1.54305655e-05,14.339,14.339,2000-01-01 00:47:58,0,run/data/m1/debug.log,41811
273,23,0,m2,1ZMv2Lqqkcy5zY6fAyGy1Dn6KT3fBVb7GxkCd3,3.45345107e-05,14.915,14.915,2000-01-01 00:47:59,0,run/data/m2/debug.log,19023
273,23,0,m3,1KxWxQCw8B6cfbPkjPqbyQ6co3qCuicxpv4P58,1.29292994e-05,13.994,13.994,2000-01-01 00:47:59,0,run/data/m3/debug.log,7610
274,23,0,m1,1M1uMpgaw82fhzH6tz99Eybn5ydKoNaFrwXUvb,2.8185261e-06,8.946,8.946,2000-01-01 00:48:13,0,run/data/m1/debug.log,41952
274,23,0,m2,1ZMv2Lqqkcy5zY6fAyGy1Dn6KT3fBVb7GxkCd3,1.47076494e-05,14.238,14.238,2000-01-01 00:48:15,0,run/data/m2/debug.log,19054
274,23,0,m3,1KxWxQCw8B6cfbPkjPqbyQ6co3qCuicxpv4P58,5.07118514e-05,14.899,14.899,2000-01-01 00:48:14,0,run/data/m3/debug.log,7741
275,23,0,m1,1M1uMpgaw82fhzH6tz99Eybn5ydKoNaFrwXUvb,8.89791449e-07,6.436,6.436,2000-01-01 00:48:23,0,run/data/m1/debug.log,41990
275,23,0,m2,1ZMv2Lqqkcy5zY6fAyGy1Dn6KT3fBVb7GxkCd3,1.03939858e-05,13.440,13.440,2000-01-01 00:48:24,0,run/data/m2/debug.log,19069
275,23,0,m3,1KxWxQCw8B6cfbPkjPqbyQ6co3qCuicxpv4P58,4.6524821e-06,10.664,10.664,2000-01-01 00:48:25,0,run/data/m3/debug.log,7776
276,24,0,m1,1M1uMpgaw82fhzH6tz99Eybn5ydKoNaFrwXUvb,6.10410278e-06,11.793,11.793,2000-01-01 00:48:30,0,run/data/m1/debug.log,42853
276,24,0,m2,1ZMv2Lqqkcy5zY6fAyGy1Dn6KT3fBVb7GxkCd3,3.58266842e-05,15.052,15.052,2000-01-01 00:48:31,0,run/data/m2/debug.log,19087
276,24,0,m3,1KxWxQCw8B6cfbPkjPqbyQ6co3qCuicxpv4P58,8.57623738e-05,15.067,15.067,2000-01-01 00:48:31,0,run/data/m3/debug.log,7794
277,24,0,m1,1M1uMpgaw82fhzH6tz99Eybn5ydKoNaFrwXUvb,1.54227475e-06,7.542,7.542,2000-01-01 00:48:42,0,run/data/m1/debug.log,43009
277,24,0,m2,1ZMv2Lqqkcy5zY6fAyGy1Dn6KT3fBVb7GxkCd3,1.87806542e-06,7.991,7.991,2000-01-01 00:48:42,0,run/data/m2/debug.log,19102
277,24,0,m3,1KxWxQCw8B6cfbPkjPqbyQ6co3qCuicxpv4P58,1.1704626e-05,13.909,13.909,2000-01-01 00:48:43,0,run/data/m3/debug.log,7809
278,24,0,m1,1M1uMpgaw82fhzH6tz99Eybn5ydKoNaFrwXUvb,7.92457862e-06,12.737,12.737,2000-01-01 00:48:50,0,run/data/m1/debug.log,43603
278,24,0,m2,1ZMv2Lqqkcy5zY6fAyGy1Dn6KT3fBVb7GxkCd3,1.07252351e-05,13.678,13.678,2000-01-01 00:48:51,0,run/data/m2/debug.log,19118
278,24,0,m3,1KxWxQCw8B6cfbPkjPqbyQ6co3qCuicxpv4P58,2.03128749e-05,14.840,14.840,2000-01-01 00:48:51,0,run/data/m3/debug.log,7825
279,24,0,m1,1M1uMpgaw82fhzH6tz99Eybn5ydKoNaFrwXUvb,5.60993494e-06,11.450,11.450,2000-01-01 00:49:03,0,run/data/m1/debug.log,43676
279,24,0,m2,1ZMv2Lqqkcy5zY6fAyGy1Dn6KT3fBVb7GxkCd3,4.46594915e-05,15.031,15.031,2000-01-01 00:49:04,0,run/data/m2/debug.log,19133
279,24,0,m3,1KxWxQCw8B6cfbPkjPqbyQ6co3qCuicxpv4P58,1.36617153e-06,7.245,7.245,2000-01-01 00:49:04,0,run/data/m3/debug.log,7840
280,24,0,m1,1M1uMpgaw82fhzH6tz99Eybn5ydKoNaFrwXUvb,1.21957098e-05,13.993,13.993,2000-01-01 00:49:13,0,run/data/m1/debug.log,43691
280,24,0,m2,1ZMv2Lqqkcy5zY6fAyGy1Dn6KT3fBVb7GxkCd3,1.18777754e-06,7.020,7.020,2000-01-01 00:49:13,0,run/data/m2/debug.log,19148
280,24,0,m3,1KxWxQCw8B6cfbPkjPqbyQ6co3qCuicxpv4P58,6.19513032e-05,15.067,15.067,2000-01-01 00:49:12,0,run/data/m3/debug.log,8016
281,24,0,m1,1M1uMpgaw82fhzH6tz99Eybn5ydKoNaFrwXUvb,3.8495501e-06,10.072,10.072,2000-01-01 00:49:22,0,run/data/m1/debug.log,43706
281,24,0,m2,1ZMv2Lqqkcy5zY6fAyGy1Dn6KT3fBVb7GxkCd3,2.55675631e-06,8.753,8.753,2000-01-01 00:49:21,0,run/data/m2/debug.log,19237
281,24,0,m3,1KxWxQCw8B6cfbPkjPqbyQ6co3qCuicxpv4P58,1.76502588e-05,14.621,14.621,2000-01-01 00:49:22,0,run/data/m3/debug.log,8031
282,24,0,m1,1M1uMpgaw82fhzH6tz99Eybn5ydKoNaFrwXUvb,1.94874288e-06,8.066,8.066,2000-01-01 00:49:30,0,run/data/m1/debug.log,43726
282,24,0,m2,1ZMv2Lqqkcy5zY6fAyGy1Dn6KT3fBVb7GxkCd3,2.44759976e-05,14.953,14.953,2000-01-01 00:49:30,0,run/data/m2/debug.log,19578
282,24,0,m3,1KxWxQCw8B6cfbPkjPqbyQ6co3qCuicxpv4P58,2.26546968e-06,8.460,8.460,2000-01-01 00:49:31,0,run/data/m3/debug.log,8051
283,24,0,m1,1M1uMpgaw82fhzH6tz99Eybn5ydKoNaFrwXUvb,7.98795133e-06,12.132,12.132,2000-01-01 00:49:39,0,run/data/m1/debug.log,44648
283,24,0,m2,1ZMv2Lqqkcy5zY6fAyGy1Dn6KT3fBVb7GxkCd3,8.74101255e-06,12.451,12.451,2000-01-01 00:49:41,0,run/data/m2/debug.log,19614
283,24,0,m3,1KxWxQCw8B6cfbPkjPqbyQ6co3qCuicxpv4P58,2.60285622e-05,14.826,14.826,2000-01-01 00:49:40,0,run/data/m3/debug.log,8280
284,24,0,m1,1M1uMpgaw82fhzH6tz99Eybn5ydKoNaFrwXUvb,1.59100821e-05,14.093,14.093,2000-01-01 00:49:52,0,run/data/m1/debug.log,44987
284,24,0,m2,1ZMv2Lqqkcy5zY6fAyGy1Dn6KT3fBVb7GxkCd3,6.4708115e-05,14.933,14.933,2000-01-01 00:49:54,0,run/data/m2/debug.log,19629
284,24,0,m3,1KxWxQCw8B6cfbPkjPqbyQ6co3qCuicxpv4P58,8.31342199e-06,12.192,12.192,2000-01-01 00:49:54,0,run/data/m3/debug.log,8315
285,24,0,m1,1M1uMpgaw82fhzH6tz99Eybn5ydKoNaFrwXUvb,1.05721694e-05,12.921,12.921,2000-01-01 00:50:07,0,run/data/m1/debug.log,45057
285,24,0,m2,1ZMv2Lqqkcy5zY6fAyGy1Dn6KT3fBVb7GxkCd3,3.93916593e-05,14.828,14.828,2000-01-01 00:50:08,0,run/data/m2/debug.log,19660
285,24,0,m3,1KxWxQCw8B6cfbPkjPqbyQ6co3qCuicxpv4P58,0.000195647883,14.850,14.850,2000-01-01 00:50:07,0,run/data/m3/debug.log,8422
286,24,0,m1,1M1uMpgaw82fhzH6tz99Eybn5ydKoNaFrwXUvb,2.73313314e-05,14.741,14.741,2000-01-01 00:50:20,0,run/data/m1/debug.log,45286
286,24,0,m2,1ZMv2Lqqkcy5zY6fAyGy1Dn6KT3fBVb7GxkCd3,0.000248274845,14.883,14.883,2000-01-01 00:50:21,0,run/data/m2/debug.log,19675
286,24,0,m3,1KxWxQCw8B6cfbPkjPqbyQ6co3qCuicxpv4P58,0.000108898352,14.883,14.883,2000-01-01 00:50:21,0,run/data/m3/debug.log,8457
287,24,0,m1,1M1uMpgaw82fhzH6tz99Eybn5ydKoNaFrwXUvb,5.858528e-06,10.782,10.782,2000-01-01 00:50:35,0,run/data/m1/debug.log,45393
287,24,0,m2,1ZMv2Lqqkcy5zY6fAyGy1Dn6KT3fBVb7GxkCd3,1.6840543e-05,14.073,14.073,2000-01-01 00:50:37,0,run/data/m2/debug.log,19693
287,24,0,m3,1KxWxQCw8B6cfbPkjPqbyQ6co3qCuicxpv4P58,0.000265666133,14.800,14.800,2000-01-01 00:50:37,0,run/data/m3/debug.log,8475
288,25,0,m1,1M1uMpgaw82fhzH6tz99Eybn5ydKoNaFrwXUvb,9.16436968e-06,12.332,12.332,2000-01-01 00:50:46,0,run/data/m1/debug.log,45701
288,25,0,m2,1ZMv2Lqqkcy5zY6fAyGy1Dn6KT3fBVb7GxkCd3,2.74019443e-06,8.205,8.205,2000-01-01 00:50:48,0,run/data/m2/debug.log,19708
288,25,0,m3,1KxWxQCw8B6cfbPkjPqbyQ6co3qCuicxpv4P58,3.73373522e-06,9.141,9.141,2000-01-01 00:50:48,0,run/data/m3/debug.log,8490
289,25,0,m1,1M1uMpgaw82fhzH6tz99Eybn5ydKoNaFrwXUvb,7.00129114e-06,11.387,11.387,2000-01-01 00:50:57,0,run/data/m1/debug.log,45716
289,25,0,m2,1ZMv2Lqqkcy5zY6fAyGy1Dn6KT3fBVb7GxkCd3,9.37133974e-06,12.424,12.424,2000-01-01 00:50:57,0,run/data/m2/debug.log,19735
289,25,0,m3,1KxWxQCw8B6cfbPkjPqbyQ6co3qCuicxpv4P58,0.000111981647,14.750,14.750,2000-01-01 00:50:58,0,run/data/m3/debug.log,8505
290,25,0,m1,1M1uMpgaw82fhzH6tz99Eybn5ydKoNaFrwXUvb,2.21469173e-06,7.582,7.582,2000-01-01 00:51:10,0,run/data/m1/debug.log,45803
290,25,0,m2,1ZMv2Lqqkcy5zY6fAyGy1Dn6KT3fBVb7GxkCd3,5.44458616e-05,14.665,14.665,2000-01-01 00:51:10,0,run/data/m2/debug.log,19955
290,25,0,m3,1KxWxQCw8B6cfbPkjPqbyQ6co3qCuicxpv4P58,0.000301966798,14.667,14.667,2000-01-01 00:51:11,0,run/data/m3/debug.log,8537
291,25,0,m1,1M1uMpgaw82fhzH6tz99Eybn5ydKoNaFrwXUvb,1.47323352e-05,13.757,13.757,2000-01-01 00:51:17,0,run/data/m1/debug.log,46107
291,25,0,m2,1ZMv2Lqqkcy5zY6fAyGy1Dn6KT3fBVb7GxkCd3,2.88678904e-06,8.386,8.386,2000-01-01 00:51:19,0,run/data/m2/debug.log,19990
291,25,0,m3,1KxWxQCw8B6cfbPkjPqbyQ6co3qCuicxpv4P58,7.21074992e-05,14.767,14.767,2000-01-01 00:51:19,0,run/data/m3/debug.log,8552
292,25,0,m1,1M1uMpgaw82fhzH6tz99Eybn5ydKoNaFrwXUvb,1.68530279e-05,14.024,14.024,2000-01-01 00:51:28,0,run/data/m1/debug.log,46122
292,25,0,m2,1ZMv2Lqqkcy5zY6fAyGy1Dn6KT3fBVb7GxkCd3,1.25953825e-05,13.342,13.342,2000-01-01 00:51:27,0,run/data/m2/debug.log,20053
292,25,0,m3,1KxWxQCw8B6cfbPkjPqbyQ6co3qCuicxpv4P58,1.00670288e-05,12.663,12.663,2000-01-01 00:51:28,0,run/data/m3/debug.log,8567
293,25,0,m1,1M1uMpgaw82fhzH6tz99Eybn5ydKoNaFrwXUvb,1.91492909e-05,14.142,14.142,2000-01-01 00:51:43,0,run/data/m1/debug.log,46153
293,25,0,m2,1ZMv2Lqqkcy5zY6fAyGy1Dn6KT3fBVb7GxkCd3,0.000124448374,14.650,14.650,2000-01-01 00:51:42,0,run/data/m2/debug.log,20399
293,25,0,m3,1KxWxQCw8B6cfbPkjPqbyQ6co3qCuicxpv4P58,5.44640529e-06,10.366,10.366,2000-01-01 00:51:42,0,run/data/m3/debug.log,8587
294,25,0,m1,1M1uMpgaw82fhzH6tz99Eybn5ydKoNaFrwXUvb,8.69965756e-06,12.035,12.035,2000-01-01 00:51:54,0,run/data/m1/debug.log,46168
294,25,0,m2,1ZMv2Lqqkcy5zY6fAyGy1Dn6KT3fBVb7GxkCd3,4.13370754e-05,14.601,14.601,2000-01-01 00:51:54,0,run/data/m2/debug.log,20434
294,25,0,m3,1KxWxQCw8B6cfbPkjPqbyQ6co3qCuicxpv4P58,0.000102125882,14.617,14.617,2000-01-01 00:51:53,0,run/data/m3/debug.log,9188
295,25,0,m1,1M1uMpgaw82fhzH6tz99Eybn5ydKoNaFrwXUvb,1.23695246e-06,6.510,6.510,2000-01-01 00:52:06,0,run/data/m1/debug.log,46489
295,25,0,m2,1ZMv2Lqqkcy5zY6fAyGy1Dn6KT3fBVb7GxkCd3,1.31845592e-05,13.572,13.572,2000-01-01 00:52:07,0,run/data/m2/debug.log,20454
295,25,0,m3,1KxWxQCw8B6cfbPkjPqbyQ6co3qCuicxpv4P58,1.9809741e-05,14.246,14.246,2000-01-01 00:52:07,0,run/data/m3/debug.log,9208
296,25,0,m1,1M1uMpgaw82fhzH6tz99Eybn5ydKoNaFrwXUvb,2.55967145e-06,8.299,8.299,2000-01-01 00:52:12,0,run/data/m1/debug.log,46612
296,25,0,m2,1ZMv2Lqqkcy5zY6fAyGy1Dn6KT3fBVb7GxkCd3,9.20694615e-05,14.667,14.667,2000-01-01 00:52:14,0,run/data/m2/debug.log,20469
296,25,0,m3,1KxWxQCw8B6cfbPkjPqbyQ6co3qCuicxpv4P58,6.91514869e-06,11.713,11.713,2000-01-01 00:52:14,0,run/data/m3/debug.log,9223
297,25,0,m1,1M1uMpgaw82fhzH6tz99Eybn5ydKoNaFrwXUvb,1.05800335e-05,13.219,13.219,2000-01-01 00:52:21,0,run/data/m1/debug.log,47410
297,25,0,m2,1ZMv2Lqqkcy5zY6fAyGy1Dn6KT3fBVb7GxkCd3,1.4993886e-05,14.056,14.056,2000-01-01 00:52:22,0,run/data/m2/debug.log,20484
297,25,0,m3,1KxWxQCw8B6cfbPkjPqbyQ6co3qCuicxpv4P58,1.17631124e-05,13.511,13.511,2000-01-01 00:52:22,0,run/data/m3/debug.log,9238
298,25,0,m1,1M1uMpgaw82fhzH6tz99Eybn5ydKoNaFrwXUvb,3.26186122e-06,9.124,9.124,2000-01-01 00:52:35,0,run/data/m1/debug.log,47838
298,25,0,m2,1ZMv2Lqqkcy5zY6fAyGy1Dn6KT3fBVb7GxkCd3,9.74529212e-07,6.329,6.329,2000-01-01 00:52:37,0,run/data/m2/debug.log,20502
298,25,0,m3,1KxWxQCw8B6cfbPkjPqbyQ6co3qCuicxpv4P58,4.58344671e-05,14.747,14.747,2000-01-01 00:52:37,0,run/data/m3/debug.log,9256
299,25,0,m1,1M1uMpgaw82fhzH6tz99Eybn5ydKoNaFrwXUvb,1.57621694e-06,7.294,7.294,2000-01-01 00:52:44,0,run/data/m1/debug.log,47853
299,25,0,m2,1ZMv2Lqqkcy5zY6fAyGy1Dn6KT3fBVb7GxkCd3,6.65530044e-06,11.775,11.775,2000-01-01 00:52:43,0,run/data/m2/debug.log,20666
299,25,0,m3,1KxWxQCw8B6cfbPkjPqbyQ6co3qCuicxpv4P58,8.81373183e-06,12.753,12.753,2000-01-01 00:52:44,0,run/data/m3/debug.log,9271
300,26,0,m1,1M1uMpgaw82fhzH6tz99Eybn5ydKoNaFrwXUvb,2.07899116e-05,14.644,14.644,2000-01-01 00:52:52,0,run/data/m1/debug.log,48294
300,26,0,m2,1ZMv2Lqqkcy5zY6fAyGy1Dn6KT3fBVb7GxkCd3,1.53575894e-05,14.234,14.234,2000-01-01 00:52:53,0,run/data/m2/debug.log,20681
300,26,0,m3,1KxWxQCw8B6cfbPkjPqbyQ6co3qCuicxpv4P58,5.22706368e-05,14.899,14.899,2000-01-01 00:52:53,0,run/data/m3/debug.log,9286
301,26,0,m1,1M1uMpgaw82fhzH6tz99Eybn5ydKoNaFrwXUvb,5.77336262e-06,11.221,11.221,2000-01-01 00:53:07,0,run/data/m1/debug.log,48746
301,26,0,m2,1ZMv2Lqqkcy5zY6fAyGy1Dn6KT3fBVb7GxkCd3,4.01423112e-05,14.808,14.808,2000-01-01 00:53:08,0,run/data/m2/debug.log,21009
301,26,0,m3,1KxWxQCw8B6cfbPkjPqbyQ6co3qCuicxpv4P58,0.000207512612,14.833,14.833,2000-01-01 00:53:09,0,run/data/m3/debug.log,9317
302,26,0,m1,1M1uMpgaw82fhzH6tz99Eybn5ydKoNaFrwXUvb,5.29078046e-06,10.917,10.917,2000-01-01 00:53:19,0,run/data/m1/debug.log,49855
302,26,0,m2,1ZMv2Lqqkcy5zY6fAyGy1Dn6KT3fBVb7GxkCd3,3.89369648e-06,9.818,9.818,2000-01-01 00:53:21,0,run/data/m2/debug.log,21045
302,26,0,m3,1KxWxQCw8B6cfbPkjPqbyQ6co3qCuicxpv4P58,2.26577581e-05,14.666,14.666,2000-01-01 00:53:21,0,run/data/m3/debug.log,9333
303,26,0,m1,1M1uMpgaw82fhzH6tz99Eybn5ydKoNaFrwXUvb,3.80328457e-06,9.670,9.670,2000-01-01 00:53:30,0,run/data/m1/debug.log,49986
303,26,0,m2,1ZMv2Lqqkcy5zY6fAyGy1Dn6KT3fBVb7GxkCd3,5.63697523e-06,11.066,11.066,2000-01-01 00:53:31,0,run/data/m2/debug.log,21585
303,26,0,m3,1KxWxQCw8B6cfbPkjPqbyQ6co3qCuicxpv4P58,2.86397539e-06,8.749,8.749,2000-01-01 00:53:32,0,run/data/m3/debug.log,9364
304,26,0,m1,1M1uMpgaw82fhzH6tz99Eybn5ydKoNaFrwXUvb,1.90293265e-05,14.435,14.435,2000-01-01 00:53:40,0,run/data/m1/debug.log,50287
304,26,0,m2,1ZMv2Lqqkcy5zY6fAyGy1Dn6KT3fBVb7GxkCd3,3.93455274e-05,14.774,14.774,2000-01-01 00:53:42,0,run/data/m2/debug.log,21636
304,26,0,m3,1KxWxQCw8B6cfbPkjPqbyQ6co3qCuicxpv4P58,6.1463472e-05,14.783,14.783,2000-01-01 00:53:40,0,run/data/m3/debug.log,9501
305,26,0,m1,1M1uMpgaw82fhzH6tz99Eybn5ydKoNaFrwXUvb,4.16227143e-06,9.967,9.967,2000-01-01 00:53:56,0,run/data/m1/debug.log,50402
305,26,0,m2,1ZMv2Lqqkcy5zY6fAyGy1Dn6KT3fBVb7GxkCd3,0.00011664245,14.767,14.767,2000-01-01 00:53:57,0,run/data/m2/debug.log,21667
305,26,0,m3,1KxWxQCw8B6cfbPkjPqbyQ6co3qCuicxpv4P58,7.46470499e-06,12.086,12.086,2000-01-01 00:53:56,0,run/data/m3/debug.log,9623
306,26,0,m1,1M1uMpgaw82fhzH6tz99Eybn5ydKoNaFrwXUvb,1.27813922e-05,13.717,13.717,2000-01-01 00:54:07,0,run/data/m1/debug.log,50928
306,26,0,m2,1ZMv2Lqqkcy5zY6fAyGy1Dn6KT3fBVb7GxkCd3,4.34666862e-05,14.762,14.762,2000-01-01 00:54:08,0,run/data/m2/debug.log,21682
306,26,0,m3,1KxWxQCw8B6cfbPkjPqbyQ6co3qCuicxpv4P58,1.57607299e-05,14.146,14.146,2000-01-01 00:54:08,0,run/data/m3/debug.log,9661
307,26,0,m1,1M1uMpgaw82fhzH6tz99Eybn5ydKoNaFrwXUvb,3.24963174e-06,8.753,8.753,2000-01-01 00:54:21,0,run/data/m1/debug.log,51056
307,26,0,m2,1ZMv2Lqqkcy5zY6fAyGy1Dn6KT3fBVb7GxkCd3,5.14848391e-05,14.747,14.747,2000-01-01 00:54:22,0,run/data/m2/debug.log,21702
307,26,0,m3,1KxWxQCw8B6cfbPkjPqbyQ6co3qCuicxpv4P58,3.04144585e-05,14.667,14.667,2000-01-01 00:54:22,0,run/data/m3/debug.log,9681
308,26,0,m1,1M1uMpgaw82fhzH6tz99Eybn5ydKoNaFrwXUvb,6.34157302e-07,5.650,5.650,2000-01-01 00:54:30,0,run/data/m1/debug.log,51131
308,26,0,m2,1ZMv2Lqqkcy5zY6fAyGy1Dn6KT3fBVb7GxkCd3,1.62771606e-06,6.960,6.960,2000-01-01 00:54:31,0,run/data/m2/debug.log,21720
308,26,0,m3,1KxWxQCw8B6cfbPkjPqbyQ6co3qCuicxpv4P58,5.45711438e-05,14.698,14.698,2000-01-01 00:54:31,0,run/data/m3/debug.log,9699
309,26,0,m1,1M1uMpgaw82fhzH6tz99Eybn5ydKoNaFrwXUvb,1.59110912e-05,13.932,13.932,2000-01-01 00:54:36,0,run/data/m1/debug.log,51153
309,26,0,m2,1ZMv2Lqqkcy5zY6fAyGy1Dn6KT3fBVb7GxkCd3,2.62353167e-05,14.589,14.589,2000-01-01 00:54:38,0,run/data/m2/debug.log,21735
309,26,0,m3,1KxWxQCw8B6cfbPkjPqbyQ6co3qCuicxpv4P58,2.73157825e-05,14.614,14.614,2000-01-01 00:54:38,0,run/data/m3/debug.log,9714
310,26,0,m1,1M1uMpgaw82fhzH6tz99Eybn5ydKoNaFrwXUvb,6.27466056e-06,11.008,11.008,2000-01-01 00:54:51,0,run/data/m1/debug.log,51217
310,26,0,m2,1ZMv2Lqqkcy5zY6fAyGy1Dn6KT3fBVb7GxkCd3,6.34695235e-05,14.733,14.733,2000-01-01 00:54:52,0,run/data/m2/debug.log,21750
310,26,0,m3,1KxWxQCw8B6cfbPkjPqbyQ6co3qCuicxpv4P58,6.62695655e-06,11.209,11.209,2000-01-01 00:54:52,0,run/data/m3/debug.log,9729
311,26,0,m1,1M1uMpgaw82fhzH6tz99Eybn5ydKoNaFrwXUvb,8.28708892e-06,11.952,11.952,2000-01-01 00:55:03,0,run/data/m1/debug.log,51742
311,26,0,m2,1ZMv2Lqqkcy5zY6fAyGy1Dn6KT3fBVb7GxkCd3,8.12773192e-06,11.883,11.883,2000-01-01 00:55:04,0,run/data/m2/debug.log,21765
311,26,0,m3,1KxWxQCw8B6cfbPkjPqbyQ6co3qCuicxpv4P58,4.83029008e-06,9.990,9.990,2000-01-01 00:55:04,0,run/data/m3/debug.log,9744
312,27,0,m1,1M1uMpgaw82fhzH6tz99Eybn5ydKoNaFrwXUvb,3.82476259e-05,14.592,14.592,2000-01-01 00:55:15,0,run/data/m1/debug.log,52282
312,27,0,m2,1ZMv2Lqqkcy5zY6fAyGy1Dn6KT3fBVb7GxkCd3,2.2101094e-05,14.308,14.308,2000-01-01 00:55:16,0,run/data/m2/debug.log,21796
312,27,0,m3,1KxWxQCw8B6cfbPkjPqbyQ6co3qCuicxpv4P58,0.000111353645,14.617,14.617,2000-01-01 00:55:15,0,run/data/m3/debug.log,9956
313,27,0,m1,1M1uMpgaw82fhzH6tz99Eybn5ydKoNaFrwXUvb,5.11573086e-06,10.146,10.146,2000-01-01 00:55:30,0,run/data/m1/debug.log,52867
313,27,0,m2,1ZMv2Lqqkcy5zY6fAyGy1Dn6KT3fBVb7GxkCd3,4.68960288e-06,9.836,9.836,2000-01-01 00:55:32,0,run/data/m2/debug.log,21827
313,27,0,m3,1KxWxQCw8B6cfbPkjPqbyQ6co3qCuicxpv4P58,1.22755941e-07,4.808,4.808,2000-01-01 00:55:31,0,run/data/m3/debug.log,10407
314,27,0,m1,1M1uMpgaw82fhzH6tz99Eybn5ydKoNaFrwXUvb,1.86427492e-06,7.259,7.259,2000-01-01 00:55:37,0,run/data/m1/debug.log,52905
314,27,0,m2,1ZMv2Lqqkcy5zY6fAyGy1Dn6KT3fBVb7GxkCd3,7.58814942e-06,11.687,11.687,2000-01-01 00:55:37,0,run/data/m2/debug.log,21849
314,27,0,m3,1KxWxQCw8B6cfbPkjPqbyQ6co3qCuicxpv4P58,0.000117572728,14.717,14.717,2000-01-01 00:55:36,0,run/data/m3/debug.log,10813
315,27,0,m1,1M1uMpgaw82fhzH6tz99Eybn5ydKoNaFrwXUvb,7.61366953e-06,11.732,11.732,2000-01-01 00:55:45,0,run/data/m1/debug.log,53593
315,27,0,m2,1ZMv2Lqqkcy5zY6fAyGy1Dn6KT3fBVb7GxkCd3,1.35023389e-05,13.555,13.555,2000-01-01 00:55:46,0,run/data/m2/debug.log,21865
315,27,0,m3,1KxWxQCw8B6cfbPkjPqbyQ6co3qCuicxpv4P58,9.08051215e-06,12.354,12.354,2000-01-01 00:55:46,0,run/data/m3/debug.log,10829
316,27,0,m1,1M1uMpgaw82fhzH6tz99Eybn5ydKoNaFrwXUvb,1.21428096e-05,13.237,13.237,2000-01-01 00:55:57,0,run/data/m1/debug.log,54188
316,27,0,m2,1ZMv2Lqqkcy5zY6fAyGy1Dn6KT3fBVb7GxkCd3,2.7885592e-06,8.268,8.268,2000-01-01 00:55:58,0,run/data/m2/debug.log,21880
316,27,0,m3,1KxWxQCw8B6cfbPkjPqbyQ6co3qCuicxpv4P58,1.26992768e-05,13.361,13.361,2000-01-01 00:55:58,0,run/data/m3/debug.log,10844
317,27,0,m1,1M1uMpgaw82fhzH6tz99Eybn5ydKoNaFrwXUvb,4.53327426e-06,9.917,9.917,2000-01-01 00:56:08,0,run/data/m1/debug.log,54203
317,27,0,m2,1ZMv2Lqqkcy5zY6fAyGy1Dn6KT3fBVb7GxkCd3,2.40721783e-05,14.590,14.590,2000-01-01 00:56:07,0,run/data/m2/debug.log,21945
317,27,0,m3,1KxWxQCw8B6cfbPkjPqbyQ6co3qCuicxpv4P58,4.46522844e-07,5.495,5.495,2000-01-01 00:56:08,0,run/data/m3/debug.log,10859
318,27,0,m1,1M1uMpgaw82fhzH6tz99Eybn5ydKoNaFrwXUvb,2.94266171e-06,8.606,8.606,2000-01-01 00:56:14,0,run/data/m1/debug.log,54218
318,27,0,m2,1ZMv2Lqqkcy5zY6fAyGy1Dn6KT3fBVb7GxkCd3,7.38279829e-05,14.900,14.900,2000-01-01 00:56:15,0,run/data/m2/debug.log,21960
318,27,0,m3,1KxWxQCw8B6cfbPkjPqbyQ6co3qCuicxpv4P58,2.43134137e-05,14.682,14.682,2000-01-01 00:56:13,0,run/data/m3/debug.log,11092
319,27,0,m1,1M1uMpgaw82fhzH6tz99Eybn5ydKoNaFrwXUvb,1.23139295e-05,13.913,13.913,2000-01-01 00:56:23,0,run/data/m1/debug.log,54728
319,27,0,m2,1ZMv2Lqqkcy5zY6fAyGy1Dn6KT3fBVb7GxkCd3,5.67125335e-06,11.420,11.420,2000-01-01 00:56:24,0,run/data/m2/debug.log,21980
319,27,0,m3,1KxWxQCw8B6cfbPkjPqbyQ6co3qCuicxpv4P58,1.26540457e-05,13.977,13.977,2000-01-01 00:56:24,0,run/data/m3/debug.log,11111
320,27,0,m1,1M1uMpgaw82fhzH6tz99Eybn5ydKoNaFrwXUvb,6.99430172e-06,12.098,12.098,2000-01-01 00:56:38,0,run/data/m1/debug.log,54746
320,27,0,m2,1ZMv2Lqqkcy5zY6fAyGy1Dn6KT3fBVb7GxkCd3,1.40792397e-05,14.120,14.120,2000-01-01 00:56:37,0,run/data/m2/debug.log,22061
320,27,0,m3,1KxWxQCw8B6cfbPkjPqbyQ6co3qCuicxpv4P58,3.99685655e-06,10.066,10.066,2000-01-01 00:56:38,0,run/data/m3/debug.log,11129
321,27,0,m1,1M1uMpgaw82fhzH6tz99Eybn5ydKoNaFrwXUvb,1.35761503e-05,13.947,13.947,2000-01-01 00:56:50,0,run/data/m1/debug.log,54761
321,27,0,m2,1ZMv2Lqqkcy5zY6fAyGy1Dn6KT3fBVb7GxkCd3,7.16306785e-06,12.083,12.083,2000-01-01 00:56:50,0,run/data/m2/debug.log,22076
321,27,0,m3,1KxWxQCw8B6cfbPkjPqbyQ6co3qCuicxpv4P58,3.78726873e-05,14.773,14.773,2000-01-01 00:56:49,0,run/data/m3/debug.log,12339
322,27,0,m1,1M1uMpgaw82fhzH6tz99Eybn5ydKoNaFrwXUvb,4.29279382e-06,10.253,10.253,2000-01-01 00:57:03,0,run/data/m1/debug.log,54776
322,27,0,m2,1ZMv2Lqqkcy5zY6fAyGy1Dn6KT3fBVb7GxkCd3,1.00044003e-05,13.210,13.210,2000-01-01 00:57:02,0,run/data/m2/debug.log,22399
322,27,0,m3,1KxWxQCw8B6cfbPkjPqbyQ6co3qCuicxpv4P58,9.49875093e-05,14.817,14.817,2000-01-01 00:57:03,0,run/data/m3/debug.log,12354
323,27,0,m1,1M1uMpgaw82fhzH6tz99Eybn5ydKoNaFrwXUvb,4.19374205e-06,10.170,10.170,2000-01-01 00:57:14,0,run/data/m1/debug.log,54795
323,27,0,m2,1ZMv2Lqqkcy5zY6fAyGy1Dn6KT3fBVb7GxkCd3,7.54945612e-07,6.105,6.105,2000-01-01 00:57:15,0,run/data/m2/debug.log,22414
323,27,0,m3,1KxWxQCw8B6cfbPkjPqbyQ6co3qCuicxpv4P58,7.52784593e-05,14.817,14.817,2000-01-01 00:57:15,0,run/data/m3/debug.log,12369
324,28,0,m1,1M1uMpgaw82fhzH6tz99Eybn5ydKoNaFrwXUvb,3.33948707e-06,9.451,9.451,2000-01-01 00:57:23,0,run/data/m1/debug.log,54810
324,28,0,m2,1ZMv2Lqqkcy5zY6fAyGy1Dn6KT3fBVb7GxkCd3,3.51818278e-06,9.626,9.626,2000-01-01 00:57:22,0,run/data/m2/debug.log,22817
324,28,0,m3,1KxWxQCw8B6cfbPkjPqbyQ6co3qCuicxpv4P58,1.45755665e-05,14.186,14.186,2000-01-01 00:57:23,0,run/data/m3/debug.log,12384
325,28,0,m1,1M1uMpgaw82fhzH6tz99Eybn5ydKoNaFrwXUvb,1.6123586e-05,14.442,14.442,2000-01-01 00:57:33,0,run/data/m1/debug.log,54825
325,28,0,m2,1ZMv2Lqqkcy5zY6fAyGy1Dn6KT3fBVb7GxkCd3,4.04697686e-06,10.194,10.194,2000-01-01 00:57:32,0,run/data/m2/debug.log,22951
325,28,0,m3,1KxWxQCw8B6cfbPkjPqbyQ6co3qCuicxpv4P58,7.9816672e-06,12.641,12.641,2000-01-01 00:57:33,0,run/data/m3/debug.log,12399
326,28,0,m1,1M1uMpgaw82fhzH6tz99Eybn5ydKoNaFrwXUvb,1.01960104e-05,13.332,13.332,2000-01-01 00:57:44,0,run/data/m1/debug.log,54841
326,28,0,m2,1ZMv2Lqqkcy5zY6fAyGy1Dn6KT3fBVb7GxkCd3,0.000185809763,14.883,14.883,2000-01-01 00:57:43,0,run/data/m2/debug.log,23196
326,28,0,m3,1KxWxQCw8B6cfbPkjPqbyQ6co3qCuicxpv4P58,0.000127793549,14.883,14.883,2000-01-01 00:57:44,0,run/data/m3/debug.log,12415
327,28,0,m1,1M1uMpgaw82fhzH6tz99Eybn5ydKoNaFrwXUvb,1.26658572e-06,6.850,6.850,2000-01-01 00:57:58,0,run/data/m1/debug.log,54943
327,28,0,m2,1ZMv2Lqqkcy5zY6fAyGy1Dn6KT3fBVb7GxkCd3,1.05885363e-05,13.339,13.339,2000-01-01 00:57:58,0,run/data/m2/debug.log,23234
327,28,0,m3,1KxWxQCw8B6cfbPkjPqbyQ6co3qCuicxpv4P58,6.02505863e-05,14.783,14.783,2000-01-01 00:57:59,0,run/data/m3/debug.log,12446
328,28,0,m1,1M1uMpgaw82fhzH6tz99Eybn5ydKoNaFrwXUvb,4.52973534e-06,10.480,10.480,2000-01-01 00:58:06,0,run/data/m1/debug.log,55324
328,28,0,m2,1ZMv2Lqqkcy5zY6fAyGy1Dn6KT3fBVb7GxkCd3,8.54250234e-07,6.295,6.295,2000-01-01 00:58:07,0,run/data/m2/debug.log,23269
328,28,0,m3,1KxWxQCw8B6cfbPkjPqbyQ6co3qCuicxpv4P58,5.00202723e-05,14.849,14.849,2000-01-01 00:58:07,0,run/data/m3/debug.log,12461
329,28,0,m1,1M1uMpgaw82fhzH6tz99Eybn5ydKoNaFrwXUvb,1.11219452e-06,6.739,6.739,2000-01-01 00:58:14,0,run/data/m1/debug.log,55339
329,28,0,m2,1ZMv2Lqqkcy5zY6fAyGy1Dn6KT3fBVb7GxkCd3,4.50757245e-06,10.512,10.512,2000-01-01 00:58:13,0,run/data/m2/debug.log,23445
329,28,0,m3,1KxWxQCw8B6cfbPkjPqbyQ6co3qCuicxpv4P58,1.69474611e-06,7.563,7.563,2000-01-01 00:58:14,0,run/data/m3/debug.log,12476
330,28,0,m1,1M1uMpgaw82fhzH6tz99Eybn5ydKoNaFrwXUvb,4.6832718e-06,10.601,10.601,2000-01-01 00:58:22,0,run/data/m1/debug.log,55500
330,28,0,m2,1ZMv2Lqqkcy5zY6fAyGy1Dn6KT3fBVb7GxkCd3,4.88046626e-05,14.849,14.849,2000-01-01 00:58:23,0,run/data/m2/debug.log,23476
330,28,0,m3,1KxWxQCw8B6cfbPkjPqbyQ6co3qCuicxpv4P58,0.000217286228,14.850,14.850,2000-01-01 00:58:22,0,run/data/m3/debug.log,12557
331,28,0,m1,1M1uMpgaw82fhzH6tz99Eybn5ydKoNaFrwXUvb,3.19201209e-06,9.018,9.018,2000-01-01 00:58:33,0,run/data/m1/debug.log,55729
331,28,0,m2,1ZMv2Lqqkcy5zY6fAyGy1Dn6KT3fBVb7GxkCd3,4.48365094e-06,10.163,10.163,2000-01-01 00:58:34,0,run/data/m2/debug.log,23499
331,28,0,m3,1KxWxQCw8B6cfbPkjPqbyQ6co3qCuicxpv4P58,1.1218529e-05,13.345,13.345,2000-01-01 00:58:34,0,run/data/m3/debug.log,12600
332,28,0,m1,1M1uMpgaw82fhzH6tz99Eybn5ydKoNaFrwXUvb,1.01211543e-05,13.107,13.107,2000-01-01 00:58:43,0,run/data/m1/debug.log,55888
332,28,0,m2,1ZMv2Lqqkcy5zY6fAyGy1Dn6KT3fBVb7GxkCd3,1.40228189e-05,13.976,13.976,2000-01-01 00:58:44,0,run/data/m2/debug.log,23514
332,28,0,m3,1KxWxQCw8B6cfbPkjPqbyQ6co3qCuicxpv4P58,0.000184878509,14.900,14.900,2000-01-01 00:58:44,0,run/data/m3/debug.log,12615
333,28,0,m1,1M1uMpgaw82fhzH6tz99Eybn5ydKoNaFrwXUvb,7.45061566e-06,12.062,12.062,2000-01-01 00:58:56,0,run/data/m1/debug.log,56132
333,28,0,m2,1ZMv2Lqqkcy5zY6fAyGy1Dn6KT3fBVb7GxkCd3,6.46234282e-05,14.883,14.883,2000-01-01 00:58:57,0,run/data/m2/debug.log,23529
333,28,0,m3,1KxWxQCw8B6cfbPkjPqbyQ6co3qCuicxpv4P58,0.000110710651,14.883,14.883,2000-01-01 00:58:57,0,run/data/m3/debug.log,12630
334,28,0,m1,1M1uMpgaw82fhzH6tz99Eybn5ydKoNaFrwXUvb,1.13247833e-05,13.439,13.439,2000-01-01 00:59:08,0,run/data/m1/debug.log,56338
334,28,0,m2,1ZMv2Lqqkcy5zY6fAyGy1Dn6KT3fBVb7GxkCd3,3.83800814e-06,9.689,9.689,2000-01-01 00:59:10,0,run/data/m2/debug.log,23544
334,28,0,m3,1KxWxQCw8B6cfbPkjPqbyQ6co3qCuicxpv4P58,2.21992917e-05,14.669,14.669,2000-01-01 00:59:09,0,run/data/m3/debug.log,12645
335,28,0,m1,1M1uMpgaw82fhzH6tz99Eybn5ydKoNaFrwXUvb,1.77978185e-05,14.430,14.430,2000-01-01 00:59:20,0,run/data/m1/debug.log,56353
335,28,0,m2,1ZMv2Lqqkcy5zY6fAyGy1Dn6KT3fBVb7GxkCd3,5.20777752e-05,14.915,14.915,2000-01-01 00:59:19,0,run/data/m2/debug.log,23578
335,28,0,m3,1KxWxQCw8B6cfbPkjPqbyQ6co3qCuicxpv4P58,3.23705623e-05,14.876,14.876,2000-01-01 00:59:20,0,run/data/m3/debug.log,12660
336,29,0,m1,1M1uMpgaw82fhzH6tz99Eybn5ydKoNaFrwXUvb,5.8531939e-06,11.082,11.082,2000-01-01 00:59:36,0,run/data/m1/debug.log,56368
336,29,0,m2,1ZMv2Lqqkcy5zY6fAyGy1Dn6KT3fBVb7GxkCd3,1.03404529e-05,13.056,13.056,2000-01-01 00:59:35,0,run/data/m2/debug.log,23629
336,29,0,m3,1KxWxQCw8B6cfbPkjPqbyQ6co3qCuicxpv4P58,1.77637953e-07,5.080,5.080,2000-01-01 00:59:36,0,run/data/m3/debug.log,12675
