experiment_id,replication_id,area,target_block_time,dumpfunction,malus_enabled,weight_epoch_length,height,epoch,epoch_buried,candidate_host,candidate_address,weight_raw_inforce,weight_record_epoch_tag,weight_record_confirm_height,psi,weight_effective,W_tot_effective,p_theoretical,score_raw,E_i,u_i,score_norm,phi_s,phi_bound_s,delay_logged_s,delay_recomputed_s,delay_mismatch_s,delay_recompute_ok,W_tot_implied_by_logged_delay,is_winner,rank_by_delay,rank_by_score,is_theoretical_argmin_delay,is_theoretical_argmin_score,actual_proposer_host,actual_proposer_address,block_hash,block_time,parent_time,verify_delay_floor_s,time_bar_ok,fork_detected,n_competing_blocks,balance_gas_sample,balance_sample_height,streak_position
run6-tbt-10s,1,nazionale,10,none,true,100,153,2,1,m1,1VLpfZJuzKm3UcPtfYMsf5T37jtkxjR3ZhRF3w,501493,1,106,1.0,501493.0,746325.0,0.67195,1.60737872e-06,0.80608918,0.44660123,0.6986934,0.0,5.000,11.987,11.9869,-0.0001,1,,1,1,1,1,1,m1,1VLpfZJuzKm3UcPtfYMsf5T37jtkxjR3ZhRF3w,001bbd5fbd6176ec2b7c312448e11052478175b00ac7a3b9dbafe7bb585b5bf4,946686325,946686312,11,1,0,0,109.3174,152,1
run6-tbt-10s,1,nazionale,10,none,true,100,153,2,1,m2,1AagzGnptAGnvYUunCiqyFBo5P7Zyq7h7kcijs,193971,1,106,1.0,193971.0,746325.0,0.259902,5.5551825e-06,1.0775443,0.34043049,0.98417195,0.0,5.000,14.842,14.8417,-0.0003,1,,0,2,2,0,0,m1,1VLpfZJuzKm3UcPtfYMsf5T37jtkxjR3ZhRF3w,001bbd5fbd6176ec2b7c312448e11052478175b00ac7a3b9dbafe7bb585b5bf4,946686325,946686312,11,1,0,0,112.4809,152,
run6-tbt-10s,1,nazionale,10,none,true,100,153,2,1,m3,1CsyzTjErfmoC3PFDMJbGZZqJu6EUYCh2wKkBq,50861,1,106,1.0,50861.0,746325.0,0.068149,2.43720864e-05,1.23958869,0.28950327,0.99999999,0.0,5.000,15.0,15.0,-0.0,1,,0,3,3,0,0,m1,1VLpfZJuzKm3UcPtfYMsf5T37jtkxjR3ZhRF3w,001bbd5fbd6176ec2b7c312448e11052478175b00ac7a3b9dbafe7bb585b5bf4,946686325,946686312,11,1,0,0,39.2636,152,
run6-tbt-10s,1,nazionale,10,none,true,100,154,2,1,m1,1VLpfZJuzKm3UcPtfYMsf5T37jtkxjR3ZhRF3w,501493,1,106,1.0,501493.0,746325.0,0.67195,4.95777385e-06,2.48628888,0.08321823,0.97527921,0.083,5.000,14.769,14.7694,0.0004,1,,0,2,2,0,0,m2,1AagzGnptAGnvYUunCiqyFBo5P7Zyq7h7kcijs,00d3d7165909a99ede34c3ba1b337d3fbf761405ea59c9c44fe129e27b7907f4,946686339,946686325,13,1,0,0,109.6534,154,
run6-tbt-10s,1,nazionale,10,none,true,100,154,2,1,m2,1AagzGnptAGnvYUunCiqyFBo5P7Zyq7h7kcijs,193971,1,106,1.0,193971.0,746325.0,0.259902,2.17335424e-06,0.4215677,0.65601758,0.80250235,0.083,5.000,13.042,13.0416,-0.0004,1,,1,1,1,1,1,m2,1AagzGnptAGnvYUunCiqyFBo5P7Zyq7h7kcijs,00d3d7165909a99ede34c3ba1b337d3fbf761405ea59c9c44fe129e27b7907f4,946686339,946686325,13,1,0,0,112.6487,154,1
run6-tbt-10s,1,nazionale,10,none,true,100,154,2,1,m3,1CsyzTjErfmoC3PFDMJbGZZqJu6EUYCh2wKkBq,50861,1,106,1.0,50861.0,746325.0,0.068149,1.96755858e-05,1.00071997,0.36761467,0.99999958,0.083,5.000,15.017,15.0166,-0.0004,1,,0,3,3,0,0,m2,1AagzGnptAGnvYUunCiqyFBo5P7Zyq7h7kcijs,00d3d7165909a99ede34c3ba1b337d3fbf761405ea59c9c44fe129e27b7907f4,946686339,946686325,13,1,0,0,39.2636,154,
run6-tbt-10s,1,nazionale,10,none,true,100,155,2,1,m1,1VLpfZJuzKm3UcPtfYMsf5T37jtkxjR3ZhRF3w,501493,1,106,1.0,501493.0,746325.0,0.67195,2.7390576e-06,1.37361821,0.25318921,0.87051978,-0.5,5.000,13.605,13.6052,0.0002,1,,1,1,1,1,1,m1,1VLpfZJuzKm3UcPtfYMsf5T37jtkxjR3ZhRF3w,00105e2e41bb54858b87dbe39fea3291db697e088275ccc8eb86e020eaecb42f,946686354,946686339,13,1,1,1,109.6534,154,1
run6-tbt-10s,1,nazionale,10,none,true,100,155,2,1,m2,1AagzGnptAGnvYUunCiqyFBo5P7Zyq7h7kcijs,193971,1,106,1.0,193971.0,746325.0,0.259902,4.45116103e-06,0.86339616,0.4217274,0.96391986,-0.5,5.000,14.539,14.5392,0.0002,1,,0,2,2,0,0,m1,1VLpfZJuzKm3UcPtfYMsf5T37jtkxjR3ZhRF3w,00105e2e41bb54858b87dbe39fea3291db697e088275ccc8eb86e020eaecb42f,946686354,946686339,13,1,1,1,112.6487,154,
run6-tbt-10s,1,nazionale,10,none,true,100,155,2,1,m3,1CsyzTjErfmoC3PFDMJbGZZqJu6EUYCh2wKkBq,50861,1,106,1.0,50861.0,746325.0,0.068149,2.30830475e-05,1.17402688,0.30911964,0.99999997,-0.5,5.000,14.9,14.9,-0.0,1,,0,3,3,0,0,m1,1VLpfZJuzKm3UcPtfYMsf5T37jtkxjR3ZhRF3w,00105e2e41bb54858b87dbe39fea3291db697e088275ccc8eb86e020eaecb42f,946686354,946686339,13,1,1,1,39.2636,154,
run6-tbt-10s,1,nazionale,10,none,true,100,156,2,1,m1,1VLpfZJuzKm3UcPtfYMsf5T37jtkxjR3ZhRF3w,501493,1,106,1.0,501493.0,746325.0,0.67195,8.90801029e-07,0.44673048,0.6397163,0.48563754,-0.917,5.000,9.673,9.673,-0.0,1,,1,1,1,1,1,m1,1VLpfZJuzKm3UcPtfYMsf5T37jtkxjR3ZhRF3w,004a1c3c7791b13e06bab75f95961623bd408612009220435fbad233f9a697f7,946686364,946686354,9,1,0,0,109.6534,154,2
run6-tbt-10s,1,nazionale,10,none,true,100,156,2,1,m2,1AagzGnptAGnvYUunCiqyFBo5P7Zyq7h7kcijs,193971,1,106,1.0,193971.0,746325.0,0.259902,2.5684505e-06,0.49820491,0.60762041,0.85293768,-1.0,5.000,13.329,13.3294,0.0004,1,,0,2,2,0,0,m1,1VLpfZJuzKm3UcPtfYMsf5T37jtkxjR3ZhRF3w,004a1c3c7791b13e06bab75f95961623bd408612009220435fbad233f9a697f7,946686364,946686354,9,1,0,0,112.6487,154,
run6-tbt-10s,1,nazionale,10,none,true,100,156,2,1,m3,1CsyzTjErfmoC3PFDMJbGZZqJu6EUYCh2wKkBq,50861,1,106,1.0,50861.0,746325.0,0.068149,6.13907321e-06,0.3122394,0.73180631,0.98976297,-0.917,5.000,14.714,14.7142,0.0002,1,,0,3,3,0,0,m1,1VLpfZJuzKm3UcPtfYMsf5T37jtkxjR3ZhRF3w,004a1c3c7791b13e06bab75f95961623bd408612009220435fbad233f9a697f7,946686364,946686354,9,1,0,0,39.2636,154,
run6-tbt-10s,1,nazionale,10,none,true,100,157,2,1,m1,1VLpfZJuzKm3UcPtfYMsf5T37jtkxjR3ZhRF3w,501493,1,106,1.0,501493.0,746325.0,0.67195,1.0912659e-06,0.54726221,0.57853154,0.55711229,-0.833,5.000,10.404,10.4045,0.0005,1,,1,1,1,1,1,m1,1VLpfZJuzKm3UcPtfYMsf5T37jtkxjR3ZhRF3w,00ffe018d5496aba24d1014f33970cbfbdddff54d3d9218b2075597eeefb202b,946686375,946686364,10,1,0,0,110.214,157,3
run6-tbt-10s,1,nazionale,10,none,true,100,157,2,1,m2,1AagzGnptAGnvYUunCiqyFBo5P7Zyq7h7kcijs,193971,1,106,1.0,193971.0,746325.0,0.259902,4.38632854e-06,0.85082053,0.42706437,0.96213116,-0.833,5.000,14.455,14.4547,-0.0003,1,,0,2,2,0,0,m1,1VLpfZJuzKm3UcPtfYMsf5T37jtkxjR3ZhRF3w,00ffe018d5496aba24d1014f33970cbfbdddff54d3d9218b2075597eeefb202b,946686375,946686364,10,1,0,0,112.7611,157,
run6-tbt-10s,1,nazionale,10,none,true,100,157,2,1,m3,1CsyzTjErfmoC3PFDMJbGZZqJu6EUYCh2wKkBq,50861,1,106,1.0,50861.0,746325.0,0.068149,4.93110665e-06,0.25080102,0.7781772,0.97478228,-0.833,5.000,14.581,14.5812,0.0002,1,,0,3,3,0,0,m1,1VLpfZJuzKm3UcPtfYMsf5T37jtkxjR3ZhRF3w,00ffe018d5496aba24d1014f33970cbfbdddff54d3d9218b2075597eeefb202b,946686375,946686364,10,1,0,0,39.2636,157,
run6-tbt-10s,1,nazionale,10,none,true,100,158,2,1,m1,1VLpfZJuzKm3UcPtfYMsf5T37jtkxjR3ZhRF3w,501493,1,106,1.0,501493.0,746325.0,0.67195,3.83918249e-06,1.92532314,0.14582863,0.9430327,-1.083,5.000,14.214,14.2137,-0.0003,1,,0,2,2,0,0,m2,1AagzGnptAGnvYUunCiqyFBo5P7Zyq7h7kcijs,00d0a333eb36bc4b9e533be6a4f4fb60272a44b2f19a78169e1348951a849bad,946686386,946686375,9,1,0,0,110.214,157,
run6-tbt-10s,1,nazionale,10,none,true,100,158,2,1,m2,1AagzGnptAGnvYUunCiqyFBo5P7Zyq7h7kcijs,193971,1,106,1.0,193971.0,746325.0,0.259902,8.53224439e-07,0.1655008,0.84746919,0.4710084,-1.083,5.000,9.493,9.4935,0.0005,1,,1,1,1,1,1,m2,1AagzGnptAGnvYUunCiqyFBo5P7Zyq7h7kcijs,00d0a333eb36bc4b9e533be6a4f4fb60272a44b2f19a78169e1348951a849bad,946686386,946686375,9,1,0,0,112.7611,157,1
run6-tbt-10s,1,nazionale,10,none,true,100,158,2,1,m3,1CsyzTjErfmoC3PFDMJbGZZqJu6EUYCh2wKkBq,50861,1,106,1.0,50861.0,746325.0,0.068149,9.25183991e-06,0.47055783,0.62465372,0.99899712,-1.083,5.000,14.773,14.7734,0.0004,1,,0,3,3,0,0,m2,1AagzGnptAGnvYUunCiqyFBo5P7Zyq7h7kcijs,00d0a333eb36bc4b9e533be6a4f4fb60272a44b2f19a78169e1348951a849bad,946686386,946686375,9,1,0,0,39.2636,157,
run6-tbt-10s,1,nazionale,10,none,true,100,159,2,1,m1,1VLpfZJuzKm3UcPtfYMsf5T37jtkxjR3ZhRF3w,501493,1,106,1.0,501493.0,746325.0,0.67195,8.76932217e-06,4.39775368,0.01230495,0.99856238,-1.083,5.000,14.769,14.769,0.0,1,,0,3,3,0,0,m2,1AagzGnptAGnvYUunCiqyFBo5P7Zyq7h7kcijs,004e87efc9ad44ddf48da86a42d8987a81daf38978559c4e509344963618db73,946686394,946686386,7,1,0,0,110.214,157,
run6-tbt-10s,1,nazionale,10,none,true,100,159,2,1,m2,1AagzGnptAGnvYUunCiqyFBo5P7Zyq7h7kcijs,193971,1,106,1.0,193971.0,746325.0,0.259902,3.52501648e-07,0.0683751,0.9339101,0.23132021,-1.083,5.000,7.097,7.0966,-0.0004,1,,1,1,1,1,1,m2,1AagzGnptAGnvYUunCiqyFBo5P7Zyq7h7kcijs,004e87efc9ad44ddf48da86a42d8987a81daf38978559c4e509344963618db73,946686394,946686386,7,1,0,0,112.7611,157,2
run6-tbt-10s,1,nazionale,10,none,true,100,159,2,1,m3,1CsyzTjErfmoC3PFDMJbGZZqJu6EUYCh2wKkBq,50861,1,106,1.0,50861.0,746325.0,0.068149,4.60685324e-06,0.23430916,0.79111719,0.96787786,-1.083,5.000,14.462,14.4622,0.0002,1,,0,2,2,0,0,m2,1AagzGnptAGnvYUunCiqyFBo5P7Zyq7h7kcijs,004e87efc9ad44ddf48da86a42d8987a81daf38978559c4e509344963618db73,946686394,946686386,7,1,0,0,39.2636,157,
run6-tbt-10s,1,nazionale,10,none,true,100,160,2,1,m1,1VLpfZJuzKm3UcPtfYMsf5T37jtkxjR3ZhRF3w,501493,1,106,1.0,501493.0,746325.0,0.67195,4.40366342e-06,2.20840638,0.10987561,0.96261793,-0.833,5.000,14.46,14.4596,-0.0004,1,,0,2,2,0,0,m3,1CsyzTjErfmoC3PFDMJbGZZqJu6EUYCh2wKkBq,00c811e87b6507bbb54f0e1ba2d972bbe442fbcbdba4c50f24acaf31d7f0f454,946686402,946686394,6,1,0,0,110.4944,160,
run6-tbt-10s,1,nazionale,10,none,true,100,160,2,1,m2,1AagzGnptAGnvYUunCiqyFBo5P7Zyq7h7kcijs,193971,1,106,1.0,193971.0,746325.0,0.259902,1.5121869e-05,2.93320405,0.05322623,0.99998745,-0.833,5.000,14.833,14.8333,0.0003,1,,0,3,3,0,0,m3,1CsyzTjErfmoC3PFDMJbGZZqJu6EUYCh2wKkBq,00c811e87b6507bbb54f0e1ba2d972bbe442fbcbdba4c50f24acaf31d7f0f454,946686402,946686394,6,1,0,0,113.1535,160,
run6-tbt-10s,1,nazionale,10,none,true,100,160,2,1,m3,1CsyzTjErfmoC3PFDMJbGZZqJu6EUYCh2wKkBq,50861,1,106,1.0,50861.0,746325.0,0.068149,2.55763725e-07,0.0130084,0.98707584,0.17377063,-0.833,5.000,6.571,6.5711,0.0001,1,,1,1,1,1,1,m3,1CsyzTjErfmoC3PFDMJbGZZqJu6EUYCh2wKkBq,00c811e87b6507bbb54f0e1ba2d972bbe442fbcbdba4c50f24acaf31d7f0f454,946686402,946686394,6,1,0,0,39.2636,160,1
run6-tbt-10s,1,nazionale,10,none,true,100,161,2,1,m1,1VLpfZJuzKm3UcPtfYMsf5T37jtkxjR3ZhRF3w,501493,1,106,1.0,501493.0,746325.0,0.67195,1.26856776e-06,0.63617785,0.52931167,0.61200539,-0.833,5.000,10.953,10.9535,0.0005,1,,0,2,2,0,0,m2,1AagzGnptAGnvYUunCiqyFBo5P7Zyq7h7kcijs,00b742c85e425b9791cf606404775fe345ed8b04d00d76e0181f085da0edb441,946686412,946686402,8,1,0,0,110.4944,160,
run6-tbt-10s,1,nazionale,10,none,true,100,161,2,1,m2,1AagzGnptAGnvYUunCiqyFBo5P7Zyq7h7kcijs,193971,1,106,1.0,193971.0,746325.0,0.259902,6.43325359e-07,0.12478646,0.88268537,0.38129692,-0.833,5.000,8.646,8.6464,0.0004,1,,1,1,1,1,1,m2,1AagzGnptAGnvYUunCiqyFBo5P7Zyq7h7kcijs,00b742c85e425b9791cf606404775fe345ed8b04d00d76e0181f085da0edb441,946686412,946686402,8,1,0,0,113.1535,160,1
run6-tbt-10s,1,nazionale,10,none,true,100,161,2,1,m3,1CsyzTjErfmoC3PFDMJbGZZqJu6EUYCh2wKkBq,50861,1,106,1.0,50861.0,746325.0,0.068149,1.36802038e-05,0.69578885,0.49868091,0.9999632,-0.833,5.000,14.833,14.833,0.0,1,,0,3,3,0,0,m2,1AagzGnptAGnvYUunCiqyFBo5P7Zyq7h7kcijs,00b742c85e425b9791cf606404775fe345ed8b04d00d76e0181f085da0edb441,946686412,946686402,8,1,0,0,39.2636,160,
run6-tbt-10s,1,nazionale,10,none,true,100,162,2,1,m1,1VLpfZJuzKm3UcPtfYMsf5T37jtkxjR3ZhRF3w,501493,1,106,1.0,501493.0,746325.0,0.67195,2.5362855e-06,1.27192942,0.2802903,0.84936465,-0.833,5.000,13.327,13.327,0.0,1,,0,3,3,0,0,m2,1AagzGnptAGnvYUunCiqyFBo5P7Zyq7h7kcijs,0025f9f7c24da4ea6c76c1e24f29e3b69a22ec20a2f4f324d3d39246b7c2e206,946686418,946686412,6,1,0,0,110.4944,160,
run6-tbt-10s,1,nazionale,10,none,true,100,162,2,1,m2,1AagzGnptAGnvYUunCiqyFBo5P7Zyq7h7kcijs,193971,1,106,1.0,193971.0,746325.0,0.259902,1.77832617e-07,0.03449437,0.96609378,0.12429056,-0.833,5.000,6.076,6.0763,0.0003,1,,1,1,1,1,1,m2,1AagzGnptAGnvYUunCiqyFBo5P7Zyq7h7kcijs,0025f9f7c24da4ea6c76c1e24f29e3b69a22ec20a2f4f324d3d39246b7c2e206,946686418,946686412,6,1,0,0,113.1535,160,2
run6-tbt-10s,1,nazionale,10,none,true,100,162,2,1,m3,1CsyzTjErfmoC3PFDMJbGZZqJu6EUYCh2wKkBq,50861,1,106,1.0,50861.0,746325.0,0.068149,2.21147174e-06,0.11247766,0.89361731,0.80804161,-0.833,5.000,12.914,12.9138,-0.0002,1,,0,2,2,0,0,m2,1AagzGnptAGnvYUunCiqyFBo5P7Zyq7h7kcijs,0025f9f7c24da4ea6c76c1e24f29e3b69a22ec20a2f4f324d3d39246b7c2e206,946686418,946686412,6,1,0,0,39.2636,160,
run6-tbt-10s,1,nazionale,10,none,true,100,163,2,1,m1,1VLpfZJuzKm3UcPtfYMsf5T37jtkxjR3ZhRF3w,501493,1,106,1.0,501493.0,746325.0,0.67195,2.85528569e-06,1.43190579,0.23885328,0.88127805,-0.333,5.000,13.746,13.7462,0.0002,1,,0,2,2,0,0,m2,1AagzGnptAGnvYUunCiqyFBo5P7Zyq7h7kcijs,00bd5d82c709378526665a3e2b74b0ffe165b95523d990ef166e9a42553f75ae,946686433,946686418,13,1,0,0,110.4944,163,
run6-tbt-10s,1,nazionale,10,none,true,100,163,2,1,m2,1AagzGnptAGnvYUunCiqyFBo5P7Zyq7h7kcijs,193971,1,106,1.0,193971.0,746325.0,0.259902,2.45478899e-06,0.47615788,0.62116541,0.83991821,-0.333,5.000,13.333,13.3326,-0.0004,1,,1,1,1,1,1,m2,1AagzGnptAGnvYUunCiqyFBo5P7Zyq7h7kcijs,00bd5d82c709378526665a3e2b74b0ffe165b95523d990ef166e9a42553f75ae,946686433,946686418,13,1,0,0,113.4335,163,3
run6-tbt-10s,1,nazionale,10,none,true,100,163,2,1,m3,1CsyzTjErfmoC3PFDMJbGZZqJu6EUYCh2wKkBq,50861,1,106,1.0,50861.0,746325.0,0.068149,2.42315985e-05,1.23244333,0.29157928,0.99999999,-0.333,5.000,14.933,14.9334,0.0004,1,,0,3,3,0,0,m2,1AagzGnptAGnvYUunCiqyFBo5P7Zyq7h7kcijs,00bd5d82c709378526665a3e2b74b0ffe165b95523d990ef166e9a42553f75ae,946686433,946686418,13,1,0,0,39.432,163,
run6-tbt-10s,1,nazionale,10,none,true,100,164,2,1,m1,1VLpfZJuzKm3UcPtfYMsf5T37jtkxjR3ZhRF3w,501493,1,106,1.0,501493.0,746325.0,0.67195,5.49071373e-06,2.7535545,0.06370103,0.98339177,-0.917,5.000,14.651,14.6505,-0.0005,1,,0,2,2,0,0,m2,1AagzGnptAGnvYUunCiqyFBo5P7Zyq7h7kcijs,008dd21823a55163e75abbdf33af883d1e8dff042c2fe49a61d7669ced16778b,946686448,946686433,14,1,0,0,110.4944,163,
run6-tbt-10s,1,nazionale,10,none,true,100,164,2,1,m2,1AagzGnptAGnvYUunCiqyFBo5P7Zyq7h7kcijs,193971,1,106,1.0,193971.0,746325.0,0.259902,4.82618626e-06,0.93614018,0.3921385,0.97272824,-0.917,5.000,14.544,14.5439,-0.0001,1,,1,1,1,1,1,m2,1AagzGnptAGnvYUunCiqyFBo5P7Zyq7h7kcijs,008dd21823a55163e75abbdf33af883d1e8dff042c2fe49a61d7669ced16778b,946686448,946686433,14,1,0,0,113.4335,163,4
run6-tbt-10s,1,nazionale,10,none,true,100,164,2,1,m3,1CsyzTjErfmoC3PFDMJbGZZqJu6EUYCh2wKkBq,50861,1,106,1.0,50861.0,746325.0,0.068149,5.52052408e-05,2.80779375,0.06033797,1.0,-0.917,5.000,14.817,14.8166,-0.0004,1,,0,3,3,0,0,m2,1AagzGnptAGnvYUunCiqyFBo5P7Zyq7h7kcijs,008dd21823a55163e75abbdf33af883d1e8dff042c2fe49a61d7669ced16778b,946686448,946686433,14,1,0,0,39.432,163,
run6-tbt-10s,1,nazionale,10,none,true,100,165,2,1,m1,1VLpfZJuzKm3UcPtfYMsf5T37jtkxjR3ZhRF3w,501493,1,106,1.0,501493.0,746325.0,0.67195,6.88891086e-07,0.34547406,0.7078847,0.40198332,-1.333,5.000,8.753,8.7532,0.0002,1,,0,2,2,0,0,m2,1AagzGnptAGnvYUunCiqyFBo5P7Zyq7h7kcijs,0017ef8bca05768cf81d6d1663135ff5316a12e88710be6dc4252dd73635796a,946686457,946686448,7,1,0,0,110.4944,163,
run6-tbt-10s,1,nazionale,10,none,true,100,165,2,1,m2,1AagzGnptAGnvYUunCiqyFBo5P7Zyq7h7kcijs,193971,1,106,1.0,193971.0,746325.0,0.259902,5.28407759e-07,0.10249578,0.90258196,0.32589131,-1.333,5.000,7.992,7.9923,0.0003,1,,1,1,1,1,1,m2,1AagzGnptAGnvYUunCiqyFBo5P7Zyq7h7kcijs,0017ef8bca05768cf81d6d1663135ff5316a12e88710be6dc4252dd73635796a,946686457,946686448,7,1,0,0,113.4335,163,5
run6-tbt-10s,1,nazionale,10,none,true,100,165,2,1,m3,1CsyzTjErfmoC3PFDMJbGZZqJu6EUYCh2wKkBq,50861,1,106,1.0,50861.0,746325.0,0.068149,2.36618974e-05,1.20346776,0.30015155,0.99999998,-1.333,5.000,14.733,14.7334,0.0004,1,,0,3,3,0,0,m2,1AagzGnptAGnvYUunCiqyFBo5P7Zyq7h7kcijs,0017ef8bca05768cf81d6d1663135ff5316a12e88710be6dc4252dd73635796a,946686457,946686448,7,1,0,0,39.432,163,
run6-tbt-10s,1,nazionale,10,none,true,100,166,2,1,m1,1VLpfZJuzKm3UcPtfYMsf5T37jtkxjR3ZhRF3w,501493,1,106,1.0,501493.0,746325.0,0.67195,2.27075027e-06,1.13876537,0.32021413,0.81634893,-1.0,5.000,12.963,12.9635,0.0005,1,,0,2,2,0,0,m2,1AagzGnptAGnvYUunCiqyFBo5P7Zyq7h7kcijs,00ba2c53cf5c2cee9739d40f0a825eb82fe601e528390d79d63ac89082ba177e,946686469,946686457,11,1,0,0,110.4944,166,
run6-tbt-10s,1,nazionale,10,none,true,100,166,2,1,m2,1AagzGnptAGnvYUunCiqyFBo5P7Zyq7h7kcijs,193971,1,106,1.0,193971.0,746325.0,0.259902,1.34685071e-06,0.26124998,0.77008839,0.63402431,-1.0,5.000,11.14,11.1402,0.0002,1,,1,1,1,1,1,m2,1AagzGnptAGnvYUunCiqyFBo5P7Zyq7h7kcijs,00ba2c53cf5c2cee9739d40f0a825eb82fe601e528390d79d63ac89082ba177e,946686469,946686457,11,1,0,0,114.2185,166,6
run6-tbt-10s,1,nazionale,10,none,true,100,166,2,1,m3,1CsyzTjErfmoC3PFDMJbGZZqJu6EUYCh2wKkBq,50861,1,106,1.0,50861.0,746325.0,0.068149,4.16127564e-05,2.1164664,0.12045652,1.0,-1.0,5.000,14.8,14.8,-0.0,1,,0,3,3,0,0,m2,1AagzGnptAGnvYUunCiqyFBo5P7Zyq7h7kcijs,00ba2c53cf5c2cee9739d40f0a825eb82fe601e528390d79d63ac89082ba177e,946686469,946686457,11,1,0,0,39.432,166,
run6-tbt-10s,1,nazionale,10,none,true,100,167,2,1,m1,1VLpfZJuzKm3UcPtfYMsf5T37jtkxjR3ZhRF3w,501493,1,106,1.0,501493.0,746325.0,0.67195,6.87966165e-07,0.34501022,0.70821312,0.40157038,-0.833,5.000,8.849,8.8491,0.0001,1,,0,2,2,0,0,m2,1AagzGnptAGnvYUunCiqyFBo5P7Zyq7h7kcijs,002e8a353fcfd0ee9a6b09c0c3f04485746242bb52b9ae36fef7ebe77b7853af,946686478,946686469,7,1,0,0,110.4944,166,
run6-tbt-10s,1,nazionale,10,none,true,100,167,2,1,m2,1AagzGnptAGnvYUunCiqyFBo5P7Zyq7h7kcijs,193971,1,106,1.0,193971.0,746325.0,0.259902,4.56755537e-07,0.08859733,0.91521403,0.2888615,-0.833,5.000,7.722,7.722,0.0,1,,1,1,1,1,1,m2,1AagzGnptAGnvYUunCiqyFBo5P7Zyq7h7kcijs,002e8a353fcfd0ee9a6b09c0c3f04485746242bb52b9ae36fef7ebe77b7853af,946686478,946686469,7,1,0,0,114.2185,166,7
run6-tbt-10s,1,nazionale,10,none,true,100,167,2,1,m3,1CsyzTjErfmoC3PFDMJbGZZqJu6EUYCh2wKkBq,50861,1,106,1.0,50861.0,746325.0,0.068149,1.76466749e-05,0.89752753,0.40757613,0.99999809,-0.833,5.000,14.833,14.8334,0.0004,1,,0,3,3,0,0,m2,1AagzGnptAGnvYUunCiqyFBo5P7Zyq7h7kcijs,002e8a353fcfd0ee9a6b09c0c3f04485746242bb52b9ae36fef7ebe77b7853af,946686478,946686469,7,1,0,0,39.432,166,
run6-tbt-10s,1,nazionale,10,none,true,100,168,2,1,m1,1VLpfZJuzKm3UcPtfYMsf5T37jtkxjR3ZhRF3w,501493,1,106,1.0,501493.0,746325.0,0.67195,8.55907517e-07,0.42923163,0.65100912,0.47206662,-0.333,5.000,9.654,9.6541,0.0001,1,,1,1,1,1,1,m1,1VLpfZJuzKm3UcPtfYMsf5T37jtkxjR3ZhRF3w,00cb885198001fe3d0a2f14ef7d4f73920fc43e2a652363c727a26344b3fd019,946686489,946686478,9,1,0,0,110.4944,166,1
run6-tbt-10s,1,nazionale,10,none,true,100,168,2,1,m2,1AagzGnptAGnvYUunCiqyFBo5P7Zyq7h7kcijs,193971,1,106,1.0,193971.0,746325.0,0.259902,4.64372092e-06,0.90074719,0.40626599,0.96874966,-0.333,5.000,14.621,14.6209,-0.0001,1,,0,2,2,0,0,m1,1VLpfZJuzKm3UcPtfYMsf5T37jtkxjR3ZhRF3w,00cb885198001fe3d0a2f14ef7d4f73920fc43e2a652363c727a26344b3fd019,946686489,946686478,9,1,0,0,114.2185,166,
run6-tbt-10s,1,nazionale,10,none,true,100,168,2,1,m3,1CsyzTjErfmoC3PFDMJbGZZqJu6EUYCh2wKkBq,50861,1,106,1.0,50861.0,746325.0,0.068149,1.77717658e-05,0.90388978,0.40499126,0.99999826,-0.333,5.000,14.933,14.9334,0.0004,1,,0,3,3,0,0,m1,1VLpfZJuzKm3UcPtfYMsf5T37jtkxjR3ZhRF3w,00cb885198001fe3d0a2f14ef7d4f73920fc43e2a652363c727a26344b3fd019,946686489,946686478,9,1,0,0,39.432,166,
run6-tbt-10s,1,nazionale,10,none,true,100,169,2,1,m1,1VLpfZJuzKm3UcPtfYMsf5T37jtkxjR3ZhRF3w,501493,1,106,1.0,501493.0,746325.0,0.67195,1.48207975e-06,0.74325262,0.47556457,0.66915761,-0.417,5.000,11.608,11.6082,0.0002,1,,1,1,1,1,1,m1,1VLpfZJuzKm3UcPtfYMsf5T37jtkxjR3ZhRF3w,00d39567c93ef326043cd18bf34f5d5561a9076dd2956328f6007e6f093c2a7e,946686501,946686489,11,1,0,0,110.7188,169,2
run6-tbt-10s,1,nazionale,10,none,true,100,169,2,1,m2,1AagzGnptAGnvYUunCiqyFBo5P7Zyq7h7kcijs,193971,1,106,1.0,193971.0,746325.0,0.259902,6.54612435e-06,1.26975829,0.28089951,0.99244493,-0.417,5.000,14.841,14.841,0.0,1,,0,2,2,0,0,m1,1VLpfZJuzKm3UcPtfYMsf5T37jtkxjR3ZhRF3w,00d39567c93ef326043cd18bf34f5d5561a9076dd2956328f6007e6f093c2a7e,946686501,946686489,11,1,0,0,114.6673,169,
run6-tbt-10s,1,nazionale,10,none,true,100,169,2,1,m3,1CsyzTjErfmoC3PFDMJbGZZqJu6EUYCh2wKkBq,50861,1,106,1.0,50861.0,746325.0,0.068149,5.28285523e-05,2.686913,0.06809081,1.0,-0.417,5.000,14.917,14.9166,-0.0004,1,,0,3,3,0,0,m1,1VLpfZJuzKm3UcPtfYMsf5T37jtkxjR3ZhRF3w,00d39567c93ef326043cd18bf34f5d5561a9076dd2956328f6007e6f093c2a7e,946686501,946686489,11,1,0,0,39.432,169,
run6-tbt-10s,1,nazionale,10,none,true,100,170,2,1,m1,1VLpfZJuzKm3UcPtfYMsf5T37jtkxjR3ZhRF3w,501493,1,106,1.0,501493.0,746325.0,0.67195,2.91589208e-06,1.46229947,0.23170287,0.88652845,-0.5,5.000,13.765,13.7653,0.0003,1,,1,1,1,1,1,m1,1VLpfZJuzKm3UcPtfYMsf5T37jtkxjR3ZhRF3w,00cb8ef06c9cfa9c3ff2ac43c8df64f3738a83dd37016893d49f0ba154c4f8fc,946686515,946686501,13,1,0,0,110.7188,169,3
run6-tbt-10s,1,nazionale,10,none,true,100,170,2,1,m2,1AagzGnptAGnvYUunCiqyFBo5P7Zyq7h7kcijs,193971,1,106,1.0,193971.0,746325.0,0.259902,8.80778774e-06,1.7084554,0.18114537,0.99860306,-0.5,5.000,14.886,14.886,0.0,1,,0,3,3,0,0,m1,1VLpfZJuzKm3UcPtfYMsf5T37jtkxjR3ZhRF3w,00cb8ef06c9cfa9c3ff2ac43c8df64f3738a83dd37016893d49f0ba154c4f8fc,946686515,946686501,13,1,0,0,114.6673,169,
run6-tbt-10s,1,nazionale,10,none,true,100,170,2,1,m3,1CsyzTjErfmoC3PFDMJbGZZqJu6EUYCh2wKkBq,50861,1,106,1.0,50861.0,746325.0,0.068149,7.87103294e-06,0.40032861,0.67009981,0.99718938,-0.5,5.000,14.872,14.8719,-0.0001,1,,0,2,2,0,0,m1,1VLpfZJuzKm3UcPtfYMsf5T37jtkxjR3ZhRF3w,00cb8ef06c9cfa9c3ff2ac43c8df64f3738a83dd37016893d49f0ba154c4f8fc,946686515,946686501,13,1,0,0,39.432,169,
run6-tbt-10s,1,nazionale,10,none,true,100,171,2,1,m1,1VLpfZJuzKm3UcPtfYMsf5T37jtkxjR3ZhRF3w,501493,1,106,1.0,501493.0,746325.0,0.67195,3.87002544e-06,1.94079067,0.14359037,0.94432905,-0.75,5.000,14.293,14.2933,0.0003,1,,0,2,2,0,0,m2,1AagzGnptAGnvYUunCiqyFBo5P7Zyq7h7kcijs,004165fbe1f17e6e08e7799c16278604d155110053258fd51ba1adf465250c4e,946686526,946686515,9,1,0,0,111.1672,171,
run6-tbt-10s,1,nazionale,10,none,true,100,171,2,1,m2,1AagzGnptAGnvYUunCiqyFBo5P7Zyq7h7kcijs,193971,1,106,1.0,193971.0,746325.0,0.259902,8.61702543e-07,0.1671453,0.84607666,0.47434499,-0.75,5.000,9.593,9.5934,0.0004,1,,1,1,1,1,1,m2,1AagzGnptAGnvYUunCiqyFBo5P7Zyq7h7kcijs,004165fbe1f17e6e08e7799c16278604d155110053258fd51ba1adf465250c4e,946686526,946686515,9,1,0,0,114.6673,171,1
run6-tbt-10s,1,nazionale,10,none,true,100,171,2,1,m3,1CsyzTjErfmoC3PFDMJbGZZqJu6EUYCh2wKkBq,50861,1,106,1.0,50861.0,746325.0,0.068149,5.49417686e-05,2.79439329,0.06115196,1.0,-0.75,5.000,14.85,14.85,0.0,1,,0,3,3,0,0,m2,1AagzGnptAGnvYUunCiqyFBo5P7Zyq7h7kcijs,004165fbe1f17e6e08e7799c16278604d155110053258fd51ba1adf465250c4e,946686526,946686515,9,1,0,0,39.432,171,
run6-tbt-10s,1,nazionale,10,none,true,100,172,2,1,m1,1VLpfZJuzKm3UcPtfYMsf5T37jtkxjR3ZhRF3w,501493,1,106,1.0,501493.0,746325.0,0.67195,5.08640362e-06,2.55079581,0.07801955,0.97754204,-1.0,5.000,14.575,14.5754,0.0004,1,,0,2,2,0,0,m2,1AagzGnptAGnvYUunCiqyFBo5P7Zyq7h7kcijs,003cbd3413b95c89180ac638a2e1c72b410c977aba91c2127641e31d1c5433ce,946686541,946686526,13,1,0,0,111.1672,171,
run6-tbt-10s,1,nazionale,10,none,true,100,172,2,1,m2,1AagzGnptAGnvYUunCiqyFBo5P7Zyq7h7kcijs,193971,1,106,1.0,193971.0,746325.0,0.259902,2.77355123e-06,0.53798851,0.58392163,0.87381051,-1.0,5.000,13.538,13.5381,0.0001,1,,1,1,1,1,1,m2,1AagzGnptAGnvYUunCiqyFBo5P7Zyq7h7kcijs,003cbd3413b95c89180ac638a2e1c72b410c977aba91c2127641e31d1c5433ce,946686541,946686526,13,1,0,0,114.6673,171,2
run6-tbt-10s,1,nazionale,10,none,true,100,172,2,1,m3,1CsyzTjErfmoC3PFDMJbGZZqJu6EUYCh2wKkBq,50861,1,106,1.0,50861.0,746325.0,0.068149,6.00388278e-06,0.30536348,0.73685549,0.98867619,-1.0,5.000,14.687,14.6868,-0.0002,1,,0,3,3,0,0,m2,1AagzGnptAGnvYUunCiqyFBo5P7Zyq7h7kcijs,003cbd3413b95c89180ac638a2e1c72b410c977aba91c2127641e31d1c5433ce,946686541,946686526,13,1,0,0,39.432,171,
run6-tbt-10s,1,nazionale,10,none,true,100,173,2,1,m1,1VLpfZJuzKm3UcPtfYMsf5T37jtkxjR3ZhRF3w,501493,1,106,1.0,501493.0,746325.0,0.67195,1.46351556e-06,0.73394281,0.48001266,0.66454191,-1.583,5.000,11.329,11.3288,-0.0002,1,,0,1,1,1,1,m2,1AagzGnptAGnvYUunCiqyFBo5P7Zyq7h7kcijs,0042c149f3df8e5b03bacb058da2ed77173f017d083ea08d299fa8d7ffb00b98,946686554,946686541,13,1,1,1,111.1672,171,
run6-tbt-10s,1,nazionale,10,none,true,100,173,2,1,m2,1AagzGnptAGnvYUunCiqyFBo5P7Zyq7h7kcijs,193971,1,106,1.0,193971.0,746325.0,0.259902,2.53502631e-06,0.49172159,0.61157261,0.84922302,-1.583,5.000,13.176,13.1756,-0.0004,1,,1,2,2,0,0,m2,1AagzGnptAGnvYUunCiqyFBo5P7Zyq7h7kcijs,0042c149f3df8e5b03bacb058da2ed77173f017d083ea08d299fa8d7ffb00b98,946686554,946686541,13,1,1,1,114.6673,171,3
run6-tbt-10s,1,nazionale,10,none,true,100,173,2,1,m3,1CsyzTjErfmoC3PFDMJbGZZqJu6EUYCh2wKkBq,50861,1,106,1.0,50861.0,746325.0,0.068149,1.14202144e-05,0.58084352,0.55942628,0.9998012,-1.583,5.000,14.681,14.6814,0.0004,1,,0,3,3,0,0,m2,1AagzGnptAGnvYUunCiqyFBo5P7Zyq7h7kcijs,0042c149f3df8e5b03bacb058da2ed77173f017d083ea08d299fa8d7ffb00b98,946686554,946686541,13,1,1,1,39.432,171,
run6-tbt-10s,1,nazionale,10,none,true,100,174,2,1,m1,1VLpfZJuzKm3UcPtfYMsf5T37jtkxjR3ZhRF3w,501493,1,106,1.0,501493.0,746325.0,0.67195,2.30618517e-06,1.15653572,0.31457407,0.8211421,-1.833,5.000,12.845,12.8448,-0.0002,1,,0,3,3,0,0,m2,1AagzGnptAGnvYUunCiqyFBo5P7Zyq7h7kcijs,00c0534e4eecf381865bebd5c089024974e597ed0eb4d1ab80d7158a5a4eb3a8,946686560,946686554,6,1,0,0,111.1672,174,
run6-tbt-10s,1,nazionale,10,none,true,100,174,2,1,m2,1AagzGnptAGnvYUunCiqyFBo5P7Zyq7h7kcijs,193971,1,106,1.0,193971.0,746325.0,0.259902,2.57373788e-07,0.04992305,0.95130262,0.17476286,-1.833,5.000,6.381,6.381,0.0,1,,1,1,1,1,1,m2,1AagzGnptAGnvYUunCiqyFBo5P7Zyq7h7kcijs,00c0534e4eecf381865bebd5c089024974e597ed0eb4d1ab80d7158a5a4eb3a8,946686560,946686554,6,1,0,0,115.5079,174,4
run6-tbt-10s,1,nazionale,10,none,true,100,174,2,1,m3,1CsyzTjErfmoC3PFDMJbGZZqJu6EUYCh2wKkBq,50861,1,106,1.0,50861.0,746325.0,0.068149,3.63476633e-07,0.01848679,0.98168305,0.23759068,-1.833,5.000,7.009,7.0093,0.0003,1,,0,2,2,0,0,m2,1AagzGnptAGnvYUunCiqyFBo5P7Zyq7h7kcijs,00c0534e4eecf381865bebd5c089024974e597ed0eb4d1ab80d7158a5a4eb3a8,946686560,946686554,6,1,0,0,39.432,174,
run6-tbt-10s,1,nazionale,10,none,true,100,175,2,1,m1,1VLpfZJuzKm3UcPtfYMsf5T37jtkxjR3ZhRF3w,501493,1,106,1.0,501493.0,746325.0,0.67195,4.42194957e-06,2.21757676,0.10887261,0.96312463,-1.833,5.000,14.265,14.2646,-0.0004,1,,1,1,1,1,1,m1,1VLpfZJuzKm3UcPtfYMsf5T37jtkxjR3ZhRF3w,00dcdb8f8765b0a45555f31ec45f9032cce015daa92dc3fc8112443c48fe2a24,946686576,946686560,14,1,1,1,111.1672,174,1
run6-tbt-10s,1,nazionale,10,none,true,100,175,2,1,m2,1AagzGnptAGnvYUunCiqyFBo5P7Zyq7h7kcijs,193971,1,106,1.0,193971.0,746325.0,0.259902,1.36782309e-05,2.65318013,0.07042689,0.99996314,-1.833,5.000,14.633,14.633,0.0,1,,0,3,3,0,0,m1,1VLpfZJuzKm3UcPtfYMsf5T37jtkxjR3ZhRF3w,00dcdb8f8765b0a45555f31ec45f9032cce015daa92dc3fc8112443c48fe2a24,946686576,946686560,14,1,1,1,115.5079,174,
run6-tbt-10s,1,nazionale,10,none,true,100,175,2,1,m3,1CsyzTjErfmoC3PFDMJbGZZqJu6EUYCh2wKkBq,50861,1,106,1.0,50861.0,746325.0,0.068149,4.94677685e-06,0.25159802,0.77755724,0.97507548,-1.833,5.000,14.384,14.3842,0.0002,1,,0,2,2,0,0,m1,1VLpfZJuzKm3UcPtfYMsf5T37jtkxjR3ZhRF3w,00dcdb8f8765b0a45555f31ec45f9032cce015daa92dc3fc8112443c48fe2a24,946686576,946686560,14,1,1,1,39.432,174,
run6-tbt-10s,1,nazionale,10,none,true,100,176,2,1,m1,1VLpfZJuzKm3UcPtfYMsf5T37jtkxjR3ZhRF3w,501493,1,106,1.0,501493.0,746325.0,0.67195,9.55203018e-07,0.47902763,0.61938537,0.50977553,-1.917,5.000,9.714,9.7144,0.0004,1,,1,1,1,1,1,m1,1VLpfZJuzKm3UcPtfYMsf5T37jtkxjR3ZhRF3w,0042fe3b526a1ba07446825a652e838abd4273f398ae9d89e8893aa0d6f598d0,946686585,946686576,9,1,0,0,111.4474,176,2
run6-tbt-10s,1,nazionale,10,none,true,100,176,2,1,m2,1AagzGnptAGnvYUunCiqyFBo5P7Zyq7h7kcijs,193971,1,106,1.0,193971.0,746325.0,0.259902,1.13213917e-06,0.21960217,0.80283813,0.57041849,-1.917,5.000,10.321,10.3208,-0.0002,1,,0,2,2,0,0,m1,1VLpfZJuzKm3UcPtfYMsf5T37jtkxjR3ZhRF3w,0042fe3b526a1ba07446825a652e838abd4273f398ae9d89e8893aa0d6f598d0,946686585,946686576,9,1,0,0,115.6763,176,
run6-tbt-10s,1,nazionale,10,none,true,100,176,2,1,m3,1CsyzTjErfmoC3PFDMJbGZZqJu6EUYCh2wKkBq,50861,1,106,1.0,50861.0,746325.0,0.068149,2.14213115e-06,0.10895093,0.89677442,0.79784611,-1.917,5.000,12.595,12.5951,0.0001,1,,0,3,3,0,0,m1,1VLpfZJuzKm3UcPtfYMsf5T37jtkxjR3ZhRF3w,0042fe3b526a1ba07446825a652e838abd4273f398ae9d89e8893aa0d6f598d0,946686585,946686576,9,1,0,0,39.432,176,
run6-tbt-10s,1,nazionale,10,none,true,100,177,2,1,m1,1VLpfZJuzKm3UcPtfYMsf5T37jtkxjR3ZhRF3w,501493,1,106,1.0,501493.0,746325.0,0.67195,2.46124093e-06,1.2342951,0.29103984,0.84068719,-1.417,5.000,13.124,13.1235,-0.0005,1,,0,2,2,0,0,m3,1CsyzTjErfmoC3PFDMJbGZZqJu6EUYCh2wKkBq,002e77078548274c1dc19d8c929b5c802dfadab47bfe0834897dff8d937333a7,946686595,946686585,7,1,0,0,111.4474,176,
run6-tbt-10s,1,nazionale,10,none,true,100,177,2,1,m2,1AagzGnptAGnvYUunCiqyFBo5P7Zyq7h7kcijs,193971,1,106,1.0,193971.0,746325.0,0.259902,2.12690203e-05,4.12557314,0.01615423,0.99999987,-1.417,5.000,14.717,14.7166,-0.0004,1,,0,3,3,0,0,m3,1CsyzTjErfmoC3PFDMJbGZZqJu6EUYCh2wKkBq,002e77078548274c1dc19d8c929b5c802dfadab47bfe0834897dff8d937333a7,946686595,946686585,7,1,0,0,115.6763,176,
run6-tbt-10s,1,nazionale,10,none,true,100,177,2,1,m3,1CsyzTjErfmoC3PFDMJbGZZqJu6EUYCh2wKkBq,50861,1,106,1.0,50861.0,746325.0,0.068149,5.01704506e-07,0.02551719,0.97480562,0.31232203,-1.417,5.000,7.84,7.8398,-0.0002,1,,1,1,1,1,1,m3,1CsyzTjErfmoC3PFDMJbGZZqJu6EUYCh2wKkBq,002e77078548274c1dc19d8c929b5c802dfadab47bfe0834897dff8d937333a7,946686595,946686585,7,1,0,0,39.432,176,1
run6-tbt-10s,1,nazionale,10,none,true,100,178,2,1,m1,1VLpfZJuzKm3UcPtfYMsf5T37jtkxjR3ZhRF3w,501493,1,106,1.0,501493.0,746325.0,0.67195,4.12560689e-06,2.06896298,0.12631671,0.95399677,-1.5,5.000,14.24,14.24,-0.0,1,,0,3,3,0,0,m3,1CsyzTjErfmoC3PFDMJbGZZqJu6EUYCh2wKkBq,000cc429f2df721813bd6a764f2ade48e3deb638a0680221fe8e4c916349340f,946686604,946686595,8,1,0,0,111.4474,176,
run6-tbt-10s,1,nazionale,10,none,true,100,178,2,1,m2,1AagzGnptAGnvYUunCiqyFBo5P7Zyq7h7kcijs,193971,1,106,1.0,193971.0,746325.0,0.259902,9.32673178e-07,0.18091155,0.83450917,0.50146292,-1.5,5.000,9.715,9.7146,-0.0004,1,,0,2,2,0,0,m3,1CsyzTjErfmoC3PFDMJbGZZqJu6EUYCh2wKkBq,000cc429f2df721813bd6a764f2ade48e3deb638a0680221fe8e4c916349340f,946686604,946686595,8,1,0,0,115.6763,176,
run6-tbt-10s,1,nazionale,10,none,true,100,178,2,1,m3,1CsyzTjErfmoC3PFDMJbGZZqJu6EUYCh2wKkBq,50861,1,106,1.0,50861.0,746325.0,0.068149,6.18688575e-07,0.03146712,0.96902282,0.36981557,-1.5,5.000,8.398,8.3982,0.0002,1,,1,1,1,1,1,m3,1CsyzTjErfmoC3PFDMJbGZZqJu6EUYCh2wKkBq,000cc429f2df721813bd6a764f2ade48e3deb638a0680221fe8e4c916349340f,946686604,946686595,8,1,0,0,39.432,176,2
run6-tbt-10s,1,nazionale,10,none,true,100,179,2,1,m1,1VLpfZJuzKm3UcPtfYMsf5T37jtkxjR3ZhRF3w,501493,1,106,1.0,501493.0,746325.0,0.67195,9.09337632e-06,4.56026457,0.01045929,0.99887122,-1.25,5.000,14.739,14.7387,-0.0003,1,,0,2,2,0,0,m2,1AagzGnptAGnvYUunCiqyFBo5P7Zyq7h7kcijs,0067d7ac40926739f26094c6ee097eb572b897b9462db88414179474359e0183,946686615,946686604,9,1,0,0,111.6714,179,
run6-tbt-10s,1,nazionale,10,none,true,100,179,2,1,m2,1AagzGnptAGnvYUunCiqyFBo5P7Zyq7h7kcijs,193971,1,106,1.0,193971.0,746325.0,0.259902,9.25078074e-07,0.17943832,0.8357395,0.49862898,-1.25,5.000,9.736,9.7363,0.0003,1,,1,1,1,1,1,m2,1AagzGnptAGnvYUunCiqyFBo5P7Zyq7h7kcijs,0067d7ac40926739f26094c6ee097eb572b897b9462db88414179474359e0183,946686615,946686604,9,1,0,0,115.6763,179,1
run6-tbt-10s,1,nazionale,10,none,true,100,179,2,1,m3,1CsyzTjErfmoC3PFDMJbGZZqJu6EUYCh2wKkBq,50861,1,106,1.0,50861.0,746325.0,0.068149,9.442023e-06,0.48023073,0.61864064,0.99912983,-1.25,5.000,14.741,14.7413,0.0003,1,,0,3,3,0,0,m2,1AagzGnptAGnvYUunCiqyFBo5P7Zyq7h7kcijs,0067d7ac40926739f26094c6ee097eb572b897b9462db88414179474359e0183,946686615,946686604,9,1,0,0,39.7686,179,
run6-tbt-10s,1,nazionale,10,none,true,100,180,2,1,m1,1VLpfZJuzKm3UcPtfYMsf5T37jtkxjR3ZhRF3w,501493,1,106,1.0,501493.0,746325.0,0.67195,1.27576128e-06,0.63978535,0.52740562,0.61408284,-1.417,5.000,10.857,10.8574,0.0004,1,,1,1,1,1,1,m1,1VLpfZJuzKm3UcPtfYMsf5T37jtkxjR3ZhRF3w,0040c04f201a059485e00f214de1e81bbed1246b5cd5ccdfe0d00e32ddb568fb,946686627,946686615,10,1,0,0,111.6714,179,1
run6-tbt-10s,1,nazionale,10,none,true,100,180,2,1,m2,1AagzGnptAGnvYUunCiqyFBo5P7Zyq7h7kcijs,193971,1,106,1.0,193971.0,746325.0,0.259902,2.53222641e-06,0.49117849,0.61190485,0.84890763,-1.417,5.000,13.206,13.2057,-0.0003,1,,0,2,2,0,0,m1,1VLpfZJuzKm3UcPtfYMsf5T37jtkxjR3ZhRF3w,0040c04f201a059485e00f214de1e81bbed1246b5cd5ccdfe0d00e32ddb568fb,946686627,946686615,10,1,0,0,115.6763,179,
run6-tbt-10s,1,nazionale,10,none,true,100,180,2,1,m3,1CsyzTjErfmoC3PFDMJbGZZqJu6EUYCh2wKkBq,50861,1,106,1.0,50861.0,746325.0,0.068149,2.43671492e-05,1.23933758,0.28957598,0.99999999,-1.417,5.000,14.717,14.7166,-0.0004,1,,0,3,3,0,0,m1,1VLpfZJuzKm3UcPtfYMsf5T37jtkxjR3ZhRF3w,0040c04f201a059485e00f214de1e81bbed1246b5cd5ccdfe0d00e32ddb568fb,946686627,946686615,10,1,0,0,39.7686,179,
run6-tbt-10s,1,nazionale,10,none,true,100,181,2,1,m1,1VLpfZJuzKm3UcPtfYMsf5T37jtkxjR3ZhRF3w,501493,1,106,1.0,501493.0,746325.0,0.67195,1.86526842e-06,0.93541906,0.39242138,0.75144632,-1.5,5.000,12.214,12.2145,0.0005,1,,1,1,1,1,1,m1,1VLpfZJuzKm3UcPtfYMsf5T37jtkxjR3ZhRF3w,0099208d7fa821024864377e20cf8e796cdec68ce4baae712ac7cbf678907c0d,946686640,946686627,12,1,0,0,111.6714,179,2
run6-tbt-10s,1,nazionale,10,none,true,100,181,2,1,m2,1AagzGnptAGnvYUunCiqyFBo5P7Zyq7h7kcijs,193971,1,106,1.0,193971.0,746325.0,0.259902,6.88825963e-06,1.33612261,0.26286292,0.99414746,-1.5,5.000,14.641,14.6415,0.0005,1,,0,2,2,0,0,m1,1VLpfZJuzKm3UcPtfYMsf5T37jtkxjR3ZhRF3w,0099208d7fa821024864377e20cf8e796cdec68ce4baae712ac7cbf678907c0d,946686640,946686627,12,1,0,0,115.6763,179,
run6-tbt-10s,1,nazionale,10,none,true,100,181,2,1,m3,1CsyzTjErfmoC3PFDMJbGZZqJu6EUYCh2wKkBq,50861,1,106,1.0,50861.0,746325.0,0.068149,2.18367771e-05,1.11064032,0.32934801,0.99999992,-1.5,5.000,14.7,14.7,-0.0,1,,0,3,3,0,0,m1,1VLpfZJuzKm3UcPtfYMsf5T37jtkxjR3ZhRF3w,0099208d7fa821024864377e20cf8e796cdec68ce4baae712ac7cbf678907c0d,946686640,946686627,12,1,0,0,39.7686,179,
run6-tbt-10s,1,nazionale,10,none,true,100,182,2,1,m1,1VLpfZJuzKm3UcPtfYMsf5T37jtkxjR3ZhRF3w,501493,1,106,1.0,501493.0,746325.0,0.67195,6.68606191e-07,0.33530132,0.71512257,0.392861,-1.583,5.000,8.612,8.612,0.0,1,,1,1,1,1,1,m1,1VLpfZJuzKm3UcPtfYMsf5T37jtkxjR3ZhRF3w,00072f4e70c5866b02655d766c71f7514745800f70b23ea451ae432d1820498d,946686649,946686640,8,1,0,0,112.2322,182,3
run6-tbt-10s,1,nazionale,10,none,true,100,182,2,1,m2,1AagzGnptAGnvYUunCiqyFBo5P7Zyq7h7kcijs,193971,1,106,1.0,193971.0,746325.0,0.259902,5.17857038e-06,1.00449248,0.36623046,0.97903491,-1.583,5.000,14.474,14.4737,-0.0003,1,,0,3,3,0,0,m1,1VLpfZJuzKm3UcPtfYMsf5T37jtkxjR3ZhRF3w,00072f4e70c5866b02655d766c71f7514745800f70b23ea451ae432d1820498d,946686649,946686640,8,1,0,0,115.9567,182,
run6-tbt-10s,1,nazionale,10,none,true,100,182,2,1,m3,1CsyzTjErfmoC3PFDMJbGZZqJu6EUYCh2wKkBq,50861,1,106,1.0,50861.0,746325.0,0.068149,4.30679919e-06,0.21904811,0.80328307,0.95981542,-1.583,5.000,14.281,14.2816,0.0006,1,,0,2,2,0,0,m1,1VLpfZJuzKm3UcPtfYMsf5T37jtkxjR3ZhRF3w,00072f4e70c5866b02655d766c71f7514745800f70b23ea451ae432d1820498d,946686649,946686640,8,1,0,0,39.7686,182,
run6-tbt-10s,1,nazionale,10,none,true,100,183,2,1,m1,1VLpfZJuzKm3UcPtfYMsf5T37jtkxjR3ZhRF3w,501493,1,106,1.0,501493.0,746325.0,0.67195,5.71203578e-07,0.2864546,0.75092117,0.34708186,-1.167,5.000,8.237,8.2374,0.0004,1,,1,1,1,1,1,m1,1VLpfZJuzKm3UcPtfYMsf5T37jtkxjR3ZhRF3w,00781e3f11bec9456505437cad6c65a6fefd7d764ab8d6d172c6d649ea05c87b,946686658,946686649,8,1,0,0,112.2322,182,4
run6-tbt-10s,1,nazionale,10,none,true,100,183,2,1,m2,1AagzGnptAGnvYUunCiqyFBo5P7Zyq7h7kcijs,193971,1,106,1.0,193971.0,746325.0,0.259902,3.34458155e-06,0.64875183,0.52269779,0.91759794,-1.167,5.000,13.943,13.9426,-0.0004,1,,0,2,2,0,0,m1,1VLpfZJuzKm3UcPtfYMsf5T37jtkxjR3ZhRF3w,00781e3f11bec9456505437cad6c65a6fefd7d764ab8d6d172c6d649ea05c87b,946686658,946686649,8,1,0,0,115.9567,182,
run6-tbt-10s,1,nazionale,10,none,true,100,183,2,1,m3,1CsyzTjErfmoC3PFDMJbGZZqJu6EUYCh2wKkBq,50861,1,106,1.0,50861.0,746325.0,0.068149,0.000121879089,6.19889235,0.00203168,1.0,-1.167,5.000,14.767,14.7666,-0.0004,1,,0,3,3,0,0,m1,1VLpfZJuzKm3UcPtfYMsf5T37jtkxjR3ZhRF3w,00781e3f11bec9456505437cad6c65a6fefd7d764ab8d6d172c6d649ea05c87b,946686658,946686649,8,1,0,0,39.7686,182,
run6-tbt-10s,1,nazionale,10,none,true,100,184,2,1,m1,1VLpfZJuzKm3UcPtfYMsf5T37jtkxjR3ZhRF3w,501493,1,106,1.0,501493.0,746325.0,0.67195,1.17565465e-06,0.58958258,0.55455872,0.58414576,-1.0,5.000,10.641,10.6415,0.0005,1,,1,1,1,1,1,m1,1VLpfZJuzKm3UcPtfYMsf5T37jtkxjR3ZhRF3w,00c5c524087166bc22b64a12956de820f834285ec3a0b41f9e988a64508d6534,946686669,946686658,10,1,0,0,112.2322,182,5
run6-tbt-10s,1,nazionale,10,none,true,100,184,2,1,m2,1AagzGnptAGnvYUunCiqyFBo5P7Zyq7h7kcijs,193971,1,106,1.0,193971.0,746325.0,0.259902,8.08683517e-06,1.5686115,0.20833425,0.99760748,-1.0,5.000,14.776,14.7761,0.0001,1,,0,2,2,0,0,m1,1VLpfZJuzKm3UcPtfYMsf5T37jtkxjR3ZhRF3w,00c5c524087166bc22b64a12956de820f834285ec3a0b41f9e988a64508d6534,946686669,946686658,10,1,0,0,115.9567,182,
run6-tbt-10s,1,nazionale,10,none,true,100,184,2,1,m3,1CsyzTjErfmoC3PFDMJbGZZqJu6EUYCh2wKkBq,50861,1,106,1.0,50861.0,746325.0,0.068149,7.72378448e-05,3.92839402,0.01967525,1.0,-1.0,5.000,14.8,14.8,0.0,1,,0,3,3,0,0,m1,1VLpfZJuzKm3UcPtfYMsf5T37jtkxjR3ZhRF3w,00c5c524087166bc22b64a12956de820f834285ec3a0b41f9e988a64508d6534,946686669,946686658,10,1,0,0,39.7686,182,
run6-tbt-10s,1,nazionale,10,none,true,100,185,2,1,m1,1VLpfZJuzKm3UcPtfYMsf5T37jtkxjR3ZhRF3w,501493,1,106,1.0,501493.0,746325.0,0.67195,3.11047724e-06,1.55988256,0.21016075,0.90186654,-0.667,5.000,13.885,13.8853,0.0003,1,,1,3,3,0,0,m1,1VLpfZJuzKm3UcPtfYMsf5T37jtkxjR3ZhRF3w,003c86bdf7ba0b358d3dc1039da26b33be9cba062b9077ec43fbaa107d39a203,946686683,946686669,13,1,1,1,112.7928,185,6
run6-tbt-10s,1,nazionale,10,none,true,100,185,2,1,m2,1AagzGnptAGnvYUunCiqyFBo5P7Zyq7h7kcijs,193971,1,106,1.0,193971.0,746325.0,0.259902,1.74929542e-06,0.33931258,0.71225977,0.72897465,-0.667,5.000,12.156,12.1563,0.0003,1,,0,1,1,1,1,m1,1VLpfZJuzKm3UcPtfYMsf5T37jtkxjR3ZhRF3w,003c86bdf7ba0b358d3dc1039da26b33be9cba062b9077ec43fbaa107d39a203,946686683,946686669,13,1,1,1,115.9567,185,
run6-tbt-10s,1,nazionale,10,none,true,100,185,2,1,m3,1CsyzTjErfmoC3PFDMJbGZZqJu6EUYCh2wKkBq,50861,1,106,1.0,50861.0,746325.0,0.068149,2.66919643e-06,0.135758,0.87305389,0.8635897,-0.667,5.000,13.503,13.5025,-0.0005,1,,0,2,2,0,0,m1,1VLpfZJuzKm3UcPtfYMsf5T37jtkxjR3ZhRF3w,003c86bdf7ba0b358d3dc1039da26b33be9cba062b9077ec43fbaa107d39a203,946686683,946686669,13,1,1,1,39.7686,185,
run6-tbt-10s,1,nazionale,10,none,true,100,186,2,1,m1,1VLpfZJuzKm3UcPtfYMsf5T37jtkxjR3ZhRF3w,501493,1,106,1.0,501493.0,746325.0,0.67195,5.01602952e-06,2.51550369,0.08082219,0.97633098,-0.75,5.000,14.613,14.6133,0.0003,1,,1,1,1,1,1,m1,1VLpfZJuzKm3UcPtfYMsf5T37jtkxjR3ZhRF3w,003f80844a0fcf3b4119471feee1456a57557f7dd1c561b6695a631650032bc3,946686699,946686683,14,1,1,1,112.7928,185,7
run6-tbt-10s,1,nazionale,10,none,true,100,186,2,1,m2,1AagzGnptAGnvYUunCiqyFBo5P7Zyq7h7kcijs,193971,1,106,1.0,193971.0,746325.0,0.259902,7.06601829e-06,1.37060263,0.25395387,0.9948746,-0.833,5.000,14.782,14.7821,0.0001,1,,0,2,2,0,0,m1,1VLpfZJuzKm3UcPtfYMsf5T37jtkxjR3ZhRF3w,003f80844a0fcf3b4119471feee1456a57557f7dd1c561b6695a631650032bc3,946686699,946686683,14,1,1,1,115.9567,185,
run6-tbt-10s,1,nazionale,10,none,true,100,186,2,1,m3,1CsyzTjErfmoC3PFDMJbGZZqJu6EUYCh2wKkBq,50861,1,106,1.0,50861.0,746325.0,0.068149,1.10010813e-05,0.559526,0.57147988,0.99972818,-0.75,5.000,14.847,14.8473,0.0003,1,,0,3,3,0,0,m1,1VLpfZJuzKm3UcPtfYMsf5T37jtkxjR3ZhRF3w,003f80844a0fcf3b4119471feee1456a57557f7dd1c561b6695a631650032bc3,946686699,946686683,14,1,1,1,39.7686,185,
run6-tbt-10s,1,nazionale,10,none,true,100,187,2,1,m1,1VLpfZJuzKm3UcPtfYMsf5T37jtkxjR3ZhRF3w,501493,1,106,1.0,501493.0,746325.0,0.67195,9.43743354e-07,0.47328069,0.62295519,0.50556484,-1.583,5.000,9.739,9.739,0.0,1,,1,1,1,1,1,m1,1VLpfZJuzKm3UcPtfYMsf5T37jtkxjR3ZhRF3w,004a8df71f51f5e1edac3e0584de4ae56e980f864ba3a0c74cf2c926de33412f,946686709,946686699,9,1,0,0,113.2968,187,8
run6-tbt-10s,1,nazionale,10,none,true,100,187,2,1,m2,1AagzGnptAGnvYUunCiqyFBo5P7Zyq7h7kcijs,193971,1,106,1.0,193971.0,746325.0,0.259902,8.7190933e-06,1.69125125,0.18428879,0.99850746,-1.583,5.000,14.668,14.6685,0.0005,1,,0,3,3,0,0,m1,1VLpfZJuzKm3UcPtfYMsf5T37jtkxjR3ZhRF3w,004a8df71f51f5e1edac3e0584de4ae56e980f864ba3a0c74cf2c926de33412f,946686709,946686699,9,1,0,0,115.9567,187,
run6-tbt-10s,1,nazionale,10,none,true,100,187,2,1,m3,1CsyzTjErfmoC3PFDMJbGZZqJu6EUYCh2wKkBq,50861,1,106,1.0,50861.0,746325.0,0.068149,3.51026647e-06,0.17853566,0.83649422,0.92718255,-1.583,5.000,13.955,13.9552,0.0002,1,,0,2,2,0,0,m1,1VLpfZJuzKm3UcPtfYMsf5T37jtkxjR3ZhRF3w,004a8df71f51f5e1edac3e0584de4ae56e980f864ba3a0c74cf2c926de33412f,946686709,946686699,9,1,0,0,39.7686,187,
run6-tbt-10s,1,nazionale,10,none,true,100,188,2,1,m1,1VLpfZJuzKm3UcPtfYMsf5T37jtkxjR3ZhRF3w,501493,1,106,1.0,501493.0,746325.0,0.67195,1.48002633e-06,0.74222284,0.47605454,0.6686502,-1.083,5.000,11.47,11.4699,-0.0001,1,,0,2,2,0,0,m2,1AagzGnptAGnvYUunCiqyFBo5P7Zyq7h7kcijs,008ab058df70c750e85609def5f7816d4e3edb09cb58abcb9428ad3b9d7a4e2d,946686719,946686709,8,1,0,0,113.2968,187,
run6-tbt-10s,1,nazionale,10,none,true,100,188,2,1,m2,1AagzGnptAGnvYUunCiqyFBo5P7Zyq7h7kcijs,193971,1,106,1.0,193971.0,746325.0,0.259902,6.00270274e-07,0.11643503,0.89008793,0.36109322,-1.083,5.000,8.394,8.3943,0.0003,1,,1,1,1,1,1,m2,1AagzGnptAGnvYUunCiqyFBo5P7Zyq7h7kcijs,008ab058df70c750e85609def5f7816d4e3edb09cb58abcb9428ad3b9d7a4e2d,946686719,946686709,8,1,0,0,115.9567,187,1
run6-tbt-10s,1,nazionale,10,none,true,100,188,2,1,m3,1CsyzTjErfmoC3PFDMJbGZZqJu6EUYCh2wKkBq,50861,1,106,1.0,50861.0,746325.0,0.068149,1.20049211e-05,0.61058229,0.54303457,0.9998715,-1.083,5.000,14.782,14.7821,0.0001,1,,0,3,3,0,0,m2,1AagzGnptAGnvYUunCiqyFBo5P7Zyq7h7kcijs,008ab058df70c750e85609def5f7816d4e3edb09cb58abcb9428ad3b9d7a4e2d,946686719,946686709,8,1,0,0,39.7686,187,
run6-tbt-10s,1,nazionale,10,none,true,100,189,2,1,m1,1VLpfZJuzKm3UcPtfYMsf5T37jtkxjR3ZhRF3w,501493,1,106,1.0,501493.0,746325.0,0.67195,4.22459774e-06,2.11860619,0.12019905,0.95727294,-1.167,5.000,14.339,14.3393,0.0003,1,,0,2,2,0,0,m2,1AagzGnptAGnvYUunCiqyFBo5P7Zyq7h7kcijs,00ed10bbd5a67c544493a9924b9138928524ff45deb0441e65e61d56b5f57e84,946686727,946686719,6,1,0,0,113.2968,187,
run6-tbt-10s,1,nazionale,10,none,true,100,189,2,1,m2,1AagzGnptAGnvYUunCiqyFBo5P7Zyq7h7kcijs,193971,1,106,1.0,193971.0,746325.0,0.259902,2.87901587e-07,0.05584456,0.94568612,0.19335221,-1.167,5.000,6.7,6.7001,0.0001,1,,1,1,1,1,1,m2,1AagzGnptAGnvYUunCiqyFBo5P7Zyq7h7kcijs,00ed10bbd5a67c544493a9924b9138928524ff45deb0441e65e61d56b5f57e84,946686727,946686719,6,1,0,0,115.9567,187,2
run6-tbt-10s,1,nazionale,10,none,true,100,189,2,1,m3,1CsyzTjErfmoC3PFDMJbGZZqJu6EUYCh2wKkBq,50861,1,106,1.0,50861.0,746325.0,0.068149,2.93474536e-05,1.49264084,0.22477827,1.0,-1.167,5.000,14.767,14.7666,-0.0004,1,,0,3,3,0,0,m2,1AagzGnptAGnvYUunCiqyFBo5P7Zyq7h7kcijs,00ed10bbd5a67c544493a9924b9138928524ff45deb0441e65e61d56b5f57e84,946686727,946686719,6,1,0,0,39.7686,187,
run6-tbt-10s,1,nazionale,10,none,true,100,190,2,1,m1,1VLpfZJuzKm3UcPtfYMsf5T37jtkxjR3ZhRF3w,501493,1,106,1.0,501493.0,746325.0,0.67195,2.09974689e-06,1.05300837,0.34888659,0.79134928,-1.0,5.000,12.713,12.7135,0.0005,1,,1,1,1,1,1,m1,1VLpfZJuzKm3UcPtfYMsf5T37jtkxjR3ZhRF3w,00b5b9e24917358e3d088564cd1de1fe3a7b364bb805594a56f71e892bdd7eba,946686741,946686727,12,1,1,1,113.5772,190,1
run6-tbt-10s,1,nazionale,10,none,true,100,190,2,1,m2,1AagzGnptAGnvYUunCiqyFBo5P7Zyq7h7kcijs,193971,1,106,1.0,193971.0,746325.0,0.259902,3.86946626e-06,0.75056424,0.4721001,0.94430581,-1.0,5.000,14.243,14.2431,0.0001,1,,0,2,2,0,0,m1,1VLpfZJuzKm3UcPtfYMsf5T37jtkxjR3ZhRF3w,00b5b9e24917358e3d088564cd1de1fe3a7b364bb805594a56f71e892bdd7eba,946686741,946686727,12,1,1,1,116.3495,190,
run6-tbt-10s,1,nazionale,10,none,true,100,190,2,1,m3,1CsyzTjErfmoC3PFDMJbGZZqJu6EUYCh2wKkBq,50861,1,106,1.0,50861.0,746325.0,0.068149,4.5345738e-06,0.23063296,0.79403086,0.96609748,-1.0,5.000,14.461,14.461,-0.0,1,,0,3,3,0,0,m1,1VLpfZJuzKm3UcPtfYMsf5T37jtkxjR3ZhRF3w,00b5b9e24917358e3d088564cd1de1fe3a7b364bb805594a56f71e892bdd7eba,946686741,946686727,12,1,1,1,39.7686,190,
run6-tbt-10s,1,nazionale,10,none,true,100,191,2,1,m1,1VLpfZJuzKm3UcPtfYMsf5T37jtkxjR3ZhRF3w,501493,1,106,1.0,501493.0,746325.0,0.67195,8.71938254e-08,0.04372709,0.95721515,0.06300275,-1.417,5.000,5.347,5.3466,-0.0004,1,,1,1,1,1,1,m1,1VLpfZJuzKm3UcPtfYMsf5T37jtkxjR3ZhRF3w,00e19bb5b8896e9f7c0d6579157e7286fd180364efb16b957f8ffb3b59cb4c4b,946686746,946686741,5,1,0,0,113.5772,190,2
run6-tbt-10s,1,nazionale,10,none,true,100,191,2,1,m2,1AagzGnptAGnvYUunCiqyFBo5P7Zyq7h7kcijs,193971,1,106,1.0,193971.0,746325.0,0.259902,4.60860063e-06,0.89393487,0.40904305,0.96791972,-1.417,5.000,14.396,14.3958,-0.0002,1,,0,2,2,0,0,m1,1VLpfZJuzKm3UcPtfYMsf5T37jtkxjR3ZhRF3w,00e19bb5b8896e9f7c0d6579157e7286fd180364efb16b957f8ffb3b59cb4c4b,946686746,946686741,5,1,0,0,116.3495,190,
run6-tbt-10s,1,nazionale,10,none,true,100,191,2,1,m3,1CsyzTjErfmoC3PFDMJbGZZqJu6EUYCh2wKkBq,50861,1,106,1.0,50861.0,746325.0,0.068149,5.38534469e-05,2.73904016,0.06463235,1.0,-1.417,5.000,14.717,14.7166,-0.0004,1,,0,3,3,0,0,m1,1VLpfZJuzKm3UcPtfYMsf5T37jtkxjR3ZhRF3w,00e19bb5b8896e9f7c0d6579157e7286fd180364efb16b957f8ffb3b59cb4c4b,946686746,946686741,5,1,0,0,39.7686,190,
run6-tbt-10s,1,nazionale,10,none,true,100,192,2,1,m1,1VLpfZJuzKm3UcPtfYMsf5T37jtkxjR3ZhRF3w,501493,1,106,1.0,501493.0,746325.0,0.67195,2.20625218e-06,1.10642002,0.33074089,0.80729238,-0.917,5.000,12.89,12.8895,-0.0005,1,,1,1,1,1,1,m1,1VLpfZJuzKm3UcPtfYMsf5T37jtkxjR3ZhRF3w,0011adacb9dcbd4496308ce7882f72b2b4e489174d691fcf418f542960839216,946686759,946686746,12,1,0,0,113.5772,190,3
run6-tbt-10s,1,nazionale,10,none,true,100,192,2,1,m2,1AagzGnptAGnvYUunCiqyFBo5P7Zyq7h7kcijs,193971,1,106,1.0,193971.0,746325.0,0.259902,2.57267688e-06,0.49902471,0.60712249,0.85340082,-0.917,5.000,13.351,13.3506,-0.0004,1,,0,2,2,0,0,m1,1VLpfZJuzKm3UcPtfYMsf5T37jtkxjR3ZhRF3w,0011adacb9dcbd4496308ce7882f72b2b4e489174d691fcf418f542960839216,946686759,946686746,12,1,0,0,116.3495,190,
run6-tbt-10s,1,nazionale,10,none,true,100,192,2,1,m3,1CsyzTjErfmoC3PFDMJbGZZqJu6EUYCh2wKkBq,50861,1,106,1.0,50861.0,746325.0,0.068149,3.21812705e-05,1.6367716,0.1946073,1.0,-0.917,5.000,14.817,14.8166,-0.0004,1,,0,3,3,0,0,m1,1VLpfZJuzKm3UcPtfYMsf5T37jtkxjR3ZhRF3w,0011adacb9dcbd4496308ce7882f72b2b4e489174d691fcf418f542960839216,946686759,946686746,12,1,0,0,39.7686,190,
run6-tbt-10s,1,nazionale,10,none,true,100,193,2,1,m1,1VLpfZJuzKm3UcPtfYMsf5T37jtkxjR3ZhRF3w,501493,1,106,1.0,501493.0,746325.0,0.67195,6.0623889e-07,0.30402456,0.73784275,0.36393291,-1.0,5.000,8.439,8.4393,0.0003,1,,0,2,2,0,0,m3,1CsyzTjErfmoC3PFDMJbGZZqJu6EUYCh2wKkBq,009351bb8b31b983bb2f5db96caec637c1412c812a9d98f01434be2d341b9e2e,946686767,946686759,6,1,0,0,114.138,193,
run6-tbt-10s,1,nazionale,10,none,true,100,193,2,1,m2,1AagzGnptAGnvYUunCiqyFBo5P7Zyq7h7kcijs,193971,1,106,1.0,193971.0,746325.0,0.259902,8.83768415e-06,1.71425443,0.18009795,0.99863389,-1.0,5.000,14.786,14.7863,0.0003,1,,0,3,3,0,0,m3,1CsyzTjErfmoC3PFDMJbGZZqJu6EUYCh2wKkBq,009351bb8b31b983bb2f5db96caec637c1412c812a9d98f01434be2d341b9e2e,946686767,946686759,6,1,0,0,116.3495,193,
run6-tbt-10s,1,nazionale,10,none,true,100,193,2,1,m3,1CsyzTjErfmoC3PFDMJbGZZqJu6EUYCh2wKkBq,50861,1,106,1.0,50861.0,746325.0,0.068149,2.3394019e-07,0.01189843,0.98817207,0.16020328,-1.0,5.000,6.402,6.402,0.0,1,,1,1,1,1,1,m3,1CsyzTjErfmoC3PFDMJbGZZqJu6EUYCh2wKkBq,009351bb8b31b983bb2f5db96caec637c1412c812a9d98f01434be2d341b9e2e,946686767,946686759,6,1,0,0,39.7686,193,1
run6-tbt-10s,1,nazionale,10,none,true,100,194,2,1,m1,1VLpfZJuzKm3UcPtfYMsf5T37jtkxjR3ZhRF3w,501493,1,106,1.0,501493.0,746325.0,0.67195,4.34768484e-07,0.21803335,0.80409862,0.27709581,-0.583,5.000,7.654,7.6544,0.0004,1,,1,1,1,1,1,m1,1VLpfZJuzKm3UcPtfYMsf5T37jtkxjR3ZhRF3w,006f43cd4e38635b4c10ecba8b4929f23c8e10e8a35ab0b0c2d9abdfae9d0380,946686776,946686767,7,1,0,0,114.138,193,1
run6-tbt-10s,1,nazionale,10,none,true,100,194,2,1,m2,1AagzGnptAGnvYUunCiqyFBo5P7Zyq7h7kcijs,193971,1,106,1.0,193971.0,746325.0,0.259902,9.84819426e-06,1.91026409,0.14804129,0.99935738,-0.583,5.000,14.877,14.877,-0.0,1,,0,2,2,0,0,m1,1VLpfZJuzKm3UcPtfYMsf5T37jtkxjR3ZhRF3w,006f43cd4e38635b4c10ecba8b4929f23c8e10e8a35ab0b0c2d9abdfae9d0380,946686776,946686767,7,1,0,0,116.3495,193,
run6-tbt-10s,1,nazionale,10,none,true,100,194,2,1,m3,1CsyzTjErfmoC3PFDMJbGZZqJu6EUYCh2wKkBq,50861,1,106,1.0,50861.0,746325.0,0.068149,2.87684356e-05,1.4631914,0.2314963,1.0,-0.583,5.000,14.883,14.8834,0.0004,1,,0,3,3,0,0,m1,1VLpfZJuzKm3UcPtfYMsf5T37jtkxjR3ZhRF3w,006f43cd4e38635b4c10ecba8b4929f23c8e10e8a35ab0b0c2d9abdfae9d0380,946686776,946686767,7,1,0,0,39.7686,193,
run6-tbt-10s,1,nazionale,10,none,true,100,195,2,1,m1,1VLpfZJuzKm3UcPtfYMsf5T37jtkxjR3ZhRF3w,501493,1,106,1.0,501493.0,746325.0,0.67195,2.77046901e-06,1.38937082,0.24923207,0.8735199,-0.583,5.000,13.619,13.6186,-0.0004,1,,1,2,2,0,0,m1,1VLpfZJuzKm3UcPtfYMsf5T37jtkxjR3ZhRF3w,00a5fa7e52d4ebc95f69dceed69523cfa0a1bdbb0c1920ef690dfe5e569f3157,946686790,946686776,13,1,1,1,114.138,193,2
run6-tbt-10s,1,nazionale,10,none,true,100,195,2,1,m2,1AagzGnptAGnvYUunCiqyFBo5P7Zyq7h7kcijs,193971,1,106,1.0,193971.0,746325.0,0.259902,1.9492285e-06,0.3780938,0.68516623,0.76654314,-0.583,5.000,12.549,12.5488,-0.0002,1,,0,1,1,1,1,m1,1VLpfZJuzKm3UcPtfYMsf5T37jtkxjR3ZhRF3w,00a5fa7e52d4ebc95f69dceed69523cfa0a1bdbb0c1920ef690dfe5e569f3157,946686790,946686776,13,1,1,1,116.3495,193,
run6-tbt-10s,1,nazionale,10,none,true,100,195,2,1,m3,1CsyzTjErfmoC3PFDMJbGZZqJu6EUYCh2wKkBq,50861,1,106,1.0,50861.0,746325.0,0.068149,7.58265032e-06,0.38566118,0.68000089,0.99651442,-0.583,5.000,14.848,14.8485,0.0005,1,,0,3,3,0,0,m1,1VLpfZJuzKm3UcPtfYMsf5T37jtkxjR3ZhRF3w,00a5fa7e52d4ebc95f69dceed69523cfa0a1bdbb0c1920ef690dfe5e569f3157,946686790,946686776,13,1,1,1,39.7686,193,
run6-tbt-10s,1,nazionale,10,none,true,100,196,2,1,m1,1VLpfZJuzKm3UcPtfYMsf5T37jtkxjR3ZhRF3w,501493,1,106,1.0,501493.0,746325.0,0.67195,5.97331487e-07,0.29955756,0.74114606,0.35969037,-1.0,5.000,8.397,8.3969,-0.0001,1,,1,1,1,1,1,m1,1VLpfZJuzKm3UcPtfYMsf5T37jtkxjR3ZhRF3w,0001852cf1c4b9ceb063ad81530bad277d9762a2c867a34342d2df4b10decd5d,946686799,946686790,8,1,0,0,114.587,196,3
run6-tbt-10s,1,nazionale,10,none,true,100,196,2,1,m2,1AagzGnptAGnvYUunCiqyFBo5P7Zyq7h7kcijs,193971,1,106,1.0,193971.0,746325.0,0.259902,1.00502318e-05,1.94945351,0.14235184,0.99944732,-1.0,5.000,14.794,14.7945,0.0005,1,,0,2,2,0,0,m1,1VLpfZJuzKm3UcPtfYMsf5T37jtkxjR3ZhRF3w,0001852cf1c4b9ceb063ad81530bad277d9762a2c867a34342d2df4b10decd5d,946686799,946686790,8,1,0,0,116.3495,196,
run6-tbt-10s,1,nazionale,10,none,true,100,196,2,1,m3,1CsyzTjErfmoC3PFDMJbGZZqJu6EUYCh2wKkBq,50861,1,106,1.0,50861.0,746325.0,0.068149,2.16280289e-05,1.10002318,0.33286337,0.9999999,-1.0,5.000,14.8,14.8,-0.0,1,,0,3,3,0,0,m1,1VLpfZJuzKm3UcPtfYMsf5T37jtkxjR3ZhRF3w,0001852cf1c4b9ceb063ad81530bad277d9762a2c867a34342d2df4b10decd5d,946686799,946686790,8,1,0,0,39.993,196,
run6-tbt-10s,1,nazionale,10,none,true,100,197,2,1,m1,1VLpfZJuzKm3UcPtfYMsf5T37jtkxjR3ZhRF3w,501493,1,106,1.0,501493.0,746325.0,0.67195,1.74792457e-06,0.87657194,0.41620725,0.72869722,-0.833,5.000,12.12,12.1204,0.0004,1,,0,3,3,0,0,m2,1AagzGnptAGnvYUunCiqyFBo5P7Zyq7h7kcijs,00ed5b182040106315c2838062da1dbdfadcf7aaa55077076be7d75c803190cc,946686808,946686799,6,1,0,0,114.587,196,
run6-tbt-10s,1,nazionale,10,none,true,100,197,2,1,m2,1AagzGnptAGnvYUunCiqyFBo5P7Zyq7h7kcijs,193971,1,106,1.0,193971.0,746325.0,0.259902,2.75825126e-07,0.05350208,0.94790397,0.18604906,-0.833,5.000,6.694,6.6939,-0.0001,1,,1,1,1,1,1,m2,1AagzGnptAGnvYUunCiqyFBo5P7Zyq7h7kcijs,00ed5b182040106315c2838062da1dbdfadcf7aaa55077076be7d75c803190cc,946686808,946686799,6,1,0,0,116.3495,196,1
run6-tbt-10s,1,nazionale,10,none,true,100,197,2,1,m3,1CsyzTjErfmoC3PFDMJbGZZqJu6EUYCh2wKkBq,50861,1,106,1.0,50861.0,746325.0,0.068149,5.94674932e-07,0.03024576,0.97020706,0.3584196,-0.833,5.000,8.418,8.4176,-0.0004,1,,0,2,2,0,0,m2,1AagzGnptAGnvYUunCiqyFBo5P7Zyq7h7kcijs,00ed5b182040106315c2838062da1dbdfadcf7aaa55077076be7d75c803190cc,946686808,946686799,6,1,0,0,39.993,196,
run6-tbt-10s,1,nazionale,10,none,true,100,198,2,1,m1,1VLpfZJuzKm3UcPtfYMsf5T37jtkxjR3ZhRF3w,501493,1,106,1.0,501493.0,746325.0,0.67195,1.14765929e-06,0.5755431,0.56239935,0.57536564,-0.417,5.000,10.67,10.6703,0.0003,1,,1,1,1,1,1,m1,1VLpfZJuzKm3UcPtfYMsf5T37jtkxjR3ZhRF3w,00ba1db401bf7322b41f6f96f2dd183813670b8aaf6f89aed3f990f731dae08a,946686820,946686808,10,1,0,0,114.587,196,1
run6-tbt-10s,1,nazionale,10,none,true,100,198,2,1,m2,1AagzGnptAGnvYUunCiqyFBo5P7Zyq7h7kcijs,193971,1,106,1.0,193971.0,746325.0,0.259902,4.49513941e-06,0.87192669,0.41814514,0.96508487,-0.417,5.000,14.568,14.5674,-0.0006,1,,0,2,2,0,0,m1,1VLpfZJuzKm3UcPtfYMsf5T37jtkxjR3ZhRF3w,00ba1db401bf7322b41f6f96f2dd183813670b8aaf6f89aed3f990f731dae08a,946686820,946686808,10,1,0,0,116.3495,196,
run6-tbt-10s,1,nazionale,10,none,true,100,198,2,1,m3,1CsyzTjErfmoC3PFDMJbGZZqJu6EUYCh2wKkBq,50861,1,106,1.0,50861.0,746325.0,0.068149,4.20688649e-05,2.13966454,0.11769432,1.0,-0.417,5.000,14.917,14.9166,-0.0004,1,,0,3,3,0,0,m1,1VLpfZJuzKm3UcPtfYMsf5T37jtkxjR3ZhRF3w,00ba1db401bf7322b41f6f96f2dd183813670b8aaf6f89aed3f990f731dae08a,946686820,946686808,10,1,0,0,39.993,196,
run6-tbt-10s,1,nazionale,10,none,true,100,199,2,1,m1,1VLpfZJuzKm3UcPtfYMsf5T37jtkxjR3ZhRF3w,501493,1,106,1.0,501493.0,746325.0,0.67195,4.98399541e-07,0.24994388,0.77884449,0.31062372,-0.083,5.000,8.09,8.0896,-0.0004,1,,1,1,1,1,1,m1,1VLpfZJuzKm3UcPtfYMsf5T37jtkxjR3ZhRF3w,00a5ccbd2c8deead913d2a16ddb3ee94c901e6cd99b8b99878033db90271b718,946686829,946686820,8,1,0,0,114.9236,199,2
run6-tbt-10s,1,nazionale,10,none,true,100,199,2,1,m2,1AagzGnptAGnvYUunCiqyFBo5P7Zyq7h7kcijs,193971,1,106,1.0,193971.0,746325.0,0.259902,3.65838795e-06,0.70962117,0.49183048,0.9348033,-0.083,5.000,14.331,14.3314,0.0004,1,,0,2,2,0,0,m1,1VLpfZJuzKm3UcPtfYMsf5T37jtkxjR3ZhRF3w,00a5ccbd2c8deead913d2a16ddb3ee94c901e6cd99b8b99878033db90271b718,946686829,946686820,8,1,0,0,116.5179,199,
run6-tbt-10s,1,nazionale,10,none,true,100,199,2,1,m3,1CsyzTjErfmoC3PFDMJbGZZqJu6EUYCh2wKkBq,50861,1,106,1.0,50861.0,746325.0,0.068149,8.09109606e-06,0.41152124,0.66264145,0.99761507,-0.083,5.000,14.959,14.9596,0.0006,1,,0,3,3,0,0,m1,1VLpfZJuzKm3UcPtfYMsf5T37jtkxjR3ZhRF3w,00a5ccbd2c8deead913d2a16ddb3ee94c901e6cd99b8b99878033db90271b718,946686829,946686820,8,1,0,0,39.993,199,
run6-tbt-10s,1,nazionale,10,none,true,100,200,3,1,m1,1VLpfZJuzKm3UcPtfYMsf5T37jtkxjR3ZhRF3w,501493,1,106,1.0,501493.0,746325.0,0.67195,6.35102739e-07,0.31849958,0.72723938,0.37748842,0.0,5.000,8.775,8.7749,-0.0001,1,,1,1,1,1,1,m1,1VLpfZJuzKm3UcPtfYMsf5T37jtkxjR3ZhRF3w,00fc5ec90c4ae9c88386105b4947a5ebf64807c2a6ab00459c78768402857838,946686837,946686829,8,1,0,0,114.9236,199,3
run6-tbt-10s,1,nazionale,10,none,true,100,200,3,1,m2,1AagzGnptAGnvYUunCiqyFBo5P7Zyq7h7kcijs,193971,1,106,1.0,193971.0,746325.0,0.259902,6.81222039e-06,1.3213732,0.26676872,0.99380573,0.0,5.000,14.938,14.9381,0.0001,1,,0,2,2,0,0,m1,1VLpfZJuzKm3UcPtfYMsf5T37jtkxjR3ZhRF3w,00fc5ec90c4ae9c88386105b4947a5ebf64807c2a6ab00459c78768402857838,946686837,946686829,8,1,0,0,116.5179,199,
run6-tbt-10s,1,nazionale,10,none,true,100,200,3,1,m3,1CsyzTjErfmoC3PFDMJbGZZqJu6EUYCh2wKkBq,50861,1,106,1.0,50861.0,746325.0,0.068149,4.62920646e-05,2.3544607,0.0949447,1.0,0.0,5.000,15.0,15.0,-0.0,1,,0,3,3,0,0,m1,1VLpfZJuzKm3UcPtfYMsf5T37jtkxjR3ZhRF3w,00fc5ec90c4ae9c88386105b4947a5ebf64807c2a6ab00459c78768402857838,946686837,946686829,8,1,0,0,39.993,199,
run6-tbt-10s,1,nazionale,10,none,true,100,201,3,1,m1,1VLpfZJuzKm3UcPtfYMsf5T37jtkxjR3ZhRF3w,501493,1,106,1.0,501493.0,746325.0,0.67195,5.65496659e-06,2.83592616,0.05866417,0.98530786,0.167,5.000,14.886,14.8865,0.0005,1,,1,1,1,1,1,m1,1VLpfZJuzKm3UcPtfYMsf5T37jtkxjR3ZhRF3w,00f89355874f4a48ca2472e80667324185a05ccea539168b405b90a2fa85b272,946686853,946686837,14,1,0,0,7.8368,201,4
run6-tbt-10s,1,nazionale,10,none,true,100,201,3,1,m2,1AagzGnptAGnvYUunCiqyFBo5P7Zyq7h7kcijs,193971,1,106,1.0,193971.0,746325.0,0.259902,1.3177083e-05,2.55597197,0.07761675,0.99994642,0.167,5.000,15.033,15.0329,-0.0001,1,,0,2,2,0,0,m1,1VLpfZJuzKm3UcPtfYMsf5T37jtkxjR3ZhRF3w,00f89355874f4a48ca2472e80667324185a05ccea539168b405b90a2fa85b272,946686853,946686837,14,1,0,0,47.762,201,
run6-tbt-10s,1,nazionale,10,none,true,100,201,3,1,m3,1CsyzTjErfmoC3PFDMJbGZZqJu6EUYCh2wKkBq,50861,1,106,1.0,50861.0,746325.0,0.068149,2.10434372e-05,1.07029026,0.34290897,0.99999985,0.167,5.000,15.033,15.0334,0.0004,1,,0,3,3,0,0,m1,1VLpfZJuzKm3UcPtfYMsf5T37jtkxjR3ZhRF3w,00f89355874f4a48ca2472e80667324185a05ccea539168b405b90a2fa85b272,946686853,946686837,14,1,0,0,31.4936,201,
run6-tbt-10s,1,nazionale,10,none,true,100,202,3,1,m1,1VLpfZJuzKm3UcPtfYMsf5T37jtkxjR3ZhRF3w,501493,1,106,1.0,501493.0,746325.0,0.67195,2.66363993e-06,1.33579678,0.26294858,0.86302284,-0.5,5.000,13.53,13.5302,0.0002,1,,1,1,1,1,1,m1,1VLpfZJuzKm3UcPtfYMsf5T37jtkxjR3ZhRF3w,00c48d44e97c75cbab05ae0566e76c7af3418e17398c866200e38e6c644481f4,946686867,946686853,13,1,0,0,7.8368,201,5
run6-tbt-10s,1,nazionale,10,none,true,100,202,3,1,m2,1AagzGnptAGnvYUunCiqyFBo5P7Zyq7h7kcijs,193971,1,106,1.0,193971.0,746325.0,0.259902,1.39557941e-05,2.70701934,0.06673543,0.99997004,-0.5,5.000,14.9,14.8997,-0.0003,1,,0,3,3,0,0,m1,1VLpfZJuzKm3UcPtfYMsf5T37jtkxjR3ZhRF3w,00c48d44e97c75cbab05ae0566e76c7af3418e17398c866200e38e6c644481f4,946686867,946686853,13,1,0,0,47.762,201,
run6-tbt-10s,1,nazionale,10,none,true,100,202,3,1,m3,1CsyzTjErfmoC3PFDMJbGZZqJu6EUYCh2wKkBq,50861,1,106,1.0,50861.0,746325.0,0.068149,5.49426594e-06,0.27944386,0.75620418,0.98343574,-0.5,5.000,14.734,14.7344,0.0004,1,,0,2,2,0,0,m1,1VLpfZJuzKm3UcPtfYMsf5T37jtkxjR3ZhRF3w,00c48d44e97c75cbab05ae0566e76c7af3418e17398c866200e38e6c644481f4,946686867,946686853,13,1,0,0,31.4936,201,
run6-tbt-10s,1,nazionale,10,none,true,100,203,3,1,m1,1VLpfZJuzKm3UcPtfYMsf5T37jtkxjR3ZhRF3w,501493,1,106,1.0,501493.0,746325.0,0.67195,2.29354733e-06,1.15019793,0.3165741,0.81944714,-0.5,5.000,13.094,13.0945,0.0005,1,,1,1,1,1,1,m1,1VLpfZJuzKm3UcPtfYMsf5T37jtkxjR3ZhRF3w,0074c4bae2721df7b907957a0cfca9b88c1542aa29ff1e42dff42a18b08d49b9,946686880,946686867,13,1,0,0,7.8368,201,6
run6-tbt-10s,1,nazionale,10,none,true,100,203,3,1,m2,1AagzGnptAGnvYUunCiqyFBo5P7Zyq7h7kcijs,193971,1,106,1.0,193971.0,746325.0,0.259902,3.96945679e-06,0.7699595,0.46303182,0.94831072,-0.5,5.000,14.383,14.3831,0.0001,1,,0,2,2,0,0,m1,1VLpfZJuzKm3UcPtfYMsf5T37jtkxjR3ZhRF3w,0074c4bae2721df7b907957a0cfca9b88c1542aa29ff1e42dff42a18b08d49b9,946686880,946686867,13,1,0,0,47.762,201,
run6-tbt-10s,1,nazionale,10,none,true,100,203,3,1,m3,1CsyzTjErfmoC3PFDMJbGZZqJu6EUYCh2wKkBq,50861,1,106,1.0,50861.0,746325.0,0.068149,1.92047384e-05,0.9767722,0.37652449,0.9999994,-0.5,5.000,14.9,14.9,-0.0,1,,0,3,3,0,0,m1,1VLpfZJuzKm3UcPtfYMsf5T37jtkxjR3ZhRF3w,0074c4bae2721df7b907957a0cfca9b88c1542aa29ff1e42dff42a18b08d49b9,946686880,946686867,13,1,0,0,31.4936,201,
run6-tbt-10s,1,nazionale,10,none,true,100,204,3,1,m1,1VLpfZJuzKm3UcPtfYMsf5T37jtkxjR3ZhRF3w,501493,1,106,1.0,501493.0,746325.0,0.67195,1.63327172e-06,0.81907433,0.44083954,0.70446013,-1.167,5.000,11.811,11.8112,0.0002,1,,1,1,1,1,1,m1,1VLpfZJuzKm3UcPtfYMsf5T37jtkxjR3ZhRF3w,00b3f26a3659aa69b1619b59da66a9db26500b41109f01138a74fe6e6ffb581f,946686893,946686880,11,1,0,0,109.7708,204,7
run6-tbt-10s,1,nazionale,10,none,true,100,204,3,1,m2,1AagzGnptAGnvYUunCiqyFBo5P7Zyq7h7kcijs,193971,1,106,1.0,193971.0,746325.0,0.259902,1.92907805e-05,3.74185198,0.02371015,0.99999944,-1.167,5.000,14.767,14.7666,-0.0004,1,,0,3,3,0,0,m1,1VLpfZJuzKm3UcPtfYMsf5T37jtkxjR3ZhRF3w,00b3f26a3659aa69b1619b59da66a9db26500b41109f01138a74fe6e6ffb581f,946686893,946686880,11,1,0,0,47.762,204,
run6-tbt-10s,1,nazionale,10,none,true,100,204,3,1,m3,1CsyzTjErfmoC3PFDMJbGZZqJu6EUYCh2wKkBq,50861,1,106,1.0,50861.0,746325.0,0.068149,9.96768552e-06,0.50696645,0.60231998,0.99941221,-1.167,5.000,14.761,14.7607,-0.0003,1,,0,2,2,0,0,m1,1VLpfZJuzKm3UcPtfYMsf5T37jtkxjR3ZhRF3w,00b3f26a3659aa69b1619b59da66a9db26500b41109f01138a74fe6e6ffb581f,946686893,946686880,11,1,0,0,31.4936,204,
run6-tbt-10s,1,nazionale,10,none,true,100,205,3,1,m1,1VLpfZJuzKm3UcPtfYMsf5T37jtkxjR3ZhRF3w,501493,1,106,1.0,501493.0,746325.0,0.67195,3.13371043e-06,1.57153384,0.20772632,0.90355346,-1.167,5.000,13.802,13.8021,0.0001,1,,0,3,3,0,0,m3,1CsyzTjErfmoC3PFDMJbGZZqJu6EUYCh2wKkBq,0020bc58664b105e65fb27fe0b4e6430e373df7f97b43db99be6382c61c5b69c,946686900,946686893,6,1,0,0,109.7708,204,
run6-tbt-10s,1,nazionale,10,none,true,100,205,3,1,m2,1AagzGnptAGnvYUunCiqyFBo5P7Zyq7h7kcijs,193971,1,106,1.0,193971.0,746325.0,0.259902,2.10079483e-06,0.40749327,0.66531593,0.7915124,-1.167,5.000,12.682,12.6817,-0.0003,1,,0,2,2,0,0,m3,1CsyzTjErfmoC3PFDMJbGZZqJu6EUYCh2wKkBq,0020bc58664b105e65fb27fe0b4e6430e373df7f97b43db99be6382c61c5b69c,946686900,946686893,6,1,0,0,47.762,204,
run6-tbt-10s,1,nazionale,10,none,true,100,205,3,1,m3,1CsyzTjErfmoC3PFDMJbGZZqJu6EUYCh2wKkBq,50861,1,106,1.0,50861.0,746325.0,0.068149,2.09283814e-07,0.01064438,0.98941207,0.14460655,-1.167,5.000,6.213,6.2127,-0.0003,1,,1,1,1,1,1,m3,1CsyzTjErfmoC3PFDMJbGZZqJu6EUYCh2wKkBq,0020bc58664b105e65fb27fe0b4e6430e373df7f97b43db99be6382c61c5b69c,946686900,946686893,6,1,0,0,31.4936,204,1
run6-tbt-10s,1,nazionale,10,none,true,100,206,3,1,m1,1VLpfZJuzKm3UcPtfYMsf5T37jtkxjR3ZhRF3w,501493,1,106,1.0,501493.0,746325.0,0.67195,4.31057303e-06,2.1617222,0.11512668,0.95992844,-1.083,5.000,14.383,14.3827,-0.0003,1,,0,2,2,0,0,m2,1AagzGnptAGnvYUunCiqyFBo5P7Zyq7h7kcijs,00f20fefc6364afd72b8806de8607110a2392ed6496d254683b95345ede42f93,946686914,946686900,11,1,0,0,109.7708,204,
run6-tbt-10s,1,nazionale,10,none,true,100,206,3,1,m2,1AagzGnptAGnvYUunCiqyFBo5P7Zyq7h7kcijs,193971,1,106,1.0,193971.0,746325.0,0.259902,1.61078272e-06,0.31244513,0.73165577,0.69945789,-1.083,5.000,11.778,11.778,-0.0,1,,1,1,1,1,1,m2,1AagzGnptAGnvYUunCiqyFBo5P7Zyq7h7kcijs,00f20fefc6364afd72b8806de8607110a2392ed6496d254683b95345ede42f93,946686914,946686900,11,1,0,0,47.762,204,1
run6-tbt-10s,1,nazionale,10,none,true,100,206,3,1,m3,1CsyzTjErfmoC3PFDMJbGZZqJu6EUYCh2wKkBq,50861,1,106,1.0,50861.0,746325.0,0.068149,3.35990974e-05,1.70888369,0.18106781,1.0,-1.083,5.000,14.783,14.7834,0.0004,1,,0,3,3,0,0,m2,1AagzGnptAGnvYUunCiqyFBo5P7Zyq7h7kcijs,00f20fefc6364afd72b8806de8607110a2392ed6496d254683b95345ede42f93,946686914,946686900,11,1,0,0,31.4936,204,
run6-tbt-10s,1,nazionale,10,none,true,100,207,3,1,m1,1VLpfZJuzKm3UcPtfYMsf5T37jtkxjR3ZhRF3w,796172,2,206,1.0,796172.0,1181324.0,0.673966,5.17503762e-07,0.41202201,0.6623097,0.45737652,-1.5,5.000,9.274,9.2738,-0.0002,1,,1,1,1,1,1,m1,1VLpfZJuzKm3UcPtfYMsf5T37jtkxjR3ZhRF3w,007ab9e3842b873ad8bb37c40217025a67e009f538e70ff50c9933893c86818b,946686924,946686914,9,1,0,0,109.919,207,1
run6-tbt-10s,1,nazionale,10,none,true,100,207,3,1,m2,1AagzGnptAGnvYUunCiqyFBo5P7Zyq7h7kcijs,308720,2,206,1.0,308720.0,1181324.0,0.261334,2.30308973e-06,0.71100986,0.49114796,0.93417102,-1.5,5.000,14.042,14.0417,-0.0003,1,,0,2,2,0,0,m1,1VLpfZJuzKm3UcPtfYMsf5T37jtkxjR3ZhRF3w,007ab9e3842b873ad8bb37c40217025a67e009f538e70ff50c9933893c86818b,946686924,946686914,9,1,0,0,48.2542,207,
run6-tbt-10s,1,nazionale,10,none,true,100,207,3,1,m3,1CsyzTjErfmoC3PFDMJbGZZqJu6EUYCh2wKkBq,76432,2,206,1.0,76432.0,1181324.0,0.0647,1.78029361e-05,1.36071401,0.25647758,1.0,-1.5,5.000,14.7,14.7,-0.0,1,,0,3,3,0,0,m1,1VLpfZJuzKm3UcPtfYMsf5T37jtkxjR3ZhRF3w,007ab9e3842b873ad8bb37c40217025a67e009f538e70ff50c9933893c86818b,946686924,946686914,9,1,0,0,31.4144,207,
run6-tbt-10s,1,nazionale,10,none,true,100,208,3,1,m1,1VLpfZJuzKm3UcPtfYMsf5T37jtkxjR3ZhRF3w,796172,2,206,1.0,796172.0,1181324.0,0.673966,2.64747893e-07,0.21078486,0.8099483,0.26856948,-1.167,5.000,7.452,7.4523,0.0003,1,,1,1,1,1,1,m1,1VLpfZJuzKm3UcPtfYMsf5T37jtkxjR3ZhRF3w,00814a74f6a84a6e2eeda4d811755d59326939c7728447c9b47347fbbeb38ed3,946686932,946686924,7,1,0,0,109.919,207,2
run6-tbt-10s,1,nazionale,10,none,true,100,208,3,1,m2,1AagzGnptAGnvYUunCiqyFBo5P7Zyq7h7kcijs,308720,2,206,1.0,308720.0,1181324.0,0.261334,6.72809646e-06,2.07709794,0.12529329,0.99964665,-1.167,5.000,14.763,14.7631,0.0001,1,,0,2,2,0,0,m1,1VLpfZJuzKm3UcPtfYMsf5T37jtkxjR3ZhRF3w,00814a74f6a84a6e2eeda4d811755d59326939c7728447c9b47347fbbeb38ed3,946686932,946686924,7,1,0,0,48.2542,207,
run6-tbt-10s,1,nazionale,10,none,true,100,208,3,1,m3,1CsyzTjErfmoC3PFDMJbGZZqJu6EUYCh2wKkBq,76432,2,206,1.0,76432.0,1181324.0,0.0647,2.60804329e-05,1.99337965,0.13623422,1.0,-1.167,5.000,14.767,14.7666,-0.0004,1,,0,3,3,0,0,m1,1VLpfZJuzKm3UcPtfYMsf5T37jtkxjR3ZhRF3w,00814a74f6a84a6e2eeda4d811755d59326939c7728447c9b47347fbbeb38ed3,946686932,946686924,7,1,0,0,31.4144,207,
run6-tbt-10s,1,nazionale,10,none,true,100,209,3,1,m1,1VLpfZJuzKm3UcPtfYMsf5T37jtkxjR3ZhRF3w,796172,2,206,1.0,796172.0,1181324.0,0.673966,7.51758281e-07,0.59852889,0.54961959,0.58855096,-1.083,5.000,10.669,10.6689,-0.0001,1,,1,1,1,1,1,m1,1VLpfZJuzKm3UcPtfYMsf5T37jtkxjR3ZhRF3w,004e4b65889fa5dc8f491c0bd98b09d2171d9c7ee0c1e20d7330624683e500ab,946686943,946686932,10,1,0,0,109.919,207,3
run6-tbt-10s,1,nazionale,10,none,true,100,209,3,1,m2,1AagzGnptAGnvYUunCiqyFBo5P7Zyq7h7kcijs,308720,2,206,1.0,308720.0,1181324.0,0.261334,2.90892736e-06,0.89804405,0.40736567,0.96781921,-1.083,5.000,14.462,14.4616,-0.0004,1,,0,2,2,0,0,m1,1VLpfZJuzKm3UcPtfYMsf5T37jtkxjR3ZhRF3w,004e4b65889fa5dc8f491c0bd98b09d2171d9c7ee0c1e20d7330624683e500ab,946686943,946686932,10,1,0,0,48.2542,207,
run6-tbt-10s,1,nazionale,10,none,true,100,209,3,1,m3,1CsyzTjErfmoC3PFDMJbGZZqJu6EUYCh2wKkBq,76432,2,206,1.0,76432.0,1181324.0,0.0647,1.56748604e-05,1.19806093,0.30177882,0.99999999,-1.083,5.000,14.783,14.7834,0.0004,1,,0,3,3,0,0,m1,1VLpfZJuzKm3UcPtfYMsf5T37jtkxjR3ZhRF3w,004e4b65889fa5dc8f491c0bd98b09d2171d9c7ee0c1e20d7330624683e500ab,946686943,946686932,10,1,0,0,31.4144,207,
run6-tbt-10s,1,nazionale,10,none,true,100,210,3,1,m1,1VLpfZJuzKm3UcPtfYMsf5T37jtkxjR3ZhRF3w,796172,2,206,1.0,796172.0,1181324.0,0.673966,1.77004794e-06,1.40926261,0.24432338,0.8764365,-1.25,5.000,13.514,13.5144,0.0004,1,,0,2,2,0,0,m2,1AagzGnptAGnvYUunCiqyFBo5P7Zyq7h7kcijs,00d4c072931eb89f42d5488019f9083dc44935f9b5cf65a3ba9587847210882f,946686955,946686943,10,1,0,0,110.6482,210,
run6-tbt-10s,1,nazionale,10,none,true,100,210,3,1,m2,1AagzGnptAGnvYUunCiqyFBo5P7Zyq7h7kcijs,308720,2,206,1.0,308720.0,1181324.0,0.261334,6.65455104e-07,0.2054393,0.81428952,0.54438999,-1.25,5.000,10.194,10.1939,-0.0001,1,,1,1,1,1,1,m2,1AagzGnptAGnvYUunCiqyFBo5P7Zyq7h7kcijs,00d4c072931eb89f42d5488019f9083dc44935f9b5cf65a3ba9587847210882f,946686955,946686943,10,1,0,0,48.2542,210,1
run6-tbt-10s,1,nazionale,10,none,true,100,210,3,1,m3,1CsyzTjErfmoC3PFDMJbGZZqJu6EUYCh2wKkBq,76432,2,206,1.0,76432.0,1181324.0,0.0647,2.15508505e-05,1.64717461,0.19259329,1.0,-1.25,5.000,14.75,14.75,-0.0,1,,0,3,3,0,0,m2,1AagzGnptAGnvYUunCiqyFBo5P7Zyq7h7kcijs,00d4c072931eb89f42d5488019f9083dc44935f9b5cf65a3ba9587847210882f,946686955,946686943,10,1,0,0,31.4144,210,
run6-tbt-10s,1,nazionale,10,none,true,100,211,3,1,m1,1VLpfZJuzKm3UcPtfYMsf5T37jtkxjR3ZhRF3w,796172,2,206,1.0,796172.0,1181324.0,0.673966,2.61182798e-07,0.20794643,0.81225055,0.26548254,-1.25,5.000,7.405,7.4048,-0.0002,1,,0,2,2,0,0,m2,1AagzGnptAGnvYUunCiqyFBo5P7Zyq7h7kcijs,00122617301ee40c7a792ee3c74a0f5e6f2a2ed29043bce8e1c92d330ee2e412,946686961,946686955,4,1,0,0,110.6482,210,
run6-tbt-10s,1,nazionale,10,none,true,100,211,3,1,m2,1AagzGnptAGnvYUunCiqyFBo5P7Zyq7h7kcijs,308720,2,206,1.0,308720.0,1181324.0,0.261334,1.18815065e-08,0.00366806,0.99633866,0.01393786,-1.25,5.000,4.889,4.8894,0.0004,1,,1,1,1,1,1,m2,1AagzGnptAGnvYUunCiqyFBo5P7Zyq7h7kcijs,00122617301ee40c7a792ee3c74a0f5e6f2a2ed29043bce8e1c92d330ee2e412,946686961,946686955,4,1,0,0,48.2542,210,2
run6-tbt-10s,1,nazionale,10,none,true,100,211,3,1,m3,1CsyzTjErfmoC3PFDMJbGZZqJu6EUYCh2wKkBq,76432,2,206,1.0,76432.0,1181324.0,0.0647,3.30615129e-05,2.52695755,0.07990175,1.0,-1.25,5.000,14.75,14.75,0.0,1,,0,3,3,0,0,m2,1AagzGnptAGnvYUunCiqyFBo5P7Zyq7h7kcijs,00122617301ee40c7a792ee3c74a0f5e6f2a2ed29043bce8e1c92d330ee2e412,946686961,946686955,4,1,0,0,31.4144,210,
run6-tbt-10s,1,nazionale,10,none,true,100,212,3,1,m1,1VLpfZJuzKm3UcPtfYMsf5T37jtkxjR3ZhRF3w,796172,2,206,1.0,796172.0,1181324.0,0.673966,2.18966508e-06,1.74335003,0.17493339,0.92473228,-1.0,5.000,14.047,14.0473,0.0003,1,,0,2,2,0,0,m2,1AagzGnptAGnvYUunCiqyFBo5P7Zyq7h7kcijs,004ba5581b846600aef4ffae68bbf8cd2da4877a9328fe84b2dbb0c5087f3200,946686975,946686961,14,1,0,0,110.6482,212,
run6-tbt-10s,1,nazionale,10,none,true,100,212,3,1,m2,1AagzGnptAGnvYUunCiqyFBo5P7Zyq7h7kcijs,308720,2,206,1.0,308720.0,1181324.0,0.261334,2.16219988e-06,0.66751435,0.51298209,0.92225015,-1.0,5.000,14.023,14.0225,-0.0005,1,,1,1,1,1,1,m2,1AagzGnptAGnvYUunCiqyFBo5P7Zyq7h7kcijs,004ba5581b846600aef4ffae68bbf8cd2da4877a9328fe84b2dbb0c5087f3200,946686975,946686961,14,1,0,0,48.5348,212,3
run6-tbt-10s,1,nazionale,10,none,true,100,212,3,1,m3,1CsyzTjErfmoC3PFDMJbGZZqJu6EUYCh2wKkBq,76432,2,206,1.0,76432.0,1181324.0,0.0647,2.6979404e-05,2.06208981,0.12718789,1.0,-1.0,5.000,14.8,14.8,-0.0,1,,0,3,3,0,0,m2,1AagzGnptAGnvYUunCiqyFBo5P7Zyq7h7kcijs,004ba5581b846600aef4ffae68bbf8cd2da4877a9328fe84b2dbb0c5087f3200,946686975,946686961,14,1,0,0,31.4144,212,
run6-tbt-10s,1,nazionale,10,none,true,100,213,3,1,m1,1VLpfZJuzKm3UcPtfYMsf5T37jtkxjR3ZhRF3w,796172,2,206,1.0,796172.0,1181324.0,0.673966,1.95224891e-06,1.55432592,0.21133179,0.90036467,-1.5,5.000,13.704,13.7036,-0.0004,1,,0,1,1,1,1,m2,1AagzGnptAGnvYUunCiqyFBo5P7Zyq7h7kcijs,0047f24080cc4fb347f92995cd19eb3826797f21a8b4ce8e6a93376191983a16,946686991,946686975,14,1,1,1,110.6482,212,
run6-tbt-10s,1,nazionale,10,none,true,100,213,3,1,m2,1AagzGnptAGnvYUunCiqyFBo5P7Zyq7h7kcijs,308720,2,206,1.0,308720.0,1181324.0,0.261334,4.44842127e-06,1.37331661,0.25326558,0.99477879,-1.5,5.000,14.648,14.6478,-0.0002,1,,1,2,2,0,0,m2,1AagzGnptAGnvYUunCiqyFBo5P7Zyq7h7kcijs,0047f24080cc4fb347f92995cd19eb3826797f21a8b4ce8e6a93376191983a16,946686991,946686975,14,1,1,1,48.5348,212,4
run6-tbt-10s,1,nazionale,10,none,true,100,213,3,1,m3,1CsyzTjErfmoC3PFDMJbGZZqJu6EUYCh2wKkBq,76432,2,206,1.0,76432.0,1181324.0,0.0647,8.85956367e-05,6.7715417,0.00114593,1.0,-1.5,5.000,14.7,14.7,0.0,1,,0,3,3,0,0,m2,1AagzGnptAGnvYUunCiqyFBo5P7Zyq7h7kcijs,0047f24080cc4fb347f92995cd19eb3826797f21a8b4ce8e6a93376191983a16,946686991,946686975,14,1,1,1,31.4144,212,
run6-tbt-10s,1,nazionale,10,none,true,100,214,3,1,m1,1VLpfZJuzKm3UcPtfYMsf5T37jtkxjR3ZhRF3w,796172,2,206,1.0,796172.0,1181324.0,0.673966,1.23119513e-06,0.98024309,0.37521988,0.76646898,-1.417,5.000,12.381,12.3813,0.0003,1,,0,1,1,1,1,m2,1AagzGnptAGnvYUunCiqyFBo5P7Zyq7h7kcijs,00641f57010b4c2e1155cd98d82127e076d853fd7c31421c50ce39c2f48f0d2b,946687004,946686991,12,1,1,1,110.6482,212,
run6-tbt-10s,1,nazionale,10,none,true,100,214,3,1,m2,1AagzGnptAGnvYUunCiqyFBo5P7Zyq7h7kcijs,308720,2,206,1.0,308720.0,1181324.0,0.261334,1.49332321e-06,0.46101874,0.63064086,0.82865883,-1.5,5.000,12.987,12.9866,-0.0004,1,,1,2,2,0,0,m2,1AagzGnptAGnvYUunCiqyFBo5P7Zyq7h7kcijs,00641f57010b4c2e1155cd98d82127e076d853fd7c31421c50ce39c2f48f0d2b,946687004,946686991,12,1,1,1,48.5348,212,5
run6-tbt-10s,1,nazionale,10,none,true,100,214,3,1,m3,1CsyzTjErfmoC3PFDMJbGZZqJu6EUYCh2wKkBq,76432,2,206,1.0,76432.0,1181324.0,0.0647,2.74385336e-06,0.2097182,0.8108127,0.96089011,-1.417,5.000,14.326,14.3255,-0.0005,1,,0,3,3,0,0,m2,1AagzGnptAGnvYUunCiqyFBo5P7Zyq7h7kcijs,00641f57010b4c2e1155cd98d82127e076d853fd7c31421c50ce39c2f48f0d2b,946687004,946686991,12,1,1,1,31.4144,212,
run6-tbt-10s,1,nazionale,10,none,true,100,215,3,1,m1,1VLpfZJuzKm3UcPtfYMsf5T37jtkxjR3ZhRF3w,796172,2,206,1.0,796172.0,1181324.0,0.673966,1.13725706e-06,0.90545223,0.40435898,0.73906112,-1.417,5.000,12.107,12.1072,0.0002,1,,0,2,2,0,0,m2,1AagzGnptAGnvYUunCiqyFBo5P7Zyq7h7kcijs,00f04b01c3c6b32139bfa205b89cbdd3d7ee201835c6490802c8caa147c035fa,946687010,946687004,6,1,0,0,110.6482,215,
run6-tbt-10s,1,nazionale,10,none,true,100,215,3,1,m2,1AagzGnptAGnvYUunCiqyFBo5P7Zyq7h7kcijs,308720,2,206,1.0,308720.0,1181324.0,0.261334,1.4254445e-07,0.04400632,0.95694791,0.15497679,-1.417,5.000,6.266,6.2664,0.0004,1,,1,1,1,1,1,m2,1AagzGnptAGnvYUunCiqyFBo5P7Zyq7h7kcijs,00f04b01c3c6b32139bfa205b89cbdd3d7ee201835c6490802c8caa147c035fa,946687010,946687004,6,1,0,0,47.9478,215,6
run6-tbt-10s,1,nazionale,10,none,true,100,215,3,1,m3,1CsyzTjErfmoC3PFDMJbGZZqJu6EUYCh2wKkBq,76432,2,206,1.0,76432.0,1181324.0,0.0647,4.56404038e-06,0.34883873,0.7055069,0.99544537,-1.417,5.000,14.671,14.6711,0.0001,1,,0,3,3,0,0,m2,1AagzGnptAGnvYUunCiqyFBo5P7Zyq7h7kcijs,00f04b01c3c6b32139bfa205b89cbdd3d7ee201835c6490802c8caa147c035fa,946687010,946687004,6,1,0,0,31.4144,215,
run6-tbt-10s,1,nazionale,10,none,true,100,216,3,1,m1,1VLpfZJuzKm3UcPtfYMsf5T37jtkxjR3ZhRF3w,796172,2,206,1.0,796172.0,1181324.0,0.673966,6.53076322e-07,0.51996108,0.59454369,0.5376785,-0.833,5.000,10.21,10.2102,0.0002,1,,1,1,1,1,1,m1,1VLpfZJuzKm3UcPtfYMsf5T37jtkxjR3ZhRF3w,00b8a6359d3dd560cb26e3c2979bace4f97fee754e85bc399b9db65024c6342b,946687022,946687010,10,1,0,0,110.6482,215,1
run6-tbt-10s,1,nazionale,10,none,true,100,216,3,1,m2,1AagzGnptAGnvYUunCiqyFBo5P7Zyq7h7kcijs,308720,2,206,1.0,308720.0,1181324.0,0.261334,5.95540297e-06,1.838552,0.15904756,0.99911971,-0.833,5.000,14.825,14.8246,-0.0004,1,,0,3,3,0,0,m1,1VLpfZJuzKm3UcPtfYMsf5T37jtkxjR3ZhRF3w,00b8a6359d3dd560cb26e3c2979bace4f97fee754e85bc399b9db65024c6342b,946687022,946687010,10,1,0,0,47.9478,215,
run6-tbt-10s,1,nazionale,10,none,true,100,216,3,1,m3,1CsyzTjErfmoC3PFDMJbGZZqJu6EUYCh2wKkBq,76432,2,206,1.0,76432.0,1181324.0,0.0647,1.96478239e-06,0.15017225,0.86055973,0.90182902,-0.833,5.000,13.852,13.8517,-0.0003,1,,0,2,2,0,0,m1,1VLpfZJuzKm3UcPtfYMsf5T37jtkxjR3ZhRF3w,00b8a6359d3dd560cb26e3c2979bace4f97fee754e85bc399b9db65024c6342b,946687022,946687010,10,1,0,0,31.4144,215,
run6-tbt-10s,1,nazionale,10,none,true,100,217,3,1,m1,1VLpfZJuzKm3UcPtfYMsf5T37jtkxjR3ZhRF3w,796172,2,206,1.0,796172.0,1181324.0,0.673966,3.09395535e-06,2.46332062,0.08515172,0.97413756,-0.75,5.000,14.591,14.5914,0.0004,1,,0,2,2,0,0,m2,1AagzGnptAGnvYUunCiqyFBo5P7Zyq7h7kcijs,0000c6a0ea4f30db1473d83d31fa823ba9ab045022466fe84c886b3fdb660c77,946687036,946687022,11,1,0,0,110.9846,217,
run6-tbt-10s,1,nazionale,10,none,true,100,217,3,1,m2,1AagzGnptAGnvYUunCiqyFBo5P7Zyq7h7kcijs,308720,2,206,1.0,308720.0,1181324.0,0.261334,8.16121011e-07,0.25195288,0.77728136,0.61867503,-0.75,5.000,11.037,11.0368,-0.0002,1,,1,1,1,1,1,m2,1AagzGnptAGnvYUunCiqyFBo5P7Zyq7h7kcijs,0000c6a0ea4f30db1473d83d31fa823ba9ab045022466fe84c886b3fdb660c77,946687036,946687022,11,1,0,0,48.004,217,1
run6-tbt-10s,1,nazionale,10,none,true,100,217,3,1,m3,1CsyzTjErfmoC3PFDMJbGZZqJu6EUYCh2wKkBq,76432,2,206,1.0,76432.0,1181324.0,0.0647,1.59483714e-05,1.21896592,0.29553562,0.99999999,-0.75,5.000,14.85,14.85,-0.0,1,,0,3,3,0,0,m2,1AagzGnptAGnvYUunCiqyFBo5P7Zyq7h7kcijs,0000c6a0ea4f30db1473d83d31fa823ba9ab045022466fe84c886b3fdb660c77,946687036,946687022,11,1,0,0,31.4144,217,
run6-tbt-10s,1,nazionale,10,none,true,100,218,3,1,m1,1VLpfZJuzKm3UcPtfYMsf5T37jtkxjR3ZhRF3w,796172,2,206,1.0,796172.0,1181324.0,0.673966,8.28898647e-07,0.65994589,0.5168793,0.62438773,-1.333,5.000,10.977,10.9773,0.0003,1,,1,1,1,1,1,m1,1VLpfZJuzKm3UcPtfYMsf5T37jtkxjR3ZhRF3w,0066d5faf20629a8ffd8faa143253461827797c2e085b2475809eb8195c0e1e3,946687048,946687036,10,1,0,0,110.9846,217,1
run6-tbt-10s,1,nazionale,10,none,true,100,218,3,1,m2,1AagzGnptAGnvYUunCiqyFBo5P7Zyq7h7kcijs,308720,2,206,1.0,308720.0,1181324.0,0.261334,5.35832347e-06,1.65422162,0.19124086,0.99821782,-1.333,5.000,14.716,14.7156,-0.0004,1,,0,3,3,0,0,m1,1VLpfZJuzKm3UcPtfYMsf5T37jtkxjR3ZhRF3w,0066d5faf20629a8ffd8faa143253461827797c2e085b2475809eb8195c0e1e3,946687048,946687036,10,1,0,0,48.004,217,
run6-tbt-10s,1,nazionale,10,none,true,100,218,3,1,m3,1CsyzTjErfmoC3PFDMJbGZZqJu6EUYCh2wKkBq,76432,2,206,1.0,76432.0,1181324.0,0.0647,1.57206129e-06,0.12015579,0.88678228,0.84387741,-1.333,5.000,13.172,13.1722,0.0002,1,,0,2,2,0,0,m1,1VLpfZJuzKm3UcPtfYMsf5T37jtkxjR3ZhRF3w,0066d5faf20629a8ffd8faa143253461827797c2e085b2475809eb8195c0e1e3,946687048,946687036,10,1,0,0,31.4144,217,
run6-tbt-10s,1,nazionale,10,none,true,100,219,3,1,m1,1VLpfZJuzKm3UcPtfYMsf5T37jtkxjR3ZhRF3w,796172,2,206,1.0,796172.0,1181324.0,0.673966,2.50395837e-07,0.19935815,0.81925642,0.25606277,-1.167,5.000,7.327,7.3272,0.0002,1,,1,1,1,1,1,m1,1VLpfZJuzKm3UcPtfYMsf5T37jtkxjR3ZhRF3w,0011c1cda242006ceb569a0fcc9f08b8cd82b9cec28e7b3eecbdd58456a4b037,946687055,946687048,7,1,0,0,110.9846,217,2
run6-tbt-10s,1,nazionale,10,none,true,100,219,3,1,m2,1AagzGnptAGnvYUunCiqyFBo5P7Zyq7h7kcijs,308720,2,206,1.0,308720.0,1181324.0,0.261334,2.91459221e-06,0.89979291,0.40665387,0.96803385,-1.167,5.000,14.447,14.4469,-0.0001,1,,0,2,2,0,0,m1,1VLpfZJuzKm3UcPtfYMsf5T37jtkxjR3ZhRF3w,0011c1cda242006ceb569a0fcc9f08b8cd82b9cec28e7b3eecbdd58456a4b037,946687055,946687048,7,1,0,0,48.004,217,
run6-tbt-10s,1,nazionale,10,none,true,100,219,3,1,m3,1CsyzTjErfmoC3PFDMJbGZZqJu6EUYCh2wKkBq,76432,2,206,1.0,76432.0,1181324.0,0.0647,4.47028509e-06,0.34167283,0.71058065,0.99491192,-1.167,5.000,14.716,14.7157,-0.0003,1,,0,3,3,0,0,m1,1VLpfZJuzKm3UcPtfYMsf5T37jtkxjR3ZhRF3w,0011c1cda242006ceb569a0fcc9f08b8cd82b9cec28e7b3eecbdd58456a4b037,946687055,946687048,7,1,0,0,31.4144,217,
run6-tbt-10s,1,nazionale,10,none,true,100,220,3,1,m1,1VLpfZJuzKm3UcPtfYMsf5T37jtkxjR3ZhRF3w,796172,2,206,1.0,796172.0,1181324.0,0.673966,2.5776442e-06,2.05224814,0.12844581,0.95240526,-0.917,5.000,14.341,14.3407,-0.0003,1,,1,1,1,1,1,m1,1VLpfZJuzKm3UcPtfYMsf5T37jtkxjR3ZhRF3w,0018698c66134e83669b6f330539f44ebf3be7163c97b83d8796aa9ed90c487a,946687071,946687055,14,1,0,0,111.4334,220,3
run6-tbt-10s,1,nazionale,10,none,true,100,220,3,1,m2,1AagzGnptAGnvYUunCiqyFBo5P7Zyq7h7kcijs,308720,2,206,1.0,308720.0,1181324.0,0.261334,2.8245495e-06,0.87199492,0.41811661,0.9644462,-0.917,5.000,14.461,14.4611,0.0001,1,,0,2,2,0,0,m1,1VLpfZJuzKm3UcPtfYMsf5T37jtkxjR3ZhRF3w,0018698c66134e83669b6f330539f44ebf3be7163c97b83d8796aa9ed90c487a,946687071,946687055,14,1,0,0,49.6572,220,
run6-tbt-10s,1,nazionale,10,none,true,100,220,3,1,m3,1CsyzTjErfmoC3PFDMJbGZZqJu6EUYCh2wKkBq,76432,2,206,1.0,76432.0,1181324.0,0.0647,9.03405752e-06,0.69049108,0.50132981,0.99997682,-0.917,5.000,14.816,14.8164,0.0004,1,,0,3,3,0,0,m1,1VLpfZJuzKm3UcPtfYMsf5T37jtkxjR3ZhRF3w,0018698c66134e83669b6f330539f44ebf3be7163c97b83d8796aa9ed90c487a,946687071,946687055,14,1,0,0,31.4144,220,
run6-tbt-10s,1,nazionale,10,none,true,100,221,3,1,m1,1VLpfZJuzKm3UcPtfYMsf5T37jtkxjR3ZhRF3w,796172,2,206,1.0,796172.0,1181324.0,0.673966,6.81746673e-07,0.54278761,0.58112604,0.55307465,-1.583,5.000,10.214,10.2141,0.0001,1,,1,1,1,1,1,m1,1VLpfZJuzKm3UcPtfYMsf5T37jtkxjR3ZhRF3w,009c96a6826dc4ecf161aa93b3b090ae8a39d5af989f47c7a56b79d836b9aa9e,946687082,946687071,10,1,0,0,111.4334,220,4
run6-tbt-10s,1,nazionale,10,none,true,100,221,3,1,m2,1AagzGnptAGnvYUunCiqyFBo5P7Zyq7h7kcijs,308720,2,206,1.0,308720.0,1181324.0,0.261334,7.03873603e-07,0.21729986,0.80468864,0.56460551,-1.583,5.000,10.329,10.3295,0.0005,1,,0,2,2,0,0,m1,1VLpfZJuzKm3UcPtfYMsf5T37jtkxjR3ZhRF3w,009c96a6826dc4ecf161aa93b3b090ae8a39d5af989f47c7a56b79d836b9aa9e,946687082,946687071,10,1,0,0,49.6572,220,
run6-tbt-10s,1,nazionale,10,none,true,100,221,3,1,m3,1CsyzTjErfmoC3PFDMJbGZZqJu6EUYCh2wKkBq,76432,2,206,1.0,76432.0,1181324.0,0.0647,9.95501647e-06,0.76088182,0.46725421,0.99999219,-1.583,5.000,14.683,14.6833,0.0003,1,,0,3,3,0,0,m1,1VLpfZJuzKm3UcPtfYMsf5T37jtkxjR3ZhRF3w,009c96a6826dc4ecf161aa93b3b090ae8a39d5af989f47c7a56b79d836b9aa9e,946687082,946687071,10,1,0,0,31.4144,220,
run6-tbt-10s,1,nazionale,10,none,true,100,222,3,1,m1,1VLpfZJuzKm3UcPtfYMsf5T37jtkxjR3ZhRF3w,796172,2,206,1.0,796172.0,1181324.0,0.673966,2.53995178e-06,2.02223849,0.13235885,0.95023812,-1.583,5.000,14.186,14.1858,-0.0002,1,,1,2,2,0,0,m1,1VLpfZJuzKm3UcPtfYMsf5T37jtkxjR3ZhRF3w,003a99cab84ba75842dcbc28060cccfb4d71da8580144d79ad00470050404436,946687096,946687082,14,1,0,0,111.4334,220,5
run6-tbt-10s,1,nazionale,10,none,true,100,222,3,1,m2,1AagzGnptAGnvYUunCiqyFBo5P7Zyq7h7kcijs,308720,2,206,1.0,308720.0,1181324.0,0.261334,2.06420546e-06,0.63726151,0.52873839,0.91270791,-1.583,5.000,13.81,13.8105,0.0005,1,,0,1,1,1,1,m1,1VLpfZJuzKm3UcPtfYMsf5T37jtkxjR3ZhRF3w,003a99cab84ba75842dcbc28060cccfb4d71da8580144d79ad00470050404436,946687096,946687082,14,1,0,0,49.6572,220,
run6-tbt-10s,1,nazionale,10,none,true,100,222,3,1,m3,1CsyzTjErfmoC3PFDMJbGZZqJu6EUYCh2wKkBq,76432,2,206,1.0,76432.0,1181324.0,0.0647,1.86171082e-05,1.42294281,0.24100374,1.0,-1.583,5.000,14.683,14.6834,0.0004,1,,0,3,3,0,0,m1,1VLpfZJuzKm3UcPtfYMsf5T37jtkxjR3ZhRF3w,003a99cab84ba75842dcbc28060cccfb4d71da8580144d79ad00470050404436,946687096,946687082,14,1,0,0,31.4144,220,
run6-tbt-10s,1,nazionale,10,none,true,100,223,3,1,m1,1VLpfZJuzKm3UcPtfYMsf5T37jtkxjR3ZhRF3w,796172,2,206,1.0,796172.0,1181324.0,0.673966,4.73870626e-07,0.37728252,0.68572231,0.42867368,-1.75,5.000,8.937,8.9367,-0.0003,1,,1,1,1,1,1,m1,1VLpfZJuzKm3UcPtfYMsf5T37jtkxjR3ZhRF3w,0008263643f3d5f2449a7b88635aec04a7ac240429a6035222707a4e2ac7eb00,946687106,946687096,8,1,0,0,112.275,223,6
run6-tbt-10s,1,nazionale,10,none,true,100,223,3,1,m2,1AagzGnptAGnvYUunCiqyFBo5P7Zyq7h7kcijs,308720,2,206,1.0,308720.0,1181324.0,0.261334,1.02337055e-06,0.31593496,0.72910687,0.70148413,-1.75,5.000,11.665,11.6648,-0.0002,1,,0,2,2,0,0,m1,1VLpfZJuzKm3UcPtfYMsf5T37jtkxjR3ZhRF3w,0008263643f3d5f2449a7b88635aec04a7ac240429a6035222707a4e2ac7eb00,946687106,946687096,8,1,0,0,49.6572,223,
run6-tbt-10s,1,nazionale,10,none,true,100,223,3,1,m3,1CsyzTjErfmoC3PFDMJbGZZqJu6EUYCh2wKkBq,76432,2,206,1.0,76432.0,1181324.0,0.0647,4.5644141e-05,3.48867298,0.03054137,1.0,-1.75,5.000,14.65,14.65,0.0,1,,0,3,3,0,0,m1,1VLpfZJuzKm3UcPtfYMsf5T37jtkxjR3ZhRF3w,0008263643f3d5f2449a7b88635aec04a7ac240429a6035222707a4e2ac7eb00,946687106,946687096,8,1,0,0,31.4144,223,
run6-tbt-10s,1,nazionale,10,none,true,100,224,3,1,m1,1VLpfZJuzKm3UcPtfYMsf5T37jtkxjR3ZhRF3w,796172,2,206,1.0,796172.0,1181324.0,0.673966,6.18696313e-08,0.04925887,0.95193467,0.07048105,-2.083,5.000,5.288,5.2882,0.0002,1,,1,1,1,1,1,m1,1VLpfZJuzKm3UcPtfYMsf5T37jtkxjR3ZhRF3w,0099633c5e8929d636e80e3529c3267ecfaf89085fa6d147f8f6a1f7ff47d881,946687112,946687106,5,1,0,0,112.275,223,7
run6-tbt-10s,1,nazionale,10,none,true,100,224,3,1,m2,1AagzGnptAGnvYUunCiqyFBo5P7Zyq7h7kcijs,308720,2,206,1.0,308720.0,1181324.0,0.261334,7.87334249e-07,0.24306583,0.78421989,0.6054845,-2.083,5.000,10.638,10.6382,0.0002,1,,0,2,2,0,0,m1,1VLpfZJuzKm3UcPtfYMsf5T37jtkxjR3ZhRF3w,0099633c5e8929d636e80e3529c3267ecfaf89085fa6d147f8f6a1f7ff47d881,946687112,946687106,5,1,0,0,49.6572,223,
run6-tbt-10s,1,nazionale,10,none,true,100,224,3,1,m3,1CsyzTjErfmoC3PFDMJbGZZqJu6EUYCh2wKkBq,76432,2,206,1.0,76432.0,1181324.0,0.0647,4.37415206e-06,0.33432519,0.71582097,0.99430001,-2.083,5.000,14.526,14.5264,0.0004,1,,0,3,3,0,0,m1,1VLpfZJuzKm3UcPtfYMsf5T37jtkxjR3ZhRF3w,0099633c5e8929d636e80e3529c3267ecfaf89085fa6d147f8f6a1f7ff47d881,946687112,946687106,5,1,0,0,31.4144,223,
run6-tbt-10s,1,nazionale,10,none,true,100,225,3,1,m1,1VLpfZJuzKm3UcPtfYMsf5T37jtkxjR3ZhRF3w,796172,2,206,1.0,796172.0,1181324.0,0.673966,1.89198043e-07,0.15063418,0.8601623,0.20028846,-1.417,5.000,6.72,6.7195,-0.0005,1,,1,1,1,1,1,m1,1VLpfZJuzKm3UcPtfYMsf5T37jtkxjR3ZhRF3w,00c9bc94518d3d2c6a1687a396d464c75e7ff27e5541e8bb9290b43fa34143f4,946687119,946687112,6,1,0,0,112.275,223,8
run6-tbt-10s,1,nazionale,10,none,true,100,225,3,1,m2,1AagzGnptAGnvYUunCiqyFBo5P7Zyq7h7kcijs,308720,2,206,1.0,308720.0,1181324.0,0.261334,6.44665744e-07,0.19902121,0.81953251,0.53306215,-1.417,5.000,10.047,10.0472,0.0002,1,,0,2,2,0,0,m1,1VLpfZJuzKm3UcPtfYMsf5T37jtkxjR3ZhRF3w,00c9bc94518d3d2c6a1687a396d464c75e7ff27e5541e8bb9290b43fa34143f4,946687119,946687112,6,1,0,0,49.6572,223,
run6-tbt-10s,1,nazionale,10,none,true,100,225,3,1,m3,1CsyzTjErfmoC3PFDMJbGZZqJu6EUYCh2wKkBq,76432,2,206,1.0,76432.0,1181324.0,0.0647,2.14713239e-05,1.64109623,0.19376751,1.0,-1.417,5.000,14.717,14.7166,-0.0004,1,,0,3,3,0,0,m1,1VLpfZJuzKm3UcPtfYMsf5T37jtkxjR3ZhRF3w,00c9bc94518d3d2c6a1687a396d464c75e7ff27e5541e8bb9290b43fa34143f4,946687119,946687112,6,1,0,0,31.4144,223,
run6-tbt-10s,1,nazionale,10,none,true,100,226,3,1,m1,1VLpfZJuzKm3UcPtfYMsf5T37jtkxjR3ZhRF3w,796172,2,206,1.0,796172.0,1181324.0,0.673966,3.96202428e-07,0.31544528,0.72946399,0.37377368,-0.667,5.000,8.604,8.6043,0.0003,1,,0,2,2,0,0,m2,1AagzGnptAGnvYUunCiqyFBo5P7Zyq7h7kcijs,0027e9c08e512cb5fb820dd113c8d4b1f906cce74788423ced96e2db49fb7f87,946687127,946687119,5,1,0,0,112.7242,226,
run6-tbt-10s,1,nazionale,10,none,true,100,226,3,1,m2,1AagzGnptAGnvYUunCiqyFBo5P7Zyq7h7kcijs,308720,2,206,1.0,308720.0,1181324.0,0.261334,9.14229738e-08,0.0282241,0.97217048,0.10237254,-0.667,5.000,5.89,5.8903,0.0003,1,,1,1,1,1,1,m2,1AagzGnptAGnvYUunCiqyFBo5P7Zyq7h7kcijs,0027e9c08e512cb5fb820dd113c8d4b1f906cce74788423ced96e2db49fb7f87,946687127,946687119,5,1,0,0,49.6572,226,1
run6-tbt-10s,1,nazionale,10,none,true,100,226,3,1,m3,1CsyzTjErfmoC3PFDMJbGZZqJu6EUYCh2wKkBq,76432,2,206,1.0,76432.0,1181324.0,0.0647,1.13231571e-06,0.08654515,0.91709414,0.73753347,-0.667,5.000,12.242,12.2419,-0.0001,1,,0,3,3,0,0,m2,1AagzGnptAGnvYUunCiqyFBo5P7Zyq7h7kcijs,0027e9c08e512cb5fb820dd113c8d4b1f906cce74788423ced96e2db49fb7f87,946687127,946687119,5,1,0,0,31.4144,226,
run6-tbt-10s,1,nazionale,10,none,true,100,227,3,1,m1,1VLpfZJuzKm3UcPtfYMsf5T37jtkxjR3ZhRF3w,796172,2,206,1.0,796172.0,1181324.0,0.673966,6.69077362e-07,0.53270066,0.58701749,0.54633541,-0.25,5.000,10.413,10.4134,0.0004,1,,1,1,1,1,1,m1,1VLpfZJuzKm3UcPtfYMsf5T37jtkxjR3ZhRF3w,0086522a398cf126c95e7a151bbb81dbeab545dcfa3b651052739d23523f5db6,946687139,946687127,10,1,0,0,112.7242,226,1
run6-tbt-10s,1,nazionale,10,none,true,100,227,3,1,m2,1AagzGnptAGnvYUunCiqyFBo5P7Zyq7h7kcijs,308720,2,206,1.0,308720.0,1181324.0,0.261334,4.57569086e-06,1.41260728,0.24350756,0.99550762,-0.25,5.000,14.905,14.9051,0.0001,1,,0,2,2,0,0,m1,1VLpfZJuzKm3UcPtfYMsf5T37jtkxjR3ZhRF3w,0086522a398cf126c95e7a151bbb81dbeab545dcfa3b651052739d23523f5db6,946687139,946687127,10,1,0,0,49.6572,226,
run6-tbt-10s,1,nazionale,10,none,true,100,227,3,1,m3,1CsyzTjErfmoC3PFDMJbGZZqJu6EUYCh2wKkBq,76432,2,206,1.0,76432.0,1181324.0,0.0647,2.15343922e-05,1.64591666,0.19283572,1.0,-0.25,5.000,14.95,14.95,-0.0,1,,0,3,3,0,0,m1,1VLpfZJuzKm3UcPtfYMsf5T37jtkxjR3ZhRF3w,0086522a398cf126c95e7a151bbb81dbeab545dcfa3b651052739d23523f5db6,946687139,946687127,10,1,0,0,31.4144,226,
run6-tbt-10s,1,nazionale,10,none,true,100,228,3,1,m1,1VLpfZJuzKm3UcPtfYMsf5T37jtkxjR3ZhRF3w,796172,2,206,1.0,796172.0,1181324.0,0.673966,1.69199165e-07,0.13471164,0.87396789,0.1811702,-0.75,5.000,6.662,6.6617,-0.0003,1,,1,1,1,1,1,m1,1VLpfZJuzKm3UcPtfYMsf5T37jtkxjR3ZhRF3w,0031d31ef61ac5f48758e4df68489d550ae8980b2f7de4190a87e9b38f9e9e08,946687147,946687139,6,1,0,0,112.7242,226,2
run6-tbt-10s,1,nazionale,10,none,true,100,228,3,1,m2,1AagzGnptAGnvYUunCiqyFBo5P7Zyq7h7kcijs,308720,2,206,1.0,308720.0,1181324.0,0.261334,2.51487736e-06,0.77639294,0.4600625,0.94874207,-0.75,5.000,14.337,14.3374,0.0004,1,,0,2,2,0,0,m1,1VLpfZJuzKm3UcPtfYMsf5T37jtkxjR3ZhRF3w,0031d31ef61ac5f48758e4df68489d550ae8980b2f7de4190a87e9b38f9e9e08,946687147,946687139,6,1,0,0,49.6572,226,
run6-tbt-10s,1,nazionale,10,none,true,100,228,3,1,m3,1CsyzTjErfmoC3PFDMJbGZZqJu6EUYCh2wKkBq,76432,2,206,1.0,76432.0,1181324.0,0.0647,5.2432877e-06,0.40075497,0.66981417,0.9979584,-0.75,5.000,14.83,14.8296,-0.0004,1,,0,3,3,0,0,m1,1VLpfZJuzKm3UcPtfYMsf5T37jtkxjR3ZhRF3w,0031d31ef61ac5f48758e4df68489d550ae8980b2f7de4190a87e9b38f9e9e08,946687147,946687139,6,1,0,0,31.4144,226,
run6-tbt-10s,1,nazionale,10,none,true,100,229,3,1,m1,1VLpfZJuzKm3UcPtfYMsf5T37jtkxjR3ZhRF3w,796172,2,206,1.0,796172.0,1181324.0,0.673966,7.09510633e-07,0.5648925,0.56842125,0.56749524,-0.417,5.000,10.592,10.5916,-0.0004,1,,0,2,2,0,0,m3,1CsyzTjErfmoC3PFDMJbGZZqJu6EUYCh2wKkBq,00656f6122d8b0719639d1d39d0be535810fb3e17ab826518f0b7130db6f1256,946687153,946687147,5,1,0,0,112.7242,226,
run6-tbt-10s,1,nazionale,10,none,true,100,229,3,1,m2,1AagzGnptAGnvYUunCiqyFBo5P7Zyq7h7kcijs,308720,2,206,1.0,308720.0,1181324.0,0.261334,5.91376117e-06,1.82569635,0.16110542,0.99907532,-0.417,5.000,14.907,14.9074,0.0004,1,,0,3,3,0,0,m3,1CsyzTjErfmoC3PFDMJbGZZqJu6EUYCh2wKkBq,00656f6122d8b0719639d1d39d0be535810fb3e17ab826518f0b7130db6f1256,946687153,946687147,5,1,0,0,49.6572,226,
run6-tbt-10s,1,nazionale,10,none,true,100,229,3,1,m3,1CsyzTjErfmoC3PFDMJbGZZqJu6EUYCh2wKkBq,76432,2,206,1.0,76432.0,1181324.0,0.0647,9.87145766e-09,0.0007545,0.99924579,0.01159366,-0.417,5.000,5.033,5.0325,-0.0005,1,,1,1,1,1,1,m3,1CsyzTjErfmoC3PFDMJbGZZqJu6EUYCh2wKkBq,00656f6122d8b0719639d1d39d0be535810fb3e17ab826518f0b7130db6f1256,946687153,946687147,5,1,0,0,31.4144,226,1
run6-tbt-10s,1,nazionale,10,none,true,100,230,3,1,m1,1VLpfZJuzKm3UcPtfYMsf5T37jtkxjR3ZhRF3w,796172,2,206,1.0,796172.0,1181324.0,0.673966,1.45642446e-07,0.11595644,0.89051402,0.1580637,0.25,5.000,6.631,6.6306,-0.0004,1,,0,1,1,1,1,m3,1CsyzTjErfmoC3PFDMJbGZZqJu6EUYCh2wKkBq,008dd88106ec76d80442a2af4a56150d747b52e8bc0bdfe9267aa0c6b4653191,946687161,946687153,6,1,0,0,113.1172,230,
run6-tbt-10s,1,nazionale,10,none,true,100,230,3,1,m2,1AagzGnptAGnvYUunCiqyFBo5P7Zyq7h7kcijs,308720,2,206,1.0,308720.0,1181324.0,0.261334,8.90626996e-06,2.74954366,0.06395704,0.99997304,0.25,5.000,15.05,15.0497,-0.0003,1,,0,3,3,0,0,m3,1CsyzTjErfmoC3PFDMJbGZZqJu6EUYCh2wKkBq,008dd88106ec76d80442a2af4a56150d747b52e8bc0bdfe9267aa0c6b4653191,946687161,946687153,6,1,0,0,49.8816,230,
run6-tbt-10s,1,nazionale,10,none,true,100,230,3,1,m3,1CsyzTjErfmoC3PFDMJbGZZqJu6EUYCh2wKkBq,76432,2,206,1.0,76432.0,1181324.0,0.0647,1.82705349e-07,0.01396454,0.98613252,0.19413111,0.25,5.000,6.991,6.9913,0.0003,1,,1,2,2,0,0,m3,1CsyzTjErfmoC3PFDMJbGZZqJu6EUYCh2wKkBq,008dd88106ec76d80442a2af4a56150d747b52e8bc0bdfe9267aa0c6b4653191,946687161,946687153,6,1,0,0,31.4706,230,2
run6-tbt-10s,1,nazionale,10,none,true,100,231,3,1,m1,1VLpfZJuzKm3UcPtfYMsf5T37jtkxjR3ZhRF3w,796172,2,206,1.0,796172.0,1181324.0,0.673966,9.6764842e-07,0.77041458,0.46282115,0.68117289,0.583,5.000,11.928,11.9283,0.0003,1,,1,1,1,1,1,m1,1VLpfZJuzKm3UcPtfYMsf5T37jtkxjR3ZhRF3w,00a3bd75683037aeba77af7eeb088cd9f9fc3645e63e337a4a1279ef6b33e738,946687174,946687161,11,1,0,0,113.1172,230,1
run6-tbt-10s,1,nazionale,10,none,true,100,231,3,1,m2,1AagzGnptAGnvYUunCiqyFBo5P7Zyq7h7kcijs,308720,2,206,1.0,308720.0,1181324.0,0.261334,1.9611879e-06,0.60545793,0.54582442,0.90141127,0.583,5.000,14.131,14.1307,-0.0003,1,,0,2,2,0,0,m1,1VLpfZJuzKm3UcPtfYMsf5T37jtkxjR3ZhRF3w,00a3bd75683037aeba77af7eeb088cd9f9fc3645e63e337a4a1279ef6b33e738,946687174,946687161,11,1,0,0,49.8816,230,
run6-tbt-10s,1,nazionale,10,none,true,100,231,3,1,m3,1CsyzTjErfmoC3PFDMJbGZZqJu6EUYCh2wKkBq,76432,2,206,1.0,76432.0,1181324.0,0.0647,1.54757168e-05,1.18283999,0.30640731,0.99999999,0.583,5.000,15.117,15.1166,-0.0004,1,,0,3,3,0,0,m1,1VLpfZJuzKm3UcPtfYMsf5T37jtkxjR3ZhRF3w,00a3bd75683037aeba77af7eeb088cd9f9fc3645e63e337a4a1279ef6b33e738,946687174,946687161,11,1,0,0,31.4706,230,
run6-tbt-10s,1,nazionale,10,none,true,100,232,3,1,m1,1VLpfZJuzKm3UcPtfYMsf5T37jtkxjR3ZhRF3w,796172,2,206,1.0,796172.0,1181324.0,0.673966,3.22409573e-07,0.25669347,0.77360531,0.31673341,0.083,5.000,8.184,8.1839,-0.0001,1,,1,1,1,1,1,m1,1VLpfZJuzKm3UcPtfYMsf5T37jtkxjR3ZhRF3w,008816c5ff4a65fa8dc1820c9d62a57970ca5bd6df3cfe2dc107a1924371d607,946687183,946687174,8,1,0,0,113.1172,230,2
run6-tbt-10s,1,nazionale,10,none,true,100,232,3,1,m2,1AagzGnptAGnvYUunCiqyFBo5P7Zyq7h7kcijs,308720,2,206,1.0,308720.0,1181324.0,0.261334,2.33134718e-06,0.7197335,0.48688199,0.9363322,0.083,5.000,14.38,14.3799,-0.0001,1,,0,2,2,0,0,m1,1VLpfZJuzKm3UcPtfYMsf5T37jtkxjR3ZhRF3w,008816c5ff4a65fa8dc1820c9d62a57970ca5bd6df3cfe2dc107a1924371d607,946687183,946687174,8,1,0,0,49.8816,230,
run6-tbt-10s,1,nazionale,10,none,true,100,232,3,1,m3,1CsyzTjErfmoC3PFDMJbGZZqJu6EUYCh2wKkBq,76432,2,206,1.0,76432.0,1181324.0,0.0647,1.46978348e-05,1.12338491,0.32517723,0.99999997,0.083,5.000,15.017,15.0166,-0.0004,1,,0,3,3,0,0,m1,1VLpfZJuzKm3UcPtfYMsf5T37jtkxjR3ZhRF3w,008816c5ff4a65fa8dc1820c9d62a57970ca5bd6df3cfe2dc107a1924371d607,946687183,946687174,8,1,0,0,31.4706,230,
run6-tbt-10s,1,nazionale,10,none,true,100,233,3,1,m1,1VLpfZJuzKm3UcPtfYMsf5T37jtkxjR3ZhRF3w,796172,2,206,1.0,796172.0,1181324.0,0.673966,4.08211316e-07,0.32500642,0.72252272,0.38259485,0.667,5.000,8.959,8.9593,0.0003,1,,0,2,2,0,0,m2,1AagzGnptAGnvYUunCiqyFBo5P7Zyq7h7kcijs,0092e3ca9033cdfb6c56b364261710887d089c1be604d96c16dd0ab458fbca19,946687191,946687183,5,1,0,0,113.5662,233,
run6-tbt-10s,1,nazionale,10,none,true,100,233,3,1,m2,1AagzGnptAGnvYUunCiqyFBo5P7Zyq7h7kcijs,308720,2,206,1.0,308720.0,1181324.0,0.261334,7.16684869e-08,0.0221255,0.97811748,0.08117877,0.667,5.000,5.945,5.9452,0.0002,1,,1,1,1,1,1,m2,1AagzGnptAGnvYUunCiqyFBo5P7Zyq7h7kcijs,0092e3ca9033cdfb6c56b364261710887d089c1be604d96c16dd0ab458fbca19,946687191,946687183,5,1,0,0,49.8816,233,1
run6-tbt-10s,1,nazionale,10,none,true,100,233,3,1,m3,1CsyzTjErfmoC3PFDMJbGZZqJu6EUYCh2wKkBq,76432,2,206,1.0,76432.0,1181324.0,0.0647,4.31834123e-07,0.03300595,0.96753281,0.39958609,0.667,5.000,9.129,9.1293,0.0003,1,,0,3,3,0,0,m2,1AagzGnptAGnvYUunCiqyFBo5P7Zyq7h7kcijs,0092e3ca9033cdfb6c56b364261710887d089c1be604d96c16dd0ab458fbca19,946687191,946687183,5,1,0,0,31.695,233,
run6-tbt-10s,1,nazionale,10,none,true,100,234,3,1,m1,1VLpfZJuzKm3UcPtfYMsf5T37jtkxjR3ZhRF3w,796172,2,206,1.0,796172.0,1181324.0,0.673966,2.79184491e-06,2.22278875,0.10830665,0.9630457,0.917,5.000,14.814,14.8139,-0.0001,1,,0,3,3,0,0,m2,1AagzGnptAGnvYUunCiqyFBo5P7Zyq7h7kcijs,00a2175f62cde601e78ffb1c45437e8778054a1a1d2b71d7784fa39d0c3ab8ac,946687201,946687191,9,1,0,0,113.5662,233,
run6-tbt-10s,1,nazionale,10,none,true,100,234,3,1,m2,1AagzGnptAGnvYUunCiqyFBo5P7Zyq7h7kcijs,308720,2,206,1.0,308720.0,1181324.0,0.261334,4.3661526e-07,0.13479186,0.87389778,0.40296771,0.917,5.000,9.213,9.2131,0.0001,1,,1,1,1,1,1,m2,1AagzGnptAGnvYUunCiqyFBo5P7Zyq7h7kcijs,00a2175f62cde601e78ffb1c45437e8778054a1a1d2b71d7784fa39d0c3ab8ac,946687201,946687191,9,1,0,0,49.8816,233,2
run6-tbt-10s,1,nazionale,10,none,true,100,234,3,1,m3,1CsyzTjErfmoC3PFDMJbGZZqJu6EUYCh2wKkBq,76432,2,206,1.0,76432.0,1181324.0,0.0647,2.03963377e-06,0.15589329,0.85565049,0.91013694,0.917,5.000,14.285,14.2848,-0.0002,1,,0,2,2,0,0,m2,1AagzGnptAGnvYUunCiqyFBo5P7Zyq7h7kcijs,00a2175f62cde601e78ffb1c45437e8778054a1a1d2b71d7784fa39d0c3ab8ac,946687201,946687191,9,1,0,0,31.695,233,
run6-tbt-10s,1,nazionale,10,none,true,100,235,3,1,m1,1VLpfZJuzKm3UcPtfYMsf5T37jtkxjR3ZhRF3w,796172,2,206,1.0,796172.0,1181324.0,0.673966,1.17746403e-07,0.09374639,0.91051365,0.12985608,1.25,5.000,6.549,6.5486,-0.0004,1,,1,1,1,1,1,m1,1VLpfZJuzKm3UcPtfYMsf5T37jtkxjR3ZhRF3w,00f0bddd46b13bb53dc289b9efdd5c2ff53dde6875b285865dcba5e5a629d473,946687208,946687201,6,1,0,0,113.5662,233,1
run6-tbt-10s,1,nazionale,10,none,true,100,235,3,1,m2,1AagzGnptAGnvYUunCiqyFBo5P7Zyq7h7kcijs,308720,2,206,1.0,308720.0,1181324.0,0.261334,5.31045041e-06,1.63944225,0.19408826,0.99811412,1.25,5.000,15.231,15.2311,0.0001,1,,0,3,3,0,0,m1,1VLpfZJuzKm3UcPtfYMsf5T37jtkxjR3ZhRF3w,00f0bddd46b13bb53dc289b9efdd5c2ff53dde6875b285865dcba5e5a629d473,946687208,946687201,6,1,0,0,49.8816,233,
run6-tbt-10s,1,nazionale,10,none,true,100,235,3,1,m3,1CsyzTjErfmoC3PFDMJbGZZqJu6EUYCh2wKkBq,76432,2,206,1.0,76432.0,1181324.0,0.0647,3.15587584e-06,0.2412099,0.78567669,0.97596182,1.25,5.000,15.01,15.0096,-0.0004,1,,0,2,2,0,0,m1,1VLpfZJuzKm3UcPtfYMsf5T37jtkxjR3ZhRF3w,00f0bddd46b13bb53dc289b9efdd5c2ff53dde6875b285865dcba5e5a629d473,946687208,946687201,6,1,0,0,31.695,233,
run6-tbt-10s,1,nazionale,10,none,true,100,236,3,1,m1,1VLpfZJuzKm3UcPtfYMsf5T37jtkxjR3ZhRF3w,796172,2,206,1.0,796172.0,1181324.0,0.673966,1.30113135e-06,1.03592435,0.35489818,0.78498719,1.5,5.000,13.15,13.1499,-0.0001,1,,0,3,3,0,0,m3,1CsyzTjErfmoC3PFDMJbGZZqJu6EUYCh2wKkBq,00f6866e08bbcc41231576265c3f385551725d6e02fa924a4d264fc50262ba3d,946687217,946687208,6,1,0,0,113.5662,233,
run6-tbt-10s,1,nazionale,10,none,true,100,236,3,1,m2,1AagzGnptAGnvYUunCiqyFBo5P7Zyq7h7kcijs,308720,2,206,1.0,308720.0,1181324.0,0.261334,1.23524686e-06,0.38134541,0.68294195,0.76758408,1.5,5.000,12.976,12.9758,-0.0002,1,,0,2,2,0,0,m3,1CsyzTjErfmoC3PFDMJbGZZqJu6EUYCh2wKkBq,00f6866e08bbcc41231576265c3f385551725d6e02fa924a4d264fc50262ba3d,946687217,946687208,6,1,0,0,49.8816,233,
run6-tbt-10s,1,nazionale,10,none,true,100,236,3,1,m3,1CsyzTjErfmoC3PFDMJbGZZqJu6EUYCh2wKkBq,76432,2,206,1.0,76432.0,1181324.0,0.0647,1.48846327e-07,0.01137662,0.98868785,0.16124425,1.5,5.000,6.912,6.9124,0.0004,1,,1,1,1,1,1,m3,1CsyzTjErfmoC3PFDMJbGZZqJu6EUYCh2wKkBq,00f6866e08bbcc41231576265c3f385551725d6e02fa924a4d264fc50262ba3d,946687217,946687208,6,1,0,0,31.695,233,1
run6-tbt-10s,1,nazionale,10,none,true,100,237,3,1,m1,1VLpfZJuzKm3UcPtfYMsf5T37jtkxjR3ZhRF3w,796172,2,206,1.0,796172.0,1181324.0,0.673966,1.56063282e-06,1.24253215,0.28865238,0.84175535,1.25,5.000,13.668,13.6676,-0.0004,1,,0,2,2,0,0,m2,1AagzGnptAGnvYUunCiqyFBo5P7Zyq7h7kcijs,006d7ccd97d4a3741c124c8ba924bca57cfc03ed37e68de62237400bc3a86ae3,946687228,946687217,9,1,0,0,113.7346,237,
run6-tbt-10s,1,nazionale,10,none,true,100,237,3,1,m2,1AagzGnptAGnvYUunCiqyFBo5P7Zyq7h7kcijs,308720,2,206,1.0,308720.0,1181324.0,0.261334,4.44536594e-07,0.13723734,0.8717633,0.40852848,1.25,5.000,9.335,9.3353,0.0003,1,,1,1,1,1,1,m2,1AagzGnptAGnvYUunCiqyFBo5P7Zyq7h7kcijs,006d7ccd97d4a3741c124c8ba924bca57cfc03ed37e68de62237400bc3a86ae3,946687228,946687217,9,1,0,0,50.2186,237,1
run6-tbt-10s,1,nazionale,10,none,true,100,237,3,1,m3,1CsyzTjErfmoC3PFDMJbGZZqJu6EUYCh2wKkBq,76432,2,206,1.0,76432.0,1181324.0,0.0647,7.70023777e-06,0.58854457,0.55513465,0.99988794,1.25,5.000,15.249,15.2489,-0.0001,1,,0,3,3,0,0,m2,1AagzGnptAGnvYUunCiqyFBo5P7Zyq7h7kcijs,006d7ccd97d4a3741c124c8ba924bca57cfc03ed37e68de62237400bc3a86ae3,946687228,946687217,9,1,0,0,31.8632,237,
run6-tbt-10s,1,nazionale,10,none,true,100,238,3,1,m1,1VLpfZJuzKm3UcPtfYMsf5T37jtkxjR3ZhRF3w,796172,2,206,1.0,796172.0,1181324.0,0.673966,1.16292966e-07,0.0925892,0.91156789,0.12836077,0.917,5.000,6.467,6.467,0.0,1,,1,1,1,1,1,m1,1VLpfZJuzKm3UcPtfYMsf5T37jtkxjR3ZhRF3w,00cdf916baaa79f90cb92b747ae63dac7fd67a2a553a6d58a72bdefd1ad636fb,946687236,946687228,6,1,0,0,113.7346,237,1
run6-tbt-10s,1,nazionale,10,none,true,100,238,3,1,m2,1AagzGnptAGnvYUunCiqyFBo5P7Zyq7h7kcijs,308720,2,206,1.0,308720.0,1181324.0,0.261334,4.42718049e-07,0.13667592,0.87225286,0.40725646,0.917,5.000,9.256,9.256,-0.0,1,,0,2,2,0,0,m1,1VLpfZJuzKm3UcPtfYMsf5T37jtkxjR3ZhRF3w,00cdf916baaa79f90cb92b747ae63dac7fd67a2a553a6d58a72bdefd1ad636fb,946687236,946687228,6,1,0,0,50.2186,237,
run6-tbt-10s,1,nazionale,10,none,true,100,238,3,1,m3,1CsyzTjErfmoC3PFDMJbGZZqJu6EUYCh2wKkBq,76432,2,206,1.0,76432.0,1181324.0,0.0647,3.16699767e-06,0.24205997,0.7850091,0.97627558,0.917,5.000,14.946,14.9462,0.0002,1,,0,3,3,0,0,m1,1VLpfZJuzKm3UcPtfYMsf5T37jtkxjR3ZhRF3w,00cdf916baaa79f90cb92b747ae63dac7fd67a2a553a6d58a72bdefd1ad636fb,946687236,946687228,6,1,0,0,31.8632,237,
run6-tbt-10s,1,nazionale,10,none,true,100,239,3,1,m1,1VLpfZJuzKm3UcPtfYMsf5T37jtkxjR3ZhRF3w,796172,2,206,1.0,796172.0,1181324.0,0.673966,1.51591223e-06,1.20692687,0.29911509,0.83317059,0.917,5.000,13.515,13.5151,0.0001,1,,0,2,2,0,0,m2,1AagzGnptAGnvYUunCiqyFBo5P7Zyq7h7kcijs,00f7da3f7a98920d08c273b71de2e58c38e1f44b7d46e91019448d9926251609,946687247,946687236,9,1,0,0,113.7346,237,
run6-tbt-10s,1,nazionale,10,none,true,100,239,3,1,m2,1AagzGnptAGnvYUunCiqyFBo5P7Zyq7h7kcijs,308720,2,206,1.0,308720.0,1181324.0,0.261334,4.62184554e-07,0.14268562,0.86702661,0.42073181,0.917,5.000,9.391,9.3907,-0.0003,1,,1,1,1,1,1,m2,1AagzGnptAGnvYUunCiqyFBo5P7Zyq7h7kcijs,00f7da3f7a98920d08c273b71de2e58c38e1f44b7d46e91019448d9926251609,946687247,946687236,9,1,0,0,50.2186,237,1
run6-tbt-10s,1,nazionale,10,none,true,100,239,3,1,m3,1CsyzTjErfmoC3PFDMJbGZZqJu6EUYCh2wKkBq,76432,2,206,1.0,76432.0,1181324.0,0.0647,4.63906904e-05,3.54573325,0.02884746,1.0,0.917,5.000,15.183,15.1834,0.0004,1,,0,3,3,0,0,m2,1AagzGnptAGnvYUunCiqyFBo5P7Zyq7h7kcijs,00f7da3f7a98920d08c273b71de2e58c38e1f44b7d46e91019448d9926251609,946687247,946687236,9,1,0,0,31.8632,237,
run6-tbt-10s,1,nazionale,10,none,true,100,240,3,1,m1,1VLpfZJuzKm3UcPtfYMsf5T37jtkxjR3ZhRF3w,796172,2,206,1.0,796172.0,1181324.0,0.673966,4.13770616e-07,0.32943258,0.71933178,0.38663627,1.0,5.000,9.066,9.0664,0.0004,1,,0,1,1,1,1,m2,1AagzGnptAGnvYUunCiqyFBo5P7Zyq7h7kcijs,00dcb2701109e8e8dfdee3ba167c68608a479e98e06023ba5e19edaba8e8b206,946687257,946687247,9,1,0,0,113.8466,240,
run6-tbt-10s,1,nazionale,10,none,true,100,240,3,1,m2,1AagzGnptAGnvYUunCiqyFBo5P7Zyq7h7kcijs,308720,2,206,1.0,308720.0,1181324.0,0.261334,4.99371029e-07,0.15416582,0.85712988,0.4456278,1.0,5.000,9.656,9.6563,0.0003,1,,1,2,2,0,0,m2,1AagzGnptAGnvYUunCiqyFBo5P7Zyq7h7kcijs,00dcb2701109e8e8dfdee3ba167c68608a479e98e06023ba5e19edaba8e8b206,946687257,946687247,9,1,0,0,50.7238,240,2
run6-tbt-10s,1,nazionale,10,none,true,100,240,3,1,m3,1CsyzTjErfmoC3PFDMJbGZZqJu6EUYCh2wKkBq,76432,2,206,1.0,76432.0,1181324.0,0.0647,6.58469316e-06,0.50328127,0.60454373,0.99958143,1.0,5.000,15.196,15.1958,-0.0002,1,,0,3,3,0,0,m2,1AagzGnptAGnvYUunCiqyFBo5P7Zyq7h7kcijs,00dcb2701109e8e8dfdee3ba167c68608a479e98e06023ba5e19edaba8e8b206,946687257,946687247,9,1,0,0,31.8632,240,
run6-tbt-10s,1,nazionale,10,none,true,100,241,3,1,m1,1VLpfZJuzKm3UcPtfYMsf5T37jtkxjR3ZhRF3w,796172,2,206,1.0,796172.0,1181324.0,0.673966,1.15751864e-06,0.92158393,0.39788831,0.74523266,0.833,5.000,12.619,12.6189,-0.0001,1,,0,3,3,0,0,m3,1CsyzTjErfmoC3PFDMJbGZZqJu6EUYCh2wKkBq,007fa59e7a1977c283d5c34f412a46b9d29351ddd1b373e21a1bfb4e0cf54e24,946687267,946687257,8,1,0,0,113.8466,240,
run6-tbt-10s,1,nazionale,10,none,true,100,241,3,1,m2,1AagzGnptAGnvYUunCiqyFBo5P7Zyq7h7kcijs,308720,2,206,1.0,308720.0,1181324.0,0.261334,5.23254158e-07,0.16153902,0.85083333,0.46105012,0.833,5.000,9.777,9.7771,0.0001,1,,0,2,2,0,0,m3,1CsyzTjErfmoC3PFDMJbGZZqJu6EUYCh2wKkBq,007fa59e7a1977c283d5c34f412a46b9d29351ddd1b373e21a1bfb4e0cf54e24,946687267,946687257,8,1,0,0,50.7238,240,
run6-tbt-10s,1,nazionale,10,none,true,100,241,3,1,m3,1CsyzTjErfmoC3PFDMJbGZZqJu6EUYCh2wKkBq,76432,2,206,1.0,76432.0,1181324.0,0.0647,3.80036908e-07,0.02904698,0.97137083,0.36169989,0.833,5.000,8.784,8.7836,-0.0004,1,,1,1,1,1,1,m3,1CsyzTjErfmoC3PFDMJbGZZqJu6EUYCh2wKkBq,007fa59e7a1977c283d5c34f412a46b9d29351ddd1b373e21a1bfb4e0cf54e24,946687267,946687257,8,1,0,0,31.8632,240,1
run6-tbt-10s,1,nazionale,10,none,true,100,242,3,1,m1,1VLpfZJuzKm3UcPtfYMsf5T37jtkxjR3ZhRF3w,796172,2,206,1.0,796172.0,1181324.0,0.673966,1.49398263e-06,1.18946714,0.30438342,0.82879225,0.5,5.000,13.388,13.3879,-0.0001,1,,0,2,2,0,0,m2,1AagzGnptAGnvYUunCiqyFBo5P7Zyq7h7kcijs,00109ebe00272f9ef7d4d2a2c4b3940151a62781f047139011951eb2b59b910b,946687278,946687267,10,1,0,0,113.8466,240,
run6-tbt-10s,1,nazionale,10,none,true,100,242,3,1,m2,1AagzGnptAGnvYUunCiqyFBo5P7Zyq7h7kcijs,308720,2,206,1.0,308720.0,1181324.0,0.261334,5.99466132e-07,0.18506718,0.83104845,0.50745218,0.5,5.000,10.175,10.1745,-0.0005,1,,1,1,1,1,1,m2,1AagzGnptAGnvYUunCiqyFBo5P7Zyq7h7kcijs,00109ebe00272f9ef7d4d2a2c4b3940151a62781f047139011951eb2b59b910b,946687278,946687267,10,1,0,0,50.7238,240,1
run6-tbt-10s,1,nazionale,10,none,true,100,242,3,1,m3,1CsyzTjErfmoC3PFDMJbGZZqJu6EUYCh2wKkBq,76432,2,206,1.0,76432.0,1181324.0,0.0647,1.19325261e-05,0.91202683,0.4017092,0.99999924,0.5,5.000,15.1,15.1,-0.0,1,,0,3,3,0,0,m2,1AagzGnptAGnvYUunCiqyFBo5P7Zyq7h7kcijs,00109ebe00272f9ef7d4d2a2c4b3940151a62781f047139011951eb2b59b910b,946687278,946687267,10,1,0,0,31.8632,240,
run6-tbt-10s,1,nazionale,10,none,true,100,243,3,1,m1,1VLpfZJuzKm3UcPtfYMsf5T37jtkxjR3ZhRF3w,796172,2,206,1.0,796172.0,1181324.0,0.673966,1.84511788e-07,0.14690312,0.86337762,0.19584899,0.25,5.000,7.008,7.0085,0.0005,1,,1,1,1,1,1,m1,1VLpfZJuzKm3UcPtfYMsf5T37jtkxjR3ZhRF3w,002b33ba3dedec8fd11e6a05ccecc3dc84d3d591779a8f401c5d7ed56a9eeb11,946687286,946687278,7,1,0,0,113.8466,243,1
run6-tbt-10s,1,nazionale,10,none,true,100,243,3,1,m2,1AagzGnptAGnvYUunCiqyFBo5P7Zyq7h7kcijs,308720,2,206,1.0,308720.0,1181324.0,0.261334,3.10228711e-06,0.95773808,0.38375994,0.97439087,0.25,5.000,14.794,14.7939,-0.0001,1,,0,2,2,0,0,m1,1VLpfZJuzKm3UcPtfYMsf5T37jtkxjR3ZhRF3w,002b33ba3dedec8fd11e6a05ccecc3dc84d3d591779a8f401c5d7ed56a9eeb11,946687286,946687278,7,1,0,0,51.1172,243,
run6-tbt-10s,1,nazionale,10,none,true,100,243,3,1,m3,1CsyzTjErfmoC3PFDMJbGZZqJu6EUYCh2wKkBq,76432,2,206,1.0,76432.0,1181324.0,0.0647,1.17743995e-05,0.8999409,0.40659369,0.99999909,0.25,5.000,15.05,15.05,-0.0,1,,0,3,3,0,0,m1,1VLpfZJuzKm3UcPtfYMsf5T37jtkxjR3ZhRF3w,002b33ba3dedec8fd11e6a05ccecc3dc84d3d591779a8f401c5d7ed56a9eeb11,946687286,946687278,7,1,0,0,32.0878,243,
run6-tbt-10s,1,nazionale,10,none,true,100,244,3,1,m1,1VLpfZJuzKm3UcPtfYMsf5T37jtkxjR3ZhRF3w,796172,2,206,1.0,796172.0,1181324.0,0.673966,9.33580171e-07,0.74329039,0.4755466,0.66807979,0.667,5.000,11.814,11.8142,0.0002,1,,1,1,1,1,1,m1,1VLpfZJuzKm3UcPtfYMsf5T37jtkxjR3ZhRF3w,002f283b13d39d64cc5e27746d9bd1c165087c423d2d827f9e916ee76a3c284a,946687299,946687286,11,1,0,0,113.8466,243,2
run6-tbt-10s,1,nazionale,10,none,true,100,244,3,1,m2,1AagzGnptAGnvYUunCiqyFBo5P7Zyq7h7kcijs,308720,2,206,1.0,308720.0,1181324.0,0.261334,1.5743216e-06,0.48602456,0.6150667,0.84429372,0.667,5.000,13.576,13.5763,0.0003,1,,0,2,2,0,0,m1,1VLpfZJuzKm3UcPtfYMsf5T37jtkxjR3ZhRF3w,002f283b13d39d64cc5e27746d9bd1c165087c423d2d827f9e916ee76a3c284a,946687299,946687286,11,1,0,0,51.1172,243,
run6-tbt-10s,1,nazionale,10,none,true,100,244,3,1,m3,1CsyzTjErfmoC3PFDMJbGZZqJu6EUYCh2wKkBq,76432,2,206,1.0,76432.0,1181324.0,0.0647,2.88992172e-06,0.2208825,0.80181089,0.96708852,0.667,5.000,14.804,14.8043,0.0003,1,,0,3,3,0,0,m1,1VLpfZJuzKm3UcPtfYMsf5T37jtkxjR3ZhRF3w,002f283b13d39d64cc5e27746d9bd1c165087c423d2d827f9e916ee76a3c284a,946687299,946687286,11,1,0,0,32.0878,243,
run6-tbt-10s,1,nazionale,10,none,true,100,245,3,1,m1,1VLpfZJuzKm3UcPtfYMsf5T37jtkxjR3ZhRF3w,796172,2,206,1.0,796172.0,1181324.0,0.673966,1.9436488e-06,1.54747875,0.21278378,0.89934727,0.333,5.000,14.06,14.0601,0.0001,1,,1,1,1,1,1,m1,1VLpfZJuzKm3UcPtfYMsf5T37jtkxjR3ZhRF3w,0065e6fdcbaf52c76997d21f243b1293fd9d42a8ccfec48439293087acec97b6,946687313,946687299,14,1,0,0,114.1836,245,3
run6-tbt-10s,1,nazionale,10,none,true,100,245,3,1,m2,1AagzGnptAGnvYUunCiqyFBo5P7Zyq7h7kcijs,308720,2,206,1.0,308720.0,1181324.0,0.261334,9.86180227e-06,3.0445356,0.04761842,0.99999128,0.333,5.000,15.067,15.0665,-0.0005,1,,0,2,2,0,0,m1,1VLpfZJuzKm3UcPtfYMsf5T37jtkxjR3ZhRF3w,0065e6fdcbaf52c76997d21f243b1293fd9d42a8ccfec48439293087acec97b6,946687313,946687299,14,1,0,0,51.1172,245,
run6-tbt-10s,1,nazionale,10,none,true,100,245,3,1,m3,1CsyzTjErfmoC3PFDMJbGZZqJu6EUYCh2wKkBq,76432,2,206,1.0,76432.0,1181324.0,0.0647,1.51681765e-05,1.15933407,0.31369501,0.99999998,0.333,5.000,15.067,15.0666,-0.0004,1,,0,3,3,0,0,m1,1VLpfZJuzKm3UcPtfYMsf5T37jtkxjR3ZhRF3w,0065e6fdcbaf52c76997d21f243b1293fd9d42a8ccfec48439293087acec97b6,946687313,946687299,14,1,0,0,32.0878,245,
run6-tbt-10s,1,nazionale,10,none,true,100,246,3,1,m1,1VLpfZJuzKm3UcPtfYMsf5T37jtkxjR3ZhRF3w,796172,2,206,1.0,796172.0,1181324.0,0.673966,6.14451811e-07,0.48920933,0.61311097,0.516095,-0.167,5.000,10.128,10.1275,-0.0005,1,,0,2,2,0,0,m2,1AagzGnptAGnvYUunCiqyFBo5P7Zyq7h7kcijs,0026bcad568cb45ff4308bd8b0f84c64ebffb511aa98930ddfbd0c74362c6571,946687321,946687313,5,1,0,0,114.1836,245,
run6-tbt-10s,1,nazionale,10,none,true,100,246,3,1,m2,1AagzGnptAGnvYUunCiqyFBo5P7Zyq7h7kcijs,308720,2,206,1.0,308720.0,1181324.0,0.261334,9.19521186e-08,0.02838746,0.97201168,0.10293346,-0.167,5.000,5.996,5.9959,-0.0001,1,,1,1,1,1,1,m2,1AagzGnptAGnvYUunCiqyFBo5P7Zyq7h7kcijs,0026bcad568cb45ff4308bd8b0f84c64ebffb511aa98930ddfbd0c74362c6571,946687321,946687313,5,1,0,0,51.1172,245,1
run6-tbt-10s,1,nazionale,10,none,true,100,246,3,1,m3,1CsyzTjErfmoC3PFDMJbGZZqJu6EUYCh2wKkBq,76432,2,206,1.0,76432.0,1181324.0,0.0647,3.36842225e-06,0.25745525,0.77301622,0.98129937,-0.167,5.000,14.78,14.7796,-0.0004,1,,0,3,3,0,0,m2,1AagzGnptAGnvYUunCiqyFBo5P7Zyq7h7kcijs,0026bcad568cb45ff4308bd8b0f84c64ebffb511aa98930ddfbd0c74362c6571,946687321,946687313,5,1,0,0,32.0878,245,
run6-tbt-10s,1,nazionale,10,none,true,100,247,3,1,m1,1VLpfZJuzKm3UcPtfYMsf5T37jtkxjR3ZhRF3w,796172,2,206,1.0,796172.0,1181324.0,0.673966,8.56047906e-07,0.68156137,0.50582659,0.63624326,0.0,5.000,11.362,11.3624,0.0004,1,,1,1,1,1,1,m1,1VLpfZJuzKm3UcPtfYMsf5T37jtkxjR3ZhRF3w,0030a091992d95bb83a8fdb531d7a1266b5042dadb386ca6eb3523b8217220f3,946687334,946687321,11,1,0,0,114.1836,245,1
run6-tbt-10s,1,nazionale,10,none,true,100,247,3,1,m2,1AagzGnptAGnvYUunCiqyFBo5P7Zyq7h7kcijs,308720,2,206,1.0,308720.0,1181324.0,0.261334,5.12544655e-06,1.58232786,0.20549617,0.99765346,0.0,5.000,14.977,14.9765,-0.0005,1,,0,2,2,0,0,m1,1VLpfZJuzKm3UcPtfYMsf5T37jtkxjR3ZhRF3w,0030a091992d95bb83a8fdb531d7a1266b5042dadb386ca6eb3523b8217220f3,946687334,946687321,11,1,0,0,51.1172,245,
run6-tbt-10s,1,nazionale,10,none,true,100,247,3,1,m3,1CsyzTjErfmoC3PFDMJbGZZqJu6EUYCh2wKkBq,76432,2,206,1.0,76432.0,1181324.0,0.0647,7.74275905e-06,0.59179456,0.5533334,0.99989343,0.0,5.000,14.999,14.9989,-0.0001,1,,0,3,3,0,0,m1,1VLpfZJuzKm3UcPtfYMsf5T37jtkxjR3ZhRF3w,0030a091992d95bb83a8fdb531d7a1266b5042dadb386ca6eb3523b8217220f3,946687334,946687321,11,1,0,0,32.0878,245,
run6-tbt-10s,1,nazionale,10,none,true,100,248,3,1,m1,1VLpfZJuzKm3UcPtfYMsf5T37jtkxjR3ZhRF3w,796172,2,206,1.0,796172.0,1181324.0,0.673966,2.36872378e-07,0.18859115,0.82812501,0.24408249,-0.5,5.000,7.341,7.3408,-0.0002,1,,1,1,1,1,1,m1,1VLpfZJuzKm3UcPtfYMsf5T37jtkxjR3ZhRF3w,00f672f6654835eb33524af78569245317dc745b783fe800faad7daef73b91d0,946687342,946687334,7,1,0,0,114.7448,248,2
run6-tbt-10s,1,nazionale,10,none,true,100,248,3,1,m2,1AagzGnptAGnvYUunCiqyFBo5P7Zyq7h7kcijs,308720,2,206,1.0,308720.0,1181324.0,0.261334,5.52339823e-07,0.17051835,0.84322762,0.47925369,-0.5,5.000,9.693,9.6925,-0.0005,1,,0,2,2,0,0,m1,1VLpfZJuzKm3UcPtfYMsf5T37jtkxjR3ZhRF3w,00f672f6654835eb33524af78569245317dc745b783fe800faad7daef73b91d0,946687342,946687334,7,1,0,0,51.3416,248,
run6-tbt-10s,1,nazionale,10,none,true,100,248,3,1,m3,1CsyzTjErfmoC3PFDMJbGZZqJu6EUYCh2wKkBq,76432,2,206,1.0,76432.0,1181324.0,0.0647,4.82833545e-05,3.69039335,0.02496218,1.0,-0.5,5.000,14.9,14.9,0.0,1,,0,3,3,0,0,m1,1VLpfZJuzKm3UcPtfYMsf5T37jtkxjR3ZhRF3w,00f672f6654835eb33524af78569245317dc745b783fe800faad7daef73b91d0,946687342,946687334,7,1,0,0,32.0878,248,
run6-tbt-10s,1,nazionale,10,none,true,100,249,3,1,m1,1VLpfZJuzKm3UcPtfYMsf5T37jtkxjR3ZhRF3w,796172,2,206,1.0,796172.0,1181324.0,0.673966,2.76434691e-06,2.20089561,0.11070397,0.96182557,-0.417,5.000,14.535,14.5349,-0.0001,1,,1,1,1,1,1,m1,1VLpfZJuzKm3UcPtfYMsf5T37jtkxjR3ZhRF3w,00f969d2cf9d8db954b169a53180c95e2372249c35262df0ea84f27f7f54419d,946687357,946687342,14,1,0,0,114.7448,248,3
run6-tbt-10s,1,nazionale,10,none,true,100,249,3,1,m2,1AagzGnptAGnvYUunCiqyFBo5P7Zyq7h7kcijs,308720,2,206,1.0,308720.0,1181324.0,0.261334,6.34578743e-06,1.9590715,0.14098927,0.99944494,-0.417,5.000,14.911,14.911,0.0,1,,0,2,2,0,0,m1,1VLpfZJuzKm3UcPtfYMsf5T37jtkxjR3ZhRF3w,00f969d2cf9d8db954b169a53180c95e2372249c35262df0ea84f27f7f54419d,946687357,946687342,14,1,0,0,51.3416,248,
run6-tbt-10s,1,nazionale,10,none,true,100,249,3,1,m3,1CsyzTjErfmoC3PFDMJbGZZqJu6EUYCh2wKkBq,76432,2,206,1.0,76432.0,1181324.0,0.0647,8.16622535e-06,0.62416094,0.53571074,0.99993538,-0.417,5.000,14.916,14.916,-0.0,1,,0,3,3,0,0,m1,1VLpfZJuzKm3UcPtfYMsf5T37jtkxjR3ZhRF3w,00f969d2cf9d8db954b169a53180c95e2372249c35262df0ea84f27f7f54419d,946687357,946687342,14,1,0,0,32.0878,248,
run6-tbt-10s,1,nazionale,10,none,true,100,250,3,1,m1,1VLpfZJuzKm3UcPtfYMsf5T37jtkxjR3ZhRF3w,796172,2,206,1.0,796172.0,1181324.0,0.673966,1.31569746e-07,0.10475215,0.9005477,0.14395,-0.75,5.000,6.29,6.2895,-0.0005,1,,1,1,1,1,1,m1,1VLpfZJuzKm3UcPtfYMsf5T37jtkxjR3ZhRF3w,0048e0cdc019b14d101c68b653b7195311c46f28559d492312b14ccfaac10d1f,946687364,946687357,6,1,0,0,114.7448,248,4
run6-tbt-10s,1,nazionale,10,none,true,100,250,3,1,m2,1AagzGnptAGnvYUunCiqyFBo5P7Zyq7h7kcijs,308720,2,206,1.0,308720.0,1181324.0,0.261334,3.05738463e-07,0.09438758,0.90993002,0.30314379,-0.75,5.000,7.881,7.8814,0.0004,1,,0,2,2,0,0,m1,1VLpfZJuzKm3UcPtfYMsf5T37jtkxjR3ZhRF3w,0048e0cdc019b14d101c68b653b7195311c46f28559d492312b14ccfaac10d1f,946687364,946687357,6,1,0,0,51.3416,248,
run6-tbt-10s,1,nazionale,10,none,true,100,250,3,1,m3,1CsyzTjErfmoC3PFDMJbGZZqJu6EUYCh2wKkBq,76432,2,206,1.0,76432.0,1181324.0,0.0647,3.6892529e-05,2.81976978,0.05961967,1.0,-0.75,5.000,14.85,14.85,0.0,1,,0,3,3,0,0,m1,1VLpfZJuzKm3UcPtfYMsf5T37jtkxjR3ZhRF3w,0048e0cdc019b14d101c68b653b7195311c46f28559d492312b14ccfaac10d1f,946687364,946687357,6,1,0,0,32.0878,248,
run6-tbt-10s,1,nazionale,10,none,true,100,251,3,1,m1,1VLpfZJuzKm3UcPtfYMsf5T37jtkxjR3ZhRF3w,796172,2,206,1.0,796172.0,1181324.0,0.673966,4.97574149e-07,0.39615461,0.67290265,0.44444979,-0.667,5.000,9.311,9.3111,0.0001,1,,1,2,2,0,0,m1,1VLpfZJuzKm3UcPtfYMsf5T37jtkxjR3ZhRF3w,001162ebd74c37e4789a9edadf9a50b27644444a953498cbe716c39c7b26c0a6,946687373,946687364,9,1,0,0,115.3058,251,5
run6-tbt-10s,1,nazionale,10,none,true,100,251,3,1,m2,1AagzGnptAGnvYUunCiqyFBo5P7Zyq7h7kcijs,308720,2,206,1.0,308720.0,1181324.0,0.261334,4.61072132e-07,0.14234219,0.86732442,0.41997007,-0.667,5.000,9.066,9.0663,0.0003,1,,0,1,1,1,1,m1,1VLpfZJuzKm3UcPtfYMsf5T37jtkxjR3ZhRF3w,001162ebd74c37e4789a9edadf9a50b27644444a953498cbe716c39c7b26c0a6,946687373,946687364,9,1,0,0,51.3416,251,
run6-tbt-10s,1,nazionale,10,none,true,100,251,3,1,m3,1CsyzTjErfmoC3PFDMJbGZZqJu6EUYCh2wKkBq,76432,2,206,1.0,76432.0,1181324.0,0.0647,1.20439976e-05,0.92054682,0.39830118,0.99999934,-0.667,5.000,14.867,14.8666,-0.0004,1,,0,3,3,0,0,m1,1VLpfZJuzKm3UcPtfYMsf5T37jtkxjR3ZhRF3w,001162ebd74c37e4789a9edadf9a50b27644444a953498cbe716c39c7b26c0a6,946687373,946687364,9,1,0,0,32.0878,251,
run6-tbt-10s,1,nazionale,10,none,true,100,252,3,1,m1,1VLpfZJuzKm3UcPtfYMsf5T37jtkxjR3ZhRF3w,796172,2,206,1.0,796172.0,1181324.0,0.673966,1.67639721e-06,1.33470052,0.263237,0.8619816,-0.5,5.000,13.52,13.5198,-0.0002,1,,0,3,3,0,0,m3,1CsyzTjErfmoC3PFDMJbGZZqJu6EUYCh2wKkBq,004104df56099fa8d854eb23a468e16ac9804ccb9ebdc9b9742836cc8a8cf7e7,946687381,946687373,6,1,1,1,115.3058,251,
run6-tbt-10s,1,nazionale,10,none,true,100,252,3,1,m2,1AagzGnptAGnvYUunCiqyFBo5P7Zyq7h7kcijs,308720,2,206,1.0,308720.0,1181324.0,0.261334,1.48836988e-07,0.04594895,0.95509071,0.161235,-0.5,5.000,6.512,6.5123,0.0003,1,,0,2,2,0,0,m3,1CsyzTjErfmoC3PFDMJbGZZqJu6EUYCh2wKkBq,004104df56099fa8d854eb23a468e16ac9804ccb9ebdc9b9742836cc8a8cf7e7,946687381,946687373,6,1,1,1,51.3416,251,
run6-tbt-10s,1,nazionale,10,none,true,100,252,3,1,m3,1CsyzTjErfmoC3PFDMJbGZZqJu6EUYCh2wKkBq,76432,2,206,1.0,76432.0,1181324.0,0.0647,1.34268856e-07,0.01026244,0.98979004,0.14667519,-0.5,5.000,6.367,6.3668,-0.0002,1,,1,1,1,1,1,m3,1CsyzTjErfmoC3PFDMJbGZZqJu6EUYCh2wKkBq,004104df56099fa8d854eb23a468e16ac9804ccb9ebdc9b9742836cc8a8cf7e7,946687381,946687373,6,1,1,1,32.0878,251,1
run6-tbt-10s,1,nazionale,10,none,true,100,253,3,1,m1,1VLpfZJuzKm3UcPtfYMsf5T37jtkxjR3ZhRF3w,796172,2,206,1.0,796172.0,1181324.0,0.673966,6.4110053e-07,0.51042629,0.60023965,0.53109141,-0.333,5.000,10.244,10.2443,0.0003,1,,1,1,1,1,1,m1,1VLpfZJuzKm3UcPtfYMsf5T37jtkxjR3ZhRF3w,006ae02f10b006d954c2d6c1cda34a012d8ce7a41dc1ef8f490a229c0f42ed47,946687393,946687381,10,1,1,1,115.3058,251,1
run6-tbt-10s,1,nazionale,10,none,true,100,253,3,1,m2,1AagzGnptAGnvYUunCiqyFBo5P7Zyq7h7kcijs,308720,2,206,1.0,308720.0,1181324.0,0.261334,9.07503896e-07,0.2801646,0.75565935,0.65769603,-0.333,5.000,11.51,11.5104,0.0004,1,,0,2,2,0,0,m1,1VLpfZJuzKm3UcPtfYMsf5T37jtkxjR3ZhRF3w,006ae02f10b006d954c2d6c1cda34a012d8ce7a41dc1ef8f490a229c0f42ed47,946687393,946687381,10,1,1,1,51.3416,251,
run6-tbt-10s,1,nazionale,10,none,true,100,253,3,1,m3,1CsyzTjErfmoC3PFDMJbGZZqJu6EUYCh2wKkBq,76432,2,206,1.0,76432.0,1181324.0,0.0647,2.68562931e-05,2.05268019,0.12839033,1.0,-0.333,5.000,14.933,14.9334,0.0004,1,,0,3,3,0,0,m1,1VLpfZJuzKm3UcPtfYMsf5T37jtkxjR3ZhRF3w,006ae02f10b006d954c2d6c1cda34a012d8ce7a41dc1ef8f490a229c0f42ed47,946687393,946687381,10,1,1,1,32.0878,251,
run6-tbt-10s,1,nazionale,10,none,true,100,254,3,1,m1,1VLpfZJuzKm3UcPtfYMsf5T37jtkxjR3ZhRF3w,796172,2,206,1.0,796172.0,1181324.0,0.673966,1.42487698e-06,1.13444715,0.32159987,0.81422915,-0.5,5.000,13.042,13.0423,0.0003,1,,0,3,3,0,0,m3,1CsyzTjErfmoC3PFDMJbGZZqJu6EUYCh2wKkBq,0031705a781bfbe3eb7f9ee0f42bdc32e675c439240679deef2f94afcecb84a5,946687401,946687393,6,1,0,0,115.7548,254,
run6-tbt-10s,1,nazionale,10,none,true,100,254,3,1,m2,1AagzGnptAGnvYUunCiqyFBo5P7Zyq7h7kcijs,308720,2,206,1.0,308720.0,1181324.0,0.261334,1.01523874e-06,0.3134245,0.73093956,0.69860268,-0.5,5.000,11.886,11.886,0.0,1,,0,2,2,0,0,m3,1CsyzTjErfmoC3PFDMJbGZZqJu6EUYCh2wKkBq,0031705a781bfbe3eb7f9ee0f42bdc32e675c439240679deef2f94afcecb84a5,946687401,946687393,6,1,0,0,51.3416,254,
run6-tbt-10s,1,nazionale,10,none,true,100,254,3,1,m3,1CsyzTjErfmoC3PFDMJbGZZqJu6EUYCh2wKkBq,76432,2,206,1.0,76432.0,1181324.0,0.0647,1.11921533e-07,0.00855439,0.9914821,0.12384792,-0.5,5.000,6.138,6.1385,0.0005,1,,1,1,1,1,1,m3,1CsyzTjErfmoC3PFDMJbGZZqJu6EUYCh2wKkBq,0031705a781bfbe3eb7f9ee0f42bdc32e675c439240679deef2f94afcecb84a5,946687401,946687393,6,1,0,0,32.2562,254,1
run6-tbt-10s,1,nazionale,10,none,true,100,255,3,1,m1,1VLpfZJuzKm3UcPtfYMsf5T37jtkxjR3ZhRF3w,796172,2,206,1.0,796172.0,1181324.0,0.673966,2.408919e-06,1.91791386,0.14691312,0.94190722,-0.25,5.000,14.369,14.3691,0.0001,1,,0,1,1,1,1,m3,1CsyzTjErfmoC3PFDMJbGZZqJu6EUYCh2wKkBq,002f21051f35f65a05e0460601fe0276ec31dacfd7a9e73880159e3b7027ff61,946687416,946687401,14,1,0,0,115.7548,254,
run6-tbt-10s,1,nazionale,10,none,true,100,255,3,1,m2,1AagzGnptAGnvYUunCiqyFBo5P7Zyq7h7kcijs,308720,2,206,1.0,308720.0,1181324.0,0.261334,4.72209651e-06,1.45780563,0.23274645,0.99622111,-0.25,5.000,14.912,14.9122,0.0002,1,,0,2,2,0,0,m3,1CsyzTjErfmoC3PFDMJbGZZqJu6EUYCh2wKkBq,002f21051f35f65a05e0460601fe0276ec31dacfd7a9e73880159e3b7027ff61,946687416,946687401,14,1,0,0,51.3416,254,
run6-tbt-10s,1,nazionale,10,none,true,100,255,3,1,m3,1CsyzTjErfmoC3PFDMJbGZZqJu6EUYCh2wKkBq,76432,2,206,1.0,76432.0,1181324.0,0.0647,3.56177113e-05,2.72233291,0.06572125,1.0,-0.25,5.000,14.95,14.95,0.0,1,,1,3,3,0,0,m3,1CsyzTjErfmoC3PFDMJbGZZqJu6EUYCh2wKkBq,002f21051f35f65a05e0460601fe0276ec31dacfd7a9e73880159e3b7027ff61,946687416,946687401,14,1,0,0,32.2562,254,2
run6-tbt-10s,1,nazionale,10,none,true,100,256,3,1,m1,1VLpfZJuzKm3UcPtfYMsf5T37jtkxjR3ZhRF3w,796172,2,206,1.0,796172.0,1181324.0,0.673966,2.86042013e-06,2.27738642,0.10255188,0.96592131,-0.833,5.000,14.493,14.4926,-0.0004,1,,0,2,2,0,0,m2,1AagzGnptAGnvYUunCiqyFBo5P7Zyq7h7kcijs,006c49575dff09e3f0846000464db76fef03d2fcf990d0db61e4ef774c92c25a,946687427,946687416,9,1,0,0,115.7548,256,
run6-tbt-10s,1,nazionale,10,none,true,100,256,3,1,m2,1AagzGnptAGnvYUunCiqyFBo5P7Zyq7h7kcijs,308720,2,206,1.0,308720.0,1181324.0,0.261334,5.65673424e-07,0.1746347,0.83976373,0.48739186,-0.833,5.000,9.707,9.7073,0.0003,1,,1,1,1,1,1,m2,1AagzGnptAGnvYUunCiqyFBo5P7Zyq7h7kcijs,006c49575dff09e3f0846000464db76fef03d2fcf990d0db61e4ef774c92c25a,946687427,946687416,9,1,0,0,51.51,256,1
run6-tbt-10s,1,nazionale,10,none,true,100,256,3,1,m3,1CsyzTjErfmoC3PFDMJbGZZqJu6EUYCh2wKkBq,76432,2,206,1.0,76432.0,1181324.0,0.0647,1.30368416e-05,0.99643188,0.36919442,0.9999998,-0.833,5.000,14.833,14.8334,0.0004,1,,0,3,3,0,0,m2,1AagzGnptAGnvYUunCiqyFBo5P7Zyq7h7kcijs,006c49575dff09e3f0846000464db76fef03d2fcf990d0db61e4ef774c92c25a,946687427,946687416,9,1,0,0,32.7616,256,
run6-tbt-10s,1,nazionale,10,none,true,100,257,3,1,m1,1VLpfZJuzKm3UcPtfYMsf5T37jtkxjR3ZhRF3w,796172,2,206,1.0,796172.0,1181324.0,0.673966,4.29356992e-06,3.41842015,0.03276416,0.99373074,-0.667,5.000,14.804,14.8039,-0.0001,1,,0,3,3,0,0,m3,1CsyzTjErfmoC3PFDMJbGZZqJu6EUYCh2wKkBq,00a88a2af9f6441b92ec309f27f86100d777cd48f41387cae030963a71b823ac,946687440,946687427,11,1,0,0,115.7548,256,
run6-tbt-10s,1,nazionale,10,none,true,100,257,3,1,m2,1AagzGnptAGnvYUunCiqyFBo5P7Zyq7h7kcijs,308720,2,206,1.0,308720.0,1181324.0,0.261334,3.05401331e-06,0.94283499,0.38952198,0.97288801,-0.667,5.000,14.596,14.5955,-0.0005,1,,0,2,2,0,0,m3,1CsyzTjErfmoC3PFDMJbGZZqJu6EUYCh2wKkBq,00a88a2af9f6441b92ec309f27f86100d777cd48f41387cae030963a71b823ac,946687440,946687427,11,1,0,0,51.51,256,
run6-tbt-10s,1,nazionale,10,none,true,100,257,3,1,m3,1CsyzTjErfmoC3PFDMJbGZZqJu6EUYCh2wKkBq,76432,2,206,1.0,76432.0,1181324.0,0.0647,9.96164046e-07,0.07613881,0.92668756,0.69173408,-0.667,5.000,11.784,11.7839,-0.0001,1,,1,1,1,1,1,m3,1CsyzTjErfmoC3PFDMJbGZZqJu6EUYCh2wKkBq,00a88a2af9f6441b92ec309f27f86100d777cd48f41387cae030963a71b823ac,946687440,946687427,11,1,0,0,32.7616,256,1
run6-tbt-10s,1,nazionale,10,none,true,100,258,3,1,m1,1VLpfZJuzKm3UcPtfYMsf5T37jtkxjR3ZhRF3w,796172,2,206,1.0,796172.0,1181324.0,0.673966,2.64439341e-08,0.02105392,0.97916617,0.03075596,-0.583,5.000,5.191,5.191,-0.0,1,,1,1,1,1,1,m1,1VLpfZJuzKm3UcPtfYMsf5T37jtkxjR3ZhRF3w,008cd803b3f369086ded514f98e160e8cbfabb27ee39ab9c58be53d3537b50c8,946687447,946687440,5,1,0,0,115.7548,256,1
run6-tbt-10s,1,nazionale,10,none,true,100,258,3,1,m2,1AagzGnptAGnvYUunCiqyFBo5P7Zyq7h7kcijs,308720,2,206,1.0,308720.0,1181324.0,0.261334,2.41409518e-06,0.74527946,0.47460165,0.94226136,-0.583,5.000,14.306,14.306,0.0,1,,0,2,2,0,0,m1,1VLpfZJuzKm3UcPtfYMsf5T37jtkxjR3ZhRF3w,008cd803b3f369086ded514f98e160e8cbfabb27ee39ab9c58be53d3537b50c8,946687447,946687440,5,1,0,0,51.51,256,
run6-tbt-10s,1,nazionale,10,none,true,100,258,3,1,m3,1CsyzTjErfmoC3PFDMJbGZZqJu6EUYCh2wKkBq,76432,2,206,1.0,76432.0,1181324.0,0.0647,6.56342851e-06,0.50165597,0.6055271,0.99957078,-0.583,5.000,14.879,14.8791,0.0001,1,,0,3,3,0,0,m1,1VLpfZJuzKm3UcPtfYMsf5T37jtkxjR3ZhRF3w,008cd803b3f369086ded514f98e160e8cbfabb27ee39ab9c58be53d3537b50c8,946687447,946687440,5,1,0,0,32.7616,256,
run6-tbt-10s,1,nazionale,10,none,true,100,259,3,1,m1,1VLpfZJuzKm3UcPtfYMsf5T37jtkxjR3ZhRF3w,796172,2,206,1.0,796172.0,1181324.0,0.673966,8.38079162e-08,0.06672552,0.93545193,0.09426119,-0.5,5.000,5.843,5.8426,-0.0004,1,,1,1,1,1,1,m1,1VLpfZJuzKm3UcPtfYMsf5T37jtkxjR3ZhRF3w,0097c19bfd94bc7b58eacc9b7e11d250886cfa1d213ece920078dbe8486f9e1c,946687454,946687447,5,1,0,0,115.7548,256,2
run6-tbt-10s,1,nazionale,10,none,true,100,259,3,1,m2,1AagzGnptAGnvYUunCiqyFBo5P7Zyq7h7kcijs,308720,2,206,1.0,308720.0,1181324.0,0.261334,3.05339737e-06,0.94264484,0.38959605,0.97286828,-0.5,5.000,14.629,14.6287,-0.0003,1,,0,2,2,0,0,m1,1VLpfZJuzKm3UcPtfYMsf5T37jtkxjR3ZhRF3w,0097c19bfd94bc7b58eacc9b7e11d250886cfa1d213ece920078dbe8486f9e1c,946687454,946687447,5,1,0,0,51.51,256,
run6-tbt-10s,1,nazionale,10,none,true,100,259,3,1,m3,1CsyzTjErfmoC3PFDMJbGZZqJu6EUYCh2wKkBq,76432,2,206,1.0,76432.0,1181324.0,0.0647,3.25831863e-06,0.24903981,0.77954894,0.97870174,-0.5,5.000,14.687,14.687,0.0,1,,0,3,3,0,0,m1,1VLpfZJuzKm3UcPtfYMsf5T37jtkxjR3ZhRF3w,0097c19bfd94bc7b58eacc9b7e11d250886cfa1d213ece920078dbe8486f9e1c,946687454,946687447,5,1,0,0,32.7616,256,
run6-tbt-10s,1,nazionale,10,none,true,100,260,3,1,m1,1VLpfZJuzKm3UcPtfYMsf5T37jtkxjR3ZhRF3w,796172,2,206,1.0,796172.0,1181324.0,0.673966,5.92725797e-07,0.47191168,0.6238086,0.5035146,0.0,5.000,10.035,10.0351,0.0001,1,,0,2,2,0,0,m2,1AagzGnptAGnvYUunCiqyFBo5P7Zyq7h7kcijs,0069e51ed4760750283343b3ea2573497394bcda32a7bdd032874e6355bfa3bb,946687461,946687454,5,1,0,0,115.9794,260,
run6-tbt-10s,1,nazionale,10,none,true,100,260,3,1,m2,1AagzGnptAGnvYUunCiqyFBo5P7Zyq7h7kcijs,308720,2,206,1.0,308720.0,1181324.0,0.261334,7.08858561e-08,0.02188388,0.97835383,0.08032889,0.0,5.000,5.803,5.8033,0.0003,1,,1,1,1,1,1,m2,1AagzGnptAGnvYUunCiqyFBo5P7Zyq7h7kcijs,0069e51ed4760750283343b3ea2573497394bcda32a7bdd032874e6355bfa3bb,946687461,946687454,5,1,0,0,51.51,260,1
run6-tbt-10s,1,nazionale,10,none,true,100,260,3,1,m3,1CsyzTjErfmoC3PFDMJbGZZqJu6EUYCh2wKkBq,76432,2,206,1.0,76432.0,1181324.0,0.0647,6.19199026e-06,0.4732662,0.62296422,0.99933435,0.0,5.000,14.993,14.9933,0.0003,1,,0,3,3,0,0,m2,1AagzGnptAGnvYUunCiqyFBo5P7Zyq7h7kcijs,0069e51ed4760750283343b3ea2573497394bcda32a7bdd032874e6355bfa3bb,946687461,946687454,5,1,0,0,33.0982,260,
run6-tbt-10s,1,nazionale,10,none,true,100,261,3,1,m1,1VLpfZJuzKm3UcPtfYMsf5T37jtkxjR3ZhRF3w,796172,2,206,1.0,796172.0,1181324.0,0.673966,4.63343402e-06,3.68901043,0.02499673,0.99580385,0.083,5.000,14.975,14.9746,-0.0004,1,,0,2,2,0,0,m2,1AagzGnptAGnvYUunCiqyFBo5P7Zyq7h7kcijs,0043ab73b6bd0b369a3b85225e5f9c5e1ea6296318bd57db3e24eecb74a5000b,946687476,946687461,13,1,0,0,115.9794,260,
run6-tbt-10s,1,nazionale,10,none,true,100,261,3,1,m2,1AagzGnptAGnvYUunCiqyFBo5P7Zyq7h7kcijs,308720,2,206,1.0,308720.0,1181324.0,0.261334,1.92012802e-06,0.59278192,0.55278733,0.89651135,0.083,5.000,13.982,13.9817,-0.0003,1,,1,1,1,1,1,m2,1AagzGnptAGnvYUunCiqyFBo5P7Zyq7h7kcijs,0043ab73b6bd0b369a3b85225e5f9c5e1ea6296318bd57db3e24eecb74a5000b,946687476,946687461,13,1,0,0,51.51,260,2
run6-tbt-10s,1,nazionale,10,none,true,100,261,3,1,m3,1CsyzTjErfmoC3PFDMJbGZZqJu6EUYCh2wKkBq,76432,2,206,1.0,76432.0,1181324.0,0.0647,1.19630207e-05,0.9143576,0.400774,0.99999927,0.083,5.000,15.017,15.0166,-0.0004,1,,0,3,3,0,0,m2,1AagzGnptAGnvYUunCiqyFBo5P7Zyq7h7kcijs,0043ab73b6bd0b369a3b85225e5f9c5e1ea6296318bd57db3e24eecb74a5000b,946687476,946687461,13,1,0,0,33.0982,260,
run6-tbt-10s,1,nazionale,10,none,true,100,262,3,1,m1,1VLpfZJuzKm3UcPtfYMsf5T37jtkxjR3ZhRF3w,796172,2,206,1.0,796172.0,1181324.0,0.673966,8.62686937e-07,0.68684718,0.50315994,0.63908499,0.083,5.000,11.408,11.4074,-0.0006,1,,1,1,1,1,1,m1,1VLpfZJuzKm3UcPtfYMsf5T37jtkxjR3ZhRF3w,006358e53bbd969a696bf148d47ce450542f9a2080c537e7fd837b1140d6b8e9,946687489,946687476,11,1,1,1,116.2604,262,1
run6-tbt-10s,1,nazionale,10,none,true,100,262,3,1,m2,1AagzGnptAGnvYUunCiqyFBo5P7Zyq7h7kcijs,308720,2,206,1.0,308720.0,1181324.0,0.261334,1.16184869e-06,0.35868593,0.69859373,0.74653252,0.083,5.000,12.482,12.4819,-0.0001,1,,0,2,2,0,0,m1,1VLpfZJuzKm3UcPtfYMsf5T37jtkxjR3ZhRF3w,006358e53bbd969a696bf148d47ce450542f9a2080c537e7fd837b1140d6b8e9,946687489,946687476,11,1,1,1,51.9026,262,
run6-tbt-10s,1,nazionale,10,none,true,100,262,3,1,m3,1CsyzTjErfmoC3PFDMJbGZZqJu6EUYCh2wKkBq,76432,2,206,1.0,76432.0,1181324.0,0.0647,1.05984852e-05,0.81006342,0.44482985,0.99999635,0.083,5.000,15.017,15.0166,-0.0004,1,,0,3,3,0,0,m1,1VLpfZJuzKm3UcPtfYMsf5T37jtkxjR3ZhRF3w,006358e53bbd969a696bf148d47ce450542f9a2080c537e7fd837b1140d6b8e9,946687489,946687476,11,1,1,1,33.0982,262,
run6-tbt-10s,1,nazionale,10,none,true,100,263,3,1,m1,1VLpfZJuzKm3UcPtfYMsf5T37jtkxjR3ZhRF3w,796172,2,206,1.0,796172.0,1181324.0,0.673966,8.039176e-07,0.64005668,0.52726254,0.61313797,-0.417,5.000,11.048,11.048,-0.0,1,,1,1,1,1,1,m1,1VLpfZJuzKm3UcPtfYMsf5T37jtkxjR3ZhRF3w,00f4f58fccdba43b2c933fc552352e0b3df10610e53173f48cbad1c5a60e6ee2,946687501,946687489,11,1,0,0,116.2604,262,2
run6-tbt-10s,1,nazionale,10,none,true,100,263,3,1,m2,1AagzGnptAGnvYUunCiqyFBo5P7Zyq7h7kcijs,308720,2,206,1.0,308720.0,1181324.0,0.261334,1.87269824e-06,0.5781394,0.56094108,0.89054736,-0.417,5.000,13.822,13.8221,0.0001,1,,0,2,2,0,0,m1,1VLpfZJuzKm3UcPtfYMsf5T37jtkxjR3ZhRF3w,00f4f58fccdba43b2c933fc552352e0b3df10610e53173f48cbad1c5a60e6ee2,946687501,946687489,11,1,0,0,51.9026,262,
run6-tbt-10s,1,nazionale,10,none,true,100,263,3,1,m3,1CsyzTjErfmoC3PFDMJbGZZqJu6EUYCh2wKkBq,76432,2,206,1.0,76432.0,1181324.0,0.0647,3.26186417e-05,2.49310802,0.08265268,1.0,-0.417,5.000,14.917,14.9166,-0.0004,1,,0,3,3,0,0,m1,1VLpfZJuzKm3UcPtfYMsf5T37jtkxjR3ZhRF3w,00f4f58fccdba43b2c933fc552352e0b3df10610e53173f48cbad1c5a60e6ee2,946687501,946687489,11,1,0,0,33.0982,262,
run6-tbt-10s,1,nazionale,10,none,true,100,264,3,1,m1,1VLpfZJuzKm3UcPtfYMsf5T37jtkxjR3ZhRF3w,796172,2,206,1.0,796172.0,1181324.0,0.673966,2.40312923e-06,1.91330421,0.14759191,0.94150852,-0.667,5.000,14.282,14.2817,-0.0003,1,,0,2,2,0,0,m2,1AagzGnptAGnvYUunCiqyFBo5P7Zyq7h7kcijs,004f2d8483b6ef887e2b217103925290d69b93193e6120321ae1da60c5b189d2,946687510,946687501,7,1,0,0,116.2604,262,
run6-tbt-10s,1,nazionale,10,none,true,100,264,3,1,m2,1AagzGnptAGnvYUunCiqyFBo5P7Zyq7h7kcijs,308720,2,206,1.0,308720.0,1181324.0,0.261334,2.24228266e-07,0.06922375,0.93311787,0.23270676,-0.667,5.000,7.194,7.1937,-0.0003,1,,1,1,1,1,1,m2,1AagzGnptAGnvYUunCiqyFBo5P7Zyq7h7kcijs,004f2d8483b6ef887e2b217103925290d69b93193e6120321ae1da60c5b189d2,946687510,946687501,7,1,0,0,51.9026,262,1
run6-tbt-10s,1,nazionale,10,none,true,100,264,3,1,m3,1CsyzTjErfmoC3PFDMJbGZZqJu6EUYCh2wKkBq,76432,2,206,1.0,76432.0,1181324.0,0.0647,2.33346809e-05,1.78351633,0.1680462,1.0,-0.667,5.000,14.867,14.8666,-0.0004,1,,0,3,3,0,0,m2,1AagzGnptAGnvYUunCiqyFBo5P7Zyq7h7kcijs,004f2d8483b6ef887e2b217103925290d69b93193e6120321ae1da60c5b189d2,946687510,946687501,7,1,0,0,33.0982,262,
run6-tbt-10s,1,nazionale,10,none,true,100,265,3,1,m1,1VLpfZJuzKm3UcPtfYMsf5T37jtkxjR3ZhRF3w,796172,2,206,1.0,796172.0,1181324.0,0.673966,3.00436314e-07,0.23919898,0.78725822,0.29876529,-0.75,5.000,7.838,7.8377,-0.0003,1,,1,1,1,1,1,m1,1VLpfZJuzKm3UcPtfYMsf5T37jtkxjR3ZhRF3w,002ad8b15d6aa2e92d448a34f85233bd5869d2cdbd2ddb5e2add23301a455315,946687520,946687510,7,1,0,0,116.5972,265,1
run6-tbt-10s,1,nazionale,10,none,true,100,265,3,1,m2,1AagzGnptAGnvYUunCiqyFBo5P7Zyq7h7kcijs,308720,2,206,1.0,308720.0,1181324.0,0.261334,7.141865e-06,2.20483656,0.11026855,0.99978327,-0.75,5.000,14.848,14.8478,-0.0002,1,,0,2,2,0,0,m1,1VLpfZJuzKm3UcPtfYMsf5T37jtkxjR3ZhRF3w,002ad8b15d6aa2e92d448a34f85233bd5869d2cdbd2ddb5e2add23301a455315,946687520,946687510,7,1,0,0,52.0712,265,
run6-tbt-10s,1,nazionale,10,none,true,100,265,3,1,m3,1CsyzTjErfmoC3PFDMJbGZZqJu6EUYCh2wKkBq,76432,2,206,1.0,76432.0,1181324.0,0.0647,9.14026216e-06,0.69860852,0.49727677,0.99997955,-0.75,5.000,14.85,14.8498,-0.0002,1,,0,3,3,0,0,m1,1VLpfZJuzKm3UcPtfYMsf5T37jtkxjR3ZhRF3w,002ad8b15d6aa2e92d448a34f85233bd5869d2cdbd2ddb5e2add23301a455315,946687520,946687510,7,1,0,0,33.0982,265,
run6-tbt-10s,1,nazionale,10,none,true,100,266,3,1,m1,1VLpfZJuzKm3UcPtfYMsf5T37jtkxjR3ZhRF3w,796172,2,206,1.0,796172.0,1181324.0,0.673966,4.80860203e-06,3.8284743,0.02174276,0.99658821,-0.583,5.000,14.849,14.8493,0.0003,1,,0,2,2,0,0,m2,1AagzGnptAGnvYUunCiqyFBo5P7Zyq7h7kcijs,00161cbace65e5b936a6dfab264c6d8b40bd6139269394709fe93cb70d0fb25d,946687535,946687520,13,1,1,1,116.5972,265,
run6-tbt-10s,1,nazionale,10,none,true,100,266,3,1,m2,1AagzGnptAGnvYUunCiqyFBo5P7Zyq7h7kcijs,308720,2,206,1.0,308720.0,1181324.0,0.261334,1.51284739e-06,0.46704625,0.6268511,0.83256548,-0.583,5.000,13.209,13.2091,0.0001,1,,1,1,1,1,1,m2,1AagzGnptAGnvYUunCiqyFBo5P7Zyq7h7kcijs,00161cbace65e5b936a6dfab264c6d8b40bd6139269394709fe93cb70d0fb25d,946687535,946687520,13,1,1,1,52.0712,265,1
run6-tbt-10s,1,nazionale,10,none,true,100,266,3,1,m3,1CsyzTjErfmoC3PFDMJbGZZqJu6EUYCh2wKkBq,76432,2,206,1.0,76432.0,1181324.0,0.0647,6.55228335e-06,0.50080412,0.60604313,0.99956509,-0.583,5.000,14.879,14.8791,0.0001,1,,0,3,3,0,0,m2,1AagzGnptAGnvYUunCiqyFBo5P7Zyq7h7kcijs,00161cbace65e5b936a6dfab264c6d8b40bd6139269394709fe93cb70d0fb25d,946687535,946687520,13,1,1,1,33.0982,265,
run6-tbt-10s,1,nazionale,10,none,true,100,267,3,1,m1,1VLpfZJuzKm3UcPtfYMsf5T37jtkxjR3ZhRF3w,796172,2,206,1.0,796172.0,1181324.0,0.673966,3.02874595e-06,2.41140272,0.0896894,0.97206655,-1.167,5.000,14.487,14.4873,0.0003,1,,0,1,1,1,1,m2,1AagzGnptAGnvYUunCiqyFBo5P7Zyq7h7kcijs,00d91931eeac06941973e17aa359dd31b2f578a2b8d1af55e35d49d5a4c305f5,946687551,946687535,14,1,1,1,116.5972,265,
run6-tbt-10s,1,nazionale,10,none,true,100,267,3,1,m2,1AagzGnptAGnvYUunCiqyFBo5P7Zyq7h7kcijs,308720,2,206,1.0,308720.0,1181324.0,0.261334,7.03077509e-06,2.17054089,0.11411588,0.99975288,-1.167,5.000,14.764,14.7641,0.0001,1,,1,2,2,0,0,m2,1AagzGnptAGnvYUunCiqyFBo5P7Zyq7h7kcijs,00d91931eeac06941973e17aa359dd31b2f578a2b8d1af55e35d49d5a4c305f5,946687551,946687535,14,1,1,1,52.0712,265,2
run6-tbt-10s,1,nazionale,10,none,true,100,267,3,1,m3,1CsyzTjErfmoC3PFDMJbGZZqJu6EUYCh2wKkBq,76432,2,206,1.0,76432.0,1181324.0,0.0647,3.30088983e-05,2.52293611,0.08022371,1.0,-1.167,5.000,14.767,14.7666,-0.0004,1,,0,3,3,0,0,m2,1AagzGnptAGnvYUunCiqyFBo5P7Zyq7h7kcijs,00d91931eeac06941973e17aa359dd31b2f578a2b8d1af55e35d49d5a4c305f5,946687551,946687535,14,1,1,1,33.0982,265,
run6-tbt-10s,1,nazionale,10,none,true,100,268,3,1,m1,1VLpfZJuzKm3UcPtfYMsf5T37jtkxjR3ZhRF3w,796172,2,206,1.0,796172.0,1181324.0,0.673966,3.97901152e-07,0.31679776,0.72847807,0.37502909,-1.25,5.000,8.5,8.5003,0.0003,1,,0,2,2,0,0,m2,1AagzGnptAGnvYUunCiqyFBo5P7Zyq7h7kcijs,0003b4bf050b11e4caad4c31606d1503cf523b7fcd667f91caa8ab2dcbc857f9,946687557,946687551,6,1,0,0,116.7654,268,
run6-tbt-10s,1,nazionale,10,none,true,100,268,3,1,m2,1AagzGnptAGnvYUunCiqyFBo5P7Zyq7h7kcijs,308720,2,206,1.0,308720.0,1181324.0,0.261334,1.4665525e-07,0.04527541,0.95573423,0.15907043,-1.25,5.000,6.341,6.3407,-0.0003,1,,1,1,1,1,1,m2,1AagzGnptAGnvYUunCiqyFBo5P7Zyq7h7kcijs,0003b4bf050b11e4caad4c31606d1503cf523b7fcd667f91caa8ab2dcbc857f9,946687557,946687551,6,1,0,0,52.689,268,3
run6-tbt-10s,1,nazionale,10,none,true,100,268,3,1,m3,1CsyzTjErfmoC3PFDMJbGZZqJu6EUYCh2wKkBq,76432,2,206,1.0,76432.0,1181324.0,0.0647,5.83373516e-06,0.44588405,0.64025801,0.99898364,-1.25,5.000,14.74,14.7398,-0.0002,1,,0,3,3,0,0,m2,1AagzGnptAGnvYUunCiqyFBo5P7Zyq7h7kcijs,0003b4bf050b11e4caad4c31606d1503cf523b7fcd667f91caa8ab2dcbc857f9,946687557,946687551,6,1,0,0,33.0982,268,
run6-tbt-10s,1,nazionale,10,none,true,100,269,3,1,m1,1VLpfZJuzKm3UcPtfYMsf5T37jtkxjR3ZhRF3w,796172,2,206,1.0,796172.0,1181324.0,0.673966,4.12179566e-06,3.28165829,0.03756591,0.99232031,-0.833,5.000,14.757,14.7566,-0.0004,1,,0,2,2,0,0,m2,1AagzGnptAGnvYUunCiqyFBo5P7Zyq7h7kcijs,007e30b9afdf32acad257a18f0594a76f5d57cc1bd77dab44d4558f69e947414,946687572,946687557,13,1,0,0,116.7654,268,
run6-tbt-10s,1,nazionale,10,none,true,100,269,3,1,m2,1AagzGnptAGnvYUunCiqyFBo5P7Zyq7h7kcijs,308720,2,206,1.0,308720.0,1181324.0,0.261334,1.84487277e-06,0.56954912,0.56578048,0.88688977,-0.833,5.000,13.702,13.7023,0.0003,1,,1,1,1,1,1,m2,1AagzGnptAGnvYUunCiqyFBo5P7Zyq7h7kcijs,007e30b9afdf32acad257a18f0594a76f5d57cc1bd77dab44d4558f69e947414,946687572,946687557,13,1,0,0,52.689,268,4
run6-tbt-10s,1,nazionale,10,none,true,100,269,3,1,m3,1CsyzTjErfmoC3PFDMJbGZZqJu6EUYCh2wKkBq,76432,2,206,1.0,76432.0,1181324.0,0.0647,1.52137759e-05,1.16281932,0.31260361,0.99999998,-0.833,5.000,14.833,14.8334,0.0004,1,,0,3,3,0,0,m2,1AagzGnptAGnvYUunCiqyFBo5P7Zyq7h7kcijs,007e30b9afdf32acad257a18f0594a76f5d57cc1bd77dab44d4558f69e947414,946687572,946687557,13,1,0,0,33.0982,268,
run6-tbt-10s,1,nazionale,10,none,true,100,270,3,1,m1,1VLpfZJuzKm3UcPtfYMsf5T37jtkxjR3ZhRF3w,796172,2,206,1.0,796172.0,1181324.0,0.673966,3.84657197e-06,3.0625329,0.04676908,0.98936971,-1.0,5.000,14.694,14.6937,-0.0003,1,,0,1,1,1,1,m2,1AagzGnptAGnvYUunCiqyFBo5P7Zyq7h7kcijs,00c975c2a7e92bb18bb0f956e1f848ae934e04cc3d3d12cdd82c0e1f69fc8272,946687587,946687572,14,1,0,0,116.7654,270,
run6-tbt-10s,1,nazionale,10,none,true,100,270,3,1,m2,1AagzGnptAGnvYUunCiqyFBo5P7Zyq7h7kcijs,308720,2,206,1.0,308720.0,1181324.0,0.261334,9.61274216e-06,2.96764576,0.05142423,0.9999883,-1.0,5.000,14.8,14.7999,-0.0001,1,,1,2,2,0,0,m2,1AagzGnptAGnvYUunCiqyFBo5P7Zyq7h7kcijs,00c975c2a7e92bb18bb0f956e1f848ae934e04cc3d3d12cdd82c0e1f69fc8272,946687587,946687572,14,1,0,0,53.0818,270,5
run6-tbt-10s,1,nazionale,10,none,true,100,270,3,1,m3,1CsyzTjErfmoC3PFDMJbGZZqJu6EUYCh2wKkBq,76432,2,206,1.0,76432.0,1181324.0,0.0647,1.08928352e-05,0.83256118,0.43493391,0.99999742,-1.0,5.000,14.8,14.8,-0.0,1,,0,3,3,0,0,m2,1AagzGnptAGnvYUunCiqyFBo5P7Zyq7h7kcijs,00c975c2a7e92bb18bb0f956e1f848ae934e04cc3d3d12cdd82c0e1f69fc8272,946687587,946687572,14,1,0,0,33.0982,270,
run6-tbt-10s,1,nazionale,10,none,true,100,271,3,1,m1,1VLpfZJuzKm3UcPtfYMsf5T37jtkxjR3ZhRF3w,796172,2,206,1.0,796172.0,1181324.0,0.673966,2.02360802e-07,0.161114,0.85119503,0.21262738,-1.667,5.000,6.793,6.7929,-0.0001,1,,1,1,1,1,1,m1,1VLpfZJuzKm3UcPtfYMsf5T37jtkxjR3ZhRF3w,00405764b305a60213148ac4287f378359ab899862ad09e9ea02f5bc84d1fc1f,946687596,946687587,6,1,0,0,116.7654,270,1
run6-tbt-10s,1,nazionale,10,none,true,100,271,3,1,m2,1AagzGnptAGnvYUunCiqyFBo5P7Zyq7h7kcijs,308720,2,206,1.0,308720.0,1181324.0,0.261334,6.59753682e-06,2.03679157,0.13044657,0.99958773,-1.667,5.000,14.663,14.6625,-0.0005,1,,0,3,3,0,0,m1,1VLpfZJuzKm3UcPtfYMsf5T37jtkxjR3ZhRF3w,00405764b305a60213148ac4287f378359ab899862ad09e9ea02f5bc84d1fc1f,946687596,946687587,6,1,0,0,53.0818,270,
run6-tbt-10s,1,nazionale,10,none,true,100,271,3,1,m3,1CsyzTjErfmoC3PFDMJbGZZqJu6EUYCh2wKkBq,76432,2,206,1.0,76432.0,1181324.0,0.0647,4.00869856e-06,0.30639285,0.73609739,0.99122257,-1.667,5.000,14.579,14.5788,-0.0002,1,,0,2,2,0,0,m1,1VLpfZJuzKm3UcPtfYMsf5T37jtkxjR3ZhRF3w,00405764b305a60213148ac4287f378359ab899862ad09e9ea02f5bc84d1fc1f,946687596,946687587,6,1,0,0,33.0982,270,
run6-tbt-10s,1,nazionale,10,none,true,100,272,3,1,m1,1VLpfZJuzKm3UcPtfYMsf5T37jtkxjR3ZhRF3w,796172,2,206,1.0,796172.0,1181324.0,0.673966,2.78263873e-07,0.2215459,0.80127914,0.2801553,-1.833,5.000,7.435,7.435,-0.0,1,,1,1,1,1,1,m1,1VLpfZJuzKm3UcPtfYMsf5T37jtkxjR3ZhRF3w,0085cda7ff1f32f6cc347b55a7f0d02b5d8881fb1efc9fb8e3765596bd153144,946687603,946687596,7,1,0,0,116.7654,270,2
run6-tbt-10s,1,nazionale,10,none,true,100,272,3,1,m2,1AagzGnptAGnvYUunCiqyFBo5P7Zyq7h7kcijs,308720,2,206,1.0,308720.0,1181324.0,0.261334,8.36329525e-06,2.58191651,0.07562892,0.9999488,-1.833,5.000,14.633,14.6329,-0.0001,1,,0,3,3,0,0,m1,1VLpfZJuzKm3UcPtfYMsf5T37jtkxjR3ZhRF3w,0085cda7ff1f32f6cc347b55a7f0d02b5d8881fb1efc9fb8e3765596bd153144,946687603,946687596,7,1,0,0,53.0818,270,
run6-tbt-10s,1,nazionale,10,none,true,100,272,3,1,m3,1CsyzTjErfmoC3PFDMJbGZZqJu6EUYCh2wKkBq,76432,2,206,1.0,76432.0,1181324.0,0.0647,4.64867754e-06,0.35530772,0.70095771,0.99587873,-1.833,5.000,14.592,14.5922,0.0002,1,,0,2,2,0,0,m1,1VLpfZJuzKm3UcPtfYMsf5T37jtkxjR3ZhRF3w,0085cda7ff1f32f6cc347b55a7f0d02b5d8881fb1efc9fb8e3765596bd153144,946687603,946687596,7,1,0,0,33.0982,270,
run6-tbt-10s,1,nazionale,10,none,true,100,273,3,1,m1,1VLpfZJuzKm3UcPtfYMsf5T37jtkxjR3ZhRF3w,796172,2,206,1.0,796172.0,1181324.0,0.673966,2.67514372e-06,2.12987453,0.11885221,0.95758323,-1.833,5.000,14.209,14.2092,0.0002,1,,1,1,1,1,1,m1,1VLpfZJuzKm3UcPtfYMsf5T37jtkxjR3ZhRF3w,00020442cad83b3ccb1a13590ed46d4a2affb153d876b7021c3d88711c61d2c1,946687618,946687603,14,1,0,0,117.1584,273,3
run6-tbt-10s,1,nazionale,10,none,true,100,273,3,1,m2,1AagzGnptAGnvYUunCiqyFBo5P7Zyq7h7kcijs,308720,2,206,1.0,308720.0,1181324.0,0.261334,7.15493698e-06,2.20887214,0.10982444,0.99978659,-1.833,5.000,14.631,14.6313,0.0003,1,,0,2,2,0,0,m1,1VLpfZJuzKm3UcPtfYMsf5T37jtkxjR3ZhRF3w,00020442cad83b3ccb1a13590ed46d4a2affb153d876b7021c3d88711c61d2c1,946687618,946687603,14,1,0,0,53.3628,273,
run6-tbt-10s,1,nazionale,10,none,true,100,273,3,1,m3,1CsyzTjErfmoC3PFDMJbGZZqJu6EUYCh2wKkBq,76432,2,206,1.0,76432.0,1181324.0,0.0647,2.47892133e-05,1.89468915,0.15036507,1.0,-1.833,5.000,14.633,14.6334,0.0004,1,,0,3,3,0,0,m1,1VLpfZJuzKm3UcPtfYMsf5T37jtkxjR3ZhRF3w,00020442cad83b3ccb1a13590ed46d4a2affb153d876b7021c3d88711c61d2c1,946687618,946687603,14,1,0,0,33.0982,273,
run6-tbt-10s,1,nazionale,10,none,true,100,274,3,1,m1,1VLpfZJuzKm3UcPtfYMsf5T37jtkxjR3ZhRF3w,796172,2,206,1.0,796172.0,1181324.0,0.673966,2.58374947e-06,2.05710898,0.12782297,0.95274729,-1.833,5.000,14.161,14.1609,-0.0001,1,,1,1,1,1,1,m1,1VLpfZJuzKm3UcPtfYMsf5T37jtkxjR3ZhRF3w,0068d2da3b300246adf26c8b4e07057279d87077aa37b5bf0a8be790a4f932ec,946687632,946687618,14,1,0,0,117.1584,273,4
run6-tbt-10s,1,nazionale,10,none,true,100,274,3,1,m2,1AagzGnptAGnvYUunCiqyFBo5P7Zyq7h7kcijs,308720,2,206,1.0,308720.0,1181324.0,0.261334,5.00994217e-06,1.54666935,0.21295608,0.99731041,-1.833,5.000,14.606,14.6065,0.0005,1,,0,2,2,0,0,m1,1VLpfZJuzKm3UcPtfYMsf5T37jtkxjR3ZhRF3w,0068d2da3b300246adf26c8b4e07057279d87077aa37b5bf0a8be790a4f932ec,946687632,946687618,14,1,0,0,53.3628,273,
run6-tbt-10s,1,nazionale,10,none,true,100,274,3,1,m3,1CsyzTjErfmoC3PFDMJbGZZqJu6EUYCh2wKkBq,76432,2,206,1.0,76432.0,1181324.0,0.0647,1.12001841e-05,0.85605247,0.42483583,0.99999821,-1.833,5.000,14.633,14.6334,0.0004,1,,0,3,3,0,0,m1,1VLpfZJuzKm3UcPtfYMsf5T37jtkxjR3ZhRF3w,0068d2da3b300246adf26c8b4e07057279d87077aa37b5bf0a8be790a4f932ec,946687632,946687618,14,1,0,0,33.0982,273,
run6-tbt-10s,1,nazionale,10,none,true,100,275,3,1,m1,1VLpfZJuzKm3UcPtfYMsf5T37jtkxjR3ZhRF3w,796172,2,206,1.0,796172.0,1181324.0,0.673966,8.11803917e-07,0.64633555,0.5239623,0.61672535,-1.917,5.000,10.784,10.7839,-0.0001,1,,1,1,1,1,1,m1,1VLpfZJuzKm3UcPtfYMsf5T37jtkxjR3ZhRF3w,006cf3faa6f650f9bdc639d6ba12129f9c612b9c0409b1d2aa93235aefe53788,946687643,946687632,10,1,0,0,117.1584,273,5
run6-tbt-10s,1,nazionale,10,none,true,100,275,3,1,m2,1AagzGnptAGnvYUunCiqyFBo5P7Zyq7h7kcijs,308720,2,206,1.0,308720.0,1181324.0,0.261334,5.0492202e-06,1.55879526,0.21038938,0.99743235,-1.917,5.000,14.591,14.5909,-0.0001,1,,0,2,2,0,0,m1,1VLpfZJuzKm3UcPtfYMsf5T37jtkxjR3ZhRF3w,006cf3faa6f650f9bdc639d6ba12129f9c612b9c0409b1d2aa93235aefe53788,946687643,946687632,10,1,0,0,53.3628,273,
run6-tbt-10s,1,nazionale,10,none,true,100,275,3,1,m3,1CsyzTjErfmoC3PFDMJbGZZqJu6EUYCh2wKkBq,76432,2,206,1.0,76432.0,1181324.0,0.0647,5.74170099e-05,4.3884969,0.01241938,1.0,-1.917,5.000,14.617,14.6166,-0.0004,1,,0,3,3,0,0,m1,1VLpfZJuzKm3UcPtfYMsf5T37jtkxjR3ZhRF3w,006cf3faa6f650f9bdc639d6ba12129f9c612b9c0409b1d2aa93235aefe53788,946687643,946687632,10,1,0,0,33.0982,273,
run6-tbt-10s,1,nazionale,10,none,true,100,276,3,1,m1,1VLpfZJuzKm3UcPtfYMsf5T37jtkxjR3ZhRF3w,796172,2,206,1.0,796172.0,1181324.0,0.673966,7.41164175e-08,0.05900942,0.94269789,0.08383198,-1.833,5.000,5.472,5.4717,-0.0003,1,,1,1,1,1,1,m1,1VLpfZJuzKm3UcPtfYMsf5T37jtkxjR3ZhRF3w,009dde75ecfa8a7169113f4098de1477be0d794e3a54c3dc090261f03eae828e,946687649,946687643,5,1,0,0,118.0008,276,6
run6-tbt-10s,1,nazionale,10,none,true,100,276,3,1,m2,1AagzGnptAGnvYUunCiqyFBo5P7Zyq7h7kcijs,308720,2,206,1.0,308720.0,1181324.0,0.261334,2.5938626e-06,0.80077726,0.44897985,0.95330845,-1.833,5.000,14.166,14.1665,0.0005,1,,0,3,3,0,0,m1,1VLpfZJuzKm3UcPtfYMsf5T37jtkxjR3ZhRF3w,009dde75ecfa8a7169113f4098de1477be0d794e3a54c3dc090261f03eae828e,946687649,946687643,5,1,0,0,53.3628,276,
run6-tbt-10s,1,nazionale,10,none,true,100,276,3,1,m3,1CsyzTjErfmoC3PFDMJbGZZqJu6EUYCh2wKkBq,76432,2,206,1.0,76432.0,1181324.0,0.0647,1.30761752e-06,0.09994382,0.90488825,0.78662838,-1.833,5.000,12.5,12.4997,-0.0003,1,,0,2,2,0,0,m1,1VLpfZJuzKm3UcPtfYMsf5T37jtkxjR3ZhRF3w,009dde75ecfa8a7169113f4098de1477be0d794e3a54c3dc090261f03eae828e,946687649,946687643,5,1,0,0,33.0982,276,
run6-tbt-10s,1,nazionale,10,none,true,100,277,3,1,m1,1VLpfZJuzKm3UcPtfYMsf5T37jtkxjR3ZhRF3w,796172,2,206,1.0,796172.0,1181324.0,0.673966,4.84447557e-07,0.38570358,0.67997205,0.43576787,-1.583,5.000,9.041,9.0411,0.0001,1,,1,1,1,1,1,m1,1VLpfZJuzKm3UcPtfYMsf5T37jtkxjR3ZhRF3w,008aa4789ce5e301cf383c05462cc72ebaa901a291eb50d5c287d471d41a5aad,946687658,946687649,9,1,0,0,118.0008,276,7
run6-tbt-10s,1,nazionale,10,none,true,100,277,3,1,m2,1AagzGnptAGnvYUunCiqyFBo5P7Zyq7h7kcijs,308720,2,206,1.0,308720.0,1181324.0,0.261334,1.27932032e-06,0.39495177,0.67371253,0.77937521,-1.583,5.000,12.477,12.4772,0.0002,1,,0,3,3,0,0,m1,1VLpfZJuzKm3UcPtfYMsf5T37jtkxjR3ZhRF3w,008aa4789ce5e301cf383c05462cc72ebaa901a291eb50d5c287d471d41a5aad,946687658,946687649,9,1,0,0,53.3628,276,
run6-tbt-10s,1,nazionale,10,none,true,100,277,3,1,m3,1CsyzTjErfmoC3PFDMJbGZZqJu6EUYCh2wKkBq,76432,2,206,1.0,76432.0,1181324.0,0.0647,6.2090736e-07,0.04745719,0.9536513,0.51977127,-1.583,5.000,9.881,9.8811,0.0001,1,,0,2,2,0,0,m1,1VLpfZJuzKm3UcPtfYMsf5T37jtkxjR3ZhRF3w,008aa4789ce5e301cf383c05462cc72ebaa901a291eb50d5c287d471d41a5aad,946687658,946687649,9,1,0,0,33.0982,276,
run6-tbt-10s,1,nazionale,10,none,true,100,278,3,1,m1,1VLpfZJuzKm3UcPtfYMsf5T37jtkxjR3ZhRF3w,796172,2,206,1.0,796172.0,1181324.0,0.673966,8.70143663e-07,0.69278402,0.50018161,0.64225026,-1.5,5.000,11.123,11.1225,-0.0005,1,,1,1,1,1,1,m1,1VLpfZJuzKm3UcPtfYMsf5T37jtkxjR3ZhRF3w,00e67e4c28acd618e558aea34f4f18ff02eddb57993aa959b9500495044f10eb,946687671,946687658,11,1,0,0,118.2254,278,8
run6-tbt-10s,1,nazionale,10,none,true,100,278,3,1,m2,1AagzGnptAGnvYUunCiqyFBo5P7Zyq7h7kcijs,308720,2,206,1.0,308720.0,1181324.0,0.261334,1.45563865e-06,0.44938476,0.63802056,0.82085878,-1.5,5.000,12.909,12.9086,-0.0004,1,,0,2,2,0,0,m1,1VLpfZJuzKm3UcPtfYMsf5T37jtkxjR3ZhRF3w,00e67e4c28acd618e558aea34f4f18ff02eddb57993aa959b9500495044f10eb,946687671,946687658,11,1,0,0,53.3628,278,
run6-tbt-10s,1,nazionale,10,none,true,100,278,3,1,m3,1CsyzTjErfmoC3PFDMJbGZZqJu6EUYCh2wKkBq,76432,2,206,1.0,76432.0,1181324.0,0.0647,2.13257931e-05,1.62997302,0.19593486,1.0,-1.5,5.000,14.7,14.7,-0.0,1,,0,3,3,0,0,m1,1VLpfZJuzKm3UcPtfYMsf5T37jtkxjR3ZhRF3w,00e67e4c28acd618e558aea34f4f18ff02eddb57993aa959b9500495044f10eb,946687671,946687658,11,1,0,0,33.0982,278,
run6-tbt-10s,1,nazionale,10,none,true,100,279,3,1,m1,1VLpfZJuzKm3UcPtfYMsf5T37jtkxjR3ZhRF3w,796172,2,206,1.0,796172.0,1181324.0,0.673966,4.69416206e-06,3.7373604,0.02381689,0.99609433,-1.333,5.000,14.694,14.6943,0.0003,1,,1,2,2,0,0,m1,1VLpfZJuzKm3UcPtfYMsf5T37jtkxjR3ZhRF3w,00f720de6ec1af9a9bb62f55e8f7b03898818066212b4e12cc173d441e5787a2,946687686,946687671,14,1,0,0,118.2254,278,9
run6-tbt-10s,1,nazionale,10,none,true,100,279,3,1,m2,1AagzGnptAGnvYUunCiqyFBo5P7Zyq7h7kcijs,308720,2,206,1.0,308720.0,1181324.0,0.261334,3.52386104e-06,1.08788638,0.33692788,0.98443642,-1.333,5.000,14.578,14.5778,-0.0002,1,,0,1,1,1,1,m1,1VLpfZJuzKm3UcPtfYMsf5T37jtkxjR3ZhRF3w,00f720de6ec1af9a9bb62f55e8f7b03898818066212b4e12cc173d441e5787a2,946687686,946687671,14,1,0,0,53.3628,278,
run6-tbt-10s,1,nazionale,10,none,true,100,279,3,1,m3,1CsyzTjErfmoC3PFDMJbGZZqJu6EUYCh2wKkBq,76432,2,206,1.0,76432.0,1181324.0,0.0647,1.9045632e-05,1.45569575,0.23323803,1.0,-1.333,5.000,14.733,14.7334,0.0004,1,,0,3,3,0,0,m1,1VLpfZJuzKm3UcPtfYMsf5T37jtkxjR3ZhRF3w,00f720de6ec1af9a9bb62f55e8f7b03898818066212b4e12cc173d441e5787a2,946687686,946687671,14,1,0,0,33.0982,278,
run6-tbt-10s,1,nazionale,10,none,true,100,280,3,1,m1,1VLpfZJuzKm3UcPtfYMsf5T37jtkxjR3ZhRF3w,796172,2,206,1.0,796172.0,1181324.0,0.673966,2.4246912e-08,0.01930471,0.98088043,0.02823712,-1.25,5.000,5.032,5.0324,0.0004,1,,1,1,1,1,1,m1,1VLpfZJuzKm3UcPtfYMsf5T37jtkxjR3ZhRF3w,00f9223b4f53d36a77f5d173c901af988440c34e9700fe31e672a0f3dd302a1d,946687692,946687686,5,1,0,0,118.2254,278,10
run6-tbt-10s,1,nazionale,10,none,true,100,280,3,1,m2,1AagzGnptAGnvYUunCiqyFBo5P7Zyq7h7kcijs,308720,2,206,1.0,308720.0,1181324.0,0.261334,8.1550243e-07,0.25176191,0.77742981,0.61839628,-1.25,5.000,10.934,10.934,-0.0,1,,0,2,2,0,0,m1,1VLpfZJuzKm3UcPtfYMsf5T37jtkxjR3ZhRF3w,00f9223b4f53d36a77f5d173c901af988440c34e9700fe31e672a0f3dd302a1d,946687692,946687686,5,1,0,0,53.3628,278,
run6-tbt-10s,1,nazionale,10,none,true,100,280,3,1,m3,1CsyzTjErfmoC3PFDMJbGZZqJu6EUYCh2wKkBq,76432,2,206,1.0,76432.0,1181324.0,0.0647,2.7012819e-06,0.20646438,0.81345524,0.95887295,-1.25,5.000,14.339,14.3387,-0.0003,1,,0,3,3,0,0,m1,1VLpfZJuzKm3UcPtfYMsf5T37jtkxjR3ZhRF3w,00f9223b4f53d36a77f5d173c901af988440c34e9700fe31e672a0f3dd302a1d,946687692,946687686,5,1,0,0,33.0982,278,
run6-tbt-10s,1,nazionale,10,none,true,100,281,3,1,m1,1VLpfZJuzKm3UcPtfYMsf5T37jtkxjR3ZhRF3w,796172,2,206,1.0,796172.0,1181324.0,0.673966,3.52025284e-07,0.28027267,0.75557769,0.34022467,-1.25,5.000,8.152,8.1522,0.0002,1,,1,1,1,1,1,m1,1VLpfZJuzKm3UcPtfYMsf5T37jtkxjR3ZhRF3w,0024ade8ee83cb45a059a9a3a2f2914371e4dd56088fde00d5549a2cd35eacd7,946687700,946687692,8,1,0,0,118.2254,278,11
run6-tbt-10s,1,nazionale,10,none,true,100,281,3,1,m2,1AagzGnptAGnvYUunCiqyFBo5P7Zyq7h7kcijs,308720,2,206,1.0,308720.0,1181324.0,0.261334,2.21005798e-05,6.822891,0.00108857,1.0,-1.25,5.000,14.75,14.75,-0.0,1,,0,3,3,0,0,m1,1VLpfZJuzKm3UcPtfYMsf5T37jtkxjR3ZhRF3w,0024ade8ee83cb45a059a9a3a2f2914371e4dd56088fde00d5549a2cd35eacd7,946687700,946687692,8,1,0,0,53.3628,278,
run6-tbt-10s,1,nazionale,10,none,true,100,281,3,1,m3,1CsyzTjErfmoC3PFDMJbGZZqJu6EUYCh2wKkBq,76432,2,206,1.0,76432.0,1181324.0,0.0647,7.34029495e-06,0.56103342,0.57061907,0.99982856,-1.25,5.000,14.748,14.7483,0.0003,1,,0,2,2,0,0,m1,1VLpfZJuzKm3UcPtfYMsf5T37jtkxjR3ZhRF3w,0024ade8ee83cb45a059a9a3a2f2914371e4dd56088fde00d5549a2cd35eacd7,946687700,946687692,8,1,0,0,33.0982,278,
run6-tbt-10s,1,nazionale,10,none,true,100,282,3,1,m1,1VLpfZJuzKm3UcPtfYMsf5T37jtkxjR3ZhRF3w,796172,2,206,1.0,796172.0,1181324.0,0.673966,5.30622152e-08,0.04224665,0.9586333,0.06075946,-0.667,5.000,5.474,5.4742,0.0002,1,,1,1,1,1,1,m1,1VLpfZJuzKm3UcPtfYMsf5T37jtkxjR3ZhRF3w,0053a82deb1b353db1cf466b2e2c8f1a59a4f60366aec2c285e72dfaa590fb57,946687706,946687700,5,1,0,0,119.068,282,12
run6-tbt-10s,1,nazionale,10,none,true,100,282,3,1,m2,1AagzGnptAGnvYUunCiqyFBo5P7Zyq7h7kcijs,308720,2,206,1.0,308720.0,1181324.0,0.261334,1.54503773e-05,4.76984048,0.00848173,0.99999999,-0.667,5.000,14.867,14.8666,-0.0004,1,,0,3,3,0,0,m1,1VLpfZJuzKm3UcPtfYMsf5T37jtkxjR3ZhRF3w,0053a82deb1b353db1cf466b2e2c8f1a59a4f60366aec2c285e72dfaa590fb57,946687706,946687700,5,1,0,0,53.3628,282,
run6-tbt-10s,1,nazionale,10,none,true,100,282,3,1,m3,1CsyzTjErfmoC3PFDMJbGZZqJu6EUYCh2wKkBq,76432,2,206,1.0,76432.0,1181324.0,0.0647,1.98571646e-06,0.15177228,0.85918391,0.904227,-0.667,5.000,13.909,13.9089,-0.0001,1,,0,2,2,0,0,m1,1VLpfZJuzKm3UcPtfYMsf5T37jtkxjR3ZhRF3w,0053a82deb1b353db1cf466b2e2c8f1a59a4f60366aec2c285e72dfaa590fb57,946687706,946687700,5,1,0,0,33.0982,282,
run6-tbt-10s,1,nazionale,10,none,true,100,283,3,1,m1,1VLpfZJuzKm3UcPtfYMsf5T37jtkxjR3ZhRF3w,796172,2,206,1.0,796172.0,1181324.0,0.673966,1.62141309e-06,1.2909237,0.27501663,0.85271918,0.083,5.000,13.544,13.5438,-0.0002,1,,1,1,1,1,1,m1,1VLpfZJuzKm3UcPtfYMsf5T37jtkxjR3ZhRF3w,005ea7f03d4049b3bff3a31b455b9fb4f4d30a3532755aa13a5f795bbbb862f2,946687720,946687706,13,1,0,0,119.068,282,13
run6-tbt-10s,1,nazionale,10,none,true,100,283,3,1,m2,1AagzGnptAGnvYUunCiqyFBo5P7Zyq7h7kcijs,308720,2,206,1.0,308720.0,1181324.0,0.261334,1.77438506e-06,0.54778816,0.57822735,0.87706797,0.083,5.000,13.787,13.7873,0.0003,1,,0,2,2,0,0,m1,1VLpfZJuzKm3UcPtfYMsf5T37jtkxjR3ZhRF3w,005ea7f03d4049b3bff3a31b455b9fb4f4d30a3532755aa13a5f795bbbb862f2,946687720,946687706,13,1,0,0,53.3628,282,
run6-tbt-10s,1,nazionale,10,none,true,100,283,3,1,m3,1CsyzTjErfmoC3PFDMJbGZZqJu6EUYCh2wKkBq,76432,2,206,1.0,76432.0,1181324.0,0.0647,6.54863232e-06,0.50052507,0.60621227,0.99956321,0.083,5.000,15.012,15.0122,0.0002,1,,0,3,3,0,0,m1,1VLpfZJuzKm3UcPtfYMsf5T37jtkxjR3ZhRF3w,005ea7f03d4049b3bff3a31b455b9fb4f4d30a3532755aa13a5f795bbbb862f2,946687720,946687706,13,1,0,0,33.0982,282,
run6-tbt-10s,1,nazionale,10,none,true,100,284,3,1,m1,1VLpfZJuzKm3UcPtfYMsf5T37jtkxjR3ZhRF3w,796172,2,206,1.0,796172.0,1181324.0,0.673966,7.31440539e-07,0.58235248,0.55858277,0.57855596,-0.333,5.000,10.719,10.719,-0.0,1,,1,1,1,1,1,m1,1VLpfZJuzKm3UcPtfYMsf5T37jtkxjR3ZhRF3w,00dbd113d2f0d93cc226443e1a1031505d639dd025911cff697f8c385e50af5a,946687731,946687720,10,1,0,0,119.068,282,14
run6-tbt-10s,1,nazionale,10,none,true,100,284,3,1,m2,1AagzGnptAGnvYUunCiqyFBo5P7Zyq7h7kcijs,308720,2,206,1.0,308720.0,1181324.0,0.261334,1.21169719e-06,0.37407516,0.68792521,0.76102754,-0.333,5.000,12.544,12.5437,-0.0003,1,,0,2,2,0,0,m1,1VLpfZJuzKm3UcPtfYMsf5T37jtkxjR3ZhRF3w,00dbd113d2f0d93cc226443e1a1031505d639dd025911cff697f8c385e50af5a,946687731,946687720,10,1,0,0,53.3628,282,
run6-tbt-10s,1,nazionale,10,none,true,100,284,3,1,m3,1CsyzTjErfmoC3PFDMJbGZZqJu6EUYCh2wKkBq,76432,2,206,1.0,76432.0,1181324.0,0.0647,1.51363493e-06,0.11569014,0.89075118,0.83272118,-0.333,5.000,13.261,13.2606,-0.0004,1,,0,3,3,0,0,m1,1VLpfZJuzKm3UcPtfYMsf5T37jtkxjR3ZhRF3w,00dbd113d2f0d93cc226443e1a1031505d639dd025911cff697f8c385e50af5a,946687731,946687720,10,1,0,0,33.0982,282,
run6-tbt-10s,1,nazionale,10,none,true,100,285,3,1,m1,1VLpfZJuzKm3UcPtfYMsf5T37jtkxjR3ZhRF3w,796172,2,206,1.0,796172.0,1181324.0,0.673966,4.86653456e-07,0.38745986,0.67877888,0.43723627,-0.667,5.000,9.239,9.239,-0.0,1,,1,1,1,1,1,m1,1VLpfZJuzKm3UcPtfYMsf5T37jtkxjR3ZhRF3w,009dd0094576cc609b4dc88a07034a0ac0190777d1858fe4c0f88d45d93090d2,946687741,946687731,9,1,0,0,119.6854,285,15
run6-tbt-10s,1,nazionale,10,none,true,100,285,3,1,m2,1AagzGnptAGnvYUunCiqyFBo5P7Zyq7h7kcijs,308720,2,206,1.0,308720.0,1181324.0,0.261334,8.78423599e-06,2.71186933,0.06641254,0.99996886,-0.667,5.000,14.866,14.8663,0.0003,1,,0,2,2,0,0,m1,1VLpfZJuzKm3UcPtfYMsf5T37jtkxjR3ZhRF3w,009dd0094576cc609b4dc88a07034a0ac0190777d1858fe4c0f88d45d93090d2,946687741,946687731,9,1,0,0,53.3628,285,
run6-tbt-10s,1,nazionale,10,none,true,100,285,3,1,m3,1CsyzTjErfmoC3PFDMJbGZZqJu6EUYCh2wKkBq,76432,2,206,1.0,76432.0,1181324.0,0.0647,1.2177706e-05,0.93076642,0.39425143,0.99999943,-0.667,5.000,14.867,14.8666,-0.0004,1,,0,3,3,0,0,m1,1VLpfZJuzKm3UcPtfYMsf5T37jtkxjR3ZhRF3w,009dd0094576cc609b4dc88a07034a0ac0190777d1858fe4c0f88d45d93090d2,946687741,946687731,9,1,0,0,33.0982,285,
run6-tbt-10s,1,nazionale,10,none,true,100,286,3,1,m1,1VLpfZJuzKm3UcPtfYMsf5T37jtkxjR3ZhRF3w,796172,2,206,1.0,796172.0,1181324.0,0.673966,7.24032103e-08,0.05764541,0.94398462,0.08197591,-0.25,5.000,5.77,5.7698,-0.0002,1,,1,1,1,1,1,m1,1VLpfZJuzKm3UcPtfYMsf5T37jtkxjR3ZhRF3w,008f5ee2e7425f9f626c15ab1fdb293b880fcefe9fbf01f50b5990c08b644dee,946687748,946687741,5,1,0,0,119.6854,285,16
run6-tbt-10s,1,nazionale,10,none,true,100,286,3,1,m2,1AagzGnptAGnvYUunCiqyFBo5P7Zyq7h7kcijs,308720,2,206,1.0,308720.0,1181324.0,0.261334,2.51203739e-06,0.77551618,0.46046603,0.94856982,-0.25,5.000,14.436,14.4357,-0.0003,1,,0,2,2,0,0,m1,1VLpfZJuzKm3UcPtfYMsf5T37jtkxjR3ZhRF3w,008f5ee2e7425f9f626c15ab1fdb293b880fcefe9fbf01f50b5990c08b644dee,946687748,946687741,5,1,0,0,53.3628,285,
run6-tbt-10s,1,nazionale,10,none,true,100,286,3,1,m3,1CsyzTjErfmoC3PFDMJbGZZqJu6EUYCh2wKkBq,76432,2,206,1.0,76432.0,1181324.0,0.0647,4.93263981e-06,0.37701153,0.68590817,0.99705323,-0.25,5.000,14.921,14.9205,-0.0005,1,,0,3,3,0,0,m1,1VLpfZJuzKm3UcPtfYMsf5T37jtkxjR3ZhRF3w,008f5ee2e7425f9f626c15ab1fdb293b880fcefe9fbf01f50b5990c08b644dee,946687748,946687741,5,1,0,0,33.0982,285,
run6-tbt-10s,1,nazionale,10,none,true,100,287,3,1,m1,1VLpfZJuzKm3UcPtfYMsf5T37jtkxjR3ZhRF3w,796172,2,206,1.0,796172.0,1181324.0,0.673966,1.57771354e-06,1.25613134,0.28475351,0.84491639,0.333,5.000,13.516,13.5158,-0.0002,1,,0,3,3,0,0,m3,1CsyzTjErfmoC3PFDMJbGZZqJu6EUYCh2wKkBq,00b7b9132f05b44d80d19c4cc67d9023ae5a12649d466a46551a6983ccab9a97,946687756,946687748,7,1,0,0,119.6854,285,
run6-tbt-10s,1,nazionale,10,none,true,100,287,3,1,m2,1AagzGnptAGnvYUunCiqyFBo5P7Zyq7h7kcijs,308720,2,206,1.0,308720.0,1181324.0,0.261334,9.84649258e-07,0.30398092,0.73787495,0.68751218,0.333,5.000,11.942,11.9417,-0.0003,1,,0,2,2,0,0,m3,1CsyzTjErfmoC3PFDMJbGZZqJu6EUYCh2wKkBq,00b7b9132f05b44d80d19c4cc67d9023ae5a12649d466a46551a6983ccab9a97,946687756,946687748,7,1,0,0,53.3628,285,
run6-tbt-10s,1,nazionale,10,none,true,100,287,3,1,m3,1CsyzTjErfmoC3PFDMJbGZZqJu6EUYCh2wKkBq,76432,2,206,1.0,76432.0,1181324.0,0.0647,2.57297799e-07,0.01966579,0.98052632,0.26210376,0.333,5.000,7.688,7.6876,-0.0004,1,,1,1,1,1,1,m3,1CsyzTjErfmoC3PFDMJbGZZqJu6EUYCh2wKkBq,00b7b9132f05b44d80d19c4cc67d9023ae5a12649d466a46551a6983ccab9a97,946687756,946687748,7,1,0,0,33.0982,285,1
run6-tbt-10s,1,nazionale,10,none,true,100,288,3,1,m1,1VLpfZJuzKm3UcPtfYMsf5T37jtkxjR3ZhRF3w,796172,2,206,1.0,796172.0,1181324.0,0.673966,3.6316247e-06,2.8913979,0.05549858,0.98629679,0.583,5.000,14.98,14.9796,-0.0004,1,,0,2,2,0,0,m2,1AagzGnptAGnvYUunCiqyFBo5P7Zyq7h7kcijs,00c7965ca7ce2f11f29120ea0e529486b23b54cd70a1ee9f30c80ae07fd01cec,946687767,946687756,10,1,0,0,120.0784,288,
run6-tbt-10s,1,nazionale,10,none,true,100,288,3,1,m2,1AagzGnptAGnvYUunCiqyFBo5P7Zyq7h7kcijs,308720,2,206,1.0,308720.0,1181324.0,0.261334,6.9085962e-07,0.21328218,0.80792812,0.55786015,0.583,5.000,10.695,10.6952,0.0002,1,,1,1,1,1,1,m2,1AagzGnptAGnvYUunCiqyFBo5P7Zyq7h7kcijs,00c7965ca7ce2f11f29120ea0e529486b23b54cd70a1ee9f30c80ae07fd01cec,946687767,946687756,10,1,0,0,53.3628,288,1
run6-tbt-10s,1,nazionale,10,none,true,100,288,3,1,m3,1CsyzTjErfmoC3PFDMJbGZZqJu6EUYCh2wKkBq,76432,2,206,1.0,76432.0,1181324.0,0.0647,1.26388211e-05,0.96601037,0.38059846,0.99999967,0.583,5.000,15.117,15.1166,-0.0004,1,,0,3,3,0,0,m2,1AagzGnptAGnvYUunCiqyFBo5P7Zyq7h7kcijs,00c7965ca7ce2f11f29120ea0e529486b23b54cd70a1ee9f30c80ae07fd01cec,946687767,946687756,10,1,0,0,33.2106,288,
run6-tbt-10s,1,nazionale,10,none,true,100,289,3,1,m1,1VLpfZJuzKm3UcPtfYMsf5T37jtkxjR3ZhRF3w,796172,2,206,1.0,796172.0,1181324.0,0.673966,2.19653833e-06,1.74882232,0.17397871,0.92534094,0.167,5.000,14.287,14.2868,-0.0002,1,,0,3,3,0,0,m2,1AagzGnptAGnvYUunCiqyFBo5P7Zyq7h7kcijs,004bb23444be093764a1001dee83eede22077a25e5ea71a60a0dcc448cc53b87,946687776,946687767,7,1,0,0,120.0784,288,
run6-tbt-10s,1,nazionale,10,none,true,100,289,3,1,m2,1AagzGnptAGnvYUunCiqyFBo5P7Zyq7h7kcijs,308720,2,206,1.0,308720.0,1181324.0,0.261334,2.79236717e-07,0.08620596,0.91740526,0.28098211,0.167,5.000,7.843,7.8432,0.0002,1,,1,1,1,1,1,m2,1AagzGnptAGnvYUunCiqyFBo5P7Zyq7h7kcijs,004bb23444be093764a1001dee83eede22077a25e5ea71a60a0dcc448cc53b87,946687776,946687767,7,1,0,0,53.3628,288,2
run6-tbt-10s,1,nazionale,10,none,true,100,289,3,1,m3,1CsyzTjErfmoC3PFDMJbGZZqJu6EUYCh2wKkBq,76432,2,206,1.0,76432.0,1181324.0,0.0647,1.91651332e-06,0.14648295,0.86374046,0.89606849,0.167,5.000,13.994,13.9941,0.0001,1,,0,2,2,0,0,m2,1AagzGnptAGnvYUunCiqyFBo5P7Zyq7h7kcijs,004bb23444be093764a1001dee83eede22077a25e5ea71a60a0dcc448cc53b87,946687776,946687767,7,1,0,0,33.2106,288,
run6-tbt-10s,1,nazionale,10,none,true,100,290,3,1,m1,1VLpfZJuzKm3UcPtfYMsf5T37jtkxjR3ZhRF3w,796172,2,206,1.0,796172.0,1181324.0,0.673966,1.75793269e-06,1.39961679,0.24669148,0.87465534,0.167,5.000,13.78,13.78,-0.0,1,,1,1,1,1,1,m1,1VLpfZJuzKm3UcPtfYMsf5T37jtkxjR3ZhRF3w,00493e7e4bf251c93bef2f34c1e9e3da40c461c729c665cad13cbdf21f18811b,946687792,946687776,13,1,1,1,120.0784,288,1
run6-tbt-10s,1,nazionale,10,none,true,100,290,3,1,m2,1AagzGnptAGnvYUunCiqyFBo5P7Zyq7h7kcijs,308720,2,206,1.0,308720.0,1181324.0,0.261334,5.55052375e-06,1.71355769,0.18022347,0.99857981,0.167,5.000,15.019,15.0192,0.0002,1,,0,3,3,0,0,m1,1VLpfZJuzKm3UcPtfYMsf5T37jtkxjR3ZhRF3w,00493e7e4bf251c93bef2f34c1e9e3da40c461c729c665cad13cbdf21f18811b,946687792,946687776,13,1,1,1,53.3628,288,
run6-tbt-10s,1,nazionale,10,none,true,100,290,3,1,m3,1CsyzTjErfmoC3PFDMJbGZZqJu6EUYCh2wKkBq,76432,2,206,1.0,76432.0,1181324.0,0.0647,2.2889807e-06,0.17495137,0.83949784,0.93306464,0.167,5.000,14.364,14.364,0.0,1,,0,2,2,0,0,m1,1VLpfZJuzKm3UcPtfYMsf5T37jtkxjR3ZhRF3w,00493e7e4bf251c93bef2f34c1e9e3da40c461c729c665cad13cbdf21f18811b,946687792,946687776,13,1,1,1,33.2106,288,
run6-tbt-10s,1,nazionale,10,none,true,100,291,3,1,m1,1VLpfZJuzKm3UcPtfYMsf5T37jtkxjR3ZhRF3w,796172,2,206,1.0,796172.0,1181324.0,0.673966,1.86110635e-07,0.14817608,0.86227927,0.1973664,-0.083,5.000,6.957,6.9571,0.0001,1,,1,1,1,1,1,m1,1VLpfZJuzKm3UcPtfYMsf5T37jtkxjR3ZhRF3w,0090c72be71a617ee214e53040c4495f8be9c3cddc367a90b329d0f64d28d064,946687799,946687792,6,1,0,0,120.4154,291,2
run6-tbt-10s,1,nazionale,10,none,true,100,291,3,1,m2,1AagzGnptAGnvYUunCiqyFBo5P7Zyq7h7kcijs,308720,2,206,1.0,308720.0,1181324.0,0.261334,6.39649407e-07,0.19747256,0.82080266,0.5302869,-0.083,5.000,10.286,10.2863,0.0003,1,,0,2,2,0,0,m1,1VLpfZJuzKm3UcPtfYMsf5T37jtkxjR3ZhRF3w,0090c72be71a617ee214e53040c4495f8be9c3cddc367a90b329d0f64d28d064,946687799,946687792,6,1,0,0,53.8122,291,
run6-tbt-10s,1,nazionale,10,none,true,100,291,3,1,m3,1CsyzTjErfmoC3PFDMJbGZZqJu6EUYCh2wKkBq,76432,2,206,1.0,76432.0,1181324.0,0.0647,4.71739537e-06,0.36055996,0.69728576,0.99620007,-0.083,5.000,14.945,14.9454,0.0004,1,,0,3,3,0,0,m1,1VLpfZJuzKm3UcPtfYMsf5T37jtkxjR3ZhRF3w,0090c72be71a617ee214e53040c4495f8be9c3cddc367a90b329d0f64d28d064,946687799,946687792,6,1,0,0,33.2106,291,
run6-tbt-10s,1,nazionale,10,none,true,100,292,3,1,m1,1VLpfZJuzKm3UcPtfYMsf5T37jtkxjR3ZhRF3w,796172,2,206,1.0,796172.0,1181324.0,0.673966,6.98439979e-07,0.55607835,0.57345354,0.56180178,0.583,5.000,10.735,10.7346,-0.0004,1,,1,1,1,1,1,m1,1VLpfZJuzKm3UcPtfYMsf5T37jtkxjR3ZhRF3w,0018f7386f19692cd8eb6e51368ca2dcfb102984ac891cfa0854520cd6fece63,946687810,946687799,10,1,0,0,120.4154,291,3
run6-tbt-10s,1,nazionale,10,none,true,100,292,3,1,m2,1AagzGnptAGnvYUunCiqyFBo5P7Zyq7h7kcijs,308720,2,206,1.0,308720.0,1181324.0,0.261334,1.34582096e-06,0.41548185,0.66002217,0.79604392,0.583,5.000,13.077,13.077,0.0,1,,0,2,2,0,0,m1,1VLpfZJuzKm3UcPtfYMsf5T37jtkxjR3ZhRF3w,0018f7386f19692cd8eb6e51368ca2dcfb102984ac891cfa0854520cd6fece63,946687810,946687799,10,1,0,0,53.8122,291,
run6-tbt-10s,1,nazionale,10,none,true,100,292,3,1,m3,1CsyzTjErfmoC3PFDMJbGZZqJu6EUYCh2wKkBq,76432,2,206,1.0,76432.0,1181324.0,0.0647,4.42275905e-06,0.33804032,0.71316653,0.99461809,0.583,5.000,15.063,15.0628,-0.0002,1,,0,3,3,0,0,m1,1VLpfZJuzKm3UcPtfYMsf5T37jtkxjR3ZhRF3w,0018f7386f19692cd8eb6e51368ca2dcfb102984ac891cfa0854520cd6fece63,946687810,946687799,10,1,0,0,33.2106,291,
run6-tbt-10s,1,nazionale,10,none,true,100,293,3,1,m1,1VLpfZJuzKm3UcPtfYMsf5T37jtkxjR3ZhRF3w,796172,2,206,1.0,796172.0,1181324.0,0.673966,1.24303964e-07,0.09896734,0.90577229,0.1365707,0.167,5.000,6.399,6.3991,0.0001,1,,1,1,1,1,1,m1,1VLpfZJuzKm3UcPtfYMsf5T37jtkxjR3ZhRF3w,0049cb6630e51081d054bfcb9385a2e70e6418ac36d8bc1691338858528e7e46,946687817,946687810,6,1,0,0,120.4154,291,4
run6-tbt-10s,1,nazionale,10,none,true,100,293,3,1,m2,1AagzGnptAGnvYUunCiqyFBo5P7Zyq7h7kcijs,308720,2,206,1.0,308720.0,1181324.0,0.261334,2.25718079e-06,0.69683685,0.49815856,0.93050232,0.167,5.000,14.338,14.3384,0.0004,1,,0,2,2,0,0,m1,1VLpfZJuzKm3UcPtfYMsf5T37jtkxjR3ZhRF3w,0049cb6630e51081d054bfcb9385a2e70e6418ac36d8bc1691338858528e7e46,946687817,946687810,6,1,0,0,53.8122,291,
run6-tbt-10s,1,nazionale,10,none,true,100,293,3,1,m3,1CsyzTjErfmoC3PFDMJbGZZqJu6EUYCh2wKkBq,76432,2,206,1.0,76432.0,1181324.0,0.0647,6.0629311e-06,0.46340195,0.6291397,0.99922472,0.167,5.000,15.026,15.0256,-0.0004,1,,0,3,3,0,0,m1,1VLpfZJuzKm3UcPtfYMsf5T37jtkxjR3ZhRF3w,0049cb6630e51081d054bfcb9385a2e70e6418ac36d8bc1691338858528e7e46,946687817,946687810,6,1,0,0,33.2106,291,
run6-tbt-10s,1,nazionale,10,none,true,100,294,3,1,m1,1VLpfZJuzKm3UcPtfYMsf5T37jtkxjR3ZhRF3w,796172,2,206,1.0,796172.0,1181324.0,0.673966,2.51766645e-06,2.00449553,0.13472824,0.94891068,0.25,5.000,14.539,14.5391,0.0001,1,,1,2,2,0,0,m1,1VLpfZJuzKm3UcPtfYMsf5T37jtkxjR3ZhRF3w,00132f73a6f477b17c854a9265b2b3e89dc171f60e4561aa3a5c74f120a7d242,946687832,946687817,14,1,0,0,120.977,294,5
run6-tbt-10s,1,nazionale,10,none,true,100,294,3,1,m2,1AagzGnptAGnvYUunCiqyFBo5P7Zyq7h7kcijs,308720,2,206,1.0,308720.0,1181324.0,0.261334,2.41432273e-06,0.74534971,0.47456831,0.94227687,0.25,5.000,14.473,14.4728,-0.0002,1,,0,1,1,1,1,m1,1VLpfZJuzKm3UcPtfYMsf5T37jtkxjR3ZhRF3w,00132f73a6f477b17c854a9265b2b3e89dc171f60e4561aa3a5c74f120a7d242,946687832,946687817,14,1,0,0,53.8122,294,
run6-tbt-10s,1,nazionale,10,none,true,100,294,3,1,m3,1CsyzTjErfmoC3PFDMJbGZZqJu6EUYCh2wKkBq,76432,2,206,1.0,76432.0,1181324.0,0.0647,1.3720772e-05,1.04870605,0.35039085,0.99999991,0.25,5.000,15.05,15.05,-0.0,1,,0,3,3,0,0,m1,1VLpfZJuzKm3UcPtfYMsf5T37jtkxjR3ZhRF3w,00132f73a6f477b17c854a9265b2b3e89dc171f60e4561aa3a5c74f120a7d242,946687832,946687817,14,1,0,0,33.2106,294,
run6-tbt-10s,1,nazionale,10,none,true,100,295,3,1,m1,1VLpfZJuzKm3UcPtfYMsf5T37jtkxjR3ZhRF3w,796172,2,206,1.0,796172.0,1181324.0,0.673966,3.90364086e-06,3.10796955,0.04469161,0.99006275,-0.5,5.000,14.801,14.8006,-0.0004,1,,0,2,2,0,0,m2,1AagzGnptAGnvYUunCiqyFBo5P7Zyq7h7kcijs,008a306f0962c8d2324edb5932f5cdb40ec3e7d729e49fce3d3f207b7b9146bc,946687847,946687832,12,1,0,0,120.977,294,
run6-tbt-10s,1,nazionale,10,none,true,100,295,3,1,m2,1AagzGnptAGnvYUunCiqyFBo5P7Zyq7h7kcijs,308720,2,206,1.0,308720.0,1181324.0,0.261334,1.21220081e-06,0.37423063,0.68781826,0.76116967,-0.5,5.000,12.512,12.5117,-0.0003,1,,1,1,1,1,1,m2,1AagzGnptAGnvYUunCiqyFBo5P7Zyq7h7kcijs,008a306f0962c8d2324edb5932f5cdb40ec3e7d729e49fce3d3f207b7b9146bc,946687847,946687832,12,1,0,0,53.8122,294,1
run6-tbt-10s,1,nazionale,10,none,true,100,295,3,1,m3,1CsyzTjErfmoC3PFDMJbGZZqJu6EUYCh2wKkBq,76432,2,206,1.0,76432.0,1181324.0,0.0647,5.38115672e-06,0.41129257,0.66279299,0.99826525,-0.5,5.000,14.883,14.8827,-0.0003,1,,0,3,3,0,0,m2,1AagzGnptAGnvYUunCiqyFBo5P7Zyq7h7kcijs,008a306f0962c8d2324edb5932f5cdb40ec3e7d729e49fce3d3f207b7b9146bc,946687847,946687832,12,1,0,0,33.2106,294,
run6-tbt-10s,1,nazionale,10,none,true,100,296,3,1,m1,1VLpfZJuzKm3UcPtfYMsf5T37jtkxjR3ZhRF3w,796172,2,206,1.0,796172.0,1181324.0,0.673966,5.75868757e-07,0.45849058,0.63223724,0.49352868,-0.583,5.000,9.819,9.8187,-0.0003,1,,1,1,1,1,1,m1,1VLpfZJuzKm3UcPtfYMsf5T37jtkxjR3ZhRF3w,00eeaa05c8e98256c3f156a772045e7a0f046823cc511022e6b33f9287d4c965,946687858,946687847,9,1,0,0,121.258,296,1
run6-tbt-10s,1,nazionale,10,none,true,100,296,3,1,m2,1AagzGnptAGnvYUunCiqyFBo5P7Zyq7h7kcijs,308720,2,206,1.0,308720.0,1181324.0,0.261334,3.64315983e-06,1.1247163,0.32474458,0.98648226,-0.583,5.000,14.748,14.7482,0.0002,1,,0,2,2,0,0,m1,1VLpfZJuzKm3UcPtfYMsf5T37jtkxjR3ZhRF3w,00eeaa05c8e98256c3f156a772045e7a0f046823cc511022e6b33f9287d4c965,946687858,946687847,9,1,0,0,54.1488,296,
run6-tbt-10s,1,nazionale,10,none,true,100,296,3,1,m3,1CsyzTjErfmoC3PFDMJbGZZqJu6EUYCh2wKkBq,76432,2,206,1.0,76432.0,1181324.0,0.0647,3.30965634e-05,2.52963653,0.07968798,1.0,-0.583,5.000,14.883,14.8834,0.0004,1,,0,3,3,0,0,m1,1VLpfZJuzKm3UcPtfYMsf5T37jtkxjR3ZhRF3w,00eeaa05c8e98256c3f156a772045e7a0f046823cc511022e6b33f9287d4c965,946687858,946687847,9,1,0,0,33.2106,296,
run6-tbt-10s,1,nazionale,10,none,true,100,297,3,1,m1,1VLpfZJuzKm3UcPtfYMsf5T37jtkxjR3ZhRF3w,796172,2,206,1.0,796172.0,1181324.0,0.673966,1.48785714e-06,1.18459019,0.3058715,0.82754886,-0.583,5.000,13.159,13.1589,-0.0001,1,,1,1,1,1,1,m1,1VLpfZJuzKm3UcPtfYMsf5T37jtkxjR3ZhRF3w,002c2f8d23dc1634f615bb3a267ed71f8c00330282b7d48943c11d7fe51ab39d,946687871,946687858,13,1,0,0,121.258,296,2
run6-tbt-10s,1,nazionale,10,none,true,100,297,3,1,m2,1AagzGnptAGnvYUunCiqyFBo5P7Zyq7h7kcijs,308720,2,206,1.0,308720.0,1181324.0,0.261334,4.13384686e-06,1.2762012,0.27909552,0.99242887,-0.583,5.000,14.808,14.8077,-0.0003,1,,0,2,2,0,0,m1,1VLpfZJuzKm3UcPtfYMsf5T37jtkxjR3ZhRF3w,002c2f8d23dc1634f615bb3a267ed71f8c00330282b7d48943c11d7fe51ab39d,946687871,946687858,13,1,0,0,54.1488,296,
run6-tbt-10s,1,nazionale,10,none,true,100,297,3,1,m3,1CsyzTjErfmoC3PFDMJbGZZqJu6EUYCh2wKkBq,76432,2,206,1.0,76432.0,1181324.0,0.0647,4.89349229e-06,0.3740194,0.68796356,0.99691375,-0.583,5.000,14.852,14.8525,0.0005,1,,0,3,3,0,0,m1,1VLpfZJuzKm3UcPtfYMsf5T37jtkxjR3ZhRF3w,002c2f8d23dc1634f615bb3a267ed71f8c00330282b7d48943c11d7fe51ab39d,946687871,946687858,13,1,0,0,33.2106,296,
run6-tbt-10s,1,nazionale,10,none,true,100,298,3,1,m1,1VLpfZJuzKm3UcPtfYMsf5T37jtkxjR3ZhRF3w,796172,2,206,1.0,796172.0,1181324.0,0.673966,1.26026911e-06,1.00339098,0.36663408,0.77435361,-0.833,5.000,12.577,12.5769,-0.0001,1,,0,2,2,0,0,m3,1CsyzTjErfmoC3PFDMJbGZZqJu6EUYCh2wKkBq,00d5db94d7ca9c42a1711e462f496187a1f7e2674d11c340d15c35df37809abd,946687877,946687871,5,1,0,0,121.258,296,
run6-tbt-10s,1,nazionale,10,none,true,100,298,3,1,m2,1AagzGnptAGnvYUunCiqyFBo5P7Zyq7h7kcijs,308720,2,206,1.0,308720.0,1181324.0,0.261334,1.98054564e-06,0.61143405,0.54257224,0.90364019,-0.833,5.000,13.87,13.8698,-0.0002,1,,0,3,3,0,0,m3,1CsyzTjErfmoC3PFDMJbGZZqJu6EUYCh2wKkBq,00d5db94d7ca9c42a1711e462f496187a1f7e2674d11c340d15c35df37809abd,946687877,946687871,5,1,0,0,54.1488,296,
run6-tbt-10s,1,nazionale,10,none,true,100,298,3,1,m3,1CsyzTjErfmoC3PFDMJbGZZqJu6EUYCh2wKkBq,76432,2,206,1.0,76432.0,1181324.0,0.0647,4.81222969e-08,0.00367808,0.99632867,0.05526236,-0.833,5.000,5.386,5.386,0.0,1,,1,1,1,1,1,m3,1CsyzTjErfmoC3PFDMJbGZZqJu6EUYCh2wKkBq,00d5db94d7ca9c42a1711e462f496187a1f7e2674d11c340d15c35df37809abd,946687877,946687871,5,1,0,0,33.2106,296,1
run6-tbt-10s,1,nazionale,10,none,true,100,299,3,1,m1,1VLpfZJuzKm3UcPtfYMsf5T37jtkxjR3ZhRF3w,796172,2,206,1.0,796172.0,1181324.0,0.673966,5.61986906e-07,0.44743824,0.6392637,0.4851546,-0.75,5.000,9.702,9.7015,-0.0005,1,,1,1,1,1,1,m1,1VLpfZJuzKm3UcPtfYMsf5T37jtkxjR3ZhRF3w,00c2a0c49e6c3008ddd0699ce4f8c3849b9dcb2244254cbc6a98afe093e71d85,946687889,946687877,9,1,0,0,121.707,299,1
run6-tbt-10s,1,nazionale,10,none,true,100,299,3,1,m2,1AagzGnptAGnvYUunCiqyFBo5P7Zyq7h7kcijs,308720,2,206,1.0,308720.0,1181324.0,0.261334,3.24592736e-06,1.00208269,0.36711406,0.97838768,-0.75,5.000,14.634,14.6339,-0.0001,1,,0,2,2,0,0,m1,1VLpfZJuzKm3UcPtfYMsf5T37jtkxjR3ZhRF3w,00c2a0c49e6c3008ddd0699ce4f8c3849b9dcb2244254cbc6a98afe093e71d85,946687889,946687877,9,1,0,0,54.1488,299,
run6-tbt-10s,1,nazionale,10,none,true,100,299,3,1,m3,1CsyzTjErfmoC3PFDMJbGZZqJu6EUYCh2wKkBq,76432,2,206,1.0,76432.0,1181324.0,0.0647,1.22397979e-05,0.93551223,0.39238482,0.99999947,-0.75,5.000,14.85,14.85,-0.0,1,,0,3,3,0,0,m1,1VLpfZJuzKm3UcPtfYMsf5T37jtkxjR3ZhRF3w,00c2a0c49e6c3008ddd0699ce4f8c3849b9dcb2244254cbc6a98afe093e71d85,946687889,946687877,9,1,0,0,33.379,299,
run6-tbt-10s,1,nazionale,10,none,true,100,300,4,1,m1,1VLpfZJuzKm3UcPtfYMsf5T37jtkxjR3ZhRF3w,796172,2,206,1.0,796172.0,1181324.0,0.673966,1.14734802e-06,0.91348637,0.40112332,0.74215322,-1.083,5.000,12.205,12.2049,-0.0001,1,,0,2,2,0,0,m2,1AagzGnptAGnvYUunCiqyFBo5P7Zyq7h7kcijs,003893ef7f7cc89a649445e7586b8d5cd6819571ea699086f42c265f05f24891,946687901,946687889,10,1,0,0,121.707,299,
run6-tbt-10s,1,nazionale,10,none,true,100,300,4,1,m2,1AagzGnptAGnvYUunCiqyFBo5P7Zyq7h7kcijs,308720,2,206,1.0,308720.0,1181324.0,0.261334,7.31512484e-07,0.22583253,0.7978517,0.57859177,-1.083,5.000,10.569,10.5693,0.0003,1,,1,1,1,1,1,m2,1AagzGnptAGnvYUunCiqyFBo5P7Zyq7h7kcijs,003893ef7f7cc89a649445e7586b8d5cd6819571ea699086f42c265f05f24891,946687901,946687889,10,1,0,0,54.1488,299,1
run6-tbt-10s,1,nazionale,10,none,true,100,300,4,1,m3,1CsyzTjErfmoC3PFDMJbGZZqJu6EUYCh2wKkBq,76432,2,206,1.0,76432.0,1181324.0,0.0647,2.20452968e-05,1.68496613,0.18545071,1.0,-1.083,5.000,14.783,14.7834,0.0004,1,,0,3,3,0,0,m2,1AagzGnptAGnvYUunCiqyFBo5P7Zyq7h7kcijs,003893ef7f7cc89a649445e7586b8d5cd6819571ea699086f42c265f05f24891,946687901,946687889,10,1,0,0,33.379,299,
run6-tbt-10s,1,nazionale,10,none,true,100,301,4,1,m1,1VLpfZJuzKm3UcPtfYMsf5T37jtkxjR3ZhRF3w,796172,2,206,1.0,796172.0,1181324.0,0.673966,6.27828807e-07,0.49985972,0.60661575,0.52368184,-1.167,5.000,10.003,10.0034,0.0004,1,,1,1,1,1,1,m1,1VLpfZJuzKm3UcPtfYMsf5T37jtkxjR3ZhRF3w,005dd3c7638b5127f375fa387b7227ab77c2a50093e820c8874507bd4d524ecb,946687913,946687901,10,1,0,0,121.707,299,1
run6-tbt-10s,1,nazionale,10,none,true,100,301,4,1,m2,1AagzGnptAGnvYUunCiqyFBo5P7Zyq7h7kcijs,308720,2,206,1.0,308720.0,1181324.0,0.261334,5.33327998e-06,1.6464902,0.19272515,0.9981643,-1.167,5.000,14.748,14.7482,0.0002,1,,0,2,2,0,0,m1,1VLpfZJuzKm3UcPtfYMsf5T37jtkxjR3ZhRF3w,005dd3c7638b5127f375fa387b7227ab77c2a50093e820c8874507bd4d524ecb,946687913,946687901,10,1,0,0,54.1488,299,
run6-tbt-10s,1,nazionale,10,none,true,100,301,4,1,m3,1CsyzTjErfmoC3PFDMJbGZZqJu6EUYCh2wKkBq,76432,2,206,1.0,76432.0,1181324.0,0.0647,9.29425605e-05,7.10378578,0.00082199,1.0,-1.167,5.000,14.767,14.7666,-0.0004,1,,0,3,3,0,0,m1,1VLpfZJuzKm3UcPtfYMsf5T37jtkxjR3ZhRF3w,005dd3c7638b5127f375fa387b7227ab77c2a50093e820c8874507bd4d524ecb,946687913,946687901,10,1,0,0,33.379,299,
run6-tbt-10s,1,nazionale,10,none,true,100,302,4,1,m1,1VLpfZJuzKm3UcPtfYMsf5T37jtkxjR3ZhRF3w,796172,2,206,1.0,796172.0,1181324.0,0.673966,6.90974169e-07,0.55013429,0.57687234,0.55791998,-1.417,5.000,10.296,10.2958,-0.0002,1,,0,2,2,0,0,m2,1AagzGnptAGnvYUunCiqyFBo5P7Zyq7h7kcijs,00830d43df75f4c711fbd30d3a4d90696415429e760ae3f057089ee43bcd1304,946687923,946687913,8,1,0,0,8.3622,302,
run6-tbt-10s,1,nazionale,10,none,true,100,302,4,1,m2,1AagzGnptAGnvYUunCiqyFBo5P7Zyq7h7kcijs,308720,2,206,1.0,308720.0,1181324.0,0.261334,3.4615792e-07,0.10686587,0.8986462,0.33563572,-1.417,5.000,8.073,8.073,-0.0,1,,1,1,1,1,1,m2,1AagzGnptAGnvYUunCiqyFBo5P7Zyq7h7kcijs,00830d43df75f4c711fbd30d3a4d90696415429e760ae3f057089ee43bcd1304,946687923,946687913,8,1,0,0,23.0953,302,1
run6-tbt-10s,1,nazionale,10,none,true,100,302,4,1,m3,1CsyzTjErfmoC3PFDMJbGZZqJu6EUYCh2wKkBq,76432,2,206,1.0,76432.0,1181324.0,0.0647,7.47797919e-06,0.57155691,0.56464565,0.99985429,-1.417,5.000,14.715,14.7151,0.0001,1,,0,3,3,0,0,m2,1AagzGnptAGnvYUunCiqyFBo5P7Zyq7h7kcijs,00830d43df75f4c711fbd30d3a4d90696415429e760ae3f057089ee43bcd1304,946687923,946687913,8,1,0,0,27.058,302,
run6-tbt-10s,1,nazionale,10,none,true,100,303,4,1,m1,1VLpfZJuzKm3UcPtfYMsf5T37jtkxjR3ZhRF3w,796172,2,206,1.0,796172.0,1181324.0,0.673966,6.74982407e-07,0.53740209,0.58426415,0.54948906,-0.917,5.000,10.312,10.3115,-0.0005,1,,1,1,1,1,1,m1,1VLpfZJuzKm3UcPtfYMsf5T37jtkxjR3ZhRF3w,00951b8a98849fe641458fab7eb4e57132edd03f028dc393668936e168e3d3a0,946687935,946687923,10,1,0,0,8.3622,302,1
run6-tbt-10s,1,nazionale,10,none,true,100,303,4,1,m2,1AagzGnptAGnvYUunCiqyFBo5P7Zyq7h7kcijs,308720,2,206,1.0,308720.0,1181324.0,0.261334,3.13405156e-06,0.9675444,0.38001506,0.97533402,-0.917,5.000,14.57,14.5699,-0.0001,1,,0,2,2,0,0,m1,1VLpfZJuzKm3UcPtfYMsf5T37jtkxjR3ZhRF3w,00951b8a98849fe641458fab7eb4e57132edd03f028dc393668936e168e3d3a0,946687935,946687923,10,1,0,0,23.0953,302,
run6-tbt-10s,1,nazionale,10,none,true,100,303,4,1,m3,1CsyzTjErfmoC3PFDMJbGZZqJu6EUYCh2wKkBq,76432,2,206,1.0,76432.0,1181324.0,0.0647,1.93634683e-05,1.47998861,0.22764028,1.0,-0.917,5.000,14.817,14.8166,-0.0004,1,,0,3,3,0,0,m1,1VLpfZJuzKm3UcPtfYMsf5T37jtkxjR3ZhRF3w,00951b8a98849fe641458fab7eb4e57132edd03f028dc393668936e168e3d3a0,946687935,946687923,10,1,0,0,27.058,302,
run6-tbt-10s,1,nazionale,10,none,true,100,304,4,1,m1,1VLpfZJuzKm3UcPtfYMsf5T37jtkxjR3ZhRF3w,796172,2,206,1.0,796172.0,1181324.0,0.673966,5.35049362e-07,0.42599132,0.65312201,0.46850774,-1.333,5.000,9.418,9.4185,0.0005,1,,0,2,2,0,0,m2,1AagzGnptAGnvYUunCiqyFBo5P7Zyq7h7kcijs,001b042d3e9c74aeb48261b066c905b4cb8c52b5dd25904a0ae6b00f5c28cb0a,946687945,946687935,7,1,1,1,108.6322,304,
run6-tbt-10s,1,nazionale,10,none,true,100,304,4,1,m2,1AagzGnptAGnvYUunCiqyFBo5P7Zyq7h7kcijs,308720,2,206,1.0,308720.0,1181324.0,0.261334,3.33745386e-07,0.10303388,0.90209641,0.32582222,-1.333,5.000,7.992,7.9916,-0.0004,1,,1,1,1,1,1,m2,1AagzGnptAGnvYUunCiqyFBo5P7Zyq7h7kcijs,001b042d3e9c74aeb48261b066c905b4cb8c52b5dd25904a0ae6b00f5c28cb0a,946687945,946687935,7,1,1,1,23.2639,304,1
run6-tbt-10s,1,nazionale,10,none,true,100,304,4,1,m3,1CsyzTjErfmoC3PFDMJbGZZqJu6EUYCh2wKkBq,76432,2,206,1.0,76432.0,1181324.0,0.0647,2.49335777e-06,0.19057232,0.82648598,0.94742231,-1.333,5.000,14.208,14.2076,-0.0004,1,,0,3,3,0,0,m2,1AagzGnptAGnvYUunCiqyFBo5P7Zyq7h7kcijs,001b042d3e9c74aeb48261b066c905b4cb8c52b5dd25904a0ae6b00f5c28cb0a,946687945,946687935,7,1,1,1,27.058,304,
run6-tbt-10s,1,nazionale,10,none,true,100,305,4,1,m1,1VLpfZJuzKm3UcPtfYMsf5T37jtkxjR3ZhRF3w,796172,2,206,1.0,796172.0,1181324.0,0.673966,2.12885015e-06,1.69493088,0.18361192,0.91912591,-1.25,5.000,13.941,13.9413,0.0003,1,,0,2,2,0,0,m2,1AagzGnptAGnvYUunCiqyFBo5P7Zyq7h7kcijs,00623554e7e42c78787c32401e892312bff23f97a9908347baddfa53e20749d6,946687958,946687945,13,1,0,0,108.6322,304,
run6-tbt-10s,1,nazionale,10,none,true,100,305,4,1,m2,1AagzGnptAGnvYUunCiqyFBo5P7Zyq7h7kcijs,308720,2,206,1.0,308720.0,1181324.0,0.261334,1.53231447e-06,0.47305612,0.6230951,0.83637202,-1.25,5.000,13.114,13.1137,-0.0003,1,,1,1,1,1,1,m2,1AagzGnptAGnvYUunCiqyFBo5P7Zyq7h7kcijs,00623554e7e42c78787c32401e892312bff23f97a9908347baddfa53e20749d6,946687958,946687945,13,1,0,0,23.2639,304,2
run6-tbt-10s,1,nazionale,10,none,true,100,305,4,1,m3,1CsyzTjErfmoC3PFDMJbGZZqJu6EUYCh2wKkBq,76432,2,206,1.0,76432.0,1181324.0,0.0647,3.36136613e-06,0.25691594,0.77343323,0.98114284,-1.25,5.000,14.561,14.5614,0.0004,1,,0,3,3,0,0,m2,1AagzGnptAGnvYUunCiqyFBo5P7Zyq7h7kcijs,00623554e7e42c78787c32401e892312bff23f97a9908347baddfa53e20749d6,946687958,946687945,13,1,0,0,27.058,304,
run6-tbt-10s,1,nazionale,10,none,true,100,306,4,1,m1,1VLpfZJuzKm3UcPtfYMsf5T37jtkxjR3ZhRF3w,796172,2,206,1.0,796172.0,1181324.0,0.673966,1.42757545e-07,0.11365956,0.89256177,0.15518948,-1.75,5.000,6.202,6.2019,-0.0001,1,,0,2,2,0,0,m3,1CsyzTjErfmoC3PFDMJbGZZqJu6EUYCh2wKkBq,00c2dd5f201a1d306c6afceb466176efcf9c53b5c5f3268658212993106ac097,946687964,946687958,4,1,0,0,108.6322,304,
run6-tbt-10s,1,nazionale,10,none,true,100,306,4,1,m2,1AagzGnptAGnvYUunCiqyFBo5P7Zyq7h7kcijs,308720,2,206,1.0,308720.0,1181324.0,0.261334,6.69764444e-06,2.06769679,0.12647675,0.99963371,-1.75,5.000,14.646,14.6463,0.0003,1,,0,3,3,0,0,m3,1CsyzTjErfmoC3PFDMJbGZZqJu6EUYCh2wKkBq,00c2dd5f201a1d306c6afceb466176efcf9c53b5c5f3268658212993106ac097,946687964,946687958,4,1,0,0,23.2639,304,
run6-tbt-10s,1,nazionale,10,none,true,100,306,4,1,m3,1CsyzTjErfmoC3PFDMJbGZZqJu6EUYCh2wKkBq,76432,2,206,1.0,76432.0,1181324.0,0.0647,9.83313338e-09,0.00075157,0.99924872,0.01154891,-1.75,5.000,4.765,4.7655,0.0005,1,,1,1,1,1,1,m3,1CsyzTjErfmoC3PFDMJbGZZqJu6EUYCh2wKkBq,00c2dd5f201a1d306c6afceb466176efcf9c53b5c5f3268658212993106ac097,946687964,946687958,4,1,0,0,27.058,304,1
run6-tbt-10s,1,nazionale,10,none,true,100,307,4,1,m1,1VLpfZJuzKm3UcPtfYMsf5T37jtkxjR3ZhRF3w,805768,3,306,1.0,805768.0,1142090.0,0.705521,9.56114386e-07,0.77040638,0.46282495,0.66444476,-1.0,5.000,11.444,11.4444,0.0004,1,,0,2,2,0,0,m2,1AagzGnptAGnvYUunCiqyFBo5P7Zyq7h7kcijs,00aebdb74baea9c48991da76a5500f8afadea8e609f7c83b8e41f9d4b5af62aa,946687973,946687964,8,1,0,0,108.526,307,
run6-tbt-10s,1,nazionale,10,none,true,100,307,4,1,m2,1AagzGnptAGnvYUunCiqyFBo5P7Zyq7h7kcijs,259890,3,306,1.0,259890.0,1142090.0,0.227556,3.81701968e-07,0.09920052,0.9055611,0.35334218,-1.0,5.000,8.333,8.3334,0.0004,1,,1,1,1,1,1,m2,1AagzGnptAGnvYUunCiqyFBo5P7Zyq7h7kcijs,00aebdb74baea9c48991da76a5500f8afadea8e609f7c83b8e41f9d4b5af62aa,946687973,946687964,8,1,0,0,23.6631,307,1
run6-tbt-10s,1,nazionale,10,none,true,100,307,4,1,m3,1CsyzTjErfmoC3PFDMJbGZZqJu6EUYCh2wKkBq,76432,2,206,1.0,76432.0,1142090.0,0.066923,1.96258219e-05,1.50004082,0.22312105,1.0,-1.0,5.000,14.8,14.8,-0.0,1,,0,3,3,0,0,m2,1AagzGnptAGnvYUunCiqyFBo5P7Zyq7h7kcijs,00aebdb74baea9c48991da76a5500f8afadea8e609f7c83b8e41f9d4b5af62aa,946687973,946687964,8,1,0,0,27.3826,307,
run6-tbt-10s,1,nazionale,10,none,true,100,308,4,1,m1,1VLpfZJuzKm3UcPtfYMsf5T37jtkxjR3ZhRF3w,805768,3,306,1.0,805768.0,1142090.0,0.705521,5.59738465e-06,4.51019343,0.01099633,0.9983263,-0.5,5.000,14.883,14.8833,0.0003,1,,0,3,3,0,0,m3,1CsyzTjErfmoC3PFDMJbGZZqJu6EUYCh2wKkBq,002b943c1c7c5a5dd0ebfdda1e57f0f6f1367a9131b89f7b03e900e556003d99,946687986,946687973,11,1,1,1,108.526,307,
run6-tbt-10s,1,nazionale,10,none,true,100,308,4,1,m2,1AagzGnptAGnvYUunCiqyFBo5P7Zyq7h7kcijs,259890,3,306,1.0,259890.0,1142090.0,0.227556,1.24002643e-06,0.32227047,0.72450221,0.75737101,-0.5,5.000,12.474,12.4737,-0.0003,1,,0,2,2,0,0,m3,1CsyzTjErfmoC3PFDMJbGZZqJu6EUYCh2wKkBq,002b943c1c7c5a5dd0ebfdda1e57f0f6f1367a9131b89f7b03e900e556003d99,946687986,946687973,11,1,1,1,23.6631,307,
run6-tbt-10s,1,nazionale,10,none,true,100,308,4,1,m3,1CsyzTjErfmoC3PFDMJbGZZqJu6EUYCh2wKkBq,76432,2,206,1.0,76432.0,1142090.0,0.066923,9.53359965e-07,0.07286721,0.92972428,0.66338751,-0.5,5.000,11.534,11.5339,-0.0001,1,,1,1,1,1,1,m3,1CsyzTjErfmoC3PFDMJbGZZqJu6EUYCh2wKkBq,002b943c1c7c5a5dd0ebfdda1e57f0f6f1367a9131b89f7b03e900e556003d99,946687986,946687973,11,1,1,1,27.3826,307,1
run6-tbt-10s,1,nazionale,10,none,true,100,309,4,1,m1,1VLpfZJuzKm3UcPtfYMsf5T37jtkxjR3ZhRF3w,805768,3,306,1.0,805768.0,1142090.0,0.705521,1.03617017e-06,0.83491277,0.43391233,0.69376411,-0.667,5.000,11.804,11.8042,0.0002,1,,1,1,1,1,1,m1,1VLpfZJuzKm3UcPtfYMsf5T37jtkxjR3ZhRF3w,00d8628a78ffd84d6d1fda44e361ac3f2a144033a39efd2e99b7e5252cd5f4bd,946687999,946687986,11,1,0,0,108.526,307,1
run6-tbt-10s,1,nazionale,10,none,true,100,309,4,1,m2,1AagzGnptAGnvYUunCiqyFBo5P7Zyq7h7kcijs,259890,3,306,1.0,259890.0,1142090.0,0.227556,5.70600414e-06,1.48293342,0.22697091,0.99852156,-0.667,5.000,14.852,14.8518,-0.0002,1,,0,3,3,0,0,m1,1VLpfZJuzKm3UcPtfYMsf5T37jtkxjR3ZhRF3w,00d8628a78ffd84d6d1fda44e361ac3f2a144033a39efd2e99b7e5252cd5f4bd,946687999,946687986,11,1,0,0,23.6631,307,
run6-tbt-10s,1,nazionale,10,none,true,100,309,4,1,m3,1CsyzTjErfmoC3PFDMJbGZZqJu6EUYCh2wKkBq,76432,2,206,1.0,76432.0,1142090.0,0.066923,2.0888636e-06,0.15965602,0.85243696,0.90797272,-0.667,5.000,13.946,13.9463,0.0003,1,,0,2,2,0,0,m1,1VLpfZJuzKm3UcPtfYMsf5T37jtkxjR3ZhRF3w,00d8628a78ffd84d6d1fda44e361ac3f2a144033a39efd2e99b7e5252cd5f4bd,946687999,946687986,11,1,0,0,27.3826,307,
run6-tbt-10s,1,nazionale,10,none,true,100,310,4,1,m1,1VLpfZJuzKm3UcPtfYMsf5T37jtkxjR3ZhRF3w,805768,3,306,1.0,805768.0,1142090.0,0.705521,9.24887934e-07,0.7452451,0.47461796,0.65226176,-0.667,5.000,11.389,11.3892,0.0002,1,,0,2,2,0,0,m2,1AagzGnptAGnvYUunCiqyFBo5P7Zyq7h7kcijs,00468c8374ddbd851564355937c57723e6433b37d9ea17fdfda64d65e8a416a2,946688009,946687999,9,1,0,0,108.8066,310,
run6-tbt-10s,1,nazionale,10,none,true,100,310,4,1,m2,1AagzGnptAGnvYUunCiqyFBo5P7Zyq7h7kcijs,259890,3,306,1.0,259890.0,1142090.0,0.227556,5.83525228e-07,0.15165237,0.85928694,0.48646563,-0.667,5.000,9.731,9.7313,0.0003,1,,1,1,1,1,1,m2,1AagzGnptAGnvYUunCiqyFBo5P7Zyq7h7kcijs,00468c8374ddbd851564355937c57723e6433b37d9ea17fdfda64d65e8a416a2,946688009,946687999,9,1,0,0,23.9441,310,1
run6-tbt-10s,1,nazionale,10,none,true,100,310,4,1,m3,1CsyzTjErfmoC3PFDMJbGZZqJu6EUYCh2wKkBq,76432,2,206,1.0,76432.0,1142090.0,0.066923,5.45865249e-06,0.41721573,0.65887877,0.99803894,-0.667,5.000,14.847,14.847,-0.0,1,,0,3,3,0,0,m2,1AagzGnptAGnvYUunCiqyFBo5P7Zyq7h7kcijs,00468c8374ddbd851564355937c57723e6433b37d9ea17fdfda64d65e8a416a2,946688009,946687999,9,1,0,0,27.5512,310,
run6-tbt-10s,1,nazionale,10,none,true,100,311,4,1,m1,1VLpfZJuzKm3UcPtfYMsf5T37jtkxjR3ZhRF3w,805768,3,306,1.0,805768.0,1142090.0,0.705521,1.42177188e-06,1.14561828,0.31802723,0.8028502,-1.0,5.000,12.829,12.8285,-0.0005,1,,1,1,1,1,1,m1,1VLpfZJuzKm3UcPtfYMsf5T37jtkxjR3ZhRF3w,00cc427234298f77fef0b1e250658ba82f26ef74e18b56b2a242ca2537e75b47,946688024,946688009,12,1,0,0,108.8066,310,1
run6-tbt-10s,1,nazionale,10,none,true,100,311,4,1,m2,1AagzGnptAGnvYUunCiqyFBo5P7Zyq7h7kcijs,259890,3,306,1.0,259890.0,1142090.0,0.227556,1.34356934e-05,3.49180236,0.03044595,0.99999978,-1.0,5.000,14.8,14.8,-0.0,1,,0,3,3,0,0,m1,1VLpfZJuzKm3UcPtfYMsf5T37jtkxjR3ZhRF3w,00cc427234298f77fef0b1e250658ba82f26ef74e18b56b2a242ca2537e75b47,946688024,946688009,12,1,0,0,23.9441,310,
run6-tbt-10s,1,nazionale,10,none,true,100,311,4,1,m3,1CsyzTjErfmoC3PFDMJbGZZqJu6EUYCh2wKkBq,76432,2,206,1.0,76432.0,1142090.0,0.066923,2.69633359e-06,0.20608617,0.81376295,0.95401572,-1.0,5.000,14.34,14.3402,0.0002,1,,0,2,2,0,0,m1,1VLpfZJuzKm3UcPtfYMsf5T37jtkxjR3ZhRF3w,00cc427234298f77fef0b1e250658ba82f26ef74e18b56b2a242ca2537e75b47,946688024,946688009,12,1,0,0,27.5512,310,
run6-tbt-10s,1,nazionale,10,none,true,100,312,4,1,m1,1VLpfZJuzKm3UcPtfYMsf5T37jtkxjR3ZhRF3w,805768,3,306,1.0,805768.0,1142090.0,0.705521,2.81529656e-06,2.26847588,0.10346976,0.9598576,-1.25,5.000,14.349,14.3486,-0.0004,1,,1,1,1,1,1,m1,1VLpfZJuzKm3UcPtfYMsf5T37jtkxjR3ZhRF3w,008917a806f9b1969b1154f897e17aed50c476a8aaf025d2d8c9c3fdc8afa2fd,946688039,946688024,14,1,0,0,109.1436,312,2
run6-tbt-10s,1,nazionale,10,none,true,100,312,4,1,m2,1AagzGnptAGnvYUunCiqyFBo5P7Zyq7h7kcijs,259890,3,306,1.0,259890.0,1142090.0,0.227556,7.31870551e-06,1.90205837,0.14926107,0.99976563,-1.25,5.000,14.748,14.7477,-0.0003,1,,0,2,2,0,0,m1,1VLpfZJuzKm3UcPtfYMsf5T37jtkxjR3ZhRF3w,008917a806f9b1969b1154f897e17aed50c476a8aaf025d2d8c9c3fdc8afa2fd,946688039,946688024,14,1,0,0,24.1683,312,
run6-tbt-10s,1,nazionale,10,none,true,100,312,4,1,m3,1CsyzTjErfmoC3PFDMJbGZZqJu6EUYCh2wKkBq,76432,2,206,1.0,76432.0,1142090.0,0.066923,2.34136136e-05,1.78954931,0.16703543,1.0,-1.25,5.000,14.75,14.75,-0.0,1,,0,3,3,0,0,m1,1VLpfZJuzKm3UcPtfYMsf5T37jtkxjR3ZhRF3w,008917a806f9b1969b1154f897e17aed50c476a8aaf025d2d8c9c3fdc8afa2fd,946688039,946688024,14,1,0,0,27.5512,312,
run6-tbt-10s,1,nazionale,10,none,true,100,313,4,1,m1,1VLpfZJuzKm3UcPtfYMsf5T37jtkxjR3ZhRF3w,805768,3,306,1.0,805768.0,1142090.0,0.705521,3.02474882e-06,2.43724581,0.08740124,0.96839802,-1.5,5.000,14.384,14.384,-0.0,1,,1,1,1,1,1,m1,1VLpfZJuzKm3UcPtfYMsf5T37jtkxjR3ZhRF3w,0084e733eebf66c0ff98694cdc0c9e6743eb50ec8c38d2bce61cec0e82465ae1,946688055,946688039,14,1,0,0,109.1436,312,3
run6-tbt-10s,1,nazionale,10,none,true,100,313,4,1,m2,1AagzGnptAGnvYUunCiqyFBo5P7Zyq7h7kcijs,259890,3,306,1.0,259890.0,1142090.0,0.227556,4.05844496e-06,1.05474926,0.34827974,0.99029495,-1.5,5.000,14.603,14.6029,-0.0001,1,,0,2,2,0,0,m1,1VLpfZJuzKm3UcPtfYMsf5T37jtkxjR3ZhRF3w,0084e733eebf66c0ff98694cdc0c9e6743eb50ec8c38d2bce61cec0e82465ae1,946688055,946688039,14,1,0,0,24.1683,312,
run6-tbt-10s,1,nazionale,10,none,true,100,313,4,1,m3,1CsyzTjErfmoC3PFDMJbGZZqJu6EUYCh2wKkBq,76432,2,206,1.0,76432.0,1142090.0,0.066923,1.4206211e-05,1.08580912,0.33762849,0.99999991,-1.5,5.000,14.7,14.7,-0.0,1,,0,3,3,0,0,m1,1VLpfZJuzKm3UcPtfYMsf5T37jtkxjR3ZhRF3w,0084e733eebf66c0ff98694cdc0c9e6743eb50ec8c38d2bce61cec0e82465ae1,946688055,946688039,14,1,0,0,27.5512,312,
run6-tbt-10s,1,nazionale,10,none,true,100,314,4,1,m1,1VLpfZJuzKm3UcPtfYMsf5T37jtkxjR3ZhRF3w,805768,3,306,1.0,805768.0,1142090.0,0.705521,1.20616839e-06,0.97189189,0.37836653,0.74780504,-1.833,5.000,12.111,12.1115,0.0005,1,,1,1,1,1,1,m1,1VLpfZJuzKm3UcPtfYMsf5T37jtkxjR3ZhRF3w,006a575bf86ef8e9ce6582a9568aabccc64e8c9758e7b448c459b5e8f634e864,946688068,946688055,12,1,0,0,109.7052,314,4
run6-tbt-10s,1,nazionale,10,none,true,100,314,4,1,m2,1AagzGnptAGnvYUunCiqyFBo5P7Zyq7h7kcijs,259890,3,306,1.0,259890.0,1142090.0,0.227556,5.33420601e-06,1.3863068,0.24999689,0.99773944,-1.833,5.000,14.611,14.6108,-0.0002,1,,0,2,2,0,0,m1,1VLpfZJuzKm3UcPtfYMsf5T37jtkxjR3ZhRF3w,006a575bf86ef8e9ce6582a9568aabccc64e8c9758e7b448c459b5e8f634e864,946688068,946688055,12,1,0,0,24.1683,314,
run6-tbt-10s,1,nazionale,10,none,true,100,314,4,1,m3,1CsyzTjErfmoC3PFDMJbGZZqJu6EUYCh2wKkBq,76432,2,206,1.0,76432.0,1142090.0,0.066923,1.96981388e-05,1.50556814,0.22189119,1.0,-1.833,5.000,14.633,14.6334,0.0004,1,,0,3,3,0,0,m1,1VLpfZJuzKm3UcPtfYMsf5T37jtkxjR3ZhRF3w,006a575bf86ef8e9ce6582a9568aabccc64e8c9758e7b448c459b5e8f634e864,946688068,946688055,12,1,0,0,27.5512,314,
run6-tbt-10s,1,nazionale,10,none,true,100,315,4,1,m1,1VLpfZJuzKm3UcPtfYMsf5T37jtkxjR3ZhRF3w,805768,3,306,1.0,805768.0,1142090.0,0.705521,2.49970491e-06,2.01418223,0.13342947,0.94243773,-2.083,5.000,14.008,14.0078,-0.0002,1,,1,1,1,1,1,m1,1VLpfZJuzKm3UcPtfYMsf5T37jtkxjR3ZhRF3w,00381397995d3b7b74bfdceb43c6fe04c7fe672437900d7edd82cc56b8d62615,946688082,946688068,14,1,0,0,109.7052,314,5
run6-tbt-10s,1,nazionale,10,none,true,100,315,4,1,m2,1AagzGnptAGnvYUunCiqyFBo5P7Zyq7h7kcijs,259890,3,306,1.0,259890.0,1142090.0,0.227556,3.20710553e-06,0.83349466,0.4345281,0.97433952,-2.083,5.000,14.327,14.3268,-0.0002,1,,0,2,2,0,0,m1,1VLpfZJuzKm3UcPtfYMsf5T37jtkxjR3ZhRF3w,00381397995d3b7b74bfdceb43c6fe04c7fe672437900d7edd82cc56b8d62615,946688082,946688068,14,1,0,0,24.1683,314,
run6-tbt-10s,1,nazionale,10,none,true,100,315,4,1,m3,1CsyzTjErfmoC3PFDMJbGZZqJu6EUYCh2wKkBq,76432,2,206,1.0,76432.0,1142090.0,0.066923,2.97127422e-05,2.27100431,0.10320847,1.0,-2.083,5.000,14.583,14.5834,0.0004,1,,0,3,3,0,0,m1,1VLpfZJuzKm3UcPtfYMsf5T37jtkxjR3ZhRF3w,00381397995d3b7b74bfdceb43c6fe04c7fe672437900d7edd82cc56b8d62615,946688082,946688068,14,1,0,0,27.5512,314,
run6-tbt-10s,1,nazionale,10,none,true,100,316,4,1,m1,1VLpfZJuzKm3UcPtfYMsf5T37jtkxjR3ZhRF3w,805768,3,306,1.0,805768.0,1142090.0,0.705521,2.01683265e-06,1.62509921,0.19689214,0.9000819,-2.25,5.000,13.551,13.5508,-0.0002,1,,0,2,2,0,0,m3,1CsyzTjErfmoC3PFDMJbGZZqJu6EUYCh2wKkBq,0075227faa9c4c6f7fa04b915668559942624ca617e59d7cb205c1c9f476b88f,946688096,946688082,12,1,0,0,110.2668,316,
run6-tbt-10s,1,nazionale,10,none,true,100,316,4,1,m2,1AagzGnptAGnvYUunCiqyFBo5P7Zyq7h7kcijs,259890,3,306,1.0,259890.0,1142090.0,0.227556,6.30049428e-06,1.63743546,0.19447815,0.99925022,-2.25,5.000,14.543,14.5425,-0.0005,1,,0,3,3,0,0,m3,1CsyzTjErfmoC3PFDMJbGZZqJu6EUYCh2wKkBq,0075227faa9c4c6f7fa04b915668559942624ca617e59d7cb205c1c9f476b88f,946688096,946688082,12,1,0,0,24.1683,316,
run6-tbt-10s,1,nazionale,10,none,true,100,316,4,1,m3,1CsyzTjErfmoC3PFDMJbGZZqJu6EUYCh2wKkBq,76432,2,206,1.0,76432.0,1142090.0,0.066923,1.5598021e-06,0.11921879,0.88761357,0.83160357,-2.25,5.000,12.866,12.866,0.0,1,,1,1,1,1,1,m3,1CsyzTjErfmoC3PFDMJbGZZqJu6EUYCh2wKkBq,0075227faa9c4c6f7fa04b915668559942624ca617e59d7cb205c1c9f476b88f,946688096,946688082,12,1,0,0,27.5512,316,1
run6-tbt-10s,1,nazionale,10,none,true,100,317,4,1,m1,1VLpfZJuzKm3UcPtfYMsf5T37jtkxjR3ZhRF3w,805768,3,306,1.0,805768.0,1142090.0,0.705521,7.48258761e-07,0.60292297,0.54720982,0.57453766,-2.583,5.000,10.229,10.2288,-0.0002,1,,1,1,1,1,1,m1,1VLpfZJuzKm3UcPtfYMsf5T37jtkxjR3ZhRF3w,0022047834fb1f6fba175ebff6629290d94861e41e2245aca3ce4950f44907a3,946688108,946688096,10,1,0,0,110.2668,316,1
run6-tbt-10s,1,nazionale,10,none,true,100,317,4,1,m2,1AagzGnptAGnvYUunCiqyFBo5P7Zyq7h7kcijs,259890,3,306,1.0,259890.0,1142090.0,0.227556,5.68333157e-06,1.47704104,0.22831226,0.99848278,-2.583,5.000,14.468,14.4682,0.0002,1,,0,2,2,0,0,m1,1VLpfZJuzKm3UcPtfYMsf5T37jtkxjR3ZhRF3w,0022047834fb1f6fba175ebff6629290d94861e41e2245aca3ce4950f44907a3,946688108,946688096,10,1,0,0,24.1683,316,
run6-tbt-10s,1,nazionale,10,none,true,100,317,4,1,m3,1CsyzTjErfmoC3PFDMJbGZZqJu6EUYCh2wKkBq,76432,2,206,1.0,76432.0,1142090.0,0.066923,8.1307747e-06,0.62145137,0.53716425,0.99990729,-2.583,5.000,14.482,14.4825,0.0005,1,,0,3,3,0,0,m1,1VLpfZJuzKm3UcPtfYMsf5T37jtkxjR3ZhRF3w,0022047834fb1f6fba175ebff6629290d94861e41e2245aca3ce4950f44907a3,946688108,946688096,10,1,0,0,27.5512,316,
run6-tbt-10s,1,nazionale,10,none,true,100,318,4,1,m1,1VLpfZJuzKm3UcPtfYMsf5T37jtkxjR3ZhRF3w,805768,3,306,1.0,805768.0,1142090.0,0.705521,1.60598703e-06,1.29405296,0.27415738,0.84025584,-2.5,5.000,12.903,12.9026,-0.0004,1,,1,1,1,1,1,m1,1VLpfZJuzKm3UcPtfYMsf5T37jtkxjR3ZhRF3w,00e322c4b0cfe35d6f2da774ae7b878971dacb647d117c60566a7d43f6be6c9a,946688121,946688108,12,1,0,0,110.2668,316,2
run6-tbt-10s,1,nazionale,10,none,true,100,318,4,1,m2,1AagzGnptAGnvYUunCiqyFBo5P7Zyq7h7kcijs,259890,3,306,1.0,259890.0,1142090.0,0.227556,2.70046902e-06,0.70182489,0.49567991,0.95423239,-2.5,5.000,14.042,14.0423,0.0003,1,,0,2,2,0,0,m1,1VLpfZJuzKm3UcPtfYMsf5T37jtkxjR3ZhRF3w,00e322c4b0cfe35d6f2da774ae7b878971dacb647d117c60566a7d43f6be6c9a,946688121,946688108,12,1,0,0,24.1683,316,
run6-tbt-10s,1,nazionale,10,none,true,100,318,4,1,m3,1CsyzTjErfmoC3PFDMJbGZZqJu6EUYCh2wKkBq,76432,2,206,1.0,76432.0,1142090.0,0.066923,2.46325891e-05,1.88271805,0.15217592,1.0,-2.5,5.000,14.5,14.5,-0.0,1,,0,3,3,0,0,m1,1VLpfZJuzKm3UcPtfYMsf5T37jtkxjR3ZhRF3w,00e322c4b0cfe35d6f2da774ae7b878971dacb647d117c60566a7d43f6be6c9a,946688121,946688108,12,1,0,0,27.5512,316,
run6-tbt-10s,1,nazionale,10,none,true,100,319,4,1,m1,1VLpfZJuzKm3UcPtfYMsf5T37jtkxjR3ZhRF3w,805768,3,306,1.0,805768.0,1142090.0,0.705521,4.29804659e-07,0.34632284,0.70728411,0.38790979,-3.083,5.000,8.262,8.2625,0.0005,1,,1,1,1,1,1,m1,1VLpfZJuzKm3UcPtfYMsf5T37jtkxjR3ZhRF3w,008e696de36fd118a047072728649ef5dcdcca615940865e53bafda0796dbcd2,946688130,946688121,8,1,0,0,110.828,319,3
run6-tbt-10s,1,nazionale,10,none,true,100,319,4,1,m2,1AagzGnptAGnvYUunCiqyFBo5P7Zyq7h7kcijs,259890,3,306,1.0,259890.0,1142090.0,0.227556,2.7040398e-06,0.7027529,0.49522013,0.95441866,-3.083,5.000,13.928,13.9276,-0.0004,1,,0,2,2,0,0,m1,1VLpfZJuzKm3UcPtfYMsf5T37jtkxjR3ZhRF3w,008e696de36fd118a047072728649ef5dcdcca615940865e53bafda0796dbcd2,946688130,946688121,8,1,0,0,24.1683,319,
run6-tbt-10s,1,nazionale,10,none,true,100,319,4,1,m3,1CsyzTjErfmoC3PFDMJbGZZqJu6EUYCh2wKkBq,76432,2,206,1.0,76432.0,1142090.0,0.066923,2.13359094e-05,1.63074623,0.19578342,1.0,-3.083,5.000,14.383,14.3834,0.0004,1,,0,3,3,0,0,m1,1VLpfZJuzKm3UcPtfYMsf5T37jtkxjR3ZhRF3w,008e696de36fd118a047072728649ef5dcdcca615940865e53bafda0796dbcd2,946688130,946688121,8,1,0,0,27.832,319,
run6-tbt-10s,1,nazionale,10,none,true,100,320,4,1,m1,1VLpfZJuzKm3UcPtfYMsf5T37jtkxjR3ZhRF3w,805768,3,306,1.0,805768.0,1142090.0,0.705521,1.39506169e-06,1.12409607,0.32494606,0.79674339,-3.083,5.000,12.351,12.3508,-0.0002,1,,0,2,2,0,0,m2,1AagzGnptAGnvYUunCiqyFBo5P7Zyq7h7kcijs,001ef49d070bc89bfb83d331233e2cd9e1e22aa5b990a5ca0db45ccd9970b80a,946688142,946688130,10,1,0,0,110.828,319,
run6-tbt-10s,1,nazionale,10,none,true,100,320,4,1,m2,1AagzGnptAGnvYUunCiqyFBo5P7Zyq7h7kcijs,259890,3,306,1.0,259890.0,1142090.0,0.227556,8.81642528e-07,0.22913008,0.79522509,0.63465571,-3.083,5.000,10.73,10.73,-0.0,1,,1,1,1,1,1,m2,1AagzGnptAGnvYUunCiqyFBo5P7Zyq7h7kcijs,001ef49d070bc89bfb83d331233e2cd9e1e22aa5b990a5ca0db45ccd9970b80a,946688142,946688130,10,1,0,0,24.1683,319,1
run6-tbt-10s,1,nazionale,10,none,true,100,320,4,1,m3,1CsyzTjErfmoC3PFDMJbGZZqJu6EUYCh2wKkBq,76432,2,206,1.0,76432.0,1142090.0,0.066923,2.96296746e-06,0.22646553,0.79734683,0.96608763,-3.083,5.000,14.044,14.0443,0.0003,1,,0,3,3,0,0,m2,1AagzGnptAGnvYUunCiqyFBo5P7Zyq7h7kcijs,001ef49d070bc89bfb83d331233e2cd9e1e22aa5b990a5ca0db45ccd9970b80a,946688142,946688130,10,1,0,0,27.832,319,
run6-tbt-10s,1,nazionale,10,none,true,100,321,4,1,m1,1VLpfZJuzKm3UcPtfYMsf5T37jtkxjR3ZhRF3w,805768,3,306,1.0,805768.0,1142090.0,0.705521,2.04510721e-06,1.64788195,0.19245711,0.90325692,-3.0,5.000,13.433,13.4326,-0.0004,1,,0,2,2,0,0,m3,1CsyzTjErfmoC3PFDMJbGZZqJu6EUYCh2wKkBq,005fd359c94ec6323a52d82c988936910c520ff8b39ed6144084e99c6852a4d2,946688150,946688142,7,1,0,0,110.828,319,
run6-tbt-10s,1,nazionale,10,none,true,100,321,4,1,m2,1AagzGnptAGnvYUunCiqyFBo5P7Zyq7h7kcijs,259890,3,306,1.0,259890.0,1142090.0,0.227556,2.15195152e-06,0.55927068,0.57162581,0.91437023,-3.0,5.000,13.544,13.5437,-0.0003,1,,0,3,3,0,0,m3,1CsyzTjErfmoC3PFDMJbGZZqJu6EUYCh2wKkBq,005fd359c94ec6323a52d82c988936910c520ff8b39ed6144084e99c6852a4d2,946688150,946688142,7,1,0,0,24.1683,319,
run6-tbt-10s,1,nazionale,10,none,true,100,321,4,1,m3,1CsyzTjErfmoC3PFDMJbGZZqJu6EUYCh2wKkBq,76432,2,206,1.0,76432.0,1142090.0,0.066923,3.21063948e-07,0.02453956,0.97575909,0.30697134,-3.0,5.000,7.47,7.4697,-0.0003,1,,1,1,1,1,1,m3,1CsyzTjErfmoC3PFDMJbGZZqJu6EUYCh2wKkBq,005fd359c94ec6323a52d82c988936910c520ff8b39ed6144084e99c6852a4d2,946688150,946688142,7,1,0,0,27.832,319,1
run6-tbt-10s,1,nazionale,10,none,true,100,322,4,1,m1,1VLpfZJuzKm3UcPtfYMsf5T37jtkxjR3ZhRF3w,805768,3,306,1.0,805768.0,1142090.0,0.705521,8.29205157e-07,0.66814698,0.51265766,0.61210745,-2.583,5.000,10.604,10.6045,0.0005,1,,1,1,1,1,1,m1,1VLpfZJuzKm3UcPtfYMsf5T37jtkxjR3ZhRF3w,0092b979eaa720808c3b805c236803b1d05f3dfb7c4d0a32343bb7662cc86d0c,946688161,946688150,10,1,0,0,110.9404,322,1
run6-tbt-10s,1,nazionale,10,none,true,100,322,4,1,m2,1AagzGnptAGnvYUunCiqyFBo5P7Zyq7h7kcijs,259890,3,306,1.0,259890.0,1142090.0,0.227556,1.19382956e-06,0.31026436,0.73325308,0.74422594,-2.583,5.000,11.926,11.9257,-0.0003,1,,0,2,2,0,0,m1,1VLpfZJuzKm3UcPtfYMsf5T37jtkxjR3ZhRF3w,0092b979eaa720808c3b805c236803b1d05f3dfb7c4d0a32343bb7662cc86d0c,946688161,946688150,10,1,0,0,24.5051,322,
run6-tbt-10s,1,nazionale,10,none,true,100,322,4,1,m3,1CsyzTjErfmoC3PFDMJbGZZqJu6EUYCh2wKkBq,76432,2,206,1.0,76432.0,1142090.0,0.066923,3.48694175e-05,2.66513932,0.06958966,1.0,-2.583,5.000,14.483,14.4834,0.0004,1,,0,3,3,0,0,m1,1VLpfZJuzKm3UcPtfYMsf5T37jtkxjR3ZhRF3w,0092b979eaa720808c3b805c236803b1d05f3dfb7c4d0a32343bb7662cc86d0c,946688161,946688150,10,1,0,0,27.9444,322,
run6-tbt-10s,1,nazionale,10,none,true,100,323,4,1,m1,1VLpfZJuzKm3UcPtfYMsf5T37jtkxjR3ZhRF3w,805768,3,306,1.0,805768.0,1142090.0,0.705521,2.81535662e-06,2.26852427,0.10346475,0.95986035,-2.667,5.000,14.065,14.0652,0.0002,1,,1,2,2,0,0,m1,1VLpfZJuzKm3UcPtfYMsf5T37jtkxjR3ZhRF3w,00fdd0df84c85d1547755e04c7643e59e21dbcb83b6b360440bf5b1a974ba28d,946688176,946688161,14,1,0,0,110.9404,322,2
run6-tbt-10s,1,nazionale,10,none,true,100,323,4,1,m2,1AagzGnptAGnvYUunCiqyFBo5P7Zyq7h7kcijs,259890,3,306,1.0,259890.0,1142090.0,0.227556,2.60265038e-06,0.67640281,0.50844267,0.94882279,-2.667,5.000,13.955,13.9548,-0.0002,1,,0,1,1,1,1,m1,1VLpfZJuzKm3UcPtfYMsf5T37jtkxjR3ZhRF3w,00fdd0df84c85d1547755e04c7643e59e21dbcb83b6b360440bf5b1a974ba28d,946688176,946688161,14,1,0,0,24.5051,322,
run6-tbt-10s,1,nazionale,10,none,true,100,323,4,1,m3,1CsyzTjErfmoC3PFDMJbGZZqJu6EUYCh2wKkBq,76432,2,206,1.0,76432.0,1142090.0,0.066923,1.07308086e-05,0.82017716,0.44035363,0.99999524,-2.667,5.000,14.467,14.4666,-0.0004,1,,0,3,3,0,0,m1,1VLpfZJuzKm3UcPtfYMsf5T37jtkxjR3ZhRF3w,00fdd0df84c85d1547755e04c7643e59e21dbcb83b6b360440bf5b1a974ba28d,946688176,946688161,14,1,0,0,27.9444,322,
run6-tbt-10s,1,nazionale,10,none,true,100,324,4,1,m1,1VLpfZJuzKm3UcPtfYMsf5T37jtkxjR3ZhRF3w,805768,3,306,1.0,805768.0,1142090.0,0.705521,1.88539703e-07,0.15191926,0.85905764,0.19372412,-2.667,5.000,6.404,6.4038,-0.0002,1,,1,1,1,1,1,m1,1VLpfZJuzKm3UcPtfYMsf5T37jtkxjR3ZhRF3w,00ef672608ae1bb8c99917ccc69f0f3356f3d60668434d3b7fe7685c498385bf,946688182,946688176,6,1,0,0,110.9404,322,3
run6-tbt-10s,1,nazionale,10,none,true,100,324,4,1,m2,1AagzGnptAGnvYUunCiqyFBo5P7Zyq7h7kcijs,259890,3,306,1.0,259890.0,1142090.0,0.227556,3.50991321e-06,0.91219134,0.40164312,0.98184187,-2.667,5.000,14.285,14.285,0.0,1,,0,2,2,0,0,m1,1VLpfZJuzKm3UcPtfYMsf5T37jtkxjR3ZhRF3w,00ef672608ae1bb8c99917ccc69f0f3356f3d60668434d3b7fe7685c498385bf,946688182,946688176,6,1,0,0,24.5051,322,
run6-tbt-10s,1,nazionale,10,none,true,100,324,4,1,m3,1CsyzTjErfmoC3PFDMJbGZZqJu6EUYCh2wKkBq,76432,2,206,1.0,76432.0,1142090.0,0.066923,6.61711775e-06,0.50575954,0.60304736,0.99947774,-2.667,5.000,14.461,14.4614,0.0004,1,,0,3,3,0,0,m1,1VLpfZJuzKm3UcPtfYMsf5T37jtkxjR3ZhRF3w,00ef672608ae1bb8c99917ccc69f0f3356f3d60668434d3b7fe7685c498385bf,946688182,946688176,6,1,0,0,27.9444,322,
run6-tbt-10s,1,nazionale,10,none,true,100,325,4,1,m1,1VLpfZJuzKm3UcPtfYMsf5T37jtkxjR3ZhRF3w,805768,3,306,1.0,805768.0,1142090.0,0.705521,7.74942442e-07,0.62442382,0.53556992,0.58730812,-1.917,5.000,10.49,10.4897,-0.0003,1,,1,1,1,1,1,m1,1VLpfZJuzKm3UcPtfYMsf5T37jtkxjR3ZhRF3w,0058a1953d2fb22de78ceecdb38a4669deeca1446191ee553decf8553916a182,946688193,946688182,10,1,0,0,111.6142,325,4
run6-tbt-10s,1,nazionale,10,none,true,100,325,4,1,m2,1AagzGnptAGnvYUunCiqyFBo5P7Zyq7h7kcijs,259890,3,306,1.0,259890.0,1142090.0,0.227556,4.07230873e-06,1.05835232,0.34702713,0.99044741,-1.917,5.000,14.521,14.5211,0.0001,1,,0,3,3,0,0,m1,1VLpfZJuzKm3UcPtfYMsf5T37jtkxjR3ZhRF3w,0058a1953d2fb22de78ceecdb38a4669deeca1446191ee553decf8553916a182,946688193,946688182,10,1,0,0,24.5051,325,
run6-tbt-10s,1,nazionale,10,none,true,100,325,4,1,m3,1CsyzTjErfmoC3PFDMJbGZZqJu6EUYCh2wKkBq,76432,2,206,1.0,76432.0,1142090.0,0.066923,2.3331526e-06,0.17832752,0.83666835,0.93037769,-1.917,5.000,13.92,13.9204,0.0004,1,,0,2,2,0,0,m1,1VLpfZJuzKm3UcPtfYMsf5T37jtkxjR3ZhRF3w,0058a1953d2fb22de78ceecdb38a4669deeca1446191ee553decf8553916a182,946688193,946688182,10,1,0,0,27.9444,325,
run6-tbt-10s,1,nazionale,10,none,true,100,326,4,1,m1,1VLpfZJuzKm3UcPtfYMsf5T37jtkxjR3ZhRF3w,805768,3,306,1.0,805768.0,1142090.0,0.705521,1.05053845e-06,0.84649027,0.42891768,0.69874839,-1.5,5.000,11.687,11.6875,0.0005,1,,0,2,2,0,0,m2,1AagzGnptAGnvYUunCiqyFBo5P7Zyq7h7kcijs,00d414f24dab44416be9be68f4020fe8bf3193744587473ed2396cd92092d440,946688203,946688193,7,1,0,0,111.6142,325,
run6-tbt-10s,1,nazionale,10,none,true,100,326,4,1,m2,1AagzGnptAGnvYUunCiqyFBo5P7Zyq7h7kcijs,259890,3,306,1.0,259890.0,1142090.0,0.227556,3.36916888e-07,0.08756133,0.91616268,0.31940605,-1.5,5.000,7.894,7.8941,0.0001,1,,1,1,1,1,1,m2,1AagzGnptAGnvYUunCiqyFBo5P7Zyq7h7kcijs,00d414f24dab44416be9be68f4020fe8bf3193744587473ed2396cd92092d440,946688203,946688193,7,1,0,0,24.5051,325,1
run6-tbt-10s,1,nazionale,10,none,true,100,326,4,1,m3,1CsyzTjErfmoC3PFDMJbGZZqJu6EUYCh2wKkBq,76432,2,206,1.0,76432.0,1142090.0,0.066923,4.05255622e-05,3.09744977,0.04516423,1.0,-1.5,5.000,14.7,14.7,0.0,1,,0,3,3,0,0,m2,1AagzGnptAGnvYUunCiqyFBo5P7Zyq7h7kcijs,00d414f24dab44416be9be68f4020fe8bf3193744587473ed2396cd92092d440,946688203,946688193,7,1,0,0,27.9444,325,
run6-tbt-10s,1,nazionale,10,none,true,100,327,4,1,m1,1VLpfZJuzKm3UcPtfYMsf5T37jtkxjR3ZhRF3w,805768,3,306,1.0,805768.0,1142090.0,0.705521,9.15903203e-07,0.73800549,0.47806647,0.64867512,-1.25,5.000,11.237,11.2368,-0.0002,1,,1,1,1,1,1,m1,1VLpfZJuzKm3UcPtfYMsf5T37jtkxjR3ZhRF3w,0010e0392b0d8c458ec85d046b98ff05b48301a287572ca0bde20c418c08adaa,946688216,946688203,11,1,0,0,111.7826,327,1
run6-tbt-10s,1,nazionale,10,none,true,100,327,4,1,m2,1AagzGnptAGnvYUunCiqyFBo5P7Zyq7h7kcijs,259890,3,306,1.0,259890.0,1142090.0,0.227556,1.71424721e-05,4.45515707,0.01161849,1.0,-1.25,5.000,14.75,14.75,-0.0,1,,0,2,2,0,0,m1,1VLpfZJuzKm3UcPtfYMsf5T37jtkxjR3ZhRF3w,0010e0392b0d8c458ec85d046b98ff05b48301a287572ca0bde20c418c08adaa,946688216,946688203,11,1,0,0,24.7297,327,
run6-tbt-10s,1,nazionale,10,none,true,100,327,4,1,m3,1CsyzTjErfmoC3PFDMJbGZZqJu6EUYCh2wKkBq,76432,2,206,1.0,76432.0,1142090.0,0.066923,2.79637813e-05,2.13732773,0.11796967,1.0,-1.25,5.000,14.75,14.75,-0.0,1,,0,3,3,0,0,m1,1VLpfZJuzKm3UcPtfYMsf5T37jtkxjR3ZhRF3w,0010e0392b0d8c458ec85d046b98ff05b48301a287572ca0bde20c418c08adaa,946688216,946688203,11,1,0,0,27.9444,327,
run6-tbt-10s,1,nazionale,10,none,true,100,328,4,1,m1,1VLpfZJuzKm3UcPtfYMsf5T37jtkxjR3ZhRF3w,805768,3,306,1.0,805768.0,1142090.0,0.705521,9.35180469e-07,0.7535385,0.47069804,0.65632549,-1.167,5.000,11.33,11.3299,-0.0001,1,,1,1,1,1,1,m1,1VLpfZJuzKm3UcPtfYMsf5T37jtkxjR3ZhRF3w,007bfad7c4848db5a736de482829d6ca0d04f73297a63c8a7248f22208e0d113,946688229,946688216,11,1,0,0,111.7826,327,2
run6-tbt-10s,1,nazionale,10,none,true,100,328,4,1,m2,1AagzGnptAGnvYUunCiqyFBo5P7Zyq7h7kcijs,259890,3,306,1.0,259890.0,1142090.0,0.227556,1.5053193e-06,0.39121743,0.6762331,0.82079236,-1.167,5.000,12.975,12.9745,-0.0005,1,,0,2,2,0,0,m1,1VLpfZJuzKm3UcPtfYMsf5T37jtkxjR3ZhRF3w,007bfad7c4848db5a736de482829d6ca0d04f73297a63c8a7248f22208e0d113,946688229,946688216,11,1,0,0,24.7297,327,
run6-tbt-10s,1,nazionale,10,none,true,100,328,4,1,m3,1CsyzTjErfmoC3PFDMJbGZZqJu6EUYCh2wKkBq,76432,2,206,1.0,76432.0,1142090.0,0.066923,2.68685241e-06,0.2053615,0.81435287,0.95351508,-1.167,5.000,14.302,14.3018,-0.0002,1,,0,3,3,0,0,m1,1VLpfZJuzKm3UcPtfYMsf5T37jtkxjR3ZhRF3w,007bfad7c4848db5a736de482829d6ca0d04f73297a63c8a7248f22208e0d113,946688229,946688216,11,1,0,0,27.9444,327,
run6-tbt-10s,1,nazionale,10,none,true,100,329,4,1,m1,1VLpfZJuzKm3UcPtfYMsf5T37jtkxjR3ZhRF3w,805768,3,306,1.0,805768.0,1142090.0,0.705521,2.84228301e-07,0.22902207,0.79531098,0.27719391,-1.083,5.000,7.555,7.5553,0.0003,1,,1,1,1,1,1,m1,1VLpfZJuzKm3UcPtfYMsf5T37jtkxjR3ZhRF3w,00beb6fd006b1c04342e260767e9c5477a447d7c073472c613a383212a45b244,946688236,946688229,7,1,0,0,111.7826,327,3
run6-tbt-10s,1,nazionale,10,none,true,100,329,4,1,m2,1AagzGnptAGnvYUunCiqyFBo5P7Zyq7h7kcijs,259890,3,306,1.0,259890.0,1142090.0,0.227556,6.76410279e-07,0.17579227,0.83879221,0.53815291,-1.083,5.000,10.165,10.1649,-0.0001,1,,0,2,2,0,0,m1,1VLpfZJuzKm3UcPtfYMsf5T37jtkxjR3ZhRF3w,00beb6fd006b1c04342e260767e9c5477a447d7c073472c613a383212a45b244,946688236,946688229,7,1,0,0,24.7297,327,
run6-tbt-10s,1,nazionale,10,none,true,100,329,4,1,m3,1CsyzTjErfmoC3PFDMJbGZZqJu6EUYCh2wKkBq,76432,2,206,1.0,76432.0,1142090.0,0.066923,1.89256536e-05,1.44652556,0.23538671,1.0,-1.083,5.000,14.783,14.7834,0.0004,1,,0,3,3,0,0,m1,1VLpfZJuzKm3UcPtfYMsf5T37jtkxjR3ZhRF3w,00beb6fd006b1c04342e260767e9c5477a447d7c073472c613a383212a45b244,946688236,946688229,7,1,0,0,27.9444,327,
run6-tbt-10s,1,nazionale,10,none,true,100,330,4,1,m1,1VLpfZJuzKm3UcPtfYMsf5T37jtkxjR3ZhRF3w,805768,3,306,1.0,805768.0,1142090.0,0.705521,1.77113415e-06,1.42712322,0.23999835,0.86771474,-0.667,5.000,13.544,13.5437,-0.0003,1,,0,2,2,0,0,m2,1AagzGnptAGnvYUunCiqyFBo5P7Zyq7h7kcijs,0014e7c10ac5629b36e82a146e9512cd6c75058a4e2dbbe58e24c3099588c6e2,946688249,946688236,11,1,0,0,112.3436,330,
run6-tbt-10s,1,nazionale,10,none,true,100,330,4,1,m2,1AagzGnptAGnvYUunCiqyFBo5P7Zyq7h7kcijs,259890,3,306,1.0,259890.0,1142090.0,0.227556,9.55494033e-07,0.24832334,0.78010766,0.66420693,-0.667,5.000,11.509,11.5087,-0.0003,1,,1,1,1,1,1,m2,1AagzGnptAGnvYUunCiqyFBo5P7Zyq7h7kcijs,0014e7c10ac5629b36e82a146e9512cd6c75058a4e2dbbe58e24c3099588c6e2,946688249,946688236,11,1,0,0,24.7297,330,1
run6-tbt-10s,1,nazionale,10,none,true,100,330,4,1,m3,1CsyzTjErfmoC3PFDMJbGZZqJu6EUYCh2wKkBq,76432,2,206,1.0,76432.0,1142090.0,0.066923,1.20531986e-05,0.92125008,0.39802117,0.99999895,-0.667,5.000,14.867,14.8666,-0.0004,1,,0,3,3,0,0,m2,1AagzGnptAGnvYUunCiqyFBo5P7Zyq7h7kcijs,0014e7c10ac5629b36e82a146e9512cd6c75058a4e2dbbe58e24c3099588c6e2,946688249,946688236,11,1,0,0,27.9444,330,
run6-tbt-10s,1,nazionale,10,none,true,100,331,4,1,m1,1VLpfZJuzKm3UcPtfYMsf5T37jtkxjR3ZhRF3w,805768,3,306,1.0,805768.0,1142090.0,0.705521,2.72342677e-07,0.21944501,0.80296431,0.26731532,-0.667,5.000,7.54,7.5398,-0.0002,1,,1,1,1,1,1,m1,1VLpfZJuzKm3UcPtfYMsf5T37jtkxjR3ZhRF3w,00137483cb24beba70f5f0fd001ea35cf185c6f5f0d8e0d8fa9b1b60924960f1,946688258,946688249,7,1,0,0,112.3436,330,1
run6-tbt-10s,1,nazionale,10,none,true,100,331,4,1,m2,1AagzGnptAGnvYUunCiqyFBo5P7Zyq7h7kcijs,259890,3,306,1.0,259890.0,1142090.0,0.227556,2.0293752e-06,0.52741432,0.59012888,0.90150299,-0.667,5.000,13.882,13.8816,-0.0004,1,,0,2,2,0,0,m1,1VLpfZJuzKm3UcPtfYMsf5T37jtkxjR3ZhRF3w,00137483cb24beba70f5f0fd001ea35cf185c6f5f0d8e0d8fa9b1b60924960f1,946688258,946688249,7,1,0,0,24.7297,330,
run6-tbt-10s,1,nazionale,10,none,true,100,331,4,1,m3,1CsyzTjErfmoC3PFDMJbGZZqJu6EUYCh2wKkBq,76432,2,206,1.0,76432.0,1142090.0,0.066923,8.36586344e-06,0.63941967,0.52759851,0.99992912,-0.667,5.000,14.866,14.8659,-0.0001,1,,0,3,3,0,0,m1,1VLpfZJuzKm3UcPtfYMsf5T37jtkxjR3ZhRF3w,00137483cb24beba70f5f0fd001ea35cf185c6f5f0d8e0d8fa9b1b60924960f1,946688258,946688249,7,1,0,0,27.9444,330,
run6-tbt-10s,1,nazionale,10,none,true,100,332,4,1,m1,1VLpfZJuzKm3UcPtfYMsf5T37jtkxjR3ZhRF3w,805768,3,306,1.0,805768.0,1142090.0,0.705521,3.30360279e-06,2.66193741,0.06981283,0.97701726,-0.667,5.000,14.637,14.6368,-0.0002,1,,0,3,3,0,0,m2,1AagzGnptAGnvYUunCiqyFBo5P7Zyq7h7kcijs,005d448b8cf794bd8bb919fcb4d952ffae05b318b069510cf35e814cf501d2c1,946688266,946688258,5,1,0,0,112.3436,330,
run6-tbt-10s,1,nazionale,10,none,true,100,332,4,1,m2,1AagzGnptAGnvYUunCiqyFBo5P7Zyq7h7kcijs,259890,3,306,1.0,259890.0,1142090.0,0.227556,6.78893989e-08,0.01764378,0.98251096,0.07460611,-0.667,5.000,5.613,5.6127,-0.0003,1,,1,1,1,1,1,m2,1AagzGnptAGnvYUunCiqyFBo5P7Zyq7h7kcijs,005d448b8cf794bd8bb919fcb4d952ffae05b318b069510cf35e814cf501d2c1,946688266,946688258,5,1,0,0,24.7297,330,1
run6-tbt-10s,1,nazionale,10,none,true,100,332,4,1,m3,1CsyzTjErfmoC3PFDMJbGZZqJu6EUYCh2wKkBq,76432,2,206,1.0,76432.0,1142090.0,0.066923,2.27399098e-06,0.17380568,0.8404602,0.92551089,-0.667,5.000,14.122,14.1217,-0.0003,1,,0,2,2,0,0,m2,1AagzGnptAGnvYUunCiqyFBo5P7Zyq7h7kcijs,005d448b8cf794bd8bb919fcb4d952ffae05b318b069510cf35e814cf501d2c1,946688266,946688258,5,1,0,0,27.9444,330,
run6-tbt-10s,1,nazionale,10,none,true,100,333,4,1,m1,1VLpfZJuzKm3UcPtfYMsf5T37jtkxjR3ZhRF3w,805768,3,306,1.0,805768.0,1142090.0,0.705521,7.25836198e-07,0.58485558,0.55718632,0.56350147,-0.333,5.000,10.568,10.5684,0.0004,1,,1,1,1,1,1,m1,1VLpfZJuzKm3UcPtfYMsf5T37jtkxjR3ZhRF3w,00511603d470c579a552de7310169e4d2c2cfe36db56327b8563549ee2a4c637,946688278,946688266,10,1,0,0,112.3998,333,1
run6-tbt-10s,1,nazionale,10,none,true,100,333,4,1,m2,1AagzGnptAGnvYUunCiqyFBo5P7Zyq7h7kcijs,259890,3,306,1.0,259890.0,1142090.0,0.227556,1.90644421e-06,0.49546579,0.60928704,0.88665634,-0.333,5.000,13.8,13.8,-0.0,1,,0,2,2,0,0,m1,1VLpfZJuzKm3UcPtfYMsf5T37jtkxjR3ZhRF3w,00511603d470c579a552de7310169e4d2c2cfe36db56327b8563549ee2a4c637,946688278,946688266,10,1,0,0,25.4031,333,
run6-tbt-10s,1,nazionale,10,none,true,100,333,4,1,m3,1CsyzTjErfmoC3PFDMJbGZZqJu6EUYCh2wKkBq,76432,2,206,1.0,76432.0,1142090.0,0.066923,1.32752458e-05,1.01465359,0.36252799,0.99999974,-0.333,5.000,14.933,14.9334,0.0004,1,,0,3,3,0,0,m1,1VLpfZJuzKm3UcPtfYMsf5T37jtkxjR3ZhRF3w,00511603d470c579a552de7310169e4d2c2cfe36db56327b8563549ee2a4c637,946688278,946688266,10,1,0,0,27.9444,333,
run6-tbt-10s,1,nazionale,10,none,true,100,334,4,1,m1,1VLpfZJuzKm3UcPtfYMsf5T37jtkxjR3ZhRF3w,805768,3,306,1.0,805768.0,1142090.0,0.705521,1.85507879e-06,1.49476313,0.22430173,0.87980825,-0.667,5.000,13.665,13.6647,-0.0003,1,,1,1,1,1,1,m1,1VLpfZJuzKm3UcPtfYMsf5T37jtkxjR3ZhRF3w,00c2d3b67dec9665569e7539acd300f76dba859f3864f9dda8c2ab7908b2700c,946688292,946688278,13,1,0,0,112.3998,333,2
run6-tbt-10s,1,nazionale,10,none,true,100,334,4,1,m2,1AagzGnptAGnvYUunCiqyFBo5P7Zyq7h7kcijs,259890,3,306,1.0,259890.0,1142090.0,0.227556,1.95228884e-06,0.50738035,0.60207073,0.89243818,-0.667,5.000,13.791,13.791,-0.0,1,,0,2,2,0,0,m1,1VLpfZJuzKm3UcPtfYMsf5T37jtkxjR3ZhRF3w,00c2d3b67dec9665569e7539acd300f76dba859f3864f9dda8c2ab7908b2700c,946688292,946688278,13,1,0,0,25.4031,333,
run6-tbt-10s,1,nazionale,10,none,true,100,334,4,1,m3,1CsyzTjErfmoC3PFDMJbGZZqJu6EUYCh2wKkBq,76432,2,206,1.0,76432.0,1142090.0,0.066923,5.87305911e-06,0.44888965,0.63833653,0.99877836,-0.667,5.000,14.854,14.8544,0.0004,1,,0,3,3,0,0,m1,1VLpfZJuzKm3UcPtfYMsf5T37jtkxjR3ZhRF3w,00c2d3b67dec9665569e7539acd300f76dba859f3864f9dda8c2ab7908b2700c,946688292,946688278,13,1,0,0,27.9444,333,
run6-tbt-10s,1,nazionale,10,none,true,100,335,4,1,m1,1VLpfZJuzKm3UcPtfYMsf5T37jtkxjR3ZhRF3w,805768,3,306,1.0,805768.0,1142090.0,0.705521,4.62601914e-07,0.37274982,0.68883755,0.41041302,-0.917,5.000,8.921,8.9207,-0.0003,1,,1,1,1,1,1,m1,1VLpfZJuzKm3UcPtfYMsf5T37jtkxjR3ZhRF3w,006a8c93eb3bc36382648e02341b1a99ac0819fc31dff59be3d19bc0c5685269,946688302,946688292,8,1,0,0,112.3998,333,3
run6-tbt-10s,1,nazionale,10,none,true,100,335,4,1,m2,1AagzGnptAGnvYUunCiqyFBo5P7Zyq7h7kcijs,259890,3,306,1.0,259890.0,1142090.0,0.227556,1.13160524e-06,0.29409289,0.74520727,0.72538771,-0.917,5.000,12.071,12.0705,-0.0005,1,,0,2,2,0,0,m1,1VLpfZJuzKm3UcPtfYMsf5T37jtkxjR3ZhRF3w,006a8c93eb3bc36382648e02341b1a99ac0819fc31dff59be3d19bc0c5685269,946688302,946688292,8,1,0,0,25.4031,333,
run6-tbt-10s,1,nazionale,10,none,true,100,335,4,1,m3,1CsyzTjErfmoC3PFDMJbGZZqJu6EUYCh2wKkBq,76432,2,206,1.0,76432.0,1142090.0,0.066923,1.67394194e-06,0.12794273,0.87990377,0.85218479,-0.917,5.000,13.339,13.3384,-0.0006,1,,0,3,3,0,0,m1,1VLpfZJuzKm3UcPtfYMsf5T37jtkxjR3ZhRF3w,006a8c93eb3bc36382648e02341b1a99ac0819fc31dff59be3d19bc0c5685269,946688302,946688292,8,1,0,0,27.9444,333,
run6-tbt-10s,1,nazionale,10,none,true,100,336,4,1,m1,1VLpfZJuzKm3UcPtfYMsf5T37jtkxjR3ZhRF3w,805768,3,306,1.0,805768.0,1142090.0,0.705521,4.10451828e-07,0.33072895,0.71839987,0.37423034,-0.5,5.000,8.642,8.6423,0.0003,1,,1,1,1,1,1,m1,1VLpfZJuzKm3UcPtfYMsf5T37jtkxjR3ZhRF3w,007fcf1cf39f32d8b833a99be9dbcbc0022de09d636f2ce43b682d4c00c032f2,946688311,946688302,8,1,0,0,113.1296,336,4
run6-tbt-10s,1,nazionale,10,none,true,100,336,4,1,m2,1AagzGnptAGnvYUunCiqyFBo5P7Zyq7h7kcijs,259890,3,306,1.0,259890.0,1142090.0,0.227556,8.54613512e-06,2.22105506,0.10849458,0.99994231,-0.5,5.000,14.899,14.8994,0.0004,1,,0,3,3,0,0,m1,1VLpfZJuzKm3UcPtfYMsf5T37jtkxjR3ZhRF3w,007fcf1cf39f32d8b833a99be9dbcbc0022de09d636f2ce43b682d4c00c032f2,946688311,946688302,8,1,0,0,25.4031,336,
run6-tbt-10s,1,nazionale,10,none,true,100,336,4,1,m3,1CsyzTjErfmoC3PFDMJbGZZqJu6EUYCh2wKkBq,76432,2,206,1.0,76432.0,1142090.0,0.066923,3.29196308e-06,0.25161132,0.77754689,0.9767097,-0.5,5.000,14.667,14.6671,0.0001,1,,0,2,2,0,0,m1,1VLpfZJuzKm3UcPtfYMsf5T37jtkxjR3ZhRF3w,007fcf1cf39f32d8b833a99be9dbcbc0022de09d636f2ce43b682d4c00c032f2,946688311,946688302,8,1,0,0,27.9444,336,
run6-tbt-10s,1,nazionale,10,none,true,100,337,4,1,m1,1VLpfZJuzKm3UcPtfYMsf5T37jtkxjR3ZhRF3w,805768,3,306,1.0,805768.0,1142090.0,0.705521,9.92035004e-07,0.79935006,0.4496211,0.67793222,-0.75,5.000,11.629,11.6293,0.0003,1,,1,1,1,1,1,m1,1VLpfZJuzKm3UcPtfYMsf5T37jtkxjR3ZhRF3w,0084e295874eed5c987be16c068af0a71f6efe85c42cf2616552d57d9b382c51,946688323,946688311,11,1,0,0,113.1296,336,5
run6-tbt-10s,1,nazionale,10,none,true,100,337,4,1,m2,1AagzGnptAGnvYUunCiqyFBo5P7Zyq7h7kcijs,259890,3,306,1.0,259890.0,1142090.0,0.227556,1.8302636e-06,0.47566721,0.62147027,0.87635315,-0.75,5.000,13.614,13.6135,-0.0005,1,,0,2,2,0,0,m1,1VLpfZJuzKm3UcPtfYMsf5T37jtkxjR3ZhRF3w,0084e295874eed5c987be16c068af0a71f6efe85c42cf2616552d57d9b382c51,946688323,946688311,11,1,0,0,25.4031,336,
run6-tbt-10s,1,nazionale,10,none,true,100,337,4,1,m3,1CsyzTjErfmoC3PFDMJbGZZqJu6EUYCh2wKkBq,76432,2,206,1.0,76432.0,1142090.0,0.066923,3.50024175e-06,0.26753048,0.76526701,0.98164019,-0.75,5.000,14.666,14.6664,0.0004,1,,0,3,3,0,0,m1,1VLpfZJuzKm3UcPtfYMsf5T37jtkxjR3ZhRF3w,0084e295874eed5c987be16c068af0a71f6efe85c42cf2616552d57d9b382c51,946688323,946688311,11,1,0,0,27.9444,336,
run6-tbt-10s,1,nazionale,10,none,true,100,338,4,1,m1,1VLpfZJuzKm3UcPtfYMsf5T37jtkxjR3ZhRF3w,805768,3,306,1.0,805768.0,1142090.0,0.705521,1.38826083e-06,1.11861615,0.32673163,0.79515851,-0.833,5.000,12.785,12.785,-0.0,1,,1,1,1,1,1,m1,1VLpfZJuzKm3UcPtfYMsf5T37jtkxjR3ZhRF3w,009e44a10c6920e09c5e9006879bda58aafcf6556ab8868a40aed41864f0519a,946688336,946688323,12,1,0,0,113.747,338,6
run6-tbt-10s,1,nazionale,10,none,true,100,338,4,1,m2,1AagzGnptAGnvYUunCiqyFBo5P7Zyq7h7kcijs,259890,3,306,1.0,259890.0,1142090.0,0.227556,3.1592676e-06,0.82106206,0.43996414,0.97289855,-0.833,5.000,14.562,14.5624,0.0004,1,,0,2,2,0,0,m1,1VLpfZJuzKm3UcPtfYMsf5T37jtkxjR3ZhRF3w,009e44a10c6920e09c5e9006879bda58aafcf6556ab8868a40aed41864f0519a,946688336,946688323,12,1,0,0,25.4031,338,
run6-tbt-10s,1,nazionale,10,none,true,100,338,4,1,m3,1CsyzTjErfmoC3PFDMJbGZZqJu6EUYCh2wKkBq,76432,2,206,1.0,76432.0,1142090.0,0.066923,7.39660334e-06,0.56533719,0.56816854,0.99978558,-0.833,5.000,14.831,14.8313,0.0003,1,,0,3,3,0,0,m1,1VLpfZJuzKm3UcPtfYMsf5T37jtkxjR3ZhRF3w,009e44a10c6920e09c5e9006879bda58aafcf6556ab8868a40aed41864f0519a,946688336,946688323,12,1,0,0,27.9444,338,
run6-tbt-10s,1,nazionale,10,none,true,100,339,4,1,m1,1VLpfZJuzKm3UcPtfYMsf5T37jtkxjR3ZhRF3w,805768,3,306,1.0,805768.0,1142090.0,0.705521,1.07775369e-06,0.86841944,0.41961425,0.70796795,-1.083,5.000,11.863,11.8631,0.0001,1,,1,2,2,0,0,m1,1VLpfZJuzKm3UcPtfYMsf5T37jtkxjR3ZhRF3w,0047067cd86c7c9360f720d6b138b067e9e85a3894317d204ed82a23b22b828b,946688349,946688336,11,1,0,0,113.747,338,7
run6-tbt-10s,1,nazionale,10,none,true,100,339,4,1,m2,1AagzGnptAGnvYUunCiqyFBo5P7Zyq7h7kcijs,259890,3,306,1.0,259890.0,1142090.0,0.227556,9.43463961e-07,0.24519685,0.78255048,0.65956149,-1.083,5.000,11.379,11.379,0.0,1,,0,1,1,1,1,m1,1VLpfZJuzKm3UcPtfYMsf5T37jtkxjR3ZhRF3w,0047067cd86c7c9360f720d6b138b067e9e85a3894317d204ed82a23b22b828b,946688349,946688336,11,1,0,0,25.4031,338,
run6-tbt-10s,1,nazionale,10,none,true,100,339,4,1,m3,1CsyzTjErfmoC3PFDMJbGZZqJu6EUYCh2wKkBq,76432,2,206,1.0,76432.0,1142090.0,0.066923,4.05287709e-05,3.09769502,0.04515316,1.0,-1.083,5.000,14.783,14.7834,0.0004,1,,0,3,3,0,0,m1,1VLpfZJuzKm3UcPtfYMsf5T37jtkxjR3ZhRF3w,0047067cd86c7c9360f720d6b138b067e9e85a3894317d204ed82a23b22b828b,946688349,946688336,11,1,0,0,27.9444,338,
run6-tbt-10s,1,nazionale,10,none,true,100,340,4,1,m1,1VLpfZJuzKm3UcPtfYMsf5T37jtkxjR3ZhRF3w,805768,3,306,1.0,805768.0,1142090.0,0.705521,1.7644372e-06,1.42172703,0.24129693,0.86669907,-1.083,5.000,13.45,13.4504,0.0004,1,,1,1,1,1,1,m1,1VLpfZJuzKm3UcPtfYMsf5T37jtkxjR3ZhRF3w,0057615a044b8cb09e9c2e7c4695bf3047608baabb42b55f6ba1f9fe0ae51606,946688363,946688349,13,1,1,1,113.747,338,8
run6-tbt-10s,1,nazionale,10,none,true,100,340,4,1,m2,1AagzGnptAGnvYUunCiqyFBo5P7Zyq7h7kcijs,259890,3,306,1.0,259890.0,1142090.0,0.227556,6.90033834e-06,1.79332893,0.16640529,0.99962207,-1.083,5.000,14.78,14.7796,-0.0004,1,,0,3,3,0,0,m1,1VLpfZJuzKm3UcPtfYMsf5T37jtkxjR3ZhRF3w,0057615a044b8cb09e9c2e7c4695bf3047608baabb42b55f6ba1f9fe0ae51606,946688363,946688349,13,1,1,1,25.4031,338,
run6-tbt-10s,1,nazionale,10,none,true,100,340,4,1,m3,1CsyzTjErfmoC3PFDMJbGZZqJu6EUYCh2wKkBq,76432,2,206,1.0,76432.0,1142090.0,0.066923,1.99268594e-06,0.15230497,0.85872635,0.89728804,-1.083,5.000,13.756,13.7563,0.0003,1,,0,2,2,0,0,m1,1VLpfZJuzKm3UcPtfYMsf5T37jtkxjR3ZhRF3w,0057615a044b8cb09e9c2e7c4695bf3047608baabb42b55f6ba1f9fe0ae51606,946688363,946688349,13,1,1,1,27.9444,338,
run6-tbt-10s,1,nazionale,10,none,true,100,341,4,1,m1,1VLpfZJuzKm3UcPtfYMsf5T37jtkxjR3ZhRF3w,805768,3,306,1.0,805768.0,1142090.0,0.705521,6.14619735e-06,4.95240915,0.00706636,0.99910574,-1.167,5.000,14.758,14.7577,-0.0003,1,,0,2,2,0,0,m2,1AagzGnptAGnvYUunCiqyFBo5P7Zyq7h7kcijs,00e9f1be2800e2935c3c383ee83e5612d82b27b4c3e53f3ef628f02519e4f7e5,946688374,946688363,9,1,0,0,114.3086,341,
run6-tbt-10s,1,nazionale,10,none,true,100,341,4,1,m2,1AagzGnptAGnvYUunCiqyFBo5P7Zyq7h7kcijs,259890,3,306,1.0,259890.0,1142090.0,0.227556,4.92952771e-07,0.1281135,0.87975353,0.43049996,-1.167,5.000,9.072,9.0716,-0.0004,1,,1,1,1,1,1,m2,1AagzGnptAGnvYUunCiqyFBo5P7Zyq7h7kcijs,00e9f1be2800e2935c3c383ee83e5612d82b27b4c3e53f3ef628f02519e4f7e5,946688374,946688363,9,1,0,0,25.4031,341,1
run6-tbt-10s,1,nazionale,10,none,true,100,341,4,1,m3,1CsyzTjErfmoC3PFDMJbGZZqJu6EUYCh2wKkBq,76432,2,206,1.0,76432.0,1142090.0,0.066923,7.86270144e-06,0.600962,0.54828394,0.99987409,-1.167,5.000,14.765,14.7653,0.0003,1,,0,3,3,0,0,m2,1AagzGnptAGnvYUunCiqyFBo5P7Zyq7h7kcijs,00e9f1be2800e2935c3c383ee83e5612d82b27b4c3e53f3ef628f02519e4f7e5,946688374,946688363,9,1,0,0,27.9444,341,
run6-tbt-10s,1,nazionale,10,none,true,100,342,4,1,m1,1VLpfZJuzKm3UcPtfYMsf5T37jtkxjR3ZhRF3w,805768,3,306,1.0,805768.0,1142090.0,0.705521,4.1435095e-06,3.33870736,0.03548279,0.99119346,-1.5,5.000,14.612,14.6119,-0.0001,1,,0,2,2,0,0,m2,1AagzGnptAGnvYUunCiqyFBo5P7Zyq7h7kcijs,00d210cbe766a3c0f9060b389e7e0724dcc46d4cf4f5b2ee5e7d9fa740aad4a2,946688385,946688374,10,1,0,0,114.3086,341,
run6-tbt-10s,1,nazionale,10,none,true,100,342,4,1,m2,1AagzGnptAGnvYUunCiqyFBo5P7Zyq7h7kcijs,259890,3,306,1.0,259890.0,1142090.0,0.227556,8.56353572e-07,0.22255773,0.80046879,0.62394988,-1.5,5.000,10.939,10.9395,0.0005,1,,1,1,1,1,1,m2,1AagzGnptAGnvYUunCiqyFBo5P7Zyq7h7kcijs,00d210cbe766a3c0f9060b389e7e0724dcc46d4cf4f5b2ee5e7d9fa740aad4a2,946688385,946688374,10,1,0,0,25.4031,341,2
run6-tbt-10s,1,nazionale,10,none,true,100,342,4,1,m3,1CsyzTjErfmoC3PFDMJbGZZqJu6EUYCh2wKkBq,76432,2,206,1.0,76432.0,1142090.0,0.066923,2.13146469e-05,1.62912109,0.19610185,1.0,-1.5,5.000,14.7,14.7,-0.0,1,,0,3,3,0,0,m2,1AagzGnptAGnvYUunCiqyFBo5P7Zyq7h7kcijs,00d210cbe766a3c0f9060b389e7e0724dcc46d4cf4f5b2ee5e7d9fa740aad4a2,946688385,946688374,10,1,0,0,27.9444,341,
run6-tbt-10s,1,nazionale,10,none,true,100,343,4,1,m1,1VLpfZJuzKm3UcPtfYMsf5T37jtkxjR3ZhRF3w,805768,3,306,1.0,805768.0,1142090.0,0.705521,8.18630679e-07,0.6596264,0.51704446,0.60739447,-1.333,5.000,10.807,10.8073,0.0003,1,,1,1,1,1,1,m1,1VLpfZJuzKm3UcPtfYMsf5T37jtkxjR3ZhRF3w,000abab497a4309c90abae6f04e8b15a5da82043f48e6ddf7f1ba10a2810b5c9,946688397,946688385,10,1,0,0,114.3086,341,1
run6-tbt-10s,1,nazionale,10,none,true,100,343,4,1,m2,1AagzGnptAGnvYUunCiqyFBo5P7Zyq7h7kcijs,259890,3,306,1.0,259890.0,1142090.0,0.227556,2.94661136e-06,0.76579483,0.46496422,0.96544819,-1.333,5.000,14.388,14.3879,-0.0001,1,,0,3,3,0,0,m1,1VLpfZJuzKm3UcPtfYMsf5T37jtkxjR3ZhRF3w,000abab497a4309c90abae6f04e8b15a5da82043f48e6ddf7f1ba10a2810b5c9,946688397,946688385,10,1,0,0,25.4031,341,
run6-tbt-10s,1,nazionale,10,none,true,100,343,4,1,m3,1CsyzTjErfmoC3PFDMJbGZZqJu6EUYCh2wKkBq,76432,2,206,1.0,76432.0,1142090.0,0.066923,2.44027796e-06,0.18651533,0.82984584,0.9383953,-1.333,5.000,14.117,14.1174,0.0004,1,,0,2,2,0,0,m1,1VLpfZJuzKm3UcPtfYMsf5T37jtkxjR3ZhRF3w,000abab497a4309c90abae6f04e8b15a5da82043f48e6ddf7f1ba10a2810b5c9,946688397,946688385,10,1,0,0,27.9444,341,
run6-tbt-10s,1,nazionale,10,none,true,100,344,4,1,m1,1VLpfZJuzKm3UcPtfYMsf5T37jtkxjR3ZhRF3w,805768,3,306,1.0,805768.0,1142090.0,0.705521,2.18263882e-06,1.75870052,0.17226858,0.91731937,-1.583,5.000,13.857,13.8566,-0.0004,1,,0,3,3,0,0,m2,1AagzGnptAGnvYUunCiqyFBo5P7Zyq7h7kcijs,00865abf8754c22eed85d2f6a8dd90449611a3f8700329078984d76fc05634e1,946688406,946688397,7,1,0,0,114.533,344,
run6-tbt-10s,1,nazionale,10,none,true,100,344,4,1,m2,1AagzGnptAGnvYUunCiqyFBo5P7Zyq7h7kcijs,259890,3,306,1.0,259890.0,1142090.0,0.227556,2.81289589e-07,0.07310435,0.92950383,0.2747639,-1.583,5.000,7.431,7.431,0.0,1,,1,1,1,1,1,m2,1AagzGnptAGnvYUunCiqyFBo5P7Zyq7h7kcijs,00865abf8754c22eed85d2f6a8dd90449611a3f8700329078984d76fc05634e1,946688406,946688397,7,1,0,0,25.8527,344,1
run6-tbt-10s,1,nazionale,10,none,true,100,344,4,1,m3,1CsyzTjErfmoC3PFDMJbGZZqJu6EUYCh2wKkBq,76432,2,206,1.0,76432.0,1142090.0,0.066923,1.36025977e-06,0.10396737,0.9012547,0.78850186,-1.583,5.000,12.568,12.5684,0.0004,1,,0,2,2,0,0,m2,1AagzGnptAGnvYUunCiqyFBo5P7Zyq7h7kcijs,00865abf8754c22eed85d2f6a8dd90449611a3f8700329078984d76fc05634e1,946688406,946688397,7,1,0,0,27.9444,344,
run6-tbt-10s,1,nazionale,10,none,true,100,345,4,1,m1,1VLpfZJuzKm3UcPtfYMsf5T37jtkxjR3ZhRF3w,805768,3,306,1.0,805768.0,1142090.0,0.705521,2.63586114e-06,2.12389256,0.11956531,0.95072757,-1.667,5.000,14.174,14.1739,-0.0001,1,,0,1,1,1,1,m2,1AagzGnptAGnvYUunCiqyFBo5P7Zyq7h7kcijs,00b76dbf98533ca816c6cf2608317aef5bc8adc88c56cbd5a389ca327d95a955,946688421,946688406,14,1,1,1,114.533,344,
run6-tbt-10s,1,nazionale,10,none,true,100,345,4,1,m2,1AagzGnptAGnvYUunCiqyFBo5P7Zyq7h7kcijs,259890,3,306,1.0,259890.0,1142090.0,0.227556,4.7600091e-06,1.23707876,0.29023081,0.99564469,-1.667,5.000,14.623,14.623,0.0,1,,1,2,2,0,0,m2,1AagzGnptAGnvYUunCiqyFBo5P7Zyq7h7kcijs,00b76dbf98533ca816c6cf2608317aef5bc8adc88c56cbd5a389ca327d95a955,946688421,946688406,14,1,1,1,25.8527,344,2
run6-tbt-10s,1,nazionale,10,none,true,100,345,4,1,m3,1CsyzTjErfmoC3PFDMJbGZZqJu6EUYCh2wKkBq,76432,2,206,1.0,76432.0,1142090.0,0.066923,2.2228264e-05,1.69895067,0.18287532,1.0,-1.667,5.000,14.667,14.6666,-0.0004,1,,0,3,3,0,0,m2,1AagzGnptAGnvYUunCiqyFBo5P7Zyq7h7kcijs,00b76dbf98533ca816c6cf2608317aef5bc8adc88c56cbd5a389ca327d95a955,946688421,946688406,14,1,1,1,27.9444,344,
run6-tbt-10s,1,nazionale,10,none,true,100,346,4,1,m1,1VLpfZJuzKm3UcPtfYMsf5T37jtkxjR3ZhRF3w,805768,3,306,1.0,805768.0,1142090.0,0.705521,1.36005174e-06,1.09588617,0.33424328,0.78845161,-1.917,5.000,12.501,12.5011,0.0001,1,,0,2,2,0,0,m3,1CsyzTjErfmoC3PFDMJbGZZqJu6EUYCh2wKkBq,005e182d49531af01f7a527f7813bcdaf624c0c8a53a0d9f08329ef495bddfe8,946688434,946688421,11,1,0,0,114.533,346,
run6-tbt-10s,1,nazionale,10,none,true,100,346,4,1,m2,1AagzGnptAGnvYUunCiqyFBo5P7Zyq7h7kcijs,259890,3,306,1.0,259890.0,1142090.0,0.227556,1.35911771e-05,3.53221102,0.02924019,0.99999982,-1.917,5.000,14.617,14.6166,-0.0004,1,,0,3,3,0,0,m3,1CsyzTjErfmoC3PFDMJbGZZqJu6EUYCh2wKkBq,005e182d49531af01f7a527f7813bcdaf624c0c8a53a0d9f08329ef495bddfe8,946688434,946688421,11,1,0,0,26.4143,346,
run6-tbt-10s,1,nazionale,10,none,true,100,346,4,1,m3,1CsyzTjErfmoC3PFDMJbGZZqJu6EUYCh2wKkBq,76432,2,206,1.0,76432.0,1142090.0,0.066923,1.11685313e-06,0.08536332,0.91817863,0.72072178,-1.917,5.000,11.824,11.8238,-0.0002,1,,1,1,1,1,1,m3,1CsyzTjErfmoC3PFDMJbGZZqJu6EUYCh2wKkBq,005e182d49531af01f7a527f7813bcdaf624c0c8a53a0d9f08329ef495bddfe8,946688434,946688421,11,1,0,0,27.9444,346,1
run6-tbt-10s,1,nazionale,10,none,true,100,347,4,1,m1,1VLpfZJuzKm3UcPtfYMsf5T37jtkxjR3ZhRF3w,805768,3,306,1.0,805768.0,1142090.0,0.705521,1.81311343e-06,1.46094878,0.23201604,0.8739074,-1.833,5.000,13.372,13.3725,0.0005,1,,1,1,1,1,1,m1,1VLpfZJuzKm3UcPtfYMsf5T37jtkxjR3ZhRF3w,001706343c87116f7c6c0d2d960d33cb1c01988068d87d9df5c37e12ff799497,946688449,946688434,13,1,0,0,114.533,346,1
run6-tbt-10s,1,nazionale,10,none,true,100,347,4,1,m2,1AagzGnptAGnvYUunCiqyFBo5P7Zyq7h7kcijs,259890,3,306,1.0,259890.0,1142090.0,0.227556,1.86693618e-05,4.85198044,0.00781289,1.0,-1.833,5.000,14.633,14.6334,0.0004,1,,0,2,2,0,0,m1,1VLpfZJuzKm3UcPtfYMsf5T37jtkxjR3ZhRF3w,001706343c87116f7c6c0d2d960d33cb1c01988068d87d9df5c37e12ff799497,946688449,946688434,13,1,0,0,26.4143,346,
run6-tbt-10s,1,nazionale,10,none,true,100,347,4,1,m3,1CsyzTjErfmoC3PFDMJbGZZqJu6EUYCh2wKkBq,76432,2,206,1.0,76432.0,1142090.0,0.066923,2.77986885e-05,2.12470936,0.11946769,1.0,-1.833,5.000,14.633,14.6334,0.0004,1,,0,3,3,0,0,m1,1VLpfZJuzKm3UcPtfYMsf5T37jtkxjR3ZhRF3w,001706343c87116f7c6c0d2d960d33cb1c01988068d87d9df5c37e12ff799497,946688449,946688434,13,1,0,0,27.9444,346,
run6-tbt-10s,1,nazionale,10,none,true,100,348,4,1,m1,1VLpfZJuzKm3UcPtfYMsf5T37jtkxjR3ZhRF3w,805768,3,306,1.0,805768.0,1142090.0,0.705521,1.9980484e-07,0.16099635,0.85129518,0.20403106,-2.25,5.000,6.59,6.5903,0.0003,1,,1,2,2,0,0,m1,1VLpfZJuzKm3UcPtfYMsf5T37jtkxjR3ZhRF3w,0075413802243c3d6aee3414cddaec297d46750019d51c0969dea49610582b16,946688455,946688449,6,1,1,1,114.533,346,2
run6-tbt-10s,1,nazionale,10,none,true,100,348,4,1,m2,1AagzGnptAGnvYUunCiqyFBo5P7Zyq7h7kcijs,259890,3,306,1.0,259890.0,1142090.0,0.227556,5.31729808e-09,0.00138191,0.99861904,0.00605443,-2.25,5.000,4.611,4.6105,-0.0005,1,,0,1,1,1,1,m1,1VLpfZJuzKm3UcPtfYMsf5T37jtkxjR3ZhRF3w,0075413802243c3d6aee3414cddaec297d46750019d51c0969dea49610582b16,946688455,946688449,6,1,1,1,26.4143,346,
run6-tbt-10s,1,nazionale,10,none,true,100,348,4,1,m3,1CsyzTjErfmoC3PFDMJbGZZqJu6EUYCh2wKkBq,76432,2,206,1.0,76432.0,1142090.0,0.066923,2.28595831e-05,1.74720366,0.17426056,1.0,-2.25,5.000,14.55,14.55,-0.0,1,,0,3,3,0,0,m1,1VLpfZJuzKm3UcPtfYMsf5T37jtkxjR3ZhRF3w,0075413802243c3d6aee3414cddaec297d46750019d51c0969dea49610582b16,946688455,946688449,6,1,1,1,27.9444,346,
run6-tbt-10s,1,nazionale,10,none,true,100,349,4,1,m1,1VLpfZJuzKm3UcPtfYMsf5T37jtkxjR3ZhRF3w,805768,3,306,1.0,805768.0,1142090.0,0.705521,8.82456331e-07,0.71105507,0.49112575,0.63499512,-2.0,5.000,10.95,10.95,-0.0,1,,1,1,1,1,1,m1,1VLpfZJuzKm3UcPtfYMsf5T37jtkxjR3ZhRF3w,00ca9a50836a743b78745eb93c7f58c6f81dd8825bec333a63fd62e6d687a79b,946688466,946688455,10,1,0,0,115.0384,349,3
run6-tbt-10s,1,nazionale,10,none,true,100,349,4,1,m2,1AagzGnptAGnvYUunCiqyFBo5P7Zyq7h7kcijs,259890,3,306,1.0,259890.0,1142090.0,0.227556,4.5228715e-06,1.17544907,0.30868033,0.99428994,-2.0,5.000,14.543,14.5429,-0.0001,1,,0,2,2,0,0,m1,1VLpfZJuzKm3UcPtfYMsf5T37jtkxjR3ZhRF3w,00ca9a50836a743b78745eb93c7f58c6f81dd8825bec333a63fd62e6d687a79b,946688466,946688455,10,1,0,0,26.4143,349,
run6-tbt-10s,1,nazionale,10,none,true,100,349,4,1,m3,1CsyzTjErfmoC3PFDMJbGZZqJu6EUYCh2wKkBq,76432,2,206,1.0,76432.0,1142090.0,0.066923,1.18067275e-05,0.9024118,0.40559028,0.99999861,-2.0,5.000,14.6,14.6,-0.0,1,,0,3,3,0,0,m1,1VLpfZJuzKm3UcPtfYMsf5T37jtkxjR3ZhRF3w,00ca9a50836a743b78745eb93c7f58c6f81dd8825bec333a63fd62e6d687a79b,946688466,946688455,10,1,0,0,28.1126,349,
run6-tbt-10s,1,nazionale,10,none,true,100,350,4,1,m1,1VLpfZJuzKm3UcPtfYMsf5T37jtkxjR3ZhRF3w,805768,3,306,1.0,805768.0,1142090.0,0.705521,1.09803772e-07,0.08847637,0.91532474,0.11786113,-1.917,5.000,5.795,5.7952,0.0002,1,,1,1,1,1,1,m1,1VLpfZJuzKm3UcPtfYMsf5T37jtkxjR3ZhRF3w,003dd1ac616dae72dad3d9968a3a4fa1556078807181e95a1ee295ab3c9b8959,946688473,946688466,5,1,0,0,115.0384,349,4
run6-tbt-10s,1,nazionale,10,none,true,100,350,4,1,m2,1AagzGnptAGnvYUunCiqyFBo5P7Zyq7h7kcijs,259890,3,306,1.0,259890.0,1142090.0,0.227556,2.55187688e-06,0.66320728,0.5151963,0.9457674,-1.917,5.000,14.074,14.0743,0.0003,1,,0,2,2,0,0,m1,1VLpfZJuzKm3UcPtfYMsf5T37jtkxjR3ZhRF3w,003dd1ac616dae72dad3d9968a3a4fa1556078807181e95a1ee295ab3c9b8959,946688473,946688466,5,1,0,0,26.4143,349,
run6-tbt-10s,1,nazionale,10,none,true,100,350,4,1,m3,1CsyzTjErfmoC3PFDMJbGZZqJu6EUYCh2wKkBq,76432,2,206,1.0,76432.0,1142090.0,0.066923,3.01189493e-05,2.30205153,0.10005337,1.0,-1.917,5.000,14.617,14.6166,-0.0004,1,,0,3,3,0,0,m1,1VLpfZJuzKm3UcPtfYMsf5T37jtkxjR3ZhRF3w,003dd1ac616dae72dad3d9968a3a4fa1556078807181e95a1ee295ab3c9b8959,946688473,946688466,5,1,0,0,28.1126,349,
run6-tbt-10s,1,nazionale,10,none,true,100,351,4,1,m1,1VLpfZJuzKm3UcPtfYMsf5T37jtkxjR3ZhRF3w,805768,3,306,1.0,805768.0,1142090.0,0.705521,1.95839781e-06,1.57801429,0.20638451,0.89318603,-1.417,5.000,13.649,13.6485,-0.0005,1,,1,1,1,1,1,m1,1VLpfZJuzKm3UcPtfYMsf5T37jtkxjR3ZhRF3w,005d91915704e25481769831c4bc0bfb5842d06808f379563783807747ce9e8f,946688487,946688473,13,1,0,0,115.0384,349,5
run6-tbt-10s,1,nazionale,10,none,true,100,351,4,1,m2,1AagzGnptAGnvYUunCiqyFBo5P7Zyq7h7kcijs,259890,3,306,1.0,259890.0,1142090.0,0.227556,6.98024036e-06,1.81409467,0.1629854,0.99965503,-1.417,5.000,14.713,14.7132,0.0002,1,,0,2,2,0,0,m1,1VLpfZJuzKm3UcPtfYMsf5T37jtkxjR3ZhRF3w,005d91915704e25481769831c4bc0bfb5842d06808f379563783807747ce9e8f,946688487,946688473,13,1,0,0,26.4143,349,
run6-tbt-10s,1,nazionale,10,none,true,100,351,4,1,m3,1CsyzTjErfmoC3PFDMJbGZZqJu6EUYCh2wKkBq,76432,2,206,1.0,76432.0,1142090.0,0.066923,2.50299703e-05,1.91309069,0.14762342,1.0,-1.417,5.000,14.717,14.7166,-0.0004,1,,0,3,3,0,0,m1,1VLpfZJuzKm3UcPtfYMsf5T37jtkxjR3ZhRF3w,005d91915704e25481769831c4bc0bfb5842d06808f379563783807747ce9e8f,946688487,946688473,13,1,0,0,28.1126,349,
run6-tbt-10s,1,nazionale,10,none,true,100,352,4,1,m1,1VLpfZJuzKm3UcPtfYMsf5T37jtkxjR3ZhRF3w,805768,3,306,1.0,805768.0,1142090.0,0.705521,6.77225611e-07,0.54568673,0.57944373,0.53858277,-1.5,5.000,10.086,10.0858,-0.0002,1,,1,1,1,1,1,m1,1VLpfZJuzKm3UcPtfYMsf5T37jtkxjR3ZhRF3w,00ed1f71f0a73d13f1165c35bc74b452e7613f45c1b4f3ff754067e4cc8208a2,946688498,946688487,10,1,0,0,115.6556,352,6
run6-tbt-10s,1,nazionale,10,none,true,100,352,4,1,m2,1AagzGnptAGnvYUunCiqyFBo5P7Zyq7h7kcijs,259890,3,306,1.0,259890.0,1142090.0,0.227556,2.0401017e-06,0.53020203,0.58848607,0.90270228,-1.5,5.000,13.727,13.727,0.0,1,,0,2,2,0,0,m1,1VLpfZJuzKm3UcPtfYMsf5T37jtkxjR3ZhRF3w,00ed1f71f0a73d13f1165c35bc74b452e7613f45c1b4f3ff754067e4cc8208a2,946688498,946688487,10,1,0,0,26.4143,352,
run6-tbt-10s,1,nazionale,10,none,true,100,352,4,1,m3,1CsyzTjErfmoC3PFDMJbGZZqJu6EUYCh2wKkBq,76432,2,206,1.0,76432.0,1142090.0,0.066923,2.36117103e-05,1.80469024,0.16452541,1.0,-1.5,5.000,14.7,14.7,-0.0,1,,0,3,3,0,0,m1,1VLpfZJuzKm3UcPtfYMsf5T37jtkxjR3ZhRF3w,00ed1f71f0a73d13f1165c35bc74b452e7613f45c1b4f3ff754067e4cc8208a2,946688498,946688487,10,1,0,0,28.1126,352,
run6-tbt-10s,1,nazionale,10,none,true,100,353,4,1,m1,1VLpfZJuzKm3UcPtfYMsf5T37jtkxjR3ZhRF3w,805768,3,306,1.0,805768.0,1142090.0,0.705521,7.72235566e-07,0.62224271,0.53673934,0.58603031,-1.25,5.000,10.61,10.6103,0.0003,1,,1,1,1,1,1,m1,1VLpfZJuzKm3UcPtfYMsf5T37jtkxjR3ZhRF3w,001931f99dc45e14f4de64b1a7aef8b89fc1e4554176acc91ef6d465b055af6b,946688509,946688498,10,1,0,0,115.6556,352,7
run6-tbt-10s,1,nazionale,10,none,true,100,353,4,1,m2,1AagzGnptAGnvYUunCiqyFBo5P7Zyq7h7kcijs,259890,3,306,1.0,259890.0,1142090.0,0.227556,2.99859401e-06,0.7793046,0.4587249,0.96743979,-1.25,5.000,14.424,14.4244,0.0004,1,,0,2,2,0,0,m1,1VLpfZJuzKm3UcPtfYMsf5T37jtkxjR3ZhRF3w,001931f99dc45e14f4de64b1a7aef8b89fc1e4554176acc91ef6d465b055af6b,946688509,946688498,10,1,0,0,26.4143,352,
run6-tbt-10s,1,nazionale,10,none,true,100,353,4,1,m3,1CsyzTjErfmoC3PFDMJbGZZqJu6EUYCh2wKkBq,76432,2,206,1.0,76432.0,1142090.0,0.066923,8.45518281e-06,0.64624653,0.52400894,0.999936,-1.25,5.000,14.749,14.7494,0.0004,1,,0,3,3,0,0,m1,1VLpfZJuzKm3UcPtfYMsf5T37jtkxjR3ZhRF3w,001931f99dc45e14f4de64b1a7aef8b89fc1e4554176acc91ef6d465b055af6b,946688509,946688498,10,1,0,0,28.1126,352,
run6-tbt-10s,1,nazionale,10,none,true,100,354,4,1,m1,1VLpfZJuzKm3UcPtfYMsf5T37jtkxjR3ZhRF3w,805768,3,306,1.0,805768.0,1142090.0,0.705521,2.03140649e-07,0.16368423,0.84901007,0.20705777,-1.25,5.000,6.821,6.8206,-0.0004,1,,1,1,1,1,1,m1,1VLpfZJuzKm3UcPtfYMsf5T37jtkxjR3ZhRF3w,002950a633c009404b73e7002ba173a7a1a75b9d1ce0873128d35a741c25b511,946688517,946688509,6,1,0,0,115.6556,352,8
run6-tbt-10s,1,nazionale,10,none,true,100,354,4,1,m2,1AagzGnptAGnvYUunCiqyFBo5P7Zyq7h7kcijs,259890,3,306,1.0,259890.0,1142090.0,0.227556,4.02537447e-06,1.04615457,0.351286,0.98992139,-1.25,5.000,14.649,14.6492,0.0002,1,,0,3,3,0,0,m1,1VLpfZJuzKm3UcPtfYMsf5T37jtkxjR3ZhRF3w,002950a633c009404b73e7002ba173a7a1a75b9d1ce0873128d35a741c25b511,946688517,946688509,6,1,0,0,26.4143,352,
run6-tbt-10s,1,nazionale,10,none,true,100,354,4,1,m3,1CsyzTjErfmoC3PFDMJbGZZqJu6EUYCh2wKkBq,76432,2,206,1.0,76432.0,1142090.0,0.066923,3.63472925e-06,0.27780963,0.757441,0.9842543,-1.25,5.000,14.593,14.5925,-0.0005,1,,0,2,2,0,0,m1,1VLpfZJuzKm3UcPtfYMsf5T37jtkxjR3ZhRF3w,002950a633c009404b73e7002ba173a7a1a75b9d1ce0873128d35a741c25b511,946688517,946688509,6,1,0,0,28.1126,352,
run6-tbt-10s,1,nazionale,10,none,true,100,355,4,1,m1,1VLpfZJuzKm3UcPtfYMsf5T37jtkxjR3ZhRF3w,805768,3,306,1.0,805768.0,1142090.0,0.705521,4.9123305e-07,0.39581987,0.67312793,0.42938032,-1.0,5.000,9.094,9.0938,-0.0002,1,,1,1,1,1,1,m1,1VLpfZJuzKm3UcPtfYMsf5T37jtkxjR3ZhRF3w,00722e9ce9ae0dd5dbda9da1df6557bc4f2a3e45e82735636538e3b5625153c1,946688527,946688517,9,1,0,0,116.2736,355,9
run6-tbt-10s,1,nazionale,10,none,true,100,355,4,1,m2,1AagzGnptAGnvYUunCiqyFBo5P7Zyq7h7kcijs,259890,3,306,1.0,259890.0,1142090.0,0.227556,4.43132402e-06,1.1516568,0.3161126,0.9936606,-1.0,5.000,14.737,14.7366,-0.0004,1,,0,2,2,0,0,m1,1VLpfZJuzKm3UcPtfYMsf5T37jtkxjR3ZhRF3w,00722e9ce9ae0dd5dbda9da1df6557bc4f2a3e45e82735636538e3b5625153c1,946688527,946688517,9,1,0,0,26.4143,355,
run6-tbt-10s,1,nazionale,10,none,true,100,355,4,1,m3,1CsyzTjErfmoC3PFDMJbGZZqJu6EUYCh2wKkBq,76432,2,206,1.0,76432.0,1142090.0,0.066923,6.05395891e-06,0.46271619,0.62957129,0.99900639,-1.0,5.000,14.79,14.7901,0.0001,1,,0,3,3,0,0,m1,1VLpfZJuzKm3UcPtfYMsf5T37jtkxjR3ZhRF3w,00722e9ce9ae0dd5dbda9da1df6557bc4f2a3e45e82735636538e3b5625153c1,946688527,946688517,9,1,0,0,28.1126,355,
run6-tbt-10s,1,nazionale,10,none,true,100,356,4,1,m1,1VLpfZJuzKm3UcPtfYMsf5T37jtkxjR3ZhRF3w,805768,3,306,1.0,805768.0,1142090.0,0.705521,8.68568342e-08,0.06998646,0.93240645,0.0944369,-0.833,5.000,5.778,5.7778,-0.0002,1,,1,1,1,1,1,m1,1VLpfZJuzKm3UcPtfYMsf5T37jtkxjR3ZhRF3w,0051310406a1456be5737760aab5c578427efd439208d463b9f35ed8126fff80,946688533,946688527,5,1,0,0,116.2736,355,10
run6-tbt-10s,1,nazionale,10,none,true,100,356,4,1,m2,1AagzGnptAGnvYUunCiqyFBo5P7Zyq7h7kcijs,259890,3,306,1.0,259890.0,1142090.0,0.227556,7.86442398e-06,2.04388515,0.12952451,0.99987433,-0.833,5.000,14.832,14.8321,0.0001,1,,0,3,3,0,0,m1,1VLpfZJuzKm3UcPtfYMsf5T37jtkxjR3ZhRF3w,0051310406a1456be5737760aab5c578427efd439208d463b9f35ed8126fff80,946688533,946688527,5,1,0,0,26.4143,355,
run6-tbt-10s,1,nazionale,10,none,true,100,356,4,1,m3,1CsyzTjErfmoC3PFDMJbGZZqJu6EUYCh2wKkBq,76432,2,206,1.0,76432.0,1142090.0,0.066923,5.08305875e-06,0.38850835,0.67806756,0.99698848,-0.833,5.000,14.803,14.8033,0.0003,1,,0,2,2,0,0,m1,1VLpfZJuzKm3UcPtfYMsf5T37jtkxjR3ZhRF3w,0051310406a1456be5737760aab5c578427efd439208d463b9f35ed8126fff80,946688533,946688527,5,1,0,0,28.1126,355,
run6-tbt-10s,1,nazionale,10,none,true,100,357,4,1,m1,1VLpfZJuzKm3UcPtfYMsf5T37jtkxjR3ZhRF3w,805768,3,306,1.0,805768.0,1142090.0,0.705521,8.5895616e-07,0.69211939,0.50051416,0.62506599,-0.583,5.000,11.134,11.1341,0.0001,1,,1,1,1,1,1,m1,1VLpfZJuzKm3UcPtfYMsf5T37jtkxjR3ZhRF3w,0093930b74e9a7906f08b76e285a65237bfba812338d9e8fc853289646207e1f,946688546,946688533,11,1,0,0,116.2736,355,11
run6-tbt-10s,1,nazionale,10,none,true,100,357,4,1,m2,1AagzGnptAGnvYUunCiqyFBo5P7Zyq7h7kcijs,259890,3,306,1.0,259890.0,1142090.0,0.227556,2.18540408e-06,0.56796467,0.56667764,0.91758008,-0.583,5.000,14.059,14.0592,0.0002,1,,0,2,2,0,0,m1,1VLpfZJuzKm3UcPtfYMsf5T37jtkxjR3ZhRF3w,0093930b74e9a7906f08b76e285a65237bfba812338d9e8fc853289646207e1f,946688546,946688533,11,1,0,0,26.4143,355,
run6-tbt-10s,1,nazionale,10,none,true,100,357,4,1,m3,1CsyzTjErfmoC3PFDMJbGZZqJu6EUYCh2wKkBq,76432,2,206,1.0,76432.0,1142090.0,0.066923,5.3748393e-06,0.41080972,0.6631131,0.99784195,-0.583,5.000,14.862,14.8618,-0.0002,1,,0,3,3,0,0,m1,1VLpfZJuzKm3UcPtfYMsf5T37jtkxjR3ZhRF3w,0093930b74e9a7906f08b76e285a65237bfba812338d9e8fc853289646207e1f,946688546,946688533,11,1,0,0,28.1126,355,
run6-tbt-10s,1,nazionale,10,none,true,100,358,4,1,m1,1VLpfZJuzKm3UcPtfYMsf5T37jtkxjR3ZhRF3w,805768,3,306,1.0,805768.0,1142090.0,0.705521,1.52962135e-06,1.23251994,0.29155695,0.82569789,-0.417,5.000,13.174,13.1736,-0.0004,1,,1,1,1,1,1,m1,1VLpfZJuzKm3UcPtfYMsf5T37jtkxjR3ZhRF3w,0052e8204ca83efc740745f7a93a25b22db5693a5199a1db76d5d22e8e40a6c9,946688559,946688546,13,1,0,0,116.8356,358,12
run6-tbt-10s,1,nazionale,10,none,true,100,358,4,1,m2,1AagzGnptAGnvYUunCiqyFBo5P7Zyq7h7kcijs,259890,3,306,1.0,259890.0,1142090.0,0.227556,2.64320179e-06,0.68694171,0.50311238,0.95113893,-0.417,5.000,14.428,14.428,-0.0,1,,0,2,2,0,0,m1,1VLpfZJuzKm3UcPtfYMsf5T37jtkxjR3ZhRF3w,0052e8204ca83efc740745f7a93a25b22db5693a5199a1db76d5d22e8e40a6c9,946688559,946688546,13,1,0,0,26.4143,358,
run6-tbt-10s,1,nazionale,10,none,true,100,358,4,1,m3,1CsyzTjErfmoC3PFDMJbGZZqJu6EUYCh2wKkBq,76432,2,206,1.0,76432.0,1142090.0,0.066923,6.59042496e-06,0.50371936,0.60427894,0.99946157,-0.417,5.000,14.911,14.9112,0.0002,1,,0,3,3,0,0,m1,1VLpfZJuzKm3UcPtfYMsf5T37jtkxjR3ZhRF3w,0052e8204ca83efc740745f7a93a25b22db5693a5199a1db76d5d22e8e40a6c9,946688559,946688546,13,1,0,0,28.1126,358,
run6-tbt-10s,1,nazionale,10,none,true,100,359,4,1,m1,1VLpfZJuzKm3UcPtfYMsf5T37jtkxjR3ZhRF3w,805768,3,306,1.0,805768.0,1142090.0,0.705521,5.98624877e-07,0.48235277,0.61732925,0.49524569,-0.417,5.000,9.869,9.8691,0.0001,1,,1,1,1,1,1,m1,1VLpfZJuzKm3UcPtfYMsf5T37jtkxjR3ZhRF3w,00cf595f8848736443cf3c86e1df454e568564a1e8d7315f78d8b24de1d31a14,946688569,946688559,9,1,0,0,116.8356,358,13
run6-tbt-10s,1,nazionale,10,none,true,100,359,4,1,m2,1AagzGnptAGnvYUunCiqyFBo5P7Zyq7h7kcijs,259890,3,306,1.0,259890.0,1142090.0,0.227556,1.38157383e-06,0.35905722,0.69833439,0.79358811,-0.417,5.000,12.853,12.8525,-0.0005,1,,0,2,2,0,0,m1,1VLpfZJuzKm3UcPtfYMsf5T37jtkxjR3ZhRF3w,00cf595f8848736443cf3c86e1df454e568564a1e8d7315f78d8b24de1d31a14,946688569,946688559,9,1,0,0,26.4143,358,
run6-tbt-10s,1,nazionale,10,none,true,100,359,4,1,m3,1CsyzTjErfmoC3PFDMJbGZZqJu6EUYCh2wKkBq,76432,2,206,1.0,76432.0,1142090.0,0.066923,8.47483796e-06,0.64774881,0.52322232,0.99993742,-0.417,5.000,14.916,14.916,-0.0,1,,0,3,3,0,0,m1,1VLpfZJuzKm3UcPtfYMsf5T37jtkxjR3ZhRF3w,00cf595f8848736443cf3c86e1df454e568564a1e8d7315f78d8b24de1d31a14,946688569,946688559,9,1,0,0,28.1126,358,
run6-tbt-10s,1,nazionale,10,none,true,100,360,4,1,m1,1VLpfZJuzKm3UcPtfYMsf5T37jtkxjR3ZhRF3w,805768,3,306,1.0,805768.0,1142090.0,0.705521,8.47530168e-07,0.68291269,0.50514352,0.62014122,0.0,5.000,11.201,11.2014,0.0004,1,,1,1,1,1,1,m1,1VLpfZJuzKm3UcPtfYMsf5T37jtkxjR3ZhRF3w,00f0d35a41251e85a0a0c0d1429e18972d67868db80815a2001ed585b9c9a47a,946688581,946688569,11,1,0,0,117.3412,360,14
run6-tbt-10s,1,nazionale,10,none,true,100,360,4,1,m2,1AagzGnptAGnvYUunCiqyFBo5P7Zyq7h7kcijs,259890,3,306,1.0,259890.0,1142090.0,0.227556,5.69860264e-06,1.48100984,0.22740793,0.99850901,0.0,5.000,14.985,14.9851,0.0001,1,,0,3,3,0,0,m1,1VLpfZJuzKm3UcPtfYMsf5T37jtkxjR3ZhRF3w,00f0d35a41251e85a0a0c0d1429e18972d67868db80815a2001ed585b9c9a47a,946688581,946688569,11,1,0,0,26.4143,360,
run6-tbt-10s,1,nazionale,10,none,true,100,360,4,1,m3,1CsyzTjErfmoC3PFDMJbGZZqJu6EUYCh2wKkBq,76432,2,206,1.0,76432.0,1142090.0,0.066923,4.0035465e-06,0.30599907,0.73638731,0.98966698,0.0,5.000,14.897,14.8967,-0.0003,1,,0,2,2,0,0,m1,1VLpfZJuzKm3UcPtfYMsf5T37jtkxjR3ZhRF3w,00f0d35a41251e85a0a0c0d1429e18972d67868db80815a2001ed585b9c9a47a,946688581,946688569,11,1,0,0,28.1126,360,
run6-tbt-10s,1,nazionale,10,none,true,100,361,4,1,m1,1VLpfZJuzKm3UcPtfYMsf5T37jtkxjR3ZhRF3w,805768,3,306,1.0,805768.0,1142090.0,0.705521,1.56210336e-06,1.2586929,0.28402503,0.83204558,-0.5,5.000,13.22,13.2205,0.0005,1,,0,2,2,0,0,m2,1AagzGnptAGnvYUunCiqyFBo5P7Zyq7h7kcijs,00a88aa69968daf75d0684572708ece7e2a3bcc974c846573171c9b3408ad184,946688593,946688581,10,1,0,0,117.3412,360,
run6-tbt-10s,1,nazionale,10,none,true,100,361,4,1,m2,1AagzGnptAGnvYUunCiqyFBo5P7Zyq7h7kcijs,259890,3,306,1.0,259890.0,1142090.0,0.227556,6.98987779e-07,0.18165993,0.83388487,0.54990966,-0.5,5.000,10.399,10.3991,0.0001,1,,1,1,1,1,1,m2,1AagzGnptAGnvYUunCiqyFBo5P7Zyq7h7kcijs,00a88aa69968daf75d0684572708ece7e2a3bcc974c846573171c9b3408ad184,946688593,946688581,10,1,0,0,26.4143,360,1
run6-tbt-10s,1,nazionale,10,none,true,100,361,4,1,m3,1CsyzTjErfmoC3PFDMJbGZZqJu6EUYCh2wKkBq,76432,2,206,1.0,76432.0,1142090.0,0.066923,3.13692942e-05,2.39761789,0.09093431,1.0,-0.5,5.000,14.9,14.9,-0.0,1,,0,3,3,0,0,m2,1AagzGnptAGnvYUunCiqyFBo5P7Zyq7h7kcijs,00a88aa69968daf75d0684572708ece7e2a3bcc974c846573171c9b3408ad184,946688593,946688581,10,1,0,0,28.1126,360,
run6-tbt-10s,1,nazionale,10,none,true,100,362,4,1,m1,1VLpfZJuzKm3UcPtfYMsf5T37jtkxjR3ZhRF3w,805768,3,306,1.0,805768.0,1142090.0,0.705521,2.98776409e-08,0.02407445,0.97621303,0.03354733,-0.583,5.000,5.219,5.2189,-0.0001,1,,1,1,1,1,1,m1,1VLpfZJuzKm3UcPtfYMsf5T37jtkxjR3ZhRF3w,0065943005b1a5ef0e7363065deeffa7a74c3306570231c3f278354f44a47ccf,946688600,946688593,5,1,0,0,117.3412,360,1
run6-tbt-10s,1,nazionale,10,none,true,100,362,4,1,m2,1AagzGnptAGnvYUunCiqyFBo5P7Zyq7h7kcijs,259890,3,306,1.0,259890.0,1142090.0,0.227556,8.02362758e-07,0.20852606,0.81177988,0.6000319,-0.583,5.000,10.884,10.8837,-0.0003,1,,0,3,3,0,0,m1,1VLpfZJuzKm3UcPtfYMsf5T37jtkxjR3ZhRF3w,0065943005b1a5ef0e7363065deeffa7a74c3306570231c3f278354f44a47ccf,946688600,946688593,5,1,0,0,26.4143,360,
run6-tbt-10s,1,nazionale,10,none,true,100,362,4,1,m3,1CsyzTjErfmoC3PFDMJbGZZqJu6EUYCh2wKkBq,76432,2,206,1.0,76432.0,1142090.0,0.066923,2.52746525e-07,0.01931792,0.98086747,0.25073255,-0.583,5.000,7.391,7.3907,-0.0003,1,,0,2,2,0,0,m1,1VLpfZJuzKm3UcPtfYMsf5T37jtkxjR3ZhRF3w,0065943005b1a5ef0e7363065deeffa7a74c3306570231c3f278354f44a47ccf,946688600,946688593,5,1,0,0,28.1126,360,
run6-tbt-10s,1,nazionale,10,none,true,100,363,4,1,m1,1VLpfZJuzKm3UcPtfYMsf5T37jtkxjR3ZhRF3w,805768,3,306,1.0,805768.0,1142090.0,0.705521,1.0419851e-06,0.83959825,0.431884,0.69579114,-0.583,5.000,11.841,11.8413,0.0003,1,,1,1,1,1,1,m1,1VLpfZJuzKm3UcPtfYMsf5T37jtkxjR3ZhRF3w,00ff7bcd79e883bceef176c989a6c46a7b730a3dd12a8d29a378d752c0e1855a,946688612,946688600,11,1,0,0,117.7342,363,2
run6-tbt-10s,1,nazionale,10,none,true,100,363,4,1,m2,1AagzGnptAGnvYUunCiqyFBo5P7Zyq7h7kcijs,259890,3,306,1.0,259890.0,1142090.0,0.227556,3.09266812e-06,0.80375352,0.44764556,0.97075672,-0.583,5.000,14.591,14.591,-0.0,1,,0,2,2,0,0,m1,1VLpfZJuzKm3UcPtfYMsf5T37jtkxjR3ZhRF3w,00ff7bcd79e883bceef176c989a6c46a7b730a3dd12a8d29a378d752c0e1855a,946688612,946688600,11,1,0,0,26.6385,363,
run6-tbt-10s,1,nazionale,10,none,true,100,363,4,1,m3,1CsyzTjErfmoC3PFDMJbGZZqJu6EUYCh2wKkBq,76432,2,206,1.0,76432.0,1142090.0,0.066923,3.88135846e-06,0.29665999,0.7432967,0.98811955,-0.583,5.000,14.765,14.7646,-0.0004,1,,0,3,3,0,0,m1,1VLpfZJuzKm3UcPtfYMsf5T37jtkxjR3ZhRF3w,00ff7bcd79e883bceef176c989a6c46a7b730a3dd12a8d29a378d752c0e1855a,946688612,946688600,11,1,0,0,28.1126,363,
run6-tbt-10s,1,nazionale,10,none,true,100,364,4,1,m1,1VLpfZJuzKm3UcPtfYMsf5T37jtkxjR3ZhRF3w,805768,3,306,1.0,805768.0,1142090.0,0.705521,1.09877207e-06,0.88535537,0.41256753,0.71489467,-0.417,5.000,12.066,12.0655,-0.0005,1,,1,1,1,1,1,m1,1VLpfZJuzKm3UcPtfYMsf5T37jtkxjR3ZhRF3w,00a8669f93b605993255687324646b08b268cfa046f731ce99ac442cdcbbc0ed,946688624,946688612,12,1,0,0,117.7342,363,3
run6-tbt-10s,1,nazionale,10,none,true,100,364,4,1,m2,1AagzGnptAGnvYUunCiqyFBo5P7Zyq7h7kcijs,259890,3,306,1.0,259890.0,1142090.0,0.227556,2.91169848e-06,0.75672132,0.46920227,0.96404265,-0.417,5.000,14.557,14.557,0.0,1,,0,2,2,0,0,m1,1VLpfZJuzKm3UcPtfYMsf5T37jtkxjR3ZhRF3w,00a8669f93b605993255687324646b08b268cfa046f731ce99ac442cdcbbc0ed,946688624,946688612,12,1,0,0,26.6385,363,
run6-tbt-10s,1,nazionale,10,none,true,100,364,4,1,m3,1CsyzTjErfmoC3PFDMJbGZZqJu6EUYCh2wKkBq,76432,2,206,1.0,76432.0,1142090.0,0.066923,3.4404164e-06,0.26295791,0.76877426,0.98034189,-0.417,5.000,14.72,14.72,0.0,1,,0,3,3,0,0,m1,1VLpfZJuzKm3UcPtfYMsf5T37jtkxjR3ZhRF3w,00a8669f93b605993255687324646b08b268cfa046f731ce99ac442cdcbbc0ed,946688624,946688612,12,1,0,0,28.1126,363,
run6-tbt-10s,1,nazionale,10,none,true,100,365,4,1,m1,1VLpfZJuzKm3UcPtfYMsf5T37jtkxjR3ZhRF3w,805768,3,306,1.0,805768.0,1142090.0,0.705521,1.09359369e-06,0.8811828,0.4142926,0.71320351,-0.5,5.000,12.032,12.032,0.0,1,,0,2,2,0,0,m2,1AagzGnptAGnvYUunCiqyFBo5P7Zyq7h7kcijs,00553be720ecff0b72206859d2fd8697b7b8db3c19f9c267ce0484564b18e601,946688634,946688624,9,1,0,0,117.7342,363,
run6-tbt-10s,1,nazionale,10,none,true,100,365,4,1,m2,1AagzGnptAGnvYUunCiqyFBo5P7Zyq7h7kcijs,259890,3,306,1.0,259890.0,1142090.0,0.227556,4.83959471e-07,0.12577623,0.88181215,0.42462039,-0.5,5.000,9.146,9.1462,0.0002,1,,1,1,1,1,1,m2,1AagzGnptAGnvYUunCiqyFBo5P7Zyq7h7kcijs,00553be720ecff0b72206859d2fd8697b7b8db3c19f9c267ce0484564b18e601,946688634,946688624,9,1,0,0,26.6385,363,1
run6-tbt-10s,1,nazionale,10,none,true,100,365,4,1,m3,1CsyzTjErfmoC3PFDMJbGZZqJu6EUYCh2wKkBq,76432,2,206,1.0,76432.0,1142090.0,0.066923,2.49088379e-06,0.19038323,0.82664228,0.94185489,-0.5,5.000,14.319,14.3185,-0.0005,1,,0,3,3,0,0,m2,1AagzGnptAGnvYUunCiqyFBo5P7Zyq7h7kcijs,00553be720ecff0b72206859d2fd8697b7b8db3c19f9c267ce0484564b18e601,946688634,946688624,9,1,0,0,28.1126,363,
run6-tbt-10s,1,nazionale,10,none,true,100,366,4,1,m1,1VLpfZJuzKm3UcPtfYMsf5T37jtkxjR3ZhRF3w,805768,3,306,1.0,805768.0,1142090.0,0.705521,4.32575864e-07,0.34855579,0.70570654,0.38984397,-0.417,5.000,8.815,8.815,0.0,1,,1,1,1,1,1,m1,1VLpfZJuzKm3UcPtfYMsf5T37jtkxjR3ZhRF3w,00ba3415bcb6aad0beefc944b44cd93c0ccca6e8a06667c45acf278d46f7a162,946688646,946688634,8,1,0,0,118.2394,366,1
run6-tbt-10s,1,nazionale,10,none,true,100,366,4,1,m2,1AagzGnptAGnvYUunCiqyFBo5P7Zyq7h7kcijs,259890,3,306,1.0,259890.0,1142090.0,0.227556,2.15799423e-06,0.56084112,0.57072881,0.91495916,-0.417,5.000,14.066,14.0662,0.0002,1,,0,2,2,0,0,m1,1VLpfZJuzKm3UcPtfYMsf5T37jtkxjR3ZhRF3w,00ba3415bcb6aad0beefc944b44cd93c0ccca6e8a06667c45acf278d46f7a162,946688646,946688634,8,1,0,0,26.8071,366,
run6-tbt-10s,1,nazionale,10,none,true,100,366,4,1,m3,1CsyzTjErfmoC3PFDMJbGZZqJu6EUYCh2wKkBq,76432,2,206,1.0,76432.0,1142090.0,0.066923,6.86589093e-06,0.52477378,0.5916892,0.99960691,-0.417,5.000,14.913,14.9127,-0.0003,1,,0,3,3,0,0,m1,1VLpfZJuzKm3UcPtfYMsf5T37jtkxjR3ZhRF3w,00ba3415bcb6aad0beefc944b44cd93c0ccca6e8a06667c45acf278d46f7a162,946688646,946688634,8,1,0,0,28.1126,366,
run6-tbt-10s,1,nazionale,10,none,true,100,367,4,1,m1,1VLpfZJuzKm3UcPtfYMsf5T37jtkxjR3ZhRF3w,805768,3,306,1.0,805768.0,1142090.0,0.705521,9.2583496e-07,0.74600818,0.47425592,0.65263766,-0.75,5.000,11.376,11.3764,0.0004,1,,1,1,1,1,1,m1,1VLpfZJuzKm3UcPtfYMsf5T37jtkxjR3ZhRF3w,00298a4d0e0aa89ab2c88cba55262d5d86fd73f12e53591fbddda5163cf79338,946688658,946688646,11,1,0,0,118.2394,366,2
run6-tbt-10s,1,nazionale,10,none,true,100,367,4,1,m2,1AagzGnptAGnvYUunCiqyFBo5P7Zyq7h7kcijs,259890,3,306,1.0,259890.0,1142090.0,0.227556,4.12881922e-06,1.07303883,0.34196776,0.99104446,-0.75,5.000,14.76,14.7604,0.0004,1,,0,2,2,0,0,m1,1VLpfZJuzKm3UcPtfYMsf5T37jtkxjR3ZhRF3w,00298a4d0e0aa89ab2c88cba55262d5d86fd73f12e53591fbddda5163cf79338,946688658,946688646,11,1,0,0,26.8071,366,
run6-tbt-10s,1,nazionale,10,none,true,100,367,4,1,m3,1CsyzTjErfmoC3PFDMJbGZZqJu6EUYCh2wKkBq,76432,2,206,1.0,76432.0,1142090.0,0.066923,1.07850823e-05,0.82432541,0.43853072,0.99999553,-0.75,5.000,14.85,14.85,-0.0,1,,0,3,3,0,0,m1,1VLpfZJuzKm3UcPtfYMsf5T37jtkxjR3ZhRF3w,00298a4d0e0aa89ab2c88cba55262d5d86fd73f12e53591fbddda5163cf79338,946688658,946688646,11,1,0,0,28.1126,366,
run6-tbt-10s,1,nazionale,10,none,true,100,368,4,1,m1,1VLpfZJuzKm3UcPtfYMsf5T37jtkxjR3ZhRF3w,805768,3,306,1.0,805768.0,1142090.0,0.705521,7.30250072e-07,0.58841214,0.55520818,0.56569634,-0.917,5.000,10.474,10.4736,-0.0004,1,,1,1,1,1,1,m1,1VLpfZJuzKm3UcPtfYMsf5T37jtkxjR3ZhRF3w,005252a3db4a271afb110fceb16349a11f0ca5fc6da22d4e84d598eafbf41ed1,946688669,946688658,10,1,0,0,118.2394,366,3
run6-tbt-10s,1,nazionale,10,none,true,100,368,4,1,m2,1AagzGnptAGnvYUunCiqyFBo5P7Zyq7h7kcijs,259890,3,306,1.0,259890.0,1142090.0,0.227556,7.93649056e-07,0.20626145,0.81362032,0.59603161,-0.917,5.000,10.777,10.7769,-0.0001,1,,0,2,2,0,0,m1,1VLpfZJuzKm3UcPtfYMsf5T37jtkxjR3ZhRF3w,005252a3db4a271afb110fceb16349a11f0ca5fc6da22d4e84d598eafbf41ed1,946688669,946688658,10,1,0,0,26.8071,366,
run6-tbt-10s,1,nazionale,10,none,true,100,368,4,1,m3,1CsyzTjErfmoC3PFDMJbGZZqJu6EUYCh2wKkBq,76432,2,206,1.0,76432.0,1142090.0,0.066923,9.39105115e-06,0.71777682,0.4878356,0.99997802,-0.917,5.000,14.816,14.8164,0.0004,1,,0,3,3,0,0,m1,1VLpfZJuzKm3UcPtfYMsf5T37jtkxjR3ZhRF3w,005252a3db4a271afb110fceb16349a11f0ca5fc6da22d4e84d598eafbf41ed1,946688669,946688658,10,1,0,0,28.1126,366,
run6-tbt-10s,1,nazionale,10,none,true,100,369,4,1,m1,1VLpfZJuzKm3UcPtfYMsf5T37jtkxjR3ZhRF3w,805768,3,306,1.0,805768.0,1142090.0,0.705521,7.3038658e-07,0.58852213,0.55514711,0.56576404,-1.333,5.000,10.391,10.391,0.0,1,,1,1,1,1,1,m1,1VLpfZJuzKm3UcPtfYMsf5T37jtkxjR3ZhRF3w,002e657897eae54711ba9b0429a63c2ffce81e7049894a6b8a68a5b4c0b4e039,946688680,946688669,10,1,0,0,118.9694,369,4
run6-tbt-10s,1,nazionale,10,none,true,100,369,4,1,m2,1AagzGnptAGnvYUunCiqyFBo5P7Zyq7h7kcijs,259890,3,306,1.0,259890.0,1142090.0,0.227556,1.16635794e-05,3.03124765,0.04825539,0.99999836,-1.333,5.000,14.733,14.7334,0.0004,1,,0,2,2,0,0,m1,1VLpfZJuzKm3UcPtfYMsf5T37jtkxjR3ZhRF3w,002e657897eae54711ba9b0429a63c2ffce81e7049894a6b8a68a5b4c0b4e039,946688680,946688669,10,1,0,0,26.8071,369,
run6-tbt-10s,1,nazionale,10,none,true,100,369,4,1,m3,1CsyzTjErfmoC3PFDMJbGZZqJu6EUYCh2wKkBq,76432,2,206,1.0,76432.0,1142090.0,0.066923,1.49791145e-05,1.14488368,0.31826094,0.99999996,-1.333,5.000,14.733,14.7334,0.0004,1,,0,3,3,0,0,m1,1VLpfZJuzKm3UcPtfYMsf5T37jtkxjR3ZhRF3w,002e657897eae54711ba9b0429a63c2ffce81e7049894a6b8a68a5b4c0b4e039,946688680,946688669,10,1,0,0,28.1126,369,
run6-tbt-10s,1,nazionale,10,none,true,100,370,4,1,m1,1VLpfZJuzKm3UcPtfYMsf5T37jtkxjR3ZhRF3w,805768,3,306,1.0,805768.0,1142090.0,0.705521,1.41599261e-06,1.14096153,0.31951165,0.80154462,-1.167,5.000,12.782,12.782,0.0,1,,0,2,2,0,0,m2,1AagzGnptAGnvYUunCiqyFBo5P7Zyq7h7kcijs,007ea6ef88aa52fba28e8c514d15da46d1c8bab57cbc07ae56d134ab2ce1e5c1,946688692,946688680,10,1,0,0,118.9694,369,
run6-tbt-10s,1,nazionale,10,none,true,100,370,4,1,m2,1AagzGnptAGnvYUunCiqyFBo5P7Zyq7h7kcijs,259890,3,306,1.0,259890.0,1142090.0,0.227556,7.76736394e-07,0.20186602,0.81720441,0.5881528,-1.167,5.000,10.648,10.6481,0.0001,1,,1,1,1,1,1,m2,1AagzGnptAGnvYUunCiqyFBo5P7Zyq7h7kcijs,007ea6ef88aa52fba28e8c514d15da46d1c8bab57cbc07ae56d134ab2ce1e5c1,946688692,946688680,10,1,0,0,26.8071,369,1
run6-tbt-10s,1,nazionale,10,none,true,100,370,4,1,m3,1CsyzTjErfmoC3PFDMJbGZZqJu6EUYCh2wKkBq,76432,2,206,1.0,76432.0,1142090.0,0.066923,1.84940595e-06,0.1413538,0.8681821,0.87902702,-1.167,5.000,13.557,13.5569,-0.0001,1,,0,3,3,0,0,m2,1AagzGnptAGnvYUunCiqyFBo5P7Zyq7h7kcijs,007ea6ef88aa52fba28e8c514d15da46d1c8bab57cbc07ae56d134ab2ce1e5c1,946688692,946688680,10,1,0,0,28.1126,369,
run6-tbt-10s,1,nazionale,10,none,true,100,371,4,1,m1,1VLpfZJuzKm3UcPtfYMsf5T37jtkxjR3ZhRF3w,805768,3,306,1.0,805768.0,1142090.0,0.705521,2.02465823e-06,1.63140481,0.19565452,0.90097094,-1.083,5.000,13.793,13.7931,0.0001,1,,0,2,2,0,0,m2,1AagzGnptAGnvYUunCiqyFBo5P7Zyq7h7kcijs,0084d7269a987a10cee11c5073dce8796f89aa2ef2fa41612f8dbbc05e23439a,946688702,946688692,9,1,0,0,119.138,371,
run6-tbt-10s,1,nazionale,10,none,true,100,371,4,1,m2,1AagzGnptAGnvYUunCiqyFBo5P7Zyq7h7kcijs,259890,3,306,1.0,259890.0,1142090.0,0.227556,6.0059083e-07,0.15608755,0.85548429,0.49637774,-1.083,5.000,9.747,9.7472,0.0002,1,,1,1,1,1,1,m2,1AagzGnptAGnvYUunCiqyFBo5P7Zyq7h7kcijs,0084d7269a987a10cee11c5073dce8796f89aa2ef2fa41612f8dbbc05e23439a,946688702,946688692,9,1,0,0,27.0313,371,2
run6-tbt-10s,1,nazionale,10,none,true,100,371,4,1,m3,1CsyzTjErfmoC3PFDMJbGZZqJu6EUYCh2wKkBq,76432,2,206,1.0,76432.0,1142090.0,0.066923,1.60524178e-05,1.2269184,0.2931947,0.99999999,-1.083,5.000,14.783,14.7834,0.0004,1,,0,3,3,0,0,m2,1AagzGnptAGnvYUunCiqyFBo5P7Zyq7h7kcijs,0084d7269a987a10cee11c5073dce8796f89aa2ef2fa41612f8dbbc05e23439a,946688702,946688692,9,1,0,0,28.1126,371,
run6-tbt-10s,1,nazionale,10,none,true,100,372,4,1,m1,1VLpfZJuzKm3UcPtfYMsf5T37jtkxjR3ZhRF3w,805768,3,306,1.0,805768.0,1142090.0,0.705521,1.5796924e-06,1.27286559,0.28002803,0.83538583,-1.083,5.000,13.137,13.1373,0.0003,1,,1,1,1,1,1,m1,1VLpfZJuzKm3UcPtfYMsf5T37jtkxjR3ZhRF3w,00f29feda01e8c29b9f1426820aeed3336f790599400cd602600adef4d6c908c,946688716,946688702,13,1,0,0,119.138,371,1
run6-tbt-10s,1,nazionale,10,none,true,100,372,4,1,m2,1AagzGnptAGnvYUunCiqyFBo5P7Zyq7h7kcijs,259890,3,306,1.0,259890.0,1142090.0,0.227556,3.05046012e-06,0.79278408,0.45258301,0.9693125,-1.083,5.000,14.476,14.4765,0.0005,1,,0,2,2,0,0,m1,1VLpfZJuzKm3UcPtfYMsf5T37jtkxjR3ZhRF3w,00f29feda01e8c29b9f1426820aeed3336f790599400cd602600adef4d6c908c,946688716,946688702,13,1,0,0,27.0313,371,
run6-tbt-10s,1,nazionale,10,none,true,100,372,4,1,m3,1CsyzTjErfmoC3PFDMJbGZZqJu6EUYCh2wKkBq,76432,2,206,1.0,76432.0,1142090.0,0.066923,4.25572863e-06,0.32527385,0.72232952,0.99225281,-1.083,5.000,14.706,14.7059,-0.0001,1,,0,3,3,0,0,m1,1VLpfZJuzKm3UcPtfYMsf5T37jtkxjR3ZhRF3w,00f29feda01e8c29b9f1426820aeed3336f790599400cd602600adef4d6c908c,946688716,946688702,13,1,0,0,28.1126,371,
run6-tbt-10s,1,nazionale,10,none,true,100,373,4,1,m1,1VLpfZJuzKm3UcPtfYMsf5T37jtkxjR3ZhRF3w,805768,3,306,1.0,805768.0,1142090.0,0.705521,5.01912872e-07,0.40442533,0.66736021,0.43629808,-1.25,5.000,9.113,9.113,-0.0,1,,1,1,1,1,1,m1,1VLpfZJuzKm3UcPtfYMsf5T37jtkxjR3ZhRF3w,00d348aeaabfc7bb1a4ef5fce40681f40801a290fef4a0ed95008c7c8ec378e0,946688726,946688716,9,1,0,0,119.138,371,2
run6-tbt-10s,1,nazionale,10,none,true,100,373,4,1,m2,1AagzGnptAGnvYUunCiqyFBo5P7Zyq7h7kcijs,259890,3,306,1.0,259890.0,1142090.0,0.227556,1.51145558e-06,0.39281219,0.67515554,0.82204388,-1.25,5.000,12.97,12.9704,0.0004,1,,0,2,2,0,0,m1,1VLpfZJuzKm3UcPtfYMsf5T37jtkxjR3ZhRF3w,00d348aeaabfc7bb1a4ef5fce40681f40801a290fef4a0ed95008c7c8ec378e0,946688726,946688716,9,1,0,0,27.0313,371,
run6-tbt-10s,1,nazionale,10,none,true,100,373,4,1,m3,1CsyzTjErfmoC3PFDMJbGZZqJu6EUYCh2wKkBq,76432,2,206,1.0,76432.0,1142090.0,0.066923,1.63000001e-06,0.12458416,0.88286396,0.84457729,-1.25,5.000,13.196,13.1958,-0.0002,1,,0,3,3,0,0,m1,1VLpfZJuzKm3UcPtfYMsf5T37jtkxjR3ZhRF3w,00d348aeaabfc7bb1a4ef5fce40681f40801a290fef4a0ed95008c7c8ec378e0,946688726,946688716,9,1,0,0,28.1126,371,
run6-tbt-10s,1,nazionale,10,none,true,100,374,4,1,m1,1VLpfZJuzKm3UcPtfYMsf5T37jtkxjR3ZhRF3w,805768,3,306,1.0,805768.0,1142090.0,0.705521,9.23849086e-07,0.74440803,0.47501541,0.65184894,-1.083,5.000,11.302,11.3019,-0.0001,1,,1,1,1,1,1,m1,1VLpfZJuzKm3UcPtfYMsf5T37jtkxjR3ZhRF3w,000d30d6c9510c9c574f7912c71976ea926dc9b4185e52403269c72fbbb76cf6,946688738,946688726,11,1,0,0,119.6434,374,3
run6-tbt-10s,1,nazionale,10,none,true,100,374,4,1,m2,1AagzGnptAGnvYUunCiqyFBo5P7Zyq7h7kcijs,259890,3,306,1.0,259890.0,1142090.0,0.227556,8.97649412e-06,2.33290106,0.0970139,0.99996471,-1.083,5.000,14.783,14.783,0.0,1,,0,3,3,0,0,m1,1VLpfZJuzKm3UcPtfYMsf5T37jtkxjR3ZhRF3w,000d30d6c9510c9c574f7912c71976ea926dc9b4185e52403269c72fbbb76cf6,946688738,946688726,11,1,0,0,27.3119,374,
run6-tbt-10s,1,nazionale,10,none,true,100,374,4,1,m3,1CsyzTjErfmoC3PFDMJbGZZqJu6EUYCh2wKkBq,76432,2,206,1.0,76432.0,1142090.0,0.066923,7.68112902e-06,0.58708405,0.55594603,0.99984507,-1.083,5.000,14.782,14.7819,-0.0001,1,,0,2,2,0,0,m1,1VLpfZJuzKm3UcPtfYMsf5T37jtkxjR3ZhRF3w,000d30d6c9510c9c574f7912c71976ea926dc9b4185e52403269c72fbbb76cf6,946688738,946688726,11,1,0,0,28.1126,374,
run6-tbt-10s,1,nazionale,10,none,true,100,375,4,1,m1,1VLpfZJuzKm3UcPtfYMsf5T37jtkxjR3ZhRF3w,805768,3,306,1.0,805768.0,1142090.0,0.705521,4.97405917e-07,0.40079377,0.66978818,0.43338903,-1.5,5.000,9.034,9.0339,-0.0001,1,,1,1,1,1,1,m1,1VLpfZJuzKm3UcPtfYMsf5T37jtkxjR3ZhRF3w,0014534667c5823629ef6a9118e3c79126cb5583501469fa1371d8d02a50ad5f,946688748,946688738,9,1,0,0,119.6434,374,4
run6-tbt-10s,1,nazionale,10,none,true,100,375,4,1,m2,1AagzGnptAGnvYUunCiqyFBo5P7Zyq7h7kcijs,259890,3,306,1.0,259890.0,1142090.0,0.227556,1.25391635e-05,3.2588032,0.03843437,0.9999994,-1.5,5.000,14.7,14.7,-0.0,1,,0,2,3,0,0,m1,1VLpfZJuzKm3UcPtfYMsf5T37jtkxjR3ZhRF3w,0014534667c5823629ef6a9118e3c79126cb5583501469fa1371d8d02a50ad5f,946688748,946688738,9,1,0,0,27.3119,374,
run6-tbt-10s,1,nazionale,10,none,true,100,375,4,1,m3,1CsyzTjErfmoC3PFDMJbGZZqJu6EUYCh2wKkBq,76432,2,206,1.0,76432.0,1142090.0,0.066923,1.21723756e-05,0.93035901,0.39441209,0.99999908,-1.5,5.000,14.7,14.7,-0.0,1,,0,3,2,0,0,m1,1VLpfZJuzKm3UcPtfYMsf5T37jtkxjR3ZhRF3w,0014534667c5823629ef6a9118e3c79126cb5583501469fa1371d8d02a50ad5f,946688748,946688738,9,1,0,0,28.1126,374,
run6-tbt-10s,1,nazionale,10,none,true,100,376,4,1,m1,1VLpfZJuzKm3UcPtfYMsf5T37jtkxjR3ZhRF3w,805768,3,306,1.0,805768.0,1142090.0,0.705521,5.17241231e-07,0.41677643,0.65916827,0.44608057,-1.333,5.000,9.194,9.1942,0.0002,1,,1,1,1,1,1,m1,1VLpfZJuzKm3UcPtfYMsf5T37jtkxjR3ZhRF3w,00c8df15219a9cbfb6c4c09fe6bb769df8e6b575e3eb05ef77144955db506332,946688758,946688748,9,1,0,0,120.2608,376,5
run6-tbt-10s,1,nazionale,10,none,true,100,376,4,1,m2,1AagzGnptAGnvYUunCiqyFBo5P7Zyq7h7kcijs,259890,3,306,1.0,259890.0,1142090.0,0.227556,1.75764932e-06,0.45679548,0.63330985,0.86566166,-1.333,5.000,13.39,13.39,0.0,1,,0,2,2,0,0,m1,1VLpfZJuzKm3UcPtfYMsf5T37jtkxjR3ZhRF3w,00c8df15219a9cbfb6c4c09fe6bb769df8e6b575e3eb05ef77144955db506332,946688758,946688748,9,1,0,0,27.3119,376,
run6-tbt-10s,1,nazionale,10,none,true,100,376,4,1,m3,1CsyzTjErfmoC3PFDMJbGZZqJu6EUYCh2wKkBq,76432,2,206,1.0,76432.0,1142090.0,0.066923,2.07328477e-06,0.1584653,0.85345258,0.90632068,-1.333,5.000,13.797,13.7966,-0.0004,1,,0,3,3,0,0,m1,1VLpfZJuzKm3UcPtfYMsf5T37jtkxjR3ZhRF3w,00c8df15219a9cbfb6c4c09fe6bb769df8e6b575e3eb05ef77144955db506332,946688758,946688748,9,1,0,0,28.1126,376,
run6-tbt-10s,1,nazionale,10,none,true,100,377,4,1,m1,1VLpfZJuzKm3UcPtfYMsf5T37jtkxjR3ZhRF3w,805768,3,306,1.0,805768.0,1142090.0,0.705521,1.78283006e-06,1.43654741,0.23774719,0.86947002,-1.167,5.000,13.461,13.4613,0.0003,1,,1,2,2,0,0,m1,1VLpfZJuzKm3UcPtfYMsf5T37jtkxjR3ZhRF3w,00e50f1029df3e35e6fd183ce58e84b6c5ee75958b5c066b763effac33c4b901,946688772,946688758,13,1,0,0,120.2608,376,6
run6-tbt-10s,1,nazionale,10,none,true,100,377,4,1,m2,1AagzGnptAGnvYUunCiqyFBo5P7Zyq7h7kcijs,259890,3,306,1.0,259890.0,1142090.0,0.227556,1.64257393e-06,0.42688854,0.65253628,0.8467933,-1.167,5.000,13.235,13.2345,-0.0005,1,,0,1,1,1,1,m1,1VLpfZJuzKm3UcPtfYMsf5T37jtkxjR3ZhRF3w,00e50f1029df3e35e6fd183ce58e84b6c5ee75958b5c066b763effac33c4b901,946688772,946688758,13,1,0,0,27.3119,376,
run6-tbt-10s,1,nazionale,10,none,true,100,377,4,1,m3,1CsyzTjErfmoC3PFDMJbGZZqJu6EUYCh2wKkBq,76432,2,206,1.0,76432.0,1142090.0,0.066923,1.54348711e-05,1.17971807,0.30736538,0.99999998,-1.167,5.000,14.767,14.7666,-0.0004,1,,0,3,3,0,0,m1,1VLpfZJuzKm3UcPtfYMsf5T37jtkxjR3ZhRF3w,00e50f1029df3e35e6fd183ce58e84b6c5ee75958b5c066b763effac33c4b901,946688772,946688758,13,1,0,0,28.1126,376,
run6-tbt-10s,1,nazionale,10,none,true,100,378,4,1,m1,1VLpfZJuzKm3UcPtfYMsf5T37jtkxjR3ZhRF3w,805768,3,306,1.0,805768.0,1142090.0,0.705521,2.04955275e-07,0.1651464,0.84776958,0.20869941,-1.5,5.000,6.787,6.787,-0.0,1,,1,1,1,1,1,m1,1VLpfZJuzKm3UcPtfYMsf5T37jtkxjR3ZhRF3w,00b4c44efffdbbd0ce7dadeb41903134c228f67c2c391d7dad90f2c4d628f3a5,946688780,946688772,6,1,0,0,120.2608,376,7
run6-tbt-10s,1,nazionale,10,none,true,100,378,4,1,m2,1AagzGnptAGnvYUunCiqyFBo5P7Zyq7h7kcijs,259890,3,306,1.0,259890.0,1142090.0,0.227556,3.66578473e-07,0.09527008,0.90912736,0.34207584,-1.5,5.000,8.121,8.1208,-0.0002,1,,0,2,2,0,0,m1,1VLpfZJuzKm3UcPtfYMsf5T37jtkxjR3ZhRF3w,00b4c44efffdbbd0ce7dadeb41903134c228f67c2c391d7dad90f2c4d628f3a5,946688780,946688772,6,1,0,0,27.3119,376,
run6-tbt-10s,1,nazionale,10,none,true,100,378,4,1,m3,1CsyzTjErfmoC3PFDMJbGZZqJu6EUYCh2wKkBq,76432,2,206,1.0,76432.0,1142090.0,0.066923,1.11746812e-05,0.85410323,0.42566474,0.99999713,-1.5,5.000,14.7,14.7,-0.0,1,,0,3,3,0,0,m1,1VLpfZJuzKm3UcPtfYMsf5T37jtkxjR3ZhRF3w,00b4c44efffdbbd0ce7dadeb41903134c228f67c2c391d7dad90f2c4d628f3a5,946688780,946688772,6,1,0,0,28.1126,376,
run6-tbt-10s,1,nazionale,10,none,true,100,379,4,1,m1,1VLpfZJuzKm3UcPtfYMsf5T37jtkxjR3ZhRF3w,805768,3,306,1.0,805768.0,1142090.0,0.705521,3.26969157e-07,0.26346128,0.76838737,0.31162959,-1.167,5.000,7.883,7.8829,-0.0001,1,,1,2,2,0,0,m1,1VLpfZJuzKm3UcPtfYMsf5T37jtkxjR3ZhRF3w,00d3271d9d1b1198359c9af0f327bfa7c444c0ffcfc0a3e9a7975f8e52e7cb08,946688789,946688780,7,1,1,1,120.2608,376,8
run6-tbt-10s,1,nazionale,10,none,true,100,379,4,1,m2,1AagzGnptAGnvYUunCiqyFBo5P7Zyq7h7kcijs,259890,3,306,1.0,259890.0,1142090.0,0.227556,2.03012373e-07,0.05276089,0.94860681,0.20694159,-1.167,5.000,6.836,6.836,0.0,1,,0,1,1,1,1,m1,1VLpfZJuzKm3UcPtfYMsf5T37jtkxjR3ZhRF3w,00d3271d9d1b1198359c9af0f327bfa7c444c0ffcfc0a3e9a7975f8e52e7cb08,946688789,946688780,7,1,1,1,27.3119,376,
run6-tbt-10s,1,nazionale,10,none,true,100,379,4,1,m3,1CsyzTjErfmoC3PFDMJbGZZqJu6EUYCh2wKkBq,76432,2,206,1.0,76432.0,1142090.0,0.066923,2.1096966e-05,1.61248331,0.19939185,1.0,-1.167,5.000,14.767,14.7666,-0.0004,1,,0,3,3,0,0,m1,1VLpfZJuzKm3UcPtfYMsf5T37jtkxjR3ZhRF3w,00d3271d9d1b1198359c9af0f327bfa7c444c0ffcfc0a3e9a7975f8e52e7cb08,946688789,946688780,7,1,1,1,28.1126,376,
run6-tbt-10s,1,nazionale,10,none,true,100,380,4,1,m1,1VLpfZJuzKm3UcPtfYMsf5T37jtkxjR3ZhRF3w,805768,3,306,1.0,805768.0,1142090.0,0.705521,9.11846613e-08,0.07347368,0.9291606,0.09890185,-0.917,5.000,5.806,5.8056,-0.0004,1,,1,1,1,1,1,m1,1VLpfZJuzKm3UcPtfYMsf5T37jtkxjR3ZhRF3w,00f94342f021b2ed5e495470e17c9acb0d62832d5da45d8d1da0e4769a7f1205,946688795,946688789,5,1,0,0,120.2608,376,9
run6-tbt-10s,1,nazionale,10,none,true,100,380,4,1,m2,1AagzGnptAGnvYUunCiqyFBo5P7Zyq7h7kcijs,259890,3,306,1.0,259890.0,1142090.0,0.227556,2.12985812e-06,0.55352883,0.57491744,0.91218208,-0.833,5.000,13.955,13.9552,0.0002,1,,0,2,2,0,0,m1,1VLpfZJuzKm3UcPtfYMsf5T37jtkxjR3ZhRF3w,00f94342f021b2ed5e495470e17c9acb0d62832d5da45d8d1da0e4769a7f1205,946688795,946688789,5,1,0,0,27.3119,376,
run6-tbt-10s,1,nazionale,10,none,true,100,380,4,1,m3,1CsyzTjErfmoC3PFDMJbGZZqJu6EUYCh2wKkBq,76432,2,206,1.0,76432.0,1142090.0,0.066923,7.75924595e-06,0.59305469,0.55263657,0.99985829,-0.833,5.000,14.832,14.832,-0.0,1,,0,3,3,0,0,m1,1VLpfZJuzKm3UcPtfYMsf5T37jtkxjR3ZhRF3w,00f94342f021b2ed5e495470e17c9acb0d62832d5da45d8d1da0e4769a7f1205,946688795,946688789,5,1,0,0,28.1126,376,
run6-tbt-10s,1,nazionale,10,none,true,100,381,4,1,m1,1VLpfZJuzKm3UcPtfYMsf5T37jtkxjR3ZhRF3w,805768,3,306,1.0,805768.0,1142090.0,0.705521,8.57661079e-08,0.06910759,0.93322627,0.09330813,-0.5,5.000,5.833,5.8331,0.0001,1,,1,1,1,1,1,m1,1VLpfZJuzKm3UcPtfYMsf5T37jtkxjR3ZhRF3w,001451b16205417e03d5839375b4951809416bd0cea161cb87f81a1d588e3e3f,946688802,946688795,5,1,0,0,120.991,381,10
run6-tbt-10s,1,nazionale,10,none,true,100,381,4,1,m2,1AagzGnptAGnvYUunCiqyFBo5P7Zyq7h7kcijs,259890,3,306,1.0,259890.0,1142090.0,0.227556,7.76886213e-07,0.20190496,0.81717259,0.58822326,-0.5,5.000,10.782,10.7822,0.0002,1,,0,2,2,0,0,m1,1VLpfZJuzKm3UcPtfYMsf5T37jtkxjR3ZhRF3w,001451b16205417e03d5839375b4951809416bd0cea161cb87f81a1d588e3e3f,946688802,946688795,5,1,0,0,27.3119,381,
run6-tbt-10s,1,nazionale,10,none,true,100,381,4,1,m3,1CsyzTjErfmoC3PFDMJbGZZqJu6EUYCh2wKkBq,76432,2,206,1.0,76432.0,1142090.0,0.066923,1.66859531e-05,1.27534077,0.27933576,0.99999999,-0.5,5.000,14.9,14.9,-0.0,1,,0,3,3,0,0,m1,1VLpfZJuzKm3UcPtfYMsf5T37jtkxjR3ZhRF3w,001451b16205417e03d5839375b4951809416bd0cea161cb87f81a1d588e3e3f,946688802,946688795,5,1,0,0,28.1126,381,
run6-tbt-10s,1,nazionale,10,none,true,100,382,4,1,m1,1VLpfZJuzKm3UcPtfYMsf5T37jtkxjR3ZhRF3w,805768,3,306,1.0,805768.0,1142090.0,0.705521,1.00110561e-06,0.80665887,0.44634688,0.68125144,-0.167,5.000,11.779,11.7791,0.0001,1,,1,1,1,1,1,m1,1VLpfZJuzKm3UcPtfYMsf5T37jtkxjR3ZhRF3w,0012046fddce0335a82120e68ec88c4af486ded2110927603b9e07765e6d025a,946688814,946688802,11,1,0,0,120.991,381,11
run6-tbt-10s,1,nazionale,10,none,true,100,382,4,1,m2,1AagzGnptAGnvYUunCiqyFBo5P7Zyq7h7kcijs,259890,3,306,1.0,259890.0,1142090.0,0.227556,2.05849069e-05,5.34981145,0.00474905,1.0,-0.167,5.000,14.967,14.9666,-0.0004,1,,0,2,3,0,0,m1,1VLpfZJuzKm3UcPtfYMsf5T37jtkxjR3ZhRF3w,0012046fddce0335a82120e68ec88c4af486ded2110927603b9e07765e6d025a,946688814,946688802,11,1,0,0,27.3119,381,
run6-tbt-10s,1,nazionale,10,none,true,100,382,4,1,m3,1CsyzTjErfmoC3PFDMJbGZZqJu6EUYCh2wKkBq,76432,2,206,1.0,76432.0,1142090.0,0.066923,1.36611475e-05,1.04414883,0.3519913,0.99999983,-0.167,5.000,14.967,14.9666,-0.0004,1,,0,3,2,0,0,m1,1VLpfZJuzKm3UcPtfYMsf5T37jtkxjR3ZhRF3w,0012046fddce0335a82120e68ec88c4af486ded2110927603b9e07765e6d025a,946688814,946688802,11,1,0,0,28.1126,381,
run6-tbt-10s,1,nazionale,10,none,true,100,383,4,1,m1,1VLpfZJuzKm3UcPtfYMsf5T37jtkxjR3ZhRF3w,805768,3,306,1.0,805768.0,1142090.0,0.705521,5.51509804e-07,0.44438895,0.64121597,0.467341,-0.167,5.000,9.64,9.64,0.0,1,,0,2,2,0,0,m2,1AagzGnptAGnvYUunCiqyFBo5P7Zyq7h7kcijs,0025f8102782e9bf41a64c06f6522fc98b8f17c6bc16b4f4dc7f601dd707adbd,946688824,946688814,8,1,0,0,120.991,381,
run6-tbt-10s,1,nazionale,10,none,true,100,383,4,1,m2,1AagzGnptAGnvYUunCiqyFBo5P7Zyq7h7kcijs,259890,3,306,1.0,259890.0,1142090.0,0.227556,3.42874701e-07,0.08910971,0.91474521,0.32402134,-0.167,5.000,8.207,8.2068,-0.0002,1,,1,1,1,1,1,m2,1AagzGnptAGnvYUunCiqyFBo5P7Zyq7h7kcijs,0025f8102782e9bf41a64c06f6522fc98b8f17c6bc16b4f4dc7f601dd707adbd,946688824,946688814,8,1,0,0,27.3119,381,1
run6-tbt-10s,1,nazionale,10,none,true,100,383,4,1,m3,1CsyzTjErfmoC3PFDMJbGZZqJu6EUYCh2wKkBq,76432,2,206,1.0,76432.0,1142090.0,0.066923,5.12660849e-06,0.39183694,0.6758143,0.9971346,-0.167,5.000,14.938,14.9379,-0.0001,1,,0,3,3,0,0,m2,1AagzGnptAGnvYUunCiqyFBo5P7Zyq7h7kcijs,0025f8102782e9bf41a64c06f6522fc98b8f17c6bc16b4f4dc7f601dd707adbd,946688824,946688814,8,1,0,0,28.1126,381,
run6-tbt-10s,1,nazionale,10,none,true,100,384,4,1,m1,1VLpfZJuzKm3UcPtfYMsf5T37jtkxjR3ZhRF3w,805768,3,306,1.0,805768.0,1142090.0,0.705521,7.55572315e-08,0.0608816,0.94093464,0.08267473,-0.167,5.000,5.793,5.7933,0.0003,1,,1,1,1,1,1,m1,1VLpfZJuzKm3UcPtfYMsf5T37jtkxjR3ZhRF3w,0005622116d991edb19eef10e61bada3c24a6dfcfc210db17111bf7cfefbd1ac,946688831,946688824,5,1,0,0,121.3842,384,1
run6-tbt-10s,1,nazionale,10,none,true,100,384,4,1,m2,1AagzGnptAGnvYUunCiqyFBo5P7Zyq7h7kcijs,259890,3,306,1.0,259890.0,1142090.0,0.227556,8.71532226e-07,0.22650251,0.79731734,0.63041268,-0.167,5.000,11.271,11.2707,-0.0003,1,,0,2,2,0,0,m1,1VLpfZJuzKm3UcPtfYMsf5T37jtkxjR3ZhRF3w,0005622116d991edb19eef10e61bada3c24a6dfcfc210db17111bf7cfefbd1ac,946688831,946688824,5,1,0,0,27.5365,384,
run6-tbt-10s,1,nazionale,10,none,true,100,384,4,1,m3,1CsyzTjErfmoC3PFDMJbGZZqJu6EUYCh2wKkBq,76432,2,206,1.0,76432.0,1142090.0,0.066923,5.11710293e-05,3.91110411,0.02001839,1.0,-0.167,5.000,14.967,14.9666,-0.0004,1,,0,3,3,0,0,m1,1VLpfZJuzKm3UcPtfYMsf5T37jtkxjR3ZhRF3w,0005622116d991edb19eef10e61bada3c24a6dfcfc210db17111bf7cfefbd1ac,946688831,946688824,5,1,0,0,28.1126,384,
run6-tbt-10s,1,nazionale,10,none,true,100,385,4,1,m1,1VLpfZJuzKm3UcPtfYMsf5T37jtkxjR3ZhRF3w,805768,3,306,1.0,805768.0,1142090.0,0.705521,1.02753173e-06,0.82795219,0.43694315,0.69072787,0.417,5.000,11.991,11.9907,-0.0003,1,,1,1,1,1,1,m1,1VLpfZJuzKm3UcPtfYMsf5T37jtkxjR3ZhRF3w,006ed66e9ff79432606194bd530490c21edea258a58765d826e6c500f6fc0895,946688843,946688831,11,1,0,0,121.3842,384,2
run6-tbt-10s,1,nazionale,10,none,true,100,385,4,1,m2,1AagzGnptAGnvYUunCiqyFBo5P7Zyq7h7kcijs,259890,3,306,1.0,259890.0,1142090.0,0.227556,3.7242068e-06,0.96788411,0.37988599,0.98578389,0.417,5.000,14.941,14.9412,0.0002,1,,0,2,2,0,0,m1,1VLpfZJuzKm3UcPtfYMsf5T37jtkxjR3ZhRF3w,006ed66e9ff79432606194bd530490c21edea258a58765d826e6c500f6fc0895,946688843,946688831,11,1,0,0,27.5365,384,
run6-tbt-10s,1,nazionale,10,none,true,100,385,4,1,m3,1CsyzTjErfmoC3PFDMJbGZZqJu6EUYCh2wKkBq,76432,2,206,1.0,76432.0,1142090.0,0.066923,2.62250257e-05,2.00443116,0.13473692,1.0,0.417,5.000,15.083,15.0834,0.0004,1,,0,3,3,0,0,m1,1VLpfZJuzKm3UcPtfYMsf5T37jtkxjR3ZhRF3w,006ed66e9ff79432606194bd530490c21edea258a58765d826e6c500f6fc0895,946688843,946688831,11,1,0,0,28.1126,384,
run6-tbt-10s,1,nazionale,10,none,true,100,386,4,1,m1,1VLpfZJuzKm3UcPtfYMsf5T37jtkxjR3ZhRF3w,805768,3,306,1.0,805768.0,1142090.0,0.705521,1.70292284e-07,0.13721607,0.87178184,0.17674486,0.25,5.000,6.817,6.8174,0.0004,1,,1,1,1,1,1,m1,1VLpfZJuzKm3UcPtfYMsf5T37jtkxjR3ZhRF3w,005d28889db3523e1868f6121f74eab85b4a05616f802ffc39c8c2fcc04ce2a4,946688850,946688843,6,1,0,0,121.3842,384,3
run6-tbt-10s,1,nazionale,10,none,true,100,386,4,1,m2,1AagzGnptAGnvYUunCiqyFBo5P7Zyq7h7kcijs,259890,3,306,1.0,259890.0,1142090.0,0.227556,6.79440937e-06,1.76579905,0.17105005,0.99957347,0.25,5.000,15.046,15.0457,-0.0003,1,,0,3,3,0,0,m1,1VLpfZJuzKm3UcPtfYMsf5T37jtkxjR3ZhRF3w,005d28889db3523e1868f6121f74eab85b4a05616f802ffc39c8c2fcc04ce2a4,946688850,946688843,6,1,0,0,27.5365,384,
run6-tbt-10s,1,nazionale,10,none,true,100,386,4,1,m3,1CsyzTjErfmoC3PFDMJbGZZqJu6EUYCh2wKkBq,76432,2,206,1.0,76432.0,1142090.0,0.066923,1.92659031e-06,0.14725315,0.86307546,0.88923446,0.25,5.000,13.942,13.9423,0.0003,1,,0,2,2,0,0,m1,1VLpfZJuzKm3UcPtfYMsf5T37jtkxjR3ZhRF3w,005d28889db3523e1868f6121f74eab85b4a05616f802ffc39c8c2fcc04ce2a4,946688850,946688843,6,1,0,0,28.1126,384,
run6-tbt-10s,1,nazionale,10,none,true,100,387,4,1,m1,1VLpfZJuzKm3UcPtfYMsf5T37jtkxjR3ZhRF3w,805768,3,306,1.0,805768.0,1142090.0,0.705521,1.14886004e-06,0.92571466,0.39624814,0.73074639,0.667,5.000,12.441,12.4409,-0.0001,1,,0,2,2,0,0,m2,1AagzGnptAGnvYUunCiqyFBo5P7Zyq7h7kcijs,00d97889758b667ddb7b67f8b20e89909f4f8e832dec2e344cbaccd1ce1972e5,946688862,946688850,10,1,0,0,121.8898,387,
run6-tbt-10s,1,nazionale,10,none,true,100,387,4,1,m2,1AagzGnptAGnvYUunCiqyFBo5P7Zyq7h7kcijs,259890,3,306,1.0,259890.0,1142090.0,0.227556,7.07339661e-07,0.1838305,0.83207683,0.55418248,0.667,5.000,10.675,10.6752,0.0002,1,,1,1,1,1,1,m2,1AagzGnptAGnvYUunCiqyFBo5P7Zyq7h7kcijs,00d97889758b667ddb7b67f8b20e89909f4f8e832dec2e344cbaccd1ce1972e5,946688862,946688850,10,1,0,0,27.5365,387,1
run6-tbt-10s,1,nazionale,10,none,true,100,387,4,1,m3,1CsyzTjErfmoC3PFDMJbGZZqJu6EUYCh2wKkBq,76432,2,206,1.0,76432.0,1142090.0,0.066923,2.2729218e-05,1.73723959,0.17600558,1.0,0.667,5.000,15.133,15.1334,0.0004,1,,0,3,3,0,0,m2,1AagzGnptAGnvYUunCiqyFBo5P7Zyq7h7kcijs,00d97889758b667ddb7b67f8b20e89909f4f8e832dec2e344cbaccd1ce1972e5,946688862,946688850,10,1,0,0,28.1126,387,
run6-tbt-10s,1,nazionale,10,none,true,100,388,4,1,m1,1VLpfZJuzKm3UcPtfYMsf5T37jtkxjR3ZhRF3w,805768,3,306,1.0,805768.0,1142090.0,0.705521,1.10635782e-06,0.89146773,0.41005346,0.71735404,0.5,5.000,12.274,12.2735,-0.0005,1,,1,1,1,1,1,m1,1VLpfZJuzKm3UcPtfYMsf5T37jtkxjR3ZhRF3w,00f43a79ed6ac1e5e97c13c7bf515c0685b2dbe51166b4c7431307188a052af3,946688876,946688862,12,1,0,0,121.8898,387,1
run6-tbt-10s,1,nazionale,10,none,true,100,388,4,1,m2,1AagzGnptAGnvYUunCiqyFBo5P7Zyq7h7kcijs,259890,3,306,1.0,259890.0,1142090.0,0.227556,3.68929782e-06,0.95881161,0.38334818,0.98520565,0.5,5.000,14.952,14.9521,0.0001,1,,0,2,2,0,0,m1,1VLpfZJuzKm3UcPtfYMsf5T37jtkxjR3ZhRF3w,00f43a79ed6ac1e5e97c13c7bf515c0685b2dbe51166b4c7431307188a052af3,946688876,946688862,12,1,0,0,27.5365,387,
run6-tbt-10s,1,nazionale,10,none,true,100,388,4,1,m3,1CsyzTjErfmoC3PFDMJbGZZqJu6EUYCh2wKkBq,76432,2,206,1.0,76432.0,1142090.0,0.066923,1.96595762e-05,1.50262073,0.22254616,1.0,0.5,5.000,15.1,15.1,-0.0,1,,0,3,3,0,0,m1,1VLpfZJuzKm3UcPtfYMsf5T37jtkxjR3ZhRF3w,00f43a79ed6ac1e5e97c13c7bf515c0685b2dbe51166b4c7431307188a052af3,946688876,946688862,12,1,0,0,28.1126,387,
run6-tbt-10s,1,nazionale,10,none,true,100,389,4,1,m1,1VLpfZJuzKm3UcPtfYMsf5T37jtkxjR3ZhRF3w,805768,3,306,1.0,805768.0,1142090.0,0.705521,2.26833544e-07,0.18277521,0.83295537,0.22822662,0.167,5.000,7.316,7.3157,-0.0003,1,,1,1,1,1,1,m1,1VLpfZJuzKm3UcPtfYMsf5T37jtkxjR3ZhRF3w,00cc18b1f8007981d737ac177c84583130683ae5331f3cc5cc3fe41391dde547,946688884,946688876,7,1,0,0,121.8898,387,2
run6-tbt-10s,1,nazionale,10,none,true,100,389,4,1,m2,1AagzGnptAGnvYUunCiqyFBo5P7Zyq7h7kcijs,259890,3,306,1.0,259890.0,1142090.0,0.227556,4.34171442e-06,1.12836816,0.32356083,0.99297745,0.167,5.000,14.963,14.9632,0.0002,1,,0,2,2,0,0,m1,1VLpfZJuzKm3UcPtfYMsf5T37jtkxjR3ZhRF3w,00cc18b1f8007981d737ac177c84583130683ae5331f3cc5cc3fe41391dde547,946688884,946688876,7,1,0,0,27.5365,387,
run6-tbt-10s,1,nazionale,10,none,true,100,389,4,1,m3,1CsyzTjErfmoC3PFDMJbGZZqJu6EUYCh2wKkBq,76432,2,206,1.0,76432.0,1142090.0,0.066923,6.57715112e-06,0.50270481,0.60489232,0.99945335,0.167,5.000,15.028,15.0279,-0.0001,1,,0,3,3,0,0,m1,1VLpfZJuzKm3UcPtfYMsf5T37jtkxjR3ZhRF3w,00cc18b1f8007981d737ac177c84583130683ae5331f3cc5cc3fe41391dde547,946688884,946688876,7,1,0,0,28.1126,387,
run6-tbt-10s,1,nazionale,10,none,true,100,390,4,1,m1,1VLpfZJuzKm3UcPtfYMsf5T37jtkxjR3ZhRF3w,805768,3,306,1.0,805768.0,1142090.0,0.705521,7.8671538e-08,0.06339101,0.93857641,0.08593169,0.667,5.000,5.993,5.9927,-0.0003,1,,1,1,1,1,1,m1,1VLpfZJuzKm3UcPtfYMsf5T37jtkxjR3ZhRF3w,000c452b111ac4d6fe97be8f31964a1618ee698e1ed0aed0c62bb7b4de9862e9,946688890,946688884,5,1,0,0,122.2266,390,3
run6-tbt-10s,1,nazionale,10,none,true,100,390,4,1,m2,1AagzGnptAGnvYUunCiqyFBo5P7Zyq7h7kcijs,259890,3,306,1.0,259890.0,1142090.0,0.227556,9.71971491e-06,2.52605671,0.07997376,0.9999849,0.667,5.000,15.133,15.1332,0.0002,1,,0,2,3,0,0,m1,1VLpfZJuzKm3UcPtfYMsf5T37jtkxjR3ZhRF3w,000c452b111ac4d6fe97be8f31964a1618ee698e1ed0aed0c62bb7b4de9862e9,946688890,946688884,5,1,0,0,27.8175,390,
run6-tbt-10s,1,nazionale,10,none,true,100,390,4,1,m3,1CsyzTjErfmoC3PFDMJbGZZqJu6EUYCh2wKkBq,76432,2,206,1.0,76432.0,1142090.0,0.066923,9.48444003e-06,0.72491472,0.48436587,0.99998024,0.667,5.000,15.133,15.1332,0.0002,1,,0,3,2,0,0,m1,1VLpfZJuzKm3UcPtfYMsf5T37jtkxjR3ZhRF3w,000c452b111ac4d6fe97be8f31964a1618ee698e1ed0aed0c62bb7b4de9862e9,946688890,946688884,5,1,0,0,28.1126,390,
run6-tbt-10s,1,nazionale,10,none,true,100,391,4,1,m1,1VLpfZJuzKm3UcPtfYMsf5T37jtkxjR3ZhRF3w,805768,3,306,1.0,805768.0,1142090.0,0.705521,3.88383239e-07,0.31294679,0.73128883,0.3582578,0.833,5.000,8.749,8.7492,0.0002,1,,1,1,1,1,1,m1,1VLpfZJuzKm3UcPtfYMsf5T37jtkxjR3ZhRF3w,002fe02fec5e0413aa365a5739c8689bd00247dac8b8628997fe8f2aa6ff2a7f,946688899,946688890,8,1,0,0,122.2266,390,4
run6-tbt-10s,1,nazionale,10,none,true,100,391,4,1,m2,1AagzGnptAGnvYUunCiqyFBo5P7Zyq7h7kcijs,259890,3,306,1.0,259890.0,1142090.0,0.227556,3.93531594e-07,0.10227493,0.90278132,0.3620201,0.833,5.000,8.787,8.7868,-0.0002,1,,0,2,2,0,0,m1,1VLpfZJuzKm3UcPtfYMsf5T37jtkxjR3ZhRF3w,002fe02fec5e0413aa365a5739c8689bd00247dac8b8628997fe8f2aa6ff2a7f,946688899,946688890,8,1,0,0,27.8175,390,
run6-tbt-10s,1,nazionale,10,none,true,100,391,4,1,m3,1CsyzTjErfmoC3PFDMJbGZZqJu6EUYCh2wKkBq,76432,2,206,1.0,76432.0,1142090.0,0.066923,3.64645927e-05,2.78706175,0.06160195,1.0,0.833,5.000,15.167,15.1666,-0.0004,1,,0,3,3,0,0,m1,1VLpfZJuzKm3UcPtfYMsf5T37jtkxjR3ZhRF3w,002fe02fec5e0413aa365a5739c8689bd00247dac8b8628997fe8f2aa6ff2a7f,946688899,946688890,8,1,0,0,28.1126,390,
run6-tbt-10s,1,nazionale,10,none,true,100,392,4,1,m1,1VLpfZJuzKm3UcPtfYMsf5T37jtkxjR3ZhRF3w,805768,3,306,1.0,805768.0,1142090.0,0.705521,1.15838833e-07,0.09333922,0.91088445,0.12392044,0.833,5.000,6.406,6.4058,-0.0002,1,,1,1,1,1,1,m1,1VLpfZJuzKm3UcPtfYMsf5T37jtkxjR3ZhRF3w,00ff5f9f58df67768e8a0b613dcc5bd534f4d5001c361fea029fe7ad6a06b260,946688906,946688899,6,1,0,0,122.2266,390,5
run6-tbt-10s,1,nazionale,10,none,true,100,392,4,1,m2,1AagzGnptAGnvYUunCiqyFBo5P7Zyq7h7kcijs,259890,3,306,1.0,259890.0,1142090.0,0.227556,9.0804289e-07,0.23599127,0.78978757,0.64550701,0.833,5.000,11.622,11.6217,-0.0003,1,,0,2,2,0,0,m1,1VLpfZJuzKm3UcPtfYMsf5T37jtkxjR3ZhRF3w,00ff5f9f58df67768e8a0b613dcc5bd534f4d5001c361fea029fe7ad6a06b260,946688906,946688899,6,1,0,0,27.8175,390,
run6-tbt-10s,1,nazionale,10,none,true,100,392,4,1,m3,1CsyzTjErfmoC3PFDMJbGZZqJu6EUYCh2wKkBq,76432,2,206,1.0,76432.0,1142090.0,0.066923,1.09671136e-06,0.08382384,0.91959323,0.71422288,0.833,5.000,12.309,12.3088,-0.0002,1,,0,3,3,0,0,m1,1VLpfZJuzKm3UcPtfYMsf5T37jtkxjR3ZhRF3w,00ff5f9f58df67768e8a0b613dcc5bd534f4d5001c361fea029fe7ad6a06b260,946688906,946688899,6,1,0,0,28.1126,390,
run6-tbt-10s,1,nazionale,10,none,true,100,393,4,1,m1,1VLpfZJuzKm3UcPtfYMsf5T37jtkxjR3ZhRF3w,805768,3,306,1.0,805768.0,1142090.0,0.705521,1.26279809e-06,1.01752229,0.3614895,0.76359978,0.75,5.000,12.786,12.786,-0.0,1,,0,2,2,0,0,m2,1AagzGnptAGnvYUunCiqyFBo5P7Zyq7h7kcijs,002797f302e1ce66a0bd43c7a4209d08a7f2c373dc8ebf242a9ebaa7b31fa7de,946688917,946688906,10,1,0,0,122.732,393,
run6-tbt-10s,1,nazionale,10,none,true,100,393,4,1,m2,1AagzGnptAGnvYUunCiqyFBo5P7Zyq7h7kcijs,259890,3,306,1.0,259890.0,1142090.0,0.227556,7.68315001e-07,0.19967739,0.81899493,0.58417255,0.75,5.000,10.992,10.9917,-0.0003,1,,1,1,1,1,1,m2,1AagzGnptAGnvYUunCiqyFBo5P7Zyq7h7kcijs,002797f302e1ce66a0bd43c7a4209d08a7f2c373dc8ebf242a9ebaa7b31fa7de,946688917,946688906,10,1,0,0,27.8175,393,1
run6-tbt-10s,1,nazionale,10,none,true,100,393,4,1,m3,1CsyzTjErfmoC3PFDMJbGZZqJu6EUYCh2wKkBq,76432,2,206,1.0,76432.0,1142090.0,0.066923,3.28303193e-06,0.2509287,0.77807785,0.97647091,0.75,5.000,14.915,14.9147,-0.0003,1,,0,3,3,0,0,m2,1AagzGnptAGnvYUunCiqyFBo5P7Zyq7h7kcijs,002797f302e1ce66a0bd43c7a4209d08a7f2c373dc8ebf242a9ebaa7b31fa7de,946688917,946688906,10,1,0,0,28.1126,393,
run6-tbt-10s,1,nazionale,10,none,true,100,394,4,1,m1,1VLpfZJuzKm3UcPtfYMsf5T37jtkxjR3ZhRF3w,805768,3,306,1.0,805768.0,1142090.0,0.705521,3.21086135e-07,0.25872093,0.77203844,0.3069889,0.417,5.000,8.153,8.1533,0.0003,1,,1,1,1,1,1,m1,1VLpfZJuzKm3UcPtfYMsf5T37jtkxjR3ZhRF3w,0044b7a12a25c21f1ed298848e423726844b54a542257136b8e2601395ee75b9,946688928,946688917,8,1,0,0,122.732,393,1
run6-tbt-10s,1,nazionale,10,none,true,100,394,4,1,m2,1AagzGnptAGnvYUunCiqyFBo5P7Zyq7h7kcijs,259890,3,306,1.0,259890.0,1142090.0,0.227556,1.94131318e-05,5.04527882,0.00643966,1.0,0.417,5.000,15.083,15.0834,0.0004,1,,0,2,2,0,0,m1,1VLpfZJuzKm3UcPtfYMsf5T37jtkxjR3ZhRF3w,0044b7a12a25c21f1ed298848e423726844b54a542257136b8e2601395ee75b9,946688928,946688917,8,1,0,0,27.8175,393,
run6-tbt-10s,1,nazionale,10,none,true,100,394,4,1,m3,1CsyzTjErfmoC3PFDMJbGZZqJu6EUYCh2wKkBq,76432,2,206,1.0,76432.0,1142090.0,0.066923,2.32914641e-05,1.78021318,0.1686022,1.0,0.417,5.000,15.083,15.0834,0.0004,1,,0,3,3,0,0,m1,1VLpfZJuzKm3UcPtfYMsf5T37jtkxjR3ZhRF3w,0044b7a12a25c21f1ed298848e423726844b54a542257136b8e2601395ee75b9,946688928,946688917,8,1,0,0,28.1126,393,
run6-tbt-10s,1,nazionale,10,none,true,100,395,4,1,m1,1VLpfZJuzKm3UcPtfYMsf5T37jtkxjR3ZhRF3w,805768,3,306,1.0,805768.0,1142090.0,0.705521,2.23809998e-06,1.80338934,0.16473958,0.92239408,0.5,5.000,14.324,14.3239,-0.0001,1,,0,2,2,0,0,m2,1AagzGnptAGnvYUunCiqyFBo5P7Zyq7h7kcijs,003010d423dfea450ec2a0a629c134d67bdad0c8124e5097bba5266c8bc6c4c7,946688940,946688928,11,1,0,0,122.732,393,
run6-tbt-10s,1,nazionale,10,none,true,100,395,4,1,m2,1AagzGnptAGnvYUunCiqyFBo5P7Zyq7h7kcijs,259890,3,306,1.0,259890.0,1142090.0,0.227556,7.99005736e-07,0.2076536,0.81248843,0.59849547,0.5,5.000,11.085,11.085,-0.0,1,,1,1,1,1,1,m2,1AagzGnptAGnvYUunCiqyFBo5P7Zyq7h7kcijs,003010d423dfea450ec2a0a629c134d67bdad0c8124e5097bba5266c8bc6c4c7,946688940,946688928,11,1,0,0,27.8175,393,1
run6-tbt-10s,1,nazionale,10,none,true,100,395,4,1,m3,1CsyzTjErfmoC3PFDMJbGZZqJu6EUYCh2wKkBq,76432,2,206,1.0,76432.0,1142090.0,0.066923,3.04435439e-05,2.32686095,0.09760164,1.0,0.5,5.000,15.1,15.1,-0.0,1,,0,3,3,0,0,m2,1AagzGnptAGnvYUunCiqyFBo5P7Zyq7h7kcijs,003010d423dfea450ec2a0a629c134d67bdad0c8124e5097bba5266c8bc6c4c7,946688940,946688928,11,1,0,0,28.1126,393,
run6-tbt-10s,1,nazionale,10,none,true,100,396,4,1,m1,1VLpfZJuzKm3UcPtfYMsf5T37jtkxjR3ZhRF3w,805768,3,306,1.0,805768.0,1142090.0,0.705521,3.05920505e-07,0.24650095,0.78153062,0.29488104,0.333,5.000,8.015,8.0154,0.0004,1,,0,2,2,0,0,m2,1AagzGnptAGnvYUunCiqyFBo5P7Zyq7h7kcijs,00d8f80adfe58322499793e73215702ee8a3482ff7fea68a7a6f05fe2f35cc78,946688947,946688940,5,1,0,0,122.9568,396,
run6-tbt-10s,1,nazionale,10,none,true,100,396,4,1,m2,1AagzGnptAGnvYUunCiqyFBo5P7Zyq7h7kcijs,259890,3,306,1.0,259890.0,1142090.0,0.227556,6.06910536e-08,0.015773,0.98435074,0.06696694,0.333,5.000,5.736,5.7363,0.0003,1,,1,1,1,1,1,m2,1AagzGnptAGnvYUunCiqyFBo5P7Zyq7h7kcijs,00d8f80adfe58322499793e73215702ee8a3482ff7fea68a7a6f05fe2f35cc78,946688947,946688940,5,1,0,0,28.2105,396,2
run6-tbt-10s,1,nazionale,10,none,true,100,396,4,1,m3,1CsyzTjErfmoC3PFDMJbGZZqJu6EUYCh2wKkBq,76432,2,206,1.0,76432.0,1142090.0,0.066923,9.73438834e-07,0.07440188,0.92829856,0.67101883,0.333,5.000,11.777,11.7768,-0.0002,1,,0,3,3,0,0,m2,1AagzGnptAGnvYUunCiqyFBo5P7Zyq7h7kcijs,00d8f80adfe58322499793e73215702ee8a3482ff7fea68a7a6f05fe2f35cc78,946688947,946688940,5,1,0,0,28.1126,396,
run6-tbt-10s,1,nazionale,10,none,true,100,397,4,1,m1,1VLpfZJuzKm3UcPtfYMsf5T37jtkxjR3ZhRF3w,805768,3,306,1.0,805768.0,1142090.0,0.705521,1.63511222e-06,1.3175211,0.26779832,0.8454821,0.333,5.000,13.521,13.5214,0.0004,1,,1,2,2,0,0,m1,1VLpfZJuzKm3UcPtfYMsf5T37jtkxjR3ZhRF3w,00a48c7dc9eab97540ead4996357e68bf23859020f0df35c710802b3d57fa28f,946688962,946688947,13,1,1,1,122.9568,396,1
run6-tbt-10s,1,nazionale,10,none,true,100,397,4,1,m2,1AagzGnptAGnvYUunCiqyFBo5P7Zyq7h7kcijs,259890,3,306,1.0,259890.0,1142090.0,0.227556,1.63082347e-06,0.42383471,0.65453206,0.84472339,0.333,5.000,13.514,13.5138,-0.0002,1,,0,1,1,1,1,m1,1VLpfZJuzKm3UcPtfYMsf5T37jtkxjR3ZhRF3w,00a48c7dc9eab97540ead4996357e68bf23859020f0df35c710802b3d57fa28f,946688962,946688947,13,1,1,1,28.2105,396,
run6-tbt-10s,1,nazionale,10,none,true,100,397,4,1,m3,1CsyzTjErfmoC3PFDMJbGZZqJu6EUYCh2wKkBq,76432,2,206,1.0,76432.0,1142090.0,0.066923,4.83769797e-06,0.36975493,0.69090363,0.99601448,0.333,5.000,15.027,15.0267,-0.0003,1,,0,3,3,0,0,m1,1VLpfZJuzKm3UcPtfYMsf5T37jtkxjR3ZhRF3w,00a48c7dc9eab97540ead4996357e68bf23859020f0df35c710802b3d57fa28f,946688962,946688947,13,1,1,1,28.1126,396,
run6-tbt-10s,1,nazionale,10,none,true,100,398,4,1,m1,1VLpfZJuzKm3UcPtfYMsf5T37jtkxjR3ZhRF3w,805768,3,306,1.0,805768.0,1142090.0,0.705521,1.03995844e-06,0.83796523,0.43258985,0.69508619,0.083,5.000,11.968,11.9675,-0.0005,1,,1,1,1,1,1,m1,1VLpfZJuzKm3UcPtfYMsf5T37jtkxjR3ZhRF3w,005030a45c752744c19afdc0db79d070840a71387d3fdb3afca2c4fed03f0d03,946688974,946688962,11,1,0,0,122.9568,396,2
run6-tbt-10s,1,nazionale,10,none,true,100,398,4,1,m2,1AagzGnptAGnvYUunCiqyFBo5P7Zyq7h7kcijs,259890,3,306,1.0,259890.0,1142090.0,0.227556,1.73421727e-06,0.45070573,0.63717832,0.86201802,0.167,5.000,13.654,13.6536,-0.0004,1,,0,2,2,0,0,m1,1VLpfZJuzKm3UcPtfYMsf5T37jtkxjR3ZhRF3w,005030a45c752744c19afdc0db79d070840a71387d3fdb3afca2c4fed03f0d03,946688974,946688962,11,1,0,0,28.2105,396,
run6-tbt-10s,1,nazionale,10,none,true,100,398,4,1,m3,1CsyzTjErfmoC3PFDMJbGZZqJu6EUYCh2wKkBq,76432,2,206,1.0,76432.0,1142090.0,0.066923,2.40022705e-06,0.18345415,0.83239004,0.93551195,0.167,5.000,14.388,14.3885,0.0005,1,,0,3,3,0,0,m1,1VLpfZJuzKm3UcPtfYMsf5T37jtkxjR3ZhRF3w,005030a45c752744c19afdc0db79d070840a71387d3fdb3afca2c4fed03f0d03,946688974,946688962,11,1,0,0,28.1126,396,
run6-tbt-10s,1,nazionale,10,none,true,100,399,4,1,m1,1VLpfZJuzKm3UcPtfYMsf5T37jtkxjR3ZhRF3w,805768,3,306,1.0,805768.0,1142090.0,0.705521,2.22474439e-07,0.17926278,0.83588621,0.22437477,-0.333,5.000,7.177,7.1771,0.0001,1,,0,2,2,0,0,m2,1AagzGnptAGnvYUunCiqyFBo5P7Zyq7h7kcijs,00b177364acce905dd84757b9d082371a94dd596a62c868b7f1d0bebb0bf2286,946688980,946688974,5,1,0,0,123.5186,399,
run6-tbt-10s,1,nazionale,10,none,true,100,399,4,1,m2,1AagzGnptAGnvYUunCiqyFBo5P7Zyq7h7kcijs,259890,3,306,1.0,259890.0,1142090.0,0.227556,2.49040418e-08,0.00647231,0.99354859,0.02804197,-0.333,5.000,5.214,5.2138,-0.0002,1,,1,1,1,1,1,m2,1AagzGnptAGnvYUunCiqyFBo5P7Zyq7h7kcijs,00b177364acce905dd84757b9d082371a94dd596a62c868b7f1d0bebb0bf2286,946688980,946688974,5,1,0,0,28.4349,399,1
run6-tbt-10s,1,nazionale,10,none,true,100,399,4,1,m3,1CsyzTjErfmoC3PFDMJbGZZqJu6EUYCh2wKkBq,76432,2,206,1.0,76432.0,1142090.0,0.066923,6.52784252e-06,0.49893606,0.60717632,0.99942168,-0.333,5.000,14.928,14.9276,-0.0004,1,,0,3,3,0,0,m2,1AagzGnptAGnvYUunCiqyFBo5P7Zyq7h7kcijs,00b177364acce905dd84757b9d082371a94dd596a62c868b7f1d0bebb0bf2286,946688980,946688974,5,1,0,0,28.1126,399,
run6-tbt-10s,1,nazionale,10,none,true,100,400,5,1,m1,1VLpfZJuzKm3UcPtfYMsf5T37jtkxjR3ZhRF3w,805768,3,306,1.0,805768.0,1142090.0,0.705521,1.27746552e-06,1.02934084,0.35724236,0.76752686,0.167,5.000,12.709,12.7087,-0.0003,1,,1,1,1,1,1,m1,1VLpfZJuzKm3UcPtfYMsf5T37jtkxjR3ZhRF3w,005c491cebdfa89221b784b8ba17c2c61e613a41c52d6876818a33f767e9a538,946688994,946688980,12,1,0,0,123.5186,399,1
run6-tbt-10s,1,nazionale,10,none,true,100,400,5,1,m2,1AagzGnptAGnvYUunCiqyFBo5P7Zyq7h7kcijs,259890,3,306,1.0,259890.0,1142090.0,0.227556,5.61598902e-06,1.45953939,0.23234327,0.99836148,0.167,5.000,15.017,15.017,0.0,1,,0,2,2,0,0,m1,1VLpfZJuzKm3UcPtfYMsf5T37jtkxjR3ZhRF3w,005c491cebdfa89221b784b8ba17c2c61e613a41c52d6876818a33f767e9a538,946688994,946688980,12,1,0,0,28.4349,399,
run6-tbt-10s,1,nazionale,10,none,true,100,400,5,1,m3,1CsyzTjErfmoC3PFDMJbGZZqJu6EUYCh2wKkBq,76432,2,206,1.0,76432.0,1142090.0,0.066923,3.78964288e-05,2.89649985,0.05521615,1.0,0.167,5.000,15.033,15.0334,0.0004,1,,0,3,3,0,0,m1,1VLpfZJuzKm3UcPtfYMsf5T37jtkxjR3ZhRF3w,005c491cebdfa89221b784b8ba17c2c61e613a41c52d6876818a33f767e9a538,946688994,946688980,12,1,0,0,28.1126,399,
run6-tbt-10s,1,nazionale,10,none,true,100,401,5,1,m1,1VLpfZJuzKm3UcPtfYMsf5T37jtkxjR3ZhRF3w,805768,3,306,1.0,805768.0,1142090.0,0.705521,9.12271579e-08,0.07350792,0.92912878,0.09894558,0.167,5.000,6.023,6.0229,-0.0001,1,,1,1,1,1,1,m1,1VLpfZJuzKm3UcPtfYMsf5T37jtkxjR3ZhRF3w,0029af5e196e5f4a589a122aa9785dc3cf720e8f7bbeaa1297d3fc24772d1a79,946689000,946688994,6,1,0,0,123.5186,399,2
run6-tbt-10s,1,nazionale,10,none,true,100,401,5,1,m2,1AagzGnptAGnvYUunCiqyFBo5P7Zyq7h7kcijs,259890,3,306,1.0,259890.0,1142090.0,0.227556,1.14391484e-05,2.97292028,0.05115371,0.99999788,0.167,5.000,15.033,15.0334,0.0004,1,,0,3,3,0,0,m1,1VLpfZJuzKm3UcPtfYMsf5T37jtkxjR3ZhRF3w,0029af5e196e5f4a589a122aa9785dc3cf720e8f7bbeaa1297d3fc24772d1a79,946689000,946688994,6,1,0,0,28.4349,399,
run6-tbt-10s,1,nazionale,10,none,true,100,401,5,1,m3,1CsyzTjErfmoC3PFDMJbGZZqJu6EUYCh2wKkBq,76432,2,206,1.0,76432.0,1142090.0,0.066923,4.45519209e-06,0.34051924,0.71140084,0.99383107,0.167,5.000,14.972,14.9717,-0.0003,1,,0,2,2,0,0,m1,1VLpfZJuzKm3UcPtfYMsf5T37jtkxjR3ZhRF3w,0029af5e196e5f4a589a122aa9785dc3cf720e8f7bbeaa1297d3fc24772d1a79,946689000,946688994,6,1,0,0,28.1126,399,
run6-tbt-10s,1,nazionale,10,none,true,100,402,5,1,m1,1VLpfZJuzKm3UcPtfYMsf5T37jtkxjR3ZhRF3w,805768,3,306,1.0,805768.0,1142090.0,0.705521,3.91371744e-07,0.31535483,0.72952997,0.36044442,0.333,5.000,8.671,8.671,0.0,1,,1,1,1,1,1,m1,1VLpfZJuzKm3UcPtfYMsf5T37jtkxjR3ZhRF3w,00ea0e64ca141e39520693c5ff5bc60b7132bcab3372bbb49267a788cadfef14,946689009,946689000,8,1,0,0,8.5817,402,3
run6-tbt-10s,1,nazionale,10,none,true,100,402,5,1,m2,1AagzGnptAGnvYUunCiqyFBo5P7Zyq7h7kcijs,259890,3,306,1.0,259890.0,1142090.0,0.227556,4.19790389e-07,0.10909932,0.89664135,0.38086901,0.333,5.000,8.875,8.8753,0.0003,1,,0,2,2,0,0,m1,1VLpfZJuzKm3UcPtfYMsf5T37jtkxjR3ZhRF3w,00ea0e64ca141e39520693c5ff5bc60b7132bcab3372bbb49267a788cadfef14,946689009,946689000,8,1,0,0,12.5288,402,
run6-tbt-10s,1,nazionale,10,none,true,100,402,5,1,m3,1CsyzTjErfmoC3PFDMJbGZZqJu6EUYCh2wKkBq,76432,2,206,1.0,76432.0,1142090.0,0.066923,1.35753148e-06,0.10375885,0.90144266,0.78784182,0.333,5.000,12.945,12.945,0.0,1,,0,3,3,0,0,m1,1VLpfZJuzKm3UcPtfYMsf5T37jtkxjR3ZhRF3w,00ea0e64ca141e39520693c5ff5bc60b7132bcab3372bbb49267a788cadfef14,946689009,946689000,8,1,0,0,22.8449,402,
run6-tbt-10s,1,nazionale,10,none,true,100,403,5,1,m1,1VLpfZJuzKm3UcPtfYMsf5T37jtkxjR3ZhRF3w,805768,3,306,1.0,805768.0,1142090.0,0.705521,6.02991358e-06,4.85871141,0.00776048,0.99897873,0.083,5.000,15.006,15.0064,0.0004,1,,0,2,2,0,0,m2,1AagzGnptAGnvYUunCiqyFBo5P7Zyq7h7kcijs,00eee9fc726b3bf361ee873f70de23e2c8c032ab58fc328bd512a184c8331cf2,946689016,946689009,6,1,0,0,8.5817,402,
run6-tbt-10s,1,nazionale,10,none,true,100,403,5,1,m2,1AagzGnptAGnvYUunCiqyFBo5P7Zyq7h7kcijs,259890,3,306,1.0,259890.0,1142090.0,0.227556,9.80522644e-08,0.0254828,0.97483914,0.10594189,0.083,5.000,6.076,6.076,0.0,1,,1,1,1,1,1,m2,1AagzGnptAGnvYUunCiqyFBo5P7Zyq7h7kcijs,00eee9fc726b3bf361ee873f70de23e2c8c032ab58fc328bd512a184c8331cf2,946689016,946689009,6,1,0,0,12.5288,402,1
run6-tbt-10s,1,nazionale,10,none,true,100,403,5,1,m3,1CsyzTjErfmoC3PFDMJbGZZqJu6EUYCh2wKkBq,76432,2,206,1.0,76432.0,1142090.0,0.066923,1.68501207e-05,1.28788843,0.27585265,1.0,0.083,5.000,15.017,15.0166,-0.0004,1,,0,3,3,0,0,m2,1AagzGnptAGnvYUunCiqyFBo5P7Zyq7h7kcijs,00eee9fc726b3bf361ee873f70de23e2c8c032ab58fc328bd512a184c8331cf2,946689016,946689009,6,1,0,0,22.8449,402,
run6-tbt-10s,1,nazionale,10,none,true,100,404,5,1,m1,1VLpfZJuzKm3UcPtfYMsf5T37jtkxjR3ZhRF3w,805768,3,306,1.0,805768.0,1142090.0,0.705521,1.77688347e-07,0.14317558,0.86660189,0.18366958,0.25,5.000,6.887,6.8867,-0.0003,1,,1,1,1,1,1,m1,1VLpfZJuzKm3UcPtfYMsf5T37jtkxjR3ZhRF3w,00ec3d04946f643130b76885dcbadbd4e08013a4a824dabcaa60de4022172782,946689024,946689016,6,1,0,0,8.5817,402,1
run6-tbt-10s,1,nazionale,10,none,true,100,404,5,1,m2,1AagzGnptAGnvYUunCiqyFBo5P7Zyq7h7kcijs,259890,3,306,1.0,259890.0,1142090.0,0.227556,5.74264526e-06,1.49245608,0.2248198,0.99858216,0.25,5.000,15.036,15.0358,-0.0002,1,,0,2,2,0,0,m1,1VLpfZJuzKm3UcPtfYMsf5T37jtkxjR3ZhRF3w,00ec3d04946f643130b76885dcbadbd4e08013a4a824dabcaa60de4022172782,946689024,946689016,6,1,0,0,12.5288,402,
run6-tbt-10s,1,nazionale,10,none,true,100,404,5,1,m3,1CsyzTjErfmoC3PFDMJbGZZqJu6EUYCh2wKkBq,76432,2,206,1.0,76432.0,1142090.0,0.066923,2.17080616e-05,1.65919056,0.19029295,1.0,0.25,5.000,15.05,15.05,-0.0,1,,0,3,3,0,0,m1,1VLpfZJuzKm3UcPtfYMsf5T37jtkxjR3ZhRF3w,00ec3d04946f643130b76885dcbadbd4e08013a4a824dabcaa60de4022172782,946689024,946689016,6,1,0,0,22.8449,402,
run6-tbt-10s,1,nazionale,10,none,true,100,405,5,1,m1,1VLpfZJuzKm3UcPtfYMsf5T37jtkxjR3ZhRF3w,805768,3,306,1.0,805768.0,1142090.0,0.705521,9.54186769e-08,0.07688532,0.92599604,0.1032487,0.167,5.000,6.066,6.0659,-0.0001,1,,1,1,1,1,1,m1,1VLpfZJuzKm3UcPtfYMsf5T37jtkxjR3ZhRF3w,000fa15f5093ddcb46b7168184df8536a7655baa7fc17210f984b014ac23a9d8,946689031,946689024,6,1,0,0,8.5817,402,2
run6-tbt-10s,1,nazionale,10,none,true,100,405,5,1,m2,1AagzGnptAGnvYUunCiqyFBo5P7Zyq7h7kcijs,259890,3,306,1.0,259890.0,1142090.0,0.227556,7.80916589e-06,2.02952412,0.13139804,0.99986615,0.167,5.000,15.032,15.0321,0.0001,1,,0,3,3,0,0,m1,1VLpfZJuzKm3UcPtfYMsf5T37jtkxjR3ZhRF3w,000fa15f5093ddcb46b7168184df8536a7655baa7fc17210f984b014ac23a9d8,946689031,946689024,6,1,0,0,12.5288,402,
run6-tbt-10s,1,nazionale,10,none,true,100,405,5,1,m3,1CsyzTjErfmoC3PFDMJbGZZqJu6EUYCh2wKkBq,76432,2,206,1.0,76432.0,1142090.0,0.066923,2.37542407e-06,0.18155841,0.83396953,0.93365906,0.167,5.000,14.37,14.37,-0.0,1,,0,2,2,0,0,m1,1VLpfZJuzKm3UcPtfYMsf5T37jtkxjR3ZhRF3w,000fa15f5093ddcb46b7168184df8536a7655baa7fc17210f984b014ac23a9d8,946689031,946689024,6,1,0,0,22.8449,402,
run6-tbt-10s,1,nazionale,10,none,true,100,406,5,1,m1,1VLpfZJuzKm3UcPtfYMsf5T37jtkxjR3ZhRF3w,805768,3,306,1.0,805768.0,1142090.0,0.705521,1.01104846e-06,0.8146705,0.4427852,0.68485056,0.5,5.000,11.949,11.9485,-0.0005,1,,1,1,1,1,1,m1,1VLpfZJuzKm3UcPtfYMsf5T37jtkxjR3ZhRF3w,003ab880a98f6d07e93d5fa89aeb9b38745de1b893c220fafa566d12d431a069,946689043,946689031,11,1,0,0,109.0711,406,3
run6-tbt-10s,1,nazionale,10,none,true,100,406,5,1,m2,1AagzGnptAGnvYUunCiqyFBo5P7Zyq7h7kcijs,259890,3,306,1.0,259890.0,1142090.0,0.227556,8.97400823e-06,2.332255,0.09707659,0.99996461,0.5,5.000,15.1,15.0996,-0.0004,1,,0,3,3,0,0,m1,1VLpfZJuzKm3UcPtfYMsf5T37jtkxjR3ZhRF3w,003ab880a98f6d07e93d5fa89aeb9b38745de1b893c220fafa566d12d431a069,946689043,946689031,11,1,0,0,112.6818,406,
run6-tbt-10s,1,nazionale,10,none,true,100,406,5,1,m3,1CsyzTjErfmoC3PFDMJbGZZqJu6EUYCh2wKkBq,76432,2,206,1.0,76432.0,1142090.0,0.066923,4.30042519e-06,0.3286901,0.71986607,0.99263836,0.5,5.000,15.026,15.0264,0.0004,1,,0,2,2,0,0,m1,1VLpfZJuzKm3UcPtfYMsf5T37jtkxjR3ZhRF3w,003ab880a98f6d07e93d5fa89aeb9b38745de1b893c220fafa566d12d431a069,946689043,946689031,11,1,0,0,22.7093,406,
run6-tbt-10s,1,nazionale,10,none,true,100,407,5,1,m1,1VLpfZJuzKm3UcPtfYMsf5T37jtkxjR3ZhRF3w,830065,4,406,1.0,830065.0,1223917.0,0.678204,1.50722823e-06,1.2510974,0.28619056,0.84193078,0.417,5.000,13.503,13.5027,-0.0003,1,,1,1,1,1,1,m1,1VLpfZJuzKm3UcPtfYMsf5T37jtkxjR3ZhRF3w,00371b1163a86a7e36e8891399a5d5e38c0b5bdf8787f03660b293fed7e0c971,946689057,946689043,13,1,0,0,109.0711,406,4
run6-tbt-10s,1,nazionale,10,none,true,100,407,5,1,m2,1AagzGnptAGnvYUunCiqyFBo5P7Zyq7h7kcijs,316428,4,406,1.0,316428.0,1223917.0,0.258537,5.15554832e-06,1.63135984,0.19566332,0.9981819,0.417,5.000,15.065,15.0652,0.0002,1,,0,2,2,0,0,m1,1VLpfZJuzKm3UcPtfYMsf5T37jtkxjR3ZhRF3w,00371b1163a86a7e36e8891399a5d5e38c0b5bdf8787f03660b293fed7e0c971,946689057,946689043,13,1,0,0,112.6818,406,
run6-tbt-10s,1,nazionale,10,none,true,100,407,5,1,m3,1CsyzTjErfmoC3PFDMJbGZZqJu6EUYCh2wKkBq,77424,4,406,1.0,77424.0,1223917.0,0.063259,1.18597156e-05,0.91822662,0.39922639,0.9999995,0.417,5.000,15.083,15.0834,0.0004,1,,0,3,3,0,0,m1,1VLpfZJuzKm3UcPtfYMsf5T37jtkxjR3ZhRF3w,00371b1163a86a7e36e8891399a5d5e38c0b5bdf8787f03660b293fed7e0c971,946689057,946689043,13,1,0,0,22.7093,406,
run6-tbt-10s,1,nazionale,10,none,true,100,408,5,1,m1,1VLpfZJuzKm3UcPtfYMsf5T37jtkxjR3ZhRF3w,830065,4,406,1.0,830065.0,1223917.0,0.678204,2.85854187e-06,2.37277556,0.09322162,0.96976085,0.25,5.000,14.748,14.7476,-0.0004,1,,1,1,1,1,1,m1,1VLpfZJuzKm3UcPtfYMsf5T37jtkxjR3ZhRF3w,00ade261e9613b1bc49f83be55026f2af419451a2d9d8541f78873bf5af19b79,946689073,946689057,14,1,0,0,109.8683,408,5
run6-tbt-10s,1,nazionale,10,none,true,100,408,5,1,m2,1AagzGnptAGnvYUunCiqyFBo5P7Zyq7h7kcijs,316428,4,406,1.0,316428.0,1223917.0,0.258537,3.70409542e-06,1.17207951,0.3097222,0.98925705,0.25,5.000,14.943,14.9426,-0.0004,1,,0,2,2,0,0,m1,1VLpfZJuzKm3UcPtfYMsf5T37jtkxjR3ZhRF3w,00ade261e9613b1bc49f83be55026f2af419451a2d9d8541f78873bf5af19b79,946689073,946689057,14,1,0,0,112.6818,408,
run6-tbt-10s,1,nazionale,10,none,true,100,408,5,1,m3,1CsyzTjErfmoC3PFDMJbGZZqJu6EUYCh2wKkBq,77424,4,406,1.0,77424.0,1223917.0,0.063259,3.64768812e-05,2.82418605,0.05935695,1.0,0.25,5.000,15.05,15.05,0.0,1,,0,3,3,0,0,m1,1VLpfZJuzKm3UcPtfYMsf5T37jtkxjR3ZhRF3w,00ade261e9613b1bc49f83be55026f2af419451a2d9d8541f78873bf5af19b79,946689073,946689057,14,1,0,0,22.7093,408,
run6-tbt-10s,1,nazionale,10,none,true,100,409,5,1,m1,1VLpfZJuzKm3UcPtfYMsf5T37jtkxjR3ZhRF3w,830065,4,406,1.0,830065.0,1223917.0,0.678204,2.53882575e-06,2.1073904,0.12155476,0.955279,-0.5,5.000,14.453,14.4528,-0.0002,1,,0,2,2,0,0,m2,1AagzGnptAGnvYUunCiqyFBo5P7Zyq7h7kcijs,009a803267241ebe6698015debf4114fb4c154d8df2fd28f825f463f9a0d7ec0,946689083,946689073,9,1,0,0,109.8683,408,
run6-tbt-10s,1,nazionale,10,none,true,100,409,5,1,m2,1AagzGnptAGnvYUunCiqyFBo5P7Zyq7h7kcijs,316428,4,406,1.0,316428.0,1223917.0,0.258537,4.96533624e-07,0.15711714,0.85460394,0.45540667,-0.5,5.000,9.454,9.4541,0.0001,1,,1,1,1,1,1,m2,1AagzGnptAGnvYUunCiqyFBo5P7Zyq7h7kcijs,009a803267241ebe6698015debf4114fb4c154d8df2fd28f825f463f9a0d7ec0,946689083,946689073,9,1,0,0,112.6818,408,1
run6-tbt-10s,1,nazionale,10,none,true,100,409,5,1,m3,1CsyzTjErfmoC3PFDMJbGZZqJu6EUYCh2wKkBq,77424,4,406,1.0,77424.0,1223917.0,0.063259,3.53167819e-05,2.73436652,0.06493513,1.0,-0.5,5.000,14.9,14.9,0.0,1,,0,3,3,0,0,m2,1AagzGnptAGnvYUunCiqyFBo5P7Zyq7h7kcijs,009a803267241ebe6698015debf4114fb4c154d8df2fd28f825f463f9a0d7ec0,946689083,946689073,9,1,0,0,22.7093,408,
run6-tbt-10s,1,nazionale,10,none,true,100,410,5,1,m1,1VLpfZJuzKm3UcPtfYMsf5T37jtkxjR3ZhRF3w,830065,4,406,1.0,830065.0,1223917.0,0.678204,2.24345019e-07,0.18622095,0.83009017,0.24010855,-0.083,5.000,7.384,7.3845,0.0005,1,,1,1,1,1,1,m1,1VLpfZJuzKm3UcPtfYMsf5T37jtkxjR3ZhRF3w,00673bbf1a0f2a98293dddb08f7ec3ea0ab0ffbec2703ea4f7b5be3d5258b685,946689092,946689083,7,1,0,0,109.8683,408,1
run6-tbt-10s,1,nazionale,10,none,true,100,410,5,1,m2,1AagzGnptAGnvYUunCiqyFBo5P7Zyq7h7kcijs,316428,4,406,1.0,316428.0,1223917.0,0.258537,3.9909897e-06,1.26286089,0.28284368,0.99243816,-0.083,5.000,14.908,14.9078,-0.0002,1,,0,2,2,0,0,m1,1VLpfZJuzKm3UcPtfYMsf5T37jtkxjR3ZhRF3w,00673bbf1a0f2a98293dddb08f7ec3ea0ab0ffbec2703ea4f7b5be3d5258b685,946689092,946689083,7,1,0,0,112.6818,408,
run6-tbt-10s,1,nazionale,10,none,true,100,410,5,1,m3,1CsyzTjErfmoC3PFDMJbGZZqJu6EUYCh2wKkBq,77424,4,406,1.0,77424.0,1223917.0,0.063259,8.42353818e-06,0.65218402,0.52090686,0.99996669,-0.083,5.000,14.983,14.9831,0.0001,1,,0,3,3,0,0,m1,1VLpfZJuzKm3UcPtfYMsf5T37jtkxjR3ZhRF3w,00673bbf1a0f2a98293dddb08f7ec3ea0ab0ffbec2703ea4f7b5be3d5258b685,946689092,946689083,7,1,0,0,22.7093,408,
run6-tbt-10s,1,nazionale,10,none,true,100,411,5,1,m1,1VLpfZJuzKm3UcPtfYMsf5T37jtkxjR3ZhRF3w,830065,4,406,1.0,830065.0,1223917.0,0.678204,1.55478424e-07,0.1290572,0.87892369,0.17328287,0.167,5.000,6.766,6.7662,0.0002,1,,1,1,1,1,1,m1,1VLpfZJuzKm3UcPtfYMsf5T37jtkxjR3ZhRF3w,00300923a2b6857be151958a16f107bd001b9cf51489efe80738889f955bb00e,946689099,946689092,6,1,0,0,109.8683,408,2
run6-tbt-10s,1,nazionale,10,none,true,100,411,5,1,m2,1AagzGnptAGnvYUunCiqyFBo5P7Zyq7h7kcijs,316428,4,406,1.0,316428.0,1223917.0,0.258537,5.29135474e-06,1.6743328,0.18743319,0.99846032,0.167,5.000,15.018,15.018,0.0,1,,0,3,3,0,0,m1,1VLpfZJuzKm3UcPtfYMsf5T37jtkxjR3ZhRF3w,00300923a2b6857be151958a16f107bd001b9cf51489efe80738889f955bb00e,946689099,946689092,6,1,0,0,112.6818,408,
run6-tbt-10s,1,nazionale,10,none,true,100,411,5,1,m3,1CsyzTjErfmoC3PFDMJbGZZqJu6EUYCh2wKkBq,77424,4,406,1.0,77424.0,1223917.0,0.063259,2.73150698e-06,0.2114842,0.80938207,0.96467406,0.167,5.000,14.68,14.6801,0.0001,1,,0,2,2,0,0,m1,1VLpfZJuzKm3UcPtfYMsf5T37jtkxjR3ZhRF3w,00300923a2b6857be151958a16f107bd001b9cf51489efe80738889f955bb00e,946689099,946689092,6,1,0,0,22.7093,408,
run6-tbt-10s,1,nazionale,10,none,true,100,412,5,1,m1,1VLpfZJuzKm3UcPtfYMsf5T37jtkxjR3ZhRF3w,830065,4,406,1.0,830065.0,1223917.0,0.678204,3.09919428e-09,0.00257253,0.99743077,0.00378597,0.083,5.000,5.055,5.0545,-0.0005,1,,1,1,1,1,1,m1,1VLpfZJuzKm3UcPtfYMsf5T37jtkxjR3ZhRF3w,0027b5010bff319a922cc5a71deef1e5f414424db0f1026fbdca5514c3e331fb,946689105,946689099,5,1,0,0,110.4859,412,3
run6-tbt-10s,1,nazionale,10,none,true,100,412,5,1,m2,1AagzGnptAGnvYUunCiqyFBo5P7Zyq7h7kcijs,316428,4,406,1.0,316428.0,1223917.0,0.258537,2.6756052e-06,0.8466364,0.428855,0.96217249,0.083,5.000,14.638,14.6383,0.0003,1,,0,2,2,0,0,m1,1VLpfZJuzKm3UcPtfYMsf5T37jtkxjR3ZhRF3w,0027b5010bff319a922cc5a71deef1e5f414424db0f1026fbdca5514c3e331fb,946689105,946689099,5,1,0,0,112.9066,412,
run6-tbt-10s,1,nazionale,10,none,true,100,412,5,1,m3,1CsyzTjErfmoC3PFDMJbGZZqJu6EUYCh2wKkBq,77424,4,406,1.0,77424.0,1223917.0,0.063259,1.02363432e-05,0.79253864,0.45269411,0.99999638,0.083,5.000,15.017,15.0166,-0.0004,1,,0,3,3,0,0,m1,1VLpfZJuzKm3UcPtfYMsf5T37jtkxjR3ZhRF3w,0027b5010bff319a922cc5a71deef1e5f414424db0f1026fbdca5514c3e331fb,946689105,946689099,5,1,0,0,22.7093,412,
run6-tbt-10s,1,nazionale,10,none,true,100,413,5,1,m1,1VLpfZJuzKm3UcPtfYMsf5T37jtkxjR3ZhRF3w,830065,4,406,1.0,830065.0,1223917.0,0.678204,4.69064209e-08,0.03893538,0.96181286,0.05579272,0.75,5.000,5.708,5.7079,-0.0001,1,,1,1,1,1,1,m1,1VLpfZJuzKm3UcPtfYMsf5T37jtkxjR3ZhRF3w,002806169e963fac0921bb927bbbcb1734514720f36dcac0e096dca2d1e63f6c,946689111,946689105,5,1,0,0,110.4859,412,4
run6-tbt-10s,1,nazionale,10,none,true,100,413,5,1,m2,1AagzGnptAGnvYUunCiqyFBo5P7Zyq7h7kcijs,316428,4,406,1.0,316428.0,1223917.0,0.258537,5.52001104e-07,0.17466861,0.83973526,0.49115078,0.75,5.000,10.062,10.0615,-0.0005,1,,0,2,2,0,0,m1,1VLpfZJuzKm3UcPtfYMsf5T37jtkxjR3ZhRF3w,002806169e963fac0921bb927bbbcb1734514720f36dcac0e096dca2d1e63f6c,946689111,946689105,5,1,0,0,112.9066,412,
run6-tbt-10s,1,nazionale,10,none,true,100,413,5,1,m3,1CsyzTjErfmoC3PFDMJbGZZqJu6EUYCh2wKkBq,77424,4,406,1.0,77424.0,1223917.0,0.063259,2.18268091e-06,0.16899189,0.84451576,0.93084606,0.75,5.000,14.458,14.4585,0.0005,1,,0,3,3,0,0,m1,1VLpfZJuzKm3UcPtfYMsf5T37jtkxjR3ZhRF3w,002806169e963fac0921bb927bbbcb1734514720f36dcac0e096dca2d1e63f6c,946689111,946689105,5,1,0,0,22.7093,412,
run6-tbt-10s,1,nazionale,10,none,true,100,414,5,1,m1,1VLpfZJuzKm3UcPtfYMsf5T37jtkxjR3ZhRF3w,830065,4,406,1.0,830065.0,1223917.0,0.678204,1.54954152e-07,0.12862202,0.87930626,0.17275222,0.75,5.000,6.878,6.8775,-0.0005,1,,1,1,1,1,1,m1,1VLpfZJuzKm3UcPtfYMsf5T37jtkxjR3ZhRF3w,00226bf326ab240f731b52a87c1da702a654e27af2c18f76e7138ff889a28aaf,946689119,946689111,6,1,0,0,110.4859,412,5
run6-tbt-10s,1,nazionale,10,none,true,100,414,5,1,m2,1AagzGnptAGnvYUunCiqyFBo5P7Zyq7h7kcijs,316428,4,406,1.0,316428.0,1223917.0,0.258537,1.83524854e-06,0.58072403,0.55949313,0.89419864,0.75,5.000,14.092,14.092,-0.0,1,,0,2,2,0,0,m1,1VLpfZJuzKm3UcPtfYMsf5T37jtkxjR3ZhRF3w,00226bf326ab240f731b52a87c1da702a654e27af2c18f76e7138ff889a28aaf,946689119,946689111,6,1,0,0,112.9066,412,
run6-tbt-10s,1,nazionale,10,none,true,100,414,5,1,m3,1CsyzTjErfmoC3PFDMJbGZZqJu6EUYCh2wKkBq,77424,4,406,1.0,77424.0,1223917.0,0.063259,1.60785075e-05,1.24486236,0.28798054,1.0,0.75,5.000,15.15,15.15,-0.0,1,,0,3,3,0,0,m1,1VLpfZJuzKm3UcPtfYMsf5T37jtkxjR3ZhRF3w,00226bf326ab240f731b52a87c1da702a654e27af2c18f76e7138ff889a28aaf,946689119,946689111,6,1,0,0,22.7093,412,
run6-tbt-10s,1,nazionale,10,none,true,100,415,5,1,m1,1VLpfZJuzKm3UcPtfYMsf5T37jtkxjR3ZhRF3w,830065,4,406,1.0,830065.0,1223917.0,0.678204,1.55470937e-06,1.29050983,0.27513048,0.85085484,0.833,5.000,13.675,13.6751,0.0001,1,,0,2,2,0,0,m2,1AagzGnptAGnvYUunCiqyFBo5P7Zyq7h7kcijs,00cd9e22f13cbc102fc00bc765731ea55552717a05b9d9e7fce3e222d5f0d384,946689131,946689119,10,1,0,0,110.9351,415,
run6-tbt-10s,1,nazionale,10,none,true,100,415,5,1,m2,1AagzGnptAGnvYUunCiqyFBo5P7Zyq7h7kcijs,316428,4,406,1.0,316428.0,1223917.0,0.258537,5.57042912e-07,0.17626397,0.83839664,0.4942811,0.833,5.000,10.109,10.1094,0.0004,1,,1,1,1,1,1,m2,1AagzGnptAGnvYUunCiqyFBo5P7Zyq7h7kcijs,00cd9e22f13cbc102fc00bc765731ea55552717a05b9d9e7fce3e222d5f0d384,946689131,946689119,10,1,0,0,112.9066,415,1
run6-tbt-10s,1,nazionale,10,none,true,100,415,5,1,m3,1CsyzTjErfmoC3PFDMJbGZZqJu6EUYCh2wKkBq,77424,4,406,1.0,77424.0,1223917.0,0.063259,4.58742246e-06,0.3551766,0.70104963,0.99635582,0.833,5.000,15.13,15.1302,0.0002,1,,0,3,3,0,0,m2,1AagzGnptAGnvYUunCiqyFBo5P7Zyq7h7kcijs,00cd9e22f13cbc102fc00bc765731ea55552717a05b9d9e7fce3e222d5f0d384,946689131,946689119,10,1,0,0,22.7093,415,
run6-tbt-10s,1,nazionale,10,none,true,100,416,5,1,m1,1VLpfZJuzKm3UcPtfYMsf5T37jtkxjR3ZhRF3w,830065,4,406,1.0,830065.0,1223917.0,0.678204,5.56722419e-07,0.46211579,0.62994939,0.49408269,0.417,5.000,10.024,10.0242,0.0002,1,,1,1,1,1,1,m1,1VLpfZJuzKm3UcPtfYMsf5T37jtkxjR3ZhRF3w,007c8af9a65dde8899ff284601d994ae07010f83ea0eb6bef70bcdd2b4bb74ef,946689142,946689131,10,1,0,0,110.9351,415,1
run6-tbt-10s,1,nazionale,10,none,true,100,416,5,1,m2,1AagzGnptAGnvYUunCiqyFBo5P7Zyq7h7kcijs,316428,4,406,1.0,316428.0,1223917.0,0.258537,7.53631284e-07,0.23847004,0.78783229,0.60242916,0.417,5.000,11.108,11.1077,-0.0003,1,,0,2,2,0,0,m1,1VLpfZJuzKm3UcPtfYMsf5T37jtkxjR3ZhRF3w,007c8af9a65dde8899ff284601d994ae07010f83ea0eb6bef70bcdd2b4bb74ef,946689142,946689131,10,1,0,0,112.9066,415,
run6-tbt-10s,1,nazionale,10,none,true,100,416,5,1,m3,1CsyzTjErfmoC3PFDMJbGZZqJu6EUYCh2wKkBq,77424,4,406,1.0,77424.0,1223917.0,0.063259,7.65127502e-06,0.59239232,0.55300274,0.99991429,0.417,5.000,15.082,15.0825,0.0005,1,,0,3,3,0,0,m1,1VLpfZJuzKm3UcPtfYMsf5T37jtkxjR3ZhRF3w,007c8af9a65dde8899ff284601d994ae07010f83ea0eb6bef70bcdd2b4bb74ef,946689142,946689131,10,1,0,0,22.7093,415,
run6-tbt-10s,1,nazionale,10,none,true,100,417,5,1,m1,1VLpfZJuzKm3UcPtfYMsf5T37jtkxjR3ZhRF3w,830065,4,406,1.0,830065.0,1223917.0,0.678204,1.71365199e-06,1.42244254,0.24112434,0.87722082,0.167,5.000,13.806,13.8056,-0.0004,1,,0,2,2,0,0,m2,1AagzGnptAGnvYUunCiqyFBo5P7Zyq7h7kcijs,009c02cbfe438648f5d1462143288a2e8d9c73590365d8e2c7556876464d20be,946689149,946689142,5,1,0,0,110.9351,415,
run6-tbt-10s,1,nazionale,10,none,true,100,417,5,1,m2,1AagzGnptAGnvYUunCiqyFBo5P7Zyq7h7kcijs,316428,4,406,1.0,316428.0,1223917.0,0.258537,5.04207106e-08,0.01595452,0.98417207,0.05984523,0.167,5.000,5.632,5.6319,-0.0001,1,,1,1,1,1,1,m2,1AagzGnptAGnvYUunCiqyFBo5P7Zyq7h7kcijs,009c02cbfe438648f5d1462143288a2e8d9c73590365d8e2c7556876464d20be,946689149,946689142,5,1,0,0,112.9066,415,1
run6-tbt-10s,1,nazionale,10,none,true,100,417,5,1,m3,1CsyzTjErfmoC3PFDMJbGZZqJu6EUYCh2wKkBq,77424,4,406,1.0,77424.0,1223917.0,0.063259,1.10483865e-05,0.85541028,0.42510874,0.99999866,0.167,5.000,15.033,15.0334,0.0004,1,,0,3,3,0,0,m2,1AagzGnptAGnvYUunCiqyFBo5P7Zyq7h7kcijs,009c02cbfe438648f5d1462143288a2e8d9c73590365d8e2c7556876464d20be,946689149,946689142,5,1,0,0,22.7093,415,
run6-tbt-10s,1,nazionale,10,none,true,100,418,5,1,m1,1VLpfZJuzKm3UcPtfYMsf5T37jtkxjR3ZhRF3w,830065,4,406,1.0,830065.0,1223917.0,0.678204,6.19465807e-07,0.51419689,0.59798065,0.53147918,0.167,5.000,10.348,10.3482,0.0002,1,,1,1,1,1,1,m1,1VLpfZJuzKm3UcPtfYMsf5T37jtkxjR3ZhRF3w,00dc09c8e4345ed30c5647501fe85b7e0100927bbf6df0b242413e8acff4daa7,946689161,946689149,10,1,0,0,111.2719,418,1
run6-tbt-10s,1,nazionale,10,none,true,100,418,5,1,m2,1AagzGnptAGnvYUunCiqyFBo5P7Zyq7h7kcijs,316428,4,406,1.0,316428.0,1223917.0,0.258537,3.46953984e-06,1.09785955,0.33358434,0.98568473,0.167,5.000,14.89,14.8902,0.0002,1,,0,3,3,0,0,m1,1VLpfZJuzKm3UcPtfYMsf5T37jtkxjR3ZhRF3w,00dc09c8e4345ed30c5647501fe85b7e0100927bbf6df0b242413e8acff4daa7,946689161,946689149,10,1,0,0,113.1872,418,
run6-tbt-10s,1,nazionale,10,none,true,100,418,5,1,m3,1CsyzTjErfmoC3PFDMJbGZZqJu6EUYCh2wKkBq,77424,4,406,1.0,77424.0,1223917.0,0.063259,2.45965626e-06,0.19043643,0.82659831,0.95072878,0.167,5.000,14.541,14.5407,-0.0003,1,,0,2,2,0,0,m1,1VLpfZJuzKm3UcPtfYMsf5T37jtkxjR3ZhRF3w,00dc09c8e4345ed30c5647501fe85b7e0100927bbf6df0b242413e8acff4daa7,946689161,946689149,10,1,0,0,22.7093,418,
run6-tbt-10s,1,nazionale,10,none,true,100,419,5,1,m1,1VLpfZJuzKm3UcPtfYMsf5T37jtkxjR3ZhRF3w,830065,4,406,1.0,830065.0,1223917.0,0.678204,1.17230202e-06,0.97308688,0.37791466,0.7618371,0.167,5.000,12.652,12.6518,-0.0002,1,,1,1,1,1,1,m1,1VLpfZJuzKm3UcPtfYMsf5T37jtkxjR3ZhRF3w,00f75c30a81483ac58e3cf1eab017e0a52caa9f9e3a3ef5cdb3f94eb3c73c37b,946689174,946689161,12,1,0,0,111.2719,418,2
run6-tbt-10s,1,nazionale,10,none,true,100,419,5,1,m2,1AagzGnptAGnvYUunCiqyFBo5P7Zyq7h7kcijs,316428,4,406,1.0,316428.0,1223917.0,0.258537,2.1967473e-06,0.69511235,0.49901838,0.93202643,0.167,5.000,14.354,14.3537,-0.0003,1,,0,2,2,0,0,m1,1VLpfZJuzKm3UcPtfYMsf5T37jtkxjR3ZhRF3w,00f75c30a81483ac58e3cf1eab017e0a52caa9f9e3a3ef5cdb3f94eb3c73c37b,946689174,946689161,12,1,0,0,113.1872,418,
run6-tbt-10s,1,nazionale,10,none,true,100,419,5,1,m3,1CsyzTjErfmoC3PFDMJbGZZqJu6EUYCh2wKkBq,77424,4,406,1.0,77424.0,1223917.0,0.063259,2.16548713e-05,1.67660676,0.18700746,1.0,0.167,5.000,15.033,15.0334,0.0004,1,,0,3,3,0,0,m1,1VLpfZJuzKm3UcPtfYMsf5T37jtkxjR3ZhRF3w,00f75c30a81483ac58e3cf1eab017e0a52caa9f9e3a3ef5cdb3f94eb3c73c37b,946689174,946689161,12,1,0,0,22.7093,418,
run6-tbt-10s,1,nazionale,10,none,true,100,420,5,1,m1,1VLpfZJuzKm3UcPtfYMsf5T37jtkxjR3ZhRF3w,830065,4,406,1.0,830065.0,1223917.0,0.678204,1.45945693e-06,1.21144412,0.29776696,0.83241325,0.25,5.000,13.374,13.3741,0.0001,1,,1,1,1,1,1,m1,1VLpfZJuzKm3UcPtfYMsf5T37jtkxjR3ZhRF3w,00f4acaf003d877d7f50a3e6d82bc4bb148e59f868863036d4ea5e9fb2f53bb6,946689188,946689174,13,1,0,0,111.8337,420,3
run6-tbt-10s,1,nazionale,10,none,true,100,420,5,1,m2,1AagzGnptAGnvYUunCiqyFBo5P7Zyq7h7kcijs,316428,4,406,1.0,316428.0,1223917.0,0.258537,2.48161475e-06,0.78525239,0.4560046,0.95203533,0.25,5.000,14.57,14.5704,0.0004,1,,0,2,2,0,0,m1,1VLpfZJuzKm3UcPtfYMsf5T37jtkxjR3ZhRF3w,00f4acaf003d877d7f50a3e6d82bc4bb148e59f868863036d4ea5e9fb2f53bb6,946689188,946689174,13,1,0,0,113.1872,420,
run6-tbt-10s,1,nazionale,10,none,true,100,420,5,1,m3,1CsyzTjErfmoC3PFDMJbGZZqJu6EUYCh2wKkBq,77424,4,406,1.0,77424.0,1223917.0,0.063259,1.39112122e-05,1.07706169,0.34059483,0.99999996,0.25,5.000,15.05,15.05,-0.0,1,,0,3,3,0,0,m1,1VLpfZJuzKm3UcPtfYMsf5T37jtkxjR3ZhRF3w,00f4acaf003d877d7f50a3e6d82bc4bb148e59f868863036d4ea5e9fb2f53bb6,946689188,946689174,13,1,0,0,22.7093,420,
run6-tbt-10s,1,nazionale,10,none,true,100,421,5,1,m1,1VLpfZJuzKm3UcPtfYMsf5T37jtkxjR3ZhRF3w,830065,4,406,1.0,830065.0,1223917.0,0.678204,1.72011766e-06,1.42780947,0.23983371,0.87818859,0.417,5.000,13.865,13.8653,0.0003,1,,1,2,2,0,0,m1,1VLpfZJuzKm3UcPtfYMsf5T37jtkxjR3ZhRF3w,0077eef72627671e01f55cf5537154f02b49f541786f81541e0b5fb5d76c34b8,946689203,946689188,13,1,0,0,111.8337,420,4
run6-tbt-10s,1,nazionale,10,none,true,100,421,5,1,m2,1AagzGnptAGnvYUunCiqyFBo5P7Zyq7h7kcijs,316428,4,406,1.0,316428.0,1223917.0,0.258537,1.40631735e-06,0.44499819,0.64082544,0.82115141,0.417,5.000,13.295,13.2949,-0.0001,1,,0,1,1,1,1,m1,1VLpfZJuzKm3UcPtfYMsf5T37jtkxjR3ZhRF3w,0077eef72627671e01f55cf5537154f02b49f541786f81541e0b5fb5d76c34b8,946689203,946689188,13,1,0,0,113.1872,420,
run6-tbt-10s,1,nazionale,10,none,true,100,421,5,1,m3,1CsyzTjErfmoC3PFDMJbGZZqJu6EUYCh2wKkBq,77424,4,406,1.0,77424.0,1223917.0,0.063259,8.85255414e-06,0.68540015,0.50388856,0.9999803,0.417,5.000,15.083,15.0832,0.0002,1,,0,3,3,0,0,m1,1VLpfZJuzKm3UcPtfYMsf5T37jtkxjR3ZhRF3w,0077eef72627671e01f55cf5537154f02b49f541786f81541e0b5fb5d76c34b8,946689203,946689188,13,1,0,0,22.7093,420,
run6-tbt-10s,1,nazionale,10,none,true,100,422,5,1,m1,1VLpfZJuzKm3UcPtfYMsf5T37jtkxjR3ZhRF3w,830065,4,406,1.0,830065.0,1223917.0,0.678204,4.17509257e-07,0.34655982,0.70711652,0.40010262,0.0,5.000,9.001,9.001,0.0,1,,1,1,1,1,1,m1,1VLpfZJuzKm3UcPtfYMsf5T37jtkxjR3ZhRF3w,00f606ec8049315de99b59527722b09fb0eff88048773e1e2dd708a3ee943356,946689213,946689203,9,1,0,0,111.8337,420,5
run6-tbt-10s,1,nazionale,10,none,true,100,422,5,1,m2,1AagzGnptAGnvYUunCiqyFBo5P7Zyq7h7kcijs,316428,4,406,1.0,316428.0,1223917.0,0.258537,7.66421621e-06,2.42517261,0.08846285,0.99991564,0.0,5.000,14.999,14.9992,0.0002,1,,0,2,2,0,0,m1,1VLpfZJuzKm3UcPtfYMsf5T37jtkxjR3ZhRF3w,00f606ec8049315de99b59527722b09fb0eff88048773e1e2dd708a3ee943356,946689213,946689203,9,1,0,0,113.1872,420,
run6-tbt-10s,1,nazionale,10,none,true,100,422,5,1,m3,1CsyzTjErfmoC3PFDMJbGZZqJu6EUYCh2wKkBq,77424,4,406,1.0,77424.0,1223917.0,0.063259,2.90581604e-05,2.24979901,0.10542041,1.0,0.0,5.000,15.0,15.0,-0.0,1,,0,3,3,0,0,m1,1VLpfZJuzKm3UcPtfYMsf5T37jtkxjR3ZhRF3w,00f606ec8049315de99b59527722b09fb0eff88048773e1e2dd708a3ee943356,946689213,946689203,9,1,0,0,22.7093,420,
run6-tbt-10s,1,nazionale,10,none,true,100,423,5,1,m1,1VLpfZJuzKm3UcPtfYMsf5T37jtkxjR3ZhRF3w,830065,4,406,1.0,830065.0,1223917.0,0.678204,1.6066939e-06,1.33366037,0.26351095,0.86004859,-0.083,5.000,13.584,13.5839,-0.0001,1,,1,1,1,1,1,m1,1VLpfZJuzKm3UcPtfYMsf5T37jtkxjR3ZhRF3w,00d6235ea948efa346935239a10e964ffd7b6d82313d4f0a93d76d044b7e43f3,946689227,946689213,13,1,0,0,112.5073,423,6
run6-tbt-10s,1,nazionale,10,none,true,100,423,5,1,m2,1AagzGnptAGnvYUunCiqyFBo5P7Zyq7h7kcijs,316428,4,406,1.0,316428.0,1223917.0,0.258537,3.32454256e-06,1.05197835,0.34924613,0.98290491,-0.083,5.000,14.812,14.8124,0.0004,1,,0,2,2,0,0,m1,1VLpfZJuzKm3UcPtfYMsf5T37jtkxjR3ZhRF3w,00d6235ea948efa346935239a10e964ffd7b6d82313d4f0a93d76d044b7e43f3,946689227,946689213,13,1,0,0,113.1872,423,
run6-tbt-10s,1,nazionale,10,none,true,100,423,5,1,m3,1CsyzTjErfmoC3PFDMJbGZZqJu6EUYCh2wKkBq,77424,4,406,1.0,77424.0,1223917.0,0.063259,3.3007918e-05,2.55560504,0.07764524,1.0,-0.083,5.000,14.983,14.9834,0.0004,1,,0,3,3,0,0,m1,1VLpfZJuzKm3UcPtfYMsf5T37jtkxjR3ZhRF3w,00d6235ea948efa346935239a10e964ffd7b6d82313d4f0a93d76d044b7e43f3,946689227,946689213,13,1,0,0,22.7093,423,
run6-tbt-10s,1,nazionale,10,none,true,100,424,5,1,m1,1VLpfZJuzKm3UcPtfYMsf5T37jtkxjR3ZhRF3w,830065,4,406,1.0,830065.0,1223917.0,0.678204,7.63902474e-07,0.63408871,0.53041863,0.60739577,-0.667,5.000,10.941,10.9406,-0.0004,1,,1,1,1,1,1,m1,1VLpfZJuzKm3UcPtfYMsf5T37jtkxjR3ZhRF3w,009e3acfd48d3ad0cb9d06583413f1a294526328475c1149334b5e2d9e2cfbb3,946689238,946689227,10,1,0,0,112.5073,423,7
run6-tbt-10s,1,nazionale,10,none,true,100,424,5,1,m2,1AagzGnptAGnvYUunCiqyFBo5P7Zyq7h7kcijs,316428,4,406,1.0,316428.0,1223917.0,0.258537,3.19218377e-06,1.01009633,0.3641839,0.97989864,-0.667,5.000,14.666,14.6656,-0.0004,1,,0,2,2,0,0,m1,1VLpfZJuzKm3UcPtfYMsf5T37jtkxjR3ZhRF3w,009e3acfd48d3ad0cb9d06583413f1a294526328475c1149334b5e2d9e2cfbb3,946689238,946689227,10,1,0,0,113.1872,423,
run6-tbt-10s,1,nazionale,10,none,true,100,424,5,1,m3,1CsyzTjErfmoC3PFDMJbGZZqJu6EUYCh2wKkBq,77424,4,406,1.0,77424.0,1223917.0,0.063259,6.76393288e-06,0.52369074,0.59233037,0.99974608,-0.667,5.000,14.864,14.8641,0.0001,1,,0,3,3,0,0,m1,1VLpfZJuzKm3UcPtfYMsf5T37jtkxjR3ZhRF3w,009e3acfd48d3ad0cb9d06583413f1a294526328475c1149334b5e2d9e2cfbb3,946689238,946689227,10,1,0,0,22.7093,423,
run6-tbt-10s,1,nazionale,10,none,true,100,425,5,1,m1,1VLpfZJuzKm3UcPtfYMsf5T37jtkxjR3ZhRF3w,830065,4,406,1.0,830065.0,1223917.0,0.678204,6.61145521e-07,0.54879376,0.57764617,0.55478023,-1.083,5.000,10.331,10.3312,0.0002,1,,1,1,1,1,1,m1,1VLpfZJuzKm3UcPtfYMsf5T37jtkxjR3ZhRF3w,00770637ad71b4ea3dbebea7c0105038445e8a11d0270e4392ccc58c7da802bb,946689249,946689238,10,1,0,0,112.5073,423,8
run6-tbt-10s,1,nazionale,10,none,true,100,425,5,1,m2,1AagzGnptAGnvYUunCiqyFBo5P7Zyq7h7kcijs,316428,4,406,1.0,316428.0,1223917.0,0.258537,2.23378108e-06,0.70683088,0.49320475,0.93503864,-1.083,5.000,14.134,14.1338,-0.0002,1,,0,2,2,0,0,m1,1VLpfZJuzKm3UcPtfYMsf5T37jtkxjR3ZhRF3w,00770637ad71b4ea3dbebea7c0105038445e8a11d0270e4392ccc58c7da802bb,946689249,946689238,10,1,0,0,113.1872,423,
run6-tbt-10s,1,nazionale,10,none,true,100,425,5,1,m3,1CsyzTjErfmoC3PFDMJbGZZqJu6EUYCh2wKkBq,77424,4,406,1.0,77424.0,1223917.0,0.063259,2.21332864e-05,1.71364757,0.18020727,1.0,-1.083,5.000,14.783,14.7834,0.0004,1,,0,3,3,0,0,m1,1VLpfZJuzKm3UcPtfYMsf5T37jtkxjR3ZhRF3w,00770637ad71b4ea3dbebea7c0105038445e8a11d0270e4392ccc58c7da802bb,946689249,946689238,10,1,0,0,22.7093,423,
run6-tbt-10s,1,nazionale,10,none,true,100,426,5,1,m1,1VLpfZJuzKm3UcPtfYMsf5T37jtkxjR3ZhRF3w,830065,4,406,1.0,830065.0,1223917.0,0.678204,1.79493015e-06,1.48990869,0.22539323,0.88884676,-1.5,5.000,13.588,13.5885,0.0005,1,,0,2,2,0,0,m2,1AagzGnptAGnvYUunCiqyFBo5P7Zyq7h7kcijs,00a75c50358275b4418b49c1c32f9e5d445b324644b5b61d89fb5890848c0cbe,946689257,946689249,6,1,0,0,113.2937,426,
run6-tbt-10s,1,nazionale,10,none,true,100,426,5,1,m2,1AagzGnptAGnvYUunCiqyFBo5P7Zyq7h7kcijs,316428,4,406,1.0,316428.0,1223917.0,0.258537,1.80139341e-07,0.05700113,0.944593,0.19786279,-1.5,5.000,6.679,6.6786,-0.0004,1,,1,1,1,1,1,m2,1AagzGnptAGnvYUunCiqyFBo5P7Zyq7h7kcijs,00a75c50358275b4418b49c1c32f9e5d445b324644b5b61d89fb5890848c0cbe,946689257,946689249,6,1,0,0,113.1872,426,1
run6-tbt-10s,1,nazionale,10,none,true,100,426,5,1,m3,1CsyzTjErfmoC3PFDMJbGZZqJu6EUYCh2wKkBq,77424,4,406,1.0,77424.0,1223917.0,0.063259,1.67439309e-05,1.29638211,0.27351957,1.0,-1.5,5.000,14.7,14.7,-0.0,1,,0,3,3,0,0,m2,1AagzGnptAGnvYUunCiqyFBo5P7Zyq7h7kcijs,00a75c50358275b4418b49c1c32f9e5d445b324644b5b61d89fb5890848c0cbe,946689257,946689249,6,1,0,0,22.7093,426,
run6-tbt-10s,1,nazionale,10,none,true,100,427,5,1,m1,1VLpfZJuzKm3UcPtfYMsf5T37jtkxjR3ZhRF3w,830065,4,406,1.0,830065.0,1223917.0,0.678204,5.3634904e-07,0.44520457,0.6406932,0.48130888,-1.5,5.000,9.513,9.5131,0.0001,1,,0,2,2,0,0,m2,1AagzGnptAGnvYUunCiqyFBo5P7Zyq7h7kcijs,0049d3c165df3b1de314afda5b3a8f403257d4fb2472b86f7a4e70d03179de2b,946689263,946689257,5,1,0,0,113.2937,426,
run6-tbt-10s,1,nazionale,10,none,true,100,427,5,1,m2,1AagzGnptAGnvYUunCiqyFBo5P7Zyq7h7kcijs,316428,4,406,1.0,316428.0,1223917.0,0.258537,4.32797218e-08,0.01369492,0.98639843,0.05159228,-1.5,5.000,5.216,5.2159,-0.0001,1,,1,1,1,1,1,m2,1AagzGnptAGnvYUunCiqyFBo5P7Zyq7h7kcijs,0049d3c165df3b1de314afda5b3a8f403257d4fb2472b86f7a4e70d03179de2b,946689263,946689257,5,1,0,0,113.1872,426,2
run6-tbt-10s,1,nazionale,10,none,true,100,427,5,1,m3,1CsyzTjErfmoC3PFDMJbGZZqJu6EUYCh2wKkBq,77424,4,406,1.0,77424.0,1223917.0,0.063259,7.83279332e-06,0.60644619,0.54528527,0.99993136,-1.5,5.000,14.699,14.6993,0.0003,1,,0,3,3,0,0,m2,1AagzGnptAGnvYUunCiqyFBo5P7Zyq7h7kcijs,0049d3c165df3b1de314afda5b3a8f403257d4fb2472b86f7a4e70d03179de2b,946689263,946689257,5,1,0,0,22.7093,426,
run6-tbt-10s,1,nazionale,10,none,true,100,428,5,1,m1,1VLpfZJuzKm3UcPtfYMsf5T37jtkxjR3ZhRF3w,830065,4,406,1.0,830065.0,1223917.0,0.678204,1.60142977e-06,1.3292908,0.26466489,0.85914399,-1.0,5.000,13.391,13.3914,0.0004,1,,1,1,1,1,1,m1,1VLpfZJuzKm3UcPtfYMsf5T37jtkxjR3ZhRF3w,00bbc3ad9dfe57f13d4233055ef8b1a4b9046a9a779bae14c95484219871890f,946689278,946689263,13,1,1,1,113.2937,428,1
run6-tbt-10s,1,nazionale,10,none,true,100,428,5,1,m2,1AagzGnptAGnvYUunCiqyFBo5P7Zyq7h7kcijs,316428,4,406,1.0,316428.0,1223917.0,0.258537,2.51069716e-06,0.79445488,0.45182747,0.95371257,-1.0,5.000,14.337,14.3371,0.0001,1,,0,2,2,0,0,m1,1VLpfZJuzKm3UcPtfYMsf5T37jtkxjR3ZhRF3w,00bbc3ad9dfe57f13d4233055ef8b1a4b9046a9a779bae14c95484219871890f,946689278,946689263,13,1,1,1,111.984,428,
run6-tbt-10s,1,nazionale,10,none,true,100,428,5,1,m3,1CsyzTjErfmoC3PFDMJbGZZqJu6EUYCh2wKkBq,77424,4,406,1.0,77424.0,1223917.0,0.063259,1.85417457e-05,1.43557612,0.23797822,1.0,-1.0,5.000,14.8,14.8,-0.0,1,,0,3,3,0,0,m1,1VLpfZJuzKm3UcPtfYMsf5T37jtkxjR3ZhRF3w,00bbc3ad9dfe57f13d4233055ef8b1a4b9046a9a779bae14c95484219871890f,946689278,946689263,13,1,1,1,22.7093,428,
run6-tbt-10s,1,nazionale,10,none,true,100,429,5,1,m1,1VLpfZJuzKm3UcPtfYMsf5T37jtkxjR3ZhRF3w,830065,4,406,1.0,830065.0,1223917.0,0.678204,8.44754526e-07,0.70120117,0.49598918,0.64438601,-1.333,5.000,11.177,11.1773,0.0003,1,,1,1,1,1,1,m1,1VLpfZJuzKm3UcPtfYMsf5T37jtkxjR3ZhRF3w,00854cf82ec36922359870d594727ead5f7ee0669f85d7ce0d1a4e52a45d8171,946689290,946689278,11,1,0,0,113.2937,428,2
run6-tbt-10s,1,nazionale,10,none,true,100,429,5,1,m2,1AagzGnptAGnvYUunCiqyFBo5P7Zyq7h7kcijs,316428,4,406,1.0,316428.0,1223917.0,0.258537,3.21423919e-06,1.01707528,0.36165112,0.980434,-1.333,5.000,14.538,14.5377,-0.0003,1,,0,2,2,0,0,m1,1VLpfZJuzKm3UcPtfYMsf5T37jtkxjR3ZhRF3w,00854cf82ec36922359870d594727ead5f7ee0669f85d7ce0d1a4e52a45d8171,946689290,946689278,11,1,0,0,111.984,428,
run6-tbt-10s,1,nazionale,10,none,true,100,429,5,1,m3,1CsyzTjErfmoC3PFDMJbGZZqJu6EUYCh2wKkBq,77424,4,406,1.0,77424.0,1223917.0,0.063259,2.32270273e-05,1.79832936,0.16557527,1.0,-1.333,5.000,14.733,14.7334,0.0004,1,,0,3,3,0,0,m1,1VLpfZJuzKm3UcPtfYMsf5T37jtkxjR3ZhRF3w,00854cf82ec36922359870d594727ead5f7ee0669f85d7ce0d1a4e52a45d8171,946689290,946689278,11,1,0,0,22.7093,428,
run6-tbt-10s,1,nazionale,10,none,true,100,430,5,1,m1,1VLpfZJuzKm3UcPtfYMsf5T37jtkxjR3ZhRF3w,830065,4,406,1.0,830065.0,1223917.0,0.678204,5.50370231e-06,4.56843066,0.01037423,0.9988127,-1.75,5.000,14.638,14.6381,0.0001,1,,0,2,2,0,0,m2,1AagzGnptAGnvYUunCiqyFBo5P7Zyq7h7kcijs,00ddc65a749fa4ad34be97cc4bd2b6899f8478714e96943c7f7edd700d51da73,946689296,946689290,4,1,0,0,113.2937,428,
run6-tbt-10s,1,nazionale,10,none,true,100,430,5,1,m2,1AagzGnptAGnvYUunCiqyFBo5P7Zyq7h7kcijs,316428,4,406,1.0,316428.0,1223917.0,0.258537,1.91091928e-08,0.00604668,0.99397156,0.02311668,-1.75,5.000,4.881,4.8812,0.0002,1,,1,1,1,1,1,m2,1AagzGnptAGnvYUunCiqyFBo5P7Zyq7h7kcijs,00ddc65a749fa4ad34be97cc4bd2b6899f8478714e96943c7f7edd700d51da73,946689296,946689290,4,1,0,0,111.984,428,1
run6-tbt-10s,1,nazionale,10,none,true,100,430,5,1,m3,1CsyzTjErfmoC3PFDMJbGZZqJu6EUYCh2wKkBq,77424,4,406,1.0,77424.0,1223917.0,0.063259,9.88265123e-06,0.76515439,0.46526209,0.99999442,-1.75,5.000,14.65,14.6499,-0.0001,1,,0,3,3,0,0,m2,1AagzGnptAGnvYUunCiqyFBo5P7Zyq7h7kcijs,00ddc65a749fa4ad34be97cc4bd2b6899f8478714e96943c7f7edd700d51da73,946689296,946689290,4,1,0,0,22.7093,428,
run6-tbt-10s,1,nazionale,10,none,true,100,431,5,1,m1,1VLpfZJuzKm3UcPtfYMsf5T37jtkxjR3ZhRF3w,830065,4,406,1.0,830065.0,1223917.0,0.678204,3.88082103e-07,0.32213337,0.72460154,0.37810268,-1.25,5.000,8.531,8.531,0.0,1,,1,1,1,1,1,m1,1VLpfZJuzKm3UcPtfYMsf5T37jtkxjR3ZhRF3w,00913938a6fe09f6561b5792e9a3a641ae365bcd179aa863066b189ab0c3da62,946689305,946689296,8,1,0,0,113.2937,428,1
run6-tbt-10s,1,nazionale,10,none,true,100,431,5,1,m2,1AagzGnptAGnvYUunCiqyFBo5P7Zyq7h7kcijs,316428,4,406,1.0,316428.0,1223917.0,0.258537,3.33778458e-06,1.0561685,0.3477858,0.98317974,-1.25,5.000,14.582,14.5818,-0.0002,1,,0,2,2,0,0,m1,1VLpfZJuzKm3UcPtfYMsf5T37jtkxjR3ZhRF3w,00913938a6fe09f6561b5792e9a3a641ae365bcd179aa863066b189ab0c3da62,946689305,946689296,8,1,0,0,111.984,428,
run6-tbt-10s,1,nazionale,10,none,true,100,431,5,1,m3,1CsyzTjErfmoC3PFDMJbGZZqJu6EUYCh2wKkBq,77424,4,406,1.0,77424.0,1223917.0,0.063259,3.74800999e-06,0.29018593,0.74812446,0.98981921,-1.25,5.000,14.648,14.6482,0.0002,1,,0,3,3,0,0,m1,1VLpfZJuzKm3UcPtfYMsf5T37jtkxjR3ZhRF3w,00913938a6fe09f6561b5792e9a3a641ae365bcd179aa863066b189ab0c3da62,946689305,946689296,8,1,0,0,22.7093,428,
run6-tbt-10s,1,nazionale,10,none,true,100,432,5,1,m1,1VLpfZJuzKm3UcPtfYMsf5T37jtkxjR3ZhRF3w,830065,4,406,1.0,830065.0,1223917.0,0.678204,1.06023644e-06,0.88006516,0.41475589,0.72682466,-0.917,5.000,12.085,12.0848,-0.0002,1,,1,1,1,1,1,m1,1VLpfZJuzKm3UcPtfYMsf5T37jtkxjR3ZhRF3w,00bfe1dcc90477e6ede1a543f2bfa112b2910732f3ef84928ef99e5852a6053a,946689317,946689305,12,1,0,0,115.5075,432,2
run6-tbt-10s,1,nazionale,10,none,true,100,432,5,1,m2,1AagzGnptAGnvYUunCiqyFBo5P7Zyq7h7kcijs,316428,4,406,1.0,316428.0,1223917.0,0.258537,1.33272289e-05,4.21710839,0.01474121,0.99999992,-0.917,5.000,14.817,14.8166,-0.0004,1,,0,2,3,0,0,m1,1VLpfZJuzKm3UcPtfYMsf5T37jtkxjR3ZhRF3w,00bfe1dcc90477e6ede1a543f2bfa112b2910732f3ef84928ef99e5852a6053a,946689317,946689305,12,1,0,0,112.1526,432,
run6-tbt-10s,1,nazionale,10,none,true,100,432,5,1,m3,1CsyzTjErfmoC3PFDMJbGZZqJu6EUYCh2wKkBq,77424,4,406,1.0,77424.0,1223917.0,0.063259,9.78524797e-06,0.75761304,0.46878406,0.99999371,-0.917,5.000,14.817,14.8165,-0.0005,1,,0,3,2,0,0,m1,1VLpfZJuzKm3UcPtfYMsf5T37jtkxjR3ZhRF3w,00bfe1dcc90477e6ede1a543f2bfa112b2910732f3ef84928ef99e5852a6053a,946689317,946689305,12,1,0,0,22.7093,432,
run6-tbt-10s,1,nazionale,10,none,true,100,433,5,1,m1,1VLpfZJuzKm3UcPtfYMsf5T37jtkxjR3ZhRF3w,830065,4,406,1.0,830065.0,1223917.0,0.678204,1.60045673e-06,1.32848312,0.26487875,0.85897614,-0.75,5.000,13.44,13.4398,-0.0002,1,,1,1,1,1,1,m1,1VLpfZJuzKm3UcPtfYMsf5T37jtkxjR3ZhRF3w,008fb127f6e9d553a050cfa54021a0fc863df0ec298b247509518a946f4938e0,946689332,946689317,13,1,0,0,115.5075,432,3
run6-tbt-10s,1,nazionale,10,none,true,100,433,5,1,m2,1AagzGnptAGnvYUunCiqyFBo5P7Zyq7h7kcijs,316428,4,406,1.0,316428.0,1223917.0,0.258537,4.88223461e-06,1.54487573,0.21333838,0.99745964,-0.75,5.000,14.825,14.8246,-0.0004,1,,0,2,2,0,0,m1,1VLpfZJuzKm3UcPtfYMsf5T37jtkxjR3ZhRF3w,008fb127f6e9d553a050cfa54021a0fc863df0ec298b247509518a946f4938e0,946689332,946689317,13,1,0,0,112.1526,432,
run6-tbt-10s,1,nazionale,10,none,true,100,433,5,1,m3,1CsyzTjErfmoC3PFDMJbGZZqJu6EUYCh2wKkBq,77424,4,406,1.0,77424.0,1223917.0,0.063259,5.40915458e-06,0.41879838,0.65783681,0.99866704,-0.75,5.000,14.837,14.8367,-0.0003,1,,0,3,3,0,0,m1,1VLpfZJuzKm3UcPtfYMsf5T37jtkxjR3ZhRF3w,008fb127f6e9d553a050cfa54021a0fc863df0ec298b247509518a946f4938e0,946689332,946689317,13,1,0,0,22.7093,432,
run6-tbt-10s,1,nazionale,10,none,true,100,434,5,1,m1,1VLpfZJuzKm3UcPtfYMsf5T37jtkxjR3ZhRF3w,830065,4,406,1.0,830065.0,1223917.0,0.678204,2.90214193e-07,0.24089664,0.78592285,0.29896543,-0.75,5.000,7.84,7.8397,-0.0003,1,,1,1,1,1,1,m1,1VLpfZJuzKm3UcPtfYMsf5T37jtkxjR3ZhRF3w,0026e07a411172789ad0f3e9def0479b54e075c7f16732bd73e240de55c836c7,946689340,946689332,7,1,0,0,116.0685,434,4
run6-tbt-10s,1,nazionale,10,none,true,100,434,5,1,m2,1AagzGnptAGnvYUunCiqyFBo5P7Zyq7h7kcijs,316428,4,406,1.0,316428.0,1223917.0,0.258537,2.32160044e-06,0.73461938,0.479688,0.94165877,-0.75,5.000,14.267,14.2666,-0.0004,1,,0,2,2,0,0,m1,1VLpfZJuzKm3UcPtfYMsf5T37jtkxjR3ZhRF3w,0026e07a411172789ad0f3e9def0479b54e075c7f16732bd73e240de55c836c7,946689340,946689332,7,1,0,0,112.1526,434,
run6-tbt-10s,1,nazionale,10,none,true,100,434,5,1,m3,1CsyzTjErfmoC3PFDMJbGZZqJu6EUYCh2wKkBq,77424,4,406,1.0,77424.0,1223917.0,0.063259,1.96125299e-05,1.51848051,0.21904447,1.0,-0.75,5.000,14.85,14.85,-0.0,1,,0,3,3,0,0,m1,1VLpfZJuzKm3UcPtfYMsf5T37jtkxjR3ZhRF3w,0026e07a411172789ad0f3e9def0479b54e075c7f16732bd73e240de55c836c7,946689340,946689332,7,1,0,0,22.7093,434,
run6-tbt-10s,1,nazionale,10,none,true,100,435,5,1,m1,1VLpfZJuzKm3UcPtfYMsf5T37jtkxjR3ZhRF3w,830065,4,406,1.0,830065.0,1223917.0,0.678204,3.5995733e-07,0.29878798,0.74171665,0.35632278,-0.583,5.000,8.447,8.4466,-0.0004,1,,1,1,1,1,1,m1,1VLpfZJuzKm3UcPtfYMsf5T37jtkxjR3ZhRF3w,001ff8aa5f0c04d352170d7f85833b6c8fd4c442e5e29421dffbc128a534c1bc,946689349,946689340,8,1,0,0,116.0685,434,5
run6-tbt-10s,1,nazionale,10,none,true,100,435,5,1,m2,1AagzGnptAGnvYUunCiqyFBo5P7Zyq7h7kcijs,316428,4,406,1.0,316428.0,1223917.0,0.258537,1.96995514e-06,0.62334897,0.53614589,0.91028,-0.583,5.000,13.986,13.9862,0.0002,1,,0,2,2,0,0,m1,1VLpfZJuzKm3UcPtfYMsf5T37jtkxjR3ZhRF3w,001ff8aa5f0c04d352170d7f85833b6c8fd4c442e5e29421dffbc128a534c1bc,946689349,946689340,8,1,0,0,112.1526,434,
run6-tbt-10s,1,nazionale,10,none,true,100,435,5,1,m3,1CsyzTjErfmoC3PFDMJbGZZqJu6EUYCh2wKkBq,77424,4,406,1.0,77424.0,1223917.0,0.063259,8.60324311e-06,0.66609749,0.51370942,0.99997327,-0.583,5.000,14.883,14.8831,0.0001,1,,0,3,3,0,0,m1,1VLpfZJuzKm3UcPtfYMsf5T37jtkxjR3ZhRF3w,001ff8aa5f0c04d352170d7f85833b6c8fd4c442e5e29421dffbc128a534c1bc,946689349,946689340,8,1,0,0,22.7093,434,
run6-tbt-10s,1,nazionale,10,none,true,100,436,5,1,m1,1VLpfZJuzKm3UcPtfYMsf5T37jtkxjR3ZhRF3w,830065,4,406,1.0,830065.0,1223917.0,0.678204,1.3561098e-06,1.12565928,0.3244385,0.80981649,-0.167,5.000,13.065,13.0648,-0.0002,1,,1,1,1,1,1,m1,1VLpfZJuzKm3UcPtfYMsf5T37jtkxjR3ZhRF3w,00cf7f01ba9728677681b1df0411e6e33725837f64b98ccf11bdc3ccb605dae0,946689362,946689349,13,1,0,0,116.0685,434,6
run6-tbt-10s,1,nazionale,10,none,true,100,436,5,1,m2,1AagzGnptAGnvYUunCiqyFBo5P7Zyq7h7kcijs,316428,4,406,1.0,316428.0,1223917.0,0.258537,2.39263568e-06,0.75709692,0.46902607,0.94651679,-0.167,5.000,14.432,14.4318,-0.0002,1,,0,2,2,0,0,m1,1VLpfZJuzKm3UcPtfYMsf5T37jtkxjR3ZhRF3w,00cf7f01ba9728677681b1df0411e6e33725837f64b98ccf11bdc3ccb605dae0,946689362,946689349,13,1,0,0,112.1526,434,
run6-tbt-10s,1,nazionale,10,none,true,100,436,5,1,m3,1CsyzTjErfmoC3PFDMJbGZZqJu6EUYCh2wKkBq,77424,4,406,1.0,77424.0,1223917.0,0.063259,5.70027338e-06,0.44133797,0.6431753,0.99906659,-0.167,5.000,14.957,14.9573,0.0003,1,,0,3,3,0,0,m1,1VLpfZJuzKm3UcPtfYMsf5T37jtkxjR3ZhRF3w,00cf7f01ba9728677681b1df0411e6e33725837f64b98ccf11bdc3ccb605dae0,946689362,946689349,13,1,0,0,22.7093,434,
run6-tbt-10s,1,nazionale,10,none,true,100,437,5,1,m1,1VLpfZJuzKm3UcPtfYMsf5T37jtkxjR3ZhRF3w,830065,4,406,1.0,830065.0,1223917.0,0.678204,8.11095363e-08,0.06732619,0.9348902,0.09450302,-0.333,5.000,5.878,5.8784,0.0004,1,,1,1,1,1,1,m1,1VLpfZJuzKm3UcPtfYMsf5T37jtkxjR3ZhRF3w,0082cee7f4e44f913b0a53ca9c891cca4ff059992d3e42464a2bdfb4e7357251,946689369,946689362,5,1,0,0,116.0685,434,7
run6-tbt-10s,1,nazionale,10,none,true,100,437,5,1,m2,1AagzGnptAGnvYUunCiqyFBo5P7Zyq7h7kcijs,316428,4,406,1.0,316428.0,1223917.0,0.258537,1.78705798e-07,0.05654752,0.94502158,0.19645418,-0.333,5.000,6.898,6.8979,-0.0001,1,,0,2,2,0,0,m1,1VLpfZJuzKm3UcPtfYMsf5T37jtkxjR3ZhRF3w,0082cee7f4e44f913b0a53ca9c891cca4ff059992d3e42464a2bdfb4e7357251,946689369,946689362,5,1,0,0,112.1526,434,
run6-tbt-10s,1,nazionale,10,none,true,100,437,5,1,m3,1CsyzTjErfmoC3PFDMJbGZZqJu6EUYCh2wKkBq,77424,4,406,1.0,77424.0,1223917.0,0.063259,3.66708303e-05,2.83920237,0.05847229,1.0,-0.333,5.000,14.933,14.9334,0.0004,1,,0,3,3,0,0,m1,1VLpfZJuzKm3UcPtfYMsf5T37jtkxjR3ZhRF3w,0082cee7f4e44f913b0a53ca9c891cca4ff059992d3e42464a2bdfb4e7357251,946689369,946689362,5,1,0,0,22.7093,434,
run6-tbt-10s,1,nazionale,10,none,true,100,438,5,1,m1,1VLpfZJuzKm3UcPtfYMsf5T37jtkxjR3ZhRF3w,830065,4,406,1.0,830065.0,1223917.0,0.678204,7.20735746e-07,0.59825752,0.54976876,0.5860958,0.0,5.000,10.861,10.861,-0.0,1,,1,1,1,1,1,m1,1VLpfZJuzKm3UcPtfYMsf5T37jtkxjR3ZhRF3w,0046dddfe2ec580c50bc8df752200ce7dfe631ac1feb499dc15380fd090a14fe,946689380,946689369,10,1,0,0,116.7987,438,8
run6-tbt-10s,1,nazionale,10,none,true,100,438,5,1,m2,1AagzGnptAGnvYUunCiqyFBo5P7Zyq7h7kcijs,316428,4,406,1.0,316428.0,1223917.0,0.258537,5.42434334e-06,1.71641411,0.17970941,0.99869159,0.0,5.000,14.987,14.9869,-0.0001,1,,0,2,2,0,0,m1,1VLpfZJuzKm3UcPtfYMsf5T37jtkxjR3ZhRF3w,0046dddfe2ec580c50bc8df752200ce7dfe631ac1feb499dc15380fd090a14fe,946689380,946689369,10,1,0,0,112.1526,438,
run6-tbt-10s,1,nazionale,10,none,true,100,438,5,1,m3,1CsyzTjErfmoC3PFDMJbGZZqJu6EUYCh2wKkBq,77424,4,406,1.0,77424.0,1223917.0,0.063259,3.32226257e-05,2.57222857,0.07636517,1.0,0.0,5.000,15.0,15.0,0.0,1,,0,3,3,0,0,m1,1VLpfZJuzKm3UcPtfYMsf5T37jtkxjR3ZhRF3w,0046dddfe2ec580c50bc8df752200ce7dfe631ac1feb499dc15380fd090a14fe,946689380,946689369,10,1,0,0,22.7093,438,
run6-tbt-10s,1,nazionale,10,none,true,100,439,5,1,m1,1VLpfZJuzKm3UcPtfYMsf5T37jtkxjR3ZhRF3w,830065,4,406,1.0,830065.0,1223917.0,0.678204,3.7985089e-07,0.31530093,0.72956929,0.37180582,-0.25,5.000,8.668,8.6681,0.0001,1,,1,1,1,1,1,m1,1VLpfZJuzKm3UcPtfYMsf5T37jtkxjR3ZhRF3w,00e840ed1c1ac0209e61aff378ad871eaab63ed3ed1c7237d683f1c1448a72ea,946689389,946689380,8,1,0,0,116.7987,438,9
run6-tbt-10s,1,nazionale,10,none,true,100,439,5,1,m2,1AagzGnptAGnvYUunCiqyFBo5P7Zyq7h7kcijs,316428,4,406,1.0,316428.0,1223917.0,0.258537,2.18360692e-06,0.69095437,0.50109761,0.93092439,-0.25,5.000,14.259,14.2592,0.0002,1,,0,3,3,0,0,m1,1VLpfZJuzKm3UcPtfYMsf5T37jtkxjR3ZhRF3w,00e840ed1c1ac0209e61aff378ad871eaab63ed3ed1c7237d683f1c1448a72ea,946689389,946689380,8,1,0,0,112.1526,438,
run6-tbt-10s,1,nazionale,10,none,true,100,439,5,1,m3,1CsyzTjErfmoC3PFDMJbGZZqJu6EUYCh2wKkBq,77424,4,406,1.0,77424.0,1223917.0,0.063259,7.23472631e-07,0.05601414,0.94552576,0.58747994,-0.25,5.000,10.825,10.8248,-0.0002,1,,0,2,2,0,0,m1,1VLpfZJuzKm3UcPtfYMsf5T37jtkxjR3ZhRF3w,00e840ed1c1ac0209e61aff378ad871eaab63ed3ed1c7237d683f1c1448a72ea,946689389,946689380,8,1,0,0,22.7093,438,
run6-tbt-10s,1,nazionale,10,none,true,100,440,5,1,m1,1VLpfZJuzKm3UcPtfYMsf5T37jtkxjR3ZhRF3w,830065,4,406,1.0,830065.0,1223917.0,0.678204,2.07084087e-07,0.17189325,0.84206906,0.22388435,-0.5,5.000,7.139,7.1388,-0.0002,1,,1,1,1,1,1,m1,1VLpfZJuzKm3UcPtfYMsf5T37jtkxjR3ZhRF3w,004e16d458e8499afcba345936984f96c381e5ceef54a095e3546ce9498b9c41,946689396,946689389,7,1,0,0,116.7987,438,10
run6-tbt-10s,1,nazionale,10,none,true,100,440,5,1,m2,1AagzGnptAGnvYUunCiqyFBo5P7Zyq7h7kcijs,316428,4,406,1.0,316428.0,1223917.0,0.258537,2.11651864e-06,0.66972576,0.51184893,0.9250132,-0.5,5.000,14.15,14.1501,0.0001,1,,0,2,2,0,0,m1,1VLpfZJuzKm3UcPtfYMsf5T37jtkxjR3ZhRF3w,004e16d458e8499afcba345936984f96c381e5ceef54a095e3546ce9498b9c41,946689396,946689389,7,1,0,0,112.1526,438,
run6-tbt-10s,1,nazionale,10,none,true,100,440,5,1,m3,1CsyzTjErfmoC3PFDMJbGZZqJu6EUYCh2wKkBq,77424,4,406,1.0,77424.0,1223917.0,0.063259,1.90289079e-05,1.47329417,0.22916932,1.0,-0.5,5.000,14.9,14.9,-0.0,1,,0,3,3,0,0,m1,1VLpfZJuzKm3UcPtfYMsf5T37jtkxjR3ZhRF3w,004e16d458e8499afcba345936984f96c381e5ceef54a095e3546ce9498b9c41,946689396,946689389,7,1,0,0,22.7093,438,
run6-tbt-10s,1,nazionale,10,none,true,100,441,5,1,m1,1VLpfZJuzKm3UcPtfYMsf5T37jtkxjR3ZhRF3w,830065,4,406,1.0,830065.0,1223917.0,0.678204,2.54631057e-06,2.11360328,0.1208019,0.95568681,0.167,5.000,14.59,14.5903,0.0003,1,,0,2,2,0,0,m2,1AagzGnptAGnvYUunCiqyFBo5P7Zyq7h7kcijs,00c75749dd6f95b74cdbc0668bc41459e33deb85eba877dcc6f20127175ed12a,946689410,946689396,12,1,0,0,117.2479,441,
run6-tbt-10s,1,nazionale,10,none,true,100,441,5,1,m2,1AagzGnptAGnvYUunCiqyFBo5P7Zyq7h7kcijs,316428,4,406,1.0,316428.0,1223917.0,0.258537,1.28405563e-06,0.40631115,0.66610287,0.79228275,0.167,5.000,12.956,12.9562,0.0002,1,,1,1,1,1,1,m2,1AagzGnptAGnvYUunCiqyFBo5P7Zyq7h7kcijs,00c75749dd6f95b74cdbc0668bc41459e33deb85eba877dcc6f20127175ed12a,946689410,946689396,12,1,0,0,112.1526,441,1
run6-tbt-10s,1,nazionale,10,none,true,100,441,5,1,m3,1CsyzTjErfmoC3PFDMJbGZZqJu6EUYCh2wKkBq,77424,4,406,1.0,77424.0,1223917.0,0.063259,5.22209409e-06,0.40431541,0.66743357,0.99832411,0.167,5.000,15.017,15.0166,-0.0004,1,,0,3,3,0,0,m2,1AagzGnptAGnvYUunCiqyFBo5P7Zyq7h7kcijs,00c75749dd6f95b74cdbc0668bc41459e33deb85eba877dcc6f20127175ed12a,946689410,946689396,12,1,0,0,22.7093,441,
run6-tbt-10s,1,nazionale,10,none,true,100,442,5,1,m1,1VLpfZJuzKm3UcPtfYMsf5T37jtkxjR3ZhRF3w,830065,4,406,1.0,830065.0,1223917.0,0.678204,3.67675137e-06,3.05194263,0.04726701,0.98889143,0.0,5.000,14.889,14.8889,-0.0001,1,,0,2,2,0,0,m2,1AagzGnptAGnvYUunCiqyFBo5P7Zyq7h7kcijs,0023c1fa675c4c28fbaaca184174145e48ebc2e128ac7a03d0d61bf565ecee8f,946689424,946689410,13,1,0,0,117.2479,441,
run6-tbt-10s,1,nazionale,10,none,true,100,442,5,1,m2,1AagzGnptAGnvYUunCiqyFBo5P7Zyq7h7kcijs,316428,4,406,1.0,316428.0,1223917.0,0.258537,1.8171041e-06,0.57498262,0.56271465,0.89182279,0.0,5.000,13.918,13.9182,0.0002,1,,1,1,1,1,1,m2,1AagzGnptAGnvYUunCiqyFBo5P7Zyq7h7kcijs,0023c1fa675c4c28fbaaca184174145e48ebc2e128ac7a03d0d61bf565ecee8f,946689424,946689410,13,1,0,0,112.1526,441,2
run6-tbt-10s,1,nazionale,10,none,true,100,442,5,1,m3,1CsyzTjErfmoC3PFDMJbGZZqJu6EUYCh2wKkBq,77424,4,406,1.0,77424.0,1223917.0,0.063259,1.8909602e-05,1.46405703,0.23129599,1.0,0.0,5.000,15.0,15.0,-0.0,1,,0,3,3,0,0,m2,1AagzGnptAGnvYUunCiqyFBo5P7Zyq7h7kcijs,0023c1fa675c4c28fbaaca184174145e48ebc2e128ac7a03d0d61bf565ecee8f,946689424,946689410,13,1,0,0,22.7093,441,
run6-tbt-10s,1,nazionale,10,none,true,100,443,5,1,m1,1VLpfZJuzKm3UcPtfYMsf5T37jtkxjR3ZhRF3w,830065,4,406,1.0,830065.0,1223917.0,0.678204,2.26424175e-07,0.18794678,0.8286588,0.2420398,-0.667,5.000,7.287,7.287,-0.0,1,,1,1,1,1,1,m1,1VLpfZJuzKm3UcPtfYMsf5T37jtkxjR3ZhRF3w,00c26114e1ffe617f7db0507f1e44fdb5ec0bdbb22afd0fc052bb156fe8084d6,946689433,946689424,7,1,0,0,117.2479,443,1
run6-tbt-10s,1,nazionale,10,none,true,100,443,5,1,m2,1AagzGnptAGnvYUunCiqyFBo5P7Zyq7h7kcijs,316428,4,406,1.0,316428.0,1223917.0,0.258537,2.3982906e-06,0.7588863,0.46818756,0.94688568,-0.667,5.000,14.336,14.3355,-0.0005,1,,0,2,2,0,0,m1,1VLpfZJuzKm3UcPtfYMsf5T37jtkxjR3ZhRF3w,00c26114e1ffe617f7db0507f1e44fdb5ec0bdbb22afd0fc052bb156fe8084d6,946689433,946689424,7,1,0,0,112.7702,443,
run6-tbt-10s,1,nazionale,10,none,true,100,443,5,1,m3,1CsyzTjErfmoC3PFDMJbGZZqJu6EUYCh2wKkBq,77424,4,406,1.0,77424.0,1223917.0,0.063259,4.72574615e-06,0.36588617,0.69358175,0.99692337,-0.667,5.000,14.836,14.8358,-0.0002,1,,0,3,3,0,0,m1,1VLpfZJuzKm3UcPtfYMsf5T37jtkxjR3ZhRF3w,00c26114e1ffe617f7db0507f1e44fdb5ec0bdbb22afd0fc052bb156fe8084d6,946689433,946689424,7,1,0,0,22.7093,443,
run6-tbt-10s,1,nazionale,10,none,true,100,444,5,1,m1,1VLpfZJuzKm3UcPtfYMsf5T37jtkxjR3ZhRF3w,830065,4,406,1.0,830065.0,1223917.0,0.678204,4.65268662e-07,0.38620323,0.67963239,0.43416356,-0.667,5.000,9.208,9.2082,0.0002,1,,1,1,1,1,1,m1,1VLpfZJuzKm3UcPtfYMsf5T37jtkxjR3ZhRF3w,007aadb7466f9201cd71f8b13745c7a75be0742735949c608f679539e1cdca38,946689443,946689433,9,1,0,0,117.2479,443,2
run6-tbt-10s,1,nazionale,10,none,true,100,444,5,1,m2,1AagzGnptAGnvYUunCiqyFBo5P7Zyq7h7kcijs,316428,4,406,1.0,316428.0,1223917.0,0.258537,6.14587518e-06,1.94472699,0.14302627,0.99945897,-0.667,5.000,14.861,14.8612,0.0002,1,,0,2,2,0,0,m1,1VLpfZJuzKm3UcPtfYMsf5T37jtkxjR3ZhRF3w,007aadb7466f9201cd71f8b13745c7a75be0742735949c608f679539e1cdca38,946689443,946689433,9,1,0,0,112.7702,443,
run6-tbt-10s,1,nazionale,10,none,true,100,444,5,1,m3,1CsyzTjErfmoC3PFDMJbGZZqJu6EUYCh2wKkBq,77424,4,406,1.0,77424.0,1223917.0,0.063259,7.94112389e-06,0.61483358,0.54073088,0.99993989,-0.667,5.000,14.866,14.866,-0.0,1,,0,3,3,0,0,m1,1VLpfZJuzKm3UcPtfYMsf5T37jtkxjR3ZhRF3w,007aadb7466f9201cd71f8b13745c7a75be0742735949c608f679539e1cdca38,946689443,946689433,9,1,0,0,22.7093,443,
run6-tbt-10s,1,nazionale,10,none,true,100,445,5,1,m1,1VLpfZJuzKm3UcPtfYMsf5T37jtkxjR3ZhRF3w,830065,4,406,1.0,830065.0,1223917.0,0.678204,1.20862811e-06,1.00323989,0.36668948,0.77219391,-0.5,5.000,12.622,12.6219,-0.0001,1,,1,2,2,0,0,m1,1VLpfZJuzKm3UcPtfYMsf5T37jtkxjR3ZhRF3w,00fae9cfaccf7254de29bc842d4ae3a83b28dcbb417a028c4e2c5b997d168446,946689456,946689443,12,1,0,0,117.2479,443,3
run6-tbt-10s,1,nazionale,10,none,true,100,445,5,1,m2,1AagzGnptAGnvYUunCiqyFBo5P7Zyq7h7kcijs,316428,4,406,1.0,316428.0,1223917.0,0.258537,2.702976e-06,0.85529729,0.42515678,0.96341871,-0.5,5.000,14.534,14.5342,0.0002,1,,0,3,3,0,0,m1,1VLpfZJuzKm3UcPtfYMsf5T37jtkxjR3ZhRF3w,00fae9cfaccf7254de29bc842d4ae3a83b28dcbb417a028c4e2c5b997d168446,946689456,946689443,12,1,0,0,112.7702,443,
run6-tbt-10s,1,nazionale,10,none,true,100,445,5,1,m3,1CsyzTjErfmoC3PFDMJbGZZqJu6EUYCh2wKkBq,77424,4,406,1.0,77424.0,1223917.0,0.063259,1.17137782e-06,0.09069276,0.91329827,0.76156755,-0.5,5.000,12.516,12.5157,-0.0003,1,,0,1,1,1,1,m1,1VLpfZJuzKm3UcPtfYMsf5T37jtkxjR3ZhRF3w,00fae9cfaccf7254de29bc842d4ae3a83b28dcbb417a028c4e2c5b997d168446,946689456,946689443,12,1,0,0,22.7093,443,
run6-tbt-10s,1,nazionale,10,none,true,100,446,5,1,m1,1VLpfZJuzKm3UcPtfYMsf5T37jtkxjR3ZhRF3w,830065,4,406,1.0,830065.0,1223917.0,0.678204,4.69377418e-07,0.38961377,0.67731843,0.43700189,-0.333,5.000,9.303,9.3034,0.0004,1,,1,1,1,1,1,m1,1VLpfZJuzKm3UcPtfYMsf5T37jtkxjR3ZhRF3w,003a0cc111b1ca4890924d8ff858ca7516d3079695fe1121b34c165d7f6ad198,946689466,946689456,9,1,0,0,117.8657,446,4
run6-tbt-10s,1,nazionale,10,none,true,100,446,5,1,m2,1AagzGnptAGnvYUunCiqyFBo5P7Zyq7h7kcijs,316428,4,406,1.0,316428.0,1223917.0,0.258537,6.41967038e-06,2.03136346,0.13115657,0.99961302,-0.333,5.000,14.929,14.9295,0.0005,1,,0,2,2,0,0,m1,1VLpfZJuzKm3UcPtfYMsf5T37jtkxjR3ZhRF3w,003a0cc111b1ca4890924d8ff858ca7516d3079695fe1121b34c165d7f6ad198,946689466,946689456,9,1,0,0,112.7702,446,
run6-tbt-10s,1,nazionale,10,none,true,100,446,5,1,m3,1CsyzTjErfmoC3PFDMJbGZZqJu6EUYCh2wKkBq,77424,4,406,1.0,77424.0,1223917.0,0.063259,1.70008178e-05,1.31627132,0.26813322,1.0,-0.333,5.000,14.933,14.9334,0.0004,1,,0,3,3,0,0,m1,1VLpfZJuzKm3UcPtfYMsf5T37jtkxjR3ZhRF3w,003a0cc111b1ca4890924d8ff858ca7516d3079695fe1121b34c165d7f6ad198,946689466,946689456,9,1,0,0,22.7093,446,
run6-tbt-10s,1,nazionale,10,none,true,100,447,5,1,m1,1VLpfZJuzKm3UcPtfYMsf5T37jtkxjR3ZhRF3w,830065,4,406,1.0,830065.0,1223917.0,0.678204,2.27296616e-07,0.18867097,0.82805892,0.24284871,-0.5,5.000,7.328,7.3285,0.0005,1,,1,1,1,1,1,m1,1VLpfZJuzKm3UcPtfYMsf5T37jtkxjR3ZhRF3w,0028adae37c1c1f7d754080d0228484df39dc424cb96cb0fb34754385a747da2,946689474,946689466,7,1,0,0,117.8657,446,5
run6-tbt-10s,1,nazionale,10,none,true,100,447,5,1,m2,1AagzGnptAGnvYUunCiqyFBo5P7Zyq7h7kcijs,316428,4,406,1.0,316428.0,1223917.0,0.258537,9.70490378e-06,3.07090329,0.04637924,0.99999306,-0.5,5.000,14.9,14.8999,-0.0001,1,,0,3,3,0,0,m1,1VLpfZJuzKm3UcPtfYMsf5T37jtkxjR3ZhRF3w,0028adae37c1c1f7d754080d0228484df39dc424cb96cb0fb34754385a747da2,946689474,946689466,7,1,0,0,112.7702,446,
run6-tbt-10s,1,nazionale,10,none,true,100,447,5,1,m3,1CsyzTjErfmoC3PFDMJbGZZqJu6EUYCh2wKkBq,77424,4,406,1.0,77424.0,1223917.0,0.063259,7.71434657e-06,0.59727557,0.55030887,0.99992066,-0.5,5.000,14.899,14.8992,0.0002,1,,0,2,2,0,0,m1,1VLpfZJuzKm3UcPtfYMsf5T37jtkxjR3ZhRF3w,0028adae37c1c1f7d754080d0228484df39dc424cb96cb0fb34754385a747da2,946689474,946689466,7,1,0,0,22.7093,446,
run6-tbt-10s,1,nazionale,10,none,true,100,448,5,1,m1,1VLpfZJuzKm3UcPtfYMsf5T37jtkxjR3ZhRF3w,830065,4,406,1.0,830065.0,1223917.0,0.678204,3.01761808e-07,0.25048192,0.77842556,0.30880369,-0.417,5.000,8.005,8.0046,-0.0004,1,,1,1,1,1,1,m1,1VLpfZJuzKm3UcPtfYMsf5T37jtkxjR3ZhRF3w,003b12796fe21b4f089475cc9a82026094131c3fbc725973206f6658e4bbeadd,946689482,946689474,8,1,0,0,117.8657,446,6
run6-tbt-10s,1,nazionale,10,none,true,100,448,5,1,m2,1AagzGnptAGnvYUunCiqyFBo5P7Zyq7h7kcijs,316428,4,406,1.0,316428.0,1223917.0,0.258537,5.45159313e-06,1.72503671,0.17816651,0.99873451,-0.417,5.000,14.904,14.9039,-0.0001,1,,0,2,2,0,0,m1,1VLpfZJuzKm3UcPtfYMsf5T37jtkxjR3ZhRF3w,003b12796fe21b4f089475cc9a82026094131c3fbc725973206f6658e4bbeadd,946689482,946689474,8,1,0,0,112.7702,446,
run6-tbt-10s,1,nazionale,10,none,true,100,448,5,1,m3,1CsyzTjErfmoC3PFDMJbGZZqJu6EUYCh2wKkBq,77424,4,406,1.0,77424.0,1223917.0,0.063259,5.46399449e-06,0.42304431,0.65504961,0.99875357,-0.417,5.000,14.904,14.9041,0.0001,1,,0,3,3,0,0,m1,1VLpfZJuzKm3UcPtfYMsf5T37jtkxjR3ZhRF3w,003b12796fe21b4f089475cc9a82026094131c3fbc725973206f6658e4bbeadd,946689482,946689474,8,1,0,0,22.7093,446,
run6-tbt-10s,1,nazionale,10,none,true,100,449,5,1,m1,1VLpfZJuzKm3UcPtfYMsf5T37jtkxjR3ZhRF3w,830065,4,406,1.0,830065.0,1223917.0,0.678204,8.01614513e-07,0.66539215,0.51407189,0.62510513,0.0,5.000,11.251,11.2511,0.0001,1,,1,1,1,1,1,m1,1VLpfZJuzKm3UcPtfYMsf5T37jtkxjR3ZhRF3w,00cf19d67cd89f3daedf06d386c407ab0abedd2778afcfe3c2fa8d90ee123ae1,946689494,946689482,11,1,0,0,118.4273,449,7
run6-tbt-10s,1,nazionale,10,none,true,100,449,5,1,m2,1AagzGnptAGnvYUunCiqyFBo5P7Zyq7h7kcijs,316428,4,406,1.0,316428.0,1223917.0,0.258537,1.03357462e-06,0.32705195,0.72104628,0.7177634,0.0,5.000,12.178,12.1776,-0.0004,1,,0,2,2,0,0,m1,1VLpfZJuzKm3UcPtfYMsf5T37jtkxjR3ZhRF3w,00cf19d67cd89f3daedf06d386c407ab0abedd2778afcfe3c2fa8d90ee123ae1,946689494,946689482,11,1,0,0,112.7702,449,
run6-tbt-10s,1,nazionale,10,none,true,100,449,5,1,m3,1CsyzTjErfmoC3PFDMJbGZZqJu6EUYCh2wKkBq,77424,4,406,1.0,77424.0,1223917.0,0.063259,3.42004007e-06,0.26479318,0.76736464,0.98479065,0.0,5.000,14.848,14.8479,-0.0001,1,,0,3,3,0,0,m1,1VLpfZJuzKm3UcPtfYMsf5T37jtkxjR3ZhRF3w,00cf19d67cd89f3daedf06d386c407ab0abedd2778afcfe3c2fa8d90ee123ae1,946689494,946689482,11,1,0,0,22.7093,449,
run6-tbt-10s,1,nazionale,10,none,true,100,450,5,1,m1,1VLpfZJuzKm3UcPtfYMsf5T37jtkxjR3ZhRF3w,830065,4,406,1.0,830065.0,1223917.0,0.678204,2.86690207e-06,2.37971507,0.09257695,0.97006869,-0.417,5.000,14.617,14.6173,0.0003,1,,1,1,1,1,1,m1,1VLpfZJuzKm3UcPtfYMsf5T37jtkxjR3ZhRF3w,008de5e2c950184db984a60240c43463b2a904575b19c11da29ac046f3886d21,946689510,946689494,14,1,0,0,118.4273,449,8
run6-tbt-10s,1,nazionale,10,none,true,100,450,5,1,m2,1AagzGnptAGnvYUunCiqyFBo5P7Zyq7h7kcijs,316428,4,406,1.0,316428.0,1223917.0,0.258537,4.23368473e-06,1.33965639,0.26193566,0.99438143,-0.417,5.000,14.86,14.8604,0.0004,1,,0,2,2,0,0,m1,1VLpfZJuzKm3UcPtfYMsf5T37jtkxjR3ZhRF3w,008de5e2c950184db984a60240c43463b2a904575b19c11da29ac046f3886d21,946689510,946689494,14,1,0,0,112.7702,449,
run6-tbt-10s,1,nazionale,10,none,true,100,450,5,1,m3,1CsyzTjErfmoC3PFDMJbGZZqJu6EUYCh2wKkBq,77424,4,406,1.0,77424.0,1223917.0,0.063259,1.47041931e-05,1.13845745,0.32031274,0.99999998,-0.417,5.000,14.917,14.9166,-0.0004,1,,0,3,3,0,0,m1,1VLpfZJuzKm3UcPtfYMsf5T37jtkxjR3ZhRF3w,008de5e2c950184db984a60240c43463b2a904575b19c11da29ac046f3886d21,946689510,946689494,14,1,0,0,22.7093,449,
run6-tbt-10s,1,nazionale,10,none,true,100,451,5,1,m1,1VLpfZJuzKm3UcPtfYMsf5T37jtkxjR3ZhRF3w,830065,4,406,1.0,830065.0,1223917.0,0.678204,1.01917106e-07,0.08459782,0.91888176,0.11727192,-0.833,5.000,6.006,6.0061,0.0001,1,,1,1,1,1,1,m1,1VLpfZJuzKm3UcPtfYMsf5T37jtkxjR3ZhRF3w,00f4c91d92ec16cc51bf351ed0b6a410a39fa536daddc280c4eaf2f8f6ca0283,946689516,946689510,6,1,0,0,118.4273,449,9
run6-tbt-10s,1,nazionale,10,none,true,100,451,5,1,m2,1AagzGnptAGnvYUunCiqyFBo5P7Zyq7h7kcijs,316428,4,406,1.0,316428.0,1223917.0,0.258537,1.83157287e-06,0.57956094,0.56014425,0.8937216,-0.833,5.000,13.771,13.7706,-0.0004,1,,0,2,2,0,0,m1,1VLpfZJuzKm3UcPtfYMsf5T37jtkxjR3ZhRF3w,00f4c91d92ec16cc51bf351ed0b6a410a39fa536daddc280c4eaf2f8f6ca0283,946689516,946689510,6,1,0,0,112.7702,449,
run6-tbt-10s,1,nazionale,10,none,true,100,451,5,1,m3,1CsyzTjErfmoC3PFDMJbGZZqJu6EUYCh2wKkBq,77424,4,406,1.0,77424.0,1223917.0,0.063259,2.39504452e-05,1.85433927,0.15655635,1.0,-0.833,5.000,14.833,14.8334,0.0004,1,,0,3,3,0,0,m1,1VLpfZJuzKm3UcPtfYMsf5T37jtkxjR3ZhRF3w,00f4c91d92ec16cc51bf351ed0b6a410a39fa536daddc280c4eaf2f8f6ca0283,946689516,946689510,6,1,0,0,22.7093,449,
run6-tbt-10s,1,nazionale,10,none,true,100,452,5,1,m1,1VLpfZJuzKm3UcPtfYMsf5T37jtkxjR3ZhRF3w,830065,4,406,1.0,830065.0,1223917.0,0.678204,5.06871452e-07,0.42073625,0.65656325,0.46225381,-0.583,5.000,9.506,9.5059,-0.0001,1,,1,1,1,1,1,m1,1VLpfZJuzKm3UcPtfYMsf5T37jtkxjR3ZhRF3w,0058a2e5f40c05d4fc5570b1ee9f5035bfc6598542f6fabecd738406e85abdca,946689526,946689516,9,1,0,0,119.3817,452,10
run6-tbt-10s,1,nazionale,10,none,true,100,452,5,1,m2,1AagzGnptAGnvYUunCiqyFBo5P7Zyq7h7kcijs,316428,4,406,1.0,316428.0,1223917.0,0.258537,1.1104463e-06,0.3513763,0.70371889,0.74310661,-0.583,5.000,12.314,12.3145,0.0005,1,,0,2,2,0,0,m1,1VLpfZJuzKm3UcPtfYMsf5T37jtkxjR3ZhRF3w,0058a2e5f40c05d4fc5570b1ee9f5035bfc6598542f6fabecd738406e85abdca,946689526,946689516,9,1,0,0,112.7702,452,
run6-tbt-10s,1,nazionale,10,none,true,100,452,5,1,m3,1CsyzTjErfmoC3PFDMJbGZZqJu6EUYCh2wKkBq,77424,4,406,1.0,77424.0,1223917.0,0.063259,3.55566767e-06,0.27529401,0.75934883,0.98711694,-0.583,5.000,14.755,14.7546,-0.0004,1,,0,3,3,0,0,m1,1VLpfZJuzKm3UcPtfYMsf5T37jtkxjR3ZhRF3w,0058a2e5f40c05d4fc5570b1ee9f5035bfc6598542f6fabecd738406e85abdca,946689526,946689516,9,1,0,0,22.7093,452,
run6-tbt-10s,1,nazionale,10,none,true,100,453,5,1,m1,1VLpfZJuzKm3UcPtfYMsf5T37jtkxjR3ZhRF3w,830065,4,406,1.0,830065.0,1223917.0,0.678204,1.47926782e-07,0.12278884,0.8844504,0.16560645,-0.833,5.000,6.489,6.4895,0.0005,1,,1,1,1,1,1,m1,1VLpfZJuzKm3UcPtfYMsf5T37jtkxjR3ZhRF3w,00238cf5ca455805a3951347b66be43f7b0ddfccc033bf003751520f1d8b2f44,946689533,946689526,6,1,0,0,119.3817,452,11
run6-tbt-10s,1,nazionale,10,none,true,100,453,5,1,m2,1AagzGnptAGnvYUunCiqyFBo5P7Zyq7h7kcijs,316428,4,406,1.0,316428.0,1223917.0,0.258537,3.14957405e-06,0.99661342,0.36912741,0.97882253,-0.833,5.000,14.622,14.6216,-0.0004,1,,0,2,2,0,0,m1,1VLpfZJuzKm3UcPtfYMsf5T37jtkxjR3ZhRF3w,00238cf5ca455805a3951347b66be43f7b0ddfccc033bf003751520f1d8b2f44,946689533,946689526,6,1,0,0,112.7702,452,
run6-tbt-10s,1,nazionale,10,none,true,100,453,5,1,m3,1CsyzTjErfmoC3PFDMJbGZZqJu6EUYCh2wKkBq,77424,4,406,1.0,77424.0,1223917.0,0.063259,6.93332996e-06,0.53680614,0.58461244,0.99979363,-0.833,5.000,14.831,14.8313,0.0003,1,,0,3,3,0,0,m1,1VLpfZJuzKm3UcPtfYMsf5T37jtkxjR3ZhRF3w,00238cf5ca455805a3951347b66be43f7b0ddfccc033bf003751520f1d8b2f44,946689533,946689526,6,1,0,0,22.7093,452,
run6-tbt-10s,1,nazionale,10,none,true,100,454,5,1,m1,1VLpfZJuzKm3UcPtfYMsf5T37jtkxjR3ZhRF3w,830065,4,406,1.0,830065.0,1223917.0,0.678204,7.24126321e-08,0.06010719,0.94166359,0.08481317,-0.25,5.000,5.798,5.7981,0.0001,1,,1,1,1,1,1,m1,1VLpfZJuzKm3UcPtfYMsf5T37jtkxjR3ZhRF3w,002badeaae6c48f06e7e8e29891e592289fb35819780466dfd6f65ed238280f1,946689540,946689533,5,1,0,0,119.3817,452,12
run6-tbt-10s,1,nazionale,10,none,true,100,454,5,1,m2,1AagzGnptAGnvYUunCiqyFBo5P7Zyq7h7kcijs,316428,4,406,1.0,316428.0,1223917.0,0.258537,4.30807867e-06,1.36319672,0.25584161,0.99487042,-0.25,5.000,14.899,14.8987,-0.0003,1,,0,3,3,0,0,m1,1VLpfZJuzKm3UcPtfYMsf5T37jtkxjR3ZhRF3w,002badeaae6c48f06e7e8e29891e592289fb35819780466dfd6f65ed238280f1,946689540,946689533,5,1,0,0,112.7702,452,
run6-tbt-10s,1,nazionale,10,none,true,100,454,5,1,m3,1CsyzTjErfmoC3PFDMJbGZZqJu6EUYCh2wKkBq,77424,4,406,1.0,77424.0,1223917.0,0.063259,2.22304894e-07,0.01721173,0.98293554,0.23820877,-0.25,5.000,7.332,7.3321,0.0001,1,,0,2,2,0,0,m1,1VLpfZJuzKm3UcPtfYMsf5T37jtkxjR3ZhRF3w,002badeaae6c48f06e7e8e29891e592289fb35819780466dfd6f65ed238280f1,946689540,946689533,5,1,0,0,22.7093,452,
run6-tbt-10s,1,nazionale,10,none,true,100,455,5,1,m1,1VLpfZJuzKm3UcPtfYMsf5T37jtkxjR3ZhRF3w,830065,4,406,1.0,830065.0,1223917.0,0.678204,2.33006384e-06,1.93410444,0.14455367,0.94225998,0.333,5.000,14.489,14.4892,0.0002,1,,1,1,1,1,1,m1,1VLpfZJuzKm3UcPtfYMsf5T37jtkxjR3ZhRF3w,00937e9038e3ed026148a3501369b973388f3abf315822847e65597102daa8b9,946689555,946689540,14,1,0,0,119.4939,455,13
run6-tbt-10s,1,nazionale,10,none,true,100,455,5,1,m2,1AagzGnptAGnvYUunCiqyFBo5P7Zyq7h7kcijs,316428,4,406,1.0,316428.0,1223917.0,0.258537,2.81908533e-06,0.89203753,0.40981988,0.96826473,0.333,5.000,14.749,14.7492,0.0002,1,,0,2,2,0,0,m1,1VLpfZJuzKm3UcPtfYMsf5T37jtkxjR3ZhRF3w,00937e9038e3ed026148a3501369b973388f3abf315822847e65597102daa8b9,946689555,946689540,14,1,0,0,112.7702,455,
run6-tbt-10s,1,nazionale,10,none,true,100,455,5,1,m3,1CsyzTjErfmoC3PFDMJbGZZqJu6EUYCh2wKkBq,77424,4,406,1.0,77424.0,1223917.0,0.063259,2.45763885e-05,1.9028023,0.14915007,1.0,0.333,5.000,15.067,15.0666,-0.0004,1,,0,3,3,0,0,m1,1VLpfZJuzKm3UcPtfYMsf5T37jtkxjR3ZhRF3w,00937e9038e3ed026148a3501369b973388f3abf315822847e65597102daa8b9,946689555,946689540,14,1,0,0,22.7093,455,
run6-tbt-10s,1,nazionale,10,none,true,100,456,5,1,m1,1VLpfZJuzKm3UcPtfYMsf5T37jtkxjR3ZhRF3w,830065,4,406,1.0,830065.0,1223917.0,0.678204,2.7427013e-07,0.22766204,0.79639337,0.28515095,-0.167,5.000,7.818,7.8181,0.0001,1,,1,1,1,1,1,m1,1VLpfZJuzKm3UcPtfYMsf5T37jtkxjR3ZhRF3w,008916b0e891453ef9e81b6a2ab1ffaa445c34545d1df5332d9664fefd8f00a9,946689564,946689555,7,1,0,0,119.4939,455,14
run6-tbt-10s,1,nazionale,10,none,true,100,456,5,1,m2,1AagzGnptAGnvYUunCiqyFBo5P7Zyq7h7kcijs,316428,4,406,1.0,316428.0,1223917.0,0.258537,1.11669141e-05,3.53352429,0.02920182,0.99999884,-0.167,5.000,14.967,14.9666,-0.0004,1,,0,2,2,0,0,m1,1VLpfZJuzKm3UcPtfYMsf5T37jtkxjR3ZhRF3w,008916b0e891453ef9e81b6a2ab1ffaa445c34545d1df5332d9664fefd8f00a9,946689564,946689555,7,1,0,0,112.7702,455,
run6-tbt-10s,1,nazionale,10,none,true,100,456,5,1,m3,1CsyzTjErfmoC3PFDMJbGZZqJu6EUYCh2wKkBq,77424,4,406,1.0,77424.0,1223917.0,0.063259,3.58447648e-05,2.77524507,0.0623342,1.0,-0.167,5.000,14.967,14.9666,-0.0004,1,,0,3,3,0,0,m1,1VLpfZJuzKm3UcPtfYMsf5T37jtkxjR3ZhRF3w,008916b0e891453ef9e81b6a2ab1ffaa445c34545d1df5332d9664fefd8f00a9,946689564,946689555,7,1,0,0,22.7093,455,
run6-tbt-10s,1,nazionale,10,none,true,100,457,5,1,m1,1VLpfZJuzKm3UcPtfYMsf5T37jtkxjR3ZhRF3w,830065,4,406,1.0,830065.0,1223917.0,0.678204,2.68178914e-07,0.22260593,0.80043021,0.27980173,-0.083,5.000,7.781,7.7814,0.0004,1,,1,1,1,1,1,m1,1VLpfZJuzKm3UcPtfYMsf5T37jtkxjR3ZhRF3w,00f76a566f7a904f3edcfcc238e18097c22608d4c3e3985eb31a172808207575,946689573,946689564,7,1,0,0,119.4939,455,15
run6-tbt-10s,1,nazionale,10,none,true,100,457,5,1,m2,1AagzGnptAGnvYUunCiqyFBo5P7Zyq7h7kcijs,316428,4,406,1.0,316428.0,1223917.0,0.258537,4.62568968e-06,1.46369773,0.23137911,0.99652256,-0.083,5.000,14.949,14.9486,-0.0004,1,,0,2,2,0,0,m1,1VLpfZJuzKm3UcPtfYMsf5T37jtkxjR3ZhRF3w,00f76a566f7a904f3edcfcc238e18097c22608d4c3e3985eb31a172808207575,946689573,946689564,7,1,0,0,112.7702,455,
run6-tbt-10s,1,nazionale,10,none,true,100,457,5,1,m3,1CsyzTjErfmoC3PFDMJbGZZqJu6EUYCh2wKkBq,77424,4,406,1.0,77424.0,1223917.0,0.063259,2.82604943e-05,2.18804051,0.11213626,1.0,-0.083,5.000,14.983,14.9834,0.0004,1,,0,3,3,0,0,m1,1VLpfZJuzKm3UcPtfYMsf5T37jtkxjR3ZhRF3w,00f76a566f7a904f3edcfcc238e18097c22608d4c3e3985eb31a172808207575,946689573,946689564,7,1,0,0,22.7093,455,
run6-tbt-10s,1,nazionale,10,none,true,100,458,5,1,m1,1VLpfZJuzKm3UcPtfYMsf5T37jtkxjR3ZhRF3w,830065,4,406,1.0,830065.0,1223917.0,0.678204,1.70158962e-06,1.41242999,0.24355074,0.87539474,0.25,5.000,13.804,13.8039,-0.0001,1,,0,2,2,0,0,m2,1AagzGnptAGnvYUunCiqyFBo5P7Zyq7h7kcijs,00f78a1be8d9c9cbf1927595cada58f9a1df64f70a3130694faaad8a85f5b547,946689584,946689573,9,1,0,0,120.2237,458,
run6-tbt-10s,1,nazionale,10,none,true,100,458,5,1,m2,1AagzGnptAGnvYUunCiqyFBo5P7Zyq7h7kcijs,316428,4,406,1.0,316428.0,1223917.0,0.258537,4.75420561e-07,0.15043638,0.86033246,0.44115063,0.25,5.000,9.462,9.4615,-0.0005,1,,1,1,1,1,1,m2,1AagzGnptAGnvYUunCiqyFBo5P7Zyq7h7kcijs,00f78a1be8d9c9cbf1927595cada58f9a1df64f70a3130694faaad8a85f5b547,946689584,946689573,9,1,0,0,112.7702,458,1
run6-tbt-10s,1,nazionale,10,none,true,100,458,5,1,m3,1CsyzTjErfmoC3PFDMJbGZZqJu6EUYCh2wKkBq,77424,4,406,1.0,77424.0,1223917.0,0.063259,1.7686697e-05,1.36937483,0.25426587,1.0,0.25,5.000,15.05,15.05,-0.0,1,,0,3,3,0,0,m2,1AagzGnptAGnvYUunCiqyFBo5P7Zyq7h7kcijs,00f78a1be8d9c9cbf1927595cada58f9a1df64f70a3130694faaad8a85f5b547,946689584,946689573,9,1,0,0,22.7093,458,
run6-tbt-10s,1,nazionale,10,none,true,100,459,5,1,m1,1VLpfZJuzKm3UcPtfYMsf5T37jtkxjR3ZhRF3w,830065,4,406,1.0,830065.0,1223917.0,0.678204,1.36856147e-06,1.13599498,0.32110247,0.81269288,0.167,5.000,13.16,13.1603,0.0003,1,,1,1,1,1,1,m1,1VLpfZJuzKm3UcPtfYMsf5T37jtkxjR3ZhRF3w,005a80ad9ab3deb65967f63a6ca6e4efaa422adca4bdf311fc3090368c2b51ea,946689598,946689584,13,1,0,0,120.2237,458,1
run6-tbt-10s,1,nazionale,10,none,true,100,459,5,1,m2,1AagzGnptAGnvYUunCiqyFBo5P7Zyq7h7kcijs,316428,4,406,1.0,316428.0,1223917.0,0.258537,6.59848282e-06,2.08794472,0.12394161,0.99968909,0.167,5.000,15.03,15.0303,0.0003,1,,0,2,2,0,0,m1,1VLpfZJuzKm3UcPtfYMsf5T37jtkxjR3ZhRF3w,005a80ad9ab3deb65967f63a6ca6e4efaa422adca4bdf311fc3090368c2b51ea,946689598,946689584,13,1,0,0,112.7702,458,
run6-tbt-10s,1,nazionale,10,none,true,100,459,5,1,m3,1CsyzTjErfmoC3PFDMJbGZZqJu6EUYCh2wKkBq,77424,4,406,1.0,77424.0,1223917.0,0.063259,3.14854038e-05,2.4377259,0.08735929,1.0,0.167,5.000,15.033,15.0334,0.0004,1,,0,3,3,0,0,m1,1VLpfZJuzKm3UcPtfYMsf5T37jtkxjR3ZhRF3w,005a80ad9ab3deb65967f63a6ca6e4efaa422adca4bdf311fc3090368c2b51ea,946689598,946689584,13,1,0,0,22.7093,458,
run6-tbt-10s,1,nazionale,10,none,true,100,460,5,1,m1,1VLpfZJuzKm3UcPtfYMsf5T37jtkxjR3ZhRF3w,830065,4,406,1.0,830065.0,1223917.0,0.678204,7.91558637e-07,0.65704512,0.51838083,0.62046258,-0.333,5.000,11.138,11.138,0.0,1,,1,1,1,1,1,m1,1VLpfZJuzKm3UcPtfYMsf5T37jtkxjR3ZhRF3w,000193a5e5381283b5a414d8c8f9e468e367ce4835de1ce4bfb8fe34ccfef56c,946689610,946689598,11,1,0,0,120.5047,460,2
run6-tbt-10s,1,nazionale,10,none,true,100,460,5,1,m2,1AagzGnptAGnvYUunCiqyFBo5P7Zyq7h7kcijs,316428,4,406,1.0,316428.0,1223917.0,0.258537,7.29359445e-06,2.3078975,0.09947017,0.99986721,-0.333,5.000,14.932,14.9321,0.0001,1,,0,3,3,0,0,m1,1VLpfZJuzKm3UcPtfYMsf5T37jtkxjR3ZhRF3w,000193a5e5381283b5a414d8c8f9e468e367ce4835de1ce4bfb8fe34ccfef56c,946689610,946689598,11,1,0,0,113.0512,460,
run6-tbt-10s,1,nazionale,10,none,true,100,460,5,1,m3,1CsyzTjErfmoC3PFDMJbGZZqJu6EUYCh2wKkBq,77424,4,406,1.0,77424.0,1223917.0,0.063259,6.02679429e-06,0.46661852,0.62711928,0.99937409,-0.333,5.000,14.927,14.9271,0.0001,1,,0,2,2,0,0,m1,1VLpfZJuzKm3UcPtfYMsf5T37jtkxjR3ZhRF3w,000193a5e5381283b5a414d8c8f9e468e367ce4835de1ce4bfb8fe34ccfef56c,946689610,946689598,11,1,0,0,22.7093,460,
run6-tbt-10s,1,nazionale,10,none,true,100,461,5,1,m1,1VLpfZJuzKm3UcPtfYMsf5T37jtkxjR3ZhRF3w,830065,4,406,1.0,830065.0,1223917.0,0.678204,1.64962249e-06,1.36929389,0.25428645,0.86721195,-0.667,5.000,13.539,13.5387,-0.0003,1,,1,1,1,1,1,m1,1VLpfZJuzKm3UcPtfYMsf5T37jtkxjR3ZhRF3w,00cd6974a3b193f784eb68b33f4735ec851d6bb076ee51062243d52b9ed5ac03,946689624,946689610,13,1,0,0,120.5047,460,3
run6-tbt-10s,1,nazionale,10,none,true,100,461,5,1,m2,1AagzGnptAGnvYUunCiqyFBo5P7Zyq7h7kcijs,316428,4,406,1.0,316428.0,1223917.0,0.258537,1.91137622e-06,0.60481295,0.54617658,0.90361126,-0.667,5.000,13.903,13.9027,-0.0003,1,,0,2,2,0,0,m1,1VLpfZJuzKm3UcPtfYMsf5T37jtkxjR3ZhRF3w,00cd6974a3b193f784eb68b33f4735ec851d6bb076ee51062243d52b9ed5ac03,946689624,946689610,13,1,0,0,113.0512,460,
run6-tbt-10s,1,nazionale,10,none,true,100,461,5,1,m3,1CsyzTjErfmoC3PFDMJbGZZqJu6EUYCh2wKkBq,77424,4,406,1.0,77424.0,1223917.0,0.063259,1.89710305e-05,1.46881307,0.23019855,1.0,-0.667,5.000,14.867,14.8666,-0.0004,1,,0,3,3,0,0,m1,1VLpfZJuzKm3UcPtfYMsf5T37jtkxjR3ZhRF3w,00cd6974a3b193f784eb68b33f4735ec851d6bb076ee51062243d52b9ed5ac03,946689624,946689610,13,1,0,0,22.7093,460,
run6-tbt-10s,1,nazionale,10,none,true,100,462,5,1,m1,1VLpfZJuzKm3UcPtfYMsf5T37jtkxjR3ZhRF3w,830065,4,406,1.0,830065.0,1223917.0,0.678204,4.28463149e-07,0.35565226,0.70071624,0.40809157,-0.833,5.000,8.914,8.9143,0.0003,1,,1,1,1,1,1,m1,1VLpfZJuzKm3UcPtfYMsf5T37jtkxjR3ZhRF3w,000ddf66f7244c1ca21f45a803adcd6d8015e3f0b296b3b1c65cfdc3758bda6f,946689634,946689624,8,1,0,0,120.5047,460,4
run6-tbt-10s,1,nazionale,10,none,true,100,462,5,1,m2,1AagzGnptAGnvYUunCiqyFBo5P7Zyq7h7kcijs,316428,4,406,1.0,316428.0,1223917.0,0.258537,6.81095658e-07,0.21551774,0.80612397,0.56551965,-0.833,5.000,10.489,10.4886,-0.0004,1,,0,2,2,0,0,m1,1VLpfZJuzKm3UcPtfYMsf5T37jtkxjR3ZhRF3w,000ddf66f7244c1ca21f45a803adcd6d8015e3f0b296b3b1c65cfdc3758bda6f,946689634,946689624,8,1,0,0,113.0512,460,
run6-tbt-10s,1,nazionale,10,none,true,100,462,5,1,m3,1CsyzTjErfmoC3PFDMJbGZZqJu6EUYCh2wKkBq,77424,4,406,1.0,77424.0,1223917.0,0.063259,4.2088972e-06,0.32586966,0.72189928,0.99420837,-0.833,5.000,14.775,14.7755,0.0005,1,,0,3,3,0,0,m1,1VLpfZJuzKm3UcPtfYMsf5T37jtkxjR3ZhRF3w,000ddf66f7244c1ca21f45a803adcd6d8015e3f0b296b3b1c65cfdc3758bda6f,946689634,946689624,8,1,0,0,22.7093,460,
run6-tbt-10s,1,nazionale,10,none,true,100,463,5,1,m1,1VLpfZJuzKm3UcPtfYMsf5T37jtkxjR3ZhRF3w,830065,4,406,1.0,830065.0,1223917.0,0.678204,2.80627486e-07,0.23293905,0.79220185,0.29069152,-0.333,5.000,7.84,7.8403,0.0003,1,,1,1,1,1,1,m1,1VLpfZJuzKm3UcPtfYMsf5T37jtkxjR3ZhRF3w,00f27628cc1c373985665621c118d476b31578ee5788e87adc23f472d1c7cc80,946689643,946689634,7,1,0,0,120.5047,460,5
run6-tbt-10s,1,nazionale,10,none,true,100,463,5,1,m2,1AagzGnptAGnvYUunCiqyFBo5P7Zyq7h7kcijs,316428,4,406,1.0,316428.0,1223917.0,0.258537,5.1220147e-07,0.16207489,0.85037752,0.46575037,-0.333,5.000,9.591,9.5909,-0.0001,1,,0,2,2,0,0,m1,1VLpfZJuzKm3UcPtfYMsf5T37jtkxjR3ZhRF3w,00f27628cc1c373985665621c118d476b31578ee5788e87adc23f472d1c7cc80,946689643,946689634,7,1,0,0,113.0512,460,
run6-tbt-10s,1,nazionale,10,none,true,100,463,5,1,m3,1CsyzTjErfmoC3PFDMJbGZZqJu6EUYCh2wKkBq,77424,4,406,1.0,77424.0,1223917.0,0.063259,2.1287739e-06,0.16481819,0.84804787,0.92612956,-0.333,5.000,14.195,14.1947,-0.0003,1,,0,3,3,0,0,m1,1VLpfZJuzKm3UcPtfYMsf5T37jtkxjR3ZhRF3w,00f27628cc1c373985665621c118d476b31578ee5788e87adc23f472d1c7cc80,946689643,946689634,7,1,0,0,22.7093,460,
run6-tbt-10s,1,nazionale,10,none,true,100,464,5,1,m1,1VLpfZJuzKm3UcPtfYMsf5T37jtkxjR3ZhRF3w,830065,4,406,1.0,830065.0,1223917.0,0.678204,1.13977015e-07,0.09460833,0.90972918,0.13020559,-0.583,5.000,6.185,6.1855,0.0005,1,,1,1,1,1,1,m1,1VLpfZJuzKm3UcPtfYMsf5T37jtkxjR3ZhRF3w,0015035b8b0db0be8b5e6ae9e53709f4063c850478c0f7d367c53fb7960b268e,946689650,946689643,6,1,0,0,121.4593,464,6
run6-tbt-10s,1,nazionale,10,none,true,100,464,5,1,m2,1AagzGnptAGnvYUunCiqyFBo5P7Zyq7h7kcijs,316428,4,406,1.0,316428.0,1223917.0,0.258537,8.0454829e-06,2.54581606,0.07840904,0.99994709,-0.583,5.000,14.883,14.8829,-0.0001,1,,0,3,3,0,0,m1,1VLpfZJuzKm3UcPtfYMsf5T37jtkxjR3ZhRF3w,0015035b8b0db0be8b5e6ae9e53709f4063c850478c0f7d367c53fb7960b268e,946689650,946689643,6,1,0,0,113.0512,464,
run6-tbt-10s,1,nazionale,10,none,true,100,464,5,1,m3,1CsyzTjErfmoC3PFDMJbGZZqJu6EUYCh2wKkBq,77424,4,406,1.0,77424.0,1223917.0,0.063259,7.5396797e-06,0.58375216,0.55780147,0.99990174,-0.583,5.000,14.882,14.8824,0.0004,1,,0,2,2,0,0,m1,1VLpfZJuzKm3UcPtfYMsf5T37jtkxjR3ZhRF3w,0015035b8b0db0be8b5e6ae9e53709f4063c850478c0f7d367c53fb7960b268e,946689650,946689643,6,1,0,0,22.7093,464,
run6-tbt-10s,1,nazionale,10,none,true,100,465,5,1,m1,1VLpfZJuzKm3UcPtfYMsf5T37jtkxjR3ZhRF3w,830065,4,406,1.0,830065.0,1223917.0,0.678204,2.93519933e-06,2.43640623,0.08747465,0.97246894,-0.333,5.000,14.658,14.6581,0.0001,1,,1,1,1,1,1,m1,1VLpfZJuzKm3UcPtfYMsf5T37jtkxjR3ZhRF3w,00bcf052e893cc0008dd3abed5ef3bdea42bb4aae48972255152e443374fdc50,946689665,946689650,14,1,0,0,121.4593,464,7
run6-tbt-10s,1,nazionale,10,none,true,100,465,5,1,m2,1AagzGnptAGnvYUunCiqyFBo5P7Zyq7h7kcijs,316428,4,406,1.0,316428.0,1223917.0,0.258537,5.68091935e-06,1.79760195,0.16569576,0.99904421,-0.333,5.000,14.924,14.9238,-0.0002,1,,0,3,3,0,0,m1,1VLpfZJuzKm3UcPtfYMsf5T37jtkxjR3ZhRF3w,00bcf052e893cc0008dd3abed5ef3bdea42bb4aae48972255152e443374fdc50,946689665,946689650,14,1,0,0,113.0512,464,
run6-tbt-10s,1,nazionale,10,none,true,100,465,5,1,m3,1CsyzTjErfmoC3PFDMJbGZZqJu6EUYCh2wKkBq,77424,4,406,1.0,77424.0,1223917.0,0.063259,4.06484915e-06,0.31471688,0.72999552,0.99309174,-0.333,5.000,14.864,14.8643,0.0003,1,,0,2,2,0,0,m1,1VLpfZJuzKm3UcPtfYMsf5T37jtkxjR3ZhRF3w,00bcf052e893cc0008dd3abed5ef3bdea42bb4aae48972255152e443374fdc50,946689665,946689650,14,1,0,0,22.7093,464,
run6-tbt-10s,1,nazionale,10,none,true,100,466,5,1,m1,1VLpfZJuzKm3UcPtfYMsf5T37jtkxjR3ZhRF3w,830065,4,406,1.0,830065.0,1223917.0,0.678204,1.07449787e-07,0.08919031,0.91467149,0.12322916,-1.0,5.000,6.032,6.0323,0.0003,1,,1,1,1,1,1,m1,1VLpfZJuzKm3UcPtfYMsf5T37jtkxjR3ZhRF3w,007ebb771d71a3ef9ca8516b5579d63be1abe82703071fcd0d0d5ccd7c625833,946689672,946689665,6,1,0,0,121.7957,466,8
run6-tbt-10s,1,nazionale,10,none,true,100,466,5,1,m2,1AagzGnptAGnvYUunCiqyFBo5P7Zyq7h7kcijs,316428,4,406,1.0,316428.0,1223917.0,0.258537,3.78230352e-06,1.19682674,0.3021515,0.99023768,-1.0,5.000,14.702,14.7024,0.0004,1,,0,3,3,0,0,m1,1VLpfZJuzKm3UcPtfYMsf5T37jtkxjR3ZhRF3w,007ebb771d71a3ef9ca8516b5579d63be1abe82703071fcd0d0d5ccd7c625833,946689672,946689665,6,1,0,0,113.0512,466,
run6-tbt-10s,1,nazionale,10,none,true,100,466,5,1,m3,1CsyzTjErfmoC3PFDMJbGZZqJu6EUYCh2wKkBq,77424,4,406,1.0,77424.0,1223917.0,0.063259,1.04786364e-06,0.08112979,0.922074,0.7226564,-1.0,5.000,12.027,12.0266,-0.0004,1,,0,2,2,0,0,m1,1VLpfZJuzKm3UcPtfYMsf5T37jtkxjR3ZhRF3w,007ebb771d71a3ef9ca8516b5579d63be1abe82703071fcd0d0d5ccd7c625833,946689672,946689665,6,1,0,0,22.7093,466,
run6-tbt-10s,1,nazionale,10,none,true,100,467,5,1,m1,1VLpfZJuzKm3UcPtfYMsf5T37jtkxjR3ZhRF3w,830065,4,406,1.0,830065.0,1223917.0,0.678204,5.49765683e-06,4.56341252,0.01042642,0.99880388,-1.0,5.000,14.788,14.788,0.0,1,,1,1,1,1,1,m1,1VLpfZJuzKm3UcPtfYMsf5T37jtkxjR3ZhRF3w,0090065508cb55188be5151ea78a4e8d71f42d9b9d0733b9da2e1b8799abd816,946689687,946689672,14,1,0,0,121.7957,466,9
run6-tbt-10s,1,nazionale,10,none,true,100,467,5,1,m2,1AagzGnptAGnvYUunCiqyFBo5P7Zyq7h7kcijs,316428,4,406,1.0,316428.0,1223917.0,0.258537,6.85399063e-06,2.16879455,0.11431534,0.99977258,-1.0,5.000,14.798,14.7977,-0.0003,1,,0,2,2,0,0,m1,1VLpfZJuzKm3UcPtfYMsf5T37jtkxjR3ZhRF3w,0090065508cb55188be5151ea78a4e8d71f42d9b9d0733b9da2e1b8799abd816,946689687,946689672,14,1,0,0,113.0512,466,
run6-tbt-10s,1,nazionale,10,none,true,100,467,5,1,m3,1CsyzTjErfmoC3PFDMJbGZZqJu6EUYCh2wKkBq,77424,4,406,1.0,77424.0,1223917.0,0.063259,1.85062249e-05,1.43282596,0.2386336,1.0,-1.0,5.000,14.8,14.8,-0.0,1,,0,3,3,0,0,m1,1VLpfZJuzKm3UcPtfYMsf5T37jtkxjR3ZhRF3w,0090065508cb55188be5151ea78a4e8d71f42d9b9d0733b9da2e1b8799abd816,946689687,946689672,14,1,0,0,22.7093,466,
run6-tbt-10s,1,nazionale,10,none,true,100,468,5,1,m1,1VLpfZJuzKm3UcPtfYMsf5T37jtkxjR3ZhRF3w,830065,4,406,1.0,830065.0,1223917.0,0.678204,1.54770115e-06,1.28469256,0.27673565,0.84957005,-1.0,5.000,13.296,13.2957,-0.0003,1,,1,1,1,1,1,m1,1VLpfZJuzKm3UcPtfYMsf5T37jtkxjR3ZhRF3w,006d278a7f72b6697966dfa7f5d610132dc6afa1fe7d2287490d5152b1ec82af,946689701,946689687,13,1,0,0,121.7957,466,10
run6-tbt-10s,1,nazionale,10,none,true,100,468,5,1,m2,1AagzGnptAGnvYUunCiqyFBo5P7Zyq7h7kcijs,316428,4,406,1.0,316428.0,1223917.0,0.258537,5.28640313e-06,1.67276597,0.1877271,0.99845096,-1.0,5.000,14.785,14.7845,-0.0005,1,,0,3,3,0,0,m1,1VLpfZJuzKm3UcPtfYMsf5T37jtkxjR3ZhRF3w,006d278a7f72b6697966dfa7f5d610132dc6afa1fe7d2287490d5152b1ec82af,946689701,946689687,13,1,0,0,113.0512,466,
run6-tbt-10s,1,nazionale,10,none,true,100,468,5,1,m3,1CsyzTjErfmoC3PFDMJbGZZqJu6EUYCh2wKkBq,77424,4,406,1.0,77424.0,1223917.0,0.063259,4.83306136e-06,0.37419494,0.68784281,0.99730206,-1.0,5.000,14.773,14.773,0.0,1,,0,2,2,0,0,m1,1VLpfZJuzKm3UcPtfYMsf5T37jtkxjR3ZhRF3w,006d278a7f72b6697966dfa7f5d610132dc6afa1fe7d2287490d5152b1ec82af,946689701,946689687,13,1,0,0,22.7093,466,
run6-tbt-10s,1,nazionale,10,none,true,100,469,5,1,m1,1VLpfZJuzKm3UcPtfYMsf5T37jtkxjR3ZhRF3w,830065,4,406,1.0,830065.0,1223917.0,0.678204,4.3135663e-07,0.35805404,0.6990353,0.41018403,-1.417,5.000,8.819,8.8184,-0.0006,1,,1,1,1,1,1,m1,1VLpfZJuzKm3UcPtfYMsf5T37jtkxjR3ZhRF3w,00ae4c4e8548cc259211916e02e526cbf848a4f406d55426bb12eb6a21e4e6d8,946689711,946689701,8,1,0,0,122.5819,469,11
run6-tbt-10s,1,nazionale,10,none,true,100,469,5,1,m2,1AagzGnptAGnvYUunCiqyFBo5P7Zyq7h7kcijs,316428,4,406,1.0,316428.0,1223917.0,0.258537,1.51619969e-06,0.47976804,0.61892694,0.84365694,-1.417,5.000,13.153,13.1532,0.0002,1,,0,2,2,0,0,m1,1VLpfZJuzKm3UcPtfYMsf5T37jtkxjR3ZhRF3w,00ae4c4e8548cc259211916e02e526cbf848a4f406d55426bb12eb6a21e4e6d8,946689711,946689701,8,1,0,0,113.0512,469,
run6-tbt-10s,1,nazionale,10,none,true,100,469,5,1,m3,1CsyzTjErfmoC3PFDMJbGZZqJu6EUYCh2wKkBq,77424,4,406,1.0,77424.0,1223917.0,0.063259,1.33563501e-05,1.03410205,0.3555455,0.99999992,-1.417,5.000,14.717,14.7166,-0.0004,1,,0,3,3,0,0,m1,1VLpfZJuzKm3UcPtfYMsf5T37jtkxjR3ZhRF3w,00ae4c4e8548cc259211916e02e526cbf848a4f406d55426bb12eb6a21e4e6d8,946689711,946689701,8,1,0,0,22.7093,469,
run6-tbt-10s,1,nazionale,10,none,true,100,470,5,1,m1,1VLpfZJuzKm3UcPtfYMsf5T37jtkxjR3ZhRF3w,830065,4,406,1.0,830065.0,1223917.0,0.678204,1.6608201e-08,0.01378589,0.9863087,0.02012186,-1.5,5.000,4.901,4.9012,0.0002,1,,1,1,1,1,1,m1,1VLpfZJuzKm3UcPtfYMsf5T37jtkxjR3ZhRF3w,004a0efb815d5001569e0b4ec98de4ac6e86a5eb6b6f1b8c6d0791d50ee79413,946689717,946689711,4,1,0,0,122.5819,469,12
run6-tbt-10s,1,nazionale,10,none,true,100,470,5,1,m2,1AagzGnptAGnvYUunCiqyFBo5P7Zyq7h7kcijs,316428,4,406,1.0,316428.0,1223917.0,0.258537,5.35296695e-06,1.69382863,0.18381442,0.99857215,-1.5,5.000,14.686,14.6857,-0.0003,1,,0,2,2,0,0,m1,1VLpfZJuzKm3UcPtfYMsf5T37jtkxjR3ZhRF3w,004a0efb815d5001569e0b4ec98de4ac6e86a5eb6b6f1b8c6d0791d50ee79413,946689717,946689711,4,1,0,0,113.0512,469,
run6-tbt-10s,1,nazionale,10,none,true,100,470,5,1,m3,1CsyzTjErfmoC3PFDMJbGZZqJu6EUYCh2wKkBq,77424,4,406,1.0,77424.0,1223917.0,0.063259,2.95480073e-05,2.28772492,0.10149711,1.0,-1.5,5.000,14.7,14.7,-0.0,1,,0,3,3,0,0,m1,1VLpfZJuzKm3UcPtfYMsf5T37jtkxjR3ZhRF3w,004a0efb815d5001569e0b4ec98de4ac6e86a5eb6b6f1b8c6d0791d50ee79413,946689717,946689711,4,1,0,0,22.7093,469,
run6-tbt-10s,1,nazionale,10,none,true,100,471,5,1,m1,1VLpfZJuzKm3UcPtfYMsf5T37jtkxjR3ZhRF3w,830065,4,406,1.0,830065.0,1223917.0,0.678204,2.16180518e-06,1.79443882,0.16622071,0.9290564,-1.083,5.000,14.074,14.074,-0.0,1,,1,1,1,1,1,m1,1VLpfZJuzKm3UcPtfYMsf5T37jtkxjR3ZhRF3w,00cecc813ec02b1678c92b78d0f5310ab222d69dc0a3d50adcf1b9cadf4f26b5,946689731,946689717,14,1,0,0,122.5819,469,13
run6-tbt-10s,1,nazionale,10,none,true,100,471,5,1,m2,1AagzGnptAGnvYUunCiqyFBo5P7Zyq7h7kcijs,316428,4,406,1.0,316428.0,1223917.0,0.258537,2.47202639e-06,0.78221837,0.45739023,0.95146913,-1.083,5.000,14.298,14.2981,0.0001,1,,0,2,2,0,0,m1,1VLpfZJuzKm3UcPtfYMsf5T37jtkxjR3ZhRF3w,00cecc813ec02b1678c92b78d0f5310ab222d69dc0a3d50adcf1b9cadf4f26b5,946689731,946689717,14,1,0,0,113.0512,469,
run6-tbt-10s,1,nazionale,10,none,true,100,471,5,1,m3,1CsyzTjErfmoC3PFDMJbGZZqJu6EUYCh2wKkBq,77424,4,406,1.0,77424.0,1223917.0,0.063259,2.93778976e-05,2.27455434,0.10284273,1.0,-1.083,5.000,14.783,14.7834,0.0004,1,,0,3,3,0,0,m1,1VLpfZJuzKm3UcPtfYMsf5T37jtkxjR3ZhRF3w,00cecc813ec02b1678c92b78d0f5310ab222d69dc0a3d50adcf1b9cadf4f26b5,946689731,946689717,14,1,0,0,22.7093,469,
run6-tbt-10s,1,nazionale,10,none,true,100,472,5,1,m1,1VLpfZJuzKm3UcPtfYMsf5T37jtkxjR3ZhRF3w,830065,4,406,1.0,830065.0,1223917.0,0.678204,1.43900159e-06,1.19446485,0.30286599,0.82816465,-1.083,5.000,13.065,13.065,0.0,1,,1,1,1,1,1,m1,1VLpfZJuzKm3UcPtfYMsf5T37jtkxjR3ZhRF3w,0015ee93f25bf8aafe5a9060f372aabdb34a1b51f49d665aa52e001cf7b0cec2,946689744,946689731,13,1,0,0,123.1437,472,14
run6-tbt-10s,1,nazionale,10,none,true,100,472,5,1,m2,1AagzGnptAGnvYUunCiqyFBo5P7Zyq7h7kcijs,316428,4,406,1.0,316428.0,1223917.0,0.258537,4.06693415e-06,1.28689184,0.2761277,0.99310935,-1.083,5.000,14.714,14.7145,0.0005,1,,0,2,2,0,0,m1,1VLpfZJuzKm3UcPtfYMsf5T37jtkxjR3ZhRF3w,0015ee93f25bf8aafe5a9060f372aabdb34a1b51f49d665aa52e001cf7b0cec2,946689744,946689731,13,1,0,0,113.0512,472,
run6-tbt-10s,1,nazionale,10,none,true,100,472,5,1,m3,1CsyzTjErfmoC3PFDMJbGZZqJu6EUYCh2wKkBq,77424,4,406,1.0,77424.0,1223917.0,0.063259,1.27059237e-05,0.98374344,0.37390877,0.99999982,-1.083,5.000,14.783,14.7834,0.0004,1,,0,3,3,0,0,m1,1VLpfZJuzKm3UcPtfYMsf5T37jtkxjR3ZhRF3w,0015ee93f25bf8aafe5a9060f372aabdb34a1b51f49d665aa52e001cf7b0cec2,946689744,946689731,13,1,0,0,22.7093,472,
run6-tbt-10s,1,nazionale,10,none,true,100,473,5,1,m1,1VLpfZJuzKm3UcPtfYMsf5T37jtkxjR3ZhRF3w,830065,4,406,1.0,830065.0,1223917.0,0.678204,4.58422996e-07,0.38052088,0.68350529,0.42940277,-1.167,5.000,9.061,9.0606,-0.0004,1,,1,1,1,1,1,m1,1VLpfZJuzKm3UcPtfYMsf5T37jtkxjR3ZhRF3w,00ed12e09206498a8d53bc52986d92a29a2122202e3dcebf8ac1bad14cc5346f,946689754,946689744,9,1,0,0,123.1437,472,15
run6-tbt-10s,1,nazionale,10,none,true,100,473,5,1,m2,1AagzGnptAGnvYUunCiqyFBo5P7Zyq7h7kcijs,316428,4,406,1.0,316428.0,1223917.0,0.258537,3.04208507e-06,0.96260089,0.38189832,0.9758449,-1.167,5.000,14.525,14.525,0.0,1,,0,2,2,0,0,m1,1VLpfZJuzKm3UcPtfYMsf5T37jtkxjR3ZhRF3w,00ed12e09206498a8d53bc52986d92a29a2122202e3dcebf8ac1bad14cc5346f,946689754,946689744,9,1,0,0,113.0512,472,
run6-tbt-10s,1,nazionale,10,none,true,100,473,5,1,m3,1CsyzTjErfmoC3PFDMJbGZZqJu6EUYCh2wKkBq,77424,4,406,1.0,77424.0,1223917.0,0.063259,1.0698077e-05,0.82828791,0.43679648,0.99999794,-1.167,5.000,14.767,14.7666,-0.0004,1,,0,3,3,0,0,m1,1VLpfZJuzKm3UcPtfYMsf5T37jtkxjR3ZhRF3w,00ed12e09206498a8d53bc52986d92a29a2122202e3dcebf8ac1bad14cc5346f,946689754,946689744,9,1,0,0,22.7093,472,
run6-tbt-10s,1,nazionale,10,none,true,100,474,5,1,m1,1VLpfZJuzKm3UcPtfYMsf5T37jtkxjR3ZhRF3w,830065,4,406,1.0,830065.0,1223917.0,0.678204,2.0273208e-07,0.1682808,0.84511649,0.21973934,-0.833,5.000,7.031,7.0308,-0.0002,1,,1,1,1,1,1,m1,1VLpfZJuzKm3UcPtfYMsf5T37jtkxjR3ZhRF3w,0025039c085a2160429b6ceeeeb75975b187bedb5019561c7fb1c340c39e52c1,946689762,946689754,7,1,0,0,123.1437,472,16
run6-tbt-10s,1,nazionale,10,none,true,100,474,5,1,m2,1AagzGnptAGnvYUunCiqyFBo5P7Zyq7h7kcijs,316428,4,406,1.0,316428.0,1223917.0,0.258537,4.48307133e-06,1.41856929,0.24206009,0.99585937,-0.833,5.000,14.792,14.792,-0.0,1,,0,2,2,0,0,m1,1VLpfZJuzKm3UcPtfYMsf5T37jtkxjR3ZhRF3w,0025039c085a2160429b6ceeeeb75975b187bedb5019561c7fb1c340c39e52c1,946689762,946689754,7,1,0,0,113.0512,472,
run6-tbt-10s,1,nazionale,10,none,true,100,474,5,1,m3,1CsyzTjErfmoC3PFDMJbGZZqJu6EUYCh2wKkBq,77424,4,406,1.0,77424.0,1223917.0,0.063259,2.0496476e-05,1.58691916,0.20455484,1.0,-0.833,5.000,14.833,14.8334,0.0004,1,,0,3,3,0,0,m1,1VLpfZJuzKm3UcPtfYMsf5T37jtkxjR3ZhRF3w,0025039c085a2160429b6ceeeeb75975b187bedb5019561c7fb1c340c39e52c1,946689762,946689754,7,1,0,0,22.7093,472,
run6-tbt-10s,1,nazionale,10,none,true,100,475,5,1,m1,1VLpfZJuzKm3UcPtfYMsf5T37jtkxjR3ZhRF3w,830065,4,406,1.0,830065.0,1223917.0,0.678204,1.61334003e-06,1.33917709,0.26206123,0.86118238,-0.667,5.000,13.478,13.4784,0.0004,1,,0,2,2,0,0,m2,1AagzGnptAGnvYUunCiqyFBo5P7Zyq7h7kcijs,007bb579d192ae4d180204309136c07fc6d941010130373bcd305b7e6c22341f,946689772,946689762,7,1,0,0,123.8169,475,
run6-tbt-10s,1,nazionale,10,none,true,100,475,5,1,m2,1AagzGnptAGnvYUunCiqyFBo5P7Zyq7h7kcijs,316428,4,406,1.0,316428.0,1223917.0,0.258537,2.87586526e-07,0.09100043,0.91301732,0.29670725,-0.667,5.000,7.834,7.8337,-0.0003,1,,1,1,1,1,1,m2,1AagzGnptAGnvYUunCiqyFBo5P7Zyq7h7kcijs,007bb579d192ae4d180204309136c07fc6d941010130373bcd305b7e6c22341f,946689772,946689762,7,1,0,0,113.0512,475,1
run6-tbt-10s,1,nazionale,10,none,true,100,475,5,1,m3,1CsyzTjErfmoC3PFDMJbGZZqJu6EUYCh2wKkBq,77424,4,406,1.0,77424.0,1223917.0,0.063259,1.4680419e-05,1.13661676,0.32090288,0.99999998,-0.667,5.000,14.867,14.8666,-0.0004,1,,0,3,3,0,0,m2,1AagzGnptAGnvYUunCiqyFBo5P7Zyq7h7kcijs,007bb579d192ae4d180204309136c07fc6d941010130373bcd305b7e6c22341f,946689772,946689762,7,1,0,0,22.7093,475,
run6-tbt-10s,1,nazionale,10,none,true,100,476,5,1,m1,1VLpfZJuzKm3UcPtfYMsf5T37jtkxjR3ZhRF3w,830065,4,406,1.0,830065.0,1223917.0,0.678204,2.89149492e-06,2.40012873,0.09070628,0.97095619,-0.75,5.000,14.56,14.5596,-0.0004,1,,0,2,2,0,0,m2,1AagzGnptAGnvYUunCiqyFBo5P7Zyq7h7kcijs,004930363dae9fe79c452cec3213e3e6bce605dee3d59a9a390469acad6652ae,946689780,946689772,7,1,0,0,123.8169,475,
run6-tbt-10s,1,nazionale,10,none,true,100,476,5,1,m2,1AagzGnptAGnvYUunCiqyFBo5P7Zyq7h7kcijs,316428,4,406,1.0,316428.0,1223917.0,0.258537,2.23357732e-07,0.07067664,0.93176314,0.23918977,-0.75,5.000,7.242,7.2419,-0.0001,1,,1,1,1,1,1,m2,1AagzGnptAGnvYUunCiqyFBo5P7Zyq7h7kcijs,004930363dae9fe79c452cec3213e3e6bce605dee3d59a9a390469acad6652ae,946689780,946689772,7,1,0,0,113.0512,475,2
run6-tbt-10s,1,nazionale,10,none,true,100,476,5,1,m3,1CsyzTjErfmoC3PFDMJbGZZqJu6EUYCh2wKkBq,77424,4,406,1.0,77424.0,1223917.0,0.063259,1.31356465e-05,1.01701429,0.36167318,0.9999999,-0.75,5.000,14.85,14.85,-0.0,1,,0,3,3,0,0,m2,1AagzGnptAGnvYUunCiqyFBo5P7Zyq7h7kcijs,004930363dae9fe79c452cec3213e3e6bce605dee3d59a9a390469acad6652ae,946689780,946689772,7,1,0,0,22.7093,475,
run6-tbt-10s,1,nazionale,10,none,true,100,477,5,1,m1,1VLpfZJuzKm3UcPtfYMsf5T37jtkxjR3ZhRF3w,830065,4,406,1.0,830065.0,1223917.0,0.678204,1.51224575e-06,1.25526227,0.28500109,0.84289852,-0.833,5.000,13.262,13.2624,0.0004,1,,0,2,2,0,0,m2,1AagzGnptAGnvYUunCiqyFBo5P7Zyq7h7kcijs,00476f9d034aef535340a5424f47e6dbe2f45c2256234aba070f3abd831888ac,946689785,946689780,4,1,0,0,123.8169,475,
run6-tbt-10s,1,nazionale,10,none,true,100,477,5,1,m2,1AagzGnptAGnvYUunCiqyFBo5P7Zyq7h7kcijs,316428,4,406,1.0,316428.0,1223917.0,0.258537,7.05757334e-10,0.00022332,0.9997767,0.00086342,-0.833,5.000,4.842,4.842,0.0,1,,1,1,1,1,1,m2,1AagzGnptAGnvYUunCiqyFBo5P7Zyq7h7kcijs,00476f9d034aef535340a5424f47e6dbe2f45c2256234aba070f3abd831888ac,946689785,946689780,4,1,0,0,113.0512,475,3
run6-tbt-10s,1,nazionale,10,none,true,100,477,5,1,m3,1CsyzTjErfmoC3PFDMJbGZZqJu6EUYCh2wKkBq,77424,4,406,1.0,77424.0,1223917.0,0.063259,2.20057195e-05,1.70377083,0.18199595,1.0,-0.833,5.000,14.833,14.8334,0.0004,1,,0,3,3,0,0,m2,1AagzGnptAGnvYUunCiqyFBo5P7Zyq7h7kcijs,00476f9d034aef535340a5424f47e6dbe2f45c2256234aba070f3abd831888ac,946689785,946689780,4,1,0,0,22.7093,475,
run6-tbt-10s,1,nazionale,10,none,true,100,478,5,1,m1,1VLpfZJuzKm3UcPtfYMsf5T37jtkxjR3ZhRF3w,830065,4,406,1.0,830065.0,1223917.0,0.678204,1.89690713e-07,0.15745562,0.85431473,0.20718525,0.0,5.000,7.072,7.0719,-0.0001,1,,1,1,1,1,1,m1,1VLpfZJuzKm3UcPtfYMsf5T37jtkxjR3ZhRF3w,00f7c8dec197ad7a04961302b8f3c8087d770155599286b8a88267f4b4fdd41a,946689794,946689785,7,1,0,0,123.8169,478,1
run6-tbt-10s,1,nazionale,10,none,true,100,478,5,1,m2,1AagzGnptAGnvYUunCiqyFBo5P7Zyq7h7kcijs,316428,4,406,1.0,316428.0,1223917.0,0.258537,6.3239285e-06,2.00106805,0.13519082,0.99956491,0.0,5.000,14.996,14.9956,-0.0004,1,,0,2,2,0,0,m1,1VLpfZJuzKm3UcPtfYMsf5T37jtkxjR3ZhRF3w,00f7c8dec197ad7a04961302b8f3c8087d770155599286b8a88267f4b4fdd41a,946689794,946689785,7,1,0,0,113.5566,478,
run6-tbt-10s,1,nazionale,10,none,true,100,478,5,1,m3,1CsyzTjErfmoC3PFDMJbGZZqJu6EUYCh2wKkBq,77424,4,406,1.0,77424.0,1223917.0,0.063259,2.38014202e-05,1.84280116,0.15837318,1.0,0.0,5.000,15.0,15.0,-0.0,1,,0,3,3,0,0,m1,1VLpfZJuzKm3UcPtfYMsf5T37jtkxjR3ZhRF3w,00f7c8dec197ad7a04961302b8f3c8087d770155599286b8a88267f4b4fdd41a,946689794,946689785,7,1,0,0,22.7093,478,
run6-tbt-10s,1,nazionale,10,none,true,100,479,5,1,m1,1VLpfZJuzKm3UcPtfYMsf5T37jtkxjR3ZhRF3w,830065,4,406,1.0,830065.0,1223917.0,0.678204,8.42781028e-07,0.69956303,0.49680234,0.64352602,-0.167,5.000,11.402,11.4019,-0.0001,1,,1,1,1,1,1,m1,1VLpfZJuzKm3UcPtfYMsf5T37jtkxjR3ZhRF3w,00263d06e08a269435c19f31d0aa3ef268ac512911e5ef7ad41d8fdf6f6649fa,946689806,946689794,11,1,0,0,123.8169,478,2
run6-tbt-10s,1,nazionale,10,none,true,100,479,5,1,m2,1AagzGnptAGnvYUunCiqyFBo5P7Zyq7h7kcijs,316428,4,406,1.0,316428.0,1223917.0,0.258537,1.5764905e-05,4.98845736,0.00681617,1.0,-0.167,5.000,14.967,14.9666,-0.0004,1,,0,2,3,0,0,m1,1VLpfZJuzKm3UcPtfYMsf5T37jtkxjR3ZhRF3w,00263d06e08a269435c19f31d0aa3ef268ac512911e5ef7ad41d8fdf6f6649fa,946689806,946689794,11,1,0,0,113.5566,478,
run6-tbt-10s,1,nazionale,10,none,true,100,479,5,1,m3,1CsyzTjErfmoC3PFDMJbGZZqJu6EUYCh2wKkBq,77424,4,406,1.0,77424.0,1223917.0,0.063259,1.55072257e-05,1.20063144,0.30100409,0.99999999,-0.167,5.000,14.967,14.9666,-0.0004,1,,0,3,2,0,0,m1,1VLpfZJuzKm3UcPtfYMsf5T37jtkxjR3ZhRF3w,00263d06e08a269435c19f31d0aa3ef268ac512911e5ef7ad41d8fdf6f6649fa,946689806,946689794,11,1,0,0,22.7093,478,
run6-tbt-10s,1,nazionale,10,none,true,100,480,5,1,m1,1VLpfZJuzKm3UcPtfYMsf5T37jtkxjR3ZhRF3w,830065,4,406,1.0,830065.0,1223917.0,0.678204,3.21921788e-08,0.0267216,0.97363226,0.03863445,0.083,5.000,5.403,5.4029,-0.0001,1,,1,1,1,1,1,m1,1VLpfZJuzKm3UcPtfYMsf5T37jtkxjR3ZhRF3w,005a761d3cd197a5f255f9cd79e93813aedd3eff371f782455e55857d8b4f9be,946689811,946689806,5,1,0,0,123.8169,478,3
run6-tbt-10s,1,nazionale,10,none,true,100,480,5,1,m2,1AagzGnptAGnvYUunCiqyFBo5P7Zyq7h7kcijs,316428,4,406,1.0,316428.0,1223917.0,0.258537,4.00191593e-06,1.26631825,0.28186748,0.99253861,0.083,5.000,14.942,14.942,-0.0,1,,0,2,2,0,0,m1,1VLpfZJuzKm3UcPtfYMsf5T37jtkxjR3ZhRF3w,005a761d3cd197a5f255f9cd79e93813aedd3eff371f782455e55857d8b4f9be,946689811,946689806,5,1,0,0,113.5566,478,
run6-tbt-10s,1,nazionale,10,none,true,100,480,5,1,m3,1CsyzTjErfmoC3PFDMJbGZZqJu6EUYCh2wKkBq,77424,4,406,1.0,77424.0,1223917.0,0.063259,2.90594885e-05,2.24990184,0.10540957,1.0,0.083,5.000,15.017,15.0166,-0.0004,1,,0,3,3,0,0,m1,1VLpfZJuzKm3UcPtfYMsf5T37jtkxjR3ZhRF3w,005a761d3cd197a5f255f9cd79e93813aedd3eff371f782455e55857d8b4f9be,946689811,946689806,5,1,0,0,22.7093,478,
run6-tbt-10s,1,nazionale,10,none,true,100,481,5,1,m1,1VLpfZJuzKm3UcPtfYMsf5T37jtkxjR3ZhRF3w,830065,4,406,1.0,830065.0,1223917.0,0.678204,2.15410479e-06,1.78804699,0.16728656,0.92838462,0.833,5.000,14.451,14.4504,-0.0006,1,,1,1,1,1,1,m1,1VLpfZJuzKm3UcPtfYMsf5T37jtkxjR3ZhRF3w,008021d6e926699ec015cd976abaaf1c1c0ea7aab4d811385d3698ac4a5e604e,946689827,946689811,14,1,0,0,122.7815,481,4
run6-tbt-10s,1,nazionale,10,none,true,100,481,5,1,m2,1AagzGnptAGnvYUunCiqyFBo5P7Zyq7h7kcijs,316428,4,406,1.0,316428.0,1223917.0,0.258537,2.23912527e-06,0.70852193,0.49237142,0.93546216,0.833,5.000,14.521,14.5212,0.0002,1,,0,2,2,0,0,m1,1VLpfZJuzKm3UcPtfYMsf5T37jtkxjR3ZhRF3w,008021d6e926699ec015cd976abaaf1c1c0ea7aab4d811385d3698ac4a5e604e,946689827,946689811,14,1,0,0,113.5566,481,
run6-tbt-10s,1,nazionale,10,none,true,100,481,5,1,m3,1CsyzTjErfmoC3PFDMJbGZZqJu6EUYCh2wKkBq,77424,4,406,1.0,77424.0,1223917.0,0.063259,7.13241054e-06,0.55221975,0.57567054,0.99983825,0.833,5.000,15.165,15.165,-0.0,1,,0,3,3,0,0,m1,1VLpfZJuzKm3UcPtfYMsf5T37jtkxjR3ZhRF3w,008021d6e926699ec015cd976abaaf1c1c0ea7aab4d811385d3698ac4a5e604e,946689827,946689811,14,1,0,0,22.7093,481,
run6-tbt-10s,1,nazionale,10,none,true,100,482,5,1,m1,1VLpfZJuzKm3UcPtfYMsf5T37jtkxjR3ZhRF3w,830065,4,406,1.0,830065.0,1223917.0,0.678204,5.24674329e-07,0.4355138,0.64693219,0.47384416,0.333,5.000,9.805,9.805,0.0,1,,1,1,1,1,1,m1,1VLpfZJuzKm3UcPtfYMsf5T37jtkxjR3ZhRF3w,000faad7ed584c82e64d22a347ed316c2c1251e9adefecf33fa926b2079d50ca,946689837,946689827,9,1,0,0,122.7815,481,5
run6-tbt-10s,1,nazionale,10,none,true,100,482,5,1,m2,1AagzGnptAGnvYUunCiqyFBo5P7Zyq7h7kcijs,316428,4,406,1.0,316428.0,1223917.0,0.258537,1.05293702e-06,0.33317876,0.71664208,0.7243732,0.333,5.000,12.31,12.3103,0.0003,1,,0,2,2,0,0,m1,1VLpfZJuzKm3UcPtfYMsf5T37jtkxjR3ZhRF3w,000faad7ed584c82e64d22a347ed316c2c1251e9adefecf33fa926b2079d50ca,946689837,946689827,9,1,0,0,113.5566,481,
run6-tbt-10s,1,nazionale,10,none,true,100,482,5,1,m3,1CsyzTjErfmoC3PFDMJbGZZqJu6EUYCh2wKkBq,77424,4,406,1.0,77424.0,1223917.0,0.063259,5.20501459e-06,0.40299305,0.66831674,0.99828871,0.333,5.000,15.05,15.0495,-0.0005,1,,0,3,3,0,0,m1,1VLpfZJuzKm3UcPtfYMsf5T37jtkxjR3ZhRF3w,000faad7ed584c82e64d22a347ed316c2c1251e9adefecf33fa926b2079d50ca,946689837,946689827,9,1,0,0,22.7093,481,
run6-tbt-10s,1,nazionale,10,none,true,100,483,5,1,m1,1VLpfZJuzKm3UcPtfYMsf5T37jtkxjR3ZhRF3w,830065,4,406,1.0,830065.0,1223917.0,0.678204,1.07074272e-06,0.88878606,0.41115457,0.73031488,0.0,5.000,12.303,12.3031,0.0001,1,,1,1,1,1,1,m1,1VLpfZJuzKm3UcPtfYMsf5T37jtkxjR3ZhRF3w,00bdaa7a05728a3037a968436e27e2c08338bbfc58fed41f7106f0493abae2c4,946689850,946689837,12,1,0,0,122.7815,481,6
run6-tbt-10s,1,nazionale,10,none,true,100,483,5,1,m2,1AagzGnptAGnvYUunCiqyFBo5P7Zyq7h7kcijs,316428,4,406,1.0,316428.0,1223917.0,0.258537,6.55259416e-06,2.07342426,0.12575443,0.99967112,0.0,5.000,14.997,14.9967,-0.0003,1,,0,3,3,0,0,m1,1VLpfZJuzKm3UcPtfYMsf5T37jtkxjR3ZhRF3w,00bdaa7a05728a3037a968436e27e2c08338bbfc58fed41f7106f0493abae2c4,946689850,946689837,12,1,0,0,113.5566,481,
run6-tbt-10s,1,nazionale,10,none,true,100,483,5,1,m3,1CsyzTjErfmoC3PFDMJbGZZqJu6EUYCh2wKkBq,77424,4,406,1.0,77424.0,1223917.0,0.063259,4.92361086e-06,0.38120565,0.68303741,0.99758508,0.0,5.000,14.976,14.9759,-0.0001,1,,0,2,2,0,0,m1,1VLpfZJuzKm3UcPtfYMsf5T37jtkxjR3ZhRF3w,00bdaa7a05728a3037a968436e27e2c08338bbfc58fed41f7106f0493abae2c4,946689850,946689837,12,1,0,0,22.7093,481,
run6-tbt-10s,1,nazionale,10,none,true,100,484,5,1,m1,1VLpfZJuzKm3UcPtfYMsf5T37jtkxjR3ZhRF3w,830065,4,406,1.0,830065.0,1223917.0,0.678204,3.83225731e-06,3.18102266,0.04154315,0.99081667,0.083,5.000,14.925,14.9248,-0.0002,1,,1,1,1,1,1,m1,1VLpfZJuzKm3UcPtfYMsf5T37jtkxjR3ZhRF3w,004b4cece70e8bb5d5c3b45ae89493a2dae628ddf534ebc7fe57d0703ac65cdb,946689865,946689850,14,1,0,0,125.1087,484,7
run6-tbt-10s,1,nazionale,10,none,true,100,484,5,1,m2,1AagzGnptAGnvYUunCiqyFBo5P7Zyq7h7kcijs,316428,4,406,1.0,316428.0,1223917.0,0.258537,5.74763208e-06,1.81871172,0.16223462,0.99911915,0.083,5.000,15.008,15.0078,-0.0002,1,,0,3,3,0,0,m1,1VLpfZJuzKm3UcPtfYMsf5T37jtkxjR3ZhRF3w,004b4cece70e8bb5d5c3b45ae89493a2dae628ddf534ebc7fe57d0703ac65cdb,946689865,946689850,14,1,0,0,113.5566,484,
run6-tbt-10s,1,nazionale,10,none,true,100,484,5,1,m3,1CsyzTjErfmoC3PFDMJbGZZqJu6EUYCh2wKkBq,77424,4,406,1.0,77424.0,1223917.0,0.063259,5.42104338e-06,0.41971886,0.65723157,0.9986863,0.083,5.000,15.004,15.0035,-0.0005,1,,0,2,2,0,0,m1,1VLpfZJuzKm3UcPtfYMsf5T37jtkxjR3ZhRF3w,004b4cece70e8bb5d5c3b45ae89493a2dae628ddf534ebc7fe57d0703ac65cdb,946689865,946689850,14,1,0,0,22.7093,484,
run6-tbt-10s,1,nazionale,10,none,true,100,485,5,1,m1,1VLpfZJuzKm3UcPtfYMsf5T37jtkxjR3ZhRF3w,830065,4,406,1.0,830065.0,1223917.0,0.678204,1.40854937e-06,1.16918753,0.31061921,0.82163933,-0.083,5.000,13.2,13.1998,-0.0002,1,,0,2,2,0,0,m2,1AagzGnptAGnvYUunCiqyFBo5P7Zyq7h7kcijs,00605c4125d1322ae965c97286e00d400baabfca252f1f4070e35baafadd9b81,946689878,946689865,10,1,0,0,125.1087,484,
run6-tbt-10s,1,nazionale,10,none,true,100,485,5,1,m2,1AagzGnptAGnvYUunCiqyFBo5P7Zyq7h7kcijs,316428,4,406,1.0,316428.0,1223917.0,0.258537,7.31439191e-07,0.23144784,0.79338408,0.59148264,-0.083,5.000,10.898,10.8982,0.0002,1,,1,1,1,1,1,m2,1AagzGnptAGnvYUunCiqyFBo5P7Zyq7h7kcijs,00605c4125d1322ae965c97286e00d400baabfca252f1f4070e35baafadd9b81,946689878,946689865,10,1,0,0,113.5566,484,1
run6-tbt-10s,1,nazionale,10,none,true,100,485,5,1,m3,1CsyzTjErfmoC3PFDMJbGZZqJu6EUYCh2wKkBq,77424,4,406,1.0,77424.0,1223917.0,0.063259,3.86667213e-06,0.29937322,0.74128269,0.99119544,-0.083,5.000,14.895,14.8954,0.0004,1,,0,3,3,0,0,m2,1AagzGnptAGnvYUunCiqyFBo5P7Zyq7h7kcijs,00605c4125d1322ae965c97286e00d400baabfca252f1f4070e35baafadd9b81,946689878,946689865,10,1,0,0,22.7093,484,
run6-tbt-10s,1,nazionale,10,none,true,100,486,5,1,m1,1VLpfZJuzKm3UcPtfYMsf5T37jtkxjR3ZhRF3w,830065,4,406,1.0,830065.0,1223917.0,0.678204,1.33712715e-07,0.11099024,0.89494748,0.15096364,-0.333,5.000,6.443,6.443,0.0,1,,0,2,2,0,0,m2,1AagzGnptAGnvYUunCiqyFBo5P7Zyq7h7kcijs,0077124097307a7b673b6e195715ed5d70220a4e50d8cf0f700ee6c3f97ea9b0,946689884,946689878,5,1,0,0,125.1087,484,
run6-tbt-10s,1,nazionale,10,none,true,100,486,5,1,m2,1AagzGnptAGnvYUunCiqyFBo5P7Zyq7h7kcijs,316428,4,406,1.0,316428.0,1223917.0,0.258537,6.12073249e-08,0.01936771,0.98081864,0.0721755,-0.333,5.000,5.655,5.6552,0.0002,1,,1,1,1,1,1,m2,1AagzGnptAGnvYUunCiqyFBo5P7Zyq7h7kcijs,0077124097307a7b673b6e195715ed5d70220a4e50d8cf0f700ee6c3f97ea9b0,946689884,946689878,5,1,0,0,113.5566,484,2
run6-tbt-10s,1,nazionale,10,none,true,100,486,5,1,m3,1CsyzTjErfmoC3PFDMJbGZZqJu6EUYCh2wKkBq,77424,4,406,1.0,77424.0,1223917.0,0.063259,1.56549031e-05,1.21206522,0.29758207,1.0,-0.333,5.000,14.933,14.9334,0.0004,1,,0,3,3,0,0,m2,1AagzGnptAGnvYUunCiqyFBo5P7Zyq7h7kcijs,0077124097307a7b673b6e195715ed5d70220a4e50d8cf0f700ee6c3f97ea9b0,946689884,946689878,5,1,0,0,22.7093,484,
run6-tbt-10s,1,nazionale,10,none,true,100,487,5,1,m1,1VLpfZJuzKm3UcPtfYMsf5T37jtkxjR3ZhRF3w,830065,4,406,1.0,830065.0,1223917.0,0.678204,1.03416886e-07,0.08584274,0.91773855,0.11889078,-0.167,5.000,6.156,6.1555,-0.0005,1,,1,1,1,1,1,m1,1VLpfZJuzKm3UcPtfYMsf5T37jtkxjR3ZhRF3w,00b39af90a8215cfd83ebf7cd566cc235d36f1a943042c63a64077e9f6791f4d,946689892,946689884,6,1,0,0,125.3893,487,1
run6-tbt-10s,1,nazionale,10,none,true,100,487,5,1,m2,1AagzGnptAGnvYUunCiqyFBo5P7Zyq7h7kcijs,316428,4,406,1.0,316428.0,1223917.0,0.258537,6.56932999e-07,0.207872,0.81231101,0.55247884,-0.167,5.000,10.491,10.4914,0.0004,1,,0,3,3,0,0,m1,1VLpfZJuzKm3UcPtfYMsf5T37jtkxjR3ZhRF3w,00b39af90a8215cfd83ebf7cd566cc235d36f1a943042c63a64077e9f6791f4d,946689892,946689884,6,1,0,0,113.9494,487,
run6-tbt-10s,1,nazionale,10,none,true,100,487,5,1,m3,1CsyzTjErfmoC3PFDMJbGZZqJu6EUYCh2wKkBq,77424,4,406,1.0,77424.0,1223917.0,0.063259,5.86186166e-07,0.04538488,0.95562961,0.51200163,-0.167,5.000,10.087,10.0866,-0.0004,1,,0,2,2,0,0,m1,1VLpfZJuzKm3UcPtfYMsf5T37jtkxjR3ZhRF3w,00b39af90a8215cfd83ebf7cd566cc235d36f1a943042c63a64077e9f6791f4d,946689892,946689884,6,1,0,0,22.7093,487,
run6-tbt-10s,1,nazionale,10,none,true,100,488,5,1,m1,1VLpfZJuzKm3UcPtfYMsf5T37jtkxjR3ZhRF3w,830065,4,406,1.0,830065.0,1223917.0,0.678204,3.0223053e-06,2.50870985,0.08137316,0.975253,0.0,5.000,14.753,14.7525,-0.0005,1,,1,2,2,0,0,m1,1VLpfZJuzKm3UcPtfYMsf5T37jtkxjR3ZhRF3w,0024757e879db819c0fc8c7182efd5176e97ab49aa94fd30dd9f5c1203fb2dda,946689907,946689892,14,1,1,1,125.3893,487,2
run6-tbt-10s,1,nazionale,10,none,true,100,488,5,1,m2,1AagzGnptAGnvYUunCiqyFBo5P7Zyq7h7kcijs,316428,4,406,1.0,316428.0,1223917.0,0.258537,1.63378739e-06,0.51697608,0.59632105,0.8646133,0.0,5.000,13.646,13.6461,0.0001,1,,0,1,1,1,1,m1,1VLpfZJuzKm3UcPtfYMsf5T37jtkxjR3ZhRF3w,0024757e879db819c0fc8c7182efd5176e97ab49aa94fd30dd9f5c1203fb2dda,946689907,946689892,14,1,1,1,113.9494,487,
run6-tbt-10s,1,nazionale,10,none,true,100,488,5,1,m3,1CsyzTjErfmoC3PFDMJbGZZqJu6EUYCh2wKkBq,77424,4,406,1.0,77424.0,1223917.0,0.063259,3.27558701e-06,0.25360905,0.77599512,0.98184931,0.0,5.000,14.818,14.8185,0.0005,1,,0,3,3,0,0,m1,1VLpfZJuzKm3UcPtfYMsf5T37jtkxjR3ZhRF3w,0024757e879db819c0fc8c7182efd5176e97ab49aa94fd30dd9f5c1203fb2dda,946689907,946689892,14,1,1,1,22.7093,487,
run6-tbt-10s,1,nazionale,10,none,true,100,489,5,1,m1,1VLpfZJuzKm3UcPtfYMsf5T37jtkxjR3ZhRF3w,830065,4,406,1.0,830065.0,1223917.0,0.678204,3.79558525e-08,0.03150582,0.96898531,0.0453923,-0.583,5.000,5.337,5.3373,0.0003,1,,1,1,1,1,1,m1,1VLpfZJuzKm3UcPtfYMsf5T37jtkxjR3ZhRF3w,00487c42fef1535329583c69a9cc6e2a5ec04cb73e2af9bb2bf34847b1893794,946689913,946689907,5,1,0,0,125.8387,489,3
run6-tbt-10s,1,nazionale,10,none,true,100,489,5,1,m2,1AagzGnptAGnvYUunCiqyFBo5P7Zyq7h7kcijs,316428,4,406,1.0,316428.0,1223917.0,0.258537,1.53749834e-06,0.48650752,0.61476972,0.84767979,-0.583,5.000,13.36,13.3602,0.0002,1,,0,2,2,0,0,m1,1VLpfZJuzKm3UcPtfYMsf5T37jtkxjR3ZhRF3w,00487c42fef1535329583c69a9cc6e2a5ec04cb73e2af9bb2bf34847b1893794,946689913,946689907,5,1,0,0,113.9494,489,
run6-tbt-10s,1,nazionale,10,none,true,100,489,5,1,m3,1CsyzTjErfmoC3PFDMJbGZZqJu6EUYCh2wKkBq,77424,4,406,1.0,77424.0,1223917.0,0.063259,6.22167066e-06,0.48170663,0.61772826,0.9995069,-0.583,5.000,14.878,14.8785,0.0005,1,,0,3,3,0,0,m1,1VLpfZJuzKm3UcPtfYMsf5T37jtkxjR3ZhRF3w,00487c42fef1535329583c69a9cc6e2a5ec04cb73e2af9bb2bf34847b1893794,946689913,946689907,5,1,0,0,22.7093,489,
run6-tbt-10s,1,nazionale,10,none,true,100,490,5,1,m1,1VLpfZJuzKm3UcPtfYMsf5T37jtkxjR3ZhRF3w,830065,4,406,1.0,830065.0,1223917.0,0.678204,2.19658283e-06,1.82330653,0.16149089,0.93201275,-0.667,5.000,14.187,14.1867,-0.0003,1,,1,1,1,1,1,m1,1VLpfZJuzKm3UcPtfYMsf5T37jtkxjR3ZhRF3w,00a6f2a7622e00fe82a59456f62b1503f711f1527133429c79496cb2cfb825c4,946689927,946689913,14,1,0,0,125.8387,489,4
run6-tbt-10s,1,nazionale,10,none,true,100,490,5,1,m2,1AagzGnptAGnvYUunCiqyFBo5P7Zyq7h7kcijs,316428,4,406,1.0,316428.0,1223917.0,0.258537,4.28496129e-06,1.35588173,0.25771995,0.99472321,-0.667,5.000,14.814,14.8138,-0.0002,1,,0,3,3,0,0,m1,1VLpfZJuzKm3UcPtfYMsf5T37jtkxjR3ZhRF3w,00a6f2a7622e00fe82a59456f62b1503f711f1527133429c79496cb2cfb825c4,946689927,946689913,14,1,0,0,113.9494,489,
run6-tbt-10s,1,nazionale,10,none,true,100,490,5,1,m3,1CsyzTjErfmoC3PFDMJbGZZqJu6EUYCh2wKkBq,77424,4,406,1.0,77424.0,1223917.0,0.063259,2.28007576e-06,0.17653259,0.83817147,0.93861707,-0.667,5.000,14.253,14.2528,-0.0002,1,,0,2,2,0,0,m1,1VLpfZJuzKm3UcPtfYMsf5T37jtkxjR3ZhRF3w,00a6f2a7622e00fe82a59456f62b1503f711f1527133429c79496cb2cfb825c4,946689927,946689913,14,1,0,0,22.7093,489,
run6-tbt-10s,1,nazionale,10,none,true,100,491,5,1,m1,1VLpfZJuzKm3UcPtfYMsf5T37jtkxjR3ZhRF3w,830065,4,406,1.0,830065.0,1223917.0,0.678204,5.10610363e-07,0.42383979,0.65452873,0.46470897,-1.083,5.000,9.43,9.4305,0.0005,1,,1,1,1,1,1,m1,1VLpfZJuzKm3UcPtfYMsf5T37jtkxjR3ZhRF3w,00295b40b378dff6cddc7c3bcba720ff70954e935ae5ffa7668563a1ad0acf48,946689937,946689927,9,1,0,0,125.8387,489,5
run6-tbt-10s,1,nazionale,10,none,true,100,491,5,1,m2,1AagzGnptAGnvYUunCiqyFBo5P7Zyq7h7kcijs,316428,4,406,1.0,316428.0,1223917.0,0.258537,8.84649571e-06,2.79927894,0.06085393,0.99998015,-1.083,5.000,14.783,14.7832,0.0002,1,,0,3,3,0,0,m1,1VLpfZJuzKm3UcPtfYMsf5T37jtkxjR3ZhRF3w,00295b40b378dff6cddc7c3bcba720ff70954e935ae5ffa7668563a1ad0acf48,946689937,946689927,9,1,0,0,113.9494,489,
run6-tbt-10s,1,nazionale,10,none,true,100,491,5,1,m3,1CsyzTjErfmoC3PFDMJbGZZqJu6EUYCh2wKkBq,77424,4,406,1.0,77424.0,1223917.0,0.063259,6.34472829e-07,0.04912342,0.95206361,0.54000611,-1.083,5.000,10.183,10.1835,0.0005,1,,0,2,2,0,0,m1,1VLpfZJuzKm3UcPtfYMsf5T37jtkxjR3ZhRF3w,00295b40b378dff6cddc7c3bcba720ff70954e935ae5ffa7668563a1ad0acf48,946689937,946689927,9,1,0,0,22.7093,489,
run6-tbt-10s,1,nazionale,10,none,true,100,492,5,1,m1,1VLpfZJuzKm3UcPtfYMsf5T37jtkxjR3ZhRF3w,830065,4,406,1.0,830065.0,1223917.0,0.678204,4.77855955e-06,3.96651503,0.01893932,0.99711595,-0.917,5.000,14.788,14.7878,-0.0002,1,,1,2,2,0,0,m1,1VLpfZJuzKm3UcPtfYMsf5T37jtkxjR3ZhRF3w,0088b3c990d63d7e916e1c8661388f3501d6400f92b498a9e76c9a0cfe1dfef8,946689952,946689937,14,1,0,0,126.3993,492,6
run6-tbt-10s,1,nazionale,10,none,true,100,492,5,1,m2,1AagzGnptAGnvYUunCiqyFBo5P7Zyq7h7kcijs,316428,4,406,1.0,316428.0,1223917.0,0.258537,3.85408005e-06,1.21953884,0.29536635,0.9910587,-0.917,5.000,14.727,14.7272,0.0002,1,,0,1,1,1,1,m1,1VLpfZJuzKm3UcPtfYMsf5T37jtkxjR3ZhRF3w,0088b3c990d63d7e916e1c8661388f3501d6400f92b498a9e76c9a0cfe1dfef8,946689952,946689937,14,1,0,0,113.9494,492,
run6-tbt-10s,1,nazionale,10,none,true,100,492,5,1,m3,1CsyzTjErfmoC3PFDMJbGZZqJu6EUYCh2wKkBq,77424,4,406,1.0,77424.0,1223917.0,0.063259,5.45169401e-06,0.42209196,0.65567374,0.99873467,-0.917,5.000,14.804,14.8039,-0.0001,1,,0,3,3,0,0,m1,1VLpfZJuzKm3UcPtfYMsf5T37jtkxjR3ZhRF3w,0088b3c990d63d7e916e1c8661388f3501d6400f92b498a9e76c9a0cfe1dfef8,946689952,946689937,14,1,0,0,22.7093,492,
run6-tbt-10s,1,nazionale,10,none,true,100,493,5,1,m1,1VLpfZJuzKm3UcPtfYMsf5T37jtkxjR3ZhRF3w,830065,4,406,1.0,830065.0,1223917.0,0.678204,9.51821739e-07,0.79007391,0.45381125,0.68806199,-1.75,5.000,11.531,11.5306,-0.0004,1,,1,1,1,1,1,m1,1VLpfZJuzKm3UcPtfYMsf5T37jtkxjR3ZhRF3w,009f62ec2be587a70686a56f408b1b410d0f3aba84104d09dc4ba9106e2f859f,946689964,946689952,11,1,0,0,126.3993,492,7
run6-tbt-10s,1,nazionale,10,none,true,100,493,5,1,m2,1AagzGnptAGnvYUunCiqyFBo5P7Zyq7h7kcijs,316428,4,406,1.0,316428.0,1223917.0,0.258537,6.14455185e-06,1.94430825,0.14308617,0.9994581,-1.75,5.000,14.645,14.6446,-0.0004,1,,0,3,3,0,0,m1,1VLpfZJuzKm3UcPtfYMsf5T37jtkxjR3ZhRF3w,009f62ec2be587a70686a56f408b1b410d0f3aba84104d09dc4ba9106e2f859f,946689964,946689952,11,1,0,0,113.9494,492,
run6-tbt-10s,1,nazionale,10,none,true,100,493,5,1,m3,1CsyzTjErfmoC3PFDMJbGZZqJu6EUYCh2wKkBq,77424,4,406,1.0,77424.0,1223917.0,0.063259,2.24142156e-06,0.17353982,0.84068367,0.93564328,-1.75,5.000,14.006,14.0064,0.0004,1,,0,2,2,0,0,m1,1VLpfZJuzKm3UcPtfYMsf5T37jtkxjR3ZhRF3w,009f62ec2be587a70686a56f408b1b410d0f3aba84104d09dc4ba9106e2f859f,946689964,946689952,11,1,0,0,22.7093,492,
run6-tbt-10s,1,nazionale,10,none,true,100,494,5,1,m1,1VLpfZJuzKm3UcPtfYMsf5T37jtkxjR3ZhRF3w,830065,4,406,1.0,830065.0,1223917.0,0.678204,3.40813047e-06,2.82896982,0.05907368,0.98456733,-1.417,5.000,14.562,14.5623,0.0003,1,,0,2,2,0,0,m2,1AagzGnptAGnvYUunCiqyFBo5P7Zyq7h7kcijs,0062613977fdc97804198c8b2a958716770bbd0b0266beddc5fced31d3cbd3c0,946689973,946689964,6,1,0,0,126.3993,492,
run6-tbt-10s,1,nazionale,10,none,true,100,494,5,1,m2,1AagzGnptAGnvYUunCiqyFBo5P7Zyq7h7kcijs,316428,4,406,1.0,316428.0,1223917.0,0.258537,1.73308297e-07,0.0548396,0.94663698,0.1911283,-1.417,5.000,6.628,6.6279,-0.0001,1,,1,1,1,1,1,m2,1AagzGnptAGnvYUunCiqyFBo5P7Zyq7h7kcijs,0062613977fdc97804198c8b2a958716770bbd0b0266beddc5fced31d3cbd3c0,946689973,946689964,6,1,0,0,113.9494,492,1
run6-tbt-10s,1,nazionale,10,none,true,100,494,5,1,m3,1CsyzTjErfmoC3PFDMJbGZZqJu6EUYCh2wKkBq,77424,4,406,1.0,77424.0,1223917.0,0.063259,4.52806016e-06,0.35058053,0.70427912,0.9960812,-1.417,5.000,14.677,14.6774,0.0004,1,,0,3,3,0,0,m2,1AagzGnptAGnvYUunCiqyFBo5P7Zyq7h7kcijs,0062613977fdc97804198c8b2a958716770bbd0b0266beddc5fced31d3cbd3c0,946689973,946689964,6,1,0,0,22.7093,492,
run6-tbt-10s,1,nazionale,10,none,true,100,495,5,1,m1,1VLpfZJuzKm3UcPtfYMsf5T37jtkxjR3ZhRF3w,830065,4,406,1.0,830065.0,1223917.0,0.678204,2.91160451e-07,0.2416821,0.78530579,0.29977686,-1.333,5.000,7.731,7.7312,0.0002,1,,0,1,1,1,1,m2,1AagzGnptAGnvYUunCiqyFBo5P7Zyq7h7kcijs,003f1a20b8227c3059d8644023591d45f3ba0df4cd7e62cfa24e3f0ae3072514,946689982,946689973,7,1,0,0,126.9611,495,
run6-tbt-10s,1,nazionale,10,none,true,100,495,5,1,m2,1AagzGnptAGnvYUunCiqyFBo5P7Zyq7h7kcijs,316428,4,406,1.0,316428.0,1223917.0,0.258537,3.22101206e-07,0.10192184,0.90310013,0.32579775,-1.333,5.000,7.991,7.9914,0.0004,1,,1,2,2,0,0,m2,1AagzGnptAGnvYUunCiqyFBo5P7Zyq7h7kcijs,003f1a20b8227c3059d8644023591d45f3ba0df4cd7e62cfa24e3f0ae3072514,946689982,946689973,7,1,0,0,114.1738,495,2
run6-tbt-10s,1,nazionale,10,none,true,100,495,5,1,m3,1CsyzTjErfmoC3PFDMJbGZZqJu6EUYCh2wKkBq,77424,4,406,1.0,77424.0,1223917.0,0.063259,1.45992286e-05,1.13033068,0.32292646,0.99999998,-1.333,5.000,14.733,14.7334,0.0004,1,,0,3,3,0,0,m2,1AagzGnptAGnvYUunCiqyFBo5P7Zyq7h7kcijs,003f1a20b8227c3059d8644023591d45f3ba0df4cd7e62cfa24e3f0ae3072514,946689982,946689973,7,1,0,0,22.7093,495,
run6-tbt-10s,1,nazionale,10,none,true,100,496,5,1,m1,1VLpfZJuzKm3UcPtfYMsf5T37jtkxjR3ZhRF3w,830065,4,406,1.0,830065.0,1223917.0,0.678204,8.63574193e-08,0.07168227,0.9308266,0.10030037,-1.0,5.000,5.803,5.803,0.0,1,,1,1,1,1,1,m1,1VLpfZJuzKm3UcPtfYMsf5T37jtkxjR3ZhRF3w,005e369ce2ab582f6b236b528c5417a57e5f93e22301ae38bebdbc68717fa423,946689990,946689982,5,1,0,0,126.9611,495,1
run6-tbt-10s,1,nazionale,10,none,true,100,496,5,1,m2,1AagzGnptAGnvYUunCiqyFBo5P7Zyq7h7kcijs,316428,4,406,1.0,316428.0,1223917.0,0.258537,6.55219874e-06,2.07329914,0.12577016,0.99967097,-1.0,5.000,14.797,14.7967,-0.0003,1,,0,3,3,0,0,m1,1VLpfZJuzKm3UcPtfYMsf5T37jtkxjR3ZhRF3w,005e369ce2ab582f6b236b528c5417a57e5f93e22301ae38bebdbc68717fa423,946689990,946689982,5,1,0,0,114.1738,495,
run6-tbt-10s,1,nazionale,10,none,true,100,496,5,1,m3,1CsyzTjErfmoC3PFDMJbGZZqJu6EUYCh2wKkBq,77424,4,406,1.0,77424.0,1223917.0,0.063259,3.51452238e-06,0.27210838,0.7617717,0.98645156,-1.0,5.000,14.665,14.6645,-0.0005,1,,0,2,2,0,0,m1,1VLpfZJuzKm3UcPtfYMsf5T37jtkxjR3ZhRF3w,005e369ce2ab582f6b236b528c5417a57e5f93e22301ae38bebdbc68717fa423,946689990,946689982,5,1,0,0,22.7093,495,
run6-tbt-10s,1,nazionale,10,none,true,100,497,5,1,m1,1VLpfZJuzKm3UcPtfYMsf5T37jtkxjR3ZhRF3w,830065,4,406,1.0,830065.0,1223917.0,0.678204,9.00401523e-07,0.74739179,0.47360019,0.66779955,-0.417,5.000,11.595,11.5946,-0.0004,1,,1,2,2,0,0,m1,1VLpfZJuzKm3UcPtfYMsf5T37jtkxjR3ZhRF3w,008515526d5128180eca8a8da668b47b41d3653ee66d9c74de81a25eddc92746,946690002,946689990,11,1,1,1,126.9611,495,2
run6-tbt-10s,1,nazionale,10,none,true,100,497,5,1,m2,1AagzGnptAGnvYUunCiqyFBo5P7Zyq7h7kcijs,316428,4,406,1.0,316428.0,1223917.0,0.258537,7.38112652e-07,0.23355951,0.79171048,0.59480572,-0.417,5.000,10.865,10.8647,-0.0003,1,,0,1,1,1,1,m1,1VLpfZJuzKm3UcPtfYMsf5T37jtkxjR3ZhRF3w,008515526d5128180eca8a8da668b47b41d3653ee66d9c74de81a25eddc92746,946690002,946689990,11,1,1,1,114.1738,495,
run6-tbt-10s,1,nazionale,10,none,true,100,497,5,1,m3,1CsyzTjErfmoC3PFDMJbGZZqJu6EUYCh2wKkBq,77424,4,406,1.0,77424.0,1223917.0,0.063259,1.17527215e-05,0.90994271,0.40254729,0.99999943,-0.417,5.000,14.917,14.9166,-0.0004,1,,0,3,3,0,0,m1,1VLpfZJuzKm3UcPtfYMsf5T37jtkxjR3ZhRF3w,008515526d5128180eca8a8da668b47b41d3653ee66d9c74de81a25eddc92746,946690002,946689990,11,1,1,1,22.7093,495,
run6-tbt-10s,1,nazionale,10,none,true,100,498,5,1,m1,1VLpfZJuzKm3UcPtfYMsf5T37jtkxjR3ZhRF3w,830065,4,406,1.0,830065.0,1223917.0,0.678204,8.88747369e-07,0.73771808,0.47820389,0.66302718,-0.333,5.000,11.564,11.5637,-0.0003,1,,1,2,2,0,0,m1,1VLpfZJuzKm3UcPtfYMsf5T37jtkxjR3ZhRF3w,0065929d4bd376e64f9fad676b2defa5a6ffd81b9deb1dfcd9490131809b07ea,946690014,946690002,11,1,0,0,127.3541,498,3
run6-tbt-10s,1,nazionale,10,none,true,100,498,5,1,m2,1AagzGnptAGnvYUunCiqyFBo5P7Zyq7h7kcijs,316428,4,406,1.0,316428.0,1223917.0,0.258537,5.67044359e-06,1.79428712,0.16624592,0.99903188,-0.333,5.000,14.924,14.9237,-0.0003,1,,0,3,3,0,0,m1,1VLpfZJuzKm3UcPtfYMsf5T37jtkxjR3ZhRF3w,0065929d4bd376e64f9fad676b2defa5a6ffd81b9deb1dfcd9490131809b07ea,946690014,946690002,11,1,0,0,114.3986,498,
run6-tbt-10s,1,nazionale,10,none,true,100,498,5,1,m3,1CsyzTjErfmoC3PFDMJbGZZqJu6EUYCh2wKkBq,77424,4,406,1.0,77424.0,1223917.0,0.063259,8.47731941e-07,0.0656348,0.9364728,0.64567954,-0.333,5.000,11.39,11.3902,0.0002,1,,0,1,1,1,1,m1,1VLpfZJuzKm3UcPtfYMsf5T37jtkxjR3ZhRF3w,0065929d4bd376e64f9fad676b2defa5a6ffd81b9deb1dfcd9490131809b07ea,946690014,946690002,11,1,0,0,22.7093,498,
run6-tbt-10s,1,nazionale,10,none,true,100,499,5,1,m1,1VLpfZJuzKm3UcPtfYMsf5T37jtkxjR3ZhRF3w,830065,4,406,1.0,830065.0,1223917.0,0.678204,9.42614028e-07,0.78243091,0.45729302,0.68452673,-0.833,5.000,11.679,11.6787,-0.0003,1,,1,1,1,1,1,m1,1VLpfZJuzKm3UcPtfYMsf5T37jtkxjR3ZhRF3w,00ea00a4ee783aa39db9a31468b0e4d3d7f014da8f084e85afc90257779f2db5,946690026,946690014,11,1,0,0,127.3541,498,4
run6-tbt-10s,1,nazionale,10,none,true,100,499,5,1,m2,1AagzGnptAGnvYUunCiqyFBo5P7Zyq7h7kcijs,316428,4,406,1.0,316428.0,1223917.0,0.258537,4.9512616e-06,1.56671781,0.20872915,0.99766544,-0.833,5.000,14.81,14.8101,0.0001,1,,0,3,3,0,0,m1,1VLpfZJuzKm3UcPtfYMsf5T37jtkxjR3ZhRF3w,00ea00a4ee783aa39db9a31468b0e4d3d7f014da8f084e85afc90257779f2db5,946690026,946690014,11,1,0,0,114.3986,498,
run6-tbt-10s,1,nazionale,10,none,true,100,499,5,1,m3,1CsyzTjErfmoC3PFDMJbGZZqJu6EUYCh2wKkBq,77424,4,406,1.0,77424.0,1223917.0,0.063259,1.76940011e-06,0.13699403,0.87197543,0.88531877,-0.833,5.000,13.687,13.6866,-0.0004,1,,0,2,2,0,0,m1,1VLpfZJuzKm3UcPtfYMsf5T37jtkxjR3ZhRF3w,00ea00a4ee783aa39db9a31468b0e4d3d7f014da8f084e85afc90257779f2db5,946690026,946690014,11,1,0,0,22.7093,498,
run6-tbt-10s,1,nazionale,10,none,true,100,500,6,0,m1,1VLpfZJuzKm3UcPtfYMsf5T37jtkxjR3ZhRF3w,830065,4,406,1.0,830065.0,1223917.0,0.678204,2.26710157e-06,1.88184166,0.15230934,0.93763457,-1.167,5.000,14.143,14.1429,-0.0001,1,,1,1,1,1,1,m1,1VLpfZJuzKm3UcPtfYMsf5T37jtkxjR3ZhRF3w,00576a9d22589e129f4b329ba471e24e9477ff2f7e3263006820f7e71c6d58d4,946690040,946690026,14,1,0,0,127.8597,500,5
run6-tbt-10s,1,nazionale,10,none,true,100,500,6,0,m2,1AagzGnptAGnvYUunCiqyFBo5P7Zyq7h7kcijs,316428,4,406,1.0,316428.0,1223917.0,0.258537,3.42296064e-06,1.08312059,0.33853744,0.98484492,-1.167,5.000,14.615,14.615,0.0,1,,0,2,2,0,0,m1,1VLpfZJuzKm3UcPtfYMsf5T37jtkxjR3ZhRF3w,00576a9d22589e129f4b329ba471e24e9477ff2f7e3263006820f7e71c6d58d4,946690040,946690026,14,1,0,0,114.3986,500,
run6-tbt-10s,1,nazionale,10,none,true,100,500,6,0,m3,1CsyzTjErfmoC3PFDMJbGZZqJu6EUYCh2wKkBq,77424,4,406,1.0,77424.0,1223917.0,0.063259,2.12483492e-05,1.64513219,0.19298705,1.0,-1.167,5.000,14.767,14.7666,-0.0004,1,,0,3,3,0,0,m1,1VLpfZJuzKm3UcPtfYMsf5T37jtkxjR3ZhRF3w,00576a9d22589e129f4b329ba471e24e9477ff2f7e3263006820f7e71c6d58d4,946690040,946690026,14,1,0,0,22.7093,500,
run6-tbt-10s,1,nazionale,10,none,true,100,501,6,0,m1,1VLpfZJuzKm3UcPtfYMsf5T37jtkxjR3ZhRF3w,830065,4,406,1.0,830065.0,1223917.0,0.678204,3.9399629e-06,3.2704253,0.03799027,0.99195084,-1.083,5.000,14.703,14.7029,-0.0001,1,,0,3,3,0,0,m3,1CsyzTjErfmoC3PFDMJbGZZqJu6EUYCh2wKkBq,00cc483f488e132bea9e39fc439f589742bbb1feafbb12e798342231d8734e80,946690055,946690040,14,1,0,0,127.8597,500,
run6-tbt-10s,1,nazionale,10,none,true,100,501,6,0,m2,1AagzGnptAGnvYUunCiqyFBo5P7Zyq7h7kcijs,316428,4,406,1.0,316428.0,1223917.0,0.258537,2.09142591e-06,0.66178572,0.51592921,0.92267452,-1.083,5.000,14.01,14.0101,0.0001,1,,0,1,1,1,1,m3,1CsyzTjErfmoC3PFDMJbGZZqJu6EUYCh2wKkBq,00cc483f488e132bea9e39fc439f589742bbb1feafbb12e798342231d8734e80,946690055,946690040,14,1,0,0,114.3986,500,
run6-tbt-10s,1,nazionale,10,none,true,100,501,6,0,m3,1CsyzTjErfmoC3PFDMJbGZZqJu6EUYCh2wKkBq,77424,4,406,1.0,77424.0,1223917.0,0.063259,2.22048976e-06,0.1719192,0.84204721,0.93397324,-1.083,5.000,14.123,14.1231,0.0001,1,,1,2,2,0,0,m3,1CsyzTjErfmoC3PFDMJbGZZqJu6EUYCh2wKkBq,00cc483f488e132bea9e39fc439f589742bbb1feafbb12e798342231d8734e80,946690055,946690040,14,1,0,0,22.7093,500,1
run6-tbt-10s,1,nazionale,10,none,true,100,502,6,0,m1,1VLpfZJuzKm3UcPtfYMsf5T37jtkxjR3ZhRF3w,830065,4,406,1.0,830065.0,1223917.0,0.678204,8.18353034e-07,0.67928621,0.50697874,0.6327073,-1.833,5.000,10.96,10.9605,0.0005,1,,1,1,1,1,1,m1,1VLpfZJuzKm3UcPtfYMsf5T37jtkxjR3ZhRF3w,00835f9efee56b743db1091d2aa4d7cca7ceed4123c44d90c128215bccb6442a,946690067,946690055,10,1,0,0,8.6968,502,1
run6-tbt-10s,1,nazionale,10,none,true,100,502,6,0,m2,1AagzGnptAGnvYUunCiqyFBo5P7Zyq7h7kcijs,316428,4,406,1.0,316428.0,1223917.0,0.258537,4.13795763e-06,1.30936566,0.26999127,0.99368304,-1.833,5.000,14.57,14.5702,0.0002,1,,0,2,2,0,0,m1,1VLpfZJuzKm3UcPtfYMsf5T37jtkxjR3ZhRF3w,00835f9efee56b743db1091d2aa4d7cca7ceed4123c44d90c128215bccb6442a,946690067,946690055,10,1,0,0,46.9142,502,
run6-tbt-10s,1,nazionale,10,none,true,100,502,6,0,m3,1CsyzTjErfmoC3PFDMJbGZZqJu6EUYCh2wKkBq,77424,4,406,1.0,77424.0,1223917.0,0.063259,7.79712942e-06,0.60368495,0.54679302,0.9999283,-1.833,5.000,14.633,14.6327,-0.0003,1,,0,3,3,0,0,m1,1VLpfZJuzKm3UcPtfYMsf5T37jtkxjR3ZhRF3w,00835f9efee56b743db1091d2aa4d7cca7ceed4123c44d90c128215bccb6442a,946690067,946690055,10,1,0,0,18.9948,502,
run6-tbt-10s,1,nazionale,10,none,true,100,503,6,0,m1,1VLpfZJuzKm3UcPtfYMsf5T37jtkxjR3ZhRF3w,830065,4,406,1.0,830065.0,1223917.0,0.678204,6.21589002e-07,0.51595927,0.5969277,0.5326951,-1.667,5.000,9.994,9.9936,-0.0004,1,,1,1,1,1,1,m1,1VLpfZJuzKm3UcPtfYMsf5T37jtkxjR3ZhRF3w,00b1db2d95895d55e87ec624a325dd3f4e4a7946c79d0db860033fdf5b269bf8,946690078,946690067,9,1,0,0,8.6968,502,2
run6-tbt-10s,1,nazionale,10,none,true,100,503,6,0,m2,1AagzGnptAGnvYUunCiqyFBo5P7Zyq7h7kcijs,316428,4,406,1.0,316428.0,1223917.0,0.258537,5.82515532e-06,1.84324225,0.15830333,0.99919889,-1.667,5.000,14.659,14.6586,-0.0004,1,,0,2,2,0,0,m1,1VLpfZJuzKm3UcPtfYMsf5T37jtkxjR3ZhRF3w,00b1db2d95895d55e87ec624a325dd3f4e4a7946c79d0db860033fdf5b269bf8,946690078,946690067,9,1,0,0,46.9142,502,
run6-tbt-10s,1,nazionale,10,none,true,100,503,6,0,m3,1CsyzTjErfmoC3PFDMJbGZZqJu6EUYCh2wKkBq,77424,4,406,1.0,77424.0,1223917.0,0.063259,1.28756902e-05,0.99688744,0.36902627,0.99999986,-1.667,5.000,14.667,14.6666,-0.0004,1,,0,3,3,0,0,m1,1VLpfZJuzKm3UcPtfYMsf5T37jtkxjR3ZhRF3w,00b1db2d95895d55e87ec624a325dd3f4e4a7946c79d0db860033fdf5b269bf8,946690078,946690067,9,1,0,0,18.9948,502,
run6-tbt-10s,1,nazionale,10,none,true,100,504,6,0,m1,1VLpfZJuzKm3UcPtfYMsf5T37jtkxjR3ZhRF3w,830065,4,406,1.0,830065.0,1223917.0,0.678204,8.10262949e-07,0.67257091,0.51039471,0.62905245,-1.75,5.000,10.941,10.9405,-0.0005,1,,1,1,1,1,1,m1,1VLpfZJuzKm3UcPtfYMsf5T37jtkxjR3ZhRF3w,00be1c3581ad40101c8b55d07bd9eb07c415268d54db69acfff06ea295751151,946690089,946690078,10,1,0,0,8.6968,502,3
run6-tbt-10s,1,nazionale,10,none,true,100,504,6,0,m2,1AagzGnptAGnvYUunCiqyFBo5P7Zyq7h7kcijs,316428,4,406,1.0,316428.0,1223917.0,0.258537,3.38806509e-06,1.07207866,0.34229626,0.98418364,-1.75,5.000,14.492,14.4918,-0.0002,1,,0,2,2,0,0,m1,1VLpfZJuzKm3UcPtfYMsf5T37jtkxjR3ZhRF3w,00be1c3581ad40101c8b55d07bd9eb07c415268d54db69acfff06ea295751151,946690089,946690078,10,1,0,0,46.9142,502,
run6-tbt-10s,1,nazionale,10,none,true,100,504,6,0,m3,1CsyzTjErfmoC3PFDMJbGZZqJu6EUYCh2wKkBq,77424,4,406,1.0,77424.0,1223917.0,0.063259,5.09334562e-05,3.94347191,0.01938081,1.0,-1.75,5.000,14.65,14.65,0.0,1,,0,3,3,0,0,m1,1VLpfZJuzKm3UcPtfYMsf5T37jtkxjR3ZhRF3w,00be1c3581ad40101c8b55d07bd9eb07c415268d54db69acfff06ea295751151,946690089,946690078,10,1,0,0,18.9948,502,
run6-tbt-10s,1,nazionale,10,none,true,100,505,6,0,m1,1VLpfZJuzKm3UcPtfYMsf5T37jtkxjR3ZhRF3w,830065,4,406,1.0,830065.0,1223917.0,0.678204,9.47344053e-07,0.78635714,0.4555011,0.68634778,-1.417,5.000,11.58,11.5801,0.0001,1,,0,2,2,0,0,m2,1AagzGnptAGnvYUunCiqyFBo5P7Zyq7h7kcijs,008fd6faebe0d77897c7aaf9f0cb6b36a53801d0b9b388ac2f2804c95805c395,946690100,946690089,9,1,0,0,109.1306,505,
run6-tbt-10s,1,nazionale,10,none,true,100,505,6,0,m2,1AagzGnptAGnvYUunCiqyFBo5P7Zyq7h7kcijs,316428,4,406,1.0,316428.0,1223917.0,0.258537,4.57480568e-07,0.14475966,0.86523022,0.42874423,-1.417,5.000,9.004,9.004,0.0,1,,1,1,1,1,1,m2,1AagzGnptAGnvYUunCiqyFBo5P7Zyq7h7kcijs,008fd6faebe0d77897c7aaf9f0cb6b36a53801d0b9b388ac2f2804c95805c395,946690100,946690089,9,1,0,0,46.8376,505,1
run6-tbt-10s,1,nazionale,10,none,true,100,505,6,0,m3,1CsyzTjErfmoC3PFDMJbGZZqJu6EUYCh2wKkBq,77424,4,406,1.0,77424.0,1223917.0,0.063259,1.04829113e-06,0.08116289,0.92204349,0.72280148,-1.417,5.000,11.945,11.9446,-0.0004,1,,0,3,3,0,0,m2,1AagzGnptAGnvYUunCiqyFBo5P7Zyq7h7kcijs,008fd6faebe0d77897c7aaf9f0cb6b36a53801d0b9b388ac2f2804c95805c395,946690100,946690089,9,1,0,0,118.8594,505,
run6-tbt-10s,1,nazionale,10,none,true,100,506,6,0,m1,1VLpfZJuzKm3UcPtfYMsf5T37jtkxjR3ZhRF3w,830065,4,406,1.0,830065.0,1223917.0,0.678204,1.05030074e-06,0.87181788,0.41819064,0.72348243,-1.333,5.000,11.968,11.9682,0.0002,1,,0,1,1,1,1,m2,1AagzGnptAGnvYUunCiqyFBo5P7Zyq7h7kcijs,007fadc684649c67fbacb333187a45a84bccff8f79a4c2c5c00329dc796a2f8c,946690113,946690100,12,1,1,1,109.1306,505,
run6-tbt-10s,1,nazionale,10,none,true,100,506,6,0,m2,1AagzGnptAGnvYUunCiqyFBo5P7Zyq7h7kcijs,316428,4,406,1.0,316428.0,1223917.0,0.258537,1.42891048e-06,0.45214729,0.63626045,0.8260292,-1.333,5.000,12.994,12.9937,-0.0003,1,,1,2,2,0,0,m2,1AagzGnptAGnvYUunCiqyFBo5P7Zyq7h7kcijs,007fadc684649c67fbacb333187a45a84bccff8f79a4c2c5c00329dc796a2f8c,946690113,946690100,12,1,1,1,46.8376,505,2
run6-tbt-10s,1,nazionale,10,none,true,100,506,6,0,m3,1CsyzTjErfmoC3PFDMJbGZZqJu6EUYCh2wKkBq,77424,4,406,1.0,77424.0,1223917.0,0.063259,1.79760835e-05,1.39178029,0.24863227,1.0,-1.333,5.000,14.733,14.7334,0.0004,1,,0,3,3,0,0,m2,1AagzGnptAGnvYUunCiqyFBo5P7Zyq7h7kcijs,007fadc684649c67fbacb333187a45a84bccff8f79a4c2c5c00329dc796a2f8c,946690113,946690100,12,1,1,1,118.8594,505,
run6-tbt-10s,1,nazionale,10,none,true,100,507,6,0,m1,1VLpfZJuzKm3UcPtfYMsf5T37jtkxjR3ZhRF3w,811330,5,506,1.0,811330.0,1199128.0,0.6766,7.1105975e-07,0.57690411,0.56163444,0.57371692,-1.667,5.000,10.404,10.4038,-0.0002,1,,0,2,2,0,0,m2,1AagzGnptAGnvYUunCiqyFBo5P7Zyq7h7kcijs,0039a59853872cc18b8352212b59f13820c5ab7cf116ef6d492ddd760cb5c5bb,946690122,946690113,8,1,0,0,109.1306,505,
run6-tbt-10s,1,nazionale,10,none,true,100,507,6,0,m2,1AagzGnptAGnvYUunCiqyFBo5P7Zyq7h7kcijs,311366,5,506,1.0,311366.0,1199128.0,0.25966,3.67203898e-07,0.11433481,0.89195927,0.35617252,-1.667,5.000,8.228,8.2283,0.0003,1,,1,1,1,1,1,m2,1AagzGnptAGnvYUunCiqyFBo5P7Zyq7h7kcijs,0039a59853872cc18b8352212b59f13820c5ab7cf116ef6d492ddd760cb5c5bb,946690122,946690113,8,1,0,0,46.8376,505,3
run6-tbt-10s,1,nazionale,10,none,true,100,507,6,0,m3,1CsyzTjErfmoC3PFDMJbGZZqJu6EUYCh2wKkBq,76432,5,506,1.0,76432.0,1199128.0,0.06374,4.19449308e-05,3.20593495,0.040521,1.0,-1.667,5.000,14.667,14.6666,-0.0004,1,,0,3,3,0,0,m2,1AagzGnptAGnvYUunCiqyFBo5P7Zyq7h7kcijs,0039a59853872cc18b8352212b59f13820c5ab7cf116ef6d492ddd760cb5c5bb,946690122,946690113,8,1,0,0,118.8594,505,
run6-tbt-10s,1,nazionale,10,none,true,100,508,6,0,m1,1VLpfZJuzKm3UcPtfYMsf5T37jtkxjR3ZhRF3w,811330,5,506,1.0,811330.0,1199128.0,0.6766,1.52646773e-06,1.23846906,0.28982759,0.83965543,-1.667,5.000,13.063,13.0632,0.0002,1,,1,1,1,1,1,m1,1VLpfZJuzKm3UcPtfYMsf5T37jtkxjR3ZhRF3w,00914e1791b0c87fdcdd6b30a7cbdc16e5d09ed6794da2fcc93a85b2411c3691,946690136,946690122,13,1,1,1,109.1306,508,1
run6-tbt-10s,1,nazionale,10,none,true,100,508,6,0,m2,1AagzGnptAGnvYUunCiqyFBo5P7Zyq7h7kcijs,311366,5,506,1.0,311366.0,1199128.0,0.25966,1.98109338e-06,0.61684512,0.53964427,0.90703987,-1.667,5.000,13.737,13.737,-0.0,1,,0,2,2,0,0,m1,1VLpfZJuzKm3UcPtfYMsf5T37jtkxjR3ZhRF3w,00914e1791b0c87fdcdd6b30a7cbdc16e5d09ed6794da2fcc93a85b2411c3691,946690136,946690122,13,1,1,1,47.8856,508,
run6-tbt-10s,1,nazionale,10,none,true,100,508,6,0,m3,1CsyzTjErfmoC3PFDMJbGZZqJu6EUYCh2wKkBq,76432,5,506,1.0,76432.0,1199128.0,0.06374,8.02601548e-06,0.61344442,0.54148256,0.99993389,-1.667,5.000,14.666,14.6659,-0.0001,1,,0,3,3,0,0,m1,1VLpfZJuzKm3UcPtfYMsf5T37jtkxjR3ZhRF3w,00914e1791b0c87fdcdd6b30a7cbdc16e5d09ed6794da2fcc93a85b2411c3691,946690136,946690122,13,1,1,1,118.8594,508,
run6-tbt-10s,1,nazionale,10,none,true,100,509,6,0,m1,1VLpfZJuzKm3UcPtfYMsf5T37jtkxjR3ZhRF3w,811330,5,506,1.0,811330.0,1199128.0,0.6766,2.74556825e-07,0.22275619,0.80030995,0.2805216,-2.167,5.000,7.372,7.3718,-0.0002,1,,1,1,1,1,1,m1,1VLpfZJuzKm3UcPtfYMsf5T37jtkxjR3ZhRF3w,00bab32b75a7efd2ea4b8b322a49947f4d3b6e7e69fcb9a8b66df1eda84c7b1c,946690144,946690136,7,1,0,0,109.1306,508,2
run6-tbt-10s,1,nazionale,10,none,true,100,509,6,0,m2,1AagzGnptAGnvYUunCiqyFBo5P7Zyq7h7kcijs,311366,5,506,1.0,311366.0,1199128.0,0.25966,1.20493831e-06,0.37517682,0.68716776,0.76422452,-2.167,5.000,12.209,12.2088,-0.0002,1,,0,2,2,0,0,m1,1VLpfZJuzKm3UcPtfYMsf5T37jtkxjR3ZhRF3w,00bab32b75a7efd2ea4b8b322a49947f4d3b6e7e69fcb9a8b66df1eda84c7b1c,946690144,946690136,7,1,0,0,47.8856,508,
run6-tbt-10s,1,nazionale,10,none,true,100,509,6,0,m3,1CsyzTjErfmoC3PFDMJbGZZqJu6EUYCh2wKkBq,76432,5,506,1.0,76432.0,1199128.0,0.06374,4.6829898e-06,0.35793028,0.69912182,0.99635903,-2.167,5.000,14.53,14.5302,0.0002,1,,0,3,3,0,0,m1,1VLpfZJuzKm3UcPtfYMsf5T37jtkxjR3ZhRF3w,00bab32b75a7efd2ea4b8b322a49947f4d3b6e7e69fcb9a8b66df1eda84c7b1c,946690144,946690136,7,1,0,0,118.8594,508,
run6-tbt-10s,1,nazionale,10,none,true,100,510,6,0,m1,1VLpfZJuzKm3UcPtfYMsf5T37jtkxjR3ZhRF3w,811330,5,506,1.0,811330.0,1199128.0,0.6766,4.72394718e-07,0.38326801,0.68163019,0.43247004,-1.833,5.000,8.958,8.9581,0.0001,1,,1,1,1,1,1,m1,1VLpfZJuzKm3UcPtfYMsf5T37jtkxjR3ZhRF3w,00444697e78e41429e2f973125c2d2541221f1d2ac6b97d988f129912ffe05ff,946690154,946690144,8,1,0,0,109.1306,508,3
run6-tbt-10s,1,nazionale,10,none,true,100,510,6,0,m2,1AagzGnptAGnvYUunCiqyFBo5P7Zyq7h7kcijs,311366,5,506,1.0,311366.0,1199128.0,0.25966,2.34801541e-06,0.73109217,0.48138295,0.94012948,-1.833,5.000,14.035,14.0347,-0.0003,1,,0,2,2,0,0,m1,1VLpfZJuzKm3UcPtfYMsf5T37jtkxjR3ZhRF3w,00444697e78e41429e2f973125c2d2541221f1d2ac6b97d988f129912ffe05ff,946690154,946690144,8,1,0,0,47.8856,508,
run6-tbt-10s,1,nazionale,10,none,true,100,510,6,0,m3,1CsyzTjErfmoC3PFDMJbGZZqJu6EUYCh2wKkBq,76432,5,506,1.0,76432.0,1199128.0,0.06374,1.1915843e-05,0.91075171,0.40222176,0.99999938,-1.833,5.000,14.633,14.6334,0.0004,1,,0,3,3,0,0,m1,1VLpfZJuzKm3UcPtfYMsf5T37jtkxjR3ZhRF3w,00444697e78e41429e2f973125c2d2541221f1d2ac6b97d988f129912ffe05ff,946690154,946690144,8,1,0,0,118.8594,508,
run6-tbt-10s,1,nazionale,10,none,true,100,511,6,0,m1,1VLpfZJuzKm3UcPtfYMsf5T37jtkxjR3ZhRF3w,811330,5,506,1.0,811330.0,1199128.0,0.6766,8.30713846e-08,0.06739831,0.93482278,0.09481254,-1.667,5.000,5.615,5.6147,-0.0003,1,,1,1,1,1,1,m1,1VLpfZJuzKm3UcPtfYMsf5T37jtkxjR3ZhRF3w,0024b6dd4697c8c7292f45f84054c5fa363e9382d5e583a9fc6063b49bbacc59,946690160,946690154,5,1,0,0,109.692,511,4
run6-tbt-10s,1,nazionale,10,none,true,100,511,6,0,m2,1AagzGnptAGnvYUunCiqyFBo5P7Zyq7h7kcijs,311366,5,506,1.0,311366.0,1199128.0,0.25966,2.49891768e-06,0.778078,0.45928791,0.95003948,-1.667,5.000,14.167,14.167,-0.0,1,,0,2,2,0,0,m1,1VLpfZJuzKm3UcPtfYMsf5T37jtkxjR3ZhRF3w,0024b6dd4697c8c7292f45f84054c5fa363e9382d5e583a9fc6063b49bbacc59,946690160,946690154,5,1,0,0,47.8856,511,
run6-tbt-10s,1,nazionale,10,none,true,100,511,6,0,m3,1CsyzTjErfmoC3PFDMJbGZZqJu6EUYCh2wKkBq,76432,5,506,1.0,76432.0,1199128.0,0.06374,2.96042421e-05,2.26271143,0.10406793,1.0,-1.667,5.000,14.667,14.6666,-0.0004,1,,0,3,3,0,0,m1,1VLpfZJuzKm3UcPtfYMsf5T37jtkxjR3ZhRF3w,0024b6dd4697c8c7292f45f84054c5fa363e9382d5e583a9fc6063b49bbacc59,946690160,946690154,5,1,0,0,118.8594,511,
run6-tbt-10s,1,nazionale,10,none,true,100,512,6,0,m1,1VLpfZJuzKm3UcPtfYMsf5T37jtkxjR3ZhRF3w,811330,5,506,1.0,811330.0,1199128.0,0.6766,7.86872123e-07,0.63841296,0.52812992,0.61076048,-1.167,5.000,10.874,10.8742,0.0002,1,,1,1,1,1,1,m1,1VLpfZJuzKm3UcPtfYMsf5T37jtkxjR3ZhRF3w,006d3046034b30a5947b8c77c8a1dc67bff8d0d0095ece42943839c2e5228f7a,946690171,946690160,10,1,0,0,109.692,511,5
run6-tbt-10s,1,nazionale,10,none,true,100,512,6,0,m2,1AagzGnptAGnvYUunCiqyFBo5P7Zyq7h7kcijs,311366,5,506,1.0,311366.0,1199128.0,0.25966,2.51360066e-06,0.78264978,0.45719294,0.95091142,-1.167,5.000,14.276,14.2757,-0.0003,1,,0,2,2,0,0,m1,1VLpfZJuzKm3UcPtfYMsf5T37jtkxjR3ZhRF3w,006d3046034b30a5947b8c77c8a1dc67bff8d0d0095ece42943839c2e5228f7a,946690171,946690160,10,1,0,0,47.8856,511,
run6-tbt-10s,1,nazionale,10,none,true,100,512,6,0,m3,1CsyzTjErfmoC3PFDMJbGZZqJu6EUYCh2wKkBq,76432,5,506,1.0,76432.0,1199128.0,0.06374,1.87615111e-05,1.43397982,0.23835841,1.0,-1.167,5.000,14.767,14.7666,-0.0004,1,,0,3,3,0,0,m1,1VLpfZJuzKm3UcPtfYMsf5T37jtkxjR3ZhRF3w,006d3046034b30a5947b8c77c8a1dc67bff8d0d0095ece42943839c2e5228f7a,946690171,946690160,10,1,0,0,118.8594,511,
run6-tbt-10s,1,nazionale,10,none,true,100,513,6,0,m1,1VLpfZJuzKm3UcPtfYMsf5T37jtkxjR3ZhRF3w,811330,5,506,1.0,811330.0,1199128.0,0.6766,1.22359484e-06,0.9927392,0.37056026,0.76944062,-0.917,5.000,12.511,12.511,0.0,1,,1,1,1,1,1,m1,1VLpfZJuzKm3UcPtfYMsf5T37jtkxjR3ZhRF3w,003dc8c15bf7b4c57ba454d7f5da5dd4f7080448cf9a2a9e5ef9e4751512195a,946690184,946690171,12,1,0,0,109.692,511,6
run6-tbt-10s,1,nazionale,10,none,true,100,513,6,0,m2,1AagzGnptAGnvYUunCiqyFBo5P7Zyq7h7kcijs,311366,5,506,1.0,311366.0,1199128.0,0.25966,5.09098662e-06,1.58516014,0.20491498,0.99776775,-0.917,5.000,14.794,14.7943,0.0003,1,,0,3,3,0,0,m1,1VLpfZJuzKm3UcPtfYMsf5T37jtkxjR3ZhRF3w,003dc8c15bf7b4c57ba454d7f5da5dd4f7080448cf9a2a9e5ef9e4751512195a,946690184,946690171,12,1,0,0,47.8856,511,
run6-tbt-10s,1,nazionale,10,none,true,100,513,6,0,m3,1CsyzTjErfmoC3PFDMJbGZZqJu6EUYCh2wKkBq,76432,5,506,1.0,76432.0,1199128.0,0.06374,1.9242658e-06,0.14707548,0.86322882,0.90048441,-0.917,5.000,13.822,13.8214,-0.0006,1,,0,2,2,0,0,m1,1VLpfZJuzKm3UcPtfYMsf5T37jtkxjR3ZhRF3w,003dc8c15bf7b4c57ba454d7f5da5dd4f7080448cf9a2a9e5ef9e4751512195a,946690184,946690171,12,1,0,0,118.8594,511,
run6-tbt-10s,1,nazionale,10,none,true,100,514,6,0,m1,1VLpfZJuzKm3UcPtfYMsf5T37jtkxjR3ZhRF3w,811330,5,506,1.0,811330.0,1199128.0,0.6766,2.14168113e-06,1.73761015,0.17594037,0.92332272,-0.75,5.000,14.083,14.0832,0.0002,1,,0,2,2,0,0,m2,1AagzGnptAGnvYUunCiqyFBo5P7Zyq7h7kcijs,00acfe31713f5bf3b9a270fb79f981739038423390063fb36a4cac893ebbcdfc,946690198,946690184,11,1,0,0,110.3662,514,
run6-tbt-10s,1,nazionale,10,none,true,100,514,6,0,m2,1AagzGnptAGnvYUunCiqyFBo5P7Zyq7h7kcijs,311366,5,506,1.0,311366.0,1199128.0,0.25966,9.97807002e-07,0.31068317,0.73294605,0.69774925,-0.75,5.000,11.827,11.8275,0.0005,1,,1,1,1,1,1,m2,1AagzGnptAGnvYUunCiqyFBo5P7Zyq7h7kcijs,00acfe31713f5bf3b9a270fb79f981739038423390063fb36a4cac893ebbcdfc,946690198,946690184,11,1,0,0,47.8856,514,1
run6-tbt-10s,1,nazionale,10,none,true,100,514,6,0,m3,1CsyzTjErfmoC3PFDMJbGZZqJu6EUYCh2wKkBq,76432,5,506,1.0,76432.0,1199128.0,0.06374,4.00458011e-05,3.06078067,0.04685111,1.0,-0.75,5.000,14.85,14.85,0.0,1,,0,3,3,0,0,m2,1AagzGnptAGnvYUunCiqyFBo5P7Zyq7h7kcijs,00acfe31713f5bf3b9a270fb79f981739038423390063fb36a4cac893ebbcdfc,946690198,946690184,11,1,0,0,118.8594,514,
run6-tbt-10s,1,nazionale,10,none,true,100,515,6,0,m1,1VLpfZJuzKm3UcPtfYMsf5T37jtkxjR3ZhRF3w,811330,5,506,1.0,811330.0,1199128.0,0.6766,1.74379861e-06,1.41479613,0.24297514,0.87644115,-0.917,5.000,13.581,13.581,0.0,1,,1,1,1,1,1,m1,1VLpfZJuzKm3UcPtfYMsf5T37jtkxjR3ZhRF3w,00b36269043b02ed9dee314c4ea2b737db0adf3b5e077f8ea0ceb225d2bb7c61,946690213,946690198,13,1,1,1,110.3662,514,1
run6-tbt-10s,1,nazionale,10,none,true,100,515,6,0,m2,1AagzGnptAGnvYUunCiqyFBo5P7Zyq7h7kcijs,311366,5,506,1.0,311366.0,1199128.0,0.25966,5.14550273e-06,1.6021346,0.20146601,0.99790901,-0.917,5.000,14.796,14.7957,-0.0003,1,,0,3,3,0,0,m1,1VLpfZJuzKm3UcPtfYMsf5T37jtkxjR3ZhRF3w,00b36269043b02ed9dee314c4ea2b737db0adf3b5e077f8ea0ceb225d2bb7c61,946690213,946690198,13,1,1,1,47.8856,514,
run6-tbt-10s,1,nazionale,10,none,true,100,515,6,0,m3,1CsyzTjErfmoC3PFDMJbGZZqJu6EUYCh2wKkBq,76432,5,506,1.0,76432.0,1199128.0,0.06374,4.29827531e-06,0.32852578,0.71998437,0.9942248,-0.917,5.000,14.759,14.7588,-0.0002,1,,0,2,2,0,0,m1,1VLpfZJuzKm3UcPtfYMsf5T37jtkxjR3ZhRF3w,00b36269043b02ed9dee314c4ea2b737db0adf3b5e077f8ea0ceb225d2bb7c61,946690213,946690198,13,1,1,1,118.8594,514,
run6-tbt-10s,1,nazionale,10,none,true,100,516,6,0,m1,1VLpfZJuzKm3UcPtfYMsf5T37jtkxjR3ZhRF3w,811330,5,506,1.0,811330.0,1199128.0,0.6766,2.63253964e-07,0.21358584,0.80768283,0.27070371,-1.25,5.000,7.457,7.457,0.0,1,,1,1,1,1,1,m1,1VLpfZJuzKm3UcPtfYMsf5T37jtkxjR3ZhRF3w,00117d953ba19d7d41f47f1dcf49c6ca5b2cd63885896c4f0885a9e772f82746,946690221,946690213,7,1,0,0,110.6468,516,2
run6-tbt-10s,1,nazionale,10,none,true,100,516,6,0,m2,1AagzGnptAGnvYUunCiqyFBo5P7Zyq7h7kcijs,311366,5,506,1.0,311366.0,1199128.0,0.25966,1.39251615e-06,0.43358218,0.64818302,0.81171624,-1.25,5.000,12.867,12.8672,0.0002,1,,0,2,2,0,0,m1,1VLpfZJuzKm3UcPtfYMsf5T37jtkxjR3ZhRF3w,00117d953ba19d7d41f47f1dcf49c6ca5b2cd63885896c4f0885a9e772f82746,946690221,946690213,7,1,0,0,48.1102,516,
run6-tbt-10s,1,nazionale,10,none,true,100,516,6,0,m3,1CsyzTjErfmoC3PFDMJbGZZqJu6EUYCh2wKkBq,76432,5,506,1.0,76432.0,1199128.0,0.06374,1.87266547e-05,1.43131567,0.23899428,1.0,-1.25,5.000,14.75,14.75,-0.0,1,,0,3,3,0,0,m1,1VLpfZJuzKm3UcPtfYMsf5T37jtkxjR3ZhRF3w,00117d953ba19d7d41f47f1dcf49c6ca5b2cd63885896c4f0885a9e772f82746,946690221,946690213,7,1,0,0,118.8594,516,
run6-tbt-10s,1,nazionale,10,none,true,100,517,6,0,m1,1VLpfZJuzKm3UcPtfYMsf5T37jtkxjR3ZhRF3w,811330,5,506,1.0,811330.0,1199128.0,0.6766,2.42897886e-06,1.97070342,0.13935879,0.9456688,-1.0,5.000,14.257,14.2567,-0.0003,1,,0,2,2,0,0,m2,1AagzGnptAGnvYUunCiqyFBo5P7Zyq7h7kcijs,001b2d7431284fc1241afb12a1314830807aa116b71a8afab347cd79fe3c33f7,946690231,946690221,7,1,0,0,110.6468,516,
run6-tbt-10s,1,nazionale,10,none,true,100,517,6,0,m2,1AagzGnptAGnvYUunCiqyFBo5P7Zyq7h7kcijs,311366,5,506,1.0,311366.0,1199128.0,0.25966,2.92523097e-07,0.09108175,0.91294308,0.29585617,-1.0,5.000,7.759,7.7586,-0.0004,1,,1,1,1,1,1,m2,1AagzGnptAGnvYUunCiqyFBo5P7Zyq7h7kcijs,001b2d7431284fc1241afb12a1314830807aa116b71a8afab347cd79fe3c33f7,946690231,946690221,7,1,0,0,48.1102,516,1
run6-tbt-10s,1,nazionale,10,none,true,100,517,6,0,m3,1CsyzTjErfmoC3PFDMJbGZZqJu6EUYCh2wKkBq,76432,5,506,1.0,76432.0,1199128.0,0.06374,2.60068084e-06,0.19877524,0.81973412,0.95577872,-1.0,5.000,14.358,14.3578,-0.0002,1,,0,3,3,0,0,m2,1AagzGnptAGnvYUunCiqyFBo5P7Zyq7h7kcijs,001b2d7431284fc1241afb12a1314830807aa116b71a8afab347cd79fe3c33f7,946690231,946690221,7,1,0,0,118.8594,516,
run6-tbt-10s,1,nazionale,10,none,true,100,518,6,0,m1,1VLpfZJuzKm3UcPtfYMsf5T37jtkxjR3ZhRF3w,811330,5,506,1.0,811330.0,1199128.0,0.6766,1.22521452e-06,0.9940533,0.37007363,0.76988798,-0.917,5.000,12.516,12.5155,-0.0005,1,,0,1,1,1,1,m2,1AagzGnptAGnvYUunCiqyFBo5P7Zyq7h7kcijs,00b4b3e12e3a84975cb8bbc7d1e381bf7aca0b4f57ff6b066253e35c38780b04,946690244,946690231,12,1,0,0,110.6468,516,
run6-tbt-10s,1,nazionale,10,none,true,100,518,6,0,m2,1AagzGnptAGnvYUunCiqyFBo5P7Zyq7h7kcijs,311366,5,506,1.0,311366.0,1199128.0,0.25966,1.27988862e-06,0.3985138,0.67131702,0.7844905,-0.917,5.000,12.662,12.6615,-0.0005,1,,1,2,2,0,0,m2,1AagzGnptAGnvYUunCiqyFBo5P7Zyq7h7kcijs,00b4b3e12e3a84975cb8bbc7d1e381bf7aca0b4f57ff6b066253e35c38780b04,946690244,946690231,12,1,0,0,48.1102,516,2
run6-tbt-10s,1,nazionale,10,none,true,100,518,6,0,m3,1CsyzTjErfmoC3PFDMJbGZZqJu6EUYCh2wKkBq,76432,5,506,1.0,76432.0,1199128.0,0.06374,2.77039466e-05,2.11746805,0.12033593,1.0,-0.917,5.000,14.817,14.8166,-0.0004,1,,0,3,3,0,0,m2,1AagzGnptAGnvYUunCiqyFBo5P7Zyq7h7kcijs,00b4b3e12e3a84975cb8bbc7d1e381bf7aca0b4f57ff6b066253e35c38780b04,946690244,946690231,12,1,0,0,118.8594,516,
run6-tbt-10s,1,nazionale,10,none,true,100,519,6,0,m1,1VLpfZJuzKm3UcPtfYMsf5T37jtkxjR3ZhRF3w,811330,5,506,1.0,811330.0,1199128.0,0.6766,1.89375523e-06,1.53646043,0.21514126,0.89677611,-0.917,5.000,13.784,13.7844,0.0004,1,,0,2,2,0,0,m2,1AagzGnptAGnvYUunCiqyFBo5P7Zyq7h7kcijs,003238a226bd9cad77cfe4f704e94149f6abfd08da230b2cfc6d50a2b154a4d4,946690254,946690244,9,1,0,0,110.815,519,
run6-tbt-10s,1,nazionale,10,none,true,100,519,6,0,m2,1AagzGnptAGnvYUunCiqyFBo5P7Zyq7h7kcijs,311366,5,506,1.0,311366.0,1199128.0,0.25966,5.41251547e-07,0.16852733,0.84490817,0.47744753,-0.917,5.000,9.591,9.5911,0.0001,1,,1,1,1,1,1,m2,1AagzGnptAGnvYUunCiqyFBo5P7Zyq7h7kcijs,003238a226bd9cad77cfe4f704e94149f6abfd08da230b2cfc6d50a2b154a4d4,946690254,946690244,9,1,0,0,48.6154,519,3
run6-tbt-10s,1,nazionale,10,none,true,100,519,6,0,m3,1CsyzTjErfmoC3PFDMJbGZZqJu6EUYCh2wKkBq,76432,5,506,1.0,76432.0,1199128.0,0.06374,5.51374616e-06,0.42142665,0.65611011,0.99865544,-0.917,5.000,14.803,14.8032,0.0002,1,,0,3,3,0,0,m2,1AagzGnptAGnvYUunCiqyFBo5P7Zyq7h7kcijs,003238a226bd9cad77cfe4f704e94149f6abfd08da230b2cfc6d50a2b154a4d4,946690254,946690244,9,1,0,0,118.8594,519,
run6-tbt-10s,1,nazionale,10,none,true,100,520,6,0,m1,1VLpfZJuzKm3UcPtfYMsf5T37jtkxjR3ZhRF3w,811330,5,506,1.0,811330.0,1199128.0,0.6766,1.86236291e-07,0.15109909,0.8597625,0.20014207,-1.0,5.000,6.801,6.8014,0.0004,1,,1,1,1,1,1,m1,1VLpfZJuzKm3UcPtfYMsf5T37jtkxjR3ZhRF3w,005be9a75ec0df44eab31cdca962d1f25df79f20d5e5c032b752ca0917bf7723,946690263,946690254,6,1,0,0,110.815,519,1
run6-tbt-10s,1,nazionale,10,none,true,100,520,6,0,m2,1AagzGnptAGnvYUunCiqyFBo5P7Zyq7h7kcijs,311366,5,506,1.0,311366.0,1199128.0,0.25966,2.25510596e-06,0.70216332,0.49551219,0.93307353,-1.0,5.000,14.131,14.1307,-0.0003,1,,0,2,2,0,0,m1,1VLpfZJuzKm3UcPtfYMsf5T37jtkxjR3ZhRF3w,005be9a75ec0df44eab31cdca962d1f25df79f20d5e5c032b752ca0917bf7723,946690263,946690254,6,1,0,0,48.6154,519,
run6-tbt-10s,1,nazionale,10,none,true,100,520,6,0,m3,1CsyzTjErfmoC3PFDMJbGZZqJu6EUYCh2wKkBq,76432,5,506,1.0,76432.0,1199128.0,0.06374,4.70038992e-05,3.59260202,0.02752661,1.0,-1.0,5.000,14.8,14.8,0.0,1,,0,3,3,0,0,m1,1VLpfZJuzKm3UcPtfYMsf5T37jtkxjR3ZhRF3w,005be9a75ec0df44eab31cdca962d1f25df79f20d5e5c032b752ca0917bf7723,946690263,946690254,6,1,0,0,118.8594,519,
run6-tbt-10s,1,nazionale,10,none,true,100,521,6,0,m1,1VLpfZJuzKm3UcPtfYMsf5T37jtkxjR3ZhRF3w,811330,5,506,1.0,811330.0,1199128.0,0.6766,4.66009863e-06,3.78087782,0.02280267,0.9962577,-0.583,5.000,14.846,14.846,-0.0,1,,1,1,1,1,1,m1,1VLpfZJuzKm3UcPtfYMsf5T37jtkxjR3ZhRF3w,00c3af389e3f4182b899cdc8d6e1ea3df81f72b5de558aface8c86d435a02c26,946690278,946690263,14,1,0,0,110.815,519,2
run6-tbt-10s,1,nazionale,10,none,true,100,521,6,0,m2,1AagzGnptAGnvYUunCiqyFBo5P7Zyq7h7kcijs,311366,5,506,1.0,311366.0,1199128.0,0.25966,6.54844863e-06,2.03896426,0.13016346,0.99961119,-0.583,5.000,14.879,14.8795,0.0005,1,,0,2,2,0,0,m1,1VLpfZJuzKm3UcPtfYMsf5T37jtkxjR3ZhRF3w,00c3af389e3f4182b899cdc8d6e1ea3df81f72b5de558aface8c86d435a02c26,946690278,946690263,14,1,0,0,48.6154,519,
run6-tbt-10s,1,nazionale,10,none,true,100,521,6,0,m3,1CsyzTjErfmoC3PFDMJbGZZqJu6EUYCh2wKkBq,76432,5,506,1.0,76432.0,1199128.0,0.06374,7.15955816e-06,0.54721935,0.57855634,0.99981315,-0.583,5.000,14.881,14.8815,0.0005,1,,0,3,3,0,0,m1,1VLpfZJuzKm3UcPtfYMsf5T37jtkxjR3ZhRF3w,00c3af389e3f4182b899cdc8d6e1ea3df81f72b5de558aface8c86d435a02c26,946690278,946690263,14,1,0,0,118.8594,519,
run6-tbt-10s,1,nazionale,10,none,true,100,522,6,0,m1,1VLpfZJuzKm3UcPtfYMsf5T37jtkxjR3ZhRF3w,811330,5,506,1.0,811330.0,1199128.0,0.6766,1.75981337e-07,0.14277894,0.8669457,0.19024549,-1.167,5.000,6.669,6.6691,0.0001,1,,1,1,1,1,1,m1,1VLpfZJuzKm3UcPtfYMsf5T37jtkxjR3ZhRF3w,006c27d103430bf46132c42d4c5f9e28d1cef5518d8398863a4448c8d8ce1c07,946690286,946690278,6,1,0,0,111.3764,522,3
run6-tbt-10s,1,nazionale,10,none,true,100,522,6,0,m2,1AagzGnptAGnvYUunCiqyFBo5P7Zyq7h7kcijs,311366,5,506,1.0,311366.0,1199128.0,0.25966,1.24333094e-06,0.38713098,0.67900215,0.774833,-1.167,5.000,12.515,12.5149,-0.0001,1,,0,2,2,0,0,m1,1VLpfZJuzKm3UcPtfYMsf5T37jtkxjR3ZhRF3w,006c27d103430bf46132c42d4c5f9e28d1cef5518d8398863a4448c8d8ce1c07,946690286,946690278,6,1,0,0,48.7834,522,
run6-tbt-10s,1,nazionale,10,none,true,100,522,6,0,m3,1CsyzTjErfmoC3PFDMJbGZZqJu6EUYCh2wKkBq,76432,5,506,1.0,76432.0,1199128.0,0.06374,5.30809548e-06,0.40570835,0.66650452,0.99827941,-1.167,5.000,14.749,14.7494,0.0004,1,,0,3,3,0,0,m1,1VLpfZJuzKm3UcPtfYMsf5T37jtkxjR3ZhRF3w,006c27d103430bf46132c42d4c5f9e28d1cef5518d8398863a4448c8d8ce1c07,946690286,946690278,6,1,0,0,118.8594,522,
run6-tbt-10s,1,nazionale,10,none,true,100,523,6,0,m1,1VLpfZJuzKm3UcPtfYMsf5T37jtkxjR3ZhRF3w,811330,5,506,1.0,811330.0,1199128.0,0.6766,1.67227592e-06,1.35676762,0.25749174,0.86537645,-1.0,5.000,13.454,13.4538,-0.0002,1,,0,2,2,0,0,m2,1AagzGnptAGnvYUunCiqyFBo5P7Zyq7h7kcijs,0088190ea891af3f963c661705f6bba4beb6adde53cbc6ff2da9d8b067450c60,946690296,946690286,8,1,0,0,111.3764,522,
run6-tbt-10s,1,nazionale,10,none,true,100,523,6,0,m2,1AagzGnptAGnvYUunCiqyFBo5P7Zyq7h7kcijs,311366,5,506,1.0,311366.0,1199128.0,0.25966,3.32160087e-07,0.10342336,0.90174513,0.32854109,-1.0,5.000,8.085,8.0854,0.0004,1,,1,1,1,1,1,m2,1AagzGnptAGnvYUunCiqyFBo5P7Zyq7h7kcijs,0088190ea891af3f963c661705f6bba4beb6adde53cbc6ff2da9d8b067450c60,946690296,946690286,8,1,0,0,48.7834,522,1
run6-tbt-10s,1,nazionale,10,none,true,100,523,6,0,m3,1CsyzTjErfmoC3PFDMJbGZZqJu6EUYCh2wKkBq,76432,5,506,1.0,76432.0,1199128.0,0.06374,1.08875644e-05,0.83215832,0.43510917,0.99999786,-1.0,5.000,14.8,14.8,-0.0,1,,0,3,3,0,0,m2,1AagzGnptAGnvYUunCiqyFBo5P7Zyq7h7kcijs,0088190ea891af3f963c661705f6bba4beb6adde53cbc6ff2da9d8b067450c60,946690296,946690286,8,1,0,0,118.8594,522,
run6-tbt-10s,1,nazionale,10,none,true,100,524,6,0,m1,1VLpfZJuzKm3UcPtfYMsf5T37jtkxjR3ZhRF3w,811330,5,506,1.0,811330.0,1199128.0,0.6766,7.43124557e-07,0.60291925,0.54721186,0.58979632,-1.333,5.000,10.631,10.6314,0.0004,1,,1,1,1,1,1,m1,1VLpfZJuzKm3UcPtfYMsf5T37jtkxjR3ZhRF3w,0082752a7ff329218e117ee50a1d13b5d2ff6134cfe52ea7bd94a4e4cd18844a,946690308,946690296,10,1,0,0,111.3764,522,1
run6-tbt-10s,1,nazionale,10,none,true,100,524,6,0,m2,1AagzGnptAGnvYUunCiqyFBo5P7Zyq7h7kcijs,311366,5,506,1.0,311366.0,1199128.0,0.25966,1.38850766e-06,0.43233408,0.64899253,0.81080904,-1.333,5.000,12.841,12.8415,0.0005,1,,0,2,2,0,0,m1,1VLpfZJuzKm3UcPtfYMsf5T37jtkxjR3ZhRF3w,0082752a7ff329218e117ee50a1d13b5d2ff6134cfe52ea7bd94a4e4cd18844a,946690308,946690296,10,1,0,0,48.7834,522,
run6-tbt-10s,1,nazionale,10,none,true,100,524,6,0,m3,1CsyzTjErfmoC3PFDMJbGZZqJu6EUYCh2wKkBq,76432,5,506,1.0,76432.0,1199128.0,0.06374,1.94624064e-05,1.48755065,0.22592535,1.0,-1.333,5.000,14.733,14.7334,0.0004,1,,0,3,3,0,0,m1,1VLpfZJuzKm3UcPtfYMsf5T37jtkxjR3ZhRF3w,0082752a7ff329218e117ee50a1d13b5d2ff6134cfe52ea7bd94a4e4cd18844a,946690308,946690296,10,1,0,0,118.8594,522,
run6-tbt-10s,1,nazionale,10,none,true,100,525,6,0,m1,1VLpfZJuzKm3UcPtfYMsf5T37jtkxjR3ZhRF3w,811330,5,506,1.0,811330.0,1199128.0,0.6766,3.08587651e-07,0.25036642,0.77851547,0.3092906,-1.417,5.000,7.81,7.8095,-0.0005,1,,1,1,1,1,1,m1,1VLpfZJuzKm3UcPtfYMsf5T37jtkxjR3ZhRF3w,00862508e05a2aa18716a54733692649d5f692e803d738c96939a876b351ff50,946690317,946690308,7,1,0,0,111.601,525,2
run6-tbt-10s,1,nazionale,10,none,true,100,525,6,0,m2,1AagzGnptAGnvYUunCiqyFBo5P7Zyq7h7kcijs,311366,5,506,1.0,311366.0,1199128.0,0.25966,2.59639394e-06,0.8084288,0.44555758,0.95555082,-1.417,5.000,14.272,14.2721,0.0001,1,,0,2,2,0,0,m1,1VLpfZJuzKm3UcPtfYMsf5T37jtkxjR3ZhRF3w,00862508e05a2aa18716a54733692649d5f692e803d738c96939a876b351ff50,946690317,946690308,7,1,0,0,49.0642,525,
run6-tbt-10s,1,nazionale,10,none,true,100,525,6,0,m3,1CsyzTjErfmoC3PFDMJbGZZqJu6EUYCh2wKkBq,76432,5,506,1.0,76432.0,1199128.0,0.06374,5.14219416e-06,0.39302818,0.67500972,0.9979007,-1.417,5.000,14.696,14.6956,-0.0004,1,,0,3,3,0,0,m1,1VLpfZJuzKm3UcPtfYMsf5T37jtkxjR3ZhRF3w,00862508e05a2aa18716a54733692649d5f692e803d738c96939a876b351ff50,946690317,946690308,7,1,0,0,118.8594,525,
run6-tbt-10s,1,nazionale,10,none,true,100,526,6,0,m1,1VLpfZJuzKm3UcPtfYMsf5T37jtkxjR3ZhRF3w,811330,5,506,1.0,811330.0,1199128.0,0.6766,8.60239251e-07,0.69793791,0.49761036,0.64354133,-1.083,5.000,11.219,11.2188,-0.0002,1,,0,2,2,0,0,m2,1AagzGnptAGnvYUunCiqyFBo5P7Zyq7h7kcijs,00cb789a623c3090cb9c504e45d56791693afc84fe5d9b83f192157aed68ccd2,946690325,946690317,6,1,0,0,111.601,525,
run6-tbt-10s,1,nazionale,10,none,true,100,526,6,0,m2,1AagzGnptAGnvYUunCiqyFBo5P7Zyq7h7kcijs,311366,5,506,1.0,311366.0,1199128.0,0.25966,1.95751182e-07,0.06095026,0.94087004,0.20921624,-1.083,5.000,6.875,6.8756,0.0006,1,,1,1,1,1,1,m2,1AagzGnptAGnvYUunCiqyFBo5P7Zyq7h7kcijs,00cb789a623c3090cb9c504e45d56791693afc84fe5d9b83f192157aed68ccd2,946690325,946690317,6,1,0,0,49.0642,525,1
run6-tbt-10s,1,nazionale,10,none,true,100,526,6,0,m3,1CsyzTjErfmoC3PFDMJbGZZqJu6EUYCh2wKkBq,76432,5,506,1.0,76432.0,1199128.0,0.06374,3.89497355e-06,0.29770062,0.7425236,0.99063309,-1.083,5.000,14.69,14.6897,-0.0003,1,,0,3,3,0,0,m2,1AagzGnptAGnvYUunCiqyFBo5P7Zyq7h7kcijs,00cb789a623c3090cb9c504e45d56791693afc84fe5d9b83f192157aed68ccd2,946690325,946690317,6,1,0,0,118.8594,525,
run6-tbt-10s,1,nazionale,10,none,true,100,527,6,0,m1,1VLpfZJuzKm3UcPtfYMsf5T37jtkxjR3ZhRF3w,811330,5,506,1.0,811330.0,1199128.0,0.6766,7.91980702e-07,0.6425577,0.52594549,0.61313761,-0.583,5.000,11.015,11.0148,-0.0002,1,,1,1,1,1,1,m1,1VLpfZJuzKm3UcPtfYMsf5T37jtkxjR3ZhRF3w,0065a3422b6ad8601c815b8160e341843958bf4f2e41da8de933d8502e8c8350,946690339,946690325,11,1,0,0,111.8252,527,1
run6-tbt-10s,1,nazionale,10,none,true,100,527,6,0,m2,1AagzGnptAGnvYUunCiqyFBo5P7Zyq7h7kcijs,311366,5,506,1.0,311366.0,1199128.0,0.25966,1.16455935e-05,3.62604187,0.02662135,0.99999914,-0.583,5.000,14.883,14.8834,0.0004,1,,0,2,3,0,0,m1,1VLpfZJuzKm3UcPtfYMsf5T37jtkxjR3ZhRF3w,0065a3422b6ad8601c815b8160e341843958bf4f2e41da8de933d8502e8c8350,946690339,946690325,11,1,0,0,49.2326,527,
run6-tbt-10s,1,nazionale,10,none,true,100,527,6,0,m3,1CsyzTjErfmoC3PFDMJbGZZqJu6EUYCh2wKkBq,76432,5,506,1.0,76432.0,1199128.0,0.06374,1.1293102e-05,0.86315437,0.42182937,0.99999869,-0.583,5.000,14.883,14.8834,0.0004,1,,0,3,2,0,0,m1,1VLpfZJuzKm3UcPtfYMsf5T37jtkxjR3ZhRF3w,0065a3422b6ad8601c815b8160e341843958bf4f2e41da8de933d8502e8c8350,946690339,946690325,11,1,0,0,118.8594,527,
run6-tbt-10s,1,nazionale,10,none,true,100,528,6,0,m1,1VLpfZJuzKm3UcPtfYMsf5T37jtkxjR3ZhRF3w,811330,5,506,1.0,811330.0,1199128.0,0.6766,1.17383895e-06,0.95237076,0.38582524,0.75526595,-0.5,5.000,12.453,12.4527,-0.0003,1,,1,1,1,1,1,m1,1VLpfZJuzKm3UcPtfYMsf5T37jtkxjR3ZhRF3w,001f3ec86bae074d307b816c68019f3e12cc2905e54e1065144ed17af2f2856c,946690352,946690339,12,1,0,0,111.8252,527,2
run6-tbt-10s,1,nazionale,10,none,true,100,528,6,0,m2,1AagzGnptAGnvYUunCiqyFBo5P7Zyq7h7kcijs,311366,5,506,1.0,311366.0,1199128.0,0.25966,1.3453188e-06,0.41888653,0.65777883,0.80075289,-0.5,5.000,12.908,12.9075,-0.0005,1,,0,2,2,0,0,m1,1VLpfZJuzKm3UcPtfYMsf5T37jtkxjR3ZhRF3w,001f3ec86bae074d307b816c68019f3e12cc2905e54e1065144ed17af2f2856c,946690352,946690339,12,1,0,0,49.2326,527,
run6-tbt-10s,1,nazionale,10,none,true,100,528,6,0,m3,1CsyzTjErfmoC3PFDMJbGZZqJu6EUYCh2wKkBq,76432,5,506,1.0,76432.0,1199128.0,0.06374,5.86603961e-06,0.44835314,0.6386791,0.99911872,-0.5,5.000,14.891,14.8912,0.0002,1,,0,3,3,0,0,m1,1VLpfZJuzKm3UcPtfYMsf5T37jtkxjR3ZhRF3w,001f3ec86bae074d307b816c68019f3e12cc2905e54e1065144ed17af2f2856c,946690352,946690339,12,1,0,0,118.8594,527,
run6-tbt-10s,1,nazionale,10,none,true,100,529,6,0,m1,1VLpfZJuzKm3UcPtfYMsf5T37jtkxjR3ZhRF3w,811330,5,506,1.0,811330.0,1199128.0,0.6766,2.42253143e-07,0.19654724,0.82156252,0.25210488,-0.917,5.000,7.338,7.3376,-0.0004,1,,1,1,1,1,1,m1,1VLpfZJuzKm3UcPtfYMsf5T37jtkxjR3ZhRF3w,00b92b96dd016e9454125bad437f8b4e456bcc5051598146c031a94ae0c6761b,946690359,946690352,7,1,0,0,111.8252,527,3
run6-tbt-10s,1,nazionale,10,none,true,100,529,6,0,m2,1AagzGnptAGnvYUunCiqyFBo5P7Zyq7h7kcijs,311366,5,506,1.0,311366.0,1199128.0,0.25966,7.96972545e-07,0.24815015,0.78024278,0.6154464,-0.917,5.000,10.971,10.9711,0.0001,1,,0,2,2,0,0,m1,1VLpfZJuzKm3UcPtfYMsf5T37jtkxjR3ZhRF3w,00b92b96dd016e9454125bad437f8b4e456bcc5051598146c031a94ae0c6761b,946690359,946690352,7,1,0,0,49.2326,527,
run6-tbt-10s,1,nazionale,10,none,true,100,529,6,0,m3,1CsyzTjErfmoC3PFDMJbGZZqJu6EUYCh2wKkBq,76432,5,506,1.0,76432.0,1199128.0,0.06374,1.37915725e-05,1.05411747,0.34849985,0.99999993,-0.917,5.000,14.817,14.8166,-0.0004,1,,0,3,3,0,0,m1,1VLpfZJuzKm3UcPtfYMsf5T37jtkxjR3ZhRF3w,00b92b96dd016e9454125bad437f8b4e456bcc5051598146c031a94ae0c6761b,946690359,946690352,7,1,0,0,118.8594,527,
run6-tbt-10s,1,nazionale,10,none,true,100,530,6,0,m1,1VLpfZJuzKm3UcPtfYMsf5T37jtkxjR3ZhRF3w,811330,5,506,1.0,811330.0,1199128.0,0.6766,2.42096059e-07,0.1964198,0.82166723,0.25196399,-0.667,5.000,7.386,7.3862,0.0002,1,,1,1,1,1,1,m1,1VLpfZJuzKm3UcPtfYMsf5T37jtkxjR3ZhRF3w,0030da39266ef63f4b1bbf4d0a5049e6a9b6f9e7fbe1a652dd464b57a2ced2ec,946690367,946690359,7,1,0,0,111.8252,527,4
run6-tbt-10s,1,nazionale,10,none,true,100,530,6,0,m2,1AagzGnptAGnvYUunCiqyFBo5P7Zyq7h7kcijs,311366,5,506,1.0,311366.0,1199128.0,0.25966,6.54538457e-06,2.03801021,0.1302877,0.99960976,-0.667,5.000,14.863,14.8627,-0.0003,1,,0,3,3,0,0,m1,1VLpfZJuzKm3UcPtfYMsf5T37jtkxjR3ZhRF3w,0030da39266ef63f4b1bbf4d0a5049e6a9b6f9e7fbe1a652dd464b57a2ced2ec,946690367,946690359,7,1,0,0,49.2326,527,
run6-tbt-10s,1,nazionale,10,none,true,100,530,6,0,m3,1CsyzTjErfmoC3PFDMJbGZZqJu6EUYCh2wKkBq,76432,5,506,1.0,76432.0,1199128.0,0.06374,3.87070951e-06,0.29584607,0.74390193,0.99035655,-0.667,5.000,14.77,14.7702,0.0002,1,,0,2,2,0,0,m1,1VLpfZJuzKm3UcPtfYMsf5T37jtkxjR3ZhRF3w,0030da39266ef63f4b1bbf4d0a5049e6a9b6f9e7fbe1a652dd464b57a2ced2ec,946690367,946690359,7,1,0,0,118.8594,527,
run6-tbt-10s,1,nazionale,10,none,true,100,531,6,0,m1,1VLpfZJuzKm3UcPtfYMsf5T37jtkxjR3ZhRF3w,811330,5,506,1.0,811330.0,1199128.0,0.6766,1.60621075e-06,1.30316697,0.27167006,0.85427767,-0.25,5.000,13.493,13.4928,-0.0002,1,,0,2,2,0,0,m2,1AagzGnptAGnvYUunCiqyFBo5P7Zyq7h7kcijs,00b5117f89734185a5beaf1661cbc7a52f2652879eade9838d7d9669b8c7b69b,946690378,946690367,9,1,0,0,112.7234,531,
run6-tbt-10s,1,nazionale,10,none,true,100,531,6,0,m2,1AagzGnptAGnvYUunCiqyFBo5P7Zyq7h7kcijs,311366,5,506,1.0,311366.0,1199128.0,0.25966,4.85495311e-07,0.15116673,0.85970435,0.44131587,-0.25,5.000,9.363,9.3632,0.0002,1,,1,1,1,1,1,m2,1AagzGnptAGnvYUunCiqyFBo5P7Zyq7h7kcijs,00b5117f89734185a5beaf1661cbc7a52f2652879eade9838d7d9669b8c7b69b,946690378,946690367,9,1,0,0,49.2326,531,1
run6-tbt-10s,1,nazionale,10,none,true,100,531,6,0,m3,1CsyzTjErfmoC3PFDMJbGZZqJu6EUYCh2wKkBq,76432,5,506,1.0,76432.0,1199128.0,0.06374,4.17916749e-06,0.31942213,0.72656878,0.99333814,-0.25,5.000,14.883,14.8834,0.0004,1,,0,3,3,0,0,m2,1AagzGnptAGnvYUunCiqyFBo5P7Zyq7h7kcijs,00b5117f89734185a5beaf1661cbc7a52f2652879eade9838d7d9669b8c7b69b,946690378,946690367,9,1,0,0,118.8594,531,
run6-tbt-10s,1,nazionale,10,none,true,100,532,6,0,m1,1VLpfZJuzKm3UcPtfYMsf5T37jtkxjR3ZhRF3w,811330,5,506,1.0,811330.0,1199128.0,0.6766,1.43934035e-06,1.16778001,0.31105672,0.82199672,-0.333,5.000,13.153,13.1534,0.0004,1,,0,2,2,0,0,m2,1AagzGnptAGnvYUunCiqyFBo5P7Zyq7h7kcijs,00e87ee1f28cf4f96b602a3dc35954171cef695223c73c1ed917d5d5513bf9a0,946690389,946690378,10,1,0,0,112.7234,531,
run6-tbt-10s,1,nazionale,10,none,true,100,532,6,0,m2,1AagzGnptAGnvYUunCiqyFBo5P7Zyq7h7kcijs,311366,5,506,1.0,311366.0,1199128.0,0.25966,7.54253197e-07,0.2348488,0.79069039,0.59523399,-0.333,5.000,10.886,10.8857,-0.0003,1,,1,1,1,1,1,m2,1AagzGnptAGnvYUunCiqyFBo5P7Zyq7h7kcijs,00e87ee1f28cf4f96b602a3dc35954171cef695223c73c1ed917d5d5513bf9a0,946690389,946690378,10,1,0,0,49.2326,531,2
run6-tbt-10s,1,nazionale,10,none,true,100,532,6,0,m3,1CsyzTjErfmoC3PFDMJbGZZqJu6EUYCh2wKkBq,76432,5,506,1.0,76432.0,1199128.0,0.06374,8.88555731e-06,0.67914092,0.50705241,0.99997642,-0.333,5.000,14.933,14.9332,0.0002,1,,0,3,3,0,0,m2,1AagzGnptAGnvYUunCiqyFBo5P7Zyq7h7kcijs,00e87ee1f28cf4f96b602a3dc35954171cef695223c73c1ed917d5d5513bf9a0,946690389,946690378,10,1,0,0,118.8594,531,
run6-tbt-10s,1,nazionale,10,none,true,100,533,6,0,m1,1VLpfZJuzKm3UcPtfYMsf5T37jtkxjR3ZhRF3w,811330,5,506,1.0,811330.0,1199128.0,0.6766,2.33335531e-06,1.89312116,0.15060102,0.93906769,-0.5,5.000,14.291,14.2907,-0.0003,1,,0,2,2,0,0,m2,1AagzGnptAGnvYUunCiqyFBo5P7Zyq7h7kcijs,008a2e43a3e999a4d8be6702c3755d524511d06c6e67c675a86db0dd1f5b0681,946690400,946690389,10,1,0,0,112.7234,531,
run6-tbt-10s,1,nazionale,10,none,true,100,533,6,0,m2,1AagzGnptAGnvYUunCiqyFBo5P7Zyq7h7kcijs,311366,5,506,1.0,311366.0,1199128.0,0.25966,6.76684258e-07,0.21069647,0.81001989,0.55577809,-0.5,5.000,10.458,10.4578,-0.0002,1,,1,1,1,1,1,m2,1AagzGnptAGnvYUunCiqyFBo5P7Zyq7h7kcijs,008a2e43a3e999a4d8be6702c3755d524511d06c6e67c675a86db0dd1f5b0681,946690400,946690389,10,1,0,0,49.2326,531,3
run6-tbt-10s,1,nazionale,10,none,true,100,533,6,0,m3,1CsyzTjErfmoC3PFDMJbGZZqJu6EUYCh2wKkBq,76432,5,506,1.0,76432.0,1199128.0,0.06374,6.80359862e-06,0.52001265,0.59451303,0.99971368,-0.5,5.000,14.897,14.8971,0.0001,1,,0,3,3,0,0,m2,1AagzGnptAGnvYUunCiqyFBo5P7Zyq7h7kcijs,008a2e43a3e999a4d8be6702c3755d524511d06c6e67c675a86db0dd1f5b0681,946690400,946690389,10,1,0,0,118.8594,531,
run6-tbt-10s,1,nazionale,10,none,true,100,534,6,0,m1,1VLpfZJuzKm3UcPtfYMsf5T37jtkxjR3ZhRF3w,811330,5,506,1.0,811330.0,1199128.0,0.6766,3.58695134e-07,0.29102012,0.74750064,0.34956986,-0.167,5.000,8.462,8.4623,0.0003,1,,1,1,1,1,1,m1,1VLpfZJuzKm3UcPtfYMsf5T37jtkxjR3ZhRF3w,00b1e4e919fabdb31c06ce6f1065b8551c3570a1a5d48d6fa8a27cd39d73177c,946690410,946690400,8,1,0,0,112.7234,534,1
run6-tbt-10s,1,nazionale,10,none,true,100,534,6,0,m2,1AagzGnptAGnvYUunCiqyFBo5P7Zyq7h7kcijs,311366,5,506,1.0,311366.0,1199128.0,0.25966,3.5128888e-06,1.09379413,0.33494326,0.98518927,-0.167,5.000,14.819,14.8185,-0.0005,1,,0,2,2,0,0,m1,1VLpfZJuzKm3UcPtfYMsf5T37jtkxjR3ZhRF3w,00b1e4e919fabdb31c06ce6f1065b8551c3570a1a5d48d6fa8a27cd39d73177c,946690410,946690400,8,1,0,0,49.8506,534,
run6-tbt-10s,1,nazionale,10,none,true,100,534,6,0,m3,1CsyzTjErfmoC3PFDMJbGZZqJu6EUYCh2wKkBq,76432,5,506,1.0,76432.0,1199128.0,0.06374,8.91027664e-06,0.68103026,0.50609531,0.9999771,-0.167,5.000,14.966,14.9664,0.0004,1,,0,3,3,0,0,m1,1VLpfZJuzKm3UcPtfYMsf5T37jtkxjR3ZhRF3w,00b1e4e919fabdb31c06ce6f1065b8551c3570a1a5d48d6fa8a27cd39d73177c,946690410,946690400,8,1,0,0,118.8594,534,
run6-tbt-10s,1,nazionale,10,none,true,100,535,6,0,m1,1VLpfZJuzKm3UcPtfYMsf5T37jtkxjR3ZhRF3w,811330,5,506,1.0,811330.0,1199128.0,0.6766,2.24841331e-07,0.18242052,0.83325087,0.23632543,-0.333,5.000,7.297,7.2967,-0.0003,1,,1,1,1,1,1,m1,1VLpfZJuzKm3UcPtfYMsf5T37jtkxjR3ZhRF3w,0078b8da41d741f6f29b72b3a2e5081b7db101d06447c8937098685f85e72c83,946690418,946690410,7,1,0,0,112.7234,534,2
run6-tbt-10s,1,nazionale,10,none,true,100,535,6,0,m2,1AagzGnptAGnvYUunCiqyFBo5P7Zyq7h7kcijs,311366,5,506,1.0,311366.0,1199128.0,0.25966,1.42593641e-06,0.44398812,0.64147304,0.81911255,-0.333,5.000,13.124,13.1245,0.0005,1,,0,2,2,0,0,m1,1VLpfZJuzKm3UcPtfYMsf5T37jtkxjR3ZhRF3w,0078b8da41d741f6f29b72b3a2e5081b7db101d06447c8937098685f85e72c83,946690418,946690410,7,1,0,0,49.8506,534,
run6-tbt-10s,1,nazionale,10,none,true,100,535,6,0,m3,1CsyzTjErfmoC3PFDMJbGZZqJu6EUYCh2wKkBq,76432,5,506,1.0,76432.0,1199128.0,0.06374,1.62126477e-06,0.12391651,0.8834536,0.8568846,-0.333,5.000,13.502,13.5022,0.0002,1,,0,3,3,0,0,m1,1VLpfZJuzKm3UcPtfYMsf5T37jtkxjR3ZhRF3w,0078b8da41d741f6f29b72b3a2e5081b7db101d06447c8937098685f85e72c83,946690418,946690410,7,1,0,0,118.8594,534,
run6-tbt-10s,1,nazionale,10,none,true,100,536,6,0,m1,1VLpfZJuzKm3UcPtfYMsf5T37jtkxjR3ZhRF3w,811330,5,506,1.0,811330.0,1199128.0,0.6766,1.09759679e-06,0.8905132,0.41044506,0.73183667,-0.167,5.000,12.285,12.285,-0.0,1,,1,2,2,0,0,m1,1VLpfZJuzKm3UcPtfYMsf5T37jtkxjR3ZhRF3w,007f75270dac21efecb07d0e4ecbebeea09a2c14519e28728e66e1c91aeba3e4,946690431,946690418,12,1,1,1,113.0604,536,3
run6-tbt-10s,1,nazionale,10,none,true,100,536,6,0,m2,1AagzGnptAGnvYUunCiqyFBo5P7Zyq7h7kcijs,311366,5,506,1.0,311366.0,1199128.0,0.25966,8.58274242e-07,0.26723742,0.76549131,0.64270041,-0.167,5.000,11.394,11.3936,-0.0004,1,,0,1,1,1,1,m1,1VLpfZJuzKm3UcPtfYMsf5T37jtkxjR3ZhRF3w,007f75270dac21efecb07d0e4ecbebeea09a2c14519e28728e66e1c91aeba3e4,946690431,946690418,12,1,1,1,49.8506,536,
run6-tbt-10s,1,nazionale,10,none,true,100,536,6,0,m3,1CsyzTjErfmoC3PFDMJbGZZqJu6EUYCh2wKkBq,76432,5,506,1.0,76432.0,1199128.0,0.06374,2.54511238e-06,0.19452803,0.8232231,0.95273171,-0.167,5.000,14.494,14.4939,-0.0001,1,,0,3,3,0,0,m1,1VLpfZJuzKm3UcPtfYMsf5T37jtkxjR3ZhRF3w,007f75270dac21efecb07d0e4ecbebeea09a2c14519e28728e66e1c91aeba3e4,946690431,946690418,12,1,1,1,118.8594,536,
run6-tbt-10s,1,nazionale,10,none,true,100,537,6,0,m1,1VLpfZJuzKm3UcPtfYMsf5T37jtkxjR3ZhRF3w,811330,5,506,1.0,811330.0,1199128.0,0.6766,9.04707698e-07,0.7340165,0.47997729,0.66205102,-0.25,5.000,11.571,11.5705,-0.0005,1,,1,1,1,1,1,m1,1VLpfZJuzKm3UcPtfYMsf5T37jtkxjR3ZhRF3w,001c95d071f242e8817df8ed3c03a6992cbd7e271af6e31d60b97f2b4c0193e3,946690443,946690431,11,1,0,0,113.0604,536,4
run6-tbt-10s,1,nazionale,10,none,true,100,537,6,0,m2,1AagzGnptAGnvYUunCiqyFBo5P7Zyq7h7kcijs,311366,5,506,1.0,311366.0,1199128.0,0.25966,9.34423447e-06,2.90947691,0.05450423,0.99998639,-0.25,5.000,14.95,14.9499,-0.0001,1,,0,3,3,0,0,m1,1VLpfZJuzKm3UcPtfYMsf5T37jtkxjR3ZhRF3w,001c95d071f242e8817df8ed3c03a6992cbd7e271af6e31d60b97f2b4c0193e3,946690443,946690431,11,1,0,0,49.8506,536,
run6-tbt-10s,1,nazionale,10,none,true,100,537,6,0,m3,1CsyzTjErfmoC3PFDMJbGZZqJu6EUYCh2wKkBq,76432,5,506,1.0,76432.0,1199128.0,0.06374,6.16002719e-06,0.4708232,0.62448798,0.99938054,-0.25,5.000,14.944,14.9438,-0.0002,1,,0,2,2,0,0,m1,1VLpfZJuzKm3UcPtfYMsf5T37jtkxjR3ZhRF3w,001c95d071f242e8817df8ed3c03a6992cbd7e271af6e31d60b97f2b4c0193e3,946690443,946690431,11,1,0,0,118.8594,536,
run6-tbt-10s,1,nazionale,10,none,true,100,538,6,0,m1,1VLpfZJuzKm3UcPtfYMsf5T37jtkxjR3ZhRF3w,811330,5,506,1.0,811330.0,1199128.0,0.6766,6.23956521e-07,0.50623464,0.60276092,0.52678419,-0.5,5.000,10.168,10.1678,-0.0002,1,,1,1,1,1,1,m1,1VLpfZJuzKm3UcPtfYMsf5T37jtkxjR3ZhRF3w,001e1301b1b0adb96adaefe72312d3a58c0f48be3e553d83f3243663a85bfec4,946690454,946690443,10,1,0,0,113.0604,536,5
run6-tbt-10s,1,nazionale,10,none,true,100,538,6,0,m2,1AagzGnptAGnvYUunCiqyFBo5P7Zyq7h7kcijs,311366,5,506,1.0,311366.0,1199128.0,0.25966,8.04366376e-07,0.25045234,0.77844858,0.61884084,-0.5,5.000,11.088,11.0884,0.0004,1,,0,2,2,0,0,m1,1VLpfZJuzKm3UcPtfYMsf5T37jtkxjR3ZhRF3w,001e1301b1b0adb96adaefe72312d3a58c0f48be3e553d83f3243663a85bfec4,946690454,946690443,10,1,0,0,49.8506,536,
run6-tbt-10s,1,nazionale,10,none,true,100,538,6,0,m3,1CsyzTjErfmoC3PFDMJbGZZqJu6EUYCh2wKkBq,76432,5,506,1.0,76432.0,1199128.0,0.06374,5.29490605e-05,4.04700259,0.01747467,1.0,-0.5,5.000,14.9,14.9,0.0,1,,0,3,3,0,0,m1,1VLpfZJuzKm3UcPtfYMsf5T37jtkxjR3ZhRF3w,001e1301b1b0adb96adaefe72312d3a58c0f48be3e553d83f3243663a85bfec4,946690454,946690443,10,1,0,0,118.8594,536,
run6-tbt-10s,1,nazionale,10,none,true,100,539,6,0,m1,1VLpfZJuzKm3UcPtfYMsf5T37jtkxjR3ZhRF3w,811330,5,506,1.0,811330.0,1199128.0,0.6766,5.00824506e-07,0.40633395,0.66608769,0.4514916,-0.75,5.000,9.365,9.3649,-0.0001,1,,1,1,1,1,1,m1,1VLpfZJuzKm3UcPtfYMsf5T37jtkxjR3ZhRF3w,00cee774fb2295f1f975fab9a0dd55cb54406470fe437033bf667a7a8529280d,946690464,946690454,9,1,0,0,113.8462,539,6
run6-tbt-10s,1,nazionale,10,none,true,100,539,6,0,m2,1AagzGnptAGnvYUunCiqyFBo5P7Zyq7h7kcijs,311366,5,506,1.0,311366.0,1199128.0,0.25966,2.10831257e-06,0.65645685,0.51868586,0.92019241,-0.75,5.000,14.052,14.0519,-0.0001,1,,0,2,2,0,0,m1,1VLpfZJuzKm3UcPtfYMsf5T37jtkxjR3ZhRF3w,00cee774fb2295f1f975fab9a0dd55cb54406470fe437033bf667a7a8529280d,946690464,946690454,9,1,0,0,49.8506,539,
run6-tbt-10s,1,nazionale,10,none,true,100,539,6,0,m3,1CsyzTjErfmoC3PFDMJbGZZqJu6EUYCh2wKkBq,76432,5,506,1.0,76432.0,1199128.0,0.06374,1.15895838e-05,0.88581507,0.41237792,0.99999908,-0.75,5.000,14.85,14.85,-0.0,1,,0,3,3,0,0,m1,1VLpfZJuzKm3UcPtfYMsf5T37jtkxjR3ZhRF3w,00cee774fb2295f1f975fab9a0dd55cb54406470fe437033bf667a7a8529280d,946690464,946690454,9,1,0,0,118.8594,539,
run6-tbt-10s,1,nazionale,10,none,true,100,540,6,0,m1,1VLpfZJuzKm3UcPtfYMsf5T37jtkxjR3ZhRF3w,811330,5,506,1.0,811330.0,1199128.0,0.6766,8.62908571e-07,0.70010361,0.49653385,0.64468048,-0.417,5.000,11.363,11.3634,0.0004,1,,1,1,1,1,1,m1,1VLpfZJuzKm3UcPtfYMsf5T37jtkxjR3ZhRF3w,00f8b7798104c16d4bf3f5b7071ef6d19175d154760a8816e01d68d3417320f1,946690476,946690464,11,1,0,0,113.8462,539,7
run6-tbt-10s,1,nazionale,10,none,true,100,540,6,0,m2,1AagzGnptAGnvYUunCiqyFBo5P7Zyq7h7kcijs,311366,5,506,1.0,311366.0,1199128.0,0.25966,1.72384472e-06,0.53674664,0.58464723,0.87344907,-0.417,5.000,13.651,13.6511,0.0001,1,,0,2,2,0,0,m1,1VLpfZJuzKm3UcPtfYMsf5T37jtkxjR3ZhRF3w,00f8b7798104c16d4bf3f5b7071ef6d19175d154760a8816e01d68d3417320f1,946690476,946690464,11,1,0,0,49.8506,539,
run6-tbt-10s,1,nazionale,10,none,true,100,540,6,0,m3,1CsyzTjErfmoC3PFDMJbGZZqJu6EUYCh2wKkBq,76432,5,506,1.0,76432.0,1199128.0,0.06374,4.87171744e-06,0.37235511,0.68910949,0.99709643,-0.417,5.000,14.888,14.8876,-0.0004,1,,0,3,3,0,0,m1,1VLpfZJuzKm3UcPtfYMsf5T37jtkxjR3ZhRF3w,00f8b7798104c16d4bf3f5b7071ef6d19175d154760a8816e01d68d3417320f1,946690476,946690464,11,1,0,0,118.8594,539,
run6-tbt-10s,1,nazionale,10,none,true,100,541,6,0,m1,1VLpfZJuzKm3UcPtfYMsf5T37jtkxjR3ZhRF3w,811330,5,506,1.0,811330.0,1199128.0,0.6766,3.9425125e-07,0.31986787,0.72624499,0.37671893,-0.333,5.000,8.701,8.7006,-0.0004,1,,1,1,1,1,1,m1,1VLpfZJuzKm3UcPtfYMsf5T37jtkxjR3ZhRF3w,002cb07ec0eb30febc9eeb1b9d4285f32d26f4172172f67059ec1455a908015b,946690485,946690476,8,1,0,0,113.8462,539,8
run6-tbt-10s,1,nazionale,10,none,true,100,541,6,0,m2,1AagzGnptAGnvYUunCiqyFBo5P7Zyq7h7kcijs,311366,5,506,1.0,311366.0,1199128.0,0.25966,2.62106621e-06,0.8161109,0.44214787,0.95684659,-0.333,5.000,14.502,14.5019,-0.0001,1,,0,2,2,0,0,m1,1VLpfZJuzKm3UcPtfYMsf5T37jtkxjR3ZhRF3w,002cb07ec0eb30febc9eeb1b9d4285f32d26f4172172f67059ec1455a908015b,946690485,946690476,8,1,0,0,49.8506,539,
run6-tbt-10s,1,nazionale,10,none,true,100,541,6,0,m3,1CsyzTjErfmoC3PFDMJbGZZqJu6EUYCh2wKkBq,76432,5,506,1.0,76432.0,1199128.0,0.06374,7.29248344e-06,0.55737909,0.57270811,0.99984068,-0.333,5.000,14.932,14.9318,-0.0002,1,,0,3,3,0,0,m1,1VLpfZJuzKm3UcPtfYMsf5T37jtkxjR3ZhRF3w,002cb07ec0eb30febc9eeb1b9d4285f32d26f4172172f67059ec1455a908015b,946690485,946690476,8,1,0,0,118.8594,539,
run6-tbt-10s,1,nazionale,10,none,true,100,542,6,0,m1,1VLpfZJuzKm3UcPtfYMsf5T37jtkxjR3ZhRF3w,811330,5,506,1.0,811330.0,1199128.0,0.6766,1.61767886e-06,1.31247139,0.26915405,0.85626788,-0.5,5.000,13.463,13.4627,-0.0003,1,,0,2,2,0,0,m2,1AagzGnptAGnvYUunCiqyFBo5P7Zyq7h7kcijs,002a0791f4c8c46e4cfb6773e71fefeca2da0f744d7ccd9b40d529c8fa808a12,946690496,946690485,9,1,0,0,114.4078,542,
run6-tbt-10s,1,nazionale,10,none,true,100,542,6,0,m2,1AagzGnptAGnvYUunCiqyFBo5P7Zyq7h7kcijs,311366,5,506,1.0,311366.0,1199128.0,0.25966,4.47805973e-07,0.13943155,0.86985256,0.41548725,-0.5,5.000,9.055,9.0549,-0.0001,1,,1,1,1,1,1,m2,1AagzGnptAGnvYUunCiqyFBo5P7Zyq7h7kcijs,002a0791f4c8c46e4cfb6773e71fefeca2da0f744d7ccd9b40d529c8fa808a12,946690496,946690485,9,1,0,0,49.8506,542,1
run6-tbt-10s,1,nazionale,10,none,true,100,542,6,0,m3,1CsyzTjErfmoC3PFDMJbGZZqJu6EUYCh2wKkBq,76432,5,506,1.0,76432.0,1199128.0,0.06374,2.42356461e-06,0.18523789,0.8309066,0.94531491,-0.5,5.000,14.353,14.3531,0.0001,1,,0,3,3,0,0,m2,1AagzGnptAGnvYUunCiqyFBo5P7Zyq7h7kcijs,002a0791f4c8c46e4cfb6773e71fefeca2da0f744d7ccd9b40d529c8fa808a12,946690496,946690485,9,1,0,0,118.8594,542,
run6-tbt-10s,1,nazionale,10,none,true,100,543,6,0,m1,1VLpfZJuzKm3UcPtfYMsf5T37jtkxjR3ZhRF3w,811330,5,506,1.0,811330.0,1199128.0,0.6766,3.64283047e-07,0.29555376,0.74411941,0.35391358,-0.75,5.000,8.389,8.3891,0.0001,1,,1,1,1,1,1,m1,1VLpfZJuzKm3UcPtfYMsf5T37jtkxjR3ZhRF3w,003a8bb7eadf3e54b189da1f512516146e4d5f993f26e6938011a99a1e8a0d9b,946690506,946690496,8,1,0,0,114.4078,542,1
run6-tbt-10s,1,nazionale,10,none,true,100,543,6,0,m2,1AagzGnptAGnvYUunCiqyFBo5P7Zyq7h7kcijs,311366,5,506,1.0,311366.0,1199128.0,0.25966,1.35541327e-05,4.22029608,0.01469429,0.99999991,-0.75,5.000,14.85,14.85,-0.0,1,,0,2,2,0,0,m1,1VLpfZJuzKm3UcPtfYMsf5T37jtkxjR3ZhRF3w,003a8bb7eadf3e54b189da1f512516146e4d5f993f26e6938011a99a1e8a0d9b,946690506,946690496,8,1,0,0,49.8506,542,
run6-tbt-10s,1,nazionale,10,none,true,100,543,6,0,m3,1CsyzTjErfmoC3PFDMJbGZZqJu6EUYCh2wKkBq,76432,5,506,1.0,76432.0,1199128.0,0.06374,4.08155103e-05,3.11961108,0.04417435,1.0,-0.75,5.000,14.85,14.85,0.0,1,,0,3,3,0,0,m1,1VLpfZJuzKm3UcPtfYMsf5T37jtkxjR3ZhRF3w,003a8bb7eadf3e54b189da1f512516146e4d5f993f26e6938011a99a1e8a0d9b,946690506,946690496,8,1,0,0,118.8594,542,
run6-tbt-10s,1,nazionale,10,none,true,100,544,6,0,m1,1VLpfZJuzKm3UcPtfYMsf5T37jtkxjR3ZhRF3w,811330,5,506,1.0,811330.0,1199128.0,0.6766,1.3904182e-09,0.00112809,0.99887255,0.0016659,-0.667,5.000,4.883,4.8833,0.0003,1,,1,1,1,1,1,m1,1VLpfZJuzKm3UcPtfYMsf5T37jtkxjR3ZhRF3w,006a989766b6d83a7f16f45607c85e3de5f77ba798e76e0f700b431d2035de18,946690511,946690506,4,1,0,0,114.4078,542,2
run6-tbt-10s,1,nazionale,10,none,true,100,544,6,0,m2,1AagzGnptAGnvYUunCiqyFBo5P7Zyq7h7kcijs,311366,5,506,1.0,311366.0,1199128.0,0.25966,2.55176461e-07,0.07945327,0.92362118,0.26360546,-0.667,5.000,7.503,7.5027,-0.0003,1,,0,2,2,0,0,m1,1VLpfZJuzKm3UcPtfYMsf5T37jtkxjR3ZhRF3w,006a989766b6d83a7f16f45607c85e3de5f77ba798e76e0f700b431d2035de18,946690511,946690506,4,1,0,0,49.8506,542,
run6-tbt-10s,1,nazionale,10,none,true,100,544,6,0,m3,1CsyzTjErfmoC3PFDMJbGZZqJu6EUYCh2wKkBq,76432,5,506,1.0,76432.0,1199128.0,0.06374,1.26835837e-05,0.96943167,0.37929854,0.99999975,-0.667,5.000,14.867,14.8666,-0.0004,1,,0,3,3,0,0,m1,1VLpfZJuzKm3UcPtfYMsf5T37jtkxjR3ZhRF3w,006a989766b6d83a7f16f45607c85e3de5f77ba798e76e0f700b431d2035de18,946690511,946690506,4,1,0,0,118.8594,542,
run6-tbt-10s,1,nazionale,10,none,true,100,545,6,0,m1,1VLpfZJuzKm3UcPtfYMsf5T37jtkxjR3ZhRF3w,811330,5,506,1.0,811330.0,1199128.0,0.6766,5.07690768e-07,0.41190475,0.66238736,0.45598922,-0.167,5.000,9.527,9.5265,-0.0005,1,,1,1,1,1,1,m1,1VLpfZJuzKm3UcPtfYMsf5T37jtkxjR3ZhRF3w,006792e52446152294bde3636d40cf2ffade3db9cc6300442a70b2c2f7f0077b,946690521,946690511,9,1,0,0,114.6886,545,3
run6-tbt-10s,1,nazionale,10,none,true,100,545,6,0,m2,1AagzGnptAGnvYUunCiqyFBo5P7Zyq7h7kcijs,311366,5,506,1.0,311366.0,1199128.0,0.25966,7.29301111e-06,2.2707957,0.10323001,0.99984078,-0.167,5.000,14.965,14.965,0.0,1,,0,2,2,0,0,m1,1VLpfZJuzKm3UcPtfYMsf5T37jtkxjR3ZhRF3w,006792e52446152294bde3636d40cf2ffade3db9cc6300442a70b2c2f7f0077b,946690521,946690511,9,1,0,0,50.1312,545,
run6-tbt-10s,1,nazionale,10,none,true,100,545,6,0,m3,1CsyzTjErfmoC3PFDMJbGZZqJu6EUYCh2wKkBq,76432,5,506,1.0,76432.0,1199128.0,0.06374,3.87646092e-05,2.96285661,0.0516711,1.0,-0.167,5.000,14.967,14.9666,-0.0004,1,,0,3,3,0,0,m1,1VLpfZJuzKm3UcPtfYMsf5T37jtkxjR3ZhRF3w,006792e52446152294bde3636d40cf2ffade3db9cc6300442a70b2c2f7f0077b,946690521,946690511,9,1,0,0,118.8594,545,
run6-tbt-10s,1,nazionale,10,none,true,100,546,6,0,m1,1VLpfZJuzKm3UcPtfYMsf5T37jtkxjR3ZhRF3w,811330,5,506,1.0,811330.0,1199128.0,0.6766,7.44815295e-07,0.60429099,0.54646173,0.59062713,-0.083,5.000,10.89,10.8897,-0.0003,1,,1,2,2,0,0,m1,1VLpfZJuzKm3UcPtfYMsf5T37jtkxjR3ZhRF3w,001b9d706d616ef3d85a9be84e48b8bee56b66803deb76037212f5d782cdb726,946690532,946690521,10,1,0,0,114.6886,545,4
run6-tbt-10s,1,nazionale,10,none,true,100,546,6,0,m2,1AagzGnptAGnvYUunCiqyFBo5P7Zyq7h7kcijs,311366,5,506,1.0,311366.0,1199128.0,0.25966,6.36339563e-07,0.1981345,0.82025952,0.53375899,-0.083,5.000,10.321,10.321,-0.0,1,,0,1,1,1,1,m1,1VLpfZJuzKm3UcPtfYMsf5T37jtkxjR3ZhRF3w,001b9d706d616ef3d85a9be84e48b8bee56b66803deb76037212f5d782cdb726,946690532,946690521,10,1,0,0,50.1312,545,
run6-tbt-10s,1,nazionale,10,none,true,100,546,6,0,m3,1CsyzTjErfmoC3PFDMJbGZZqJu6EUYCh2wKkBq,76432,5,506,1.0,76432.0,1199128.0,0.06374,1.88414281e-05,1.44008803,0.2369069,1.0,-0.083,5.000,14.983,14.9834,0.0004,1,,0,3,3,0,0,m1,1VLpfZJuzKm3UcPtfYMsf5T37jtkxjR3ZhRF3w,001b9d706d616ef3d85a9be84e48b8bee56b66803deb76037212f5d782cdb726,946690532,946690521,10,1,0,0,118.8594,545,
run6-tbt-10s,1,nazionale,10,none,true,100,547,6,0,m1,1VLpfZJuzKm3UcPtfYMsf5T37jtkxjR3ZhRF3w,811330,5,506,1.0,811330.0,1199128.0,0.6766,1.85546163e-06,1.50539168,0.22193035,0.89192566,-0.167,5.000,13.886,13.8859,-0.0001,1,,1,1,1,1,1,m1,1VLpfZJuzKm3UcPtfYMsf5T37jtkxjR3ZhRF3w,00e60f03c83b29aca32a2061421ccf56164122e809e1c40777835214359f382c,946690547,946690532,13,1,0,0,113.9362,547,5
run6-tbt-10s,1,nazionale,10,none,true,100,547,6,0,m2,1AagzGnptAGnvYUunCiqyFBo5P7Zyq7h7kcijs,311366,5,506,1.0,311366.0,1199128.0,0.25966,1.14484591e-05,3.56466092,0.02830658,0.99999891,-0.167,5.000,14.967,14.9666,-0.0004,1,,0,2,2,0,0,m1,1VLpfZJuzKm3UcPtfYMsf5T37jtkxjR3ZhRF3w,00e60f03c83b29aca32a2061421ccf56164122e809e1c40777835214359f382c,946690547,946690532,13,1,0,0,50.1312,547,
run6-tbt-10s,1,nazionale,10,none,true,100,547,6,0,m3,1CsyzTjErfmoC3PFDMJbGZZqJu6EUYCh2wKkBq,76432,5,506,1.0,76432.0,1199128.0,0.06374,1.8217172e-05,1.39237489,0.24848448,1.0,-0.167,5.000,14.967,14.9666,-0.0004,1,,0,3,3,0,0,m1,1VLpfZJuzKm3UcPtfYMsf5T37jtkxjR3ZhRF3w,00e60f03c83b29aca32a2061421ccf56164122e809e1c40777835214359f382c,946690547,946690532,13,1,0,0,118.8594,547,
run6-tbt-10s,1,nazionale,10,none,true,100,548,6,0,m1,1VLpfZJuzKm3UcPtfYMsf5T37jtkxjR3ZhRF3w,811330,5,506,1.0,811330.0,1199128.0,0.6766,4.149176e-06,3.36635096,0.03451536,0.9930942,-0.75,5.000,14.781,14.7809,-0.0001,1,,1,2,2,0,0,m1,1VLpfZJuzKm3UcPtfYMsf5T37jtkxjR3ZhRF3w,00fabdbc4a6e6aca7cdf5635064f625a4fad3dd4cf5e971c29892ce55cf10557,946690562,946690547,14,1,1,1,113.9362,547,6
run6-tbt-10s,1,nazionale,10,none,true,100,548,6,0,m2,1AagzGnptAGnvYUunCiqyFBo5P7Zyq7h7kcijs,311366,5,506,1.0,311366.0,1199128.0,0.25966,3.19505863e-06,0.99483263,0.36978533,0.97831825,-0.75,5.000,14.633,14.6332,0.0002,1,,0,1,1,1,1,m1,1VLpfZJuzKm3UcPtfYMsf5T37jtkxjR3ZhRF3w,00fabdbc4a6e6aca7cdf5635064f625a4fad3dd4cf5e971c29892ce55cf10557,946690562,946690547,14,1,1,1,50.1312,547,
run6-tbt-10s,1,nazionale,10,none,true,100,548,6,0,m3,1CsyzTjErfmoC3PFDMJbGZZqJu6EUYCh2wKkBq,76432,5,506,1.0,76432.0,1199128.0,0.06374,3.82923525e-05,2.92676109,0.05357027,1.0,-0.75,5.000,14.85,14.85,0.0,1,,0,3,3,0,0,m1,1VLpfZJuzKm3UcPtfYMsf5T37jtkxjR3ZhRF3w,00fabdbc4a6e6aca7cdf5635064f625a4fad3dd4cf5e971c29892ce55cf10557,946690562,946690547,14,1,1,1,118.8594,547,
run6-tbt-10s,1,nazionale,10,none,true,100,549,6,0,m1,1VLpfZJuzKm3UcPtfYMsf5T37jtkxjR3ZhRF3w,811330,5,506,1.0,811330.0,1199128.0,0.6766,9.10517541e-07,0.7387302,0.47772014,0.66439724,-0.917,5.000,11.461,11.4606,-0.0004,1,,1,1,1,1,1,m1,1VLpfZJuzKm3UcPtfYMsf5T37jtkxjR3ZhRF3w,003ab7abcd7a09d4a8ae057cb8a9dd4066812c55ecfe28e64f01624c937fc7ec,946690574,946690562,11,1,0,0,113.9362,547,7
run6-tbt-10s,1,nazionale,10,none,true,100,549,6,0,m2,1AagzGnptAGnvYUunCiqyFBo5P7Zyq7h7kcijs,311366,5,506,1.0,311366.0,1199128.0,0.25966,2.53446705e-06,0.78914687,0.45423215,0.95212445,-0.917,5.000,14.338,14.3378,-0.0002,1,,0,2,2,0,0,m1,1VLpfZJuzKm3UcPtfYMsf5T37jtkxjR3ZhRF3w,003ab7abcd7a09d4a8ae057cb8a9dd4066812c55ecfe28e64f01624c937fc7ec,946690574,946690562,11,1,0,0,50.1312,547,
run6-tbt-10s,1,nazionale,10,none,true,100,549,6,0,m3,1CsyzTjErfmoC3PFDMJbGZZqJu6EUYCh2wKkBq,76432,5,506,1.0,76432.0,1199128.0,0.06374,1.44994999e-05,1.10822578,0.33014419,0.99999997,-0.917,5.000,14.817,14.8166,-0.0004,1,,0,3,3,0,0,m1,1VLpfZJuzKm3UcPtfYMsf5T37jtkxjR3ZhRF3w,003ab7abcd7a09d4a8ae057cb8a9dd4066812c55ecfe28e64f01624c937fc7ec,946690574,946690562,11,1,0,0,118.8594,547,
run6-tbt-10s,1,nazionale,10,none,true,100,550,6,0,m1,1VLpfZJuzKm3UcPtfYMsf5T37jtkxjR3ZhRF3w,811330,5,506,1.0,811330.0,1199128.0,0.6766,1.03982408e-06,0.84364047,0.43014175,0.71260054,-0.917,5.000,11.943,11.9426,-0.0004,1,,0,2,2,0,0,m3,1CsyzTjErfmoC3PFDMJbGZZqJu6EUYCh2wKkBq,00512ea562280b6f3e5b14a132a691b3a22f1548be2fb5196e350c7141904d57,946690582,946690574,6,1,0,0,115.9804,550,
run6-tbt-10s,1,nazionale,10,none,true,100,550,6,0,m2,1AagzGnptAGnvYUunCiqyFBo5P7Zyq7h7kcijs,311366,5,506,1.0,311366.0,1199128.0,0.25966,3.83831382e-06,1.19512042,0.3026675,0.98997456,-0.917,5.000,14.716,14.7163,0.0003,1,,0,3,3,0,0,m3,1CsyzTjErfmoC3PFDMJbGZZqJu6EUYCh2wKkBq,00512ea562280b6f3e5b14a132a691b3a22f1548be2fb5196e350c7141904d57,946690582,946690574,6,1,0,0,50.1312,550,
run6-tbt-10s,1,nazionale,10,none,true,100,550,6,0,m3,1CsyzTjErfmoC3PFDMJbGZZqJu6EUYCh2wKkBq,76432,5,506,1.0,76432.0,1199128.0,0.06374,1.24431436e-07,0.00951054,0.99053454,0.13861112,-0.917,5.000,6.203,6.2027,-0.0003,1,,1,1,1,1,1,m3,1CsyzTjErfmoC3PFDMJbGZZqJu6EUYCh2wKkBq,00512ea562280b6f3e5b14a132a691b3a22f1548be2fb5196e350c7141904d57,946690582,946690574,6,1,0,0,118.8594,550,1
run6-tbt-10s,1,nazionale,10,none,true,100,551,6,0,m1,1VLpfZJuzKm3UcPtfYMsf5T37jtkxjR3ZhRF3w,811330,5,506,1.0,811330.0,1199128.0,0.6766,1.80593685e-06,1.46521074,0.2310293,0.8853131,-0.667,5.000,13.72,13.7197,-0.0003,1,,0,2,2,0,0,m2,1AagzGnptAGnvYUunCiqyFBo5P7Zyq7h7kcijs,00309b72b6a93fb022e13600337e9756fa2922c666f11cbc7fce1f39dd8e3bb7,946690596,946690582,12,1,0,0,115.9804,550,
run6-tbt-10s,1,nazionale,10,none,true,100,551,6,0,m2,1AagzGnptAGnvYUunCiqyFBo5P7Zyq7h7kcijs,311366,5,506,1.0,311366.0,1199128.0,0.25966,1.1295319e-06,0.35169783,0.70349266,0.74191165,-0.667,5.000,12.286,12.2857,-0.0003,1,,1,1,1,1,1,m2,1AagzGnptAGnvYUunCiqyFBo5P7Zyq7h7kcijs,00309b72b6a93fb022e13600337e9756fa2922c666f11cbc7fce1f39dd8e3bb7,946690596,946690582,12,1,0,0,50.1312,550,1
run6-tbt-10s,1,nazionale,10,none,true,100,551,6,0,m3,1CsyzTjErfmoC3PFDMJbGZZqJu6EUYCh2wKkBq,76432,5,506,1.0,76432.0,1199128.0,0.06374,3.20788353e-06,0.24518495,0.78255979,0.97864913,-0.667,5.000,14.653,14.6531,0.0001,1,,0,3,3,0,0,m2,1AagzGnptAGnvYUunCiqyFBo5P7Zyq7h7kcijs,00309b72b6a93fb022e13600337e9756fa2922c666f11cbc7fce1f39dd8e3bb7,946690596,946690582,12,1,0,0,118.8594,550,
run6-tbt-10s,1,nazionale,10,none,true,100,552,6,0,m1,1VLpfZJuzKm3UcPtfYMsf5T37jtkxjR3ZhRF3w,811330,5,506,1.0,811330.0,1199128.0,0.6766,2.99213951e-06,2.42761255,0.08824727,0.97234526,-1.0,5.000,14.523,14.5235,0.0005,1,,0,1,1,1,1,m2,1AagzGnptAGnvYUunCiqyFBo5P7Zyq7h7kcijs,00f88e55deed6ca2744e6595c923e55eff72bcb69113d9953f7603fda4653ede,946690612,946690596,14,1,0,0,115.9804,550,
run6-tbt-10s,1,nazionale,10,none,true,100,552,6,0,m2,1AagzGnptAGnvYUunCiqyFBo5P7Zyq7h7kcijs,311366,5,506,1.0,311366.0,1199128.0,0.25966,3.51355402e-06,1.09400126,0.33487389,0.98520108,-1.0,5.000,14.652,14.652,0.0,1,,1,2,2,0,0,m2,1AagzGnptAGnvYUunCiqyFBo5P7Zyq7h7kcijs,00f88e55deed6ca2744e6595c923e55eff72bcb69113d9953f7603fda4653ede,946690612,946690596,14,1,0,0,50.1312,550,2
run6-tbt-10s,1,nazionale,10,none,true,100,552,6,0,m3,1CsyzTjErfmoC3PFDMJbGZZqJu6EUYCh2wKkBq,76432,5,506,1.0,76432.0,1199128.0,0.06374,3.89181556e-06,0.29745925,0.74270285,0.99059755,-1.0,5.000,14.706,14.706,-0.0,1,,0,3,3,0,0,m2,1AagzGnptAGnvYUunCiqyFBo5P7Zyq7h7kcijs,00f88e55deed6ca2744e6595c923e55eff72bcb69113d9953f7603fda4653ede,946690612,946690596,14,1,0,0,118.8594,550,
run6-tbt-10s,1,nazionale,10,none,true,100,553,6,0,m1,1VLpfZJuzKm3UcPtfYMsf5T37jtkxjR3ZhRF3w,811330,5,506,1.0,811330.0,1199128.0,0.6766,9.63793723e-08,0.07819548,0.92478364,0.10914286,-1.333,5.000,5.825,5.8248,-0.0002,1,,1,1,1,1,1,m1,1VLpfZJuzKm3UcPtfYMsf5T37jtkxjR3ZhRF3w,00e95e90f497b0d93235661cf510d55502a3904a902010c7ce4eec3546bfdf8e,946690619,946690612,5,1,0,0,115.9804,553,1
run6-tbt-10s,1,nazionale,10,none,true,100,553,6,0,m2,1AagzGnptAGnvYUunCiqyFBo5P7Zyq7h7kcijs,311366,5,506,1.0,311366.0,1199128.0,0.25966,5.41653025e-07,0.16865234,0.84480256,0.47769904,-1.333,5.000,9.51,9.5104,0.0004,1,,0,2,2,0,0,m1,1VLpfZJuzKm3UcPtfYMsf5T37jtkxjR3ZhRF3w,00e95e90f497b0d93235661cf510d55502a3904a902010c7ce4eec3546bfdf8e,946690619,946690612,5,1,0,0,50.6366,553,
run6-tbt-10s,1,nazionale,10,none,true,100,553,6,0,m3,1CsyzTjErfmoC3PFDMJbGZZqJu6EUYCh2wKkBq,76432,5,506,1.0,76432.0,1199128.0,0.06374,9.2767763e-06,0.70904257,0.49211514,0.99998525,-1.333,5.000,14.733,14.7333,0.0003,1,,0,3,3,0,0,m1,1VLpfZJuzKm3UcPtfYMsf5T37jtkxjR3ZhRF3w,00e95e90f497b0d93235661cf510d55502a3904a902010c7ce4eec3546bfdf8e,946690619,946690612,5,1,0,0,119.028,553,
run6-tbt-10s,1,nazionale,10,none,true,100,554,6,0,m1,1VLpfZJuzKm3UcPtfYMsf5T37jtkxjR3ZhRF3w,811330,5,506,1.0,811330.0,1199128.0,0.6766,2.18063239e-06,1.76921248,0.17046718,0.92682177,-1.167,5.000,14.035,14.0348,-0.0002,1,,0,2,2,0,0,m2,1AagzGnptAGnvYUunCiqyFBo5P7Zyq7h7kcijs,00f1016ecdb3d047ca2d7a02eebb20aa73bdc21ae2047f22a698eb4ed0fe4970,946690634,946690619,12,1,1,1,115.9804,553,
run6-tbt-10s,1,nazionale,10,none,true,100,554,6,0,m2,1AagzGnptAGnvYUunCiqyFBo5P7Zyq7h7kcijs,311366,5,506,1.0,311366.0,1199128.0,0.25966,1.18989251e-06,0.37049207,0.69039452,0.75993209,-1.167,5.000,12.366,12.3659,-0.0001,1,,1,1,1,1,1,m2,1AagzGnptAGnvYUunCiqyFBo5P7Zyq7h7kcijs,00f1016ecdb3d047ca2d7a02eebb20aa73bdc21ae2047f22a698eb4ed0fe4970,946690634,946690619,12,1,1,1,50.6366,553,1
run6-tbt-10s,1,nazionale,10,none,true,100,554,6,0,m3,1CsyzTjErfmoC3PFDMJbGZZqJu6EUYCh2wKkBq,76432,5,506,1.0,76432.0,1199128.0,0.06374,3.06767888e-05,2.34468832,0.09587708,1.0,-1.167,5.000,14.767,14.7666,-0.0004,1,,0,3,3,0,0,m2,1AagzGnptAGnvYUunCiqyFBo5P7Zyq7h7kcijs,00f1016ecdb3d047ca2d7a02eebb20aa73bdc21ae2047f22a698eb4ed0fe4970,946690634,946690619,12,1,1,1,119.028,553,
run6-tbt-10s,1,nazionale,10,none,true,100,555,6,0,m1,1VLpfZJuzKm3UcPtfYMsf5T37jtkxjR3ZhRF3w,811330,5,506,1.0,811330.0,1199128.0,0.6766,5.61731199e-06,4.55749374,0.01048831,0.99881247,-1.5,5.000,14.688,14.6881,0.0001,1,,0,3,3,0,0,m2,1AagzGnptAGnvYUunCiqyFBo5P7Zyq7h7kcijs,00c35da76ff2bff25101126da92e4584267d2867581d134069ce27a146063a81,946690646,946690634,12,1,0,0,116.205,555,
run6-tbt-10s,1,nazionale,10,none,true,100,555,6,0,m2,1AagzGnptAGnvYUunCiqyFBo5P7Zyq7h7kcijs,311366,5,506,1.0,311366.0,1199128.0,0.25966,1.11484563e-06,0.34712502,0.70671697,0.73732628,-1.5,5.000,12.073,12.0733,0.0003,1,,1,1,1,1,1,m2,1AagzGnptAGnvYUunCiqyFBo5P7Zyq7h7kcijs,00c35da76ff2bff25101126da92e4584267d2867581d134069ce27a146063a81,946690646,946690634,12,1,0,0,50.9174,555,2
run6-tbt-10s,1,nazionale,10,none,true,100,555,6,0,m3,1CsyzTjErfmoC3PFDMJbGZZqJu6EUYCh2wKkBq,76432,5,506,1.0,76432.0,1199128.0,0.06374,3.51858274e-06,0.26893232,0.76419498,0.98529005,-1.5,5.000,14.553,14.5529,-0.0001,1,,0,2,2,0,0,m2,1AagzGnptAGnvYUunCiqyFBo5P7Zyq7h7kcijs,00c35da76ff2bff25101126da92e4584267d2867581d134069ce27a146063a81,946690646,946690634,12,1,0,0,119.028,555,
run6-tbt-10s,1,nazionale,10,none,true,100,556,6,0,m1,1VLpfZJuzKm3UcPtfYMsf5T37jtkxjR3ZhRF3w,811330,5,506,1.0,811330.0,1199128.0,0.6766,1.08419628e-06,0.87964097,0.41493186,0.72749277,-1.667,5.000,11.942,11.9415,-0.0005,1,,0,2,2,0,0,m2,1AagzGnptAGnvYUunCiqyFBo5P7Zyq7h7kcijs,00160fdeb37eb7f9c3f4f87eff4c7347872c60f94c499e62787df0bb389d9e16,946690656,946690646,9,1,0,0,116.205,555,
run6-tbt-10s,1,nazionale,10,none,true,100,556,6,0,m2,1AagzGnptAGnvYUunCiqyFBo5P7Zyq7h7kcijs,311366,5,506,1.0,311366.0,1199128.0,0.25966,5.09716393e-07,0.15870835,0.85324517,0.45730901,-1.667,5.000,9.24,9.2397,-0.0003,1,,1,1,1,1,1,m2,1AagzGnptAGnvYUunCiqyFBo5P7Zyq7h7kcijs,00160fdeb37eb7f9c3f4f87eff4c7347872c60f94c499e62787df0bb389d9e16,946690656,946690646,9,1,0,0,50.9174,555,3
run6-tbt-10s,1,nazionale,10,none,true,100,556,6,0,m3,1CsyzTjErfmoC3PFDMJbGZZqJu6EUYCh2wKkBq,76432,5,506,1.0,76432.0,1199128.0,0.06374,3.17634763e-05,2.42774602,0.08823549,1.0,-1.667,5.000,14.667,14.6666,-0.0004,1,,0,3,3,0,0,m2,1AagzGnptAGnvYUunCiqyFBo5P7Zyq7h7kcijs,00160fdeb37eb7f9c3f4f87eff4c7347872c60f94c499e62787df0bb389d9e16,946690656,946690646,9,1,0,0,119.028,555,
run6-tbt-10s,1,nazionale,10,none,true,100,557,6,0,m1,1VLpfZJuzKm3UcPtfYMsf5T37jtkxjR3ZhRF3w,811330,5,506,1.0,811330.0,1199128.0,0.6766,8.39232326e-07,0.68089436,0.5061641,0.63444809,-2.083,5.000,10.928,10.9279,-0.0001,1,,0,2,2,0,0,m3,1CsyzTjErfmoC3PFDMJbGZZqJu6EUYCh2wKkBq,0039b1b264f138a50331769ab355238d6def3a8f6da0b4cc65504957d50d0105,946690664,946690656,5,1,0,0,116.205,555,
run6-tbt-10s,1,nazionale,10,none,true,100,557,6,0,m2,1AagzGnptAGnvYUunCiqyFBo5P7Zyq7h7kcijs,311366,5,506,1.0,311366.0,1199128.0,0.25966,9.71831298e-06,3.02595224,0.0485116,0.99999131,-2.083,5.000,14.583,14.5833,0.0003,1,,0,3,3,0,0,m3,1CsyzTjErfmoC3PFDMJbGZZqJu6EUYCh2wKkBq,0039b1b264f138a50331769ab355238d6def3a8f6da0b4cc65504957d50d0105,946690664,946690656,5,1,0,0,50.9174,555,
run6-tbt-10s,1,nazionale,10,none,true,100,557,6,0,m3,1CsyzTjErfmoC3PFDMJbGZZqJu6EUYCh2wKkBq,76432,5,506,1.0,76432.0,1199128.0,0.06374,9.54249873e-08,0.00729352,0.99273301,0.10812276,-2.083,5.000,5.665,5.6646,-0.0004,1,,1,1,1,1,1,m3,1CsyzTjErfmoC3PFDMJbGZZqJu6EUYCh2wKkBq,0039b1b264f138a50331769ab355238d6def3a8f6da0b4cc65504957d50d0105,946690664,946690656,5,1,0,0,119.028,555,1
run6-tbt-10s,1,nazionale,10,none,true,100,558,6,0,m1,1VLpfZJuzKm3UcPtfYMsf5T37jtkxjR3ZhRF3w,811330,5,506,1.0,811330.0,1199128.0,0.6766,2.570858e-06,2.08581422,0.12420595,0.95416869,-1.917,5.000,14.158,14.1583,0.0003,1,,1,1,1,1,1,m1,1VLpfZJuzKm3UcPtfYMsf5T37jtkxjR3ZhRF3w,00c4e210e95bb20c44d3132875de163ef889230ea43c96ecf815d1d71e1d3c79,946690679,946690664,14,1,1,1,116.205,558,1
run6-tbt-10s,1,nazionale,10,none,true,100,558,6,0,m2,1AagzGnptAGnvYUunCiqyFBo5P7Zyq7h7kcijs,311366,5,506,1.0,311366.0,1199128.0,0.25966,3.75837209e-06,1.17022928,0.31029579,0.98896595,-1.917,5.000,14.506,14.5063,0.0003,1,,0,2,2,0,0,m1,1VLpfZJuzKm3UcPtfYMsf5T37jtkxjR3ZhRF3w,00c4e210e95bb20c44d3132875de163ef889230ea43c96ecf815d1d71e1d3c79,946690679,946690664,14,1,1,1,51.3666,558,
run6-tbt-10s,1,nazionale,10,none,true,100,558,6,0,m3,1CsyzTjErfmoC3PFDMJbGZZqJu6EUYCh2wKkBq,76432,5,506,1.0,76432.0,1199128.0,0.06374,4.2215267e-05,3.22659729,0.03969233,1.0,-1.917,5.000,14.617,14.6166,-0.0004,1,,0,3,3,0,0,m1,1VLpfZJuzKm3UcPtfYMsf5T37jtkxjR3ZhRF3w,00c4e210e95bb20c44d3132875de163ef889230ea43c96ecf815d1d71e1d3c79,946690679,946690664,14,1,1,1,119.2524,558,
run6-tbt-10s,1,nazionale,10,none,true,100,559,6,0,m1,1VLpfZJuzKm3UcPtfYMsf5T37jtkxjR3ZhRF3w,811330,5,506,1.0,811330.0,1199128.0,0.6766,3.05365935e-08,0.02477525,0.97552913,0.03595498,-2.25,5.000,4.91,4.9095,-0.0005,1,,1,1,1,1,1,m1,1VLpfZJuzKm3UcPtfYMsf5T37jtkxjR3ZhRF3w,006c7225ac3a3dc8274d6cada41bd13eb8bcf180320a759bdfb46e36b1f3169c,946690684,946690679,4,1,0,0,116.205,558,2
run6-tbt-10s,1,nazionale,10,none,true,100,559,6,0,m2,1AagzGnptAGnvYUunCiqyFBo5P7Zyq7h7kcijs,311366,5,506,1.0,311366.0,1199128.0,0.25966,1.32862245e-06,0.41368786,0.66120731,0.79672355,-2.25,5.000,12.517,12.5172,0.0002,1,,0,2,2,0,0,m1,1VLpfZJuzKm3UcPtfYMsf5T37jtkxjR3ZhRF3w,006c7225ac3a3dc8274d6cada41bd13eb8bcf180320a759bdfb46e36b1f3169c,946690684,946690679,4,1,0,0,51.3666,558,
run6-tbt-10s,1,nazionale,10,none,true,100,559,6,0,m3,1CsyzTjErfmoC3PFDMJbGZZqJu6EUYCh2wKkBq,76432,5,506,1.0,76432.0,1199128.0,0.06374,4.92851895e-06,0.37669656,0.68612424,0.99728761,-2.25,5.000,14.523,14.5229,-0.0001,1,,0,3,3,0,0,m1,1VLpfZJuzKm3UcPtfYMsf5T37jtkxjR3ZhRF3w,006c7225ac3a3dc8274d6cada41bd13eb8bcf180320a759bdfb46e36b1f3169c,946690684,946690679,4,1,0,0,119.2524,558,
run6-tbt-10s,1,nazionale,10,none,true,100,560,6,0,m1,1VLpfZJuzKm3UcPtfYMsf5T37jtkxjR3ZhRF3w,811330,5,506,1.0,811330.0,1199128.0,0.6766,2.81915624e-06,2.28726603,0.1015437,0.96597056,-1.417,5.000,14.376,14.3763,0.0003,1,,0,2,2,0,0,m2,1AagzGnptAGnvYUunCiqyFBo5P7Zyq7h7kcijs,009b2acec69670bef7448a16dc613fb6b2fcddba10421b3716b4ab40c89d5385,946690694,946690684,8,1,0,0,116.205,558,
run6-tbt-10s,1,nazionale,10,none,true,100,560,6,0,m2,1AagzGnptAGnvYUunCiqyFBo5P7Zyq7h7kcijs,311366,5,506,1.0,311366.0,1199128.0,0.25966,3.55827606e-07,0.11079262,0.89512436,0.34732948,-1.417,5.000,8.19,8.1899,-0.0001,1,,1,1,1,1,1,m2,1AagzGnptAGnvYUunCiqyFBo5P7Zyq7h7kcijs,009b2acec69670bef7448a16dc613fb6b2fcddba10421b3716b4ab40c89d5385,946690694,946690684,8,1,0,0,51.3666,558,1
run6-tbt-10s,1,nazionale,10,none,true,100,560,6,0,m3,1CsyzTjErfmoC3PFDMJbGZZqJu6EUYCh2wKkBq,76432,5,506,1.0,76432.0,1199128.0,0.06374,3.62092113e-06,0.27675424,0.75824082,0.98698884,-1.417,5.000,14.587,14.5865,-0.0005,1,,0,3,3,0,0,m2,1AagzGnptAGnvYUunCiqyFBo5P7Zyq7h7kcijs,009b2acec69670bef7448a16dc613fb6b2fcddba10421b3716b4ab40c89d5385,946690694,946690684,8,1,0,0,119.2524,558,
run6-tbt-10s,1,nazionale,10,none,true,100,561,6,0,m1,1VLpfZJuzKm3UcPtfYMsf5T37jtkxjR3ZhRF3w,811330,5,506,1.0,811330.0,1199128.0,0.6766,5.62101884e-07,0.45605012,0.63378207,0.49035053,-1.0,5.000,9.704,9.7035,-0.0005,1,,1,1,1,1,1,m1,1VLpfZJuzKm3UcPtfYMsf5T37jtkxjR3ZhRF3w,00662b93bf0cd166fbb7fde6ea64eda59759ed0f9f563782a9aec6870d7c3afb,946690705,946690694,9,1,0,0,116.5418,561,1
run6-tbt-10s,1,nazionale,10,none,true,100,561,6,0,m2,1AagzGnptAGnvYUunCiqyFBo5P7Zyq7h7kcijs,311366,5,506,1.0,311366.0,1199128.0,0.25966,5.54252803e-06,1.72575478,0.17803862,0.99870105,-1.0,5.000,14.787,14.787,0.0,1,,0,3,3,0,0,m1,1VLpfZJuzKm3UcPtfYMsf5T37jtkxjR3ZhRF3w,00662b93bf0cd166fbb7fde6ea64eda59759ed0f9f563782a9aec6870d7c3afb,946690705,946690694,9,1,0,0,51.5912,561,
run6-tbt-10s,1,nazionale,10,none,true,100,561,6,0,m3,1CsyzTjErfmoC3PFDMJbGZZqJu6EUYCh2wKkBq,76432,5,506,1.0,76432.0,1199128.0,0.06374,2.98578863e-06,0.2282098,0.79595725,0.97213385,-1.0,5.000,14.521,14.5213,0.0003,1,,0,2,2,0,0,m1,1VLpfZJuzKm3UcPtfYMsf5T37jtkxjR3ZhRF3w,00662b93bf0cd166fbb7fde6ea64eda59759ed0f9f563782a9aec6870d7c3afb,946690705,946690694,9,1,0,0,119.2524,561,
run6-tbt-10s,1,nazionale,10,none,true,100,562,6,0,m1,1VLpfZJuzKm3UcPtfYMsf5T37jtkxjR3ZhRF3w,811330,5,506,1.0,811330.0,1199128.0,0.6766,2.71892123e-06,2.20594236,0.11014668,0.96162444,-0.917,5.000,14.433,14.4328,-0.0002,1,,0,2,2,0,0,m3,1CsyzTjErfmoC3PFDMJbGZZqJu6EUYCh2wKkBq,002555613ecbad3453387d70c3377011a3e247321e8975609a7d2eb3f0d4debd,946690720,946690705,12,1,0,0,116.5418,561,
run6-tbt-10s,1,nazionale,10,none,true,100,562,6,0,m2,1AagzGnptAGnvYUunCiqyFBo5P7Zyq7h7kcijs,311366,5,506,1.0,311366.0,1199128.0,0.25966,5.32713509e-06,1.65868874,0.19038846,0.99831824,-0.917,5.000,14.8,14.7998,-0.0002,1,,0,3,3,0,0,m3,1CsyzTjErfmoC3PFDMJbGZZqJu6EUYCh2wKkBq,002555613ecbad3453387d70c3377011a3e247321e8975609a7d2eb3f0d4debd,946690720,946690705,12,1,0,0,51.5912,561,
run6-tbt-10s,1,nazionale,10,none,true,100,562,6,0,m3,1CsyzTjErfmoC3PFDMJbGZZqJu6EUYCh2wKkBq,76432,5,506,1.0,76432.0,1199128.0,0.06374,1.37684051e-06,0.10523467,0.90011326,0.80814358,-0.917,5.000,12.898,12.898,0.0,1,,1,1,1,1,1,m3,1CsyzTjErfmoC3PFDMJbGZZqJu6EUYCh2wKkBq,002555613ecbad3453387d70c3377011a3e247321e8975609a7d2eb3f0d4debd,946690720,946690705,12,1,0,0,119.2524,561,1
run6-tbt-10s,1,nazionale,10,none,true,100,563,6,0,m1,1VLpfZJuzKm3UcPtfYMsf5T37jtkxjR3ZhRF3w,811330,5,506,1.0,811330.0,1199128.0,0.6766,7.53834861e-07,0.61160884,0.54247741,0.59503089,-1.5,5.000,10.65,10.6503,0.0003,1,,1,1,1,1,1,m1,1VLpfZJuzKm3UcPtfYMsf5T37jtkxjR3ZhRF3w,00bd4a77439b9ab5954cbeee9cb45fd16636afc22a82ef49479d9930e567f748,946690731,946690720,10,1,0,0,116.7666,563,1
run6-tbt-10s,1,nazionale,10,none,true,100,563,6,0,m2,1AagzGnptAGnvYUunCiqyFBo5P7Zyq7h7kcijs,311366,5,506,1.0,311366.0,1199128.0,0.25966,9.1931945e-07,0.28624482,0.75107871,0.66792077,-1.5,5.000,11.379,11.3792,0.0002,1,,0,2,2,0,0,m1,1VLpfZJuzKm3UcPtfYMsf5T37jtkxjR3ZhRF3w,00bd4a77439b9ab5954cbeee9cb45fd16636afc22a82ef49479d9930e567f748,946690731,946690720,10,1,0,0,51.5912,563,
run6-tbt-10s,1,nazionale,10,none,true,100,563,6,0,m3,1CsyzTjErfmoC3PFDMJbGZZqJu6EUYCh2wKkBq,76432,5,506,1.0,76432.0,1199128.0,0.06374,4.06727218e-05,3.10869747,0.04465909,1.0,-1.5,5.000,14.7,14.7,0.0,1,,0,3,3,0,0,m1,1VLpfZJuzKm3UcPtfYMsf5T37jtkxjR3ZhRF3w,00bd4a77439b9ab5954cbeee9cb45fd16636afc22a82ef49479d9930e567f748,946690731,946690720,10,1,0,0,119.5332,563,
run6-tbt-10s,1,nazionale,10,none,true,100,564,6,0,m1,1VLpfZJuzKm3UcPtfYMsf5T37jtkxjR3ZhRF3w,811330,5,506,1.0,811330.0,1199128.0,0.6766,1.87171062e-06,1.51857498,0.21902378,0.89401107,-1.25,5.000,13.69,13.6901,0.0001,1,,1,1,1,1,1,m1,1VLpfZJuzKm3UcPtfYMsf5T37jtkxjR3ZhRF3w,002f9892e8549b727cb9760857cdea2192192e86dc502954f506af9bd5c45cda,946690746,946690731,13,1,0,0,116.7666,563,2
run6-tbt-10s,1,nazionale,10,none,true,100,564,6,0,m2,1AagzGnptAGnvYUunCiqyFBo5P7Zyq7h7kcijs,311366,5,506,1.0,311366.0,1199128.0,0.25966,1.58176399e-05,4.92507527,0.00726218,0.99999999,-1.25,5.000,14.75,14.75,-0.0,1,,0,2,3,0,0,m1,1VLpfZJuzKm3UcPtfYMsf5T37jtkxjR3ZhRF3w,002f9892e8549b727cb9760857cdea2192192e86dc502954f506af9bd5c45cda,946690746,946690731,13,1,0,0,51.5912,563,
run6-tbt-10s,1,nazionale,10,none,true,100,564,6,0,m3,1CsyzTjErfmoC3PFDMJbGZZqJu6EUYCh2wKkBq,76432,5,506,1.0,76432.0,1199128.0,0.06374,1.47821272e-05,1.12982755,0.32308897,0.99999998,-1.25,5.000,14.75,14.75,-0.0,1,,0,3,2,0,0,m1,1VLpfZJuzKm3UcPtfYMsf5T37jtkxjR3ZhRF3w,002f9892e8549b727cb9760857cdea2192192e86dc502954f506af9bd5c45cda,946690746,946690731,13,1,0,0,119.5332,563,
run6-tbt-10s,1,nazionale,10,none,true,100,565,6,0,m1,1VLpfZJuzKm3UcPtfYMsf5T37jtkxjR3ZhRF3w,811330,5,506,1.0,811330.0,1199128.0,0.6766,3.57878448e-06,2.90357521,0.05482685,0.98631453,-1.167,5.000,14.63,14.6297,-0.0003,1,,0,2,2,0,0,m2,1AagzGnptAGnvYUunCiqyFBo5P7Zyq7h7kcijs,00076ad8657c6eec8f7b7de9b33185b6f5e4e7b38e3e175e2c38a05b105a8ddf,946690757,946690746,9,1,0,0,116.7666,563,
run6-tbt-10s,1,nazionale,10,none,true,100,565,6,0,m2,1AagzGnptAGnvYUunCiqyFBo5P7Zyq7h7kcijs,311366,5,506,1.0,311366.0,1199128.0,0.25966,6.00175036e-07,0.1868741,0.82954817,0.51309522,-1.167,5.000,9.898,9.8976,-0.0004,1,,1,1,1,1,1,m2,1AagzGnptAGnvYUunCiqyFBo5P7Zyq7h7kcijs,00076ad8657c6eec8f7b7de9b33185b6f5e4e7b38e3e175e2c38a05b105a8ddf,946690757,946690746,9,1,0,0,51.5912,563,1
run6-tbt-10s,1,nazionale,10,none,true,100,565,6,0,m3,1CsyzTjErfmoC3PFDMJbGZZqJu6EUYCh2wKkBq,76432,5,506,1.0,76432.0,1199128.0,0.06374,1.50700102e-05,1.15183102,0.31605753,0.99999999,-1.167,5.000,14.767,14.7666,-0.0004,1,,0,3,3,0,0,m2,1AagzGnptAGnvYUunCiqyFBo5P7Zyq7h7kcijs,00076ad8657c6eec8f7b7de9b33185b6f5e4e7b38e3e175e2c38a05b105a8ddf,946690757,946690746,9,1,0,0,119.5332,563,
run6-tbt-10s,1,nazionale,10,none,true,100,566,6,0,m1,1VLpfZJuzKm3UcPtfYMsf5T37jtkxjR3ZhRF3w,811330,5,506,1.0,811330.0,1199128.0,0.6766,7.19316645e-07,0.58360317,0.55788459,0.57791676,-1.5,5.000,10.479,10.4792,0.0002,1,,0,2,2,0,0,m2,1AagzGnptAGnvYUunCiqyFBo5P7Zyq7h7kcijs,00365832a31361764526acf0dfe0f70a011e630692f161c66b77f2746851e71a,946690766,946690757,8,1,0,0,117.3844,566,
run6-tbt-10s,1,nazionale,10,none,true,100,566,6,0,m2,1AagzGnptAGnvYUunCiqyFBo5P7Zyq7h7kcijs,311366,5,506,1.0,311366.0,1199128.0,0.25966,3.38923945e-07,0.10552939,0.89984802,0.33396509,-1.5,5.000,8.04,8.0397,-0.0003,1,,1,1,1,1,1,m2,1AagzGnptAGnvYUunCiqyFBo5P7Zyq7h7kcijs,00365832a31361764526acf0dfe0f70a011e630692f161c66b77f2746851e71a,946690766,946690757,8,1,0,0,51.6474,566,2
run6-tbt-10s,1,nazionale,10,none,true,100,566,6,0,m3,1CsyzTjErfmoC3PFDMJbGZZqJu6EUYCh2wKkBq,76432,5,506,1.0,76432.0,1199128.0,0.06374,1.98550321e-06,0.15175598,0.85919792,0.90753014,-1.5,5.000,13.775,13.7753,0.0003,1,,0,3,3,0,0,m2,1AagzGnptAGnvYUunCiqyFBo5P7Zyq7h7kcijs,00365832a31361764526acf0dfe0f70a011e630692f161c66b77f2746851e71a,946690766,946690757,8,1,0,0,119.5332,566,
run6-tbt-10s,1,nazionale,10,none,true,100,567,6,0,m1,1VLpfZJuzKm3UcPtfYMsf5T37jtkxjR3ZhRF3w,811330,5,506,1.0,811330.0,1199128.0,0.6766,3.21365477e-06,2.60733452,0.07373081,0.97879638,-1.0,5.000,14.588,14.588,-0.0,1,,0,3,3,0,0,m2,1AagzGnptAGnvYUunCiqyFBo5P7Zyq7h7kcijs,00dfb6d261c71448fabb2d451da0cc4459c5e7e6c7aa89c3a437ab85e48dca05,946690781,946690766,14,1,0,0,117.3844,566,
run6-tbt-10s,1,nazionale,10,none,true,100,567,6,0,m2,1AagzGnptAGnvYUunCiqyFBo5P7Zyq7h7kcijs,311366,5,506,1.0,311366.0,1199128.0,0.25966,2.64947891e-06,0.82495765,0.43825355,0.95829208,-1.0,5.000,14.383,14.3829,-0.0001,1,,1,2,2,0,0,m2,1AagzGnptAGnvYUunCiqyFBo5P7Zyq7h7kcijs,00dfb6d261c71448fabb2d451da0cc4459c5e7e6c7aa89c3a437ab85e48dca05,946690781,946690766,14,1,0,0,51.6474,566,3
run6-tbt-10s,1,nazionale,10,none,true,100,567,6,0,m3,1CsyzTjErfmoC3PFDMJbGZZqJu6EUYCh2wKkBq,76432,5,506,1.0,76432.0,1199128.0,0.06374,1.95845228e-06,0.14968842,0.86097619,0.90448146,-1.0,5.000,13.845,13.8448,-0.0002,1,,0,1,1,1,1,m2,1AagzGnptAGnvYUunCiqyFBo5P7Zyq7h7kcijs,00dfb6d261c71448fabb2d451da0cc4459c5e7e6c7aa89c3a437ab85e48dca05,946690781,946690766,14,1,0,0,119.5332,566,
run6-tbt-10s,1,nazionale,10,none,true,100,568,6,0,m1,1VLpfZJuzKm3UcPtfYMsf5T37jtkxjR3ZhRF3w,811330,5,506,1.0,811330.0,1199128.0,0.6766,9.79903978e-06,7.95025494,0.00035257,0.99999211,-1.25,5.000,14.75,14.7499,-0.0001,1,,0,3,2,0,0,m2,1AagzGnptAGnvYUunCiqyFBo5P7Zyq7h7kcijs,00750ef77e81931dde295ceff2d44ecec05401ff6c05b2678010222e17fb176f,946690790,946690781,8,1,0,0,117.3844,566,
run6-tbt-10s,1,nazionale,10,none,true,100,568,6,0,m2,1AagzGnptAGnvYUunCiqyFBo5P7Zyq7h7kcijs,311366,5,506,1.0,311366.0,1199128.0,0.25966,4.27804459e-07,0.13320376,0.87528672,0.4012986,-1.25,5.000,8.763,8.763,-0.0,1,,1,1,1,1,1,m2,1AagzGnptAGnvYUunCiqyFBo5P7Zyq7h7kcijs,00750ef77e81931dde295ceff2d44ecec05401ff6c05b2678010222e17fb176f,946690790,946690781,8,1,0,0,51.6474,566,4
run6-tbt-10s,1,nazionale,10,none,true,100,568,6,0,m3,1CsyzTjErfmoC3PFDMJbGZZqJu6EUYCh2wKkBq,76432,5,506,1.0,76432.0,1199128.0,0.06374,1.36561604e-05,1.04376765,0.35212549,0.99999992,-1.25,5.000,14.75,14.75,-0.0,1,,0,2,3,0,0,m2,1AagzGnptAGnvYUunCiqyFBo5P7Zyq7h7kcijs,00750ef77e81931dde295ceff2d44ecec05401ff6c05b2678010222e17fb176f,946690790,946690781,8,1,0,0,119.5332,566,
run6-tbt-10s,1,nazionale,10,none,true,100,569,6,0,m1,1VLpfZJuzKm3UcPtfYMsf5T37jtkxjR3ZhRF3w,811330,5,506,1.0,811330.0,1199128.0,0.6766,1.28764391e-06,1.04470413,0.35179589,0.78648536,-1.167,5.000,12.632,12.6315,-0.0005,1,,0,2,2,0,0,m2,1AagzGnptAGnvYUunCiqyFBo5P7Zyq7h7kcijs,0073785f029d55a654be3ae9cca635e7939fc4ba664ca9f54286b872ff23d41e,946690800,946690790,8,1,0,0,117.3844,569,
run6-tbt-10s,1,nazionale,10,none,true,100,569,6,0,m2,1AagzGnptAGnvYUunCiqyFBo5P7Zyq7h7kcijs,311366,5,506,1.0,311366.0,1199128.0,0.25966,4.47653874e-07,0.1393842,0.86989375,0.41538063,-1.167,5.000,8.92,8.9204,0.0004,1,,1,1,1,1,1,m2,1AagzGnptAGnvYUunCiqyFBo5P7Zyq7h7kcijs,0073785f029d55a654be3ae9cca635e7939fc4ba664ca9f54286b872ff23d41e,946690800,946690790,8,1,0,0,52.3774,569,5
run6-tbt-10s,1,nazionale,10,none,true,100,569,6,0,m3,1CsyzTjErfmoC3PFDMJbGZZqJu6EUYCh2wKkBq,76432,5,506,1.0,76432.0,1199128.0,0.06374,3.89108007e-06,0.29740303,0.7427446,0.99058925,-1.167,5.000,14.673,14.6725,-0.0005,1,,0,3,3,0,0,m2,1AagzGnptAGnvYUunCiqyFBo5P7Zyq7h7kcijs,0073785f029d55a654be3ae9cca635e7939fc4ba664ca9f54286b872ff23d41e,946690800,946690790,8,1,0,0,119.5332,569,
run6-tbt-10s,1,nazionale,10,none,true,100,570,6,0,m1,1VLpfZJuzKm3UcPtfYMsf5T37jtkxjR3ZhRF3w,811330,5,506,1.0,811330.0,1199128.0,0.6766,4.56716578e-06,3.70547861,0.02458845,0.99581654,-1.333,5.000,14.691,14.6916,0.0006,1,,0,3,3,0,0,m2,1AagzGnptAGnvYUunCiqyFBo5P7Zyq7h7kcijs,00b8c2ffdd086b83299e012b1705e5094f40ce0b1628116891df15296a595e86,946690809,946690800,8,1,0,0,117.3844,569,
run6-tbt-10s,1,nazionale,10,none,true,100,570,6,0,m2,1AagzGnptAGnvYUunCiqyFBo5P7Zyq7h7kcijs,311366,5,506,1.0,311366.0,1199128.0,0.25966,3.63046941e-07,0.11304047,0.89311451,0.35295521,-1.333,5.000,8.263,8.263,-0.0,1,,1,1,1,1,1,m2,1AagzGnptAGnvYUunCiqyFBo5P7Zyq7h7kcijs,00b8c2ffdd086b83299e012b1705e5094f40ce0b1628116891df15296a595e86,946690809,946690800,8,1,0,0,52.3774,569,6
run6-tbt-10s,1,nazionale,10,none,true,100,570,6,0,m3,1CsyzTjErfmoC3PFDMJbGZZqJu6EUYCh2wKkBq,76432,5,506,1.0,76432.0,1199128.0,0.06374,4.37491415e-07,0.03343834,0.96711454,0.40821282,-1.333,5.000,8.815,8.8155,0.0005,1,,0,2,2,0,0,m2,1AagzGnptAGnvYUunCiqyFBo5P7Zyq7h7kcijs,00b8c2ffdd086b83299e012b1705e5094f40ce0b1628116891df15296a595e86,946690809,946690800,8,1,0,0,119.5332,569,
run6-tbt-10s,1,nazionale,10,none,true,100,571,6,0,m1,1VLpfZJuzKm3UcPtfYMsf5T37jtkxjR3ZhRF3w,811330,5,506,1.0,811330.0,1199128.0,0.6766,8.63404662e-07,0.7005061,0.49633404,0.64489179,-0.833,5.000,11.282,11.2823,0.0003,1,,1,1,1,1,1,m1,1VLpfZJuzKm3UcPtfYMsf5T37jtkxjR3ZhRF3w,0014552108653c168be79fb5dc9dd2b940c5c139fd674de0e88888d8d16e2d18,946690822,946690809,11,1,0,0,117.3844,571,1
run6-tbt-10s,1,nazionale,10,none,true,100,571,6,0,m2,1AagzGnptAGnvYUunCiqyFBo5P7Zyq7h7kcijs,311366,5,506,1.0,311366.0,1199128.0,0.25966,4.71865951e-06,1.46923014,0.23010256,0.99651148,-0.833,5.000,14.798,14.7985,0.0005,1,,0,2,2,0,0,m1,1VLpfZJuzKm3UcPtfYMsf5T37jtkxjR3ZhRF3w,0014552108653c168be79fb5dc9dd2b940c5c139fd674de0e88888d8d16e2d18,946690822,946690809,11,1,0,0,52.827,571,
run6-tbt-10s,1,nazionale,10,none,true,100,571,6,0,m3,1CsyzTjErfmoC3PFDMJbGZZqJu6EUYCh2wKkBq,76432,5,506,1.0,76432.0,1199128.0,0.06374,5.60455726e-05,4.2836752,0.01379188,1.0,-0.833,5.000,14.833,14.8334,0.0004,1,,0,3,3,0,0,m1,1VLpfZJuzKm3UcPtfYMsf5T37jtkxjR3ZhRF3w,0014552108653c168be79fb5dc9dd2b940c5c139fd674de0e88888d8d16e2d18,946690822,946690809,11,1,0,0,119.5332,571,
run6-tbt-10s,1,nazionale,10,none,true,100,572,6,0,m1,1VLpfZJuzKm3UcPtfYMsf5T37jtkxjR3ZhRF3w,811330,5,506,1.0,811330.0,1199128.0,0.6766,1.16770724e-06,0.94739592,0.38774944,0.75345986,-1.5,5.000,12.235,12.2346,-0.0004,1,,1,1,1,1,1,m1,1VLpfZJuzKm3UcPtfYMsf5T37jtkxjR3ZhRF3w,004b7dfc59da73fe5756099e56b614b000c288a353a1a21861c8e8aea6b3e1ab,946690835,946690822,12,1,0,0,117.3844,571,2
run6-tbt-10s,1,nazionale,10,none,true,100,572,6,0,m2,1AagzGnptAGnvYUunCiqyFBo5P7Zyq7h7kcijs,311366,5,506,1.0,311366.0,1199128.0,0.25966,9.11081791e-06,2.83679893,0.05861299,0.999982,-1.5,5.000,14.7,14.6998,-0.0002,1,,0,2,2,0,0,m1,1VLpfZJuzKm3UcPtfYMsf5T37jtkxjR3ZhRF3w,004b7dfc59da73fe5756099e56b614b000c288a353a1a21861c8e8aea6b3e1ab,946690835,946690822,12,1,0,0,52.827,571,
run6-tbt-10s,1,nazionale,10,none,true,100,572,6,0,m3,1CsyzTjErfmoC3PFDMJbGZZqJu6EUYCh2wKkBq,76432,5,506,1.0,76432.0,1199128.0,0.06374,2.31230111e-05,1.76733798,0.17078702,1.0,-1.5,5.000,14.7,14.7,-0.0,1,,0,3,3,0,0,m1,1VLpfZJuzKm3UcPtfYMsf5T37jtkxjR3ZhRF3w,004b7dfc59da73fe5756099e56b614b000c288a353a1a21861c8e8aea6b3e1ab,946690835,946690822,12,1,0,0,119.5332,571,
run6-tbt-10s,1,nazionale,10,none,true,100,573,6,0,m1,1VLpfZJuzKm3UcPtfYMsf5T37jtkxjR3ZhRF3w,811330,5,506,1.0,811330.0,1199128.0,0.6766,2.76942953e-06,2.24692126,0.10572422,0.96387971,-1.75,5.000,14.289,14.2888,-0.0002,1,,0,3,3,0,0,m3,1CsyzTjErfmoC3PFDMJbGZZqJu6EUYCh2wKkBq,0049231afba7fe83a678828b4eb813244e997c5a0599c552010820dd9b3e1d35,946690845,946690835,8,1,0,0,117.3844,571,
run6-tbt-10s,1,nazionale,10,none,true,100,573,6,0,m2,1AagzGnptAGnvYUunCiqyFBo5P7Zyq7h7kcijs,311366,5,506,1.0,311366.0,1199128.0,0.25966,5.35360813e-07,0.16669315,0.8464593,0.47374329,-1.75,5.000,9.387,9.3874,0.0004,1,,0,2,2,0,0,m3,1CsyzTjErfmoC3PFDMJbGZZqJu6EUYCh2wKkBq,0049231afba7fe83a678828b4eb813244e997c5a0599c552010820dd9b3e1d35,946690845,946690835,8,1,0,0,52.827,571,
run6-tbt-10s,1,nazionale,10,none,true,100,573,6,0,m3,1CsyzTjErfmoC3PFDMJbGZZqJu6EUYCh2wKkBq,76432,5,506,1.0,76432.0,1199128.0,0.06374,3.5445803e-07,0.02709194,0.97327176,0.34625672,-1.75,5.000,8.113,8.1126,-0.0004,1,,1,1,1,1,1,m3,1CsyzTjErfmoC3PFDMJbGZZqJu6EUYCh2wKkBq,0049231afba7fe83a678828b4eb813244e997c5a0599c552010820dd9b3e1d35,946690845,946690835,8,1,0,0,119.5332,571,1
run6-tbt-10s,1,nazionale,10,none,true,100,574,6,0,m1,1VLpfZJuzKm3UcPtfYMsf5T37jtkxjR3ZhRF3w,811330,5,506,1.0,811330.0,1199128.0,0.6766,3.268616e-07,0.26519262,0.76705818,0.32426135,-1.667,5.000,7.909,7.9092,0.0002,1,,1,1,1,1,1,m1,1VLpfZJuzKm3UcPtfYMsf5T37jtkxjR3ZhRF3w,00ec75416b197fd263cb985134077f122420c26d7832c1d6ecb2ae186b65020a,946690855,946690845,7,1,1,1,117.8338,574,1
run6-tbt-10s,1,nazionale,10,none,true,100,574,6,0,m2,1AagzGnptAGnvYUunCiqyFBo5P7Zyq7h7kcijs,311366,5,506,1.0,311366.0,1199128.0,0.25966,4.05520763e-07,0.12626538,0.88138092,0.38508504,-1.667,5.000,8.518,8.5175,-0.0005,1,,0,2,2,0,0,m1,1VLpfZJuzKm3UcPtfYMsf5T37jtkxjR3ZhRF3w,00ec75416b197fd263cb985134077f122420c26d7832c1d6ecb2ae186b65020a,946690855,946690845,7,1,1,1,52.827,574,
run6-tbt-10s,1,nazionale,10,none,true,100,574,6,0,m3,1CsyzTjErfmoC3PFDMJbGZZqJu6EUYCh2wKkBq,76432,5,506,1.0,76432.0,1199128.0,0.06374,2.78783362e-05,2.13079699,0.11874262,1.0,-1.667,5.000,14.667,14.6666,-0.0004,1,,0,3,3,0,0,m1,1VLpfZJuzKm3UcPtfYMsf5T37jtkxjR3ZhRF3w,00ec75416b197fd263cb985134077f122420c26d7832c1d6ecb2ae186b65020a,946690855,946690845,7,1,1,1,119.814,574,
run6-tbt-10s,1,nazionale,10,none,true,100,575,6,0,m1,1VLpfZJuzKm3UcPtfYMsf5T37jtkxjR3ZhRF3w,811330,5,506,1.0,811330.0,1199128.0,0.6766,2.94860437e-06,2.39229118,0.09141998,0.97086322,-1.25,5.000,14.459,14.4586,-0.0004,1,,1,2,2,0,0,m1,1VLpfZJuzKm3UcPtfYMsf5T37jtkxjR3ZhRF3w,0031c9b5f1c941ada727c4e460405d042de2d17757bc6d827ef738388d4a1d99,946690870,946690855,14,1,1,1,117.8338,574,2
run6-tbt-10s,1,nazionale,10,none,true,100,575,6,0,m2,1AagzGnptAGnvYUunCiqyFBo5P7Zyq7h7kcijs,311366,5,506,1.0,311366.0,1199128.0,0.25966,2.83395041e-06,0.8823958,0.41379036,0.96656892,-1.25,5.000,14.416,14.4157,-0.0003,1,,0,1,1,1,1,m1,1VLpfZJuzKm3UcPtfYMsf5T37jtkxjR3ZhRF3w,0031c9b5f1c941ada727c4e460405d042de2d17757bc6d827ef738388d4a1d99,946690870,946690855,14,1,1,1,52.827,574,
run6-tbt-10s,1,nazionale,10,none,true,100,575,6,0,m3,1CsyzTjErfmoC3PFDMJbGZZqJu6EUYCh2wKkBq,76432,5,506,1.0,76432.0,1199128.0,0.06374,1.8618985e-05,1.42308626,0.24096917,1.0,-1.25,5.000,14.75,14.75,-0.0,1,,0,3,3,0,0,m1,1VLpfZJuzKm3UcPtfYMsf5T37jtkxjR3ZhRF3w,0031c9b5f1c941ada727c4e460405d042de2d17757bc6d827ef738388d4a1d99,946690870,946690855,14,1,1,1,119.814,574,
run6-tbt-10s,1,nazionale,10,none,true,100,576,6,0,m1,1VLpfZJuzKm3UcPtfYMsf5T37jtkxjR3ZhRF3w,811330,5,506,1.0,811330.0,1199128.0,0.6766,3.73521181e-07,0.30304894,0.73856295,0.36103123,-1.583,5.000,8.294,8.2937,-0.0003,1,,1,1,1,1,1,m1,1VLpfZJuzKm3UcPtfYMsf5T37jtkxjR3ZhRF3w,0055e9f645b09b04588c2322b05d468ef587ba80e364ef051cae3393540766b4,946690879,946690870,8,1,0,0,117.8338,574,3
run6-tbt-10s,1,nazionale,10,none,true,100,576,6,0,m2,1AagzGnptAGnvYUunCiqyFBo5P7Zyq7h7kcijs,311366,5,506,1.0,311366.0,1199128.0,0.25966,1.74622847e-06,0.54371617,0.58058668,0.87680064,-1.583,5.000,13.451,13.4514,0.0004,1,,0,2,2,0,0,m1,1VLpfZJuzKm3UcPtfYMsf5T37jtkxjR3ZhRF3w,0055e9f645b09b04588c2322b05d468ef587ba80e364ef051cae3393540766b4,946690879,946690870,8,1,0,0,52.827,574,
run6-tbt-10s,1,nazionale,10,none,true,100,576,6,0,m3,1CsyzTjErfmoC3PFDMJbGZZqJu6EUYCh2wKkBq,76432,5,506,1.0,76432.0,1199128.0,0.06374,1.0501121e-05,0.80262168,0.44815251,0.9999966,-1.583,5.000,14.683,14.6834,0.0004,1,,0,3,3,0,0,m1,1VLpfZJuzKm3UcPtfYMsf5T37jtkxjR3ZhRF3w,0055e9f645b09b04588c2322b05d468ef587ba80e364ef051cae3393540766b4,946690879,946690870,8,1,0,0,119.814,574,
run6-tbt-10s,1,nazionale,10,none,true,100,577,6,0,m1,1VLpfZJuzKm3UcPtfYMsf5T37jtkxjR3ZhRF3w,811330,5,506,1.0,811330.0,1199128.0,0.6766,5.98905604e-07,0.48591008,0.61513712,0.51235348,-1.083,5.000,9.907,9.9069,-0.0001,1,,1,1,1,1,1,m1,1VLpfZJuzKm3UcPtfYMsf5T37jtkxjR3ZhRF3w,00b5eaebf232a9561ece768ef1586df3558ecb0bb5487bb52e8119f00316976c,946690890,946690879,9,1,0,0,118.5074,577,4
run6-tbt-10s,1,nazionale,10,none,true,100,577,6,0,m2,1AagzGnptAGnvYUunCiqyFBo5P7Zyq7h7kcijs,311366,5,506,1.0,311366.0,1199128.0,0.25966,2.94066958e-06,0.91562452,0.40026657,0.97058467,-1.083,5.000,14.489,14.4892,0.0002,1,,0,2,2,0,0,m1,1VLpfZJuzKm3UcPtfYMsf5T37jtkxjR3ZhRF3w,00b5eaebf232a9561ece768ef1586df3558ecb0bb5487bb52e8119f00316976c,946690890,946690879,9,1,0,0,52.827,577,
run6-tbt-10s,1,nazionale,10,none,true,100,577,6,0,m3,1CsyzTjErfmoC3PFDMJbGZZqJu6EUYCh2wKkBq,76432,5,506,1.0,76432.0,1199128.0,0.06374,3.13645067e-05,2.39725198,0.09096759,1.0,-1.083,5.000,14.783,14.7834,0.0004,1,,0,3,3,0,0,m1,1VLpfZJuzKm3UcPtfYMsf5T37jtkxjR3ZhRF3w,00b5eaebf232a9561ece768ef1586df3558ecb0bb5487bb52e8119f00316976c,946690890,946690879,9,1,0,0,119.814,577,
run6-tbt-10s,1,nazionale,10,none,true,100,578,6,0,m1,1VLpfZJuzKm3UcPtfYMsf5T37jtkxjR3ZhRF3w,811330,5,506,1.0,811330.0,1199128.0,0.6766,9.8539432e-10,0.00079948,0.99920084,0.00118092,-1.083,5.000,4.795,4.7952,0.0002,1,,1,1,1,1,1,m1,1VLpfZJuzKm3UcPtfYMsf5T37jtkxjR3ZhRF3w,00b75c0673a55c70a0dbd3abf1485dcb117b807bdebe57f7d3f010387dee71e0,946690895,946690890,4,1,0,0,118.5074,577,5
run6-tbt-10s,1,nazionale,10,none,true,100,578,6,0,m2,1AagzGnptAGnvYUunCiqyFBo5P7Zyq7h7kcijs,311366,5,506,1.0,311366.0,1199128.0,0.25966,2.93348192e-06,0.91338653,0.40116337,0.97033004,-1.083,5.000,14.487,14.4867,-0.0003,1,,0,2,2,0,0,m1,1VLpfZJuzKm3UcPtfYMsf5T37jtkxjR3ZhRF3w,00b75c0673a55c70a0dbd3abf1485dcb117b807bdebe57f7d3f010387dee71e0,946690895,946690890,4,1,0,0,52.827,577,
run6-tbt-10s,1,nazionale,10,none,true,100,578,6,0,m3,1CsyzTjErfmoC3PFDMJbGZZqJu6EUYCh2wKkBq,76432,5,506,1.0,76432.0,1199128.0,0.06374,1.31212628e-05,1.00288436,0.36681987,0.99999985,-1.083,5.000,14.783,14.7834,0.0004,1,,0,3,3,0,0,m1,1VLpfZJuzKm3UcPtfYMsf5T37jtkxjR3ZhRF3w,00b75c0673a55c70a0dbd3abf1485dcb117b807bdebe57f7d3f010387dee71e0,946690895,946690890,4,1,0,0,119.814,577,
run6-tbt-10s,1,nazionale,10,none,true,100,579,6,0,m1,1VLpfZJuzKm3UcPtfYMsf5T37jtkxjR3ZhRF3w,811330,5,506,1.0,811330.0,1199128.0,0.6766,6.35331932e-07,0.51546386,0.5972235,0.5331953,-0.75,5.000,10.182,10.182,-0.0,1,,1,1,1,1,1,m1,1VLpfZJuzKm3UcPtfYMsf5T37jtkxjR3ZhRF3w,0016b6881a050eafeda02cccece47415f08d801f5197cbf0ed83a4fe470202ff,946690906,946690895,10,1,0,0,118.5074,577,6
run6-tbt-10s,1,nazionale,10,none,true,100,579,6,0,m2,1AagzGnptAGnvYUunCiqyFBo5P7Zyq7h7kcijs,311366,5,506,1.0,311366.0,1199128.0,0.25966,1.07071586e-05,3.33384514,0.03565574,0.99999735,-0.75,5.000,14.85,14.85,-0.0,1,,0,2,2,0,0,m1,1VLpfZJuzKm3UcPtfYMsf5T37jtkxjR3ZhRF3w,0016b6881a050eafeda02cccece47415f08d801f5197cbf0ed83a4fe470202ff,946690906,946690895,10,1,0,0,52.827,577,
run6-tbt-10s,1,nazionale,10,none,true,100,579,6,0,m3,1CsyzTjErfmoC3PFDMJbGZZqJu6EUYCh2wKkBq,76432,5,506,1.0,76432.0,1199128.0,0.06374,2.3922024e-05,1.82840814,0.16066913,1.0,-0.75,5.000,14.85,14.85,-0.0,1,,0,3,3,0,0,m1,1VLpfZJuzKm3UcPtfYMsf5T37jtkxjR3ZhRF3w,0016b6881a050eafeda02cccece47415f08d801f5197cbf0ed83a4fe470202ff,946690906,946690895,10,1,0,0,119.814,577,
run6-tbt-10s,1,nazionale,10,none,true,100,580,6,0,m1,1VLpfZJuzKm3UcPtfYMsf5T37jtkxjR3ZhRF3w,811330,5,506,1.0,811330.0,1199128.0,0.6766,9.40279692e-07,0.76287712,0.46632283,0.67616324,-0.417,5.000,11.678,11.6782,0.0002,1,,0,2,2,0,0,m3,1CsyzTjErfmoC3PFDMJbGZZqJu6EUYCh2wKkBq,002cdcd685e683b02f09de5a4ba7ba552c9a31be9e63f75ce1bb6a1ea6561aba,946690913,946690906,5,1,0,0,119.0686,580,
run6-tbt-10s,1,nazionale,10,none,true,100,580,6,0,m2,1AagzGnptAGnvYUunCiqyFBo5P7Zyq7h7kcijs,311366,5,506,1.0,311366.0,1199128.0,0.25966,1.33818633e-06,0.41666572,0.65924125,0.79904147,-0.417,5.000,12.907,12.907,0.0,1,,0,3,3,0,0,m3,1CsyzTjErfmoC3PFDMJbGZZqJu6EUYCh2wKkBq,002cdcd685e683b02f09de5a4ba7ba552c9a31be9e63f75ce1bb6a1ea6561aba,946690913,946690906,5,1,0,0,52.827,580,
run6-tbt-10s,1,nazionale,10,none,true,100,580,6,0,m3,1CsyzTjErfmoC3PFDMJbGZZqJu6EUYCh2wKkBq,76432,5,506,1.0,76432.0,1199128.0,0.06374,2.94179539e-08,0.00224847,0.99775405,0.03466095,-0.417,5.000,5.263,5.2632,0.0002,1,,1,1,1,1,1,m3,1CsyzTjErfmoC3PFDMJbGZZqJu6EUYCh2wKkBq,002cdcd685e683b02f09de5a4ba7ba552c9a31be9e63f75ce1bb6a1ea6561aba,946690913,946690906,5,1,0,0,119.814,580,1
run6-tbt-10s,1,nazionale,10,none,true,100,581,6,0,m1,1VLpfZJuzKm3UcPtfYMsf5T37jtkxjR3ZhRF3w,811330,5,506,1.0,811330.0,1199128.0,0.6766,2.66418846e-06,2.16153602,0.11514811,0.9590213,-0.25,5.000,14.54,14.5402,0.0002,1,,0,1,1,1,1,m3,1CsyzTjErfmoC3PFDMJbGZZqJu6EUYCh2wKkBq,004a8677bc435da4b8f5c7c94c54a2a38ae5ba045af807565fc17d97bae44638,946690929,946690913,14,1,0,0,119.0686,580,
run6-tbt-10s,1,nazionale,10,none,true,100,581,6,0,m2,1AagzGnptAGnvYUunCiqyFBo5P7Zyq7h7kcijs,311366,5,506,1.0,311366.0,1199128.0,0.25966,3.37240102e-06,1.05005102,0.3499199,0.98247173,-0.25,5.000,14.775,14.7747,-0.0003,1,,0,2,2,0,0,m3,1CsyzTjErfmoC3PFDMJbGZZqJu6EUYCh2wKkBq,004a8677bc435da4b8f5c7c94c54a2a38ae5ba045af807565fc17d97bae44638,946690929,946690913,14,1,0,0,52.827,580,
run6-tbt-10s,1,nazionale,10,none,true,100,581,6,0,m3,1CsyzTjErfmoC3PFDMJbGZZqJu6EUYCh2wKkBq,76432,5,506,1.0,76432.0,1199128.0,0.06374,3.92570196e-06,0.30004925,0.74078173,0.99097195,-0.25,5.000,14.86,14.8597,-0.0003,1,,1,3,3,0,0,m3,1CsyzTjErfmoC3PFDMJbGZZqJu6EUYCh2wKkBq,004a8677bc435da4b8f5c7c94c54a2a38ae5ba045af807565fc17d97bae44638,946690929,946690913,14,1,0,0,119.814,580,2
run6-tbt-10s,1,nazionale,10,none,true,100,582,6,0,m1,1VLpfZJuzKm3UcPtfYMsf5T37jtkxjR3ZhRF3w,811330,5,506,1.0,811330.0,1199128.0,0.6766,4.06629717e-06,3.29910888,0.03691605,0.99237262,-0.75,5.000,14.774,14.7737,-0.0003,1,,0,3,3,0,0,m3,1CsyzTjErfmoC3PFDMJbGZZqJu6EUYCh2wKkBq,006a22e67aa06df8eec713fdde08d4ff46507e5f232d7882889f7fa29f2c8eab,946690944,946690929,14,1,1,1,119.0686,582,
run6-tbt-10s,1,nazionale,10,none,true,100,582,6,0,m2,1AagzGnptAGnvYUunCiqyFBo5P7Zyq7h7kcijs,311366,5,506,1.0,311366.0,1199128.0,0.25966,2.3906449e-06,0.74436554,0.4750356,0.94311305,-0.75,5.000,14.281,14.2811,0.0001,1,,0,1,1,1,1,m3,1CsyzTjErfmoC3PFDMJbGZZqJu6EUYCh2wKkBq,006a22e67aa06df8eec713fdde08d4ff46507e5f232d7882889f7fa29f2c8eab,946690944,946690929,14,1,1,1,52.827,582,
run6-tbt-10s,1,nazionale,10,none,true,100,582,6,0,m3,1CsyzTjErfmoC3PFDMJbGZZqJu6EUYCh2wKkBq,76432,5,506,1.0,76432.0,1199128.0,0.06374,3.34441706e-06,0.25562048,0.77443582,0.98187357,-0.75,5.000,14.669,14.6687,-0.0003,1,,1,2,2,0,0,m3,1CsyzTjErfmoC3PFDMJbGZZqJu6EUYCh2wKkBq,006a22e67aa06df8eec713fdde08d4ff46507e5f232d7882889f7fa29f2c8eab,946690944,946690929,14,1,1,1,120.2632,582,3
run6-tbt-10s,1,nazionale,10,none,true,100,583,6,0,m1,1VLpfZJuzKm3UcPtfYMsf5T37jtkxjR3ZhRF3w,811330,5,506,1.0,811330.0,1199128.0,0.6766,2.14782705e-06,1.74259652,0.17506525,0.92388573,-1.25,5.000,13.989,13.9889,-0.0001,1,,0,3,3,0,0,m3,1CsyzTjErfmoC3PFDMJbGZZqJu6EUYCh2wKkBq,0072d1dea8e07c212079ca28bb9f55245a14c9cafa6e063c61cd077609bbc81b,946690956,946690944,11,1,0,0,119.0686,582,
run6-tbt-10s,1,nazionale,10,none,true,100,583,6,0,m2,1AagzGnptAGnvYUunCiqyFBo5P7Zyq7h7kcijs,311366,5,506,1.0,311366.0,1199128.0,0.25966,1.56035227e-06,0.48584064,0.61517983,0.84603995,-1.25,5.000,13.21,13.2104,0.0004,1,,0,2,2,0,0,m3,1CsyzTjErfmoC3PFDMJbGZZqJu6EUYCh2wKkBq,0072d1dea8e07c212079ca28bb9f55245a14c9cafa6e063c61cd077609bbc81b,946690956,946690944,11,1,0,0,52.827,582,
run6-tbt-10s,1,nazionale,10,none,true,100,583,6,0,m3,1CsyzTjErfmoC3PFDMJbGZZqJu6EUYCh2wKkBq,76432,5,506,1.0,76432.0,1199128.0,0.06374,1.02579098e-06,0.07840326,0.9245915,0.70772341,-1.25,5.000,11.827,11.8272,0.0002,1,,1,1,1,1,1,m3,1CsyzTjErfmoC3PFDMJbGZZqJu6EUYCh2wKkBq,0072d1dea8e07c212079ca28bb9f55245a14c9cafa6e063c61cd077609bbc81b,946690956,946690944,11,1,0,0,120.2632,582,4
run6-tbt-10s,1,nazionale,10,none,true,100,584,6,0,m1,1VLpfZJuzKm3UcPtfYMsf5T37jtkxjR3ZhRF3w,811330,5,506,1.0,811330.0,1199128.0,0.6766,4.72594587e-07,0.38343017,0.68151967,0.43260604,-1.167,5.000,9.093,9.0927,-0.0003,1,,0,2,2,0,0,m2,1AagzGnptAGnvYUunCiqyFBo5P7Zyq7h7kcijs,00d384ea9ec37801c15f7ec4a3a1750df7ccb185a279123d203ddea28f846730,946690964,946690956,5,1,0,0,119.0686,582,
run6-tbt-10s,1,nazionale,10,none,true,100,584,6,0,m2,1AagzGnptAGnvYUunCiqyFBo5P7Zyq7h7kcijs,311366,5,506,1.0,311366.0,1199128.0,0.25966,9.89210418e-08,0.03080065,0.96966886,0.11185387,-1.167,5.000,5.885,5.8851,0.0001,1,,1,1,1,1,1,m2,1AagzGnptAGnvYUunCiqyFBo5P7Zyq7h7kcijs,00d384ea9ec37801c15f7ec4a3a1750df7ccb185a279123d203ddea28f846730,946690964,946690956,5,1,0,0,52.827,582,1
run6-tbt-10s,1,nazionale,10,none,true,100,584,6,0,m3,1CsyzTjErfmoC3PFDMJbGZZqJu6EUYCh2wKkBq,76432,5,506,1.0,76432.0,1199128.0,0.06374,3.29667755e-06,0.25197166,0.77726677,0.98080563,-1.167,5.000,14.575,14.5747,-0.0003,1,,0,3,3,0,0,m2,1AagzGnptAGnvYUunCiqyFBo5P7Zyq7h7kcijs,00d384ea9ec37801c15f7ec4a3a1750df7ccb185a279123d203ddea28f846730,946690964,946690956,5,1,0,0,120.2632,582,
run6-tbt-10s,1,nazionale,10,none,true,100,585,6,0,m1,1VLpfZJuzKm3UcPtfYMsf5T37jtkxjR3ZhRF3w,811330,5,506,1.0,811330.0,1199128.0,0.6766,2.07623148e-06,1.68450889,0.18553553,0.91706244,-0.75,5.000,14.021,14.0206,-0.0004,1,,1,2,2,0,0,m1,1VLpfZJuzKm3UcPtfYMsf5T37jtkxjR3ZhRF3w,0031f424edfe20004b114433fd29995ffe28754b739dc0c67bdbd76d9d0df207,946690979,946690964,14,1,1,2,119.0686,585,1
run6-tbt-10s,1,nazionale,10,none,true,100,585,6,0,m2,1AagzGnptAGnvYUunCiqyFBo5P7Zyq7h7kcijs,311366,5,506,1.0,311366.0,1199128.0,0.25966,8.49807301e-06,2.646011,0.0709336,0.99996247,-0.75,5.000,14.85,14.8496,-0.0004,1,,0,3,3,0,0,m1,1VLpfZJuzKm3UcPtfYMsf5T37jtkxjR3ZhRF3w,0031f424edfe20004b114433fd29995ffe28754b739dc0c67bdbd76d9d0df207,946690979,946690964,14,1,1,2,52.9954,585,
run6-tbt-10s,1,nazionale,10,none,true,100,585,6,0,m3,1CsyzTjErfmoC3PFDMJbGZZqJu6EUYCh2wKkBq,76432,5,506,1.0,76432.0,1199128.0,0.06374,1.79487048e-06,0.13718554,0.87180846,0.88378106,-0.75,5.000,13.688,13.6878,-0.0002,1,,0,1,1,1,1,m1,1VLpfZJuzKm3UcPtfYMsf5T37jtkxjR3ZhRF3w,0031f424edfe20004b114433fd29995ffe28754b739dc0c67bdbd76d9d0df207,946690979,946690964,14,1,1,2,120.7686,585,
run6-tbt-10s,1,nazionale,10,none,true,100,586,6,0,m1,1VLpfZJuzKm3UcPtfYMsf5T37jtkxjR3ZhRF3w,811330,5,506,1.0,811330.0,1199128.0,0.6766,2.67887983e-07,0.21734556,0.80465187,0.27474501,-1.167,5.000,7.514,7.5141,0.0001,1,,1,1,1,1,1,m1,1VLpfZJuzKm3UcPtfYMsf5T37jtkxjR3ZhRF3w,00a8c3b97d99c44ac2bfe680a0e56f54b86d36c831d671b1f5ab1b23aa6cc9a5,946690987,946690979,7,1,0,0,119.0686,585,2
run6-tbt-10s,1,nazionale,10,none,true,100,586,6,0,m2,1AagzGnptAGnvYUunCiqyFBo5P7Zyq7h7kcijs,311366,5,506,1.0,311366.0,1199128.0,0.25966,1.00656344e-06,0.31340963,0.73095043,0.70090631,-1.167,5.000,11.776,11.7757,-0.0003,1,,0,2,2,0,0,m1,1VLpfZJuzKm3UcPtfYMsf5T37jtkxjR3ZhRF3w,00a8c3b97d99c44ac2bfe680a0e56f54b86d36c831d671b1f5ab1b23aa6cc9a5,946690987,946690979,7,1,0,0,52.9954,585,
run6-tbt-10s,1,nazionale,10,none,true,100,586,6,0,m3,1CsyzTjErfmoC3PFDMJbGZZqJu6EUYCh2wKkBq,76432,5,506,1.0,76432.0,1199128.0,0.06374,1.9972487e-05,1.52653713,0.2172868,1.0,-1.167,5.000,14.767,14.7666,-0.0004,1,,0,3,3,0,0,m1,1VLpfZJuzKm3UcPtfYMsf5T37jtkxjR3ZhRF3w,00a8c3b97d99c44ac2bfe680a0e56f54b86d36c831d671b1f5ab1b23aa6cc9a5,946690987,946690979,7,1,0,0,120.7686,585,
run6-tbt-10s,1,nazionale,10,none,true,100,587,6,0,m1,1VLpfZJuzKm3UcPtfYMsf5T37jtkxjR3ZhRF3w,811330,5,506,1.0,811330.0,1199128.0,0.6766,3.09182782e-07,0.25084927,0.77813965,0.30978334,-1.0,5.000,7.898,7.8978,-0.0002,1,,1,1,1,1,1,m1,1VLpfZJuzKm3UcPtfYMsf5T37jtkxjR3ZhRF3w,003329f6818ccdff9e02183fa32a4db09ac9b5b7f5646914f8655d3d4f2ccc68,946690996,946690987,7,1,0,0,119.0686,585,3
run6-tbt-10s,1,nazionale,10,none,true,100,587,6,0,m2,1AagzGnptAGnvYUunCiqyFBo5P7Zyq7h7kcijs,311366,5,506,1.0,311366.0,1199128.0,0.25966,4.51703191e-06,1.40645016,0.24501149,0.99555733,-1.0,5.000,14.756,14.7556,-0.0004,1,,0,2,2,0,0,m1,1VLpfZJuzKm3UcPtfYMsf5T37jtkxjR3ZhRF3w,003329f6818ccdff9e02183fa32a4db09ac9b5b7f5646914f8655d3d4f2ccc68,946690996,946690987,7,1,0,0,52.9954,585,
run6-tbt-10s,1,nazionale,10,none,true,100,587,6,0,m3,1CsyzTjErfmoC3PFDMJbGZZqJu6EUYCh2wKkBq,76432,5,506,1.0,76432.0,1199128.0,0.06374,5.12952452e-06,0.39205982,0.6756637,0.99786856,-1.0,5.000,14.779,14.7787,-0.0003,1,,0,3,3,0,0,m1,1VLpfZJuzKm3UcPtfYMsf5T37jtkxjR3ZhRF3w,003329f6818ccdff9e02183fa32a4db09ac9b5b7f5646914f8655d3d4f2ccc68,946690996,946690987,7,1,0,0,120.7686,585,
run6-tbt-10s,1,nazionale,10,none,true,100,588,6,0,m1,1VLpfZJuzKm3UcPtfYMsf5T37jtkxjR3ZhRF3w,811330,5,506,1.0,811330.0,1199128.0,0.6766,8.57920668e-07,0.69605678,0.49854732,0.64254889,-0.5,5.000,11.325,11.3255,0.0005,1,,1,2,2,0,0,m1,1VLpfZJuzKm3UcPtfYMsf5T37jtkxjR3ZhRF3w,004ee03f7999d3d0911406fc2988818645eedffb9f38f523837b036dbf315bff,946691008,946690996,11,1,1,1,119.6866,588,4
run6-tbt-10s,1,nazionale,10,none,true,100,588,6,0,m2,1AagzGnptAGnvYUunCiqyFBo5P7Zyq7h7kcijs,311366,5,506,1.0,311366.0,1199128.0,0.25966,6.59036971e-07,0.20520171,0.81448301,0.54627758,-0.5,5.000,10.363,10.3628,-0.0002,1,,0,1,1,1,1,m1,1VLpfZJuzKm3UcPtfYMsf5T37jtkxjR3ZhRF3w,004ee03f7999d3d0911406fc2988818645eedffb9f38f523837b036dbf315bff,946691008,946690996,11,1,1,1,52.9954,588,
run6-tbt-10s,1,nazionale,10,none,true,100,588,6,0,m3,1CsyzTjErfmoC3PFDMJbGZZqJu6EUYCh2wKkBq,76432,5,506,1.0,76432.0,1199128.0,0.06374,4.68660988e-06,0.35820697,0.69892841,0.9963748,-0.5,5.000,14.864,14.8637,-0.0003,1,,0,3,3,0,0,m1,1VLpfZJuzKm3UcPtfYMsf5T37jtkxjR3ZhRF3w,004ee03f7999d3d0911406fc2988818645eedffb9f38f523837b036dbf315bff,946691008,946690996,11,1,1,1,120.7686,588,
run6-tbt-10s,1,nazionale,10,none,true,100,589,6,0,m1,1VLpfZJuzKm3UcPtfYMsf5T37jtkxjR3ZhRF3w,811330,5,506,1.0,811330.0,1199128.0,0.6766,3.47069022e-06,2.8158751,0.05985232,0.98442054,-0.75,5.000,14.694,14.6942,0.0002,1,,1,2,2,0,0,m1,1VLpfZJuzKm3UcPtfYMsf5T37jtkxjR3ZhRF3w,0020ed845bae67d5c865219fb8b629c4d19bcc4b092541a2106168e88c17e9bb,946691023,946691008,14,1,1,2,119.6866,588,5
run6-tbt-10s,1,nazionale,10,none,true,100,589,6,0,m2,1AagzGnptAGnvYUunCiqyFBo5P7Zyq7h7kcijs,311366,5,506,1.0,311366.0,1199128.0,0.25966,7.94134078e-06,2.47266351,0.08435987,0.99992683,-0.75,5.000,14.849,14.8493,0.0003,1,,0,3,3,0,0,m1,1VLpfZJuzKm3UcPtfYMsf5T37jtkxjR3ZhRF3w,0020ed845bae67d5c865219fb8b629c4d19bcc4b092541a2106168e88c17e9bb,946691023,946691008,14,1,1,2,52.9954,588,
run6-tbt-10s,1,nazionale,10,none,true,100,589,6,0,m3,1CsyzTjErfmoC3PFDMJbGZZqJu6EUYCh2wKkBq,76432,5,506,1.0,76432.0,1199128.0,0.06374,2.62011347e-06,0.20026051,0.81851749,0.95679726,-0.75,5.000,14.418,14.418,-0.0,1,,0,1,1,1,1,m1,1VLpfZJuzKm3UcPtfYMsf5T37jtkxjR3ZhRF3w,0020ed845bae67d5c865219fb8b629c4d19bcc4b092541a2106168e88c17e9bb,946691023,946691008,14,1,1,2,120.7686,588,
run6-tbt-10s,1,nazionale,10,none,true,100,590,6,0,m1,1VLpfZJuzKm3UcPtfYMsf5T37jtkxjR3ZhRF3w,811330,5,506,1.0,811330.0,1199128.0,0.6766,8.41899798e-07,0.68305856,0.50506984,0.63561549,-1.083,5.000,11.139,11.1396,0.0006,1,,1,1,1,1,1,m1,1VLpfZJuzKm3UcPtfYMsf5T37jtkxjR3ZhRF3w,001d18665c0ea29a807c5ab01f5003459164d715b90ebf471d6813b137f36eeb,946691035,946691023,11,1,0,0,120.3606,590,6
run6-tbt-10s,1,nazionale,10,none,true,100,590,6,0,m2,1AagzGnptAGnvYUunCiqyFBo5P7Zyq7h7kcijs,311366,5,506,1.0,311366.0,1199128.0,0.25966,4.18416596e-06,1.30280702,0.27176786,0.99337795,-1.083,5.000,14.717,14.7172,0.0002,1,,0,2,2,0,0,m1,1VLpfZJuzKm3UcPtfYMsf5T37jtkxjR3ZhRF3w,001d18665c0ea29a807c5ab01f5003459164d715b90ebf471d6813b137f36eeb,946691035,946691023,11,1,0,0,52.9954,590,
run6-tbt-10s,1,nazionale,10,none,true,100,590,6,0,m3,1CsyzTjErfmoC3PFDMJbGZZqJu6EUYCh2wKkBq,76432,5,506,1.0,76432.0,1199128.0,0.06374,1.1855232e-05,0.90611909,0.40408942,0.99999933,-1.083,5.000,14.783,14.7834,0.0004,1,,0,3,3,0,0,m1,1VLpfZJuzKm3UcPtfYMsf5T37jtkxjR3ZhRF3w,001d18665c0ea29a807c5ab01f5003459164d715b90ebf471d6813b137f36eeb,946691035,946691023,11,1,0,0,120.7686,590,
run6-tbt-10s,1,nazionale,10,none,true,100,591,6,0,m1,1VLpfZJuzKm3UcPtfYMsf5T37jtkxjR3ZhRF3w,811330,5,506,1.0,811330.0,1199128.0,0.6766,1.07038495e-06,0.86843542,0.41960754,0.72294204,-1.667,5.000,11.896,11.896,0.0,1,,1,1,1,1,1,m1,1VLpfZJuzKm3UcPtfYMsf5T37jtkxjR3ZhRF3w,0096a31dbfe64ad5bb2b52a20f8caaa9a5eaa06d6de322fa2490803f993b5b1b,946691047,946691035,11,1,0,0,120.3606,590,7
run6-tbt-10s,1,nazionale,10,none,true,100,591,6,0,m2,1AagzGnptAGnvYUunCiqyFBo5P7Zyq7h7kcijs,311366,5,506,1.0,311366.0,1199128.0,0.25966,2.52192406e-06,0.78524141,0.4560096,0.95139893,-1.667,5.000,14.181,14.1806,-0.0004,1,,0,2,2,0,0,m1,1VLpfZJuzKm3UcPtfYMsf5T37jtkxjR3ZhRF3w,0096a31dbfe64ad5bb2b52a20f8caaa9a5eaa06d6de322fa2490803f993b5b1b,946691047,946691035,11,1,0,0,52.9954,590,
run6-tbt-10s,1,nazionale,10,none,true,100,591,6,0,m3,1CsyzTjErfmoC3PFDMJbGZZqJu6EUYCh2wKkBq,76432,5,506,1.0,76432.0,1199128.0,0.06374,1.88410622e-05,1.44006007,0.23691353,1.0,-1.667,5.000,14.667,14.6666,-0.0004,1,,0,3,3,0,0,m1,1VLpfZJuzKm3UcPtfYMsf5T37jtkxjR3ZhRF3w,0096a31dbfe64ad5bb2b52a20f8caaa9a5eaa06d6de322fa2490803f993b5b1b,946691047,946691035,11,1,0,0,120.7686,590,
run6-tbt-10s,1,nazionale,10,none,true,100,592,6,0,m1,1VLpfZJuzKm3UcPtfYMsf5T37jtkxjR3ZhRF3w,811330,5,506,1.0,811330.0,1199128.0,0.6766,3.87639522e-06,3.14503573,0.04306539,0.99042207,-1.75,5.000,14.554,14.5542,0.0002,1,,1,1,1,1,1,m1,1VLpfZJuzKm3UcPtfYMsf5T37jtkxjR3ZhRF3w,0072ecfbeb163ba578ebfc67b09e3365d65cfd5a249cfb9b47ef2f6a5981869f,946691063,946691047,14,1,0,0,120.3606,590,8
run6-tbt-10s,1,nazionale,10,none,true,100,592,6,0,m2,1AagzGnptAGnvYUunCiqyFBo5P7Zyq7h7kcijs,311366,5,506,1.0,311366.0,1199128.0,0.25966,4.05086477e-06,1.26130156,0.28328507,0.99223016,-1.75,5.000,14.572,14.5723,0.0003,1,,0,2,2,0,0,m1,1VLpfZJuzKm3UcPtfYMsf5T37jtkxjR3ZhRF3w,0072ecfbeb163ba578ebfc67b09e3365d65cfd5a249cfb9b47ef2f6a5981869f,946691063,946691047,14,1,0,0,52.9954,590,
run6-tbt-10s,1,nazionale,10,none,true,100,592,6,0,m3,1CsyzTjErfmoC3PFDMJbGZZqJu6EUYCh2wKkBq,76432,5,506,1.0,76432.0,1199128.0,0.06374,2.17561057e-05,1.66286267,0.18959545,1.0,-1.75,5.000,14.65,14.65,-0.0,1,,0,3,3,0,0,m1,1VLpfZJuzKm3UcPtfYMsf5T37jtkxjR3ZhRF3w,0072ecfbeb163ba578ebfc67b09e3365d65cfd5a249cfb9b47ef2f6a5981869f,946691063,946691047,14,1,0,0,120.7686,590,
run6-tbt-10s,1,nazionale,10,none,true,100,593,6,0,m1,1VLpfZJuzKm3UcPtfYMsf5T37jtkxjR3ZhRF3w,811330,5,506,1.0,811330.0,1199128.0,0.6766,8.98368788e-07,0.72887355,0.48245214,0.65947242,-2.5,5.000,11.095,11.0947,-0.0003,1,,1,1,1,1,1,m1,1VLpfZJuzKm3UcPtfYMsf5T37jtkxjR3ZhRF3w,00179a0c54cb1f5fd443fdd816109c76ba6b87ca69388c1d41efd269fe61d59d,946691075,946691063,11,1,0,0,121.1466,593,9
run6-tbt-10s,1,nazionale,10,none,true,100,593,6,0,m2,1AagzGnptAGnvYUunCiqyFBo5P7Zyq7h7kcijs,311366,5,506,1.0,311366.0,1199128.0,0.25966,4.29717382e-06,1.33799382,0.2623715,0.99421717,-2.5,5.000,14.442,14.4422,0.0002,1,,0,2,2,0,0,m1,1VLpfZJuzKm3UcPtfYMsf5T37jtkxjR3ZhRF3w,00179a0c54cb1f5fd443fdd816109c76ba6b87ca69388c1d41efd269fe61d59d,946691075,946691063,11,1,0,0,52.9954,593,
run6-tbt-10s,1,nazionale,10,none,true,100,593,6,0,m3,1CsyzTjErfmoC3PFDMJbGZZqJu6EUYCh2wKkBq,76432,5,506,1.0,76432.0,1199128.0,0.06374,3.04373114e-05,2.32638458,0.09764815,1.0,-2.5,5.000,14.5,14.5,0.0,1,,0,3,3,0,0,m1,1VLpfZJuzKm3UcPtfYMsf5T37jtkxjR3ZhRF3w,00179a0c54cb1f5fd443fdd816109c76ba6b87ca69388c1d41efd269fe61d59d,946691075,946691063,11,1,0,0,120.7686,593,
run6-tbt-10s,1,nazionale,10,none,true,100,594,6,0,m1,1VLpfZJuzKm3UcPtfYMsf5T37jtkxjR3ZhRF3w,811330,5,506,1.0,811330.0,1199128.0,0.6766,7.2446375e-07,0.58777917,0.55555972,0.58051385,-2.167,5.000,10.372,10.3717,-0.0003,1,,1,1,1,1,1,m1,1VLpfZJuzKm3UcPtfYMsf5T37jtkxjR3ZhRF3w,009c55c442fc9f032cfc42a36f711cf884d4a9330496c8acd2605187caa966b4,946691086,946691075,10,1,0,0,121.1466,593,10
run6-tbt-10s,1,nazionale,10,none,true,100,594,6,0,m2,1AagzGnptAGnvYUunCiqyFBo5P7Zyq7h7kcijs,311366,5,506,1.0,311366.0,1199128.0,0.25966,7.16712244e-06,2.23159825,0.10735671,0.99981484,-2.167,5.000,14.565,14.5647,-0.0003,1,,0,2,2,0,0,m1,1VLpfZJuzKm3UcPtfYMsf5T37jtkxjR3ZhRF3w,009c55c442fc9f032cfc42a36f711cf884d4a9330496c8acd2605187caa966b4,946691086,946691075,10,1,0,0,52.9954,593,
run6-tbt-10s,1,nazionale,10,none,true,100,594,6,0,m3,1CsyzTjErfmoC3PFDMJbGZZqJu6EUYCh2wKkBq,76432,5,506,1.0,76432.0,1199128.0,0.06374,2.89297137e-05,2.21115588,0.10957392,1.0,-2.167,5.000,14.567,14.5666,-0.0004,1,,0,3,3,0,0,m1,1VLpfZJuzKm3UcPtfYMsf5T37jtkxjR3ZhRF3w,009c55c442fc9f032cfc42a36f711cf884d4a9330496c8acd2605187caa966b4,946691086,946691075,10,1,0,0,120.7686,593,
run6-tbt-10s,1,nazionale,10,none,true,100,595,6,0,m1,1VLpfZJuzKm3UcPtfYMsf5T37jtkxjR3ZhRF3w,811330,5,506,1.0,811330.0,1199128.0,0.6766,1.3394763e-06,1.08675731,0.33730851,0.79935208,-1.833,5.000,12.627,12.6269,-0.0001,1,,0,2,2,0,0,m2,1AagzGnptAGnvYUunCiqyFBo5P7Zyq7h7kcijs,00a0d9dc066c051a102d356b0265a2f679ac656075b4f3eb5b68fcee27804e27,946691096,946691086,8,1,0,0,121.5392,595,
run6-tbt-10s,1,nazionale,10,none,true,100,595,6,0,m2,1AagzGnptAGnvYUunCiqyFBo5P7Zyq7h7kcijs,311366,5,506,1.0,311366.0,1199128.0,0.25966,3.60707798e-07,0.11231214,0.89376523,0.35113774,-1.833,5.000,8.145,8.1448,-0.0002,1,,1,1,1,1,1,m2,1AagzGnptAGnvYUunCiqyFBo5P7Zyq7h7kcijs,00a0d9dc066c051a102d356b0265a2f679ac656075b4f3eb5b68fcee27804e27,946691096,946691086,8,1,0,0,52.9954,595,1
run6-tbt-10s,1,nazionale,10,none,true,100,595,6,0,m3,1CsyzTjErfmoC3PFDMJbGZZqJu6EUYCh2wKkBq,76432,5,506,1.0,76432.0,1199128.0,0.06374,1.12550987e-05,0.8602497,0.42305643,0.99999862,-1.833,5.000,14.633,14.6334,0.0004,1,,0,3,3,0,0,m2,1AagzGnptAGnvYUunCiqyFBo5P7Zyq7h7kcijs,00a0d9dc066c051a102d356b0265a2f679ac656075b4f3eb5b68fcee27804e27,946691096,946691086,8,1,0,0,120.7686,595,
run6-tbt-10s,1,nazionale,10,none,true,100,596,6,0,m1,1VLpfZJuzKm3UcPtfYMsf5T37jtkxjR3ZhRF3w,811330,5,506,1.0,811330.0,1199128.0,0.6766,1.11163128e-06,0.90189981,0.40579799,0.73631187,-1.667,5.000,12.03,12.0297,-0.0003,1,,1,1,1,1,1,m1,1VLpfZJuzKm3UcPtfYMsf5T37jtkxjR3ZhRF3w,001ec6a73adbc0bd68afbf320f826ad4ff0c22d26e85b6ea6c317f35e729aaaf,946691109,946691096,12,1,0,0,121.5392,595,1
run6-tbt-10s,1,nazionale,10,none,true,100,596,6,0,m2,1AagzGnptAGnvYUunCiqyFBo5P7Zyq7h7kcijs,311366,5,506,1.0,311366.0,1199128.0,0.25966,2.98426209e-06,0.92919775,0.39487037,0.9720828,-1.667,5.000,14.387,14.3874,0.0004,1,,0,2,2,0,0,m1,1VLpfZJuzKm3UcPtfYMsf5T37jtkxjR3ZhRF3w,001ec6a73adbc0bd68afbf320f826ad4ff0c22d26e85b6ea6c317f35e729aaaf,946691109,946691096,12,1,0,0,52.9954,595,
run6-tbt-10s,1,nazionale,10,none,true,100,596,6,0,m3,1CsyzTjErfmoC3PFDMJbGZZqJu6EUYCh2wKkBq,76432,5,506,1.0,76432.0,1199128.0,0.06374,3.55699325e-06,0.27186811,0.76195475,0.98595221,-1.667,5.000,14.526,14.5261,0.0001,1,,0,3,3,0,0,m1,1VLpfZJuzKm3UcPtfYMsf5T37jtkxjR3ZhRF3w,001ec6a73adbc0bd68afbf320f826ad4ff0c22d26e85b6ea6c317f35e729aaaf,946691109,946691096,12,1,0,0,120.7686,595,
run6-tbt-10s,1,nazionale,10,none,true,100,597,6,0,m1,1VLpfZJuzKm3UcPtfYMsf5T37jtkxjR3ZhRF3w,811330,5,506,1.0,811330.0,1199128.0,0.6766,2.68627346e-06,2.17945425,0.11310324,0.96009229,-2.083,5.000,14.184,14.1843,0.0003,1,,1,1,1,1,1,m1,1VLpfZJuzKm3UcPtfYMsf5T37jtkxjR3ZhRF3w,00a9b9da0e1e49975633b07d731ac7f08610f1cf46e31fbc51079a035e098340,946691123,946691109,14,1,0,0,121.5392,595,2
run6-tbt-10s,1,nazionale,10,none,true,100,597,6,0,m2,1AagzGnptAGnvYUunCiqyFBo5P7Zyq7h7kcijs,311366,5,506,1.0,311366.0,1199128.0,0.25966,4.55457545e-06,1.41813994,0.24216404,0.9957529,-2.083,5.000,14.541,14.5409,-0.0001,1,,0,2,2,0,0,m1,1VLpfZJuzKm3UcPtfYMsf5T37jtkxjR3ZhRF3w,00a9b9da0e1e49975633b07d731ac7f08610f1cf46e31fbc51079a035e098340,946691123,946691109,14,1,0,0,52.9954,595,
run6-tbt-10s,1,nazionale,10,none,true,100,597,6,0,m3,1CsyzTjErfmoC3PFDMJbGZZqJu6EUYCh2wKkBq,76432,5,506,1.0,76432.0,1199128.0,0.06374,3.14972681e-05,2.4073992,0.09004919,1.0,-2.083,5.000,14.583,14.5834,0.0004,1,,0,3,3,0,0,m1,1VLpfZJuzKm3UcPtfYMsf5T37jtkxjR3ZhRF3w,00a9b9da0e1e49975633b07d731ac7f08610f1cf46e31fbc51079a035e098340,946691123,946691109,14,1,0,0,120.7686,595,
run6-tbt-10s,1,nazionale,10,none,true,100,598,6,0,m1,1VLpfZJuzKm3UcPtfYMsf5T37jtkxjR3ZhRF3w,811330,5,506,1.0,811330.0,1199128.0,0.6766,4.9471668e-07,0.40137848,0.66939666,0.44745954,-2.0,5.000,9.075,9.0746,-0.0004,1,,1,1,1,1,1,m1,1VLpfZJuzKm3UcPtfYMsf5T37jtkxjR3ZhRF3w,003dece818fd531f137d5996600cb9a2d14c69043ff664d906f170b7ff5dbaad,946691133,946691123,9,1,0,0,122.0446,598,3
run6-tbt-10s,1,nazionale,10,none,true,100,598,6,0,m2,1AagzGnptAGnvYUunCiqyFBo5P7Zyq7h7kcijs,311366,5,506,1.0,311366.0,1199128.0,0.25966,1.26801722e-06,0.39481745,0.67380303,0.78140071,-2.0,5.000,12.414,12.414,0.0,1,,0,2,2,0,0,m1,1VLpfZJuzKm3UcPtfYMsf5T37jtkxjR3ZhRF3w,003dece818fd531f137d5996600cb9a2d14c69043ff664d906f170b7ff5dbaad,946691133,946691123,9,1,0,0,53.2762,598,
run6-tbt-10s,1,nazionale,10,none,true,100,598,6,0,m3,1CsyzTjErfmoC3PFDMJbGZZqJu6EUYCh2wKkBq,76432,5,506,1.0,76432.0,1199128.0,0.06374,5.5796669e-05,4.26465101,0.01405677,1.0,-2.0,5.000,14.6,14.6,0.0,1,,0,3,3,0,0,m1,1VLpfZJuzKm3UcPtfYMsf5T37jtkxjR3ZhRF3w,003dece818fd531f137d5996600cb9a2d14c69043ff664d906f170b7ff5dbaad,946691133,946691123,9,1,0,0,120.7686,598,
