experiment_id,replication_id,area,target_block_time,dumpfunction,malus_enabled,weight_epoch_length,height,epoch,epoch_buried,n_candidates_logged,n_candidates_with_weight,all_candidates_logged,winner_observed_host,winner_observed_address,winner_observed_logged_score,winner_theoretical_argmin_delay_host,winner_theoretical_argmin_score_host,argmin_delay_equals_argmin_score,winner_matches_theoretical_argmin,inversion,observed_winner_rank_by_delay,delay_min_s,delay_winner_s,margin_G_logged_s,margin_G_recomputed_s,inversion_gap_s,score_min,score_gap_2_1,W_tot_effective,W_tot_minus_argmin_weff,weff_argmin_score,p_observed_winner,phi_s,phi_identical_across_nodes,block_time,parent_time,dt_prev_s,scheduler_residual_s,verify_delay_floor_s,time_bar_slack_s,time_bar_ok,verify_parent_matches_chain,fork_detected,n_competing_blocks,competing_hashes,n_rejects,txcount,streak_length_so_far,winner_repeats_previous,n_candidates_delay_recompute_mismatch
run6-tbt-10s,1,nazionale,10,none,true,100,153,2,1,3,3,1,m1,1VLpfZJuzKm3UcPtfYMsf5T37jtkxjR3ZhRF3w,1,m1,m1,1,1,0,1,11.987,11.987,2.855,2.8548,0.0,1.60737872e-06,3.94780378e-06,746325.0,244832.0,501493.0,0.67195,0.0,1,946686325,946686312,13,1.013,11,2,1,1,0,0,,0,7,1,,0
run6-tbt-10s,1,nazionale,10,none,true,100,154,2,1,3,3,1,m2,1AagzGnptAGnvYUunCiqyFBo5P7Zyq7h7kcijs,1,m2,m2,1,1,0,1,13.042,13.042,1.727,1.7278,0.0,2.17335424e-06,2.78441961e-06,746325.0,552354.0,193971.0,0.259902,0.083,1,946686339,946686325,14,0.958,13,1,1,1,0,0,,0,3,1,0,0
run6-tbt-10s,1,nazionale,10,none,true,100,155,2,1,3,3,1,m1,1VLpfZJuzKm3UcPtfYMsf5T37jtkxjR3ZhRF3w,1,m1,m1,1,1,0,1,13.605,13.605,0.934,0.934,0.0,2.7390576e-06,1.71210343e-06,746325.0,244832.0,501493.0,0.67195,-0.5,1,946686354,946686339,15,1.395,13,2,1,1,1,1,007399d310834c9a924ce4d3b625325a02f36acd6ab36e028b2879ecc210e859,0,8,1,0,0
run6-tbt-10s,1,nazionale,10,none,true,100,156,2,1,3,3,1,m1,1VLpfZJuzKm3UcPtfYMsf5T37jtkxjR3ZhRF3w,1,m1,m1,1,1,0,1,9.673,9.673,3.656,3.6564,0.0,8.90801029e-07,1.677649471e-06,746325.0,244832.0,501493.0,0.67195,-0.917,0,946686364,946686354,10,0.327,9,1,1,1,0,0,,0,4,2,1,0
run6-tbt-10s,1,nazionale,10,none,true,100,157,2,1,3,3,1,m1,1VLpfZJuzKm3UcPtfYMsf5T37jtkxjR3ZhRF3w,1,m1,m1,1,1,0,1,10.404,10.404,4.051,4.0502,0.0,1.0912659e-06,3.2950626399999996e-06,746325.0,244832.0,501493.0,0.67195,-0.833,1,946686375,946686364,11,0.596,10,1,1,1,0,0,,0,6,3,1,0
run6-tbt-10s,1,nazionale,10,none,true,100,158,2,1,3,3,1,m2,1AagzGnptAGnvYUunCiqyFBo5P7Zyq7h7kcijs,1,m2,m2,1,1,0,1,9.493,9.493,4.721,4.7202,0.0,8.53224439e-07,2.9859580510000003e-06,746325.0,552354.0,193971.0,0.259902,-1.083,1,946686386,946686375,11,1.507,9,2,1,1,0,0,,0,4,1,0,0
run6-tbt-10s,1,nazionale,10,none,true,100,159,2,1,3,3,1,m2,1AagzGnptAGnvYUunCiqyFBo5P7Zyq7h7kcijs,1,m2,m2,1,1,0,1,7.097,7.097,7.365,7.3656,0.0,3.52501648e-07,4.254351592e-06,746325.0,552354.0,193971.0,0.259902,-1.083,1,946686394,946686386,8,0.903,7,1,1,1,0,0,,0,5,2,1,0
run6-tbt-10s,1,nazionale,10,none,true,100,160,2,1,3,3,1,m3,1CsyzTjErfmoC3PFDMJbGZZqJu6EUYCh2wKkBq,1,m3,m3,1,1,0,1,6.571,6.571,7.889,7.8885,0.0,2.55763725e-07,4.147899695e-06,746325.0,695464.0,50861.0,0.068149,-0.833,1,946686402,946686394,8,1.429,6,2,1,1,0,0,,0,4,1,0,0
run6-tbt-10s,1,nazionale,10,none,true,100,161,2,1,3,3,1,m2,1AagzGnptAGnvYUunCiqyFBo5P7Zyq7h7kcijs,1,m2,m2,1,1,0,1,8.646,8.646,2.307,2.3071,0.0,6.43325359e-07,6.252424009999999e-07,746325.0,552354.0,193971.0,0.259902,-0.833,1,946686412,946686402,10,1.354,8,2,1,1,0,0,,0,3,1,0,0
run6-tbt-10s,1,nazionale,10,none,true,100,162,2,1,3,3,1,m2,1AagzGnptAGnvYUunCiqyFBo5P7Zyq7h7kcijs,1,m2,m2,1,1,0,1,6.076,6.076,6.838,6.8375,0.0,1.77832617e-07,2.033639123e-06,746325.0,552354.0,193971.0,0.259902,-0.833,1,946686418,946686412,6,-0.076,6,0,1,1,0,0,,0,4,2,1,0
run6-tbt-10s,1,nazionale,10,none,true,100,163,2,1,3,3,1,m2,1AagzGnptAGnvYUunCiqyFBo5P7Zyq7h7kcijs,1,m2,m2,1,1,0,1,13.333,13.333,0.413,0.4136,0.0,2.45478899e-06,4.004967000000001e-07,746325.0,552354.0,193971.0,0.259902,-0.333,1,946686433,946686418,15,1.667,13,2,1,1,0,0,,0,6,3,1,0
run6-tbt-10s,1,nazionale,10,none,true,100,164,2,1,3,3,1,m2,1AagzGnptAGnvYUunCiqyFBo5P7Zyq7h7kcijs,1,m2,m2,1,1,0,1,14.544,14.544,0.107,0.1066,0.0,4.82618626e-06,6.645274700000001e-07,746325.0,552354.0,193971.0,0.259902,-0.917,1,946686448,946686433,15,0.456,14,1,1,1,0,0,,0,7,4,1,0
run6-tbt-10s,1,nazionale,10,none,true,100,165,2,1,3,3,1,m2,1AagzGnptAGnvYUunCiqyFBo5P7Zyq7h7kcijs,1,m2,m2,1,1,0,1,7.992,7.992,0.761,0.7609,0.0,5.28407759e-07,1.6048332700000007e-07,746325.0,552354.0,193971.0,0.259902,-1.333,1,946686457,946686448,9,1.008,7,2,1,1,0,0,,0,4,5,1,0
run6-tbt-10s,1,nazionale,10,none,true,100,166,2,1,3,3,1,m2,1AagzGnptAGnvYUunCiqyFBo5P7Zyq7h7kcijs,1,m2,m2,1,1,0,1,11.14,11.14,1.823,1.8233,0.0,1.34685071e-06,9.238995600000003e-07,746325.0,552354.0,193971.0,0.259902,-1.0,1,946686469,946686457,12,0.86,11,1,1,1,0,0,,0,7,6,1,0
run6-tbt-10s,1,nazionale,10,none,true,100,167,2,1,3,3,1,m2,1AagzGnptAGnvYUunCiqyFBo5P7Zyq7h7kcijs,1,m2,m2,1,1,0,1,7.722,7.722,1.127,1.1271,0.0,4.56755537e-07,2.3121062800000002e-07,746325.0,552354.0,193971.0,0.259902,-0.833,1,946686478,946686469,9,1.278,7,2,1,1,0,0,,0,3,7,1,0
run6-tbt-10s,1,nazionale,10,none,true,100,168,2,1,3,3,1,m1,1VLpfZJuzKm3UcPtfYMsf5T37jtkxjR3ZhRF3w,1,m1,m1,1,1,0,1,9.654,9.654,4.967,4.9668,0.0,8.55907517e-07,3.787813403e-06,746325.0,244832.0,501493.0,0.67195,-0.333,1,946686489,946686478,11,1.346,9,2,1,1,0,0,,0,5,1,0,0
run6-tbt-10s,1,nazionale,10,none,true,100,169,2,1,3,3,1,m1,1VLpfZJuzKm3UcPtfYMsf5T37jtkxjR3ZhRF3w,1,m1,m1,1,1,0,1,11.608,11.608,3.233,3.2328,0.0,1.48207975e-06,5.0640446e-06,746325.0,244832.0,501493.0,0.67195,-0.417,1,946686501,946686489,12,0.392,11,1,1,1,0,0,,0,7,2,1,0
run6-tbt-10s,1,nazionale,10,none,true,100,170,2,1,3,3,1,m1,1VLpfZJuzKm3UcPtfYMsf5T37jtkxjR3ZhRF3w,1,m1,m1,1,1,0,1,13.765,13.765,1.107,1.1066,0.0,2.91589208e-06,4.955140859999999e-06,746325.0,244832.0,501493.0,0.67195,-0.5,1,946686515,946686501,14,0.235,13,1,1,1,0,0,,0,3,3,1,0
run6-tbt-10s,1,nazionale,10,none,true,100,171,2,1,3,3,1,m2,1AagzGnptAGnvYUunCiqyFBo5P7Zyq7h7kcijs,1,m2,m2,1,1,0,1,9.593,9.593,4.7,4.6999,0.0,8.61702543e-07,3.008322897e-06,746325.0,552354.0,193971.0,0.259902,-0.75,1,946686526,946686515,11,1.407,9,2,1,1,0,0,,0,7,1,0,0
run6-tbt-10s,1,nazionale,10,none,true,100,172,2,1,3,3,1,m2,1AagzGnptAGnvYUunCiqyFBo5P7Zyq7h7kcijs,1,m2,m2,1,1,0,1,13.538,13.538,1.037,1.0373,0.0,2.77355123e-06,2.3128523900000002e-06,746325.0,552354.0,193971.0,0.259902,-1.0,1,946686541,946686526,15,1.462,13,2,1,1,0,0,,0,6,2,1,0
run6-tbt-10s,1,nazionale,10,none,true,100,173,2,1,3,3,1,m2,1AagzGnptAGnvYUunCiqyFBo5P7Zyq7h7kcijs,1,m1,m1,1,0,1,2,11.329,13.176,1.847,1.8468,1.847,1.46351556e-06,1.0715107499999999e-06,746325.0,244832.0,501493.0,0.259902,-1.583,1,946686554,946686541,13,-0.176,13,0,1,1,1,1,001764ad85e43d42916e3985e1ad826fbf84aeb1927384d957895e374dba24c4,0,5,3,1,0
run6-tbt-10s,1,nazionale,10,none,true,100,174,2,1,3,3,1,m2,1AagzGnptAGnvYUunCiqyFBo5P7Zyq7h7kcijs,1,m2,m2,1,1,0,1,6.381,6.381,0.628,0.6283,0.0,2.57373788e-07,1.0610284499999997e-07,746325.0,552354.0,193971.0,0.259902,-1.833,1,946686560,946686554,6,-0.381,6,0,1,1,0,0,,0,4,4,1,0
run6-tbt-10s,1,nazionale,10,none,true,100,175,2,1,3,3,1,m1,1VLpfZJuzKm3UcPtfYMsf5T37jtkxjR3ZhRF3w,1,m1,m1,1,1,0,1,14.265,14.265,0.119,0.1196,0.0,4.42194957e-06,5.248272800000003e-07,746325.0,244832.0,501493.0,0.67195,-1.833,1,946686576,946686560,16,1.735,14,2,1,1,1,1,001e009c02cf25f92681f0b7265239f7211cc1df06c3c00759ab2a649408206e,0,6,1,0,0
run6-tbt-10s,1,nazionale,10,none,true,100,176,2,1,3,3,1,m1,1VLpfZJuzKm3UcPtfYMsf5T37jtkxjR3ZhRF3w,1,m1,m1,1,1,0,1,9.714,9.714,0.607,0.6064,0.0,9.55203018e-07,1.76936152e-07,746325.0,244832.0,501493.0,0.67195,-1.917,1,946686585,946686576,9,-0.714,9,0,1,1,0,0,,0,5,2,1,0
run6-tbt-10s,1,nazionale,10,none,true,100,177,2,1,3,3,1,m3,1CsyzTjErfmoC3PFDMJbGZZqJu6EUYCh2wKkBq,1,m3,m3,1,1,0,1,7.84,7.84,5.284,5.2837,0.0,5.01704506e-07,1.9595364239999996e-06,746325.0,695464.0,50861.0,0.068149,-1.417,1,946686595,946686585,10,2.16,7,3,1,1,0,0,,0,4,1,0,0
run6-tbt-10s,1,nazionale,10,none,true,100,178,2,1,3,3,1,m3,1CsyzTjErfmoC3PFDMJbGZZqJu6EUYCh2wKkBq,1,m3,m3,1,1,0,1,8.398,8.398,1.317,1.3164,0.0,6.18688575e-07,3.1398460300000003e-07,746325.0,695464.0,50861.0,0.068149,-1.5,1,946686604,946686595,9,0.602,8,1,1,1,0,0,,0,4,2,1,0
run6-tbt-10s,1,nazionale,10,none,true,100,179,2,1,3,3,1,m2,1AagzGnptAGnvYUunCiqyFBo5P7Zyq7h7kcijs,1,m2,m2,1,1,0,1,9.736,9.736,5.003,5.0024,0.0,9.25078074e-07,8.168298246e-06,746325.0,552354.0,193971.0,0.259902,-1.25,1,946686615,946686604,11,1.264,9,2,1,1,0,0,,0,6,1,0,0
run6-tbt-10s,1,nazionale,10,none,true,100,180,2,1,3,3,1,m1,1VLpfZJuzKm3UcPtfYMsf5T37jtkxjR3ZhRF3w,1,m1,m1,1,1,0,1,10.857,10.857,2.349,2.3483,0.0,1.27576128e-06,1.2564651299999999e-06,746325.0,244832.0,501493.0,0.67195,-1.417,1,946686627,946686615,12,1.143,10,2,1,1,0,0,,0,4,1,0,0
run6-tbt-10s,1,nazionale,10,none,true,100,181,2,1,3,3,1,m1,1VLpfZJuzKm3UcPtfYMsf5T37jtkxjR3ZhRF3w,1,m1,m1,1,1,0,1,12.214,12.214,2.427,2.427,0.0,1.86526842e-06,5.02299121e-06,746325.0,244832.0,501493.0,0.67195,-1.5,1,946686640,946686627,13,0.786,12,1,1,1,0,0,,0,8,2,1,0
run6-tbt-10s,1,nazionale,10,none,true,100,182,2,1,3,3,1,m1,1VLpfZJuzKm3UcPtfYMsf5T37jtkxjR3ZhRF3w,1,m1,m1,1,1,0,1,8.612,8.612,5.669,5.6696,0.0,6.68606191e-07,3.638192999e-06,746325.0,244832.0,501493.0,0.67195,-1.583,1,946686649,946686640,9,0.388,8,1,1,1,0,0,,0,3,3,1,0
run6-tbt-10s,1,nazionale,10,none,true,100,183,2,1,3,3,1,m1,1VLpfZJuzKm3UcPtfYMsf5T37jtkxjR3ZhRF3w,1,m1,m1,1,1,0,1,8.237,8.237,5.706,5.7052,0.0,5.71203578e-07,2.7733779719999997e-06,746325.0,244832.0,501493.0,0.67195,-1.167,1,946686658,946686649,9,0.763,8,1,1,1,0,0,,0,3,4,1,0
run6-tbt-10s,1,nazionale,10,none,true,100,184,2,1,3,3,1,m1,1VLpfZJuzKm3UcPtfYMsf5T37jtkxjR3ZhRF3w,1,m1,m1,1,1,0,1,10.641,10.641,4.135,4.1346,0.0,1.17565465e-06,6.91118052e-06,746325.0,244832.0,501493.0,0.67195,-1.0,1,946686669,946686658,11,0.359,10,1,1,1,0,0,,0,7,5,1,0
run6-tbt-10s,1,nazionale,10,none,true,100,185,2,1,3,3,1,m1,1VLpfZJuzKm3UcPtfYMsf5T37jtkxjR3ZhRF3w,1,m2,m2,1,0,1,3,12.156,13.885,1.347,1.3462,1.729,1.74929542e-06,9.199010100000001e-07,746325.0,552354.0,193971.0,0.67195,-0.667,1,946686683,946686669,14,0.115,13,1,1,1,1,1,00300fa18f8ea5b61207ea1a637e2cfea76e7d516027b1bab9b2f4196abdf057,0,5,6,1,0
run6-tbt-10s,1,nazionale,10,none,true,100,186,2,1,3,3,1,m1,1VLpfZJuzKm3UcPtfYMsf5T37jtkxjR3ZhRF3w,1,m1,m1,1,1,0,1,14.613,14.613,0.169,0.1688,0.0,5.01602952e-06,2.0499887699999996e-06,746325.0,244832.0,501493.0,0.67195,-0.75,0,946686699,946686683,16,1.387,14,2,1,1,1,1,002ef0c2632451a163c37abdd8362cd76e7adca4a123681029686ce18a6838da,0,6,7,1,0
run6-tbt-10s,1,nazionale,10,none,true,100,187,2,1,3,3,1,m1,1VLpfZJuzKm3UcPtfYMsf5T37jtkxjR3ZhRF3w,1,m1,m1,1,1,0,1,9.739,9.739,4.216,4.2162,0.0,9.43743354e-07,2.566523116e-06,746325.0,244832.0,501493.0,0.67195,-1.583,1,946686709,946686699,10,0.261,9,1,1,1,0,0,,0,6,8,1,0
run6-tbt-10s,1,nazionale,10,none,true,100,188,2,1,3,3,1,m2,1AagzGnptAGnvYUunCiqyFBo5P7Zyq7h7kcijs,1,m2,m2,1,1,0,1,8.394,8.394,3.076,3.0756,0.0,6.00270274e-07,8.797560560000001e-07,746325.0,552354.0,193971.0,0.259902,-1.083,1,946686719,946686709,10,1.606,8,2,1,1,0,0,,0,4,1,0,0
run6-tbt-10s,1,nazionale,10,none,true,100,189,2,1,3,3,1,m2,1AagzGnptAGnvYUunCiqyFBo5P7Zyq7h7kcijs,1,m2,m2,1,1,0,1,6.7,6.7,7.639,7.6392,0.0,2.87901587e-07,3.936696153e-06,746325.0,552354.0,193971.0,0.259902,-1.167,1,946686727,946686719,8,1.3,6,2,1,1,0,0,,0,5,2,1,0
run6-tbt-10s,1,nazionale,10,none,true,100,190,2,1,3,3,1,m1,1VLpfZJuzKm3UcPtfYMsf5T37jtkxjR3ZhRF3w,1,m1,m1,1,1,0,1,12.713,12.713,1.53,1.5296,0.0,2.09974689e-06,1.76971937e-06,746325.0,244832.0,501493.0,0.67195,-1.0,1,946686741,946686727,14,1.287,12,2,1,1,1,1,00d2ef9f622714b844d971a44fd00a62216725c5ae1c091b9b1a08a0b68214ce,0,7,1,0,0
run6-tbt-10s,1,nazionale,10,none,true,100,191,2,1,3,3,1,m1,1VLpfZJuzKm3UcPtfYMsf5T37jtkxjR3ZhRF3w,1,m1,m1,1,1,0,1,5.347,5.347,9.049,9.0492,0.0,8.71938254e-08,4.5214068046e-06,746325.0,244832.0,501493.0,0.67195,-1.417,1,946686746,946686741,5,-0.347,5,0,1,1,0,0,,0,1,2,1,0
run6-tbt-10s,1,nazionale,10,none,true,100,192,2,1,3,3,1,m1,1VLpfZJuzKm3UcPtfYMsf5T37jtkxjR3ZhRF3w,1,m1,m1,1,1,0,1,12.89,12.89,0.461,0.4611,0.0,2.20625218e-06,3.664246999999998e-07,746325.0,244832.0,501493.0,0.67195,-0.917,1,946686759,946686746,13,0.11,12,1,1,1,0,0,,0,5,3,1,0
run6-tbt-10s,1,nazionale,10,none,true,100,193,2,1,3,3,1,m3,1CsyzTjErfmoC3PFDMJbGZZqJu6EUYCh2wKkBq,1,m3,m3,1,1,0,1,6.402,6.402,2.037,2.0373,0.0,2.3394019e-07,3.7229869999999996e-07,746325.0,695464.0,50861.0,0.068149,-1.0,1,946686767,946686759,8,1.598,6,2,1,1,0,0,,0,5,1,0,0
run6-tbt-10s,1,nazionale,10,none,true,100,194,2,1,3,3,1,m1,1VLpfZJuzKm3UcPtfYMsf5T37jtkxjR3ZhRF3w,1,m1,m1,1,1,0,1,7.654,7.654,7.223,7.2226,0.0,4.34768484e-07,9.413425776e-06,746325.0,244832.0,501493.0,0.67195,-0.583,1,946686776,946686767,9,1.346,7,2,1,1,0,0,,0,4,1,0,0
run6-tbt-10s,1,nazionale,10,none,true,100,195,2,1,3,3,1,m1,1VLpfZJuzKm3UcPtfYMsf5T37jtkxjR3ZhRF3w,1,m2,m2,1,0,1,2,12.549,13.619,1.07,1.0698,1.07,1.9492285e-06,8.212405100000001e-07,746325.0,552354.0,193971.0,0.67195,-0.583,1,946686790,946686776,14,0.381,13,1,1,1,1,1,0097c2866562d662ef29ee13a008bf16627d22373fceeafbe90fede31ac16c0f,0,6,2,1,0
run6-tbt-10s,1,nazionale,10,none,true,100,196,2,1,3,3,1,m1,1VLpfZJuzKm3UcPtfYMsf5T37jtkxjR3ZhRF3w,1,m1,m1,1,1,0,1,8.397,8.397,6.397,6.3976,0.0,5.97331487e-07,9.452900313e-06,746325.0,244832.0,501493.0,0.67195,-1.0,1,946686799,946686790,9,0.603,8,1,1,1,0,0,,0,4,3,1,0
run6-tbt-10s,1,nazionale,10,none,true,100,197,2,1,3,3,1,m2,1AagzGnptAGnvYUunCiqyFBo5P7Zyq7h7kcijs,1,m2,m2,1,1,0,1,6.694,6.694,1.724,1.7237,0.0,2.75825126e-07,3.18849806e-07,746325.0,552354.0,193971.0,0.259902,-0.833,1,946686808,946686799,9,2.306,6,3,1,1,0,0,,0,4,1,0,0
run6-tbt-10s,1,nazionale,10,none,true,100,198,2,1,3,3,1,m1,1VLpfZJuzKm3UcPtfYMsf5T37jtkxjR3ZhRF3w,1,m1,m1,1,1,0,1,10.67,10.67,3.898,3.8971,0.0,1.14765929e-06,3.34748012e-06,746325.0,244832.0,501493.0,0.67195,-0.417,1,946686820,946686808,12,1.33,10,2,1,1,0,0,,0,5,1,0,0
run6-tbt-10s,1,nazionale,10,none,true,100,199,2,1,3,3,1,m1,1VLpfZJuzKm3UcPtfYMsf5T37jtkxjR3ZhRF3w,1,m1,m1,1,1,0,1,8.09,8.09,6.241,6.2418,0.0,4.98399541e-07,3.159988409e-06,746325.0,244832.0,501493.0,0.67195,-0.083,1,946686829,946686820,9,0.91,8,1,1,1,0,0,,0,5,2,1,0
run6-tbt-10s,1,nazionale,10,none,true,100,200,3,1,3,3,1,m1,1VLpfZJuzKm3UcPtfYMsf5T37jtkxjR3ZhRF3w,1,m1,m1,1,1,0,1,8.775,8.775,6.163,6.1632,0.0,6.35102739e-07,6.177117651e-06,746325.0,244832.0,501493.0,0.67195,0.0,1,946686837,946686829,8,-0.775,8,0,1,1,0,0,,0,5,3,1,0
run6-tbt-10s,1,nazionale,10,none,true,100,201,3,1,3,3,1,m1,1VLpfZJuzKm3UcPtfYMsf5T37jtkxjR3ZhRF3w,1,m1,m1,1,1,0,1,14.886,14.886,0.147,0.1464,0.0,5.65496659e-06,7.5221164099999995e-06,746325.0,244832.0,501493.0,0.67195,0.167,1,946686853,946686837,16,1.114,14,2,1,1,0,0,,0,10,4,1,0
run6-tbt-10s,1,nazionale,10,none,true,100,202,3,1,3,3,1,m1,1VLpfZJuzKm3UcPtfYMsf5T37jtkxjR3ZhRF3w,1,m1,m1,1,1,0,1,13.53,13.53,1.204,1.2042,0.0,2.66363993e-06,2.8306260099999997e-06,746325.0,244832.0,501493.0,0.67195,-0.5,1,946686867,946686853,14,0.47,13,1,1,1,0,0,,0,6,5,1,0
run6-tbt-10s,1,nazionale,10,none,true,100,203,3,1,3,3,1,m1,1VLpfZJuzKm3UcPtfYMsf5T37jtkxjR3ZhRF3w,1,m1,m1,1,1,0,1,13.094,13.094,1.289,1.2886,0.0,2.29354733e-06,1.67590946e-06,746325.0,244832.0,501493.0,0.67195,-0.5,1,946686880,946686867,13,-0.094,13,0,1,1,0,0,,0,7,6,1,0
run6-tbt-10s,1,nazionale,10,none,true,100,204,3,1,3,3,1,m1,1VLpfZJuzKm3UcPtfYMsf5T37jtkxjR3ZhRF3w,1,m1,m1,1,1,0,1,11.811,11.811,2.95,2.9495,0.0,1.63327172e-06,8.3344138e-06,746325.0,244832.0,501493.0,0.67195,-1.167,1,946686893,946686880,13,1.189,11,2,1,1,0,0,,0,5,7,1,0
run6-tbt-10s,1,nazionale,10,none,true,100,205,3,1,3,3,1,m3,1CsyzTjErfmoC3PFDMJbGZZqJu6EUYCh2wKkBq,1,m3,m3,1,1,0,1,6.213,6.213,6.469,6.469,0.0,2.09283814e-07,1.891511016e-06,746325.0,695464.0,50861.0,0.068149,-1.167,1,946686900,946686893,7,0.787,6,1,1,1,0,0,,0,2,1,0,0
run6-tbt-10s,1,nazionale,10,none,true,100,206,3,1,3,3,1,m2,1AagzGnptAGnvYUunCiqyFBo5P7Zyq7h7kcijs,1,m2,m2,1,1,0,1,11.778,11.778,2.605,2.6047,0.0,1.61078272e-06,2.6997903099999998e-06,746325.0,552354.0,193971.0,0.259902,-1.083,1,946686914,946686900,14,2.222,11,3,1,1,0,0,,0,9,1,0,0
run6-tbt-10s,1,nazionale,10,none,true,100,207,3,1,3,3,1,m1,1VLpfZJuzKm3UcPtfYMsf5T37jtkxjR3ZhRF3w,1,m1,m1,1,1,0,1,9.274,9.274,4.768,4.7679,0.0,5.17503762e-07,1.7855859679999998e-06,1181324.0,385152.0,796172.0,0.673966,-1.5,1,946686924,946686914,10,0.726,9,1,1,1,0,0,,0,6,1,0,0
run6-tbt-10s,1,nazionale,10,none,true,100,208,3,1,3,3,1,m1,1VLpfZJuzKm3UcPtfYMsf5T37jtkxjR3ZhRF3w,1,m1,m1,1,1,0,1,7.452,7.452,7.311,7.3108,0.0,2.64747893e-07,6.463348567e-06,1181324.0,385152.0,796172.0,0.673966,-1.167,1,946686932,946686924,8,0.548,7,1,1,1,0,0,,0,3,2,1,0
run6-tbt-10s,1,nazionale,10,none,true,100,209,3,1,3,3,1,m1,1VLpfZJuzKm3UcPtfYMsf5T37jtkxjR3ZhRF3w,1,m1,m1,1,1,0,1,10.669,10.669,3.793,3.7927,0.0,7.51758281e-07,2.157169079e-06,1181324.0,385152.0,796172.0,0.673966,-1.083,1,946686943,946686932,11,0.331,10,1,1,1,0,0,,0,7,3,1,0
run6-tbt-10s,1,nazionale,10,none,true,100,210,3,1,3,3,1,m2,1AagzGnptAGnvYUunCiqyFBo5P7Zyq7h7kcijs,1,m2,m2,1,1,0,1,10.194,10.194,3.32,3.3205,0.0,6.65455104e-07,1.104592836e-06,1181324.0,872604.0,308720.0,0.261334,-1.25,1,946686955,946686943,12,1.806,10,2,1,1,0,0,,0,4,1,0,0
run6-tbt-10s,1,nazionale,10,none,true,100,211,3,1,3,3,1,m2,1AagzGnptAGnvYUunCiqyFBo5P7Zyq7h7kcijs,1,m2,m2,1,1,0,1,4.889,4.889,2.516,2.5154,0.0,1.18815065e-08,2.493012915e-07,1181324.0,872604.0,308720.0,0.261334,-1.25,1,946686961,946686955,6,1.111,4,2,1,1,0,0,,0,3,2,1,0
run6-tbt-10s,1,nazionale,10,none,true,100,212,3,1,3,3,1,m2,1AagzGnptAGnvYUunCiqyFBo5P7Zyq7h7kcijs,1,m2,m2,1,1,0,1,14.023,14.023,0.024,0.0248,0.0,2.16219988e-06,2.746520000000013e-08,1181324.0,872604.0,308720.0,0.261334,-1.0,1,946686975,946686961,14,-0.023,14,0,1,1,0,0,,0,6,3,1,0
run6-tbt-10s,1,nazionale,10,none,true,100,213,3,1,3,3,1,m2,1AagzGnptAGnvYUunCiqyFBo5P7Zyq7h7kcijs,1,m1,m1,1,0,1,2,13.704,14.648,0.944,0.9442,0.944,1.95224891e-06,2.49617236e-06,1181324.0,385152.0,796172.0,0.261334,-1.5,1,946686991,946686975,16,1.352,14,2,1,1,1,1,003ffa3fc51832a355cb6d926533c2025ba7f0a4aed7bd184833998f24c7e3ec,0,8,4,1,0
run6-tbt-10s,1,nazionale,10,none,true,100,214,3,1,3,3,1,m2,1AagzGnptAGnvYUunCiqyFBo5P7Zyq7h7kcijs,1,m1,m1,1,0,1,2,12.381,12.987,0.606,0.6053,0.606,1.23119513e-06,2.6212808e-07,1181324.0,385152.0,796172.0,0.261334,-1.5,0,946687004,946686991,13,0.013,12,1,1,1,1,1,00386cb5faf11ab3d7663f0513bb1afeba7e1a55b567afc06afd9c5619a98099,0,5,5,1,0
run6-tbt-10s,1,nazionale,10,none,true,100,215,3,1,3,3,1,m2,1AagzGnptAGnvYUunCiqyFBo5P7Zyq7h7kcijs,1,m2,m2,1,1,0,1,6.266,6.266,5.841,5.8408,0.0,1.4254445e-07,9.9471261e-07,1181324.0,872604.0,308720.0,0.261334,-1.417,1,946687010,946687004,6,-0.266,6,0,1,1,0,0,,0,2,6,1,0
run6-tbt-10s,1,nazionale,10,none,true,100,216,3,1,3,3,1,m1,1VLpfZJuzKm3UcPtfYMsf5T37jtkxjR3ZhRF3w,1,m1,m1,1,1,0,1,10.21,10.21,3.642,3.6415,0.0,6.53076322e-07,1.311706068e-06,1181324.0,385152.0,796172.0,0.673966,-0.833,1,946687022,946687010,12,1.79,10,2,1,1,0,0,,0,7,1,0,0
run6-tbt-10s,1,nazionale,10,none,true,100,217,3,1,3,3,1,m2,1AagzGnptAGnvYUunCiqyFBo5P7Zyq7h7kcijs,1,m2,m2,1,1,0,1,11.037,11.037,3.554,3.5546,0.0,8.16121011e-07,2.2778343389999998e-06,1181324.0,872604.0,308720.0,0.261334,-0.75,1,946687036,946687022,14,2.963,11,3,1,1,0,0,,0,5,1,0,0
run6-tbt-10s,1,nazionale,10,none,true,100,218,3,1,3,3,1,m1,1VLpfZJuzKm3UcPtfYMsf5T37jtkxjR3ZhRF3w,1,m1,m1,1,1,0,1,10.977,10.977,2.195,2.1949,0.0,8.28898647e-07,7.431626429999999e-07,1181324.0,385152.0,796172.0,0.673966,-1.333,1,946687048,946687036,12,1.023,10,2,1,1,0,0,,0,7,1,0,0
run6-tbt-10s,1,nazionale,10,none,true,100,219,3,1,3,3,1,m1,1VLpfZJuzKm3UcPtfYMsf5T37jtkxjR3ZhRF3w,1,m1,m1,1,1,0,1,7.327,7.327,7.12,7.1197,0.0,2.50395837e-07,2.664196373e-06,1181324.0,385152.0,796172.0,0.673966,-1.167,1,946687055,946687048,7,-0.327,7,0,1,1,0,0,,0,3,2,1,0
run6-tbt-10s,1,nazionale,10,none,true,100,220,3,1,3,3,1,m1,1VLpfZJuzKm3UcPtfYMsf5T37jtkxjR3ZhRF3w,1,m1,m1,1,1,0,1,14.341,14.341,0.12,0.1204,0.0,2.5776442e-06,2.4690529999999987e-07,1181324.0,385152.0,796172.0,0.673966,-0.917,1,946687071,946687055,16,1.659,14,2,1,1,0,0,,0,7,3,1,0
run6-tbt-10s,1,nazionale,10,none,true,100,221,3,1,3,3,1,m1,1VLpfZJuzKm3UcPtfYMsf5T37jtkxjR3ZhRF3w,1,m1,m1,1,1,0,1,10.214,10.214,0.115,0.1154,0.0,6.81746673e-07,2.2126930000000034e-08,1181324.0,385152.0,796172.0,0.673966,-1.583,1,946687082,946687071,11,0.786,10,1,1,1,0,0,,0,5,4,1,0
run6-tbt-10s,1,nazionale,10,none,true,100,222,3,1,3,3,1,m1,1VLpfZJuzKm3UcPtfYMsf5T37jtkxjR3ZhRF3w,1,m2,m2,1,0,1,2,13.81,14.186,0.376,0.3753,0.376,2.06420546e-06,4.7574631999999984e-07,1181324.0,872604.0,308720.0,0.673966,-1.583,1,946687096,946687082,14,-0.186,14,0,1,1,0,0,,0,6,5,1,0
run6-tbt-10s,1,nazionale,10,none,true,100,223,3,1,3,3,1,m1,1VLpfZJuzKm3UcPtfYMsf5T37jtkxjR3ZhRF3w,1,m1,m1,1,1,0,1,8.937,8.937,2.728,2.7281,0.0,4.73870626e-07,5.494999239999999e-07,1181324.0,385152.0,796172.0,0.673966,-1.75,1,946687106,946687096,10,1.063,8,2,1,1,0,0,,0,4,6,1,0
run6-tbt-10s,1,nazionale,10,none,true,100,224,3,1,3,3,1,m1,1VLpfZJuzKm3UcPtfYMsf5T37jtkxjR3ZhRF3w,1,m1,m1,1,1,0,1,5.288,5.288,5.35,5.35,0.0,6.18696313e-08,7.254646177e-07,1181324.0,385152.0,796172.0,0.673966,-2.083,1,946687112,946687106,6,0.712,5,1,1,1,0,0,,0,4,7,1,0
run6-tbt-10s,1,nazionale,10,none,true,100,225,3,1,3,3,1,m1,1VLpfZJuzKm3UcPtfYMsf5T37jtkxjR3ZhRF3w,1,m1,m1,1,1,0,1,6.72,6.72,3.327,3.3277,0.0,1.89198043e-07,4.5546770099999996e-07,1181324.0,385152.0,796172.0,0.673966,-1.417,1,946687119,946687112,7,0.28,6,1,1,1,0,0,,0,3,8,1,0
run6-tbt-10s,1,nazionale,10,none,true,100,226,3,1,3,3,1,m2,1AagzGnptAGnvYUunCiqyFBo5P7Zyq7h7kcijs,1,m2,m2,1,1,0,1,5.89,5.89,2.714,2.714,0.0,9.14229738e-08,3.047794542e-07,1181324.0,872604.0,308720.0,0.261334,-0.667,1,946687127,946687119,8,2.11,5,3,1,1,0,0,,0,5,1,0,0
run6-tbt-10s,1,nazionale,10,none,true,100,227,3,1,3,3,1,m1,1VLpfZJuzKm3UcPtfYMsf5T37jtkxjR3ZhRF3w,1,m1,m1,1,1,0,1,10.413,10.413,4.492,4.4917,0.0,6.69077362e-07,3.9066134980000005e-06,1181324.0,385152.0,796172.0,0.673966,-0.25,1,946687139,946687127,12,1.587,10,2,1,1,0,0,,0,3,1,0,0
run6-tbt-10s,1,nazionale,10,none,true,100,228,3,1,3,3,1,m1,1VLpfZJuzKm3UcPtfYMsf5T37jtkxjR3ZhRF3w,1,m1,m1,1,1,0,1,6.662,6.662,7.675,7.6757,0.0,1.69199165e-07,2.345678195e-06,1181324.0,385152.0,796172.0,0.673966,-0.75,1,946687147,946687139,8,1.338,6,2,1,1,0,0,,0,6,2,1,0
run6-tbt-10s,1,nazionale,10,none,true,100,229,3,1,3,3,1,m3,1CsyzTjErfmoC3PFDMJbGZZqJu6EUYCh2wKkBq,1,m3,m3,1,1,0,1,5.033,5.033,5.559,5.5591,0.0,9.87145766e-09,6.996391753399999e-07,1181324.0,1104892.0,76432.0,0.0647,-0.417,1,946687153,946687147,6,0.967,5,1,1,1,0,0,,0,2,1,0,0
run6-tbt-10s,1,nazionale,10,none,true,100,230,3,1,3,3,1,m3,1CsyzTjErfmoC3PFDMJbGZZqJu6EUYCh2wKkBq,1,m1,m1,1,0,1,2,6.631,6.991,0.36,0.3607,0.36,1.45642446e-07,3.7062902999999985e-08,1181324.0,385152.0,796172.0,0.0647,0.25,1,946687161,946687153,8,1.009,6,2,1,1,0,0,,0,5,2,1,0
run6-tbt-10s,1,nazionale,10,none,true,100,231,3,1,3,3,1,m1,1VLpfZJuzKm3UcPtfYMsf5T37jtkxjR3ZhRF3w,1,m1,m1,1,1,0,1,11.928,11.928,2.203,2.2024,0.0,9.6764842e-07,9.935394800000002e-07,1181324.0,385152.0,796172.0,0.673966,0.583,1,946687174,946687161,13,1.072,11,2,1,1,0,0,,0,6,1,0,0
run6-tbt-10s,1,nazionale,10,none,true,100,232,3,1,3,3,1,m1,1VLpfZJuzKm3UcPtfYMsf5T37jtkxjR3ZhRF3w,1,m1,m1,1,1,0,1,8.184,8.184,6.196,6.196,0.0,3.22409573e-07,2.008937607e-06,1181324.0,385152.0,796172.0,0.673966,0.083,1,946687183,946687174,9,0.816,8,1,1,1,0,0,,0,4,2,1,0
run6-tbt-10s,1,nazionale,10,none,true,100,233,3,1,3,3,1,m2,1AagzGnptAGnvYUunCiqyFBo5P7Zyq7h7kcijs,1,m2,m2,1,1,0,1,5.945,5.945,3.014,3.0141,0.0,7.16684869e-08,3.365428291e-07,1181324.0,872604.0,308720.0,0.261334,0.667,1,946687191,946687183,8,2.055,5,3,1,1,0,0,,0,4,1,0,0
run6-tbt-10s,1,nazionale,10,none,true,100,234,3,1,3,3,1,m2,1AagzGnptAGnvYUunCiqyFBo5P7Zyq7h7kcijs,1,m2,m2,1,1,0,1,9.213,9.213,5.072,5.0717,0.0,4.3661526e-07,1.6030185099999997e-06,1181324.0,872604.0,308720.0,0.261334,0.917,1,946687201,946687191,10,0.787,9,1,1,1,0,0,,0,4,2,1,0
run6-tbt-10s,1,nazionale,10,none,true,100,235,3,1,3,3,1,m1,1VLpfZJuzKm3UcPtfYMsf5T37jtkxjR3ZhRF3w,1,m1,m1,1,1,0,1,6.549,6.549,8.461,8.461,0.0,1.17746403e-07,3.038129437e-06,1181324.0,385152.0,796172.0,0.673966,1.25,1,946687208,946687201,7,0.451,6,1,1,1,0,0,,0,4,1,0,0
run6-tbt-10s,1,nazionale,10,none,true,100,236,3,1,3,3,1,m3,1CsyzTjErfmoC3PFDMJbGZZqJu6EUYCh2wKkBq,1,m3,m3,1,1,0,1,6.912,6.912,6.064,6.0634,0.0,1.48846327e-07,1.086400533e-06,1181324.0,1104892.0,76432.0,0.0647,1.5,1,946687217,946687208,9,2.088,6,3,1,1,0,0,,0,4,1,0,0
run6-tbt-10s,1,nazionale,10,none,true,100,237,3,1,3,3,1,m2,1AagzGnptAGnvYUunCiqyFBo5P7Zyq7h7kcijs,1,m2,m2,1,1,0,1,9.335,9.335,4.333,4.3323,0.0,4.44536594e-07,1.1160962259999999e-06,1181324.0,872604.0,308720.0,0.261334,1.25,1,946687228,946687217,11,1.665,9,2,1,1,0,0,,0,4,1,0,0
run6-tbt-10s,1,nazionale,10,none,true,100,238,3,1,3,3,1,m1,1VLpfZJuzKm3UcPtfYMsf5T37jtkxjR3ZhRF3w,1,m1,m1,1,1,0,1,6.467,6.467,2.789,2.789,0.0,1.16292966e-07,3.26425083e-07,1181324.0,385152.0,796172.0,0.673966,0.917,1,946687236,946687228,8,1.533,6,2,1,1,0,0,,0,3,1,0,0
run6-tbt-10s,1,nazionale,10,none,true,100,239,3,1,3,3,1,m2,1AagzGnptAGnvYUunCiqyFBo5P7Zyq7h7kcijs,1,m2,m2,1,1,0,1,9.391,9.391,4.124,4.1244,0.0,4.62184554e-07,1.0537276760000002e-06,1181324.0,872604.0,308720.0,0.261334,0.917,1,946687247,946687236,11,1.609,9,2,1,1,0,0,,0,7,1,0,0
run6-tbt-10s,1,nazionale,10,none,true,100,240,3,1,3,3,1,m2,1AagzGnptAGnvYUunCiqyFBo5P7Zyq7h7kcijs,1,m1,m1,1,0,1,2,9.066,9.656,0.59,0.5899,0.59,4.13770616e-07,8.560041299999999e-08,1181324.0,385152.0,796172.0,0.261334,1.0,1,946687257,946687247,10,0.344,9,1,1,1,0,0,,0,4,2,1,0
run6-tbt-10s,1,nazionale,10,none,true,100,241,3,1,3,3,1,m3,1CsyzTjErfmoC3PFDMJbGZZqJu6EUYCh2wKkBq,1,m3,m3,1,1,0,1,8.784,8.784,0.993,0.9935,0.0,3.80036908e-07,1.4321724999999996e-07,1181324.0,1104892.0,76432.0,0.0647,0.833,1,946687267,946687257,10,1.216,8,2,1,1,0,0,,0,5,1,0,0
run6-tbt-10s,1,nazionale,10,none,true,100,242,3,1,3,3,1,m2,1AagzGnptAGnvYUunCiqyFBo5P7Zyq7h7kcijs,1,m2,m2,1,1,0,1,10.175,10.175,3.213,3.2134,0.0,5.99466132e-07,8.945164980000001e-07,1181324.0,872604.0,308720.0,0.261334,0.5,1,946687278,946687267,11,0.825,10,1,1,1,0,0,,0,5,1,0,0
run6-tbt-10s,1,nazionale,10,none,true,100,243,3,1,3,3,1,m1,1VLpfZJuzKm3UcPtfYMsf5T37jtkxjR3ZhRF3w,1,m1,m1,1,1,0,1,7.008,7.008,7.786,7.7854,0.0,1.84511788e-07,2.917775322e-06,1181324.0,385152.0,796172.0,0.673966,0.25,1,946687286,946687278,8,0.992,7,1,1,1,0,0,,0,4,1,0,0
run6-tbt-10s,1,nazionale,10,none,true,100,244,3,1,3,3,1,m1,1VLpfZJuzKm3UcPtfYMsf5T37jtkxjR3ZhRF3w,1,m1,m1,1,1,0,1,11.814,11.814,1.762,1.7621,0.0,9.33580171e-07,6.407414289999999e-07,1181324.0,385152.0,796172.0,0.673966,0.667,1,946687299,946687286,13,1.186,11,2,1,1,0,0,,0,4,2,1,0
run6-tbt-10s,1,nazionale,10,none,true,100,245,3,1,3,3,1,m1,1VLpfZJuzKm3UcPtfYMsf5T37jtkxjR3ZhRF3w,1,m1,m1,1,1,0,1,14.06,14.06,1.007,1.0064,0.0,1.9436488e-06,7.91815347e-06,1181324.0,385152.0,796172.0,0.673966,0.333,1,946687313,946687299,14,-0.06,14,0,1,1,0,0,,0,7,3,1,0
run6-tbt-10s,1,nazionale,10,none,true,100,246,3,1,3,3,1,m2,1AagzGnptAGnvYUunCiqyFBo5P7Zyq7h7kcijs,1,m2,m2,1,1,0,1,5.996,5.996,4.132,4.1316,0.0,9.19521186e-08,5.224996924e-07,1181324.0,872604.0,308720.0,0.261334,-0.167,1,946687321,946687313,8,2.004,5,3,1,1,0,0,,0,5,1,0,0
run6-tbt-10s,1,nazionale,10,none,true,100,247,3,1,3,3,1,m1,1VLpfZJuzKm3UcPtfYMsf5T37jtkxjR3ZhRF3w,1,m1,m1,1,1,0,1,11.362,11.362,3.615,3.6141,0.0,8.56047906e-07,4.269398644e-06,1181324.0,385152.0,796172.0,0.673966,0.0,1,946687334,946687321,13,1.638,11,2,1,1,0,0,,0,5,1,0,0
run6-tbt-10s,1,nazionale,10,none,true,100,248,3,1,3,3,1,m1,1VLpfZJuzKm3UcPtfYMsf5T37jtkxjR3ZhRF3w,1,m1,m1,1,1,0,1,7.341,7.341,2.352,2.3517,0.0,2.36872378e-07,3.1546744500000005e-07,1181324.0,385152.0,796172.0,0.673966,-0.5,1,946687342,946687334,8,0.659,7,1,1,1,0,0,,0,5,2,1,0
run6-tbt-10s,1,nazionale,10,none,true,100,249,3,1,3,3,1,m1,1VLpfZJuzKm3UcPtfYMsf5T37jtkxjR3ZhRF3w,1,m1,m1,1,1,0,1,14.535,14.535,0.376,0.3761,0.0,2.76434691e-06,3.5814405199999997e-06,1181324.0,385152.0,796172.0,0.673966,-0.417,1,946687357,946687342,15,0.465,14,1,1,1,0,0,,0,5,3,1,0
run6-tbt-10s,1,nazionale,10,none,true,100,250,3,1,3,3,1,m1,1VLpfZJuzKm3UcPtfYMsf5T37jtkxjR3ZhRF3w,1,m1,m1,1,1,0,1,6.29,6.29,1.591,1.5919,0.0,1.31569746e-07,1.74168717e-07,1181324.0,385152.0,796172.0,0.673966,-0.75,1,946687364,946687357,7,0.71,6,1,1,1,0,0,,0,3,4,1,0
run6-tbt-10s,1,nazionale,10,none,true,100,251,3,1,3,3,1,m1,1VLpfZJuzKm3UcPtfYMsf5T37jtkxjR3ZhRF3w,1,m2,m2,1,0,1,2,9.066,9.311,0.245,0.2448,0.245,4.61072132e-07,3.650201700000005e-08,1181324.0,872604.0,308720.0,0.673966,-0.667,1,946687373,946687364,9,-0.311,9,0,1,1,0,0,,0,6,5,1,0
run6-tbt-10s,1,nazionale,10,none,true,100,252,3,1,3,3,1,m3,1CsyzTjErfmoC3PFDMJbGZZqJu6EUYCh2wKkBq,1,m3,m3,1,1,0,1,6.367,6.367,0.145,0.1455,0.0,1.34268856e-07,1.4568132000000004e-08,1181324.0,1104892.0,76432.0,0.0647,-0.5,1,946687381,946687373,8,1.633,6,2,1,1,1,1,00960ea0519ebf66bf33c8c90de893127dd66c4eac8d26cbfc5b9b9fca4964f6,0,4,1,0,0
run6-tbt-10s,1,nazionale,10,none,true,100,253,3,1,3,3,1,m1,1VLpfZJuzKm3UcPtfYMsf5T37jtkxjR3ZhRF3w,1,m1,m1,1,1,0,1,10.244,10.244,1.266,1.2661,0.0,6.4110053e-07,2.6640336600000004e-07,1181324.0,385152.0,796172.0,0.673966,-0.333,1,946687393,946687381,12,1.756,10,2,1,1,1,1,00d49c16f6dd2503862aa6924685f22bf0aef5a117d3bac4f84ab1266b735185,0,4,1,0,0
run6-tbt-10s,1,nazionale,10,none,true,100,254,3,1,3,3,1,m3,1CsyzTjErfmoC3PFDMJbGZZqJu6EUYCh2wKkBq,1,m3,m3,1,1,0,1,6.138,6.138,5.748,5.7475,0.0,1.11921533e-07,9.033172069999999e-07,1181324.0,1104892.0,76432.0,0.0647,-0.5,1,946687401,946687393,8,1.862,6,2,1,1,0,0,,0,5,1,0,0
run6-tbt-10s,1,nazionale,10,none,true,100,255,3,1,3,3,1,m3,1CsyzTjErfmoC3PFDMJbGZZqJu6EUYCh2wKkBq,1,m1,m1,1,0,1,3,14.369,14.95,0.543,0.5431,0.581,2.408919e-06,2.3131775100000005e-06,1181324.0,385152.0,796172.0,0.0647,-0.25,1,946687416,946687401,15,0.05,14,1,1,1,0,0,,0,6,2,1,0
run6-tbt-10s,1,nazionale,10,none,true,100,256,3,1,3,3,1,m2,1AagzGnptAGnvYUunCiqyFBo5P7Zyq7h7kcijs,1,m2,m2,1,1,0,1,9.707,9.707,4.786,4.7853,0.0,5.65673424e-07,2.294746706e-06,1181324.0,872604.0,308720.0,0.261334,-0.833,1,946687427,946687416,11,1.293,9,2,1,1,0,0,,0,4,1,0,0
run6-tbt-10s,1,nazionale,10,none,true,100,257,3,1,3,3,1,m3,1CsyzTjErfmoC3PFDMJbGZZqJu6EUYCh2wKkBq,1,m3,m3,1,1,0,1,11.784,11.784,2.812,2.8116,0.0,9.96164046e-07,2.057849264e-06,1181324.0,1104892.0,76432.0,0.0647,-0.667,1,946687440,946687427,13,1.216,11,2,1,1,0,0,,0,7,1,0,0
run6-tbt-10s,1,nazionale,10,none,true,100,258,3,1,3,3,1,m1,1VLpfZJuzKm3UcPtfYMsf5T37jtkxjR3ZhRF3w,1,m1,m1,1,1,0,1,5.191,5.191,9.115,9.115,0.0,2.64439341e-08,2.3876512459e-06,1181324.0,385152.0,796172.0,0.673966,-0.583,1,946687447,946687440,7,1.809,5,2,1,1,0,0,,0,4,1,0,0
run6-tbt-10s,1,nazionale,10,none,true,100,259,3,1,3,3,1,m1,1VLpfZJuzKm3UcPtfYMsf5T37jtkxjR3ZhRF3w,1,m1,m1,1,1,0,1,5.843,5.843,8.786,8.7861,0.0,8.38079162e-08,2.9695894538e-06,1181324.0,385152.0,796172.0,0.673966,-0.5,1,946687454,946687447,7,1.157,5,2,1,1,0,0,,0,2,2,1,0
run6-tbt-10s,1,nazionale,10,none,true,100,260,3,1,3,3,1,m2,1AagzGnptAGnvYUunCiqyFBo5P7Zyq7h7kcijs,1,m2,m2,1,1,0,1,5.803,5.803,4.232,4.2318,0.0,7.08858561e-08,5.218399409e-07,1181324.0,872604.0,308720.0,0.261334,0.0,1,946687461,946687454,7,1.197,5,2,1,1,0,0,,0,5,1,0,0
run6-tbt-10s,1,nazionale,10,none,true,100,261,3,1,3,3,1,m2,1AagzGnptAGnvYUunCiqyFBo5P7Zyq7h7kcijs,1,m2,m2,1,1,0,1,13.982,13.982,0.993,0.9929,0.0,1.92012802e-06,2.7133059999999997e-06,1181324.0,872604.0,308720.0,0.261334,0.083,1,946687476,946687461,15,1.018,13,2,1,1,0,0,,0,4,2,1,0
run6-tbt-10s,1,nazionale,10,none,true,100,262,3,1,3,3,1,m1,1VLpfZJuzKm3UcPtfYMsf5T37jtkxjR3ZhRF3w,1,m1,m1,1,1,0,1,11.408,11.408,1.074,1.0745,0.0,8.62686937e-07,2.991617530000001e-07,1181324.0,385152.0,796172.0,0.673966,0.083,1,946687489,946687476,13,1.592,11,2,1,1,1,1,0071b23ba1e44042885ec37fbf17bf66dbcaae760dbb294630d6d389b65843bd,0,6,1,0,0
run6-tbt-10s,1,nazionale,10,none,true,100,263,3,1,3,3,1,m1,1VLpfZJuzKm3UcPtfYMsf5T37jtkxjR3ZhRF3w,1,m1,m1,1,1,0,1,11.048,11.048,2.774,2.7741,0.0,8.039176e-07,1.06878064e-06,1181324.0,385152.0,796172.0,0.673966,-0.417,1,946687501,946687489,12,0.952,11,1,1,1,0,0,,0,7,2,1,0
run6-tbt-10s,1,nazionale,10,none,true,100,264,3,1,3,3,1,m2,1AagzGnptAGnvYUunCiqyFBo5P7Zyq7h7kcijs,1,m2,m2,1,1,0,1,7.194,7.194,7.088,7.088,0.0,2.24228266e-07,2.1789009639999997e-06,1181324.0,872604.0,308720.0,0.261334,-0.667,1,946687510,946687501,9,1.806,7,2,1,1,0,0,,0,4,1,0,0
run6-tbt-10s,1,nazionale,10,none,true,100,265,3,1,3,3,1,m1,1VLpfZJuzKm3UcPtfYMsf5T37jtkxjR3ZhRF3w,1,m1,m1,1,1,0,1,7.838,7.838,7.01,7.0101,0.0,3.00436314e-07,6.841428686e-06,1181324.0,385152.0,796172.0,0.673966,-0.75,1,946687520,946687510,10,2.162,7,3,1,1,0,0,,0,4,1,0,0
run6-tbt-10s,1,nazionale,10,none,true,100,266,3,1,3,3,1,m2,1AagzGnptAGnvYUunCiqyFBo5P7Zyq7h7kcijs,1,m2,m2,1,1,0,1,13.209,13.209,1.64,1.6402,0.0,1.51284739e-06,3.29575464e-06,1181324.0,872604.0,308720.0,0.261334,-0.583,1,946687535,946687520,15,1.791,13,2,1,1,1,1,00a5d9d7067d96cb1d458b99dd8c55a1ef927c060ca8a6b9a11b1205a9977c80,0,6,1,0,0
run6-tbt-10s,1,nazionale,10,none,true,100,267,3,1,3,3,1,m2,1AagzGnptAGnvYUunCiqyFBo5P7Zyq7h7kcijs,1,m1,m1,1,0,1,2,14.487,14.764,0.277,0.2768,0.277,3.02874595e-06,4.00202914e-06,1181324.0,385152.0,796172.0,0.261334,-1.167,1,946687551,946687535,16,1.236,14,2,1,1,1,1,00bfd7a0b20ff1e091c5c3f0a30ac26fa78d374999dca6944bda98d8b86ee696,0,7,2,1,0
run6-tbt-10s,1,nazionale,10,none,true,100,268,3,1,3,3,1,m2,1AagzGnptAGnvYUunCiqyFBo5P7Zyq7h7kcijs,1,m2,m2,1,1,0,1,6.341,6.341,2.159,2.1596,0.0,1.4665525e-07,2.51245902e-07,1181324.0,872604.0,308720.0,0.261334,-1.25,1,946687557,946687551,6,-0.341,6,0,1,1,0,0,,0,4,3,1,0
run6-tbt-10s,1,nazionale,10,none,true,100,269,3,1,3,3,1,m2,1AagzGnptAGnvYUunCiqyFBo5P7Zyq7h7kcijs,1,m2,m2,1,1,0,1,13.702,13.702,1.055,1.0543,0.0,1.84487277e-06,2.27692289e-06,1181324.0,872604.0,308720.0,0.261334,-0.833,1,946687572,946687557,15,1.298,13,2,1,1,0,0,,0,5,4,1,0
run6-tbt-10s,1,nazionale,10,none,true,100,270,3,1,3,3,1,m2,1AagzGnptAGnvYUunCiqyFBo5P7Zyq7h7kcijs,1,m1,m1,1,0,1,2,14.694,14.8,0.106,0.1062,0.106,3.84657197e-06,5.7661701900000004e-06,1181324.0,385152.0,796172.0,0.261334,-1.0,1,946687587,946687572,15,0.2,14,1,1,1,0,0,,0,6,5,1,0
run6-tbt-10s,1,nazionale,10,none,true,100,271,3,1,3,3,1,m1,1VLpfZJuzKm3UcPtfYMsf5T37jtkxjR3ZhRF3w,1,m1,m1,1,1,0,1,6.793,6.793,7.786,7.7859,0.0,2.02360802e-07,3.8063377580000003e-06,1181324.0,385152.0,796172.0,0.673966,-1.667,1,946687596,946687587,9,2.207,6,3,1,1,0,0,,0,5,1,0,0
run6-tbt-10s,1,nazionale,10,none,true,100,272,3,1,3,3,1,m1,1VLpfZJuzKm3UcPtfYMsf5T37jtkxjR3ZhRF3w,1,m1,m1,1,1,0,1,7.435,7.435,7.157,7.1572,0.0,2.78263873e-07,4.370413667e-06,1181324.0,385152.0,796172.0,0.673966,-1.833,1,946687603,946687596,7,-0.435,7,0,1,1,0,0,,0,4,2,1,0
run6-tbt-10s,1,nazionale,10,none,true,100,273,3,1,3,3,1,m1,1VLpfZJuzKm3UcPtfYMsf5T37jtkxjR3ZhRF3w,1,m1,m1,1,1,0,1,14.209,14.209,0.422,0.4221,0.0,2.67514372e-06,4.47979326e-06,1181324.0,385152.0,796172.0,0.673966,-1.833,1,946687618,946687603,15,0.791,14,1,1,1,0,0,,0,6,3,1,0
run6-tbt-10s,1,nazionale,10,none,true,100,274,3,1,3,3,1,m1,1VLpfZJuzKm3UcPtfYMsf5T37jtkxjR3ZhRF3w,1,m1,m1,1,1,0,1,14.161,14.161,0.445,0.4456,0.0,2.58374947e-06,2.4261927000000004e-06,1181324.0,385152.0,796172.0,0.673966,-1.833,1,946687632,946687618,14,-0.161,14,0,1,1,0,0,,0,6,4,1,0
run6-tbt-10s,1,nazionale,10,none,true,100,275,3,1,3,3,1,m1,1VLpfZJuzKm3UcPtfYMsf5T37jtkxjR3ZhRF3w,1,m1,m1,1,1,0,1,10.784,10.784,3.807,3.807,0.0,8.11803917e-07,4.237416283e-06,1181324.0,385152.0,796172.0,0.673966,-1.917,1,946687643,946687632,11,0.216,10,1,1,1,0,0,,0,6,5,1,0
run6-tbt-10s,1,nazionale,10,none,true,100,276,3,1,3,3,1,m1,1VLpfZJuzKm3UcPtfYMsf5T37jtkxjR3ZhRF3w,1,m1,m1,1,1,0,1,5.472,5.472,7.028,7.028,0.0,7.41164175e-08,1.2335011025e-06,1181324.0,385152.0,796172.0,0.673966,-1.833,1,946687649,946687643,6,0.528,5,1,1,1,0,0,,0,3,6,1,0
run6-tbt-10s,1,nazionale,10,none,true,100,277,3,1,3,3,1,m1,1VLpfZJuzKm3UcPtfYMsf5T37jtkxjR3ZhRF3w,1,m1,m1,1,1,0,1,9.041,9.041,0.84,0.84,0.0,4.84447557e-07,1.3645980299999997e-07,1181324.0,385152.0,796172.0,0.673966,-1.583,1,946687658,946687649,9,-0.041,9,0,1,1,0,0,,0,3,7,1,0
run6-tbt-10s,1,nazionale,10,none,true,100,278,3,1,3,3,1,m1,1VLpfZJuzKm3UcPtfYMsf5T37jtkxjR3ZhRF3w,1,m1,m1,1,1,0,1,11.123,11.123,1.786,1.7861,0.0,8.70143663e-07,5.854949869999999e-07,1181324.0,385152.0,796172.0,0.673966,-1.5,1,946687671,946687658,13,1.877,11,2,1,1,0,0,,0,7,8,1,0
run6-tbt-10s,1,nazionale,10,none,true,100,279,3,1,3,3,1,m1,1VLpfZJuzKm3UcPtfYMsf5T37jtkxjR3ZhRF3w,1,m2,m2,1,0,1,2,14.578,14.694,0.116,0.1165,0.116,3.52386104e-06,1.17030102e-06,1181324.0,872604.0,308720.0,0.673966,-1.333,1,946687686,946687671,15,0.306,14,1,1,1,0,0,,0,7,9,1,0
run6-tbt-10s,1,nazionale,10,none,true,100,280,3,1,3,3,1,m1,1VLpfZJuzKm3UcPtfYMsf5T37jtkxjR3ZhRF3w,1,m1,m1,1,1,0,1,5.032,5.032,5.902,5.9016,0.0,2.4246912e-08,7.912555179999999e-07,1181324.0,385152.0,796172.0,0.673966,-1.25,1,946687692,946687686,6,0.968,5,1,1,1,0,0,,0,2,10,1,0
run6-tbt-10s,1,nazionale,10,none,true,100,281,3,1,3,3,1,m1,1VLpfZJuzKm3UcPtfYMsf5T37jtkxjR3ZhRF3w,1,m1,m1,1,1,0,1,8.152,8.152,6.596,6.5961,0.0,3.52025284e-07,6.988269666e-06,1181324.0,385152.0,796172.0,0.673966,-1.25,1,946687700,946687692,8,-0.152,8,0,1,1,0,0,,0,4,11,1,0
run6-tbt-10s,1,nazionale,10,none,true,100,282,3,1,3,3,1,m1,1VLpfZJuzKm3UcPtfYMsf5T37jtkxjR3ZhRF3w,1,m1,m1,1,1,0,1,5.474,5.474,8.435,8.4347,0.0,5.30622152e-08,1.9326542448e-06,1181324.0,385152.0,796172.0,0.673966,-0.667,1,946687706,946687700,6,0.526,5,1,1,1,0,0,,0,4,12,1,0
run6-tbt-10s,1,nazionale,10,none,true,100,283,3,1,3,3,1,m1,1VLpfZJuzKm3UcPtfYMsf5T37jtkxjR3ZhRF3w,1,m1,m1,1,1,0,1,13.544,13.544,0.243,0.2435,0.0,1.62141309e-06,1.5297196999999981e-07,1181324.0,385152.0,796172.0,0.673966,0.083,1,946687720,946687706,14,0.456,13,1,1,1,0,0,,0,6,13,1,0
run6-tbt-10s,1,nazionale,10,none,true,100,284,3,1,3,3,1,m1,1VLpfZJuzKm3UcPtfYMsf5T37jtkxjR3ZhRF3w,1,m1,m1,1,1,0,1,10.719,10.719,1.825,1.8247,0.0,7.31440539e-07,4.80256651e-07,1181324.0,385152.0,796172.0,0.673966,-0.333,1,946687731,946687720,11,0.281,10,1,1,1,0,0,,0,4,14,1,0
run6-tbt-10s,1,nazionale,10,none,true,100,285,3,1,3,3,1,m1,1VLpfZJuzKm3UcPtfYMsf5T37jtkxjR3ZhRF3w,1,m1,m1,1,1,0,1,9.239,9.239,5.627,5.6273,0.0,4.86653456e-07,8.297582534e-06,1181324.0,385152.0,796172.0,0.673966,-0.667,1,946687741,946687731,10,0.761,9,1,1,1,0,0,,0,7,15,1,0
run6-tbt-10s,1,nazionale,10,none,true,100,286,3,1,3,3,1,m1,1VLpfZJuzKm3UcPtfYMsf5T37jtkxjR3ZhRF3w,1,m1,m1,1,1,0,1,5.77,5.77,8.666,8.6659,0.0,7.24032103e-08,2.4396341797e-06,1181324.0,385152.0,796172.0,0.673966,-0.25,1,946687748,946687741,7,1.23,5,2,1,1,0,0,,0,2,16,1,0
run6-tbt-10s,1,nazionale,10,none,true,100,287,3,1,3,3,1,m3,1CsyzTjErfmoC3PFDMJbGZZqJu6EUYCh2wKkBq,1,m3,m3,1,1,0,1,7.688,7.688,4.254,4.2541,0.0,2.57297799e-07,7.27351459e-07,1181324.0,1104892.0,76432.0,0.0647,0.333,1,946687756,946687748,8,0.312,7,1,1,1,0,0,,0,3,1,0,0
run6-tbt-10s,1,nazionale,10,none,true,100,288,3,1,3,3,1,m2,1AagzGnptAGnvYUunCiqyFBo5P7Zyq7h7kcijs,1,m2,m2,1,1,0,1,10.695,10.695,4.285,4.2844,0.0,6.9085962e-07,2.94076508e-06,1181324.0,872604.0,308720.0,0.261334,0.583,1,946687767,946687756,11,0.305,10,1,1,1,0,0,,0,7,1,0,0
run6-tbt-10s,1,nazionale,10,none,true,100,289,3,1,3,3,1,m2,1AagzGnptAGnvYUunCiqyFBo5P7Zyq7h7kcijs,1,m2,m2,1,1,0,1,7.843,7.843,6.151,6.1509,0.0,2.79236717e-07,1.637276603e-06,1181324.0,872604.0,308720.0,0.261334,0.167,1,946687776,946687767,9,1.157,7,2,1,1,0,0,,0,3,2,1,0
run6-tbt-10s,1,nazionale,10,none,true,100,290,3,1,3,3,1,m1,1VLpfZJuzKm3UcPtfYMsf5T37jtkxjR3ZhRF3w,1,m1,m1,1,1,0,1,13.78,13.78,0.584,0.584,0.0,1.75793269e-06,5.3104801e-07,1181324.0,385152.0,796172.0,0.673966,0.167,1,946687792,946687776,16,2.22,13,3,1,1,1,1,00ed233f74ae83cceca2cf8e14871a861c393b5ef1b191a111d2dba20abef040,0,7,1,0,0
run6-tbt-10s,1,nazionale,10,none,true,100,291,3,1,3,3,1,m1,1VLpfZJuzKm3UcPtfYMsf5T37jtkxjR3ZhRF3w,1,m1,m1,1,1,0,1,6.957,6.957,3.329,3.3292,0.0,1.86110635e-07,4.5353877199999996e-07,1181324.0,385152.0,796172.0,0.673966,-0.083,1,946687799,946687792,7,0.043,6,1,1,1,0,0,,0,4,2,1,0
run6-tbt-10s,1,nazionale,10,none,true,100,292,3,1,3,3,1,m1,1VLpfZJuzKm3UcPtfYMsf5T37jtkxjR3ZhRF3w,1,m1,m1,1,1,0,1,10.735,10.735,2.342,2.3424,0.0,6.98439979e-07,6.473809809999999e-07,1181324.0,385152.0,796172.0,0.673966,0.583,1,946687810,946687799,11,0.265,10,1,1,1,0,0,,0,4,3,1,0
run6-tbt-10s,1,nazionale,10,none,true,100,293,3,1,3,3,1,m1,1VLpfZJuzKm3UcPtfYMsf5T37jtkxjR3ZhRF3w,1,m1,m1,1,1,0,1,6.399,6.399,7.939,7.9393,0.0,1.24303964e-07,2.132876826e-06,1181324.0,385152.0,796172.0,0.673966,0.167,1,946687817,946687810,7,0.601,6,1,1,1,0,0,,0,5,4,1,0
run6-tbt-10s,1,nazionale,10,none,true,100,294,3,1,3,3,1,m1,1VLpfZJuzKm3UcPtfYMsf5T37jtkxjR3ZhRF3w,1,m2,m2,1,0,1,2,14.473,14.539,0.066,0.0663,0.066,2.41432273e-06,1.0334372000000012e-07,1181324.0,872604.0,308720.0,0.673966,0.25,1,946687832,946687817,15,0.461,14,1,1,1,0,0,,0,6,5,1,0
run6-tbt-10s,1,nazionale,10,none,true,100,295,3,1,3,3,1,m2,1AagzGnptAGnvYUunCiqyFBo5P7Zyq7h7kcijs,1,m2,m2,1,1,0,1,12.512,12.512,2.289,2.2889,0.0,1.21220081e-06,2.6914400499999996e-06,1181324.0,872604.0,308720.0,0.261334,-0.5,1,946687847,946687832,15,2.488,12,3,1,1,0,0,,0,7,1,0,0
run6-tbt-10s,1,nazionale,10,none,true,100,296,3,1,3,3,1,m1,1VLpfZJuzKm3UcPtfYMsf5T37jtkxjR3ZhRF3w,1,m1,m1,1,1,0,1,9.819,9.819,4.929,4.9295,0.0,5.75868757e-07,3.067291073e-06,1181324.0,385152.0,796172.0,0.673966,-0.583,1,946687858,946687847,11,1.181,9,2,1,1,0,0,,0,3,1,0,0
run6-tbt-10s,1,nazionale,10,none,true,100,297,3,1,3,3,1,m1,1VLpfZJuzKm3UcPtfYMsf5T37jtkxjR3ZhRF3w,1,m1,m1,1,1,0,1,13.159,13.159,1.649,1.6488,0.0,1.48785714e-06,2.6459897200000006e-06,1181324.0,385152.0,796172.0,0.673966,-0.583,1,946687871,946687858,13,-0.159,13,0,1,1,0,0,,0,7,2,1,0
run6-tbt-10s,1,nazionale,10,none,true,100,298,3,1,3,3,1,m3,1CsyzTjErfmoC3PFDMJbGZZqJu6EUYCh2wKkBq,1,m3,m3,1,1,0,1,5.386,5.386,7.191,7.1909,0.0,4.81222969e-08,1.2121468131e-06,1181324.0,1104892.0,76432.0,0.0647,-0.833,1,946687877,946687871,6,0.614,5,1,1,1,0,0,,0,4,1,0,0
run6-tbt-10s,1,nazionale,10,none,true,100,299,3,1,3,3,1,m1,1VLpfZJuzKm3UcPtfYMsf5T37jtkxjR3ZhRF3w,1,m1,m1,1,1,0,1,9.702,9.702,4.932,4.9324,0.0,5.61986906e-07,2.683940454e-06,1181324.0,385152.0,796172.0,0.673966,-0.75,1,946687889,946687877,12,2.298,9,3,1,1,0,0,,0,3,1,0,0
run6-tbt-10s,1,nazionale,10,none,true,100,300,4,1,3,3,1,m2,1AagzGnptAGnvYUunCiqyFBo5P7Zyq7h7kcijs,1,m2,m2,1,1,0,1,10.569,10.569,1.636,1.6356,0.0,7.31512484e-07,4.1583553599999995e-07,1181324.0,872604.0,308720.0,0.261334,-1.083,1,946687901,946687889,12,1.431,10,2,1,1,0,0,,0,6,1,0,0
run6-tbt-10s,1,nazionale,10,none,true,100,301,4,1,3,3,1,m1,1VLpfZJuzKm3UcPtfYMsf5T37jtkxjR3ZhRF3w,1,m1,m1,1,1,0,1,10.003,10.003,4.745,4.7448,0.0,6.27828807e-07,4.705451173e-06,1181324.0,385152.0,796172.0,0.673966,-1.167,1,946687913,946687901,12,1.997,10,2,1,1,0,0,,0,9,1,0,0
run6-tbt-10s,1,nazionale,10,none,true,100,302,4,1,3,3,1,m2,1AagzGnptAGnvYUunCiqyFBo5P7Zyq7h7kcijs,1,m2,m2,1,1,0,1,8.073,8.073,2.223,2.2228,0.0,3.4615792e-07,3.4481624900000004e-07,1181324.0,872604.0,308720.0,0.261334,-1.417,1,946687923,946687913,10,1.927,8,2,1,1,0,0,,0,4,1,0,0
run6-tbt-10s,1,nazionale,10,none,true,100,303,4,1,3,3,1,m1,1VLpfZJuzKm3UcPtfYMsf5T37jtkxjR3ZhRF3w,1,m1,m1,1,1,0,1,10.312,10.312,4.258,4.2584,0.0,6.74982407e-07,2.4590691529999997e-06,1181324.0,385152.0,796172.0,0.673966,-0.917,1,946687935,946687923,12,1.688,10,2,1,1,0,0,,0,6,1,0,0
run6-tbt-10s,1,nazionale,10,none,true,100,304,4,1,3,3,1,m2,1AagzGnptAGnvYUunCiqyFBo5P7Zyq7h7kcijs,1,m2,m2,1,1,0,1,7.992,7.992,1.426,1.4269,0.0,3.33745386e-07,2.0130397599999995e-07,1181324.0,872604.0,308720.0,0.261334,-1.333,1,946687945,946687935,10,2.008,7,3,1,1,1,1,006e24887c864fdfbb14f4c8f20079ac74591a53b3be814f8b2f5c1f675adff9,0,6,1,0,0
run6-tbt-10s,1,nazionale,10,none,true,100,305,4,1,3,3,1,m2,1AagzGnptAGnvYUunCiqyFBo5P7Zyq7h7kcijs,1,m2,m2,1,1,0,1,13.114,13.114,0.827,0.8276,0.0,1.53231447e-06,5.9653568e-07,1181324.0,872604.0,308720.0,0.261334,-1.25,1,946687958,946687945,13,-0.114,13,0,1,1,0,0,,0,5,2,1,0
run6-tbt-10s,1,nazionale,10,none,true,100,306,4,1,3,3,1,m3,1CsyzTjErfmoC3PFDMJbGZZqJu6EUYCh2wKkBq,1,m3,m3,1,1,0,1,4.765,4.765,1.437,1.4364,0.0,9.83313338e-09,1.3292441162e-07,1181324.0,1104892.0,76432.0,0.0647,-1.75,1,946687964,946687958,6,1.235,4,2,1,1,0,0,,0,5,1,0,0
run6-tbt-10s,1,nazionale,10,none,true,100,307,4,1,3,3,1,m2,1AagzGnptAGnvYUunCiqyFBo5P7Zyq7h7kcijs,1,m2,m2,1,1,0,1,8.333,8.333,3.111,3.111,0.0,3.81701968e-07,5.744124179999999e-07,1142090.0,882200.0,259890.0,0.227556,-1.0,1,946687973,946687964,9,0.667,8,1,1,1,0,0,,0,6,1,0,0
run6-tbt-10s,1,nazionale,10,none,true,100,308,4,1,3,3,1,m3,1CsyzTjErfmoC3PFDMJbGZZqJu6EUYCh2wKkBq,1,m3,m3,1,1,0,1,11.534,11.534,0.94,0.9398,0.0,9.53359965e-07,2.8666646499999995e-07,1142090.0,1065658.0,76432.0,0.066923,-0.5,1,946687986,946687973,13,1.466,11,2,1,1,1,1,00d3667aee951113176d93f72464f90633530d1259df90f9eb6f17330f487ed1,0,4,1,0,0
run6-tbt-10s,1,nazionale,10,none,true,100,309,4,1,3,3,1,m1,1VLpfZJuzKm3UcPtfYMsf5T37jtkxjR3ZhRF3w,1,m1,m1,1,1,0,1,11.804,11.804,2.142,2.1421,0.0,1.03617017e-06,1.0526934300000002e-06,1142090.0,336322.0,805768.0,0.705521,-0.667,1,946687999,946687986,13,1.196,11,2,1,1,0,0,,0,6,1,0,0
run6-tbt-10s,1,nazionale,10,none,true,100,310,4,1,3,3,1,m2,1AagzGnptAGnvYUunCiqyFBo5P7Zyq7h7kcijs,1,m2,m2,1,1,0,1,9.731,9.731,1.658,1.6579,0.0,5.83525228e-07,3.4136270599999995e-07,1142090.0,882200.0,259890.0,0.227556,-0.667,1,946688009,946687999,10,0.269,9,1,1,1,0,0,,0,5,1,0,0
run6-tbt-10s,1,nazionale,10,none,true,100,311,4,1,3,3,1,m1,1VLpfZJuzKm3UcPtfYMsf5T37jtkxjR3ZhRF3w,1,m1,m1,1,1,0,1,12.829,12.829,1.511,1.5117,0.0,1.42177188e-06,1.27456171e-06,1142090.0,336322.0,805768.0,0.705521,-1.0,1,946688024,946688009,15,2.171,12,3,1,1,0,0,,0,7,1,0,0
run6-tbt-10s,1,nazionale,10,none,true,100,312,4,1,3,3,1,m1,1VLpfZJuzKm3UcPtfYMsf5T37jtkxjR3ZhRF3w,1,m1,m1,1,1,0,1,14.349,14.349,0.399,0.3991,0.0,2.81529656e-06,4.50340895e-06,1142090.0,336322.0,805768.0,0.705521,-1.25,1,946688039,946688024,15,0.651,14,1,1,1,0,0,,0,5,2,1,0
run6-tbt-10s,1,nazionale,10,none,true,100,313,4,1,3,3,1,m1,1VLpfZJuzKm3UcPtfYMsf5T37jtkxjR3ZhRF3w,1,m1,m1,1,1,0,1,14.384,14.384,0.219,0.2189,0.0,3.02474882e-06,1.0336961399999995e-06,1142090.0,336322.0,805768.0,0.705521,-1.5,1,946688055,946688039,16,1.616,14,2,1,1,0,0,,0,7,3,1,0
run6-tbt-10s,1,nazionale,10,none,true,100,314,4,1,3,3,1,m1,1VLpfZJuzKm3UcPtfYMsf5T37jtkxjR3ZhRF3w,1,m1,m1,1,1,0,1,12.111,12.111,2.5,2.4993,0.0,1.20616839e-06,4.12803762e-06,1142090.0,336322.0,805768.0,0.705521,-1.833,1,946688068,946688055,13,0.889,12,1,1,1,0,0,,0,5,4,1,0
run6-tbt-10s,1,nazionale,10,none,true,100,315,4,1,3,3,1,m1,1VLpfZJuzKm3UcPtfYMsf5T37jtkxjR3ZhRF3w,1,m1,m1,1,1,0,1,14.008,14.008,0.319,0.319,0.0,2.49970491e-06,7.074006199999999e-07,1142090.0,336322.0,805768.0,0.705521,-2.083,1,946688082,946688068,14,-0.008,14,0,1,1,0,0,,0,7,5,1,0
run6-tbt-10s,1,nazionale,10,none,true,100,316,4,1,3,3,1,m3,1CsyzTjErfmoC3PFDMJbGZZqJu6EUYCh2wKkBq,1,m3,m3,1,1,0,1,12.866,12.866,0.685,0.6848,0.0,1.5598021e-06,4.570305499999999e-07,1142090.0,1065658.0,76432.0,0.066923,-2.25,1,946688096,946688082,14,1.134,12,2,1,1,0,0,,0,6,1,0,0
run6-tbt-10s,1,nazionale,10,none,true,100,317,4,1,3,3,1,m1,1VLpfZJuzKm3UcPtfYMsf5T37jtkxjR3ZhRF3w,1,m1,m1,1,1,0,1,10.229,10.229,4.239,4.2394,0.0,7.48258761e-07,4.935072809e-06,1142090.0,336322.0,805768.0,0.705521,-2.583,1,946688108,946688096,12,1.771,10,2,1,1,0,0,,0,5,1,0,0
run6-tbt-10s,1,nazionale,10,none,true,100,318,4,1,3,3,1,m1,1VLpfZJuzKm3UcPtfYMsf5T37jtkxjR3ZhRF3w,1,m1,m1,1,1,0,1,12.903,12.903,1.139,1.1397,0.0,1.60598703e-06,1.0944819900000002e-06,1142090.0,336322.0,805768.0,0.705521,-2.5,1,946688121,946688108,13,0.097,12,1,1,1,0,0,,0,7,2,1,0
run6-tbt-10s,1,nazionale,10,none,true,100,319,4,1,3,3,1,m1,1VLpfZJuzKm3UcPtfYMsf5T37jtkxjR3ZhRF3w,1,m1,m1,1,1,0,1,8.262,8.262,5.666,5.6651,0.0,4.29804659e-07,2.2742351409999996e-06,1142090.0,336322.0,805768.0,0.705521,-3.083,1,946688130,946688121,9,0.738,8,1,1,1,0,0,,0,3,3,1,0
run6-tbt-10s,1,nazionale,10,none,true,100,320,4,1,3,3,1,m2,1AagzGnptAGnvYUunCiqyFBo5P7Zyq7h7kcijs,1,m2,m2,1,1,0,1,10.73,10.73,1.621,1.6208,0.0,8.81642528e-07,5.13419162e-07,1142090.0,882200.0,259890.0,0.227556,-3.083,1,946688142,946688130,12,1.27,10,2,1,1,0,0,,0,7,1,0,0
run6-tbt-10s,1,nazionale,10,none,true,100,321,4,1,3,3,1,m3,1CsyzTjErfmoC3PFDMJbGZZqJu6EUYCh2wKkBq,1,m3,m3,1,1,0,1,7.47,7.47,5.963,5.9629,0.0,3.21063948e-07,1.7240432619999997e-06,1142090.0,1065658.0,76432.0,0.066923,-3.0,1,946688150,946688142,8,0.53,7,1,1,1,0,0,,0,3,1,0,0
run6-tbt-10s,1,nazionale,10,none,true,100,322,4,1,3,3,1,m1,1VLpfZJuzKm3UcPtfYMsf5T37jtkxjR3ZhRF3w,1,m1,m1,1,1,0,1,10.604,10.604,1.322,1.3212,0.0,8.29205157e-07,3.64624403e-07,1142090.0,336322.0,805768.0,0.705521,-2.583,1,946688161,946688150,11,0.396,10,1,1,1,0,0,,0,4,1,0,0
run6-tbt-10s,1,nazionale,10,none,true,100,323,4,1,3,3,1,m1,1VLpfZJuzKm3UcPtfYMsf5T37jtkxjR3ZhRF3w,1,m2,m2,1,0,1,2,13.955,14.065,0.11,0.1104,0.11,2.60265038e-06,2.1270623999999986e-07,1142090.0,882200.0,259890.0,0.705521,-2.667,1,946688176,946688161,15,0.935,14,1,1,1,0,0,,0,6,2,1,0
run6-tbt-10s,1,nazionale,10,none,true,100,324,4,1,3,3,1,m1,1VLpfZJuzKm3UcPtfYMsf5T37jtkxjR3ZhRF3w,1,m1,m1,1,1,0,1,6.404,6.404,7.881,7.8812,0.0,1.88539703e-07,3.321373507e-06,1142090.0,336322.0,805768.0,0.705521,-2.667,1,946688182,946688176,6,-0.404,6,0,1,1,0,0,,0,5,3,1,0
run6-tbt-10s,1,nazionale,10,none,true,100,325,4,1,3,3,1,m1,1VLpfZJuzKm3UcPtfYMsf5T37jtkxjR3ZhRF3w,1,m1,m1,1,1,0,1,10.49,10.49,3.43,3.4307,0.0,7.74942442e-07,1.558210158e-06,1142090.0,336322.0,805768.0,0.705521,-1.917,1,946688193,946688182,11,0.51,10,1,1,1,0,0,,0,4,4,1,0
run6-tbt-10s,1,nazionale,10,none,true,100,326,4,1,3,3,1,m2,1AagzGnptAGnvYUunCiqyFBo5P7Zyq7h7kcijs,1,m2,m2,1,1,0,1,7.894,7.894,3.793,3.7934,0.0,3.36916888e-07,7.136215620000001e-07,1142090.0,882200.0,259890.0,0.227556,-1.5,1,946688203,946688193,10,2.106,7,3,1,1,0,0,,0,5,1,0,0
run6-tbt-10s,1,nazionale,10,none,true,100,327,4,1,3,3,1,m1,1VLpfZJuzKm3UcPtfYMsf5T37jtkxjR3ZhRF3w,1,m1,m1,1,1,0,1,11.237,11.237,3.513,3.5132,0.0,9.15903203e-07,1.6226568896999997e-05,1142090.0,336322.0,805768.0,0.705521,-1.25,1,946688216,946688203,13,1.763,11,2,1,1,0,0,,0,6,1,0,0
run6-tbt-10s,1,nazionale,10,none,true,100,328,4,1,3,3,1,m1,1VLpfZJuzKm3UcPtfYMsf5T37jtkxjR3ZhRF3w,1,m1,m1,1,1,0,1,11.33,11.33,1.645,1.6446,0.0,9.35180469e-07,5.701388309999999e-07,1142090.0,336322.0,805768.0,0.705521,-1.167,1,946688229,946688216,13,1.67,11,2,1,1,0,0,,0,5,2,1,0
run6-tbt-10s,1,nazionale,10,none,true,100,329,4,1,3,3,1,m1,1VLpfZJuzKm3UcPtfYMsf5T37jtkxjR3ZhRF3w,1,m1,m1,1,1,0,1,7.555,7.555,2.61,2.6096,0.0,2.84228301e-07,3.9218197800000004e-07,1142090.0,336322.0,805768.0,0.705521,-1.083,1,946688236,946688229,7,-0.555,7,0,1,1,0,0,,0,2,3,1,0
run6-tbt-10s,1,nazionale,10,none,true,100,330,4,1,3,3,1,m2,1AagzGnptAGnvYUunCiqyFBo5P7Zyq7h7kcijs,1,m2,m2,1,1,0,1,11.509,11.509,2.035,2.035,0.0,9.55494033e-07,8.15640117e-07,1142090.0,882200.0,259890.0,0.227556,-0.667,1,946688249,946688236,13,1.491,11,2,1,1,0,0,,0,8,1,0,0
run6-tbt-10s,1,nazionale,10,none,true,100,331,4,1,3,3,1,m1,1VLpfZJuzKm3UcPtfYMsf5T37jtkxjR3ZhRF3w,1,m1,m1,1,1,0,1,7.54,7.54,6.342,6.3418,0.0,2.72342677e-07,1.7570325229999998e-06,1142090.0,336322.0,805768.0,0.705521,-0.667,1,946688258,946688249,9,1.46,7,2,1,1,0,0,,0,2,1,0,0
run6-tbt-10s,1,nazionale,10,none,true,100,332,4,1,3,3,1,m2,1AagzGnptAGnvYUunCiqyFBo5P7Zyq7h7kcijs,1,m2,m2,1,1,0,1,5.613,5.613,8.509,8.509,0.0,6.78893989e-08,2.2061015811e-06,1142090.0,882200.0,259890.0,0.227556,-0.667,1,946688266,946688258,8,2.387,5,3,1,1,0,0,,0,6,1,0,0
run6-tbt-10s,1,nazionale,10,none,true,100,333,4,1,3,3,1,m1,1VLpfZJuzKm3UcPtfYMsf5T37jtkxjR3ZhRF3w,1,m1,m1,1,1,0,1,10.568,10.568,3.232,3.2316,0.0,7.25836198e-07,1.180608012e-06,1142090.0,336322.0,805768.0,0.705521,-0.333,1,946688278,946688266,12,1.432,10,2,1,1,0,0,,0,5,1,0,0
run6-tbt-10s,1,nazionale,10,none,true,100,334,4,1,3,3,1,m1,1VLpfZJuzKm3UcPtfYMsf5T37jtkxjR3ZhRF3w,1,m1,m1,1,1,0,1,13.665,13.665,0.126,0.1263,0.0,1.85507879e-06,9.721005000000014e-08,1142090.0,336322.0,805768.0,0.705521,-0.667,1,946688292,946688278,14,0.335,13,1,1,1,0,0,,0,5,2,1,0
run6-tbt-10s,1,nazionale,10,none,true,100,335,4,1,3,3,1,m1,1VLpfZJuzKm3UcPtfYMsf5T37jtkxjR3ZhRF3w,1,m1,m1,1,1,0,1,8.921,8.921,3.15,3.1498,0.0,4.62601914e-07,6.690033260000001e-07,1142090.0,336322.0,805768.0,0.705521,-0.917,1,946688302,946688292,10,1.079,8,2,1,1,0,0,,0,6,3,1,0
run6-tbt-10s,1,nazionale,10,none,true,100,336,4,1,3,3,1,m1,1VLpfZJuzKm3UcPtfYMsf5T37jtkxjR3ZhRF3w,1,m1,m1,1,1,0,1,8.642,8.642,6.025,6.0248,0.0,4.10451828e-07,2.881511252e-06,1142090.0,336322.0,805768.0,0.705521,-0.5,1,946688311,946688302,9,0.358,8,1,1,1,0,0,,0,4,4,1,0
run6-tbt-10s,1,nazionale,10,none,true,100,337,4,1,3,3,1,m1,1VLpfZJuzKm3UcPtfYMsf5T37jtkxjR3ZhRF3w,1,m1,m1,1,1,0,1,11.629,11.629,1.985,1.9842,0.0,9.92035004e-07,8.38228596e-07,1142090.0,336322.0,805768.0,0.705521,-0.75,1,946688323,946688311,12,0.371,11,1,1,1,0,0,,0,5,5,1,0
run6-tbt-10s,1,nazionale,10,none,true,100,338,4,1,3,3,1,m1,1VLpfZJuzKm3UcPtfYMsf5T37jtkxjR3ZhRF3w,1,m1,m1,1,1,0,1,12.785,12.785,1.777,1.7774,0.0,1.38826083e-06,1.7710067700000003e-06,1142090.0,336322.0,805768.0,0.705521,-0.833,1,946688336,946688323,13,0.215,12,1,1,1,0,0,,0,5,6,1,0
run6-tbt-10s,1,nazionale,10,none,true,100,339,4,1,3,3,1,m1,1VLpfZJuzKm3UcPtfYMsf5T37jtkxjR3ZhRF3w,1,m2,m2,1,0,1,2,11.379,11.863,0.484,0.4841,0.484,9.43463961e-07,1.3428972900000004e-07,1142090.0,882200.0,259890.0,0.705521,-1.083,1,946688349,946688336,13,1.137,11,2,1,1,0,0,,0,6,7,1,0
run6-tbt-10s,1,nazionale,10,none,true,100,340,4,1,3,3,1,m1,1VLpfZJuzKm3UcPtfYMsf5T37jtkxjR3ZhRF3w,1,m1,m1,1,1,0,1,13.45,13.45,0.306,0.3059,0.0,1.7644372e-06,2.2824873999999977e-07,1142090.0,336322.0,805768.0,0.705521,-1.083,1,946688363,946688349,14,0.55,13,1,1,1,1,1,003967091dce5202dec72cb1ebcb33fbcb955efc803466ed18bbd8fca16dd569,0,6,8,1,0
run6-tbt-10s,1,nazionale,10,none,true,100,341,4,1,3,3,1,m2,1AagzGnptAGnvYUunCiqyFBo5P7Zyq7h7kcijs,1,m2,m2,1,1,0,1,9.072,9.072,5.686,5.6861,0.0,4.92952771e-07,5.6532445789999995e-06,1142090.0,882200.0,259890.0,0.227556,-1.167,1,946688374,946688363,11,1.928,9,2,1,1,0,0,,0,6,1,0,0
run6-tbt-10s,1,nazionale,10,none,true,100,342,4,1,3,3,1,m2,1AagzGnptAGnvYUunCiqyFBo5P7Zyq7h7kcijs,1,m2,m2,1,1,0,1,10.939,10.939,3.673,3.6724,0.0,8.56353572e-07,3.2871559280000003e-06,1142090.0,882200.0,259890.0,0.227556,-1.5,1,946688385,946688374,11,0.061,10,1,1,1,0,0,,0,4,2,1,0
run6-tbt-10s,1,nazionale,10,none,true,100,343,4,1,3,3,1,m1,1VLpfZJuzKm3UcPtfYMsf5T37jtkxjR3ZhRF3w,1,m1,m1,1,1,0,1,10.807,10.807,3.31,3.3101,0.0,8.18630679e-07,1.6216472809999997e-06,1142090.0,336322.0,805768.0,0.705521,-1.333,1,946688397,946688385,12,1.193,10,2,1,1,0,0,,0,5,1,0,0
run6-tbt-10s,1,nazionale,10,none,true,100,344,4,1,3,3,1,m2,1AagzGnptAGnvYUunCiqyFBo5P7Zyq7h7kcijs,1,m2,m2,1,1,0,1,7.431,7.431,5.137,5.1374,0.0,2.81289589e-07,1.0789701810000001e-06,1142090.0,882200.0,259890.0,0.227556,-1.583,1,946688406,946688397,9,1.569,7,2,1,1,0,0,,0,6,1,0,0
run6-tbt-10s,1,nazionale,10,none,true,100,345,4,1,3,3,1,m2,1AagzGnptAGnvYUunCiqyFBo5P7Zyq7h7kcijs,1,m1,m1,1,0,1,2,14.174,14.623,0.449,0.4491,0.449,2.63586114e-06,2.1241479599999996e-06,1142090.0,336322.0,805768.0,0.227556,-1.667,1,946688421,946688406,15,0.377,14,1,1,1,1,1,007464aa89d2b35c06d01709dd8353632b32e8d7d498720e01b1c3109bdbc697,0,6,2,1,0
run6-tbt-10s,1,nazionale,10,none,true,100,346,4,1,3,3,1,m3,1CsyzTjErfmoC3PFDMJbGZZqJu6EUYCh2wKkBq,1,m3,m3,1,1,0,1,11.824,11.824,0.677,0.6773,0.0,1.11685313e-06,2.431986099999999e-07,1142090.0,1065658.0,76432.0,0.066923,-1.917,1,946688434,946688421,13,1.176,11,2,1,1,0,0,,0,4,1,0,0
run6-tbt-10s,1,nazionale,10,none,true,100,347,4,1,3,3,1,m1,1VLpfZJuzKm3UcPtfYMsf5T37jtkxjR3ZhRF3w,1,m1,m1,1,1,0,1,13.372,13.372,1.261,1.2609,0.0,1.81311343e-06,1.685624837e-05,1142090.0,336322.0,805768.0,0.705521,-1.833,1,946688449,946688434,15,1.628,13,2,1,1,0,0,,0,7,1,0,0
run6-tbt-10s,1,nazionale,10,none,true,100,348,4,1,3,3,1,m1,1VLpfZJuzKm3UcPtfYMsf5T37jtkxjR3ZhRF3w,1,m2,m2,1,0,1,2,4.611,6.59,1.979,1.9798,1.979,5.31729808e-09,1.9448754192e-07,1142090.0,882200.0,259890.0,0.705521,-2.25,1,946688455,946688449,6,-0.59,6,0,1,1,1,1,00ef51ce0a530b578a111d0b65a5878fb1662bfa2b05c3537d37975ea90d8987,0,4,2,1,0
run6-tbt-10s,1,nazionale,10,none,true,100,349,4,1,3,3,1,m1,1VLpfZJuzKm3UcPtfYMsf5T37jtkxjR3ZhRF3w,1,m1,m1,1,1,0,1,10.95,10.95,3.593,3.5929,0.0,8.82456331e-07,3.6404151689999998e-06,1142090.0,336322.0,805768.0,0.705521,-2.0,1,946688466,946688455,11,0.05,10,1,1,1,0,0,,0,5,3,1,0
run6-tbt-10s,1,nazionale,10,none,true,100,350,4,1,3,3,1,m1,1VLpfZJuzKm3UcPtfYMsf5T37jtkxjR3ZhRF3w,1,m1,m1,1,1,0,1,5.795,5.795,8.279,8.2791,0.0,1.09803772e-07,2.442073108e-06,1142090.0,336322.0,805768.0,0.705521,-1.917,1,946688473,946688466,7,1.205,5,2,1,1,0,0,,0,3,4,1,0
run6-tbt-10s,1,nazionale,10,none,true,100,351,4,1,3,3,1,m1,1VLpfZJuzKm3UcPtfYMsf5T37jtkxjR3ZhRF3w,1,m1,m1,1,1,0,1,13.649,13.649,1.064,1.0647,0.0,1.95839781e-06,5.02184255e-06,1142090.0,336322.0,805768.0,0.705521,-1.417,1,946688487,946688473,14,0.351,13,1,1,1,0,0,,0,6,5,1,0
run6-tbt-10s,1,nazionale,10,none,true,100,352,4,1,3,3,1,m1,1VLpfZJuzKm3UcPtfYMsf5T37jtkxjR3ZhRF3w,1,m1,m1,1,1,0,1,10.086,10.086,3.641,3.6412,0.0,6.77225611e-07,1.362876089e-06,1142090.0,336322.0,805768.0,0.705521,-1.5,1,946688498,946688487,11,0.914,10,1,1,1,0,0,,0,4,6,1,0
run6-tbt-10s,1,nazionale,10,none,true,100,353,4,1,3,3,1,m1,1VLpfZJuzKm3UcPtfYMsf5T37jtkxjR3ZhRF3w,1,m1,m1,1,1,0,1,10.61,10.61,3.814,3.8141,0.0,7.72235566e-07,2.226358444e-06,1142090.0,336322.0,805768.0,0.705521,-1.25,1,946688509,946688498,11,0.39,10,1,1,1,0,0,,0,6,7,1,0
run6-tbt-10s,1,nazionale,10,none,true,100,354,4,1,3,3,1,m1,1VLpfZJuzKm3UcPtfYMsf5T37jtkxjR3ZhRF3w,1,m1,m1,1,1,0,1,6.821,6.821,7.772,7.7719,0.0,2.03140649e-07,3.431588601e-06,1142090.0,336322.0,805768.0,0.705521,-1.25,1,946688517,946688509,8,1.179,6,2,1,1,0,0,,0,5,8,1,0
run6-tbt-10s,1,nazionale,10,none,true,100,355,4,1,3,3,1,m1,1VLpfZJuzKm3UcPtfYMsf5T37jtkxjR3ZhRF3w,1,m1,m1,1,1,0,1,9.094,9.094,5.643,5.6428,0.0,4.9123305e-07,3.94009097e-06,1142090.0,336322.0,805768.0,0.705521,-1.0,1,946688527,946688517,10,0.906,9,1,1,1,0,0,,0,5,9,1,0
run6-tbt-10s,1,nazionale,10,none,true,100,356,4,1,3,3,1,m1,1VLpfZJuzKm3UcPtfYMsf5T37jtkxjR3ZhRF3w,1,m1,m1,1,1,0,1,5.778,5.778,9.025,9.0255,0.0,8.68568342e-08,4.9962019158000006e-06,1142090.0,336322.0,805768.0,0.705521,-0.833,1,946688533,946688527,6,0.222,5,1,1,1,0,0,,0,3,10,1,0
run6-tbt-10s,1,nazionale,10,none,true,100,357,4,1,3,3,1,m1,1VLpfZJuzKm3UcPtfYMsf5T37jtkxjR3ZhRF3w,1,m1,m1,1,1,0,1,11.134,11.134,2.925,2.9251,0.0,8.5895616e-07,1.3264479199999999e-06,1142090.0,336322.0,805768.0,0.705521,-0.583,1,946688546,946688533,13,1.866,11,2,1,1,0,0,,0,5,11,1,0
run6-tbt-10s,1,nazionale,10,none,true,100,358,4,1,3,3,1,m1,1VLpfZJuzKm3UcPtfYMsf5T37jtkxjR3ZhRF3w,1,m1,m1,1,1,0,1,13.174,13.174,1.254,1.2544,0.0,1.52962135e-06,1.1135804399999998e-06,1142090.0,336322.0,805768.0,0.705521,-0.417,1,946688559,946688546,13,-0.174,13,0,1,1,0,0,,0,5,12,1,0
run6-tbt-10s,1,nazionale,10,none,true,100,359,4,1,3,3,1,m1,1VLpfZJuzKm3UcPtfYMsf5T37jtkxjR3ZhRF3w,1,m1,m1,1,1,0,1,9.869,9.869,2.984,2.9834,0.0,5.98624877e-07,7.82948953e-07,1142090.0,336322.0,805768.0,0.705521,-0.417,1,946688569,946688559,10,0.131,9,1,1,1,0,0,,0,6,13,1,0
run6-tbt-10s,1,nazionale,10,none,true,100,360,4,1,3,3,1,m1,1VLpfZJuzKm3UcPtfYMsf5T37jtkxjR3ZhRF3w,1,m1,m1,1,1,0,1,11.201,11.201,3.696,3.6953,0.0,8.47530168e-07,3.1560163320000003e-06,1142090.0,336322.0,805768.0,0.705521,0.0,1,946688581,946688569,12,0.799,11,1,1,1,0,0,,0,5,14,1,0
run6-tbt-10s,1,nazionale,10,none,true,100,361,4,1,3,3,1,m2,1AagzGnptAGnvYUunCiqyFBo5P7Zyq7h7kcijs,1,m2,m2,1,1,0,1,10.399,10.399,2.821,2.8214,0.0,6.98987779e-07,8.631155809999999e-07,1142090.0,882200.0,259890.0,0.227556,-0.5,1,946688593,946688581,12,1.601,10,2,1,1,0,0,,0,5,1,0,0
run6-tbt-10s,1,nazionale,10,none,true,100,362,4,1,3,3,1,m1,1VLpfZJuzKm3UcPtfYMsf5T37jtkxjR3ZhRF3w,1,m1,m1,1,1,0,1,5.219,5.219,2.172,2.1718,0.0,2.98776409e-08,2.2286888409999998e-07,1142090.0,336322.0,805768.0,0.705521,-0.583,1,946688600,946688593,7,1.781,5,2,1,1,0,0,,0,4,1,0,0
run6-tbt-10s,1,nazionale,10,none,true,100,363,4,1,3,3,1,m1,1VLpfZJuzKm3UcPtfYMsf5T37jtkxjR3ZhRF3w,1,m1,m1,1,1,0,1,11.841,11.841,2.75,2.7497,0.0,1.0419851e-06,2.05068302e-06,1142090.0,336322.0,805768.0,0.705521,-0.583,1,946688612,946688600,12,0.159,11,1,1,1,0,0,,0,4,2,1,0
run6-tbt-10s,1,nazionale,10,none,true,100,364,4,1,3,3,1,m1,1VLpfZJuzKm3UcPtfYMsf5T37jtkxjR3ZhRF3w,1,m1,m1,1,1,0,1,12.066,12.066,2.491,2.4915,0.0,1.09877207e-06,1.81292641e-06,1142090.0,336322.0,805768.0,0.705521,-0.417,1,946688624,946688612,12,-0.066,12,0,1,1,0,0,,0,7,3,1,0
run6-tbt-10s,1,nazionale,10,none,true,100,365,4,1,3,3,1,m2,1AagzGnptAGnvYUunCiqyFBo5P7Zyq7h7kcijs,1,m2,m2,1,1,0,1,9.146,9.146,2.886,2.8858,0.0,4.83959471e-07,6.09634219e-07,1142090.0,882200.0,259890.0,0.227556,-0.5,1,946688634,946688624,10,0.854,9,1,1,1,0,0,,0,4,1,0,0
run6-tbt-10s,1,nazionale,10,none,true,100,366,4,1,3,3,1,m1,1VLpfZJuzKm3UcPtfYMsf5T37jtkxjR3ZhRF3w,1,m1,m1,1,1,0,1,8.815,8.815,5.251,5.2512,0.0,4.32575864e-07,1.725418366e-06,1142090.0,336322.0,805768.0,0.705521,-0.417,1,946688646,946688634,12,3.185,8,4,1,1,0,0,,0,7,1,0,0
run6-tbt-10s,1,nazionale,10,none,true,100,367,4,1,3,3,1,m1,1VLpfZJuzKm3UcPtfYMsf5T37jtkxjR3ZhRF3w,1,m1,m1,1,1,0,1,11.376,11.376,3.384,3.384,0.0,9.2583496e-07,3.20298426e-06,1142090.0,336322.0,805768.0,0.705521,-0.75,1,946688658,946688646,12,0.624,11,1,1,1,0,0,,0,3,2,1,0
run6-tbt-10s,1,nazionale,10,none,true,100,368,4,1,3,3,1,m1,1VLpfZJuzKm3UcPtfYMsf5T37jtkxjR3ZhRF3w,1,m1,m1,1,1,0,1,10.474,10.474,0.303,0.3033,0.0,7.30250072e-07,6.339898400000002e-08,1142090.0,336322.0,805768.0,0.705521,-0.917,1,946688669,946688658,11,0.526,10,1,1,1,0,0,,0,6,3,1,0
run6-tbt-10s,1,nazionale,10,none,true,100,369,4,1,3,3,1,m1,1VLpfZJuzKm3UcPtfYMsf5T37jtkxjR3ZhRF3w,1,m1,m1,1,1,0,1,10.391,10.391,4.342,4.3424,0.0,7.3038658e-07,1.093319282e-05,1142090.0,336322.0,805768.0,0.705521,-1.333,1,946688680,946688669,11,0.609,10,1,1,1,0,0,,0,4,4,1,0
run6-tbt-10s,1,nazionale,10,none,true,100,370,4,1,3,3,1,m2,1AagzGnptAGnvYUunCiqyFBo5P7Zyq7h7kcijs,1,m2,m2,1,1,0,1,10.648,10.648,2.134,2.1339,0.0,7.76736394e-07,6.39256216e-07,1142090.0,882200.0,259890.0,0.227556,-1.167,1,946688692,946688680,12,1.352,10,2,1,1,0,0,,0,5,1,0,0
run6-tbt-10s,1,nazionale,10,none,true,100,371,4,1,3,3,1,m2,1AagzGnptAGnvYUunCiqyFBo5P7Zyq7h7kcijs,1,m2,m2,1,1,0,1,9.747,9.747,4.046,4.0459,0.0,6.0059083e-07,1.4240674000000002e-06,1142090.0,882200.0,259890.0,0.227556,-1.083,1,946688702,946688692,10,0.253,9,1,1,1,0,0,,0,6,2,1,0
run6-tbt-10s,1,nazionale,10,none,true,100,372,4,1,3,3,1,m1,1VLpfZJuzKm3UcPtfYMsf5T37jtkxjR3ZhRF3w,1,m1,m1,1,1,0,1,13.137,13.137,1.339,1.3392,0.0,1.5796924e-06,1.47076772e-06,1142090.0,336322.0,805768.0,0.705521,-1.083,1,946688716,946688702,14,0.863,13,1,1,1,0,0,,0,5,1,0,0
run6-tbt-10s,1,nazionale,10,none,true,100,373,4,1,3,3,1,m1,1VLpfZJuzKm3UcPtfYMsf5T37jtkxjR3ZhRF3w,1,m1,m1,1,1,0,1,9.113,9.113,3.857,3.8574,0.0,5.01912872e-07,1.0095427080000002e-06,1142090.0,336322.0,805768.0,0.705521,-1.25,1,946688726,946688716,10,0.887,9,1,1,1,0,0,,0,6,2,1,0
run6-tbt-10s,1,nazionale,10,none,true,100,374,4,1,3,3,1,m1,1VLpfZJuzKm3UcPtfYMsf5T37jtkxjR3ZhRF3w,1,m1,m1,1,1,0,1,11.302,11.302,3.48,3.48,0.0,9.23849086e-07,6.757279934000001e-06,1142090.0,336322.0,805768.0,0.705521,-1.083,1,946688738,946688726,12,0.698,11,1,1,1,0,0,,0,3,3,1,0
run6-tbt-10s,1,nazionale,10,none,true,100,375,4,1,3,3,1,m1,1VLpfZJuzKm3UcPtfYMsf5T37jtkxjR3ZhRF3w,1,m1,m1,1,1,0,1,9.034,9.034,5.666,5.6661,0.0,4.97405917e-07,1.1674969683e-05,1142090.0,336322.0,805768.0,0.705521,-1.5,1,946688748,946688738,10,0.966,9,1,1,1,0,0,,0,6,4,1,0
run6-tbt-10s,1,nazionale,10,none,true,100,376,4,1,3,3,1,m1,1VLpfZJuzKm3UcPtfYMsf5T37jtkxjR3ZhRF3w,1,m1,m1,1,1,0,1,9.194,9.194,4.196,4.1958,0.0,5.17241231e-07,1.240408089e-06,1142090.0,336322.0,805768.0,0.705521,-1.333,1,946688758,946688748,10,0.806,9,1,1,1,0,0,,0,5,5,1,0
run6-tbt-10s,1,nazionale,10,none,true,100,377,4,1,3,3,1,m1,1VLpfZJuzKm3UcPtfYMsf5T37jtkxjR3ZhRF3w,1,m2,m2,1,0,1,2,13.235,13.461,0.226,0.2268,0.226,1.64257393e-06,1.4025613000000006e-07,1142090.0,882200.0,259890.0,0.705521,-1.167,1,946688772,946688758,14,0.539,13,1,1,1,0,0,,0,5,6,1,0
run6-tbt-10s,1,nazionale,10,none,true,100,378,4,1,3,3,1,m1,1VLpfZJuzKm3UcPtfYMsf5T37jtkxjR3ZhRF3w,1,m1,m1,1,1,0,1,6.787,6.787,1.334,1.3338,0.0,2.04955275e-07,1.6162319800000002e-07,1142090.0,336322.0,805768.0,0.705521,-1.5,1,946688780,946688772,8,1.213,6,2,1,1,0,0,,0,4,7,1,0
run6-tbt-10s,1,nazionale,10,none,true,100,379,4,1,3,3,1,m1,1VLpfZJuzKm3UcPtfYMsf5T37jtkxjR3ZhRF3w,1,m2,m2,1,0,1,2,6.836,7.883,1.047,1.0469,1.047,2.03012373e-07,1.23956784e-07,1142090.0,882200.0,259890.0,0.705521,-1.167,1,946688789,946688780,9,1.117,7,2,1,1,1,1,00a8e533cfc430cfc7e9dee2157d64ff99c28372630a260c3f94334f37e785e7,0,4,8,1,0
run6-tbt-10s,1,nazionale,10,none,true,100,380,4,1,3,3,1,m1,1VLpfZJuzKm3UcPtfYMsf5T37jtkxjR3ZhRF3w,1,m1,m1,1,1,0,1,5.806,5.806,8.149,8.1496,0.0,9.11846613e-08,2.0386734587e-06,1142090.0,336322.0,805768.0,0.705521,-0.917,0,946688795,946688789,6,0.194,5,1,1,1,0,0,,0,4,9,1,0
run6-tbt-10s,1,nazionale,10,none,true,100,381,4,1,3,3,1,m1,1VLpfZJuzKm3UcPtfYMsf5T37jtkxjR3ZhRF3w,1,m1,m1,1,1,0,1,5.833,5.833,4.949,4.9491,0.0,8.57661079e-08,6.911201051e-07,1142090.0,336322.0,805768.0,0.705521,-0.5,1,946688802,946688795,7,1.167,5,2,1,1,0,0,,0,4,10,1,0
run6-tbt-10s,1,nazionale,10,none,true,100,382,4,1,3,3,1,m1,1VLpfZJuzKm3UcPtfYMsf5T37jtkxjR3ZhRF3w,1,m1,m1,1,1,0,1,11.779,11.779,3.188,3.1875,0.0,1.00110561e-06,1.2660041890000001e-05,1142090.0,336322.0,805768.0,0.705521,-0.167,1,946688814,946688802,12,0.221,11,1,1,1,0,0,,0,5,11,1,0
run6-tbt-10s,1,nazionale,10,none,true,100,383,4,1,3,3,1,m2,1AagzGnptAGnvYUunCiqyFBo5P7Zyq7h7kcijs,1,m2,m2,1,1,0,1,8.207,8.207,1.433,1.4332,0.0,3.42874701e-07,2.0863510300000002e-07,1142090.0,882200.0,259890.0,0.227556,-0.167,1,946688824,946688814,10,1.793,8,2,1,1,0,0,,0,5,1,0,0
run6-tbt-10s,1,nazionale,10,none,true,100,384,4,1,3,3,1,m1,1VLpfZJuzKm3UcPtfYMsf5T37jtkxjR3ZhRF3w,1,m1,m1,1,1,0,1,5.793,5.793,5.478,5.4774,0.0,7.55572315e-08,7.959749945000001e-07,1142090.0,336322.0,805768.0,0.705521,-0.167,1,946688831,946688824,7,1.207,5,2,1,1,0,0,,0,3,1,0,0
run6-tbt-10s,1,nazionale,10,none,true,100,385,4,1,3,3,1,m1,1VLpfZJuzKm3UcPtfYMsf5T37jtkxjR3ZhRF3w,1,m1,m1,1,1,0,1,11.991,11.991,2.95,2.9505,0.0,1.02753173e-06,2.69667507e-06,1142090.0,336322.0,805768.0,0.705521,0.417,1,946688843,946688831,12,0.009,11,1,1,1,0,0,,0,6,2,1,0
run6-tbt-10s,1,nazionale,10,none,true,100,386,4,1,3,3,1,m1,1VLpfZJuzKm3UcPtfYMsf5T37jtkxjR3ZhRF3w,1,m1,m1,1,1,0,1,6.817,6.817,7.125,7.1249,0.0,1.70292284e-07,1.756298026e-06,1142090.0,336322.0,805768.0,0.705521,0.25,1,946688850,946688843,7,0.183,6,1,1,1,0,0,,0,3,3,1,0
run6-tbt-10s,1,nazionale,10,none,true,100,387,4,1,3,3,1,m2,1AagzGnptAGnvYUunCiqyFBo5P7Zyq7h7kcijs,1,m2,m2,1,1,0,1,10.675,10.675,1.766,1.7657,0.0,7.07339661e-07,4.4152037900000005e-07,1142090.0,882200.0,259890.0,0.227556,0.667,1,946688862,946688850,12,1.325,10,2,1,1,0,0,,0,6,1,0,0
run6-tbt-10s,1,nazionale,10,none,true,100,388,4,1,3,3,1,m1,1VLpfZJuzKm3UcPtfYMsf5T37jtkxjR3ZhRF3w,1,m1,m1,1,1,0,1,12.274,12.274,2.678,2.6786,0.0,1.10635782e-06,2.58294e-06,1142090.0,336322.0,805768.0,0.705521,0.5,1,946688876,946688862,14,1.726,12,2,1,1,0,0,,0,5,1,0,0
run6-tbt-10s,1,nazionale,10,none,true,100,389,4,1,3,3,1,m1,1VLpfZJuzKm3UcPtfYMsf5T37jtkxjR3ZhRF3w,1,m1,m1,1,1,0,1,7.316,7.316,7.647,7.6475,0.0,2.26833544e-07,4.114880876e-06,1142090.0,336322.0,805768.0,0.705521,0.167,1,946688884,946688876,8,0.684,7,1,1,1,0,0,,0,3,2,1,0
run6-tbt-10s,1,nazionale,10,none,true,100,390,4,1,3,3,1,m1,1VLpfZJuzKm3UcPtfYMsf5T37jtkxjR3ZhRF3w,1,m1,m1,1,1,0,1,5.993,5.993,9.14,9.1405,0.0,7.8671538e-08,9.405768492e-06,1142090.0,336322.0,805768.0,0.705521,0.667,1,946688890,946688884,6,0.007,5,1,1,1,0,0,,0,4,3,1,0
run6-tbt-10s,1,nazionale,10,none,true,100,391,4,1,3,3,1,m1,1VLpfZJuzKm3UcPtfYMsf5T37jtkxjR3ZhRF3w,1,m1,m1,1,1,0,1,8.749,8.749,0.038,0.0376,0.0,3.88383239e-07,5.148355000000031e-09,1142090.0,336322.0,805768.0,0.705521,0.833,1,946688899,946688890,9,0.251,8,1,1,1,0,0,,0,4,4,1,0
run6-tbt-10s,1,nazionale,10,none,true,100,392,4,1,3,3,1,m1,1VLpfZJuzKm3UcPtfYMsf5T37jtkxjR3ZhRF3w,1,m1,m1,1,1,0,1,6.406,6.406,5.216,5.2159,0.0,1.15838833e-07,7.92204057e-07,1142090.0,336322.0,805768.0,0.705521,0.833,1,946688906,946688899,7,0.594,6,1,1,1,0,0,,0,4,5,1,0
run6-tbt-10s,1,nazionale,10,none,true,100,393,4,1,3,3,1,m2,1AagzGnptAGnvYUunCiqyFBo5P7Zyq7h7kcijs,1,m2,m2,1,1,0,1,10.992,10.992,1.794,1.7943,0.0,7.68315001e-07,4.944830890000001e-07,1142090.0,882200.0,259890.0,0.227556,0.75,1,946688917,946688906,11,0.008,10,1,1,1,0,0,,0,5,1,0,0
run6-tbt-10s,1,nazionale,10,none,true,100,394,4,1,3,3,1,m1,1VLpfZJuzKm3UcPtfYMsf5T37jtkxjR3ZhRF3w,1,m1,m1,1,1,0,1,8.153,8.153,6.93,6.9301,0.0,3.21086135e-07,1.9092045665e-05,1142090.0,336322.0,805768.0,0.705521,0.417,1,946688928,946688917,11,2.847,8,3,1,1,0,0,,0,5,1,0,0
run6-tbt-10s,1,nazionale,10,none,true,100,395,4,1,3,3,1,m2,1AagzGnptAGnvYUunCiqyFBo5P7Zyq7h7kcijs,1,m2,m2,1,1,0,1,11.085,11.085,3.239,3.2389,0.0,7.99005736e-07,1.4390942440000002e-06,1142090.0,882200.0,259890.0,0.227556,0.5,1,946688940,946688928,12,0.915,11,1,1,1,0,0,,0,4,1,0,0
run6-tbt-10s,1,nazionale,10,none,true,100,396,4,1,3,3,1,m2,1AagzGnptAGnvYUunCiqyFBo5P7Zyq7h7kcijs,1,m2,m2,1,1,0,1,5.736,5.736,2.279,2.2791,0.0,6.06910536e-08,2.452294514e-07,1142090.0,882200.0,259890.0,0.227556,0.333,1,946688947,946688940,7,1.264,5,2,1,1,0,0,,0,5,2,1,0
run6-tbt-10s,1,nazionale,10,none,true,100,397,4,1,3,3,1,m1,1VLpfZJuzKm3UcPtfYMsf5T37jtkxjR3ZhRF3w,1,m2,m2,1,0,1,2,13.514,13.521,0.007,0.0076,0.007,1.63082347e-06,4.288750000000171e-09,1142090.0,882200.0,259890.0,0.705521,0.333,1,946688962,946688947,15,1.479,13,2,1,1,1,1,00d049fb3f8ba14ed31d8e0abb3e50629d9a4b9e30207c0253c58bc1fb5bc8db,0,6,1,0,0
run6-tbt-10s,1,nazionale,10,none,true,100,398,4,1,3,3,1,m1,1VLpfZJuzKm3UcPtfYMsf5T37jtkxjR3ZhRF3w,1,m1,m1,1,1,0,1,11.968,11.968,1.686,1.6861,0.0,1.03995844e-06,6.9425883e-07,1142090.0,336322.0,805768.0,0.705521,0.083,0,946688974,946688962,12,0.032,11,1,1,1,0,0,,0,6,2,1,0
run6-tbt-10s,1,nazionale,10,none,true,100,399,4,1,3,3,1,m2,1AagzGnptAGnvYUunCiqyFBo5P7Zyq7h7kcijs,1,m2,m2,1,1,0,1,5.214,5.214,1.963,1.9633,0.0,2.49040418e-08,1.975703972e-07,1142090.0,882200.0,259890.0,0.227556,-0.333,1,946688980,946688974,6,0.786,5,1,1,1,0,0,,0,1,1,0,0
run6-tbt-10s,1,nazionale,10,none,true,100,400,5,1,3,3,1,m1,1VLpfZJuzKm3UcPtfYMsf5T37jtkxjR3ZhRF3w,1,m1,m1,1,1,0,1,12.709,12.709,2.308,2.3083,0.0,1.27746552e-06,4.3385235e-06,1142090.0,336322.0,805768.0,0.705521,0.167,1,946688994,946688980,14,1.291,12,2,1,1,0,0,,0,8,1,0,0
run6-tbt-10s,1,nazionale,10,none,true,100,401,5,1,3,3,1,m1,1VLpfZJuzKm3UcPtfYMsf5T37jtkxjR3ZhRF3w,1,m1,m1,1,1,0,1,6.023,6.023,8.949,8.9488,0.0,9.12271579e-08,4.3639649321e-06,1142090.0,336322.0,805768.0,0.705521,0.167,1,946689000,946688994,6,-0.023,6,0,1,1,0,0,,0,4,2,1,0
run6-tbt-10s,1,nazionale,10,none,true,100,402,5,1,3,3,1,m1,1VLpfZJuzKm3UcPtfYMsf5T37jtkxjR3ZhRF3w,1,m1,m1,1,1,0,1,8.671,8.671,0.204,0.2043,0.0,3.91371744e-07,2.8418644999999994e-08,1142090.0,336322.0,805768.0,0.705521,0.333,1,946689009,946689000,9,0.329,8,1,1,1,0,0,,0,6,3,1,0
run6-tbt-10s,1,nazionale,10,none,true,100,403,5,1,3,3,1,m2,1AagzGnptAGnvYUunCiqyFBo5P7Zyq7h7kcijs,1,m2,m2,1,1,0,1,6.076,6.076,8.93,8.9304,0.0,9.80522644e-08,5.9318613156e-06,1142090.0,882200.0,259890.0,0.227556,0.083,1,946689016,946689009,7,0.924,6,1,1,1,0,0,,0,6,1,0,0
run6-tbt-10s,1,nazionale,10,none,true,100,404,5,1,3,3,1,m1,1VLpfZJuzKm3UcPtfYMsf5T37jtkxjR3ZhRF3w,1,m1,m1,1,1,0,1,6.887,6.887,8.149,8.1491,0.0,1.77688347e-07,5.564956913e-06,1142090.0,336322.0,805768.0,0.705521,0.25,1,946689024,946689016,8,1.113,6,2,1,1,0,0,,0,4,1,0,0
run6-tbt-10s,1,nazionale,10,none,true,100,405,5,1,3,3,1,m1,1VLpfZJuzKm3UcPtfYMsf5T37jtkxjR3ZhRF3w,1,m1,m1,1,1,0,1,6.066,6.066,8.304,8.3041,0.0,9.54186769e-08,2.2800053931e-06,1142090.0,336322.0,805768.0,0.705521,0.167,1,946689031,946689024,7,0.934,6,1,1,1,0,0,,0,4,2,1,0
run6-tbt-10s,1,nazionale,10,none,true,100,406,5,1,3,3,1,m1,1VLpfZJuzKm3UcPtfYMsf5T37jtkxjR3ZhRF3w,1,m1,m1,1,1,0,1,11.949,11.949,3.077,3.0779,0.0,1.01104846e-06,3.2893767299999995e-06,1142090.0,336322.0,805768.0,0.705521,0.5,1,946689043,946689031,12,0.051,11,1,1,1,0,0,,0,8,3,1,0
run6-tbt-10s,1,nazionale,10,none,true,100,407,5,1,3,3,1,m1,1VLpfZJuzKm3UcPtfYMsf5T37jtkxjR3ZhRF3w,1,m1,m1,1,1,0,1,13.503,13.503,1.562,1.5625,0.0,1.50722823e-06,3.64832009e-06,1223917.0,393852.0,830065.0,0.678204,0.417,1,946689057,946689043,14,0.497,13,1,1,1,0,0,,0,5,4,1,0
run6-tbt-10s,1,nazionale,10,none,true,100,408,5,1,3,3,1,m1,1VLpfZJuzKm3UcPtfYMsf5T37jtkxjR3ZhRF3w,1,m1,m1,1,1,0,1,14.748,14.748,0.195,0.195,0.0,2.85854187e-06,8.455535500000003e-07,1223917.0,393852.0,830065.0,0.678204,0.25,1,946689073,946689057,16,1.252,14,2,1,1,0,0,,0,7,5,1,0
run6-tbt-10s,1,nazionale,10,none,true,100,409,5,1,3,3,1,m2,1AagzGnptAGnvYUunCiqyFBo5P7Zyq7h7kcijs,1,m2,m2,1,1,0,1,9.454,9.454,4.999,4.9987,0.0,4.96533624e-07,2.0422921260000004e-06,1223917.0,907489.0,316428.0,0.258537,-0.5,1,946689083,946689073,10,0.546,9,1,1,1,0,0,,0,5,1,0,0
run6-tbt-10s,1,nazionale,10,none,true,100,410,5,1,3,3,1,m1,1VLpfZJuzKm3UcPtfYMsf5T37jtkxjR3ZhRF3w,1,m1,m1,1,1,0,1,7.384,7.384,7.524,7.5233,0.0,2.24345019e-07,3.766644681e-06,1223917.0,393852.0,830065.0,0.678204,-0.083,1,946689092,946689083,9,1.616,7,2,1,1,0,0,,0,4,1,0,0
run6-tbt-10s,1,nazionale,10,none,true,100,411,5,1,3,3,1,m1,1VLpfZJuzKm3UcPtfYMsf5T37jtkxjR3ZhRF3w,1,m1,m1,1,1,0,1,6.766,6.766,7.914,7.9139,0.0,1.55478424e-07,2.576028556e-06,1223917.0,393852.0,830065.0,0.678204,0.167,1,946689099,946689092,7,0.234,6,1,1,1,0,0,,0,3,2,1,0
run6-tbt-10s,1,nazionale,10,none,true,100,412,5,1,3,3,1,m1,1VLpfZJuzKm3UcPtfYMsf5T37jtkxjR3ZhRF3w,1,m1,m1,1,1,0,1,5.055,5.055,9.583,9.5838,0.0,3.09919428e-09,2.67250600572e-06,1223917.0,393852.0,830065.0,0.678204,0.083,1,946689105,946689099,6,0.945,5,1,1,1,0,0,,0,4,3,1,0
run6-tbt-10s,1,nazionale,10,none,true,100,413,5,1,3,3,1,m1,1VLpfZJuzKm3UcPtfYMsf5T37jtkxjR3ZhRF3w,1,m1,m1,1,1,0,1,5.708,5.708,4.354,4.3536,0.0,4.69064209e-08,5.050946831e-07,1223917.0,393852.0,830065.0,0.678204,0.75,1,946689111,946689105,6,0.292,5,1,1,1,0,0,,0,3,4,1,0
run6-tbt-10s,1,nazionale,10,none,true,100,414,5,1,3,3,1,m1,1VLpfZJuzKm3UcPtfYMsf5T37jtkxjR3ZhRF3w,1,m1,m1,1,1,0,1,6.878,6.878,7.214,7.2145,0.0,1.54954152e-07,1.680294388e-06,1223917.0,393852.0,830065.0,0.678204,0.75,1,946689119,946689111,8,1.122,6,2,1,1,0,0,,0,4,5,1,0
run6-tbt-10s,1,nazionale,10,none,true,100,415,5,1,3,3,1,m2,1AagzGnptAGnvYUunCiqyFBo5P7Zyq7h7kcijs,1,m2,m2,1,1,0,1,10.109,10.109,3.566,3.5657,0.0,5.57042912e-07,9.976664579999999e-07,1223917.0,907489.0,316428.0,0.258537,0.833,1,946689131,946689119,12,1.891,10,2,1,1,0,0,,0,5,1,0,0
run6-tbt-10s,1,nazionale,10,none,true,100,416,5,1,3,3,1,m1,1VLpfZJuzKm3UcPtfYMsf5T37jtkxjR3ZhRF3w,1,m1,m1,1,1,0,1,10.024,10.024,1.084,1.0835,0.0,5.56722419e-07,1.9690886499999994e-07,1223917.0,393852.0,830065.0,0.678204,0.417,1,946689142,946689131,11,0.976,10,1,1,1,0,0,,0,7,1,0,0
run6-tbt-10s,1,nazionale,10,none,true,100,417,5,1,3,3,1,m2,1AagzGnptAGnvYUunCiqyFBo5P7Zyq7h7kcijs,1,m2,m2,1,1,0,1,5.632,5.632,8.174,8.1737,0.0,5.04207106e-08,1.6632312794e-06,1223917.0,907489.0,316428.0,0.258537,0.167,1,946689149,946689142,7,1.368,5,2,1,1,0,0,,0,2,1,0,0
run6-tbt-10s,1,nazionale,10,none,true,100,418,5,1,3,3,1,m1,1VLpfZJuzKm3UcPtfYMsf5T37jtkxjR3ZhRF3w,1,m1,m1,1,1,0,1,10.348,10.348,4.193,4.1925,0.0,6.19465807e-07,1.8401904530000002e-06,1223917.0,393852.0,830065.0,0.678204,0.167,1,946689161,946689149,12,1.652,10,2,1,1,0,0,,0,5,1,0,0
run6-tbt-10s,1,nazionale,10,none,true,100,419,5,1,3,3,1,m1,1VLpfZJuzKm3UcPtfYMsf5T37jtkxjR3ZhRF3w,1,m1,m1,1,1,0,1,12.652,12.652,1.702,1.7019,0.0,1.17230202e-06,1.0244452800000002e-06,1223917.0,393852.0,830065.0,0.678204,0.167,1,946689174,946689161,13,0.348,12,1,1,1,0,0,,0,7,2,1,0
run6-tbt-10s,1,nazionale,10,none,true,100,420,5,1,3,3,1,m1,1VLpfZJuzKm3UcPtfYMsf5T37jtkxjR3ZhRF3w,1,m1,m1,1,1,0,1,13.374,13.374,1.196,1.1963,0.0,1.45945693e-06,1.02215782e-06,1223917.0,393852.0,830065.0,0.678204,0.25,1,946689188,946689174,14,0.626,13,1,1,1,0,0,,0,4,3,1,0
run6-tbt-10s,1,nazionale,10,none,true,100,421,5,1,3,3,1,m1,1VLpfZJuzKm3UcPtfYMsf5T37jtkxjR3ZhRF3w,1,m2,m2,1,0,1,2,13.295,13.865,0.57,0.5704,0.57,1.40631735e-06,3.138003099999999e-07,1223917.0,907489.0,316428.0,0.678204,0.417,1,946689203,946689188,15,1.135,13,2,1,1,0,0,,0,7,4,1,0
run6-tbt-10s,1,nazionale,10,none,true,100,422,5,1,3,3,1,m1,1VLpfZJuzKm3UcPtfYMsf5T37jtkxjR3ZhRF3w,1,m1,m1,1,1,0,1,9.001,9.001,5.998,5.9982,0.0,4.17509257e-07,7.2467069530000006e-06,1223917.0,393852.0,830065.0,0.678204,0.0,1,946689213,946689203,10,0.999,9,1,1,1,0,0,,0,5,5,1,0
run6-tbt-10s,1,nazionale,10,none,true,100,423,5,1,3,3,1,m1,1VLpfZJuzKm3UcPtfYMsf5T37jtkxjR3ZhRF3w,1,m1,m1,1,1,0,1,13.584,13.584,1.228,1.2285,0.0,1.6066939e-06,1.71784866e-06,1223917.0,393852.0,830065.0,0.678204,-0.083,1,946689227,946689213,14,0.416,13,1,1,1,0,0,,0,7,6,1,0
run6-tbt-10s,1,nazionale,10,none,true,100,424,5,1,3,3,1,m1,1VLpfZJuzKm3UcPtfYMsf5T37jtkxjR3ZhRF3w,1,m1,m1,1,1,0,1,10.941,10.941,3.725,3.725,0.0,7.63902474e-07,2.428281296e-06,1223917.0,393852.0,830065.0,0.678204,-0.667,1,946689238,946689227,11,0.059,10,1,1,1,0,0,,0,5,7,1,0
run6-tbt-10s,1,nazionale,10,none,true,100,425,5,1,3,3,1,m1,1VLpfZJuzKm3UcPtfYMsf5T37jtkxjR3ZhRF3w,1,m1,m1,1,1,0,1,10.331,10.331,3.803,3.8026,0.0,6.61145521e-07,1.5726355590000001e-06,1223917.0,393852.0,830065.0,0.678204,-1.083,1,946689249,946689238,11,0.669,10,1,1,1,0,0,,0,5,8,1,0
run6-tbt-10s,1,nazionale,10,none,true,100,426,5,1,3,3,1,m2,1AagzGnptAGnvYUunCiqyFBo5P7Zyq7h7kcijs,1,m2,m2,1,1,0,1,6.679,6.679,6.909,6.9099,0.0,1.80139341e-07,1.614790809e-06,1223917.0,907489.0,316428.0,0.258537,-1.5,1,946689257,946689249,8,1.321,6,2,1,1,0,0,,0,4,1,0,0
run6-tbt-10s,1,nazionale,10,none,true,100,427,5,1,3,3,1,m2,1AagzGnptAGnvYUunCiqyFBo5P7Zyq7h7kcijs,1,m2,m2,1,1,0,1,5.216,5.216,4.297,4.2972,0.0,4.32797218e-08,4.930693182e-07,1223917.0,907489.0,316428.0,0.258537,-1.5,1,946689263,946689257,6,0.784,5,1,1,1,0,0,,0,3,2,1,0
run6-tbt-10s,1,nazionale,10,none,true,100,428,5,1,3,3,1,m1,1VLpfZJuzKm3UcPtfYMsf5T37jtkxjR3ZhRF3w,1,m1,m1,1,1,0,1,13.391,13.391,0.946,0.9457,0.0,1.60142977e-06,9.092673899999998e-07,1223917.0,393852.0,830065.0,0.678204,-1.0,1,946689278,946689263,15,1.609,13,2,1,1,1,1,0055244cff895a2670664acbb21f39ee11ae861a63ab60ccd8a6e2f35fd100f4,0,7,1,0,0
run6-tbt-10s,1,nazionale,10,none,true,100,429,5,1,3,3,1,m1,1VLpfZJuzKm3UcPtfYMsf5T37jtkxjR3ZhRF3w,1,m1,m1,1,1,0,1,11.177,11.177,3.361,3.3604,0.0,8.44754526e-07,2.369484664e-06,1223917.0,393852.0,830065.0,0.678204,-1.333,1,946689290,946689278,12,0.823,11,1,1,1,0,0,,0,5,2,1,0
run6-tbt-10s,1,nazionale,10,none,true,100,430,5,1,3,3,1,m2,1AagzGnptAGnvYUunCiqyFBo5P7Zyq7h7kcijs,1,m2,m2,1,1,0,1,4.881,4.881,9.757,9.7569,0.0,1.91091928e-08,5.4845931172e-06,1223917.0,907489.0,316428.0,0.258537,-1.75,1,946689296,946689290,6,1.119,4,2,1,1,0,0,,0,4,1,0,0
run6-tbt-10s,1,nazionale,10,none,true,100,431,5,1,3,3,1,m1,1VLpfZJuzKm3UcPtfYMsf5T37jtkxjR3ZhRF3w,1,m1,m1,1,1,0,1,8.531,8.531,6.051,6.0508,0.0,3.88082103e-07,2.949702477e-06,1223917.0,393852.0,830065.0,0.678204,-1.25,1,946689305,946689296,9,0.469,8,1,1,1,0,0,,0,5,1,0,0
run6-tbt-10s,1,nazionale,10,none,true,100,432,5,1,3,3,1,m1,1VLpfZJuzKm3UcPtfYMsf5T37jtkxjR3ZhRF3w,1,m1,m1,1,1,0,1,12.085,12.085,2.732,2.7317,0.0,1.06023644e-06,8.72501153e-06,1223917.0,393852.0,830065.0,0.678204,-0.917,1,946689317,946689305,12,-0.085,12,0,1,1,0,0,,0,5,2,1,0
run6-tbt-10s,1,nazionale,10,none,true,100,433,5,1,3,3,1,m1,1VLpfZJuzKm3UcPtfYMsf5T37jtkxjR3ZhRF3w,1,m1,m1,1,1,0,1,13.44,13.44,1.385,1.3848,0.0,1.60045673e-06,3.28177788e-06,1223917.0,393852.0,830065.0,0.678204,-0.75,1,946689332,946689317,15,1.56,13,2,1,1,0,0,,0,5,3,1,0
run6-tbt-10s,1,nazionale,10,none,true,100,434,5,1,3,3,1,m1,1VLpfZJuzKm3UcPtfYMsf5T37jtkxjR3ZhRF3w,1,m1,m1,1,1,0,1,7.84,7.84,6.427,6.4269,0.0,2.90214193e-07,2.031386247e-06,1223917.0,393852.0,830065.0,0.678204,-0.75,1,946689340,946689332,8,0.16,7,1,1,1,0,0,,0,3,4,1,0
run6-tbt-10s,1,nazionale,10,none,true,100,435,5,1,3,3,1,m1,1VLpfZJuzKm3UcPtfYMsf5T37jtkxjR3ZhRF3w,1,m1,m1,1,1,0,1,8.447,8.447,5.539,5.5396,0.0,3.5995733e-07,1.6099978100000001e-06,1223917.0,393852.0,830065.0,0.678204,-0.583,1,946689349,946689340,9,0.553,8,1,1,1,0,0,,0,6,5,1,0
run6-tbt-10s,1,nazionale,10,none,true,100,436,5,1,3,3,1,m1,1VLpfZJuzKm3UcPtfYMsf5T37jtkxjR3ZhRF3w,1,m1,m1,1,1,0,1,13.065,13.065,1.367,1.367,0.0,1.3561098e-06,1.03652588e-06,1223917.0,393852.0,830065.0,0.678204,-0.167,1,946689362,946689349,13,-0.065,13,0,1,1,0,0,,0,5,6,1,0
run6-tbt-10s,1,nazionale,10,none,true,100,437,5,1,3,3,1,m1,1VLpfZJuzKm3UcPtfYMsf5T37jtkxjR3ZhRF3w,1,m1,m1,1,1,0,1,5.878,5.878,1.02,1.0195,0.0,8.11095363e-08,9.75962617e-08,1223917.0,393852.0,830065.0,0.678204,-0.333,1,946689369,946689362,7,1.122,5,2,1,1,0,0,,0,5,7,1,0
run6-tbt-10s,1,nazionale,10,none,true,100,438,5,1,3,3,1,m1,1VLpfZJuzKm3UcPtfYMsf5T37jtkxjR3ZhRF3w,1,m1,m1,1,1,0,1,10.861,10.861,4.126,4.1259,0.0,7.20735746e-07,4.703607594e-06,1223917.0,393852.0,830065.0,0.678204,0.0,1,946689380,946689369,11,0.139,10,1,1,1,0,0,,0,3,8,1,0
run6-tbt-10s,1,nazionale,10,none,true,100,439,5,1,3,3,1,m1,1VLpfZJuzKm3UcPtfYMsf5T37jtkxjR3ZhRF3w,1,m1,m1,1,1,0,1,8.668,8.668,2.157,2.1567,0.0,3.7985089e-07,3.4362174099999997e-07,1223917.0,393852.0,830065.0,0.678204,-0.25,1,946689389,946689380,9,0.332,8,1,1,1,0,0,,0,4,9,1,0
run6-tbt-10s,1,nazionale,10,none,true,100,440,5,1,3,3,1,m1,1VLpfZJuzKm3UcPtfYMsf5T37jtkxjR3ZhRF3w,1,m1,m1,1,1,0,1,7.139,7.139,7.011,7.0113,0.0,2.07084087e-07,1.9094345529999998e-06,1223917.0,393852.0,830065.0,0.678204,-0.5,1,946689396,946689389,7,-0.139,7,0,1,1,0,0,,0,4,10,1,0
run6-tbt-10s,1,nazionale,10,none,true,100,441,5,1,3,3,1,m2,1AagzGnptAGnvYUunCiqyFBo5P7Zyq7h7kcijs,1,m2,m2,1,1,0,1,12.956,12.956,1.634,1.6341,0.0,1.28405563e-06,1.2622549400000002e-06,1223917.0,907489.0,316428.0,0.258537,0.167,1,946689410,946689396,14,1.044,12,2,1,1,0,0,,0,6,1,0,0
run6-tbt-10s,1,nazionale,10,none,true,100,442,5,1,3,3,1,m2,1AagzGnptAGnvYUunCiqyFBo5P7Zyq7h7kcijs,1,m2,m2,1,1,0,1,13.918,13.918,0.971,0.9707,0.0,1.8171041e-06,1.8596472700000001e-06,1223917.0,907489.0,316428.0,0.258537,0.0,1,946689424,946689410,14,0.082,13,1,1,1,0,0,,0,7,2,1,0
run6-tbt-10s,1,nazionale,10,none,true,100,443,5,1,3,3,1,m1,1VLpfZJuzKm3UcPtfYMsf5T37jtkxjR3ZhRF3w,1,m1,m1,1,1,0,1,7.287,7.287,7.049,7.0485,0.0,2.26424175e-07,2.171866425e-06,1223917.0,393852.0,830065.0,0.678204,-0.667,1,946689433,946689424,9,1.713,7,2,1,1,0,0,,0,4,1,0,0
run6-tbt-10s,1,nazionale,10,none,true,100,444,5,1,3,3,1,m1,1VLpfZJuzKm3UcPtfYMsf5T37jtkxjR3ZhRF3w,1,m1,m1,1,1,0,1,9.208,9.208,5.653,5.653,0.0,4.65268662e-07,5.6806065180000004e-06,1223917.0,393852.0,830065.0,0.678204,-0.667,1,946689443,946689433,10,0.792,9,1,1,1,0,0,,0,5,2,1,0
run6-tbt-10s,1,nazionale,10,none,true,100,445,5,1,3,3,1,m1,1VLpfZJuzKm3UcPtfYMsf5T37jtkxjR3ZhRF3w,1,m3,m3,1,0,1,2,12.516,12.622,0.106,0.1062,0.106,1.17137782e-06,3.7250290000000145e-08,1223917.0,1146493.0,77424.0,0.678204,-0.5,1,946689456,946689443,13,0.378,12,1,1,1,0,0,,0,5,3,1,0
run6-tbt-10s,1,nazionale,10,none,true,100,446,5,1,3,3,1,m1,1VLpfZJuzKm3UcPtfYMsf5T37jtkxjR3ZhRF3w,1,m1,m1,1,1,0,1,9.303,9.303,5.626,5.6261,0.0,4.69377418e-07,5.950292962e-06,1223917.0,393852.0,830065.0,0.678204,-0.333,1,946689466,946689456,10,0.697,9,1,1,1,0,0,,0,6,4,1,0
run6-tbt-10s,1,nazionale,10,none,true,100,447,5,1,3,3,1,m1,1VLpfZJuzKm3UcPtfYMsf5T37jtkxjR3ZhRF3w,1,m1,m1,1,1,0,1,7.328,7.328,7.571,7.5707,0.0,2.27296616e-07,7.487049953999999e-06,1223917.0,393852.0,830065.0,0.678204,-0.5,1,946689474,946689466,8,0.672,7,1,1,1,0,0,,0,3,5,1,0
run6-tbt-10s,1,nazionale,10,none,true,100,448,5,1,3,3,1,m1,1VLpfZJuzKm3UcPtfYMsf5T37jtkxjR3ZhRF3w,1,m1,m1,1,1,0,1,8.005,8.005,6.899,6.8993,0.0,3.01761808e-07,5.149831322e-06,1223917.0,393852.0,830065.0,0.678204,-0.417,1,946689482,946689474,8,-0.005,8,0,1,1,0,0,,0,4,6,1,0
run6-tbt-10s,1,nazionale,10,none,true,100,449,5,1,3,3,1,m1,1VLpfZJuzKm3UcPtfYMsf5T37jtkxjR3ZhRF3w,1,m1,m1,1,1,0,1,11.251,11.251,0.927,0.9265,0.0,8.01614513e-07,2.3196010699999999e-07,1223917.0,393852.0,830065.0,0.678204,0.0,1,946689494,946689482,12,0.749,11,1,1,1,0,0,,0,6,7,1,0
run6-tbt-10s,1,nazionale,10,none,true,100,450,5,1,3,3,1,m1,1VLpfZJuzKm3UcPtfYMsf5T37jtkxjR3ZhRF3w,1,m1,m1,1,1,0,1,14.617,14.617,0.243,0.2431,0.0,2.86690207e-06,1.36678266e-06,1223917.0,393852.0,830065.0,0.678204,-0.417,1,946689510,946689494,16,1.383,14,2,1,1,0,0,,0,7,8,1,0
run6-tbt-10s,1,nazionale,10,none,true,100,451,5,1,3,3,1,m1,1VLpfZJuzKm3UcPtfYMsf5T37jtkxjR3ZhRF3w,1,m1,m1,1,1,0,1,6.006,6.006,7.765,7.7645,0.0,1.01917106e-07,1.729655764e-06,1223917.0,393852.0,830065.0,0.678204,-0.833,1,946689516,946689510,6,-0.006,6,0,1,1,0,0,,0,2,9,1,0
run6-tbt-10s,1,nazionale,10,none,true,100,452,5,1,3,3,1,m1,1VLpfZJuzKm3UcPtfYMsf5T37jtkxjR3ZhRF3w,1,m1,m1,1,1,0,1,9.506,9.506,2.808,2.8086,0.0,5.06871452e-07,6.035748480000001e-07,1223917.0,393852.0,830065.0,0.678204,-0.583,1,946689526,946689516,10,0.494,9,1,1,1,0,0,,0,6,10,1,0
run6-tbt-10s,1,nazionale,10,none,true,100,453,5,1,3,3,1,m1,1VLpfZJuzKm3UcPtfYMsf5T37jtkxjR3ZhRF3w,1,m1,m1,1,1,0,1,6.489,6.489,8.133,8.1321,0.0,1.47926782e-07,3.001647268e-06,1223917.0,393852.0,830065.0,0.678204,-0.833,1,946689533,946689526,7,0.511,6,1,1,1,0,0,,0,1,11,1,0
run6-tbt-10s,1,nazionale,10,none,true,100,454,5,1,3,3,1,m1,1VLpfZJuzKm3UcPtfYMsf5T37jtkxjR3ZhRF3w,1,m1,m1,1,1,0,1,5.798,5.798,1.534,1.534,0.0,7.24126321e-08,1.498922619e-07,1223917.0,393852.0,830065.0,0.678204,-0.25,1,946689540,946689533,7,1.202,5,2,1,1,0,0,,0,3,12,1,0
run6-tbt-10s,1,nazionale,10,none,true,100,455,5,1,3,3,1,m1,1VLpfZJuzKm3UcPtfYMsf5T37jtkxjR3ZhRF3w,1,m1,m1,1,1,0,1,14.489,14.489,0.26,0.26,0.0,2.33006384e-06,4.890214900000001e-07,1223917.0,393852.0,830065.0,0.678204,0.333,1,946689555,946689540,15,0.511,14,1,1,1,0,0,,0,7,13,1,0
run6-tbt-10s,1,nazionale,10,none,true,100,456,5,1,3,3,1,m1,1VLpfZJuzKm3UcPtfYMsf5T37jtkxjR3ZhRF3w,1,m1,m1,1,1,0,1,7.818,7.818,7.149,7.1485,0.0,2.7427013e-07,1.0892643969999999e-05,1223917.0,393852.0,830065.0,0.678204,-0.167,1,946689564,946689555,9,1.182,7,2,1,1,0,0,,0,5,14,1,0
run6-tbt-10s,1,nazionale,10,none,true,100,457,5,1,3,3,1,m1,1VLpfZJuzKm3UcPtfYMsf5T37jtkxjR3ZhRF3w,1,m1,m1,1,1,0,1,7.781,7.781,7.168,7.1672,0.0,2.68178914e-07,4.3575107660000005e-06,1223917.0,393852.0,830065.0,0.678204,-0.083,1,946689573,946689564,9,1.219,7,2,1,1,0,0,,0,4,15,1,0
run6-tbt-10s,1,nazionale,10,none,true,100,458,5,1,3,3,1,m2,1AagzGnptAGnvYUunCiqyFBo5P7Zyq7h7kcijs,1,m2,m2,1,1,0,1,9.462,9.462,4.342,4.3424,0.0,4.75420561e-07,1.226169059e-06,1223917.0,907489.0,316428.0,0.258537,0.25,1,946689584,946689573,11,1.538,9,2,1,1,0,0,,0,6,1,0,0
run6-tbt-10s,1,nazionale,10,none,true,100,459,5,1,3,3,1,m1,1VLpfZJuzKm3UcPtfYMsf5T37jtkxjR3ZhRF3w,1,m1,m1,1,1,0,1,13.16,13.16,1.87,1.87,0.0,1.36856147e-06,5.22992135e-06,1223917.0,393852.0,830065.0,0.678204,0.167,1,946689598,946689584,14,0.84,13,1,1,1,0,0,,0,6,1,0,0
run6-tbt-10s,1,nazionale,10,none,true,100,460,5,1,3,3,1,m1,1VLpfZJuzKm3UcPtfYMsf5T37jtkxjR3ZhRF3w,1,m1,m1,1,1,0,1,11.138,11.138,3.789,3.7891,0.0,7.91558637e-07,5.235235653e-06,1223917.0,393852.0,830065.0,0.678204,-0.333,1,946689610,946689598,12,0.862,11,1,1,1,0,0,,0,5,2,1,0
run6-tbt-10s,1,nazionale,10,none,true,100,461,5,1,3,3,1,m1,1VLpfZJuzKm3UcPtfYMsf5T37jtkxjR3ZhRF3w,1,m1,m1,1,1,0,1,13.539,13.539,0.364,0.364,0.0,1.64962249e-06,2.6175373000000027e-07,1223917.0,393852.0,830065.0,0.678204,-0.667,1,946689624,946689610,14,0.461,13,1,1,1,0,0,,0,7,3,1,0
run6-tbt-10s,1,nazionale,10,none,true,100,462,5,1,3,3,1,m1,1VLpfZJuzKm3UcPtfYMsf5T37jtkxjR3ZhRF3w,1,m1,m1,1,1,0,1,8.914,8.914,1.575,1.5743,0.0,4.28463149e-07,2.5263250899999995e-07,1223917.0,393852.0,830065.0,0.678204,-0.833,1,946689634,946689624,10,1.086,8,2,1,1,0,0,,0,3,4,1,0
run6-tbt-10s,1,nazionale,10,none,true,100,463,5,1,3,3,1,m1,1VLpfZJuzKm3UcPtfYMsf5T37jtkxjR3ZhRF3w,1,m1,m1,1,1,0,1,7.84,7.84,1.751,1.7506,0.0,2.80627486e-07,2.31573984e-07,1223917.0,393852.0,830065.0,0.678204,-0.333,1,946689643,946689634,9,1.16,7,2,1,1,0,0,,0,6,5,1,0
run6-tbt-10s,1,nazionale,10,none,true,100,464,5,1,3,3,1,m1,1VLpfZJuzKm3UcPtfYMsf5T37jtkxjR3ZhRF3w,1,m1,m1,1,1,0,1,6.185,6.185,8.697,8.6969,0.0,1.13977015e-07,7.425702684999999e-06,1223917.0,393852.0,830065.0,0.678204,-0.583,1,946689650,946689643,7,0.815,6,1,1,1,0,0,,0,2,6,1,0
run6-tbt-10s,1,nazionale,10,none,true,100,465,5,1,3,3,1,m1,1VLpfZJuzKm3UcPtfYMsf5T37jtkxjR3ZhRF3w,1,m1,m1,1,1,0,1,14.658,14.658,0.206,0.2062,0.0,2.93519933e-06,1.12964982e-06,1223917.0,393852.0,830065.0,0.678204,-0.333,1,946689665,946689650,15,0.342,14,1,1,1,0,0,,0,6,7,1,0
run6-tbt-10s,1,nazionale,10,none,true,100,466,5,1,3,3,1,m1,1VLpfZJuzKm3UcPtfYMsf5T37jtkxjR3ZhRF3w,1,m1,m1,1,1,0,1,6.032,6.032,5.995,5.9943,0.0,1.07449787e-07,9.40413853e-07,1223917.0,393852.0,830065.0,0.678204,-1.0,1,946689672,946689665,7,0.968,6,1,1,1,0,0,,0,5,8,1,0
run6-tbt-10s,1,nazionale,10,none,true,100,467,5,1,3,3,1,m1,1VLpfZJuzKm3UcPtfYMsf5T37jtkxjR3ZhRF3w,1,m1,m1,1,1,0,1,14.788,14.788,0.01,0.0097,0.0,5.49765683e-06,1.3563337999999998e-06,1223917.0,393852.0,830065.0,0.678204,-1.0,1,946689687,946689672,15,0.212,14,1,1,1,0,0,,0,6,9,1,0
run6-tbt-10s,1,nazionale,10,none,true,100,468,5,1,3,3,1,m1,1VLpfZJuzKm3UcPtfYMsf5T37jtkxjR3ZhRF3w,1,m1,m1,1,1,0,1,13.296,13.296,1.477,1.4773,0.0,1.54770115e-06,3.28536021e-06,1223917.0,393852.0,830065.0,0.678204,-1.0,1,946689701,946689687,14,0.704,13,1,1,1,0,0,,0,6,10,1,0
run6-tbt-10s,1,nazionale,10,none,true,100,469,5,1,3,3,1,m1,1VLpfZJuzKm3UcPtfYMsf5T37jtkxjR3ZhRF3w,1,m1,m1,1,1,0,1,8.819,8.819,4.334,4.3348,0.0,4.3135663e-07,1.08484306e-06,1223917.0,393852.0,830065.0,0.678204,-1.417,1,946689711,946689701,10,1.181,8,2,1,1,0,0,,0,4,11,1,0
run6-tbt-10s,1,nazionale,10,none,true,100,470,5,1,3,3,1,m1,1VLpfZJuzKm3UcPtfYMsf5T37jtkxjR3ZhRF3w,1,m1,m1,1,1,0,1,4.901,4.901,9.785,9.7845,0.0,1.6608201e-08,5.336358749e-06,1223917.0,393852.0,830065.0,0.678204,-1.5,1,946689717,946689711,6,1.099,4,2,1,1,0,0,,0,3,12,1,0
run6-tbt-10s,1,nazionale,10,none,true,100,471,5,1,3,3,1,m1,1VLpfZJuzKm3UcPtfYMsf5T37jtkxjR3ZhRF3w,1,m1,m1,1,1,0,1,14.074,14.074,0.224,0.2241,0.0,2.16180518e-06,3.102212100000001e-07,1223917.0,393852.0,830065.0,0.678204,-1.083,1,946689731,946689717,14,-0.074,14,0,1,1,0,0,,0,6,13,1,0
run6-tbt-10s,1,nazionale,10,none,true,100,472,5,1,3,3,1,m1,1VLpfZJuzKm3UcPtfYMsf5T37jtkxjR3ZhRF3w,1,m1,m1,1,1,0,1,13.065,13.065,1.649,1.6495,0.0,1.43900159e-06,2.6279325600000002e-06,1223917.0,393852.0,830065.0,0.678204,-1.083,1,946689744,946689731,13,-0.065,13,0,1,1,0,0,,0,7,14,1,0
run6-tbt-10s,1,nazionale,10,none,true,100,473,5,1,3,3,1,m1,1VLpfZJuzKm3UcPtfYMsf5T37jtkxjR3ZhRF3w,1,m1,m1,1,1,0,1,9.061,9.061,5.464,5.4644,0.0,4.58422996e-07,2.5836620739999998e-06,1223917.0,393852.0,830065.0,0.678204,-1.167,1,946689754,946689744,10,0.939,9,1,1,1,0,0,,0,4,15,1,0
run6-tbt-10s,1,nazionale,10,none,true,100,474,5,1,3,3,1,m1,1VLpfZJuzKm3UcPtfYMsf5T37jtkxjR3ZhRF3w,1,m1,m1,1,1,0,1,7.031,7.031,7.761,7.7612,0.0,2.0273208e-07,4.28033925e-06,1223917.0,393852.0,830065.0,0.678204,-0.833,1,946689762,946689754,8,0.969,7,1,1,1,0,0,,0,4,16,1,0
run6-tbt-10s,1,nazionale,10,none,true,100,475,5,1,3,3,1,m2,1AagzGnptAGnvYUunCiqyFBo5P7Zyq7h7kcijs,1,m2,m2,1,1,0,1,7.834,7.834,5.644,5.6447,0.0,2.87586526e-07,1.325753504e-06,1223917.0,907489.0,316428.0,0.258537,-0.667,1,946689772,946689762,10,2.166,7,3,1,1,0,0,,0,4,1,0,0
run6-tbt-10s,1,nazionale,10,none,true,100,476,5,1,3,3,1,m2,1AagzGnptAGnvYUunCiqyFBo5P7Zyq7h7kcijs,1,m2,m2,1,1,0,1,7.242,7.242,7.318,7.3177,0.0,2.23357732e-07,2.668137188e-06,1223917.0,907489.0,316428.0,0.258537,-0.75,1,946689780,946689772,8,0.758,7,1,1,1,0,0,,0,3,2,1,0
run6-tbt-10s,1,nazionale,10,none,true,100,477,5,1,3,3,1,m2,1AagzGnptAGnvYUunCiqyFBo5P7Zyq7h7kcijs,1,m2,m2,1,1,0,1,4.842,4.842,8.42,8.4204,0.0,7.05757334e-10,1.511539992666e-06,1223917.0,907489.0,316428.0,0.258537,-0.833,1,946689785,946689780,5,0.158,4,1,1,1,0,0,,0,5,3,1,0
run6-tbt-10s,1,nazionale,10,none,true,100,478,5,1,3,3,1,m1,1VLpfZJuzKm3UcPtfYMsf5T37jtkxjR3ZhRF3w,1,m1,m1,1,1,0,1,7.072,7.072,7.924,7.9237,0.0,1.89690713e-07,6.1342377870000005e-06,1223917.0,393852.0,830065.0,0.678204,0.0,1,946689794,946689785,9,1.928,7,2,1,1,0,0,,0,3,1,0,0
run6-tbt-10s,1,nazionale,10,none,true,100,479,5,1,3,3,1,m1,1VLpfZJuzKm3UcPtfYMsf5T37jtkxjR3ZhRF3w,1,m1,m1,1,1,0,1,11.402,11.402,3.565,3.5647,0.0,8.42781028e-07,1.4664444671999999e-05,1223917.0,393852.0,830065.0,0.678204,-0.167,1,946689806,946689794,12,0.598,11,1,1,1,0,0,,0,6,2,1,0
run6-tbt-10s,1,nazionale,10,none,true,100,480,5,1,3,3,1,m1,1VLpfZJuzKm3UcPtfYMsf5T37jtkxjR3ZhRF3w,1,m1,m1,1,1,0,1,5.403,5.403,9.539,9.5391,0.0,3.21921788e-08,3.9697237511999995e-06,1223917.0,393852.0,830065.0,0.678204,0.083,1,946689811,946689806,5,-0.403,5,0,1,1,0,0,,0,2,3,1,0
run6-tbt-10s,1,nazionale,10,none,true,100,481,5,1,3,3,1,m1,1VLpfZJuzKm3UcPtfYMsf5T37jtkxjR3ZhRF3w,1,m1,m1,1,1,0,1,14.451,14.451,0.07,0.0708,0.0,2.15410479e-06,8.502047999999979e-08,1223917.0,393852.0,830065.0,0.678204,0.833,1,946689827,946689811,16,1.549,14,2,1,1,0,0,,0,8,4,1,0
run6-tbt-10s,1,nazionale,10,none,true,100,482,5,1,3,3,1,m1,1VLpfZJuzKm3UcPtfYMsf5T37jtkxjR3ZhRF3w,1,m1,m1,1,1,0,1,9.805,9.805,2.505,2.5053,0.0,5.24674329e-07,5.28262691e-07,1223917.0,393852.0,830065.0,0.678204,0.333,1,946689837,946689827,10,0.195,9,1,1,1,0,0,,0,4,5,1,0
run6-tbt-10s,1,nazionale,10,none,true,100,483,5,1,3,3,1,m1,1VLpfZJuzKm3UcPtfYMsf5T37jtkxjR3ZhRF3w,1,m1,m1,1,1,0,1,12.303,12.303,2.673,2.6728,0.0,1.07074272e-06,3.85286814e-06,1223917.0,393852.0,830065.0,0.678204,0.0,1,946689850,946689837,13,0.697,12,1,1,1,0,0,,0,7,6,1,0
run6-tbt-10s,1,nazionale,10,none,true,100,484,5,1,3,3,1,m1,1VLpfZJuzKm3UcPtfYMsf5T37jtkxjR3ZhRF3w,1,m1,m1,1,1,0,1,14.925,14.925,0.079,0.0787,0.0,3.83225731e-06,1.5887860699999996e-06,1223917.0,393852.0,830065.0,0.678204,0.083,1,946689865,946689850,15,0.075,14,1,1,1,0,0,,0,6,7,1,0
run6-tbt-10s,1,nazionale,10,none,true,100,485,5,1,3,3,1,m2,1AagzGnptAGnvYUunCiqyFBo5P7Zyq7h7kcijs,1,m2,m2,1,1,0,1,10.898,10.898,2.302,2.3016,0.0,7.31439191e-07,6.771101790000001e-07,1223917.0,907489.0,316428.0,0.258537,-0.083,1,946689878,946689865,13,2.102,10,3,1,1,0,0,,0,5,1,0,0
run6-tbt-10s,1,nazionale,10,none,true,100,486,5,1,3,3,1,m2,1AagzGnptAGnvYUunCiqyFBo5P7Zyq7h7kcijs,1,m2,m2,1,1,0,1,5.655,5.655,0.788,0.7878,0.0,6.12073249e-08,7.25053901e-08,1223917.0,907489.0,316428.0,0.258537,-0.333,1,946689884,946689878,6,0.345,5,1,1,1,0,0,,0,4,2,1,0
run6-tbt-10s,1,nazionale,10,none,true,100,487,5,1,3,3,1,m1,1VLpfZJuzKm3UcPtfYMsf5T37jtkxjR3ZhRF3w,1,m1,m1,1,1,0,1,6.156,6.156,3.931,3.9311,0.0,1.03416886e-07,4.8276928e-07,1223917.0,393852.0,830065.0,0.678204,-0.167,1,946689892,946689884,8,1.844,6,2,1,1,0,0,,0,3,1,0,0
run6-tbt-10s,1,nazionale,10,none,true,100,488,5,1,3,3,1,m1,1VLpfZJuzKm3UcPtfYMsf5T37jtkxjR3ZhRF3w,1,m2,m2,1,0,1,2,13.646,14.753,1.107,1.1064,1.107,1.63378739e-06,1.38851791e-06,1223917.0,907489.0,316428.0,0.678204,0.0,1,946689907,946689892,15,0.247,14,1,1,1,1,1,00b0cf97154fcec5f29ab09aca084d59cbd1955c8fe8826ca423d2f80db9fc63,0,7,2,1,0
run6-tbt-10s,1,nazionale,10,none,true,100,489,5,1,3,3,1,m1,1VLpfZJuzKm3UcPtfYMsf5T37jtkxjR3ZhRF3w,1,m1,m1,1,1,0,1,5.337,5.337,8.023,8.0229,0.0,3.79558525e-08,1.4995424875e-06,1223917.0,393852.0,830065.0,0.678204,-0.583,1,946689913,946689907,6,0.663,5,1,1,1,0,0,,0,3,3,1,0
run6-tbt-10s,1,nazionale,10,none,true,100,490,5,1,3,3,1,m1,1VLpfZJuzKm3UcPtfYMsf5T37jtkxjR3ZhRF3w,1,m1,m1,1,1,0,1,14.187,14.187,0.066,0.0661,0.0,2.19658283e-06,8.349293000000011e-08,1223917.0,393852.0,830065.0,0.678204,-0.667,1,946689927,946689913,14,-0.187,14,0,1,1,0,0,,0,7,4,1,0
run6-tbt-10s,1,nazionale,10,none,true,100,491,5,1,3,3,1,m1,1VLpfZJuzKm3UcPtfYMsf5T37jtkxjR3ZhRF3w,1,m1,m1,1,1,0,1,9.43,9.43,0.753,0.753,0.0,5.10610363e-07,1.23862466e-07,1223917.0,393852.0,830065.0,0.678204,-1.083,1,946689937,946689927,10,0.57,9,1,1,1,0,0,,0,3,5,1,0
run6-tbt-10s,1,nazionale,10,none,true,100,492,5,1,3,3,1,m1,1VLpfZJuzKm3UcPtfYMsf5T37jtkxjR3ZhRF3w,1,m2,m2,1,0,1,2,14.727,14.788,0.061,0.0606,0.061,3.85408005e-06,9.244795e-07,1223917.0,907489.0,316428.0,0.678204,-0.917,1,946689952,946689937,15,0.212,14,1,1,1,0,0,,0,7,6,1,0
run6-tbt-10s,1,nazionale,10,none,true,100,493,5,1,3,3,1,m1,1VLpfZJuzKm3UcPtfYMsf5T37jtkxjR3ZhRF3w,1,m1,m1,1,1,0,1,11.531,11.531,2.475,2.4758,0.0,9.51821739e-07,1.289599821e-06,1223917.0,393852.0,830065.0,0.678204,-1.75,1,946689964,946689952,12,0.469,11,1,1,1,0,0,,0,5,7,1,0
run6-tbt-10s,1,nazionale,10,none,true,100,494,5,1,3,3,1,m2,1AagzGnptAGnvYUunCiqyFBo5P7Zyq7h7kcijs,1,m2,m2,1,1,0,1,6.628,6.628,7.934,7.9344,0.0,1.73308297e-07,3.2348221729999998e-06,1223917.0,907489.0,316428.0,0.258537,-1.417,1,946689973,946689964,9,2.372,6,3,1,1,0,0,,0,5,1,0,0
run6-tbt-10s,1,nazionale,10,none,true,100,495,5,1,3,3,1,m2,1AagzGnptAGnvYUunCiqyFBo5P7Zyq7h7kcijs,1,m1,m1,1,0,1,2,7.731,7.991,0.26,0.2602,0.26,2.91160451e-07,3.094075499999997e-08,1223917.0,393852.0,830065.0,0.258537,-1.333,1,946689982,946689973,9,1.009,7,2,1,1,0,0,,0,5,2,1,0
run6-tbt-10s,1,nazionale,10,none,true,100,496,5,1,3,3,1,m1,1VLpfZJuzKm3UcPtfYMsf5T37jtkxjR3ZhRF3w,1,m1,m1,1,1,0,1,5.803,5.803,8.862,8.8615,0.0,8.63574193e-08,3.4281649607e-06,1223917.0,393852.0,830065.0,0.678204,-1.0,1,946689990,946689982,8,2.197,5,3,1,1,0,0,,0,3,1,0,0
run6-tbt-10s,1,nazionale,10,none,true,100,497,5,1,3,3,1,m1,1VLpfZJuzKm3UcPtfYMsf5T37jtkxjR3ZhRF3w,1,m2,m2,1,0,1,2,10.865,11.595,0.73,0.7299,0.73,7.38112652e-07,1.62288871e-07,1223917.0,907489.0,316428.0,0.678204,-0.417,1,946690002,946689990,12,0.405,11,1,1,1,1,1,006b4a0070eaef606e9888db226e189d87953cf2fc25c1ea4fd21c07b6a60d26,0,6,2,1,0
run6-tbt-10s,1,nazionale,10,none,true,100,498,5,1,3,3,1,m1,1VLpfZJuzKm3UcPtfYMsf5T37jtkxjR3ZhRF3w,1,m3,m3,1,0,1,2,11.39,11.564,0.174,0.1735,0.174,8.47731941e-07,4.101542800000007e-08,1223917.0,1146493.0,77424.0,0.678204,-0.333,1,946690014,946690002,12,0.436,11,1,1,1,0,0,,0,4,3,1,0
run6-tbt-10s,1,nazionale,10,none,true,100,499,5,1,3,3,1,m1,1VLpfZJuzKm3UcPtfYMsf5T37jtkxjR3ZhRF3w,1,m1,m1,1,1,0,1,11.679,11.679,2.008,2.0079,0.0,9.42614028e-07,8.267860819999999e-07,1223917.0,393852.0,830065.0,0.678204,-0.833,1,946690026,946690014,12,0.321,11,1,1,1,0,0,,0,7,4,1,0
run6-tbt-10s,1,nazionale,10,none,true,100,500,6,0,3,3,1,m1,1VLpfZJuzKm3UcPtfYMsf5T37jtkxjR3ZhRF3w,1,m1,m1,1,1,0,1,14.143,14.143,0.472,0.4721,0.0,2.26710157e-06,1.1558590700000002e-06,1223917.0,393852.0,830065.0,0.678204,-1.167,1,946690040,946690026,14,-0.143,14,0,1,1,0,0,,0,5,5,1,0
run6-tbt-10s,1,nazionale,10,none,true,100,501,6,0,3,3,1,m3,1CsyzTjErfmoC3PFDMJbGZZqJu6EUYCh2wKkBq,1,m2,m2,1,0,1,2,14.01,14.123,0.113,0.113,0.113,2.09142591e-06,1.290638499999997e-07,1223917.0,907489.0,316428.0,0.063259,-1.083,1,946690055,946690040,15,0.877,14,1,1,1,0,0,,0,10,1,0,0
run6-tbt-10s,1,nazionale,10,none,true,100,502,6,0,3,3,1,m1,1VLpfZJuzKm3UcPtfYMsf5T37jtkxjR3ZhRF3w,1,m1,m1,1,1,0,1,10.96,10.96,3.61,3.6097,0.0,8.18353034e-07,3.3196045959999997e-06,1223917.0,393852.0,830065.0,0.678204,-1.833,1,946690067,946690055,12,1.04,10,2,1,1,0,0,,0,5,1,0,0
run6-tbt-10s,1,nazionale,10,none,true,100,503,6,0,3,3,1,m1,1VLpfZJuzKm3UcPtfYMsf5T37jtkxjR3ZhRF3w,1,m1,m1,1,1,0,1,9.994,9.994,4.665,4.665,0.0,6.21589002e-07,5.2035663180000005e-06,1223917.0,393852.0,830065.0,0.678204,-1.667,1,946690078,946690067,11,1.006,9,2,1,1,0,0,,0,4,2,1,0
run6-tbt-10s,1,nazionale,10,none,true,100,504,6,0,3,3,1,m1,1VLpfZJuzKm3UcPtfYMsf5T37jtkxjR3ZhRF3w,1,m1,m1,1,1,0,1,10.941,10.941,3.551,3.5513,0.0,8.10262949e-07,2.577802141e-06,1223917.0,393852.0,830065.0,0.678204,-1.75,1,946690089,946690078,11,0.059,10,1,1,1,0,0,,0,8,3,1,0
run6-tbt-10s,1,nazionale,10,none,true,100,505,6,0,3,3,1,m2,1AagzGnptAGnvYUunCiqyFBo5P7Zyq7h7kcijs,1,m2,m2,1,1,0,1,9.004,9.004,2.576,2.5761,0.0,4.57480568e-07,4.898634850000001e-07,1223917.0,907489.0,316428.0,0.258537,-1.417,1,946690100,946690089,11,1.996,9,2,1,1,0,0,,0,4,1,0,0
run6-tbt-10s,1,nazionale,10,none,true,100,506,6,0,3,3,1,m2,1AagzGnptAGnvYUunCiqyFBo5P7Zyq7h7kcijs,1,m1,m1,1,0,1,2,11.968,12.994,1.026,1.0255,1.026,1.05030074e-06,3.7860974000000004e-07,1223917.0,393852.0,830065.0,0.258537,-1.333,1,946690113,946690100,13,0.006,12,1,1,1,1,1,00a96cffc8be710ab77266a09d2d725bcc11dde988526072906a2318663fbc05,0,9,2,1,0
run6-tbt-10s,1,nazionale,10,none,true,100,507,6,0,3,3,1,m2,1AagzGnptAGnvYUunCiqyFBo5P7Zyq7h7kcijs,1,m2,m2,1,1,0,1,8.228,8.228,2.176,2.1755,0.0,3.67203898e-07,3.4385585199999994e-07,1199128.0,887762.0,311366.0,0.25966,-1.667,1,946690122,946690113,9,0.772,8,1,1,1,0,0,,0,6,3,1,0
run6-tbt-10s,1,nazionale,10,none,true,100,508,6,0,3,3,1,m1,1VLpfZJuzKm3UcPtfYMsf5T37jtkxjR3ZhRF3w,1,m1,m1,1,1,0,1,13.063,13.063,0.674,0.6738,0.0,1.52646773e-06,4.5462565000000014e-07,1199128.0,387798.0,811330.0,0.6766,-1.667,1,946690136,946690122,14,0.937,13,1,1,1,1,1,00e61bdc30fff2f3ecaf4c95306c8032ef6cb50e3875374e75fff32ce975bd93,0,5,1,0,0
run6-tbt-10s,1,nazionale,10,none,true,100,509,6,0,3,3,1,m1,1VLpfZJuzKm3UcPtfYMsf5T37jtkxjR3ZhRF3w,1,m1,m1,1,1,0,1,7.372,7.372,4.837,4.837,0.0,2.74556825e-07,9.303814849999999e-07,1199128.0,387798.0,811330.0,0.6766,-2.167,1,946690144,946690136,8,0.628,7,1,1,1,0,0,,0,4,2,1,0
run6-tbt-10s,1,nazionale,10,none,true,100,510,6,0,3,3,1,m1,1VLpfZJuzKm3UcPtfYMsf5T37jtkxjR3ZhRF3w,1,m1,m1,1,1,0,1,8.958,8.958,5.077,5.0766,0.0,4.72394718e-07,1.875620692e-06,1199128.0,387798.0,811330.0,0.6766,-1.833,1,946690154,946690144,10,1.042,8,2,1,1,0,0,,0,4,3,1,0
run6-tbt-10s,1,nazionale,10,none,true,100,511,6,0,3,3,1,m1,1VLpfZJuzKm3UcPtfYMsf5T37jtkxjR3ZhRF3w,1,m1,m1,1,1,0,1,5.615,5.615,8.552,8.5523,0.0,8.30713846e-08,2.4158462954e-06,1199128.0,387798.0,811330.0,0.6766,-1.667,1,946690160,946690154,6,0.385,5,1,1,1,0,0,,0,3,4,1,0
run6-tbt-10s,1,nazionale,10,none,true,100,512,6,0,3,3,1,m1,1VLpfZJuzKm3UcPtfYMsf5T37jtkxjR3ZhRF3w,1,m1,m1,1,1,0,1,10.874,10.874,3.402,3.4015,0.0,7.86872123e-07,1.7267285369999998e-06,1199128.0,387798.0,811330.0,0.6766,-1.167,1,946690171,946690160,11,0.126,10,1,1,1,0,0,,0,6,5,1,0
run6-tbt-10s,1,nazionale,10,none,true,100,513,6,0,3,3,1,m1,1VLpfZJuzKm3UcPtfYMsf5T37jtkxjR3ZhRF3w,1,m1,m1,1,1,0,1,12.511,12.511,1.311,1.3104,0.0,1.22359484e-06,7.0067096e-07,1199128.0,387798.0,811330.0,0.6766,-0.917,1,946690184,946690171,13,0.489,12,1,1,1,0,0,,0,6,6,1,0
run6-tbt-10s,1,nazionale,10,none,true,100,514,6,0,3,3,1,m2,1AagzGnptAGnvYUunCiqyFBo5P7Zyq7h7kcijs,1,m2,m2,1,1,0,1,11.827,11.827,2.256,2.2557,0.0,9.97807002e-07,1.1438741280000001e-06,1199128.0,887762.0,311366.0,0.25966,-0.75,1,946690198,946690184,14,2.173,11,3,1,1,0,0,,0,5,1,0,0
run6-tbt-10s,1,nazionale,10,none,true,100,515,6,0,3,3,1,m1,1VLpfZJuzKm3UcPtfYMsf5T37jtkxjR3ZhRF3w,1,m1,m1,1,1,0,1,13.581,13.581,1.178,1.1778,0.0,1.74379861e-06,2.5544766999999996e-06,1199128.0,387798.0,811330.0,0.6766,-0.917,1,946690213,946690198,15,1.419,13,2,1,1,1,1,00ef1a1e5c43d4ae85c2fdfe3e3b511980769ad755a84b8097ae3c669da8148c,0,6,1,0,0
run6-tbt-10s,1,nazionale,10,none,true,100,516,6,0,3,3,1,m1,1VLpfZJuzKm3UcPtfYMsf5T37jtkxjR3ZhRF3w,1,m1,m1,1,1,0,1,7.457,7.457,5.41,5.4102,0.0,2.63253964e-07,1.129262186e-06,1199128.0,387798.0,811330.0,0.6766,-1.25,1,946690221,946690213,8,0.543,7,1,1,1,0,0,,0,4,2,1,0
run6-tbt-10s,1,nazionale,10,none,true,100,517,6,0,3,3,1,m2,1AagzGnptAGnvYUunCiqyFBo5P7Zyq7h7kcijs,1,m2,m2,1,1,0,1,7.759,7.759,6.498,6.4981,0.0,2.92523097e-07,2.136455763e-06,1199128.0,887762.0,311366.0,0.25966,-1.0,1,946690231,946690221,10,2.241,7,3,1,1,0,0,,0,6,1,0,0
run6-tbt-10s,1,nazionale,10,none,true,100,518,6,0,3,3,1,m2,1AagzGnptAGnvYUunCiqyFBo5P7Zyq7h7kcijs,1,m1,m1,1,0,1,2,12.516,12.662,0.146,0.146,0.146,1.22521452e-06,5.467409999999994e-08,1199128.0,387798.0,811330.0,0.25966,-0.917,1,946690244,946690231,13,0.338,12,1,1,1,0,0,,0,5,2,1,0
run6-tbt-10s,1,nazionale,10,none,true,100,519,6,0,3,3,1,m2,1AagzGnptAGnvYUunCiqyFBo5P7Zyq7h7kcijs,1,m2,m2,1,1,0,1,9.591,9.591,4.193,4.1933,0.0,5.41251547e-07,1.352503683e-06,1199128.0,887762.0,311366.0,0.25966,-0.917,1,946690254,946690244,10,0.409,9,1,1,1,0,0,,0,4,3,1,0
run6-tbt-10s,1,nazionale,10,none,true,100,520,6,0,3,3,1,m1,1VLpfZJuzKm3UcPtfYMsf5T37jtkxjR3ZhRF3w,1,m1,m1,1,1,0,1,6.801,6.801,7.33,7.3293,0.0,1.86236291e-07,2.0688696689999998e-06,1199128.0,387798.0,811330.0,0.6766,-1.0,1,946690263,946690254,9,2.199,6,3,1,1,0,0,,0,5,1,0,0
run6-tbt-10s,1,nazionale,10,none,true,100,521,6,0,3,3,1,m1,1VLpfZJuzKm3UcPtfYMsf5T37jtkxjR3ZhRF3w,1,m1,m1,1,1,0,1,14.846,14.846,0.033,0.0335,0.0,4.66009863e-06,1.8883500000000003e-06,1199128.0,387798.0,811330.0,0.6766,-0.583,1,946690278,946690263,15,0.154,14,1,1,1,0,0,,0,7,2,1,0
run6-tbt-10s,1,nazionale,10,none,true,100,522,6,0,3,3,1,m1,1VLpfZJuzKm3UcPtfYMsf5T37jtkxjR3ZhRF3w,1,m1,m1,1,1,0,1,6.669,6.669,5.846,5.8458,0.0,1.75981337e-07,1.067349603e-06,1199128.0,387798.0,811330.0,0.6766,-1.167,1,946690286,946690278,8,1.331,6,2,1,1,0,0,,0,2,3,1,0
run6-tbt-10s,1,nazionale,10,none,true,100,523,6,0,3,3,1,m2,1AagzGnptAGnvYUunCiqyFBo5P7Zyq7h7kcijs,1,m2,m2,1,1,0,1,8.085,8.085,5.369,5.3684,0.0,3.32160087e-07,1.340115833e-06,1199128.0,887762.0,311366.0,0.25966,-1.0,1,946690296,946690286,10,1.915,8,2,1,1,0,0,,0,6,1,0,0
run6-tbt-10s,1,nazionale,10,none,true,100,524,6,0,3,3,1,m1,1VLpfZJuzKm3UcPtfYMsf5T37jtkxjR3ZhRF3w,1,m1,m1,1,1,0,1,10.631,10.631,2.21,2.2101,0.0,7.43124557e-07,6.45383103e-07,1199128.0,387798.0,811330.0,0.6766,-1.333,1,946690308,946690296,12,1.369,10,2,1,1,0,0,,0,4,1,0,0
run6-tbt-10s,1,nazionale,10,none,true,100,525,6,0,3,3,1,m1,1VLpfZJuzKm3UcPtfYMsf5T37jtkxjR3ZhRF3w,1,m1,m1,1,1,0,1,7.81,7.81,6.462,6.4626,0.0,3.08587651e-07,2.2878062889999998e-06,1199128.0,387798.0,811330.0,0.6766,-1.417,1,946690317,946690308,9,1.19,7,2,1,1,0,0,,0,5,2,1,0
run6-tbt-10s,1,nazionale,10,none,true,100,526,6,0,3,3,1,m2,1AagzGnptAGnvYUunCiqyFBo5P7Zyq7h7kcijs,1,m2,m2,1,1,0,1,6.875,6.875,4.344,4.3432,0.0,1.95751182e-07,6.64488069e-07,1199128.0,887762.0,311366.0,0.25966,-1.083,1,946690325,946690317,8,1.125,6,2,1,1,0,0,,0,4,1,0,0
run6-tbt-10s,1,nazionale,10,none,true,100,527,6,0,3,3,1,m1,1VLpfZJuzKm3UcPtfYMsf5T37jtkxjR3ZhRF3w,1,m1,m1,1,1,0,1,11.015,11.015,3.868,3.8686,0.0,7.91980702e-07,1.0501121298e-05,1199128.0,387798.0,811330.0,0.6766,-0.583,1,946690339,946690325,14,2.985,11,3,1,1,0,0,,0,5,1,0,0
run6-tbt-10s,1,nazionale,10,none,true,100,528,6,0,3,3,1,m1,1VLpfZJuzKm3UcPtfYMsf5T37jtkxjR3ZhRF3w,1,m1,m1,1,1,0,1,12.453,12.453,0.455,0.4548,0.0,1.17383895e-06,1.7147985000000014e-07,1199128.0,387798.0,811330.0,0.6766,-0.5,1,946690352,946690339,13,0.547,12,1,1,1,0,0,,0,7,2,1,0
run6-tbt-10s,1,nazionale,10,none,true,100,529,6,0,3,3,1,m1,1VLpfZJuzKm3UcPtfYMsf5T37jtkxjR3ZhRF3w,1,m1,m1,1,1,0,1,7.338,7.338,3.633,3.6335,0.0,2.42253143e-07,5.54719402e-07,1199128.0,387798.0,811330.0,0.6766,-0.917,1,946690359,946690352,7,-0.338,7,0,1,1,0,0,,0,3,3,1,0
run6-tbt-10s,1,nazionale,10,none,true,100,530,6,0,3,3,1,m1,1VLpfZJuzKm3UcPtfYMsf5T37jtkxjR3ZhRF3w,1,m1,m1,1,1,0,1,7.386,7.386,7.384,7.384,0.0,2.42096059e-07,3.628613451e-06,1199128.0,387798.0,811330.0,0.6766,-0.667,1,946690367,946690359,8,0.614,7,1,1,1,0,0,,0,5,4,1,0
run6-tbt-10s,1,nazionale,10,none,true,100,531,6,0,3,3,1,m2,1AagzGnptAGnvYUunCiqyFBo5P7Zyq7h7kcijs,1,m2,m2,1,1,0,1,9.363,9.363,4.13,4.1296,0.0,4.85495311e-07,1.120715439e-06,1199128.0,887762.0,311366.0,0.25966,-0.25,1,946690378,946690367,11,1.637,9,2,1,1,0,0,,0,4,1,0,0
run6-tbt-10s,1,nazionale,10,none,true,100,532,6,0,3,3,1,m2,1AagzGnptAGnvYUunCiqyFBo5P7Zyq7h7kcijs,1,m2,m2,1,1,0,1,10.886,10.886,2.267,2.2677,0.0,7.54253197e-07,6.85087153e-07,1199128.0,887762.0,311366.0,0.25966,-0.333,1,946690389,946690378,11,0.114,10,1,1,1,0,0,,0,5,2,1,0
run6-tbt-10s,1,nazionale,10,none,true,100,533,6,0,3,3,1,m2,1AagzGnptAGnvYUunCiqyFBo5P7Zyq7h7kcijs,1,m2,m2,1,1,0,1,10.458,10.458,3.833,3.8329,0.0,6.76684258e-07,1.6566710519999998e-06,1199128.0,887762.0,311366.0,0.25966,-0.5,1,946690400,946690389,11,0.542,10,1,1,1,0,0,,0,5,3,1,0
run6-tbt-10s,1,nazionale,10,none,true,100,534,6,0,3,3,1,m1,1VLpfZJuzKm3UcPtfYMsf5T37jtkxjR3ZhRF3w,1,m1,m1,1,1,0,1,8.462,8.462,6.357,6.3562,0.0,3.58695134e-07,3.154193666e-06,1199128.0,387798.0,811330.0,0.6766,-0.167,1,946690410,946690400,10,1.538,8,2,1,1,0,0,,0,5,1,0,0
run6-tbt-10s,1,nazionale,10,none,true,100,535,6,0,3,3,1,m1,1VLpfZJuzKm3UcPtfYMsf5T37jtkxjR3ZhRF3w,1,m1,m1,1,1,0,1,7.297,7.297,5.827,5.8278,0.0,2.24841331e-07,1.2010950789999999e-06,1199128.0,387798.0,811330.0,0.6766,-0.333,1,946690418,946690410,8,0.703,7,1,1,1,0,0,,0,3,2,1,0
run6-tbt-10s,1,nazionale,10,none,true,100,536,6,0,3,3,1,m1,1VLpfZJuzKm3UcPtfYMsf5T37jtkxjR3ZhRF3w,1,m2,m2,1,0,1,2,11.394,12.285,0.891,0.8914,0.891,8.58274242e-07,2.3932254800000014e-07,1199128.0,887762.0,311366.0,0.6766,-0.167,1,946690431,946690418,13,0.715,12,1,1,1,1,1,007b88ae8f2c244e9d216665b1b5d40b7deb332728d8b92396a80bffb70f9920,0,6,3,1,0
run6-tbt-10s,1,nazionale,10,none,true,100,537,6,0,3,3,1,m1,1VLpfZJuzKm3UcPtfYMsf5T37jtkxjR3ZhRF3w,1,m1,m1,1,1,0,1,11.571,11.571,3.373,3.3733,0.0,9.04707698e-07,5.255319492e-06,1199128.0,387798.0,811330.0,0.6766,-0.25,1,946690443,946690431,12,0.429,11,1,1,1,0,0,,0,6,4,1,0
run6-tbt-10s,1,nazionale,10,none,true,100,538,6,0,3,3,1,m1,1VLpfZJuzKm3UcPtfYMsf5T37jtkxjR3ZhRF3w,1,m1,m1,1,1,0,1,10.168,10.168,0.92,0.9206,0.0,6.23956521e-07,1.8040985499999996e-07,1199128.0,387798.0,811330.0,0.6766,-0.5,1,946690454,946690443,11,0.832,10,1,1,1,0,0,,0,5,5,1,0
run6-tbt-10s,1,nazionale,10,none,true,100,539,6,0,3,3,1,m1,1VLpfZJuzKm3UcPtfYMsf5T37jtkxjR3ZhRF3w,1,m1,m1,1,1,0,1,9.365,9.365,4.687,4.687,0.0,5.00824506e-07,1.6074880639999998e-06,1199128.0,387798.0,811330.0,0.6766,-0.75,1,946690464,946690454,10,0.635,9,1,1,1,0,0,,0,4,6,1,0
run6-tbt-10s,1,nazionale,10,none,true,100,540,6,0,3,3,1,m1,1VLpfZJuzKm3UcPtfYMsf5T37jtkxjR3ZhRF3w,1,m1,m1,1,1,0,1,11.363,11.363,2.288,2.2877,0.0,8.62908571e-07,8.609361489999999e-07,1199128.0,387798.0,811330.0,0.6766,-0.417,1,946690476,946690464,12,0.637,11,1,1,1,0,0,,0,5,7,1,0
run6-tbt-10s,1,nazionale,10,none,true,100,541,6,0,3,3,1,m1,1VLpfZJuzKm3UcPtfYMsf5T37jtkxjR3ZhRF3w,1,m1,m1,1,1,0,1,8.701,8.701,5.801,5.8013,0.0,3.9425125e-07,2.2268149599999996e-06,1199128.0,387798.0,811330.0,0.6766,-0.333,1,946690485,946690476,9,0.299,8,1,1,1,0,0,,0,4,8,1,0
run6-tbt-10s,1,nazionale,10,none,true,100,542,6,0,3,3,1,m2,1AagzGnptAGnvYUunCiqyFBo5P7Zyq7h7kcijs,1,m2,m2,1,1,0,1,9.055,9.055,4.408,4.4078,0.0,4.47805973e-07,1.169872887e-06,1199128.0,887762.0,311366.0,0.25966,-0.5,1,946690496,946690485,11,1.945,9,2,1,1,0,0,,0,6,1,0,0
run6-tbt-10s,1,nazionale,10,none,true,100,543,6,0,3,3,1,m1,1VLpfZJuzKm3UcPtfYMsf5T37jtkxjR3ZhRF3w,1,m1,m1,1,1,0,1,8.389,8.389,6.461,6.4609,0.0,3.64283047e-07,1.3189849653e-05,1199128.0,387798.0,811330.0,0.6766,-0.75,1,946690506,946690496,10,1.611,8,2,1,1,0,0,,0,5,1,0,0
run6-tbt-10s,1,nazionale,10,none,true,100,544,6,0,3,3,1,m1,1VLpfZJuzKm3UcPtfYMsf5T37jtkxjR3ZhRF3w,1,m1,m1,1,1,0,1,4.883,4.883,2.62,2.6194,0.0,1.3904182e-09,2.537860428e-07,1199128.0,387798.0,811330.0,0.6766,-0.667,1,946690511,946690506,5,0.117,4,1,1,1,0,0,,0,2,2,1,0
run6-tbt-10s,1,nazionale,10,none,true,100,545,6,0,3,3,1,m1,1VLpfZJuzKm3UcPtfYMsf5T37jtkxjR3ZhRF3w,1,m1,m1,1,1,0,1,9.527,9.527,5.438,5.4385,0.0,5.07690768e-07,6.785320342e-06,1199128.0,387798.0,811330.0,0.6766,-0.167,1,946690521,946690511,10,0.473,9,1,1,1,0,0,,0,6,3,1,0
run6-tbt-10s,1,nazionale,10,none,true,100,546,6,0,3,3,1,m1,1VLpfZJuzKm3UcPtfYMsf5T37jtkxjR3ZhRF3w,1,m2,m2,1,0,1,2,10.321,10.89,0.569,0.5687,0.569,6.36339563e-07,1.0847573199999995e-07,1199128.0,887762.0,311366.0,0.6766,-0.083,1,946690532,946690521,11,0.11,10,1,1,1,0,0,,0,3,4,1,0
run6-tbt-10s,1,nazionale,10,none,true,100,547,6,0,3,3,1,m1,1VLpfZJuzKm3UcPtfYMsf5T37jtkxjR3ZhRF3w,1,m1,m1,1,1,0,1,13.886,13.886,1.081,1.0807,0.0,1.85546163e-06,9.59299747e-06,1199128.0,387798.0,811330.0,0.6766,-0.167,1,946690547,946690532,15,1.114,13,2,1,1,0,0,,0,7,5,1,0
run6-tbt-10s,1,nazionale,10,none,true,100,548,6,0,3,3,1,m1,1VLpfZJuzKm3UcPtfYMsf5T37jtkxjR3ZhRF3w,1,m2,m2,1,0,1,2,14.633,14.781,0.148,0.1477,0.148,3.19505863e-06,9.5411737e-07,1199128.0,887762.0,311366.0,0.6766,-0.75,1,946690562,946690547,15,0.219,14,1,1,1,1,1,004b12aa51fa6fcb7efef39edc5eddc536e47a892098879f44481e141198135c,0,7,6,1,0
run6-tbt-10s,1,nazionale,10,none,true,100,549,6,0,3,3,1,m1,1VLpfZJuzKm3UcPtfYMsf5T37jtkxjR3ZhRF3w,1,m1,m1,1,1,0,1,11.461,11.461,2.877,2.8772,0.0,9.10517541e-07,1.6239495090000002e-06,1199128.0,387798.0,811330.0,0.6766,-0.917,1,946690574,946690562,12,0.539,11,1,1,1,0,0,,0,6,7,1,0
run6-tbt-10s,1,nazionale,10,none,true,100,550,6,0,3,3,1,m3,1CsyzTjErfmoC3PFDMJbGZZqJu6EUYCh2wKkBq,1,m3,m3,1,1,0,1,6.203,6.203,5.74,5.7399,0.0,1.24431436e-07,9.153926440000001e-07,1199128.0,1122696.0,76432.0,0.06374,-0.917,1,946690582,946690574,8,1.797,6,2,1,1,0,0,,0,4,1,0,0
run6-tbt-10s,1,nazionale,10,none,true,100,551,6,0,3,3,1,m2,1AagzGnptAGnvYUunCiqyFBo5P7Zyq7h7kcijs,1,m2,m2,1,1,0,1,12.286,12.286,1.434,1.434,0.0,1.1295319e-06,6.7640495e-07,1199128.0,887762.0,311366.0,0.25966,-0.667,1,946690596,946690582,14,1.714,12,2,1,1,0,0,,0,5,1,0,0
run6-tbt-10s,1,nazionale,10,none,true,100,552,6,0,3,3,1,m2,1AagzGnptAGnvYUunCiqyFBo5P7Zyq7h7kcijs,1,m1,m1,1,0,1,2,14.523,14.652,0.129,0.1285,0.129,2.99213951e-06,5.214145100000001e-07,1199128.0,387798.0,811330.0,0.25966,-1.0,1,946690612,946690596,16,1.348,14,2,1,1,0,0,,0,6,2,1,0
run6-tbt-10s,1,nazionale,10,none,true,100,553,6,0,3,3,1,m1,1VLpfZJuzKm3UcPtfYMsf5T37jtkxjR3ZhRF3w,1,m1,m1,1,1,0,1,5.825,5.825,3.685,3.6856,0.0,9.63793723e-08,4.452736527e-07,1199128.0,387798.0,811330.0,0.6766,-1.333,1,946690619,946690612,7,1.175,5,2,1,1,0,0,,0,5,1,0,0
run6-tbt-10s,1,nazionale,10,none,true,100,554,6,0,3,3,1,m2,1AagzGnptAGnvYUunCiqyFBo5P7Zyq7h7kcijs,1,m2,m2,1,1,0,1,12.366,12.366,1.669,1.6689,0.0,1.18989251e-06,9.9073988e-07,1199128.0,887762.0,311366.0,0.25966,-1.167,1,946690634,946690619,15,2.634,12,3,1,1,1,1,00b1ea293906d8b57437057eecfd1f29f8631ae7319dd170fb2d6503d53c6d62,0,6,1,0,0
run6-tbt-10s,1,nazionale,10,none,true,100,555,6,0,3,3,1,m2,1AagzGnptAGnvYUunCiqyFBo5P7Zyq7h7kcijs,1,m2,m2,1,1,0,1,12.073,12.073,2.48,2.4796,0.0,1.11484563e-06,2.40373711e-06,1199128.0,887762.0,311366.0,0.25966,-1.5,1,946690646,946690634,12,-0.073,12,0,1,1,0,0,,0,6,2,1,0
run6-tbt-10s,1,nazionale,10,none,true,100,556,6,0,3,3,1,m2,1AagzGnptAGnvYUunCiqyFBo5P7Zyq7h7kcijs,1,m2,m2,1,1,0,1,9.24,9.24,2.702,2.7018,0.0,5.09716393e-07,5.74479887e-07,1199128.0,887762.0,311366.0,0.25966,-1.667,1,946690656,946690646,10,0.76,9,1,1,1,0,0,,0,4,3,1,0
run6-tbt-10s,1,nazionale,10,none,true,100,557,6,0,3,3,1,m3,1CsyzTjErfmoC3PFDMJbGZZqJu6EUYCh2wKkBq,1,m3,m3,1,1,0,1,5.665,5.665,5.263,5.2633,0.0,9.54249873e-08,7.438073387e-07,1199128.0,1122696.0,76432.0,0.06374,-2.083,1,946690664,946690656,8,2.335,5,3,1,1,0,0,,0,5,1,0,0
run6-tbt-10s,1,nazionale,10,none,true,100,558,6,0,3,3,1,m1,1VLpfZJuzKm3UcPtfYMsf5T37jtkxjR3ZhRF3w,1,m1,m1,1,1,0,1,14.158,14.158,0.348,0.348,0.0,2.570858e-06,1.1875140900000001e-06,1199128.0,387798.0,811330.0,0.6766,-1.917,1,946690679,946690664,15,0.842,14,1,1,1,1,1,00578d2bf800dfd73067eeb3113c75c26e87c96d5c7e889a23bb802cf4d322d9,0,6,1,0,0
run6-tbt-10s,1,nazionale,10,none,true,100,559,6,0,3,3,1,m1,1VLpfZJuzKm3UcPtfYMsf5T37jtkxjR3ZhRF3w,1,m1,m1,1,1,0,1,4.91,4.91,7.607,7.6077,0.0,3.05365935e-08,1.2980858565e-06,1199128.0,387798.0,811330.0,0.6766,-2.25,1,946690684,946690679,5,0.09,4,1,1,1,0,0,,0,2,2,1,0
run6-tbt-10s,1,nazionale,10,none,true,100,560,6,0,3,3,1,m2,1AagzGnptAGnvYUunCiqyFBo5P7Zyq7h7kcijs,1,m2,m2,1,1,0,1,8.19,8.19,6.186,6.1864,0.0,3.55827606e-07,2.463328634e-06,1199128.0,887762.0,311366.0,0.25966,-1.417,1,946690694,946690684,10,1.81,8,2,1,1,0,0,,0,5,1,0,0
run6-tbt-10s,1,nazionale,10,none,true,100,561,6,0,3,3,1,m1,1VLpfZJuzKm3UcPtfYMsf5T37jtkxjR3ZhRF3w,1,m1,m1,1,1,0,1,9.704,9.704,4.817,4.8178,0.0,5.62101884e-07,2.4236867459999998e-06,1199128.0,387798.0,811330.0,0.6766,-1.0,1,946690705,946690694,11,1.296,9,2,1,1,0,0,,0,5,1,0,0
run6-tbt-10s,1,nazionale,10,none,true,100,562,6,0,3,3,1,m3,1CsyzTjErfmoC3PFDMJbGZZqJu6EUYCh2wKkBq,1,m3,m3,1,1,0,1,12.898,12.898,1.535,1.5348,0.0,1.37684051e-06,1.34208072e-06,1199128.0,1122696.0,76432.0,0.06374,-0.917,1,946690720,946690705,15,2.102,12,3,1,1,0,0,,0,6,1,0,0
run6-tbt-10s,1,nazionale,10,none,true,100,563,6,0,3,3,1,m1,1VLpfZJuzKm3UcPtfYMsf5T37jtkxjR3ZhRF3w,1,m1,m1,1,1,0,1,10.65,10.65,0.729,0.7289,0.0,7.53834861e-07,1.6548458899999994e-07,1199128.0,387798.0,811330.0,0.6766,-1.5,1,946690731,946690720,11,0.35,10,1,1,1,0,0,,0,5,1,0,0
run6-tbt-10s,1,nazionale,10,none,true,100,564,6,0,3,3,1,m1,1VLpfZJuzKm3UcPtfYMsf5T37jtkxjR3ZhRF3w,1,m1,m1,1,1,0,1,13.69,13.69,1.06,1.0599,0.0,1.87171062e-06,1.2910416580000001e-05,1199128.0,387798.0,811330.0,0.6766,-1.25,1,946690746,946690731,15,1.31,13,2,1,1,0,0,,0,8,2,1,0
run6-tbt-10s,1,nazionale,10,none,true,100,565,6,0,3,3,1,m2,1AagzGnptAGnvYUunCiqyFBo5P7Zyq7h7kcijs,1,m2,m2,1,1,0,1,9.898,9.898,4.732,4.7321,0.0,6.00175036e-07,2.978609444e-06,1199128.0,887762.0,311366.0,0.25966,-1.167,1,946690757,946690746,11,1.102,9,2,1,1,0,0,,0,2,1,0,0
run6-tbt-10s,1,nazionale,10,none,true,100,566,6,0,3,3,1,m2,1AagzGnptAGnvYUunCiqyFBo5P7Zyq7h7kcijs,1,m2,m2,1,1,0,1,8.04,8.04,2.439,2.4395,0.0,3.38923945e-07,3.803927e-07,1199128.0,887762.0,311366.0,0.25966,-1.5,1,946690766,946690757,9,0.96,8,1,1,1,0,0,,0,5,2,1,0
run6-tbt-10s,1,nazionale,10,none,true,100,567,6,0,3,3,1,m2,1AagzGnptAGnvYUunCiqyFBo5P7Zyq7h7kcijs,1,m3,m3,1,0,1,2,13.845,14.383,0.538,0.5381,0.538,1.95845228e-06,6.910266300000001e-07,1199128.0,1122696.0,76432.0,0.25966,-1.0,1,946690781,946690766,15,0.617,14,1,1,1,0,0,,0,7,3,1,0
run6-tbt-10s,1,nazionale,10,none,true,100,568,6,0,3,3,1,m2,1AagzGnptAGnvYUunCiqyFBo5P7Zyq7h7kcijs,1,m2,m2,1,1,0,1,8.763,8.763,5.987,5.9869,0.0,4.27804459e-07,9.371235321e-06,1199128.0,887762.0,311366.0,0.25966,-1.25,1,946690790,946690781,9,0.237,8,1,1,1,0,0,,0,4,4,1,0
run6-tbt-10s,1,nazionale,10,none,true,100,569,6,0,3,3,1,m2,1AagzGnptAGnvYUunCiqyFBo5P7Zyq7h7kcijs,1,m2,m2,1,1,0,1,8.92,8.92,3.712,3.7111,0.0,4.47653874e-07,8.399900360000001e-07,1199128.0,887762.0,311366.0,0.25966,-1.167,1,946690800,946690790,10,1.08,8,2,1,1,0,0,,0,5,5,1,0
run6-tbt-10s,1,nazionale,10,none,true,100,570,6,0,3,3,1,m2,1AagzGnptAGnvYUunCiqyFBo5P7Zyq7h7kcijs,1,m2,m2,1,1,0,1,8.263,8.263,0.552,0.5525,0.0,3.63046941e-07,7.4444474e-08,1199128.0,887762.0,311366.0,0.25966,-1.333,1,946690809,946690800,9,0.737,8,1,1,1,0,0,,0,5,6,1,0
run6-tbt-10s,1,nazionale,10,none,true,100,571,6,0,3,3,1,m1,1VLpfZJuzKm3UcPtfYMsf5T37jtkxjR3ZhRF3w,1,m1,m1,1,1,0,1,11.282,11.282,3.516,3.5162,0.0,8.63404662e-07,3.855254848e-06,1199128.0,387798.0,811330.0,0.6766,-0.833,1,946690822,946690809,13,1.718,11,2,1,1,0,0,,0,6,1,0,0
run6-tbt-10s,1,nazionale,10,none,true,100,572,6,0,3,3,1,m1,1VLpfZJuzKm3UcPtfYMsf5T37jtkxjR3ZhRF3w,1,m1,m1,1,1,0,1,12.235,12.235,2.465,2.4652,0.0,1.16770724e-06,7.94311067e-06,1199128.0,387798.0,811330.0,0.6766,-1.5,1,946690835,946690822,13,0.765,12,1,1,1,0,0,,0,4,2,1,0
run6-tbt-10s,1,nazionale,10,none,true,100,573,6,0,3,3,1,m3,1CsyzTjErfmoC3PFDMJbGZZqJu6EUYCh2wKkBq,1,m3,m3,1,1,0,1,8.113,8.113,1.274,1.2748,0.0,3.5445803e-07,1.8090278300000002e-07,1199128.0,1122696.0,76432.0,0.06374,-1.75,1,946690845,946690835,10,1.887,8,2,1,1,0,0,,0,6,1,0,0
run6-tbt-10s,1,nazionale,10,none,true,100,574,6,0,3,3,1,m1,1VLpfZJuzKm3UcPtfYMsf5T37jtkxjR3ZhRF3w,1,m1,m1,1,1,0,1,7.909,7.909,0.609,0.6083,0.0,3.268616e-07,7.865916300000003e-08,1199128.0,387798.0,811330.0,0.6766,-1.667,1,946690855,946690845,10,2.091,7,3,1,1,1,1,00624547b242f7439184393a3f5b84cfcf6c723d8ab662537f233acf2d7ccfc2,0,5,1,0,0
run6-tbt-10s,1,nazionale,10,none,true,100,575,6,0,3,3,1,m1,1VLpfZJuzKm3UcPtfYMsf5T37jtkxjR3ZhRF3w,1,m2,m2,1,0,1,2,14.416,14.459,0.043,0.0429,0.043,2.83395041e-06,1.1465395999999979e-07,1199128.0,887762.0,311366.0,0.6766,-1.25,1,946690870,946690855,15,0.541,14,1,1,1,1,1,000f14ad8f2ddf92c9e6132ef5bd5abee8cffb4191a29f36cb0ca0ca2a14a213,0,6,2,1,0
run6-tbt-10s,1,nazionale,10,none,true,100,576,6,0,3,3,1,m1,1VLpfZJuzKm3UcPtfYMsf5T37jtkxjR3ZhRF3w,1,m1,m1,1,1,0,1,8.294,8.294,5.157,5.1577,0.0,3.73521181e-07,1.372707289e-06,1199128.0,387798.0,811330.0,0.6766,-1.583,1,946690879,946690870,9,0.706,8,1,1,1,0,0,,0,4,3,1,0
run6-tbt-10s,1,nazionale,10,none,true,100,577,6,0,3,3,1,m1,1VLpfZJuzKm3UcPtfYMsf5T37jtkxjR3ZhRF3w,1,m1,m1,1,1,0,1,9.907,9.907,4.582,4.5823,0.0,5.98905604e-07,2.341763976e-06,1199128.0,387798.0,811330.0,0.6766,-1.083,1,946690890,946690879,11,1.093,9,2,1,1,0,0,,0,5,4,1,0
run6-tbt-10s,1,nazionale,10,none,true,100,578,6,0,3,3,1,m1,1VLpfZJuzKm3UcPtfYMsf5T37jtkxjR3ZhRF3w,1,m1,m1,1,1,0,1,4.795,4.795,9.692,9.6915,0.0,9.8539432e-10,2.93249652568e-06,1199128.0,387798.0,811330.0,0.6766,-1.083,1,946690895,946690890,5,0.205,4,1,1,1,0,0,,0,3,5,1,0
run6-tbt-10s,1,nazionale,10,none,true,100,579,6,0,3,3,1,m1,1VLpfZJuzKm3UcPtfYMsf5T37jtkxjR3ZhRF3w,1,m1,m1,1,1,0,1,10.182,10.182,4.668,4.668,0.0,6.35331932e-07,1.0071826668e-05,1199128.0,387798.0,811330.0,0.6766,-0.75,1,946690906,946690895,11,0.818,10,1,1,1,0,0,,0,5,6,1,0
run6-tbt-10s,1,nazionale,10,none,true,100,580,6,0,3,3,1,m3,1CsyzTjErfmoC3PFDMJbGZZqJu6EUYCh2wKkBq,1,m3,m3,1,1,0,1,5.263,5.263,6.415,6.415,0.0,2.94179539e-08,9.108617381e-07,1199128.0,1122696.0,76432.0,0.06374,-0.417,1,946690913,946690906,7,1.737,5,2,1,1,0,0,,0,2,1,0,0
run6-tbt-10s,1,nazionale,10,none,true,100,581,6,0,3,3,1,m3,1CsyzTjErfmoC3PFDMJbGZZqJu6EUYCh2wKkBq,1,m1,m1,1,0,1,3,14.54,14.86,0.235,0.2345,0.32,2.66418846e-06,7.082125600000001e-07,1199128.0,387798.0,811330.0,0.06374,-0.25,1,946690929,946690913,16,1.14,14,2,1,1,0,0,,0,8,2,1,0
run6-tbt-10s,1,nazionale,10,none,true,100,582,6,0,3,3,1,m3,1CsyzTjErfmoC3PFDMJbGZZqJu6EUYCh2wKkBq,1,m2,m2,1,0,1,2,14.281,14.669,0.388,0.3876,0.388,2.3906449e-06,9.537721600000003e-07,1199128.0,887762.0,311366.0,0.06374,-0.75,1,946690944,946690929,15,0.331,14,1,1,1,1,1,0080732101401977d8def92caebd3e2c737aac36bfc678f895f28f54b350ab52,0,7,3,1,0
run6-tbt-10s,1,nazionale,10,none,true,100,583,6,0,3,3,1,m3,1CsyzTjErfmoC3PFDMJbGZZqJu6EUYCh2wKkBq,1,m3,m3,1,1,0,1,11.827,11.827,1.383,1.3832,0.0,1.02579098e-06,5.345612899999999e-07,1199128.0,1122696.0,76432.0,0.06374,-1.25,1,946690956,946690944,12,0.173,11,1,1,1,0,0,,0,4,4,1,0
run6-tbt-10s,1,nazionale,10,none,true,100,584,6,0,3,3,1,m2,1AagzGnptAGnvYUunCiqyFBo5P7Zyq7h7kcijs,1,m2,m2,1,1,0,1,5.885,5.885,3.208,3.2076,0.0,9.89210418e-08,3.7367354519999997e-07,1199128.0,887762.0,311366.0,0.25966,-1.167,1,946690964,946690956,8,2.115,5,3,1,1,0,0,,0,4,1,0,0
run6-tbt-10s,1,nazionale,10,none,true,100,585,6,0,3,3,1,m1,1VLpfZJuzKm3UcPtfYMsf5T37jtkxjR3ZhRF3w,1,m3,m3,1,0,1,2,13.688,14.021,0.333,0.3328,0.333,1.79487048e-06,2.8136099999999995e-07,1199128.0,1122696.0,76432.0,0.6766,-0.75,1,946690979,946690964,15,0.979,14,1,1,1,1,2,00967b24c885b6cc5469af4e08eade72b7400163d56a95c75a25c7afe8065c63 00e07505fa9be31befeb1d3e89dd6fa03a8ba5689130923e3460401df95998c1,0,6,1,0,0
run6-tbt-10s,1,nazionale,10,none,true,100,586,6,0,3,3,1,m1,1VLpfZJuzKm3UcPtfYMsf5T37jtkxjR3ZhRF3w,1,m1,m1,1,1,0,1,7.514,7.514,4.262,4.2616,0.0,2.67887983e-07,7.38675457e-07,1199128.0,387798.0,811330.0,0.6766,-1.167,1,946690987,946690979,8,0.486,7,1,1,1,0,0,,0,5,2,1,0
run6-tbt-10s,1,nazionale,10,none,true,100,587,6,0,3,3,1,m1,1VLpfZJuzKm3UcPtfYMsf5T37jtkxjR3ZhRF3w,1,m1,m1,1,1,0,1,7.898,7.898,6.858,6.8578,0.0,3.09182782e-07,4.207849128e-06,1199128.0,387798.0,811330.0,0.6766,-1.0,1,946690996,946690987,9,1.102,7,2,1,1,0,0,,0,3,3,1,0
run6-tbt-10s,1,nazionale,10,none,true,100,588,6,0,3,3,1,m1,1VLpfZJuzKm3UcPtfYMsf5T37jtkxjR3ZhRF3w,1,m2,m2,1,0,1,2,10.363,11.325,0.962,0.9627,0.962,6.59036971e-07,1.9888369699999996e-07,1199128.0,887762.0,311366.0,0.6766,-0.5,1,946691008,946690996,12,0.675,11,1,1,1,1,1,009fe8b85b0345258a5b200e1cfff42682e3803e0b0f48a9192d74861476b21f,0,6,4,1,0
run6-tbt-10s,1,nazionale,10,none,true,100,589,6,0,3,3,1,m1,1VLpfZJuzKm3UcPtfYMsf5T37jtkxjR3ZhRF3w,1,m3,m3,1,0,1,2,14.418,14.694,0.276,0.2762,0.276,2.62011347e-06,8.505767500000001e-07,1199128.0,1122696.0,76432.0,0.6766,-0.75,1,946691023,946691008,15,0.306,14,1,1,1,1,2,00273b05112ae7da85553bdac3acf9165b5f9693fcb4c423d3df3c9e0b985640 00796b253f10810bc2923e463b029aa780887710640caf31eb35d61cd0797b83,0,8,5,1,0
run6-tbt-10s,1,nazionale,10,none,true,100,590,6,0,3,3,1,m1,1VLpfZJuzKm3UcPtfYMsf5T37jtkxjR3ZhRF3w,1,m1,m1,1,1,0,1,11.139,11.139,3.578,3.5776,0.0,8.41899798e-07,3.342266162e-06,1199128.0,387798.0,811330.0,0.6766,-1.083,1,946691035,946691023,12,0.861,11,1,1,1,0,0,,0,4,6,1,0
run6-tbt-10s,1,nazionale,10,none,true,100,591,6,0,3,3,1,m1,1VLpfZJuzKm3UcPtfYMsf5T37jtkxjR3ZhRF3w,1,m1,m1,1,1,0,1,11.896,11.896,2.285,2.2846,0.0,1.07038495e-06,1.45153911e-06,1199128.0,387798.0,811330.0,0.6766,-1.667,1,946691047,946691035,12,0.104,11,1,1,1,0,0,,0,7,7,1,0
run6-tbt-10s,1,nazionale,10,none,true,100,592,6,0,3,3,1,m1,1VLpfZJuzKm3UcPtfYMsf5T37jtkxjR3ZhRF3w,1,m1,m1,1,1,0,1,14.554,14.554,0.018,0.0181,0.0,3.87639522e-06,1.7446955000000049e-07,1199128.0,387798.0,811330.0,0.6766,-1.75,1,946691063,946691047,16,1.446,14,2,1,1,0,0,,0,6,8,1,0
run6-tbt-10s,1,nazionale,10,none,true,100,593,6,0,3,3,1,m1,1VLpfZJuzKm3UcPtfYMsf5T37jtkxjR3ZhRF3w,1,m1,m1,1,1,0,1,11.095,11.095,3.347,3.3475,0.0,8.98368788e-07,3.3988050319999996e-06,1199128.0,387798.0,811330.0,0.6766,-2.5,1,946691075,946691063,12,0.905,11,1,1,1,0,0,,0,4,9,1,0
run6-tbt-10s,1,nazionale,10,none,true,100,594,6,0,3,3,1,m1,1VLpfZJuzKm3UcPtfYMsf5T37jtkxjR3ZhRF3w,1,m1,m1,1,1,0,1,10.372,10.372,4.193,4.193,0.0,7.2446375e-07,6.44265869e-06,1199128.0,387798.0,811330.0,0.6766,-2.167,1,946691086,946691075,11,0.628,10,1,1,1,0,0,,0,5,10,1,0
run6-tbt-10s,1,nazionale,10,none,true,100,595,6,0,3,3,1,m2,1AagzGnptAGnvYUunCiqyFBo5P7Zyq7h7kcijs,1,m2,m2,1,1,0,1,8.145,8.145,4.482,4.4821,0.0,3.60707798e-07,9.787685020000001e-07,1199128.0,887762.0,311366.0,0.25966,-1.833,1,946691096,946691086,10,1.855,8,2,1,1,0,0,,0,6,1,0,0
run6-tbt-10s,1,nazionale,10,none,true,100,596,6,0,3,3,1,m1,1VLpfZJuzKm3UcPtfYMsf5T37jtkxjR3ZhRF3w,1,m1,m1,1,1,0,1,12.03,12.03,2.357,2.3577,0.0,1.11163128e-06,1.8726308099999998e-06,1199128.0,387798.0,811330.0,0.6766,-1.667,1,946691109,946691096,13,0.97,12,1,1,1,0,0,,0,4,1,0,0
run6-tbt-10s,1,nazionale,10,none,true,100,597,6,0,3,3,1,m1,1VLpfZJuzKm3UcPtfYMsf5T37jtkxjR3ZhRF3w,1,m1,m1,1,1,0,1,14.184,14.184,0.357,0.3566,0.0,2.68627346e-06,1.8683019900000002e-06,1199128.0,387798.0,811330.0,0.6766,-2.083,1,946691123,946691109,14,-0.184,14,0,1,1,0,0,,0,7,2,1,0
run6-tbt-10s,1,nazionale,10,none,true,100,598,6,0,3,3,1,m1,1VLpfZJuzKm3UcPtfYMsf5T37jtkxjR3ZhRF3w,1,m1,m1,1,1,0,1,9.075,9.075,3.339,3.3394,0.0,4.9471668e-07,7.733005399999999e-07,1199128.0,387798.0,811330.0,0.6766,-2.0,1,946691133,946691123,10,0.925,9,1,1,1,0,0,,0,4,3,1,0
