experiment_id,replication_id,area,target_block_time,dumpfunction,malus_enabled,weight_epoch_length,height,epoch,epoch_buried,candidate_host,candidate_address,weight_raw_inforce,weight_record_epoch_tag,weight_record_confirm_height,psi,weight_effective,W_tot_effective,p_theoretical,score_raw,E_i,u_i,score_norm,phi_s,phi_bound_s,delay_logged_s,delay_recomputed_s,delay_mismatch_s,delay_recompute_ok,W_tot_implied_by_logged_delay,is_winner,rank_by_delay,rank_by_score,is_theoretical_argmin_delay,is_theoretical_argmin_score,actual_proposer_host,actual_proposer_address,block_hash,block_time,parent_time,verify_delay_floor_s,time_bar_ok,fork_detected,n_competing_blocks,balance_gas_sample,balance_sample_height,streak_position
run4-tbt-3s,1,nazionale,3,none,true,12,145,13,1,m1,1ETD6u7wdHS6P9D1mxb1Qx3Aapa2DwAyyZutL2,42907,11,139,1.0,42907.0,64900.0,0.661125,6.81762215e-06,0.29252371,0.74637755,0.35754832,-0.333,1.500,2.506,2.506,0.0,1,,1,1,1,1,1,m1,1ETD6u7wdHS6P9D1mxb1Qx3Aapa2DwAyyZutL2,0036d2d94949a9d8a1afe86015071b593b46976e951af63c19b3cfa1d3aece10,946685251,946685248,2,1,0,0,7.1838,138,1
run4-tbt-3s,1,nazionale,3,none,true,12,145,13,1,m2,1WKxQntNgmP3dtjbv3UL3DHV2JEciQTnQ4K3sr,15454,11,139,1.0,15454.0,64900.0,0.23812,0.000171065402,2.64364472,0.07110165,0.99998492,-0.333,1.500,4.433,4.4334,0.0004,1,,0,3,2,0,0,m1,1ETD6u7wdHS6P9D1mxb1Qx3Aapa2DwAyyZutL2,0036d2d94949a9d8a1afe86015071b593b46976e951af63c19b3cfa1d3aece10,946685251,946685248,2,1,0,0,45.0198,138,
run4-tbt-3s,1,nazionale,3,none,true,12,145,13,1,m3,1LtuCHDRfFnaxMXGm2gmsN7NoezE7zExV3Cet8,6539,11,139,1.0,6539.0,64900.0,0.100755,0.000425418133,2.78180917,0.06192637,1.0,-0.333,1.500,4.433,4.4334,0.0004,1,,0,2,3,0,0,m1,1ETD6u7wdHS6P9D1mxb1Qx3Aapa2DwAyyZutL2,0036d2d94949a9d8a1afe86015071b593b46976e951af63c19b3cfa1d3aece10,946685251,946685248,2,1,0,0,26.1159,138,
run4-tbt-3s,1,nazionale,3,none,true,12,146,13,1,m1,1ETD6u7wdHS6P9D1mxb1Qx3Aapa2DwAyyZutL2,42907,11,139,1.0,42907.0,64900.0,0.661125,0.000113961887,4.88976269,0.00752321,0.99938637,-0.25,1.500,4.448,4.4482,0.0002,1,,1,1,1,1,1,m1,1ETD6u7wdHS6P9D1mxb1Qx3Aapa2DwAyyZutL2,005fb511c263653fbc7b1f633f1091027c6fce9cf6cb46bb61eb41adaa12fac8,946685257,946685251,4,1,0,0,7.4793,146,2
run4-tbt-3s,1,nazionale,3,none,true,12,146,13,1,m2,1WKxQntNgmP3dtjbv3UL3DHV2JEciQTnQ4K3sr,15454,11,139,1.0,15454.0,64900.0,0.23812,0.00017769687,2.74612743,0.06417591,0.99999019,-0.25,1.500,4.45,4.45,-0.0,1,,0,3,2,0,0,m1,1ETD6u7wdHS6P9D1mxb1Qx3Aapa2DwAyyZutL2,005fb511c263653fbc7b1f633f1091027c6fce9cf6cb46bb61eb41adaa12fac8,946685257,946685251,4,1,0,0,19.1627,146,
run4-tbt-3s,1,nazionale,3,none,true,12,146,13,1,m3,1LtuCHDRfFnaxMXGm2gmsN7NoezE7zExV3Cet8,6539,11,139,1.0,6539.0,64900.0,0.100755,0.000202640697,1.32506752,0.26578501,0.99999806,-0.25,1.500,4.45,4.45,-0.0,1,,0,2,3,0,0,m1,1ETD6u7wdHS6P9D1mxb1Qx3Aapa2DwAyyZutL2,005fb511c263653fbc7b1f633f1091027c6fce9cf6cb46bb61eb41adaa12fac8,946685257,946685251,4,1,0,0,21.2477,146,
run4-tbt-3s,1,nazionale,3,none,true,12,147,13,1,m1,1ETD6u7wdHS6P9D1mxb1Qx3Aapa2DwAyyZutL2,42907,11,139,1.0,42907.0,64900.0,0.661125,2.20607744e-05,0.94656165,0.38807306,0.76110813,-0.5,1.500,3.683,3.6833,0.0003,1,,1,1,1,1,1,m1,1ETD6u7wdHS6P9D1mxb1Qx3Aapa2DwAyyZutL2,00664deabfb801aa3a66128a485997b68f1870ce499fc0ea33d42f1eba2ca379,946685261,946685257,3,1,0,0,7.4793,146,3
run4-tbt-3s,1,nazionale,3,none,true,12,147,13,1,m2,1WKxQntNgmP3dtjbv3UL3DHV2JEciQTnQ4K3sr,15454,11,139,1.0,15454.0,64900.0,0.23812,6.20001539e-05,0.95815038,0.38360175,0.98211531,-0.5,1.500,4.346,4.3463,0.0003,1,,0,2,2,0,0,m1,1ETD6u7wdHS6P9D1mxb1Qx3Aapa2DwAyyZutL2,00664deabfb801aa3a66128a485997b68f1870ce499fc0ea33d42f1eba2ca379,946685261,946685257,3,1,0,0,19.1627,146,
run4-tbt-3s,1,nazionale,3,none,true,12,147,13,1,m3,1LtuCHDRfFnaxMXGm2gmsN7NoezE7zExV3Cet8,6539,11,139,1.0,6539.0,64900.0,0.100755,8.93541529e-05,0.58428681,0.55750333,0.99696967,-0.5,1.500,4.391,4.3909,-0.0001,1,,0,3,3,0,0,m1,1ETD6u7wdHS6P9D1mxb1Qx3Aapa2DwAyyZutL2,00664deabfb801aa3a66128a485997b68f1870ce499fc0ea33d42f1eba2ca379,946685261,946685257,3,1,0,0,21.2477,146,
run4-tbt-3s,1,nazionale,3,none,true,12,148,13,1,m1,1ETD6u7wdHS6P9D1mxb1Qx3Aapa2DwAyyZutL2,42907,11,139,1.0,42907.0,64900.0,0.661125,1.36391289e-06,0.05852141,0.94315805,0.08471332,-0.667,1.500,1.621,1.6207,-0.0003,1,,1,1,1,1,1,m1,1ETD6u7wdHS6P9D1mxb1Qx3Aapa2DwAyyZutL2,000e44b0921ef1772bc9eb9009eda498d382d1f1a08876b3fb0d153aa6974146,946685263,946685261,1,1,0,0,7.4793,146,4
run4-tbt-3s,1,nazionale,3,none,true,12,148,13,1,m2,1WKxQntNgmP3dtjbv3UL3DHV2JEciQTnQ4K3sr,15454,11,139,1.0,15454.0,64900.0,0.23812,5.80489824e-05,0.89708897,0.40775492,0.97688744,-0.667,1.500,4.297,4.2973,0.0003,1,,0,3,3,0,0,m1,1ETD6u7wdHS6P9D1mxb1Qx3Aapa2DwAyyZutL2,000e44b0921ef1772bc9eb9009eda498d382d1f1a08876b3fb0d153aa6974146,946685263,946685261,1,1,0,0,19.1627,146,
run4-tbt-3s,1,nazionale,3,none,true,12,148,13,1,m3,1LtuCHDRfFnaxMXGm2gmsN7NoezE7zExV3Cet8,6539,11,139,1.0,6539.0,64900.0,0.100755,1.26784324e-05,0.08290427,0.92043926,0.56081312,-0.667,1.500,3.049,3.049,0.0,1,,0,2,2,0,0,m1,1ETD6u7wdHS6P9D1mxb1Qx3Aapa2DwAyyZutL2,000e44b0921ef1772bc9eb9009eda498d382d1f1a08876b3fb0d153aa6974146,946685263,946685261,1,1,0,0,21.2477,146,
run4-tbt-3s,1,nazionale,3,none,true,12,149,13,1,m1,1ETD6u7wdHS6P9D1mxb1Qx3Aapa2DwAyyZutL2,42907,11,139,1.0,42907.0,64900.0,0.661125,6.25754987e-05,2.68492692,0.06822618,0.9827708,-0.583,1.500,4.332,4.3317,-0.0003,1,,1,1,1,1,1,m1,1ETD6u7wdHS6P9D1mxb1Qx3Aapa2DwAyyZutL2,001e2c0c68a3743be2f24fb1205ccba08b43dee8cd34e2b65995c46c860a31a7,946685268,946685263,4,1,0,0,7.4793,146,5
run4-tbt-3s,1,nazionale,3,none,true,12,149,13,1,m2,1WKxQntNgmP3dtjbv3UL3DHV2JEciQTnQ4K3sr,15454,11,139,1.0,15454.0,64900.0,0.23812,0.000194177127,3.00081332,0.04974659,0.99999664,-0.583,1.500,4.383,4.3834,0.0004,1,,0,3,2,0,0,m1,1ETD6u7wdHS6P9D1mxb1Qx3Aapa2DwAyyZutL2,001e2c0c68a3743be2f24fb1205ccba08b43dee8cd34e2b65995c46c860a31a7,946685268,946685263,4,1,0,0,19.1627,146,
run4-tbt-3s,1,nazionale,3,none,true,12,149,13,1,m3,1LtuCHDRfFnaxMXGm2gmsN7NoezE7zExV3Cet8,6539,11,139,1.0,6539.0,64900.0,0.100755,0.000299232498,1.9566813,0.14132666,1.0,-0.583,1.500,4.383,4.3834,0.0004,1,,0,2,3,0,0,m1,1ETD6u7wdHS6P9D1mxb1Qx3Aapa2DwAyyZutL2,001e2c0c68a3743be2f24fb1205ccba08b43dee8cd34e2b65995c46c860a31a7,946685268,946685263,4,1,0,0,21.2477,146,
run4-tbt-3s,1,nazionale,3,none,true,12,150,13,1,m1,1ETD6u7wdHS6P9D1mxb1Qx3Aapa2DwAyyZutL2,42907,11,139,1.0,42907.0,64900.0,0.661125,8.46936577e-05,3.63395077,0.02641163,0.99589939,-0.75,1.500,4.338,4.3377,-0.0003,1,,1,2,2,0,0,m1,1ETD6u7wdHS6P9D1mxb1Qx3Aapa2DwAyyZutL2,00cf1129653cd2eb4a8bb46724956a1ece9d4d0b63d150626d772b2df70c8e63,946685272,946685268,4,1,0,0,7.4793,146,6
run4-tbt-3s,1,nazionale,3,none,true,12,150,13,1,m2,1WKxQntNgmP3dtjbv3UL3DHV2JEciQTnQ4K3sr,15454,11,139,1.0,15454.0,64900.0,0.23812,5.61822273e-05,0.86824014,0.41968949,0.97391061,-0.75,1.500,4.272,4.2717,-0.0003,1,,0,1,1,1,1,m1,1ETD6u7wdHS6P9D1mxb1Qx3Aapa2DwAyyZutL2,00cf1129653cd2eb4a8bb46724956a1ece9d4d0b63d150626d772b2df70c8e63,946685272,946685268,4,1,0,0,19.1627,146,
run4-tbt-3s,1,nazionale,3,none,true,12,150,13,1,m3,1LtuCHDRfFnaxMXGm2gmsN7NoezE7zExV3Cet8,6539,11,139,1.0,6539.0,64900.0,0.100755,9.89572716e-05,0.6470816,0.52357154,0.99837513,-0.75,1.500,4.345,4.3451,0.0001,1,,0,3,3,0,0,m1,1ETD6u7wdHS6P9D1mxb1Qx3Aapa2DwAyyZutL2,00cf1129653cd2eb4a8bb46724956a1ece9d4d0b63d150626d772b2df70c8e63,946685272,946685268,4,1,0,0,21.2477,146,
run4-tbt-3s,1,nazionale,3,none,true,12,151,13,1,m1,1ETD6u7wdHS6P9D1mxb1Qx3Aapa2DwAyyZutL2,44404,12,150,1.0,44404.0,70727.0,0.627822,3.04658018e-05,1.35280346,0.25851451,0.88406838,-0.833,1.500,3.986,3.9856,-0.0004,1,,1,1,1,1,1,m1,1ETD6u7wdHS6P9D1mxb1Qx3Aapa2DwAyyZutL2,0004a9dce06f4841151566c753e9f6425dd5eba184df37e0edd8103815fc3226,946685276,946685272,3,1,0,0,7.4793,146,7
run4-tbt-3s,1,nazionale,3,none,true,12,151,13,1,m2,1WKxQntNgmP3dtjbv3UL3DHV2JEciQTnQ4K3sr,18080,12,150,1.0,18080.0,70727.0,0.255631,0.000106945001,1.93356562,0.14463158,0.99948115,-0.833,1.500,4.332,4.3318,-0.0002,1,,0,2,2,0,0,m1,1ETD6u7wdHS6P9D1mxb1Qx3Aapa2DwAyyZutL2,0004a9dce06f4841151566c753e9f6425dd5eba184df37e0edd8103815fc3226,946685276,946685272,3,1,0,0,19.1627,146,
run4-tbt-3s,1,nazionale,3,none,true,12,151,13,1,m3,1LtuCHDRfFnaxMXGm2gmsN7NoezE7zExV3Cet8,8243,12,150,1.0,8243.0,70727.0,0.116547,0.000357030239,2.94300026,0.05270736,1.0,-0.833,1.500,4.333,4.3334,0.0004,1,,0,3,3,0,0,m1,1ETD6u7wdHS6P9D1mxb1Qx3Aapa2DwAyyZutL2,0004a9dce06f4841151566c753e9f6425dd5eba184df37e0edd8103815fc3226,946685276,946685272,3,1,0,0,21.2477,146,
run4-tbt-3s,1,nazionale,3,none,true,12,152,13,1,m1,1ETD6u7wdHS6P9D1mxb1Qx3Aapa2DwAyyZutL2,44404,12,150,1.0,44404.0,70727.0,0.627822,5.60702277e-05,2.48974239,0.08293133,0.98104484,-0.833,1.500,4.276,4.2765,0.0005,1,,1,3,3,0,0,m1,1ETD6u7wdHS6P9D1mxb1Qx3Aapa2DwAyyZutL2,003c7645034e99da5be2f2eab0a32f303bc4292080046af183db08a4bc2f4927,946685281,946685276,4,1,0,0,7.4793,146,8
run4-tbt-3s,1,nazionale,3,none,true,12,152,13,1,m2,1WKxQntNgmP3dtjbv3UL3DHV2JEciQTnQ4K3sr,18080,12,150,1.0,18080.0,70727.0,0.255631,5.14707557e-05,0.93059126,0.39432049,0.97375742,-0.833,1.500,4.255,4.2547,-0.0003,1,,0,2,2,0,0,m1,1ETD6u7wdHS6P9D1mxb1Qx3Aapa2DwAyyZutL2,003c7645034e99da5be2f2eab0a32f303bc4292080046af183db08a4bc2f4927,946685281,946685276,4,1,0,0,19.1627,146,
run4-tbt-3s,1,nazionale,3,none,true,12,152,13,1,m3,1LtuCHDRfFnaxMXGm2gmsN7NoezE7zExV3Cet8,8243,12,150,1.0,8243.0,70727.0,0.116547,4.29619981e-05,0.35413575,0.70177969,0.95209681,-0.833,1.500,4.19,4.1897,-0.0003,1,,0,1,1,1,1,m1,1ETD6u7wdHS6P9D1mxb1Qx3Aapa2DwAyyZutL2,003c7645034e99da5be2f2eab0a32f303bc4292080046af183db08a4bc2f4927,946685281,946685276,4,1,0,0,21.2477,146,
run4-tbt-3s,1,nazionale,3,none,true,12,153,13,1,m1,1ETD6u7wdHS6P9D1mxb1Qx3Aapa2DwAyyZutL2,44404,12,150,1.0,44404.0,70727.0,0.627822,2.88273789e-05,1.28005093,0.27802314,0.8698248,-1.0,1.500,3.909,3.9095,0.0005,1,,1,1,1,1,1,m1,1ETD6u7wdHS6P9D1mxb1Qx3Aapa2DwAyyZutL2,00e4aa286df3fe01808f2ae09b85ef852ab6a3bf2274058d6129ea4803956045,946685285,946685281,3,1,0,0,7.4793,146,9
run4-tbt-3s,1,nazionale,3,none,true,12,153,13,1,m2,1WKxQntNgmP3dtjbv3UL3DHV2JEciQTnQ4K3sr,18080,12,150,1.0,18080.0,70727.0,0.255631,9.17878548e-05,1.65952441,0.19022943,0.9984843,-1.0,1.500,4.295,4.2955,0.0005,1,,0,3,3,0,0,m1,1ETD6u7wdHS6P9D1mxb1Qx3Aapa2DwAyyZutL2,00e4aa286df3fe01808f2ae09b85ef852ab6a3bf2274058d6129ea4803956045,946685285,946685281,3,1,0,0,19.1627,146,
run4-tbt-3s,1,nazionale,3,none,true,12,153,13,1,m3,1LtuCHDRfFnaxMXGm2gmsN7NoezE7zExV3Cet8,8243,12,150,1.0,8243.0,70727.0,0.116547,5.24825379e-05,0.43261356,0.64881117,0.97556973,-1.0,1.500,4.227,4.2267,-0.0003,1,,0,2,2,0,0,m1,1ETD6u7wdHS6P9D1mxb1Qx3Aapa2DwAyyZutL2,00e4aa286df3fe01808f2ae09b85ef852ab6a3bf2274058d6129ea4803956045,946685285,946685281,3,1,0,0,21.2477,146,
run4-tbt-3s,1,nazionale,3,none,true,12,154,13,1,m1,1ETD6u7wdHS6P9D1mxb1Qx3Aapa2DwAyyZutL2,44404,12,150,1.0,44404.0,70727.0,0.627822,9.6643158e-06,0.42913428,0.6510725,0.49516724,-0.917,1.500,2.802,2.8021,0.0001,1,,1,2,2,0,0,m1,1ETD6u7wdHS6P9D1mxb1Qx3Aapa2DwAyyZutL2,00f2c679dcaf0d4fac7465ecb3666f69f6437b43a968e0e94a8da7069cf32d73,946685289,946685285,2,1,1,1,108.5037,154,10
run4-tbt-3s,1,nazionale,3,none,true,12,154,13,1,m2,1WKxQntNgmP3dtjbv3UL3DHV2JEciQTnQ4K3sr,18080,12,150,1.0,18080.0,70727.0,0.255631,9.94593142e-07,0.01798224,0.98217847,0.06792742,-0.917,1.500,1.52,1.5204,0.0004,1,,0,1,1,1,1,m1,1ETD6u7wdHS6P9D1mxb1Qx3Aapa2DwAyyZutL2,00f2c679dcaf0d4fac7465ecb3666f69f6437b43a968e0e94a8da7069cf32d73,946685289,946685285,2,1,1,1,119.0867,154,
run4-tbt-3s,1,nazionale,3,none,true,12,154,13,1,m3,1LtuCHDRfFnaxMXGm2gmsN7NoezE7zExV3Cet8,8243,12,150,1.0,8243.0,70727.0,0.116547,0.000110025819,0.90694283,0.40375669,0.99958274,-0.917,1.500,4.315,4.3153,0.0003,1,,0,3,3,0,0,m1,1ETD6u7wdHS6P9D1mxb1Qx3Aapa2DwAyyZutL2,00f2c679dcaf0d4fac7465ecb3666f69f6437b43a968e0e94a8da7069cf32d73,946685289,946685285,2,1,1,1,21.1717,154,
run4-tbt-3s,1,nazionale,3,none,true,12,155,13,1,m1,1ETD6u7wdHS6P9D1mxb1Qx3Aapa2DwAyyZutL2,44404,12,150,1.0,44404.0,70727.0,0.627822,1.0645122e-06,0.0472686,0.95383116,0.07252529,-1.167,1.500,1.484,1.4842,0.0002,1,,1,1,1,1,1,m1,1ETD6u7wdHS6P9D1mxb1Qx3Aapa2DwAyyZutL2,000330868d0e0c86d8268a21bf155d02fd43473befc6f00c2a100d13c096f987,946685291,946685289,1,1,0,0,108.5037,154,11
run4-tbt-3s,1,nazionale,3,none,true,12,155,13,1,m2,1WKxQntNgmP3dtjbv3UL3DHV2JEciQTnQ4K3sr,18080,12,150,1.0,18080.0,70727.0,0.255631,2.8925623e-05,0.52297526,0.59275432,0.87072619,-1.167,1.500,3.879,3.8788,-0.0002,1,,0,2,2,0,0,m1,1ETD6u7wdHS6P9D1mxb1Qx3Aapa2DwAyyZutL2,000330868d0e0c86d8268a21bf155d02fd43473befc6f00c2a100d13c096f987,946685291,946685289,1,1,0,0,119.0867,154,
run4-tbt-3s,1,nazionale,3,none,true,12,155,13,1,m3,1LtuCHDRfFnaxMXGm2gmsN7NoezE7zExV3Cet8,8243,12,150,1.0,8243.0,70727.0,0.116547,4.74439744e-05,0.39108068,0.67632559,0.96511052,-1.167,1.500,4.162,4.1619,-0.0001,1,,0,3,3,0,0,m1,1ETD6u7wdHS6P9D1mxb1Qx3Aapa2DwAyyZutL2,000330868d0e0c86d8268a21bf155d02fd43473befc6f00c2a100d13c096f987,946685291,946685289,1,1,0,0,21.1717,154,
run4-tbt-3s,1,nazionale,3,none,true,12,156,14,1,m1,1ETD6u7wdHS6P9D1mxb1Qx3Aapa2DwAyyZutL2,44404,12,150,1.0,44404.0,70727.0,0.627822,4.24401097e-06,0.18845106,0.82824103,0.25930487,-1.083,1.500,2.061,2.0613,0.0003,1,,1,1,1,1,1,m1,1ETD6u7wdHS6P9D1mxb1Qx3Aapa2DwAyyZutL2,000cfee6a966b007f7541af3bdbfe4bce8f3dc288cbc72afac2e20bce2668a0b,946685293,946685291,2,1,0,0,108.5037,154,12
run4-tbt-3s,1,nazionale,3,none,true,12,156,14,1,m2,1WKxQntNgmP3dtjbv3UL3DHV2JEciQTnQ4K3sr,18080,12,150,1.0,18080.0,70727.0,0.255631,3.42169408e-05,0.61864229,0.53867531,0.91108386,-1.083,1.500,4.017,4.0167,-0.0003,1,,0,2,2,0,0,m1,1ETD6u7wdHS6P9D1mxb1Qx3Aapa2DwAyyZutL2,000cfee6a966b007f7541af3bdbfe4bce8f3dc288cbc72afac2e20bce2668a0b,946685293,946685291,2,1,0,0,119.0867,154,
run4-tbt-3s,1,nazionale,3,none,true,12,156,14,1,m3,1LtuCHDRfFnaxMXGm2gmsN7NoezE7zExV3Cet8,8243,12,150,1.0,8243.0,70727.0,0.116547,4.50120273e-05,0.37103414,0.69002038,0.95856236,-1.083,1.500,4.159,4.1591,0.0001,1,,0,3,3,0,0,m1,1ETD6u7wdHS6P9D1mxb1Qx3Aapa2DwAyyZutL2,000cfee6a966b007f7541af3bdbfe4bce8f3dc288cbc72afac2e20bce2668a0b,946685293,946685291,2,1,0,0,21.1717,154,
run4-tbt-3s,1,nazionale,3,none,true,12,157,14,1,m1,1ETD6u7wdHS6P9D1mxb1Qx3Aapa2DwAyyZutL2,44404,12,150,1.0,44404.0,70727.0,0.627822,2.32116892e-05,1.03069185,0.35676005,0.80634812,-0.75,1.500,3.769,3.769,0.0,1,,1,1,1,1,1,m1,1ETD6u7wdHS6P9D1mxb1Qx3Aapa2DwAyyZutL2,00bba7ccb957a00eebb22fc5c5362ae07ca1cbcb792f93ea249fc85de51ffb1a,946685297,946685293,3,1,0,0,108.5037,154,13
run4-tbt-3s,1,nazionale,3,none,true,12,157,14,1,m2,1WKxQntNgmP3dtjbv3UL3DHV2JEciQTnQ4K3sr,18080,12,150,1.0,18080.0,70727.0,0.255631,7.27036983e-05,1.31448287,0.2686132,0.99415468,-0.75,1.500,4.332,4.3325,0.0005,1,,0,2,2,0,0,m1,1ETD6u7wdHS6P9D1mxb1Qx3Aapa2DwAyyZutL2,00bba7ccb957a00eebb22fc5c5362ae07ca1cbcb792f93ea249fc85de51ffb1a,946685297,946685293,3,1,0,0,119.0867,154,
run4-tbt-3s,1,nazionale,3,none,true,12,157,14,1,m3,1LtuCHDRfFnaxMXGm2gmsN7NoezE7zExV3Cet8,8243,12,150,1.0,8243.0,70727.0,0.116547,0.000285521848,2.35355659,0.09503058,1.0,-0.75,1.500,4.35,4.35,-0.0,1,,0,3,3,0,0,m1,1ETD6u7wdHS6P9D1mxb1Qx3Aapa2DwAyyZutL2,00bba7ccb957a00eebb22fc5c5362ae07ca1cbcb792f93ea249fc85de51ffb1a,946685297,946685293,3,1,0,0,21.1717,154,
run4-tbt-3s,1,nazionale,3,none,true,12,158,14,1,m1,1ETD6u7wdHS6P9D1mxb1Qx3Aapa2DwAyyZutL2,44404,12,150,1.0,44404.0,70727.0,0.627822,4.35022508e-06,0.19316739,0.82434397,0.26484827,-0.833,1.500,2.128,2.1279,-0.0001,1,,1,1,1,1,1,m1,1ETD6u7wdHS6P9D1mxb1Qx3Aapa2DwAyyZutL2,009529f13e90a3858196d536842e046ad6fb62ab09b60b17bd7868a2f6983cb8,946685300,946685297,2,1,0,0,108.5037,154,14
run4-tbt-3s,1,nazionale,3,none,true,12,158,14,1,m2,1WKxQntNgmP3dtjbv3UL3DHV2JEciQTnQ4K3sr,18080,12,150,1.0,18080.0,70727.0,0.255631,7.67735098e-06,0.13880651,0.87039643,0.41899505,-0.833,1.500,2.59,2.5904,0.0004,1,,0,2,2,0,0,m1,1ETD6u7wdHS6P9D1mxb1Qx3Aapa2DwAyyZutL2,009529f13e90a3858196d536842e046ad6fb62ab09b60b17bd7868a2f6983cb8,946685300,946685297,2,1,0,0,119.0867,154,
run4-tbt-3s,1,nazionale,3,none,true,12,158,14,1,m3,1LtuCHDRfFnaxMXGm2gmsN7NoezE7zExV3Cet8,8243,12,150,1.0,8243.0,70727.0,0.116547,6.12013198e-05,0.50448248,0.60381798,0.98681382,-0.833,1.500,4.294,4.2938,-0.0002,1,,0,3,3,0,0,m1,1ETD6u7wdHS6P9D1mxb1Qx3Aapa2DwAyyZutL2,009529f13e90a3858196d536842e046ad6fb62ab09b60b17bd7868a2f6983cb8,946685300,946685297,2,1,0,0,21.1717,154,
run4-tbt-3s,1,nazionale,3,none,true,12,159,14,1,m1,1ETD6u7wdHS6P9D1mxb1Qx3Aapa2DwAyyZutL2,44404,12,150,1.0,44404.0,70727.0,0.627822,1.19560366e-06,0.05308958,0.94829506,0.08108482,-0.583,1.500,1.627,1.6267,-0.0003,1,,1,2,2,0,0,m1,1ETD6u7wdHS6P9D1mxb1Qx3Aapa2DwAyyZutL2,0017bb79182452ddbda1a93d97575d667a6de6a65ac4e20401c6bd7f2c06d0d2,946685302,946685300,1,1,0,0,108.5037,154,15
run4-tbt-3s,1,nazionale,3,none,true,12,159,14,1,m2,1WKxQntNgmP3dtjbv3UL3DHV2JEciQTnQ4K3sr,18080,12,150,1.0,18080.0,70727.0,0.255631,5.80068783e-07,0.01048764,0.98956716,0.04019633,-0.583,1.500,1.504,1.504,-0.0,1,,0,1,1,1,1,m1,1ETD6u7wdHS6P9D1mxb1Qx3Aapa2DwAyyZutL2,0017bb79182452ddbda1a93d97575d667a6de6a65ac4e20401c6bd7f2c06d0d2,946685302,946685300,1,1,0,0,119.0867,154,
run4-tbt-3s,1,nazionale,3,none,true,12,159,14,1,m3,1LtuCHDRfFnaxMXGm2gmsN7NoezE7zExV3Cet8,8243,12,150,1.0,8243.0,70727.0,0.116547,0.000345301115,2.84631709,0.05805775,1.0,-0.583,1.500,4.383,4.3834,0.0004,1,,0,3,3,0,0,m1,1ETD6u7wdHS6P9D1mxb1Qx3Aapa2DwAyyZutL2,0017bb79182452ddbda1a93d97575d667a6de6a65ac4e20401c6bd7f2c06d0d2,946685302,946685300,1,1,0,0,21.1717,154,
run4-tbt-3s,1,nazionale,3,none,true,12,160,14,1,m1,1ETD6u7wdHS6P9D1mxb1Qx3Aapa2DwAyyZutL2,44404,12,150,1.0,44404.0,70727.0,0.627822,2.22060125e-05,0.98603578,0.37305263,0.79207226,-0.417,1.500,3.793,3.7928,-0.0002,1,,1,2,2,0,0,m1,1ETD6u7wdHS6P9D1mxb1Qx3Aapa2DwAyyZutL2,00fb8fb831af822c1dbaaaa4d56c9ede3c2c1b1c997d07f2b8600f7ee2e844d6,946685306,946685302,3,1,0,0,108.5037,154,16
run4-tbt-3s,1,nazionale,3,none,true,12,160,14,1,m2,1WKxQntNgmP3dtjbv3UL3DHV2JEciQTnQ4K3sr,18080,12,150,1.0,18080.0,70727.0,0.255631,1.57617367e-05,0.2849722,0.75203516,0.67201269,-0.417,1.500,3.433,3.4326,-0.0004,1,,0,1,1,1,1,m1,1ETD6u7wdHS6P9D1mxb1Qx3Aapa2DwAyyZutL2,00fb8fb831af822c1dbaaaa4d56c9ede3c2c1b1c997d07f2b8600f7ee2e844d6,946685306,946685302,3,1,0,0,119.0867,154,
run4-tbt-3s,1,nazionale,3,none,true,12,160,14,1,m3,1LtuCHDRfFnaxMXGm2gmsN7NoezE7zExV3Cet8,8243,12,150,1.0,8243.0,70727.0,0.116547,0.0004210866,3.47101684,0.03108541,1.0,-0.417,1.500,4.417,4.4166,-0.0004,1,,0,3,3,0,0,m1,1ETD6u7wdHS6P9D1mxb1Qx3Aapa2DwAyyZutL2,00fb8fb831af822c1dbaaaa4d56c9ede3c2c1b1c997d07f2b8600f7ee2e844d6,946685306,946685302,3,1,0,0,21.1717,154,
run4-tbt-3s,1,nazionale,3,none,true,12,161,14,1,m1,1ETD6u7wdHS6P9D1mxb1Qx3Aapa2DwAyyZutL2,44404,12,150,1.0,44404.0,70727.0,0.627822,4.58273793e-05,2.03491895,0.13069107,0.96088437,-0.583,1.500,4.266,4.2661,0.0001,1,,0,1,1,1,1,m2,1WKxQntNgmP3dtjbv3UL3DHV2JEciQTnQ4K3sr,007c2d4fb998c8119ac4223f76e88d885f2c4561e90336e7bf79fe629bd55dfb,946685312,946685306,4,1,1,1,108.5037,154,
run4-tbt-3s,1,nazionale,3,none,true,12,161,14,1,m2,1WKxQntNgmP3dtjbv3UL3DHV2JEciQTnQ4K3sr,18080,12,150,1.0,18080.0,70727.0,0.255631,9.97510886e-05,1.80349968,0.16472141,0.999137,-0.583,1.500,4.381,4.3808,-0.0002,1,,1,2,2,0,0,m2,1WKxQntNgmP3dtjbv3UL3DHV2JEciQTnQ4K3sr,007c2d4fb998c8119ac4223f76e88d885f2c4561e90336e7bf79fe629bd55dfb,946685312,946685306,4,1,1,1,119.0867,154,1
run4-tbt-3s,1,nazionale,3,none,true,12,161,14,1,m3,1LtuCHDRfFnaxMXGm2gmsN7NoezE7zExV3Cet8,8243,12,150,1.0,8243.0,70727.0,0.116547,0.00018808325,1.55037023,0.21216941,0.99999833,-0.583,1.500,4.383,4.3834,0.0004,1,,0,3,3,0,0,m2,1WKxQntNgmP3dtjbv3UL3DHV2JEciQTnQ4K3sr,007c2d4fb998c8119ac4223f76e88d885f2c4561e90336e7bf79fe629bd55dfb,946685312,946685306,4,1,1,1,21.1717,154,
run4-tbt-3s,1,nazionale,3,none,true,12,162,14,1,m1,1ETD6u7wdHS6P9D1mxb1Qx3Aapa2DwAyyZutL2,44404,12,150,1.0,44404.0,70727.0,0.627822,4.35538993e-05,1.93396734,0.14457349,0.95406081,-0.583,1.500,4.246,4.2456,-0.0004,1,,0,2,2,0,0,m2,1WKxQntNgmP3dtjbv3UL3DHV2JEciQTnQ4K3sr,003848afae0afb9f8ef3696d452c763303096d0c6939af30b820ae84834689df,946685314,946685312,1,1,0,0,108.5037,154,
run4-tbt-3s,1,nazionale,3,none,true,12,162,14,1,m2,1WKxQntNgmP3dtjbv3UL3DHV2JEciQTnQ4K3sr,18080,12,150,1.0,18080.0,70727.0,0.255631,1.09392409e-07,0.00197781,0.99802414,0.00770714,-0.667,1.500,1.39,1.3897,-0.0003,1,,1,1,1,1,1,m2,1WKxQntNgmP3dtjbv3UL3DHV2JEciQTnQ4K3sr,003848afae0afb9f8ef3696d452c763303096d0c6939af30b820ae84834689df,946685314,946685312,1,1,0,0,119.0867,154,2
run4-tbt-3s,1,nazionale,3,none,true,12,162,14,1,m3,1LtuCHDRfFnaxMXGm2gmsN7NoezE7zExV3Cet8,8243,12,150,1.0,8243.0,70727.0,0.116547,0.000111183996,0.91648968,0.39992043,0.99961556,-0.583,1.500,4.382,4.3822,0.0002,1,,0,3,3,0,0,m2,1WKxQntNgmP3dtjbv3UL3DHV2JEciQTnQ4K3sr,003848afae0afb9f8ef3696d452c763303096d0c6939af30b820ae84834689df,946685314,946685312,1,1,0,0,21.1717,154,
run4-tbt-3s,1,nazionale,3,none,true,12,163,14,1,m1,1ETD6u7wdHS6P9D1mxb1Qx3Aapa2DwAyyZutL2,52503,13,162,1.0,52503.0,78826.0,0.666062,1.09520637e-05,0.5750162,0.56269575,0.57823516,-0.5,1.500,3.135,3.1347,-0.0003,1,,0,2,2,0,0,m3,1LtuCHDRfFnaxMXGm2gmsN7NoezE7zExV3Cet8,0006909430af5b58abbdbdb7a9949f51780e786d1dd4d419c4520eda8b65e5f2,946685318,946685314,2,1,1,2,7.5096,163,
run4-tbt-3s,1,nazionale,3,none,true,12,163,14,1,m2,1WKxQntNgmP3dtjbv3UL3DHV2JEciQTnQ4K3sr,18080,12,150,1.0,18080.0,78826.0,0.229366,0.000102598912,1.85498833,0.15645477,0.99969263,-0.5,1.500,4.399,4.3991,0.0001,1,,0,3,3,0,0,m3,1LtuCHDRfFnaxMXGm2gmsN7NoezE7zExV3Cet8,0006909430af5b58abbdbdb7a9949f51780e786d1dd4d419c4520eda8b65e5f2,946685318,946685314,2,1,1,2,49.0367,163,
run4-tbt-3s,1,nazionale,3,none,true,12,163,14,1,m3,1LtuCHDRfFnaxMXGm2gmsN7NoezE7zExV3Cet8,8243,12,150,1.0,8243.0,78826.0,0.104572,8.94932984e-06,0.07376933,0.92888594,0.50610872,-0.5,1.500,2.918,2.9183,0.0003,1,,1,1,1,1,1,m3,1LtuCHDRfFnaxMXGm2gmsN7NoezE7zExV3Cet8,0006909430af5b58abbdbdb7a9949f51780e786d1dd4d419c4520eda8b65e5f2,946685318,946685314,2,1,1,2,17.2922,163,1
run4-tbt-3s,1,nazionale,3,none,true,12,164,14,1,m1,1ETD6u7wdHS6P9D1mxb1Qx3Aapa2DwAyyZutL2,52503,13,162,1.0,52503.0,78826.0,0.666062,1.70439635e-05,0.89485922,0.40866513,0.73907114,-0.5,1.500,3.617,3.6172,0.0002,1,,0,1,1,1,1,m3,1LtuCHDRfFnaxMXGm2gmsN7NoezE7zExV3Cet8,00fbbe2e591a7a5503d29ffff65a0e4fc44532a92acf61c9ff2e3ddae0fe613a,946685323,946685318,4,1,1,2,7.5096,163,
run4-tbt-3s,1,nazionale,3,none,true,12,164,14,1,m2,1WKxQntNgmP3dtjbv3UL3DHV2JEciQTnQ4K3sr,18080,12,150,1.0,18080.0,78826.0,0.229366,4.74133233e-05,0.85723289,0.42433464,0.97618412,-0.5,1.500,4.329,4.3286,-0.0004,1,,0,2,2,0,0,m3,1LtuCHDRfFnaxMXGm2gmsN7NoezE7zExV3Cet8,00fbbe2e591a7a5503d29ffff65a0e4fc44532a92acf61c9ff2e3ddae0fe613a,946685323,946685318,4,1,1,2,49.0367,163,
run4-tbt-3s,1,nazionale,3,none,true,12,164,14,1,m3,1LtuCHDRfFnaxMXGm2gmsN7NoezE7zExV3Cet8,8243,12,150,1.0,8243.0,78826.0,0.104572,0.000156031649,1.28616888,0.2763274,0.99999545,-0.5,1.500,4.4,4.4,-0.0,1,,1,3,3,0,0,m3,1LtuCHDRfFnaxMXGm2gmsN7NoezE7zExV3Cet8,00fbbe2e591a7a5503d29ffff65a0e4fc44532a92acf61c9ff2e3ddae0fe613a,946685323,946685318,4,1,1,2,17.2922,163,2
run4-tbt-3s,1,nazionale,3,none,true,12,165,14,1,m1,1ETD6u7wdHS6P9D1mxb1Qx3Aapa2DwAyyZutL2,52503,13,162,1.0,52503.0,78826.0,0.666062,3.41074237e-05,1.79074207,0.16683632,0.93202068,-0.5,1.500,4.196,4.1961,0.0001,1,,0,1,1,1,1,m3,1LtuCHDRfFnaxMXGm2gmsN7NoezE7zExV3Cet8,00c1dbdf6d8d6aefb07a23790fc131f67dbb6bc2c4d1663ff3b3699955e9ef94,946685327,946685323,4,1,1,2,7.5096,163,
run4-tbt-3s,1,nazionale,3,none,true,12,165,14,1,m2,1WKxQntNgmP3dtjbv3UL3DHV2JEciQTnQ4K3sr,18080,12,150,1.0,18080.0,78826.0,0.229366,6.78196589e-05,1.22617943,0.29341144,0.99523259,-0.5,1.500,4.386,4.3857,-0.0003,1,,0,3,3,0,0,m3,1LtuCHDRfFnaxMXGm2gmsN7NoezE7zExV3Cet8,00c1dbdf6d8d6aefb07a23790fc131f67dbb6bc2c4d1663ff3b3699955e9ef94,946685327,946685323,4,1,1,2,49.0367,163,
run4-tbt-3s,1,nazionale,3,none,true,12,165,14,1,m3,1LtuCHDRfFnaxMXGm2gmsN7NoezE7zExV3Cet8,8243,12,150,1.0,8243.0,78826.0,0.104572,5.30607636e-05,0.43737987,0.64572609,0.98474072,-0.5,1.500,4.354,4.3542,0.0002,1,,1,2,2,0,0,m3,1LtuCHDRfFnaxMXGm2gmsN7NoezE7zExV3Cet8,00c1dbdf6d8d6aefb07a23790fc131f67dbb6bc2c4d1663ff3b3699955e9ef94,946685327,946685323,4,1,1,2,17.2922,163,3
run4-tbt-3s,1,nazionale,3,none,true,12,166,14,1,m1,1ETD6u7wdHS6P9D1mxb1Qx3Aapa2DwAyyZutL2,52503,13,162,1.0,52503.0,78826.0,0.666062,7.01267142e-05,3.68186288,0.02517603,0.99602531,-0.5,1.500,4.388,4.3881,0.0001,1,,0,3,3,0,0,m3,1LtuCHDRfFnaxMXGm2gmsN7NoezE7zExV3Cet8,0025605ee7a2c5e0b563f7c10884e8cda178e699854f01ccdc8073ebe8c7001f,946685330,946685327,2,1,0,0,7.5096,163,
run4-tbt-3s,1,nazionale,3,none,true,12,166,14,1,m2,1WKxQntNgmP3dtjbv3UL3DHV2JEciQTnQ4K3sr,18080,12,150,1.0,18080.0,78826.0,0.229366,3.08027557e-05,0.55691382,0.57297464,0.91179204,-0.5,1.500,4.135,4.1354,0.0004,1,,0,2,2,0,0,m3,1LtuCHDRfFnaxMXGm2gmsN7NoezE7zExV3Cet8,0025605ee7a2c5e0b563f7c10884e8cda178e699854f01ccdc8073ebe8c7001f,946685330,946685327,2,1,0,0,49.0367,163,
run4-tbt-3s,1,nazionale,3,none,true,12,166,14,1,m3,1LtuCHDRfFnaxMXGm2gmsN7NoezE7zExV3Cet8,8243,12,150,1.0,8243.0,78826.0,0.104572,8.85406976e-06,0.0729841,0.92961561,0.50238615,-0.5,1.500,2.907,2.9072,0.0002,1,,1,1,1,1,1,m3,1LtuCHDRfFnaxMXGm2gmsN7NoezE7zExV3Cet8,0025605ee7a2c5e0b563f7c10884e8cda178e699854f01ccdc8073ebe8c7001f,946685330,946685327,2,1,0,0,17.2922,163,4
run4-tbt-3s,1,nazionale,3,none,true,12,167,14,1,m1,1ETD6u7wdHS6P9D1mxb1Qx3Aapa2DwAyyZutL2,52503,13,162,1.0,52503.0,78826.0,0.666062,2.59792712e-05,1.36398968,0.25563882,0.87098699,-0.417,1.500,4.03,4.0296,-0.0004,1,,0,2,2,0,0,m3,1LtuCHDRfFnaxMXGm2gmsN7NoezE7zExV3Cet8,007983b6fd930c58e80c541668db5919eaec8c87ef756202ebb06054dc7c4bc5,946685335,946685330,3,1,0,0,7.5096,163,
run4-tbt-3s,1,nazionale,3,none,true,12,167,14,1,m2,1WKxQntNgmP3dtjbv3UL3DHV2JEciQTnQ4K3sr,18080,12,150,1.0,18080.0,78826.0,0.229366,3.0784119e-05,0.55657687,0.57316774,0.91166236,-0.417,1.500,4.152,4.1516,-0.0004,1,,0,3,3,0,0,m3,1LtuCHDRfFnaxMXGm2gmsN7NoezE7zExV3Cet8,007983b6fd930c58e80c541668db5919eaec8c87ef756202ebb06054dc7c4bc5,946685335,946685330,3,1,0,0,49.0367,163,
run4-tbt-3s,1,nazionale,3,none,true,12,167,14,1,m3,1LtuCHDRfFnaxMXGm2gmsN7NoezE7zExV3Cet8,8243,12,150,1.0,8243.0,78826.0,0.104572,1.35758624e-05,0.11190583,0.89412845,0.65703639,-0.417,1.500,3.388,3.3877,-0.0003,1,,1,1,1,1,1,m3,1LtuCHDRfFnaxMXGm2gmsN7NoezE7zExV3Cet8,007983b6fd930c58e80c541668db5919eaec8c87ef756202ebb06054dc7c4bc5,946685335,946685330,3,1,0,0,17.2922,163,5
run4-tbt-3s,1,nazionale,3,none,true,12,168,15,1,m1,1ETD6u7wdHS6P9D1mxb1Qx3Aapa2DwAyyZutL2,52503,13,162,1.0,52503.0,78826.0,0.666062,2.86574683e-05,1.50460306,0.22210544,0.89554027,-0.667,1.500,4.053,4.0532,0.0002,1,,0,2,2,0,0,m3,1LtuCHDRfFnaxMXGm2gmsN7NoezE7zExV3Cet8,00a5917fdd1e8715852f9c62edd7a1df657b01a67898d7348146a91810662c78,946685339,946685335,3,1,0,0,7.5096,163,
run4-tbt-3s,1,nazionale,3,none,true,12,168,15,1,m2,1WKxQntNgmP3dtjbv3UL3DHV2JEciQTnQ4K3sr,18080,12,150,1.0,18080.0,78826.0,0.229366,6.80569775e-05,1.23047015,0.29215519,0.99532095,-0.667,1.500,4.353,4.3526,-0.0004,1,,0,3,3,0,0,m3,1LtuCHDRfFnaxMXGm2gmsN7NoezE7zExV3Cet8,00a5917fdd1e8715852f9c62edd7a1df657b01a67898d7348146a91810662c78,946685339,946685335,3,1,0,0,49.0367,163,
run4-tbt-3s,1,nazionale,3,none,true,12,168,15,1,m3,1LtuCHDRfFnaxMXGm2gmsN7NoezE7zExV3Cet8,8243,12,150,1.0,8243.0,78826.0,0.104572,1.92070195e-05,0.15832346,0.85357364,0.77997465,-0.667,1.500,3.707,3.7065,-0.0005,1,,1,1,1,1,1,m3,1LtuCHDRfFnaxMXGm2gmsN7NoezE7zExV3Cet8,00a5917fdd1e8715852f9c62edd7a1df657b01a67898d7348146a91810662c78,946685339,946685335,3,1,0,0,17.2922,163,6
run4-tbt-3s,1,nazionale,3,none,true,12,169,15,1,m1,1ETD6u7wdHS6P9D1mxb1Qx3Aapa2DwAyyZutL2,52503,13,162,1.0,52503.0,78826.0,0.666062,3.46012246e-05,1.8166681,0.16256651,0.9346159,-0.833,1.500,4.137,4.1372,0.0002,1,,0,2,2,0,0,m2,1WKxQntNgmP3dtjbv3UL3DHV2JEciQTnQ4K3sr,001be3aced00b38e2cb955a08a04f478e447eeb330e38705c849316ddb79ca56,946685344,946685339,3,1,1,1,7.5096,163,
run4-tbt-3s,1,nazionale,3,none,true,12,169,15,1,m2,1WKxQntNgmP3dtjbv3UL3DHV2JEciQTnQ4K3sr,18080,12,150,1.0,18080.0,78826.0,0.229366,1.23973886e-05,0.22414479,0.79919941,0.62365031,-0.833,1.500,3.204,3.2044,0.0004,1,,1,1,1,1,1,m2,1WKxQntNgmP3dtjbv3UL3DHV2JEciQTnQ4K3sr,001be3aced00b38e2cb955a08a04f478e447eeb330e38705c849316ddb79ca56,946685344,946685339,3,1,1,1,49.0367,163,1
run4-tbt-3s,1,nazionale,3,none,true,12,169,15,1,m3,1LtuCHDRfFnaxMXGm2gmsN7NoezE7zExV3Cet8,8243,12,150,1.0,8243.0,78826.0,0.104572,0.000154819284,1.27617536,0.27910273,0.99999499,-0.833,1.500,4.333,4.3334,0.0004,1,,0,3,3,0,0,m2,1WKxQntNgmP3dtjbv3UL3DHV2JEciQTnQ4K3sr,001be3aced00b38e2cb955a08a04f478e447eeb330e38705c849316ddb79ca56,946685344,946685339,3,1,1,1,17.2922,163,
run4-tbt-3s,1,nazionale,3,none,true,12,170,15,1,m1,1ETD6u7wdHS6P9D1mxb1Qx3Aapa2DwAyyZutL2,52503,13,162,1.0,52503.0,78826.0,0.666062,2.18897603e-05,1.14927809,0.31686544,0.82191285,-0.917,1.500,3.782,3.7823,0.0003,1,,0,1,1,1,1,m2,1WKxQntNgmP3dtjbv3UL3DHV2JEciQTnQ4K3sr,0039878737fc366eee103db617051f60de911ffccec1e4413ff7255cd1905821,946685348,946685344,3,1,1,1,7.2007,170,
run4-tbt-3s,1,nazionale,3,none,true,12,170,15,1,m2,1WKxQntNgmP3dtjbv3UL3DHV2JEciQTnQ4K3sr,18080,12,150,1.0,18080.0,78826.0,0.229366,2.21462892e-05,0.40040491,0.67004868,0.82547781,-0.917,1.500,3.793,3.793,0.0,1,,1,2,2,0,0,m2,1WKxQntNgmP3dtjbv3UL3DHV2JEciQTnQ4K3sr,0039878737fc366eee103db617051f60de911ffccec1e4413ff7255cd1905821,946685348,946685344,3,1,1,1,21.1021,170,2
run4-tbt-3s,1,nazionale,3,none,true,12,170,15,1,m3,1LtuCHDRfFnaxMXGm2gmsN7NoezE7zExV3Cet8,8243,12,150,1.0,8243.0,78826.0,0.104572,0.00013805581,1.13799404,0.32046121,0.99998121,-0.917,1.500,4.317,4.3165,-0.0005,1,,0,3,3,0,0,m2,1WKxQntNgmP3dtjbv3UL3DHV2JEciQTnQ4K3sr,0039878737fc366eee103db617051f60de911ffccec1e4413ff7255cd1905821,946685348,946685344,3,1,1,1,94.9961,170,
run4-tbt-3s,1,nazionale,3,none,true,12,171,15,1,m1,1ETD6u7wdHS6P9D1mxb1Qx3Aapa2DwAyyZutL2,52503,13,162,1.0,52503.0,78826.0,0.666062,2.00645791e-05,1.0534506,0.34873234,0.79435636,-1.0,1.500,3.683,3.6831,0.0001,1,,0,1,1,1,1,m2,1WKxQntNgmP3dtjbv3UL3DHV2JEciQTnQ4K3sr,0046a8e28fd27851f8797a64b220f25cccd750ac38c8a549530c30d0c01ad531,946685352,946685348,4,1,1,1,7.2007,170,
run4-tbt-3s,1,nazionale,3,none,true,12,171,15,1,m2,1WKxQntNgmP3dtjbv3UL3DHV2JEciQTnQ4K3sr,18080,12,150,1.0,18080.0,78826.0,0.229366,4.11924589e-05,0.74475966,0.47484841,0.96111072,-1.0,1.500,4.183,4.1833,0.0003,1,,1,2,2,0,0,m2,1WKxQntNgmP3dtjbv3UL3DHV2JEciQTnQ4K3sr,0046a8e28fd27851f8797a64b220f25cccd750ac38c8a549530c30d0c01ad531,946685352,946685348,4,1,1,1,21.1021,170,3
run4-tbt-3s,1,nazionale,3,none,true,12,171,15,1,m3,1LtuCHDRfFnaxMXGm2gmsN7NoezE7zExV3Cet8,8243,12,150,1.0,8243.0,78826.0,0.104572,0.000117610098,0.96946004,0.37928778,0.99990586,-1.0,1.500,4.3,4.2997,-0.0003,1,,0,3,3,0,0,m2,1WKxQntNgmP3dtjbv3UL3DHV2JEciQTnQ4K3sr,0046a8e28fd27851f8797a64b220f25cccd750ac38c8a549530c30d0c01ad531,946685352,946685348,4,1,1,1,94.9961,170,
run4-tbt-3s,1,nazionale,3,none,true,12,172,15,1,m1,1ETD6u7wdHS6P9D1mxb1Qx3Aapa2DwAyyZutL2,52503,13,162,1.0,52503.0,78826.0,0.666062,5.33201798e-06,0.27994694,0.75582384,0.34315135,-1.167,1.500,2.296,2.2961,0.0001,1,,0,1,1,1,1,m2,1WKxQntNgmP3dtjbv3UL3DHV2JEciQTnQ4K3sr,005d3b492979cc48caa344fdbeeef0d967ca8e4b7f644da6b66e2278f9f22756,946685357,946685352,4,1,1,2,7.2007,170,
run4-tbt-3s,1,nazionale,3,none,true,12,172,15,1,m2,1WKxQntNgmP3dtjbv3UL3DHV2JEciQTnQ4K3sr,18080,12,150,1.0,18080.0,78826.0,0.229366,0.000146036309,2.64033647,0.07133726,0.99998999,-1.167,1.500,4.267,4.2666,-0.0004,1,,1,3,2,0,0,m2,1WKxQntNgmP3dtjbv3UL3DHV2JEciQTnQ4K3sr,005d3b492979cc48caa344fdbeeef0d967ca8e4b7f644da6b66e2278f9f22756,946685357,946685352,4,1,1,2,21.1021,170,4
run4-tbt-3s,1,nazionale,3,none,true,12,172,15,1,m3,1LtuCHDRfFnaxMXGm2gmsN7NoezE7zExV3Cet8,8243,12,150,1.0,8243.0,78826.0,0.104572,0.000160979602,1.32695486,0.26528386,0.99999692,-1.25,1.500,4.25,4.25,-0.0,1,,0,2,3,0,0,m2,1WKxQntNgmP3dtjbv3UL3DHV2JEciQTnQ4K3sr,005d3b492979cc48caa344fdbeeef0d967ca8e4b7f644da6b66e2278f9f22756,946685357,946685352,4,1,1,2,94.9961,170,
run4-tbt-3s,1,nazionale,3,none,true,12,173,15,1,m1,1ETD6u7wdHS6P9D1mxb1Qx3Aapa2DwAyyZutL2,52503,13,162,1.0,52503.0,78826.0,0.666062,2.14517092e-05,1.12627909,0.32423747,0.81565613,-1.25,1.500,3.697,3.697,-0.0,1,,0,2,2,0,0,m2,1WKxQntNgmP3dtjbv3UL3DHV2JEciQTnQ4K3sr,004a9961e188089b8046410681b6a6730f623c22624bce06cffbc32133194db6,946685359,946685357,1,1,0,0,7.2007,170,
run4-tbt-3s,1,nazionale,3,none,true,12,173,15,1,m2,1WKxQntNgmP3dtjbv3UL3DHV2JEciQTnQ4K3sr,18080,12,150,1.0,18080.0,78826.0,0.229366,2.6486205e-06,0.04788706,0.95324144,0.18842637,-1.25,1.500,1.815,1.8153,0.0003,1,,1,1,1,1,1,m2,1WKxQntNgmP3dtjbv3UL3DHV2JEciQTnQ4K3sr,004a9961e188089b8046410681b6a6730f623c22624bce06cffbc32133194db6,946685359,946685357,1,1,0,0,21.1021,170,5
run4-tbt-3s,1,nazionale,3,none,true,12,173,15,1,m3,1LtuCHDRfFnaxMXGm2gmsN7NoezE7zExV3Cet8,8243,12,150,1.0,8243.0,78826.0,0.104572,9.05336784e-05,0.74626911,0.47413219,0.9992044,-1.25,1.500,4.248,4.2476,-0.0004,1,,0,3,3,0,0,m2,1WKxQntNgmP3dtjbv3UL3DHV2JEciQTnQ4K3sr,004a9961e188089b8046410681b6a6730f623c22624bce06cffbc32133194db6,946685359,946685357,1,1,0,0,94.9961,170,
run4-tbt-3s,1,nazionale,3,none,true,12,174,15,1,m1,1ETD6u7wdHS6P9D1mxb1Qx3Aapa2DwAyyZutL2,52503,13,162,1.0,52503.0,78826.0,0.666062,9.34864776e-06,0.49083205,0.61211687,0.52141264,-0.917,1.500,2.881,2.8808,-0.0002,1,,0,1,1,1,1,m2,1WKxQntNgmP3dtjbv3UL3DHV2JEciQTnQ4K3sr,0071bd94b4da3ad739ddf73cfb1df634a487b82ecc723a3610d1eb99711df29e,946685363,946685359,4,1,1,1,7.2007,170,
run4-tbt-3s,1,nazionale,3,none,true,12,174,15,1,m2,1WKxQntNgmP3dtjbv3UL3DHV2JEciQTnQ4K3sr,18080,12,150,1.0,18080.0,78826.0,0.229366,0.000113093207,2.04472518,0.12941575,0.9998656,-0.917,1.500,4.316,4.3162,0.0002,1,,1,3,3,0,0,m2,1WKxQntNgmP3dtjbv3UL3DHV2JEciQTnQ4K3sr,0071bd94b4da3ad739ddf73cfb1df634a487b82ecc723a3610d1eb99711df29e,946685363,946685359,4,1,1,1,21.1021,170,6
run4-tbt-3s,1,nazionale,3,none,true,12,174,15,1,m3,1LtuCHDRfFnaxMXGm2gmsN7NoezE7zExV3Cet8,8243,12,150,1.0,8243.0,78826.0,0.104572,3.13829103e-05,0.25868933,0.77206284,0.91573505,-0.917,1.500,4.064,4.0638,-0.0002,1,,0,2,2,0,0,m2,1WKxQntNgmP3dtjbv3UL3DHV2JEciQTnQ4K3sr,0071bd94b4da3ad739ddf73cfb1df634a487b82ecc723a3610d1eb99711df29e,946685363,946685359,4,1,1,1,94.9961,170,
run4-tbt-3s,1,nazionale,3,none,true,12,175,15,1,m1,1ETD6u7wdHS6P9D1mxb1Qx3Aapa2DwAyyZutL2,52503,13,162,1.0,52503.0,72059.0,0.728611,1.99220104e-05,1.04596531,0.35135249,0.76201798,-1.083,1.500,3.569,3.5695,0.0005,1,,0,1,1,1,1,m2,1WKxQntNgmP3dtjbv3UL3DHV2JEciQTnQ4K3sr,00395eeae164a07555c7507fe3ac33202462b3fa23b5dc0be8cab46bb761ba3d,946685368,946685363,4,1,1,1,7.2007,170,
run4-tbt-3s,1,nazionale,3,none,true,12,175,15,1,m2,1WKxQntNgmP3dtjbv3UL3DHV2JEciQTnQ4K3sr,15434,14,174,1.0,15434.0,72059.0,0.214186,8.43290839e-05,1.30153508,0.27211376,0.99770419,-1.083,1.500,4.276,4.2765,0.0005,1,,1,2,2,0,0,m2,1WKxQntNgmP3dtjbv3UL3DHV2JEciQTnQ4K3sr,00395eeae164a07555c7507fe3ac33202462b3fa23b5dc0be8cab46bb761ba3d,946685368,946685363,4,1,1,1,21.1021,170,7
run4-tbt-3s,1,nazionale,3,none,true,12,175,15,1,m3,1LtuCHDRfFnaxMXGm2gmsN7NoezE7zExV3Cet8,4122,14,174,1.0,4122.0,72059.0,0.057203,0.000129149556,0.53235447,0.58722075,0.99990916,-1.083,1.500,4.283,4.2831,0.0001,1,,0,3,3,0,0,m2,1WKxQntNgmP3dtjbv3UL3DHV2JEciQTnQ4K3sr,00395eeae164a07555c7507fe3ac33202462b3fa23b5dc0be8cab46bb761ba3d,946685368,946685363,4,1,1,1,94.9961,170,
run4-tbt-3s,1,nazionale,3,none,true,12,176,15,1,m1,1ETD6u7wdHS6P9D1mxb1Qx3Aapa2DwAyyZutL2,52503,13,162,1.0,52503.0,72059.0,0.728611,1.68071729e-05,0.882427,0.41377745,0.70213296,-1.167,1.500,3.373,3.373,-0.0,1,,0,2,2,0,0,m2,1WKxQntNgmP3dtjbv3UL3DHV2JEciQTnQ4K3sr,00f0ecc6cb1caef9a78a84a596a3e650b83ef7755c08d514c7bbbe52f41b19e5,946685370,946685368,1,1,0,0,7.2007,170,
run4-tbt-3s,1,nazionale,3,none,true,12,176,15,1,m2,1WKxQntNgmP3dtjbv3UL3DHV2JEciQTnQ4K3sr,15434,14,174,1.0,15434.0,72059.0,0.214186,2.67528454e-06,0.04129034,0.95955049,0.17533524,-1.167,1.500,1.793,1.7926,-0.0004,1,,1,1,1,1,1,m2,1WKxQntNgmP3dtjbv3UL3DHV2JEciQTnQ4K3sr,00f0ecc6cb1caef9a78a84a596a3e650b83ef7755c08d514c7bbbe52f41b19e5,946685370,946685368,1,1,0,0,21.1021,170,8
run4-tbt-3s,1,nazionale,3,none,true,12,176,15,1,m3,1LtuCHDRfFnaxMXGm2gmsN7NoezE7zExV3Cet8,4122,14,174,1.0,4122.0,72059.0,0.057203,0.000303505854,1.25105113,0.2862038,1.0,-1.167,1.500,4.267,4.2666,-0.0004,1,,0,3,3,0,0,m2,1WKxQntNgmP3dtjbv3UL3DHV2JEciQTnQ4K3sr,00f0ecc6cb1caef9a78a84a596a3e650b83ef7755c08d514c7bbbe52f41b19e5,946685370,946685368,1,1,0,0,94.9961,170,
run4-tbt-3s,1,nazionale,3,none,true,12,177,15,1,m1,1ETD6u7wdHS6P9D1mxb1Qx3Aapa2DwAyyZutL2,52503,13,162,1.0,52503.0,72059.0,0.728611,3.46761249e-05,1.82060059,0.16192847,0.91781043,-0.917,1.500,4.07,4.07,0.0,1,,0,1,1,1,1,m2,1WKxQntNgmP3dtjbv3UL3DHV2JEciQTnQ4K3sr,001137a4b25c7abba3c464e9f67318643130f1fc54d1b062abea95f5f5a35b3b,946685375,946685370,4,1,0,0,7.2007,170,
run4-tbt-3s,1,nazionale,3,none,true,12,177,15,1,m2,1WKxQntNgmP3dtjbv3UL3DHV2JEciQTnQ4K3sr,15434,14,174,1.0,15434.0,72059.0,0.214186,0.000173590641,2.67919795,0.06861817,0.99999631,-0.917,1.500,4.317,4.3166,-0.0004,1,,1,3,3,0,0,m2,1WKxQntNgmP3dtjbv3UL3DHV2JEciQTnQ4K3sr,001137a4b25c7abba3c464e9f67318643130f1fc54d1b062abea95f5f5a35b3b,946685375,946685370,4,1,0,0,21.1021,170,9
run4-tbt-3s,1,nazionale,3,none,true,12,177,15,1,m3,1LtuCHDRfFnaxMXGm2gmsN7NoezE7zExV3Cet8,4122,14,174,1.0,4122.0,72059.0,0.057203,0.000100719934,0.41516757,0.66022964,0.99929533,-0.917,1.500,4.315,4.3145,-0.0005,1,,0,2,2,0,0,m2,1WKxQntNgmP3dtjbv3UL3DHV2JEciQTnQ4K3sr,001137a4b25c7abba3c464e9f67318643130f1fc54d1b062abea95f5f5a35b3b,946685375,946685370,4,1,0,0,94.9961,170,
run4-tbt-3s,1,nazionale,3,none,true,12,178,15,1,m1,1ETD6u7wdHS6P9D1mxb1Qx3Aapa2DwAyyZutL2,52503,13,162,1.0,52503.0,72059.0,0.728611,1.80551242e-05,0.94794819,0.38753536,0.72774991,-1.0,1.500,3.483,3.4832,0.0002,1,,0,1,1,1,1,m2,1WKxQntNgmP3dtjbv3UL3DHV2JEciQTnQ4K3sr,0091840b55003700986672ecb75b774a9dcda514734da3763c56b2ea500b345c,946685379,946685375,4,1,0,0,107.2007,178,
run4-tbt-3s,1,nazionale,3,none,true,12,178,15,1,m2,1WKxQntNgmP3dtjbv3UL3DHV2JEciQTnQ4K3sr,15434,14,174,1.0,15434.0,72059.0,0.214186,0.000198976568,3.07100435,0.04637456,0.99999941,-1.0,1.500,4.3,4.3,-0.0,1,,1,3,2,0,0,m2,1WKxQntNgmP3dtjbv3UL3DHV2JEciQTnQ4K3sr,0091840b55003700986672ecb75b774a9dcda514734da3763c56b2ea500b345c,946685379,946685375,4,1,0,0,21.8689,178,10
run4-tbt-3s,1,nazionale,3,none,true,12,178,15,1,m3,1LtuCHDRfFnaxMXGm2gmsN7NoezE7zExV3Cet8,4122,14,174,1.0,4122.0,72059.0,0.057203,0.00021016953,0.8663188,0.42049663,0.99999974,-1.0,1.500,4.3,4.3,-0.0,1,,0,2,3,0,0,m2,1WKxQntNgmP3dtjbv3UL3DHV2JEciQTnQ4K3sr,0091840b55003700986672ecb75b774a9dcda514734da3763c56b2ea500b345c,946685379,946685375,4,1,0,0,94.5579,178,
run4-tbt-3s,1,nazionale,3,none,true,12,179,15,1,m1,1ETD6u7wdHS6P9D1mxb1Qx3Aapa2DwAyyZutL2,52503,13,162,1.0,52503.0,72059.0,0.728611,2.76385807e-05,1.4511084,0.23431043,0.86352427,-1.083,1.500,3.874,3.874,-0.0,1,,0,2,2,0,0,m2,1WKxQntNgmP3dtjbv3UL3DHV2JEciQTnQ4K3sr,00c50e61c43b931635126751bcc65a2142afc63e9b3f678f524cac0ffd9187c4,946685382,946685379,2,1,0,0,107.2007,178,
run4-tbt-3s,1,nazionale,3,none,true,12,179,15,1,m2,1WKxQntNgmP3dtjbv3UL3DHV2JEciQTnQ4K3sr,15434,14,174,1.0,15434.0,72059.0,0.214186,5.93244277e-06,0.09156132,0.91250536,0.3478534,-1.083,1.500,2.327,2.327,-0.0,1,,1,1,1,1,1,m2,1WKxQntNgmP3dtjbv3UL3DHV2JEciQTnQ4K3sr,00c50e61c43b931635126751bcc65a2142afc63e9b3f678f524cac0ffd9187c4,946685382,946685379,2,1,0,0,21.8689,178,11
run4-tbt-3s,1,nazionale,3,none,true,12,179,15,1,m3,1LtuCHDRfFnaxMXGm2gmsN7NoezE7zExV3Cet8,4122,14,174,1.0,4122.0,72059.0,0.057203,0.000174190385,0.71801277,0.48772051,0.99999646,-1.083,1.500,4.283,4.2834,0.0004,1,,0,3,3,0,0,m2,1WKxQntNgmP3dtjbv3UL3DHV2JEciQTnQ4K3sr,00c50e61c43b931635126751bcc65a2142afc63e9b3f678f524cac0ffd9187c4,946685382,946685379,2,1,0,0,94.5579,178,
run4-tbt-3s,1,nazionale,3,none,true,12,180,16,1,m1,1ETD6u7wdHS6P9D1mxb1Qx3Aapa2DwAyyZutL2,52503,13,162,1.0,52503.0,72059.0,0.728611,1.67528693e-05,0.8795759,0.41495886,0.70096511,-0.917,1.500,3.42,3.4195,-0.0005,1,,0,1,1,1,1,m2,1WKxQntNgmP3dtjbv3UL3DHV2JEciQTnQ4K3sr,00d140c4a5e4181a9903f4d3b1853e07a62c518ddabced22263b0f87ef80ee16,946685387,946685382,4,1,0,0,107.2007,178,
run4-tbt-3s,1,nazionale,3,none,true,12,180,16,1,m2,1WKxQntNgmP3dtjbv3UL3DHV2JEciQTnQ4K3sr,15434,14,174,1.0,15434.0,72059.0,0.214186,4.71105379e-05,0.72710404,0.4833066,0.96645067,-0.917,1.500,4.216,4.216,-0.0,1,,1,2,2,0,0,m2,1WKxQntNgmP3dtjbv3UL3DHV2JEciQTnQ4K3sr,00d140c4a5e4181a9903f4d3b1853e07a62c518ddabced22263b0f87ef80ee16,946685387,946685382,4,1,0,0,21.8689,178,12
run4-tbt-3s,1,nazionale,3,none,true,12,180,16,1,m3,1LtuCHDRfFnaxMXGm2gmsN7NoezE7zExV3Cet8,4122,14,174,1.0,4122.0,72059.0,0.057203,5.18603175e-05,0.21376823,0.80753553,0.97617459,-0.917,1.500,4.245,4.2451,0.0001,1,,0,3,3,0,0,m2,1WKxQntNgmP3dtjbv3UL3DHV2JEciQTnQ4K3sr,00d140c4a5e4181a9903f4d3b1853e07a62c518ddabced22263b0f87ef80ee16,946685387,946685382,4,1,0,0,94.5579,178,
run4-tbt-3s,1,nazionale,3,none,true,12,181,16,1,m1,1ETD6u7wdHS6P9D1mxb1Qx3Aapa2DwAyyZutL2,52503,13,162,1.0,52503.0,72059.0,0.728611,5.32301228e-05,2.79474114,0.0611307,0.97841398,-1.0,1.500,4.235,4.2352,0.0002,1,,0,2,2,0,0,m2,1WKxQntNgmP3dtjbv3UL3DHV2JEciQTnQ4K3sr,00788857e51f646d0d3986a54d95f5e06601cbe2f51be5e48270bc6b2ace771c,946685391,946685387,3,1,0,0,107.2007,178,
run4-tbt-3s,1,nazionale,3,none,true,12,181,16,1,m2,1WKxQntNgmP3dtjbv3UL3DHV2JEciQTnQ4K3sr,15434,14,174,1.0,15434.0,72059.0,0.214186,1.9757723e-05,0.3049407,0.73716709,0.75918391,-1.0,1.500,3.578,3.5776,-0.0004,1,,1,1,1,1,1,m2,1WKxQntNgmP3dtjbv3UL3DHV2JEciQTnQ4K3sr,00788857e51f646d0d3986a54d95f5e06601cbe2f51be5e48270bc6b2ace771c,946685391,946685387,3,1,0,0,21.8689,178,13
run4-tbt-3s,1,nazionale,3,none,true,12,181,16,1,m3,1LtuCHDRfFnaxMXGm2gmsN7NoezE7zExV3Cet8,4122,14,174,1.0,4122.0,72059.0,0.057203,0.000358666963,1.47842522,0.22799645,1.0,-1.0,1.500,4.3,4.3,-0.0,1,,0,3,3,0,0,m2,1WKxQntNgmP3dtjbv3UL3DHV2JEciQTnQ4K3sr,00788857e51f646d0d3986a54d95f5e06601cbe2f51be5e48270bc6b2ace771c,946685391,946685387,3,1,0,0,94.5579,178,
run4-tbt-3s,1,nazionale,3,none,true,12,182,16,1,m1,1ETD6u7wdHS6P9D1mxb1Qx3Aapa2DwAyyZutL2,52503,13,162,1.0,52503.0,72059.0,0.728611,3.38757541e-05,1.77857872,0.168878,0.91293088,-0.917,1.500,4.055,4.0554,0.0004,1,,0,3,3,0,0,m3,1LtuCHDRfFnaxMXGm2gmsN7NoezE7zExV3Cet8,00138266fbc34ff84933a725baaaf0916531c13cd70984345b25ab0a5458aa79,946685395,946685391,2,1,1,1,107.2007,178,
run4-tbt-3s,1,nazionale,3,none,true,12,182,16,1,m2,1WKxQntNgmP3dtjbv3UL3DHV2JEciQTnQ4K3sr,15434,14,174,1.0,15434.0,72059.0,0.214186,3.08586342e-05,0.47627216,0.62109442,0.89178576,-0.917,1.500,3.992,3.992,-0.0,1,,0,2,2,0,0,m3,1LtuCHDRfFnaxMXGm2gmsN7NoezE7zExV3Cet8,00138266fbc34ff84933a725baaaf0916531c13cd70984345b25ab0a5458aa79,946685395,946685391,2,1,1,1,21.8689,178,
run4-tbt-3s,1,nazionale,3,none,true,12,182,16,1,m3,1LtuCHDRfFnaxMXGm2gmsN7NoezE7zExV3Cet8,4122,14,174,1.0,4122.0,72059.0,0.057203,5.12748058e-06,0.02113547,0.97908631,0.30890717,-0.917,1.500,2.243,2.2433,0.0003,1,,1,1,1,1,1,m3,1LtuCHDRfFnaxMXGm2gmsN7NoezE7zExV3Cet8,00138266fbc34ff84933a725baaaf0916531c13cd70984345b25ab0a5458aa79,946685395,946685391,2,1,1,1,94.5579,178,1
run4-tbt-3s,1,nazionale,3,none,true,12,183,16,1,m1,1ETD6u7wdHS6P9D1mxb1Qx3Aapa2DwAyyZutL2,52503,13,162,1.0,52503.0,72059.0,0.728611,1.10664565e-05,0.58102217,0.55932635,0.54951828,-0.917,1.500,2.965,2.9652,0.0002,1,,1,1,1,1,1,m1,1ETD6u7wdHS6P9D1mxb1Qx3Aapa2DwAyyZutL2,000f97cdeba9f0d7a66336e7fb94f2302d095e1a0d34887df9537e674777c61c,946685400,946685395,2,1,1,2,107.2007,178,1
run4-tbt-3s,1,nazionale,3,none,true,12,183,16,1,m2,1WKxQntNgmP3dtjbv3UL3DHV2JEciQTnQ4K3sr,15434,14,174,1.0,15434.0,72059.0,0.214186,1.78738497e-05,0.275865,0.75891538,0.72417033,-0.917,1.500,3.489,3.4891,0.0001,1,,0,2,2,0,0,m1,1ETD6u7wdHS6P9D1mxb1Qx3Aapa2DwAyyZutL2,000f97cdeba9f0d7a66336e7fb94f2302d095e1a0d34887df9537e674777c61c,946685400,946685395,2,1,1,2,21.8689,178,
run4-tbt-3s,1,nazionale,3,none,true,12,183,16,1,m3,1LtuCHDRfFnaxMXGm2gmsN7NoezE7zExV3Cet8,4122,14,174,1.0,4122.0,72059.0,0.057203,2.02611036e-05,0.08351627,0.91987612,0.76776253,-0.917,1.500,3.62,3.6199,-0.0001,1,,0,3,3,0,0,m1,1ETD6u7wdHS6P9D1mxb1Qx3Aapa2DwAyyZutL2,000f97cdeba9f0d7a66336e7fb94f2302d095e1a0d34887df9537e674777c61c,946685400,946685395,2,1,1,2,94.5579,178,
run4-tbt-3s,1,nazionale,3,none,true,12,184,16,1,m1,1ETD6u7wdHS6P9D1mxb1Qx3Aapa2DwAyyZutL2,52503,13,162,1.0,52503.0,72059.0,0.728611,1.72365988e-05,0.90497315,0.40455275,0.71120901,-1.0,1.500,3.434,3.4336,-0.0004,1,,1,1,1,1,1,m1,1ETD6u7wdHS6P9D1mxb1Qx3Aapa2DwAyyZutL2,009996e104215bb1499550d971145e999f6fcbf984604e1a89c487acacdf61c7,946685404,946685400,3,1,1,2,107.2007,178,2
run4-tbt-3s,1,nazionale,3,none,true,12,184,16,1,m2,1WKxQntNgmP3dtjbv3UL3DHV2JEciQTnQ4K3sr,15434,14,174,1.0,15434.0,72059.0,0.214186,0.000146169094,2.2559738,0.10477147,0.99997335,-1.0,1.500,4.3,4.2999,-0.0001,1,,0,3,2,0,0,m1,1ETD6u7wdHS6P9D1mxb1Qx3Aapa2DwAyyZutL2,009996e104215bb1499550d971145e999f6fcbf984604e1a89c487acacdf61c7,946685404,946685400,3,1,1,2,21.8689,178,
run4-tbt-3s,1,nazionale,3,none,true,12,184,16,1,m3,1LtuCHDRfFnaxMXGm2gmsN7NoezE7zExV3Cet8,4122,14,174,1.0,4122.0,72059.0,0.057203,0.000289765531,1.19441352,0.30288154,1.0,-1.0,1.500,4.3,4.3,-0.0,1,,0,2,3,0,0,m1,1ETD6u7wdHS6P9D1mxb1Qx3Aapa2DwAyyZutL2,009996e104215bb1499550d971145e999f6fcbf984604e1a89c487acacdf61c7,946685404,946685400,3,1,1,2,94.5579,178,
run4-tbt-3s,1,nazionale,3,none,true,12,185,16,1,m1,1ETD6u7wdHS6P9D1mxb1Qx3Aapa2DwAyyZutL2,52503,13,162,1.0,52503.0,72059.0,0.728611,3.35032561e-06,0.17590215,0.83870005,0.21448923,-0.917,1.500,1.96,1.9601,0.0001,1,,1,1,1,1,1,m1,1ETD6u7wdHS6P9D1mxb1Qx3Aapa2DwAyyZutL2,00690c7411489d6c6550208c6f44f5f626ea4111d65249bfa828a45cce035b79,946685406,946685404,1,1,0,0,107.2007,178,3
run4-tbt-3s,1,nazionale,3,none,true,12,185,16,1,m2,1WKxQntNgmP3dtjbv3UL3DHV2JEciQTnQ4K3sr,15434,14,174,1.0,15434.0,72059.0,0.214186,0.000101432762,1.56551325,0.20898073,0.99933061,-0.917,1.500,4.315,4.3146,-0.0004,1,,0,2,2,0,0,m1,1ETD6u7wdHS6P9D1mxb1Qx3Aapa2DwAyyZutL2,00690c7411489d6c6550208c6f44f5f626ea4111d65249bfa828a45cce035b79,946685406,946685404,1,1,0,0,21.8689,178,
run4-tbt-3s,1,nazionale,3,none,true,12,185,16,1,m3,1LtuCHDRfFnaxMXGm2gmsN7NoezE7zExV3Cet8,4122,14,174,1.0,4122.0,72059.0,0.057203,0.000527032182,2.17242665,0.11390088,1.0,-0.917,1.500,4.317,4.3166,-0.0004,1,,0,3,3,0,0,m1,1ETD6u7wdHS6P9D1mxb1Qx3Aapa2DwAyyZutL2,00690c7411489d6c6550208c6f44f5f626ea4111d65249bfa828a45cce035b79,946685406,946685404,1,1,0,0,94.5579,178,
run4-tbt-3s,1,nazionale,3,none,true,12,186,16,1,m1,1ETD6u7wdHS6P9D1mxb1Qx3Aapa2DwAyyZutL2,52503,13,162,1.0,52503.0,72059.0,0.728611,4.06837425e-05,2.13601853,0.11812422,0.94668992,-0.917,1.500,4.157,4.1567,-0.0003,1,,1,1,1,1,1,m1,1ETD6u7wdHS6P9D1mxb1Qx3Aapa2DwAyyZutL2,00c86970da5484a2ee70f998bb12a869fb903c92a1ae2e1d214303d286999c80,946685411,946685406,4,1,0,0,7.3294,186,4
run4-tbt-3s,1,nazionale,3,none,true,12,186,16,1,m2,1WKxQntNgmP3dtjbv3UL3DHV2JEciQTnQ4K3sr,15434,14,174,1.0,15434.0,72059.0,0.214186,0.000236907368,3.65642832,0.02582459,0.99999996,-0.917,1.500,4.317,4.3166,-0.0004,1,,0,3,2,0,0,m1,1ETD6u7wdHS6P9D1mxb1Qx3Aapa2DwAyyZutL2,00c86970da5484a2ee70f998bb12a869fb903c92a1ae2e1d214303d286999c80,946685411,946685406,4,1,0,0,10.1046,186,
run4-tbt-3s,1,nazionale,3,none,true,12,186,16,1,m3,1LtuCHDRfFnaxMXGm2gmsN7NoezE7zExV3Cet8,4122,14,174,1.0,4122.0,72059.0,0.057203,0.00125742669,5.18311282,0.00561051,1.0,-0.917,1.500,4.317,4.3166,-0.0004,1,,0,2,3,0,0,m1,1ETD6u7wdHS6P9D1mxb1Qx3Aapa2DwAyyZutL2,00c86970da5484a2ee70f998bb12a869fb903c92a1ae2e1d214303d286999c80,946685411,946685406,4,1,0,0,75.9811,186,
run4-tbt-3s,1,nazionale,3,none,true,12,187,16,1,m1,1ETD6u7wdHS6P9D1mxb1Qx3Aapa2DwAyyZutL2,43947,15,186,1.0,43947.0,72725.0,0.60429,6.50083143e-06,0.28569204,0.75149401,0.37672844,-1.0,1.500,2.43,2.4302,0.0002,1,,1,1,1,1,1,m1,1ETD6u7wdHS6P9D1mxb1Qx3Aapa2DwAyyZutL2,00af14762f39eaa8bc5ab06fdf23c2e9fd7618d725d71f827e43e683b018aa91,946685414,946685411,2,1,0,0,7.3294,186,5
run4-tbt-3s,1,nazionale,3,none,true,12,187,16,1,m2,1WKxQntNgmP3dtjbv3UL3DHV2JEciQTnQ4K3sr,20535,15,186,1.0,20535.0,72725.0,0.282365,5.09326577e-05,1.04590213,0.35137469,0.97537708,-1.0,1.500,4.226,4.2261,0.0001,1,,0,2,2,0,0,m1,1ETD6u7wdHS6P9D1mxb1Qx3Aapa2DwAyyZutL2,00af14762f39eaa8bc5ab06fdf23c2e9fd7618d725d71f827e43e683b018aa91,946685414,946685411,2,1,0,0,10.1046,186,
run4-tbt-3s,1,nazionale,3,none,true,12,187,16,1,m3,1LtuCHDRfFnaxMXGm2gmsN7NoezE7zExV3Cet8,8243,15,186,1.0,8243.0,72725.0,0.113345,0.000143115056,1.17969741,0.30737173,0.99996981,-1.0,1.500,4.3,4.2999,-0.0001,1,,0,3,3,0,0,m1,1ETD6u7wdHS6P9D1mxb1Qx3Aapa2DwAyyZutL2,00af14762f39eaa8bc5ab06fdf23c2e9fd7618d725d71f827e43e683b018aa91,946685414,946685411,2,1,0,0,75.9811,186,
run4-tbt-3s,1,nazionale,3,none,true,12,188,16,1,m1,1ETD6u7wdHS6P9D1mxb1Qx3Aapa2DwAyyZutL2,43947,15,186,1.0,43947.0,72725.0,0.60429,4.80110916e-08,0.00210994,0.99789228,0.00348552,-0.833,1.500,1.344,1.3439,-0.0001,1,,1,1,1,1,1,m1,1ETD6u7wdHS6P9D1mxb1Qx3Aapa2DwAyyZutL2,00d2d7dd4a9eb61a14f8d4c6a966ee90dc73adb89364e25f63efaf82fcd48f2c,946685416,946685414,1,1,0,0,7.3294,186,6
run4-tbt-3s,1,nazionale,3,none,true,12,188,16,1,m2,1WKxQntNgmP3dtjbv3UL3DHV2JEciQTnQ4K3sr,20535,15,186,1.0,20535.0,72725.0,0.282365,3.013244e-05,0.61876966,0.5386067,0.88823778,-0.833,1.500,3.998,3.9981,0.0001,1,,0,2,2,0,0,m1,1ETD6u7wdHS6P9D1mxb1Qx3Aapa2DwAyyZutL2,00d2d7dd4a9eb61a14f8d4c6a966ee90dc73adb89364e25f63efaf82fcd48f2c,946685416,946685414,1,1,0,0,10.1046,186,
run4-tbt-3s,1,nazionale,3,none,true,12,188,16,1,m3,1LtuCHDRfFnaxMXGm2gmsN7NoezE7zExV3Cet8,8243,15,186,1.0,8243.0,72725.0,0.113345,0.000114291419,0.94210417,0.38980675,0.99975441,-0.833,1.500,4.333,4.3327,-0.0003,1,,0,3,3,0,0,m1,1ETD6u7wdHS6P9D1mxb1Qx3Aapa2DwAyyZutL2,00d2d7dd4a9eb61a14f8d4c6a966ee90dc73adb89364e25f63efaf82fcd48f2c,946685416,946685414,1,1,0,0,75.9811,186,
run4-tbt-3s,1,nazionale,3,none,true,12,189,16,1,m1,1ETD6u7wdHS6P9D1mxb1Qx3Aapa2DwAyyZutL2,43947,15,186,1.0,43947.0,72725.0,0.60429,1.08777658e-05,0.47804517,0.61999419,0.54664759,-0.833,1.500,2.973,2.9733,0.0003,1,,1,1,1,1,1,m1,1ETD6u7wdHS6P9D1mxb1Qx3Aapa2DwAyyZutL2,00b3f8470dfcaef123707969d910cd24879c987a8f31ac7d69407e71f4e8e43d,946685420,946685416,2,1,0,0,7.3294,186,7
run4-tbt-3s,1,nazionale,3,none,true,12,189,16,1,m2,1WKxQntNgmP3dtjbv3UL3DHV2JEciQTnQ4K3sr,20535,15,186,1.0,20535.0,72725.0,0.282365,2.71505505e-05,0.55753655,0.57261794,0.86117259,-0.833,1.500,3.917,3.9169,-0.0001,1,,0,2,2,0,0,m1,1ETD6u7wdHS6P9D1mxb1Qx3Aapa2DwAyyZutL2,00b3f8470dfcaef123707969d910cd24879c987a8f31ac7d69407e71f4e8e43d,946685420,946685416,2,1,0,0,10.1046,186,
run4-tbt-3s,1,nazionale,3,none,true,12,189,16,1,m3,1LtuCHDRfFnaxMXGm2gmsN7NoezE7zExV3Cet8,8243,15,186,1.0,8243.0,72725.0,0.113345,6.17732524e-05,0.50919692,0.60097802,0.98880692,-0.833,1.500,4.3,4.2998,-0.0002,1,,0,3,3,0,0,m1,1ETD6u7wdHS6P9D1mxb1Qx3Aapa2DwAyyZutL2,00b3f8470dfcaef123707969d910cd24879c987a8f31ac7d69407e71f4e8e43d,946685420,946685416,2,1,0,0,75.9811,186,
run4-tbt-3s,1,nazionale,3,none,true,12,190,16,1,m1,1ETD6u7wdHS6P9D1mxb1Qx3Aapa2DwAyyZutL2,43947,15,186,1.0,43947.0,72725.0,0.60429,1.42489583e-05,0.62619897,0.53462005,0.64521932,-0.75,1.500,3.286,3.2857,-0.0003,1,,1,2,2,0,0,m1,1ETD6u7wdHS6P9D1mxb1Qx3Aapa2DwAyyZutL2,0072b471d3ab0f97793bc30605d5ff4c60af50289ee1a477ea8b8cd1a89d5061,946685423,946685420,3,1,1,1,7.3294,186,8
run4-tbt-3s,1,nazionale,3,none,true,12,190,16,1,m2,1WKxQntNgmP3dtjbv3UL3DHV2JEciQTnQ4K3sr,20535,15,186,1.0,20535.0,72725.0,0.282365,2.30105538e-06,0.04725217,0.95384683,0.15409164,-0.75,1.500,1.812,1.8123,0.0003,1,,0,1,1,1,1,m1,1ETD6u7wdHS6P9D1mxb1Qx3Aapa2DwAyyZutL2,0072b471d3ab0f97793bc30605d5ff4c60af50289ee1a477ea8b8cd1a89d5061,946685423,946685420,3,1,1,1,10.1046,186,
run4-tbt-3s,1,nazionale,3,none,true,12,190,16,1,m3,1LtuCHDRfFnaxMXGm2gmsN7NoezE7zExV3Cet8,8243,15,186,1.0,8243.0,72725.0,0.113345,5.44218154e-05,0.44859902,0.63852208,0.98089541,-0.75,1.500,4.293,4.2927,-0.0003,1,,0,3,3,0,0,m1,1ETD6u7wdHS6P9D1mxb1Qx3Aapa2DwAyyZutL2,0072b471d3ab0f97793bc30605d5ff4c60af50289ee1a477ea8b8cd1a89d5061,946685423,946685420,3,1,1,1,75.9811,186,
run4-tbt-3s,1,nazionale,3,none,true,12,191,16,1,m1,1ETD6u7wdHS6P9D1mxb1Qx3Aapa2DwAyyZutL2,43947,15,186,1.0,43947.0,72725.0,0.60429,2.22646393e-05,0.9784641,0.37588798,0.80194211,-0.667,1.500,3.772,3.7724,0.0004,1,,1,1,1,1,1,m1,1ETD6u7wdHS6P9D1mxb1Qx3Aapa2DwAyyZutL2,0044943e703852ce3852e4e56da5a2415774aeaae8eebdf65249b78e9b5241f5,946685427,946685423,3,1,1,1,7.3294,186,9
run4-tbt-3s,1,nazionale,3,none,true,12,191,16,1,m2,1WKxQntNgmP3dtjbv3UL3DHV2JEciQTnQ4K3sr,20535,15,186,1.0,20535.0,72725.0,0.282365,0.00019529495,4.0103818,0.01812647,0.99999932,-0.667,1.500,4.367,4.3666,-0.0004,1,,0,3,2,0,0,m1,1ETD6u7wdHS6P9D1mxb1Qx3Aapa2DwAyyZutL2,0044943e703852ce3852e4e56da5a2415774aeaae8eebdf65249b78e9b5241f5,946685427,946685423,3,1,1,1,10.1046,186,
run4-tbt-3s,1,nazionale,3,none,true,12,191,16,1,m3,1LtuCHDRfFnaxMXGm2gmsN7NoezE7zExV3Cet8,8243,15,186,1.0,8243.0,72725.0,0.113345,0.000387178794,3.1915148,0.04110955,1.0,-0.667,1.500,4.367,4.3666,-0.0004,1,,0,2,3,0,0,m1,1ETD6u7wdHS6P9D1mxb1Qx3Aapa2DwAyyZutL2,0044943e703852ce3852e4e56da5a2415774aeaae8eebdf65249b78e9b5241f5,946685427,946685423,3,1,1,1,75.9811,186,
run4-tbt-3s,1,nazionale,3,none,true,12,192,17,1,m1,1ETD6u7wdHS6P9D1mxb1Qx3Aapa2DwAyyZutL2,43947,15,186,1.0,43947.0,72725.0,0.60429,3.03256098e-05,1.33271957,0.26375897,0.88979687,-0.75,1.500,4.019,4.0194,0.0004,1,,1,1,1,1,1,m1,1ETD6u7wdHS6P9D1mxb1Qx3Aapa2DwAyyZutL2,00b238eeac1e6efd423f91207a450fb627477a7a14e129a2c3e0b123474410c1,946685432,946685427,4,1,1,1,7.3294,186,10
run4-tbt-3s,1,nazionale,3,none,true,12,192,17,1,m2,1WKxQntNgmP3dtjbv3UL3DHV2JEciQTnQ4K3sr,20535,15,186,1.0,20535.0,72725.0,0.282365,4.20463837e-05,0.86342249,0.42171629,0.95301013,-0.75,1.500,4.209,4.209,0.0,1,,0,2,2,0,0,m1,1ETD6u7wdHS6P9D1mxb1Qx3Aapa2DwAyyZutL2,00b238eeac1e6efd423f91207a450fb627477a7a14e129a2c3e0b123474410c1,946685432,946685427,4,1,1,1,10.1046,186,
run4-tbt-3s,1,nazionale,3,none,true,12,192,17,1,m3,1LtuCHDRfFnaxMXGm2gmsN7NoezE7zExV3Cet8,8243,15,186,1.0,8243.0,72725.0,0.113345,8.4977192e-05,0.70046699,0.49635346,0.9979295,-0.75,1.500,4.344,4.3438,-0.0002,1,,0,3,3,0,0,m1,1ETD6u7wdHS6P9D1mxb1Qx3Aapa2DwAyyZutL2,00b238eeac1e6efd423f91207a450fb627477a7a14e129a2c3e0b123474410c1,946685432,946685427,4,1,1,1,75.9811,186,
run4-tbt-3s,1,nazionale,3,none,true,12,193,17,1,m1,1ETD6u7wdHS6P9D1mxb1Qx3Aapa2DwAyyZutL2,43947,15,186,1.0,43947.0,72725.0,0.60429,4.18955277e-05,1.84118276,0.15862969,0.95249177,-0.75,1.500,4.207,4.2075,0.0005,1,,1,1,1,1,1,m1,1ETD6u7wdHS6P9D1mxb1Qx3Aapa2DwAyyZutL2,006f176c8fdfaa6531a2cb32493369af164f3362981507048849fdd8b7409cd2,946685436,946685432,4,1,1,1,7.3294,186,11
run4-tbt-3s,1,nazionale,3,none,true,12,193,17,1,m2,1WKxQntNgmP3dtjbv3UL3DHV2JEciQTnQ4K3sr,20535,15,186,1.0,20535.0,72725.0,0.282365,9.14869399e-05,1.87868431,0.152791,0.99871035,-0.75,1.500,4.346,4.3461,0.0001,1,,0,3,3,0,0,m1,1ETD6u7wdHS6P9D1mxb1Qx3Aapa2DwAyyZutL2,006f176c8fdfaa6531a2cb32493369af164f3362981507048849fdd8b7409cd2,946685436,946685432,4,1,1,1,10.1046,186,
run4-tbt-3s,1,nazionale,3,none,true,12,193,17,1,m3,1LtuCHDRfFnaxMXGm2gmsN7NoezE7zExV3Cet8,8243,15,186,1.0,8243.0,72725.0,0.113345,8.26321733e-05,0.681137,0.50604129,0.9975445,-0.75,1.500,4.343,4.3426,-0.0004,1,,0,2,2,0,0,m1,1ETD6u7wdHS6P9D1mxb1Qx3Aapa2DwAyyZutL2,006f176c8fdfaa6531a2cb32493369af164f3362981507048849fdd8b7409cd2,946685436,946685432,4,1,1,1,75.9811,186,
run4-tbt-3s,1,nazionale,3,none,true,12,194,17,1,m1,1ETD6u7wdHS6P9D1mxb1Qx3Aapa2DwAyyZutL2,43947,15,186,1.0,43947.0,72725.0,0.60429,4.31077736e-06,0.18944573,0.82741762,0.26911656,-0.75,1.500,2.157,2.1573,0.0003,1,,1,1,1,1,1,m1,1ETD6u7wdHS6P9D1mxb1Qx3Aapa2DwAyyZutL2,0012f7ed7bd13e499a4ee3a4cdcb7c08927c252e08ce9712718763601d25ea6e,946685438,946685436,2,1,0,0,7.3294,186,12
run4-tbt-3s,1,nazionale,3,none,true,12,194,17,1,m2,1WKxQntNgmP3dtjbv3UL3DHV2JEciQTnQ4K3sr,20535,15,186,1.0,20535.0,72725.0,0.282365,4.71110679e-05,0.96742578,0.38006014,0.96748821,-0.75,1.500,4.252,4.2525,0.0005,1,,0,2,2,0,0,m1,1ETD6u7wdHS6P9D1mxb1Qx3Aapa2DwAyyZutL2,0012f7ed7bd13e499a4ee3a4cdcb7c08927c252e08ce9712718763601d25ea6e,946685438,946685436,2,1,0,0,10.1046,186,
run4-tbt-3s,1,nazionale,3,none,true,12,194,17,1,m3,1LtuCHDRfFnaxMXGm2gmsN7NoezE7zExV3Cet8,8243,15,186,1.0,8243.0,72725.0,0.113345,8.22393453e-05,0.67789892,0.50768255,0.99747334,-0.75,1.500,4.342,4.3424,0.0004,1,,0,3,3,0,0,m1,1ETD6u7wdHS6P9D1mxb1Qx3Aapa2DwAyyZutL2,0012f7ed7bd13e499a4ee3a4cdcb7c08927c252e08ce9712718763601d25ea6e,946685438,946685436,2,1,0,0,75.9811,186,
run4-tbt-3s,1,nazionale,3,none,true,12,195,17,1,m1,1ETD6u7wdHS6P9D1mxb1Qx3Aapa2DwAyyZutL2,43947,15,186,1.0,43947.0,72725.0,0.60429,3.92274111e-06,0.1723927,0.84164859,0.24819729,-0.583,1.500,2.128,2.128,-0.0,1,,1,1,1,1,1,m1,1ETD6u7wdHS6P9D1mxb1Qx3Aapa2DwAyyZutL2,0073adb3dd78b13a39b548479e15e320696b4b2f54d58e8c9aba3c126ec88405,946685441,946685438,2,1,0,0,7.0953,195,13
run4-tbt-3s,1,nazionale,3,none,true,12,195,17,1,m2,1WKxQntNgmP3dtjbv3UL3DHV2JEciQTnQ4K3sr,20535,15,186,1.0,20535.0,72725.0,0.282365,4.01400707e-05,0.82427635,0.43855224,0.94602243,-0.583,1.500,4.221,4.2215,0.0005,1,,0,3,3,0,0,m1,1ETD6u7wdHS6P9D1mxb1Qx3Aapa2DwAyyZutL2,0073adb3dd78b13a39b548479e15e320696b4b2f54d58e8c9aba3c126ec88405,946685441,946685438,2,1,0,0,45.1968,195,
run4-tbt-3s,1,nazionale,3,none,true,12,195,17,1,m3,1LtuCHDRfFnaxMXGm2gmsN7NoezE7zExV3Cet8,8243,15,186,1.0,8243.0,72725.0,0.113345,2.67164186e-05,0.22022344,0.8023395,0.85671957,-0.583,1.500,3.953,3.9536,0.0006,1,,0,2,2,0,0,m1,1ETD6u7wdHS6P9D1mxb1Qx3Aapa2DwAyyZutL2,0073adb3dd78b13a39b548479e15e320696b4b2f54d58e8c9aba3c126ec88405,946685441,946685438,2,1,0,0,61.1397,195,
run4-tbt-3s,1,nazionale,3,none,true,12,196,17,1,m1,1ETD6u7wdHS6P9D1mxb1Qx3Aapa2DwAyyZutL2,43947,15,186,1.0,43947.0,72725.0,0.60429,2.88968817e-05,1.26993126,0.28085093,0.87773026,-0.417,1.500,4.05,4.0498,-0.0002,1,,1,2,2,0,0,m1,1ETD6u7wdHS6P9D1mxb1Qx3Aapa2DwAyyZutL2,00375a5a159e67246efe0ca48085d40f36277f605d98b01123ba3bb96477f0be,946685445,946685441,4,1,1,1,7.0953,195,14
run4-tbt-3s,1,nazionale,3,none,true,12,196,17,1,m2,1WKxQntNgmP3dtjbv3UL3DHV2JEciQTnQ4K3sr,20535,15,186,1.0,20535.0,72725.0,0.282365,7.9695193e-06,0.16365408,0.84903567,0.43986827,-0.417,1.500,2.736,2.7362,0.0002,1,,0,1,1,1,1,m1,1ETD6u7wdHS6P9D1mxb1Qx3Aapa2DwAyyZutL2,00375a5a159e67246efe0ca48085d40f36277f605d98b01123ba3bb96477f0be,946685445,946685441,4,1,1,1,45.1968,195,
run4-tbt-3s,1,nazionale,3,none,true,12,196,17,1,m3,1LtuCHDRfFnaxMXGm2gmsN7NoezE7zExV3Cet8,8243,15,186,1.0,8243.0,72725.0,0.113345,0.000133686856,1.10198075,0.3322124,0.99994007,-0.417,1.500,4.416,4.4164,0.0004,1,,0,3,3,0,0,m1,1ETD6u7wdHS6P9D1mxb1Qx3Aapa2DwAyyZutL2,00375a5a159e67246efe0ca48085d40f36277f605d98b01123ba3bb96477f0be,946685445,946685441,4,1,1,1,61.1397,195,
run4-tbt-3s,1,nazionale,3,none,true,12,197,17,1,m1,1ETD6u7wdHS6P9D1mxb1Qx3Aapa2DwAyyZutL2,43947,15,186,1.0,43947.0,72725.0,0.60429,4.58816642e-05,2.0163615,0.13313901,0.96444747,-0.417,1.500,4.31,4.3099,-0.0001,1,,1,2,2,0,0,m1,1ETD6u7wdHS6P9D1mxb1Qx3Aapa2DwAyyZutL2,0030bf0898350958dd04400997728723c6708fe80b3554de2e4c7c59b1a5c953,946685449,946685445,4,1,1,1,7.0953,195,15
run4-tbt-3s,1,nazionale,3,none,true,12,197,17,1,m2,1WKxQntNgmP3dtjbv3UL3DHV2JEciQTnQ4K3sr,20535,15,186,1.0,20535.0,72725.0,0.282365,3.70234858e-05,0.76027728,0.46753677,0.93229079,-0.417,1.500,4.214,4.2135,-0.0005,1,,0,1,1,1,1,m1,1ETD6u7wdHS6P9D1mxb1Qx3Aapa2DwAyyZutL2,0030bf0898350958dd04400997728723c6708fe80b3554de2e4c7c59b1a5c953,946685449,946685445,4,1,1,1,45.1968,195,
run4-tbt-3s,1,nazionale,3,none,true,12,197,17,1,m3,1LtuCHDRfFnaxMXGm2gmsN7NoezE7zExV3Cet8,8243,15,186,1.0,8243.0,72725.0,0.113345,0.000264065801,2.1766944,0.11341582,1.0,-0.417,1.500,4.417,4.4166,-0.0004,1,,0,3,3,0,0,m1,1ETD6u7wdHS6P9D1mxb1Qx3Aapa2DwAyyZutL2,0030bf0898350958dd04400997728723c6708fe80b3554de2e4c7c59b1a5c953,946685449,946685445,4,1,1,1,61.1397,195,
run4-tbt-3s,1,nazionale,3,none,true,12,198,17,1,m1,1ETD6u7wdHS6P9D1mxb1Qx3Aapa2DwAyyZutL2,43947,15,186,1.0,43947.0,72725.0,0.60429,1.08660929e-06,0.04775322,0.95336903,0.07598194,-0.583,1.500,1.611,1.6113,0.0003,1,,1,1,1,1,1,m1,1ETD6u7wdHS6P9D1mxb1Qx3Aapa2DwAyyZutL2,001209c395aefe5f621bc73a9c36b7494adf85bcb7ee268644f9e3dc99e12307,946685452,946685449,1,1,0,0,7.0953,195,16
run4-tbt-3s,1,nazionale,3,none,true,12,198,17,1,m2,1WKxQntNgmP3dtjbv3UL3DHV2JEciQTnQ4K3sr,20535,15,186,1.0,20535.0,72725.0,0.282365,0.000244819365,5.02736566,0.00655606,0.99999998,-0.583,1.500,4.383,4.3834,0.0004,1,,0,3,2,0,0,m1,1ETD6u7wdHS6P9D1mxb1Qx3Aapa2DwAyyZutL2,001209c395aefe5f621bc73a9c36b7494adf85bcb7ee268644f9e3dc99e12307,946685452,946685449,1,1,0,0,45.1968,195,
run4-tbt-3s,1,nazionale,3,none,true,12,198,17,1,m3,1LtuCHDRfFnaxMXGm2gmsN7NoezE7zExV3Cet8,8243,15,186,1.0,8243.0,72725.0,0.113345,0.000552315929,4.5527402,0.01053829,1.0,-0.583,1.500,4.383,4.3834,0.0004,1,,0,2,3,0,0,m1,1ETD6u7wdHS6P9D1mxb1Qx3Aapa2DwAyyZutL2,001209c395aefe5f621bc73a9c36b7494adf85bcb7ee268644f9e3dc99e12307,946685452,946685449,1,1,0,0,61.1397,195,
run4-tbt-3s,1,nazionale,3,none,true,12,199,17,1,m1,1ETD6u7wdHS6P9D1mxb1Qx3Aapa2DwAyyZutL2,44404,16,198,1.0,44404.0,73182.0,0.606761,9.01732872e-06,0.40040546,0.67004831,0.48310016,-0.417,1.500,2.866,2.8659,-0.0001,1,,1,1,1,1,1,m1,1ETD6u7wdHS6P9D1mxb1Qx3Aapa2DwAyyZutL2,00b9f95900f14ccd9de5ad0ae228f335c729c01b4ee8d0faddc03f2a2c99aa25,946685455,946685452,2,1,0,0,7.0953,195,17
run4-tbt-3s,1,nazionale,3,none,true,12,199,17,1,m2,1WKxQntNgmP3dtjbv3UL3DHV2JEciQTnQ4K3sr,20535,15,186,1.0,20535.0,73182.0,0.280602,0.000189325383,3.88779674,0.02049044,0.99999904,-0.417,1.500,4.417,4.4166,-0.0004,1,,0,3,2,0,0,m1,1ETD6u7wdHS6P9D1mxb1Qx3Aapa2DwAyyZutL2,00b9f95900f14ccd9de5ad0ae228f335c729c01b4ee8d0faddc03f2a2c99aa25,946685455,946685452,2,1,0,0,45.1968,195,
run4-tbt-3s,1,nazionale,3,none,true,12,199,17,1,m3,1LtuCHDRfFnaxMXGm2gmsN7NoezE7zExV3Cet8,8243,15,186,1.0,8243.0,73182.0,0.112637,0.000262982257,2.16776274,0.11443335,1.0,-0.417,1.500,4.417,4.4166,-0.0004,1,,0,2,3,0,0,m1,1ETD6u7wdHS6P9D1mxb1Qx3Aapa2DwAyyZutL2,00b9f95900f14ccd9de5ad0ae228f335c729c01b4ee8d0faddc03f2a2c99aa25,946685455,946685452,2,1,0,0,61.1397,195,
run4-tbt-3s,1,nazionale,3,none,true,12,200,17,1,m1,1ETD6u7wdHS6P9D1mxb1Qx3Aapa2DwAyyZutL2,44404,16,198,1.0,44404.0,68101.0,0.652032,6.06894137e-07,0.02694853,0.97341134,0.04048766,-0.417,1.500,1.538,1.5381,0.0001,1,,1,1,1,1,1,m1,1ETD6u7wdHS6P9D1mxb1Qx3Aapa2DwAyyZutL2,00894bd46dcb574ff3f6e5a1a8de1ddf5bb820cb9475cc2fb297e169c11f07a2,946685457,946685455,1,1,0,0,7.0953,195,18
run4-tbt-3s,1,nazionale,3,none,true,12,200,17,1,m2,1WKxQntNgmP3dtjbv3UL3DHV2JEciQTnQ4K3sr,15454,16,199,1.0,15454.0,68101.0,0.226928,2.58220637e-05,0.39905417,0.67095435,0.82769832,-0.417,1.500,3.9,3.8997,-0.0003,1,,0,3,3,0,0,m1,1ETD6u7wdHS6P9D1mxb1Qx3Aapa2DwAyyZutL2,00894bd46dcb574ff3f6e5a1a8de1ddf5bb820cb9475cc2fb297e169c11f07a2,946685457,946685455,1,1,0,0,45.1968,195,
run4-tbt-3s,1,nazionale,3,none,true,12,200,17,1,m3,1LtuCHDRfFnaxMXGm2gmsN7NoezE7zExV3Cet8,8243,15,186,1.0,8243.0,68101.0,0.121041,2.04178955e-05,0.16830471,0.84509628,0.751044,-0.417,1.500,3.67,3.6697,-0.0003,1,,0,2,2,0,0,m1,1ETD6u7wdHS6P9D1mxb1Qx3Aapa2DwAyyZutL2,00894bd46dcb574ff3f6e5a1a8de1ddf5bb820cb9475cc2fb297e169c11f07a2,946685457,946685455,1,1,0,0,61.1397,195,
run4-tbt-3s,1,nazionale,3,none,true,12,201,17,1,m1,1ETD6u7wdHS6P9D1mxb1Qx3Aapa2DwAyyZutL2,44404,16,198,1.0,44404.0,68101.0,0.652032,5.19900857e-06,0.23085678,0.79385316,0.29816552,-0.417,1.500,2.311,2.3111,0.0001,1,,1,1,1,1,1,m1,1ETD6u7wdHS6P9D1mxb1Qx3Aapa2DwAyyZutL2,00e3272c234d547aa7e8199572ab5d049ec658b827e5e7b48e42c35096fe3202,946685460,946685457,2,1,0,0,7.0953,195,19
run4-tbt-3s,1,nazionale,3,none,true,12,201,17,1,m2,1WKxQntNgmP3dtjbv3UL3DHV2JEciQTnQ4K3sr,15454,16,199,1.0,15454.0,68101.0,0.226928,9.76612757e-05,1.50925735,0.2210741,0.99870705,-0.417,1.500,4.413,4.4127,-0.0003,1,,0,3,3,0,0,m1,1ETD6u7wdHS6P9D1mxb1Qx3Aapa2DwAyyZutL2,00e3272c234d547aa7e8199572ab5d049ec658b827e5e7b48e42c35096fe3202,946685460,946685457,2,1,0,0,45.1968,195,
run4-tbt-3s,1,nazionale,3,none,true,12,201,17,1,m3,1LtuCHDRfFnaxMXGm2gmsN7NoezE7zExV3Cet8,8243,15,186,1.0,8243.0,68101.0,0.121041,8.62492101e-05,0.71095224,0.49117626,0.99718743,-0.417,1.500,4.408,4.4082,0.0002,1,,0,2,2,0,0,m1,1ETD6u7wdHS6P9D1mxb1Qx3Aapa2DwAyyZutL2,00e3272c234d547aa7e8199572ab5d049ec658b827e5e7b48e42c35096fe3202,946685460,946685457,2,1,0,0,61.1397,195,
run4-tbt-3s,1,nazionale,3,none,true,12,202,17,1,m1,1ETD6u7wdHS6P9D1mxb1Qx3Aapa2DwAyyZutL2,44404,16,198,1.0,44404.0,68101.0,0.652032,6.47706942e-07,0.02876078,0.97164888,0.04315081,-0.333,1.500,1.563,1.5629,-0.0001,1,,1,1,1,1,1,m1,1ETD6u7wdHS6P9D1mxb1Qx3Aapa2DwAyyZutL2,0006433839e4d8689f0110a946f6e4b0fb5ed1438dd992db9d65d21b0df1c96f,946685463,946685460,1,1,0,0,7.0953,195,20
run4-tbt-3s,1,nazionale,3,none,true,12,202,17,1,m2,1WKxQntNgmP3dtjbv3UL3DHV2JEciQTnQ4K3sr,15454,16,199,1.0,15454.0,68101.0,0.226928,0.000294339575,4.54872379,0.0105807,1.0,-0.333,1.500,4.433,4.4334,0.0004,1,,0,3,3,0,0,m1,1ETD6u7wdHS6P9D1mxb1Qx3Aapa2DwAyyZutL2,0006433839e4d8689f0110a946f6e4b0fb5ed1438dd992db9d65d21b0df1c96f,946685463,946685460,1,1,0,0,45.1968,195,
run4-tbt-3s,1,nazionale,3,none,true,12,202,17,1,m3,1LtuCHDRfFnaxMXGm2gmsN7NoezE7zExV3Cet8,8243,15,186,1.0,8243.0,68101.0,0.121041,0.000270065787,2.22615228,0.10794297,0.99999999,-0.333,1.500,4.433,4.4334,0.0004,1,,0,2,2,0,0,m1,1ETD6u7wdHS6P9D1mxb1Qx3Aapa2DwAyyZutL2,0006433839e4d8689f0110a946f6e4b0fb5ed1438dd992db9d65d21b0df1c96f,946685463,946685460,1,1,0,0,61.1397,195,
run4-tbt-3s,1,nazionale,3,none,true,12,203,17,1,m1,1ETD6u7wdHS6P9D1mxb1Qx3Aapa2DwAyyZutL2,44404,16,198,1.0,44404.0,68101.0,0.652032,4.10754852e-05,1.82391584,0.16139252,0.93902441,-0.333,1.500,4.25,4.2505,0.0005,1,,1,2,2,0,0,m1,1ETD6u7wdHS6P9D1mxb1Qx3Aapa2DwAyyZutL2,0060415ffc17eb4d9fa186f903d9aae149faa1ade2a145b08820dc73a3d755cd,946685467,946685463,4,1,1,1,7.0953,195,21
run4-tbt-3s,1,nazionale,3,none,true,12,203,17,1,m2,1WKxQntNgmP3dtjbv3UL3DHV2JEciQTnQ4K3sr,15454,16,199,1.0,15454.0,68101.0,0.226928,1.32511138e-05,0.20478271,0.81482435,0.59441066,-0.333,1.500,3.217,3.2166,-0.0004,1,,0,1,1,1,1,m1,1ETD6u7wdHS6P9D1mxb1Qx3Aapa2DwAyyZutL2,0060415ffc17eb4d9fa186f903d9aae149faa1ade2a145b08820dc73a3d755cd,946685467,946685463,4,1,1,1,45.1968,195,
run4-tbt-3s,1,nazionale,3,none,true,12,203,17,1,m3,1LtuCHDRfFnaxMXGm2gmsN7NoezE7zExV3Cet8,8243,15,186,1.0,8243.0,68101.0,0.121041,8.58410264e-05,0.70758758,0.49283168,0.99710815,-0.333,1.500,4.425,4.4247,-0.0003,1,,0,3,3,0,0,m1,1ETD6u7wdHS6P9D1mxb1Qx3Aapa2DwAyyZutL2,0060415ffc17eb4d9fa186f903d9aae149faa1ade2a145b08820dc73a3d755cd,946685467,946685463,4,1,1,1,61.1397,195,
run4-tbt-3s,1,nazionale,3,none,true,12,204,18,1,m1,1ETD6u7wdHS6P9D1mxb1Qx3Aapa2DwAyyZutL2,44404,16,198,1.0,44404.0,68101.0,0.652032,3.84515419e-06,0.17074023,0.84304054,0.23038035,-0.333,1.500,2.124,2.1245,0.0005,1,,1,1,1,1,1,m1,1ETD6u7wdHS6P9D1mxb1Qx3Aapa2DwAyyZutL2,00ea14732a29f96324c782f20ae3c46ca26b2ad80a7e182b0fbafe89b2cbe643,946685469,946685467,2,1,0,0,7.063,204,22
run4-tbt-3s,1,nazionale,3,none,true,12,204,18,1,m2,1WKxQntNgmP3dtjbv3UL3DHV2JEciQTnQ4K3sr,15454,16,199,1.0,15454.0,68101.0,0.226928,3.83429397e-05,0.59255179,0.55291456,0.9265531,-0.333,1.500,4.213,4.2131,0.0001,1,,0,2,2,0,0,m1,1ETD6u7wdHS6P9D1mxb1Qx3Aapa2DwAyyZutL2,00ea14732a29f96324c782f20ae3c46ca26b2ad80a7e182b0fbafe89b2cbe643,946685469,946685467,2,1,0,0,19.1678,204,
run4-tbt-3s,1,nazionale,3,none,true,12,204,18,1,m3,1LtuCHDRfFnaxMXGm2gmsN7NoezE7zExV3Cet8,8243,15,186,1.0,8243.0,68101.0,0.121041,0.0001070149,0.88212382,0.41390292,0.99931618,-0.333,1.500,4.431,4.4313,0.0003,1,,0,3,3,0,0,m1,1ETD6u7wdHS6P9D1mxb1Qx3Aapa2DwAyyZutL2,00ea14732a29f96324c782f20ae3c46ca26b2ad80a7e182b0fbafe89b2cbe643,946685469,946685467,2,1,0,0,61.1397,204,
run4-tbt-3s,1,nazionale,3,none,true,12,205,18,1,m1,1ETD6u7wdHS6P9D1mxb1Qx3Aapa2DwAyyZutL2,44404,16,198,1.0,44404.0,68101.0,0.652032,3.74765664e-05,1.66410945,0.18935922,0.92208927,-0.083,1.500,4.25,4.2497,-0.0003,1,,1,2,2,0,0,m1,1ETD6u7wdHS6P9D1mxb1Qx3Aapa2DwAyyZutL2,007614b86d842ecfe53dd26acff7e3fe1c0969361cded9e1c9d15a778e4314e7,946685474,946685469,4,1,0,0,7.063,204,23
run4-tbt-3s,1,nazionale,3,none,true,12,205,18,1,m2,1WKxQntNgmP3dtjbv3UL3DHV2JEciQTnQ4K3sr,15454,16,199,1.0,15454.0,68101.0,0.226928,0.000134887268,2.08454784,0.12436334,0.99989753,-0.083,1.500,4.483,4.4831,0.0001,1,,0,3,3,0,0,m1,1ETD6u7wdHS6P9D1mxb1Qx3Aapa2DwAyyZutL2,007614b86d842ecfe53dd26acff7e3fe1c0969361cded9e1c9d15a778e4314e7,946685474,946685469,4,1,0,0,19.1678,204,
run4-tbt-3s,1,nazionale,3,none,true,12,205,18,1,m3,1LtuCHDRfFnaxMXGm2gmsN7NoezE7zExV3Cet8,8243,15,186,1.0,8243.0,68101.0,0.121041,3.44611134e-05,0.28406296,0.75271925,0.90432864,-0.083,1.500,4.196,4.1964,0.0004,1,,0,1,1,1,1,m1,1ETD6u7wdHS6P9D1mxb1Qx3Aapa2DwAyyZutL2,007614b86d842ecfe53dd26acff7e3fe1c0969361cded9e1c9d15a778e4314e7,946685474,946685469,4,1,0,0,61.1397,204,
run4-tbt-3s,1,nazionale,3,none,true,12,206,18,1,m1,1ETD6u7wdHS6P9D1mxb1Qx3Aapa2DwAyyZutL2,44404,16,198,1.0,44404.0,68101.0,0.652032,6.18651603e-06,0.27470606,0.75979543,0.34381199,-0.167,1.500,2.498,2.498,0.0,1,,1,1,1,1,1,m1,1ETD6u7wdHS6P9D1mxb1Qx3Aapa2DwAyyZutL2,00ec9cd417cfc2cc02367c97ceb83f10fed7f79bb2014377470fac92dde975a4,946685477,946685474,2,1,0,0,7.063,204,24
run4-tbt-3s,1,nazionale,3,none,true,12,206,18,1,m2,1WKxQntNgmP3dtjbv3UL3DHV2JEciQTnQ4K3sr,15454,16,199,1.0,15454.0,68101.0,0.226928,1.29865216e-05,0.2006937,0.81816299,0.5870361,-0.167,1.500,3.228,3.2277,-0.0003,1,,0,2,2,0,0,m1,1ETD6u7wdHS6P9D1mxb1Qx3Aapa2DwAyyZutL2,00ec9cd417cfc2cc02367c97ceb83f10fed7f79bb2014377470fac92dde975a4,946685477,946685474,2,1,0,0,19.1678,204,
run4-tbt-3s,1,nazionale,3,none,true,12,206,18,1,m3,1LtuCHDRfFnaxMXGm2gmsN7NoezE7zExV3Cet8,8243,15,186,1.0,8243.0,68101.0,0.121041,0.000101675311,0.83810959,0.43252741,0.9990163,-0.167,1.500,4.464,4.4636,-0.0004,1,,0,3,3,0,0,m1,1ETD6u7wdHS6P9D1mxb1Qx3Aapa2DwAyyZutL2,00ec9cd417cfc2cc02367c97ceb83f10fed7f79bb2014377470fac92dde975a4,946685477,946685474,2,1,0,0,61.1397,204,
run4-tbt-3s,1,nazionale,3,none,true,12,207,18,1,m1,1ETD6u7wdHS6P9D1mxb1Qx3Aapa2DwAyyZutL2,44404,16,198,1.0,44404.0,68101.0,0.652032,8.16129529e-05,3.62394156,0.02667732,0.99614322,-0.25,1.500,4.438,4.4384,0.0004,1,,1,2,2,0,0,m1,1ETD6u7wdHS6P9D1mxb1Qx3Aapa2DwAyyZutL2,00f9c69dfef343a97792b6000483ebad445411e871d978751edf32d251a5fb8b,946685483,946685477,4,1,1,1,7.063,204,25
run4-tbt-3s,1,nazionale,3,none,true,12,207,18,1,m2,1WKxQntNgmP3dtjbv3UL3DHV2JEciQTnQ4K3sr,15454,16,199,1.0,15454.0,68101.0,0.226928,5.62735429e-05,0.86965133,0.41909765,0.97833992,-0.25,1.500,4.385,4.385,0.0,1,,0,1,1,1,1,m1,1ETD6u7wdHS6P9D1mxb1Qx3Aapa2DwAyyZutL2,00f9c69dfef343a97792b6000483ebad445411e871d978751edf32d251a5fb8b,946685483,946685477,4,1,1,1,19.1678,204,
run4-tbt-3s,1,nazionale,3,none,true,12,207,18,1,m3,1LtuCHDRfFnaxMXGm2gmsN7NoezE7zExV3Cet8,8243,15,186,1.0,8243.0,68101.0,0.121041,0.000165977848,1.3681554,0.25457612,0.99998767,-0.25,1.500,4.45,4.45,-0.0,1,,0,3,3,0,0,m1,1ETD6u7wdHS6P9D1mxb1Qx3Aapa2DwAyyZutL2,00f9c69dfef343a97792b6000483ebad445411e871d978751edf32d251a5fb8b,946685483,946685477,4,1,1,1,61.1397,204,
run4-tbt-3s,1,nazionale,3,none,true,12,208,18,1,m1,1ETD6u7wdHS6P9D1mxb1Qx3Aapa2DwAyyZutL2,44404,16,198,1.0,44404.0,68101.0,0.652032,0.000147848886,6.56508193,0.00140871,0.99995761,-0.5,1.500,4.4,4.3999,-0.0001,1,,1,2,3,0,0,m1,1ETD6u7wdHS6P9D1mxb1Qx3Aapa2DwAyyZutL2,00554845888187e4d4773fb2817700da4c7c9de5806e56eb294dee6a11311935,946685487,946685483,4,1,1,1,7.063,204,26
run4-tbt-3s,1,nazionale,3,none,true,12,208,18,1,m2,1WKxQntNgmP3dtjbv3UL3DHV2JEciQTnQ4K3sr,15454,16,199,1.0,15454.0,68101.0,0.226928,3.89797014e-05,0.60239231,0.54750028,0.92966999,-0.417,1.500,4.206,4.2056,-0.0004,1,,0,1,1,1,1,m1,1ETD6u7wdHS6P9D1mxb1Qx3Aapa2DwAyyZutL2,00554845888187e4d4773fb2817700da4c7c9de5806e56eb294dee6a11311935,946685487,946685483,4,1,1,1,19.1678,204,
run4-tbt-3s,1,nazionale,3,none,true,12,208,18,1,m3,1LtuCHDRfFnaxMXGm2gmsN7NoezE7zExV3Cet8,8243,15,186,1.0,8243.0,68101.0,0.121041,0.000116590294,0.96105379,0.38248961,0.99964376,-0.417,1.500,4.416,4.4155,-0.0005,1,,0,3,2,0,0,m1,1ETD6u7wdHS6P9D1mxb1Qx3Aapa2DwAyyZutL2,00554845888187e4d4773fb2817700da4c7c9de5806e56eb294dee6a11311935,946685487,946685483,4,1,1,1,61.1397,204,
run4-tbt-3s,1,nazionale,3,none,true,12,209,18,1,m1,1ETD6u7wdHS6P9D1mxb1Qx3Aapa2DwAyyZutL2,44404,16,198,1.0,44404.0,68101.0,0.652032,3.37185681e-06,0.14972393,0.86094563,0.20516984,-0.5,1.500,2.016,2.0155,-0.0005,1,,1,1,1,1,1,m1,1ETD6u7wdHS6P9D1mxb1Qx3Aapa2DwAyyZutL2,00688909f29f78a5efa20110547df084c724f54224d2d59ae2d831f593167b80,946685489,946685487,2,1,0,0,7.063,204,27
run4-tbt-3s,1,nazionale,3,none,true,12,209,18,1,m2,1WKxQntNgmP3dtjbv3UL3DHV2JEciQTnQ4K3sr,15454,16,199,1.0,15454.0,68101.0,0.226928,0.000295910676,4.57300359,0.0103269,1.0,-0.5,1.500,4.4,4.4,-0.0,1,,0,3,3,0,0,m1,1ETD6u7wdHS6P9D1mxb1Qx3Aapa2DwAyyZutL2,00688909f29f78a5efa20110547df084c724f54224d2d59ae2d831f593167b80,946685489,946685487,2,1,0,0,19.1678,204,
run4-tbt-3s,1,nazionale,3,none,true,12,209,18,1,m3,1LtuCHDRfFnaxMXGm2gmsN7NoezE7zExV3Cet8,8243,15,186,1.0,8243.0,68101.0,0.121041,0.000198738997,1.63820555,0.19432844,0.99999868,-0.5,1.500,4.4,4.4,-0.0,1,,0,2,2,0,0,m1,1ETD6u7wdHS6P9D1mxb1Qx3Aapa2DwAyyZutL2,00688909f29f78a5efa20110547df084c724f54224d2d59ae2d831f593167b80,946685489,946685487,2,1,0,0,61.1397,204,
run4-tbt-3s,1,nazionale,3,none,true,12,210,18,1,m1,1ETD6u7wdHS6P9D1mxb1Qx3Aapa2DwAyyZutL2,44404,16,198,1.0,44404.0,68101.0,0.652032,1.76886391e-05,0.78544633,0.45591617,0.7001923,-0.333,1.500,3.534,3.534,-0.0,1,,1,1,1,1,1,m1,1ETD6u7wdHS6P9D1mxb1Qx3Aapa2DwAyyZutL2,0096b72f0c05dd8146287988ee108434b0f1323c326ca2665eb794439254a9bd,946685494,946685489,3,1,0,0,7.063,204,28
run4-tbt-3s,1,nazionale,3,none,true,12,210,18,1,m2,1WKxQntNgmP3dtjbv3UL3DHV2JEciQTnQ4K3sr,15454,16,199,1.0,15454.0,68101.0,0.226928,0.00019946166,3.08248049,0.0458454,0.99999874,-0.333,1.500,4.433,4.4334,0.0004,1,,0,3,2,0,0,m1,1ETD6u7wdHS6P9D1mxb1Qx3Aapa2DwAyyZutL2,0096b72f0c05dd8146287988ee108434b0f1323c326ca2665eb794439254a9bd,946685494,946685489,3,1,0,0,19.1678,204,
run4-tbt-3s,1,nazionale,3,none,true,12,210,18,1,m3,1LtuCHDRfFnaxMXGm2gmsN7NoezE7zExV3Cet8,8243,15,186,1.0,8243.0,68101.0,0.121041,0.000222665457,1.83543136,0.15954467,0.99999974,-0.333,1.500,4.433,4.4334,0.0004,1,,0,2,3,0,0,m1,1ETD6u7wdHS6P9D1mxb1Qx3Aapa2DwAyyZutL2,0096b72f0c05dd8146287988ee108434b0f1323c326ca2665eb794439254a9bd,946685494,946685489,3,1,0,0,61.1397,204,
run4-tbt-3s,1,nazionale,3,none,true,12,211,18,1,m1,1ETD6u7wdHS6P9D1mxb1Qx3Aapa2DwAyyZutL2,51006,17,210,1.0,51006.0,74912.0,0.680879,1.34298789e-05,0.6850044,0.50408801,0.63434283,-0.5,1.500,3.303,3.303,0.0,1,,1,1,1,1,1,m1,1ETD6u7wdHS6P9D1mxb1Qx3Aapa2DwAyyZutL2,00b0dfa40c2ac6d4d772d54d74a8545da05dded9254141b4c7c01f1a0ca25f16,946685498,946685494,3,1,0,0,7.063,204,29
run4-tbt-3s,1,nazionale,3,none,true,12,211,18,1,m2,1WKxQntNgmP3dtjbv3UL3DHV2JEciQTnQ4K3sr,18080,17,210,1.0,18080.0,74912.0,0.24135,8.95406228e-05,1.61889446,0.1981176,0.99877849,-0.5,1.500,4.396,4.3963,0.0003,1,,0,3,3,0,0,m1,1ETD6u7wdHS6P9D1mxb1Qx3Aapa2DwAyyZutL2,00b0dfa40c2ac6d4d772d54d74a8545da05dded9254141b4c7c01f1a0ca25f16,946685498,946685494,3,1,0,0,19.1678,204,
run4-tbt-3s,1,nazionale,3,none,true,12,211,18,1,m3,1LtuCHDRfFnaxMXGm2gmsN7NoezE7zExV3Cet8,5826,17,210,1.0,5826.0,74912.0,0.077771,3.52682667e-05,0.20547292,0.81426214,0.92878248,-0.5,1.500,4.186,4.1863,0.0003,1,,0,2,2,0,0,m1,1ETD6u7wdHS6P9D1mxb1Qx3Aapa2DwAyyZutL2,00b0dfa40c2ac6d4d772d54d74a8545da05dded9254141b4c7c01f1a0ca25f16,946685498,946685494,3,1,0,0,61.1397,204,
run4-tbt-3s,1,nazionale,3,none,true,12,212,18,1,m1,1ETD6u7wdHS6P9D1mxb1Qx3Aapa2DwAyyZutL2,51006,17,210,1.0,51006.0,74912.0,0.680879,4.4460579e-05,2.26775629,0.10354424,0.96422947,-0.583,1.500,4.276,4.2761,0.0001,1,,0,2,2,0,0,m2,1WKxQntNgmP3dtjbv3UL3DHV2JEciQTnQ4K3sr,00c25eb4df94fbc938cbb53a45069ebc7ba26469b1ea8990d3623d4eb5309b67,946685501,946685498,1,1,0,0,108.2652,212,
run4-tbt-3s,1,nazionale,3,none,true,12,212,18,1,m2,1WKxQntNgmP3dtjbv3UL3DHV2JEciQTnQ4K3sr,18080,17,210,1.0,18080.0,74912.0,0.24135,3.64782231e-07,0.00659526,0.99342644,0.02695657,-0.583,1.500,1.464,1.4643,0.0003,1,,1,1,1,1,1,m2,1WKxQntNgmP3dtjbv3UL3DHV2JEciQTnQ4K3sr,00c25eb4df94fbc938cbb53a45069ebc7ba26469b1ea8990d3623d4eb5309b67,946685501,946685498,1,1,0,0,119.0624,212,1
run4-tbt-3s,1,nazionale,3,none,true,12,212,18,1,m3,1LtuCHDRfFnaxMXGm2gmsN7NoezE7zExV3Cet8,5826,17,210,1.0,5826.0,74912.0,0.077771,0.000212443031,1.2376931,0.29005257,0.99999988,-0.583,1.500,4.383,4.3834,0.0004,1,,0,3,3,0,0,m2,1WKxQntNgmP3dtjbv3UL3DHV2JEciQTnQ4K3sr,00c25eb4df94fbc938cbb53a45069ebc7ba26469b1ea8990d3623d4eb5309b67,946685501,946685498,1,1,0,0,49.1612,212,
run4-tbt-3s,1,nazionale,3,none,true,12,213,18,1,m1,1ETD6u7wdHS6P9D1mxb1Qx3Aapa2DwAyyZutL2,51006,17,210,1.0,51006.0,74912.0,0.680879,2.44266989e-06,0.12459082,0.88285808,0.16721959,-0.667,1.500,1.868,1.8683,0.0003,1,,1,1,1,1,1,m1,1ETD6u7wdHS6P9D1mxb1Qx3Aapa2DwAyyZutL2,00e9cb6c5a01dee62917d0f1f24fa7e80634e83120203a187d594627a019f781,946685505,946685501,1,1,0,0,108.2652,212,1
run4-tbt-3s,1,nazionale,3,none,true,12,213,18,1,m2,1WKxQntNgmP3dtjbv3UL3DHV2JEciQTnQ4K3sr,18080,17,210,1.0,18080.0,74912.0,0.24135,0.000123371894,2.23056384,0.10746782,0.99990312,-0.667,1.500,4.366,4.3663,0.0003,1,,0,2,2,0,0,m1,1ETD6u7wdHS6P9D1mxb1Qx3Aapa2DwAyyZutL2,00e9cb6c5a01dee62917d0f1f24fa7e80634e83120203a187d594627a019f781,946685505,946685501,1,1,0,0,119.0624,212,
run4-tbt-3s,1,nazionale,3,none,true,12,213,18,1,m3,1LtuCHDRfFnaxMXGm2gmsN7NoezE7zExV3Cet8,5826,17,210,1.0,5826.0,74912.0,0.077771,0.000168876673,0.9838755,0.3738594,0.9999968,-0.667,1.500,4.367,4.3666,-0.0004,1,,0,3,3,0,0,m1,1ETD6u7wdHS6P9D1mxb1Qx3Aapa2DwAyyZutL2,00e9cb6c5a01dee62917d0f1f24fa7e80634e83120203a187d594627a019f781,946685505,946685501,1,1,0,0,49.1612,212,
run4-tbt-3s,1,nazionale,3,none,true,12,214,18,1,m1,1ETD6u7wdHS6P9D1mxb1Qx3Aapa2DwAyyZutL2,51006,17,210,1.0,51006.0,74912.0,0.680879,1.67542843e-06,0.0854569,0.91809271,0.11795279,-0.75,1.500,1.704,1.7039,-0.0001,1,,1,1,1,1,1,m1,1ETD6u7wdHS6P9D1mxb1Qx3Aapa2DwAyyZutL2,00a03346b4004f9935f57b63614c10d696035ada9731789227253cf00125b0cd,946685507,946685505,1,1,0,0,108.2652,212,2
run4-tbt-3s,1,nazionale,3,none,true,12,214,18,1,m2,1WKxQntNgmP3dtjbv3UL3DHV2JEciQTnQ4K3sr,18080,17,210,1.0,18080.0,74912.0,0.24135,1.3673096e-05,0.24720958,0.780977,0.64094474,-0.75,1.500,3.273,3.2728,-0.0002,1,,0,2,2,0,0,m1,1ETD6u7wdHS6P9D1mxb1Qx3Aapa2DwAyyZutL2,00a03346b4004f9935f57b63614c10d696035ada9731789227253cf00125b0cd,946685507,946685505,1,1,0,0,119.0624,212,
run4-tbt-3s,1,nazionale,3,none,true,12,214,18,1,m3,1LtuCHDRfFnaxMXGm2gmsN7NoezE7zExV3Cet8,5826,17,210,1.0,5826.0,74912.0,0.077771,4.68504922e-05,0.27295097,0.76113011,0.97009304,-0.75,1.500,4.26,4.2603,0.0003,1,,0,3,3,0,0,m1,1ETD6u7wdHS6P9D1mxb1Qx3Aapa2DwAyyZutL2,00a03346b4004f9935f57b63614c10d696035ada9731789227253cf00125b0cd,946685507,946685505,1,1,0,0,49.1612,212,
run4-tbt-3s,1,nazionale,3,none,true,12,215,18,1,m1,1ETD6u7wdHS6P9D1mxb1Qx3Aapa2DwAyyZutL2,51006,17,210,1.0,51006.0,74912.0,0.680879,5.43967343e-07,0.0277456,0.97263578,0.03993058,-0.667,1.500,1.486,1.4864,0.0004,1,,1,1,1,1,1,m1,1ETD6u7wdHS6P9D1mxb1Qx3Aapa2DwAyyZutL2,00682746aa9cdab9daf5decf5cbcad458f449cb4feb0490e2d6e1009e22a8e08,946685509,946685507,1,1,0,0,108.2652,212,3
run4-tbt-3s,1,nazionale,3,none,true,12,215,18,1,m2,1WKxQntNgmP3dtjbv3UL3DHV2JEciQTnQ4K3sr,18080,17,210,1.0,18080.0,74912.0,0.24135,0.000110142222,1.99137137,0.13650809,0.999739,-0.667,1.500,4.366,4.3658,-0.0002,1,,0,2,2,0,0,m1,1ETD6u7wdHS6P9D1mxb1Qx3Aapa2DwAyyZutL2,00682746aa9cdab9daf5decf5cbcad458f449cb4feb0490e2d6e1009e22a8e08,946685509,946685507,1,1,0,0,119.0624,212,
run4-tbt-3s,1,nazionale,3,none,true,12,215,18,1,m3,1LtuCHDRfFnaxMXGm2gmsN7NoezE7zExV3Cet8,5826,17,210,1.0,5826.0,74912.0,0.077771,0.000141954917,0.82702935,0.43734656,0.99997592,-0.667,1.500,4.367,4.3665,-0.0005,1,,0,3,3,0,0,m1,1ETD6u7wdHS6P9D1mxb1Qx3Aapa2DwAyyZutL2,00682746aa9cdab9daf5decf5cbcad458f449cb4feb0490e2d6e1009e22a8e08,946685509,946685507,1,1,0,0,49.1612,212,
run4-tbt-3s,1,nazionale,3,none,true,12,216,19,1,m1,1ETD6u7wdHS6P9D1mxb1Qx3Aapa2DwAyyZutL2,51006,17,210,1.0,51006.0,74912.0,0.680879,3.68676038e-05,1.880469,0.15251856,0.93682369,-0.5,1.500,4.21,4.2105,0.0005,1,,0,2,2,0,0,m2,1WKxQntNgmP3dtjbv3UL3DHV2JEciQTnQ4K3sr,006a34daf9726630aca868e7b36d0447c5d87869c716508a3c7d52de6159e4ab,946685512,946685509,2,1,0,0,108.2652,212,
run4-tbt-3s,1,nazionale,3,none,true,12,216,19,1,m2,1WKxQntNgmP3dtjbv3UL3DHV2JEciQTnQ4K3sr,18080,17,210,1.0,18080.0,74912.0,0.24135,3.11399008e-06,0.05630094,0.94525463,0.20806442,-0.5,1.500,2.024,2.0242,0.0002,1,,1,1,1,1,1,m2,1WKxQntNgmP3dtjbv3UL3DHV2JEciQTnQ4K3sr,006a34daf9726630aca868e7b36d0447c5d87869c716508a3c7d52de6159e4ab,946685512,946685509,2,1,0,0,119.0624,212,1
run4-tbt-3s,1,nazionale,3,none,true,12,216,19,1,m3,1LtuCHDRfFnaxMXGm2gmsN7NoezE7zExV3Cet8,5826,17,210,1.0,5826.0,74912.0,0.077771,0.000121672179,0.70886211,0.49220395,0.99988996,-0.5,1.500,4.4,4.3997,-0.0003,1,,0,3,3,0,0,m2,1WKxQntNgmP3dtjbv3UL3DHV2JEciQTnQ4K3sr,006a34daf9726630aca868e7b36d0447c5d87869c716508a3c7d52de6159e4ab,946685512,946685509,2,1,0,0,49.1612,212,
run4-tbt-3s,1,nazionale,3,none,true,12,217,19,1,m1,1ETD6u7wdHS6P9D1mxb1Qx3Aapa2DwAyyZutL2,51006,17,210,1.0,51006.0,74912.0,0.680879,6.00553253e-05,3.06318192,0.04673874,0.98887838,-0.583,1.500,4.35,4.35,0.0,1,,0,1,1,1,1,m2,1WKxQntNgmP3dtjbv3UL3DHV2JEciQTnQ4K3sr,009c80c43df78617f950f2651b49a226341f7146feec0f47d71e9ee988af1b4e,946685517,946685512,4,1,0,0,108.2652,212,
run4-tbt-3s,1,nazionale,3,none,true,12,217,19,1,m2,1WKxQntNgmP3dtjbv3UL3DHV2JEciQTnQ4K3sr,18080,17,210,1.0,18080.0,74912.0,0.24135,7.47748901e-05,1.35193001,0.25874041,0.99630781,-0.583,1.500,4.372,4.3723,0.0003,1,,1,2,2,0,0,m2,1WKxQntNgmP3dtjbv3UL3DHV2JEciQTnQ4K3sr,009c80c43df78617f950f2651b49a226341f7146feec0f47d71e9ee988af1b4e,946685517,946685512,4,1,0,0,119.0624,212,2
run4-tbt-3s,1,nazionale,3,none,true,12,217,19,1,m3,1LtuCHDRfFnaxMXGm2gmsN7NoezE7zExV3Cet8,5826,17,210,1.0,5826.0,74912.0,0.077771,0.0002062632,1.2016894,0.3006858,0.99999981,-0.583,1.500,4.383,4.3834,0.0004,1,,0,3,3,0,0,m2,1WKxQntNgmP3dtjbv3UL3DHV2JEciQTnQ4K3sr,009c80c43df78617f950f2651b49a226341f7146feec0f47d71e9ee988af1b4e,946685517,946685512,4,1,0,0,49.1612,212,
run4-tbt-3s,1,nazionale,3,none,true,12,218,19,1,m1,1ETD6u7wdHS6P9D1mxb1Qx3Aapa2DwAyyZutL2,51006,17,210,1.0,51006.0,74912.0,0.680879,3.45331233e-05,1.76139649,0.17180477,0.92475045,-0.583,1.500,4.158,4.1577,-0.0003,1,,0,2,2,0,0,m2,1WKxQntNgmP3dtjbv3UL3DHV2JEciQTnQ4K3sr,00b24662bb05c51438d86b16bedfbd9953084d4361631e395e6dbbdf40951a54,946685520,946685517,2,1,0,0,108.2652,212,
run4-tbt-3s,1,nazionale,3,none,true,12,218,19,1,m2,1WKxQntNgmP3dtjbv3UL3DHV2JEciQTnQ4K3sr,18080,17,210,1.0,18080.0,74912.0,0.24135,9.65260874e-06,0.17451917,0.83986076,0.51475251,-0.583,1.500,2.928,2.9277,-0.0003,1,,1,1,1,1,1,m2,1WKxQntNgmP3dtjbv3UL3DHV2JEciQTnQ4K3sr,00b24662bb05c51438d86b16bedfbd9953084d4361631e395e6dbbdf40951a54,946685520,946685517,2,1,0,0,119.0624,212,3
run4-tbt-3s,1,nazionale,3,none,true,12,218,19,1,m3,1LtuCHDRfFnaxMXGm2gmsN7NoezE7zExV3Cet8,5826,17,210,1.0,5826.0,74912.0,0.077771,0.000556708301,3.24338256,0.03903164,1.0,-0.583,1.500,4.383,4.3834,0.0004,1,,0,3,3,0,0,m2,1WKxQntNgmP3dtjbv3UL3DHV2JEciQTnQ4K3sr,00b24662bb05c51438d86b16bedfbd9953084d4361631e395e6dbbdf40951a54,946685520,946685517,2,1,0,0,49.1612,212,
run4-tbt-3s,1,nazionale,3,none,true,12,219,19,1,m1,1ETD6u7wdHS6P9D1mxb1Qx3Aapa2DwAyyZutL2,51006,17,210,1.0,51006.0,74912.0,0.680879,1.51707725e-05,0.77380042,0.46125676,0.67905096,-0.583,1.500,3.42,3.4206,0.0006,1,,0,1,1,1,1,m2,1WKxQntNgmP3dtjbv3UL3DHV2JEciQTnQ4K3sr,00e31d0769530d5f8c1804874315645bd178a737d126d1b31d0f4db8a32fdc74,946685524,946685520,4,1,0,0,108.2652,212,
run4-tbt-3s,1,nazionale,3,none,true,12,219,19,1,m2,1WKxQntNgmP3dtjbv3UL3DHV2JEciQTnQ4K3sr,18080,17,210,1.0,18080.0,74912.0,0.24135,6.0190126e-05,1.08823748,0.33680961,0.98899013,-0.583,1.500,4.35,4.3504,0.0004,1,,1,3,3,0,0,m2,1WKxQntNgmP3dtjbv3UL3DHV2JEciQTnQ4K3sr,00e31d0769530d5f8c1804874315645bd178a737d126d1b31d0f4db8a32fdc74,946685524,946685520,4,1,0,0,119.0624,212,4
run4-tbt-3s,1,nazionale,3,none,true,12,219,19,1,m3,1LtuCHDRfFnaxMXGm2gmsN7NoezE7zExV3Cet8,5826,17,210,1.0,5826.0,74912.0,0.077771,3.44351507e-05,0.20061919,0.81822396,0.92419614,-0.583,1.500,4.156,4.156,-0.0,1,,0,2,2,0,0,m2,1WKxQntNgmP3dtjbv3UL3DHV2JEciQTnQ4K3sr,00e31d0769530d5f8c1804874315645bd178a737d126d1b31d0f4db8a32fdc74,946685524,946685520,4,1,0,0,49.1612,212,
run4-tbt-3s,1,nazionale,3,none,true,12,220,19,1,m1,1ETD6u7wdHS6P9D1mxb1Qx3Aapa2DwAyyZutL2,51006,17,210,1.0,51006.0,74912.0,0.680879,3.25095885e-05,1.65818407,0.19048457,0.91243363,-0.417,1.500,4.154,4.1539,-0.0001,1,,0,1,1,1,1,m2,1WKxQntNgmP3dtjbv3UL3DHV2JEciQTnQ4K3sr,000922dbf4902e6db2134e59e37caf3309201e3f2ae4395eadd93e1a991501c3,946685529,946685524,4,1,0,0,7.1263,220,
run4-tbt-3s,1,nazionale,3,none,true,12,220,19,1,m2,1WKxQntNgmP3dtjbv3UL3DHV2JEciQTnQ4K3sr,18080,17,210,1.0,18080.0,74912.0,0.24135,6.53666786e-05,1.18182955,0.30671707,0.99252917,-0.417,1.500,4.394,4.3942,0.0002,1,,1,2,2,0,0,m2,1WKxQntNgmP3dtjbv3UL3DHV2JEciQTnQ4K3sr,000922dbf4902e6db2134e59e37caf3309201e3f2ae4395eadd93e1a991501c3,946685529,946685524,4,1,0,0,49.4881,220,5
run4-tbt-3s,1,nazionale,3,none,true,12,220,19,1,m3,1LtuCHDRfFnaxMXGm2gmsN7NoezE7zExV3Cet8,5826,17,210,1.0,5826.0,74912.0,0.077771,0.000243145212,1.41656401,0.24254597,0.99999999,-0.417,1.500,4.417,4.4166,-0.0004,1,,0,3,3,0,0,m2,1WKxQntNgmP3dtjbv3UL3DHV2JEciQTnQ4K3sr,000922dbf4902e6db2134e59e37caf3309201e3f2ae4395eadd93e1a991501c3,946685529,946685524,4,1,0,0,39.684,220,
run4-tbt-3s,1,nazionale,3,none,true,12,221,19,1,m1,1ETD6u7wdHS6P9D1mxb1Qx3Aapa2DwAyyZutL2,51006,17,210,1.0,51006.0,74912.0,0.680879,1.23147226e-05,0.62812474,0.53359149,0.60248416,-0.5,1.500,3.207,3.2075,0.0005,1,,1,1,1,1,1,m1,1ETD6u7wdHS6P9D1mxb1Qx3Aapa2DwAyyZutL2,00fb45088a63c28d74f38f8642b6a5153a9b2f3fcb4d458731fb92ebd2b48609,946685533,946685529,3,1,1,1,7.1263,220,1
run4-tbt-3s,1,nazionale,3,none,true,12,221,19,1,m2,1WKxQntNgmP3dtjbv3UL3DHV2JEciQTnQ4K3sr,18080,17,210,1.0,18080.0,74912.0,0.24135,1.89075841e-05,0.34184912,0.71045539,0.75741544,-0.5,1.500,3.672,3.6722,0.0002,1,,0,2,2,0,0,m1,1ETD6u7wdHS6P9D1mxb1Qx3Aapa2DwAyyZutL2,00fb45088a63c28d74f38f8642b6a5153a9b2f3fcb4d458731fb92ebd2b48609,946685533,946685529,3,1,1,1,49.4881,220,
run4-tbt-3s,1,nazionale,3,none,true,12,221,19,1,m3,1LtuCHDRfFnaxMXGm2gmsN7NoezE7zExV3Cet8,5826,17,210,1.0,5826.0,74912.0,0.077771,9.91961985e-05,0.57791705,0.56106582,0.9994074,-0.5,1.500,4.398,4.3982,0.0002,1,,0,3,3,0,0,m1,1ETD6u7wdHS6P9D1mxb1Qx3Aapa2DwAyyZutL2,00fb45088a63c28d74f38f8642b6a5153a9b2f3fcb4d458731fb92ebd2b48609,946685533,946685529,3,1,1,1,39.684,220,
run4-tbt-3s,1,nazionale,3,none,true,12,222,19,1,m1,1ETD6u7wdHS6P9D1mxb1Qx3Aapa2DwAyyZutL2,51006,17,210,1.0,51006.0,74912.0,0.680879,7.00125941e-06,0.35710624,0.69969816,0.40813597,-0.667,1.500,2.591,2.591,0.0,1,,1,1,1,1,1,m1,1ETD6u7wdHS6P9D1mxb1Qx3Aapa2DwAyyZutL2,006aac99ca3489dbcd3b222709907646417535e9f532655adba12d5f8b7d0081,946685537,946685533,2,1,0,0,7.1263,220,2
run4-tbt-3s,1,nazionale,3,none,true,12,222,19,1,m2,1WKxQntNgmP3dtjbv3UL3DHV2JEciQTnQ4K3sr,18080,17,210,1.0,18080.0,74912.0,0.24135,1.85810421e-05,0.33594524,0.71466224,0.75140819,-0.667,1.500,3.621,3.6208,-0.0002,1,,0,2,2,0,0,m1,1ETD6u7wdHS6P9D1mxb1Qx3Aapa2DwAyyZutL2,006aac99ca3489dbcd3b222709907646417535e9f532655adba12d5f8b7d0081,946685537,946685533,2,1,0,0,49.4881,220,
run4-tbt-3s,1,nazionale,3,none,true,12,222,19,1,m3,1LtuCHDRfFnaxMXGm2gmsN7NoezE7zExV3Cet8,5826,17,210,1.0,5826.0,74912.0,0.077771,0.000142565134,0.83058447,0.4357945,0.999977,-0.667,1.500,4.367,4.3665,-0.0005,1,,0,3,3,0,0,m1,1ETD6u7wdHS6P9D1mxb1Qx3Aapa2DwAyyZutL2,006aac99ca3489dbcd3b222709907646417535e9f532655adba12d5f8b7d0081,946685537,946685533,2,1,0,0,39.684,220,
run4-tbt-3s,1,nazionale,3,none,true,12,223,19,1,m1,1ETD6u7wdHS6P9D1mxb1Qx3Aapa2DwAyyZutL2,45901,18,222,1.0,45901.0,70520.0,0.650893,9.39714084e-06,0.43133816,0.64963919,0.48453526,-0.583,1.500,2.837,2.837,0.0,1,,1,1,1,1,1,m1,1ETD6u7wdHS6P9D1mxb1Qx3Aapa2DwAyyZutL2,00a8cf613656ee5902f9e6c710585759134a775fa1aaa5811d394786a7521dff,946685540,946685537,2,1,0,0,7.1263,220,3
run4-tbt-3s,1,nazionale,3,none,true,12,223,19,1,m2,1WKxQntNgmP3dtjbv3UL3DHV2JEciQTnQ4K3sr,18080,17,210,1.0,18080.0,70520.0,0.256381,7.11951434e-05,1.28720819,0.27604036,0.99339997,-0.583,1.500,4.364,4.3636,-0.0004,1,,0,2,2,0,0,m1,1ETD6u7wdHS6P9D1mxb1Qx3Aapa2DwAyyZutL2,00a8cf613656ee5902f9e6c710585759134a775fa1aaa5811d394786a7521dff,946685540,946685537,2,1,0,0,49.4881,220,
run4-tbt-3s,1,nazionale,3,none,true,12,223,19,1,m3,1LtuCHDRfFnaxMXGm2gmsN7NoezE7zExV3Cet8,6539,18,222,1.0,6539.0,70520.0,0.092725,0.000100819533,0.65925893,0.5172345,0.99918294,-0.583,1.500,4.381,4.3809,-0.0001,1,,0,3,3,0,0,m1,1ETD6u7wdHS6P9D1mxb1Qx3Aapa2DwAyyZutL2,00a8cf613656ee5902f9e6c710585759134a775fa1aaa5811d394786a7521dff,946685540,946685537,2,1,0,0,39.684,220,
run4-tbt-3s,1,nazionale,3,none,true,12,224,19,1,m1,1ETD6u7wdHS6P9D1mxb1Qx3Aapa2DwAyyZutL2,45901,18,222,1.0,45901.0,70520.0,0.650893,2.44268049e-05,1.12121477,0.32588368,0.82139494,-0.5,1.500,3.864,3.8642,0.0002,1,,1,1,1,1,1,m1,1ETD6u7wdHS6P9D1mxb1Qx3Aapa2DwAyyZutL2,008db4485bb2d1a88bea0354655c5540588bff41da63e355d414ba8828be4615,946685544,946685540,3,1,0,0,7.1263,220,4
run4-tbt-3s,1,nazionale,3,none,true,12,224,19,1,m2,1WKxQntNgmP3dtjbv3UL3DHV2JEciQTnQ4K3sr,18080,17,210,1.0,18080.0,70520.0,0.256381,8.58497946e-05,1.55216429,0.21178911,0.99765185,-0.5,1.500,4.393,4.393,-0.0,1,,0,2,2,0,0,m1,1ETD6u7wdHS6P9D1mxb1Qx3Aapa2DwAyyZutL2,008db4485bb2d1a88bea0354655c5540588bff41da63e355d414ba8828be4615,946685544,946685540,3,1,0,0,49.4881,220,
run4-tbt-3s,1,nazionale,3,none,true,12,224,19,1,m3,1LtuCHDRfFnaxMXGm2gmsN7NoezE7zExV3Cet8,6539,18,222,1.0,6539.0,70520.0,0.092725,0.000316332197,2.06849624,0.12637568,1.0,-0.5,1.500,4.4,4.4,-0.0,1,,0,3,3,0,0,m1,1ETD6u7wdHS6P9D1mxb1Qx3Aapa2DwAyyZutL2,008db4485bb2d1a88bea0354655c5540588bff41da63e355d414ba8828be4615,946685544,946685540,3,1,0,0,39.684,220,
run4-tbt-3s,1,nazionale,3,none,true,12,225,19,1,m1,1ETD6u7wdHS6P9D1mxb1Qx3Aapa2DwAyyZutL2,45901,18,222,1.0,45901.0,70520.0,0.650893,2.4196719e-05,1.1106536,0.32934363,0.81847332,-0.583,1.500,3.839,3.8388,-0.0002,1,,1,1,1,1,1,m1,1ETD6u7wdHS6P9D1mxb1Qx3Aapa2DwAyyZutL2,0064c5bc22e80febc81dd65645832a5d82252f22f0c74e2fb061adf8a1b2d80b,946685549,946685544,3,1,0,0,7.1263,220,5
run4-tbt-3s,1,nazionale,3,none,true,12,225,19,1,m2,1WKxQntNgmP3dtjbv3UL3DHV2JEciQTnQ4K3sr,18080,17,210,1.0,18080.0,70520.0,0.256381,9.48767695e-05,1.71537199,0.17989679,0.9987576,-0.583,1.500,4.38,4.3797,-0.0003,1,,0,3,3,0,0,m1,1ETD6u7wdHS6P9D1mxb1Qx3Aapa2DwAyyZutL2,0064c5bc22e80febc81dd65645832a5d82252f22f0c74e2fb061adf8a1b2d80b,946685549,946685544,3,1,0,0,49.4881,220,
run4-tbt-3s,1,nazionale,3,none,true,12,225,19,1,m3,1LtuCHDRfFnaxMXGm2gmsN7NoezE7zExV3Cet8,6539,18,222,1.0,6539.0,70520.0,0.092725,8.21388765e-05,0.53710611,0.5844371,0.99694945,-0.583,1.500,4.374,4.3742,0.0002,1,,0,2,2,0,0,m1,1ETD6u7wdHS6P9D1mxb1Qx3Aapa2DwAyyZutL2,0064c5bc22e80febc81dd65645832a5d82252f22f0c74e2fb061adf8a1b2d80b,946685549,946685544,3,1,0,0,39.684,220,
run4-tbt-3s,1,nazionale,3,none,true,12,226,19,1,m1,1ETD6u7wdHS6P9D1mxb1Qx3Aapa2DwAyyZutL2,45901,18,222,1.0,45901.0,70520.0,0.650893,3.81124696e-05,1.74940047,0.17387816,0.93196217,-0.667,1.500,4.163,4.1625,-0.0005,1,,1,1,1,1,1,m1,1ETD6u7wdHS6P9D1mxb1Qx3Aapa2DwAyyZutL2,00d52d8d38edcad333a3151975b5e05143b0c813c02b47bdd08f92a2b1bb073c,946685553,946685549,4,1,0,0,7.1263,220,6
run4-tbt-3s,1,nazionale,3,none,true,12,226,19,1,m2,1WKxQntNgmP3dtjbv3UL3DHV2JEciQTnQ4K3sr,18080,17,210,1.0,18080.0,70520.0,0.256381,5.74213745e-05,1.03817845,0.3540991,0.98256639,-0.667,1.500,4.314,4.3143,0.0003,1,,0,3,3,0,0,m1,1ETD6u7wdHS6P9D1mxb1Qx3Aapa2DwAyyZutL2,00d52d8d38edcad333a3151975b5e05143b0c813c02b47bdd08f92a2b1bb073c,946685553,946685549,4,1,0,0,49.4881,220,
run4-tbt-3s,1,nazionale,3,none,true,12,226,19,1,m3,1LtuCHDRfFnaxMXGm2gmsN7NoezE7zExV3Cet8,6539,18,222,1.0,6539.0,70520.0,0.092725,3.85974566e-05,0.25238877,0.77694263,0.9342498,-0.667,1.500,4.169,4.1693,0.0003,1,,0,2,2,0,0,m1,1ETD6u7wdHS6P9D1mxb1Qx3Aapa2DwAyyZutL2,00d52d8d38edcad333a3151975b5e05143b0c813c02b47bdd08f92a2b1bb073c,946685553,946685549,4,1,0,0,39.684,220,
run4-tbt-3s,1,nazionale,3,none,true,12,227,19,1,m1,1ETD6u7wdHS6P9D1mxb1Qx3Aapa2DwAyyZutL2,45901,18,222,1.0,45901.0,70520.0,0.650893,3.09445541e-05,1.42038598,0.24162074,0.88720801,-0.833,1.500,3.995,3.995,0.0,1,,1,1,1,1,1,m1,1ETD6u7wdHS6P9D1mxb1Qx3Aapa2DwAyyZutL2,0082e96227893ce21473276154b8bad61cc9669906e7a1e6b796ed7b5836e86a,946685557,946685553,3,1,0,0,7.1263,220,7
run4-tbt-3s,1,nazionale,3,none,true,12,227,19,1,m2,1WKxQntNgmP3dtjbv3UL3DHV2JEciQTnQ4K3sr,18080,17,210,1.0,18080.0,70520.0,0.256381,8.28065511e-05,1.49714244,0.22376868,0.99708975,-0.833,1.500,4.325,4.3247,-0.0003,1,,0,3,3,0,0,m1,1ETD6u7wdHS6P9D1mxb1Qx3Aapa2DwAyyZutL2,0082e96227893ce21473276154b8bad61cc9669906e7a1e6b796ed7b5836e86a,946685557,946685553,3,1,0,0,49.4881,220,
run4-tbt-3s,1,nazionale,3,none,true,12,227,19,1,m3,1LtuCHDRfFnaxMXGm2gmsN7NoezE7zExV3Cet8,6539,18,222,1.0,6539.0,70520.0,0.092725,7.25113208e-05,0.47415153,0.62241293,0.993985,-0.833,1.500,4.315,4.3154,0.0004,1,,0,2,2,0,0,m1,1ETD6u7wdHS6P9D1mxb1Qx3Aapa2DwAyyZutL2,0082e96227893ce21473276154b8bad61cc9669906e7a1e6b796ed7b5836e86a,946685557,946685553,3,1,0,0,39.684,220,
run4-tbt-3s,1,nazionale,3,none,true,12,228,20,1,m1,1ETD6u7wdHS6P9D1mxb1Qx3Aapa2DwAyyZutL2,45901,18,222,1.0,45901.0,70520.0,0.650893,4.97158919e-06,0.22820092,0.79596432,0.29573211,-1.0,1.500,2.187,2.1872,0.0002,1,,1,1,1,1,1,m1,1ETD6u7wdHS6P9D1mxb1Qx3Aapa2DwAyyZutL2,00f0f3b7229639832399b0144e8a088dcae23bc639fe2058888c135499be6c84,946685560,946685557,2,1,0,0,107.8365,228,8
run4-tbt-3s,1,nazionale,3,none,true,12,228,20,1,m2,1WKxQntNgmP3dtjbv3UL3DHV2JEciQTnQ4K3sr,18080,17,210,1.0,18080.0,70520.0,0.256381,6.53059184e-06,0.1180731,0.88863109,0.36905548,-1.0,1.500,2.407,2.4072,0.0002,1,,0,2,2,0,0,m1,1ETD6u7wdHS6P9D1mxb1Qx3Aapa2DwAyyZutL2,00f0f3b7229639832399b0144e8a088dcae23bc639fe2058888c135499be6c84,946685560,946685557,2,1,0,0,49.4881,228,
run4-tbt-3s,1,nazionale,3,none,true,12,228,20,1,m3,1LtuCHDRfFnaxMXGm2gmsN7NoezE7zExV3Cet8,6539,18,222,1.0,6539.0,70520.0,0.092725,6.49301777e-05,0.42457843,0.65404545,0.98973357,-1.0,1.500,4.269,4.2692,0.0002,1,,0,3,3,0,0,m1,1ETD6u7wdHS6P9D1mxb1Qx3Aapa2DwAyyZutL2,00f0f3b7229639832399b0144e8a088dcae23bc639fe2058888c135499be6c84,946685560,946685557,2,1,0,0,39.5784,228,
run4-tbt-3s,1,nazionale,3,none,true,12,229,20,1,m1,1ETD6u7wdHS6P9D1mxb1Qx3Aapa2DwAyyZutL2,45901,18,222,1.0,45901.0,70520.0,0.650893,1.69132169e-05,0.77633357,0.46008981,0.69660511,-1.0,1.500,3.39,3.3898,-0.0002,1,,1,1,1,1,1,m1,1ETD6u7wdHS6P9D1mxb1Qx3Aapa2DwAyyZutL2,00db077fee50d5b108febf052291a15d4102b5e9a46f479dcb40c76f2291bb15,946685564,946685560,3,1,0,0,107.8365,228,9
run4-tbt-3s,1,nazionale,3,none,true,12,229,20,1,m2,1WKxQntNgmP3dtjbv3UL3DHV2JEciQTnQ4K3sr,18080,17,210,1.0,18080.0,70520.0,0.256381,6.18162083e-05,1.11763705,0.32705169,0.9872124,-1.0,1.500,4.262,4.2616,-0.0004,1,,0,2,2,0,0,m1,1ETD6u7wdHS6P9D1mxb1Qx3Aapa2DwAyyZutL2,00db077fee50d5b108febf052291a15d4102b5e9a46f479dcb40c76f2291bb15,946685564,946685560,3,1,0,0,49.4881,228,
run4-tbt-3s,1,nazionale,3,none,true,12,229,20,1,m3,1LtuCHDRfFnaxMXGm2gmsN7NoezE7zExV3Cet8,6539,18,222,1.0,6539.0,70520.0,0.092725,0.000226668463,1.48218508,0.22714082,0.99999989,-1.0,1.500,4.3,4.3,-0.0,1,,0,3,3,0,0,m1,1ETD6u7wdHS6P9D1mxb1Qx3Aapa2DwAyyZutL2,00db077fee50d5b108febf052291a15d4102b5e9a46f479dcb40c76f2291bb15,946685564,946685560,3,1,0,0,39.5784,228,
run4-tbt-3s,1,nazionale,3,none,true,12,230,20,1,m1,1ETD6u7wdHS6P9D1mxb1Qx3Aapa2DwAyyZutL2,45901,18,222,1.0,45901.0,70520.0,0.650893,1.05975892e-05,0.48643994,0.61481127,0.52637622,-0.917,1.500,2.896,2.8957,-0.0003,1,,1,1,1,1,1,m1,1ETD6u7wdHS6P9D1mxb1Qx3Aapa2DwAyyZutL2,0097ce8a94be111ce122fa775d861a89843fe9760f93cdc07bf6248a45b00810,946685567,946685564,2,1,0,0,107.8365,228,10
run4-tbt-3s,1,nazionale,3,none,true,12,230,20,1,m2,1WKxQntNgmP3dtjbv3UL3DHV2JEciQTnQ4K3sr,18080,17,210,1.0,18080.0,70520.0,0.256381,7.75357785e-05,1.40184688,0.24614195,0.99577959,-0.917,1.500,4.304,4.3039,-0.0001,1,,0,2,2,0,0,m1,1ETD6u7wdHS6P9D1mxb1Qx3Aapa2DwAyyZutL2,0097ce8a94be111ce122fa775d861a89843fe9760f93cdc07bf6248a45b00810,946685567,946685564,2,1,0,0,49.4881,228,
run4-tbt-3s,1,nazionale,3,none,true,12,230,20,1,m3,1LtuCHDRfFnaxMXGm2gmsN7NoezE7zExV3Cet8,6539,18,222,1.0,6539.0,70520.0,0.092725,0.000589886975,3.85727093,0.02112557,1.0,-0.917,1.500,4.317,4.3166,-0.0004,1,,0,3,3,0,0,m1,1ETD6u7wdHS6P9D1mxb1Qx3Aapa2DwAyyZutL2,0097ce8a94be111ce122fa775d861a89843fe9760f93cdc07bf6248a45b00810,946685567,946685564,2,1,0,0,39.5784,228,
run4-tbt-3s,1,nazionale,3,none,true,12,231,20,1,m1,1ETD6u7wdHS6P9D1mxb1Qx3Aapa2DwAyyZutL2,45901,18,222,1.0,45901.0,70520.0,0.650893,7.11168061e-06,0.32643325,0.72149253,0.39438797,-0.917,1.500,2.5,2.4998,-0.0002,1,,1,1,1,1,1,m1,1ETD6u7wdHS6P9D1mxb1Qx3Aapa2DwAyyZutL2,006654588e5f64498a5ebf1fafcd7357b7b4d80ed6323b28e836c1a7aea3302f,946685571,946685567,2,1,0,0,107.8365,228,11
run4-tbt-3s,1,nazionale,3,none,true,12,231,20,1,m2,1WKxQntNgmP3dtjbv3UL3DHV2JEciQTnQ4K3sr,18080,17,210,1.0,18080.0,70520.0,0.256381,0.000218734934,3.95472761,0.01916389,0.9999998,-0.917,1.500,4.317,4.3166,-0.0004,1,,0,3,3,0,0,m1,1ETD6u7wdHS6P9D1mxb1Qx3Aapa2DwAyyZutL2,006654588e5f64498a5ebf1fafcd7357b7b4d80ed6323b28e836c1a7aea3302f,946685571,946685567,2,1,0,0,49.4881,228,
run4-tbt-3s,1,nazionale,3,none,true,12,231,20,1,m3,1LtuCHDRfFnaxMXGm2gmsN7NoezE7zExV3Cet8,6539,18,222,1.0,6539.0,70520.0,0.092725,3.67651775e-05,0.2404075,0.78630738,0.92518077,-0.917,1.500,4.092,4.0921,0.0001,1,,0,2,2,0,0,m1,1ETD6u7wdHS6P9D1mxb1Qx3Aapa2DwAyyZutL2,006654588e5f64498a5ebf1fafcd7357b7b4d80ed6323b28e836c1a7aea3302f,946685571,946685567,2,1,0,0,39.5784,228,
run4-tbt-3s,1,nazionale,3,none,true,12,232,20,1,m1,1ETD6u7wdHS6P9D1mxb1Qx3Aapa2DwAyyZutL2,45901,18,222,1.0,45901.0,70520.0,0.650893,1.36585238e-05,0.6269399,0.53422408,0.61833007,-0.917,1.500,3.172,3.1716,-0.0004,1,,1,2,2,0,0,m1,1ETD6u7wdHS6P9D1mxb1Qx3Aapa2DwAyyZutL2,00653eaaed90f7abd62725a9cb125fa1c5de4236ad25b5db324ed79ecca8dc58,946685574,946685571,3,1,0,0,107.8365,228,12
run4-tbt-3s,1,nazionale,3,none,true,12,232,20,1,m2,1WKxQntNgmP3dtjbv3UL3DHV2JEciQTnQ4K3sr,18080,17,210,1.0,18080.0,70520.0,0.256381,8.04923643e-06,0.14553019,0.86456378,0.4331339,-0.917,1.500,2.616,2.616,0.0,1,,0,1,1,1,1,m1,1ETD6u7wdHS6P9D1mxb1Qx3Aapa2DwAyyZutL2,00653eaaed90f7abd62725a9cb125fa1c5de4236ad25b5db324ed79ecca8dc58,946685574,946685571,3,1,0,0,49.4881,228,
run4-tbt-3s,1,nazionale,3,none,true,12,232,20,1,m3,1LtuCHDRfFnaxMXGm2gmsN7NoezE7zExV3Cet8,6539,18,222,1.0,6539.0,70520.0,0.092725,9.79089141e-05,0.64022639,0.52717306,0.99899678,-0.917,1.500,4.314,4.3136,-0.0004,1,,0,3,3,0,0,m1,1ETD6u7wdHS6P9D1mxb1Qx3Aapa2DwAyyZutL2,00653eaaed90f7abd62725a9cb125fa1c5de4236ad25b5db324ed79ecca8dc58,946685574,946685571,3,1,0,0,39.5784,228,
run4-tbt-3s,1,nazionale,3,none,true,12,233,20,1,m1,1ETD6u7wdHS6P9D1mxb1Qx3Aapa2DwAyyZutL2,45901,18,222,1.0,45901.0,70520.0,0.650893,2.02059894e-05,0.92747512,0.39555117,0.75947383,-0.75,1.500,3.628,3.6284,0.0004,1,,1,1,1,1,1,m1,1ETD6u7wdHS6P9D1mxb1Qx3Aapa2DwAyyZutL2,0003bd073d736b74d2e1757d1d63d8732cc98ccd33cbde887c2e315980f74a8c,946685578,946685574,3,1,0,0,107.8365,228,13
run4-tbt-3s,1,nazionale,3,none,true,12,233,20,1,m2,1WKxQntNgmP3dtjbv3UL3DHV2JEciQTnQ4K3sr,18080,17,210,1.0,18080.0,70520.0,0.256381,5.89663475e-05,1.06611156,0.34434488,0.98436599,-0.75,1.500,4.303,4.3031,0.0001,1,,0,2,2,0,0,m1,1ETD6u7wdHS6P9D1mxb1Qx3Aapa2DwAyyZutL2,0003bd073d736b74d2e1757d1d63d8732cc98ccd33cbde887c2e315980f74a8c,946685578,946685574,3,1,0,0,49.4881,228,
run4-tbt-3s,1,nazionale,3,none,true,12,233,20,1,m3,1LtuCHDRfFnaxMXGm2gmsN7NoezE7zExV3Cet8,6539,18,222,1.0,6539.0,70520.0,0.092725,0.000199940309,1.30740968,0.27051988,0.99999925,-0.75,1.500,4.35,4.35,-0.0,1,,0,3,3,0,0,m1,1ETD6u7wdHS6P9D1mxb1Qx3Aapa2DwAyyZutL2,0003bd073d736b74d2e1757d1d63d8732cc98ccd33cbde887c2e315980f74a8c,946685578,946685574,3,1,0,0,39.5784,228,
run4-tbt-3s,1,nazionale,3,none,true,12,234,20,1,m1,1ETD6u7wdHS6P9D1mxb1Qx3Aapa2DwAyyZutL2,45901,18,222,1.0,45901.0,70520.0,0.650893,1.02547996e-05,0.47070556,0.62456145,0.51478756,-0.75,1.500,2.894,2.8944,0.0004,1,,1,2,2,0,0,m1,1ETD6u7wdHS6P9D1mxb1Qx3Aapa2DwAyyZutL2,00c2083024525a74c4531d77fc8e1651572ccbe3c6e21d0a6298415251c3111b,946685582,946685578,2,1,1,1,107.8365,228,14
run4-tbt-3s,1,nazionale,3,none,true,12,234,20,1,m2,1WKxQntNgmP3dtjbv3UL3DHV2JEciQTnQ4K3sr,18080,17,210,1.0,18080.0,70520.0,0.256381,3.40569963e-05,0.61575049,0.5402353,0.90943608,-0.75,1.500,4.078,4.0783,0.0003,1,,0,3,3,0,0,m1,1ETD6u7wdHS6P9D1mxb1Qx3Aapa2DwAyyZutL2,00c2083024525a74c4531d77fc8e1651572ccbe3c6e21d0a6298415251c3111b,946685582,946685578,2,1,1,1,49.4881,228,
run4-tbt-3s,1,nazionale,3,none,true,12,234,20,1,m3,1LtuCHDRfFnaxMXGm2gmsN7NoezE7zExV3Cet8,6539,18,222,1.0,6539.0,70520.0,0.092725,2.51963506e-06,0.01647589,0.98365909,0.16279362,-0.75,1.500,1.838,1.8384,0.0004,1,,0,1,1,1,1,m1,1ETD6u7wdHS6P9D1mxb1Qx3Aapa2DwAyyZutL2,00c2083024525a74c4531d77fc8e1651572ccbe3c6e21d0a6298415251c3111b,946685582,946685578,2,1,1,1,39.5784,228,
run4-tbt-3s,1,nazionale,3,none,true,12,235,20,1,m1,1ETD6u7wdHS6P9D1mxb1Qx3Aapa2DwAyyZutL2,52503,19,234,1.0,52503.0,76180.0,0.689197,2.97498636e-05,1.56195709,0.20972522,0.89630948,-0.75,1.500,4.039,4.0389,-0.0001,1,,1,2,2,0,0,m1,1ETD6u7wdHS6P9D1mxb1Qx3Aapa2DwAyyZutL2,002fcbe9bbfbed96875aba1c6d91b3a046caa594074bd1aff901db5a1ba4a66b,946685586,946685582,4,1,1,2,107.8365,228,15
run4-tbt-3s,1,nazionale,3,none,true,12,235,20,1,m2,1WKxQntNgmP3dtjbv3UL3DHV2JEciQTnQ4K3sr,15434,19,234,1.0,15434.0,76180.0,0.202599,1.08460952e-05,0.16739863,0.84586236,0.56231488,-0.667,1.500,3.054,3.0535,-0.0005,1,,0,1,1,1,1,m1,1ETD6u7wdHS6P9D1mxb1Qx3Aapa2DwAyyZutL2,002fcbe9bbfbed96875aba1c6d91b3a046caa594074bd1aff901db5a1ba4a66b,946685586,946685582,4,1,1,2,49.4881,228,
run4-tbt-3s,1,nazionale,3,none,true,12,235,20,1,m3,1LtuCHDRfFnaxMXGm2gmsN7NoezE7zExV3Cet8,8243,19,234,1.0,8243.0,76180.0,0.108204,8.28389534e-05,0.68284149,0.50517949,0.99818319,-0.667,1.500,4.361,4.3611,0.0001,1,,0,3,3,0,0,m1,1ETD6u7wdHS6P9D1mxb1Qx3Aapa2DwAyyZutL2,002fcbe9bbfbed96875aba1c6d91b3a046caa594074bd1aff901db5a1ba4a66b,946685586,946685582,4,1,1,2,39.5784,228,
run4-tbt-3s,1,nazionale,3,none,true,12,236,20,1,m1,1ETD6u7wdHS6P9D1mxb1Qx3Aapa2DwAyyZutL2,52503,19,234,1.0,52503.0,76180.0,0.689197,2.92662045e-05,1.53656353,0.21511908,0.89241773,-0.833,1.500,4.011,4.0107,-0.0003,1,,1,1,1,1,1,m1,1ETD6u7wdHS6P9D1mxb1Qx3Aapa2DwAyyZutL2,00d3d54aeb3a8bf3c9bf3519a53a416ec22f7d511ab962f439229fd37cebc970,946685591,946685586,4,1,1,2,8.0518,236,16
run4-tbt-3s,1,nazionale,3,none,true,12,236,20,1,m2,1WKxQntNgmP3dtjbv3UL3DHV2JEciQTnQ4K3sr,15434,19,234,1.0,15434.0,76180.0,0.202599,6.41126598e-05,0.98951479,0.37175703,0.99243409,-0.833,1.500,4.311,4.3107,-0.0003,1,,0,3,3,0,0,m1,1ETD6u7wdHS6P9D1mxb1Qx3Aapa2DwAyyZutL2,00d3d54aeb3a8bf3c9bf3519a53a416ec22f7d511ab962f439229fd37cebc970,946685591,946685586,4,1,1,2,20.8414,236,
run4-tbt-3s,1,nazionale,3,none,true,12,236,20,1,m3,1LtuCHDRfFnaxMXGm2gmsN7NoezE7zExV3Cet8,8243,19,234,1.0,8243.0,76180.0,0.108204,5.71406069e-05,0.47101002,0.62437132,0.98713148,-0.833,1.500,4.295,4.2948,-0.0002,1,,0,2,2,0,0,m1,1ETD6u7wdHS6P9D1mxb1Qx3Aapa2DwAyyZutL2,00d3d54aeb3a8bf3c9bf3519a53a416ec22f7d511ab962f439229fd37cebc970,946685591,946685586,4,1,1,2,32.5147,236,
run4-tbt-3s,1,nazionale,3,none,true,12,237,20,1,m1,1ETD6u7wdHS6P9D1mxb1Qx3Aapa2DwAyyZutL2,52503,19,234,1.0,52503.0,76180.0,0.689197,7.48170803e-06,0.39281212,0.67515559,0.43444997,-0.917,1.500,2.62,2.6199,-0.0001,1,,1,1,1,1,1,m1,1ETD6u7wdHS6P9D1mxb1Qx3Aapa2DwAyyZutL2,00fdd50a3437016378aab982727fe5d46ccb168e809e3598218f5afb2bef69ff,946685594,946685591,2,1,0,0,8.0518,236,17
run4-tbt-3s,1,nazionale,3,none,true,12,237,20,1,m2,1WKxQntNgmP3dtjbv3UL3DHV2JEciQTnQ4K3sr,15434,19,234,1.0,15434.0,76180.0,0.202599,2.96797591e-05,0.4580774,0.63249852,0.89575424,-0.833,1.500,4.021,4.0207,-0.0003,1,,0,2,2,0,0,m1,1ETD6u7wdHS6P9D1mxb1Qx3Aapa2DwAyyZutL2,00fdd50a3437016378aab982727fe5d46ccb168e809e3598218f5afb2bef69ff,946685594,946685591,2,1,0,0,20.8414,236,
run4-tbt-3s,1,nazionale,3,none,true,12,237,20,1,m3,1LtuCHDRfFnaxMXGm2gmsN7NoezE7zExV3Cet8,8243,19,234,1.0,8243.0,76180.0,0.108204,0.000153177356,1.26264095,0.2829059,0.99999145,-0.833,1.500,4.333,4.3334,0.0004,1,,0,3,3,0,0,m1,1ETD6u7wdHS6P9D1mxb1Qx3Aapa2DwAyyZutL2,00fdd50a3437016378aab982727fe5d46ccb168e809e3598218f5afb2bef69ff,946685594,946685591,2,1,0,0,32.5147,236,
run4-tbt-3s,1,nazionale,3,none,true,12,238,20,1,m1,1ETD6u7wdHS6P9D1mxb1Qx3Aapa2DwAyyZutL2,52503,19,234,1.0,52503.0,76180.0,0.689197,8.25069073e-06,0.43318602,0.64843986,0.46662878,-0.75,1.500,2.75,2.7499,-0.0001,1,,1,1,1,1,1,m1,1ETD6u7wdHS6P9D1mxb1Qx3Aapa2DwAyyZutL2,00a7abc0bfc40571e17e0a23f45383a97c58f968c46d317d078ed0e1362f2804,946685597,946685594,2,1,0,0,8.0518,236,18
run4-tbt-3s,1,nazionale,3,none,true,12,238,20,1,m2,1WKxQntNgmP3dtjbv3UL3DHV2JEciQTnQ4K3sr,15434,19,234,1.0,15434.0,76180.0,0.202599,1.55822765e-05,0.24049686,0.78623712,0.69488235,-0.75,1.500,3.435,3.4346,-0.0004,1,,0,2,2,0,0,m1,1ETD6u7wdHS6P9D1mxb1Qx3Aapa2DwAyyZutL2,00a7abc0bfc40571e17e0a23f45383a97c58f968c46d317d078ed0e1362f2804,946685597,946685594,2,1,0,0,20.8414,236,
run4-tbt-3s,1,nazionale,3,none,true,12,238,20,1,m3,1LtuCHDRfFnaxMXGm2gmsN7NoezE7zExV3Cet8,8243,19,234,1.0,8243.0,76180.0,0.108204,0.000108568768,0.89493235,0.40863524,0.99974411,-0.75,1.500,4.349,4.3492,0.0002,1,,0,3,3,0,0,m1,1ETD6u7wdHS6P9D1mxb1Qx3Aapa2DwAyyZutL2,00a7abc0bfc40571e17e0a23f45383a97c58f968c46d317d078ed0e1362f2804,946685597,946685594,2,1,0,0,32.5147,236,
run4-tbt-3s,1,nazionale,3,none,true,12,239,20,1,m1,1ETD6u7wdHS6P9D1mxb1Qx3Aapa2DwAyyZutL2,52503,19,234,1.0,52503.0,76180.0,0.689197,4.41906015e-06,0.23201392,0.79293509,0.28583696,-0.667,1.500,2.224,2.2241,0.0001,1,,0,2,2,0,0,m2,1WKxQntNgmP3dtjbv3UL3DHV2JEciQTnQ4K3sr,00015b007a92cf8fda0450f2cf1614bda836c2adbae67dcd45dea3694fe62823,946685600,946685597,1,1,1,1,8.0518,236,
run4-tbt-3s,1,nazionale,3,none,true,12,239,20,1,m2,1WKxQntNgmP3dtjbv3UL3DHV2JEciQTnQ4K3sr,15434,19,234,1.0,15434.0,76180.0,0.202599,3.02443158e-06,0.04667908,0.95439364,0.2057851,-0.667,1.500,1.984,1.984,-0.0,1,,1,1,1,1,1,m2,1WKxQntNgmP3dtjbv3UL3DHV2JEciQTnQ4K3sr,00015b007a92cf8fda0450f2cf1614bda836c2adbae67dcd45dea3694fe62823,946685600,946685597,1,1,1,1,20.8414,236,1
run4-tbt-3s,1,nazionale,3,none,true,12,239,20,1,m3,1LtuCHDRfFnaxMXGm2gmsN7NoezE7zExV3Cet8,8243,19,234,1.0,8243.0,76180.0,0.108204,0.000178712838,1.47312992,0.22920696,0.99999878,-0.667,1.500,4.367,4.3666,-0.0004,1,,0,3,3,0,0,m2,1WKxQntNgmP3dtjbv3UL3DHV2JEciQTnQ4K3sr,00015b007a92cf8fda0450f2cf1614bda836c2adbae67dcd45dea3694fe62823,946685600,946685597,1,1,1,1,32.5147,236,
run4-tbt-3s,1,nazionale,3,none,true,12,240,21,1,m1,1ETD6u7wdHS6P9D1mxb1Qx3Aapa2DwAyyZutL2,52503,19,234,1.0,52503.0,76180.0,0.689197,5.19413399e-05,2.72707617,0.06541026,0.98087753,-0.583,1.500,4.326,4.326,0.0,1,,0,3,3,0,0,m2,1WKxQntNgmP3dtjbv3UL3DHV2JEciQTnQ4K3sr,0096763d50feb73eccaff19e760b87daaa9ea791a2b8708378197d1b62ababf0,946685604,946685600,3,1,0,0,8.0518,236,
run4-tbt-3s,1,nazionale,3,none,true,12,240,21,1,m2,1WKxQntNgmP3dtjbv3UL3DHV2JEciQTnQ4K3sr,15434,19,234,1.0,15434.0,76180.0,0.202599,1.17927014e-05,0.18200855,0.83359421,0.59276627,-0.583,1.500,3.162,3.1617,-0.0003,1,,1,1,1,1,1,m2,1WKxQntNgmP3dtjbv3UL3DHV2JEciQTnQ4K3sr,0096763d50feb73eccaff19e760b87daaa9ea791a2b8708378197d1b62ababf0,946685604,946685600,3,1,0,0,20.8414,236,2
run4-tbt-3s,1,nazionale,3,none,true,12,240,21,1,m3,1LtuCHDRfFnaxMXGm2gmsN7NoezE7zExV3Cet8,8243,19,234,1.0,8243.0,76180.0,0.108204,4.44812143e-05,0.36665865,0.69304618,0.96624339,-0.583,1.500,4.282,4.2821,0.0001,1,,0,2,2,0,0,m2,1WKxQntNgmP3dtjbv3UL3DHV2JEciQTnQ4K3sr,0096763d50feb73eccaff19e760b87daaa9ea791a2b8708378197d1b62ababf0,946685604,946685600,3,1,0,0,32.5147,236,
run4-tbt-3s,1,nazionale,3,none,true,12,241,21,1,m1,1ETD6u7wdHS6P9D1mxb1Qx3Aapa2DwAyyZutL2,52503,19,234,1.0,52503.0,76180.0,0.689197,2.10344559e-05,1.10437204,0.33141894,0.79858843,-0.667,1.500,3.762,3.7624,0.0004,1,,0,1,1,1,1,m2,1WKxQntNgmP3dtjbv3UL3DHV2JEciQTnQ4K3sr,00d08f238014646f0d41baf295cf9bedd46efdc66482a4c79c320739646855fc,946685608,946685604,4,1,0,0,8.0518,236,
run4-tbt-3s,1,nazionale,3,none,true,12,241,21,1,m2,1WKxQntNgmP3dtjbv3UL3DHV2JEciQTnQ4K3sr,15434,19,234,1.0,15434.0,76180.0,0.202599,7.42340199e-05,1.14572786,0.31799238,0.99650054,-0.667,1.500,4.356,4.3561,0.0001,1,,1,2,2,0,0,m2,1WKxQntNgmP3dtjbv3UL3DHV2JEciQTnQ4K3sr,00d08f238014646f0d41baf295cf9bedd46efdc66482a4c79c320739646855fc,946685608,946685604,4,1,0,0,20.8414,236,3
run4-tbt-3s,1,nazionale,3,none,true,12,241,21,1,m3,1LtuCHDRfFnaxMXGm2gmsN7NoezE7zExV3Cet8,8243,19,234,1.0,8243.0,76180.0,0.108204,8.00328138e-05,0.65971048,0.51700099,0.99775017,-0.667,1.500,4.36,4.3599,-0.0001,1,,0,3,3,0,0,m2,1WKxQntNgmP3dtjbv3UL3DHV2JEciQTnQ4K3sr,00d08f238014646f0d41baf295cf9bedd46efdc66482a4c79c320739646855fc,946685608,946685604,4,1,0,0,32.5147,236,
run4-tbt-3s,1,nazionale,3,none,true,12,242,21,1,m1,1ETD6u7wdHS6P9D1mxb1Qx3Aapa2DwAyyZutL2,52503,19,234,1.0,52503.0,76180.0,0.689197,7.55514583e-06,0.39666782,0.6725574,0.4376051,-0.667,1.500,2.679,2.6794,0.0004,1,,0,2,2,0,0,m2,1WKxQntNgmP3dtjbv3UL3DHV2JEciQTnQ4K3sr,003ad53469fdaabac929628ca6dfc544dc5658d5bd6a6538960f53b2f1a7da0c,946685611,946685608,2,1,0,0,8.0518,236,
run4-tbt-3s,1,nazionale,3,none,true,12,242,21,1,m2,1WKxQntNgmP3dtjbv3UL3DHV2JEciQTnQ4K3sr,15434,19,234,1.0,15434.0,76180.0,0.202599,4.50617328e-06,0.06954828,0.9328151,0.29056066,-0.667,1.500,2.238,2.2383,0.0003,1,,1,1,1,1,1,m2,1WKxQntNgmP3dtjbv3UL3DHV2JEciQTnQ4K3sr,003ad53469fdaabac929628ca6dfc544dc5658d5bd6a6538960f53b2f1a7da0c,946685611,946685608,2,1,0,0,20.8414,236,4
run4-tbt-3s,1,nazionale,3,none,true,12,242,21,1,m3,1LtuCHDRfFnaxMXGm2gmsN7NoezE7zExV3Cet8,8243,19,234,1.0,8243.0,76180.0,0.108204,2.93114654e-05,0.24161441,0.78535895,0.89278804,-0.667,1.500,4.045,4.045,-0.0,1,,0,3,3,0,0,m2,1WKxQntNgmP3dtjbv3UL3DHV2JEciQTnQ4K3sr,003ad53469fdaabac929628ca6dfc544dc5658d5bd6a6538960f53b2f1a7da0c,946685611,946685608,2,1,0,0,32.5147,236,
run4-tbt-3s,1,nazionale,3,none,true,12,243,21,1,m1,1ETD6u7wdHS6P9D1mxb1Qx3Aapa2DwAyyZutL2,52503,19,234,1.0,52503.0,76180.0,0.689197,2.46171926e-05,1.29247646,0.27458993,0.84669682,-0.667,1.500,3.907,3.9067,-0.0003,1,,0,1,1,1,1,m2,1WKxQntNgmP3dtjbv3UL3DHV2JEciQTnQ4K3sr,0016c213cf51fa7a53ae8db1e09e717e4f9d9a01fabfce9a05c9967bb86b7b8f,946685616,946685611,4,1,0,0,8.0518,236,
run4-tbt-3s,1,nazionale,3,none,true,12,243,21,1,m2,1WKxQntNgmP3dtjbv3UL3DHV2JEciQTnQ4K3sr,15434,19,234,1.0,15434.0,76180.0,0.202599,0.000220925673,3.40976684,0.03304891,0.99999995,-0.667,1.500,4.367,4.3666,-0.0004,1,,1,3,2,0,0,m2,1WKxQntNgmP3dtjbv3UL3DHV2JEciQTnQ4K3sr,0016c213cf51fa7a53ae8db1e09e717e4f9d9a01fabfce9a05c9967bb86b7b8f,946685616,946685611,4,1,0,0,20.8414,236,5
run4-tbt-3s,1,nazionale,3,none,true,12,243,21,1,m3,1LtuCHDRfFnaxMXGm2gmsN7NoezE7zExV3Cet8,8243,19,234,1.0,8243.0,76180.0,0.108204,0.000267347119,2.2037423,0.11038927,1.0,-0.667,1.500,4.367,4.3666,-0.0004,1,,0,2,3,0,0,m2,1WKxQntNgmP3dtjbv3UL3DHV2JEciQTnQ4K3sr,0016c213cf51fa7a53ae8db1e09e717e4f9d9a01fabfce9a05c9967bb86b7b8f,946685616,946685611,4,1,0,0,32.5147,236,
run4-tbt-3s,1,nazionale,3,none,true,12,244,21,1,m1,1ETD6u7wdHS6P9D1mxb1Qx3Aapa2DwAyyZutL2,52503,19,234,1.0,52503.0,76180.0,0.689197,1.43877168e-07,0.00755398,0.99247448,0.01090071,-0.75,1.500,1.383,1.3827,-0.0003,1,,1,1,1,1,1,m1,1ETD6u7wdHS6P9D1mxb1Qx3Aapa2DwAyyZutL2,00b7d5edc1df253f199c49838966b86c7e902d7a261fb1b85ab848f34ce55a82,946685619,946685616,1,1,0,0,8.0518,236,1
run4-tbt-3s,1,nazionale,3,none,true,12,244,21,1,m2,1WKxQntNgmP3dtjbv3UL3DHV2JEciQTnQ4K3sr,15434,19,234,1.0,15434.0,76180.0,0.202599,6.26385336e-05,0.96676313,0.38031207,0.9915349,-0.75,1.500,4.325,4.3246,-0.0004,1,,0,2,2,0,0,m1,1ETD6u7wdHS6P9D1mxb1Qx3Aapa2DwAyyZutL2,00b7d5edc1df253f199c49838966b86c7e902d7a261fb1b85ab848f34ce55a82,946685619,946685616,1,1,0,0,20.8414,236,
run4-tbt-3s,1,nazionale,3,none,true,12,244,21,1,m3,1LtuCHDRfFnaxMXGm2gmsN7NoezE7zExV3Cet8,8243,19,234,1.0,8243.0,76180.0,0.108204,0.000184333558,1.51946152,0.21882969,0.9999992,-0.75,1.500,4.35,4.35,-0.0,1,,0,3,3,0,0,m1,1ETD6u7wdHS6P9D1mxb1Qx3Aapa2DwAyyZutL2,00b7d5edc1df253f199c49838966b86c7e902d7a261fb1b85ab848f34ce55a82,946685619,946685616,1,1,0,0,32.5147,236,
run4-tbt-3s,1,nazionale,3,none,true,12,245,21,1,m1,1ETD6u7wdHS6P9D1mxb1Qx3Aapa2DwAyyZutL2,52503,19,234,1.0,52503.0,76180.0,0.689197,3.39146411e-05,1.7806204,0.16853356,0.9244996,-0.75,1.500,4.123,4.1235,0.0005,1,,0,2,2,0,0,m2,1WKxQntNgmP3dtjbv3UL3DHV2JEciQTnQ4K3sr,0012c1f93770b554a07fe2399572e27acf9d272ccdf1cae89d40ab8ff5404518,946685622,946685619,1,1,0,0,7.067,245,
run4-tbt-3s,1,nazionale,3,none,true,12,245,21,1,m2,1WKxQntNgmP3dtjbv3UL3DHV2JEciQTnQ4K3sr,15434,19,234,1.0,15434.0,76180.0,0.202599,1.3039022e-06,0.02012443,0.98007672,0.09455729,-0.75,1.500,1.634,1.6337,-0.0003,1,,1,1,1,1,1,m2,1WKxQntNgmP3dtjbv3UL3DHV2JEciQTnQ4K3sr,0012c1f93770b554a07fe2399572e27acf9d272ccdf1cae89d40ab8ff5404518,946685622,946685619,1,1,0,0,10.1134,245,1
run4-tbt-3s,1,nazionale,3,none,true,12,245,21,1,m3,1LtuCHDRfFnaxMXGm2gmsN7NoezE7zExV3Cet8,8243,19,234,1.0,8243.0,76180.0,0.108204,6.07793367e-05,0.50100407,0.60592196,0.9902469,-0.75,1.500,4.321,4.3207,-0.0003,1,,0,3,3,0,0,m2,1WKxQntNgmP3dtjbv3UL3DHV2JEciQTnQ4K3sr,0012c1f93770b554a07fe2399572e27acf9d272ccdf1cae89d40ab8ff5404518,946685622,946685619,1,1,0,0,25.8847,245,
run4-tbt-3s,1,nazionale,3,none,true,12,246,21,1,m1,1ETD6u7wdHS6P9D1mxb1Qx3Aapa2DwAyyZutL2,52503,19,234,1.0,52503.0,76180.0,0.689197,4.93867143e-05,2.59295066,0.07479901,0.97676928,-0.667,1.500,4.297,4.2969,-0.0001,1,,0,3,3,0,0,m2,1WKxQntNgmP3dtjbv3UL3DHV2JEciQTnQ4K3sr,00400e0713c1dcbfcd2a5dc5605490af7a704da50be97e119124351689c16758,946685626,946685622,3,1,0,0,7.067,245,
run4-tbt-3s,1,nazionale,3,none,true,12,246,21,1,m2,1WKxQntNgmP3dtjbv3UL3DHV2JEciQTnQ4K3sr,15434,19,234,1.0,15434.0,76180.0,0.202599,1.10871199e-05,0.17111861,0.84272161,0.570278,-0.667,1.500,3.078,3.0774,-0.0006,1,,1,2,2,0,0,m2,1WKxQntNgmP3dtjbv3UL3DHV2JEciQTnQ4K3sr,00400e0713c1dcbfcd2a5dc5605490af7a704da50be97e119124351689c16758,946685626,946685622,3,1,0,0,10.1134,245,2
run4-tbt-3s,1,nazionale,3,none,true,12,246,21,1,m3,1LtuCHDRfFnaxMXGm2gmsN7NoezE7zExV3Cet8,8243,19,234,1.0,8243.0,76180.0,0.108204,5.28724475e-06,0.04358276,0.95735332,0.3315424,-0.667,1.500,2.361,2.3612,0.0002,1,,0,1,1,1,1,m2,1WKxQntNgmP3dtjbv3UL3DHV2JEciQTnQ4K3sr,00400e0713c1dcbfcd2a5dc5605490af7a704da50be97e119124351689c16758,946685626,946685622,3,1,0,0,25.8847,245,
run4-tbt-3s,1,nazionale,3,none,true,12,247,21,1,m1,1ETD6u7wdHS6P9D1mxb1Qx3Aapa2DwAyyZutL2,51006,20,246,1.0,51006.0,77157.0,0.661068,2.9702218e-05,1.51499133,0.21981009,0.89890899,-0.667,1.500,4.063,4.0633,0.0003,1,,0,2,2,0,0,m2,1WKxQntNgmP3dtjbv3UL3DHV2JEciQTnQ4K3sr,0079d0d140bab033e3389c1ccb2a11d3d82725e4080c351332427216f87da93f,946685629,946685626,2,1,0,0,7.067,245,
run4-tbt-3s,1,nazionale,3,none,true,12,247,21,1,m2,1WKxQntNgmP3dtjbv3UL3DHV2JEciQTnQ4K3sr,17908,20,246,1.0,17908.0,77157.0,0.232098,4.43574538e-06,0.07943533,0.92363775,0.28982851,-0.667,1.500,2.236,2.2361,0.0001,1,,1,1,1,1,1,m2,1WKxQntNgmP3dtjbv3UL3DHV2JEciQTnQ4K3sr,0079d0d140bab033e3389c1ccb2a11d3d82725e4080c351332427216f87da93f,946685629,946685626,2,1,0,0,10.1134,245,3
run4-tbt-3s,1,nazionale,3,none,true,12,247,21,1,m3,1LtuCHDRfFnaxMXGm2gmsN7NoezE7zExV3Cet8,8243,19,234,1.0,8243.0,77157.0,0.106834,0.000351743612,2.89942259,0.055055,1.0,-0.667,1.500,4.367,4.3666,-0.0004,1,,0,3,3,0,0,m2,1WKxQntNgmP3dtjbv3UL3DHV2JEciQTnQ4K3sr,0079d0d140bab033e3389c1ccb2a11d3d82725e4080c351332427216f87da93f,946685629,946685626,2,1,0,0,25.8847,245,
run4-tbt-3s,1,nazionale,3,none,true,12,248,21,1,m1,1ETD6u7wdHS6P9D1mxb1Qx3Aapa2DwAyyZutL2,51006,20,246,1.0,51006.0,77157.0,0.661068,3.07806606e-05,1.56999837,0.20804552,0.90698025,-0.583,1.500,4.104,4.1043,0.0003,1,,0,1,1,1,1,m2,1WKxQntNgmP3dtjbv3UL3DHV2JEciQTnQ4K3sr,008af37ed9f695663050646e4b70bd124a02a7e9e9ea47153b2930643baa64f5,946685633,946685629,4,1,0,0,7.067,245,
run4-tbt-3s,1,nazionale,3,none,true,12,248,21,1,m2,1WKxQntNgmP3dtjbv3UL3DHV2JEciQTnQ4K3sr,17908,20,246,1.0,17908.0,77157.0,0.232098,3.84172662e-05,0.6879764,0.50259208,0.94839625,-0.583,1.500,4.229,4.2286,-0.0004,1,,1,3,3,0,0,m2,1WKxQntNgmP3dtjbv3UL3DHV2JEciQTnQ4K3sr,008af37ed9f695663050646e4b70bd124a02a7e9e9ea47153b2930643baa64f5,946685633,946685629,4,1,0,0,10.1134,245,4
run4-tbt-3s,1,nazionale,3,none,true,12,248,21,1,m3,1LtuCHDRfFnaxMXGm2gmsN7NoezE7zExV3Cet8,8243,19,234,1.0,8243.0,77157.0,0.106834,3.70063835e-05,0.30504362,0.73709122,0.94246153,-0.583,1.500,4.211,4.2108,-0.0002,1,,0,2,2,0,0,m2,1WKxQntNgmP3dtjbv3UL3DHV2JEciQTnQ4K3sr,008af37ed9f695663050646e4b70bd124a02a7e9e9ea47153b2930643baa64f5,946685633,946685629,4,1,0,0,25.8847,245,
run4-tbt-3s,1,nazionale,3,none,true,12,249,21,1,m1,1ETD6u7wdHS6P9D1mxb1Qx3Aapa2DwAyyZutL2,51006,20,246,1.0,51006.0,77157.0,0.661068,9.88622757e-06,0.50425692,0.60395419,0.53363732,-0.5,1.500,3.001,3.0009,-0.0001,1,,0,1,1,1,1,m2,1WKxQntNgmP3dtjbv3UL3DHV2JEciQTnQ4K3sr,00c990f2ff4092f860bcc1b9277ddb34ab8ab40c9f6b843a26b89103491d76cd,946685638,946685633,4,1,1,1,7.067,245,
run4-tbt-3s,1,nazionale,3,none,true,12,249,21,1,m2,1WKxQntNgmP3dtjbv3UL3DHV2JEciQTnQ4K3sr,17908,20,246,1.0,17908.0,77157.0,0.232098,4.95170395e-05,0.88675114,0.41199208,0.97808505,-0.5,1.500,4.334,4.3343,0.0003,1,,1,2,2,0,0,m2,1WKxQntNgmP3dtjbv3UL3DHV2JEciQTnQ4K3sr,00c990f2ff4092f860bcc1b9277ddb34ab8ab40c9f6b843a26b89103491d76cd,946685638,946685633,4,1,1,1,10.1134,245,5
run4-tbt-3s,1,nazionale,3,none,true,12,249,21,1,m3,1LtuCHDRfFnaxMXGm2gmsN7NoezE7zExV3Cet8,8243,19,234,1.0,8243.0,77157.0,0.106834,0.000367775868,3.03157648,0.04823953,1.0,-0.5,1.500,4.4,4.4,-0.0,1,,0,3,3,0,0,m2,1WKxQntNgmP3dtjbv3UL3DHV2JEciQTnQ4K3sr,00c990f2ff4092f860bcc1b9277ddb34ab8ab40c9f6b843a26b89103491d76cd,946685638,946685633,4,1,1,1,25.8847,245,
run4-tbt-3s,1,nazionale,3,none,true,12,250,21,1,m1,1ETD6u7wdHS6P9D1mxb1Qx3Aapa2DwAyyZutL2,51006,20,246,1.0,51006.0,77157.0,0.661068,1.53031603e-05,0.78055299,0.45815259,0.69295039,-0.667,1.500,3.446,3.4455,-0.0005,1,,0,1,1,1,1,m2,1WKxQntNgmP3dtjbv3UL3DHV2JEciQTnQ4K3sr,0069b1221f83006be7224b46bd7031275d319de24ec20373afe3967fb287cede,946685642,946685638,4,1,1,1,7.067,245,
run4-tbt-3s,1,nazionale,3,none,true,12,250,21,1,m2,1WKxQntNgmP3dtjbv3UL3DHV2JEciQTnQ4K3sr,17908,20,246,1.0,17908.0,77157.0,0.232098,0.000111774297,2.00165411,0.13511161,0.99982029,-0.667,1.500,4.366,4.3661,0.0001,1,,1,3,3,0,0,m2,1WKxQntNgmP3dtjbv3UL3DHV2JEciQTnQ4K3sr,0069b1221f83006be7224b46bd7031275d319de24ec20373afe3967fb287cede,946685642,946685638,4,1,1,1,10.1134,245,6
run4-tbt-3s,1,nazionale,3,none,true,12,250,21,1,m3,1LtuCHDRfFnaxMXGm2gmsN7NoezE7zExV3Cet8,8243,19,234,1.0,8243.0,77157.0,0.106834,3.94584941e-05,0.32525637,0.72234215,0.95237984,-0.667,1.500,4.224,4.2237,-0.0003,1,,0,2,2,0,0,m2,1WKxQntNgmP3dtjbv3UL3DHV2JEciQTnQ4K3sr,0069b1221f83006be7224b46bd7031275d319de24ec20373afe3967fb287cede,946685642,946685638,4,1,1,1,25.8847,245,
run4-tbt-3s,1,nazionale,3,none,true,12,251,21,1,m1,1ETD6u7wdHS6P9D1mxb1Qx3Aapa2DwAyyZutL2,51006,20,246,1.0,51006.0,77157.0,0.661068,3.33441207e-05,1.70075022,0.18254652,0.92367329,-0.75,1.500,4.121,4.121,0.0,1,,0,2,2,0,0,m2,1WKxQntNgmP3dtjbv3UL3DHV2JEciQTnQ4K3sr,00e2e0dae21eaefb7772c69d0875d2389dcec74be0cfb99e6b4f8288cd32d11c,946685645,946685642,2,1,0,0,7.067,245,
run4-tbt-3s,1,nazionale,3,none,true,12,251,21,1,m2,1WKxQntNgmP3dtjbv3UL3DHV2JEciQTnQ4K3sr,17908,20,246,1.0,17908.0,77157.0,0.232098,9.45345928e-06,0.16929255,0.84426188,0.51780205,-0.75,1.500,2.903,2.9034,0.0004,1,,1,1,1,1,1,m2,1WKxQntNgmP3dtjbv3UL3DHV2JEciQTnQ4K3sr,00e2e0dae21eaefb7772c69d0875d2389dcec74be0cfb99e6b4f8288cd32d11c,946685645,946685642,2,1,0,0,10.1134,245,7
run4-tbt-3s,1,nazionale,3,none,true,12,251,21,1,m3,1LtuCHDRfFnaxMXGm2gmsN7NoezE7zExV3Cet8,8243,19,234,1.0,8243.0,77157.0,0.106834,8.0824438e-05,0.66623584,0.51363836,0.99804266,-0.75,1.500,4.344,4.3441,0.0001,1,,0,3,3,0,0,m2,1WKxQntNgmP3dtjbv3UL3DHV2JEciQTnQ4K3sr,00e2e0dae21eaefb7772c69d0875d2389dcec74be0cfb99e6b4f8288cd32d11c,946685645,946685642,2,1,0,0,25.8847,245,
run4-tbt-3s,1,nazionale,3,none,true,12,252,22,1,m1,1ETD6u7wdHS6P9D1mxb1Qx3Aapa2DwAyyZutL2,51006,20,246,1.0,51006.0,77157.0,0.661068,6.18849765e-05,3.15650511,0.04257427,0.99156073,-0.75,1.500,4.325,4.3247,-0.0003,1,,0,3,3,0,0,m2,1WKxQntNgmP3dtjbv3UL3DHV2JEciQTnQ4K3sr,00a7448331d3cb6aca1d9373299e6b4e6fa7a352432e9dd249a42f805e8d0c3c,946685649,946685645,2,1,0,0,7.067,245,
run4-tbt-3s,1,nazionale,3,none,true,12,252,22,1,m2,1WKxQntNgmP3dtjbv3UL3DHV2JEciQTnQ4K3sr,17908,20,246,1.0,17908.0,77157.0,0.232098,5.68720617e-06,0.10184649,0.90316819,0.35519528,-0.75,1.500,2.416,2.4156,-0.0004,1,,1,1,1,1,1,m2,1WKxQntNgmP3dtjbv3UL3DHV2JEciQTnQ4K3sr,00a7448331d3cb6aca1d9373299e6b4e6fa7a352432e9dd249a42f805e8d0c3c,946685649,946685645,2,1,0,0,10.1134,245,8
run4-tbt-3s,1,nazionale,3,none,true,12,252,22,1,m3,1LtuCHDRfFnaxMXGm2gmsN7NoezE7zExV3Cet8,8243,19,234,1.0,8243.0,77157.0,0.106834,4.77372708e-05,0.39349832,0.67469245,0.97485923,-0.75,1.500,4.275,4.2746,-0.0004,1,,0,2,2,0,0,m2,1WKxQntNgmP3dtjbv3UL3DHV2JEciQTnQ4K3sr,00a7448331d3cb6aca1d9373299e6b4e6fa7a352432e9dd249a42f805e8d0c3c,946685649,946685645,2,1,0,0,25.8847,245,
run4-tbt-3s,1,nazionale,3,none,true,12,253,22,1,m1,1ETD6u7wdHS6P9D1mxb1Qx3Aapa2DwAyyZutL2,51006,20,246,1.0,51006.0,77157.0,0.661068,2.49498754e-05,1.27259334,0.28010427,0.85413264,-0.75,1.500,3.912,3.9124,0.0004,1,,0,1,1,1,1,m2,1WKxQntNgmP3dtjbv3UL3DHV2JEciQTnQ4K3sr,00ba00a978e42cbd6905150caa2836fe02019307d2b47f321ff0a9dbcdba19fb,946685653,946685649,4,1,0,0,7.2029,253,
run4-tbt-3s,1,nazionale,3,none,true,12,253,22,1,m2,1WKxQntNgmP3dtjbv3UL3DHV2JEciQTnQ4K3sr,17908,20,246,1.0,17908.0,77157.0,0.232098,5.63454549e-05,1.00903441,0.36457084,0.98706018,-0.75,1.500,4.311,4.3112,0.0002,1,,1,2,2,0,0,m2,1WKxQntNgmP3dtjbv3UL3DHV2JEciQTnQ4K3sr,00ba00a978e42cbd6905150caa2836fe02019307d2b47f321ff0a9dbcdba19fb,946685653,946685649,4,1,0,0,45.5473,253,9
run4-tbt-3s,1,nazionale,3,none,true,12,253,22,1,m3,1LtuCHDRfFnaxMXGm2gmsN7NoezE7zExV3Cet8,8243,19,234,1.0,8243.0,77157.0,0.106834,7.23327403e-05,0.59623878,0.55087973,0.99623112,-0.75,1.500,4.339,4.3387,-0.0003,1,,0,3,3,0,0,m2,1WKxQntNgmP3dtjbv3UL3DHV2JEciQTnQ4K3sr,00ba00a978e42cbd6905150caa2836fe02019307d2b47f321ff0a9dbcdba19fb,946685653,946685649,4,1,0,0,21.0628,253,
run4-tbt-3s,1,nazionale,3,none,true,12,254,22,1,m1,1ETD6u7wdHS6P9D1mxb1Qx3Aapa2DwAyyZutL2,51006,20,246,1.0,51006.0,77157.0,0.661068,5.05959793e-06,0.25806985,0.77254127,0.32320266,-0.75,1.500,2.32,2.3196,-0.0004,1,,1,1,1,1,1,m1,1ETD6u7wdHS6P9D1mxb1Qx3Aapa2DwAyyZutL2,0038c7d4710759958f5457e140151097929ecb1198792a12f736226fe32c39cc,946685658,946685653,2,1,1,1,7.2029,253,1
run4-tbt-3s,1,nazionale,3,none,true,12,254,22,1,m2,1WKxQntNgmP3dtjbv3UL3DHV2JEciQTnQ4K3sr,17908,20,246,1.0,17908.0,77157.0,0.232098,5.70432143e-05,1.02152988,0.36004369,0.98773841,-0.75,1.500,4.313,4.3132,0.0002,1,,0,2,2,0,0,m1,1ETD6u7wdHS6P9D1mxb1Qx3Aapa2DwAyyZutL2,0038c7d4710759958f5457e140151097929ecb1198792a12f736226fe32c39cc,946685658,946685653,2,1,1,1,45.5473,253,
run4-tbt-3s,1,nazionale,3,none,true,12,254,22,1,m3,1LtuCHDRfFnaxMXGm2gmsN7NoezE7zExV3Cet8,8243,19,234,1.0,8243.0,77157.0,0.106834,0.000299014922,2.46478,0.08502755,1.0,-0.75,1.500,4.35,4.35,-0.0,1,,0,3,3,0,0,m1,1ETD6u7wdHS6P9D1mxb1Qx3Aapa2DwAyyZutL2,0038c7d4710759958f5457e140151097929ecb1198792a12f736226fe32c39cc,946685658,946685653,2,1,1,1,21.0628,253,
run4-tbt-3s,1,nazionale,3,none,true,12,255,22,1,m1,1ETD6u7wdHS6P9D1mxb1Qx3Aapa2DwAyyZutL2,51006,20,246,1.0,51006.0,77157.0,0.661068,2.31196305e-05,1.17923987,0.3075124,0.8320084,-0.917,1.500,3.813,3.8126,-0.0004,1,,1,1,1,1,1,m1,1ETD6u7wdHS6P9D1mxb1Qx3Aapa2DwAyyZutL2,00e9b7853ed362dd9569854a6da27379955295e6ac5e5186c9171d68a87326bb,946685662,946685658,3,1,1,1,7.2029,253,2
run4-tbt-3s,1,nazionale,3,none,true,12,255,22,1,m2,1WKxQntNgmP3dtjbv3UL3DHV2JEciQTnQ4K3sr,17908,20,246,1.0,17908.0,77157.0,0.232098,0.000139506107,2.49827536,0.08222669,0.99997885,-0.917,1.500,4.317,4.3165,-0.0005,1,,0,3,3,0,0,m1,1ETD6u7wdHS6P9D1mxb1Qx3Aapa2DwAyyZutL2,00e9b7853ed362dd9569854a6da27379955295e6ac5e5186c9171d68a87326bb,946685662,946685658,3,1,1,1,45.5473,253,
run4-tbt-3s,1,nazionale,3,none,true,12,255,22,1,m3,1LtuCHDRfFnaxMXGm2gmsN7NoezE7zExV3Cet8,8243,19,234,1.0,8243.0,77157.0,0.106834,0.0001354585,1.11658442,0.32739614,0.9999711,-0.917,1.500,4.317,4.3165,-0.0005,1,,0,2,2,0,0,m1,1ETD6u7wdHS6P9D1mxb1Qx3Aapa2DwAyyZutL2,00e9b7853ed362dd9569854a6da27379955295e6ac5e5186c9171d68a87326bb,946685662,946685658,3,1,1,1,21.0628,253,
run4-tbt-3s,1,nazionale,3,none,true,12,256,22,1,m1,1ETD6u7wdHS6P9D1mxb1Qx3Aapa2DwAyyZutL2,51006,20,246,1.0,51006.0,77157.0,0.661068,1.78776329e-06,0.09118665,0.91284731,0.12884769,-0.833,1.500,1.72,1.7199,-0.0001,1,,1,1,1,1,1,m1,1ETD6u7wdHS6P9D1mxb1Qx3Aapa2DwAyyZutL2,0057f46d5eb768076dc3631df82c07c81a60e7f7b92567eaaf5e9a9bd16448c9,946685664,946685662,1,1,0,0,7.2029,253,3
run4-tbt-3s,1,nazionale,3,none,true,12,256,22,1,m2,1WKxQntNgmP3dtjbv3UL3DHV2JEciQTnQ4K3sr,17908,20,246,1.0,17908.0,77157.0,0.232098,6.8668459e-05,1.22971476,0.29237596,0.99499967,-0.833,1.500,4.318,4.3184,0.0004,1,,0,2,2,0,0,m1,1ETD6u7wdHS6P9D1mxb1Qx3Aapa2DwAyyZutL2,0057f46d5eb768076dc3631df82c07c81a60e7f7b92567eaaf5e9a9bd16448c9,946685664,946685662,1,1,0,0,45.5473,253,
run4-tbt-3s,1,nazionale,3,none,true,12,256,22,1,m3,1LtuCHDRfFnaxMXGm2gmsN7NoezE7zExV3Cet8,8243,19,234,1.0,8243.0,77157.0,0.106834,0.000241210854,1.98830107,0.13692786,0.99999999,-0.833,1.500,4.333,4.3334,0.0004,1,,0,3,3,0,0,m1,1ETD6u7wdHS6P9D1mxb1Qx3Aapa2DwAyyZutL2,0057f46d5eb768076dc3631df82c07c81a60e7f7b92567eaaf5e9a9bd16448c9,946685664,946685662,1,1,0,0,21.0628,253,
run4-tbt-3s,1,nazionale,3,none,true,12,257,22,1,m1,1ETD6u7wdHS6P9D1mxb1Qx3Aapa2DwAyyZutL2,51006,20,246,1.0,51006.0,77157.0,0.661068,1.01461854e-06,0.05175163,0.94956468,0.07529908,-0.75,1.500,1.576,1.5759,-0.0001,1,,1,1,1,1,1,m1,1ETD6u7wdHS6P9D1mxb1Qx3Aapa2DwAyyZutL2,002321d8fc6fd32b92d25d06dc558f9832b9ac28630df7f5ef95ad61ea2e4dbc,946685667,946685664,1,1,0,0,7.2029,253,4
run4-tbt-3s,1,nazionale,3,none,true,12,257,22,1,m2,1WKxQntNgmP3dtjbv3UL3DHV2JEciQTnQ4K3sr,17908,20,246,1.0,17908.0,77157.0,0.232098,7.55329552e-05,1.35264416,0.25855569,0.99705574,-0.75,1.500,4.341,4.3412,0.0002,1,,0,2,2,0,0,m1,1ETD6u7wdHS6P9D1mxb1Qx3Aapa2DwAyyZutL2,002321d8fc6fd32b92d25d06dc558f9832b9ac28630df7f5ef95ad61ea2e4dbc,946685667,946685664,1,1,0,0,45.5473,253,
run4-tbt-3s,1,nazionale,3,none,true,12,257,22,1,m3,1LtuCHDRfFnaxMXGm2gmsN7NoezE7zExV3Cet8,8243,19,234,1.0,8243.0,77157.0,0.106834,0.000147457302,1.21549054,0.2965645,0.99998855,-0.75,1.500,4.35,4.35,-0.0,1,,0,3,3,0,0,m1,1ETD6u7wdHS6P9D1mxb1Qx3Aapa2DwAyyZutL2,002321d8fc6fd32b92d25d06dc558f9832b9ac28630df7f5ef95ad61ea2e4dbc,946685667,946685664,1,1,0,0,21.0628,253,
run4-tbt-3s,1,nazionale,3,none,true,12,258,22,1,m1,1ETD6u7wdHS6P9D1mxb1Qx3Aapa2DwAyyZutL2,51006,20,246,1.0,51006.0,77157.0,0.661068,5.59796387e-05,2.85529745,0.0575387,0.98668975,-0.75,1.500,4.31,4.3101,0.0001,1,,1,2,2,0,0,m1,1ETD6u7wdHS6P9D1mxb1Qx3Aapa2DwAyyZutL2,008a980ec352cd0e5b09900e5cab3b690b54ca75a6138d3f6fa2c332cd857791,946685671,946685667,4,1,0,0,7.2029,253,5
run4-tbt-3s,1,nazionale,3,none,true,12,258,22,1,m2,1WKxQntNgmP3dtjbv3UL3DHV2JEciQTnQ4K3sr,17908,20,246,1.0,17908.0,77157.0,0.232098,4.20350684e-05,0.752764,0.47106273,0.96096512,-0.75,1.500,4.233,4.2329,-0.0001,1,,0,1,1,1,1,m1,1ETD6u7wdHS6P9D1mxb1Qx3Aapa2DwAyyZutL2,008a980ec352cd0e5b09900e5cab3b690b54ca75a6138d3f6fa2c332cd857791,946685671,946685667,4,1,0,0,45.5473,253,
run4-tbt-3s,1,nazionale,3,none,true,12,258,22,1,m3,1LtuCHDRfFnaxMXGm2gmsN7NoezE7zExV3Cet8,8243,19,234,1.0,8243.0,77157.0,0.106834,8.81707519e-05,0.72679151,0.48345767,0.99888955,-0.75,1.500,4.347,4.3467,-0.0003,1,,0,3,3,0,0,m1,1ETD6u7wdHS6P9D1mxb1Qx3Aapa2DwAyyZutL2,008a980ec352cd0e5b09900e5cab3b690b54ca75a6138d3f6fa2c332cd857791,946685671,946685667,4,1,0,0,21.0628,253,
run4-tbt-3s,1,nazionale,3,none,true,12,259,22,1,m1,1ETD6u7wdHS6P9D1mxb1Qx3Aapa2DwAyyZutL2,52503,21,258,1.0,52503.0,76409.0,0.687131,1.05697015e-05,0.55494104,0.57410611,0.55408205,-0.75,1.500,3.012,3.0122,0.0002,1,,1,1,1,1,1,m1,1ETD6u7wdHS6P9D1mxb1Qx3Aapa2DwAyyZutL2,0048814d550b973cb3f3e47dc637803f093ae9295dcf28e0195ba7176a09201d,946685674,946685671,3,1,0,0,7.2029,253,6
run4-tbt-3s,1,nazionale,3,none,true,12,259,22,1,m2,1WKxQntNgmP3dtjbv3UL3DHV2JEciQTnQ4K3sr,18080,21,258,1.0,18080.0,76409.0,0.236621,1.88807515e-05,0.34136399,0.71080014,0.76370148,-0.75,1.500,3.641,3.6411,0.0001,1,,0,2,2,0,0,m1,1ETD6u7wdHS6P9D1mxb1Qx3Aapa2DwAyyZutL2,0048814d550b973cb3f3e47dc637803f093ae9295dcf28e0195ba7176a09201d,946685674,946685671,3,1,0,0,45.5473,253,
run4-tbt-3s,1,nazionale,3,none,true,12,259,22,1,m3,1LtuCHDRfFnaxMXGm2gmsN7NoezE7zExV3Cet8,5826,21,258,1.0,5826.0,76409.0,0.076248,0.000129444851,0.7541457,0.47041232,0.99994936,-0.75,1.500,4.35,4.3498,-0.0002,1,,0,3,3,0,0,m1,1ETD6u7wdHS6P9D1mxb1Qx3Aapa2DwAyyZutL2,0048814d550b973cb3f3e47dc637803f093ae9295dcf28e0195ba7176a09201d,946685674,946685671,3,1,0,0,21.0628,253,
run4-tbt-3s,1,nazionale,3,none,true,12,260,22,1,m1,1ETD6u7wdHS6P9D1mxb1Qx3Aapa2DwAyyZutL2,52503,21,258,1.0,52503.0,76409.0,0.687131,1.09515344e-05,0.57498841,0.56271139,0.56690397,-0.75,1.500,3.051,3.0507,-0.0003,1,,1,2,2,0,0,m1,1ETD6u7wdHS6P9D1mxb1Qx3Aapa2DwAyyZutL2,00283292227233f803c591cb678d3529832b21c9a5c90d9a1d942dec71d502dd,946685678,946685674,3,1,0,0,7.2029,253,7
run4-tbt-3s,1,nazionale,3,none,true,12,260,22,1,m2,1WKxQntNgmP3dtjbv3UL3DHV2JEciQTnQ4K3sr,18080,21,258,1.0,18080.0,76409.0,0.236621,9.27917158e-06,0.16776742,0.84555047,0.50786993,-0.75,1.500,2.874,2.8736,-0.0004,1,,0,1,1,1,1,m1,1ETD6u7wdHS6P9D1mxb1Qx3Aapa2DwAyyZutL2,00283292227233f803c591cb678d3529832b21c9a5c90d9a1d942dec71d502dd,946685678,946685674,3,1,0,0,45.5473,253,
run4-tbt-3s,1,nazionale,3,none,true,12,260,22,1,m3,1LtuCHDRfFnaxMXGm2gmsN7NoezE7zExV3Cet8,5826,21,258,1.0,5826.0,76409.0,0.076248,2.9004589e-05,0.16898074,0.84452517,0.89097866,-0.75,1.500,4.023,4.0229,-0.0001,1,,0,3,3,0,0,m1,1ETD6u7wdHS6P9D1mxb1Qx3Aapa2DwAyyZutL2,00283292227233f803c591cb678d3529832b21c9a5c90d9a1d942dec71d502dd,946685678,946685674,3,1,0,0,21.0628,253,
run4-tbt-3s,1,nazionale,3,none,true,12,261,22,1,m1,1ETD6u7wdHS6P9D1mxb1Qx3Aapa2DwAyyZutL2,52503,21,258,1.0,52503.0,76409.0,0.687131,1.16072475e-05,0.60941532,0.54366865,0.58806849,-0.75,1.500,3.114,3.1142,0.0002,1,,1,1,1,1,1,m1,1ETD6u7wdHS6P9D1mxb1Qx3Aapa2DwAyyZutL2,00b7440d667c2d2f493ed86964d50c3179ecf780b408c48ceeca314629c4f5a9,946685681,946685678,3,1,0,0,7.2029,253,8
run4-tbt-3s,1,nazionale,3,none,true,12,261,22,1,m2,1WKxQntNgmP3dtjbv3UL3DHV2JEciQTnQ4K3sr,18080,21,258,1.0,18080.0,76409.0,0.236621,5.47342614e-05,0.98959545,0.37172704,0.98473496,-0.75,1.500,4.304,4.3042,0.0002,1,,0,2,2,0,0,m1,1ETD6u7wdHS6P9D1mxb1Qx3Aapa2DwAyyZutL2,00b7440d667c2d2f493ed86964d50c3179ecf780b408c48ceeca314629c4f5a9,946685681,946685678,3,1,0,0,45.5473,253,
run4-tbt-3s,1,nazionale,3,none,true,12,261,22,1,m3,1LtuCHDRfFnaxMXGm2gmsN7NoezE7zExV3Cet8,5826,21,258,1.0,5826.0,76409.0,0.076248,0.00069662149,4.0585168,0.01727462,1.0,-0.75,1.500,4.35,4.35,0.0,1,,0,3,3,0,0,m1,1ETD6u7wdHS6P9D1mxb1Qx3Aapa2DwAyyZutL2,00b7440d667c2d2f493ed86964d50c3179ecf780b408c48ceeca314629c4f5a9,946685681,946685678,3,1,0,0,21.0628,253,
run4-tbt-3s,1,nazionale,3,none,true,12,262,22,1,m1,1ETD6u7wdHS6P9D1mxb1Qx3Aapa2DwAyyZutL2,52503,21,258,1.0,52503.0,76409.0,0.687131,6.67519307e-07,0.03504677,0.96556026,0.04972559,-0.583,1.500,1.533,1.5326,-0.0004,1,,1,1,1,1,1,m1,1ETD6u7wdHS6P9D1mxb1Qx3Aapa2DwAyyZutL2,00f742457850bf3f54e08ba9aba12b9b60c58b524e201c4017730427edd387b7,946685683,946685681,1,1,0,0,107.9897,262,9
run4-tbt-3s,1,nazionale,3,none,true,12,262,22,1,m2,1WKxQntNgmP3dtjbv3UL3DHV2JEciQTnQ4K3sr,18080,21,258,1.0,18080.0,76409.0,0.236621,0.000132913171,2.40307013,0.09043986,0.99996115,-0.583,1.500,4.383,4.3833,0.0003,1,,0,3,3,0,0,m1,1ETD6u7wdHS6P9D1mxb1Qx3Aapa2DwAyyZutL2,00f742457850bf3f54e08ba9aba12b9b60c58b524e201c4017730427edd387b7,946685683,946685681,1,1,0,0,45.6889,262,
run4-tbt-3s,1,nazionale,3,none,true,12,262,22,1,m3,1LtuCHDRfFnaxMXGm2gmsN7NoezE7zExV3Cet8,5826,21,258,1.0,5826.0,76409.0,0.076248,4.53159755e-05,0.26401087,0.76796519,0.96865023,-0.583,1.500,4.289,4.2894,0.0004,1,,0,2,2,0,0,m1,1ETD6u7wdHS6P9D1mxb1Qx3Aapa2DwAyyZutL2,00f742457850bf3f54e08ba9aba12b9b60c58b524e201c4017730427edd387b7,946685683,946685681,1,1,0,0,20.9866,262,
run4-tbt-3s,1,nazionale,3,none,true,12,263,22,1,m1,1ETD6u7wdHS6P9D1mxb1Qx3Aapa2DwAyyZutL2,52503,21,258,1.0,52503.0,76409.0,0.687131,4.87749996e-05,2.5608338,0.07724031,0.97593144,-0.417,1.500,4.344,4.3444,0.0004,1,,1,2,2,0,0,m1,1ETD6u7wdHS6P9D1mxb1Qx3Aapa2DwAyyZutL2,00e6c44bf5574ceedaf73318940be974de975fd9b3642b4e24a6eb69af4216f7,946685687,946685683,4,1,0,0,107.9897,262,10
run4-tbt-3s,1,nazionale,3,none,true,12,263,22,1,m2,1WKxQntNgmP3dtjbv3UL3DHV2JEciQTnQ4K3sr,18080,21,258,1.0,18080.0,76409.0,0.236621,4.70082947e-05,0.84990997,0.42745341,0.97245287,-0.417,1.500,4.334,4.334,-0.0,1,,0,1,1,1,1,m1,1ETD6u7wdHS6P9D1mxb1Qx3Aapa2DwAyyZutL2,00e6c44bf5574ceedaf73318940be974de975fd9b3642b4e24a6eb69af4216f7,946685687,946685683,4,1,0,0,45.6889,262,
run4-tbt-3s,1,nazionale,3,none,true,12,263,22,1,m3,1LtuCHDRfFnaxMXGm2gmsN7NoezE7zExV3Cet8,5826,21,258,1.0,5826.0,76409.0,0.076248,0.000149997958,0.8738881,0.41732578,0.99998947,-0.417,1.500,4.417,4.4166,-0.0004,1,,0,3,3,0,0,m1,1ETD6u7wdHS6P9D1mxb1Qx3Aapa2DwAyyZutL2,00e6c44bf5574ceedaf73318940be974de975fd9b3642b4e24a6eb69af4216f7,946685687,946685683,4,1,0,0,20.9866,262,
run4-tbt-3s,1,nazionale,3,none,true,12,264,23,1,m1,1ETD6u7wdHS6P9D1mxb1Qx3Aapa2DwAyyZutL2,52503,21,258,1.0,52503.0,76409.0,0.687131,3.31838577e-05,1.74225208,0.17512556,0.9207815,-0.5,1.500,4.162,4.1623,0.0003,1,,1,2,2,0,0,m1,1ETD6u7wdHS6P9D1mxb1Qx3Aapa2DwAyyZutL2,00a5cd8655dba3005c18729ca43d569c19ac8e64f24080163686861adadd12ca,946685692,946685687,4,1,0,0,107.9897,262,11
run4-tbt-3s,1,nazionale,3,none,true,12,264,23,1,m2,1WKxQntNgmP3dtjbv3UL3DHV2JEciQTnQ4K3sr,18080,21,258,1.0,18080.0,76409.0,0.236621,2.38399598e-05,0.43102647,0.64984171,0.83823126,-0.5,1.500,3.915,3.9147,-0.0003,1,,0,1,1,1,1,m1,1ETD6u7wdHS6P9D1mxb1Qx3Aapa2DwAyyZutL2,00a5cd8655dba3005c18729ca43d569c19ac8e64f24080163686861adadd12ca,946685692,946685687,4,1,0,0,45.6889,262,
run4-tbt-3s,1,nazionale,3,none,true,12,264,23,1,m3,1LtuCHDRfFnaxMXGm2gmsN7NoezE7zExV3Cet8,5826,21,258,1.0,5826.0,76409.0,0.076248,0.000130629718,0.76104874,0.46717622,0.99995374,-0.5,1.500,4.4,4.3999,-0.0001,1,,0,3,3,0,0,m1,1ETD6u7wdHS6P9D1mxb1Qx3Aapa2DwAyyZutL2,00a5cd8655dba3005c18729ca43d569c19ac8e64f24080163686861adadd12ca,946685692,946685687,4,1,0,0,20.9866,262,
run4-tbt-3s,1,nazionale,3,none,true,12,265,23,1,m1,1ETD6u7wdHS6P9D1mxb1Qx3Aapa2DwAyyZutL2,52503,21,258,1.0,52503.0,76409.0,0.687131,1.92782722e-05,1.01216713,0.36343053,0.77077094,-0.583,1.500,3.696,3.6957,-0.0003,1,,1,1,1,1,1,m1,1ETD6u7wdHS6P9D1mxb1Qx3Aapa2DwAyyZutL2,00cca183741a65bf9e24c172ae21648b3382323c7f25ddb0c8226ce9f80bbba4,946685696,946685692,3,1,0,0,107.9897,262,12
run4-tbt-3s,1,nazionale,3,none,true,12,265,23,1,m2,1WKxQntNgmP3dtjbv3UL3DHV2JEciQTnQ4K3sr,18080,21,258,1.0,18080.0,76409.0,0.236621,5.41357305e-05,0.97877401,0.37577151,0.98402063,-0.583,1.500,4.335,4.3355,0.0005,1,,0,2,2,0,0,m1,1ETD6u7wdHS6P9D1mxb1Qx3Aapa2DwAyyZutL2,00cca183741a65bf9e24c172ae21648b3382323c7f25ddb0c8226ce9f80bbba4,946685696,946685692,3,1,0,0,45.6889,262,
run4-tbt-3s,1,nazionale,3,none,true,12,265,23,1,m3,1LtuCHDRfFnaxMXGm2gmsN7NoezE7zExV3Cet8,5826,21,258,1.0,5826.0,76409.0,0.076248,0.000215841914,1.25749499,0.28436547,0.99999993,-0.583,1.500,4.383,4.3834,0.0004,1,,0,3,3,0,0,m1,1ETD6u7wdHS6P9D1mxb1Qx3Aapa2DwAyyZutL2,00cca183741a65bf9e24c172ae21648b3382323c7f25ddb0c8226ce9f80bbba4,946685696,946685692,3,1,0,0,20.9866,262,
run4-tbt-3s,1,nazionale,3,none,true,12,266,23,1,m1,1ETD6u7wdHS6P9D1mxb1Qx3Aapa2DwAyyZutL2,52503,21,258,1.0,52503.0,76409.0,0.687131,1.75703092e-05,0.92249394,0.3975264,0.7388159,-0.583,1.500,3.6,3.5998,-0.0002,1,,1,2,2,0,0,m1,1ETD6u7wdHS6P9D1mxb1Qx3Aapa2DwAyyZutL2,00bb19022d8515dd50e4ba439a754cc653e1b849b4ed886c1095c216a6e0520a,946685701,946685696,3,1,1,1,107.9897,262,13
run4-tbt-3s,1,nazionale,3,none,true,12,266,23,1,m2,1WKxQntNgmP3dtjbv3UL3DHV2JEciQTnQ4K3sr,18080,21,258,1.0,18080.0,76409.0,0.236621,1.16154241e-05,0.21000687,0.81057868,0.58832577,-0.583,1.500,3.148,3.1484,0.0004,1,,0,1,1,1,1,m1,1ETD6u7wdHS6P9D1mxb1Qx3Aapa2DwAyyZutL2,00bb19022d8515dd50e4ba439a754cc653e1b849b4ed886c1095c216a6e0520a,946685701,946685696,3,1,1,1,45.6889,262,
run4-tbt-3s,1,nazionale,3,none,true,12,266,23,1,m3,1LtuCHDRfFnaxMXGm2gmsN7NoezE7zExV3Cet8,5826,21,258,1.0,5826.0,76409.0,0.076248,3.77798716e-05,0.22010553,0.80243411,0.94424132,-0.583,1.500,4.216,4.2161,0.0001,1,,0,3,3,0,0,m1,1ETD6u7wdHS6P9D1mxb1Qx3Aapa2DwAyyZutL2,00bb19022d8515dd50e4ba439a754cc653e1b849b4ed886c1095c216a6e0520a,946685701,946685696,3,1,1,1,20.9866,262,
run4-tbt-3s,1,nazionale,3,none,true,12,267,23,1,m1,1ETD6u7wdHS6P9D1mxb1Qx3Aapa2DwAyyZutL2,52503,21,258,1.0,52503.0,76409.0,0.687131,6.44943386e-06,0.33861463,0.71275707,0.38908338,-0.583,1.500,2.551,2.5507,-0.0003,1,,1,1,1,1,1,m1,1ETD6u7wdHS6P9D1mxb1Qx3Aapa2DwAyyZutL2,00dce005c8297d4e2e0203da7ea3e7439e268df46cf7424c8262a05b8485b17e,946685704,946685701,2,1,0,0,107.9897,262,14
run4-tbt-3s,1,nazionale,3,none,true,12,267,23,1,m2,1WKxQntNgmP3dtjbv3UL3DHV2JEciQTnQ4K3sr,18080,21,258,1.0,18080.0,76409.0,0.236621,4.84258662e-05,0.87553966,0.41663712,0.97528073,-0.583,1.500,4.309,4.3092,0.0002,1,,0,3,3,0,0,m1,1ETD6u7wdHS6P9D1mxb1Qx3Aapa2DwAyyZutL2,00dce005c8297d4e2e0203da7ea3e7439e268df46cf7424c8262a05b8485b17e,946685704,946685701,2,1,0,0,45.6889,262,
run4-tbt-3s,1,nazionale,3,none,true,12,267,23,1,m3,1LtuCHDRfFnaxMXGm2gmsN7NoezE7zExV3Cet8,5826,21,258,1.0,5826.0,76409.0,0.076248,4.285518e-05,0.24967428,0.7790545,0.96216503,-0.583,1.500,4.27,4.2699,-0.0001,1,,0,2,2,0,0,m1,1ETD6u7wdHS6P9D1mxb1Qx3Aapa2DwAyyZutL2,00dce005c8297d4e2e0203da7ea3e7439e268df46cf7424c8262a05b8485b17e,946685704,946685701,2,1,0,0,20.9866,262,
run4-tbt-3s,1,nazionale,3,none,true,12,268,23,1,m1,1ETD6u7wdHS6P9D1mxb1Qx3Aapa2DwAyyZutL2,52503,21,258,1.0,52503.0,76409.0,0.687131,1.04773413e-05,0.55009185,0.57689682,0.55092401,-0.5,1.500,3.053,3.0528,-0.0002,1,,1,1,1,1,1,m1,1ETD6u7wdHS6P9D1mxb1Qx3Aapa2DwAyyZutL2,00cedda385c16f133a587513a4520509a6bcea3dc0dc2956979206260b41cab5,946685707,946685704,3,1,0,0,107.9897,262,15
run4-tbt-3s,1,nazionale,3,none,true,12,268,23,1,m2,1WKxQntNgmP3dtjbv3UL3DHV2JEciQTnQ4K3sr,18080,21,258,1.0,18080.0,76409.0,0.236621,2.6077819e-05,0.47148697,0.6240736,0.8636568,-0.5,1.500,3.991,3.991,-0.0,1,,0,2,2,0,0,m1,1ETD6u7wdHS6P9D1mxb1Qx3Aapa2DwAyyZutL2,00cedda385c16f133a587513a4520509a6bcea3dc0dc2956979206260b41cab5,946685707,946685704,3,1,0,0,45.6889,262,
run4-tbt-3s,1,nazionale,3,none,true,12,268,23,1,m3,1LtuCHDRfFnaxMXGm2gmsN7NoezE7zExV3Cet8,5826,21,258,1.0,5826.0,76409.0,0.076248,0.000193845115,1.12934164,0.323246,0.99999963,-0.5,1.500,4.4,4.4,-0.0,1,,0,3,3,0,0,m1,1ETD6u7wdHS6P9D1mxb1Qx3Aapa2DwAyyZutL2,00cedda385c16f133a587513a4520509a6bcea3dc0dc2956979206260b41cab5,946685707,946685704,3,1,0,0,20.9866,262,
run4-tbt-3s,1,nazionale,3,none,true,12,269,23,1,m1,1ETD6u7wdHS6P9D1mxb1Qx3Aapa2DwAyyZutL2,52503,21,258,1.0,52503.0,76409.0,0.687131,2.62784896e-05,1.37969954,0.25165415,0.86573141,-0.583,1.500,3.981,3.9806,-0.0004,1,,0,3,3,0,0,m2,1WKxQntNgmP3dtjbv3UL3DHV2JEciQTnQ4K3sr,0006ec15a512532f9002ef99806f10c79dca280cb367d9cf2e0d72e655b672db,946685710,946685707,1,1,0,0,107.9897,262,
run4-tbt-3s,1,nazionale,3,none,true,12,269,23,1,m2,1WKxQntNgmP3dtjbv3UL3DHV2JEciQTnQ4K3sr,18080,21,258,1.0,18080.0,76409.0,0.236621,2.18065225e-06,0.03942619,0.96134091,0.15348001,-0.583,1.500,1.844,1.8438,-0.0002,1,,1,1,1,1,1,m2,1WKxQntNgmP3dtjbv3UL3DHV2JEciQTnQ4K3sr,0006ec15a512532f9002ef99806f10c79dca280cb367d9cf2e0d72e655b672db,946685710,946685707,1,1,0,0,45.6889,262,1
run4-tbt-3s,1,nazionale,3,none,true,12,269,23,1,m3,1LtuCHDRfFnaxMXGm2gmsN7NoezE7zExV3Cet8,5826,21,258,1.0,5826.0,76409.0,0.076248,1.84164574e-05,0.10729428,0.89826129,0.75516802,-0.583,1.500,3.649,3.6489,-0.0001,1,,0,2,2,0,0,m2,1WKxQntNgmP3dtjbv3UL3DHV2JEciQTnQ4K3sr,0006ec15a512532f9002ef99806f10c79dca280cb367d9cf2e0d72e655b672db,946685710,946685707,1,1,0,0,20.9866,262,
run4-tbt-3s,1,nazionale,3,none,true,12,270,23,1,m1,1ETD6u7wdHS6P9D1mxb1Qx3Aapa2DwAyyZutL2,52503,21,258,1.0,52503.0,76409.0,0.687131,2.74490021e-07,0.01441155,0.9856918,0.02075509,-0.583,1.500,1.446,1.4457,-0.0003,1,,1,1,1,1,1,m1,1ETD6u7wdHS6P9D1mxb1Qx3Aapa2DwAyyZutL2,0050a0dac08be45acf566a90efce9272863c0ab535738b2a55dae655c4252090,946685714,946685710,1,1,0,0,7.6285,270,1
run4-tbt-3s,1,nazionale,3,none,true,12,270,23,1,m2,1WKxQntNgmP3dtjbv3UL3DHV2JEciQTnQ4K3sr,18080,21,258,1.0,18080.0,76409.0,0.236621,7.03197706e-05,1.27138145,0.28044393,0.9953601,-0.583,1.500,4.369,4.3695,0.0005,1,,0,2,2,0,0,m1,1ETD6u7wdHS6P9D1mxb1Qx3Aapa2DwAyyZutL2,0050a0dac08be45acf566a90efce9272863c0ab535738b2a55dae655c4252090,946685714,946685710,1,1,0,0,19.4864,270,
run4-tbt-3s,1,nazionale,3,none,true,12,270,23,1,m3,1LtuCHDRfFnaxMXGm2gmsN7NoezE7zExV3Cet8,5826,21,258,1.0,5826.0,76409.0,0.076248,9.76100823e-05,0.56867634,0.5662745,0.99942336,-0.583,1.500,4.382,4.3817,-0.0003,1,,0,3,3,0,0,m1,1ETD6u7wdHS6P9D1mxb1Qx3Aapa2DwAyyZutL2,0050a0dac08be45acf566a90efce9272863c0ab535738b2a55dae655c4252090,946685714,946685710,1,1,0,0,17.0387,270,
run4-tbt-3s,1,nazionale,3,none,true,12,271,23,1,m1,1ETD6u7wdHS6P9D1mxb1Qx3Aapa2DwAyyZutL2,44404,22,270,1.0,44404.0,69023.0,0.643322,1.20360017e-05,0.53444662,0.58599348,0.5642824,-0.583,1.500,3.076,3.0762,0.0002,1,,1,1,1,1,1,m1,1ETD6u7wdHS6P9D1mxb1Qx3Aapa2DwAyyZutL2,00c0138fe7516a3b0ef40f94151535725f2297138bba8345a772f6e21b99fe37,946685717,946685714,3,1,0,0,7.6285,270,2
run4-tbt-3s,1,nazionale,3,none,true,12,271,23,1,m2,1WKxQntNgmP3dtjbv3UL3DHV2JEciQTnQ4K3sr,18080,21,258,1.0,18080.0,69023.0,0.261942,1.68680712e-05,0.30497473,0.737142,0.6878542,-0.583,1.500,3.447,3.447,-0.0,1,,0,2,2,0,0,m1,1ETD6u7wdHS6P9D1mxb1Qx3Aapa2DwAyyZutL2,00c0138fe7516a3b0ef40f94151535725f2297138bba8345a772f6e21b99fe37,946685717,946685714,3,1,0,0,19.4864,270,
run4-tbt-3s,1,nazionale,3,none,true,12,271,23,1,m3,1LtuCHDRfFnaxMXGm2gmsN7NoezE7zExV3Cet8,6539,22,270,1.0,6539.0,69023.0,0.094737,0.000465503864,3.04392977,0.04764728,1.0,-0.583,1.500,4.383,4.3834,0.0004,1,,0,3,3,0,0,m1,1ETD6u7wdHS6P9D1mxb1Qx3Aapa2DwAyyZutL2,00c0138fe7516a3b0ef40f94151535725f2297138bba8345a772f6e21b99fe37,946685717,946685714,3,1,0,0,17.0387,270,
run4-tbt-3s,1,nazionale,3,none,true,12,272,23,1,m1,1ETD6u7wdHS6P9D1mxb1Qx3Aapa2DwAyyZutL2,44404,22,270,1.0,44404.0,69023.0,0.643322,5.24372212e-05,2.32842237,0.09744936,0.97320056,-0.583,1.500,4.303,4.303,0.0,1,,1,1,1,1,1,m1,1ETD6u7wdHS6P9D1mxb1Qx3Aapa2DwAyyZutL2,00aebd11a0f0bdece972e7c9181382e0586a181d2925948f924bed918b1e3903,946685722,946685717,4,1,0,0,7.6285,270,3
run4-tbt-3s,1,nazionale,3,none,true,12,272,23,1,m2,1WKxQntNgmP3dtjbv3UL3DHV2JEciQTnQ4K3sr,18080,21,258,1.0,18080.0,69023.0,0.261942,8.28312957e-05,1.49758983,0.22366859,0.99671131,-0.583,1.500,4.373,4.3735,0.0005,1,,0,3,3,0,0,m1,1ETD6u7wdHS6P9D1mxb1Qx3Aapa2DwAyyZutL2,00aebd11a0f0bdece972e7c9181382e0586a181d2925948f924bed918b1e3903,946685722,946685717,4,1,0,0,19.4864,270,
run4-tbt-3s,1,nazionale,3,none,true,12,272,23,1,m3,1LtuCHDRfFnaxMXGm2gmsN7NoezE7zExV3Cet8,6539,22,270,1.0,6539.0,69023.0,0.094737,6.44754361e-05,0.42160488,0.65599319,0.9883248,-0.583,1.500,4.348,4.3484,0.0004,1,,0,2,2,0,0,m1,1ETD6u7wdHS6P9D1mxb1Qx3Aapa2DwAyyZutL2,00aebd11a0f0bdece972e7c9181382e0586a181d2925948f924bed918b1e3903,946685722,946685717,4,1,0,0,17.0387,270,
run4-tbt-3s,1,nazionale,3,none,true,12,273,23,1,m1,1ETD6u7wdHS6P9D1mxb1Qx3Aapa2DwAyyZutL2,44404,22,270,1.0,44404.0,69023.0,0.643322,4.84118577e-06,0.21496801,0.80656724,0.28405588,-0.667,1.500,2.219,2.2188,-0.0002,1,,1,1,1,1,1,m1,1ETD6u7wdHS6P9D1mxb1Qx3Aapa2DwAyyZutL2,005e6fcc0621eb0e95ead99861efd7179317e8a80c3f0ae57148874437a4f256,946685725,946685722,2,1,0,0,7.6285,270,4
run4-tbt-3s,1,nazionale,3,none,true,12,273,23,1,m2,1WKxQntNgmP3dtjbv3UL3DHV2JEciQTnQ4K3sr,18080,21,258,1.0,18080.0,69023.0,0.261942,5.65421899e-06,0.10222828,0.90282343,0.32312669,-0.667,1.500,2.336,2.336,-0.0,1,,0,2,2,0,0,m1,1ETD6u7wdHS6P9D1mxb1Qx3Aapa2DwAyyZutL2,005e6fcc0621eb0e95ead99861efd7179317e8a80c3f0ae57148874437a4f256,946685725,946685722,2,1,0,0,19.4864,270,
run4-tbt-3s,1,nazionale,3,none,true,12,273,23,1,m3,1LtuCHDRfFnaxMXGm2gmsN7NoezE7zExV3Cet8,6539,22,270,1.0,6539.0,69023.0,0.094737,8.05727373e-05,0.52686513,0.59045307,0.9961565,-0.667,1.500,4.355,4.3551,0.0001,1,,0,3,3,0,0,m1,1ETD6u7wdHS6P9D1mxb1Qx3Aapa2DwAyyZutL2,005e6fcc0621eb0e95ead99861efd7179317e8a80c3f0ae57148874437a4f256,946685725,946685722,2,1,0,0,17.0387,270,
run4-tbt-3s,1,nazionale,3,none,true,12,274,23,1,m1,1ETD6u7wdHS6P9D1mxb1Qx3Aapa2DwAyyZutL2,44404,22,270,1.0,44404.0,69023.0,0.643322,1.90435051e-05,0.8456078,0.42929635,0.73137525,-0.667,1.500,3.561,3.5607,-0.0003,1,,1,1,1,1,1,m1,1ETD6u7wdHS6P9D1mxb1Qx3Aapa2DwAyyZutL2,00425957b9f2e7984e2f6c5d2eec00f79e7c0cf70b11f55f2034c624b10369d0,946685729,946685725,3,1,0,0,7.6285,270,5
run4-tbt-3s,1,nazionale,3,none,true,12,274,23,1,m2,1WKxQntNgmP3dtjbv3UL3DHV2JEciQTnQ4K3sr,18080,21,258,1.0,18080.0,69023.0,0.261942,0.000232854107,4.21000225,0.01484633,0.9999999,-0.667,1.500,4.367,4.3666,-0.0004,1,,0,3,3,0,0,m1,1ETD6u7wdHS6P9D1mxb1Qx3Aapa2DwAyyZutL2,00425957b9f2e7984e2f6c5d2eec00f79e7c0cf70b11f55f2034c624b10369d0,946685729,946685725,3,1,0,0,19.4864,270,
run4-tbt-3s,1,nazionale,3,none,true,12,274,23,1,m3,1LtuCHDRfFnaxMXGm2gmsN7NoezE7zExV3Cet8,6539,22,270,1.0,6539.0,69023.0,0.094737,2.20457967e-05,0.14415746,0.86575141,0.78165241,-0.667,1.500,3.712,3.7116,-0.0004,1,,0,2,2,0,0,m1,1ETD6u7wdHS6P9D1mxb1Qx3Aapa2DwAyyZutL2,00425957b9f2e7984e2f6c5d2eec00f79e7c0cf70b11f55f2034c624b10369d0,946685729,946685725,3,1,0,0,17.0387,270,
run4-tbt-3s,1,nazionale,3,none,true,12,275,23,1,m1,1ETD6u7wdHS6P9D1mxb1Qx3Aapa2DwAyyZutL2,44404,22,270,1.0,44404.0,69023.0,0.643322,3.20087111e-07,0.01421315,0.98588738,0.0218511,-0.833,1.500,1.399,1.399,-0.0,1,,1,1,1,1,1,m1,1ETD6u7wdHS6P9D1mxb1Qx3Aapa2DwAyyZutL2,0079656711f9ada650370a9181de0aea89bb2f3d2be4215326d38dbc7aab578d,946685732,946685729,1,1,0,0,7.6285,270,6
run4-tbt-3s,1,nazionale,3,none,true,12,275,23,1,m2,1WKxQntNgmP3dtjbv3UL3DHV2JEciQTnQ4K3sr,18080,21,258,1.0,18080.0,69023.0,0.261942,4.07488764e-05,0.73673969,0.478672,0.93995192,-0.833,1.500,4.153,4.1533,0.0003,1,,0,2,2,0,0,m1,1ETD6u7wdHS6P9D1mxb1Qx3Aapa2DwAyyZutL2,0079656711f9ada650370a9181de0aea89bb2f3d2be4215326d38dbc7aab578d,946685732,946685729,1,1,0,0,19.4864,270,
run4-tbt-3s,1,nazionale,3,none,true,12,275,23,1,m3,1LtuCHDRfFnaxMXGm2gmsN7NoezE7zExV3Cet8,6539,22,270,1.0,6539.0,69023.0,0.094737,0.000101882393,0.66620897,0.51365216,0.99911704,-0.833,1.500,4.331,4.3308,-0.0002,1,,0,3,3,0,0,m1,1ETD6u7wdHS6P9D1mxb1Qx3Aapa2DwAyyZutL2,0079656711f9ada650370a9181de0aea89bb2f3d2be4215326d38dbc7aab578d,946685732,946685729,1,1,0,0,17.0387,270,
run4-tbt-3s,1,nazionale,3,none,true,12,276,24,1,m1,1ETD6u7wdHS6P9D1mxb1Qx3Aapa2DwAyyZutL2,44404,22,270,1.0,44404.0,69023.0,0.643322,3.8088751e-05,1.6912929,0.18428111,0.92784941,-0.75,1.500,4.134,4.1335,-0.0005,1,,1,1,1,1,1,m1,1ETD6u7wdHS6P9D1mxb1Qx3Aapa2DwAyyZutL2,0097f3be0b013c96d624976695b38b73070f1cac502b20bb0f28f1a4c48fc07d,946685736,946685732,4,1,0,0,7.6285,270,7
run4-tbt-3s,1,nazionale,3,none,true,12,276,24,1,m2,1WKxQntNgmP3dtjbv3UL3DHV2JEciQTnQ4K3sr,18080,21,258,1.0,18080.0,69023.0,0.261942,8.57439828e-05,1.55025121,0.21219466,0.99731025,-0.75,1.500,4.342,4.3419,-0.0001,1,,0,2,2,0,0,m1,1ETD6u7wdHS6P9D1mxb1Qx3Aapa2DwAyyZutL2,0097f3be0b013c96d624976695b38b73070f1cac502b20bb0f28f1a4c48fc07d,946685736,946685732,4,1,0,0,19.4864,270,
run4-tbt-3s,1,nazionale,3,none,true,12,276,24,1,m3,1LtuCHDRfFnaxMXGm2gmsN7NoezE7zExV3Cet8,6539,22,270,1.0,6539.0,69023.0,0.094737,0.000169049489,1.10541461,0.33107359,0.99999144,-0.75,1.500,4.35,4.35,-0.0,1,,0,3,3,0,0,m1,1ETD6u7wdHS6P9D1mxb1Qx3Aapa2DwAyyZutL2,0097f3be0b013c96d624976695b38b73070f1cac502b20bb0f28f1a4c48fc07d,946685736,946685732,4,1,0,0,17.0387,270,
run4-tbt-3s,1,nazionale,3,none,true,12,277,24,1,m1,1ETD6u7wdHS6P9D1mxb1Qx3Aapa2DwAyyZutL2,44404,22,270,1.0,44404.0,69023.0,0.643322,3.11959821e-05,1.38522639,0.25026714,0.88389267,-0.667,1.500,4.018,4.0183,0.0003,1,,0,3,3,0,0,m2,1WKxQntNgmP3dtjbv3UL3DHV2JEciQTnQ4K3sr,00344186f29b868b5e86f8ba42f4e684fadbad24e6e781478a046e9c24e8398e,946685739,946685736,1,1,0,0,7.6285,270,
run4-tbt-3s,1,nazionale,3,none,true,12,277,24,1,m2,1WKxQntNgmP3dtjbv3UL3DHV2JEciQTnQ4K3sr,18080,21,258,1.0,18080.0,69023.0,0.261942,2.17548798e-06,0.03933282,0.96143067,0.13942861,-0.667,1.500,1.785,1.7849,-0.0001,1,,1,1,1,1,1,m2,1WKxQntNgmP3dtjbv3UL3DHV2JEciQTnQ4K3sr,00344186f29b868b5e86f8ba42f4e684fadbad24e6e781478a046e9c24e8398e,946685739,946685736,1,1,0,0,19.4864,270,1
run4-tbt-3s,1,nazionale,3,none,true,12,277,24,1,m3,1LtuCHDRfFnaxMXGm2gmsN7NoezE7zExV3Cet8,6539,22,270,1.0,6539.0,69023.0,0.094737,1.20682499e-05,0.07891429,0.92411913,0.56525117,-0.667,1.500,3.062,3.0624,0.0004,1,,0,2,2,0,0,m2,1WKxQntNgmP3dtjbv3UL3DHV2JEciQTnQ4K3sr,00344186f29b868b5e86f8ba42f4e684fadbad24e6e781478a046e9c24e8398e,946685739,946685736,1,1,0,0,17.0387,270,
run4-tbt-3s,1,nazionale,3,none,true,12,278,24,1,m1,1ETD6u7wdHS6P9D1mxb1Qx3Aapa2DwAyyZutL2,44404,22,270,1.0,44404.0,69023.0,0.643322,4.64048818e-05,2.06056237,0.12738231,0.95936007,-0.583,1.500,4.261,4.2615,0.0005,1,,0,2,2,0,0,m2,1WKxQntNgmP3dtjbv3UL3DHV2JEciQTnQ4K3sr,0091f6975d5d27233a772771a48869a042d5b4f774bc6ca47a959126cc6c36d3,946685741,946685739,1,1,0,0,6.9843,278,
run4-tbt-3s,1,nazionale,3,none,true,12,278,24,1,m2,1WKxQntNgmP3dtjbv3UL3DHV2JEciQTnQ4K3sr,18080,21,258,1.0,18080.0,69023.0,0.261942,1.21281363e-07,0.00219277,0.99780964,0.00833626,-0.583,1.500,1.408,1.4084,0.0004,1,,1,1,1,1,1,m2,1WKxQntNgmP3dtjbv3UL3DHV2JEciQTnQ4K3sr,0091f6975d5d27233a772771a48869a042d5b4f774bc6ca47a959126cc6c36d3,946685741,946685739,1,1,0,0,48.9494,278,2
run4-tbt-3s,1,nazionale,3,none,true,12,278,24,1,m3,1LtuCHDRfFnaxMXGm2gmsN7NoezE7zExV3Cet8,6539,22,270,1.0,6539.0,69023.0,0.094737,0.00018873041,1.23410815,0.29109426,0.9999978,-0.583,1.500,4.383,4.3834,0.0004,1,,0,3,3,0,0,m2,1WKxQntNgmP3dtjbv3UL3DHV2JEciQTnQ4K3sr,0091f6975d5d27233a772771a48869a042d5b4f774bc6ca47a959126cc6c36d3,946685741,946685739,1,1,0,0,93.9858,278,
run4-tbt-3s,1,nazionale,3,none,true,12,279,24,1,m1,1ETD6u7wdHS6P9D1mxb1Qx3Aapa2DwAyyZutL2,44404,22,270,1.0,44404.0,69023.0,0.643322,8.05808961e-05,3.57811411,0.02792832,0.99615866,-0.333,1.500,4.422,4.4219,-0.0001,1,,0,2,2,0,0,m3,1LtuCHDRfFnaxMXGm2gmsN7NoezE7zExV3Cet8,0088be7048ffe233099a8dbd0020aaca8524654fefca40a27b8032ed3c2993e3,946685746,946685741,3,1,1,1,6.9843,278,
run4-tbt-3s,1,nazionale,3,none,true,12,279,24,1,m2,1WKxQntNgmP3dtjbv3UL3DHV2JEciQTnQ4K3sr,18080,21,258,1.0,18080.0,69023.0,0.261942,0.000151000392,2.73008709,0.06521361,0.99997024,-0.333,1.500,4.433,4.4333,0.0003,1,,0,3,3,0,0,m3,1LtuCHDRfFnaxMXGm2gmsN7NoezE7zExV3Cet8,0088be7048ffe233099a8dbd0020aaca8524654fefca40a27b8032ed3c2993e3,946685746,946685741,3,1,1,1,48.9494,278,
run4-tbt-3s,1,nazionale,3,none,true,12,279,24,1,m3,1LtuCHDRfFnaxMXGm2gmsN7NoezE7zExV3Cet8,6539,22,270,1.0,6539.0,69023.0,0.094737,1.61573939e-05,0.1056532,0.89973662,0.67216072,-0.333,1.500,3.45,3.4499,-0.0001,1,,1,1,1,1,1,m3,1LtuCHDRfFnaxMXGm2gmsN7NoezE7zExV3Cet8,0088be7048ffe233099a8dbd0020aaca8524654fefca40a27b8032ed3c2993e3,946685746,946685741,3,1,1,1,93.9858,278,1
run4-tbt-3s,1,nazionale,3,none,true,12,280,24,1,m1,1ETD6u7wdHS6P9D1mxb1Qx3Aapa2DwAyyZutL2,44404,22,270,1.0,44404.0,69023.0,0.643322,1.15479566e-05,0.51277546,0.59883124,0.54935465,-0.5,1.500,3.048,3.0481,0.0001,1,,1,1,1,1,1,m1,1ETD6u7wdHS6P9D1mxb1Qx3Aapa2DwAyyZutL2,00368b481675b13f0a77776cdaf87ab611b01ad1936fcab8ebf5e3e4e516263c,946685750,946685746,3,1,0,0,6.9843,278,1
run4-tbt-3s,1,nazionale,3,none,true,12,280,24,1,m2,1WKxQntNgmP3dtjbv3UL3DHV2JEciQTnQ4K3sr,18080,21,258,1.0,18080.0,69023.0,0.261942,4.30517445e-05,0.77837554,0.45915128,0.94877669,-0.583,1.500,4.23,4.2297,-0.0003,1,,0,2,2,0,0,m1,1ETD6u7wdHS6P9D1mxb1Qx3Aapa2DwAyyZutL2,00368b481675b13f0a77776cdaf87ab611b01ad1936fcab8ebf5e3e4e516263c,946685750,946685746,3,1,0,0,48.9494,278,
run4-tbt-3s,1,nazionale,3,none,true,12,280,24,1,m3,1LtuCHDRfFnaxMXGm2gmsN7NoezE7zExV3Cet8,6539,22,270,1.0,6539.0,69023.0,0.094737,0.000244371861,1.5979476,0.20231132,0.99999995,-0.5,1.500,4.4,4.4,-0.0,1,,0,3,3,0,0,m1,1ETD6u7wdHS6P9D1mxb1Qx3Aapa2DwAyyZutL2,00368b481675b13f0a77776cdaf87ab611b01ad1936fcab8ebf5e3e4e516263c,946685750,946685746,3,1,0,0,93.9858,278,
run4-tbt-3s,1,nazionale,3,none,true,12,281,24,1,m1,1ETD6u7wdHS6P9D1mxb1Qx3Aapa2DwAyyZutL2,44404,22,270,1.0,44404.0,69023.0,0.643322,3.22962165e-05,1.4340812,0.23833425,0.89238355,-0.583,1.500,4.06,4.0606,0.0006,1,,1,1,1,1,1,m1,1ETD6u7wdHS6P9D1mxb1Qx3Aapa2DwAyyZutL2,0040c9ebe424c7dadf2be8eeca793ac899ce7ce2108ec66716efebb7413ab37a,946685755,946685750,4,1,0,0,6.9843,278,2
run4-tbt-3s,1,nazionale,3,none,true,12,281,24,1,m2,1WKxQntNgmP3dtjbv3UL3DHV2JEciQTnQ4K3sr,18080,21,258,1.0,18080.0,69023.0,0.261942,3.65636014e-05,0.66106991,0.51629864,0.91983991,-0.583,1.500,4.143,4.1429,-0.0001,1,,0,3,3,0,0,m1,1ETD6u7wdHS6P9D1mxb1Qx3Aapa2DwAyyZutL2,0040c9ebe424c7dadf2be8eeca793ac899ce7ce2108ec66716efebb7413ab37a,946685755,946685750,4,1,0,0,48.9494,278,
run4-tbt-3s,1,nazionale,3,none,true,12,281,24,1,m3,1LtuCHDRfFnaxMXGm2gmsN7NoezE7zExV3Cet8,6539,22,270,1.0,6539.0,69023.0,0.094737,3.23942929e-05,0.21182628,0.80910524,0.8931096,-0.583,1.500,4.063,4.0627,-0.0003,1,,0,2,2,0,0,m1,1ETD6u7wdHS6P9D1mxb1Qx3Aapa2DwAyyZutL2,0040c9ebe424c7dadf2be8eeca793ac899ce7ce2108ec66716efebb7413ab37a,946685755,946685750,4,1,0,0,93.9858,278,
run4-tbt-3s,1,nazionale,3,none,true,12,282,24,1,m1,1ETD6u7wdHS6P9D1mxb1Qx3Aapa2DwAyyZutL2,44404,22,270,1.0,44404.0,69023.0,0.643322,3.27628602e-05,1.45480204,0.23344657,0.89579456,-0.75,1.500,4.037,4.0374,0.0004,1,,1,2,2,0,0,m1,1ETD6u7wdHS6P9D1mxb1Qx3Aapa2DwAyyZutL2,005d20c3692066803b3b72fd5efc39d246c8aafa9a9838f0013bc0ac1581e5ee,946685759,946685755,3,1,1,1,6.9843,278,3
run4-tbt-3s,1,nazionale,3,none,true,12,282,24,1,m2,1WKxQntNgmP3dtjbv3UL3DHV2JEciQTnQ4K3sr,18080,21,258,1.0,18080.0,69023.0,0.261942,1.3843119e-05,0.25028359,0.77857995,0.61537775,-0.75,1.500,3.196,3.1961,0.0001,1,,0,1,1,1,1,m1,1ETD6u7wdHS6P9D1mxb1Qx3Aapa2DwAyyZutL2,005d20c3692066803b3b72fd5efc39d246c8aafa9a9838f0013bc0ac1581e5ee,946685759,946685755,3,1,1,1,48.9494,278,
run4-tbt-3s,1,nazionale,3,none,true,12,282,24,1,m3,1LtuCHDRfFnaxMXGm2gmsN7NoezE7zExV3Cet8,6539,22,270,1.0,6539.0,69023.0,0.094737,4.02024786e-05,0.26288401,0.76883107,0.93764402,-0.75,1.500,4.163,4.1629,-0.0001,1,,0,3,3,0,0,m1,1ETD6u7wdHS6P9D1mxb1Qx3Aapa2DwAyyZutL2,005d20c3692066803b3b72fd5efc39d246c8aafa9a9838f0013bc0ac1581e5ee,946685759,946685755,3,1,1,1,93.9858,278,
run4-tbt-3s,1,nazionale,3,none,true,12,283,24,1,m1,1ETD6u7wdHS6P9D1mxb1Qx3Aapa2DwAyyZutL2,51006,23,282,1.0,51006.0,72057.0,0.707856,1.76573058e-05,0.90062854,0.40631419,0.71982265,-0.75,1.500,3.509,3.5095,0.0005,1,,1,1,1,1,1,m1,1ETD6u7wdHS6P9D1mxb1Qx3Aapa2DwAyyZutL2,004027893cb1e047d6ed052f30c265d0e68a695c2a0e312bf5fcb89e0e623145,946685764,946685759,3,1,1,1,6.9843,278,4
run4-tbt-3s,1,nazionale,3,none,true,12,283,24,1,m2,1WKxQntNgmP3dtjbv3UL3DHV2JEciQTnQ4K3sr,12808,23,282,1.0,12808.0,72057.0,0.177748,0.000116623634,1.4937155,0.22453684,0.99977593,-0.75,1.500,4.349,4.3493,0.0003,1,,0,2,2,0,0,m1,1ETD6u7wdHS6P9D1mxb1Qx3Aapa2DwAyyZutL2,004027893cb1e047d6ed052f30c265d0e68a695c2a0e312bf5fcb89e0e623145,946685764,946685759,3,1,1,1,48.9494,278,
run4-tbt-3s,1,nazionale,3,none,true,12,283,24,1,m3,1LtuCHDRfFnaxMXGm2gmsN7NoezE7zExV3Cet8,8243,23,282,1.0,8243.0,72057.0,0.114396,0.000204351415,1.68446871,0.18554298,0.9999996,-0.75,1.500,4.35,4.35,-0.0,1,,0,3,3,0,0,m1,1ETD6u7wdHS6P9D1mxb1Qx3Aapa2DwAyyZutL2,004027893cb1e047d6ed052f30c265d0e68a695c2a0e312bf5fcb89e0e623145,946685764,946685759,3,1,1,1,93.9858,278,
run4-tbt-3s,1,nazionale,3,none,true,12,284,24,1,m1,1ETD6u7wdHS6P9D1mxb1Qx3Aapa2DwAyyZutL2,51006,23,282,1.0,51006.0,72057.0,0.707856,1.01032296e-05,0.51532533,0.59730624,0.51713029,-0.917,1.500,2.868,2.868,-0.0,1,,1,1,1,1,1,m1,1ETD6u7wdHS6P9D1mxb1Qx3Aapa2DwAyyZutL2,0060e1e7707350581adfe1bf54290120daaa670bfd71c4948ebe0cf3818b1b15,946685767,946685764,2,1,0,0,6.9843,278,5
run4-tbt-3s,1,nazionale,3,none,true,12,284,24,1,m2,1WKxQntNgmP3dtjbv3UL3DHV2JEciQTnQ4K3sr,12808,23,282,1.0,12808.0,72057.0,0.177748,7.51815338e-05,0.96292508,0.38177453,0.99556113,-0.833,1.500,4.32,4.3201,0.0001,1,,0,2,2,0,0,m1,1ETD6u7wdHS6P9D1mxb1Qx3Aapa2DwAyyZutL2,0060e1e7707350581adfe1bf54290120daaa670bfd71c4948ebe0cf3818b1b15,946685767,946685764,2,1,0,0,48.9494,278,
run4-tbt-3s,1,nazionale,3,none,true,12,284,24,1,m3,1LtuCHDRfFnaxMXGm2gmsN7NoezE7zExV3Cet8,8243,23,282,1.0,8243.0,72057.0,0.114396,8.46048329e-05,0.69739764,0.49787928,0.99774898,-0.833,1.500,4.327,4.3266,-0.0004,1,,0,3,3,0,0,m1,1ETD6u7wdHS6P9D1mxb1Qx3Aapa2DwAyyZutL2,0060e1e7707350581adfe1bf54290120daaa670bfd71c4948ebe0cf3818b1b15,946685767,946685764,2,1,0,0,93.9858,278,
run4-tbt-3s,1,nazionale,3,none,true,12,285,24,1,m1,1ETD6u7wdHS6P9D1mxb1Qx3Aapa2DwAyyZutL2,51006,23,282,1.0,51006.0,72057.0,0.707856,2.78823372e-05,1.42216649,0.24119091,0.86589304,-0.75,1.500,3.948,3.9477,-0.0003,1,,1,2,2,0,0,m1,1ETD6u7wdHS6P9D1mxb1Qx3Aapa2DwAyyZutL2,007e9cf05b8478a4ba2f2c4a08f43a81b4f595ca48bd5d5df46dd1b9ea15a3ed,946685771,946685767,3,1,1,1,6.9843,278,6
run4-tbt-3s,1,nazionale,3,none,true,12,285,24,1,m2,1WKxQntNgmP3dtjbv3UL3DHV2JEciQTnQ4K3sr,12808,23,282,1.0,12808.0,72057.0,0.177748,1.06509848e-05,0.13641781,0.87247802,0.53581774,-0.75,1.500,2.957,2.9575,0.0005,1,,0,1,1,1,1,m1,1ETD6u7wdHS6P9D1mxb1Qx3Aapa2DwAyyZutL2,007e9cf05b8478a4ba2f2c4a08f43a81b4f595ca48bd5d5df46dd1b9ea15a3ed,946685771,946685767,3,1,1,1,48.9494,278,
run4-tbt-3s,1,nazionale,3,none,true,12,285,24,1,m3,1LtuCHDRfFnaxMXGm2gmsN7NoezE7zExV3Cet8,8243,23,282,1.0,8243.0,72057.0,0.114396,0.000173085863,1.42674677,0.24008872,0.99999617,-0.75,1.500,4.35,4.35,-0.0,1,,0,3,3,0,0,m1,1ETD6u7wdHS6P9D1mxb1Qx3Aapa2DwAyyZutL2,007e9cf05b8478a4ba2f2c4a08f43a81b4f595ca48bd5d5df46dd1b9ea15a3ed,946685771,946685767,3,1,1,1,93.9858,278,
run4-tbt-3s,1,nazionale,3,none,true,12,286,24,1,m1,1ETD6u7wdHS6P9D1mxb1Qx3Aapa2DwAyyZutL2,51006,23,282,1.0,51006.0,72057.0,0.707856,1.2428969e-05,0.63395199,0.53049116,0.59163513,-0.833,1.500,3.108,3.1083,0.0003,1,,1,1,1,1,1,m1,1ETD6u7wdHS6P9D1mxb1Qx3Aapa2DwAyyZutL2,00ac98b830c11f550c7304742a886b66714181ccf8fc9344100045dd6639f198,946685775,946685771,3,1,1,1,107.6697,286,7
run4-tbt-3s,1,nazionale,3,none,true,12,286,24,1,m2,1WKxQntNgmP3dtjbv3UL3DHV2JEciQTnQ4K3sr,12808,23,282,1.0,12808.0,72057.0,0.177748,1.28684008e-05,0.16481848,0.84804763,0.60436308,-0.833,1.500,3.146,3.1465,0.0005,1,,0,2,2,0,0,m1,1ETD6u7wdHS6P9D1mxb1Qx3Aapa2DwAyyZutL2,00ac98b830c11f550c7304742a886b66714181ccf8fc9344100045dd6639f198,946685775,946685771,3,1,1,1,49.4976,286,
run4-tbt-3s,1,nazionale,3,none,true,12,286,24,1,m3,1LtuCHDRfFnaxMXGm2gmsN7NoezE7zExV3Cet8,8243,23,282,1.0,8243.0,72057.0,0.114396,0.000175964363,1.45047424,0.23445907,0.99999689,-0.833,1.500,4.333,4.3334,0.0004,1,,0,3,3,0,0,m1,1ETD6u7wdHS6P9D1mxb1Qx3Aapa2DwAyyZutL2,00ac98b830c11f550c7304742a886b66714181ccf8fc9344100045dd6639f198,946685775,946685771,3,1,1,1,93.9548,286,
run4-tbt-3s,1,nazionale,3,none,true,12,287,24,1,m1,1ETD6u7wdHS6P9D1mxb1Qx3Aapa2DwAyyZutL2,51006,23,282,1.0,51006.0,72057.0,0.707856,1.1687593e-05,0.59613737,0.55093559,0.56922652,-0.833,1.500,3.041,3.0411,0.0001,1,,1,1,1,1,1,m1,1ETD6u7wdHS6P9D1mxb1Qx3Aapa2DwAyyZutL2,004bf3fa9323d9000034af8bce2bdd22891f04b0716c43c5cdbb0a3d3ddd9bf1,946685778,946685775,3,1,0,0,107.6697,286,8
run4-tbt-3s,1,nazionale,3,none,true,12,287,24,1,m2,1WKxQntNgmP3dtjbv3UL3DHV2JEciQTnQ4K3sr,12808,23,282,1.0,12808.0,72057.0,0.177748,2.61218595e-05,0.33456878,0.71564662,0.84775479,-0.75,1.500,3.893,3.8933,0.0003,1,,0,2,2,0,0,m1,1ETD6u7wdHS6P9D1mxb1Qx3Aapa2DwAyyZutL2,004bf3fa9323d9000034af8bce2bdd22891f04b0716c43c5cdbb0a3d3ddd9bf1,946685778,946685775,3,1,0,0,49.4976,286,
run4-tbt-3s,1,nazionale,3,none,true,12,287,24,1,m3,1LtuCHDRfFnaxMXGm2gmsN7NoezE7zExV3Cet8,8243,23,282,1.0,8243.0,72057.0,0.114396,0.000172531185,1.42217456,0.24118897,0.99999601,-0.75,1.500,4.35,4.35,-0.0,1,,0,3,3,0,0,m1,1ETD6u7wdHS6P9D1mxb1Qx3Aapa2DwAyyZutL2,004bf3fa9323d9000034af8bce2bdd22891f04b0716c43c5cdbb0a3d3ddd9bf1,946685778,946685775,3,1,0,0,93.9548,286,
run4-tbt-3s,1,nazionale,3,none,true,12,288,25,1,m1,1ETD6u7wdHS6P9D1mxb1Qx3Aapa2DwAyyZutL2,51006,23,282,1.0,51006.0,72057.0,0.707856,8.42328057e-06,0.42963785,0.65074472,0.45499283,-0.833,1.500,2.698,2.6984,0.0004,1,,1,1,1,1,1,m1,1ETD6u7wdHS6P9D1mxb1Qx3Aapa2DwAyyZutL2,00f092b0953945e3380462665534099d3a85f86f33d3ab46dbbe04bdbed5a3c6,946685781,946685778,2,1,0,0,107.6697,286,9
run4-tbt-3s,1,nazionale,3,none,true,12,288,25,1,m2,1WKxQntNgmP3dtjbv3UL3DHV2JEciQTnQ4K3sr,12808,23,282,1.0,12808.0,72057.0,0.177748,1.50768025e-05,0.19310369,0.82439649,0.66256729,-0.833,1.500,3.321,3.3211,0.0001,1,,0,2,2,0,0,m1,1ETD6u7wdHS6P9D1mxb1Qx3Aapa2DwAyyZutL2,00f092b0953945e3380462665534099d3a85f86f33d3ab46dbbe04bdbed5a3c6,946685781,946685778,2,1,0,0,49.4976,286,
run4-tbt-3s,1,nazionale,3,none,true,12,288,25,1,m3,1LtuCHDRfFnaxMXGm2gmsN7NoezE7zExV3Cet8,8243,23,282,1.0,8243.0,72057.0,0.114396,4.48181827e-05,0.36943628,0.69112382,0.96042128,-0.833,1.500,4.215,4.2147,-0.0003,1,,0,3,3,0,0,m1,1ETD6u7wdHS6P9D1mxb1Qx3Aapa2DwAyyZutL2,00f092b0953945e3380462665534099d3a85f86f33d3ab46dbbe04bdbed5a3c6,946685781,946685778,2,1,0,0,93.9548,286,
run4-tbt-3s,1,nazionale,3,none,true,12,289,25,1,m1,1ETD6u7wdHS6P9D1mxb1Qx3Aapa2DwAyyZutL2,51006,23,282,1.0,51006.0,72057.0,0.707856,2.17134642e-05,1.10751695,0.33037829,0.79082982,-0.75,1.500,3.722,3.7225,0.0005,1,,1,1,1,1,1,m1,1ETD6u7wdHS6P9D1mxb1Qx3Aapa2DwAyyZutL2,00ca47ba44ad79674cbbe74651457475ca95f6ff847ec9780ba6c6f72d0a9982,946685786,946685781,3,1,0,0,107.6697,286,10
run4-tbt-3s,1,nazionale,3,none,true,12,289,25,1,m2,1WKxQntNgmP3dtjbv3UL3DHV2JEciQTnQ4K3sr,12808,23,282,1.0,12808.0,72057.0,0.177748,2.94826382e-05,0.37761363,0.6854953,0.88049899,-0.75,1.500,3.991,3.9915,0.0005,1,,0,2,2,0,0,m1,1ETD6u7wdHS6P9D1mxb1Qx3Aapa2DwAyyZutL2,00ca47ba44ad79674cbbe74651457475ca95f6ff847ec9780ba6c6f72d0a9982,946685786,946685781,3,1,0,0,49.4976,286,
run4-tbt-3s,1,nazionale,3,none,true,12,289,25,1,m3,1LtuCHDRfFnaxMXGm2gmsN7NoezE7zExV3Cet8,8243,23,282,1.0,8243.0,72057.0,0.114396,0.000192423884,1.58615008,0.20471222,0.99999905,-0.75,1.500,4.35,4.35,-0.0,1,,0,3,3,0,0,m1,1ETD6u7wdHS6P9D1mxb1Qx3Aapa2DwAyyZutL2,00ca47ba44ad79674cbbe74651457475ca95f6ff847ec9780ba6c6f72d0a9982,946685786,946685781,3,1,0,0,93.9548,286,
run4-tbt-3s,1,nazionale,3,none,true,12,290,25,1,m1,1ETD6u7wdHS6P9D1mxb1Qx3Aapa2DwAyyZutL2,51006,23,282,1.0,51006.0,72057.0,0.707856,0.000106683604,5.44150391,0.00433296,0.99954139,-0.917,1.500,4.315,4.3152,0.0002,1,,1,3,3,0,0,m1,1ETD6u7wdHS6P9D1mxb1Qx3Aapa2DwAyyZutL2,0077b7d0aec88a91f2ef9652b68f415d6512bbacb74ad9ad229ed85f148e38c7,946685790,946685786,4,1,1,1,107.6697,286,11
run4-tbt-3s,1,nazionale,3,none,true,12,290,25,1,m2,1WKxQntNgmP3dtjbv3UL3DHV2JEciQTnQ4K3sr,12808,23,282,1.0,12808.0,72057.0,0.177748,1.95313551e-05,0.2501576,0.77867806,0.75521398,-0.917,1.500,3.582,3.5822,0.0002,1,,0,1,1,1,1,m1,1ETD6u7wdHS6P9D1mxb1Qx3Aapa2DwAyyZutL2,0077b7d0aec88a91f2ef9652b68f415d6512bbacb74ad9ad229ed85f148e38c7,946685790,946685786,4,1,1,1,49.4976,286,
run4-tbt-3s,1,nazionale,3,none,true,12,290,25,1,m3,1LtuCHDRfFnaxMXGm2gmsN7NoezE7zExV3Cet8,8243,23,282,1.0,8243.0,72057.0,0.114396,5.20763062e-05,0.42926499,0.6509874,0.97654009,-0.917,1.500,4.246,4.2462,0.0002,1,,0,2,2,0,0,m1,1ETD6u7wdHS6P9D1mxb1Qx3Aapa2DwAyyZutL2,0077b7d0aec88a91f2ef9652b68f415d6512bbacb74ad9ad229ed85f148e38c7,946685790,946685786,4,1,1,1,93.9548,286,
run4-tbt-3s,1,nazionale,3,none,true,12,291,25,1,m1,1ETD6u7wdHS6P9D1mxb1Qx3Aapa2DwAyyZutL2,51006,23,282,1.0,51006.0,72057.0,0.707856,4.464627e-05,2.27722765,0.10256817,0.95992795,-1.083,1.500,4.163,4.1632,0.0002,1,,1,1,1,1,1,m1,1ETD6u7wdHS6P9D1mxb1Qx3Aapa2DwAyyZutL2,000dad3bef12e269411a6e8a73d644de3d27fbcbaf5f645ba1accd312ecd01a7,946685794,946685790,4,1,0,0,107.6697,286,12
run4-tbt-3s,1,nazionale,3,none,true,12,291,25,1,m2,1WKxQntNgmP3dtjbv3UL3DHV2JEciQTnQ4K3sr,12808,23,282,1.0,12808.0,72057.0,0.177748,0.000101289211,1.29731221,0.27326529,0.99932351,-1.083,1.500,4.281,4.2814,0.0004,1,,0,3,3,0,0,m1,1ETD6u7wdHS6P9D1mxb1Qx3Aapa2DwAyyZutL2,000dad3bef12e269411a6e8a73d644de3d27fbcbaf5f645ba1accd312ecd01a7,946685794,946685790,4,1,0,0,49.4976,286,
run4-tbt-3s,1,nazionale,3,none,true,12,291,25,1,m3,1LtuCHDRfFnaxMXGm2gmsN7NoezE7zExV3Cet8,8243,23,282,1.0,8243.0,72057.0,0.114396,5.22957418e-05,0.4310738,0.64981095,0.97690812,-1.083,1.500,4.214,4.2141,0.0001,1,,0,2,2,0,0,m1,1ETD6u7wdHS6P9D1mxb1Qx3Aapa2DwAyyZutL2,000dad3bef12e269411a6e8a73d644de3d27fbcbaf5f645ba1accd312ecd01a7,946685794,946685790,4,1,0,0,93.9548,286,
run4-tbt-3s,1,nazionale,3,none,true,12,292,25,1,m1,1ETD6u7wdHS6P9D1mxb1Qx3Aapa2DwAyyZutL2,51006,23,282,1.0,51006.0,72057.0,0.707856,6.20577812e-06,0.31653192,0.72867175,0.36056465,-1.0,1.500,2.382,2.3817,-0.0003,1,,1,1,1,1,1,m1,1ETD6u7wdHS6P9D1mxb1Qx3Aapa2DwAyyZutL2,00a8c9afa0ac6906fad7340f90c161e430868db76628acf2dc0435d8918b4421,946685798,946685794,2,1,0,0,107.6697,286,13
run4-tbt-3s,1,nazionale,3,none,true,12,292,25,1,m2,1WKxQntNgmP3dtjbv3UL3DHV2JEciQTnQ4K3sr,12808,23,282,1.0,12808.0,72057.0,0.177748,0.000143484103,1.83774439,0.15917606,0.99996765,-1.0,1.500,4.3,4.2999,-0.0001,1,,0,3,3,0,0,m1,1ETD6u7wdHS6P9D1mxb1Qx3Aapa2DwAyyZutL2,00a8c9afa0ac6906fad7340f90c161e430868db76628acf2dc0435d8918b4421,946685798,946685794,2,1,0,0,49.4976,286,
run4-tbt-3s,1,nazionale,3,none,true,12,292,25,1,m3,1LtuCHDRfFnaxMXGm2gmsN7NoezE7zExV3Cet8,8243,23,282,1.0,8243.0,72057.0,0.114396,9.38421263e-05,0.77354065,0.4613766,0.99884307,-1.0,1.500,4.297,4.2965,-0.0005,1,,0,2,2,0,0,m1,1ETD6u7wdHS6P9D1mxb1Qx3Aapa2DwAyyZutL2,00a8c9afa0ac6906fad7340f90c161e430868db76628acf2dc0435d8918b4421,946685798,946685794,2,1,0,0,93.9548,286,
run4-tbt-3s,1,nazionale,3,none,true,12,293,25,1,m1,1ETD6u7wdHS6P9D1mxb1Qx3Aapa2DwAyyZutL2,51006,23,282,1.0,51006.0,72057.0,0.707856,8.43549842e-06,0.43026103,0.65033931,0.45547243,-1.0,1.500,2.666,2.6664,0.0004,1,,1,1,1,1,1,m1,1ETD6u7wdHS6P9D1mxb1Qx3Aapa2DwAyyZutL2,00adf062639170cde2bd6b341b35aa6326310e21451905f90916f12bbdfac6b0,946685801,946685798,2,1,0,0,107.6697,286,14
run4-tbt-3s,1,nazionale,3,none,true,12,293,25,1,m2,1WKxQntNgmP3dtjbv3UL3DHV2JEciQTnQ4K3sr,12808,23,282,1.0,12808.0,72057.0,0.177748,1.94510171e-05,0.24912863,0.7794797,0.75379283,-1.0,1.500,3.561,3.5614,0.0004,1,,0,2,2,0,0,m1,1ETD6u7wdHS6P9D1mxb1Qx3Aapa2DwAyyZutL2,00adf062639170cde2bd6b341b35aa6326310e21451905f90916f12bbdfac6b0,946685801,946685798,2,1,0,0,49.4976,286,
run4-tbt-3s,1,nazionale,3,none,true,12,293,25,1,m3,1LtuCHDRfFnaxMXGm2gmsN7NoezE7zExV3Cet8,8243,23,282,1.0,8243.0,72057.0,0.114396,8.41944526e-05,0.69401487,0.49956634,0.99768142,-1.0,1.500,4.293,4.293,0.0,1,,0,3,3,0,0,m1,1ETD6u7wdHS6P9D1mxb1Qx3Aapa2DwAyyZutL2,00adf062639170cde2bd6b341b35aa6326310e21451905f90916f12bbdfac6b0,946685801,946685798,2,1,0,0,93.9548,286,
run4-tbt-3s,1,nazionale,3,none,true,12,294,25,1,m1,1ETD6u7wdHS6P9D1mxb1Qx3Aapa2DwAyyZutL2,51006,23,282,1.0,51006.0,72057.0,0.707856,4.43937291e-05,2.26434655,0.1038979,0.95919207,-0.833,1.500,4.211,4.211,-0.0,1,,1,2,2,0,0,m1,1ETD6u7wdHS6P9D1mxb1Qx3Aapa2DwAyyZutL2,004f49c0b9dab6ef337460987fafed18f763460d45736fa29df1b69c05344d0e,946685805,946685801,4,1,0,0,7.6439,294,15
run4-tbt-3s,1,nazionale,3,none,true,12,294,25,1,m2,1WKxQntNgmP3dtjbv3UL3DHV2JEciQTnQ4K3sr,12808,23,282,1.0,12808.0,72057.0,0.177748,3.0961636e-05,0.39655663,0.67263218,0.89257932,-0.833,1.500,4.011,4.0111,0.0001,1,,0,1,1,1,1,m1,1ETD6u7wdHS6P9D1mxb1Qx3Aapa2DwAyyZutL2,004f49c0b9dab6ef337460987fafed18f763460d45736fa29df1b69c05344d0e,946685805,946685801,4,1,0,0,20.819,294,
run4-tbt-3s,1,nazionale,3,none,true,12,294,25,1,m3,1LtuCHDRfFnaxMXGm2gmsN7NoezE7zExV3Cet8,8243,23,282,1.0,8243.0,72057.0,0.114396,0.000192276806,1.58493771,0.20496056,0.99999904,-0.833,1.500,4.333,4.3334,0.0004,1,,0,3,3,0,0,m1,1ETD6u7wdHS6P9D1mxb1Qx3Aapa2DwAyyZutL2,004f49c0b9dab6ef337460987fafed18f763460d45736fa29df1b69c05344d0e,946685805,946685801,4,1,0,0,75.5186,294,
run4-tbt-3s,1,nazionale,3,none,true,12,295,25,1,m1,1ETD6u7wdHS6P9D1mxb1Qx3Aapa2DwAyyZutL2,52503,24,294,1.0,52503.0,78826.0,0.666062,2.59763678e-05,1.36383724,0.2556778,0.87095746,-0.833,1.500,3.946,3.9463,0.0003,1,,1,1,1,1,1,m1,1ETD6u7wdHS6P9D1mxb1Qx3Aapa2DwAyyZutL2,00e310c63a422507eb6b9fa0932214f679cfc3824e1bbc5629a116b0a59e232c,946685810,946685805,3,1,0,0,7.6439,294,16
run4-tbt-3s,1,nazionale,3,none,true,12,295,25,1,m2,1WKxQntNgmP3dtjbv3UL3DHV2JEciQTnQ4K3sr,18080,24,294,1.0,18080.0,78826.0,0.229366,7.5553842e-05,1.36601346,0.25512199,0.99740873,-0.833,1.500,4.326,4.3256,-0.0004,1,,0,2,2,0,0,m1,1ETD6u7wdHS6P9D1mxb1Qx3Aapa2DwAyyZutL2,00e310c63a422507eb6b9fa0932214f679cfc3824e1bbc5629a116b0a59e232c,946685810,946685805,3,1,0,0,20.819,294,
run4-tbt-3s,1,nazionale,3,none,true,12,295,25,1,m3,1LtuCHDRfFnaxMXGm2gmsN7NoezE7zExV3Cet8,8243,23,282,1.0,8243.0,78826.0,0.104572,0.000217663622,1.79420124,0.1662602,0.99999996,-0.833,1.500,4.333,4.3334,0.0004,1,,0,3,3,0,0,m1,1ETD6u7wdHS6P9D1mxb1Qx3Aapa2DwAyyZutL2,00e310c63a422507eb6b9fa0932214f679cfc3824e1bbc5629a116b0a59e232c,946685810,946685805,3,1,0,0,75.5186,294,
run4-tbt-3s,1,nazionale,3,none,true,12,296,25,1,m1,1ETD6u7wdHS6P9D1mxb1Qx3Aapa2DwAyyZutL2,52503,24,294,1.0,52503.0,78826.0,0.666062,4.19367819e-05,2.20180686,0.11060313,0.96332679,-0.833,1.500,4.223,4.2234,0.0004,1,,1,3,3,0,0,m1,1ETD6u7wdHS6P9D1mxb1Qx3Aapa2DwAyyZutL2,001ce1338410c99e1b749ac888a46080329217fba2179c6386db142c06b1cf66,946685814,946685810,4,1,1,1,7.6439,294,17
run4-tbt-3s,1,nazionale,3,none,true,12,296,25,1,m2,1WKxQntNgmP3dtjbv3UL3DHV2JEciQTnQ4K3sr,18080,24,294,1.0,18080.0,78826.0,0.229366,4.05237312e-05,0.73266906,0.48062446,0.95900576,-0.833,1.500,4.21,4.2104,0.0004,1,,0,2,2,0,0,m1,1ETD6u7wdHS6P9D1mxb1Qx3Aapa2DwAyyZutL2,001ce1338410c99e1b749ac888a46080329217fba2179c6386db142c06b1cf66,946685814,946685810,4,1,1,1,20.819,294,
run4-tbt-3s,1,nazionale,3,none,true,12,296,25,1,m3,1LtuCHDRfFnaxMXGm2gmsN7NoezE7zExV3Cet8,8243,23,282,1.0,8243.0,78826.0,0.104572,6.5516665e-06,0.05400539,0.947427,0.40336018,-0.833,1.500,2.543,2.5435,0.0005,1,,0,1,1,1,1,m1,1ETD6u7wdHS6P9D1mxb1Qx3Aapa2DwAyyZutL2,001ce1338410c99e1b749ac888a46080329217fba2179c6386db142c06b1cf66,946685814,946685810,4,1,1,1,75.5186,294,
run4-tbt-3s,1,nazionale,3,none,true,12,297,25,1,m1,1ETD6u7wdHS6P9D1mxb1Qx3Aapa2DwAyyZutL2,52503,24,294,1.0,52503.0,78826.0,0.666062,1.40135492e-05,0.73575337,0.47914435,0.66866722,-0.917,1.500,3.323,3.3226,-0.0004,1,,1,1,1,1,1,m1,1ETD6u7wdHS6P9D1mxb1Qx3Aapa2DwAyyZutL2,00972dcf4444b03a6d0f4bb850088970c1ccbe562ea29a685ec559cb6e0030e8,946685819,946685814,3,1,0,0,7.6439,294,18
run4-tbt-3s,1,nazionale,3,none,true,12,297,25,1,m2,1WKxQntNgmP3dtjbv3UL3DHV2JEciQTnQ4K3sr,18080,24,294,1.0,18080.0,78826.0,0.229366,9.07736923e-05,1.64118836,0.19374966,0.99921931,-0.917,1.500,4.314,4.3143,0.0003,1,,0,3,2,0,0,m1,1ETD6u7wdHS6P9D1mxb1Qx3Aapa2DwAyyZutL2,00972dcf4444b03a6d0f4bb850088970c1ccbe562ea29a685ec559cb6e0030e8,946685819,946685814,3,1,0,0,20.819,294,
run4-tbt-3s,1,nazionale,3,none,true,12,297,25,1,m3,1LtuCHDRfFnaxMXGm2gmsN7NoezE7zExV3Cet8,8243,23,282,1.0,8243.0,78826.0,0.104572,0.00031283479,2.57869717,0.07587279,1.0,-1.0,1.500,4.3,4.3,-0.0,1,,0,2,3,0,0,m1,1ETD6u7wdHS6P9D1mxb1Qx3Aapa2DwAyyZutL2,00972dcf4444b03a6d0f4bb850088970c1ccbe562ea29a685ec559cb6e0030e8,946685819,946685814,3,1,0,0,75.5186,294,
run4-tbt-3s,1,nazionale,3,none,true,12,298,25,1,m1,1ETD6u7wdHS6P9D1mxb1Qx3Aapa2DwAyyZutL2,52503,24,294,1.0,52503.0,78826.0,0.666062,1.53585676e-05,0.80637087,0.44647544,0.70199781,-1.0,1.500,3.406,3.406,-0.0,1,,1,2,2,0,0,m1,1ETD6u7wdHS6P9D1mxb1Qx3Aapa2DwAyyZutL2,00b29b6ff8af4e9716f8e6d2d0572057f9f4355d365d33e068c05d49f4c52422,946685823,946685819,3,1,1,1,7.6439,294,19
run4-tbt-3s,1,nazionale,3,none,true,12,298,25,1,m2,1WKxQntNgmP3dtjbv3UL3DHV2JEciQTnQ4K3sr,18080,24,294,1.0,18080.0,78826.0,0.229366,8.77599996e-06,0.15867008,0.85327783,0.49931443,-1.0,1.500,2.798,2.7979,-0.0001,1,,0,1,1,1,1,m1,1ETD6u7wdHS6P9D1mxb1Qx3Aapa2DwAyyZutL2,00b29b6ff8af4e9716f8e6d2d0572057f9f4355d365d33e068c05d49f4c52422,946685823,946685819,3,1,1,1,20.819,294,
run4-tbt-3s,1,nazionale,3,none,true,12,298,25,1,m3,1LtuCHDRfFnaxMXGm2gmsN7NoezE7zExV3Cet8,8243,23,282,1.0,8243.0,78826.0,0.104572,0.00023275171,1.91857235,0.14681642,0.99999999,-1.0,1.500,4.3,4.3,-0.0,1,,0,3,3,0,0,m1,1ETD6u7wdHS6P9D1mxb1Qx3Aapa2DwAyyZutL2,00b29b6ff8af4e9716f8e6d2d0572057f9f4355d365d33e068c05d49f4c52422,946685823,946685819,3,1,1,1,75.5186,294,
run4-tbt-3s,1,nazionale,3,none,true,12,299,25,1,m1,1ETD6u7wdHS6P9D1mxb1Qx3Aapa2DwAyyZutL2,52503,24,294,1.0,52503.0,78826.0,0.666062,3.2062587e-05,1.68338201,0.18574472,0.92013084,-1.0,1.500,4.06,4.0604,0.0004,1,,1,1,1,1,1,m1,1ETD6u7wdHS6P9D1mxb1Qx3Aapa2DwAyyZutL2,00a2412b45de450739cb62d0972581c330cef55602ee62a19bc51904be93ee7d,946685827,946685823,4,1,1,1,7.6439,294,20
run4-tbt-3s,1,nazionale,3,none,true,12,299,25,1,m2,1WKxQntNgmP3dtjbv3UL3DHV2JEciQTnQ4K3sr,18080,24,294,1.0,18080.0,78826.0,0.229366,4.61944962e-05,0.83519649,0.43378924,0.97378248,-1.0,1.500,4.221,4.2213,0.0003,1,,0,2,2,0,0,m1,1ETD6u7wdHS6P9D1mxb1Qx3Aapa2DwAyyZutL2,00a2412b45de450739cb62d0972581c330cef55602ee62a19bc51904be93ee7d,946685827,946685823,4,1,1,1,20.819,294,
run4-tbt-3s,1,nazionale,3,none,true,12,299,25,1,m3,1LtuCHDRfFnaxMXGm2gmsN7NoezE7zExV3Cet8,8243,23,282,1.0,8243.0,78826.0,0.104572,0.000150626704,1.24161592,0.28891697,0.99999303,-1.0,1.500,4.3,4.3,-0.0,1,,0,3,3,0,0,m1,1ETD6u7wdHS6P9D1mxb1Qx3Aapa2DwAyyZutL2,00a2412b45de450739cb62d0972581c330cef55602ee62a19bc51904be93ee7d,946685827,946685823,4,1,1,1,75.5186,294,
run4-tbt-3s,1,nazionale,3,none,true,12,300,26,1,m1,1ETD6u7wdHS6P9D1mxb1Qx3Aapa2DwAyyZutL2,52503,24,294,1.0,52503.0,78826.0,0.666062,2.05978964e-06,0.10814514,0.89749733,0.14986913,-1.083,1.500,1.733,1.733,0.0,1,,1,1,1,1,1,m1,1ETD6u7wdHS6P9D1mxb1Qx3Aapa2DwAyyZutL2,0011147fed6da1d01009116dc4b8c87da227de43e63fbca2f6428e208875f5f2,946685830,946685827,1,1,0,0,7.6439,294,21
run4-tbt-3s,1,nazionale,3,none,true,12,300,26,1,m2,1WKxQntNgmP3dtjbv3UL3DHV2JEciQTnQ4K3sr,18080,24,294,1.0,18080.0,78826.0,0.229366,4.19401472e-05,0.75827786,0.46847251,0.96333652,-1.083,1.500,4.173,4.1734,0.0004,1,,0,2,2,0,0,m1,1ETD6u7wdHS6P9D1mxb1Qx3Aapa2DwAyyZutL2,0011147fed6da1d01009116dc4b8c87da227de43e63fbca2f6428e208875f5f2,946685830,946685827,1,1,0,0,20.819,294,
run4-tbt-3s,1,nazionale,3,none,true,12,300,26,1,m3,1LtuCHDRfFnaxMXGm2gmsN7NoezE7zExV3Cet8,8243,23,282,1.0,8243.0,78826.0,0.104572,0.000243600706,2.00800062,0.13425684,1.0,-1.083,1.500,4.283,4.2834,0.0004,1,,0,3,3,0,0,m1,1ETD6u7wdHS6P9D1mxb1Qx3Aapa2DwAyyZutL2,0011147fed6da1d01009116dc4b8c87da227de43e63fbca2f6428e208875f5f2,946685830,946685827,1,1,0,0,75.5186,294,
run4-tbt-3s,1,nazionale,3,none,true,12,301,26,1,m1,1ETD6u7wdHS6P9D1mxb1Qx3Aapa2DwAyyZutL2,52503,24,294,1.0,52503.0,78826.0,0.666062,7.18412394e-05,3.77188059,0.02300875,0.99652777,-1.083,1.500,4.273,4.273,-0.0,1,,1,2,2,0,0,m1,1ETD6u7wdHS6P9D1mxb1Qx3Aapa2DwAyyZutL2,00b819f588e97c306d425c0362948304cd0ff7a830834600785e546d194ab820,946685834,946685830,4,1,0,0,7.1222,301,22
run4-tbt-3s,1,nazionale,3,none,true,12,301,26,1,m2,1WKxQntNgmP3dtjbv3UL3DHV2JEciQTnQ4K3sr,18080,24,294,1.0,18080.0,78826.0,0.229366,8.09626986e-05,1.46380559,0.23135416,0.99830821,-1.083,1.500,4.278,4.2783,0.0003,1,,0,3,3,0,0,m1,1ETD6u7wdHS6P9D1mxb1Qx3Aapa2DwAyyZutL2,00b819f588e97c306d425c0362948304cd0ff7a830834600785e546d194ab820,946685834,946685830,4,1,0,0,20.819,301,
run4-tbt-3s,1,nazionale,3,none,true,12,301,26,1,m3,1LtuCHDRfFnaxMXGm2gmsN7NoezE7zExV3Cet8,8243,23,282,1.0,8243.0,78826.0,0.104572,5.93185032e-05,0.48896242,0.61326237,0.99068231,-1.083,1.500,4.255,4.2554,0.0004,1,,0,1,1,1,1,m1,1ETD6u7wdHS6P9D1mxb1Qx3Aapa2DwAyyZutL2,00b819f588e97c306d425c0362948304cd0ff7a830834600785e546d194ab820,946685834,946685830,4,1,0,0,75.5186,301,
run4-tbt-3s,1,nazionale,3,none,true,12,302,26,1,m1,1ETD6u7wdHS6P9D1mxb1Qx3Aapa2DwAyyZutL2,52503,24,294,1.0,52503.0,78826.0,0.666062,6.04650443e-06,0.31745962,0.72799608,0.37912267,-1.0,1.500,2.437,2.4374,0.0004,1,,0,1,1,1,1,m3,1LtuCHDRfFnaxMXGm2gmsN7NoezE7zExV3Cet8,00c001c9f738fa5bf4ff00f1177d5dc4d0e83b70c797f7d65a256ffa596aa586,946685838,946685834,3,1,1,1,7.1222,301,
run4-tbt-3s,1,nazionale,3,none,true,12,302,26,1,m2,1WKxQntNgmP3dtjbv3UL3DHV2JEciQTnQ4K3sr,18080,24,294,1.0,18080.0,78826.0,0.229366,1.32408159e-05,0.23939395,0.78710474,0.64785792,-1.0,1.500,3.244,3.2436,-0.0004,1,,0,2,2,0,0,m3,1LtuCHDRfFnaxMXGm2gmsN7NoezE7zExV3Cet8,00c001c9f738fa5bf4ff00f1177d5dc4d0e83b70c797f7d65a256ffa596aa586,946685838,946685834,3,1,1,1,20.819,301,
run4-tbt-3s,1,nazionale,3,none,true,12,302,26,1,m3,1LtuCHDRfFnaxMXGm2gmsN7NoezE7zExV3Cet8,8243,23,282,1.0,8243.0,78826.0,0.104572,1.34760954e-05,0.11108345,0.89486407,0.65432861,-1.0,1.500,3.263,3.263,-0.0,1,,1,3,3,0,0,m3,1LtuCHDRfFnaxMXGm2gmsN7NoezE7zExV3Cet8,00c001c9f738fa5bf4ff00f1177d5dc4d0e83b70c797f7d65a256ffa596aa586,946685838,946685834,3,1,1,1,75.5186,301,1
run4-tbt-3s,1,nazionale,3,none,true,12,303,26,1,m1,1ETD6u7wdHS6P9D1mxb1Qx3Aapa2DwAyyZutL2,52503,24,294,1.0,52503.0,78826.0,0.666062,3.41306387e-05,1.79196092,0.16663309,0.93214497,-0.917,1.500,4.113,4.113,0.0,1,,0,2,2,0,0,m3,1LtuCHDRfFnaxMXGm2gmsN7NoezE7zExV3Cet8,00050ecfe525917c3ca66e903f13e5b561317cb43d6439d8d902b8a89e3223ca,946685841,946685838,3,1,0,0,7.1222,301,
run4-tbt-3s,1,nazionale,3,none,true,12,303,26,1,m2,1WKxQntNgmP3dtjbv3UL3DHV2JEciQTnQ4K3sr,18080,24,294,1.0,18080.0,78826.0,0.229366,5.46652146e-05,0.98834708,0.37219139,0.98655355,-0.917,1.500,4.276,4.2763,0.0003,1,,0,3,3,0,0,m3,1LtuCHDRfFnaxMXGm2gmsN7NoezE7zExV3Cet8,00050ecfe525917c3ca66e903f13e5b561317cb43d6439d8d902b8a89e3223ca,946685841,946685838,3,1,0,0,20.819,301,
run4-tbt-3s,1,nazionale,3,none,true,12,303,26,1,m3,1LtuCHDRfFnaxMXGm2gmsN7NoezE7zExV3Cet8,8243,23,282,1.0,8243.0,78826.0,0.104572,1.3284686e-05,0.10950567,0.89627709,0.64907356,-1.0,1.500,3.247,3.2472,0.0002,1,,1,1,1,1,1,m3,1LtuCHDRfFnaxMXGm2gmsN7NoezE7zExV3Cet8,00050ecfe525917c3ca66e903f13e5b561317cb43d6439d8d902b8a89e3223ca,946685841,946685838,3,1,0,0,75.5186,301,2
run4-tbt-3s,1,nazionale,3,none,true,12,304,26,1,m1,1ETD6u7wdHS6P9D1mxb1Qx3Aapa2DwAyyZutL2,52503,24,294,1.0,52503.0,78826.0,0.666062,5.37340678e-06,0.28211998,0.7541832,0.34529083,-0.917,1.500,2.353,2.3525,-0.0005,1,,0,2,2,0,0,m3,1LtuCHDRfFnaxMXGm2gmsN7NoezE7zExV3Cet8,000152c17d58763e94ccb2f793c5e02a7fe27f4e2209be0539cd0f628d6621a2,946685843,946685841,2,1,0,0,7.1222,301,
run4-tbt-3s,1,nazionale,3,none,true,12,304,26,1,m2,1WKxQntNgmP3dtjbv3UL3DHV2JEciQTnQ4K3sr,18080,24,294,1.0,18080.0,78826.0,0.229366,2.53419323e-05,0.45818214,0.63243228,0.86433995,-0.917,1.500,3.91,3.9096,-0.0004,1,,0,3,3,0,0,m3,1LtuCHDRfFnaxMXGm2gmsN7NoezE7zExV3Cet8,000152c17d58763e94ccb2f793c5e02a7fe27f4e2209be0539cd0f628d6621a2,946685843,946685841,2,1,0,0,20.819,301,
run4-tbt-3s,1,nazionale,3,none,true,12,304,26,1,m3,1LtuCHDRfFnaxMXGm2gmsN7NoezE7zExV3Cet8,8243,23,282,1.0,8243.0,78826.0,0.104572,3.8632429e-06,0.03184471,0.96865699,0.26252566,-0.917,1.500,2.104,2.1042,0.0002,1,,1,1,1,1,1,m3,1LtuCHDRfFnaxMXGm2gmsN7NoezE7zExV3Cet8,000152c17d58763e94ccb2f793c5e02a7fe27f4e2209be0539cd0f628d6621a2,946685843,946685841,2,1,0,0,75.5186,301,3
run4-tbt-3s,1,nazionale,3,none,true,12,305,26,1,m1,1ETD6u7wdHS6P9D1mxb1Qx3Aapa2DwAyyZutL2,52503,24,294,1.0,52503.0,78826.0,0.666062,3.55302172e-06,0.1865443,0.8298218,0.24426953,-0.75,1.500,2.083,2.0828,-0.0002,1,,1,1,1,1,1,m1,1ETD6u7wdHS6P9D1mxb1Qx3Aapa2DwAyyZutL2,00d179468a0603482308d9e5663b57014e8eb843dab1e99bc5c5ff42ffa4127a,946685846,946685843,2,1,0,0,7.1222,301,1
run4-tbt-3s,1,nazionale,3,none,true,12,305,26,1,m2,1WKxQntNgmP3dtjbv3UL3DHV2JEciQTnQ4K3sr,18080,24,294,1.0,18080.0,78826.0,0.229366,7.08645761e-05,1.28123154,0.2776951,0.99624989,-0.75,1.500,4.339,4.3387,-0.0003,1,,0,3,3,0,0,m1,1ETD6u7wdHS6P9D1mxb1Qx3Aapa2DwAyyZutL2,00d179468a0603482308d9e5663b57014e8eb843dab1e99bc5c5ff42ffa4127a,946685846,946685843,2,1,0,0,20.819,301,
run4-tbt-3s,1,nazionale,3,none,true,12,305,26,1,m3,1LtuCHDRfFnaxMXGm2gmsN7NoezE7zExV3Cet8,8243,23,282,1.0,8243.0,78826.0,0.104572,4.39507645e-05,0.36228615,0.69608315,0.9687102,-0.75,1.500,4.256,4.2561,0.0001,1,,0,2,2,0,0,m1,1ETD6u7wdHS6P9D1mxb1Qx3Aapa2DwAyyZutL2,00d179468a0603482308d9e5663b57014e8eb843dab1e99bc5c5ff42ffa4127a,946685846,946685843,2,1,0,0,75.5186,301,
run4-tbt-3s,1,nazionale,3,none,true,12,306,26,1,m1,1ETD6u7wdHS6P9D1mxb1Qx3Aapa2DwAyyZutL2,52503,24,294,1.0,52503.0,78826.0,0.666062,3.44306904e-05,1.80771454,0.16402859,0.93373104,-0.75,1.500,4.151,4.1512,0.0002,1,,0,2,2,0,0,m2,1WKxQntNgmP3dtjbv3UL3DHV2JEciQTnQ4K3sr,00c91cd6cb0ddec0ace763fed276a93ecf21d0d84df87b57609cfbe6b8ef12e0,946685850,946685846,3,1,1,1,7.1222,301,
run4-tbt-3s,1,nazionale,3,none,true,12,306,26,1,m2,1WKxQntNgmP3dtjbv3UL3DHV2JEciQTnQ4K3sr,18080,24,294,1.0,18080.0,78826.0,0.229366,1.06252786e-05,0.19210504,0.82522019,0.56722971,-0.75,1.500,3.052,3.0517,-0.0003,1,,1,1,1,1,1,m2,1WKxQntNgmP3dtjbv3UL3DHV2JEciQTnQ4K3sr,00c91cd6cb0ddec0ace763fed276a93ecf21d0d84df87b57609cfbe6b8ef12e0,946685850,946685846,3,1,1,1,20.819,301,1
run4-tbt-3s,1,nazionale,3,none,true,12,306,26,1,m3,1LtuCHDRfFnaxMXGm2gmsN7NoezE7zExV3Cet8,8243,23,282,1.0,8243.0,78826.0,0.104572,8.77218514e-05,0.72309122,0.48524992,0.99900698,-0.75,1.500,4.347,4.347,0.0,1,,0,3,3,0,0,m2,1WKxQntNgmP3dtjbv3UL3DHV2JEciQTnQ4K3sr,00c91cd6cb0ddec0ace763fed276a93ecf21d0d84df87b57609cfbe6b8ef12e0,946685850,946685846,3,1,1,1,75.5186,301,
run4-tbt-3s,1,nazionale,3,none,true,12,307,26,1,m1,1ETD6u7wdHS6P9D1mxb1Qx3Aapa2DwAyyZutL2,52503,24,294,1.0,52503.0,78864.0,0.665741,3.02305238e-05,1.58719319,0.2044988,0.90782811,-0.833,1.500,4.057,4.0569,-0.0001,1,,0,2,2,0,0,m2,1WKxQntNgmP3dtjbv3UL3DHV2JEciQTnQ4K3sr,000f58f4568bc4f98cde936c24aeaace57896d49b0c2ef923857694b04bf62df,946685854,946685850,3,1,0,0,7.1222,301,
run4-tbt-3s,1,nazionale,3,none,true,12,307,26,1,m2,1WKxQntNgmP3dtjbv3UL3DHV2JEciQTnQ4K3sr,20535,25,306,1.0,20535.0,78864.0,0.260385,1.05383152e-05,0.2164043,0.80540961,0.56442736,-0.75,1.500,3.043,3.0433,0.0003,1,,1,1,1,1,1,m2,1WKxQntNgmP3dtjbv3UL3DHV2JEciQTnQ4K3sr,000f58f4568bc4f98cde936c24aeaace57896d49b0c2ef923857694b04bf62df,946685854,946685850,3,1,0,0,20.819,301,2
run4-tbt-3s,1,nazionale,3,none,true,12,307,26,1,m3,1LtuCHDRfFnaxMXGm2gmsN7NoezE7zExV3Cet8,5826,25,306,1.0,5826.0,78864.0,0.073874,0.000620421859,3.61457775,0.02692829,1.0,-0.75,1.500,4.35,4.35,0.0,1,,0,3,3,0,0,m2,1WKxQntNgmP3dtjbv3UL3DHV2JEciQTnQ4K3sr,000f58f4568bc4f98cde936c24aeaace57896d49b0c2ef923857694b04bf62df,946685854,946685850,3,1,0,0,75.5186,301,
run4-tbt-3s,1,nazionale,3,none,true,12,308,26,1,m1,1ETD6u7wdHS6P9D1mxb1Qx3Aapa2DwAyyZutL2,52503,24,294,1.0,52503.0,78864.0,0.665741,6.19505271e-07,0.03252589,0.96799739,0.04768238,-0.667,1.500,1.51,1.5096,-0.0004,1,,1,1,1,1,1,m1,1ETD6u7wdHS6P9D1mxb1Qx3Aapa2DwAyyZutL2,00386f2492a4d5a94147ca742c8491131d82187ba9c3649619fd58a9548f72ca,946685857,946685854,1,1,0,0,7.1222,301,1
run4-tbt-3s,1,nazionale,3,none,true,12,308,26,1,m2,1WKxQntNgmP3dtjbv3UL3DHV2JEciQTnQ4K3sr,20535,25,306,1.0,20535.0,78864.0,0.260385,1.79328578e-05,0.36825123,0.69194332,0.7568938,-0.667,1.500,3.637,3.6373,0.0003,1,,0,2,2,0,0,m1,1ETD6u7wdHS6P9D1mxb1Qx3Aapa2DwAyyZutL2,00386f2492a4d5a94147ca742c8491131d82187ba9c3649619fd58a9548f72ca,946685857,946685854,1,1,0,0,20.819,301,
run4-tbt-3s,1,nazionale,3,none,true,12,308,26,1,m3,1LtuCHDRfFnaxMXGm2gmsN7NoezE7zExV3Cet8,5826,25,306,1.0,5826.0,78864.0,0.073874,3.90274516e-05,0.22737393,0.79662284,0.95394233,-0.667,1.500,4.228,4.2284,0.0004,1,,0,3,3,0,0,m1,1ETD6u7wdHS6P9D1mxb1Qx3Aapa2DwAyyZutL2,00386f2492a4d5a94147ca742c8491131d82187ba9c3649619fd58a9548f72ca,946685857,946685854,1,1,0,0,75.5186,301,
run4-tbt-3s,1,nazionale,3,none,true,12,309,26,1,m1,1ETD6u7wdHS6P9D1mxb1Qx3Aapa2DwAyyZutL2,52503,24,294,1.0,52503.0,78864.0,0.665741,1.1360663e-05,0.59646889,0.55075298,0.5917793,-0.583,1.500,3.159,3.1587,-0.0003,1,,1,1,1,1,1,m1,1ETD6u7wdHS6P9D1mxb1Qx3Aapa2DwAyyZutL2,001770104ef6dbcdb9f715cff5374493a220e936e79f9ba38a341e5350033516,946685861,946685857,3,1,0,0,7.1222,301,2
run4-tbt-3s,1,nazionale,3,none,true,12,309,26,1,m2,1WKxQntNgmP3dtjbv3UL3DHV2JEciQTnQ4K3sr,20535,25,306,1.0,20535.0,78864.0,0.260385,3.36588495e-05,0.69118447,0.50098232,0.929664,-0.583,1.500,4.172,4.1724,0.0004,1,,0,3,3,0,0,m1,1ETD6u7wdHS6P9D1mxb1Qx3Aapa2DwAyyZutL2,001770104ef6dbcdb9f715cff5374493a220e936e79f9ba38a341e5350033516,946685861,946685857,3,1,0,0,20.819,301,
run4-tbt-3s,1,nazionale,3,none,true,12,309,26,1,m3,1LtuCHDRfFnaxMXGm2gmsN7NoezE7zExV3Cet8,5826,25,306,1.0,5826.0,78864.0,0.073874,3.28623601e-05,0.19145611,0.82575587,0.92510418,-0.583,1.500,4.159,4.1587,-0.0003,1,,0,2,2,0,0,m1,1ETD6u7wdHS6P9D1mxb1Qx3Aapa2DwAyyZutL2,001770104ef6dbcdb9f715cff5374493a220e936e79f9ba38a341e5350033516,946685861,946685857,3,1,0,0,75.5186,301,
run4-tbt-3s,1,nazionale,3,none,true,12,310,26,1,m1,1ETD6u7wdHS6P9D1mxb1Qx3Aapa2DwAyyZutL2,52503,24,294,1.0,52503.0,78864.0,0.665741,1.35623051e-05,0.7120617,0.49063162,0.65684658,-0.5,1.500,3.371,3.3705,-0.0005,1,,1,1,1,1,1,m1,1ETD6u7wdHS6P9D1mxb1Qx3Aapa2DwAyyZutL2,00bd531bad8ac715ba011cd00d41496ddeca0bd0c2292d80c5ee0fbf69669750,946685865,946685861,3,1,0,0,107.7682,310,3
run4-tbt-3s,1,nazionale,3,none,true,12,310,26,1,m2,1WKxQntNgmP3dtjbv3UL3DHV2JEciQTnQ4K3sr,20535,25,306,1.0,20535.0,78864.0,0.260385,5.45037481e-05,1.11923447,0.32652967,0.98640949,-0.5,1.500,4.359,4.3592,0.0002,1,,0,2,2,0,0,m1,1ETD6u7wdHS6P9D1mxb1Qx3Aapa2DwAyyZutL2,00bd531bad8ac715ba011cd00d41496ddeca0bd0c2292d80c5ee0fbf69669750,946685865,946685861,3,1,0,0,9.3758,310,
run4-tbt-3s,1,nazionale,3,none,true,12,310,26,1,m3,1LtuCHDRfFnaxMXGm2gmsN7NoezE7zExV3Cet8,5826,25,306,1.0,5826.0,78864.0,0.073874,0.000123020928,0.71671993,0.48835146,0.99993883,-0.5,1.500,4.4,4.3998,-0.0002,1,,0,3,3,0,0,m1,1ETD6u7wdHS6P9D1mxb1Qx3Aapa2DwAyyZutL2,00bd531bad8ac715ba011cd00d41496ddeca0bd0c2292d80c5ee0fbf69669750,946685865,946685861,3,1,0,0,61.3473,310,
run4-tbt-3s,1,nazionale,3,none,true,12,311,26,1,m1,1ETD6u7wdHS6P9D1mxb1Qx3Aapa2DwAyyZutL2,52503,24,294,1.0,52503.0,78864.0,0.665741,1.11500262e-05,0.58540983,0.55687759,0.58494144,-0.5,1.500,3.155,3.1548,-0.0002,1,,1,1,1,1,1,m1,1ETD6u7wdHS6P9D1mxb1Qx3Aapa2DwAyyZutL2,007fa0bfea8aaac498d6f9c0647eab87f649ab98d09624606b0053bffa927efc,946685868,946685865,3,1,0,0,107.7682,310,4
run4-tbt-3s,1,nazionale,3,none,true,12,311,26,1,m2,1WKxQntNgmP3dtjbv3UL3DHV2JEciQTnQ4K3sr,20535,25,306,1.0,20535.0,78864.0,0.260385,1.67950359e-05,0.34488606,0.70830105,0.73407041,-0.5,1.500,3.602,3.6022,0.0002,1,,0,2,2,0,0,m1,1ETD6u7wdHS6P9D1mxb1Qx3Aapa2DwAyyZutL2,007fa0bfea8aaac498d6f9c0647eab87f649ab98d09624606b0053bffa927efc,946685868,946685865,3,1,0,0,9.3758,310,
run4-tbt-3s,1,nazionale,3,none,true,12,311,26,1,m3,1LtuCHDRfFnaxMXGm2gmsN7NoezE7zExV3Cet8,5826,25,306,1.0,5826.0,78864.0,0.073874,0.000123095695,0.71715552,0.48813878,0.99993919,-0.5,1.500,4.4,4.3998,-0.0002,1,,0,3,3,0,0,m1,1ETD6u7wdHS6P9D1mxb1Qx3Aapa2DwAyyZutL2,007fa0bfea8aaac498d6f9c0647eab87f649ab98d09624606b0053bffa927efc,946685868,946685865,3,1,0,0,61.3473,310,
run4-tbt-3s,1,nazionale,3,none,true,12,312,27,1,m1,1ETD6u7wdHS6P9D1mxb1Qx3Aapa2DwAyyZutL2,52503,24,294,1.0,52503.0,78864.0,0.665741,6.58101011e-06,0.34552277,0.70785021,0.40488748,-0.417,1.500,2.631,2.6313,0.0003,1,,1,1,1,1,1,m1,1ETD6u7wdHS6P9D1mxb1Qx3Aapa2DwAyyZutL2,0028704cb1dda299f65a8acdf7994bab5e1c83a861aae81ab894e634cb675c5c,946685872,946685868,2,1,0,0,107.7682,310,5
run4-tbt-3s,1,nazionale,3,none,true,12,312,27,1,m2,1WKxQntNgmP3dtjbv3UL3DHV2JEciQTnQ4K3sr,20535,25,306,1.0,20535.0,78864.0,0.260385,1.02357604e-05,0.21019134,0.81042916,0.55390931,-0.417,1.500,3.078,3.0783,0.0003,1,,0,2,2,0,0,m1,1ETD6u7wdHS6P9D1mxb1Qx3Aapa2DwAyyZutL2,0028704cb1dda299f65a8acdf7994bab5e1c83a861aae81ab894e634cb675c5c,946685872,946685868,2,1,0,0,9.3758,310,
run4-tbt-3s,1,nazionale,3,none,true,12,312,27,1,m3,1LtuCHDRfFnaxMXGm2gmsN7NoezE7zExV3Cet8,5826,25,306,1.0,5826.0,78864.0,0.073874,0.000513713957,2.99289751,0.05014194,1.0,-0.417,1.500,4.417,4.4166,-0.0004,1,,0,3,3,0,0,m1,1ETD6u7wdHS6P9D1mxb1Qx3Aapa2DwAyyZutL2,0028704cb1dda299f65a8acdf7994bab5e1c83a861aae81ab894e634cb675c5c,946685872,946685868,2,1,0,0,61.3473,310,
run4-tbt-3s,1,nazionale,3,none,true,12,313,27,1,m1,1ETD6u7wdHS6P9D1mxb1Qx3Aapa2DwAyyZutL2,52503,24,294,1.0,52503.0,78864.0,0.665741,2.38686538e-06,0.12531759,0.88221667,0.17158227,-0.5,1.500,1.915,1.9147,-0.0003,1,,1,1,1,1,1,m1,1ETD6u7wdHS6P9D1mxb1Qx3Aapa2DwAyyZutL2,0091dea95ab2a1d2e536258f6bbb651411bb1381016e75ba8803a9230254e3e2,946685874,946685872,1,1,0,0,107.7682,310,6
run4-tbt-3s,1,nazionale,3,none,true,12,313,27,1,m2,1WKxQntNgmP3dtjbv3UL3DHV2JEciQTnQ4K3sr,20535,25,306,1.0,20535.0,78864.0,0.260385,6.27218796e-05,1.2879938,0.27582359,0.99289174,-0.5,1.500,4.379,4.3787,-0.0003,1,,0,2,2,0,0,m1,1ETD6u7wdHS6P9D1mxb1Qx3Aapa2DwAyyZutL2,0091dea95ab2a1d2e536258f6bbb651411bb1381016e75ba8803a9230254e3e2,946685874,946685872,1,1,0,0,9.3758,310,
run4-tbt-3s,1,nazionale,3,none,true,12,313,27,1,m3,1LtuCHDRfFnaxMXGm2gmsN7NoezE7zExV3Cet8,5826,25,306,1.0,5826.0,78864.0,0.073874,7.40434189e-05,0.43137696,0.64961399,0.9970893,-0.5,1.500,4.391,4.3913,0.0003,1,,0,3,3,0,0,m1,1ETD6u7wdHS6P9D1mxb1Qx3Aapa2DwAyyZutL2,0091dea95ab2a1d2e536258f6bbb651411bb1381016e75ba8803a9230254e3e2,946685874,946685872,1,1,0,0,61.3473,310,
run4-tbt-3s,1,nazionale,3,none,true,12,314,27,1,m1,1ETD6u7wdHS6P9D1mxb1Qx3Aapa2DwAyyZutL2,52503,24,294,1.0,52503.0,78864.0,0.665741,2.68858331e-05,1.4115869,0.24375616,0.8800073,-0.333,1.500,4.073,4.0734,0.0004,1,,0,2,2,0,0,m3,1LtuCHDRfFnaxMXGm2gmsN7NoezE7zExV3Cet8,003b74428a9c2a9552c57b8cd18d21af49fa7d7150e28b134fdf0a1a8257a1b1,946685877,946685874,1,1,0,0,107.7682,310,
run4-tbt-3s,1,nazionale,3,none,true,12,314,27,1,m2,1WKxQntNgmP3dtjbv3UL3DHV2JEciQTnQ4K3sr,20535,25,306,1.0,20535.0,78864.0,0.260385,4.0851478e-05,0.8388851,0.43219211,0.96011324,-0.333,1.500,4.314,4.3137,-0.0003,1,,0,3,3,0,0,m3,1LtuCHDRfFnaxMXGm2gmsN7NoezE7zExV3Cet8,003b74428a9c2a9552c57b8cd18d21af49fa7d7150e28b134fdf0a1a8257a1b1,946685877,946685874,1,1,0,0,9.3758,310,
run4-tbt-3s,1,nazionale,3,none,true,12,314,27,1,m3,1LtuCHDRfFnaxMXGm2gmsN7NoezE7zExV3Cet8,5826,25,306,1.0,5826.0,78864.0,0.073874,3.02252413e-07,0.00176092,0.99824063,0.02355498,-0.333,1.500,1.504,1.5041,0.0001,1,,1,1,1,1,1,m3,1LtuCHDRfFnaxMXGm2gmsN7NoezE7zExV3Cet8,003b74428a9c2a9552c57b8cd18d21af49fa7d7150e28b134fdf0a1a8257a1b1,946685877,946685874,1,1,0,0,61.3473,310,1
run4-tbt-3s,1,nazionale,3,none,true,12,315,27,1,m1,1ETD6u7wdHS6P9D1mxb1Qx3Aapa2DwAyyZutL2,52503,24,294,1.0,52503.0,78864.0,0.665741,6.81031526e-06,0.35756198,0.69937935,0.41555272,-0.25,1.500,2.697,2.6967,-0.0003,1,,0,2,2,0,0,m2,1WKxQntNgmP3dtjbv3UL3DHV2JEciQTnQ4K3sr,00968bfea76bff1a44ca6d06603752de9ad698b144ce32129ab9877b285c9e94,946685880,946685877,1,1,0,0,107.7682,310,
run4-tbt-3s,1,nazionale,3,none,true,12,315,27,1,m2,1WKxQntNgmP3dtjbv3UL3DHV2JEciQTnQ4K3sr,20535,25,306,1.0,20535.0,78864.0,0.260385,2.19199398e-06,0.0450126,0.95598544,0.15875254,-0.25,1.500,1.926,1.9263,0.0003,1,,1,1,1,1,1,m2,1WKxQntNgmP3dtjbv3UL3DHV2JEciQTnQ4K3sr,00968bfea76bff1a44ca6d06603752de9ad698b144ce32129ab9877b285c9e94,946685880,946685877,1,1,0,0,9.3758,310,1
run4-tbt-3s,1,nazionale,3,none,true,12,315,27,1,m3,1LtuCHDRfFnaxMXGm2gmsN7NoezE7zExV3Cet8,5826,25,306,1.0,5826.0,78864.0,0.073874,1.07772753e-05,0.06278841,0.93914217,0.57255901,-0.25,1.500,3.168,3.1677,-0.0003,1,,0,3,3,0,0,m2,1WKxQntNgmP3dtjbv3UL3DHV2JEciQTnQ4K3sr,00968bfea76bff1a44ca6d06603752de9ad698b144ce32129ab9877b285c9e94,946685880,946685877,1,1,0,0,61.3473,310,
run4-tbt-3s,1,nazionale,3,none,true,12,316,27,1,m1,1ETD6u7wdHS6P9D1mxb1Qx3Aapa2DwAyyZutL2,52503,24,294,1.0,52503.0,78864.0,0.665741,6.06850776e-06,0.31861486,0.72715555,0.38034152,-0.25,1.500,2.591,2.591,0.0,1,,1,1,1,1,1,m1,1ETD6u7wdHS6P9D1mxb1Qx3Aapa2DwAyyZutL2,00d9e18857df86597b612d217314b8c0a245fef4518e2502d0b35afa256e29a1,946685884,946685880,2,1,1,1,107.7682,310,1
run4-tbt-3s,1,nazionale,3,none,true,12,316,27,1,m2,1WKxQntNgmP3dtjbv3UL3DHV2JEciQTnQ4K3sr,20535,25,306,1.0,20535.0,78864.0,0.260385,1.1345828e-05,0.23298658,0.79216421,0.59130143,-0.25,1.500,3.224,3.2239,-0.0001,1,,0,2,2,0,0,m1,1ETD6u7wdHS6P9D1mxb1Qx3Aapa2DwAyyZutL2,00d9e18857df86597b612d217314b8c0a245fef4518e2502d0b35afa256e29a1,946685884,946685880,2,1,1,1,9.3758,310,
run4-tbt-3s,1,nazionale,3,none,true,12,316,27,1,m3,1LtuCHDRfFnaxMXGm2gmsN7NoezE7zExV3Cet8,5826,25,306,1.0,5826.0,78864.0,0.073874,5.14455296e-05,0.29972166,0.74102445,0.98270262,-0.25,1.500,4.398,4.3981,0.0001,1,,0,3,3,0,0,m1,1ETD6u7wdHS6P9D1mxb1Qx3Aapa2DwAyyZutL2,00d9e18857df86597b612d217314b8c0a245fef4518e2502d0b35afa256e29a1,946685884,946685880,2,1,1,1,61.3473,310,
run4-tbt-3s,1,nazionale,3,none,true,12,317,27,1,m1,1ETD6u7wdHS6P9D1mxb1Qx3Aapa2DwAyyZutL2,52503,24,294,1.0,52503.0,78864.0,0.665741,1.57749294e-05,0.82823112,0.43682129,0.71179234,-0.417,1.500,3.552,3.552,-0.0,1,,1,1,1,1,1,m1,1ETD6u7wdHS6P9D1mxb1Qx3Aapa2DwAyyZutL2,00a621c8f7b0343be5c240bd97a80d7273f3b8356dc5dbfd1cd3ec19182bf1ce,946685888,946685884,3,1,0,0,107.7682,310,2
run4-tbt-3s,1,nazionale,3,none,true,12,317,27,1,m2,1WKxQntNgmP3dtjbv3UL3DHV2JEciQTnQ4K3sr,20535,25,306,1.0,20535.0,78864.0,0.260385,5.82392472e-05,1.19594294,0.30241866,0.98987735,-0.333,1.500,4.403,4.403,0.0,1,,0,2,2,0,0,m1,1ETD6u7wdHS6P9D1mxb1Qx3Aapa2DwAyyZutL2,00a621c8f7b0343be5c240bd97a80d7273f3b8356dc5dbfd1cd3ec19182bf1ce,946685888,946685884,3,1,0,0,9.3758,310,
run4-tbt-3s,1,nazionale,3,none,true,12,317,27,1,m3,1LtuCHDRfFnaxMXGm2gmsN7NoezE7zExV3Cet8,5826,25,306,1.0,5826.0,78864.0,0.073874,9.58413472e-05,0.55837169,0.57213993,0.99947831,-0.333,1.500,4.432,4.4318,-0.0002,1,,0,3,3,0,0,m1,1ETD6u7wdHS6P9D1mxb1Qx3Aapa2DwAyyZutL2,00a621c8f7b0343be5c240bd97a80d7273f3b8356dc5dbfd1cd3ec19182bf1ce,946685888,946685884,3,1,0,0,61.3473,310,
run4-tbt-3s,1,nazionale,3,none,true,12,318,27,1,m1,1ETD6u7wdHS6P9D1mxb1Qx3Aapa2DwAyyZutL2,52503,24,294,1.0,52503.0,78864.0,0.665741,1.44101416e-05,0.75657566,0.46927062,0.67904085,-0.5,1.500,3.437,3.4371,0.0001,1,,1,1,1,1,1,m1,1ETD6u7wdHS6P9D1mxb1Qx3Aapa2DwAyyZutL2,00cf828666d7eff1a79cc85e119041be30fe4126f972cec1d5113e863a755ae6,946685892,946685888,3,1,0,0,107.7682,310,3
run4-tbt-3s,1,nazionale,3,none,true,12,318,27,1,m2,1WKxQntNgmP3dtjbv3UL3DHV2JEciQTnQ4K3sr,20535,25,306,1.0,20535.0,78864.0,0.260385,6.69707124e-05,1.37524358,0.25277802,0.9949156,-0.5,1.500,4.385,4.3847,-0.0003,1,,0,2,2,0,0,m1,1ETD6u7wdHS6P9D1mxb1Qx3Aapa2DwAyyZutL2,00cf828666d7eff1a79cc85e119041be30fe4126f972cec1d5113e863a755ae6,946685892,946685888,3,1,0,0,9.3758,310,
run4-tbt-3s,1,nazionale,3,none,true,12,318,27,1,m3,1LtuCHDRfFnaxMXGm2gmsN7NoezE7zExV3Cet8,5826,25,306,1.0,5826.0,78864.0,0.073874,0.000150282282,0.87554457,0.41663507,0.99999287,-0.5,1.500,4.4,4.4,-0.0,1,,0,3,3,0,0,m1,1ETD6u7wdHS6P9D1mxb1Qx3Aapa2DwAyyZutL2,00cf828666d7eff1a79cc85e119041be30fe4126f972cec1d5113e863a755ae6,946685892,946685888,3,1,0,0,61.3473,310,
run4-tbt-3s,1,nazionale,3,none,true,12,319,27,1,m1,1ETD6u7wdHS6P9D1mxb1Qx3Aapa2DwAyyZutL2,37345,26,318,1.0,37345.0,63668.0,0.586558,2.17661571e-05,0.81285714,0.44358886,0.7498783,-0.5,1.500,3.65,3.6496,-0.0004,1,,1,2,2,0,0,m1,1ETD6u7wdHS6P9D1mxb1Qx3Aapa2DwAyyZutL2,00a1d59d9d5e63dfd3ee5bea49cd4f3e5095967c0ad4dc91679ce81b96b6a76d,946685897,946685892,3,1,1,1,7.8911,319,4
run4-tbt-3s,1,nazionale,3,none,true,12,319,27,1,m2,1WKxQntNgmP3dtjbv3UL3DHV2JEciQTnQ4K3sr,18080,26,318,1.0,18080.0,63668.0,0.283973,4.37859713e-05,0.79165036,0.45309641,0.93844137,-0.5,1.500,4.215,4.2153,0.0003,1,,0,3,3,0,0,m1,1ETD6u7wdHS6P9D1mxb1Qx3Aapa2DwAyyZutL2,00a1d59d9d5e63dfd3ee5bea49cd4f3e5095967c0ad4dc91679ce81b96b6a76d,946685897,946685892,3,1,1,1,44.8151,319,
run4-tbt-3s,1,nazionale,3,none,true,12,319,27,1,m3,1LtuCHDRfFnaxMXGm2gmsN7NoezE7zExV3Cet8,8243,26,318,1.0,8243.0,63668.0,0.129468,5.95959032e-06,0.0491249,0.95206221,0.31575223,-0.5,1.500,2.347,2.3473,0.0003,1,,0,1,1,1,1,m1,1ETD6u7wdHS6P9D1mxb1Qx3Aapa2DwAyyZutL2,00a1d59d9d5e63dfd3ee5bea49cd4f3e5095967c0ad4dc91679ce81b96b6a76d,946685897,946685892,3,1,1,1,49.4686,319,
run4-tbt-3s,1,nazionale,3,none,true,12,320,27,1,m1,1ETD6u7wdHS6P9D1mxb1Qx3Aapa2DwAyyZutL2,37345,26,318,1.0,37345.0,63668.0,0.586558,4.19168916e-06,0.15653863,0.85509848,0.23423234,-0.583,1.500,2.086,2.0861,0.0001,1,,1,1,1,1,1,m1,1ETD6u7wdHS6P9D1mxb1Qx3Aapa2DwAyyZutL2,00c333f4bab32e576a167863ea2cc168d38712e009f576320f2987c0cddc0803,946685899,946685897,2,1,0,0,7.8911,319,5
run4-tbt-3s,1,nazionale,3,none,true,12,320,27,1,m2,1WKxQntNgmP3dtjbv3UL3DHV2JEciQTnQ4K3sr,18080,26,318,1.0,18080.0,63668.0,0.283973,4.53265609e-05,0.81950422,0.44065007,0.94419275,-0.583,1.500,4.216,4.216,-0.0,1,,0,2,2,0,0,m1,1ETD6u7wdHS6P9D1mxb1Qx3Aapa2DwAyyZutL2,00c333f4bab32e576a167863ea2cc168d38712e009f576320f2987c0cddc0803,946685899,946685897,2,1,0,0,44.8151,319,
run4-tbt-3s,1,nazionale,3,none,true,12,320,27,1,m3,1LtuCHDRfFnaxMXGm2gmsN7NoezE7zExV3Cet8,8243,26,318,1.0,8243.0,63668.0,0.129468,9.56507965e-05,0.78844952,0.45454902,0.99773435,-0.583,1.500,4.377,4.3766,-0.0004,1,,0,3,3,0,0,m1,1ETD6u7wdHS6P9D1mxb1Qx3Aapa2DwAyyZutL2,00c333f4bab32e576a167863ea2cc168d38712e009f576320f2987c0cddc0803,946685899,946685897,2,1,0,0,49.4686,319,
run4-tbt-3s,1,nazionale,3,none,true,12,321,27,1,m1,1ETD6u7wdHS6P9D1mxb1Qx3Aapa2DwAyyZutL2,37345,26,318,1.0,37345.0,63668.0,0.586558,1.55068564e-05,0.57910355,0.56040051,0.62741517,-0.5,1.500,3.282,3.2822,0.0002,1,,1,2,2,0,0,m1,1ETD6u7wdHS6P9D1mxb1Qx3Aapa2DwAyyZutL2,00a7e13d9cd17d2a11a0d1b94db6780f7364042373fb520096139e48caf392b8,946685902,946685899,3,1,0,0,7.8911,319,6
run4-tbt-3s,1,nazionale,3,none,true,12,321,27,1,m2,1WKxQntNgmP3dtjbv3UL3DHV2JEciQTnQ4K3sr,18080,26,318,1.0,18080.0,63668.0,0.283973,6.9682222e-06,0.12598546,0.88162767,0.35831181,-0.5,1.500,2.475,2.4749,-0.0001,1,,0,1,1,1,1,m1,1ETD6u7wdHS6P9D1mxb1Qx3Aapa2DwAyyZutL2,00a7e13d9cd17d2a11a0d1b94db6780f7364042373fb520096139e48caf392b8,946685902,946685899,3,1,0,0,44.8151,319,
run4-tbt-3s,1,nazionale,3,none,true,12,321,27,1,m3,1LtuCHDRfFnaxMXGm2gmsN7NoezE7zExV3Cet8,8243,26,318,1.0,8243.0,63668.0,0.129468,0.000274036685,2.25888439,0.10446696,0.99999997,-0.5,1.500,4.4,4.4,-0.0,1,,0,3,3,0,0,m1,1ETD6u7wdHS6P9D1mxb1Qx3Aapa2DwAyyZutL2,00a7e13d9cd17d2a11a0d1b94db6780f7364042373fb520096139e48caf392b8,946685902,946685899,3,1,0,0,49.4686,319,
run4-tbt-3s,1,nazionale,3,none,true,12,322,27,1,m1,1ETD6u7wdHS6P9D1mxb1Qx3Aapa2DwAyyZutL2,37345,26,318,1.0,37345.0,63668.0,0.586558,3.24366265e-05,1.21134582,0.29779623,0.87320392,-0.417,1.500,4.036,4.0362,0.0002,1,,1,1,1,1,1,m1,1ETD6u7wdHS6P9D1mxb1Qx3Aapa2DwAyyZutL2,00d0eeb6e80158d345474d79007e5f2351ea989a66ed65e2d31cc87884f3736d,946685907,946685902,4,1,0,0,7.8911,319,7
run4-tbt-3s,1,nazionale,3,none,true,12,322,27,1,m2,1WKxQntNgmP3dtjbv3UL3DHV2JEciQTnQ4K3sr,18080,26,318,1.0,18080.0,63668.0,0.283973,4.73842814e-05,0.85670781,0.42455751,0.95104542,-0.417,1.500,4.27,4.2697,-0.0003,1,,0,2,2,0,0,m1,1ETD6u7wdHS6P9D1mxb1Qx3Aapa2DwAyyZutL2,00d0eeb6e80158d345474d79007e5f2351ea989a66ed65e2d31cc87884f3736d,946685907,946685902,4,1,0,0,44.8151,319,
run4-tbt-3s,1,nazionale,3,none,true,12,322,27,1,m3,1LtuCHDRfFnaxMXGm2gmsN7NoezE7zExV3Cet8,8243,26,318,1.0,8243.0,63668.0,0.129468,8.81157427e-05,0.72633807,0.48367694,0.99633949,-0.417,1.500,4.406,4.4056,-0.0004,1,,0,3,3,0,0,m1,1ETD6u7wdHS6P9D1mxb1Qx3Aapa2DwAyyZutL2,00d0eeb6e80158d345474d79007e5f2351ea989a66ed65e2d31cc87884f3736d,946685907,946685902,4,1,0,0,49.4686,319,
run4-tbt-3s,1,nazionale,3,none,true,12,323,27,1,m1,1ETD6u7wdHS6P9D1mxb1Qx3Aapa2DwAyyZutL2,37345,26,318,1.0,37345.0,63668.0,0.586558,5.19430314e-05,1.93981251,0.1437309,0.9633781,-0.5,1.500,4.29,4.2901,0.0001,1,,1,3,3,0,0,m1,1ETD6u7wdHS6P9D1mxb1Qx3Aapa2DwAyyZutL2,00ad48ee6bbfb05df75f7ce65657740f44f4479ae6fc08c6d69ce3d2b7fe4f75,946685911,946685907,4,1,0,0,7.8911,319,8
run4-tbt-3s,1,nazionale,3,none,true,12,323,27,1,m2,1WKxQntNgmP3dtjbv3UL3DHV2JEciQTnQ4K3sr,18080,26,318,1.0,18080.0,63668.0,0.283973,3.24933192e-05,0.58747921,0.55572639,0.87366076,-0.5,1.500,4.021,4.021,-0.0,1,,0,1,1,1,1,m1,1ETD6u7wdHS6P9D1mxb1Qx3Aapa2DwAyyZutL2,00ad48ee6bbfb05df75f7ce65657740f44f4479ae6fc08c6d69ce3d2b7fe4f75,946685911,946685907,4,1,0,0,44.8151,319,
run4-tbt-3s,1,nazionale,3,none,true,12,323,27,1,m3,1LtuCHDRfFnaxMXGm2gmsN7NoezE7zExV3Cet8,8243,26,318,1.0,8243.0,63668.0,0.129468,4.18646914e-05,0.34509065,0.70815616,0.93043134,-0.5,1.500,4.191,4.1913,0.0003,1,,0,2,2,0,0,m1,1ETD6u7wdHS6P9D1mxb1Qx3Aapa2DwAyyZutL2,00ad48ee6bbfb05df75f7ce65657740f44f4479ae6fc08c6d69ce3d2b7fe4f75,946685911,946685907,4,1,0,0,49.4686,319,
run4-tbt-3s,1,nazionale,3,none,true,12,324,28,1,m1,1ETD6u7wdHS6P9D1mxb1Qx3Aapa2DwAyyZutL2,37345,26,318,1.0,37345.0,63668.0,0.586558,6.06975885e-05,2.26675144,0.10364834,0.97902647,-0.583,1.500,4.32,4.3205,0.0005,1,,1,3,3,0,0,m1,1ETD6u7wdHS6P9D1mxb1Qx3Aapa2DwAyyZutL2,0016c6b1fcecae6a704ab18b26843e07043d4c71b175c18fc3bee8262af34d16,946685916,946685911,4,1,1,1,7.8911,319,9
run4-tbt-3s,1,nazionale,3,none,true,12,324,28,1,m2,1WKxQntNgmP3dtjbv3UL3DHV2JEciQTnQ4K3sr,18080,26,318,1.0,18080.0,63668.0,0.283973,1.44225689e-05,0.26076005,0.77046577,0.60078538,-0.583,1.500,3.186,3.1858,-0.0002,1,,0,1,1,1,1,m1,1ETD6u7wdHS6P9D1mxb1Qx3Aapa2DwAyyZutL2,0016c6b1fcecae6a704ab18b26843e07043d4c71b175c18fc3bee8262af34d16,946685916,946685911,4,1,1,1,44.8151,319,
run4-tbt-3s,1,nazionale,3,none,true,12,324,28,1,m3,1LtuCHDRfFnaxMXGm2gmsN7NoezE7zExV3Cet8,8243,26,318,1.0,8243.0,63668.0,0.129468,4.7047084e-05,0.38780911,0.67854186,0.94998307,-0.583,1.500,4.233,4.2333,0.0003,1,,0,2,2,0,0,m1,1ETD6u7wdHS6P9D1mxb1Qx3Aapa2DwAyyZutL2,0016c6b1fcecae6a704ab18b26843e07043d4c71b175c18fc3bee8262af34d16,946685916,946685911,4,1,1,1,49.4686,319,
run4-tbt-3s,1,nazionale,3,none,true,12,325,28,1,m1,1ETD6u7wdHS6P9D1mxb1Qx3Aapa2DwAyyZutL2,37345,26,318,1.0,37345.0,63668.0,0.586558,3.47351052e-06,0.12971825,0.87834287,0.19840474,-0.667,1.500,1.962,1.9618,-0.0002,1,,1,1,1,1,1,m1,1ETD6u7wdHS6P9D1mxb1Qx3Aapa2DwAyyZutL2,00e6ba53d1a8443de5c2e98f75c0be8a6c00448d807a9384083f14b5f2bf4575,946685918,946685916,1,1,0,0,7.8911,319,10
run4-tbt-3s,1,nazionale,3,none,true,12,325,28,1,m2,1WKxQntNgmP3dtjbv3UL3DHV2JEciQTnQ4K3sr,18080,26,318,1.0,18080.0,63668.0,0.283973,3.10098409e-05,0.56065792,0.57083338,0.86114632,-0.583,1.500,3.967,3.9668,-0.0002,1,,0,2,2,0,0,m1,1ETD6u7wdHS6P9D1mxb1Qx3Aapa2DwAyyZutL2,00e6ba53d1a8443de5c2e98f75c0be8a6c00448d807a9384083f14b5f2bf4575,946685918,946685916,1,1,0,0,44.8151,319,
run4-tbt-3s,1,nazionale,3,none,true,12,325,28,1,m3,1LtuCHDRfFnaxMXGm2gmsN7NoezE7zExV3Cet8,8243,26,318,1.0,8243.0,63668.0,0.129468,0.000221816345,1.82843213,0.16066527,0.99999926,-0.583,1.500,4.383,4.3834,0.0004,1,,0,3,3,0,0,m1,1ETD6u7wdHS6P9D1mxb1Qx3Aapa2DwAyyZutL2,00e6ba53d1a8443de5c2e98f75c0be8a6c00448d807a9384083f14b5f2bf4575,946685918,946685916,1,1,0,0,49.4686,319,
run4-tbt-3s,1,nazionale,3,none,true,12,326,28,1,m1,1ETD6u7wdHS6P9D1mxb1Qx3Aapa2DwAyyZutL2,37345,26,318,1.0,37345.0,63668.0,0.586558,9.8377254e-07,0.03673899,0.9639277,0.06071359,-0.667,1.500,1.549,1.5487,-0.0003,1,,1,1,1,1,1,m1,1ETD6u7wdHS6P9D1mxb1Qx3Aapa2DwAyyZutL2,00e174bda633a92380c4fd95c34a0996eb37efbc8b3f255ee34293c27d98fbdc,946685920,946685918,1,1,0,0,7.8911,319,11
run4-tbt-3s,1,nazionale,3,none,true,12,326,28,1,m2,1WKxQntNgmP3dtjbv3UL3DHV2JEciQTnQ4K3sr,18080,26,318,1.0,18080.0,63668.0,0.283973,1.95177348e-05,0.35288065,0.70266105,0.71138312,-0.667,1.500,3.501,3.5007,-0.0003,1,,0,2,2,0,0,m1,1ETD6u7wdHS6P9D1mxb1Qx3Aapa2DwAyyZutL2,00e174bda633a92380c4fd95c34a0996eb37efbc8b3f255ee34293c27d98fbdc,946685920,946685918,1,1,0,0,44.8151,319,
run4-tbt-3s,1,nazionale,3,none,true,12,326,28,1,m3,1LtuCHDRfFnaxMXGm2gmsN7NoezE7zExV3Cet8,8243,26,318,1.0,8243.0,63668.0,0.129468,0.0001306217,1.07671467,0.34071304,0.99975553,-0.667,1.500,4.366,4.3659,-0.0001,1,,0,3,3,0,0,m1,1ETD6u7wdHS6P9D1mxb1Qx3Aapa2DwAyyZutL2,00e174bda633a92380c4fd95c34a0996eb37efbc8b3f255ee34293c27d98fbdc,946685920,946685918,1,1,0,0,49.4686,319,
run4-tbt-3s,1,nazionale,3,none,true,12,327,28,1,m1,1ETD6u7wdHS6P9D1mxb1Qx3Aapa2DwAyyZutL2,37345,26,318,1.0,37345.0,63668.0,0.586558,0.000110297259,4.11905114,0.01625994,0.99910832,-0.583,1.500,4.381,4.3807,-0.0003,1,,1,2,2,0,0,m1,1ETD6u7wdHS6P9D1mxb1Qx3Aapa2DwAyyZutL2,002eea75c8c39df444236bd8d67007c484d3fd7a7a39e1b551d89ebd7310e99d,946685924,946685920,4,1,0,0,7.4736,327,12
run4-tbt-3s,1,nazionale,3,none,true,12,327,28,1,m2,1WKxQntNgmP3dtjbv3UL3DHV2JEciQTnQ4K3sr,18080,26,318,1.0,18080.0,63668.0,0.283973,6.2977015e-05,1.13862443,0.32025926,0.98185972,-0.583,1.500,4.329,4.329,-0.0,1,,0,1,1,1,1,m1,1ETD6u7wdHS6P9D1mxb1Qx3Aapa2DwAyyZutL2,002eea75c8c39df444236bd8d67007c484d3fd7a7a39e1b551d89ebd7310e99d,946685924,946685920,4,1,0,0,19.0808,327,
run4-tbt-3s,1,nazionale,3,none,true,12,327,28,1,m3,1LtuCHDRfFnaxMXGm2gmsN7NoezE7zExV3Cet8,8243,26,318,1.0,8243.0,63668.0,0.129468,0.000273070469,2.25091988,0.10530231,0.99999997,-0.583,1.500,4.383,4.3834,0.0004,1,,0,3,3,0,0,m1,1ETD6u7wdHS6P9D1mxb1Qx3Aapa2DwAyyZutL2,002eea75c8c39df444236bd8d67007c484d3fd7a7a39e1b551d89ebd7310e99d,946685924,946685920,4,1,0,0,39.9297,327,
run4-tbt-3s,1,nazionale,3,none,true,12,328,28,1,m1,1ETD6u7wdHS6P9D1mxb1Qx3Aapa2DwAyyZutL2,37345,26,318,1.0,37345.0,63668.0,0.586558,2.21113062e-05,0.82574673,0.43790787,0.75531476,-0.667,1.500,3.633,3.6325,-0.0005,1,,1,1,1,1,1,m1,1ETD6u7wdHS6P9D1mxb1Qx3Aapa2DwAyyZutL2,00068cb0f4623f0d868ad9f882e05e944c49f10c2c20fdd8a22f5197d8daafd4,946685929,946685924,3,1,0,0,7.4736,327,13
run4-tbt-3s,1,nazionale,3,none,true,12,328,28,1,m2,1WKxQntNgmP3dtjbv3UL3DHV2JEciQTnQ4K3sr,18080,26,318,1.0,18080.0,63668.0,0.283973,0.000161169643,2.91394715,0.05426113,0.99996504,-0.667,1.500,4.367,4.3665,-0.0005,1,,0,3,2,0,0,m1,1ETD6u7wdHS6P9D1mxb1Qx3Aapa2DwAyyZutL2,00068cb0f4623f0d868ad9f882e05e944c49f10c2c20fdd8a22f5197d8daafd4,946685929,946685924,3,1,0,0,19.0808,327,
run4-tbt-3s,1,nazionale,3,none,true,12,328,28,1,m3,1LtuCHDRfFnaxMXGm2gmsN7NoezE7zExV3Cet8,8243,26,318,1.0,8243.0,63668.0,0.129468,0.000252543089,2.08171268,0.12471643,0.9999999,-0.667,1.500,4.367,4.3666,-0.0004,1,,0,2,3,0,0,m1,1ETD6u7wdHS6P9D1mxb1Qx3Aapa2DwAyyZutL2,00068cb0f4623f0d868ad9f882e05e944c49f10c2c20fdd8a22f5197d8daafd4,946685929,946685924,3,1,0,0,39.9297,327,
run4-tbt-3s,1,nazionale,3,none,true,12,329,28,1,m1,1ETD6u7wdHS6P9D1mxb1Qx3Aapa2DwAyyZutL2,37345,26,318,1.0,37345.0,63668.0,0.586558,7.36787164e-06,0.27515317,0.75945579,0.37443351,-0.75,1.500,2.473,2.4733,0.0003,1,,1,1,1,1,1,m1,1ETD6u7wdHS6P9D1mxb1Qx3Aapa2DwAyyZutL2,003918560d83ede9bcb72c1d4a79f9784effff11217e67c5ede825f3f7479a70,946685932,946685929,2,1,0,0,7.4736,327,14
run4-tbt-3s,1,nazionale,3,none,true,12,329,28,1,m2,1WKxQntNgmP3dtjbv3UL3DHV2JEciQTnQ4K3sr,18080,26,318,1.0,18080.0,63668.0,0.283973,0.00011072475,2.00190348,0.13507792,0.99913226,-0.75,1.500,4.347,4.3474,0.0004,1,,0,2,2,0,0,m1,1ETD6u7wdHS6P9D1mxb1Qx3Aapa2DwAyyZutL2,003918560d83ede9bcb72c1d4a79f9784effff11217e67c5ede825f3f7479a70,946685932,946685929,2,1,0,0,19.0808,327,
run4-tbt-3s,1,nazionale,3,none,true,12,329,28,1,m3,1LtuCHDRfFnaxMXGm2gmsN7NoezE7zExV3Cet8,8243,26,318,1.0,8243.0,63668.0,0.129468,0.000527005291,4.34410461,0.01298313,1.0,-0.75,1.500,4.35,4.35,-0.0,1,,0,3,3,0,0,m1,1ETD6u7wdHS6P9D1mxb1Qx3Aapa2DwAyyZutL2,003918560d83ede9bcb72c1d4a79f9784effff11217e67c5ede825f3f7479a70,946685932,946685929,2,1,0,0,39.9297,327,
run4-tbt-3s,1,nazionale,3,none,true,12,330,28,1,m1,1ETD6u7wdHS6P9D1mxb1Qx3Aapa2DwAyyZutL2,37345,26,318,1.0,37345.0,63668.0,0.586558,3.89995699e-05,1.45643894,0.23306476,0.91650968,-0.667,1.500,4.116,4.1161,0.0001,1,,1,1,1,1,1,m1,1ETD6u7wdHS6P9D1mxb1Qx3Aapa2DwAyyZutL2,00013d2289b7e665d32596c3783f7cfde5897551308093330fc316ec7c6677ae,946685937,946685932,4,1,0,0,7.4736,327,15
run4-tbt-3s,1,nazionale,3,none,true,12,330,28,1,m2,1WKxQntNgmP3dtjbv3UL3DHV2JEciQTnQ4K3sr,18080,26,318,1.0,18080.0,63668.0,0.283973,7.69353238e-05,1.39099065,0.24882868,0.99254088,-0.667,1.500,4.344,4.3442,0.0002,1,,0,2,2,0,0,m1,1ETD6u7wdHS6P9D1mxb1Qx3Aapa2DwAyyZutL2,00013d2289b7e665d32596c3783f7cfde5897551308093330fc316ec7c6677ae,946685937,946685932,4,1,0,0,19.0808,327,
run4-tbt-3s,1,nazionale,3,none,true,12,330,28,1,m3,1LtuCHDRfFnaxMXGm2gmsN7NoezE7zExV3Cet8,8243,26,318,1.0,8243.0,63668.0,0.129468,0.000246456009,2.03153688,0.13113383,0.99999985,-0.667,1.500,4.367,4.3666,-0.0004,1,,0,3,3,0,0,m1,1ETD6u7wdHS6P9D1mxb1Qx3Aapa2DwAyyZutL2,00013d2289b7e665d32596c3783f7cfde5897551308093330fc316ec7c6677ae,946685937,946685932,4,1,0,0,39.9297,327,
run4-tbt-3s,1,nazionale,3,none,true,12,331,28,1,m1,1ETD6u7wdHS6P9D1mxb1Qx3Aapa2DwAyyZutL2,51006,27,330,1.0,51006.0,75625.0,0.67446,1.50652149e-06,0.07684164,0.92603649,0.1076802,-0.75,1.500,1.673,1.673,0.0,1,,1,1,1,1,1,m1,1ETD6u7wdHS6P9D1mxb1Qx3Aapa2DwAyyZutL2,00058034992cbecbde2e13f77a168e84beb67d184b40cdd6872d5705f7169502,946685939,946685937,1,1,0,0,7.4736,327,16
run4-tbt-3s,1,nazionale,3,none,true,12,331,28,1,m2,1WKxQntNgmP3dtjbv3UL3DHV2JEciQTnQ4K3sr,18080,26,318,1.0,18080.0,75625.0,0.239074,2.2143827e-05,0.40036039,0.67007851,0.81262193,-0.75,1.500,3.788,3.7879,-0.0001,1,,0,2,2,0,0,m1,1ETD6u7wdHS6P9D1mxb1Qx3Aapa2DwAyyZutL2,00058034992cbecbde2e13f77a168e84beb67d184b40cdd6872d5705f7169502,946685939,946685937,1,1,0,0,19.0808,327,
run4-tbt-3s,1,nazionale,3,none,true,12,331,28,1,m3,1LtuCHDRfFnaxMXGm2gmsN7NoezE7zExV3Cet8,6539,27,330,1.0,6539.0,75625.0,0.086466,9.16991611e-05,0.59962081,0.54901978,0.99902663,-0.75,1.500,4.347,4.3471,0.0001,1,,0,3,3,0,0,m1,1ETD6u7wdHS6P9D1mxb1Qx3Aapa2DwAyyZutL2,00058034992cbecbde2e13f77a168e84beb67d184b40cdd6872d5705f7169502,946685939,946685937,1,1,0,0,39.9297,327,
run4-tbt-3s,1,nazionale,3,none,true,12,332,28,1,m1,1ETD6u7wdHS6P9D1mxb1Qx3Aapa2DwAyyZutL2,51006,27,330,1.0,51006.0,75625.0,0.67446,7.39317297e-07,0.03770962,0.96299254,0.05437659,-0.5,1.500,1.563,1.5631,0.0001,1,,1,2,2,0,0,m1,1ETD6u7wdHS6P9D1mxb1Qx3Aapa2DwAyyZutL2,0051d09efb40eefd75b0fe0e690a1d75c8aa506a489e8a82c5d0821d0a72b1ff,946685941,946685939,1,1,0,0,7.4736,327,17
run4-tbt-3s,1,nazionale,3,none,true,12,332,28,1,m2,1WKxQntNgmP3dtjbv3UL3DHV2JEciQTnQ4K3sr,18080,26,318,1.0,18080.0,75625.0,0.239074,4.54707564e-07,0.00822111,0.99181259,0.03380274,-0.5,1.500,1.501,1.5014,0.0004,1,,0,1,1,1,1,m1,1ETD6u7wdHS6P9D1mxb1Qx3Aapa2DwAyyZutL2,0051d09efb40eefd75b0fe0e690a1d75c8aa506a489e8a82c5d0821d0a72b1ff,946685941,946685939,1,1,0,0,19.0808,327,
run4-tbt-3s,1,nazionale,3,none,true,12,332,28,1,m3,1LtuCHDRfFnaxMXGm2gmsN7NoezE7zExV3Cet8,6539,27,330,1.0,6539.0,75625.0,0.086466,5.42624627e-05,0.35482224,0.70129809,0.98348686,-0.5,1.500,4.35,4.3505,0.0005,1,,0,3,3,0,0,m1,1ETD6u7wdHS6P9D1mxb1Qx3Aapa2DwAyyZutL2,0051d09efb40eefd75b0fe0e690a1d75c8aa506a489e8a82c5d0821d0a72b1ff,946685941,946685939,1,1,0,0,39.9297,327,
run4-tbt-3s,1,nazionale,3,none,true,12,333,28,1,m1,1ETD6u7wdHS6P9D1mxb1Qx3Aapa2DwAyyZutL2,51006,27,330,1.0,51006.0,75625.0,0.67446,6.68516412e-05,3.40983481,0.03304666,0.99362681,-0.5,1.500,4.381,4.3809,-0.0001,1,,1,3,3,0,0,m1,1ETD6u7wdHS6P9D1mxb1Qx3Aapa2DwAyyZutL2,00b86d5ee60312fd913ce313a84c075c4ba5d65f24580abe7a3f9721e6faaaa5,946685945,946685941,4,1,1,1,7.4736,327,18
run4-tbt-3s,1,nazionale,3,none,true,12,333,28,1,m2,1WKxQntNgmP3dtjbv3UL3DHV2JEciQTnQ4K3sr,18080,26,318,1.0,18080.0,75625.0,0.239074,2.35085639e-05,0.42503484,0.65374701,0.83099638,-0.5,1.500,3.893,3.893,-0.0,1,,0,2,2,0,0,m1,1ETD6u7wdHS6P9D1mxb1Qx3Aapa2DwAyyZutL2,00b86d5ee60312fd913ce313a84c075c4ba5d65f24580abe7a3f9721e6faaaa5,946685945,946685941,4,1,1,1,19.0808,327,
run4-tbt-3s,1,nazionale,3,none,true,12,333,28,1,m3,1LtuCHDRfFnaxMXGm2gmsN7NoezE7zExV3Cet8,6539,27,330,1.0,6539.0,75625.0,0.086466,1.23895878e-05,0.08101551,0.92217938,0.60818386,-0.5,1.500,3.225,3.2246,-0.0004,1,,0,1,1,1,1,m1,1ETD6u7wdHS6P9D1mxb1Qx3Aapa2DwAyyZutL2,00b86d5ee60312fd913ce313a84c075c4ba5d65f24580abe7a3f9721e6faaaa5,946685945,946685941,4,1,1,1,39.9297,327,
run4-tbt-3s,1,nazionale,3,none,true,12,334,28,1,m1,1ETD6u7wdHS6P9D1mxb1Qx3Aapa2DwAyyZutL2,51006,27,330,1.0,51006.0,75625.0,0.67446,2.25583513e-05,1.15061127,0.31644328,0.81840481,-0.583,1.500,3.839,3.8386,-0.0004,1,,1,1,1,1,1,m1,1ETD6u7wdHS6P9D1mxb1Qx3Aapa2DwAyyZutL2,001d33e06e83080931b536f637a575dac6535ed7f16d13b6b9124d0a557e3391,946685950,946685945,3,1,1,1,7.4736,327,19
run4-tbt-3s,1,nazionale,3,none,true,12,334,28,1,m2,1WKxQntNgmP3dtjbv3UL3DHV2JEciQTnQ4K3sr,18080,26,318,1.0,18080.0,75625.0,0.239074,3.39932671e-05,0.61459827,0.54085813,0.92352113,-0.583,1.500,4.154,4.154,-0.0,1,,0,2,2,0,0,m1,1ETD6u7wdHS6P9D1mxb1Qx3Aapa2DwAyyZutL2,001d33e06e83080931b536f637a575dac6535ed7f16d13b6b9124d0a557e3391,946685950,946685945,3,1,1,1,19.0808,327,
run4-tbt-3s,1,nazionale,3,none,true,12,334,28,1,m3,1LtuCHDRfFnaxMXGm2gmsN7NoezE7zExV3Cet8,6539,27,330,1.0,6539.0,75625.0,0.086466,0.000121356252,0.79354853,0.45223717,0.99989667,-0.667,1.500,4.366,4.3663,0.0003,1,,0,3,3,0,0,m1,1ETD6u7wdHS6P9D1mxb1Qx3Aapa2DwAyyZutL2,001d33e06e83080931b536f637a575dac6535ed7f16d13b6b9124d0a557e3391,946685950,946685945,3,1,1,1,39.9297,327,
run4-tbt-3s,1,nazionale,3,none,true,12,335,28,1,m1,1ETD6u7wdHS6P9D1mxb1Qx3Aapa2DwAyyZutL2,51006,27,330,1.0,51006.0,75625.0,0.67446,5.09210812e-05,2.59728067,0.07447583,0.97873955,-0.583,1.500,4.32,4.3196,-0.0004,1,,1,3,3,0,0,m1,1ETD6u7wdHS6P9D1mxb1Qx3Aapa2DwAyyZutL2,0063ee382ff801df302ab08828d166f2671fcc2dc55558555d1db36dc2b1b1ad,946685954,946685950,4,1,1,1,108.3012,335,20
run4-tbt-3s,1,nazionale,3,none,true,12,335,28,1,m2,1WKxQntNgmP3dtjbv3UL3DHV2JEciQTnQ4K3sr,18080,26,318,1.0,18080.0,75625.0,0.239074,2.82651752e-05,0.51103437,0.59987477,0.88205701,-0.583,1.500,4.03,4.0296,-0.0004,1,,0,1,1,1,1,m1,1ETD6u7wdHS6P9D1mxb1Qx3Aapa2DwAyyZutL2,0063ee382ff801df302ab08828d166f2671fcc2dc55558555d1db36dc2b1b1ad,946685954,946685950,4,1,1,1,119.0808,335,
run4-tbt-3s,1,nazionale,3,none,true,12,335,28,1,m3,1LtuCHDRfFnaxMXGm2gmsN7NoezE7zExV3Cet8,6539,27,330,1.0,6539.0,75625.0,0.086466,3.95084696e-05,0.25834588,0.77232805,0.94960322,-0.583,1.500,4.232,4.2322,0.0002,1,,0,2,2,0,0,m1,1ETD6u7wdHS6P9D1mxb1Qx3Aapa2DwAyyZutL2,0063ee382ff801df302ab08828d166f2671fcc2dc55558555d1db36dc2b1b1ad,946685954,946685950,4,1,1,1,39.8537,335,
run4-tbt-3s,1,nazionale,3,none,true,12,336,29,1,m1,1ETD6u7wdHS6P9D1mxb1Qx3Aapa2DwAyyZutL2,51006,27,330,1.0,51006.0,75625.0,0.67446,5.14026695e-06,0.26218446,0.7693691,0.32208454,-0.583,1.500,2.35,2.3497,-0.0003,1,,1,1,1,1,1,m1,1ETD6u7wdHS6P9D1mxb1Qx3Aapa2DwAyyZutL2,00d5e5501ea64888ac6c84e9a44e01ae80ad87c870b504d8b193520da470b7a4,946685958,946685954,2,1,0,0,108.3012,335,21
run4-tbt-3s,1,nazionale,3,none,true,12,336,29,1,m2,1WKxQntNgmP3dtjbv3UL3DHV2JEciQTnQ4K3sr,18080,26,318,1.0,18080.0,75625.0,0.239074,6.31562549e-06,0.11418651,0.89209156,0.37974164,-0.583,1.500,2.523,2.5226,-0.0004,1,,0,2,2,0,0,m1,1ETD6u7wdHS6P9D1mxb1Qx3Aapa2DwAyyZutL2,00d5e5501ea64888ac6c84e9a44e01ae80ad87c870b504d8b193520da470b7a4,946685958,946685954,2,1,0,0,119.0808,335,
run4-tbt-3s,1,nazionale,3,none,true,12,336,29,1,m3,1LtuCHDRfFnaxMXGm2gmsN7NoezE7zExV3Cet8,6539,27,330,1.0,6539.0,75625.0,0.086466,0.000177381959,1.15990063,0.31351733,0.99999851,-0.583,1.500,4.383,4.3834,0.0004,1,,0,3,3,0,0,m1,1ETD6u7wdHS6P9D1mxb1Qx3Aapa2DwAyyZutL2,00d5e5501ea64888ac6c84e9a44e01ae80ad87c870b504d8b193520da470b7a4,946685958,946685954,2,1,0,0,39.8537,335,
run4-tbt-3s,1,nazionale,3,none,true,12,337,29,1,m1,1ETD6u7wdHS6P9D1mxb1Qx3Aapa2DwAyyZutL2,51006,27,330,1.0,51006.0,75625.0,0.67446,3.94771087e-05,2.01356941,0.13351127,0.94948355,-0.5,1.500,4.248,4.2485,0.0005,1,,0,2,2,0,0,m2,1WKxQntNgmP3dtjbv3UL3DHV2JEciQTnQ4K3sr,00567b36d34814b681008c883f7b38d5285132481ccdc089b18fcae6d6c31e97,946685961,946685958,2,1,0,0,108.3012,335,
run4-tbt-3s,1,nazionale,3,none,true,12,337,29,1,m2,1WKxQntNgmP3dtjbv3UL3DHV2JEciQTnQ4K3sr,18080,26,318,1.0,18080.0,75625.0,0.239074,9.79890394e-06,0.17716418,0.83764225,0.52338303,-0.5,1.500,2.97,2.9701,0.0001,1,,1,1,1,1,1,m2,1WKxQntNgmP3dtjbv3UL3DHV2JEciQTnQ4K3sr,00567b36d34814b681008c883f7b38d5285132481ccdc089b18fcae6d6c31e97,946685961,946685958,2,1,0,0,119.0808,335,1
run4-tbt-3s,1,nazionale,3,none,true,12,337,29,1,m3,1LtuCHDRfFnaxMXGm2gmsN7NoezE7zExV3Cet8,6539,27,330,1.0,6539.0,75625.0,0.086466,0.000234581593,1.53392904,0.21568656,0.99999998,-0.5,1.500,4.4,4.4,-0.0,1,,0,3,3,0,0,m2,1WKxQntNgmP3dtjbv3UL3DHV2JEciQTnQ4K3sr,00567b36d34814b681008c883f7b38d5285132481ccdc089b18fcae6d6c31e97,946685961,946685958,2,1,0,0,39.8537,335,
run4-tbt-3s,1,nazionale,3,none,true,12,338,29,1,m1,1ETD6u7wdHS6P9D1mxb1Qx3Aapa2DwAyyZutL2,51006,27,330,1.0,51006.0,75625.0,0.67446,1.09386034e-06,0.05579344,0.94573447,0.07939405,-0.583,1.500,1.622,1.6216,-0.0004,1,,1,1,1,1,1,m1,1ETD6u7wdHS6P9D1mxb1Qx3Aapa2DwAyyZutL2,00a5e9da3ffda86963d4489358a2a1d0d4bc9355038fba6feeb834221a217635,946685964,946685961,1,1,0,0,108.3012,335,1
run4-tbt-3s,1,nazionale,3,none,true,12,338,29,1,m2,1WKxQntNgmP3dtjbv3UL3DHV2JEciQTnQ4K3sr,18080,26,318,1.0,18080.0,75625.0,0.239074,6.3037078e-05,1.13971037,0.31991166,0.99149566,-0.583,1.500,4.358,4.3579,-0.0001,1,,0,3,3,0,0,m1,1ETD6u7wdHS6P9D1mxb1Qx3Aapa2DwAyyZutL2,00a5e9da3ffda86963d4489358a2a1d0d4bc9355038fba6feeb834221a217635,946685964,946685961,1,1,0,0,119.0808,335,
run4-tbt-3s,1,nazionale,3,none,true,12,338,29,1,m3,1LtuCHDRfFnaxMXGm2gmsN7NoezE7zExV3Cet8,6539,27,330,1.0,6539.0,75625.0,0.086466,5.59172922e-05,0.36564317,0.69375031,0.98542934,-0.583,1.500,4.34,4.3397,-0.0003,1,,0,2,2,0,0,m1,1ETD6u7wdHS6P9D1mxb1Qx3Aapa2DwAyyZutL2,00a5e9da3ffda86963d4489358a2a1d0d4bc9355038fba6feeb834221a217635,946685964,946685961,1,1,0,0,39.8537,335,
run4-tbt-3s,1,nazionale,3,none,true,12,339,29,1,m1,1ETD6u7wdHS6P9D1mxb1Qx3Aapa2DwAyyZutL2,51006,27,330,1.0,51006.0,75625.0,0.67446,4.41218246e-05,2.25047779,0.10534888,0.96444637,-0.667,1.500,4.26,4.2599,-0.0001,1,,0,3,3,0,0,m2,1WKxQntNgmP3dtjbv3UL3DHV2JEciQTnQ4K3sr,001b7b4ec2ac53b7c4bb8fedda4d451cd459a184d3f87520abec779bc471a04f,946685968,946685964,2,1,0,0,108.3012,335,
run4-tbt-3s,1,nazionale,3,none,true,12,339,29,1,m2,1WKxQntNgmP3dtjbv3UL3DHV2JEciQTnQ4K3sr,18080,26,318,1.0,18080.0,75625.0,0.239074,8.1448151e-06,0.14725826,0.86307105,0.45987336,-0.667,1.500,2.746,2.7462,0.0002,1,,1,1,1,1,1,m2,1WKxQntNgmP3dtjbv3UL3DHV2JEciQTnQ4K3sr,001b7b4ec2ac53b7c4bb8fedda4d451cd459a184d3f87520abec779bc471a04f,946685968,946685964,2,1,0,0,119.0808,335,1
run4-tbt-3s,1,nazionale,3,none,true,12,339,29,1,m3,1LtuCHDRfFnaxMXGm2gmsN7NoezE7zExV3Cet8,6539,27,330,1.0,6539.0,75625.0,0.086466,3.92119107e-05,0.25640668,0.7738272,0.94846019,-0.667,1.500,4.212,4.212,-0.0,1,,0,2,2,0,0,m2,1WKxQntNgmP3dtjbv3UL3DHV2JEciQTnQ4K3sr,001b7b4ec2ac53b7c4bb8fedda4d451cd459a184d3f87520abec779bc471a04f,946685968,946685964,2,1,0,0,39.8537,335,
run4-tbt-3s,1,nazionale,3,none,true,12,340,29,1,m1,1ETD6u7wdHS6P9D1mxb1Qx3Aapa2DwAyyZutL2,51006,27,330,1.0,51006.0,75625.0,0.67446,1.18006443e-05,0.60190366,0.54776788,0.59033836,-0.667,1.500,3.138,3.1376,-0.0004,1,,0,2,2,0,0,m3,1LtuCHDRfFnaxMXGm2gmsN7NoezE7zExV3Cet8,003a6eca6e9b9394f3ca7a4aa47f26119f46fd01b8f5cd355534ad9d3019d4e7,946685971,946685968,1,1,0,0,108.3012,335,
run4-tbt-3s,1,nazionale,3,none,true,12,340,29,1,m2,1WKxQntNgmP3dtjbv3UL3DHV2JEciQTnQ4K3sr,18080,26,318,1.0,18080.0,75625.0,0.239074,0.000332653566,6.01437647,0.00244337,1.0,-0.667,1.500,4.367,4.3666,-0.0004,1,,0,3,3,0,0,m3,1LtuCHDRfFnaxMXGm2gmsN7NoezE7zExV3Cet8,003a6eca6e9b9394f3ca7a4aa47f26119f46fd01b8f5cd355534ad9d3019d4e7,946685971,946685968,1,1,0,0,119.0808,335,
run4-tbt-3s,1,nazionale,3,none,true,12,340,29,1,m3,1LtuCHDRfFnaxMXGm2gmsN7NoezE7zExV3Cet8,6539,27,330,1.0,6539.0,75625.0,0.086466,3.04766025e-07,0.00199287,0.99800912,0.02278436,-0.667,1.500,1.435,1.435,-0.0,1,,1,1,1,1,1,m3,1LtuCHDRfFnaxMXGm2gmsN7NoezE7zExV3Cet8,003a6eca6e9b9394f3ca7a4aa47f26119f46fd01b8f5cd355534ad9d3019d4e7,946685971,946685968,1,1,0,0,39.8537,335,1
run4-tbt-3s,1,nazionale,3,none,true,12,341,29,1,m1,1ETD6u7wdHS6P9D1mxb1Qx3Aapa2DwAyyZutL2,51006,27,330,1.0,51006.0,75625.0,0.67446,6.64864987e-07,0.0339121,0.96665647,0.04903728,-0.5,1.500,1.547,1.5471,0.0001,1,,1,1,1,1,1,m1,1ETD6u7wdHS6P9D1mxb1Qx3Aapa2DwAyyZutL2,00c86fe47b44ad89c6a9607ac9c1b9b8efecbaefc63dfc5c33ac13d6a1b699b9,946685974,946685971,1,1,0,0,108.3012,335,1
run4-tbt-3s,1,nazionale,3,none,true,12,341,29,1,m2,1WKxQntNgmP3dtjbv3UL3DHV2JEciQTnQ4K3sr,18080,26,318,1.0,18080.0,75625.0,0.239074,1.71516008e-05,0.31010094,0.73337292,0.72667393,-0.5,1.500,3.58,3.58,0.0,1,,0,2,2,0,0,m1,1ETD6u7wdHS6P9D1mxb1Qx3Aapa2DwAyyZutL2,00c86fe47b44ad89c6a9607ac9c1b9b8efecbaefc63dfc5c33ac13d6a1b699b9,946685974,946685971,1,1,0,0,119.0808,335,
run4-tbt-3s,1,nazionale,3,none,true,12,341,29,1,m3,1LtuCHDRfFnaxMXGm2gmsN7NoezE7zExV3Cet8,6539,27,330,1.0,6539.0,75625.0,0.086466,0.000247555963,1.61876844,0.19814257,0.99999999,-0.5,1.500,4.4,4.4,-0.0,1,,0,3,3,0,0,m1,1ETD6u7wdHS6P9D1mxb1Qx3Aapa2DwAyyZutL2,00c86fe47b44ad89c6a9607ac9c1b9b8efecbaefc63dfc5c33ac13d6a1b699b9,946685974,946685971,1,1,0,0,39.8537,335,
run4-tbt-3s,1,nazionale,3,none,true,12,342,29,1,m1,1ETD6u7wdHS6P9D1mxb1Qx3Aapa2DwAyyZutL2,51006,27,330,1.0,51006.0,75625.0,0.67446,3.31013758e-05,1.68836877,0.18482076,0.91818474,-0.5,1.500,4.155,4.1546,-0.0004,1,,1,2,2,0,0,m1,1ETD6u7wdHS6P9D1mxb1Qx3Aapa2DwAyyZutL2,006c986dcee85635d6dff831795b4e52d08407e832d94fcf4957385de641beb3,946685978,946685974,4,1,0,0,108.3012,335,2
run4-tbt-3s,1,nazionale,3,none,true,12,342,29,1,m2,1WKxQntNgmP3dtjbv3UL3DHV2JEciQTnQ4K3sr,18080,26,318,1.0,18080.0,75625.0,0.239074,9.28228793e-05,1.67823766,0.18670272,0.99910593,-0.5,1.500,4.397,4.3973,0.0003,1,,0,3,3,0,0,m1,1ETD6u7wdHS6P9D1mxb1Qx3Aapa2DwAyyZutL2,006c986dcee85635d6dff831795b4e52d08407e832d94fcf4957385de641beb3,946685978,946685974,4,1,0,0,119.0808,335,
run4-tbt-3s,1,nazionale,3,none,true,12,342,29,1,m3,1LtuCHDRfFnaxMXGm2gmsN7NoezE7zExV3Cet8,6539,27,330,1.0,6539.0,75625.0,0.086466,2.58838749e-05,0.16925466,0.84429387,0.85878448,-0.5,1.500,3.976,3.9764,0.0004,1,,0,1,1,1,1,m1,1ETD6u7wdHS6P9D1mxb1Qx3Aapa2DwAyyZutL2,006c986dcee85635d6dff831795b4e52d08407e832d94fcf4957385de641beb3,946685978,946685974,4,1,0,0,39.8537,335,
run4-tbt-3s,1,nazionale,3,none,true,12,343,29,1,m1,1ETD6u7wdHS6P9D1mxb1Qx3Aapa2DwAyyZutL2,44404,28,342,1.0,44404.0,65455.0,0.67839,3.28943201e-05,1.46063939,0.23208783,0.88387612,-0.417,1.500,4.068,4.0682,0.0002,1,,1,1,1,1,1,m1,1ETD6u7wdHS6P9D1mxb1Qx3Aapa2DwAyyZutL2,007225cb6f8c07ba31afaca3e9428ed5d2fcb513cd21feee9f1689f64ea1844b,946685983,946685978,4,1,0,0,108.3012,335,3
run4-tbt-3s,1,nazionale,3,none,true,12,343,29,1,m2,1WKxQntNgmP3dtjbv3UL3DHV2JEciQTnQ4K3sr,12808,28,342,1.0,12808.0,65455.0,0.195676,3.95301583e-05,0.50630227,0.60272016,0.92478815,-0.417,1.500,4.191,4.191,-0.0,1,,0,2,2,0,0,m1,1ETD6u7wdHS6P9D1mxb1Qx3Aapa2DwAyyZutL2,007225cb6f8c07ba31afaca3e9428ed5d2fcb513cd21feee9f1689f64ea1844b,946685983,946685978,4,1,0,0,119.0808,335,
run4-tbt-3s,1,nazionale,3,none,true,12,343,29,1,m3,1LtuCHDRfFnaxMXGm2gmsN7NoezE7zExV3Cet8,8243,28,342,1.0,8243.0,65455.0,0.125934,4.44690681e-05,0.36655853,0.69311557,0.94556363,-0.417,1.500,4.253,4.2533,0.0003,1,,0,3,3,0,0,m1,1ETD6u7wdHS6P9D1mxb1Qx3Aapa2DwAyyZutL2,007225cb6f8c07ba31afaca3e9428ed5d2fcb513cd21feee9f1689f64ea1844b,946685983,946685978,4,1,0,0,39.8537,335,
run4-tbt-3s,1,nazionale,3,none,true,12,344,29,1,m1,1ETD6u7wdHS6P9D1mxb1Qx3Aapa2DwAyyZutL2,44404,28,342,1.0,44404.0,65455.0,0.67839,3.37745671e-05,1.49972588,0.22319133,0.89037768,-0.667,1.500,4.038,4.0377,-0.0003,1,,1,1,1,1,1,m1,1ETD6u7wdHS6P9D1mxb1Qx3Aapa2DwAyyZutL2,001fd621631244b0d15461f3bd3872443125cd2e8d7045d615d43619e85a2336,946685987,946685983,4,1,0,0,7.6635,344,4
run4-tbt-3s,1,nazionale,3,none,true,12,344,29,1,m2,1WKxQntNgmP3dtjbv3UL3DHV2JEciQTnQ4K3sr,12808,28,342,1.0,12808.0,65455.0,0.195676,9.31625869e-05,1.19322641,0.3032413,0.99775255,-0.667,1.500,4.36,4.3599,-0.0001,1,,0,3,3,0,0,m1,1ETD6u7wdHS6P9D1mxb1Qx3Aapa2DwAyyZutL2,001fd621631244b0d15461f3bd3872443125cd2e8d7045d615d43619e85a2336,946685987,946685983,4,1,0,0,49.2211,344,
run4-tbt-3s,1,nazionale,3,none,true,12,344,29,1,m3,1LtuCHDRfFnaxMXGm2gmsN7NoezE7zExV3Cet8,8243,28,342,1.0,8243.0,65455.0,0.125934,6.48985458e-05,0.53495871,0.58569347,0.98570627,-0.667,1.500,4.324,4.3237,-0.0003,1,,0,2,2,0,0,m1,1ETD6u7wdHS6P9D1mxb1Qx3Aapa2DwAyyZutL2,001fd621631244b0d15461f3bd3872443125cd2e8d7045d615d43619e85a2336,946685987,946685983,4,1,0,0,32.2178,344,
run4-tbt-3s,1,nazionale,3,none,true,12,345,29,1,m1,1ETD6u7wdHS6P9D1mxb1Qx3Aapa2DwAyyZutL2,44404,28,342,1.0,44404.0,65455.0,0.67839,1.35183455e-05,0.60026861,0.54866424,0.58722115,-0.833,1.500,3.095,3.0951,0.0001,1,,1,1,1,1,1,m1,1ETD6u7wdHS6P9D1mxb1Qx3Aapa2DwAyyZutL2,009ab0a87af3885e2cb1bee4254e955f28d56b05ae007a92bdd10b7c4b84fb8e,946685991,946685987,3,1,0,0,7.6635,344,5
run4-tbt-3s,1,nazionale,3,none,true,12,345,29,1,m2,1WKxQntNgmP3dtjbv3UL3DHV2JEciQTnQ4K3sr,12808,28,342,1.0,12808.0,65455.0,0.195676,0.000182711774,2.3401724,0.09631103,0.9999936,-0.833,1.500,4.333,4.3334,0.0004,1,,0,3,2,0,0,m1,1ETD6u7wdHS6P9D1mxb1Qx3Aapa2DwAyyZutL2,009ab0a87af3885e2cb1bee4254e955f28d56b05ae007a92bdd10b7c4b84fb8e,946685991,946685987,3,1,0,0,49.2211,344,
run4-tbt-3s,1,nazionale,3,none,true,12,345,29,1,m3,1LtuCHDRfFnaxMXGm2gmsN7NoezE7zExV3Cet8,8243,28,342,1.0,8243.0,65455.0,0.125934,0.000278069801,2.29212937,0.10105106,0.99999999,-0.833,1.500,4.333,4.3334,0.0004,1,,0,2,3,0,0,m1,1ETD6u7wdHS6P9D1mxb1Qx3Aapa2DwAyyZutL2,009ab0a87af3885e2cb1bee4254e955f28d56b05ae007a92bdd10b7c4b84fb8e,946685991,946685987,3,1,0,0,32.2178,344,
run4-tbt-3s,1,nazionale,3,none,true,12,346,29,1,m1,1ETD6u7wdHS6P9D1mxb1Qx3Aapa2DwAyyZutL2,44404,28,342,1.0,44404.0,65455.0,0.67839,3.13752338e-05,1.39318588,0.24828304,0.87173617,-0.833,1.500,3.949,3.9486,-0.0004,1,,0,3,3,0,0,m2,1WKxQntNgmP3dtjbv3UL3DHV2JEciQTnQ4K3sr,007c1a2d882cbdb4b35a3d1a15f12ed76f2dd8a5f860a047557ec10076fe8273,946685993,946685991,1,1,0,0,7.6635,344,
run4-tbt-3s,1,nazionale,3,none,true,12,346,29,1,m2,1WKxQntNgmP3dtjbv3UL3DHV2JEciQTnQ4K3sr,12808,28,342,1.0,12808.0,65455.0,0.195676,3.53493634e-06,0.04527546,0.95573417,0.20656151,-0.833,1.500,1.953,1.9531,0.0001,1,,1,1,1,1,1,m2,1WKxQntNgmP3dtjbv3UL3DHV2JEciQTnQ4K3sr,007c1a2d882cbdb4b35a3d1a15f12ed76f2dd8a5f860a047557ec10076fe8273,946685993,946685991,1,1,0,0,49.2211,344,1
run4-tbt-3s,1,nazionale,3,none,true,12,346,29,1,m3,1LtuCHDRfFnaxMXGm2gmsN7NoezE7zExV3Cet8,8243,28,342,1.0,8243.0,65455.0,0.125934,6.26165594e-06,0.05161483,0.94969459,0.33625464,-0.833,1.500,2.342,2.3422,0.0002,1,,0,2,2,0,0,m2,1WKxQntNgmP3dtjbv3UL3DHV2JEciQTnQ4K3sr,007c1a2d882cbdb4b35a3d1a15f12ed76f2dd8a5f860a047557ec10076fe8273,946685993,946685991,1,1,0,0,32.2178,344,
run4-tbt-3s,1,nazionale,3,none,true,12,347,29,1,m1,1ETD6u7wdHS6P9D1mxb1Qx3Aapa2DwAyyZutL2,44404,28,342,1.0,44404.0,65455.0,0.67839,1.06858472e-05,0.47449436,0.62219959,0.50313759,-0.583,1.500,2.893,2.8928,-0.0002,1,,1,1,1,1,1,m1,1ETD6u7wdHS6P9D1mxb1Qx3Aapa2DwAyyZutL2,00566bd8523bac67c198bd26202eb9120e212d133d3fcbbada0e6e087bc214e8,946685997,946685993,2,1,0,0,7.6635,344,1
run4-tbt-3s,1,nazionale,3,none,true,12,347,29,1,m2,1WKxQntNgmP3dtjbv3UL3DHV2JEciQTnQ4K3sr,12808,28,342,1.0,12808.0,65455.0,0.195676,0.000290872123,3.72549015,0.02410128,0.99999999,-0.583,1.500,4.383,4.3834,0.0004,1,,0,3,3,0,0,m1,1ETD6u7wdHS6P9D1mxb1Qx3Aapa2DwAyyZutL2,00566bd8523bac67c198bd26202eb9120e212d133d3fcbbada0e6e087bc214e8,946685997,946685993,2,1,0,0,49.2211,344,
run4-tbt-3s,1,nazionale,3,none,true,12,347,29,1,m3,1LtuCHDRfFnaxMXGm2gmsN7NoezE7zExV3Cet8,8243,28,342,1.0,8243.0,65455.0,0.125934,0.000161548257,1.33164228,0.26404327,0.99997443,-0.583,1.500,4.383,4.3833,0.0003,1,,0,2,2,0,0,m1,1ETD6u7wdHS6P9D1mxb1Qx3Aapa2DwAyyZutL2,00566bd8523bac67c198bd26202eb9120e212d133d3fcbbada0e6e087bc214e8,946685997,946685993,2,1,0,0,32.2178,344,
run4-tbt-3s,1,nazionale,3,none,true,12,348,30,1,m1,1ETD6u7wdHS6P9D1mxb1Qx3Aapa2DwAyyZutL2,44404,28,342,1.0,44404.0,65455.0,0.67839,3.02965197e-07,0.01345287,0.98663722,0.01963525,-0.583,1.500,1.442,1.4423,0.0003,1,,1,1,1,1,1,m1,1ETD6u7wdHS6P9D1mxb1Qx3Aapa2DwAyyZutL2,0054ed081c5241a04aa278c0299b3e53690dac7d2d3ecbb0bdaf0943a88c08ce,946685999,946685997,1,1,0,0,7.6635,344,2
run4-tbt-3s,1,nazionale,3,none,true,12,348,30,1,m2,1WKxQntNgmP3dtjbv3UL3DHV2JEciQTnQ4K3sr,12808,28,342,1.0,12808.0,65455.0,0.195676,1.51800109e-05,0.19442558,0.82330745,0.6297614,-0.583,1.500,3.273,3.2727,-0.0003,1,,0,2,2,0,0,m1,1ETD6u7wdHS6P9D1mxb1Qx3Aapa2DwAyyZutL2,0054ed081c5241a04aa278c0299b3e53690dac7d2d3ecbb0bdaf0943a88c08ce,946685999,946685997,1,1,0,0,49.2211,344,
run4-tbt-3s,1,nazionale,3,none,true,12,348,30,1,m3,1LtuCHDRfFnaxMXGm2gmsN7NoezE7zExV3Cet8,8243,28,342,1.0,8243.0,65455.0,0.125934,6.9770517e-05,0.57511837,0.56263826,0.98960915,-0.583,1.500,4.352,4.3522,0.0002,1,,0,3,3,0,0,m1,1ETD6u7wdHS6P9D1mxb1Qx3Aapa2DwAyyZutL2,0054ed081c5241a04aa278c0299b3e53690dac7d2d3ecbb0bdaf0943a88c08ce,946685999,946685997,1,1,0,0,32.2178,344,
run4-tbt-3s,1,nazionale,3,none,true,12,349,30,1,m1,1ETD6u7wdHS6P9D1mxb1Qx3Aapa2DwAyyZutL2,44404,28,342,1.0,44404.0,65455.0,0.67839,2.19079204e-05,0.9727993,0.37802336,0.76164233,-0.417,1.500,3.702,3.7015,-0.0005,1,,1,1,1,1,1,m1,1ETD6u7wdHS6P9D1mxb1Qx3Aapa2DwAyyZutL2,008d4de211900ce394dd8a487a4b923a4f9d3aa3e8fb78c752559d49beb145b4,946686004,946685999,3,1,0,0,7.6635,344,3
run4-tbt-3s,1,nazionale,3,none,true,12,349,30,1,m2,1WKxQntNgmP3dtjbv3UL3DHV2JEciQTnQ4K3sr,12808,28,342,1.0,12808.0,65455.0,0.195676,0.000136089236,1.74303093,0.17498922,0.99986466,-0.417,1.500,4.416,4.4162,0.0002,1,,0,2,2,0,0,m1,1ETD6u7wdHS6P9D1mxb1Qx3Aapa2DwAyyZutL2,008d4de211900ce394dd8a487a4b923a4f9d3aa3e8fb78c752559d49beb145b4,946686004,946685999,3,1,0,0,49.2211,344,
run4-tbt-3s,1,nazionale,3,none,true,12,349,30,1,m3,1LtuCHDRfFnaxMXGm2gmsN7NoezE7zExV3Cet8,8243,28,342,1.0,8243.0,65455.0,0.125934,0.000273396592,2.25360811,0.10501962,0.99999998,-0.417,1.500,4.417,4.4166,-0.0004,1,,0,3,3,0,0,m1,1ETD6u7wdHS6P9D1mxb1Qx3Aapa2DwAyyZutL2,008d4de211900ce394dd8a487a4b923a4f9d3aa3e8fb78c752559d49beb145b4,946686004,946685999,3,1,0,0,32.2178,344,
run4-tbt-3s,1,nazionale,3,none,true,12,350,30,1,m1,1ETD6u7wdHS6P9D1mxb1Qx3Aapa2DwAyyZutL2,44404,28,342,1.0,44404.0,65455.0,0.67839,1.13393908e-05,0.50351431,0.60440286,0.52394402,-0.583,1.500,2.955,2.9552,0.0002,1,,1,1,1,1,1,m1,1ETD6u7wdHS6P9D1mxb1Qx3Aapa2DwAyyZutL2,005343a07735a66af4c0770cd2ead6dd90fd4453b629701d9a0a520f2feb99cf,946686007,946686004,2,1,0,0,7.6635,344,4
run4-tbt-3s,1,nazionale,3,none,true,12,350,30,1,m2,1WKxQntNgmP3dtjbv3UL3DHV2JEciQTnQ4K3sr,12808,28,342,1.0,12808.0,65455.0,0.195676,5.26871576e-05,0.67481711,0.50924955,0.96821109,-0.583,1.500,4.288,4.288,0.0,1,,0,2,2,0,0,m1,1ETD6u7wdHS6P9D1mxb1Qx3Aapa2DwAyyZutL2,005343a07735a66af4c0770cd2ead6dd90fd4453b629701d9a0a520f2feb99cf,946686007,946686004,2,1,0,0,49.2211,344,
run4-tbt-3s,1,nazionale,3,none,true,12,350,30,1,m3,1LtuCHDRfFnaxMXGm2gmsN7NoezE7zExV3Cet8,8243,28,342,1.0,8243.0,65455.0,0.125934,0.00028388493,2.34006348,0.09632152,0.99999999,-0.583,1.500,4.383,4.3834,0.0004,1,,0,3,3,0,0,m1,1ETD6u7wdHS6P9D1mxb1Qx3Aapa2DwAyyZutL2,005343a07735a66af4c0770cd2ead6dd90fd4453b629701d9a0a520f2feb99cf,946686007,946686004,2,1,0,0,32.2178,344,
run4-tbt-3s,1,nazionale,3,none,true,12,351,30,1,m1,1ETD6u7wdHS6P9D1mxb1Qx3Aapa2DwAyyZutL2,44404,28,342,1.0,44404.0,65455.0,0.67839,2.23439039e-05,0.99215871,0.37077543,0.76834828,-0.583,1.500,3.688,3.6884,0.0004,1,,0,2,2,0,0,m3,1LtuCHDRfFnaxMXGm2gmsN7NoezE7zExV3Cet8,009ef70d69bd69e9d178b48dadb95396a8446b25144eee1d93a8560e6ceec175,946686010,946686007,1,1,0,0,7.6635,344,
run4-tbt-3s,1,nazionale,3,none,true,12,351,30,1,m2,1WKxQntNgmP3dtjbv3UL3DHV2JEciQTnQ4K3sr,12808,28,342,1.0,12808.0,65455.0,0.195676,4.2798946e-05,0.5481689,0.57800723,0.93927532,-0.583,1.500,4.201,4.2012,0.0002,1,,0,3,3,0,0,m3,1LtuCHDRfFnaxMXGm2gmsN7NoezE7zExV3Cet8,009ef70d69bd69e9d178b48dadb95396a8446b25144eee1d93a8560e6ceec175,946686010,946686007,1,1,0,0,49.2211,344,
run4-tbt-3s,1,nazionale,3,none,true,12,351,30,1,m3,1LtuCHDRfFnaxMXGm2gmsN7NoezE7zExV3Cet8,8243,28,342,1.0,8243.0,65455.0,0.125934,2.61676439e-06,0.02156999,0.97866098,0.15741465,-0.583,1.500,1.856,1.8556,-0.0004,1,,1,1,1,1,1,m3,1LtuCHDRfFnaxMXGm2gmsN7NoezE7zExV3Cet8,009ef70d69bd69e9d178b48dadb95396a8446b25144eee1d93a8560e6ceec175,946686010,946686007,1,1,0,0,32.2178,344,1
run4-tbt-3s,1,nazionale,3,none,true,12,352,30,1,m1,1ETD6u7wdHS6P9D1mxb1Qx3Aapa2DwAyyZutL2,44404,28,342,1.0,44404.0,65455.0,0.67839,4.34893938e-06,0.1931103,0.82439104,0.24772989,-0.5,1.500,2.143,2.1432,0.0002,1,,1,1,1,1,1,m1,1ETD6u7wdHS6P9D1mxb1Qx3Aapa2DwAyyZutL2,00622778eb6700b6d5536ebb89841068561947b35d6b4abd3dfa1cab42333dab,946686014,946686010,2,1,0,0,7.4713,352,1
run4-tbt-3s,1,nazionale,3,none,true,12,352,30,1,m2,1WKxQntNgmP3dtjbv3UL3DHV2JEciQTnQ4K3sr,12808,28,342,1.0,12808.0,65455.0,0.195676,1.24063193e-05,0.15890014,0.85308155,0.55605546,-0.5,1.500,3.068,3.0682,0.0002,1,,0,2,2,0,0,m1,1ETD6u7wdHS6P9D1mxb1Qx3Aapa2DwAyyZutL2,00622778eb6700b6d5536ebb89841068561947b35d6b4abd3dfa1cab42333dab,946686014,946686010,2,1,0,0,20.7598,352,
run4-tbt-3s,1,nazionale,3,none,true,12,352,30,1,m3,1LtuCHDRfFnaxMXGm2gmsN7NoezE7zExV3Cet8,8243,28,342,1.0,8243.0,65455.0,0.125934,0.000102589045,0.8456415,0.42928189,0.99878737,-0.5,1.500,4.396,4.3964,0.0004,1,,0,3,3,0,0,m1,1ETD6u7wdHS6P9D1mxb1Qx3Aapa2DwAyyZutL2,00622778eb6700b6d5536ebb89841068561947b35d6b4abd3dfa1cab42333dab,946686014,946686010,2,1,0,0,26.2194,352,
run4-tbt-3s,1,nazionale,3,none,true,12,353,30,1,m1,1ETD6u7wdHS6P9D1mxb1Qx3Aapa2DwAyyZutL2,44404,28,342,1.0,44404.0,65455.0,0.67839,4.77328475e-05,2.11952936,0.12008813,0.95603465,-0.583,1.500,4.251,4.2515,0.0005,1,,1,2,2,0,0,m1,1ETD6u7wdHS6P9D1mxb1Qx3Aapa2DwAyyZutL2,00e0daeecd905513ddaf10a21fe706dc5ee66dea0181485ee38f51af1529489f,946686018,946686014,4,1,0,0,7.4713,352,2
run4-tbt-3s,1,nazionale,3,none,true,12,353,30,1,m2,1WKxQntNgmP3dtjbv3UL3DHV2JEciQTnQ4K3sr,12808,28,342,1.0,12808.0,65455.0,0.195676,0.000207459739,2.65714434,0.07014826,0.99999873,-0.583,1.500,4.383,4.3834,0.0004,1,,0,3,3,0,0,m1,1ETD6u7wdHS6P9D1mxb1Qx3Aapa2DwAyyZutL2,00e0daeecd905513ddaf10a21fe706dc5ee66dea0181485ee38f51af1529489f,946686018,946686014,4,1,0,0,20.7598,352,
run4-tbt-3s,1,nazionale,3,none,true,12,353,30,1,m3,1LtuCHDRfFnaxMXGm2gmsN7NoezE7zExV3Cet8,8243,28,342,1.0,8243.0,65455.0,0.125934,2.76169726e-05,0.22764671,0.79640558,0.83596393,-0.583,1.500,3.891,3.8913,0.0003,1,,0,1,1,1,1,m1,1ETD6u7wdHS6P9D1mxb1Qx3Aapa2DwAyyZutL2,00e0daeecd905513ddaf10a21fe706dc5ee66dea0181485ee38f51af1529489f,946686018,946686014,4,1,0,0,26.2194,352,
run4-tbt-3s,1,nazionale,3,none,true,12,354,30,1,m1,1ETD6u7wdHS6P9D1mxb1Qx3Aapa2DwAyyZutL2,44404,28,342,1.0,44404.0,65455.0,0.67839,2.09371586e-05,0.92969359,0.39467462,0.74600526,-0.667,1.500,3.605,3.6046,-0.0004,1,,1,1,1,1,1,m1,1ETD6u7wdHS6P9D1mxb1Qx3Aapa2DwAyyZutL2,00d44f44802c751266a587321e4a9a536d436064e39900d76a03e31a6676df00,946686023,946686018,3,1,0,0,7.4713,352,3
run4-tbt-3s,1,nazionale,3,none,true,12,354,30,1,m2,1WKxQntNgmP3dtjbv3UL3DHV2JEciQTnQ4K3sr,12808,28,342,1.0,12808.0,65455.0,0.195676,0.000106648224,1.36595045,0.25513806,0.99907031,-0.667,1.500,4.364,4.3638,-0.0002,1,,0,2,2,0,0,m1,1ETD6u7wdHS6P9D1mxb1Qx3Aapa2DwAyyZutL2,00d44f44802c751266a587321e4a9a536d436064e39900d76a03e31a6676df00,946686023,946686018,3,1,0,0,20.7598,352,
run4-tbt-3s,1,nazionale,3,none,true,12,354,30,1,m3,1LtuCHDRfFnaxMXGm2gmsN7NoezE7zExV3Cet8,8243,28,342,1.0,8243.0,65455.0,0.125934,0.000316668399,2.61029761,0.07351266,1.0,-0.667,1.500,4.367,4.3666,-0.0004,1,,0,3,3,0,0,m1,1ETD6u7wdHS6P9D1mxb1Qx3Aapa2DwAyyZutL2,00d44f44802c751266a587321e4a9a536d436064e39900d76a03e31a6676df00,946686023,946686018,3,1,0,0,26.2194,352,
run4-tbt-3s,1,nazionale,3,none,true,12,355,30,1,m1,1ETD6u7wdHS6P9D1mxb1Qx3Aapa2DwAyyZutL2,52503,29,354,1.0,52503.0,78826.0,0.666062,2.49386037e-06,0.13093515,0.87727466,0.17846525,-0.75,1.500,1.885,1.8854,0.0004,1,,1,1,1,1,1,m1,1ETD6u7wdHS6P9D1mxb1Qx3Aapa2DwAyyZutL2,00b664a128739527921d3362be40b8fe92389dc7a59cfd978a6a3385ca9202b5,946686025,946686023,1,1,0,0,7.4713,352,4
run4-tbt-3s,1,nazionale,3,none,true,12,355,30,1,m2,1WKxQntNgmP3dtjbv3UL3DHV2JEciQTnQ4K3sr,18080,29,354,1.0,18080.0,78826.0,0.229366,2.34159524e-05,0.42336042,0.65484257,0.84209882,-0.75,1.500,3.876,3.8763,0.0003,1,,0,2,2,0,0,m1,1ETD6u7wdHS6P9D1mxb1Qx3Aapa2DwAyyZutL2,00b664a128739527921d3362be40b8fe92389dc7a59cfd978a6a3385ca9202b5,946686025,946686023,1,1,0,0,20.7598,352,
run4-tbt-3s,1,nazionale,3,none,true,12,355,30,1,m3,1LtuCHDRfFnaxMXGm2gmsN7NoezE7zExV3Cet8,8243,28,342,1.0,8243.0,78826.0,0.104572,0.00022258869,1.83479857,0.15964566,0.99999998,-0.75,1.500,4.35,4.35,-0.0,1,,0,3,3,0,0,m1,1ETD6u7wdHS6P9D1mxb1Qx3Aapa2DwAyyZutL2,00b664a128739527921d3362be40b8fe92389dc7a59cfd978a6a3385ca9202b5,946686025,946686023,1,1,0,0,26.2194,352,
run4-tbt-3s,1,nazionale,3,none,true,12,356,30,1,m1,1ETD6u7wdHS6P9D1mxb1Qx3Aapa2DwAyyZutL2,52503,29,354,1.0,52503.0,78826.0,0.666062,3.40613658e-06,0.17883239,0.83624605,0.23546855,-0.5,1.500,2.106,2.1064,0.0004,1,,1,1,1,1,1,m1,1ETD6u7wdHS6P9D1mxb1Qx3Aapa2DwAyyZutL2,00be8101488792ce551befb3df5f3595e18000fc34a1271f009a53e58612b230,946686027,946686025,2,1,0,0,7.4713,352,5
run4-tbt-3s,1,nazionale,3,none,true,12,356,30,1,m2,1WKxQntNgmP3dtjbv3UL3DHV2JEciQTnQ4K3sr,18080,29,354,1.0,18080.0,78826.0,0.229366,2.04699621e-05,0.37009691,0.69066739,0.80082376,-0.5,1.500,3.802,3.8025,0.0005,1,,0,3,3,0,0,m1,1ETD6u7wdHS6P9D1mxb1Qx3Aapa2DwAyyZutL2,00be8101488792ce551befb3df5f3595e18000fc34a1271f009a53e58612b230,946686027,946686025,2,1,0,0,20.7598,352,
run4-tbt-3s,1,nazionale,3,none,true,12,356,30,1,m3,1LtuCHDRfFnaxMXGm2gmsN7NoezE7zExV3Cet8,8243,28,342,1.0,8243.0,78826.0,0.104572,1.47846648e-05,0.12186999,0.88526345,0.68820707,-0.5,1.500,3.465,3.4646,-0.0004,1,,0,2,2,0,0,m1,1ETD6u7wdHS6P9D1mxb1Qx3Aapa2DwAyyZutL2,00be8101488792ce551befb3df5f3595e18000fc34a1271f009a53e58612b230,946686027,946686025,2,1,0,0,26.2194,352,
run4-tbt-3s,1,nazionale,3,none,true,12,357,30,1,m1,1ETD6u7wdHS6P9D1mxb1Qx3Aapa2DwAyyZutL2,52503,29,354,1.0,52503.0,78826.0,0.666062,7.96593503e-06,0.41823549,0.65820721,0.46630075,-0.333,1.500,2.832,2.8323,0.0003,1,,1,1,1,1,1,m1,1ETD6u7wdHS6P9D1mxb1Qx3Aapa2DwAyyZutL2,00107bdda4ce955179a7242959f97fda3a9dd862ea9860f32501e0773a88f2fd,946686030,946686027,2,1,0,0,7.4713,352,6
run4-tbt-3s,1,nazionale,3,none,true,12,357,30,1,m2,1WKxQntNgmP3dtjbv3UL3DHV2JEciQTnQ4K3sr,18080,29,354,1.0,18080.0,78826.0,0.229366,3.4268233e-05,0.61956965,0.53817599,0.93287695,-0.333,1.500,4.232,4.232,0.0,1,,0,2,2,0,0,m1,1ETD6u7wdHS6P9D1mxb1Qx3Aapa2DwAyyZutL2,00107bdda4ce955179a7242959f97fda3a9dd862ea9860f32501e0773a88f2fd,946686030,946686027,2,1,0,0,20.7598,352,
run4-tbt-3s,1,nazionale,3,none,true,12,357,30,1,m3,1LtuCHDRfFnaxMXGm2gmsN7NoezE7zExV3Cet8,8243,28,342,1.0,8243.0,78826.0,0.104572,0.000246413512,2.03118658,0.13117977,1.0,-0.333,1.500,4.433,4.4334,0.0004,1,,0,3,3,0,0,m1,1ETD6u7wdHS6P9D1mxb1Qx3Aapa2DwAyyZutL2,00107bdda4ce955179a7242959f97fda3a9dd862ea9860f32501e0773a88f2fd,946686030,946686027,2,1,0,0,26.2194,352,
run4-tbt-3s,1,nazionale,3,none,true,12,358,30,1,m1,1ETD6u7wdHS6P9D1mxb1Qx3Aapa2DwAyyZutL2,52503,29,354,1.0,52503.0,78826.0,0.666062,1.27520554e-06,0.06695212,0.93523998,0.09563239,-0.25,1.500,1.737,1.7369,-0.0001,1,,1,1,1,1,1,m1,1ETD6u7wdHS6P9D1mxb1Qx3Aapa2DwAyyZutL2,00c164d679241db0b85b78412fd972a050f8dcda7b73f2c3a595af08a74c2a24,946686032,946686030,1,1,0,0,7.4713,352,7
run4-tbt-3s,1,nazionale,3,none,true,12,358,30,1,m2,1WKxQntNgmP3dtjbv3UL3DHV2JEciQTnQ4K3sr,18080,29,354,1.0,18080.0,78826.0,0.229366,3.15230802e-05,0.56993729,0.5655609,0.91666097,-0.25,1.500,4.2,4.2,-0.0,1,,0,2,2,0,0,m1,1ETD6u7wdHS6P9D1mxb1Qx3Aapa2DwAyyZutL2,00c164d679241db0b85b78412fd972a050f8dcda7b73f2c3a595af08a74c2a24,946686032,946686030,1,1,0,0,20.7598,352,
run4-tbt-3s,1,nazionale,3,none,true,12,358,30,1,m3,1LtuCHDRfFnaxMXGm2gmsN7NoezE7zExV3Cet8,8243,28,342,1.0,8243.0,78826.0,0.104572,0.000124927368,1.02977629,0.35708683,0.99994712,-0.25,1.500,4.45,4.4498,-0.0002,1,,0,3,3,0,0,m1,1ETD6u7wdHS6P9D1mxb1Qx3Aapa2DwAyyZutL2,00c164d679241db0b85b78412fd972a050f8dcda7b73f2c3a595af08a74c2a24,946686032,946686030,1,1,0,0,26.2194,352,
run4-tbt-3s,1,nazionale,3,none,true,12,359,30,1,m1,1ETD6u7wdHS6P9D1mxb1Qx3Aapa2DwAyyZutL2,52503,29,354,1.0,52503.0,78826.0,0.666062,8.39286304e-06,0.44065049,0.64361762,0.48396249,-0.25,1.500,2.902,2.9019,-0.0001,1,,1,1,1,1,1,m1,1ETD6u7wdHS6P9D1mxb1Qx3Aapa2DwAyyZutL2,00ac854645348481dac14255bca01b14d1bf1291c0ab339f11279c4bd97266ba,946686036,946686032,2,1,0,0,7.4713,352,8
run4-tbt-3s,1,nazionale,3,none,true,12,359,30,1,m2,1WKxQntNgmP3dtjbv3UL3DHV2JEciQTnQ4K3sr,18080,29,354,1.0,18080.0,78826.0,0.229366,3.03391143e-05,0.54853119,0.57779786,0.90850867,-0.25,1.500,4.176,4.1755,-0.0005,1,,0,2,2,0,0,m1,1ETD6u7wdHS6P9D1mxb1Qx3Aapa2DwAyyZutL2,00ac854645348481dac14255bca01b14d1bf1291c0ab339f11279c4bd97266ba,946686036,946686032,2,1,0,0,20.7598,352,
run4-tbt-3s,1,nazionale,3,none,true,12,359,30,1,m3,1LtuCHDRfFnaxMXGm2gmsN7NoezE7zExV3Cet8,8243,28,342,1.0,8243.0,78826.0,0.104572,0.000110498177,0.91083647,0.40218766,0.99983509,-0.25,1.500,4.45,4.4495,-0.0005,1,,0,3,3,0,0,m1,1ETD6u7wdHS6P9D1mxb1Qx3Aapa2DwAyyZutL2,00ac854645348481dac14255bca01b14d1bf1291c0ab339f11279c4bd97266ba,946686036,946686032,2,1,0,0,26.2194,352,
run4-tbt-3s,1,nazionale,3,none,true,12,360,31,1,m1,1ETD6u7wdHS6P9D1mxb1Qx3Aapa2DwAyyZutL2,52503,29,354,1.0,52503.0,78826.0,0.666062,1.61576533e-05,0.84832527,0.42813134,0.72018964,-0.25,1.500,3.611,3.6106,-0.0004,1,,1,1,1,1,1,m1,1ETD6u7wdHS6P9D1mxb1Qx3Aapa2DwAyyZutL2,00f287946f3fdeeecfa39a01e52a265b92ee071c9cb494c3ae1a62f9584d7b44,946686040,946686036,3,1,0,0,7.4713,352,9
run4-tbt-3s,1,nazionale,3,none,true,12,360,31,1,m2,1WKxQntNgmP3dtjbv3UL3DHV2JEciQTnQ4K3sr,18080,29,354,1.0,18080.0,78826.0,0.229366,0.000163950555,2.96422603,0.05160039,0.99999756,-0.25,1.500,4.45,4.45,-0.0,1,,0,3,2,0,0,m1,1ETD6u7wdHS6P9D1mxb1Qx3Aapa2DwAyyZutL2,00f287946f3fdeeecfa39a01e52a265b92ee071c9cb494c3ae1a62f9584d7b44,946686040,946686036,3,1,0,0,20.7598,352,
run4-tbt-3s,1,nazionale,3,none,true,12,360,31,1,m3,1LtuCHDRfFnaxMXGm2gmsN7NoezE7zExV3Cet8,8243,28,342,1.0,8243.0,78826.0,0.104572,0.000233713808,1.92650292,0.14565668,0.99999999,-0.25,1.500,4.45,4.45,-0.0,1,,0,2,3,0,0,m1,1ETD6u7wdHS6P9D1mxb1Qx3Aapa2DwAyyZutL2,00f287946f3fdeeecfa39a01e52a265b92ee071c9cb494c3ae1a62f9584d7b44,946686040,946686036,3,1,0,0,26.2194,352,
run4-tbt-3s,1,nazionale,3,none,true,12,361,31,1,m1,1ETD6u7wdHS6P9D1mxb1Qx3Aapa2DwAyyZutL2,52503,29,354,1.0,52503.0,78826.0,0.666062,1.61058328e-05,0.84560454,0.42929775,0.71904433,-0.417,1.500,3.574,3.5737,-0.0003,1,,0,2,2,0,0,m2,1WKxQntNgmP3dtjbv3UL3DHV2JEciQTnQ4K3sr,00c9779f2eac2c1402af87eb1caa4fb0b389367baed8fff53f989d0e6f45e2f6,946686044,946686040,2,1,0,0,7.4713,352,
run4-tbt-3s,1,nazionale,3,none,true,12,361,31,1,m2,1WKxQntNgmP3dtjbv3UL3DHV2JEciQTnQ4K3sr,18080,29,354,1.0,18080.0,78826.0,0.229366,6.93164229e-06,0.12532409,0.88221094,0.42096574,-0.417,1.500,2.68,2.6795,-0.0005,1,,1,1,1,1,1,m2,1WKxQntNgmP3dtjbv3UL3DHV2JEciQTnQ4K3sr,00c9779f2eac2c1402af87eb1caa4fb0b389367baed8fff53f989d0e6f45e2f6,946686044,946686040,2,1,0,0,20.7598,352,1
run4-tbt-3s,1,nazionale,3,none,true,12,361,31,1,m3,1LtuCHDRfFnaxMXGm2gmsN7NoezE7zExV3Cet8,8243,28,342,1.0,8243.0,78826.0,0.104572,0.000165510914,1.36430646,0.25555785,0.99999784,-0.417,1.500,4.417,4.4166,-0.0004,1,,0,3,3,0,0,m2,1WKxQntNgmP3dtjbv3UL3DHV2JEciQTnQ4K3sr,00c9779f2eac2c1402af87eb1caa4fb0b389367baed8fff53f989d0e6f45e2f6,946686044,946686040,2,1,0,0,26.2194,352,
run4-tbt-3s,1,nazionale,3,none,true,12,362,31,1,m1,1ETD6u7wdHS6P9D1mxb1Qx3Aapa2DwAyyZutL2,52503,29,354,1.0,52503.0,78826.0,0.666062,1.24278127e-06,0.06524975,0.93683346,0.09331798,-0.333,1.500,1.713,1.7134,0.0004,1,,1,1,1,1,1,m1,1ETD6u7wdHS6P9D1mxb1Qx3Aapa2DwAyyZutL2,00dff21c1db364879a31b1d9cef074604703af17c2c7b14d312b106f6a6a4152,946686047,946686044,1,1,0,0,108.3999,362,1
run4-tbt-3s,1,nazionale,3,none,true,12,362,31,1,m2,1WKxQntNgmP3dtjbv3UL3DHV2JEciQTnQ4K3sr,18080,29,354,1.0,18080.0,78826.0,0.229366,5.56658092e-06,0.10064378,0.90425509,0.35518467,-0.333,1.500,2.499,2.499,-0.0,1,,0,2,2,0,0,m1,1ETD6u7wdHS6P9D1mxb1Qx3Aapa2DwAyyZutL2,00dff21c1db364879a31b1d9cef074604703af17c2c7b14d312b106f6a6a4152,946686047,946686044,1,1,0,0,20.7598,362,
run4-tbt-3s,1,nazionale,3,none,true,12,362,31,1,m3,1LtuCHDRfFnaxMXGm2gmsN7NoezE7zExV3Cet8,8243,28,342,1.0,8243.0,78826.0,0.104572,0.000179010151,1.47558067,0.22864592,0.99999926,-0.333,1.500,4.433,4.4334,0.0004,1,,0,3,3,0,0,m1,1ETD6u7wdHS6P9D1mxb1Qx3Aapa2DwAyyZutL2,00dff21c1db364879a31b1d9cef074604703af17c2c7b14d312b106f6a6a4152,946686047,946686044,1,1,0,0,26.2194,362,
run4-tbt-3s,1,nazionale,3,none,true,12,363,31,1,m1,1ETD6u7wdHS6P9D1mxb1Qx3Aapa2DwAyyZutL2,52503,29,354,1.0,52503.0,78826.0,0.666062,4.60896125e-05,2.41984293,0.08893559,0.97356483,-0.333,1.500,4.354,4.3541,0.0001,1,,1,2,2,0,0,m1,1ETD6u7wdHS6P9D1mxb1Qx3Aapa2DwAyyZutL2,002a7768b46ff5e52444ae847ba647d8b8d771d55c924b902cfab4ee79bec8c4,946686051,946686047,4,1,1,1,108.3999,362,2
run4-tbt-3s,1,nazionale,3,none,true,12,363,31,1,m2,1WKxQntNgmP3dtjbv3UL3DHV2JEciQTnQ4K3sr,18080,29,354,1.0,18080.0,78826.0,0.229366,0.00018638376,3.36981838,0.03439588,0.99999958,-0.333,1.500,4.433,4.4334,0.0004,1,,0,3,3,0,0,m1,1ETD6u7wdHS6P9D1mxb1Qx3Aapa2DwAyyZutL2,002a7768b46ff5e52444ae847ba647d8b8d771d55c924b902cfab4ee79bec8c4,946686051,946686047,4,1,1,1,20.7598,362,
run4-tbt-3s,1,nazionale,3,none,true,12,363,31,1,m3,1LtuCHDRfFnaxMXGm2gmsN7NoezE7zExV3Cet8,8243,28,342,1.0,8243.0,78826.0,0.104572,9.42677949e-06,0.07770494,0.92523738,0.52435111,-0.333,1.500,3.006,3.0065,0.0005,1,,0,1,1,1,1,m1,1ETD6u7wdHS6P9D1mxb1Qx3Aapa2DwAyyZutL2,002a7768b46ff5e52444ae847ba647d8b8d771d55c924b902cfab4ee79bec8c4,946686051,946686047,4,1,1,1,26.2194,362,
run4-tbt-3s,1,nazionale,3,none,true,12,364,31,1,m1,1ETD6u7wdHS6P9D1mxb1Qx3Aapa2DwAyyZutL2,52503,29,354,1.0,52503.0,78826.0,0.666062,5.3564368e-05,2.81229001,0.06006728,0.98533461,-0.417,1.500,4.373,4.3726,-0.0004,1,,1,1,1,1,1,m1,1ETD6u7wdHS6P9D1mxb1Qx3Aapa2DwAyyZutL2,003a265c14dbc793a66fa7d232afa183c861bfec40bb1e59fc0fd47a97c7298f,946686056,946686051,4,1,1,1,108.3999,362,3
run4-tbt-3s,1,nazionale,3,none,true,12,364,31,1,m2,1WKxQntNgmP3dtjbv3UL3DHV2JEciQTnQ4K3sr,18080,29,354,1.0,18080.0,78826.0,0.229366,0.000102094315,1.84586522,0.15788865,0.99968016,-0.417,1.500,4.416,4.4156,-0.0004,1,,0,3,3,0,0,m1,1ETD6u7wdHS6P9D1mxb1Qx3Aapa2DwAyyZutL2,003a265c14dbc793a66fa7d232afa183c861bfec40bb1e59fc0fd47a97c7298f,946686056,946686051,4,1,1,1,20.7598,362,
run4-tbt-3s,1,nazionale,3,none,true,12,364,31,1,m3,1LtuCHDRfFnaxMXGm2gmsN7NoezE7zExV3Cet8,8243,28,342,1.0,8243.0,78826.0,0.104572,6.05241489e-05,0.49890056,0.60719787,0.99152705,-0.417,1.500,4.391,4.3912,0.0002,1,,0,2,2,0,0,m1,1ETD6u7wdHS6P9D1mxb1Qx3Aapa2DwAyyZutL2,003a265c14dbc793a66fa7d232afa183c861bfec40bb1e59fc0fd47a97c7298f,946686056,946686051,4,1,1,1,26.2194,362,
run4-tbt-3s,1,nazionale,3,none,true,12,365,31,1,m1,1ETD6u7wdHS6P9D1mxb1Qx3Aapa2DwAyyZutL2,52503,29,354,1.0,52503.0,78826.0,0.666062,1.21865024e-06,0.06398279,0.93802114,0.09159169,-0.5,1.500,1.675,1.6748,-0.0002,1,,1,1,1,1,1,m1,1ETD6u7wdHS6P9D1mxb1Qx3Aapa2DwAyyZutL2,0001719f5ad94a0d2c72b76a72d546d56892008054ccc65f63f06ce59560134c,946686058,946686056,1,1,0,0,108.3999,362,4
run4-tbt-3s,1,nazionale,3,none,true,12,365,31,1,m2,1WKxQntNgmP3dtjbv3UL3DHV2JEciQTnQ4K3sr,18080,29,354,1.0,18080.0,78826.0,0.229366,0.000211731323,3.82810232,0.02175085,0.99999994,-0.5,1.500,4.4,4.4,-0.0,1,,0,3,3,0,0,m1,1ETD6u7wdHS6P9D1mxb1Qx3Aapa2DwAyyZutL2,0001719f5ad94a0d2c72b76a72d546d56892008054ccc65f63f06ce59560134c,946686058,946686056,1,1,0,0,20.7598,362,
run4-tbt-3s,1,nazionale,3,none,true,12,365,31,1,m3,1LtuCHDRfFnaxMXGm2gmsN7NoezE7zExV3Cet8,8243,28,342,1.0,8243.0,78826.0,0.104572,8.59467242e-05,0.70845885,0.49240248,0.99885784,-0.5,1.500,4.397,4.3966,-0.0004,1,,0,2,2,0,0,m1,1ETD6u7wdHS6P9D1mxb1Qx3Aapa2DwAyyZutL2,0001719f5ad94a0d2c72b76a72d546d56892008054ccc65f63f06ce59560134c,946686058,946686056,1,1,0,0,26.2194,362,
run4-tbt-3s,1,nazionale,3,none,true,12,366,31,1,m1,1ETD6u7wdHS6P9D1mxb1Qx3Aapa2DwAyyZutL2,52503,29,354,1.0,52503.0,78826.0,0.666062,2.57038922e-05,1.34953145,0.25936176,0.86815589,-0.333,1.500,4.038,4.0379,-0.0001,1,,1,2,2,0,0,m1,1ETD6u7wdHS6P9D1mxb1Qx3Aapa2DwAyyZutL2,006a7130a78173d36bad4d1f0a66c1b651b85439081312ce18e6d6a676c6237a,946686062,946686058,4,1,1,1,108.3999,362,5
run4-tbt-3s,1,nazionale,3,none,true,12,366,31,1,m2,1WKxQntNgmP3dtjbv3UL3DHV2JEciQTnQ4K3sr,18080,29,354,1.0,18080.0,78826.0,0.229366,2.03812452e-05,0.36849291,0.69177611,0.799426,-0.333,1.500,3.832,3.8317,-0.0003,1,,0,1,1,1,1,m1,1ETD6u7wdHS6P9D1mxb1Qx3Aapa2DwAyyZutL2,006a7130a78173d36bad4d1f0a66c1b651b85439081312ce18e6d6a676c6237a,946686062,946686058,4,1,1,1,20.7598,362,
run4-tbt-3s,1,nazionale,3,none,true,12,366,31,1,m3,1LtuCHDRfFnaxMXGm2gmsN7NoezE7zExV3Cet8,8243,28,342,1.0,8243.0,78826.0,0.104572,0.000443842696,3.65859534,0.02576868,1.0,-0.333,1.500,4.433,4.4334,0.0004,1,,0,3,3,0,0,m1,1ETD6u7wdHS6P9D1mxb1Qx3Aapa2DwAyyZutL2,006a7130a78173d36bad4d1f0a66c1b651b85439081312ce18e6d6a676c6237a,946686062,946686058,4,1,1,1,26.2194,362,
run4-tbt-3s,1,nazionale,3,none,true,12,367,31,1,m1,1ETD6u7wdHS6P9D1mxb1Qx3Aapa2DwAyyZutL2,42907,30,366,1.0,42907.0,62483.0,0.686699,2.52149192e-06,0.10818965,0.89745737,0.14576622,-0.25,1.500,1.887,1.8873,0.0003,1,,1,1,1,1,1,m1,1ETD6u7wdHS6P9D1mxb1Qx3Aapa2DwAyyZutL2,00342fa9541db4a70d2da4ae8601bb22b7761af56cd085c25758f1107e2a46ed,946686064,946686062,1,1,0,0,108.3999,362,6
run4-tbt-3s,1,nazionale,3,none,true,12,367,31,1,m2,1WKxQntNgmP3dtjbv3UL3DHV2JEciQTnQ4K3sr,15454,30,366,1.0,15454.0,62483.0,0.247331,7.49663785e-05,1.15853041,0.31394721,0.99075918,-0.333,1.500,4.406,4.4057,-0.0003,1,,0,3,3,0,0,m1,1ETD6u7wdHS6P9D1mxb1Qx3Aapa2DwAyyZutL2,00342fa9541db4a70d2da4ae8601bb22b7761af56cd085c25758f1107e2a46ed,946686064,946686062,1,1,0,0,20.7598,362,
run4-tbt-3s,1,nazionale,3,none,true,12,367,31,1,m3,1LtuCHDRfFnaxMXGm2gmsN7NoezE7zExV3Cet8,4122,30,366,1.0,4122.0,62483.0,0.06597,1.57271892e-05,0.06482747,0.93722915,0.62569412,-0.25,1.500,3.327,3.3271,0.0001,1,,0,2,2,0,0,m1,1ETD6u7wdHS6P9D1mxb1Qx3Aapa2DwAyyZutL2,00342fa9541db4a70d2da4ae8601bb22b7761af56cd085c25758f1107e2a46ed,946686064,946686062,1,1,0,0,26.2194,362,
run4-tbt-3s,1,nazionale,3,none,true,12,368,31,1,m1,1ETD6u7wdHS6P9D1mxb1Qx3Aapa2DwAyyZutL2,42907,30,366,1.0,42907.0,62483.0,0.686699,6.25126593e-06,0.26822307,0.76473717,0.32334778,-0.25,1.500,2.42,2.42,0.0,1,,1,1,1,1,1,m1,1ETD6u7wdHS6P9D1mxb1Qx3Aapa2DwAyyZutL2,00e3eb2f9771b983dd177d2f9955e21aaa0c27859750f8584c905aa3bd64ece6,946686068,946686064,2,1,0,0,108.3999,362,7
run4-tbt-3s,1,nazionale,3,none,true,12,368,31,1,m2,1WKxQntNgmP3dtjbv3UL3DHV2JEciQTnQ4K3sr,15454,30,366,1.0,15454.0,62483.0,0.247331,8.68974244e-05,1.3429128,0.26108408,0.9956152,-0.25,1.500,4.437,4.4368,-0.0002,1,,0,2,2,0,0,m1,1ETD6u7wdHS6P9D1mxb1Qx3Aapa2DwAyyZutL2,00e3eb2f9771b983dd177d2f9955e21aaa0c27859750f8584c905aa3bd64ece6,946686068,946686064,2,1,0,0,20.7598,362,
run4-tbt-3s,1,nazionale,3,none,true,12,368,31,1,m3,1LtuCHDRfFnaxMXGm2gmsN7NoezE7zExV3Cet8,4122,30,366,1.0,4122.0,62483.0,0.06597,0.000214507238,0.88419884,0.41304496,0.99999849,-0.25,1.500,4.45,4.45,-0.0,1,,0,3,3,0,0,m1,1ETD6u7wdHS6P9D1mxb1Qx3Aapa2DwAyyZutL2,00e3eb2f9771b983dd177d2f9955e21aaa0c27859750f8584c905aa3bd64ece6,946686068,946686064,2,1,0,0,26.2194,362,
run4-tbt-3s,1,nazionale,3,none,true,12,369,31,1,m1,1ETD6u7wdHS6P9D1mxb1Qx3Aapa2DwAyyZutL2,42907,30,366,1.0,42907.0,62483.0,0.686699,1.95888008e-05,0.84049668,0.43149616,0.7059387,-0.417,1.500,3.534,3.5344,0.0004,1,,1,1,1,1,1,m1,1ETD6u7wdHS6P9D1mxb1Qx3Aapa2DwAyyZutL2,006d7b305623044399ffd79bbdf296874690e12481ec6bd66342cca318a2ca07,946686072,946686068,3,1,0,0,108.3999,362,8
run4-tbt-3s,1,nazionale,3,none,true,12,369,31,1,m2,1WKxQntNgmP3dtjbv3UL3DHV2JEciQTnQ4K3sr,15454,30,366,1.0,15454.0,62483.0,0.247331,7.10229948e-05,1.09758936,0.33367448,0.98817725,-0.417,1.500,4.381,4.3811,0.0001,1,,0,2,2,0,0,m1,1ETD6u7wdHS6P9D1mxb1Qx3Aapa2DwAyyZutL2,006d7b305623044399ffd79bbdf296874690e12481ec6bd66342cca318a2ca07,946686072,946686068,3,1,0,0,20.7598,362,
run4-tbt-3s,1,nazionale,3,none,true,12,369,31,1,m3,1LtuCHDRfFnaxMXGm2gmsN7NoezE7zExV3Cet8,4122,30,366,1.0,4122.0,62483.0,0.06597,0.000117789821,0.48552964,0.61537118,0.99936371,-0.417,1.500,4.415,4.4147,-0.0003,1,,0,3,3,0,0,m1,1ETD6u7wdHS6P9D1mxb1Qx3Aapa2DwAyyZutL2,006d7b305623044399ffd79bbdf296874690e12481ec6bd66342cca318a2ca07,946686072,946686068,3,1,0,0,26.2194,362,
run4-tbt-3s,1,nazionale,3,none,true,12,370,31,1,m1,1ETD6u7wdHS6P9D1mxb1Qx3Aapa2DwAyyZutL2,42907,30,366,1.0,42907.0,62483.0,0.686699,6.57199511e-06,0.28198459,0.7542853,0.336773,-0.5,1.500,2.41,2.4103,0.0003,1,,1,1,1,1,1,m1,1ETD6u7wdHS6P9D1mxb1Qx3Aapa2DwAyyZutL2,00d8145cc38985ef1fb255caf85aff96f623a7912727a0145a3d369bc72a930c,946686075,946686072,2,1,0,0,8.2998,370,9
run4-tbt-3s,1,nazionale,3,none,true,12,370,31,1,m2,1WKxQntNgmP3dtjbv3UL3DHV2JEciQTnQ4K3sr,15454,30,366,1.0,15454.0,62483.0,0.247331,6.66365226e-06,0.10298008,0.90214494,0.34056046,-0.5,1.500,2.422,2.4217,-0.0003,1,,0,2,2,0,0,m1,1ETD6u7wdHS6P9D1mxb1Qx3Aapa2DwAyyZutL2,00d8145cc38985ef1fb255caf85aff96f623a7912727a0145a3d369bc72a930c,946686075,946686072,2,1,0,0,9.2347,370,
run4-tbt-3s,1,nazionale,3,none,true,12,370,31,1,m3,1LtuCHDRfFnaxMXGm2gmsN7NoezE7zExV3Cet8,4122,30,366,1.0,4122.0,62483.0,0.06597,1.73581073e-05,0.07155012,0.93094962,0.6619585,-0.5,1.500,3.386,3.3859,-0.0001,1,,0,3,3,0,0,m1,1ETD6u7wdHS6P9D1mxb1Qx3Aapa2DwAyyZutL2,00d8145cc38985ef1fb255caf85aff96f623a7912727a0145a3d369bc72a930c,946686075,946686072,2,1,0,0,21.2247,370,
run4-tbt-3s,1,nazionale,3,none,true,12,371,31,1,m1,1ETD6u7wdHS6P9D1mxb1Qx3Aapa2DwAyyZutL2,42907,30,366,1.0,42907.0,62483.0,0.686699,4.47780287e-05,1.92129088,0.14641783,0.93906,-0.583,1.500,4.201,4.2006,-0.0004,1,,1,1,1,1,1,m1,1ETD6u7wdHS6P9D1mxb1Qx3Aapa2DwAyyZutL2,008c0664f3d8b45a1a3e4ffc2c4fe56862cea77ca7fcb9353c99342d381297fb,946686080,946686075,4,1,0,0,8.2998,370,10
run4-tbt-3s,1,nazionale,3,none,true,12,371,31,1,m2,1WKxQntNgmP3dtjbv3UL3DHV2JEciQTnQ4K3sr,15454,30,366,1.0,15454.0,62483.0,0.247331,6.57148284e-05,1.01555696,0.36220064,0.98352745,-0.583,1.500,4.334,4.334,-0.0,1,,0,3,3,0,0,m1,1ETD6u7wdHS6P9D1mxb1Qx3Aapa2DwAyyZutL2,008c0664f3d8b45a1a3e4ffc2c4fe56862cea77ca7fcb9353c99342d381297fb,946686080,946686075,4,1,0,0,9.2347,370,
run4-tbt-3s,1,nazionale,3,none,true,12,371,31,1,m3,1LtuCHDRfFnaxMXGm2gmsN7NoezE7zExV3Cet8,4122,30,366,1.0,4122.0,62483.0,0.06597,6.43804102e-05,0.26537605,0.7669175,0.98209511,-0.583,1.500,4.33,4.3297,-0.0003,1,,0,2,2,0,0,m1,1ETD6u7wdHS6P9D1mxb1Qx3Aapa2DwAyyZutL2,008c0664f3d8b45a1a3e4ffc2c4fe56862cea77ca7fcb9353c99342d381297fb,946686080,946686075,4,1,0,0,21.2247,370,
run4-tbt-3s,1,nazionale,3,none,true,12,372,32,1,m1,1ETD6u7wdHS6P9D1mxb1Qx3Aapa2DwAyyZutL2,42907,30,366,1.0,42907.0,62483.0,0.686699,1.66725032e-05,0.71536709,0.48901256,0.64716262,-0.667,1.500,3.308,3.3081,0.0001,1,,1,1,1,1,1,m1,1ETD6u7wdHS6P9D1mxb1Qx3Aapa2DwAyyZutL2,000b74186b750504f3497d92047d58cc560ac419e1bde8eed9b742dba738c28f,946686084,946686080,3,1,0,0,8.2998,370,11
run4-tbt-3s,1,nazionale,3,none,true,12,372,32,1,m2,1WKxQntNgmP3dtjbv3UL3DHV2JEciQTnQ4K3sr,15454,30,366,1.0,15454.0,62483.0,0.247331,3.74872239e-05,0.57932756,0.56027499,0.90389503,-0.667,1.500,4.078,4.0783,0.0003,1,,0,2,2,0,0,m1,1ETD6u7wdHS6P9D1mxb1Qx3Aapa2DwAyyZutL2,000b74186b750504f3497d92047d58cc560ac419e1bde8eed9b742dba738c28f,946686084,946686080,3,1,0,0,9.2347,370,
run4-tbt-3s,1,nazionale,3,none,true,12,372,32,1,m3,1LtuCHDRfFnaxMXGm2gmsN7NoezE7zExV3Cet8,4122,30,366,1.0,4122.0,62483.0,0.06597,5.45277584e-05,0.22476342,0.79870515,0.96686145,-0.667,1.500,4.267,4.2672,0.0002,1,,0,3,3,0,0,m1,1ETD6u7wdHS6P9D1mxb1Qx3Aapa2DwAyyZutL2,000b74186b750504f3497d92047d58cc560ac419e1bde8eed9b742dba738c28f,946686084,946686080,3,1,0,0,21.2247,370,
run4-tbt-3s,1,nazionale,3,none,true,12,373,32,1,m1,1ETD6u7wdHS6P9D1mxb1Qx3Aapa2DwAyyZutL2,42907,30,366,1.0,42907.0,62483.0,0.686699,1.56170736e-05,0.67008178,0.51166673,0.62310989,-0.667,1.500,3.236,3.2359,-0.0001,1,,1,1,1,1,1,m1,1ETD6u7wdHS6P9D1mxb1Qx3Aapa2DwAyyZutL2,00476b801cbddd3fb2af7d29447e7377f97276f3525e18e6527d181b5c476f49,946686088,946686084,3,1,0,0,8.2998,370,12
run4-tbt-3s,1,nazionale,3,none,true,12,373,32,1,m2,1WKxQntNgmP3dtjbv3UL3DHV2JEciQTnQ4K3sr,15454,30,366,1.0,15454.0,62483.0,0.247331,5.06381902e-05,0.78256259,0.45723281,0.95774472,-0.667,1.500,4.24,4.2398,-0.0002,1,,0,2,2,0,0,m1,1ETD6u7wdHS6P9D1mxb1Qx3Aapa2DwAyyZutL2,00476b801cbddd3fb2af7d29447e7377f97276f3525e18e6527d181b5c476f49,946686088,946686084,3,1,0,0,9.2347,370,
run4-tbt-3s,1,nazionale,3,none,true,12,373,32,1,m3,1LtuCHDRfFnaxMXGm2gmsN7NoezE7zExV3Cet8,4122,30,366,1.0,4122.0,62483.0,0.06597,0.00101799557,4.19617774,0.015053,1.0,-0.667,1.500,4.367,4.3666,-0.0004,1,,0,3,3,0,0,m1,1ETD6u7wdHS6P9D1mxb1Qx3Aapa2DwAyyZutL2,00476b801cbddd3fb2af7d29447e7377f97276f3525e18e6527d181b5c476f49,946686088,946686084,3,1,0,0,21.2247,370,
run4-tbt-3s,1,nazionale,3,none,true,12,374,32,1,m1,1ETD6u7wdHS6P9D1mxb1Qx3Aapa2DwAyyZutL2,42907,30,366,1.0,42907.0,62483.0,0.686699,2.45051824e-05,1.05144386,0.34943285,0.78371479,-0.667,1.500,3.718,3.7177,-0.0003,1,,1,3,3,0,0,m1,1ETD6u7wdHS6P9D1mxb1Qx3Aapa2DwAyyZutL2,00681b99e466496d8d2aa30a109abe588bdf33dbe35b59c755d2d9563310ebfa,946686092,946686088,3,1,1,1,8.2998,370,13
run4-tbt-3s,1,nazionale,3,none,true,12,374,32,1,m2,1WKxQntNgmP3dtjbv3UL3DHV2JEciQTnQ4K3sr,15454,30,366,1.0,15454.0,62483.0,0.247331,1.67346447e-05,0.2586172,0.77211853,0.64852996,-0.667,1.500,3.312,3.3122,0.0002,1,,0,2,2,0,0,m1,1ETD6u7wdHS6P9D1mxb1Qx3Aapa2DwAyyZutL2,00681b99e466496d8d2aa30a109abe588bdf33dbe35b59c755d2d9563310ebfa,946686092,946686088,3,1,1,1,9.2347,370,
run4-tbt-3s,1,nazionale,3,none,true,12,374,32,1,m3,1LtuCHDRfFnaxMXGm2gmsN7NoezE7zExV3Cet8,4122,30,366,1.0,4122.0,62483.0,0.06597,1.13869754e-05,0.04693711,0.9541474,0.50908898,-0.667,1.500,2.894,2.8939,-0.0001,1,,0,1,1,1,1,m1,1ETD6u7wdHS6P9D1mxb1Qx3Aapa2DwAyyZutL2,00681b99e466496d8d2aa30a109abe588bdf33dbe35b59c755d2d9563310ebfa,946686092,946686088,3,1,1,1,21.2247,370,
run4-tbt-3s,1,nazionale,3,none,true,12,375,32,1,m1,1ETD6u7wdHS6P9D1mxb1Qx3Aapa2DwAyyZutL2,42907,30,366,1.0,42907.0,62483.0,0.686699,2.40853436e-05,1.03342984,0.35578458,0.77796595,-0.75,1.500,3.684,3.6839,-0.0001,1,,1,1,1,1,1,m1,1ETD6u7wdHS6P9D1mxb1Qx3Aapa2DwAyyZutL2,0057a37376852c8ffd18d505dd66dbe5a7bf6c43102a618c1d4c350603796b0a,946686096,946686092,3,1,1,2,8.2998,370,14
run4-tbt-3s,1,nazionale,3,none,true,12,375,32,1,m2,1WKxQntNgmP3dtjbv3UL3DHV2JEciQTnQ4K3sr,15454,30,366,1.0,15454.0,62483.0,0.247331,8.60588161e-05,1.32995294,0.26448971,0.99537932,-0.75,1.500,4.336,4.3361,0.0001,1,,0,2,2,0,0,m1,1ETD6u7wdHS6P9D1mxb1Qx3Aapa2DwAyyZutL2,0057a37376852c8ffd18d505dd66dbe5a7bf6c43102a618c1d4c350603796b0a,946686096,946686092,3,1,1,2,9.2347,370,
run4-tbt-3s,1,nazionale,3,none,true,12,375,32,1,m3,1LtuCHDRfFnaxMXGm2gmsN7NoezE7zExV3Cet8,4122,30,366,1.0,4122.0,62483.0,0.06597,0.000442268476,1.82303066,0.16153545,1.0,-0.75,1.500,4.35,4.35,-0.0,1,,0,3,3,0,0,m1,1ETD6u7wdHS6P9D1mxb1Qx3Aapa2DwAyyZutL2,0057a37376852c8ffd18d505dd66dbe5a7bf6c43102a618c1d4c350603796b0a,946686096,946686092,3,1,1,2,21.2247,370,
run4-tbt-3s,1,nazionale,3,none,true,12,376,32,1,m1,1ETD6u7wdHS6P9D1mxb1Qx3Aapa2DwAyyZutL2,42907,30,366,1.0,42907.0,62483.0,0.686699,6.5589419e-05,2.8142452,0.05994995,0.98339786,-0.75,1.500,4.3,4.3002,0.0002,1,,1,1,1,1,1,m1,1ETD6u7wdHS6P9D1mxb1Qx3Aapa2DwAyyZutL2,001f126d16ecd2d7d4a11d74ae2c9475df77e6eed87edef432c9574b05187a79,946686101,946686096,4,1,1,1,8.2998,370,15
run4-tbt-3s,1,nazionale,3,none,true,12,376,32,1,m2,1WKxQntNgmP3dtjbv3UL3DHV2JEciQTnQ4K3sr,15454,30,366,1.0,15454.0,62483.0,0.247331,7.49016388e-05,1.15752993,0.31426147,0.99072172,-0.833,1.500,4.305,4.3056,0.0006,1,,0,2,2,0,0,m1,1ETD6u7wdHS6P9D1mxb1Qx3Aapa2DwAyyZutL2,001f126d16ecd2d7d4a11d74ae2c9475df77e6eed87edef432c9574b05187a79,946686101,946686096,4,1,1,1,9.2347,370,
run4-tbt-3s,1,nazionale,3,none,true,12,376,32,1,m3,1LtuCHDRfFnaxMXGm2gmsN7NoezE7zExV3Cet8,4122,30,366,1.0,4122.0,62483.0,0.06597,0.000111672288,0.46031317,0.63108598,0.99906748,-0.75,1.500,4.347,4.3472,0.0002,1,,0,3,3,0,0,m1,1ETD6u7wdHS6P9D1mxb1Qx3Aapa2DwAyyZutL2,001f126d16ecd2d7d4a11d74ae2c9475df77e6eed87edef432c9574b05187a79,946686101,946686096,4,1,1,1,21.2247,370,
run4-tbt-3s,1,nazionale,3,none,true,12,377,32,1,m1,1ETD6u7wdHS6P9D1mxb1Qx3Aapa2DwAyyZutL2,42907,30,366,1.0,42907.0,62483.0,0.686699,5.28636429e-06,0.22682203,0.79706262,0.28129759,-0.75,1.500,2.194,2.1939,-0.0001,1,,1,1,1,1,1,m1,1ETD6u7wdHS6P9D1mxb1Qx3Aapa2DwAyyZutL2,00fdbbc88ca77a68144606585625d53075abcbe441b559576fe648142a154015,946686103,946686101,2,1,0,0,8.2998,370,16
run4-tbt-3s,1,nazionale,3,none,true,12,377,32,1,m2,1WKxQntNgmP3dtjbv3UL3DHV2JEciQTnQ4K3sr,15454,30,366,1.0,15454.0,62483.0,0.247331,4.86243489e-05,0.75144069,0.47168651,0.9520787,-0.75,1.500,4.206,4.2062,0.0002,1,,0,2,2,0,0,m1,1ETD6u7wdHS6P9D1mxb1Qx3Aapa2DwAyyZutL2,00fdbbc88ca77a68144606585625d53075abcbe441b559576fe648142a154015,946686103,946686101,2,1,0,0,9.2347,370,
run4-tbt-3s,1,nazionale,3,none,true,12,377,32,1,m3,1LtuCHDRfFnaxMXGm2gmsN7NoezE7zExV3Cet8,4122,30,366,1.0,4122.0,62483.0,0.06597,0.000193873893,0.79914819,0.44971187,0.99999452,-0.75,1.500,4.35,4.35,-0.0,1,,0,3,3,0,0,m1,1ETD6u7wdHS6P9D1mxb1Qx3Aapa2DwAyyZutL2,00fdbbc88ca77a68144606585625d53075abcbe441b559576fe648142a154015,946686103,946686101,2,1,0,0,21.2247,370,
run4-tbt-3s,1,nazionale,3,none,true,12,378,32,1,m1,1ETD6u7wdHS6P9D1mxb1Qx3Aapa2DwAyyZutL2,42907,30,366,1.0,42907.0,62483.0,0.686699,1.72857201e-05,0.74167839,0.4763138,0.66042609,-0.75,1.500,3.331,3.3313,0.0003,1,,0,2,2,0,0,m2,1WKxQntNgmP3dtjbv3UL3DHV2JEciQTnQ4K3sr,00513e3d8b864c74164ebcda0932bfcf222513612c8812eee857dd3c224cb520,946686107,946686103,2,1,0,0,7.7101,378,
run4-tbt-3s,1,nazionale,3,none,true,12,378,32,1,m2,1WKxQntNgmP3dtjbv3UL3DHV2JEciQTnQ4K3sr,15454,30,366,1.0,15454.0,62483.0,0.247331,7.46594277e-06,0.11537868,0.89102867,0.37280294,-0.75,1.500,2.468,2.4684,0.0004,1,,1,1,1,1,1,m2,1WKxQntNgmP3dtjbv3UL3DHV2JEciQTnQ4K3sr,00513e3d8b864c74164ebcda0932bfcf222513612c8812eee857dd3c224cb520,946686107,946686103,2,1,0,0,45.0603,378,1
run4-tbt-3s,1,nazionale,3,none,true,12,378,32,1,m3,1LtuCHDRfFnaxMXGm2gmsN7NoezE7zExV3Cet8,4122,30,366,1.0,4122.0,62483.0,0.06597,0.000497595172,2.0510873,0.12859501,1.0,-0.75,1.500,4.35,4.35,-0.0,1,,0,3,3,0,0,m2,1WKxQntNgmP3dtjbv3UL3DHV2JEciQTnQ4K3sr,00513e3d8b864c74164ebcda0932bfcf222513612c8812eee857dd3c224cb520,946686107,946686103,2,1,0,0,17.229,378,
run4-tbt-3s,1,nazionale,3,none,true,12,379,32,1,m1,1ETD6u7wdHS6P9D1mxb1Qx3Aapa2DwAyyZutL2,52503,31,378,1.0,52503.0,78826.0,0.666062,1.92771183e-05,1.01210654,0.36345254,0.78118707,-0.75,1.500,3.694,3.6936,-0.0004,1,,0,2,2,0,0,m2,1WKxQntNgmP3dtjbv3UL3DHV2JEciQTnQ4K3sr,0035600867df8c8d7bddaec59b3dab13ded218e73ee9ba7af91e920ec94e104b,946686109,946686107,1,1,0,0,7.7101,378,
run4-tbt-3s,1,nazionale,3,none,true,12,379,32,1,m2,1WKxQntNgmP3dtjbv3UL3DHV2JEciQTnQ4K3sr,18080,31,378,1.0,18080.0,78826.0,0.229366,9.67123654e-07,0.0174856,0.98266639,0.0734011,-0.75,1.500,1.57,1.5702,0.0002,1,,1,1,1,1,1,m2,1WKxQntNgmP3dtjbv3UL3DHV2JEciQTnQ4K3sr,0035600867df8c8d7bddaec59b3dab13ded218e73ee9ba7af91e920ec94e104b,946686109,946686107,1,1,0,0,45.0603,378,2
run4-tbt-3s,1,nazionale,3,none,true,12,379,32,1,m3,1LtuCHDRfFnaxMXGm2gmsN7NoezE7zExV3Cet8,8243,31,378,1.0,8243.0,78826.0,0.104572,0.000308061218,2.53934862,0.07891779,1.0,-0.75,1.500,4.35,4.35,-0.0,1,,0,3,3,0,0,m2,1WKxQntNgmP3dtjbv3UL3DHV2JEciQTnQ4K3sr,0035600867df8c8d7bddaec59b3dab13ded218e73ee9ba7af91e920ec94e104b,946686109,946686107,1,1,0,0,17.229,378,
run4-tbt-3s,1,nazionale,3,none,true,12,380,32,1,m1,1ETD6u7wdHS6P9D1mxb1Qx3Aapa2DwAyyZutL2,52503,31,378,1.0,52503.0,78826.0,0.666062,1.68302706e-05,0.8836397,0.41327597,0.73463868,-0.75,1.500,3.554,3.5539,-0.0001,1,,0,1,1,1,1,m2,1WKxQntNgmP3dtjbv3UL3DHV2JEciQTnQ4K3sr,00cf38bfe21419996b460aa306dd3423b94155bfd4d1611c275e66d207c8359a,946686113,946686109,3,1,0,0,7.7101,378,
run4-tbt-3s,1,nazionale,3,none,true,12,380,32,1,m2,1WKxQntNgmP3dtjbv3UL3DHV2JEciQTnQ4K3sr,18080,31,378,1.0,18080.0,78826.0,0.229366,1.7195989e-05,0.31090348,0.7327846,0.74217933,-0.75,1.500,3.577,3.5765,-0.0005,1,,1,2,2,0,0,m2,1WKxQntNgmP3dtjbv3UL3DHV2JEciQTnQ4K3sr,00cf38bfe21419996b460aa306dd3423b94155bfd4d1611c275e66d207c8359a,946686113,946686109,3,1,0,0,45.0603,378,3
run4-tbt-3s,1,nazionale,3,none,true,12,380,32,1,m3,1LtuCHDRfFnaxMXGm2gmsN7NoezE7zExV3Cet8,8243,31,378,1.0,8243.0,78826.0,0.104572,0.000311626646,2.56873844,0.07663216,1.0,-0.75,1.500,4.35,4.35,-0.0,1,,0,3,3,0,0,m2,1WKxQntNgmP3dtjbv3UL3DHV2JEciQTnQ4K3sr,00cf38bfe21419996b460aa306dd3423b94155bfd4d1611c275e66d207c8359a,946686113,946686109,3,1,0,0,17.229,378,
run4-tbt-3s,1,nazionale,3,none,true,12,381,32,1,m1,1ETD6u7wdHS6P9D1mxb1Qx3Aapa2DwAyyZutL2,52503,31,378,1.0,52503.0,78826.0,0.666062,3.47029035e-05,1.82200654,0.16170097,0.93513785,-0.75,1.500,4.155,4.1554,0.0004,1,,0,2,2,0,0,m2,1WKxQntNgmP3dtjbv3UL3DHV2JEciQTnQ4K3sr,0023a0063153546be2eb9c7e84a087e71919762d383375829fc47e87e29e3afb,946686117,946686113,2,1,0,0,7.7101,378,
run4-tbt-3s,1,nazionale,3,none,true,12,381,32,1,m2,1WKxQntNgmP3dtjbv3UL3DHV2JEciQTnQ4K3sr,18080,31,378,1.0,18080.0,78826.0,0.229366,4.96863906e-06,0.08983299,0.91408383,0.32406472,-0.75,1.500,2.322,2.3222,0.0002,1,,1,1,1,1,1,m2,1WKxQntNgmP3dtjbv3UL3DHV2JEciQTnQ4K3sr,0023a0063153546be2eb9c7e84a087e71919762d383375829fc47e87e29e3afb,946686117,946686113,2,1,0,0,45.0603,378,4
run4-tbt-3s,1,nazionale,3,none,true,12,381,32,1,m3,1LtuCHDRfFnaxMXGm2gmsN7NoezE7zExV3Cet8,8243,31,378,1.0,8243.0,78826.0,0.104572,9.26724468e-05,0.76389898,0.46584656,0.99932783,-0.75,1.500,4.348,4.348,-0.0,1,,0,3,3,0,0,m2,1WKxQntNgmP3dtjbv3UL3DHV2JEciQTnQ4K3sr,0023a0063153546be2eb9c7e84a087e71919762d383375829fc47e87e29e3afb,946686117,946686113,2,1,0,0,17.229,378,
run4-tbt-3s,1,nazionale,3,none,true,12,382,32,1,m1,1ETD6u7wdHS6P9D1mxb1Qx3Aapa2DwAyyZutL2,52503,31,378,1.0,52503.0,78826.0,0.666062,7.27522398e-06,0.38197108,0.68251479,0.43643737,-0.75,1.500,2.659,2.6593,0.0003,1,,0,1,1,1,1,m3,1LtuCHDRfFnaxMXGm2gmsN7NoezE7zExV3Cet8,0017a9b5a52bdaacc8487b8f1a8be212cb4ba323a3dbd62b895eb7aef72696a8,946686121,946686117,3,1,1,2,7.7101,378,
run4-tbt-3s,1,nazionale,3,none,true,12,382,32,1,m2,1WKxQntNgmP3dtjbv3UL3DHV2JEciQTnQ4K3sr,18080,31,378,1.0,18080.0,78826.0,0.229366,0.000277007847,5.00830187,0.00668224,1.0,-0.75,1.500,4.35,4.35,-0.0,1,,0,3,3,0,0,m3,1LtuCHDRfFnaxMXGm2gmsN7NoezE7zExV3Cet8,0017a9b5a52bdaacc8487b8f1a8be212cb4ba323a3dbd62b895eb7aef72696a8,946686121,946686117,3,1,1,2,45.0603,378,
run4-tbt-3s,1,nazionale,3,none,true,12,382,32,1,m3,1LtuCHDRfFnaxMXGm2gmsN7NoezE7zExV3Cet8,8243,31,378,1.0,8243.0,78826.0,0.104572,1.31212335e-05,0.10815833,0.89748549,0.64452287,-0.75,1.500,3.284,3.2836,-0.0004,1,,1,2,2,0,0,m3,1LtuCHDRfFnaxMXGm2gmsN7NoezE7zExV3Cet8,0017a9b5a52bdaacc8487b8f1a8be212cb4ba323a3dbd62b895eb7aef72696a8,946686121,946686117,3,1,1,2,17.229,378,1
run4-tbt-3s,1,nazionale,3,none,true,12,383,32,1,m1,1ETD6u7wdHS6P9D1mxb1Qx3Aapa2DwAyyZutL2,52503,31,378,1.0,52503.0,78826.0,0.666062,7.7675526e-06,0.40781981,0.66509871,0.45788933,-0.833,1.500,2.707,2.7071,0.0001,1,,0,3,3,0,0,m3,1LtuCHDRfFnaxMXGm2gmsN7NoezE7zExV3Cet8,0078ba658fe78fc6862c0d951370e70797d861464e91a7c7465ba7f1bf5ad553,946686123,946686121,1,1,1,1,7.7101,378,
run4-tbt-3s,1,nazionale,3,none,true,12,383,32,1,m2,1WKxQntNgmP3dtjbv3UL3DHV2JEciQTnQ4K3sr,18080,31,378,1.0,18080.0,78826.0,0.229366,9.06710808e-07,0.01639333,0.98374031,0.06897801,-0.833,1.500,1.54,1.5403,0.0003,1,,0,1,1,1,1,m3,1LtuCHDRfFnaxMXGm2gmsN7NoezE7zExV3Cet8,0078ba658fe78fc6862c0d951370e70797d861464e91a7c7465ba7f1bf5ad553,946686123,946686121,1,1,1,1,45.0603,378,
run4-tbt-3s,1,nazionale,3,none,true,12,383,32,1,m3,1LtuCHDRfFnaxMXGm2gmsN7NoezE7zExV3Cet8,8243,31,378,1.0,8243.0,78826.0,0.104572,2.86847228e-06,0.02364482,0.97663253,0.2023698,-0.833,1.500,1.94,1.9405,0.0005,1,,1,2,2,0,0,m3,1LtuCHDRfFnaxMXGm2gmsN7NoezE7zExV3Cet8,0078ba658fe78fc6862c0d951370e70797d861464e91a7c7465ba7f1bf5ad553,946686123,946686121,1,1,1,1,17.229,378,2
run4-tbt-3s,1,nazionale,3,none,true,12,384,33,1,m1,1ETD6u7wdHS6P9D1mxb1Qx3Aapa2DwAyyZutL2,52503,31,378,1.0,52503.0,78826.0,0.666062,2.86976005e-05,1.50671012,0.22163794,0.8958702,-0.583,1.500,4.071,4.071,0.0,1,,0,1,1,1,1,m3,1LtuCHDRfFnaxMXGm2gmsN7NoezE7zExV3Cet8,001b80cfb1467a28e2a2bea6220cbfcedb49db5d9a63baadb0b89bac04c92a0d,946686127,946686123,4,1,0,0,7.7101,378,
run4-tbt-3s,1,nazionale,3,none,true,12,384,33,1,m2,1WKxQntNgmP3dtjbv3UL3DHV2JEciQTnQ4K3sr,18080,31,378,1.0,18080.0,78826.0,0.229366,4.91034553e-05,0.88779047,0.41156411,0.97915475,-0.583,1.500,4.321,4.3209,-0.0001,1,,0,2,2,0,0,m3,1LtuCHDRfFnaxMXGm2gmsN7NoezE7zExV3Cet8,001b80cfb1467a28e2a2bea6220cbfcedb49db5d9a63baadb0b89bac04c92a0d,946686127,946686123,4,1,0,0,45.0603,378,
run4-tbt-3s,1,nazionale,3,none,true,12,384,33,1,m3,1LtuCHDRfFnaxMXGm2gmsN7NoezE7zExV3Cet8,8243,31,378,1.0,8243.0,78826.0,0.104572,0.000302117327,2.49035313,0.08288069,1.0,-0.583,1.500,4.383,4.3834,0.0004,1,,1,3,3,0,0,m3,1LtuCHDRfFnaxMXGm2gmsN7NoezE7zExV3Cet8,001b80cfb1467a28e2a2bea6220cbfcedb49db5d9a63baadb0b89bac04c92a0d,946686127,946686123,4,1,0,0,17.229,378,3
run4-tbt-3s,1,nazionale,3,none,true,12,385,33,1,m1,1ETD6u7wdHS6P9D1mxb1Qx3Aapa2DwAyyZutL2,52503,31,378,1.0,52503.0,78826.0,0.666062,1.17141802e-05,0.6150296,0.54062489,0.60282646,-0.583,1.500,3.192,3.1919,-0.0001,1,,0,2,2,0,0,m2,1WKxQntNgmP3dtjbv3UL3DHV2JEciQTnQ4K3sr,0090b29e8ad2c702baa61427ed25fc10cc95ce750a2d1ddf6b7818db928568a1,946686130,946686127,1,1,0,0,7.7101,378,
run4-tbt-3s,1,nazionale,3,none,true,12,385,33,1,m2,1WKxQntNgmP3dtjbv3UL3DHV2JEciQTnQ4K3sr,18080,31,378,1.0,18080.0,78826.0,0.229366,3.29104995e-07,0.00595022,0.99406745,0.02560843,-0.583,1.500,1.46,1.4602,0.0002,1,,1,1,1,1,1,m2,1WKxQntNgmP3dtjbv3UL3DHV2JEciQTnQ4K3sr,0090b29e8ad2c702baa61427ed25fc10cc95ce750a2d1ddf6b7818db928568a1,946686130,946686127,1,1,0,0,45.0603,378,1
run4-tbt-3s,1,nazionale,3,none,true,12,385,33,1,m3,1LtuCHDRfFnaxMXGm2gmsN7NoezE7zExV3Cet8,8243,31,378,1.0,8243.0,78826.0,0.104572,0.000285786445,2.35573767,0.09482353,1.0,-0.583,1.500,4.383,4.3834,0.0004,1,,0,3,3,0,0,m2,1WKxQntNgmP3dtjbv3UL3DHV2JEciQTnQ4K3sr,0090b29e8ad2c702baa61427ed25fc10cc95ce750a2d1ddf6b7818db928568a1,946686130,946686127,1,1,0,0,17.229,378,
run4-tbt-3s,1,nazionale,3,none,true,12,386,33,1,m1,1ETD6u7wdHS6P9D1mxb1Qx3Aapa2DwAyyZutL2,52503,31,378,1.0,52503.0,78826.0,0.666062,4.24834803e-05,2.23051017,0.10747359,0.96487362,-0.5,1.500,4.295,4.2946,-0.0004,1,,0,2,2,0,0,m2,1WKxQntNgmP3dtjbv3UL3DHV2JEciQTnQ4K3sr,00dc9cc75eabe71b80e56f40203bd205fe922e68470f3a7d86922547925b6b5a,946686132,946686130,1,1,0,0,7.7101,378,
run4-tbt-3s,1,nazionale,3,none,true,12,386,33,1,m2,1WKxQntNgmP3dtjbv3UL3DHV2JEciQTnQ4K3sr,18080,31,378,1.0,18080.0,78826.0,0.229366,1.26788163e-06,0.0229233,0.97733744,0.09511013,-0.5,1.500,1.685,1.6853,0.0003,1,,1,1,1,1,1,m2,1WKxQntNgmP3dtjbv3UL3DHV2JEciQTnQ4K3sr,00dc9cc75eabe71b80e56f40203bd205fe922e68470f3a7d86922547925b6b5a,946686132,946686130,1,1,0,0,45.0603,378,2
run4-tbt-3s,1,nazionale,3,none,true,12,386,33,1,m3,1LtuCHDRfFnaxMXGm2gmsN7NoezE7zExV3Cet8,8243,31,378,1.0,8243.0,78826.0,0.104572,0.000237336631,1.95636585,0.14137125,0.99999999,-0.5,1.500,4.4,4.4,-0.0,1,,0,3,3,0,0,m2,1WKxQntNgmP3dtjbv3UL3DHV2JEciQTnQ4K3sr,00dc9cc75eabe71b80e56f40203bd205fe922e68470f3a7d86922547925b6b5a,946686132,946686130,1,1,0,0,17.229,378,
run4-tbt-3s,1,nazionale,3,none,true,12,387,33,1,m1,1ETD6u7wdHS6P9D1mxb1Qx3Aapa2DwAyyZutL2,52503,31,378,1.0,52503.0,78826.0,0.666062,5.16897575e-05,2.71386734,0.06627998,0.98299923,-0.333,1.500,4.382,4.3824,0.0004,1,,1,1,1,1,1,m1,1ETD6u7wdHS6P9D1mxb1Qx3Aapa2DwAyyZutL2,00e6566ea2e2313cd054c130b574c7300ba5a7baced3c65ab9c831979fb8e6fe,946686137,946686132,4,1,0,0,7.0633,387,1
run4-tbt-3s,1,nazionale,3,none,true,12,387,33,1,m2,1WKxQntNgmP3dtjbv3UL3DHV2JEciQTnQ4K3sr,18080,31,378,1.0,18080.0,78826.0,0.229366,0.000217337639,3.92946451,0.01965419,0.99999996,-0.333,1.500,4.433,4.4334,0.0004,1,,0,3,3,0,0,m1,1ETD6u7wdHS6P9D1mxb1Qx3Aapa2DwAyyZutL2,00e6566ea2e2313cd054c130b574c7300ba5a7baced3c65ab9c831979fb8e6fe,946686137,946686132,4,1,0,0,19.6398,387,
run4-tbt-3s,1,nazionale,3,none,true,12,387,33,1,m3,1LtuCHDRfFnaxMXGm2gmsN7NoezE7zExV3Cet8,8243,31,378,1.0,8243.0,78826.0,0.104572,0.000171425249,1.41305833,0.24339775,0.99999865,-0.333,1.500,4.433,4.4334,0.0004,1,,0,2,2,0,0,m1,1ETD6u7wdHS6P9D1mxb1Qx3Aapa2DwAyyZutL2,00e6566ea2e2313cd054c130b574c7300ba5a7baced3c65ab9c831979fb8e6fe,946686137,946686132,4,1,0,0,94.295,387,
run4-tbt-3s,1,nazionale,3,none,true,12,388,33,1,m1,1ETD6u7wdHS6P9D1mxb1Qx3Aapa2DwAyyZutL2,52503,31,378,1.0,52503.0,78826.0,0.666062,4.29741286e-05,2.25627067,0.10474037,0.96620622,-0.417,1.500,4.315,4.3152,0.0002,1,,1,1,1,1,1,m1,1ETD6u7wdHS6P9D1mxb1Qx3Aapa2DwAyyZutL2,001e5ea1f246c438a234cae721151a8bbd10190c7f8e268a9940b011ce79d1ec,946686142,946686137,4,1,0,0,7.0633,387,2
run4-tbt-3s,1,nazionale,3,none,true,12,388,33,1,m2,1WKxQntNgmP3dtjbv3UL3DHV2JEciQTnQ4K3sr,18080,31,378,1.0,18080.0,78826.0,0.229366,0.000183636335,3.32014494,0.03614759,0.99999948,-0.417,1.500,4.417,4.4166,-0.0004,1,,0,3,3,0,0,m1,1ETD6u7wdHS6P9D1mxb1Qx3Aapa2DwAyyZutL2,001e5ea1f246c438a234cae721151a8bbd10190c7f8e268a9940b011ce79d1ec,946686142,946686137,4,1,0,0,19.6398,387,
run4-tbt-3s,1,nazionale,3,none,true,12,388,33,1,m3,1LtuCHDRfFnaxMXGm2gmsN7NoezE7zExV3Cet8,8243,31,378,1.0,8243.0,78826.0,0.104572,8.65282284e-05,0.71325219,0.49004788,0.99890901,-0.417,1.500,4.413,4.4133,0.0003,1,,0,2,2,0,0,m1,1ETD6u7wdHS6P9D1mxb1Qx3Aapa2DwAyyZutL2,001e5ea1f246c438a234cae721151a8bbd10190c7f8e268a9940b011ce79d1ec,946686142,946686137,4,1,0,0,94.295,387,
run4-tbt-3s,1,nazionale,3,none,true,12,389,33,1,m1,1ETD6u7wdHS6P9D1mxb1Qx3Aapa2DwAyyZutL2,52503,31,378,1.0,52503.0,78826.0,0.666062,1.36656521e-05,0.71748773,0.48797665,0.65945523,-0.417,1.500,3.395,3.395,-0.0,1,,1,1,1,1,1,m1,1ETD6u7wdHS6P9D1mxb1Qx3Aapa2DwAyyZutL2,005545d85cabfad4ed579bb8850a2681cf1487c478adaa95a6bb77212bf6c8a4,946686146,946686142,3,1,0,0,7.0633,387,3
run4-tbt-3s,1,nazionale,3,none,true,12,389,33,1,m2,1WKxQntNgmP3dtjbv3UL3DHV2JEciQTnQ4K3sr,18080,31,378,1.0,18080.0,78826.0,0.229366,0.000133735652,2.41794059,0.08910493,0.99997359,-0.417,1.500,4.417,4.4165,-0.0005,1,,0,3,3,0,0,m1,1ETD6u7wdHS6P9D1mxb1Qx3Aapa2DwAyyZutL2,005545d85cabfad4ed579bb8850a2681cf1487c478adaa95a6bb77212bf6c8a4,946686146,946686142,3,1,0,0,19.6398,387,
run4-tbt-3s,1,nazionale,3,none,true,12,389,33,1,m3,1LtuCHDRfFnaxMXGm2gmsN7NoezE7zExV3Cet8,8243,31,378,1.0,8243.0,78826.0,0.104572,0.00013246352,1.0918968,0.33557936,0.99997081,-0.417,1.500,4.417,4.4165,-0.0005,1,,0,2,2,0,0,m1,1ETD6u7wdHS6P9D1mxb1Qx3Aapa2DwAyyZutL2,005545d85cabfad4ed579bb8850a2681cf1487c478adaa95a6bb77212bf6c8a4,946686146,946686142,3,1,0,0,94.295,387,
run4-tbt-3s,1,nazionale,3,none,true,12,390,33,1,m1,1ETD6u7wdHS6P9D1mxb1Qx3Aapa2DwAyyZutL2,52503,31,378,1.0,52503.0,78826.0,0.666062,1.14256809e-05,0.59988252,0.54887611,0.59369076,-0.583,1.500,3.164,3.1645,0.0005,1,,1,1,1,1,1,m1,1ETD6u7wdHS6P9D1mxb1Qx3Aapa2DwAyyZutL2,00ef8a7c7bf17134b3cef617a28094684523afe5920830f1874d04f403d1857f,946686149,946686146,3,1,0,0,7.0633,387,4
run4-tbt-3s,1,nazionale,3,none,true,12,390,33,1,m2,1WKxQntNgmP3dtjbv3UL3DHV2JEciQTnQ4K3sr,18080,31,378,1.0,18080.0,78826.0,0.229366,1.24519093e-05,0.22513052,0.798412,0.62526426,-0.583,1.500,3.259,3.2592,0.0002,1,,0,2,2,0,0,m1,1ETD6u7wdHS6P9D1mxb1Qx3Aapa2DwAyyZutL2,00ef8a7c7bf17134b3cef617a28094684523afe5920830f1874d04f403d1857f,946686149,946686146,3,1,0,0,19.6398,387,
run4-tbt-3s,1,nazionale,3,none,true,12,390,33,1,m3,1LtuCHDRfFnaxMXGm2gmsN7NoezE7zExV3Cet8,8243,31,378,1.0,8243.0,78826.0,0.104572,9.39699624e-05,0.7745944,0.46089068,0.99939318,-0.583,1.500,4.382,4.3816,-0.0004,1,,0,3,3,0,0,m1,1ETD6u7wdHS6P9D1mxb1Qx3Aapa2DwAyyZutL2,00ef8a7c7bf17134b3cef617a28094684523afe5920830f1874d04f403d1857f,946686149,946686146,3,1,0,0,94.295,387,
run4-tbt-3s,1,nazionale,3,none,true,12,391,33,1,m1,1ETD6u7wdHS6P9D1mxb1Qx3Aapa2DwAyyZutL2,44404,32,390,1.0,44404.0,73182.0,0.606761,7.62523103e-06,0.33859076,0.71277409,0.42766435,-0.5,1.500,2.683,2.683,-0.0,1,,1,1,1,1,1,m1,1ETD6u7wdHS6P9D1mxb1Qx3Aapa2DwAyyZutL2,00f0f65653a1034232b74d620913cc1c3120a669a202c4a290a89443ab99193b,946686153,946686149,2,1,0,0,7.0633,387,5
run4-tbt-3s,1,nazionale,3,none,true,12,391,33,1,m2,1WKxQntNgmP3dtjbv3UL3DHV2JEciQTnQ4K3sr,20535,32,390,1.0,20535.0,73182.0,0.280602,0.000115188151,2.36538868,0.09391279,0.99978171,-0.5,1.500,4.399,4.3993,0.0003,1,,0,3,3,0,0,m1,1ETD6u7wdHS6P9D1mxb1Qx3Aapa2DwAyyZutL2,00f0f65653a1034232b74d620913cc1c3120a669a202c4a290a89443ab99193b,946686153,946686149,2,1,0,0,19.6398,387,
run4-tbt-3s,1,nazionale,3,none,true,12,391,33,1,m3,1LtuCHDRfFnaxMXGm2gmsN7NoezE7zExV3Cet8,8243,31,378,1.0,8243.0,73182.0,0.112637,1.19726421e-05,0.09869049,0.90602309,0.58363038,-0.5,1.500,3.151,3.1509,-0.0001,1,,0,2,2,0,0,m1,1ETD6u7wdHS6P9D1mxb1Qx3Aapa2DwAyyZutL2,00f0f65653a1034232b74d620913cc1c3120a669a202c4a290a89443ab99193b,946686153,946686149,2,1,0,0,94.295,387,
run4-tbt-3s,1,nazionale,3,none,true,12,392,33,1,m1,1ETD6u7wdHS6P9D1mxb1Qx3Aapa2DwAyyZutL2,44404,32,390,1.0,44404.0,73182.0,0.606761,3.42598746e-07,0.01521275,0.98490237,0.02476037,-0.667,1.500,1.441,1.4409,-0.0001,1,,1,1,1,1,1,m1,1ETD6u7wdHS6P9D1mxb1Qx3Aapa2DwAyyZutL2,007b30f111c6be7d3a4690583b42e48e60c4bc215fcfe5269bdbae3dd1ab476e,946686155,946686153,1,1,0,0,7.0633,387,6
run4-tbt-3s,1,nazionale,3,none,true,12,392,33,1,m2,1WKxQntNgmP3dtjbv3UL3DHV2JEciQTnQ4K3sr,20535,32,390,1.0,20535.0,73182.0,0.280602,0.00011044683,2.26802565,0.10351636,0.99969117,-0.667,1.500,4.366,4.3657,-0.0003,1,,0,3,2,0,0,m1,1ETD6u7wdHS6P9D1mxb1Qx3Aapa2DwAyyZutL2,007b30f111c6be7d3a4690583b42e48e60c4bc215fcfe5269bdbae3dd1ab476e,946686155,946686153,1,1,0,0,19.6398,387,
run4-tbt-3s,1,nazionale,3,none,true,12,392,33,1,m3,1LtuCHDRfFnaxMXGm2gmsN7NoezE7zExV3Cet8,8243,31,378,1.0,8243.0,73182.0,0.112637,0.000118806616,0.97932294,0.37556529,0.9998325,-0.667,1.500,4.366,4.3661,0.0001,1,,0,2,3,0,0,m1,1ETD6u7wdHS6P9D1mxb1Qx3Aapa2DwAyyZutL2,007b30f111c6be7d3a4690583b42e48e60c4bc215fcfe5269bdbae3dd1ab476e,946686155,946686153,1,1,0,0,94.295,387,
run4-tbt-3s,1,nazionale,3,none,true,12,393,33,1,m1,1ETD6u7wdHS6P9D1mxb1Qx3Aapa2DwAyyZutL2,44404,32,390,1.0,44404.0,73182.0,0.606761,5.32815559e-06,0.23659142,0.78931372,0.3228924,-0.5,1.500,2.369,2.3687,-0.0003,1,,1,1,1,1,1,m1,1ETD6u7wdHS6P9D1mxb1Qx3Aapa2DwAyyZutL2,00f4690dbb89e8b39fa08da7c6c8d513d625b40f0b60ad44c3e0822271b81e45,946686158,946686155,2,1,0,0,7.0633,387,7
run4-tbt-3s,1,nazionale,3,none,true,12,393,33,1,m2,1WKxQntNgmP3dtjbv3UL3DHV2JEciQTnQ4K3sr,20535,32,390,1.0,20535.0,73182.0,0.280602,5.88627517e-06,0.12087466,0.88614502,0.34999121,-0.5,1.500,2.45,2.45,-0.0,1,,0,2,2,0,0,m1,1ETD6u7wdHS6P9D1mxb1Qx3Aapa2DwAyyZutL2,00f4690dbb89e8b39fa08da7c6c8d513d625b40f0b60ad44c3e0822271b81e45,946686158,946686155,2,1,0,0,19.6398,387,
run4-tbt-3s,1,nazionale,3,none,true,12,393,33,1,m3,1LtuCHDRfFnaxMXGm2gmsN7NoezE7zExV3Cet8,8243,31,378,1.0,8243.0,73182.0,0.112637,0.000130768199,1.07792226,0.34030185,0.9999302,-0.5,1.500,4.4,4.3998,-0.0002,1,,0,3,3,0,0,m1,1ETD6u7wdHS6P9D1mxb1Qx3Aapa2DwAyyZutL2,00f4690dbb89e8b39fa08da7c6c8d513d625b40f0b60ad44c3e0822271b81e45,946686158,946686155,2,1,0,0,94.295,387,
run4-tbt-3s,1,nazionale,3,none,true,12,394,33,1,m1,1ETD6u7wdHS6P9D1mxb1Qx3Aapa2DwAyyZutL2,44404,32,390,1.0,44404.0,73182.0,0.606761,5.83217229e-06,0.25897178,0.77184481,0.34741249,-0.417,1.500,2.459,2.4588,-0.0002,1,,1,1,1,1,1,m1,1ETD6u7wdHS6P9D1mxb1Qx3Aapa2DwAyyZutL2,000ee795fd3ed3f8db525927e17ffe1d8266cfd29aebadf0eda3b5c3fa2699b8,946686161,946686158,2,1,0,0,7.0633,387,8
run4-tbt-3s,1,nazionale,3,none,true,12,394,33,1,m2,1WKxQntNgmP3dtjbv3UL3DHV2JEciQTnQ4K3sr,20535,32,390,1.0,20535.0,73182.0,0.280602,4.52443204e-05,0.92909212,0.39491208,0.96352287,-0.417,1.500,4.307,4.3072,0.0002,1,,0,3,3,0,0,m1,1ETD6u7wdHS6P9D1mxb1Qx3Aapa2DwAyyZutL2,000ee795fd3ed3f8db525927e17ffe1d8266cfd29aebadf0eda3b5c3fa2699b8,946686161,946686158,2,1,0,0,19.6398,387,
run4-tbt-3s,1,nazionale,3,none,true,12,394,33,1,m3,1LtuCHDRfFnaxMXGm2gmsN7NoezE7zExV3Cet8,8243,31,378,1.0,8243.0,73182.0,0.112637,3.08868043e-05,0.25459993,0.77522658,0.89568688,-0.417,1.500,4.104,4.1037,-0.0003,1,,0,2,2,0,0,m1,1ETD6u7wdHS6P9D1mxb1Qx3Aapa2DwAyyZutL2,000ee795fd3ed3f8db525927e17ffe1d8266cfd29aebadf0eda3b5c3fa2699b8,946686161,946686158,2,1,0,0,94.295,387,
run4-tbt-3s,1,nazionale,3,none,true,12,395,33,1,m1,1ETD6u7wdHS6P9D1mxb1Qx3Aapa2DwAyyZutL2,44404,32,390,1.0,44404.0,73182.0,0.606761,2.67801241e-05,1.18914463,0.3044816,0.85911665,-0.333,1.500,4.011,4.0107,-0.0003,1,,1,1,1,1,1,m1,1ETD6u7wdHS6P9D1mxb1Qx3Aapa2DwAyyZutL2,00ba5f98710f2057ef101621d936db25022c48057f969dad2ca73d2567500454,946686166,946686161,4,1,0,0,107.9321,395,9
run4-tbt-3s,1,nazionale,3,none,true,12,395,33,1,m2,1WKxQntNgmP3dtjbv3UL3DHV2JEciQTnQ4K3sr,20535,32,390,1.0,20535.0,73182.0,0.280602,7.97452595e-05,1.6375689,0.1944522,0.99707926,-0.333,1.500,4.425,4.4246,-0.0004,1,,0,2,2,0,0,m1,1ETD6u7wdHS6P9D1mxb1Qx3Aapa2DwAyyZutL2,00ba5f98710f2057ef101621d936db25022c48057f969dad2ca73d2567500454,946686166,946686161,4,1,0,0,119.534,395,
run4-tbt-3s,1,nazionale,3,none,true,12,395,33,1,m3,1LtuCHDRfFnaxMXGm2gmsN7NoezE7zExV3Cet8,8243,31,378,1.0,8243.0,73182.0,0.112637,0.0001187561,0.97890653,0.37572171,0.99983188,-0.333,1.500,4.433,4.4329,-0.0001,1,,0,3,3,0,0,m1,1ETD6u7wdHS6P9D1mxb1Qx3Aapa2DwAyyZutL2,00ba5f98710f2057ef101621d936db25022c48057f969dad2ca73d2567500454,946686166,946686161,4,1,0,0,94.295,395,
run4-tbt-3s,1,nazionale,3,none,true,12,396,34,1,m1,1ETD6u7wdHS6P9D1mxb1Qx3Aapa2DwAyyZutL2,44404,32,390,1.0,44404.0,73182.0,0.606761,3.56075491e-05,1.58111761,0.20574503,0.9261583,-0.583,1.500,4.162,4.1619,-0.0001,1,,1,1,1,1,1,m1,1ETD6u7wdHS6P9D1mxb1Qx3Aapa2DwAyyZutL2,004a0bfe98b1730fe83319814a2cf166b611a6a9e5b27cba375a294809ca2200,946686170,946686166,4,1,0,0,107.9321,395,10
run4-tbt-3s,1,nazionale,3,none,true,12,396,34,1,m2,1WKxQntNgmP3dtjbv3UL3DHV2JEciQTnQ4K3sr,20535,32,390,1.0,20535.0,73182.0,0.280602,5.53805729e-05,1.13724006,0.32070292,0.9826274,-0.583,1.500,4.331,4.3313,0.0003,1,,0,2,2,0,0,m1,1ETD6u7wdHS6P9D1mxb1Qx3Aapa2DwAyyZutL2,004a0bfe98b1730fe83319814a2cf166b611a6a9e5b27cba375a294809ca2200,946686170,946686166,4,1,0,0,119.534,395,
run4-tbt-3s,1,nazionale,3,none,true,12,396,34,1,m3,1LtuCHDRfFnaxMXGm2gmsN7NoezE7zExV3Cet8,8243,31,378,1.0,8243.0,73182.0,0.112637,0.000170188035,1.40285997,0.24589271,0.9999961,-0.583,1.500,4.383,4.3834,0.0004,1,,0,3,3,0,0,m1,1ETD6u7wdHS6P9D1mxb1Qx3Aapa2DwAyyZutL2,004a0bfe98b1730fe83319814a2cf166b611a6a9e5b27cba375a294809ca2200,946686170,946686166,4,1,0,0,94.295,395,
run4-tbt-3s,1,nazionale,3,none,true,12,397,34,1,m1,1ETD6u7wdHS6P9D1mxb1Qx3Aapa2DwAyyZutL2,44404,32,390,1.0,44404.0,73182.0,0.606761,1.80309812e-06,0.08006477,0.92305656,0.12361898,-0.583,1.500,1.754,1.7543,0.0003,1,,1,1,1,1,1,m1,1ETD6u7wdHS6P9D1mxb1Qx3Aapa2DwAyyZutL2,00b465fadcb1685af8a2859ba58c62f0eb276b40590df0d3bc1cadcda1a37b5c,946686172,946686170,1,1,0,0,107.9321,395,11
run4-tbt-3s,1,nazionale,3,none,true,12,397,34,1,m2,1WKxQntNgmP3dtjbv3UL3DHV2JEciQTnQ4K3sr,20535,32,390,1.0,20535.0,73182.0,0.280602,3.44713751e-05,0.70786969,0.49269267,0.91975607,-0.583,1.500,4.143,4.1427,-0.0003,1,,0,2,2,0,0,m1,1ETD6u7wdHS6P9D1mxb1Qx3Aapa2DwAyyZutL2,00b465fadcb1685af8a2859ba58c62f0eb276b40590df0d3bc1cadcda1a37b5c,946686172,946686170,1,1,0,0,119.534,395,
run4-tbt-3s,1,nazionale,3,none,true,12,397,34,1,m3,1LtuCHDRfFnaxMXGm2gmsN7NoezE7zExV3Cet8,8243,31,378,1.0,8243.0,73182.0,0.112637,5.17649001e-05,0.42669807,0.65266058,0.97736502,-0.583,1.500,4.315,4.3155,0.0005,1,,0,3,3,0,0,m1,1ETD6u7wdHS6P9D1mxb1Qx3Aapa2DwAyyZutL2,00b465fadcb1685af8a2859ba58c62f0eb276b40590df0d3bc1cadcda1a37b5c,946686172,946686170,1,1,0,0,94.295,395,
run4-tbt-3s,1,nazionale,3,none,true,12,398,34,1,m1,1ETD6u7wdHS6P9D1mxb1Qx3Aapa2DwAyyZutL2,44404,32,390,1.0,44404.0,73182.0,0.606761,2.56953083e-05,1.14097447,0.31950752,0.84747611,-0.5,1.500,3.942,3.9424,0.0004,1,,0,2,2,0,0,m2,1WKxQntNgmP3dtjbv3UL3DHV2JEciQTnQ4K3sr,001539c1b507d256dd0d1040e2ef6c1535e29f6937ba240724dcd6cb5b20e759,946686176,946686172,1,1,0,0,107.9321,395,
run4-tbt-3s,1,nazionale,3,none,true,12,398,34,1,m2,1WKxQntNgmP3dtjbv3UL3DHV2JEciQTnQ4K3sr,20535,32,390,1.0,20535.0,73182.0,0.280602,2.62566406e-06,0.05391801,0.94750979,0.17481803,-0.5,1.500,1.924,1.9245,0.0005,1,,1,1,1,1,1,m2,1WKxQntNgmP3dtjbv3UL3DHV2JEciQTnQ4K3sr,001539c1b507d256dd0d1040e2ef6c1535e29f6937ba240724dcd6cb5b20e759,946686176,946686172,1,1,0,0,119.534,395,1
run4-tbt-3s,1,nazionale,3,none,true,12,398,34,1,m3,1LtuCHDRfFnaxMXGm2gmsN7NoezE7zExV3Cet8,8243,31,378,1.0,8243.0,73182.0,0.112637,5.88040798e-05,0.48472203,0.61586837,0.9864775,-0.5,1.500,4.359,4.3594,0.0004,1,,0,3,3,0,0,m2,1WKxQntNgmP3dtjbv3UL3DHV2JEciQTnQ4K3sr,001539c1b507d256dd0d1040e2ef6c1535e29f6937ba240724dcd6cb5b20e759,946686176,946686172,1,1,0,0,94.295,395,
run4-tbt-3s,1,nazionale,3,none,true,12,399,34,1,m1,1ETD6u7wdHS6P9D1mxb1Qx3Aapa2DwAyyZutL2,44404,32,390,1.0,44404.0,73182.0,0.606761,8.90639921e-06,0.39547975,0.67335692,0.47888686,-0.667,1.500,2.803,2.8033,0.0003,1,,0,2,2,0,0,m2,1WKxQntNgmP3dtjbv3UL3DHV2JEciQTnQ4K3sr,000e421a35abdeddf4df51c954b95e5fda6581ff185060e99ff9fb6fe31d451c,946686178,946686176,1,1,0,0,107.9321,395,
run4-tbt-3s,1,nazionale,3,none,true,12,399,34,1,m2,1WKxQntNgmP3dtjbv3UL3DHV2JEciQTnQ4K3sr,20535,32,390,1.0,20535.0,73182.0,0.280602,2.49454183e-06,0.05122542,0.95006449,0.16686165,-0.667,1.500,1.867,1.8672,0.0002,1,,1,1,1,1,1,m2,1WKxQntNgmP3dtjbv3UL3DHV2JEciQTnQ4K3sr,000e421a35abdeddf4df51c954b95e5fda6581ff185060e99ff9fb6fe31d451c,946686178,946686176,1,1,0,0,119.534,395,2
run4-tbt-3s,1,nazionale,3,none,true,12,399,34,1,m3,1LtuCHDRfFnaxMXGm2gmsN7NoezE7zExV3Cet8,8243,31,378,1.0,8243.0,73182.0,0.112637,0.000132682737,1.0937038,0.33497352,0.99993933,-0.667,1.500,4.366,4.3664,0.0004,1,,0,3,3,0,0,m2,1WKxQntNgmP3dtjbv3UL3DHV2JEciQTnQ4K3sr,000e421a35abdeddf4df51c954b95e5fda6581ff185060e99ff9fb6fe31d451c,946686178,946686176,1,1,0,0,94.295,395,
run4-tbt-3s,1,nazionale,3,none,true,12,400,34,1,m1,1ETD6u7wdHS6P9D1mxb1Qx3Aapa2DwAyyZutL2,44404,32,390,1.0,44404.0,73182.0,0.606761,9.24643728e-07,0.04105788,0.95977358,0.06542863,-0.417,1.500,1.613,1.6129,-0.0001,1,,1,1,1,1,1,m1,1ETD6u7wdHS6P9D1mxb1Qx3Aapa2DwAyyZutL2,002b613cf42398c25d95caecd1d8ed7a8ccfa79f052e04562a652c9404c1513a,946686181,946686178,1,1,0,0,107.9321,395,1
run4-tbt-3s,1,nazionale,3,none,true,12,400,34,1,m2,1WKxQntNgmP3dtjbv3UL3DHV2JEciQTnQ4K3sr,20535,32,390,1.0,20535.0,73182.0,0.280602,9.07908225e-06,0.18643895,0.82990922,0.48543088,-0.417,1.500,2.873,2.8729,-0.0001,1,,0,2,2,0,0,m1,1ETD6u7wdHS6P9D1mxb1Qx3Aapa2DwAyyZutL2,002b613cf42398c25d95caecd1d8ed7a8ccfa79f052e04562a652c9404c1513a,946686181,946686178,1,1,0,0,119.534,395,
run4-tbt-3s,1,nazionale,3,none,true,12,400,34,1,m3,1LtuCHDRfFnaxMXGm2gmsN7NoezE7zExV3Cet8,8243,31,378,1.0,8243.0,73182.0,0.112637,6.3695451e-05,0.5250416,0.59153075,0.99054641,-0.417,1.500,4.388,4.3882,0.0002,1,,0,3,3,0,0,m1,1ETD6u7wdHS6P9D1mxb1Qx3Aapa2DwAyyZutL2,002b613cf42398c25d95caecd1d8ed7a8ccfa79f052e04562a652c9404c1513a,946686181,946686178,1,1,0,0,94.295,395,
run4-tbt-3s,1,nazionale,3,none,true,12,401,34,1,m1,1ETD6u7wdHS6P9D1mxb1Qx3Aapa2DwAyyZutL2,44404,32,390,1.0,44404.0,73182.0,0.606761,2.75516674e-05,1.22340424,0.29422684,0.86685095,-0.25,1.500,4.051,4.0506,-0.0004,1,,1,1,1,1,1,m1,1ETD6u7wdHS6P9D1mxb1Qx3Aapa2DwAyyZutL2,00e5a18414b0086b82de026c3f829bfc197f39708f1ba77d6a47d577fe9fec82,946686186,946686181,4,1,0,0,107.9321,395,2
run4-tbt-3s,1,nazionale,3,none,true,12,401,34,1,m2,1WKxQntNgmP3dtjbv3UL3DHV2JEciQTnQ4K3sr,20535,32,390,1.0,20535.0,73182.0,0.280602,4.43788131e-05,0.91131893,0.40199367,0.96113769,-0.25,1.500,4.333,4.3334,0.0004,1,,0,2,2,0,0,m1,1ETD6u7wdHS6P9D1mxb1Qx3Aapa2DwAyyZutL2,00e5a18414b0086b82de026c3f829bfc197f39708f1ba77d6a47d577fe9fec82,946686186,946686181,4,1,0,0,119.534,395,
run4-tbt-3s,1,nazionale,3,none,true,12,401,34,1,m3,1LtuCHDRfFnaxMXGm2gmsN7NoezE7zExV3Cet8,8243,31,378,1.0,8243.0,73182.0,0.112637,0.000115490267,0.95198627,0.38597361,0.99978649,-0.25,1.500,4.449,4.4494,0.0004,1,,0,3,3,0,0,m1,1ETD6u7wdHS6P9D1mxb1Qx3Aapa2DwAyyZutL2,00e5a18414b0086b82de026c3f829bfc197f39708f1ba77d6a47d577fe9fec82,946686186,946686181,4,1,0,0,94.295,395,
run4-tbt-3s,1,nazionale,3,none,true,12,402,34,1,m1,1ETD6u7wdHS6P9D1mxb1Qx3Aapa2DwAyyZutL2,44404,32,390,1.0,44404.0,73182.0,0.606761,7.20616196e-05,3.19982416,0.04076937,0.99487494,-0.333,1.500,4.418,4.418,0.0,1,,1,2,2,0,0,m1,1ETD6u7wdHS6P9D1mxb1Qx3Aapa2DwAyyZutL2,00099063deee576517fd3f40001794e8bca6a97f60ebc1e1927d1252f621bf23,946686191,946686186,4,1,0,0,107.9321,395,3
run4-tbt-3s,1,nazionale,3,none,true,12,402,34,1,m2,1WKxQntNgmP3dtjbv3UL3DHV2JEciQTnQ4K3sr,20535,32,390,1.0,20535.0,73182.0,0.280602,0.000134526706,2.76250591,0.06313336,0.99994698,-0.333,1.500,4.433,4.4332,0.0002,1,,0,3,3,0,0,m1,1ETD6u7wdHS6P9D1mxb1Qx3Aapa2DwAyyZutL2,00099063deee576517fd3f40001794e8bca6a97f60ebc1e1927d1252f621bf23,946686191,946686186,4,1,0,0,119.534,395,
run4-tbt-3s,1,nazionale,3,none,true,12,402,34,1,m3,1LtuCHDRfFnaxMXGm2gmsN7NoezE7zExV3Cet8,8243,31,378,1.0,8243.0,73182.0,0.112637,6.83259655e-05,0.56321093,0.56937789,0.99326361,-0.333,1.500,4.413,4.4132,0.0002,1,,0,1,1,1,1,m1,1ETD6u7wdHS6P9D1mxb1Qx3Aapa2DwAyyZutL2,00099063deee576517fd3f40001794e8bca6a97f60ebc1e1927d1252f621bf23,946686191,946686186,4,1,0,0,94.295,395,
run4-tbt-3s,1,nazionale,3,none,true,12,403,34,1,m1,1ETD6u7wdHS6P9D1mxb1Qx3Aapa2DwAyyZutL2,52503,33,402,1.0,52503.0,76409.0,0.687131,3.91913638e-05,2.05766417,0.12775203,0.949942,-0.5,1.500,4.25,4.2498,-0.0002,1,,1,1,1,1,1,m1,1ETD6u7wdHS6P9D1mxb1Qx3Aapa2DwAyyZutL2,00d68251fbc48f7e02da4ef056e241d2f4e784ad2e4ef984b88ea0b4e5879144,946686196,946686191,4,1,0,0,107.9321,395,4
run4-tbt-3s,1,nazionale,3,none,true,12,403,34,1,m3,1LtuCHDRfFnaxMXGm2gmsN7NoezE7zExV3Cet8,5826,33,402,1.0,5826.0,76409.0,0.076248,0.000224866151,1.3100702,0.26980112,0.99999997,-0.5,1.500,4.4,4.4,-0.0,1,,0,2,2,0,0,m1,1ETD6u7wdHS6P9D1mxb1Qx3Aapa2DwAyyZutL2,00d68251fbc48f7e02da4ef056e241d2f4e784ad2e4ef984b88ea0b4e5879144,946686196,946686191,4,1,0,0,94.295,395,
run4-tbt-3s,1,nazionale,3,none,true,12,404,34,1,m1,1ETD6u7wdHS6P9D1mxb1Qx3Aapa2DwAyyZutL2,52503,33,402,1.0,52503.0,76409.0,0.687131,8.79920176e-06,0.46198449,0.63003211,0.48948651,-0.583,1.500,2.852,2.8519,-0.0001,1,,1,1,1,1,1,m1,1ETD6u7wdHS6P9D1mxb1Qx3Aapa2DwAyyZutL2,00895208f8b7526d0754be729fe1bd7b0c71ee9820e0e94a8ce33e69a6e4b78a,946686199,946686196,2,1,0,0,7.9484,404,5
run4-tbt-3s,1,nazionale,3,none,true,12,404,34,1,m2,1WKxQntNgmP3dtjbv3UL3DHV2JEciQTnQ4K3sr,18080,33,402,1.0,18080.0,76409.0,0.236621,4.26935953e-05,0.7719002,0.46213408,0.961695,-0.583,1.500,4.268,4.2685,0.0005,1,,0,2,2,0,0,m1,1ETD6u7wdHS6P9D1mxb1Qx3Aapa2DwAyyZutL2,00895208f8b7526d0754be729fe1bd7b0c71ee9820e0e94a8ce33e69a6e4b78a,946686199,946686196,2,1,0,0,48.8628,404,
run4-tbt-3s,1,nazionale,3,none,true,12,404,34,1,m3,1LtuCHDRfFnaxMXGm2gmsN7NoezE7zExV3Cet8,5826,33,402,1.0,5826.0,76409.0,0.076248,0.00013720252,0.79934188,0.44962477,0.99997201,-0.583,1.500,4.383,4.3833,0.0003,1,,0,3,3,0,0,m1,1ETD6u7wdHS6P9D1mxb1Qx3Aapa2DwAyyZutL2,00895208f8b7526d0754be729fe1bd7b0c71ee9820e0e94a8ce33e69a6e4b78a,946686199,946686196,2,1,0,0,75.6852,404,
run4-tbt-3s,1,nazionale,3,none,true,12,405,34,1,m1,1ETD6u7wdHS6P9D1mxb1Qx3Aapa2DwAyyZutL2,52503,33,402,1.0,52503.0,76409.0,0.687131,7.56039236e-05,3.9694328,0.01888414,0.99690145,-0.667,1.500,4.357,4.3573,0.0003,1,,1,2,2,0,0,m1,1ETD6u7wdHS6P9D1mxb1Qx3Aapa2DwAyyZutL2,00dd9ca14377e6ae39e19314f09b30d5bedfa381db000a4d276586b9803628d3,946686203,946686199,4,1,0,0,7.9484,404,6
run4-tbt-3s,1,nazionale,3,none,true,12,405,34,1,m2,1WKxQntNgmP3dtjbv3UL3DHV2JEciQTnQ4K3sr,18080,33,402,1.0,18080.0,76409.0,0.236621,3.39151596e-05,0.61318609,0.54162246,0.92508667,-0.667,1.500,4.142,4.1419,-0.0001,1,,0,1,1,1,1,m1,1ETD6u7wdHS6P9D1mxb1Qx3Aapa2DwAyyZutL2,00dd9ca14377e6ae39e19314f09b30d5bedfa381db000a4d276586b9803628d3,946686203,946686199,4,1,0,0,48.8628,404,
run4-tbt-3s,1,nazionale,3,none,true,12,405,34,1,m3,1LtuCHDRfFnaxMXGm2gmsN7NoezE7zExV3Cet8,5826,33,402,1.0,5826.0,76409.0,0.076248,0.000243009159,1.41577136,0.2427383,0.99999999,-0.667,1.500,4.367,4.3666,-0.0004,1,,0,3,3,0,0,m1,1ETD6u7wdHS6P9D1mxb1Qx3Aapa2DwAyyZutL2,00dd9ca14377e6ae39e19314f09b30d5bedfa381db000a4d276586b9803628d3,946686203,946686199,4,1,0,0,75.6852,404,
run4-tbt-3s,1,nazionale,3,none,true,12,406,34,1,m1,1ETD6u7wdHS6P9D1mxb1Qx3Aapa2DwAyyZutL2,52503,33,402,1.0,52503.0,76409.0,0.687131,9.61324803e-06,0.50472436,0.60367195,0.52027328,-0.75,1.500,2.911,2.9108,-0.0002,1,,1,1,1,1,1,m1,1ETD6u7wdHS6P9D1mxb1Qx3Aapa2DwAyyZutL2,004a8acf6794e75630a32ef6a153b7bb223cc00bb6fde2cf1e6bfcf90081f34f,946686207,946686203,2,1,0,0,7.9484,404,7
run4-tbt-3s,1,nazionale,3,none,true,12,406,34,1,m2,1WKxQntNgmP3dtjbv3UL3DHV2JEciQTnQ4K3sr,18080,33,402,1.0,18080.0,76409.0,0.236621,0.000113852873,2.05845994,0.12765041,0.99983331,-0.75,1.500,4.349,4.3495,0.0005,1,,0,2,2,0,0,m1,1ETD6u7wdHS6P9D1mxb1Qx3Aapa2DwAyyZutL2,004a8acf6794e75630a32ef6a153b7bb223cc00bb6fde2cf1e6bfcf90081f34f,946686207,946686203,2,1,0,0,48.8628,404,
run4-tbt-3s,1,nazionale,3,none,true,12,406,34,1,m3,1LtuCHDRfFnaxMXGm2gmsN7NoezE7zExV3Cet8,5826,33,402,1.0,5826.0,76409.0,0.076248,0.000426549595,2.48507794,0.08331906,1.0,-0.75,1.500,4.35,4.35,-0.0,1,,0,3,3,0,0,m1,1ETD6u7wdHS6P9D1mxb1Qx3Aapa2DwAyyZutL2,004a8acf6794e75630a32ef6a153b7bb223cc00bb6fde2cf1e6bfcf90081f34f,946686207,946686203,2,1,0,0,75.6852,404,
run4-tbt-3s,1,nazionale,3,none,true,12,407,34,1,m1,1ETD6u7wdHS6P9D1mxb1Qx3Aapa2DwAyyZutL2,52503,33,402,1.0,52503.0,76409.0,0.687131,6.35546486e-05,3.33680972,0.03555019,0.9922196,-0.833,1.500,4.31,4.3101,0.0001,1,,1,3,3,0,0,m1,1ETD6u7wdHS6P9D1mxb1Qx3Aapa2DwAyyZutL2,00fe3041b6af70751ae21df7b0dc8753dd46c5ada5e3ac5df7b4602daca390bd,946686211,946686207,4,1,1,1,7.9484,404,8
run4-tbt-3s,1,nazionale,3,none,true,12,407,34,1,m2,1WKxQntNgmP3dtjbv3UL3DHV2JEciQTnQ4K3sr,18080,33,402,1.0,18080.0,76409.0,0.236621,5.21017659e-05,0.94199993,0.38984739,0.98133386,-0.833,1.500,4.277,4.2774,0.0004,1,,0,2,2,0,0,m1,1ETD6u7wdHS6P9D1mxb1Qx3Aapa2DwAyyZutL2,00fe3041b6af70751ae21df7b0dc8753dd46c5ada5e3ac5df7b4602daca390bd,946686211,946686207,4,1,1,1,48.8628,404,
run4-tbt-3s,1,nazionale,3,none,true,12,407,34,1,m3,1LtuCHDRfFnaxMXGm2gmsN7NoezE7zExV3Cet8,5826,33,402,1.0,5826.0,76409.0,0.076248,6.50520775e-06,0.03789934,0.96280985,0.39168134,-0.833,1.500,2.508,2.5084,0.0004,1,,0,1,1,1,1,m1,1ETD6u7wdHS6P9D1mxb1Qx3Aapa2DwAyyZutL2,00fe3041b6af70751ae21df7b0dc8753dd46c5ada5e3ac5df7b4602daca390bd,946686211,946686207,4,1,1,1,75.6852,404,
run4-tbt-3s,1,nazionale,3,none,true,12,408,35,1,m1,1ETD6u7wdHS6P9D1mxb1Qx3Aapa2DwAyyZutL2,52503,33,402,1.0,52503.0,76409.0,0.687131,8.0618829e-06,0.42327304,0.6548998,0.4598997,-0.75,1.500,2.73,2.7297,-0.0003,1,,1,1,1,1,1,m1,1ETD6u7wdHS6P9D1mxb1Qx3Aapa2DwAyyZutL2,00b28b089d2eb1677bd505c186e7479494e3d87ec52581ef3300a81f596996a0,946686214,946686211,2,1,0,0,7.9484,404,9
run4-tbt-3s,1,nazionale,3,none,true,12,408,35,1,m2,1WKxQntNgmP3dtjbv3UL3DHV2JEciQTnQ4K3sr,18080,33,402,1.0,18080.0,76409.0,0.236621,2.37327701e-05,0.42908848,0.65110231,0.83690089,-0.75,1.500,3.861,3.8607,-0.0003,1,,0,2,2,0,0,m1,1ETD6u7wdHS6P9D1mxb1Qx3Aapa2DwAyyZutL2,00b28b089d2eb1677bd505c186e7479494e3d87ec52581ef3300a81f596996a0,946686214,946686211,2,1,0,0,48.8628,404,
run4-tbt-3s,1,nazionale,3,none,true,12,408,35,1,m3,1LtuCHDRfFnaxMXGm2gmsN7NoezE7zExV3Cet8,5826,33,402,1.0,5826.0,76409.0,0.076248,0.000126911158,0.73938441,0.47740771,0.99993854,-0.75,1.500,4.35,4.3498,-0.0002,1,,0,3,3,0,0,m1,1ETD6u7wdHS6P9D1mxb1Qx3Aapa2DwAyyZutL2,00b28b089d2eb1677bd505c186e7479494e3d87ec52581ef3300a81f596996a0,946686214,946686211,2,1,0,0,75.6852,404,
run4-tbt-3s,1,nazionale,3,none,true,12,409,35,1,m1,1ETD6u7wdHS6P9D1mxb1Qx3Aapa2DwAyyZutL2,52503,33,402,1.0,52503.0,76409.0,0.687131,2.31692508e-05,1.21645517,0.29627856,0.82972479,-0.667,1.500,3.856,3.8558,-0.0002,1,,1,2,2,0,0,m1,1ETD6u7wdHS6P9D1mxb1Qx3Aapa2DwAyyZutL2,00fa973147978d6502df75a86595eb03f0a71a8b62b830c6782c7f1db2589f60,946686219,946686214,3,1,1,1,7.9484,404,10
run4-tbt-3s,1,nazionale,3,none,true,12,409,35,1,m2,1WKxQntNgmP3dtjbv3UL3DHV2JEciQTnQ4K3sr,18080,33,402,1.0,18080.0,76409.0,0.236621,8.9538397e-06,0.16188542,0.85053865,0.4954831,-0.667,1.500,2.853,2.853,0.0,1,,0,1,1,1,1,m1,1ETD6u7wdHS6P9D1mxb1Qx3Aapa2DwAyyZutL2,00fa973147978d6502df75a86595eb03f0a71a8b62b830c6782c7f1db2589f60,946686219,946686214,3,1,1,1,48.8628,404,
run4-tbt-3s,1,nazionale,3,none,true,12,409,35,1,m3,1LtuCHDRfFnaxMXGm2gmsN7NoezE7zExV3Cet8,5826,33,402,1.0,5826.0,76409.0,0.076248,0.000225742338,1.31517486,0.26842738,0.99999997,-0.667,1.500,4.367,4.3666,-0.0004,1,,0,3,3,0,0,m1,1ETD6u7wdHS6P9D1mxb1Qx3Aapa2DwAyyZutL2,00fa973147978d6502df75a86595eb03f0a71a8b62b830c6782c7f1db2589f60,946686219,946686214,3,1,1,1,75.6852,404,
run4-tbt-3s,1,nazionale,3,none,true,12,410,35,1,m1,1ETD6u7wdHS6P9D1mxb1Qx3Aapa2DwAyyZutL2,52503,33,402,1.0,52503.0,76409.0,0.687131,5.07368537e-08,0.00266384,0.99733971,0.00386925,-0.917,1.500,1.328,1.3282,0.0002,1,,1,1,1,1,1,m1,1ETD6u7wdHS6P9D1mxb1Qx3Aapa2DwAyyZutL2,008c363ca51b7f5b4fea07329489699150c02d153bb6dc6f5d1323ff8835e54c,946686221,946686219,1,1,0,0,7.9484,404,11
run4-tbt-3s,1,nazionale,3,none,true,12,410,35,1,m2,1WKxQntNgmP3dtjbv3UL3DHV2JEciQTnQ4K3sr,18080,33,402,1.0,18080.0,76409.0,0.236621,3.79207867e-05,0.68560782,0.50378392,0.94483846,-0.917,1.500,4.151,4.1511,0.0001,1,,0,2,2,0,0,m1,1ETD6u7wdHS6P9D1mxb1Qx3Aapa2DwAyyZutL2,008c363ca51b7f5b4fea07329489699150c02d153bb6dc6f5d1323ff8835e54c,946686221,946686219,1,1,0,0,48.8628,404,
run4-tbt-3s,1,nazionale,3,none,true,12,410,35,1,m3,1LtuCHDRfFnaxMXGm2gmsN7NoezE7zExV3Cet8,5826,33,402,1.0,5826.0,76409.0,0.076248,8.27898561e-05,0.4823337,0.61734102,0.99821063,-0.917,1.500,4.311,4.3112,0.0002,1,,0,3,3,0,0,m1,1ETD6u7wdHS6P9D1mxb1Qx3Aapa2DwAyyZutL2,008c363ca51b7f5b4fea07329489699150c02d153bb6dc6f5d1323ff8835e54c,946686221,946686219,1,1,0,0,75.6852,404,
run4-tbt-3s,1,nazionale,3,none,true,12,411,35,1,m1,1ETD6u7wdHS6P9D1mxb1Qx3Aapa2DwAyyZutL2,52503,33,402,1.0,52503.0,76409.0,0.687131,3.78835094e-05,1.98899789,0.13683248,0.94468112,-0.75,1.500,4.184,4.184,0.0,1,,1,1,1,1,1,m1,1ETD6u7wdHS6P9D1mxb1Qx3Aapa2DwAyyZutL2,00cdf4359d83bcbd938c1f4b75dbba5ff4f59ae342e9d9d887d88d973798e8f3,946686225,946686221,4,1,0,0,7.9484,404,12
run4-tbt-3s,1,nazionale,3,none,true,12,411,35,1,m2,1WKxQntNgmP3dtjbv3UL3DHV2JEciQTnQ4K3sr,18080,33,402,1.0,18080.0,76409.0,0.236621,0.000144841135,2.61872772,0.07289555,0.99998438,-0.75,1.500,4.35,4.35,-0.0,1,,0,3,2,0,0,m1,1ETD6u7wdHS6P9D1mxb1Qx3Aapa2DwAyyZutL2,00cdf4359d83bcbd938c1f4b75dbba5ff4f59ae342e9d9d887d88d973798e8f3,946686225,946686221,4,1,0,0,48.8628,404,
run4-tbt-3s,1,nazionale,3,none,true,12,411,35,1,m3,1LtuCHDRfFnaxMXGm2gmsN7NoezE7zExV3Cet8,5826,33,402,1.0,5826.0,76409.0,0.076248,0.000362021606,2.10913788,0.12134253,1.0,-0.75,1.500,4.35,4.35,-0.0,1,,0,2,3,0,0,m1,1ETD6u7wdHS6P9D1mxb1Qx3Aapa2DwAyyZutL2,00cdf4359d83bcbd938c1f4b75dbba5ff4f59ae342e9d9d887d88d973798e8f3,946686225,946686221,4,1,0,0,75.6852,404,
run4-tbt-3s,1,nazionale,3,none,true,12,412,35,1,m1,1ETD6u7wdHS6P9D1mxb1Qx3Aapa2DwAyyZutL2,52503,33,402,1.0,52503.0,76409.0,0.687131,2.4836868e-06,0.13040101,0.87774338,0.17285563,-0.917,1.500,1.835,1.8352,0.0002,1,,1,1,1,1,1,m1,1ETD6u7wdHS6P9D1mxb1Qx3Aapa2DwAyyZutL2,00d85909c401604bbd37b43adf7db9f1a1dc7adab1352a33f0474f19fbbca567,946686228,946686225,1,1,0,0,7.6657,412,13
run4-tbt-3s,1,nazionale,3,none,true,12,412,35,1,m2,1WKxQntNgmP3dtjbv3UL3DHV2JEciQTnQ4K3sr,18080,33,402,1.0,18080.0,76409.0,0.236621,7.59121757e-05,1.37249214,0.25347448,0.99697358,-0.917,1.500,4.308,4.3075,-0.0005,1,,0,2,2,0,0,m1,1ETD6u7wdHS6P9D1mxb1Qx3Aapa2DwAyyZutL2,00d85909c401604bbd37b43adf7db9f1a1dc7adab1352a33f0474f19fbbca567,946686228,946686225,1,1,0,0,20.6999,412,
run4-tbt-3s,1,nazionale,3,none,true,12,412,35,1,m3,1LtuCHDRfFnaxMXGm2gmsN7NoezE7zExV3Cet8,5826,33,402,1.0,5826.0,76409.0,0.076248,0.000147292972,0.85812885,0.42395462,0.99998705,-0.917,1.500,4.317,4.3166,-0.0004,1,,0,3,3,0,0,m1,1ETD6u7wdHS6P9D1mxb1Qx3Aapa2DwAyyZutL2,00d85909c401604bbd37b43adf7db9f1a1dc7adab1352a33f0474f19fbbca567,946686228,946686225,1,1,0,0,60.8736,412,
run4-tbt-3s,1,nazionale,3,none,true,12,413,35,1,m1,1ETD6u7wdHS6P9D1mxb1Qx3Aapa2DwAyyZutL2,52503,33,402,1.0,52503.0,76409.0,0.687131,6.65626901e-06,0.34947409,0.70505879,0.39866245,-0.917,1.500,2.513,2.5126,-0.0004,1,,1,1,1,1,1,m1,1ETD6u7wdHS6P9D1mxb1Qx3Aapa2DwAyyZutL2,002e48a6f6f0dc55ab32642e5b02f449e7d1e4e8cb427e6828ccd3bfee1cae85,946686231,946686228,2,1,0,0,7.6657,412,14
run4-tbt-3s,1,nazionale,3,none,true,12,413,35,1,m2,1WKxQntNgmP3dtjbv3UL3DHV2JEciQTnQ4K3sr,18080,33,402,1.0,18080.0,76409.0,0.236621,0.000151765139,2.74391371,0.06431813,0.9999908,-0.917,1.500,4.317,4.3166,-0.0004,1,,0,3,3,0,0,m1,1ETD6u7wdHS6P9D1mxb1Qx3Aapa2DwAyyZutL2,002e48a6f6f0dc55ab32642e5b02f449e7d1e4e8cb427e6828ccd3bfee1cae85,946686231,946686228,2,1,0,0,20.6999,412,
run4-tbt-3s,1,nazionale,3,none,true,12,413,35,1,m3,1LtuCHDRfFnaxMXGm2gmsN7NoezE7zExV3Cet8,5826,33,402,1.0,5826.0,76409.0,0.076248,0.000119696541,0.69735205,0.49790198,0.99989334,-0.917,1.500,4.316,4.3163,0.0003,1,,0,2,2,0,0,m1,1ETD6u7wdHS6P9D1mxb1Qx3Aapa2DwAyyZutL2,002e48a6f6f0dc55ab32642e5b02f449e7d1e4e8cb427e6828ccd3bfee1cae85,946686231,946686228,2,1,0,0,60.8736,412,
run4-tbt-3s,1,nazionale,3,none,true,12,414,35,1,m1,1ETD6u7wdHS6P9D1mxb1Qx3Aapa2DwAyyZutL2,52503,33,402,1.0,52503.0,76409.0,0.687131,1.67671385e-05,0.88032507,0.4146481,0.72228512,-0.75,1.500,3.517,3.5169,-0.0001,1,,0,2,2,0,0,m2,1WKxQntNgmP3dtjbv3UL3DHV2JEciQTnQ4K3sr,00f11d1f80cf2b774d0991ced12bb4ca2f962be8fdf6a2edbd427cc9c181cba1,946686235,946686231,2,1,1,1,7.6657,412,
run4-tbt-3s,1,nazionale,3,none,true,12,414,35,1,m2,1WKxQntNgmP3dtjbv3UL3DHV2JEciQTnQ4K3sr,18080,33,402,1.0,18080.0,76409.0,0.236621,6.25539703e-06,0.11309758,0.89306351,0.37995835,-0.75,1.500,2.49,2.4899,-0.0001,1,,1,1,1,1,1,m2,1WKxQntNgmP3dtjbv3UL3DHV2JEciQTnQ4K3sr,00f11d1f80cf2b774d0991ced12bb4ca2f962be8fdf6a2edbd427cc9c181cba1,946686235,946686231,2,1,1,1,20.6999,412,1
run4-tbt-3s,1,nazionale,3,none,true,12,414,35,1,m3,1LtuCHDRfFnaxMXGm2gmsN7NoezE7zExV3Cet8,5826,33,402,1.0,5826.0,76409.0,0.076248,0.000113010302,0.65839802,0.51767998,0.99982223,-0.75,1.500,4.349,4.3495,0.0005,1,,0,3,3,0,0,m2,1WKxQntNgmP3dtjbv3UL3DHV2JEciQTnQ4K3sr,00f11d1f80cf2b774d0991ced12bb4ca2f962be8fdf6a2edbd427cc9c181cba1,946686235,946686231,2,1,1,1,60.8736,412,
run4-tbt-3s,1,nazionale,3,none,true,12,415,35,1,m1,1ETD6u7wdHS6P9D1mxb1Qx3Aapa2DwAyyZutL2,51006,34,414,1.0,51006.0,72999.0,0.698722,3.13046271e-05,1.59672381,0.20255905,0.89824695,-0.667,1.500,4.061,4.0613,0.0003,1,,0,3,3,0,0,m2,1WKxQntNgmP3dtjbv3UL3DHV2JEciQTnQ4K3sr,008d30c919243f8f316cb1642f6e42abfb1f6c8f0c35dcbf6e3bc74c9d8e4925,946686238,946686235,1,1,0,0,7.6657,412,
run4-tbt-3s,1,nazionale,3,none,true,12,415,35,1,m2,1WKxQntNgmP3dtjbv3UL3DHV2JEciQTnQ4K3sr,15454,34,414,1.0,15454.0,72999.0,0.211702,2.61069094e-06,0.04034562,0.96045743,0.17351857,-0.667,1.500,1.887,1.8872,0.0002,1,,1,1,1,1,1,m2,1WKxQntNgmP3dtjbv3UL3DHV2JEciQTnQ4K3sr,008d30c919243f8f316cb1642f6e42abfb1f6c8f0c35dcbf6e3bc74c9d8e4925,946686238,946686235,1,1,0,0,20.6999,412,2
run4-tbt-3s,1,nazionale,3,none,true,12,415,35,1,m3,1LtuCHDRfFnaxMXGm2gmsN7NoezE7zExV3Cet8,6539,34,414,1.0,6539.0,72999.0,0.089577,7.62388508e-06,0.04985258,0.95136966,0.42680883,-0.667,1.500,2.647,2.647,0.0,1,,0,2,2,0,0,m2,1WKxQntNgmP3dtjbv3UL3DHV2JEciQTnQ4K3sr,008d30c919243f8f316cb1642f6e42abfb1f6c8f0c35dcbf6e3bc74c9d8e4925,946686238,946686235,1,1,0,0,60.8736,412,
run4-tbt-3s,1,nazionale,3,none,true,12,416,35,1,m1,1ETD6u7wdHS6P9D1mxb1Qx3Aapa2DwAyyZutL2,51006,34,414,1.0,51006.0,72999.0,0.698722,3.71578283e-06,0.18952722,0.8273502,0.23757294,-0.5,1.500,2.113,2.1127,-0.0003,1,,1,1,1,1,1,m1,1ETD6u7wdHS6P9D1mxb1Qx3Aapa2DwAyyZutL2,006ee330886dfb61665e8523652a0338b56051d39c48d1be9e3a8d04512e687d,946686241,946686238,2,1,0,0,7.6657,412,1
run4-tbt-3s,1,nazionale,3,none,true,12,416,35,1,m2,1WKxQntNgmP3dtjbv3UL3DHV2JEciQTnQ4K3sr,15454,34,414,1.0,15454.0,72999.0,0.211702,7.91107648e-05,1.22257776,0.29447011,0.99689582,-0.5,1.500,4.391,4.3907,-0.0003,1,,0,3,3,0,0,m1,1ETD6u7wdHS6P9D1mxb1Qx3Aapa2DwAyyZutL2,006ee330886dfb61665e8523652a0338b56051d39c48d1be9e3a8d04512e687d,946686241,946686238,2,1,0,0,20.6999,412,
run4-tbt-3s,1,nazionale,3,none,true,12,416,35,1,m3,1LtuCHDRfFnaxMXGm2gmsN7NoezE7zExV3Cet8,6539,34,414,1.0,6539.0,72999.0,0.089577,6.95849562e-05,0.45501603,0.6344378,0.9937778,-0.5,1.500,4.381,4.3813,0.0003,1,,0,2,2,0,0,m1,1ETD6u7wdHS6P9D1mxb1Qx3Aapa2DwAyyZutL2,006ee330886dfb61665e8523652a0338b56051d39c48d1be9e3a8d04512e687d,946686241,946686238,2,1,0,0,60.8736,412,
run4-tbt-3s,1,nazionale,3,none,true,12,417,35,1,m1,1ETD6u7wdHS6P9D1mxb1Qx3Aapa2DwAyyZutL2,51006,34,414,1.0,51006.0,72999.0,0.698722,1.7702013e-05,0.90290888,0.40538872,0.72534218,-0.5,1.500,3.576,3.576,0.0,1,,0,2,2,0,0,m3,1LtuCHDRfFnaxMXGm2gmsN7NoezE7zExV3Cet8,00daede36ed172958822135cfc5998c6970d785c5e32be5867d6dfb8bd88c00d,946686244,946686241,1,1,0,0,7.6657,412,
run4-tbt-3s,1,nazionale,3,none,true,12,417,35,1,m2,1WKxQntNgmP3dtjbv3UL3DHV2JEciQTnQ4K3sr,15454,34,414,1.0,15454.0,72999.0,0.211702,9.16360061e-05,1.41614284,0.24264815,0.99875589,-0.5,1.500,4.396,4.3963,0.0003,1,,0,3,3,0,0,m3,1LtuCHDRfFnaxMXGm2gmsN7NoezE7zExV3Cet8,00daede36ed172958822135cfc5998c6970d785c5e32be5867d6dfb8bd88c00d,946686244,946686241,1,1,0,0,20.6999,412,
run4-tbt-3s,1,nazionale,3,none,true,12,417,35,1,m3,1LtuCHDRfFnaxMXGm2gmsN7NoezE7zExV3Cet8,6539,34,414,1.0,6539.0,72999.0,0.089577,9.59042104e-07,0.00627118,0.99374845,0.06761468,-0.5,1.500,1.603,1.6028,-0.0002,1,,1,1,1,1,1,m3,1LtuCHDRfFnaxMXGm2gmsN7NoezE7zExV3Cet8,00daede36ed172958822135cfc5998c6970d785c5e32be5867d6dfb8bd88c00d,946686244,946686241,1,1,0,0,60.8736,412,1
run4-tbt-3s,1,nazionale,3,none,true,12,418,35,1,m1,1ETD6u7wdHS6P9D1mxb1Qx3Aapa2DwAyyZutL2,51006,34,414,1.0,51006.0,72999.0,0.698722,3.1081181e-06,0.15853267,0.85339508,0.20299116,-0.417,1.500,2.026,2.0256,-0.0004,1,,1,1,1,1,1,m1,1ETD6u7wdHS6P9D1mxb1Qx3Aapa2DwAyyZutL2,00e8b9917d5254495d7ec7583b1bd45ccf298e2b587ac9289f8b720cac7b19cf,946686247,946686244,2,1,1,1,7.6657,412,1
run4-tbt-3s,1,nazionale,3,none,true,12,418,35,1,m2,1WKxQntNgmP3dtjbv3UL3DHV2JEciQTnQ4K3sr,15454,34,414,1.0,15454.0,72999.0,0.211702,8.88146398e-06,0.13725414,0.87174865,0.47708586,-0.417,1.500,2.848,2.8479,-0.0001,1,,0,2,2,0,0,m1,1ETD6u7wdHS6P9D1mxb1Qx3Aapa2DwAyyZutL2,00e8b9917d5254495d7ec7583b1bd45ccf298e2b587ac9289f8b720cac7b19cf,946686247,946686244,2,1,1,1,20.6999,412,
run4-tbt-3s,1,nazionale,3,none,true,12,418,35,1,m3,1LtuCHDRfFnaxMXGm2gmsN7NoezE7zExV3Cet8,6539,34,414,1.0,6539.0,72999.0,0.089577,0.000264006887,1.72634103,0.17793428,1.0,-0.417,1.500,4.417,4.4166,-0.0004,1,,0,3,3,0,0,m1,1ETD6u7wdHS6P9D1mxb1Qx3Aapa2DwAyyZutL2,00e8b9917d5254495d7ec7583b1bd45ccf298e2b587ac9289f8b720cac7b19cf,946686247,946686244,2,1,1,1,60.8736,412,
run4-tbt-3s,1,nazionale,3,none,true,12,419,35,1,m1,1ETD6u7wdHS6P9D1mxb1Qx3Aapa2DwAyyZutL2,51006,34,414,1.0,51006.0,72999.0,0.698722,4.34098825e-05,2.21416447,0.10924475,0.95794925,-0.333,1.500,4.307,4.3072,0.0002,1,,1,1,1,1,1,m1,1ETD6u7wdHS6P9D1mxb1Qx3Aapa2DwAyyZutL2,0053465af8f9e54ca2c19e0490d45da89fed84dc9a3df40f6815619db6cf1b4f,946686252,946686247,4,1,0,0,7.6657,412,2
run4-tbt-3s,1,nazionale,3,none,true,12,419,35,1,m2,1WKxQntNgmP3dtjbv3UL3DHV2JEciQTnQ4K3sr,15454,34,414,1.0,15454.0,72999.0,0.211702,8.96069619e-05,1.38478599,0.25037738,0.99855727,-0.417,1.500,4.412,4.4123,0.0003,1,,0,2,2,0,0,m1,1ETD6u7wdHS6P9D1mxb1Qx3Aapa2DwAyyZutL2,0053465af8f9e54ca2c19e0490d45da89fed84dc9a3df40f6815619db6cf1b4f,946686252,946686247,4,1,0,0,20.6999,412,
run4-tbt-3s,1,nazionale,3,none,true,12,419,35,1,m3,1LtuCHDRfFnaxMXGm2gmsN7NoezE7zExV3Cet8,6539,34,414,1.0,6539.0,72999.0,0.089577,0.000212739094,1.39110094,0.24880124,0.99999982,-0.333,1.500,4.433,4.4334,0.0004,1,,0,3,3,0,0,m1,1ETD6u7wdHS6P9D1mxb1Qx3Aapa2DwAyyZutL2,0053465af8f9e54ca2c19e0490d45da89fed84dc9a3df40f6815619db6cf1b4f,946686252,946686247,4,1,0,0,60.8736,412,
run4-tbt-3s,1,nazionale,3,none,true,12,420,36,1,m1,1ETD6u7wdHS6P9D1mxb1Qx3Aapa2DwAyyZutL2,51006,34,414,1.0,51006.0,72999.0,0.698722,1.32501176e-05,0.6758355,0.5087312,0.61987128,-0.417,1.500,3.276,3.2762,0.0002,1,,1,2,2,0,0,m1,1ETD6u7wdHS6P9D1mxb1Qx3Aapa2DwAyyZutL2,001c64fe10ff80f8102ab816b6ccc93b69f055d29e49a19a6ef2cc657a765858,946686255,946686252,3,1,0,0,7.6657,412,3
run4-tbt-3s,1,nazionale,3,none,true,12,420,36,1,m2,1WKxQntNgmP3dtjbv3UL3DHV2JEciQTnQ4K3sr,15454,34,414,1.0,15454.0,72999.0,0.211702,1.03794403e-05,0.16040387,0.8517997,0.53125143,-0.417,1.500,3.01,3.0104,0.0004,1,,0,1,1,1,1,m1,1ETD6u7wdHS6P9D1mxb1Qx3Aapa2DwAyyZutL2,001c64fe10ff80f8102ab816b6ccc93b69f055d29e49a19a6ef2cc657a765858,946686255,946686252,3,1,0,0,20.6999,412,
run4-tbt-3s,1,nazionale,3,none,true,12,420,36,1,m3,1LtuCHDRfFnaxMXGm2gmsN7NoezE7zExV3Cet8,6539,34,414,1.0,6539.0,72999.0,0.089577,0.000103695901,0.6780675,0.50759698,0.99948415,-0.417,1.500,4.415,4.4151,0.0001,1,,0,3,3,0,0,m1,1ETD6u7wdHS6P9D1mxb1Qx3Aapa2DwAyyZutL2,001c64fe10ff80f8102ab816b6ccc93b69f055d29e49a19a6ef2cc657a765858,946686255,946686252,3,1,0,0,60.8736,412,
run4-tbt-3s,1,nazionale,3,none,true,12,421,36,1,m1,1ETD6u7wdHS6P9D1mxb1Qx3Aapa2DwAyyZutL2,51006,34,414,1.0,51006.0,72999.0,0.698722,1.78415356e-05,0.91002536,0.40251401,0.72812538,-0.417,1.500,3.601,3.601,-0.0,1,,1,1,1,1,1,m1,1ETD6u7wdHS6P9D1mxb1Qx3Aapa2DwAyyZutL2,00a708689b123008286cb62476fc6dc08609af90d1a52ffe7ad5cec43a53174d,946686259,946686255,3,1,0,0,7.139,421,4
run4-tbt-3s,1,nazionale,3,none,true,12,421,36,1,m2,1WKxQntNgmP3dtjbv3UL3DHV2JEciQTnQ4K3sr,15454,34,414,1.0,15454.0,72999.0,0.211702,3.74499367e-05,0.57875132,0.56059794,0.93502859,-0.417,1.500,4.222,4.2217,-0.0003,1,,0,2,2,0,0,m1,1ETD6u7wdHS6P9D1mxb1Qx3Aapa2DwAyyZutL2,00a708689b123008286cb62476fc6dc08609af90d1a52ffe7ad5cec43a53174d,946686259,946686255,3,1,0,0,9.3399,421,
run4-tbt-3s,1,nazionale,3,none,true,12,421,36,1,m3,1LtuCHDRfFnaxMXGm2gmsN7NoezE7zExV3Cet8,6539,34,414,1.0,6539.0,72999.0,0.089577,0.000117291583,0.76696966,0.46441828,0.9998088,-0.417,1.500,4.416,4.416,0.0,1,,0,3,3,0,0,m1,1ETD6u7wdHS6P9D1mxb1Qx3Aapa2DwAyyZutL2,00a708689b123008286cb62476fc6dc08609af90d1a52ffe7ad5cec43a53174d,946686259,946686255,3,1,0,0,48.9455,421,
run4-tbt-3s,1,nazionale,3,none,true,12,422,36,1,m1,1ETD6u7wdHS6P9D1mxb1Qx3Aapa2DwAyyZutL2,51006,34,414,1.0,51006.0,72999.0,0.698722,5.42331452e-07,0.02766216,0.97271694,0.03881622,-0.333,1.500,1.55,1.5498,-0.0002,1,,1,1,1,1,1,m1,1ETD6u7wdHS6P9D1mxb1Qx3Aapa2DwAyyZutL2,00ce0a0b1e0adfa4981060f214edcbf3892783e32ef697a4072f90eb7c5c9c47,946686262,946686259,1,1,0,0,7.139,421,5
run4-tbt-3s,1,nazionale,3,none,true,12,422,36,1,m2,1WKxQntNgmP3dtjbv3UL3DHV2JEciQTnQ4K3sr,15454,34,414,1.0,15454.0,72999.0,0.211702,3.32382779e-05,0.51366435,0.59829918,0.91164222,-0.333,1.500,4.168,4.1683,0.0003,1,,0,2,2,0,0,m1,1ETD6u7wdHS6P9D1mxb1Qx3Aapa2DwAyyZutL2,00ce0a0b1e0adfa4981060f214edcbf3892783e32ef697a4072f90eb7c5c9c47,946686262,946686259,1,1,0,0,9.3399,421,
run4-tbt-3s,1,nazionale,3,none,true,12,422,36,1,m3,1LtuCHDRfFnaxMXGm2gmsN7NoezE7zExV3Cet8,6539,34,414,1.0,6539.0,72999.0,0.089577,0.000362671618,2.37150971,0.0933397,1.0,-0.333,1.500,4.433,4.4334,0.0004,1,,0,3,3,0,0,m1,1ETD6u7wdHS6P9D1mxb1Qx3Aapa2DwAyyZutL2,00ce0a0b1e0adfa4981060f214edcbf3892783e32ef697a4072f90eb7c5c9c47,946686262,946686259,1,1,0,0,48.9455,421,
run4-tbt-3s,1,nazionale,3,none,true,12,423,36,1,m1,1ETD6u7wdHS6P9D1mxb1Qx3Aapa2DwAyyZutL2,51006,34,414,1.0,51006.0,72999.0,0.698722,2.92450503e-05,1.49167304,0.22499591,0.88173879,-0.417,1.500,4.062,4.0618,-0.0002,1,,0,2,2,0,0,m2,1WKxQntNgmP3dtjbv3UL3DHV2JEciQTnQ4K3sr,005d9421b08b27bb93ccb831e4ae9d4457968bab062d531a559c3b209951bb8d,946686265,946686262,1,1,0,0,7.139,421,
run4-tbt-3s,1,nazionale,3,none,true,12,423,36,1,m2,1WKxQntNgmP3dtjbv3UL3DHV2JEciQTnQ4K3sr,15454,34,414,1.0,15454.0,72999.0,0.211702,1.51526091e-07,0.00234168,0.99766106,0.0110003,-0.417,1.500,1.45,1.4496,-0.0004,1,,1,1,1,1,1,m2,1WKxQntNgmP3dtjbv3UL3DHV2JEciQTnQ4K3sr,005d9421b08b27bb93ccb831e4ae9d4457968bab062d531a559c3b209951bb8d,946686265,946686262,1,1,0,0,9.3399,421,1
run4-tbt-3s,1,nazionale,3,none,true,12,423,36,1,m3,1LtuCHDRfFnaxMXGm2gmsN7NoezE7zExV3Cet8,6539,34,414,1.0,6539.0,72999.0,0.089577,0.000205276352,1.34230207,0.26124358,0.99999969,-0.417,1.500,4.417,4.4166,-0.0004,1,,0,3,3,0,0,m2,1WKxQntNgmP3dtjbv3UL3DHV2JEciQTnQ4K3sr,005d9421b08b27bb93ccb831e4ae9d4457968bab062d531a559c3b209951bb8d,946686265,946686262,1,1,0,0,48.9455,421,
run4-tbt-3s,1,nazionale,3,none,true,12,424,36,1,m1,1ETD6u7wdHS6P9D1mxb1Qx3Aapa2DwAyyZutL2,51006,34,414,1.0,51006.0,72999.0,0.698722,2.3398103e-05,1.19344364,0.30317544,0.81877902,-0.333,1.500,3.89,3.8897,-0.0003,1,,1,1,1,1,1,m1,1ETD6u7wdHS6P9D1mxb1Qx3Aapa2DwAyyZutL2,0043c7ef9f128fdf5270a8be1caf39b4f83ed8b5c9d586f7c82bbb06c2d69979,946686270,946686265,3,1,1,1,7.139,421,1
run4-tbt-3s,1,nazionale,3,none,true,12,424,36,1,m2,1WKxQntNgmP3dtjbv3UL3DHV2JEciQTnQ4K3sr,15454,34,414,1.0,15454.0,72999.0,0.211702,9.36273499e-05,1.44691707,0.23529457,0.99892421,-0.333,1.500,4.43,4.4302,0.0002,1,,0,2,2,0,0,m1,1ETD6u7wdHS6P9D1mxb1Qx3Aapa2DwAyyZutL2,0043c7ef9f128fdf5270a8be1caf39b4f83ed8b5c9d586f7c82bbb06c2d69979,946686270,946686265,3,1,1,1,9.3399,421,
run4-tbt-3s,1,nazionale,3,none,true,12,424,36,1,m3,1LtuCHDRfFnaxMXGm2gmsN7NoezE7zExV3Cet8,6539,34,414,1.0,6539.0,72999.0,0.089577,0.000162871833,1.06501892,0.34472133,0.99999314,-0.333,1.500,4.433,4.4334,0.0004,1,,0,3,3,0,0,m1,1ETD6u7wdHS6P9D1mxb1Qx3Aapa2DwAyyZutL2,0043c7ef9f128fdf5270a8be1caf39b4f83ed8b5c9d586f7c82bbb06c2d69979,946686270,946686265,3,1,1,1,48.9455,421,
run4-tbt-3s,1,nazionale,3,none,true,12,425,36,1,m1,1ETD6u7wdHS6P9D1mxb1Qx3Aapa2DwAyyZutL2,51006,34,414,1.0,51006.0,72999.0,0.698722,2.49976411e-05,1.27502968,0.27942267,0.83875056,-0.5,1.500,3.916,3.9163,0.0003,1,,1,1,1,1,1,m1,1ETD6u7wdHS6P9D1mxb1Qx3Aapa2DwAyyZutL2,00a22ec788d70e2620a7fcd08b9e9ffeb618e071658deb5a6253b0f0e225731e,946686275,946686270,3,1,1,1,7.139,421,2
run4-tbt-3s,1,nazionale,3,none,true,12,425,36,1,m2,1WKxQntNgmP3dtjbv3UL3DHV2JEciQTnQ4K3sr,15454,34,414,1.0,15454.0,72999.0,0.211702,0.000119502162,1.84678641,0.15774327,0.99983729,-0.583,1.500,4.383,4.3829,-0.0001,1,,0,2,2,0,0,m1,1ETD6u7wdHS6P9D1mxb1Qx3Aapa2DwAyyZutL2,00a22ec788d70e2620a7fcd08b9e9ffeb618e071658deb5a6253b0f0e225731e,946686275,946686270,3,1,1,1,9.3399,421,
run4-tbt-3s,1,nazionale,3,none,true,12,425,36,1,m3,1LtuCHDRfFnaxMXGm2gmsN7NoezE7zExV3Cet8,6539,34,414,1.0,6539.0,72999.0,0.089577,0.000234894748,1.53597676,0.21524535,0.99999996,-0.5,1.500,4.4,4.4,-0.0,1,,0,3,3,0,0,m1,1ETD6u7wdHS6P9D1mxb1Qx3Aapa2DwAyyZutL2,00a22ec788d70e2620a7fcd08b9e9ffeb618e071658deb5a6253b0f0e225731e,946686275,946686270,3,1,1,1,48.9455,421,
run4-tbt-3s,1,nazionale,3,none,true,12,426,36,1,m1,1ETD6u7wdHS6P9D1mxb1Qx3Aapa2DwAyyZutL2,51006,34,414,1.0,51006.0,72999.0,0.698722,2.03999004e-05,1.04051732,0.35327188,0.77444073,-0.667,1.500,3.69,3.6899,-0.0001,1,,1,1,1,1,1,m1,1ETD6u7wdHS6P9D1mxb1Qx3Aapa2DwAyyZutL2,00e0a19f5bd69970a4a770ae206e8f95823bf6f54b398af9ad97d7b67298d188,946686279,946686275,3,1,1,1,7.139,421,3
run4-tbt-3s,1,nazionale,3,none,true,12,426,36,1,m2,1WKxQntNgmP3dtjbv3UL3DHV2JEciQTnQ4K3sr,15454,34,414,1.0,15454.0,72999.0,0.211702,0.000207093312,3.20042004,0.04074509,0.99999973,-0.667,1.500,4.367,4.3666,-0.0004,1,,0,3,3,0,0,m1,1ETD6u7wdHS6P9D1mxb1Qx3Aapa2DwAyyZutL2,00e0a19f5bd69970a4a770ae206e8f95823bf6f54b398af9ad97d7b67298d188,946686279,946686275,3,1,1,1,9.3399,421,
run4-tbt-3s,1,nazionale,3,none,true,12,426,36,1,m3,1LtuCHDRfFnaxMXGm2gmsN7NoezE7zExV3Cet8,6539,34,414,1.0,6539.0,72999.0,0.089577,0.000202750709,1.32578689,0.26559388,0.99999963,-0.667,1.500,4.367,4.3666,-0.0004,1,,0,2,2,0,0,m1,1ETD6u7wdHS6P9D1mxb1Qx3Aapa2DwAyyZutL2,00e0a19f5bd69970a4a770ae206e8f95823bf6f54b398af9ad97d7b67298d188,946686279,946686275,3,1,1,1,48.9455,421,
run4-tbt-3s,1,nazionale,3,none,true,12,427,36,1,m1,1ETD6u7wdHS6P9D1mxb1Qx3Aapa2DwAyyZutL2,44404,35,426,1.0,44404.0,70727.0,0.627822,1.65014807e-05,0.73273175,0.48059433,0.68873176,-0.667,1.500,3.433,3.4328,-0.0002,1,,1,1,1,1,1,m1,1ETD6u7wdHS6P9D1mxb1Qx3Aapa2DwAyyZutL2,00094d144db7c69fe5f4224d72e8b52198adf576acdd8b354f44c7547eb2022d,946686284,946686279,3,1,1,1,7.139,421,4
run4-tbt-3s,1,nazionale,3,none,true,12,427,36,1,m2,1WKxQntNgmP3dtjbv3UL3DHV2JEciQTnQ4K3sr,18080,35,426,1.0,18080.0,70727.0,0.255631,9.95677845e-05,1.80018554,0.16526822,0.99912574,-0.667,1.500,4.364,4.364,-0.0,1,,0,2,2,0,0,m1,1ETD6u7wdHS6P9D1mxb1Qx3Aapa2DwAyyZutL2,00094d144db7c69fe5f4224d72e8b52198adf576acdd8b354f44c7547eb2022d,946686284,946686279,3,1,1,1,9.3399,421,
run4-tbt-3s,1,nazionale,3,none,true,12,427,36,1,m3,1LtuCHDRfFnaxMXGm2gmsN7NoezE7zExV3Cet8,8243,35,426,1.0,8243.0,70727.0,0.116547,0.000123646222,1.01921581,0.36087783,0.99984076,-0.667,1.500,4.366,4.3661,0.0001,1,,0,3,3,0,0,m1,1ETD6u7wdHS6P9D1mxb1Qx3Aapa2DwAyyZutL2,00094d144db7c69fe5f4224d72e8b52198adf576acdd8b354f44c7547eb2022d,946686284,946686279,3,1,1,1,48.9455,421,
run4-tbt-3s,1,nazionale,3,none,true,12,428,36,1,m1,1ETD6u7wdHS6P9D1mxb1Qx3Aapa2DwAyyZutL2,44404,35,426,1.0,44404.0,70727.0,0.627822,4.40191585e-05,1.95462671,0.14161733,0.9555479,-0.833,1.500,4.2,4.2,0.0,1,,1,2,2,0,0,m1,1ETD6u7wdHS6P9D1mxb1Qx3Aapa2DwAyyZutL2,00450b1bdacfa797b0263b42266bc2138a25f2fe6057d41d92bdb017a98f6570,946686288,946686284,4,1,1,1,7.139,421,5
run4-tbt-3s,1,nazionale,3,none,true,12,428,36,1,m2,1WKxQntNgmP3dtjbv3UL3DHV2JEciQTnQ4K3sr,18080,35,426,1.0,18080.0,70727.0,0.255631,3.6580187e-05,0.66136978,0.51614385,0.92477013,-0.833,1.500,4.108,4.1077,-0.0003,1,,0,1,1,1,1,m1,1ETD6u7wdHS6P9D1mxb1Qx3Aapa2DwAyyZutL2,00450b1bdacfa797b0263b42266bc2138a25f2fe6057d41d92bdb017a98f6570,946686288,946686284,4,1,1,1,9.3399,421,
run4-tbt-3s,1,nazionale,3,none,true,12,428,36,1,m3,1LtuCHDRfFnaxMXGm2gmsN7NoezE7zExV3Cet8,8243,35,426,1.0,8243.0,70727.0,0.116547,0.000186209522,1.53492509,0.21547183,0.99999809,-0.833,1.500,4.333,4.3334,0.0004,1,,0,3,3,0,0,m1,1ETD6u7wdHS6P9D1mxb1Qx3Aapa2DwAyyZutL2,00450b1bdacfa797b0263b42266bc2138a25f2fe6057d41d92bdb017a98f6570,946686288,946686284,4,1,1,1,48.9455,421,
run4-tbt-3s,1,nazionale,3,none,true,12,429,36,1,m1,1ETD6u7wdHS6P9D1mxb1Qx3Aapa2DwAyyZutL2,44404,35,426,1.0,44404.0,70727.0,0.627822,4.08933519e-05,1.8158284,0.16270307,0.94454948,-0.917,1.500,4.15,4.1502,0.0002,1,,0,2,2,0,0,m3,1LtuCHDRfFnaxMXGm2gmsN7NoezE7zExV3Cet8,00cffc4500e4946584089cd70def290e2185b745fec8868c6bafd32e9a131781,946686291,946686288,2,1,0,0,108.3978,429,
run4-tbt-3s,1,nazionale,3,none,true,12,429,36,1,m2,1WKxQntNgmP3dtjbv3UL3DHV2JEciQTnQ4K3sr,18080,35,426,1.0,18080.0,70727.0,0.255631,0.000122680702,2.21806709,0.10881924,0.99982951,-0.917,1.500,4.316,4.3161,0.0001,1,,0,3,3,0,0,m3,1LtuCHDRfFnaxMXGm2gmsN7NoezE7zExV3Cet8,00cffc4500e4946584089cd70def290e2185b745fec8868c6bafd32e9a131781,946686291,946686288,2,1,0,0,109.4099,429,
run4-tbt-3s,1,nazionale,3,none,true,12,429,36,1,m3,1LtuCHDRfFnaxMXGm2gmsN7NoezE7zExV3Cet8,8243,35,426,1.0,8243.0,70727.0,0.116547,4.38247929e-06,0.03612478,0.96451994,0.26652342,-0.917,1.500,2.116,2.1162,0.0002,1,,1,1,1,1,1,m3,1LtuCHDRfFnaxMXGm2gmsN7NoezE7zExV3Cet8,00cffc4500e4946584089cd70def290e2185b745fec8868c6bafd32e9a131781,946686291,946686288,2,1,0,0,48.8693,429,1
run4-tbt-3s,1,nazionale,3,none,true,12,430,36,1,m1,1ETD6u7wdHS6P9D1mxb1Qx3Aapa2DwAyyZutL2,44404,35,426,1.0,44404.0,70727.0,0.627822,7.11717448e-06,0.31603102,0.72903684,0.39551378,-0.917,1.500,2.503,2.5031,0.0001,1,,1,1,1,1,1,m1,1ETD6u7wdHS6P9D1mxb1Qx3Aapa2DwAyyZutL2,007605deb6faa1014d8efab55ac0b16f7ad621dd89978b9f7d9364c7d7d5fc4e,946686296,946686291,2,1,1,2,108.3978,429,1
run4-tbt-3s,1,nazionale,3,none,true,12,430,36,1,m2,1WKxQntNgmP3dtjbv3UL3DHV2JEciQTnQ4K3sr,18080,35,426,1.0,18080.0,70727.0,0.255631,1.97067794e-05,0.35629857,0.70026351,0.75186973,-0.917,1.500,3.572,3.5722,0.0002,1,,0,2,2,0,0,m1,1ETD6u7wdHS6P9D1mxb1Qx3Aapa2DwAyyZutL2,007605deb6faa1014d8efab55ac0b16f7ad621dd89978b9f7d9364c7d7d5fc4e,946686296,946686291,2,1,1,2,109.4099,429,
run4-tbt-3s,1,nazionale,3,none,true,12,430,36,1,m3,1LtuCHDRfFnaxMXGm2gmsN7NoezE7zExV3Cet8,8243,35,426,1.0,8243.0,70727.0,0.116547,8.85999496e-05,0.73032938,0.48175028,0.99810096,-0.917,1.500,4.311,4.3109,-0.0001,1,,0,3,3,0,0,m1,1ETD6u7wdHS6P9D1mxb1Qx3Aapa2DwAyyZutL2,007605deb6faa1014d8efab55ac0b16f7ad621dd89978b9f7d9364c7d7d5fc4e,946686296,946686291,2,1,1,2,48.8693,429,
run4-tbt-3s,1,nazionale,3,none,true,12,431,36,1,m1,1ETD6u7wdHS6P9D1mxb1Qx3Aapa2DwAyyZutL2,44404,35,426,1.0,44404.0,70727.0,0.627822,3.14498564e-06,0.13964994,0.86966261,0.19943328,-1.083,1.500,1.882,1.8817,-0.0003,1,,1,2,2,0,0,m1,1ETD6u7wdHS6P9D1mxb1Qx3Aapa2DwAyyZutL2,00ce4223e40672c299125bbe7bd2fd0bad3d6fc2d825da6df88f73fa9f1b9b51,946686298,946686296,1,1,1,1,108.3978,429,2
run4-tbt-3s,1,nazionale,3,none,true,12,431,36,1,m2,1WKxQntNgmP3dtjbv3UL3DHV2JEciQTnQ4K3sr,18080,35,426,1.0,18080.0,70727.0,0.255631,1.49668694e-06,0.0270601,0.97330274,0.10044598,-1.083,1.500,1.585,1.5847,-0.0003,1,,0,1,1,1,1,m1,1ETD6u7wdHS6P9D1mxb1Qx3Aapa2DwAyyZutL2,00ce4223e40672c299125bbe7bd2fd0bad3d6fc2d825da6df88f73fa9f1b9b51,946686298,946686296,1,1,1,1,109.4099,429,
run4-tbt-3s,1,nazionale,3,none,true,12,431,36,1,m3,1LtuCHDRfFnaxMXGm2gmsN7NoezE7zExV3Cet8,8243,35,426,1.0,8243.0,70727.0,0.116547,0.00036830605,3.03594677,0.04802917,1.0,-1.083,1.500,4.283,4.2834,0.0004,1,,0,3,3,0,0,m1,1ETD6u7wdHS6P9D1mxb1Qx3Aapa2DwAyyZutL2,00ce4223e40672c299125bbe7bd2fd0bad3d6fc2d825da6df88f73fa9f1b9b51,946686298,946686296,1,1,1,1,48.8693,429,
run4-tbt-3s,1,nazionale,3,none,true,12,432,37,1,m1,1ETD6u7wdHS6P9D1mxb1Qx3Aapa2DwAyyZutL2,44404,35,426,1.0,44404.0,70727.0,0.627822,4.8068864e-06,0.21344498,0.8077966,0.28821306,-0.833,1.500,2.198,2.198,0.0,1,,1,1,1,1,1,m1,1ETD6u7wdHS6P9D1mxb1Qx3Aapa2DwAyyZutL2,007f202c8b15121190dd5e646b95cd7ad67b1fff458b7b07cdfc1ef3771f839c,946686300,946686298,2,1,0,0,108.3978,429,3
run4-tbt-3s,1,nazionale,3,none,true,12,432,37,1,m2,1WKxQntNgmP3dtjbv3UL3DHV2JEciQTnQ4K3sr,18080,35,426,1.0,18080.0,70727.0,0.255631,0.000143047301,2.5862952,0.07529849,0.99995963,-0.833,1.500,4.333,4.3333,0.0003,1,,0,3,3,0,0,m1,1ETD6u7wdHS6P9D1mxb1Qx3Aapa2DwAyyZutL2,007f202c8b15121190dd5e646b95cd7ad67b1fff458b7b07cdfc1ef3771f839c,946686300,946686298,2,1,0,0,109.4099,429,
run4-tbt-3s,1,nazionale,3,none,true,12,432,37,1,m3,1LtuCHDRfFnaxMXGm2gmsN7NoezE7zExV3Cet8,8243,35,426,1.0,8243.0,70727.0,0.116547,7.49694648e-05,0.6179733,0.5390358,0.9950202,-0.833,1.500,4.318,4.3185,0.0005,1,,0,2,2,0,0,m1,1ETD6u7wdHS6P9D1mxb1Qx3Aapa2DwAyyZutL2,007f202c8b15121190dd5e646b95cd7ad67b1fff458b7b07cdfc1ef3771f839c,946686300,946686298,2,1,0,0,48.8693,429,
run4-tbt-3s,1,nazionale,3,none,true,12,433,37,1,m1,1ETD6u7wdHS6P9D1mxb1Qx3Aapa2DwAyyZutL2,44404,35,426,1.0,44404.0,70727.0,0.627822,3.46815809e-05,1.54000092,0.2143809,0.91395838,-0.75,1.500,4.092,4.0919,-0.0001,1,,1,1,1,1,1,m1,1ETD6u7wdHS6P9D1mxb1Qx3Aapa2DwAyyZutL2,001c4149a0ff0cc5dec95f8ec39eef07f8e8bb9d0d0b06a153d5a61bbb1cb05d,946686305,946686300,4,1,0,0,108.3978,429,4
run4-tbt-3s,1,nazionale,3,none,true,12,433,37,1,m2,1WKxQntNgmP3dtjbv3UL3DHV2JEciQTnQ4K3sr,18080,35,426,1.0,18080.0,70727.0,0.255631,0.000122709636,2.21859022,0.10876233,0.99982986,-0.75,1.500,4.349,4.3495,0.0005,1,,0,2,2,0,0,m1,1ETD6u7wdHS6P9D1mxb1Qx3Aapa2DwAyyZutL2,001c4149a0ff0cc5dec95f8ec39eef07f8e8bb9d0d0b06a153d5a61bbb1cb05d,946686305,946686300,4,1,0,0,109.4099,429,
run4-tbt-3s,1,nazionale,3,none,true,12,433,37,1,m3,1LtuCHDRfFnaxMXGm2gmsN7NoezE7zExV3Cet8,8243,35,426,1.0,8243.0,70727.0,0.116547,0.000155769661,1.28400932,0.27692479,0.99998358,-0.75,1.500,4.35,4.35,-0.0,1,,0,3,3,0,0,m1,1ETD6u7wdHS6P9D1mxb1Qx3Aapa2DwAyyZutL2,001c4149a0ff0cc5dec95f8ec39eef07f8e8bb9d0d0b06a153d5a61bbb1cb05d,946686305,946686300,4,1,0,0,48.8693,429,
run4-tbt-3s,1,nazionale,3,none,true,12,434,37,1,m1,1ETD6u7wdHS6P9D1mxb1Qx3Aapa2DwAyyZutL2,44404,35,426,1.0,44404.0,70727.0,0.627822,3.58846623e-05,1.59342254,0.20322886,0.92097686,-0.833,1.500,4.096,4.0963,0.0003,1,,1,1,1,1,1,m1,1ETD6u7wdHS6P9D1mxb1Qx3Aapa2DwAyyZutL2,0035266807273e7181f1bbe9cf373605c3d1c16e8a2fd5ca3c51e780e6aaea7b,946686309,946686305,4,1,0,0,108.3978,429,5
run4-tbt-3s,1,nazionale,3,none,true,12,434,37,1,m2,1WKxQntNgmP3dtjbv3UL3DHV2JEciQTnQ4K3sr,18080,35,426,1.0,18080.0,70727.0,0.255631,0.000142509377,2.57656954,0.07603439,0.99995806,-0.833,1.500,4.333,4.3333,0.0003,1,,0,3,3,0,0,m1,1ETD6u7wdHS6P9D1mxb1Qx3Aapa2DwAyyZutL2,0035266807273e7181f1bbe9cf373605c3d1c16e8a2fd5ca3c51e780e6aaea7b,946686309,946686305,4,1,0,0,109.4099,429,
run4-tbt-3s,1,nazionale,3,none,true,12,434,37,1,m3,1LtuCHDRfFnaxMXGm2gmsN7NoezE7zExV3Cet8,8243,35,426,1.0,8243.0,70727.0,0.116547,0.000137761425,1.13556743,0.32123979,0.99994132,-0.833,1.500,4.333,4.3332,0.0002,1,,0,2,2,0,0,m1,1ETD6u7wdHS6P9D1mxb1Qx3Aapa2DwAyyZutL2,0035266807273e7181f1bbe9cf373605c3d1c16e8a2fd5ca3c51e780e6aaea7b,946686309,946686305,4,1,0,0,48.8693,429,
run4-tbt-3s,1,nazionale,3,none,true,12,435,37,1,m1,1ETD6u7wdHS6P9D1mxb1Qx3Aapa2DwAyyZutL2,44404,35,426,1.0,44404.0,70727.0,0.627822,5.76218216e-05,2.55863937,0.07741,0.9830149,-0.917,1.500,4.266,4.2656,-0.0004,1,,1,2,2,0,0,m1,1ETD6u7wdHS6P9D1mxb1Qx3Aapa2DwAyyZutL2,006bd436064498b9ba5851ff938e049af8f928a008f912bd20dd41f474a16023,946686313,946686309,4,1,0,0,108.3978,429,6
run4-tbt-3s,1,nazionale,3,none,true,12,435,37,1,m2,1WKxQntNgmP3dtjbv3UL3DHV2JEciQTnQ4K3sr,18080,35,426,1.0,18080.0,70727.0,0.255631,6.97075758e-05,1.26031297,0.28356527,0.992775,-0.917,1.500,4.295,4.2949,-0.0001,1,,0,3,3,0,0,m1,1ETD6u7wdHS6P9D1mxb1Qx3Aapa2DwAyyZutL2,006bd436064498b9ba5851ff938e049af8f928a008f912bd20dd41f474a16023,946686313,946686309,4,1,0,0,109.4099,429,
run4-tbt-3s,1,nazionale,3,none,true,12,435,37,1,m3,1LtuCHDRfFnaxMXGm2gmsN7NoezE7zExV3Cet8,8243,35,426,1.0,8243.0,70727.0,0.116547,3.62178366e-05,0.29854363,0.74189791,0.92281722,-0.917,1.500,4.085,4.0851,0.0001,1,,0,1,1,1,1,m1,1ETD6u7wdHS6P9D1mxb1Qx3Aapa2DwAyyZutL2,006bd436064498b9ba5851ff938e049af8f928a008f912bd20dd41f474a16023,946686313,946686309,4,1,0,0,48.8693,429,
run4-tbt-3s,1,nazionale,3,none,true,12,436,37,1,m1,1ETD6u7wdHS6P9D1mxb1Qx3Aapa2DwAyyZutL2,44404,35,426,1.0,44404.0,70727.0,0.627822,3.60854104e-06,0.16023366,0.8519447,0.22525496,-1.0,1.500,1.976,1.9758,-0.0002,1,,1,1,1,1,1,m1,1ETD6u7wdHS6P9D1mxb1Qx3Aapa2DwAyyZutL2,0052c3d192644d274c2f0f211772e343759631fe3c0680454aa6114879e22207,946686316,946686313,1,1,0,0,108.3978,429,7
run4-tbt-3s,1,nazionale,3,none,true,12,436,37,1,m2,1WKxQntNgmP3dtjbv3UL3DHV2JEciQTnQ4K3sr,18080,35,426,1.0,18080.0,70727.0,0.255631,2.93329029e-05,0.53033888,0.58840553,0.87439688,-1.0,1.500,3.923,3.9232,0.0002,1,,0,2,2,0,0,m1,1ETD6u7wdHS6P9D1mxb1Qx3Aapa2DwAyyZutL2,0052c3d192644d274c2f0f211772e343759631fe3c0680454aa6114879e22207,946686316,946686313,1,1,0,0,109.4099,429,
run4-tbt-3s,1,nazionale,3,none,true,12,436,37,1,m3,1LtuCHDRfFnaxMXGm2gmsN7NoezE7zExV3Cet8,8243,35,426,1.0,8243.0,70727.0,0.116547,0.000343066867,2.82790018,0.0591369,1.0,-1.0,1.500,4.3,4.3,-0.0,1,,0,3,3,0,0,m1,1ETD6u7wdHS6P9D1mxb1Qx3Aapa2DwAyyZutL2,0052c3d192644d274c2f0f211772e343759631fe3c0680454aa6114879e22207,946686316,946686313,1,1,0,0,48.8693,429,
run4-tbt-3s,1,nazionale,3,none,true,12,437,37,1,m1,1ETD6u7wdHS6P9D1mxb1Qx3Aapa2DwAyyZutL2,44404,35,426,1.0,44404.0,70727.0,0.627822,2.26323855e-06,0.10049684,0.90438797,0.14791763,-0.833,1.500,1.777,1.7772,0.0002,1,,1,1,1,1,1,m1,1ETD6u7wdHS6P9D1mxb1Qx3Aapa2DwAyyZutL2,002eb005129859f74596d9a592706b10e8f19946f95c4feeec7548ac8b7de95a,946686318,946686316,1,1,0,0,7.4593,437,8
run4-tbt-3s,1,nazionale,3,none,true,12,437,37,1,m2,1WKxQntNgmP3dtjbv3UL3DHV2JEciQTnQ4K3sr,18080,35,426,1.0,18080.0,70727.0,0.255631,4.83370884e-05,0.87393456,0.4173064,0.96724623,-0.833,1.500,4.235,4.2351,0.0001,1,,0,2,2,0,0,m1,1ETD6u7wdHS6P9D1mxb1Qx3Aapa2DwAyyZutL2,002eb005129859f74596d9a592706b10e8f19946f95c4feeec7548ac8b7de95a,946686318,946686316,1,1,0,0,44.9188,437,
run4-tbt-3s,1,nazionale,3,none,true,12,437,37,1,m3,1LtuCHDRfFnaxMXGm2gmsN7NoezE7zExV3Cet8,8243,35,426,1.0,8243.0,70727.0,0.116547,0.000132304987,1.09059001,0.33601818,0.99991369,-0.833,1.500,4.333,4.3331,0.0001,1,,0,3,3,0,0,m1,1ETD6u7wdHS6P9D1mxb1Qx3Aapa2DwAyyZutL2,002eb005129859f74596d9a592706b10e8f19946f95c4feeec7548ac8b7de95a,946686318,946686316,1,1,0,0,39.4951,437,
run4-tbt-3s,1,nazionale,3,none,true,12,438,37,1,m1,1ETD6u7wdHS6P9D1mxb1Qx3Aapa2DwAyyZutL2,44404,35,426,1.0,44404.0,70727.0,0.627822,3.08266213e-05,1.36882529,0.25440564,0.88698949,-0.583,1.500,4.044,4.0444,0.0004,1,,1,2,2,0,0,m1,1ETD6u7wdHS6P9D1mxb1Qx3Aapa2DwAyyZutL2,0062e85a70e9cfe4168f5610e5086434ac510f8dc5db629ce4b2c6de166c9423,946686322,946686318,4,1,0,0,7.4593,437,9
run4-tbt-3s,1,nazionale,3,none,true,12,438,37,1,m2,1WKxQntNgmP3dtjbv3UL3DHV2JEciQTnQ4K3sr,18080,35,426,1.0,18080.0,70727.0,0.255631,2.93324831e-05,0.53033129,0.58841,0.87439316,-0.583,1.500,4.007,4.0066,-0.0004,1,,0,1,1,1,1,m1,1ETD6u7wdHS6P9D1mxb1Qx3Aapa2DwAyyZutL2,0062e85a70e9cfe4168f5610e5086434ac510f8dc5db629ce4b2c6de166c9423,946686322,946686318,4,1,0,0,44.9188,437,
run4-tbt-3s,1,nazionale,3,none,true,12,438,37,1,m3,1LtuCHDRfFnaxMXGm2gmsN7NoezE7zExV3Cet8,8243,35,426,1.0,8243.0,70727.0,0.116547,0.000131841429,1.0867689,0.3373046,0.99991081,-0.583,1.500,4.383,4.3831,0.0001,1,,0,3,3,0,0,m1,1ETD6u7wdHS6P9D1mxb1Qx3Aapa2DwAyyZutL2,0062e85a70e9cfe4168f5610e5086434ac510f8dc5db629ce4b2c6de166c9423,946686322,946686318,4,1,0,0,39.4951,437,
run4-tbt-3s,1,nazionale,3,none,true,12,439,37,1,m1,1ETD6u7wdHS6P9D1mxb1Qx3Aapa2DwAyyZutL2,52503,36,438,1.0,52503.0,78826.0,0.666062,4.14622598e-05,2.17689303,0.11339329,0.96192906,-0.583,1.500,4.269,4.2692,0.0002,1,,0,2,2,0,0,m2,1WKxQntNgmP3dtjbv3UL3DHV2JEciQTnQ4K3sr,0024a549a49ca8b23123ac5cdfe79a0e71fce0f9d6c59d01b8bcf5cfa1c67bca,946686326,946686322,2,1,0,0,7.4593,437,
run4-tbt-3s,1,nazionale,3,none,true,12,439,37,1,m2,1WKxQntNgmP3dtjbv3UL3DHV2JEciQTnQ4K3sr,18080,35,426,1.0,18080.0,78826.0,0.229366,3.7121465e-06,0.06711561,0.93508709,0.25368959,-0.583,1.500,2.144,2.1445,0.0005,1,,1,1,1,1,1,m2,1WKxQntNgmP3dtjbv3UL3DHV2JEciQTnQ4K3sr,0024a549a49ca8b23123ac5cdfe79a0e71fce0f9d6c59d01b8bcf5cfa1c67bca,946686326,946686322,2,1,0,0,44.9188,437,1
run4-tbt-3s,1,nazionale,3,none,true,12,439,37,1,m3,1LtuCHDRfFnaxMXGm2gmsN7NoezE7zExV3Cet8,8243,35,426,1.0,8243.0,78826.0,0.104572,0.000249440238,2.05613588,0.12794742,1.0,-0.583,1.500,4.383,4.3834,0.0004,1,,0,3,3,0,0,m2,1WKxQntNgmP3dtjbv3UL3DHV2JEciQTnQ4K3sr,0024a549a49ca8b23123ac5cdfe79a0e71fce0f9d6c59d01b8bcf5cfa1c67bca,946686326,946686322,2,1,0,0,39.4951,437,
run4-tbt-3s,1,nazionale,3,none,true,12,440,37,1,m1,1ETD6u7wdHS6P9D1mxb1Qx3Aapa2DwAyyZutL2,52503,36,438,1.0,52503.0,78826.0,0.666062,2.98536163e-05,1.56740442,0.20858588,0.90493944,-0.5,1.500,4.115,4.1148,-0.0002,1,,0,2,2,0,0,m2,1WKxQntNgmP3dtjbv3UL3DHV2JEciQTnQ4K3sr,001b9930e2e52b5e899f8647be90716105f5114112d40c1b18de51b96e2b3a8b,946686330,946686326,4,1,0,0,7.4593,437,
run4-tbt-3s,1,nazionale,3,none,true,12,440,37,1,m2,1WKxQntNgmP3dtjbv3UL3DHV2JEciQTnQ4K3sr,18080,35,426,1.0,18080.0,78826.0,0.229366,2.92357854e-05,0.528583,0.58943961,0.9001953,-0.5,1.500,4.101,4.1006,-0.0004,1,,1,1,1,1,1,m2,1WKxQntNgmP3dtjbv3UL3DHV2JEciQTnQ4K3sr,001b9930e2e52b5e899f8647be90716105f5114112d40c1b18de51b96e2b3a8b,946686330,946686326,4,1,0,0,44.9188,437,2
run4-tbt-3s,1,nazionale,3,none,true,12,440,37,1,m3,1LtuCHDRfFnaxMXGm2gmsN7NoezE7zExV3Cet8,8243,35,426,1.0,8243.0,78826.0,0.104572,0.000163502193,1.34774858,0.25982458,0.99999747,-0.5,1.500,4.4,4.4,-0.0,1,,0,3,3,0,0,m2,1WKxQntNgmP3dtjbv3UL3DHV2JEciQTnQ4K3sr,001b9930e2e52b5e899f8647be90716105f5114112d40c1b18de51b96e2b3a8b,946686330,946686326,4,1,0,0,39.4951,437,
run4-tbt-3s,1,nazionale,3,none,true,12,441,37,1,m1,1ETD6u7wdHS6P9D1mxb1Qx3Aapa2DwAyyZutL2,52503,36,438,1.0,52503.0,78826.0,0.666062,4.92934407e-05,2.58805352,0.07516621,0.97946459,-0.5,1.500,4.338,4.3384,0.0004,1,,0,2,2,0,0,m2,1WKxQntNgmP3dtjbv3UL3DHV2JEciQTnQ4K3sr,00c64675e022d4f3ec5f7c1e9eb5d06708eec99170c45af79c48f33b41728de6,946686335,946686330,3,1,0,0,7.4593,437,
run4-tbt-3s,1,nazionale,3,none,true,12,441,37,1,m2,1WKxQntNgmP3dtjbv3UL3DHV2JEciQTnQ4K3sr,18080,35,426,1.0,18080.0,78826.0,0.229366,1.64034975e-05,0.29657523,0.7433597,0.72555986,-0.5,1.500,3.577,3.5767,-0.0003,1,,1,1,1,1,1,m2,1WKxQntNgmP3dtjbv3UL3DHV2JEciQTnQ4K3sr,00c64675e022d4f3ec5f7c1e9eb5d06708eec99170c45af79c48f33b41728de6,946686335,946686330,3,1,0,0,44.9188,437,3
run4-tbt-3s,1,nazionale,3,none,true,12,441,37,1,m3,1LtuCHDRfFnaxMXGm2gmsN7NoezE7zExV3Cet8,8243,35,426,1.0,8243.0,78826.0,0.104572,0.000248549174,2.04879084,0.12889066,1.0,-0.5,1.500,4.4,4.4,-0.0,1,,0,3,3,0,0,m2,1WKxQntNgmP3dtjbv3UL3DHV2JEciQTnQ4K3sr,00c64675e022d4f3ec5f7c1e9eb5d06708eec99170c45af79c48f33b41728de6,946686335,946686330,3,1,0,0,39.4951,437,
run4-tbt-3s,1,nazionale,3,none,true,12,442,37,1,m1,1ETD6u7wdHS6P9D1mxb1Qx3Aapa2DwAyyZutL2,52503,36,438,1.0,52503.0,78826.0,0.666062,7.71641e-06,0.40513467,0.66688699,0.45569947,-0.667,1.500,2.734,2.7337,-0.0003,1,,1,1,1,1,1,m1,1ETD6u7wdHS6P9D1mxb1Qx3Aapa2DwAyyZutL2,006b5655cdd8f5526170a8a612992dfec19e12fca9ecf1af96f7883550511679,946686339,946686335,2,1,1,1,7.4593,437,1
run4-tbt-3s,1,nazionale,3,none,true,12,442,37,1,m2,1WKxQntNgmP3dtjbv3UL3DHV2JEciQTnQ4K3sr,18080,35,426,1.0,18080.0,78826.0,0.229366,4.11906449e-05,0.74472686,0.47486399,0.96110516,-0.667,1.500,4.25,4.2499,-0.0001,1,,0,3,3,0,0,m1,1ETD6u7wdHS6P9D1mxb1Qx3Aapa2DwAyyZutL2,006b5655cdd8f5526170a8a612992dfec19e12fca9ecf1af96f7883550511679,946686339,946686335,2,1,1,1,44.9188,437,
run4-tbt-3s,1,nazionale,3,none,true,12,442,37,1,m3,1LtuCHDRfFnaxMXGm2gmsN7NoezE7zExV3Cet8,8243,35,426,1.0,8243.0,78826.0,0.104572,1.72956035e-05,0.14256766,0.86712888,0.74419587,-0.667,1.500,3.599,3.5992,0.0002,1,,0,2,2,0,0,m1,1ETD6u7wdHS6P9D1mxb1Qx3Aapa2DwAyyZutL2,006b5655cdd8f5526170a8a612992dfec19e12fca9ecf1af96f7883550511679,946686339,946686335,2,1,1,1,39.4951,437,
run4-tbt-3s,1,nazionale,3,none,true,12,443,37,1,m1,1ETD6u7wdHS6P9D1mxb1Qx3Aapa2DwAyyZutL2,52503,36,438,1.0,52503.0,78826.0,0.666062,3.51431087e-05,1.84511864,0.15800657,0.93734994,-0.583,1.500,4.195,4.1954,0.0004,1,,1,2,2,0,0,m1,1ETD6u7wdHS6P9D1mxb1Qx3Aapa2DwAyyZutL2,0006a06c4b097fa4e4dad4db6221b850216099c5db01da17b40c36d35f84af00,946686343,946686339,4,1,1,1,7.4593,437,2
run4-tbt-3s,1,nazionale,3,none,true,12,443,37,1,m2,1WKxQntNgmP3dtjbv3UL3DHV2JEciQTnQ4K3sr,18080,35,426,1.0,18080.0,78826.0,0.229366,1.55302714e-05,0.28078731,0.75518894,0.70600402,-0.583,1.500,3.501,3.5014,0.0004,1,,0,1,1,1,1,m1,1ETD6u7wdHS6P9D1mxb1Qx3Aapa2DwAyyZutL2,0006a06c4b097fa4e4dad4db6221b850216099c5db01da17b40c36d35f84af00,946686343,946686339,4,1,1,1,44.9188,437,
run4-tbt-3s,1,nazionale,3,none,true,12,443,37,1,m3,1LtuCHDRfFnaxMXGm2gmsN7NoezE7zExV3Cet8,8243,35,426,1.0,8243.0,78826.0,0.104572,4.43045451e-05,0.36520237,0.69405618,0.96957072,-0.583,1.500,4.292,4.2921,0.0001,1,,0,3,3,0,0,m1,1ETD6u7wdHS6P9D1mxb1Qx3Aapa2DwAyyZutL2,0006a06c4b097fa4e4dad4db6221b850216099c5db01da17b40c36d35f84af00,946686343,946686339,4,1,1,1,39.4951,437,
run4-tbt-3s,1,nazionale,3,none,true,12,444,38,1,m1,1ETD6u7wdHS6P9D1mxb1Qx3Aapa2DwAyyZutL2,52503,36,438,1.0,52503.0,78826.0,0.666062,5.38592221e-05,2.82777074,0.05914456,0.98567153,-0.75,1.500,4.307,4.307,0.0,1,,1,1,1,1,1,m1,1ETD6u7wdHS6P9D1mxb1Qx3Aapa2DwAyyZutL2,003236a216bb52ca417662037e47e7028086dfa430cfd3404eb8d1a950e1595a,946686348,946686343,4,1,1,1,7.4593,437,3
run4-tbt-3s,1,nazionale,3,none,true,12,444,38,1,m2,1WKxQntNgmP3dtjbv3UL3DHV2JEciQTnQ4K3sr,18080,35,426,1.0,18080.0,78826.0,0.229366,0.000164927841,2.98189537,0.05069665,0.99999774,-0.75,1.500,4.35,4.35,-0.0,1,,0,3,2,0,0,m1,1ETD6u7wdHS6P9D1mxb1Qx3Aapa2DwAyyZutL2,003236a216bb52ca417662037e47e7028086dfa430cfd3404eb8d1a950e1595a,946686348,946686343,4,1,1,1,44.9188,437,
run4-tbt-3s,1,nazionale,3,none,true,12,444,38,1,m3,1LtuCHDRfFnaxMXGm2gmsN7NoezE7zExV3Cet8,8243,35,426,1.0,8243.0,78826.0,0.104572,0.000174835024,1.4411651,0.23665187,0.99999897,-0.75,1.500,4.35,4.35,-0.0,1,,0,2,3,0,0,m1,1ETD6u7wdHS6P9D1mxb1Qx3Aapa2DwAyyZutL2,003236a216bb52ca417662037e47e7028086dfa430cfd3404eb8d1a950e1595a,946686348,946686343,4,1,1,1,39.4951,437,
run4-tbt-3s,1,nazionale,3,none,true,12,445,38,1,m1,1ETD6u7wdHS6P9D1mxb1Qx3Aapa2DwAyyZutL2,52503,36,438,1.0,52503.0,78826.0,0.666062,8.73205521e-06,0.45845909,0.63225714,0.49757705,-1.0,1.500,2.793,2.7927,-0.0003,1,,1,1,1,1,1,m1,1ETD6u7wdHS6P9D1mxb1Qx3Aapa2DwAyyZutL2,0087b18a1f96a06c01911817347a41227b45cf08b7fc9d81ded3503c473a8744,946686351,946686348,2,1,0,0,6.933,445,4
run4-tbt-3s,1,nazionale,3,none,true,12,445,38,1,m2,1WKxQntNgmP3dtjbv3UL3DHV2JEciQTnQ4K3sr,18080,35,426,1.0,18080.0,78826.0,0.229366,3.33115065e-05,0.60227204,0.54756613,0.9276191,-1.0,1.500,4.083,4.0829,-0.0001,1,,0,2,2,0,0,m1,1ETD6u7wdHS6P9D1mxb1Qx3Aapa2DwAyyZutL2,0087b18a1f96a06c01911817347a41227b45cf08b7fc9d81ded3503c473a8744,946686351,946686348,2,1,0,0,19.0622,445,
run4-tbt-3s,1,nazionale,3,none,true,12,445,38,1,m3,1LtuCHDRfFnaxMXGm2gmsN7NoezE7zExV3Cet8,8243,35,426,1.0,8243.0,78826.0,0.104572,9.26372192e-05,0.7636086,0.46598185,0.99932596,-1.0,1.500,4.298,4.298,-0.0,1,,0,3,3,0,0,m1,1ETD6u7wdHS6P9D1mxb1Qx3Aapa2DwAyyZutL2,0087b18a1f96a06c01911817347a41227b45cf08b7fc9d81ded3503c473a8744,946686351,946686348,2,1,0,0,31.9511,445,
run4-tbt-3s,1,nazionale,3,none,true,12,446,38,1,m1,1ETD6u7wdHS6P9D1mxb1Qx3Aapa2DwAyyZutL2,52503,36,438,1.0,52503.0,78826.0,0.666062,2.02239456e-07,0.01061818,0.989438,0.01581533,-0.833,1.500,1.381,1.3808,-0.0002,1,,1,1,1,1,1,m1,1ETD6u7wdHS6P9D1mxb1Qx3Aapa2DwAyyZutL2,002c2256381d5ab746823dc3718ba3eeb8cf5e98d4b31ca43f0f69a8f8dd3a13,946686353,946686351,1,1,0,0,6.933,445,5
run4-tbt-3s,1,nazionale,3,none,true,12,446,38,1,m2,1WKxQntNgmP3dtjbv3UL3DHV2JEciQTnQ4K3sr,18080,35,426,1.0,18080.0,78826.0,0.229366,7.08791535e-05,1.2814951,0.27762192,0.9962542,-0.833,1.500,4.322,4.3222,0.0002,1,,0,3,3,0,0,m1,1ETD6u7wdHS6P9D1mxb1Qx3Aapa2DwAyyZutL2,002c2256381d5ab746823dc3718ba3eeb8cf5e98d4b31ca43f0f69a8f8dd3a13,946686353,946686351,1,1,0,0,19.0622,445,
run4-tbt-3s,1,nazionale,3,none,true,12,446,38,1,m3,1LtuCHDRfFnaxMXGm2gmsN7NoezE7zExV3Cet8,8243,35,426,1.0,8243.0,78826.0,0.104572,2.06279924e-06,0.01700365,0.98314009,0.15007079,-0.833,1.500,1.784,1.7836,-0.0004,1,,0,2,2,0,0,m1,1ETD6u7wdHS6P9D1mxb1Qx3Aapa2DwAyyZutL2,002c2256381d5ab746823dc3718ba3eeb8cf5e98d4b31ca43f0f69a8f8dd3a13,946686353,946686351,1,1,0,0,31.9511,445,
run4-tbt-3s,1,nazionale,3,none,true,12,447,38,1,m1,1ETD6u7wdHS6P9D1mxb1Qx3Aapa2DwAyyZutL2,52503,36,438,1.0,52503.0,78826.0,0.666062,1.38808644e-05,0.72878702,0.48249389,0.66518362,-0.667,1.500,3.362,3.3622,0.0002,1,,1,1,1,1,1,m1,1ETD6u7wdHS6P9D1mxb1Qx3Aapa2DwAyyZutL2,004810f05d8a124788bc69de3b877f3f64344f548c7ff217c8686d960faac7a3,946686358,946686353,3,1,0,0,6.933,445,6
run4-tbt-3s,1,nazionale,3,none,true,12,447,38,1,m2,1WKxQntNgmP3dtjbv3UL3DHV2JEciQTnQ4K3sr,18080,35,426,1.0,18080.0,78826.0,0.229366,7.23322476e-05,1.30776704,0.27042323,0.99665959,-0.667,1.500,4.357,4.3566,-0.0004,1,,0,2,2,0,0,m1,1ETD6u7wdHS6P9D1mxb1Qx3Aapa2DwAyyZutL2,004810f05d8a124788bc69de3b877f3f64344f548c7ff217c8686d960faac7a3,946686358,946686353,3,1,0,0,19.0622,445,
run4-tbt-3s,1,nazionale,3,none,true,12,447,38,1,m3,1LtuCHDRfFnaxMXGm2gmsN7NoezE7zExV3Cet8,8243,35,426,1.0,8243.0,78826.0,0.104572,0.000426275694,3.51379055,0.0297838,1.0,-0.667,1.500,4.367,4.3666,-0.0004,1,,0,3,3,0,0,m1,1ETD6u7wdHS6P9D1mxb1Qx3Aapa2DwAyyZutL2,004810f05d8a124788bc69de3b877f3f64344f548c7ff217c8686d960faac7a3,946686358,946686353,3,1,0,0,31.9511,445,
run4-tbt-3s,1,nazionale,3,none,true,12,448,38,1,m1,1ETD6u7wdHS6P9D1mxb1Qx3Aapa2DwAyyZutL2,52503,36,438,1.0,52503.0,78826.0,0.666062,1.03818146e-05,0.54507641,0.57979748,0.55884409,-0.75,1.500,3.027,3.0265,-0.0005,1,,1,2,2,0,0,m1,1ETD6u7wdHS6P9D1mxb1Qx3Aapa2DwAyyZutL2,00233debc100ebe5ee02ac19a8f1ddb73a1447fc0ead1119a4c8a976e3f1d211,946686361,946686358,3,1,0,0,6.933,445,7
run4-tbt-3s,1,nazionale,3,none,true,12,448,38,1,m2,1WKxQntNgmP3dtjbv3UL3DHV2JEciQTnQ4K3sr,18080,35,426,1.0,18080.0,78826.0,0.229366,6.74577041e-06,0.12196353,0.88518065,0.41241955,-0.75,1.500,2.587,2.5873,0.0003,1,,0,1,1,1,1,m1,1ETD6u7wdHS6P9D1mxb1Qx3Aapa2DwAyyZutL2,00233debc100ebe5ee02ac19a8f1ddb73a1447fc0ead1119a4c8a976e3f1d211,946686361,946686358,3,1,0,0,19.0622,445,
run4-tbt-3s,1,nazionale,3,none,true,12,448,38,1,m3,1LtuCHDRfFnaxMXGm2gmsN7NoezE7zExV3Cet8,8243,35,426,1.0,8243.0,78826.0,0.104572,0.000101040586,0.83287755,0.43479634,0.99965246,-0.75,1.500,4.349,4.349,-0.0,1,,0,3,3,0,0,m1,1ETD6u7wdHS6P9D1mxb1Qx3Aapa2DwAyyZutL2,00233debc100ebe5ee02ac19a8f1ddb73a1447fc0ead1119a4c8a976e3f1d211,946686361,946686358,3,1,0,0,31.9511,445,
run4-tbt-3s,1,nazionale,3,none,true,12,449,38,1,m1,1ETD6u7wdHS6P9D1mxb1Qx3Aapa2DwAyyZutL2,52503,36,438,1.0,52503.0,78826.0,0.666062,1.56010621e-07,0.00819103,0.99184243,0.01222239,-0.75,1.500,1.387,1.3867,-0.0003,1,,1,1,1,1,1,m1,1ETD6u7wdHS6P9D1mxb1Qx3Aapa2DwAyyZutL2,00ca195cf929df47e3210ecf81a1c640af2e6b1852260bc9d6c81173f8bb5116,946686363,946686361,1,1,0,0,6.933,445,8
run4-tbt-3s,1,nazionale,3,none,true,12,449,38,1,m2,1WKxQntNgmP3dtjbv3UL3DHV2JEciQTnQ4K3sr,18080,35,426,1.0,18080.0,78826.0,0.229366,2.18735868e-05,0.39547445,0.67336049,0.82168566,-0.75,1.500,3.815,3.8151,0.0001,1,,0,2,2,0,0,m1,1ETD6u7wdHS6P9D1mxb1Qx3Aapa2DwAyyZutL2,00ca195cf929df47e3210ecf81a1c640af2e6b1852260bc9d6c81173f8bb5116,946686363,946686361,1,1,0,0,19.0622,445,
run4-tbt-3s,1,nazionale,3,none,true,12,449,38,1,m3,1LtuCHDRfFnaxMXGm2gmsN7NoezE7zExV3Cet8,8243,35,426,1.0,8243.0,78826.0,0.104572,0.000120738773,0.99524971,0.36963113,0.99992644,-0.75,1.500,4.35,4.3498,-0.0002,1,,0,3,3,0,0,m1,1ETD6u7wdHS6P9D1mxb1Qx3Aapa2DwAyyZutL2,00ca195cf929df47e3210ecf81a1c640af2e6b1852260bc9d6c81173f8bb5116,946686363,946686361,1,1,0,0,31.9511,445,
run4-tbt-3s,1,nazionale,3,none,true,12,450,38,1,m1,1ETD6u7wdHS6P9D1mxb1Qx3Aapa2DwAyyZutL2,52503,36,438,1.0,52503.0,78826.0,0.666062,1.38148919e-05,0.72532327,0.48416803,0.66343792,-0.75,1.500,3.34,3.3403,0.0003,1,,1,1,1,1,1,m1,1ETD6u7wdHS6P9D1mxb1Qx3Aapa2DwAyyZutL2,001cc3d5d95da4b213b617913d7f0d4ba3580a2dbc9ec63625ca136edabf6839,946686368,946686363,3,1,0,0,6.933,445,9
run4-tbt-3s,1,nazionale,3,none,true,12,450,38,1,m2,1WKxQntNgmP3dtjbv3UL3DHV2JEciQTnQ4K3sr,18080,35,426,1.0,18080.0,78826.0,0.229366,4.02785534e-05,0.72823625,0.48275971,0.95820578,-0.75,1.500,4.225,4.2246,-0.0004,1,,0,2,2,0,0,m1,1ETD6u7wdHS6P9D1mxb1Qx3Aapa2DwAyyZutL2,001cc3d5d95da4b213b617913d7f0d4ba3580a2dbc9ec63625ca136edabf6839,946686368,946686363,3,1,0,0,19.0622,445,
run4-tbt-3s,1,nazionale,3,none,true,12,450,38,1,m3,1LtuCHDRfFnaxMXGm2gmsN7NoezE7zExV3Cet8,8243,35,426,1.0,8243.0,78826.0,0.104572,0.000126402395,1.04193494,0.35277143,0.99995293,-0.75,1.500,4.35,4.3499,-0.0001,1,,0,3,3,0,0,m1,1ETD6u7wdHS6P9D1mxb1Qx3Aapa2DwAyyZutL2,001cc3d5d95da4b213b617913d7f0d4ba3580a2dbc9ec63625ca136edabf6839,946686368,946686363,3,1,0,0,31.9511,445,
run4-tbt-3s,1,nazionale,3,none,true,12,451,38,1,m1,1ETD6u7wdHS6P9D1mxb1Qx3Aapa2DwAyyZutL2,52503,36,438,1.0,52503.0,76218.0,0.688853,9.83311012e-06,0.51626778,0.59674357,0.52737829,-0.833,1.500,2.915,2.9155,0.0005,1,,1,1,1,1,1,m1,1ETD6u7wdHS6P9D1mxb1Qx3Aapa2DwAyyZutL2,00b90030dff70c88a9404e49c9e527260db0524180b6fb64d014860ad0fa1419,946686371,946686368,2,1,0,0,6.933,445,10
run4-tbt-3s,1,nazionale,3,none,true,12,451,38,1,m2,1WKxQntNgmP3dtjbv3UL3DHV2JEciQTnQ4K3sr,17889,37,450,1.0,17889.0,76218.0,0.234708,3.16888967e-05,0.56688267,0.56729112,0.91065628,-0.833,1.500,4.065,4.0654,0.0004,1,,0,2,2,0,0,m1,1ETD6u7wdHS6P9D1mxb1Qx3Aapa2DwAyyZutL2,00b90030dff70c88a9404e49c9e527260db0524180b6fb64d014860ad0fa1419,946686371,946686368,2,1,0,0,19.0622,445,
run4-tbt-3s,1,nazionale,3,none,true,12,451,38,1,m3,1LtuCHDRfFnaxMXGm2gmsN7NoezE7zExV3Cet8,5826,37,450,1.0,5826.0,76218.0,0.076439,0.000197365572,1.14985182,0.31668369,0.99999971,-0.833,1.500,4.333,4.3334,0.0004,1,,0,3,3,0,0,m1,1ETD6u7wdHS6P9D1mxb1Qx3Aapa2DwAyyZutL2,00b90030dff70c88a9404e49c9e527260db0524180b6fb64d014860ad0fa1419,946686371,946686368,2,1,0,0,31.9511,445,
run4-tbt-3s,1,nazionale,3,none,true,12,452,38,1,m1,1ETD6u7wdHS6P9D1mxb1Qx3Aapa2DwAyyZutL2,52503,36,438,1.0,52503.0,76218.0,0.688853,4.71727527e-06,0.2476711,0.78061664,0.30200357,-0.75,1.500,2.256,2.256,0.0,1,,1,1,1,1,1,m1,1ETD6u7wdHS6P9D1mxb1Qx3Aapa2DwAyyZutL2,00c27615396969ea1b0eadfcdeb7c05d88ea733305469ce028a41eb9d4cf74e3,946686374,946686371,2,1,0,0,6.933,445,11
run4-tbt-3s,1,nazionale,3,none,true,12,452,38,1,m2,1WKxQntNgmP3dtjbv3UL3DHV2JEciQTnQ4K3sr,17889,37,450,1.0,17889.0,76218.0,0.234708,7.86620712e-05,1.40718579,0.24483132,0.99750998,-0.75,1.500,4.343,4.3425,-0.0005,1,,0,3,3,0,0,m1,1ETD6u7wdHS6P9D1mxb1Qx3Aapa2DwAyyZutL2,00c27615396969ea1b0eadfcdeb7c05d88ea733305469ce028a41eb9d4cf74e3,946686374,946686371,2,1,0,0,19.0622,445,
run4-tbt-3s,1,nazionale,3,none,true,12,452,38,1,m3,1LtuCHDRfFnaxMXGm2gmsN7NoezE7zExV3Cet8,5826,37,450,1.0,5826.0,76218.0,0.076439,2.89434454e-05,0.16862451,0.84482607,0.88986094,-0.75,1.500,4.02,4.0196,-0.0004,1,,0,2,2,0,0,m1,1ETD6u7wdHS6P9D1mxb1Qx3Aapa2DwAyyZutL2,00c27615396969ea1b0eadfcdeb7c05d88ea733305469ce028a41eb9d4cf74e3,946686374,946686371,2,1,0,0,31.9511,445,
run4-tbt-3s,1,nazionale,3,none,true,12,453,38,1,m1,1ETD6u7wdHS6P9D1mxb1Qx3Aapa2DwAyyZutL2,52503,36,438,1.0,52503.0,76218.0,0.688853,2.28769666e-05,1.20110938,0.30086026,0.82511674,-0.667,1.500,3.842,3.842,-0.0,1,,1,1,1,1,1,m1,1ETD6u7wdHS6P9D1mxb1Qx3Aapa2DwAyyZutL2,00bb3bef45dddaf7829bdb8d3c07404f97babc517d313a517f1bd2e6130fc609,946686379,946686374,3,1,0,0,108.284,453,12
run4-tbt-3s,1,nazionale,3,none,true,12,453,38,1,m2,1WKxQntNgmP3dtjbv3UL3DHV2JEciQTnQ4K3sr,17889,37,450,1.0,17889.0,76218.0,0.234708,2.99964579e-05,0.53660664,0.58472909,0.89835511,-0.667,1.500,4.062,4.0617,-0.0003,1,,0,2,2,0,0,m1,1ETD6u7wdHS6P9D1mxb1Qx3Aapa2DwAyyZutL2,00bb3bef45dddaf7829bdb8d3c07404f97babc517d313a517f1bd2e6130fc609,946686379,946686374,3,1,0,0,118.9272,453,
run4-tbt-3s,1,nazionale,3,none,true,12,453,38,1,m3,1LtuCHDRfFnaxMXGm2gmsN7NoezE7zExV3Cet8,5826,37,450,1.0,5826.0,76218.0,0.076439,0.000297647567,1.73409473,0.17655996,1.0,-0.667,1.500,4.367,4.3666,-0.0004,1,,0,3,3,0,0,m1,1ETD6u7wdHS6P9D1mxb1Qx3Aapa2DwAyyZutL2,00bb3bef45dddaf7829bdb8d3c07404f97babc517d313a517f1bd2e6130fc609,946686379,946686374,3,1,0,0,31.8453,453,
run4-tbt-3s,1,nazionale,3,none,true,12,454,38,1,m1,1ETD6u7wdHS6P9D1mxb1Qx3Aapa2DwAyyZutL2,52503,36,438,1.0,52503.0,76218.0,0.688853,3.94126219e-05,2.06928089,0.12627656,0.95040926,-0.667,1.500,4.218,4.2178,-0.0002,1,,1,1,1,1,1,m1,1ETD6u7wdHS6P9D1mxb1Qx3Aapa2DwAyyZutL2,00508923c0a147fca8b007dfd51dcffc0da9c9a34b2d5dfa6a7731fb6ab8c72f,946686383,946686379,4,1,0,0,108.284,453,13
run4-tbt-3s,1,nazionale,3,none,true,12,454,38,1,m2,1WKxQntNgmP3dtjbv3UL3DHV2JEciQTnQ4K3sr,17889,37,450,1.0,17889.0,76218.0,0.234708,0.000106006337,1.89634736,0.15011594,0.9996902,-0.667,1.500,4.366,4.3657,-0.0003,1,,0,3,3,0,0,m1,1ETD6u7wdHS6P9D1mxb1Qx3Aapa2DwAyyZutL2,00508923c0a147fca8b007dfd51dcffc0da9c9a34b2d5dfa6a7731fb6ab8c72f,946686383,946686379,4,1,0,0,118.9272,453,
run4-tbt-3s,1,nazionale,3,none,true,12,454,38,1,m3,1LtuCHDRfFnaxMXGm2gmsN7NoezE7zExV3Cet8,5826,37,450,1.0,5826.0,76218.0,0.076439,6.99978394e-05,0.40780741,0.66510696,0.99518055,-0.667,1.500,4.352,4.3521,0.0001,1,,0,2,2,0,0,m1,1ETD6u7wdHS6P9D1mxb1Qx3Aapa2DwAyyZutL2,00508923c0a147fca8b007dfd51dcffc0da9c9a34b2d5dfa6a7731fb6ab8c72f,946686383,946686379,4,1,0,0,31.8453,453,
run4-tbt-3s,1,nazionale,3,none,true,12,455,38,1,m1,1ETD6u7wdHS6P9D1mxb1Qx3Aapa2DwAyyZutL2,52503,36,438,1.0,52503.0,76218.0,0.688853,8.96952014e-06,0.47092672,0.62442334,0.49522318,-0.667,1.500,2.852,2.8523,0.0003,1,,1,1,1,1,1,m1,1ETD6u7wdHS6P9D1mxb1Qx3Aapa2DwAyyZutL2,00d5ea14a5694156ff401a8f8bfee47b6e79d8d837bc40529bab90e87245a41e,946686386,946686383,2,1,0,0,108.284,453,14
run4-tbt-3s,1,nazionale,3,none,true,12,455,38,1,m2,1WKxQntNgmP3dtjbv3UL3DHV2JEciQTnQ4K3sr,17889,37,450,1.0,17889.0,76218.0,0.234708,2.68468192e-05,0.48026275,0.61862083,0.87077638,-0.667,1.500,3.979,3.9789,-0.0001,1,,0,2,2,0,0,m1,1ETD6u7wdHS6P9D1mxb1Qx3Aapa2DwAyyZutL2,00d5ea14a5694156ff401a8f8bfee47b6e79d8d837bc40529bab90e87245a41e,946686386,946686383,2,1,0,0,118.9272,453,
run4-tbt-3s,1,nazionale,3,none,true,12,455,38,1,m3,1LtuCHDRfFnaxMXGm2gmsN7NoezE7zExV3Cet8,5826,37,450,1.0,5826.0,76218.0,0.076439,0.000137586672,0.80157995,0.44861961,0.99997209,-0.667,1.500,4.367,4.3665,-0.0005,1,,0,3,3,0,0,m1,1ETD6u7wdHS6P9D1mxb1Qx3Aapa2DwAyyZutL2,00d5ea14a5694156ff401a8f8bfee47b6e79d8d837bc40529bab90e87245a41e,946686386,946686383,2,1,0,0,31.8453,453,
run4-tbt-3s,1,nazionale,3,none,true,12,456,39,1,m1,1ETD6u7wdHS6P9D1mxb1Qx3Aapa2DwAyyZutL2,52503,36,438,1.0,52503.0,76218.0,0.688853,1.51784107e-05,0.7969121,0.45071859,0.68553047,-0.583,1.500,3.44,3.44,-0.0,1,,0,2,2,0,0,m2,1WKxQntNgmP3dtjbv3UL3DHV2JEciQTnQ4K3sr,00b5c8dca8b1108fea12a35f5d8e949acdb309d961c5db2cae78217c8627d9bf,946686390,946686386,2,1,0,0,108.284,453,
run4-tbt-3s,1,nazionale,3,none,true,12,456,39,1,m2,1WKxQntNgmP3dtjbv3UL3DHV2JEciQTnQ4K3sr,17889,37,450,1.0,17889.0,76218.0,0.234708,3.52415023e-06,0.06304352,0.93890261,0.23555384,-0.583,1.500,2.09,2.0901,0.0001,1,,1,1,1,1,1,m2,1WKxQntNgmP3dtjbv3UL3DHV2JEciQTnQ4K3sr,00b5c8dca8b1108fea12a35f5d8e949acdb309d961c5db2cae78217c8627d9bf,946686390,946686386,2,1,0,0,118.9272,453,1
run4-tbt-3s,1,nazionale,3,none,true,12,456,39,1,m3,1LtuCHDRfFnaxMXGm2gmsN7NoezE7zExV3Cet8,5826,37,450,1.0,5826.0,76218.0,0.076439,0.000318612389,1.85623578,0.15625972,1.0,-0.583,1.500,4.383,4.3834,0.0004,1,,0,3,3,0,0,m2,1WKxQntNgmP3dtjbv3UL3DHV2JEciQTnQ4K3sr,00b5c8dca8b1108fea12a35f5d8e949acdb309d961c5db2cae78217c8627d9bf,946686390,946686386,2,1,0,0,31.8453,453,
run4-tbt-3s,1,nazionale,3,none,true,12,457,39,1,m1,1ETD6u7wdHS6P9D1mxb1Qx3Aapa2DwAyyZutL2,52503,36,438,1.0,52503.0,76218.0,0.688853,1.26076198e-05,0.66193786,0.51585072,0.61746211,-0.5,1.500,3.252,3.2524,0.0004,1,,1,1,1,1,1,m1,1ETD6u7wdHS6P9D1mxb1Qx3Aapa2DwAyyZutL2,00c429c621234b8c1e6cdab4fbf01f4aa71f4e0a9dc0dcb07c477fe015fda88b,946686394,946686390,3,1,1,1,108.284,453,1
run4-tbt-3s,1,nazionale,3,none,true,12,457,39,1,m2,1WKxQntNgmP3dtjbv3UL3DHV2JEciQTnQ4K3sr,17889,37,450,1.0,17889.0,76218.0,0.234708,1.88847084e-05,0.33782855,0.71331758,0.7629193,-0.5,1.500,3.689,3.6888,-0.0002,1,,0,2,2,0,0,m1,1ETD6u7wdHS6P9D1mxb1Qx3Aapa2DwAyyZutL2,00c429c621234b8c1e6cdab4fbf01f4aa71f4e0a9dc0dcb07c477fe015fda88b,946686394,946686390,3,1,1,1,118.9272,453,
run4-tbt-3s,1,nazionale,3,none,true,12,457,39,1,m3,1LtuCHDRfFnaxMXGm2gmsN7NoezE7zExV3Cet8,5826,37,450,1.0,5826.0,76218.0,0.076439,4.2177689e-05,0.24572722,0.78213555,0.95983258,-0.5,1.500,4.279,4.2795,0.0005,1,,0,3,3,0,0,m1,1ETD6u7wdHS6P9D1mxb1Qx3Aapa2DwAyyZutL2,00c429c621234b8c1e6cdab4fbf01f4aa71f4e0a9dc0dcb07c477fe015fda88b,946686394,946686390,3,1,1,1,31.8453,453,
run4-tbt-3s,1,nazionale,3,none,true,12,458,39,1,m1,1ETD6u7wdHS6P9D1mxb1Qx3Aapa2DwAyyZutL2,52503,36,438,1.0,52503.0,76218.0,0.688853,3.32367386e-07,0.01745028,0.98270109,0.02501421,-0.583,1.500,1.458,1.4584,0.0004,1,,1,1,1,1,1,m1,1ETD6u7wdHS6P9D1mxb1Qx3Aapa2DwAyyZutL2,00e321e3c1ad30eab917a7fd7062343c5755fa0a44af7c3f94f7afcc5c050d23,946686396,946686394,1,1,1,1,108.284,453,2
run4-tbt-3s,1,nazionale,3,none,true,12,458,39,1,m2,1WKxQntNgmP3dtjbv3UL3DHV2JEciQTnQ4K3sr,17889,37,450,1.0,17889.0,76218.0,0.234708,3.66885968e-06,0.06563223,0.93647521,0.24393895,-0.583,1.500,2.115,2.1152,0.0002,1,,0,2,2,0,0,m1,1ETD6u7wdHS6P9D1mxb1Qx3Aapa2DwAyyZutL2,00e321e3c1ad30eab917a7fd7062343c5755fa0a44af7c3f94f7afcc5c050d23,946686396,946686394,1,1,1,1,118.9272,453,
run4-tbt-3s,1,nazionale,3,none,true,12,458,39,1,m3,1LtuCHDRfFnaxMXGm2gmsN7NoezE7zExV3Cet8,5826,37,450,1.0,5826.0,76218.0,0.076439,0.000563271898,3.28162208,0.03756727,1.0,-0.583,1.500,4.383,4.3834,0.0004,1,,0,3,3,0,0,m1,1ETD6u7wdHS6P9D1mxb1Qx3Aapa2DwAyyZutL2,00e321e3c1ad30eab917a7fd7062343c5755fa0a44af7c3f94f7afcc5c050d23,946686396,946686394,1,1,1,1,31.8453,453,
run4-tbt-3s,1,nazionale,3,none,true,12,459,39,1,m1,1ETD6u7wdHS6P9D1mxb1Qx3Aapa2DwAyyZutL2,52503,36,438,1.0,52503.0,76218.0,0.688853,2.96077121e-07,0.01554494,0.98457526,0.02231369,-0.583,1.500,1.45,1.4503,0.0003,1,,1,1,1,1,1,m1,1ETD6u7wdHS6P9D1mxb1Qx3Aapa2DwAyyZutL2,007a0c5933eac98c3ad367df4fc42652be873c9ed3579452faed57ff68492935,946686398,946686396,1,1,0,0,108.284,453,3
run4-tbt-3s,1,nazionale,3,none,true,12,459,39,1,m2,1WKxQntNgmP3dtjbv3UL3DHV2JEciQTnQ4K3sr,17889,37,450,1.0,17889.0,76218.0,0.234708,7.99602586e-05,1.43040907,0.23921105,0.99774456,-0.583,1.500,4.377,4.3766,-0.0004,1,,0,3,3,0,0,m1,1ETD6u7wdHS6P9D1mxb1Qx3Aapa2DwAyyZutL2,007a0c5933eac98c3ad367df4fc42652be873c9ed3579452faed57ff68492935,946686398,946686396,1,1,0,0,118.9272,453,
run4-tbt-3s,1,nazionale,3,none,true,12,459,39,1,m3,1LtuCHDRfFnaxMXGm2gmsN7NoezE7zExV3Cet8,5826,37,450,1.0,5826.0,76218.0,0.076439,6.16561947e-05,0.35920899,0.69822841,0.99089846,-0.583,1.500,4.356,4.3561,0.0001,1,,0,2,2,0,0,m1,1ETD6u7wdHS6P9D1mxb1Qx3Aapa2DwAyyZutL2,007a0c5933eac98c3ad367df4fc42652be873c9ed3579452faed57ff68492935,946686398,946686396,1,1,0,0,31.8453,453,
run4-tbt-3s,1,nazionale,3,none,true,12,460,39,1,m1,1ETD6u7wdHS6P9D1mxb1Qx3Aapa2DwAyyZutL2,52503,36,438,1.0,52503.0,76218.0,0.688853,1.44006537e-05,0.75607752,0.46950444,0.6663254,-0.333,1.500,3.432,3.4324,0.0004,1,,1,1,1,1,1,m1,1ETD6u7wdHS6P9D1mxb1Qx3Aapa2DwAyyZutL2,00635462197acce710260f9de2c2aa428bd3fdc76df9011462f3c58895aa1095,946686403,946686398,3,1,0,0,108.284,453,4
run4-tbt-3s,1,nazionale,3,none,true,12,460,39,1,m2,1WKxQntNgmP3dtjbv3UL3DHV2JEciQTnQ4K3sr,17889,37,450,1.0,17889.0,76218.0,0.234708,2.96891226e-05,0.53110871,0.58795274,0.89594603,-0.333,1.500,4.121,4.1212,0.0002,1,,0,2,2,0,0,m1,1ETD6u7wdHS6P9D1mxb1Qx3Aapa2DwAyyZutL2,00635462197acce710260f9de2c2aa428bd3fdc76df9011462f3c58895aa1095,946686403,946686398,3,1,0,0,118.9272,453,
run4-tbt-3s,1,nazionale,3,none,true,12,460,39,1,m3,1LtuCHDRfFnaxMXGm2gmsN7NoezE7zExV3Cet8,5826,37,450,1.0,5826.0,76218.0,0.076439,0.000102761244,0.59868701,0.54953269,0.99960327,-0.333,1.500,4.432,4.4322,0.0002,1,,0,3,3,0,0,m1,1ETD6u7wdHS6P9D1mxb1Qx3Aapa2DwAyyZutL2,00635462197acce710260f9de2c2aa428bd3fdc76df9011462f3c58895aa1095,946686403,946686398,3,1,0,0,31.8453,453,
run4-tbt-3s,1,nazionale,3,none,true,12,461,39,1,m1,1ETD6u7wdHS6P9D1mxb1Qx3Aapa2DwAyyZutL2,52503,36,438,1.0,52503.0,76218.0,0.688853,2.97752952e-05,1.56329232,0.20944537,0.8966272,-0.5,1.500,4.09,4.0899,-0.0001,1,,1,1,1,1,1,m1,1ETD6u7wdHS6P9D1mxb1Qx3Aapa2DwAyyZutL2,0059b6d69aa4125f7fa89bf3099674b65bea867c3f642435b3348d8202ba11c6,946686407,946686403,4,1,0,0,108.284,453,5
run4-tbt-3s,1,nazionale,3,none,true,12,461,39,1,m2,1WKxQntNgmP3dtjbv3UL3DHV2JEciQTnQ4K3sr,17889,37,450,1.0,17889.0,76218.0,0.234708,6.30392521e-05,1.12770918,0.32377412,0.99180905,-0.5,1.500,4.375,4.3754,0.0004,1,,0,2,2,0,0,m1,1ETD6u7wdHS6P9D1mxb1Qx3Aapa2DwAyyZutL2,0059b6d69aa4125f7fa89bf3099674b65bea867c3f642435b3348d8202ba11c6,946686407,946686403,4,1,0,0,118.9272,453,
run4-tbt-3s,1,nazionale,3,none,true,12,461,39,1,m3,1LtuCHDRfFnaxMXGm2gmsN7NoezE7zExV3Cet8,5826,37,450,1.0,5826.0,76218.0,0.076439,0.000174912756,1.01904172,0.36094066,0.99999838,-0.5,1.500,4.4,4.4,-0.0,1,,0,3,3,0,0,m1,1ETD6u7wdHS6P9D1mxb1Qx3Aapa2DwAyyZutL2,0059b6d69aa4125f7fa89bf3099674b65bea867c3f642435b3348d8202ba11c6,946686407,946686403,4,1,0,0,31.8453,453,
run4-tbt-3s,1,nazionale,3,none,true,12,462,39,1,m1,1ETD6u7wdHS6P9D1mxb1Qx3Aapa2DwAyyZutL2,52503,36,438,1.0,52503.0,76218.0,0.688853,1.35901108e-05,0.71352159,0.48991587,0.64506161,-0.667,1.500,3.302,3.3018,-0.0002,1,,1,1,1,1,1,m1,1ETD6u7wdHS6P9D1mxb1Qx3Aapa2DwAyyZutL2,00d28fbef8c30f60497360c023d3e88d2a47037b4312a3a88526059bfad46831,946686412,946686407,3,1,0,0,7.5769,462,6
run4-tbt-3s,1,nazionale,3,none,true,12,462,39,1,m2,1WKxQntNgmP3dtjbv3UL3DHV2JEciQTnQ4K3sr,17889,37,450,1.0,17889.0,76218.0,0.234708,2.25881076e-05,0.40407866,0.66759161,0.82122377,-0.667,1.500,3.83,3.8303,0.0003,1,,0,2,2,0,0,m1,1ETD6u7wdHS6P9D1mxb1Qx3Aapa2DwAyyZutL2,00d28fbef8c30f60497360c023d3e88d2a47037b4312a3a88526059bfad46831,946686412,946686407,3,1,0,0,48.7587,462,
run4-tbt-3s,1,nazionale,3,none,true,12,462,39,1,m3,1LtuCHDRfFnaxMXGm2gmsN7NoezE7zExV3Cet8,5826,37,450,1.0,5826.0,76218.0,0.076439,0.000260232348,1.51611366,0.21956353,1.0,-0.667,1.500,4.367,4.3666,-0.0004,1,,0,3,3,0,0,m1,1ETD6u7wdHS6P9D1mxb1Qx3Aapa2DwAyyZutL2,00d28fbef8c30f60497360c023d3e88d2a47037b4312a3a88526059bfad46831,946686412,946686407,3,1,0,0,25.7252,462,
run4-tbt-3s,1,nazionale,3,none,true,12,463,39,1,m1,1ETD6u7wdHS6P9D1mxb1Qx3Aapa2DwAyyZutL2,35848,38,462,1.0,35848.0,57841.0,0.619768,9.25622632e-05,3.31817201,0.03621898,0.9952703,-0.667,1.500,4.352,4.3524,0.0004,1,,0,3,3,0,0,m3,1LtuCHDRfFnaxMXGm2gmsN7NoezE7zExV3Cet8,006540588e0df6b6e314f24c103e8da9bea9af85c408dcae399f30a4909fbe39,946686416,946686412,2,1,1,1,7.5769,462,
run4-tbt-3s,1,nazionale,3,none,true,12,463,39,1,m2,1WKxQntNgmP3dtjbv3UL3DHV2JEciQTnQ4K3sr,15454,38,462,1.0,15454.0,57841.0,0.267181,8.71352169e-06,0.13465876,0.87401411,0.3958899,-0.667,1.500,2.554,2.5543,0.0003,1,,0,1,1,1,1,m3,1LtuCHDRfFnaxMXGm2gmsN7NoezE7zExV3Cet8,006540588e0df6b6e314f24c103e8da9bea9af85c408dcae399f30a4909fbe39,946686416,946686412,2,1,1,1,48.7587,462,
run4-tbt-3s,1,nazionale,3,none,true,12,463,39,1,m3,1LtuCHDRfFnaxMXGm2gmsN7NoezE7zExV3Cet8,6539,38,462,1.0,6539.0,57841.0,0.113051,9.33994887e-06,0.06107393,0.94075369,0.41738692,-0.667,1.500,2.619,2.6188,-0.0002,1,,1,2,2,0,0,m3,1LtuCHDRfFnaxMXGm2gmsN7NoezE7zExV3Cet8,006540588e0df6b6e314f24c103e8da9bea9af85c408dcae399f30a4909fbe39,946686416,946686412,2,1,1,1,25.7252,462,1
run4-tbt-3s,1,nazionale,3,none,true,12,464,39,1,m1,1ETD6u7wdHS6P9D1mxb1Qx3Aapa2DwAyyZutL2,35848,38,462,1.0,35848.0,57841.0,0.619768,4.34386942e-05,1.55719031,0.21072732,0.91893772,-0.75,1.500,4.107,4.1068,-0.0002,1,,0,1,1,1,1,m3,1LtuCHDRfFnaxMXGm2gmsN7NoezE7zExV3Cet8,00ad7940040216f085678a3203ce1ca79238ff2ed165c0856a3355f90334aca9,946686420,946686416,4,1,0,0,7.5769,462,
run4-tbt-3s,1,nazionale,3,none,true,12,464,39,1,m2,1WKxQntNgmP3dtjbv3UL3DHV2JEciQTnQ4K3sr,15454,38,462,1.0,15454.0,57841.0,0.267181,0.00015867858,2.45221878,0.08610233,0.99989673,-0.75,1.500,4.35,4.3497,-0.0003,1,,0,3,3,0,0,m3,1LtuCHDRfFnaxMXGm2gmsN7NoezE7zExV3Cet8,00ad7940040216f085678a3203ce1ca79238ff2ed165c0856a3355f90334aca9,946686420,946686416,4,1,0,0,48.7587,462,
run4-tbt-3s,1,nazionale,3,none,true,12,464,39,1,m3,1LtuCHDRfFnaxMXGm2gmsN7NoezE7zExV3Cet8,6539,38,462,1.0,6539.0,57841.0,0.113051,0.000134595916,0.88012269,0.41473202,0.99958414,-0.75,1.500,4.349,4.3488,-0.0002,1,,1,2,2,0,0,m3,1LtuCHDRfFnaxMXGm2gmsN7NoezE7zExV3Cet8,00ad7940040216f085678a3203ce1ca79238ff2ed165c0856a3355f90334aca9,946686420,946686416,4,1,0,0,25.7252,462,2
run4-tbt-3s,1,nazionale,3,none,true,12,465,39,1,m1,1ETD6u7wdHS6P9D1mxb1Qx3Aapa2DwAyyZutL2,35848,38,462,1.0,35848.0,57841.0,0.619768,5.46229233e-05,1.95812255,0.14112312,0.95755069,-0.833,1.500,4.206,4.2061,0.0001,1,,0,1,1,1,1,m2,1WKxQntNgmP3dtjbv3UL3DHV2JEciQTnQ4K3sr,0009082b3e8fe9723775f50c25b9fdeb5e491904264470b99f13f88689a97a06,946686425,946686420,4,1,1,1,7.5769,462,
run4-tbt-3s,1,nazionale,3,none,true,12,465,39,1,m2,1WKxQntNgmP3dtjbv3UL3DHV2JEciQTnQ4K3sr,15454,38,462,1.0,15454.0,57841.0,0.267181,9.33928435e-05,1.443293,0.23614884,0.99549215,-0.833,1.500,4.32,4.3199,-0.0001,1,,1,3,3,0,0,m2,1WKxQntNgmP3dtjbv3UL3DHV2JEciQTnQ4K3sr,0009082b3e8fe9723775f50c25b9fdeb5e491904264470b99f13f88689a97a06,946686425,946686420,4,1,1,1,48.7587,462,1
run4-tbt-3s,1,nazionale,3,none,true,12,465,39,1,m3,1LtuCHDRfFnaxMXGm2gmsN7NoezE7zExV3Cet8,6539,38,462,1.0,6539.0,57841.0,0.113051,9.00078417e-05,0.58856128,0.55512538,0.99451722,-0.833,1.500,4.317,4.317,-0.0,1,,0,2,2,0,0,m2,1WKxQntNgmP3dtjbv3UL3DHV2JEciQTnQ4K3sr,0009082b3e8fe9723775f50c25b9fdeb5e491904264470b99f13f88689a97a06,946686425,946686420,4,1,1,1,25.7252,462,
run4-tbt-3s,1,nazionale,3,none,true,12,466,39,1,m1,1ETD6u7wdHS6P9D1mxb1Qx3Aapa2DwAyyZutL2,35848,38,462,1.0,35848.0,57841.0,0.619768,3.13171933e-05,1.12265875,0.32541345,0.83657772,-0.75,1.500,3.86,3.8597,-0.0003,1,,0,3,3,0,0,m2,1WKxQntNgmP3dtjbv3UL3DHV2JEciQTnQ4K3sr,0093e906e9c8d413e4fcf9b1cc1d1caaf6eadfd8ee6acd6af3191e91d223aae5,946686427,946686425,1,1,0,0,7.5769,462,
run4-tbt-3s,1,nazionale,3,none,true,12,466,39,1,m2,1WKxQntNgmP3dtjbv3UL3DHV2JEciQTnQ4K3sr,15454,38,462,1.0,15454.0,57841.0,0.267181,4.0765639e-06,0.06299922,0.93894421,0.21005546,-0.833,1.500,1.963,1.9636,0.0006,1,,1,1,1,1,1,m2,1WKxQntNgmP3dtjbv3UL3DHV2JEciQTnQ4K3sr,0093e906e9c8d413e4fcf9b1cc1d1caaf6eadfd8ee6acd6af3191e91d223aae5,946686427,946686425,1,1,0,0,48.7587,462,2
run4-tbt-3s,1,nazionale,3,none,true,12,466,39,1,m3,1LtuCHDRfFnaxMXGm2gmsN7NoezE7zExV3Cet8,6539,38,462,1.0,6539.0,57841.0,0.113051,1.23018964e-05,0.0804421,0.92270833,0.50911922,-0.75,1.500,2.877,2.8774,0.0004,1,,0,2,2,0,0,m2,1WKxQntNgmP3dtjbv3UL3DHV2JEciQTnQ4K3sr,0093e906e9c8d413e4fcf9b1cc1d1caaf6eadfd8ee6acd6af3191e91d223aae5,946686427,946686425,1,1,0,0,25.7252,462,
run4-tbt-3s,1,nazionale,3,none,true,12,467,39,1,m1,1ETD6u7wdHS6P9D1mxb1Qx3Aapa2DwAyyZutL2,35848,38,462,1.0,35848.0,57841.0,0.619768,3.91368532e-05,1.40297791,0.24586371,0.89603643,-0.667,1.500,4.055,4.0547,-0.0003,1,,0,2,2,0,0,m2,1WKxQntNgmP3dtjbv3UL3DHV2JEciQTnQ4K3sr,00ef3c2fce0f3fb40fe9c40ef41b80508a9287efdc94a28543cfeda9aa4f8af6,946686429,946686427,1,1,0,0,7.5769,462,
run4-tbt-3s,1,nazionale,3,none,true,12,467,39,1,m2,1WKxQntNgmP3dtjbv3UL3DHV2JEciQTnQ4K3sr,15454,38,462,1.0,15454.0,57841.0,0.267181,2.01622888e-06,0.0311588,0.96932163,0.11007732,-0.667,1.500,1.697,1.6968,-0.0002,1,,1,1,1,1,1,m2,1WKxQntNgmP3dtjbv3UL3DHV2JEciQTnQ4K3sr,00ef3c2fce0f3fb40fe9c40ef41b80508a9287efdc94a28543cfeda9aa4f8af6,946686429,946686427,1,1,0,0,48.7587,462,3
run4-tbt-3s,1,nazionale,3,none,true,12,467,39,1,m3,1LtuCHDRfFnaxMXGm2gmsN7NoezE7zExV3Cet8,6539,38,462,1.0,6539.0,57841.0,0.113051,0.000270843405,1.77104503,0.17015508,0.99999984,-0.667,1.500,4.367,4.3666,-0.0004,1,,0,3,3,0,0,m2,1WKxQntNgmP3dtjbv3UL3DHV2JEciQTnQ4K3sr,00ef3c2fce0f3fb40fe9c40ef41b80508a9287efdc94a28543cfeda9aa4f8af6,946686429,946686427,1,1,0,0,25.7252,462,
run4-tbt-3s,1,nazionale,3,none,true,12,468,40,1,m1,1ETD6u7wdHS6P9D1mxb1Qx3Aapa2DwAyyZutL2,35848,38,462,1.0,35848.0,57841.0,0.619768,1.83727166e-05,0.65862514,0.51756242,0.65447708,-0.583,1.500,3.347,3.3468,-0.0002,1,,0,2,2,0,0,m3,1LtuCHDRfFnaxMXGm2gmsN7NoezE7zExV3Cet8,0046d0f6a08d695d2bfe829e206e322397073c45f46adca8d3ffebd8cd7b0796,946686432,946686429,1,1,0,0,7.5769,462,
run4-tbt-3s,1,nazionale,3,none,true,12,468,40,1,m2,1WKxQntNgmP3dtjbv3UL3DHV2JEciQTnQ4K3sr,15454,38,462,1.0,15454.0,57841.0,0.267181,5.42464811e-05,0.83832512,0.43243419,0.95661627,-0.583,1.500,4.253,4.2532,0.0002,1,,0,3,3,0,0,m3,1LtuCHDRfFnaxMXGm2gmsN7NoezE7zExV3Cet8,0046d0f6a08d695d2bfe829e206e322397073c45f46adca8d3ffebd8cd7b0796,946686432,946686429,1,1,0,0,48.7587,462,
run4-tbt-3s,1,nazionale,3,none,true,12,468,40,1,m3,1LtuCHDRfFnaxMXGm2gmsN7NoezE7zExV3Cet8,6539,38,462,1.0,6539.0,57841.0,0.113051,1.18808041e-06,0.00776886,0.99226124,0.06641173,-0.583,1.500,1.583,1.5826,-0.0004,1,,1,1,1,1,1,m3,1LtuCHDRfFnaxMXGm2gmsN7NoezE7zExV3Cet8,0046d0f6a08d695d2bfe829e206e322397073c45f46adca8d3ffebd8cd7b0796,946686432,946686429,1,1,0,0,25.7252,462,1
run4-tbt-3s,1,nazionale,3,none,true,12,469,40,1,m1,1ETD6u7wdHS6P9D1mxb1Qx3Aapa2DwAyyZutL2,35848,38,462,1.0,35848.0,57841.0,0.619768,2.71725895e-07,0.00974083,0.99030646,0.01559403,-0.5,1.500,1.447,1.4468,-0.0002,1,,1,1,1,1,1,m1,1ETD6u7wdHS6P9D1mxb1Qx3Aapa2DwAyyZutL2,00f7534d08ae3baff8499bd3ab73382e3541fe1c646f3ce23639a8657bf95a43,946686435,946686432,1,1,0,0,7.5769,462,1
run4-tbt-3s,1,nazionale,3,none,true,12,469,40,1,m2,1WKxQntNgmP3dtjbv3UL3DHV2JEciQTnQ4K3sr,15454,38,462,1.0,15454.0,57841.0,0.267181,1.36650857e-05,0.21118023,0.80962813,0.54633771,-0.5,1.500,3.039,3.039,0.0,1,,0,2,2,0,0,m1,1ETD6u7wdHS6P9D1mxb1Qx3Aapa2DwAyyZutL2,00f7534d08ae3baff8499bd3ab73382e3541fe1c646f3ce23639a8657bf95a43,946686435,946686432,1,1,0,0,48.7587,462,
run4-tbt-3s,1,nazionale,3,none,true,12,469,40,1,m3,1LtuCHDRfFnaxMXGm2gmsN7NoezE7zExV3Cet8,6539,38,462,1.0,6539.0,57841.0,0.113051,4.31289315e-05,0.28202008,0.75425854,0.91747224,-0.5,1.500,4.152,4.1524,0.0004,1,,0,3,3,0,0,m1,1ETD6u7wdHS6P9D1mxb1Qx3Aapa2DwAyyZutL2,00f7534d08ae3baff8499bd3ab73382e3541fe1c646f3ce23639a8657bf95a43,946686435,946686432,1,1,0,0,25.7252,462,
run4-tbt-3s,1,nazionale,3,none,true,12,470,40,1,m1,1ETD6u7wdHS6P9D1mxb1Qx3Aapa2DwAyyZutL2,35848,38,462,1.0,35848.0,57841.0,0.619768,1.21632474e-06,0.04360281,0.95733413,0.06793567,-0.417,1.500,1.62,1.6204,0.0004,1,,1,1,1,1,1,m1,1ETD6u7wdHS6P9D1mxb1Qx3Aapa2DwAyyZutL2,0042e913392bf2ed9dcfb54c9708d3fe65c6380fb220e84ccfd01c6a2ad6484b,946686437,946686435,1,1,0,0,7.5769,462,2
run4-tbt-3s,1,nazionale,3,none,true,12,470,40,1,m2,1WKxQntNgmP3dtjbv3UL3DHV2JEciQTnQ4K3sr,15454,38,462,1.0,15454.0,57841.0,0.267181,2.35525316e-05,0.36398082,0.69490452,0.74392937,-0.417,1.500,3.648,3.6484,0.0004,1,,0,2,2,0,0,m1,1ETD6u7wdHS6P9D1mxb1Qx3Aapa2DwAyyZutL2,0042e913392bf2ed9dcfb54c9708d3fe65c6380fb220e84ccfd01c6a2ad6484b,946686437,946686435,1,1,0,0,48.7587,462,
run4-tbt-3s,1,nazionale,3,none,true,12,470,40,1,m3,1LtuCHDRfFnaxMXGm2gmsN7NoezE7zExV3Cet8,6539,38,462,1.0,6539.0,57841.0,0.113051,3.89366463e-05,0.25460673,0.77522131,0.89482552,-0.417,1.500,4.101,4.1011,0.0001,1,,0,3,3,0,0,m1,1ETD6u7wdHS6P9D1mxb1Qx3Aapa2DwAyyZutL2,0042e913392bf2ed9dcfb54c9708d3fe65c6380fb220e84ccfd01c6a2ad6484b,946686437,946686435,1,1,0,0,25.7252,462,
run4-tbt-3s,1,nazionale,3,none,true,12,471,40,1,m1,1ETD6u7wdHS6P9D1mxb1Qx3Aapa2DwAyyZutL2,35848,38,462,1.0,35848.0,57841.0,0.619768,6.14935342e-05,2.20442021,0.11031447,0.97147138,-0.417,1.500,4.331,4.331,0.0,1,,1,2,2,0,0,m1,1ETD6u7wdHS6P9D1mxb1Qx3Aapa2DwAyyZutL2,00939e357b83e31974dc002acfdf7b4a447769262099f09c8a8346ca23fe549f,946686441,946686437,4,1,1,1,7.2701,471,3
run4-tbt-3s,1,nazionale,3,none,true,12,471,40,1,m2,1WKxQntNgmP3dtjbv3UL3DHV2JEciQTnQ4K3sr,15454,38,462,1.0,15454.0,57841.0,0.267181,1.27822007e-05,0.19753613,0.82075049,0.52256883,-0.417,1.500,2.984,2.9843,0.0003,1,,0,1,1,1,1,m1,1ETD6u7wdHS6P9D1mxb1Qx3Aapa2DwAyyZutL2,00939e357b83e31974dc002acfdf7b4a447769262099f09c8a8346ca23fe549f,946686441,946686437,4,1,1,1,20.7704,471,
run4-tbt-3s,1,nazionale,3,none,true,12,471,40,1,m3,1LtuCHDRfFnaxMXGm2gmsN7NoezE7zExV3Cet8,6539,38,462,1.0,6539.0,57841.0,0.113051,0.000198665244,1.29907203,0.27278481,0.99998978,-0.417,1.500,4.417,4.4166,-0.0004,1,,0,3,3,0,0,m1,1ETD6u7wdHS6P9D1mxb1Qx3Aapa2DwAyyZutL2,00939e357b83e31974dc002acfdf7b4a447769262099f09c8a8346ca23fe549f,946686441,946686437,4,1,1,1,21.1058,471,
run4-tbt-3s,1,nazionale,3,none,true,12,472,40,1,m1,1ETD6u7wdHS6P9D1mxb1Qx3Aapa2DwAyyZutL2,35848,38,462,1.0,35848.0,57841.0,0.619768,2.76281348e-05,0.99041338,0.37142312,0.79770716,-0.583,1.500,3.776,3.7765,0.0005,1,,1,1,1,1,1,m1,1ETD6u7wdHS6P9D1mxb1Qx3Aapa2DwAyyZutL2,00af39b63a478b9e63baab5d0017a37ac932f24c9b31b984b1f5b92d124a8abc,946686446,946686441,3,1,1,1,7.2701,471,4
run4-tbt-3s,1,nazionale,3,none,true,12,472,40,1,m2,1WKxQntNgmP3dtjbv3UL3DHV2JEciQTnQ4K3sr,15454,38,462,1.0,15454.0,57841.0,0.267181,8.50476032e-05,1.31432566,0.26865543,0.99269531,-0.583,1.500,4.361,4.3615,0.0005,1,,0,3,3,0,0,m1,1ETD6u7wdHS6P9D1mxb1Qx3Aapa2DwAyyZutL2,00af39b63a478b9e63baab5d0017a37ac932f24c9b31b984b1f5b92d124a8abc,946686446,946686441,3,1,1,1,20.7704,471,
run4-tbt-3s,1,nazionale,3,none,true,12,472,40,1,m3,1LtuCHDRfFnaxMXGm2gmsN7NoezE7zExV3Cet8,6539,38,462,1.0,6539.0,57841.0,0.113051,7.91230718e-05,0.51738577,0.5960768,0.98970974,-0.583,1.500,4.352,4.3525,0.0005,1,,0,2,2,0,0,m1,1ETD6u7wdHS6P9D1mxb1Qx3Aapa2DwAyyZutL2,00af39b63a478b9e63baab5d0017a37ac932f24c9b31b984b1f5b92d124a8abc,946686446,946686441,3,1,1,1,21.1058,471,
run4-tbt-3s,1,nazionale,3,none,true,12,473,40,1,m1,1ETD6u7wdHS6P9D1mxb1Qx3Aapa2DwAyyZutL2,35848,38,462,1.0,35848.0,57841.0,0.619768,3.44947771e-05,1.23656877,0.29037887,0.86401523,-0.583,1.500,3.975,3.9754,0.0004,1,,1,1,1,1,1,m1,1ETD6u7wdHS6P9D1mxb1Qx3Aapa2DwAyyZutL2,0017413c94ad48f3d71a9a34cdec92c0d80c4bdb5c8b05645bd5890d31bab0e8,946686450,946686446,3,1,1,1,7.2701,471,5
run4-tbt-3s,1,nazionale,3,none,true,12,473,40,1,m2,1WKxQntNgmP3dtjbv3UL3DHV2JEciQTnQ4K3sr,15454,38,462,1.0,15454.0,57841.0,0.267181,0.000201994512,3.12162319,0.04408555,0.99999157,-0.583,1.500,4.383,4.3834,0.0004,1,,0,3,3,0,0,m1,1ETD6u7wdHS6P9D1mxb1Qx3Aapa2DwAyyZutL2,0017413c94ad48f3d71a9a34cdec92c0d80c4bdb5c8b05645bd5890d31bab0e8,946686450,946686446,3,1,1,1,20.7704,471,
run4-tbt-3s,1,nazionale,3,none,true,12,473,40,1,m3,1LtuCHDRfFnaxMXGm2gmsN7NoezE7zExV3Cet8,6539,38,462,1.0,6539.0,57841.0,0.113051,0.000131663036,0.86094459,0.42276256,0.99950726,-0.583,1.500,4.382,4.3819,-0.0001,1,,0,2,2,0,0,m1,1ETD6u7wdHS6P9D1mxb1Qx3Aapa2DwAyyZutL2,0017413c94ad48f3d71a9a34cdec92c0d80c4bdb5c8b05645bd5890d31bab0e8,946686450,946686446,3,1,1,1,21.1058,471,
run4-tbt-3s,1,nazionale,3,none,true,12,474,40,1,m1,1ETD6u7wdHS6P9D1mxb1Qx3Aapa2DwAyyZutL2,35848,38,462,1.0,35848.0,57841.0,0.619768,0.000122751527,4.40039674,0.01227247,0.99917495,-0.583,1.500,4.381,4.3809,-0.0001,1,,1,2,2,0,0,m1,1ETD6u7wdHS6P9D1mxb1Qx3Aapa2DwAyyZutL2,007a63c15955811102ec95e96a95dc22c72f9d115707d37655f1331e255e48ba,946686455,946686450,4,1,1,1,7.2701,471,6
run4-tbt-3s,1,nazionale,3,none,true,12,474,40,1,m2,1WKxQntNgmP3dtjbv3UL3DHV2JEciQTnQ4K3sr,15454,38,462,1.0,15454.0,57841.0,0.267181,6.99960526e-05,1.081719,0.33901226,0.98255394,-0.583,1.500,4.331,4.3311,0.0001,1,,0,1,1,1,1,m1,1ETD6u7wdHS6P9D1mxb1Qx3Aapa2DwAyyZutL2,007a63c15955811102ec95e96a95dc22c72f9d115707d37655f1331e255e48ba,946686455,946686450,4,1,1,1,20.7704,471,
run4-tbt-3s,1,nazionale,3,none,true,12,474,40,1,m3,1LtuCHDRfFnaxMXGm2gmsN7NoezE7zExV3Cet8,6539,38,462,1.0,6539.0,57841.0,0.113051,0.000335341564,2.19279849,0.11160399,1.0,-0.583,1.500,4.383,4.3834,0.0004,1,,0,3,3,0,0,m1,1ETD6u7wdHS6P9D1mxb1Qx3Aapa2DwAyyZutL2,007a63c15955811102ec95e96a95dc22c72f9d115707d37655f1331e255e48ba,946686455,946686450,4,1,1,1,21.1058,471,
run4-tbt-3s,1,nazionale,3,none,true,12,475,40,1,m1,1ETD6u7wdHS6P9D1mxb1Qx3Aapa2DwAyyZutL2,52503,39,474,1.0,52503.0,78826.0,0.666062,3.14670683e-06,0.16521155,0.84771435,0.21967308,-0.583,1.500,2.042,2.0424,0.0004,1,,1,1,1,1,1,m1,1ETD6u7wdHS6P9D1mxb1Qx3Aapa2DwAyyZutL2,008f609c37e16c7e5f322078bbaabe536705ce7ecdfc531d114bcfc014a0555d,946686457,946686455,2,1,0,0,7.2701,471,7
run4-tbt-3s,1,nazionale,3,none,true,12,475,40,1,m2,1WKxQntNgmP3dtjbv3UL3DHV2JEciQTnQ4K3sr,18080,39,474,1.0,18080.0,78826.0,0.229366,5.48708732e-05,0.99206539,0.37081003,0.98676978,-0.5,1.500,4.36,4.3603,0.0003,1,,0,3,2,0,0,m1,1ETD6u7wdHS6P9D1mxb1Qx3Aapa2DwAyyZutL2,008f609c37e16c7e5f322078bbaabe536705ce7ecdfc531d114bcfc014a0555d,946686457,946686455,2,1,0,0,20.7704,471,
run4-tbt-3s,1,nazionale,3,none,true,12,475,40,1,m3,1LtuCHDRfFnaxMXGm2gmsN7NoezE7zExV3Cet8,8243,39,474,1.0,8243.0,78826.0,0.104572,5.87992428e-05,0.48468216,0.61589292,0.99029301,-0.583,1.500,4.354,4.3543,0.0003,1,,0,2,3,0,0,m1,1ETD6u7wdHS6P9D1mxb1Qx3Aapa2DwAyyZutL2,008f609c37e16c7e5f322078bbaabe536705ce7ecdfc531d114bcfc014a0555d,946686457,946686455,2,1,0,0,21.1058,471,
run4-tbt-3s,1,nazionale,3,none,true,12,476,40,1,m1,1ETD6u7wdHS6P9D1mxb1Qx3Aapa2DwAyyZutL2,52503,39,474,1.0,52503.0,78826.0,0.666062,8.80359754e-06,0.46221528,0.62988672,0.50040244,-0.417,1.500,2.918,2.9178,-0.0002,1,,1,1,1,1,1,m1,1ETD6u7wdHS6P9D1mxb1Qx3Aapa2DwAyyZutL2,00643b76f1c7e9da2511762f233c7b07a4492e801489c65e3b1e9f7cef7cf6a9,946686460,946686457,2,1,0,0,7.2701,471,8
run4-tbt-3s,1,nazionale,3,none,true,12,476,40,1,m2,1WKxQntNgmP3dtjbv3UL3DHV2JEciQTnQ4K3sr,18080,39,474,1.0,18080.0,78826.0,0.229366,6.34271183e-05,1.1467623,0.31766361,0.99326007,-0.417,1.500,4.396,4.3964,0.0004,1,,0,2,2,0,0,m1,1ETD6u7wdHS6P9D1mxb1Qx3Aapa2DwAyyZutL2,00643b76f1c7e9da2511762f233c7b07a4492e801489c65e3b1e9f7cef7cf6a9,946686460,946686457,2,1,0,0,20.7704,471,
run4-tbt-3s,1,nazionale,3,none,true,12,476,40,1,m3,1LtuCHDRfFnaxMXGm2gmsN7NoezE7zExV3Cet8,8243,39,474,1.0,8243.0,78826.0,0.104572,0.000156971331,1.29391468,0.27419529,0.99999577,-0.417,1.500,4.417,4.4166,-0.0004,1,,0,3,3,0,0,m1,1ETD6u7wdHS6P9D1mxb1Qx3Aapa2DwAyyZutL2,00643b76f1c7e9da2511762f233c7b07a4492e801489c65e3b1e9f7cef7cf6a9,946686460,946686457,2,1,0,0,21.1058,471,
run4-tbt-3s,1,nazionale,3,none,true,12,477,40,1,m1,1ETD6u7wdHS6P9D1mxb1Qx3Aapa2DwAyyZutL2,52503,39,474,1.0,52503.0,78826.0,0.666062,2.1435306e-05,1.12541787,0.32451683,0.81541762,-0.333,1.500,3.88,3.8797,-0.0003,1,,0,2,2,0,0,m2,1WKxQntNgmP3dtjbv3UL3DHV2JEciQTnQ4K3sr,005d58549033ccf0312e1397242d10809887b9b3064fd4cc45e8b5be560c3754,946686463,946686460,1,1,0,0,7.2701,471,
run4-tbt-3s,1,nazionale,3,none,true,12,477,40,1,m2,1WKxQntNgmP3dtjbv3UL3DHV2JEciQTnQ4K3sr,18080,39,474,1.0,18080.0,78826.0,0.229366,1.58326946e-06,0.02862551,0.97178032,0.11732905,-0.333,1.500,1.785,1.7854,0.0004,1,,1,1,1,1,1,m2,1WKxQntNgmP3dtjbv3UL3DHV2JEciQTnQ4K3sr,005d58549033ccf0312e1397242d10809887b9b3064fd4cc45e8b5be560c3754,946686463,946686460,1,1,0,0,20.7704,471,1
run4-tbt-3s,1,nazionale,3,none,true,12,477,40,1,m3,1LtuCHDRfFnaxMXGm2gmsN7NoezE7zExV3Cet8,8243,39,474,1.0,8243.0,78826.0,0.104572,0.000225277063,1.85695883,0.15614678,0.99999998,-0.333,1.500,4.433,4.4334,0.0004,1,,0,3,3,0,0,m2,1WKxQntNgmP3dtjbv3UL3DHV2JEciQTnQ4K3sr,005d58549033ccf0312e1397242d10809887b9b3064fd4cc45e8b5be560c3754,946686463,946686460,1,1,0,0,21.1058,471,
run4-tbt-3s,1,nazionale,3,none,true,12,478,40,1,m1,1ETD6u7wdHS6P9D1mxb1Qx3Aapa2DwAyyZutL2,52503,39,474,1.0,52503.0,78826.0,0.666062,5.9524174e-06,0.31251977,0.73160116,0.37450082,-0.167,1.500,2.59,2.5901,0.0001,1,,1,1,1,1,1,m1,1ETD6u7wdHS6P9D1mxb1Qx3Aapa2DwAyyZutL2,00f680948cd37b5e78ea38f18fd6f667290f2bd35daa9ed924f0cbd315fabe23,946686468,946686463,2,1,0,0,7.2701,471,1
run4-tbt-3s,1,nazionale,3,none,true,12,478,40,1,m2,1WKxQntNgmP3dtjbv3UL3DHV2JEciQTnQ4K3sr,18080,39,474,1.0,18080.0,78826.0,0.229366,6.46207053e-05,1.16834235,0.31088185,0.99386529,-0.167,1.500,4.448,4.4482,0.0002,1,,0,3,3,0,0,m1,1ETD6u7wdHS6P9D1mxb1Qx3Aapa2DwAyyZutL2,00f680948cd37b5e78ea38f18fd6f667290f2bd35daa9ed924f0cbd315fabe23,946686468,946686463,2,1,0,0,20.7704,471,
run4-tbt-3s,1,nazionale,3,none,true,12,478,40,1,m3,1LtuCHDRfFnaxMXGm2gmsN7NoezE7zExV3Cet8,8243,39,474,1.0,8243.0,78826.0,0.104572,4.52237184e-05,0.37277911,0.68881737,0.97169749,-0.167,1.500,4.382,4.3817,-0.0003,1,,0,2,2,0,0,m1,1ETD6u7wdHS6P9D1mxb1Qx3Aapa2DwAyyZutL2,00f680948cd37b5e78ea38f18fd6f667290f2bd35daa9ed924f0cbd315fabe23,946686468,946686463,2,1,0,0,21.1058,471,
run4-tbt-3s,1,nazionale,3,none,true,12,479,40,1,m1,1ETD6u7wdHS6P9D1mxb1Qx3Aapa2DwAyyZutL2,52503,39,474,1.0,52503.0,78826.0,0.666062,1.11072382e-05,0.58316333,0.55813002,0.58336267,-0.417,1.500,3.167,3.1667,-0.0003,1,,1,1,1,1,1,m1,1ETD6u7wdHS6P9D1mxb1Qx3Aapa2DwAyyZutL2,001ee94209634d51ddff0ce08ece01a2ac8b3b8beabceed54bf76f32ef9a9109,946686471,946686468,3,1,0,0,108.3143,479,2
run4-tbt-3s,1,nazionale,3,none,true,12,479,40,1,m2,1WKxQntNgmP3dtjbv3UL3DHV2JEciQTnQ4K3sr,18080,39,474,1.0,18080.0,78826.0,0.229366,3.82130892e-05,0.69089265,0.50112854,0.9508159,-0.417,1.500,4.269,4.269,0.0,1,,0,2,2,0,0,m1,1ETD6u7wdHS6P9D1mxb1Qx3Aapa2DwAyyZutL2,001ee94209634d51ddff0ce08ece01a2ac8b3b8beabceed54bf76f32ef9a9109,946686471,946686468,3,1,0,0,20.833,479,
run4-tbt-3s,1,nazionale,3,none,true,12,479,40,1,m3,1LtuCHDRfFnaxMXGm2gmsN7NoezE7zExV3Cet8,8243,39,474,1.0,8243.0,78826.0,0.104572,7.63661392e-05,0.62948609,0.53286558,0.99756945,-0.417,1.500,4.409,4.4093,0.0003,1,,0,3,3,0,0,m1,1ETD6u7wdHS6P9D1mxb1Qx3Aapa2DwAyyZutL2,001ee94209634d51ddff0ce08ece01a2ac8b3b8beabceed54bf76f32ef9a9109,946686471,946686468,3,1,0,0,21.0002,479,
run4-tbt-3s,1,nazionale,3,none,true,12,480,41,1,m1,1ETD6u7wdHS6P9D1mxb1Qx3Aapa2DwAyyZutL2,52503,39,474,1.0,52503.0,78826.0,0.666062,5.2435315e-07,0.02753011,0.97284539,0.04049012,-0.5,1.500,1.521,1.5215,0.0005,1,,1,1,1,1,1,m1,1ETD6u7wdHS6P9D1mxb1Qx3Aapa2DwAyyZutL2,00a18ffd345578923d86d18f9897b695d504de6521c4847c27aae3c973f738f1,946686473,946686471,1,1,0,0,108.3143,479,3
run4-tbt-3s,1,nazionale,3,none,true,12,480,41,1,m2,1WKxQntNgmP3dtjbv3UL3DHV2JEciQTnQ4K3sr,18080,39,474,1.0,18080.0,78826.0,0.229366,0.000105376494,1.90520701,0.14879184,0.99975307,-0.5,1.500,4.399,4.3993,0.0003,1,,0,3,3,0,0,m1,1ETD6u7wdHS6P9D1mxb1Qx3Aapa2DwAyyZutL2,00a18ffd345578923d86d18f9897b695d504de6521c4847c27aae3c973f738f1,946686473,946686471,1,1,0,0,20.833,479,
run4-tbt-3s,1,nazionale,3,none,true,12,480,41,1,m3,1LtuCHDRfFnaxMXGm2gmsN7NoezE7zExV3Cet8,8243,39,474,1.0,8243.0,78826.0,0.104572,1.77026808e-05,0.1459232,0.86422407,0.75227388,-0.5,1.500,3.657,3.6568,-0.0002,1,,0,2,2,0,0,m1,1ETD6u7wdHS6P9D1mxb1Qx3Aapa2DwAyyZutL2,00a18ffd345578923d86d18f9897b695d504de6521c4847c27aae3c973f738f1,946686473,946686471,1,1,0,0,21.0002,479,
run4-tbt-3s,1,nazionale,3,none,true,12,481,41,1,m1,1ETD6u7wdHS6P9D1mxb1Qx3Aapa2DwAyyZutL2,52503,39,474,1.0,52503.0,78826.0,0.666062,0.00012048203,6.32566802,0.00178977,0.99992493,-0.417,1.500,4.416,4.4164,0.0004,1,,0,3,3,0,0,m2,1WKxQntNgmP3dtjbv3UL3DHV2JEciQTnQ4K3sr,00743336fb07222ab59623e3f43b4bffc292edcd2b6e8d01ee503e3306105de9,946686478,946686473,2,1,0,0,108.3143,479,
run4-tbt-3s,1,nazionale,3,none,true,12,481,41,1,m2,1WKxQntNgmP3dtjbv3UL3DHV2JEciQTnQ4K3sr,18080,39,474,1.0,18080.0,78826.0,0.229366,4.39603796e-06,0.07948037,0.92359615,0.2928568,-0.417,1.500,2.295,2.2952,0.0002,1,,1,1,1,1,1,m2,1WKxQntNgmP3dtjbv3UL3DHV2JEciQTnQ4K3sr,00743336fb07222ab59623e3f43b4bffc292edcd2b6e8d01ee503e3306105de9,946686478,946686473,2,1,0,0,20.833,479,1
run4-tbt-3s,1,nazionale,3,none,true,12,481,41,1,m3,1LtuCHDRfFnaxMXGm2gmsN7NoezE7zExV3Cet8,8243,39,474,1.0,8243.0,78826.0,0.104572,1.80614685e-05,0.14888068,0.86167192,0.75918188,-0.417,1.500,3.694,3.6941,0.0001,1,,0,2,2,0,0,m2,1WKxQntNgmP3dtjbv3UL3DHV2JEciQTnQ4K3sr,00743336fb07222ab59623e3f43b4bffc292edcd2b6e8d01ee503e3306105de9,946686478,946686473,2,1,0,0,21.0002,479,
run4-tbt-3s,1,nazionale,3,none,true,12,482,41,1,m1,1ETD6u7wdHS6P9D1mxb1Qx3Aapa2DwAyyZutL2,52503,39,474,1.0,52503.0,78826.0,0.666062,1.86949484e-06,0.09815409,0.90650921,0.1370209,-0.583,1.500,1.794,1.7945,0.0005,1,,0,1,1,1,1,m2,1WKxQntNgmP3dtjbv3UL3DHV2JEciQTnQ4K3sr,0037d1bde9c9f1e159e1f375dc768937fbccb5beb799ff1bca2ed2ef82ffb231,946686481,946686478,2,1,1,1,108.3143,479,
run4-tbt-3s,1,nazionale,3,none,true,12,482,41,1,m2,1WKxQntNgmP3dtjbv3UL3DHV2JEciQTnQ4K3sr,18080,39,474,1.0,18080.0,78826.0,0.229366,6.0226646e-06,0.10888978,0.89682926,0.37795482,-0.583,1.500,2.517,2.5173,0.0003,1,,1,2,2,0,0,m2,1WKxQntNgmP3dtjbv3UL3DHV2JEciQTnQ4K3sr,0037d1bde9c9f1e159e1f375dc768937fbccb5beb799ff1bca2ed2ef82ffb231,946686481,946686478,2,1,1,1,20.833,479,2
run4-tbt-3s,1,nazionale,3,none,true,12,482,41,1,m3,1LtuCHDRfFnaxMXGm2gmsN7NoezE7zExV3Cet8,8243,39,474,1.0,8243.0,78826.0,0.104572,0.000129006683,1.06340209,0.34527914,0.99996166,-0.583,1.500,4.383,4.3833,0.0003,1,,0,3,3,0,0,m2,1WKxQntNgmP3dtjbv3UL3DHV2JEciQTnQ4K3sr,0037d1bde9c9f1e159e1f375dc768937fbccb5beb799ff1bca2ed2ef82ffb231,946686481,946686478,2,1,1,1,21.0002,479,
run4-tbt-3s,1,nazionale,3,none,true,12,483,41,1,m1,1ETD6u7wdHS6P9D1mxb1Qx3Aapa2DwAyyZutL2,52503,39,474,1.0,52503.0,78826.0,0.666062,3.2965756e-05,1.73080109,0.17714245,0.92561929,-0.667,1.500,4.144,4.1435,-0.0005,1,,0,2,2,0,0,m2,1WKxQntNgmP3dtjbv3UL3DHV2JEciQTnQ4K3sr,0093733d618f09106ac36157956629036b44acfa177e964d17b84840eb9ebd02,946686484,946686481,3,1,0,0,108.3143,479,
run4-tbt-3s,1,nazionale,3,none,true,12,483,41,1,m2,1WKxQntNgmP3dtjbv3UL3DHV2JEciQTnQ4K3sr,18080,39,474,1.0,18080.0,78826.0,0.229366,1.15535071e-05,0.20888741,0.8114866,0.59776418,-0.667,1.500,3.16,3.1599,-0.0001,1,,1,1,1,1,1,m2,1WKxQntNgmP3dtjbv3UL3DHV2JEciQTnQ4K3sr,0093733d618f09106ac36157956629036b44acfa177e964d17b84840eb9ebd02,946686484,946686481,3,1,0,0,20.833,479,3
run4-tbt-3s,1,nazionale,3,none,true,12,483,41,1,m3,1LtuCHDRfFnaxMXGm2gmsN7NoezE7zExV3Cet8,8243,39,474,1.0,8243.0,78826.0,0.104572,8.99103723e-05,0.7411312,0.47657451,0.99916433,-0.667,1.500,4.364,4.3641,0.0001,1,,0,3,3,0,0,m2,1WKxQntNgmP3dtjbv3UL3DHV2JEciQTnQ4K3sr,0093733d618f09106ac36157956629036b44acfa177e964d17b84840eb9ebd02,946686484,946686481,3,1,0,0,21.0002,479,
run4-tbt-3s,1,nazionale,3,none,true,12,484,41,1,m1,1ETD6u7wdHS6P9D1mxb1Qx3Aapa2DwAyyZutL2,52503,39,474,1.0,52503.0,78826.0,0.666062,4.51957785e-06,0.2372914,0.78876141,0.29970965,-0.583,1.500,2.282,2.2825,0.0005,1,,1,1,1,1,1,m1,1ETD6u7wdHS6P9D1mxb1Qx3Aapa2DwAyyZutL2,0052d5d67684382b0c168351f4a92a9f15c77db79d719853e1f6f987a2e32580,946686489,946686484,2,1,1,1,108.3143,479,1
run4-tbt-3s,1,nazionale,3,none,true,12,484,41,1,m2,1WKxQntNgmP3dtjbv3UL3DHV2JEciQTnQ4K3sr,18080,39,474,1.0,18080.0,78826.0,0.229366,0.000119967676,2.16901558,0.11429007,0.99992183,-0.583,1.500,4.383,4.3832,0.0002,1,,0,3,2,0,0,m1,1ETD6u7wdHS6P9D1mxb1Qx3Aapa2DwAyyZutL2,0052d5d67684382b0c168351f4a92a9f15c77db79d719853e1f6f987a2e32580,946686489,946686484,2,1,1,1,20.833,479,
run4-tbt-3s,1,nazionale,3,none,true,12,484,41,1,m3,1LtuCHDRfFnaxMXGm2gmsN7NoezE7zExV3Cet8,8243,39,474,1.0,8243.0,78826.0,0.104572,0.000277335958,2.2860803,0.10166417,1.0,-0.583,1.500,4.383,4.3834,0.0004,1,,0,2,3,0,0,m1,1ETD6u7wdHS6P9D1mxb1Qx3Aapa2DwAyyZutL2,0052d5d67684382b0c168351f4a92a9f15c77db79d719853e1f6f987a2e32580,946686489,946686484,2,1,1,1,21.0002,479,
run4-tbt-3s,1,nazionale,3,none,true,12,485,41,1,m1,1ETD6u7wdHS6P9D1mxb1Qx3Aapa2DwAyyZutL2,52503,39,474,1.0,52503.0,78826.0,0.666062,3.51440063e-05,1.84516576,0.15799913,0.93735438,-0.583,1.500,4.195,4.1955,0.0005,1,,1,2,2,0,0,m1,1ETD6u7wdHS6P9D1mxb1Qx3Aapa2DwAyyZutL2,00ecc3f8f1e29ff3bf2edde5374ff9ecc217263ab2b0122f2e450c81be73e297,946686493,946686489,4,1,1,1,108.3143,479,2
run4-tbt-3s,1,nazionale,3,none,true,12,485,41,1,m2,1WKxQntNgmP3dtjbv3UL3DHV2JEciQTnQ4K3sr,18080,39,474,1.0,18080.0,78826.0,0.229366,2.24184037e-05,0.40532474,0.66676025,0.8291814,-0.583,1.500,3.871,3.8709,-0.0001,1,,0,1,1,1,1,m1,1ETD6u7wdHS6P9D1mxb1Qx3Aapa2DwAyyZutL2,00ecc3f8f1e29ff3bf2edde5374ff9ecc217263ab2b0122f2e450c81be73e297,946686493,946686489,4,1,1,1,20.833,479,
run4-tbt-3s,1,nazionale,3,none,true,12,485,41,1,m3,1LtuCHDRfFnaxMXGm2gmsN7NoezE7zExV3Cet8,8243,39,474,1.0,8243.0,78826.0,0.104572,4.49973266e-05,0.37091296,0.690104,0.97118788,-0.583,1.500,4.297,4.297,-0.0,1,,0,3,3,0,0,m1,1ETD6u7wdHS6P9D1mxb1Qx3Aapa2DwAyyZutL2,00ecc3f8f1e29ff3bf2edde5374ff9ecc217263ab2b0122f2e450c81be73e297,946686493,946686489,4,1,1,1,21.0002,479,
run4-tbt-3s,1,nazionale,3,none,true,12,486,41,1,m1,1ETD6u7wdHS6P9D1mxb1Qx3Aapa2DwAyyZutL2,52503,39,474,1.0,52503.0,78826.0,0.666062,6.33308321e-05,3.32505868,0.03597041,0.99320872,-0.583,1.500,4.363,4.363,0.0,1,,1,2,2,0,0,m1,1ETD6u7wdHS6P9D1mxb1Qx3Aapa2DwAyyZutL2,000f00616b1014418376d6cd3dcbf669ecc84fd5180d9c1991c2614a6abbf2cd,946686498,946686493,4,1,1,1,108.3143,479,3
run4-tbt-3s,1,nazionale,3,none,true,12,486,41,1,m2,1WKxQntNgmP3dtjbv3UL3DHV2JEciQTnQ4K3sr,18080,39,474,1.0,18080.0,78826.0,0.229366,2.6177916e-05,0.47329672,0.6229452,0.87299139,-0.583,1.500,4.002,4.0024,0.0004,1,,0,1,1,1,1,m1,1ETD6u7wdHS6P9D1mxb1Qx3Aapa2DwAyyZutL2,000f00616b1014418376d6cd3dcbf669ecc84fd5180d9c1991c2614a6abbf2cd,946686498,946686493,4,1,1,1,20.833,479,
run4-tbt-3s,1,nazionale,3,none,true,12,486,41,1,m3,1LtuCHDRfFnaxMXGm2gmsN7NoezE7zExV3Cet8,8243,39,474,1.0,8243.0,78826.0,0.104572,0.000211150835,1.74051633,0.1754298,0.99999994,-0.583,1.500,4.383,4.3834,0.0004,1,,0,3,3,0,0,m1,1ETD6u7wdHS6P9D1mxb1Qx3Aapa2DwAyyZutL2,000f00616b1014418376d6cd3dcbf669ecc84fd5180d9c1991c2614a6abbf2cd,946686498,946686493,4,1,1,1,21.0002,479,
run4-tbt-3s,1,nazionale,3,none,true,12,487,41,1,m1,1ETD6u7wdHS6P9D1mxb1Qx3Aapa2DwAyyZutL2,44404,40,486,1.0,44404.0,70727.0,0.627822,8.29129218e-05,3.68166538,0.025181,0.99716066,-0.583,1.500,4.375,4.3749,-0.0001,1,,1,3,3,0,0,m1,1ETD6u7wdHS6P9D1mxb1Qx3Aapa2DwAyyZutL2,00207db4c81502728e7dbc795378bc2fca90866ec533debbb29442586e678e07,946686502,946686498,4,1,1,1,7.2587,487,4
run4-tbt-3s,1,nazionale,3,none,true,12,487,41,1,m2,1WKxQntNgmP3dtjbv3UL3DHV2JEciQTnQ4K3sr,18080,39,474,1.0,18080.0,70727.0,0.255631,2.01264797e-05,0.36388675,0.69496989,0.75912702,-0.5,1.500,3.677,3.6774,0.0004,1,,0,1,1,1,1,m1,1ETD6u7wdHS6P9D1mxb1Qx3Aapa2DwAyyZutL2,00207db4c81502728e7dbc795378bc2fca90866ec533debbb29442586e678e07,946686502,946686498,4,1,1,1,10.4738,487,
run4-tbt-3s,1,nazionale,3,none,true,12,487,41,1,m3,1LtuCHDRfFnaxMXGm2gmsN7NoezE7zExV3Cet8,8243,39,474,1.0,8243.0,70727.0,0.116547,2.31584115e-05,0.19089479,0.82621951,0.80561703,-0.5,1.500,3.817,3.8169,-0.0001,1,,0,2,2,0,0,m1,1ETD6u7wdHS6P9D1mxb1Qx3Aapa2DwAyyZutL2,00207db4c81502728e7dbc795378bc2fca90866ec533debbb29442586e678e07,946686502,946686498,4,1,1,1,17.155,487,
run4-tbt-3s,1,nazionale,3,none,true,12,488,41,1,m1,1ETD6u7wdHS6P9D1mxb1Qx3Aapa2DwAyyZutL2,44404,40,486,1.0,44404.0,70727.0,0.627822,2.34297547e-05,1.04037483,0.35332222,0.80931192,-0.75,1.500,3.778,3.7779,-0.0001,1,,0,2,2,0,0,m3,1LtuCHDRfFnaxMXGm2gmsN7NoezE7zExV3Cet8,00f0cfc8e7d66e87c792f4480fd395eab146f81bcacdaec7b3999936cac43fe1,946686505,946686502,1,1,0,0,7.2587,487,
run4-tbt-3s,1,nazionale,3,none,true,12,488,41,1,m2,1WKxQntNgmP3dtjbv3UL3DHV2JEciQTnQ4K3sr,18080,39,474,1.0,18080.0,70727.0,0.255631,2.97731861e-05,0.5382992,0.58374023,0.87824788,-0.75,1.500,3.985,3.9847,-0.0003,1,,0,3,3,0,0,m3,1LtuCHDRfFnaxMXGm2gmsN7NoezE7zExV3Cet8,00f0cfc8e7d66e87c792f4480fd395eab146f81bcacdaec7b3999936cac43fe1,946686505,946686502,1,1,0,0,10.4738,487,
run4-tbt-3s,1,nazionale,3,none,true,12,488,41,1,m3,1LtuCHDRfFnaxMXGm2gmsN7NoezE7zExV3Cet8,8243,39,474,1.0,8243.0,70727.0,0.116547,1.12935793e-06,0.0093093,0.9907339,0.07676927,-0.75,1.500,1.58,1.5803,0.0003,1,,1,1,1,1,1,m3,1LtuCHDRfFnaxMXGm2gmsN7NoezE7zExV3Cet8,00f0cfc8e7d66e87c792f4480fd395eab146f81bcacdaec7b3999936cac43fe1,946686505,946686502,1,1,0,0,17.155,487,1
run4-tbt-3s,1,nazionale,3,none,true,12,489,41,1,m1,1ETD6u7wdHS6P9D1mxb1Qx3Aapa2DwAyyZutL2,44404,40,486,1.0,44404.0,70727.0,0.627822,9.39051928e-06,0.41697662,0.65903633,0.48529598,-0.75,1.500,2.806,2.8059,-0.0001,1,,1,1,1,1,1,m1,1ETD6u7wdHS6P9D1mxb1Qx3Aapa2DwAyyZutL2,00b0cdc9739ba6008028ef7653298a57fefcb9bb9031cf778ae1e6c03197d62d,946686509,946686505,2,1,0,0,7.2587,487,1
run4-tbt-3s,1,nazionale,3,none,true,12,489,41,1,m2,1WKxQntNgmP3dtjbv3UL3DHV2JEciQTnQ4K3sr,18080,39,474,1.0,18080.0,70727.0,0.255631,1.85536286e-05,0.33544961,0.71501654,0.73078433,-0.75,1.500,3.542,3.5424,0.0004,1,,0,2,2,0,0,m1,1ETD6u7wdHS6P9D1mxb1Qx3Aapa2DwAyyZutL2,00b0cdc9739ba6008028ef7653298a57fefcb9bb9031cf778ae1e6c03197d62d,946686509,946686505,2,1,0,0,10.4738,487,
run4-tbt-3s,1,nazionale,3,none,true,12,489,41,1,m3,1LtuCHDRfFnaxMXGm2gmsN7NoezE7zExV3Cet8,8243,39,474,1.0,8243.0,70727.0,0.116547,0.000305108874,2.51501245,0.08086191,1.0,-0.75,1.500,4.35,4.35,-0.0,1,,0,3,3,0,0,m1,1ETD6u7wdHS6P9D1mxb1Qx3Aapa2DwAyyZutL2,00b0cdc9739ba6008028ef7653298a57fefcb9bb9031cf778ae1e6c03197d62d,946686509,946686505,2,1,0,0,17.155,487,
run4-tbt-3s,1,nazionale,3,none,true,12,490,41,1,m1,1ETD6u7wdHS6P9D1mxb1Qx3Aapa2DwAyyZutL2,44404,40,486,1.0,44404.0,70727.0,0.627822,6.83890591e-07,0.03036748,0.97008898,0.04721836,-0.833,1.500,1.475,1.4751,0.0001,1,,1,1,1,1,1,m1,1ETD6u7wdHS6P9D1mxb1Qx3Aapa2DwAyyZutL2,001220db7f85d595b5a16a79dd3d0107f297e319078a46bb50074ab03e7dddd3,946686511,946686509,1,1,0,0,7.2587,487,2
run4-tbt-3s,1,nazionale,3,none,true,12,490,41,1,m2,1WKxQntNgmP3dtjbv3UL3DHV2JEciQTnQ4K3sr,18080,39,474,1.0,18080.0,70727.0,0.255631,0.000109584093,1.9812804,0.13789257,0.9995695,-0.833,1.500,4.332,4.3321,0.0001,1,,0,2,2,0,0,m1,1ETD6u7wdHS6P9D1mxb1Qx3Aapa2DwAyyZutL2,001220db7f85d595b5a16a79dd3d0107f297e319078a46bb50074ab03e7dddd3,946686511,946686509,1,1,0,0,10.4738,487,
run4-tbt-3s,1,nazionale,3,none,true,12,490,41,1,m3,1LtuCHDRfFnaxMXGm2gmsN7NoezE7zExV3Cet8,8243,39,474,1.0,8243.0,70727.0,0.116547,0.000205318192,1.69243786,0.18407024,0.99999951,-0.833,1.500,4.333,4.3334,0.0004,1,,0,3,3,0,0,m1,1ETD6u7wdHS6P9D1mxb1Qx3Aapa2DwAyyZutL2,001220db7f85d595b5a16a79dd3d0107f297e319078a46bb50074ab03e7dddd3,946686511,946686509,1,1,0,0,17.155,487,
run4-tbt-3s,1,nazionale,3,none,true,12,491,41,1,m1,1ETD6u7wdHS6P9D1mxb1Qx3Aapa2DwAyyZutL2,44404,40,486,1.0,44404.0,70727.0,0.627822,6.13683313e-06,0.27249994,0.76147348,0.35211353,-0.583,1.500,2.44,2.4397,-0.0003,1,,1,1,1,1,1,m1,1ETD6u7wdHS6P9D1mxb1Qx3Aapa2DwAyyZutL2,003b3399132031c6c8862598bd37436ec9e814162a1b530644f9145f0ff4534b,946686514,946686511,2,1,0,0,7.2587,487,3
run4-tbt-3s,1,nazionale,3,none,true,12,491,41,1,m2,1WKxQntNgmP3dtjbv3UL3DHV2JEciQTnQ4K3sr,18080,39,474,1.0,18080.0,70727.0,0.255631,5.58563005e-05,1.00988191,0.36426199,0.98075586,-0.583,1.500,4.326,4.3257,-0.0003,1,,0,3,3,0,0,m1,1ETD6u7wdHS6P9D1mxb1Qx3Aapa2DwAyyZutL2,003b3399132031c6c8862598bd37436ec9e814162a1b530644f9145f0ff4534b,946686514,946686511,2,1,0,0,10.4738,487,
run4-tbt-3s,1,nazionale,3,none,true,12,491,41,1,m3,1LtuCHDRfFnaxMXGm2gmsN7NoezE7zExV3Cet8,8243,39,474,1.0,8243.0,70727.0,0.116547,9.03475029e-06,0.07447345,0.92823212,0.47218043,-0.583,1.500,2.8,2.7999,-0.0001,1,,0,2,2,0,0,m1,1ETD6u7wdHS6P9D1mxb1Qx3Aapa2DwAyyZutL2,003b3399132031c6c8862598bd37436ec9e814162a1b530644f9145f0ff4534b,946686514,946686511,2,1,0,0,17.155,487,
run4-tbt-3s,1,nazionale,3,none,true,12,492,42,1,m1,1ETD6u7wdHS6P9D1mxb1Qx3Aapa2DwAyyZutL2,44404,40,486,1.0,44404.0,70727.0,0.627822,1.49376546e-05,0.66329161,0.51515286,0.6523279,-0.583,1.500,3.34,3.3404,0.0004,1,,1,2,2,0,0,m1,1ETD6u7wdHS6P9D1mxb1Qx3Aapa2DwAyyZutL2,008edd7e72cea5b6a0e146b17baf8bde41c0dc7367f812dffa6b92977e9ccbb0,946686518,946686514,3,1,1,1,7.2587,487,4
run4-tbt-3s,1,nazionale,3,none,true,12,492,42,1,m2,1WKxQntNgmP3dtjbv3UL3DHV2JEciQTnQ4K3sr,18080,39,474,1.0,18080.0,70727.0,0.255631,6.88967345e-06,0.1245653,0.88288061,0.38570864,-0.583,1.500,2.54,2.5405,0.0005,1,,0,1,1,1,1,m1,1ETD6u7wdHS6P9D1mxb1Qx3Aapa2DwAyyZutL2,008edd7e72cea5b6a0e146b17baf8bde41c0dc7367f812dffa6b92977e9ccbb0,946686518,946686514,3,1,1,1,10.4738,487,
run4-tbt-3s,1,nazionale,3,none,true,12,492,42,1,m3,1LtuCHDRfFnaxMXGm2gmsN7NoezE7zExV3Cet8,8243,39,474,1.0,8243.0,70727.0,0.116547,7.49701828e-05,0.61797922,0.53903261,0.99502045,-0.583,1.500,4.368,4.3685,0.0005,1,,0,3,3,0,0,m1,1ETD6u7wdHS6P9D1mxb1Qx3Aapa2DwAyyZutL2,008edd7e72cea5b6a0e146b17baf8bde41c0dc7367f812dffa6b92977e9ccbb0,946686518,946686514,3,1,1,1,17.155,487,
run4-tbt-3s,1,nazionale,3,none,true,12,493,42,1,m1,1ETD6u7wdHS6P9D1mxb1Qx3Aapa2DwAyyZutL2,44404,40,486,1.0,44404.0,70727.0,0.627822,1.93140353e-05,0.85762042,0.42417023,0.74488064,-0.75,1.500,3.585,3.5846,-0.0004,1,,1,1,1,1,1,m1,1ETD6u7wdHS6P9D1mxb1Qx3Aapa2DwAyyZutL2,004cdd45cf5dbc56bf14786590d9350e4df3e08f0b60538e12a099ccf723e7a6,946686523,946686518,3,1,1,1,7.2587,487,5
run4-tbt-3s,1,nazionale,3,none,true,12,493,42,1,m2,1WKxQntNgmP3dtjbv3UL3DHV2JEciQTnQ4K3sr,18080,39,474,1.0,18080.0,70727.0,0.255631,0.00011771949,2.12836838,0.11903135,0.99975785,-0.75,1.500,4.349,4.3493,0.0003,1,,0,2,2,0,0,m1,1ETD6u7wdHS6P9D1mxb1Qx3Aapa2DwAyyZutL2,004cdd45cf5dbc56bf14786590d9350e4df3e08f0b60538e12a099ccf723e7a6,946686523,946686518,3,1,1,1,10.4738,487,
run4-tbt-3s,1,nazionale,3,none,true,12,493,42,1,m3,1LtuCHDRfFnaxMXGm2gmsN7NoezE7zExV3Cet8,8243,39,474,1.0,8243.0,70727.0,0.116547,0.000165199766,1.36174167,0.25621415,0.99999157,-0.75,1.500,4.35,4.35,-0.0,1,,0,3,3,0,0,m1,1ETD6u7wdHS6P9D1mxb1Qx3Aapa2DwAyyZutL2,004cdd45cf5dbc56bf14786590d9350e4df3e08f0b60538e12a099ccf723e7a6,946686523,946686518,3,1,1,1,17.155,487,
run4-tbt-3s,1,nazionale,3,none,true,12,494,42,1,m1,1ETD6u7wdHS6P9D1mxb1Qx3Aapa2DwAyyZutL2,44404,40,486,1.0,44404.0,70727.0,0.627822,7.66935915e-06,0.34055022,0.7113788,0.41866655,-0.75,1.500,2.606,2.606,-0.0,1,,1,1,1,1,1,m1,1ETD6u7wdHS6P9D1mxb1Qx3Aapa2DwAyyZutL2,007aca0c5fb1349c39265c573a6f3fdb972206568fb0d7913ce36f8637f94acf,946686526,946686523,2,1,0,0,7.2587,487,6
run4-tbt-3s,1,nazionale,3,none,true,12,494,42,1,m2,1WKxQntNgmP3dtjbv3UL3DHV2JEciQTnQ4K3sr,18080,39,474,1.0,18080.0,70727.0,0.255631,6.86292372e-05,1.24081661,0.289148,0.99220241,-0.75,1.500,4.327,4.3266,-0.0004,1,,0,2,2,0,0,m1,1ETD6u7wdHS6P9D1mxb1Qx3Aapa2DwAyyZutL2,007aca0c5fb1349c39265c573a6f3fdb972206568fb0d7913ce36f8637f94acf,946686526,946686523,2,1,0,0,10.4738,487,
run4-tbt-3s,1,nazionale,3,none,true,12,494,42,1,m3,1LtuCHDRfFnaxMXGm2gmsN7NoezE7zExV3Cet8,8243,39,474,1.0,8243.0,70727.0,0.116547,0.000185894197,1.53232587,0.21603262,0.99999805,-0.75,1.500,4.35,4.35,-0.0,1,,0,3,3,0,0,m1,1ETD6u7wdHS6P9D1mxb1Qx3Aapa2DwAyyZutL2,007aca0c5fb1349c39265c573a6f3fdb972206568fb0d7913ce36f8637f94acf,946686526,946686523,2,1,0,0,17.155,487,
run4-tbt-3s,1,nazionale,3,none,true,12,495,42,1,m1,1ETD6u7wdHS6P9D1mxb1Qx3Aapa2DwAyyZutL2,44404,40,486,1.0,44404.0,70727.0,0.627822,3.52338485e-05,1.56452381,0.2091876,0.9172544,-0.75,1.500,4.102,4.1018,-0.0002,1,,1,1,1,1,1,m1,1ETD6u7wdHS6P9D1mxb1Qx3Aapa2DwAyyZutL2,00af85fa6c70105ff88cd5dc203502f8fe195474a4edfdb32e2fe175441d79ab,946686531,946686526,4,1,0,0,7.7032,495,7
run4-tbt-3s,1,nazionale,3,none,true,12,495,42,1,m2,1WKxQntNgmP3dtjbv3UL3DHV2JEciQTnQ4K3sr,18080,39,474,1.0,18080.0,70727.0,0.255631,0.000170008015,3.07374491,0.04624764,0.999994,-0.75,1.500,4.35,4.35,-0.0,1,,0,3,2,0,0,m1,1ETD6u7wdHS6P9D1mxb1Qx3Aapa2DwAyyZutL2,00af85fa6c70105ff88cd5dc203502f8fe195474a4edfdb32e2fe175441d79ab,946686531,946686526,4,1,0,0,45.1899,495,
run4-tbt-3s,1,nazionale,3,none,true,12,495,42,1,m3,1LtuCHDRfFnaxMXGm2gmsN7NoezE7zExV3Cet8,8243,39,474,1.0,8243.0,70727.0,0.116547,0.000232186571,1.9139139,0.14750195,0.99999993,-0.75,1.500,4.35,4.35,-0.0,1,,0,2,3,0,0,m1,1ETD6u7wdHS6P9D1mxb1Qx3Aapa2DwAyyZutL2,00af85fa6c70105ff88cd5dc203502f8fe195474a4edfdb32e2fe175441d79ab,946686531,946686526,4,1,0,0,94.1873,495,
run4-tbt-3s,1,nazionale,3,none,true,12,496,42,1,m1,1ETD6u7wdHS6P9D1mxb1Qx3Aapa2DwAyyZutL2,44404,40,486,1.0,44404.0,70727.0,0.627822,5.38198332e-06,0.23898159,0.78742938,0.316584,-0.917,1.500,2.266,2.2664,0.0004,1,,1,1,1,1,1,m1,1ETD6u7wdHS6P9D1mxb1Qx3Aapa2DwAyyZutL2,00edfb615fa64d1bbbc844b0c543d104d67905454dcdbbecfb084be5ecf3c0fc,946686534,946686531,2,1,0,0,7.7032,495,8
run4-tbt-3s,1,nazionale,3,none,true,12,496,42,1,m2,1WKxQntNgmP3dtjbv3UL3DHV2JEciQTnQ4K3sr,18080,39,474,1.0,18080.0,70727.0,0.255631,2.83265533e-05,0.51214408,0.59920945,0.86513111,-0.917,1.500,3.912,3.912,-0.0,1,,0,3,3,0,0,m1,1ETD6u7wdHS6P9D1mxb1Qx3Aapa2DwAyyZutL2,00edfb615fa64d1bbbc844b0c543d104d67905454dcdbbecfb084be5ecf3c0fc,946686534,946686531,2,1,0,0,45.1899,495,
run4-tbt-3s,1,nazionale,3,none,true,12,496,42,1,m3,1LtuCHDRfFnaxMXGm2gmsN7NoezE7zExV3Cet8,8243,39,474,1.0,8243.0,70727.0,0.116547,1.43540401e-05,0.11832035,0.8884114,0.63767664,-0.917,1.500,3.23,3.2296,-0.0004,1,,0,2,2,0,0,m1,1ETD6u7wdHS6P9D1mxb1Qx3Aapa2DwAyyZutL2,00edfb615fa64d1bbbc844b0c543d104d67905454dcdbbecfb084be5ecf3c0fc,946686534,946686531,2,1,0,0,94.1873,495,
run4-tbt-3s,1,nazionale,3,none,true,12,497,42,1,m1,1ETD6u7wdHS6P9D1mxb1Qx3Aapa2DwAyyZutL2,44404,40,486,1.0,44404.0,70727.0,0.627822,2.94687718e-06,0.13085313,0.87734662,0.18813709,-0.75,1.500,1.914,1.9144,0.0004,1,,1,1,1,1,1,m1,1ETD6u7wdHS6P9D1mxb1Qx3Aapa2DwAyyZutL2,001c0aeab92cb47d51e6c2f1368f5f31151f14f123f990f18fe86b9f8390b2af,946686536,946686534,1,1,0,0,7.7032,495,9
run4-tbt-3s,1,nazionale,3,none,true,12,497,42,1,m2,1WKxQntNgmP3dtjbv3UL3DHV2JEciQTnQ4K3sr,18080,39,474,1.0,18080.0,70727.0,0.255631,8.74491034e-05,1.58107979,0.20575281,0.99793992,-0.75,1.500,4.344,4.3438,-0.0002,1,,0,3,3,0,0,m1,1ETD6u7wdHS6P9D1mxb1Qx3Aapa2DwAyyZutL2,001c0aeab92cb47d51e6c2f1368f5f31151f14f123f990f18fe86b9f8390b2af,946686536,946686534,1,1,0,0,45.1899,495,
run4-tbt-3s,1,nazionale,3,none,true,12,497,42,1,m3,1LtuCHDRfFnaxMXGm2gmsN7NoezE7zExV3Cet8,8243,39,474,1.0,8243.0,70727.0,0.116547,3.13900627e-05,0.25874829,0.77201733,0.89140446,-0.75,1.500,4.024,4.0242,0.0002,1,,0,2,2,0,0,m1,1ETD6u7wdHS6P9D1mxb1Qx3Aapa2DwAyyZutL2,001c0aeab92cb47d51e6c2f1368f5f31151f14f123f990f18fe86b9f8390b2af,946686536,946686534,1,1,0,0,94.1873,495,
run4-tbt-3s,1,nazionale,3,none,true,12,498,42,1,m1,1ETD6u7wdHS6P9D1mxb1Qx3Aapa2DwAyyZutL2,44404,40,486,1.0,44404.0,70727.0,0.627822,1.41522935e-05,0.62841844,0.53343479,0.63246961,-0.583,1.500,3.281,3.2808,-0.0002,1,,1,1,1,1,1,m1,1ETD6u7wdHS6P9D1mxb1Qx3Aapa2DwAyyZutL2,008d005b207a0b3f711986d1c8aff22ea71515e623a885b77b04b9996daf5b38,946686539,946686536,3,1,0,0,7.7032,495,10
run4-tbt-3s,1,nazionale,3,none,true,12,498,42,1,m2,1WKxQntNgmP3dtjbv3UL3DHV2JEciQTnQ4K3sr,18080,39,474,1.0,18080.0,70727.0,0.255631,9.80628653e-05,1.7729766,0.16982673,0.99902755,-0.583,1.500,4.38,4.3805,0.0005,1,,0,3,3,0,0,m1,1ETD6u7wdHS6P9D1mxb1Qx3Aapa2DwAyyZutL2,008d005b207a0b3f711986d1c8aff22ea71515e623a885b77b04b9996daf5b38,946686539,946686536,3,1,0,0,45.1899,495,
run4-tbt-3s,1,nazionale,3,none,true,12,498,42,1,m3,1LtuCHDRfFnaxMXGm2gmsN7NoezE7zExV3Cet8,8243,39,474,1.0,8243.0,70727.0,0.116547,5.00460894e-05,0.41252991,0.66197339,0.97097535,-0.583,1.500,4.296,4.2963,0.0003,1,,0,2,2,0,0,m1,1ETD6u7wdHS6P9D1mxb1Qx3Aapa2DwAyyZutL2,008d005b207a0b3f711986d1c8aff22ea71515e623a885b77b04b9996daf5b38,946686539,946686536,3,1,0,0,94.1873,495,
run4-tbt-3s,1,nazionale,3,none,true,12,499,42,1,m1,1ETD6u7wdHS6P9D1mxb1Qx3Aapa2DwAyyZutL2,51006,41,498,1.0,51006.0,67936.0,0.750795,7.75012517e-06,0.39530288,0.67347602,0.40933869,-0.417,1.500,2.645,2.6446,-0.0004,1,,1,1,1,1,1,m1,1ETD6u7wdHS6P9D1mxb1Qx3Aapa2DwAyyZutL2,002a4b88cb811bc6d415093e1947d7071840eeef264bb8e24796b83f840e3b0b,946686543,946686539,2,1,0,0,7.7032,495,11
run4-tbt-3s,1,nazionale,3,none,true,12,499,42,1,m2,1WKxQntNgmP3dtjbv3UL3DHV2JEciQTnQ4K3sr,12808,41,498,1.0,12808.0,67936.0,0.18853,2.06304284e-05,0.26423453,0.76779345,0.75378467,-0.417,1.500,3.678,3.678,-0.0,1,,0,2,2,0,0,m1,1ETD6u7wdHS6P9D1mxb1Qx3Aapa2DwAyyZutL2,002a4b88cb811bc6d415093e1947d7071840eeef264bb8e24796b83f840e3b0b,946686543,946686539,2,1,0,0,45.1899,495,
run4-tbt-3s,1,nazionale,3,none,true,12,499,42,1,m3,1LtuCHDRfFnaxMXGm2gmsN7NoezE7zExV3Cet8,4122,41,498,1.0,4122.0,67936.0,0.060675,2.3727379e-05,0.09780426,0.90682639,0.80050043,-0.417,1.500,3.818,3.8181,0.0001,1,,0,3,3,0,0,m1,1ETD6u7wdHS6P9D1mxb1Qx3Aapa2DwAyyZutL2,002a4b88cb811bc6d415093e1947d7071840eeef264bb8e24796b83f840e3b0b,946686543,946686539,2,1,0,0,94.1873,495,
run4-tbt-3s,1,nazionale,3,none,true,12,500,42,1,m1,1ETD6u7wdHS6P9D1mxb1Qx3Aapa2DwAyyZutL2,51006,41,498,1.0,51006.0,67936.0,0.750795,7.5826113e-06,0.38675867,0.679255,0.40257844,-0.417,1.500,2.624,2.6243,0.0003,1,,1,2,2,0,0,m1,1ETD6u7wdHS6P9D1mxb1Qx3Aapa2DwAyyZutL2,00f3f6681f3c6b832965c2781245705ff36cf8cf14fbcc61f81b7539ef8ed4cf,946686546,946686543,2,1,0,0,7.7032,495,12
run4-tbt-3s,1,nazionale,3,none,true,12,500,42,1,m2,1WKxQntNgmP3dtjbv3UL3DHV2JEciQTnQ4K3sr,12808,41,498,1.0,12808.0,67936.0,0.18853,4.87682243e-06,0.06246234,0.93944844,0.28201874,-0.417,1.500,2.263,2.2627,-0.0003,1,,0,1,1,1,1,m1,1ETD6u7wdHS6P9D1mxb1Qx3Aapa2DwAyyZutL2,00f3f6681f3c6b832965c2781245705ff36cf8cf14fbcc61f81b7539ef8ed4cf,946686546,946686543,2,1,0,0,45.1899,495,
run4-tbt-3s,1,nazionale,3,none,true,12,500,42,1,m3,1LtuCHDRfFnaxMXGm2gmsN7NoezE7zExV3Cet8,4122,41,498,1.0,4122.0,67936.0,0.060675,8.33528769e-05,0.34358056,0.70922634,0.99652674,-0.417,1.500,4.406,4.4062,0.0002,1,,0,3,3,0,0,m1,1ETD6u7wdHS6P9D1mxb1Qx3Aapa2DwAyyZutL2,00f3f6681f3c6b832965c2781245705ff36cf8cf14fbcc61f81b7539ef8ed4cf,946686546,946686543,2,1,0,0,94.1873,495,
run4-tbt-3s,1,nazionale,3,none,true,12,501,42,1,m1,1ETD6u7wdHS6P9D1mxb1Qx3Aapa2DwAyyZutL2,51006,41,498,1.0,51006.0,67936.0,0.750795,1.85584532e-05,0.94659246,0.38806111,0.71656914,-0.417,1.500,3.566,3.5663,0.0003,1,,1,1,1,1,1,m1,1ETD6u7wdHS6P9D1mxb1Qx3Aapa2DwAyyZutL2,00f2d793245d4825ad2e1851716612f22bd5cc6947326b58c8e6a24e3809266a,946686550,946686546,3,1,0,0,7.7032,495,13
run4-tbt-3s,1,nazionale,3,none,true,12,501,42,1,m2,1WKxQntNgmP3dtjbv3UL3DHV2JEciQTnQ4K3sr,12808,41,498,1.0,12808.0,67936.0,0.18853,7.96766879e-05,1.02049902,0.36041504,0.99554138,-0.417,1.500,4.403,4.4032,0.0002,1,,0,3,3,0,0,m1,1ETD6u7wdHS6P9D1mxb1Qx3Aapa2DwAyyZutL2,00f2d793245d4825ad2e1851716612f22bd5cc6947326b58c8e6a24e3809266a,946686550,946686546,3,1,0,0,45.1899,495,
run4-tbt-3s,1,nazionale,3,none,true,12,501,42,1,m3,1LtuCHDRfFnaxMXGm2gmsN7NoezE7zExV3Cet8,4122,41,498,1.0,4122.0,67936.0,0.060675,3.19185209e-05,0.13156814,0.87671953,0.88564146,-0.417,1.500,4.074,4.0735,-0.0005,1,,0,2,2,0,0,m1,1ETD6u7wdHS6P9D1mxb1Qx3Aapa2DwAyyZutL2,00f2d793245d4825ad2e1851716612f22bd5cc6947326b58c8e6a24e3809266a,946686550,946686546,3,1,0,0,94.1873,495,
run4-tbt-3s,1,nazionale,3,none,true,12,502,42,1,m1,1ETD6u7wdHS6P9D1mxb1Qx3Aapa2DwAyyZutL2,51006,41,498,1.0,51006.0,67936.0,0.750795,3.70290836e-05,1.88870544,0.15126751,0.91918622,-0.417,1.500,4.174,4.1742,0.0002,1,,1,1,1,1,1,m1,1ETD6u7wdHS6P9D1mxb1Qx3Aapa2DwAyyZutL2,00b2b55385100ec88255404f291da55655600f8724930bd15742ad2275ffb49b,946686555,946686550,4,1,0,0,7.7032,495,14
run4-tbt-3s,1,nazionale,3,none,true,12,502,42,1,m2,1WKxQntNgmP3dtjbv3UL3DHV2JEciQTnQ4K3sr,12808,41,498,1.0,12808.0,67936.0,0.18853,7.10395637e-05,0.90987473,0.40257465,0.99198262,-0.417,1.500,4.393,4.3925,-0.0005,1,,0,2,2,0,0,m1,1ETD6u7wdHS6P9D1mxb1Qx3Aapa2DwAyyZutL2,00b2b55385100ec88255404f291da55655600f8724930bd15742ad2275ffb49b,946686555,946686550,4,1,0,0,45.1899,495,
run4-tbt-3s,1,nazionale,3,none,true,12,502,42,1,m3,1LtuCHDRfFnaxMXGm2gmsN7NoezE7zExV3Cet8,4122,41,498,1.0,4122.0,67936.0,0.060675,0.000120333375,0.49601417,0.60895301,0.99971838,-0.417,1.500,4.416,4.4158,-0.0002,1,,0,3,3,0,0,m1,1ETD6u7wdHS6P9D1mxb1Qx3Aapa2DwAyyZutL2,00b2b55385100ec88255404f291da55655600f8724930bd15742ad2275ffb49b,946686555,946686550,4,1,0,0,94.1873,495,
run4-tbt-3s,1,nazionale,3,none,true,12,503,42,1,m1,1ETD6u7wdHS6P9D1mxb1Qx3Aapa2DwAyyZutL2,51006,41,498,1.0,51006.0,67936.0,0.750795,2.83407013e-06,0.14455458,0.86540768,0.17513487,-0.667,1.500,1.892,1.892,0.0,1,,1,1,1,1,1,m1,1ETD6u7wdHS6P9D1mxb1Qx3Aapa2DwAyyZutL2,0057e0c833f0aa2885e17f219b5a8e80e61be9212833da7ba4fd1327d3be901c,946686557,946686555,1,1,0,0,7.7032,495,15
run4-tbt-3s,1,nazionale,3,none,true,12,503,42,1,m2,1WKxQntNgmP3dtjbv3UL3DHV2JEciQTnQ4K3sr,12808,41,498,1.0,12808.0,67936.0,0.18853,1.11592596e-05,0.1429278,0.86681665,0.53145141,-0.667,1.500,2.961,2.961,-0.0,1,,0,2,2,0,0,m1,1ETD6u7wdHS6P9D1mxb1Qx3Aapa2DwAyyZutL2,0057e0c833f0aa2885e17f219b5a8e80e61be9212833da7ba4fd1327d3be901c,946686557,946686555,1,1,0,0,45.1899,495,
run4-tbt-3s,1,nazionale,3,none,true,12,503,42,1,m3,1LtuCHDRfFnaxMXGm2gmsN7NoezE7zExV3Cet8,4122,41,498,1.0,4122.0,67936.0,0.060675,0.000291227845,1.20044118,0.30106136,1.0,-0.667,1.500,4.367,4.3666,-0.0004,1,,0,3,3,0,0,m1,1ETD6u7wdHS6P9D1mxb1Qx3Aapa2DwAyyZutL2,0057e0c833f0aa2885e17f219b5a8e80e61be9212833da7ba4fd1327d3be901c,946686557,946686555,1,1,0,0,94.1873,495,
run4-tbt-3s,1,nazionale,3,none,true,12,504,43,1,m1,1ETD6u7wdHS6P9D1mxb1Qx3Aapa2DwAyyZutL2,51006,41,498,1.0,51006.0,67936.0,0.750795,2.42234642e-05,1.23554201,0.29067717,0.80711194,-0.583,1.500,3.805,3.8047,-0.0003,1,,1,1,1,1,1,m1,1ETD6u7wdHS6P9D1mxb1Qx3Aapa2DwAyyZutL2,006f9b6b28c1894f4f5d03166735647a39eaf8ca2d75fc64cb0922f0b3dda171,946686562,946686557,3,1,0,0,108.5472,504,16
run4-tbt-3s,1,nazionale,3,none,true,12,504,43,1,m2,1WKxQntNgmP3dtjbv3UL3DHV2JEciQTnQ4K3sr,12808,41,498,1.0,12808.0,67936.0,0.18853,6.5000158e-05,0.83252202,0.43495095,0.98791573,-0.583,1.500,4.347,4.3471,0.0001,1,,0,3,3,0,0,m1,1ETD6u7wdHS6P9D1mxb1Qx3Aapa2DwAyyZutL2,006f9b6b28c1894f4f5d03166735647a39eaf8ca2d75fc64cb0922f0b3dda171,946686562,946686557,3,1,0,0,45.0843,504,
run4-tbt-3s,1,nazionale,3,none,true,12,504,43,1,m3,1LtuCHDRfFnaxMXGm2gmsN7NoezE7zExV3Cet8,4122,41,498,1.0,4122.0,67936.0,0.060675,4.26881316e-05,0.17596048,0.83865113,0.94498013,-0.583,1.500,4.218,4.2183,0.0003,1,,0,2,2,0,0,m1,1ETD6u7wdHS6P9D1mxb1Qx3Aapa2DwAyyZutL2,006f9b6b28c1894f4f5d03166735647a39eaf8ca2d75fc64cb0922f0b3dda171,946686562,946686557,3,1,0,0,94.1111,504,
run4-tbt-3s,1,nazionale,3,none,true,12,505,43,1,m1,1ETD6u7wdHS6P9D1mxb1Qx3Aapa2DwAyyZutL2,51006,41,498,1.0,51006.0,67936.0,0.750795,1.1761692e-05,0.59991686,0.54885727,0.55024051,-0.667,1.500,3.017,3.0173,0.0003,1,,1,1,1,1,1,m1,1ETD6u7wdHS6P9D1mxb1Qx3Aapa2DwAyyZutL2,007909ef596c98934d1d3f021de29b54febaddc056d9e49bae9161f62c8b3044,946686565,946686562,3,1,0,0,108.5472,504,17
run4-tbt-3s,1,nazionale,3,none,true,12,505,43,1,m2,1WKxQntNgmP3dtjbv3UL3DHV2JEciQTnQ4K3sr,12808,41,498,1.0,12808.0,67936.0,0.18853,3.20233719e-05,0.41015535,0.66354716,0.88645315,-0.667,1.500,4.026,4.026,-0.0,1,,0,2,2,0,0,m1,1ETD6u7wdHS6P9D1mxb1Qx3Aapa2DwAyyZutL2,007909ef596c98934d1d3f021de29b54febaddc056d9e49bae9161f62c8b3044,946686565,946686562,3,1,0,0,45.0843,504,
run4-tbt-3s,1,nazionale,3,none,true,12,505,43,1,m3,1LtuCHDRfFnaxMXGm2gmsN7NoezE7zExV3Cet8,4122,41,498,1.0,4122.0,67936.0,0.060675,9.29128123e-05,0.38298661,0.68182203,0.99818583,-0.667,1.500,4.361,4.3612,0.0002,1,,0,3,3,0,0,m1,1ETD6u7wdHS6P9D1mxb1Qx3Aapa2DwAyyZutL2,007909ef596c98934d1d3f021de29b54febaddc056d9e49bae9161f62c8b3044,946686565,946686562,3,1,0,0,94.1111,504,
run4-tbt-3s,1,nazionale,3,none,true,12,506,43,1,m1,1ETD6u7wdHS6P9D1mxb1Qx3Aapa2DwAyyZutL2,51006,41,498,1.0,51006.0,67936.0,0.750795,2.54280103e-05,1.29698109,0.27335578,0.82226779,-0.5,1.500,3.867,3.8668,-0.0002,1,,0,2,2,0,0,m2,1WKxQntNgmP3dtjbv3UL3DHV2JEciQTnQ4K3sr,004b5a5cc8ac5dafecc25bf2661a57e7198fcd958e3dba7c40d50e315093cf66,946686569,946686565,2,1,1,1,108.5472,504,
run4-tbt-3s,1,nazionale,3,none,true,12,506,43,1,m2,1WKxQntNgmP3dtjbv3UL3DHV2JEciQTnQ4K3sr,12808,41,498,1.0,12808.0,67936.0,0.18853,1.0595853e-05,0.13571169,0.87309432,0.51316979,-0.5,1.500,2.94,2.9395,-0.0005,1,,1,1,1,1,1,m2,1WKxQntNgmP3dtjbv3UL3DHV2JEciQTnQ4K3sr,004b5a5cc8ac5dafecc25bf2661a57e7198fcd958e3dba7c40d50e315093cf66,946686569,946686565,2,1,1,1,45.0843,504,1
run4-tbt-3s,1,nazionale,3,none,true,12,506,43,1,m3,1LtuCHDRfFnaxMXGm2gmsN7NoezE7zExV3Cet8,4122,41,498,1.0,4122.0,67936.0,0.060675,0.000648445062,2.67289055,0.06905234,1.0,-0.5,1.500,4.4,4.4,0.0,1,,0,3,3,0,0,m2,1WKxQntNgmP3dtjbv3UL3DHV2JEciQTnQ4K3sr,004b5a5cc8ac5dafecc25bf2661a57e7198fcd958e3dba7c40d50e315093cf66,946686569,946686565,2,1,1,1,94.1111,504,
run4-tbt-3s,1,nazionale,3,none,true,12,507,43,1,m1,1ETD6u7wdHS6P9D1mxb1Qx3Aapa2DwAyyZutL2,51006,41,498,1.0,51006.0,67936.0,0.750795,3.65407846e-05,1.86379926,0.15508231,0.91646042,-0.583,1.500,4.133,4.1328,-0.0002,1,,0,2,2,0,0,m2,1WKxQntNgmP3dtjbv3UL3DHV2JEciQTnQ4K3sr,006c08950642fad1dddc8ec5f1e5fc1e985cc0bdd5c625d4abb49bcedb6ca617,946686572,946686569,2,1,0,0,108.5472,504,
run4-tbt-3s,1,nazionale,3,none,true,12,507,43,1,m2,1WKxQntNgmP3dtjbv3UL3DHV2JEciQTnQ4K3sr,12808,41,498,1.0,12808.0,67936.0,0.18853,5.92544794e-06,0.07589314,0.92691525,0.33138792,-0.583,1.500,2.377,2.3776,0.0006,1,,1,1,1,1,1,m2,1WKxQntNgmP3dtjbv3UL3DHV2JEciQTnQ4K3sr,006c08950642fad1dddc8ec5f1e5fc1e985cc0bdd5c625d4abb49bcedb6ca617,946686572,946686569,2,1,0,0,45.0843,504,2
run4-tbt-3s,1,nazionale,3,none,true,12,507,43,1,m3,1LtuCHDRfFnaxMXGm2gmsN7NoezE7zExV3Cet8,4122,41,498,1.0,4122.0,67936.0,0.060675,5.83377906e-05,0.24046837,0.78625951,0.98099848,-0.583,1.500,4.326,4.3264,0.0004,1,,0,3,3,0,0,m2,1WKxQntNgmP3dtjbv3UL3DHV2JEciQTnQ4K3sr,006c08950642fad1dddc8ec5f1e5fc1e985cc0bdd5c625d4abb49bcedb6ca617,946686572,946686569,2,1,0,0,94.1111,504,
run4-tbt-3s,1,nazionale,3,none,true,12,508,43,1,m1,1ETD6u7wdHS6P9D1mxb1Qx3Aapa2DwAyyZutL2,51006,41,498,1.0,51006.0,67936.0,0.750795,3.01391359e-06,0.15372768,0.85750551,0.18515163,-0.417,1.500,1.972,1.9721,0.0001,1,,1,1,1,1,1,m1,1ETD6u7wdHS6P9D1mxb1Qx3Aapa2DwAyyZutL2,007bc3c8c162a03cbdef7a0e6cc6edd67bc526a89948ac965fe4ca08b438cbaa,946686576,946686572,1,1,0,0,108.5472,504,1
run4-tbt-3s,1,nazionale,3,none,true,12,508,43,1,m2,1WKxQntNgmP3dtjbv3UL3DHV2JEciQTnQ4K3sr,12808,41,498,1.0,12808.0,67936.0,0.18853,0.000149600429,1.91608229,0.14718245,0.99996144,-0.417,1.500,4.417,4.4165,-0.0005,1,,0,3,3,0,0,m1,1ETD6u7wdHS6P9D1mxb1Qx3Aapa2DwAyyZutL2,007bc3c8c162a03cbdef7a0e6cc6edd67bc526a89948ac965fe4ca08b438cbaa,946686576,946686572,1,1,0,0,45.0843,504,
run4-tbt-3s,1,nazionale,3,none,true,12,508,43,1,m3,1LtuCHDRfFnaxMXGm2gmsN7NoezE7zExV3Cet8,4122,41,498,1.0,4122.0,67936.0,0.060675,9.54985677e-05,0.3936451,0.67459343,0.99847809,-0.417,1.500,4.412,4.412,0.0,1,,0,2,2,0,0,m1,1ETD6u7wdHS6P9D1mxb1Qx3Aapa2DwAyyZutL2,007bc3c8c162a03cbdef7a0e6cc6edd67bc526a89948ac965fe4ca08b438cbaa,946686576,946686572,1,1,0,0,94.1111,504,
run4-tbt-3s,1,nazionale,3,none,true,12,509,43,1,m1,1ETD6u7wdHS6P9D1mxb1Qx3Aapa2DwAyyZutL2,51006,41,498,1.0,51006.0,67936.0,0.750795,1.56760424e-06,0.07995722,0.92315584,0.10102204,-0.5,1.500,1.703,1.7031,0.0001,1,,1,1,1,1,1,m1,1ETD6u7wdHS6P9D1mxb1Qx3Aapa2DwAyyZutL2,008d315c8e720e08a0bff0ec4fc5979a8b9a02b1441be21456cb1bd1b986b3a9,946686578,946686576,1,1,0,0,108.5472,504,2
run4-tbt-3s,1,nazionale,3,none,true,12,509,43,1,m2,1WKxQntNgmP3dtjbv3UL3DHV2JEciQTnQ4K3sr,12808,41,498,1.0,12808.0,67936.0,0.18853,4.0446676e-05,0.51804103,0.59568634,0.93593041,-0.5,1.500,4.208,4.2078,-0.0002,1,,0,2,2,0,0,m1,1ETD6u7wdHS6P9D1mxb1Qx3Aapa2DwAyyZutL2,008d315c8e720e08a0bff0ec4fc5979a8b9a02b1441be21456cb1bd1b986b3a9,946686578,946686576,1,1,0,0,45.0843,504,
run4-tbt-3s,1,nazionale,3,none,true,12,509,43,1,m3,1LtuCHDRfFnaxMXGm2gmsN7NoezE7zExV3Cet8,4122,41,498,1.0,4122.0,67936.0,0.060675,0.000488934945,2.01538984,0.13326844,1.0,-0.5,1.500,4.4,4.4,-0.0,1,,0,3,3,0,0,m1,1ETD6u7wdHS6P9D1mxb1Qx3Aapa2DwAyyZutL2,008d315c8e720e08a0bff0ec4fc5979a8b9a02b1441be21456cb1bd1b986b3a9,946686578,946686576,1,1,0,0,94.1111,504,
run4-tbt-3s,1,nazionale,3,none,true,12,510,43,1,m1,1ETD6u7wdHS6P9D1mxb1Qx3Aapa2DwAyyZutL2,51006,41,498,1.0,51006.0,67936.0,0.750795,0.000136097777,6.94180321,0.00096653,0.9999035,-0.5,1.500,4.4,4.3997,-0.0003,1,,0,3,3,0,0,m3,1LtuCHDRfFnaxMXGm2gmsN7NoezE7zExV3Cet8,00848506c710320f333e34622696f5a28457a436c1318de5362a10256d3f4581,946686582,946686578,2,1,0,0,108.5472,504,
run4-tbt-3s,1,nazionale,3,none,true,12,510,43,1,m2,1WKxQntNgmP3dtjbv3UL3DHV2JEciQTnQ4K3sr,12808,41,498,1.0,12808.0,67936.0,0.18853,7.70636145e-05,0.98703077,0.37268163,0.99467527,-0.5,1.500,4.384,4.384,0.0,1,,0,2,2,0,0,m3,1LtuCHDRfFnaxMXGm2gmsN7NoezE7zExV3Cet8,00848506c710320f333e34622696f5a28457a436c1318de5362a10256d3f4581,946686582,946686578,2,1,0,0,45.0843,504,
run4-tbt-3s,1,nazionale,3,none,true,12,510,43,1,m3,1LtuCHDRfFnaxMXGm2gmsN7NoezE7zExV3Cet8,4122,41,498,1.0,4122.0,67936.0,0.060675,8.07881706e-06,0.03330088,0.96724749,0.42238199,-0.5,1.500,2.667,2.6671,0.0001,1,,1,1,1,1,1,m3,1LtuCHDRfFnaxMXGm2gmsN7NoezE7zExV3Cet8,00848506c710320f333e34622696f5a28457a436c1318de5362a10256d3f4581,946686582,946686578,2,1,0,0,94.1111,504,1
run4-tbt-3s,1,nazionale,3,none,true,12,511,43,1,m1,1ETD6u7wdHS6P9D1mxb1Qx3Aapa2DwAyyZutL2,52503,42,510,1.0,52503.0,78826.0,0.666062,1.89605377e-05,0.99548511,0.36954413,0.77565794,-0.583,1.500,3.71,3.7104,0.0004,1,,0,1,1,1,1,m3,1LtuCHDRfFnaxMXGm2gmsN7NoezE7zExV3Cet8,00a4d5745228e0d0d210effffbc68db7f79b85ffc7a6217f2f2726441e162238,946686586,946686582,4,1,0,0,108.5472,504,
run4-tbt-3s,1,nazionale,3,none,true,12,511,43,1,m2,1WKxQntNgmP3dtjbv3UL3DHV2JEciQTnQ4K3sr,18080,42,510,1.0,18080.0,78826.0,0.229366,2.87810729e-05,0.5203618,0.59430549,0.8965531,-0.583,1.500,4.073,4.0731,0.0001,1,,0,2,2,0,0,m3,1LtuCHDRfFnaxMXGm2gmsN7NoezE7zExV3Cet8,00a4d5745228e0d0d210effffbc68db7f79b85ffc7a6217f2f2726441e162238,946686586,946686582,4,1,0,0,45.0843,504,
run4-tbt-3s,1,nazionale,3,none,true,12,511,43,1,m3,1LtuCHDRfFnaxMXGm2gmsN7NoezE7zExV3Cet8,8243,42,510,1.0,8243.0,78826.0,0.104572,4.16814972e-05,0.34358058,0.70922633,0.96258134,-0.583,1.500,4.271,4.2711,0.0001,1,,1,3,3,0,0,m3,1LtuCHDRfFnaxMXGm2gmsN7NoezE7zExV3Cet8,00a4d5745228e0d0d210effffbc68db7f79b85ffc7a6217f2f2726441e162238,946686586,946686582,4,1,0,0,94.1111,504,2
run4-tbt-3s,1,nazionale,3,none,true,12,512,43,1,m1,1ETD6u7wdHS6P9D1mxb1Qx3Aapa2DwAyyZutL2,52503,42,510,1.0,52503.0,78826.0,0.666062,2.27991397e-05,1.19702323,0.30209213,0.83423182,-0.583,1.500,3.886,3.8861,0.0001,1,,0,2,2,0,0,m2,1WKxQntNgmP3dtjbv3UL3DHV2JEciQTnQ4K3sr,00b02ce99993d465f5bfdf095bd1b3dd8a65b2c17f1ee31800e949272aac4b6e,946686589,946686586,2,1,0,0,108.5472,504,
run4-tbt-3s,1,nazionale,3,none,true,12,512,43,1,m2,1WKxQntNgmP3dtjbv3UL3DHV2JEciQTnQ4K3sr,18080,42,510,1.0,18080.0,78826.0,0.229366,3.04695436e-06,0.05508893,0.94640098,0.21351311,-0.583,1.500,2.024,2.0239,-0.0001,1,,1,1,1,1,1,m2,1WKxQntNgmP3dtjbv3UL3DHV2JEciQTnQ4K3sr,00b02ce99993d465f5bfdf095bd1b3dd8a65b2c17f1ee31800e949272aac4b6e,946686589,946686586,2,1,0,0,45.0843,504,1
run4-tbt-3s,1,nazionale,3,none,true,12,512,43,1,m3,1LtuCHDRfFnaxMXGm2gmsN7NoezE7zExV3Cet8,8243,42,510,1.0,8243.0,78826.0,0.104572,0.000230093392,1.89665983,0.15006904,0.99999999,-0.583,1.500,4.383,4.3834,0.0004,1,,0,3,3,0,0,m2,1WKxQntNgmP3dtjbv3UL3DHV2JEciQTnQ4K3sr,00b02ce99993d465f5bfdf095bd1b3dd8a65b2c17f1ee31800e949272aac4b6e,946686589,946686586,2,1,0,0,94.1111,504,
run4-tbt-3s,1,nazionale,3,none,true,12,513,43,1,m1,1ETD6u7wdHS6P9D1mxb1Qx3Aapa2DwAyyZutL2,52503,42,510,1.0,52503.0,78826.0,0.666062,2.46436324e-06,0.12938646,0.87863434,0.17655284,-0.583,1.500,1.913,1.9131,0.0001,1,,1,1,1,1,1,m1,1ETD6u7wdHS6P9D1mxb1Qx3Aapa2DwAyyZutL2,00614864daba25d53cbbc49d6451e31f5a6fcc3a8b2a0bc68ac797ca0bf6462b,946686592,946686589,1,1,1,1,6.8572,513,1
run4-tbt-3s,1,nazionale,3,none,true,12,513,43,1,m2,1WKxQntNgmP3dtjbv3UL3DHV2JEciQTnQ4K3sr,18080,42,510,1.0,18080.0,78826.0,0.229366,1.04705894e-05,0.18930826,0.82753138,0.56192041,-0.583,1.500,3.069,3.0692,0.0002,1,,0,2,2,0,0,m1,1ETD6u7wdHS6P9D1mxb1Qx3Aapa2DwAyyZutL2,00614864daba25d53cbbc49d6451e31f5a6fcc3a8b2a0bc68ac797ca0bf6462b,946686592,946686589,1,1,1,1,19.7111,513,
run4-tbt-3s,1,nazionale,3,none,true,12,513,43,1,m3,1LtuCHDRfFnaxMXGm2gmsN7NoezE7zExV3Cet8,8243,42,510,1.0,8243.0,78826.0,0.104572,4.01739876e-05,0.33115418,0.71809444,0.95785987,-0.583,1.500,4.257,4.257,-0.0,1,,0,3,3,0,0,m1,1ETD6u7wdHS6P9D1mxb1Qx3Aapa2DwAyyZutL2,00614864daba25d53cbbc49d6451e31f5a6fcc3a8b2a0bc68ac797ca0bf6462b,946686592,946686589,1,1,1,1,76.1389,513,
run4-tbt-3s,1,nazionale,3,none,true,12,514,43,1,m1,1ETD6u7wdHS6P9D1mxb1Qx3Aapa2DwAyyZutL2,52503,42,510,1.0,52503.0,78826.0,0.666062,3.17749249e-05,1.66827888,0.18857134,0.9182991,-0.5,1.500,4.155,4.1549,-0.0001,1,,1,1,1,1,1,m1,1ETD6u7wdHS6P9D1mxb1Qx3Aapa2DwAyyZutL2,000a5687603ddbc75695bef418e7c064f060aeaeb6dd4de754279b7907deab12,946686597,946686592,4,1,1,1,6.8572,513,2
run4-tbt-3s,1,nazionale,3,none,true,12,514,43,1,m2,1WKxQntNgmP3dtjbv3UL3DHV2JEciQTnQ4K3sr,18080,42,510,1.0,18080.0,78826.0,0.229366,4.5745869e-05,0.82708531,0.43732209,0.97283875,-0.5,1.500,4.319,4.3185,-0.0005,1,,0,2,2,0,0,m1,1ETD6u7wdHS6P9D1mxb1Qx3Aapa2DwAyyZutL2,000a5687603ddbc75695bef418e7c064f060aeaeb6dd4de754279b7907deab12,946686597,946686592,4,1,1,1,19.7111,513,
run4-tbt-3s,1,nazionale,3,none,true,12,514,43,1,m3,1LtuCHDRfFnaxMXGm2gmsN7NoezE7zExV3Cet8,8243,42,510,1.0,8243.0,78826.0,0.104572,0.000391267204,3.22521556,0.03974721,1.0,-0.5,1.500,4.4,4.4,-0.0,1,,0,3,3,0,0,m1,1ETD6u7wdHS6P9D1mxb1Qx3Aapa2DwAyyZutL2,000a5687603ddbc75695bef418e7c064f060aeaeb6dd4de754279b7907deab12,946686597,946686592,4,1,1,1,76.1389,513,
run4-tbt-3s,1,nazionale,3,none,true,12,515,43,1,m1,1ETD6u7wdHS6P9D1mxb1Qx3Aapa2DwAyyZutL2,52503,42,510,1.0,52503.0,78826.0,0.666062,5.93299339e-06,0.31149995,0.73234765,0.37354237,-0.5,1.500,2.521,2.5206,-0.0004,1,,1,1,1,1,1,m1,1ETD6u7wdHS6P9D1mxb1Qx3Aapa2DwAyyZutL2,0066287b25576f119433bfcfb0f4f622681da4cba94ffc20a49b570efc735316,946686600,946686597,2,1,0,0,6.8572,513,3
run4-tbt-3s,1,nazionale,3,none,true,12,515,43,1,m2,1WKxQntNgmP3dtjbv3UL3DHV2JEciQTnQ4K3sr,18080,42,510,1.0,18080.0,78826.0,0.229366,7.26768394e-05,1.31399726,0.26874367,0.9967491,-0.5,1.500,4.39,4.3902,0.0002,1,,0,2,2,0,0,m1,1ETD6u7wdHS6P9D1mxb1Qx3Aapa2DwAyyZutL2,0066287b25576f119433bfcfb0f4f622681da4cba94ffc20a49b570efc735316,946686600,946686597,2,1,0,0,19.7111,513,
run4-tbt-3s,1,nazionale,3,none,true,12,515,43,1,m3,1LtuCHDRfFnaxMXGm2gmsN7NoezE7zExV3Cet8,8243,42,510,1.0,8243.0,78826.0,0.104572,0.00014204047,1.17083959,0.31010647,0.99998628,-0.5,1.500,4.4,4.4,-0.0,1,,0,3,3,0,0,m1,1ETD6u7wdHS6P9D1mxb1Qx3Aapa2DwAyyZutL2,0066287b25576f119433bfcfb0f4f622681da4cba94ffc20a49b570efc735316,946686600,946686597,2,1,0,0,76.1389,513,
run4-tbt-3s,1,nazionale,3,none,true,12,516,44,0,m1,1ETD6u7wdHS6P9D1mxb1Qx3Aapa2DwAyyZutL2,52503,42,510,1.0,52503.0,78826.0,0.666062,6.93767858e-06,0.36424894,0.69471823,0.42124119,-0.583,1.500,2.647,2.6471,0.0001,1,,1,1,1,1,1,m1,1ETD6u7wdHS6P9D1mxb1Qx3Aapa2DwAyyZutL2,008a12ab36996e0de6ea1147c8fa9f51cf275eca055d6043bc8569d3d77ab8fb,946686603,946686600,2,1,0,0,6.8572,513,4
run4-tbt-3s,1,nazionale,3,none,true,12,516,44,0,m2,1WKxQntNgmP3dtjbv3UL3DHV2JEciQTnQ4K3sr,18080,42,510,1.0,18080.0,78826.0,0.229366,3.22201282e-05,0.58253992,0.55847808,0.92111655,-0.583,1.500,4.147,4.1467,-0.0003,1,,0,2,2,0,0,m1,1ETD6u7wdHS6P9D1mxb1Qx3Aapa2DwAyyZutL2,008a12ab36996e0de6ea1147c8fa9f51cf275eca055d6043bc8569d3d77ab8fb,946686603,946686600,2,1,0,0,19.7111,513,
run4-tbt-3s,1,nazionale,3,none,true,12,516,44,0,m3,1LtuCHDRfFnaxMXGm2gmsN7NoezE7zExV3Cet8,8243,42,510,1.0,8243.0,78826.0,0.104572,6.25389027e-05,0.51550817,0.59719704,0.99277127,-0.583,1.500,4.362,4.3617,-0.0003,1,,0,3,3,0,0,m1,1ETD6u7wdHS6P9D1mxb1Qx3Aapa2DwAyyZutL2,008a12ab36996e0de6ea1147c8fa9f51cf275eca055d6043bc8569d3d77ab8fb,946686603,946686600,2,1,0,0,76.1389,513,
run4-tbt-3s,1,nazionale,3,none,true,12,517,44,0,m1,1ETD6u7wdHS6P9D1mxb1Qx3Aapa2DwAyyZutL2,52503,42,510,1.0,52503.0,78826.0,0.666062,9.88378273e-06,0.51892824,0.59515807,0.54118081,-0.417,1.500,3.04,3.0401,0.0001,1,,1,1,1,1,1,m1,1ETD6u7wdHS6P9D1mxb1Qx3Aapa2DwAyyZutL2,00310702dc0c87b075520b992d255916d494c4260effec10399af5d51b7c3311,946686607,946686603,3,1,0,0,6.8572,513,5
run4-tbt-3s,1,nazionale,3,none,true,12,517,44,0,m2,1WKxQntNgmP3dtjbv3UL3DHV2JEciQTnQ4K3sr,18080,42,510,1.0,18080.0,78826.0,0.229366,7.27308195e-05,1.31497322,0.26848151,0.99676291,-0.417,1.500,4.407,4.4069,-0.0001,1,,0,2,2,0,0,m1,1ETD6u7wdHS6P9D1mxb1Qx3Aapa2DwAyyZutL2,00310702dc0c87b075520b992d255916d494c4260effec10399af5d51b7c3311,946686607,946686603,3,1,0,0,19.7111,513,
run4-tbt-3s,1,nazionale,3,none,true,12,517,44,0,m3,1LtuCHDRfFnaxMXGm2gmsN7NoezE7zExV3Cet8,8243,42,510,1.0,8243.0,78826.0,0.104572,0.000255949614,2.10979267,0.12126311,1.0,-0.417,1.500,4.417,4.4166,-0.0004,1,,0,3,3,0,0,m1,1ETD6u7wdHS6P9D1mxb1Qx3Aapa2DwAyyZutL2,00310702dc0c87b075520b992d255916d494c4260effec10399af5d51b7c3311,946686607,946686603,3,1,0,0,76.1389,513,
run4-tbt-3s,1,nazionale,3,none,true,12,518,44,0,m1,1ETD6u7wdHS6P9D1mxb1Qx3Aapa2DwAyyZutL2,52503,42,510,1.0,52503.0,78826.0,0.666062,7.48532129e-06,0.39300182,0.67502752,0.44569374,-0.5,1.500,2.737,2.7371,0.0001,1,,0,3,3,0,0,m3,1LtuCHDRfFnaxMXGm2gmsN7NoezE7zExV3Cet8,0037159eace9464574fe061c2da385657d19a122754549aab92495cc9af21d44,946686609,946686607,2,1,0,0,6.8572,513,
run4-tbt-3s,1,nazionale,3,none,true,12,518,44,0,m2,1WKxQntNgmP3dtjbv3UL3DHV2JEciQTnQ4K3sr,18080,42,510,1.0,18080.0,78826.0,0.229366,5.58644065e-06,0.10100285,0.90393046,0.35619331,-0.5,1.500,2.469,2.4686,-0.0004,1,,0,2,2,0,0,m3,1LtuCHDRfFnaxMXGm2gmsN7NoezE7zExV3Cet8,0037159eace9464574fe061c2da385657d19a122754549aab92495cc9af21d44,946686609,946686607,2,1,0,0,19.7111,513,
run4-tbt-3s,1,nazionale,3,none,true,12,518,44,0,m3,1LtuCHDRfFnaxMXGm2gmsN7NoezE7zExV3Cet8,8243,42,510,1.0,8243.0,78826.0,0.104572,3.37392404e-06,0.02781126,0.97257192,0.2335248,-0.5,1.500,2.101,2.1006,-0.0004,1,,1,1,1,1,1,m3,1LtuCHDRfFnaxMXGm2gmsN7NoezE7zExV3Cet8,0037159eace9464574fe061c2da385657d19a122754549aab92495cc9af21d44,946686609,946686607,2,1,0,0,76.1389,513,1
run4-tbt-3s,1,nazionale,3,none,true,12,519,44,0,m1,1ETD6u7wdHS6P9D1mxb1Qx3Aapa2DwAyyZutL2,52503,42,510,1.0,52503.0,78826.0,0.666062,3.51246221e-06,0.1844148,0.83159079,0.24184949,-0.333,1.500,2.159,2.1589,-0.0001,1,,1,1,1,1,1,m1,1ETD6u7wdHS6P9D1mxb1Qx3Aapa2DwAyyZutL2,00f4124dd3e7eb97c95e5feff1649f4d0a9c136c9d096f4647054777aa90b376,946686612,946686609,2,1,0,0,6.8572,513,1
run4-tbt-3s,1,nazionale,3,none,true,12,519,44,0,m2,1WKxQntNgmP3dtjbv3UL3DHV2JEciQTnQ4K3sr,18080,42,510,1.0,18080.0,78826.0,0.229366,2.29478645e-05,0.41489739,0.66040804,0.83616384,-0.333,1.500,3.942,3.9419,-0.0001,1,,0,2,2,0,0,m1,1ETD6u7wdHS6P9D1mxb1Qx3Aapa2DwAyyZutL2,00f4124dd3e7eb97c95e5feff1649f4d0a9c136c9d096f4647054777aa90b376,946686612,946686609,2,1,0,0,19.7111,513,
run4-tbt-3s,1,nazionale,3,none,true,12,519,44,0,m3,1LtuCHDRfFnaxMXGm2gmsN7NoezE7zExV3Cet8,8243,42,510,1.0,8243.0,78826.0,0.104572,0.000209571701,1.72749953,0.17772826,0.99999993,-0.333,1.500,4.433,4.4334,0.0004,1,,0,3,3,0,0,m1,1ETD6u7wdHS6P9D1mxb1Qx3Aapa2DwAyyZutL2,00f4124dd3e7eb97c95e5feff1649f4d0a9c136c9d096f4647054777aa90b376,946686612,946686609,2,1,0,0,76.1389,513,
run4-tbt-3s,1,nazionale,3,none,true,12,520,44,0,m1,1ETD6u7wdHS6P9D1mxb1Qx3Aapa2DwAyyZutL2,52503,42,510,1.0,52503.0,78826.0,0.666062,7.08328857e-06,0.3718939,0.68942739,0.42784612,-0.333,1.500,2.717,2.7169,-0.0001,1,,1,1,1,1,1,m1,1ETD6u7wdHS6P9D1mxb1Qx3Aapa2DwAyyZutL2,004329787badaa62a83520d6a25c90201238cc003b7f5888d670051d8027ab30,946686616,946686612,2,1,0,0,6.8572,513,2
run4-tbt-3s,1,nazionale,3,none,true,12,520,44,0,m2,1WKxQntNgmP3dtjbv3UL3DHV2JEciQTnQ4K3sr,18080,42,510,1.0,18080.0,78826.0,0.229366,0.000100004109,1.80807429,0.16396959,0.99962287,-0.333,1.500,4.432,4.4323,0.0003,1,,0,2,2,0,0,m1,1ETD6u7wdHS6P9D1mxb1Qx3Aapa2DwAyyZutL2,004329787badaa62a83520d6a25c90201238cc003b7f5888d670051d8027ab30,946686616,946686612,2,1,0,0,19.7111,513,
run4-tbt-3s,1,nazionale,3,none,true,12,520,44,0,m3,1LtuCHDRfFnaxMXGm2gmsN7NoezE7zExV3Cet8,8243,42,510,1.0,8243.0,78826.0,0.104572,0.000246632387,2.03299077,0.13094331,1.0,-0.333,1.500,4.433,4.4334,0.0004,1,,0,3,3,0,0,m1,1ETD6u7wdHS6P9D1mxb1Qx3Aapa2DwAyyZutL2,004329787badaa62a83520d6a25c90201238cc003b7f5888d670051d8027ab30,946686616,946686612,2,1,0,0,76.1389,513,
run4-tbt-3s,1,nazionale,3,none,true,12,521,44,0,m1,1ETD6u7wdHS6P9D1mxb1Qx3Aapa2DwAyyZutL2,52503,42,510,1.0,52503.0,78826.0,0.666062,4.44722765e-05,2.33492793,0.09681746,0.9699704,-0.333,1.500,4.343,4.3433,0.0003,1,,1,1,1,1,1,m1,1ETD6u7wdHS6P9D1mxb1Qx3Aapa2DwAyyZutL2,00fc3f41b81403161fe52a7062a350d25e7d505f17cc75a410f5c559b9355d2d,946686620,946686616,4,1,0,0,6.8572,513,3
run4-tbt-3s,1,nazionale,3,none,true,12,521,44,0,m2,1WKxQntNgmP3dtjbv3UL3DHV2JEciQTnQ4K3sr,18080,42,510,1.0,18080.0,78826.0,0.229366,6.30913755e-05,1.14069207,0.31959776,0.99307932,-0.333,1.500,4.413,4.4126,-0.0004,1,,0,2,2,0,0,m1,1ETD6u7wdHS6P9D1mxb1Qx3Aapa2DwAyyZutL2,00fc3f41b81403161fe52a7062a350d25e7d505f17cc75a410f5c559b9355d2d,946686620,946686616,4,1,0,0,19.7111,513,
run4-tbt-3s,1,nazionale,3,none,true,12,521,44,0,m3,1LtuCHDRfFnaxMXGm2gmsN7NoezE7zExV3Cet8,8243,42,510,1.0,8243.0,78826.0,0.104572,0.00020641189,1.70145321,0.18241824,0.99999991,-0.333,1.500,4.433,4.4334,0.0004,1,,0,3,3,0,0,m1,1ETD6u7wdHS6P9D1mxb1Qx3Aapa2DwAyyZutL2,00fc3f41b81403161fe52a7062a350d25e7d505f17cc75a410f5c559b9355d2d,946686620,946686616,4,1,0,0,76.1389,513,
run4-tbt-3s,1,nazionale,3,none,true,12,522,44,0,m1,1ETD6u7wdHS6P9D1mxb1Qx3Aapa2DwAyyZutL2,52503,42,510,1.0,52503.0,78826.0,0.666062,2.68473417e-07,0.01409566,0.98600322,0.02094033,-0.5,1.500,1.463,1.4628,-0.0002,1,,1,1,1,1,1,m1,1ETD6u7wdHS6P9D1mxb1Qx3Aapa2DwAyyZutL2,0043aba17ff3594122c04602b0b9b505a5647e3800c431be3125dee13256e878,946686622,946686620,1,1,0,0,7.4754,522,4
run4-tbt-3s,1,nazionale,3,none,true,12,522,44,0,m2,1WKxQntNgmP3dtjbv3UL3DHV2JEciQTnQ4K3sr,18080,42,510,1.0,18080.0,78826.0,0.229366,4.55377789e-06,0.0823323,0.92096587,0.30159499,-0.5,1.500,2.305,2.3048,-0.0002,1,,0,2,2,0,0,m1,1ETD6u7wdHS6P9D1mxb1Qx3Aapa2DwAyyZutL2,0043aba17ff3594122c04602b0b9b505a5647e3800c431be3125dee13256e878,946686622,946686620,1,1,0,0,49.0392,522,
run4-tbt-3s,1,nazionale,3,none,true,12,522,44,0,m3,1LtuCHDRfFnaxMXGm2gmsN7NoezE7zExV3Cet8,8243,42,510,1.0,8243.0,78826.0,0.104572,0.000102362648,0.84377531,0.43008376,0.99968685,-0.5,1.500,4.399,4.3991,0.0001,1,,0,3,3,0,0,m1,1ETD6u7wdHS6P9D1mxb1Qx3Aapa2DwAyyZutL2,0043aba17ff3594122c04602b0b9b505a5647e3800c431be3125dee13256e878,946686622,946686620,1,1,0,0,61.2659,522,
run4-tbt-3s,1,nazionale,3,none,true,12,523,44,0,m1,1ETD6u7wdHS6P9D1mxb1Qx3Aapa2DwAyyZutL2,44404,43,522,1.0,44404.0,70727.0,0.627822,5.67520918e-05,2.52001988,0.08045801,0.98193728,-0.333,1.500,4.379,4.3792,0.0002,1,,0,3,3,0,0,m2,1WKxQntNgmP3dtjbv3UL3DHV2JEciQTnQ4K3sr,00246b61d3cb8f74afaa076a91fe9240bd2f0fd3c99d06c29f6c2a6c92d57ee4,946686626,946686622,2,1,1,1,7.4754,522,
run4-tbt-3s,1,nazionale,3,none,true,12,523,44,0,m2,1WKxQntNgmP3dtjbv3UL3DHV2JEciQTnQ4K3sr,18080,42,510,1.0,18080.0,70727.0,0.255631,7.63381723e-06,0.13801942,0.87108178,0.41720337,-0.333,1.500,2.685,2.685,0.0,1,,1,1,1,1,1,m2,1WKxQntNgmP3dtjbv3UL3DHV2JEciQTnQ4K3sr,00246b61d3cb8f74afaa076a91fe9240bd2f0fd3c99d06c29f6c2a6c92d57ee4,946686626,946686622,2,1,1,1,49.0392,522,1
run4-tbt-3s,1,nazionale,3,none,true,12,523,44,0,m3,1LtuCHDRfFnaxMXGm2gmsN7NoezE7zExV3Cet8,8243,42,510,1.0,8243.0,70727.0,0.116547,5.6473989e-05,0.46551509,0.62781164,0.98157848,-0.333,1.500,4.378,4.3781,0.0001,1,,0,2,2,0,0,m2,1WKxQntNgmP3dtjbv3UL3DHV2JEciQTnQ4K3sr,00246b61d3cb8f74afaa076a91fe9240bd2f0fd3c99d06c29f6c2a6c92d57ee4,946686626,946686622,2,1,1,1,61.2659,522,
run4-tbt-3s,1,nazionale,3,none,true,12,524,44,0,m1,1ETD6u7wdHS6P9D1mxb1Qx3Aapa2DwAyyZutL2,44404,43,522,1.0,44404.0,70727.0,0.627822,8.78793979e-06,0.39021968,0.67690816,0.46288584,-0.417,1.500,2.805,2.8053,0.0003,1,,0,2,2,0,0,m3,1LtuCHDRfFnaxMXGm2gmsN7NoezE7zExV3Cet8,00d3498ec039b6b631615335e7771e7e5c91e80d2d0f048ec4d5a7e47f183b40,946686629,946686626,1,1,0,0,7.4754,522,
run4-tbt-3s,1,nazionale,3,none,true,12,524,44,0,m2,1WKxQntNgmP3dtjbv3UL3DHV2JEciQTnQ4K3sr,18080,42,510,1.0,18080.0,70727.0,0.255631,5.76364524e-05,1.04206706,0.35272482,0.98303246,-0.333,1.500,4.382,4.3825,0.0005,1,,0,3,3,0,0,m3,1LtuCHDRfFnaxMXGm2gmsN7NoezE7zExV3Cet8,00d3498ec039b6b631615335e7771e7e5c91e80d2d0f048ec4d5a7e47f183b40,946686629,946686626,1,1,0,0,49.0392,522,
run4-tbt-3s,1,nazionale,3,none,true,12,524,44,0,m3,1LtuCHDRfFnaxMXGm2gmsN7NoezE7zExV3Cet8,8243,42,510,1.0,8243.0,70727.0,0.116547,2.52675286e-06,0.02082802,0.97938738,0.1636513,-0.333,1.500,1.924,1.9244,0.0004,1,,1,1,1,1,1,m3,1LtuCHDRfFnaxMXGm2gmsN7NoezE7zExV3Cet8,00d3498ec039b6b631615335e7771e7e5c91e80d2d0f048ec4d5a7e47f183b40,946686629,946686626,1,1,0,0,61.2659,522,1
run4-tbt-3s,1,nazionale,3,none,true,12,525,44,0,m1,1ETD6u7wdHS6P9D1mxb1Qx3Aapa2DwAyyZutL2,44404,43,522,1.0,44404.0,70727.0,0.627822,2.33824693e-05,1.03827517,0.35406486,0.80867312,-0.333,1.500,3.859,3.8594,0.0004,1,,1,1,1,1,1,m1,1ETD6u7wdHS6P9D1mxb1Qx3Aapa2DwAyyZutL2,00105a882141a544f8cbb1de34557cdb97d859ee8b09ac6b36a00b88603601a7,946686634,946686629,3,1,1,1,7.4754,522,1
run4-tbt-3s,1,nazionale,3,none,true,12,525,44,0,m2,1WKxQntNgmP3dtjbv3UL3DHV2JEciQTnQ4K3sr,18080,42,510,1.0,18080.0,70727.0,0.255631,0.000121822688,2.2025542,0.11052051,0.99981884,-0.333,1.500,4.433,4.4329,-0.0001,1,,0,3,2,0,0,m1,1ETD6u7wdHS6P9D1mxb1Qx3Aapa2DwAyyZutL2,00105a882141a544f8cbb1de34557cdb97d859ee8b09ac6b36a00b88603601a7,946686634,946686629,3,1,1,1,49.0392,522,
run4-tbt-3s,1,nazionale,3,none,true,12,525,44,0,m3,1LtuCHDRfFnaxMXGm2gmsN7NoezE7zExV3Cet8,8243,42,510,1.0,8243.0,70727.0,0.116547,0.000131488068,1.08385614,0.33828852,0.99990855,-0.333,1.500,4.433,4.4331,0.0001,1,,0,2,3,0,0,m1,1ETD6u7wdHS6P9D1mxb1Qx3Aapa2DwAyyZutL2,00105a882141a544f8cbb1de34557cdb97d859ee8b09ac6b36a00b88603601a7,946686634,946686629,3,1,1,1,61.2659,522,
run4-tbt-3s,1,nazionale,3,none,true,12,526,44,0,m1,1ETD6u7wdHS6P9D1mxb1Qx3Aapa2DwAyyZutL2,44404,43,522,1.0,44404.0,70727.0,0.627822,2.33979373e-05,1.03896201,0.35382176,0.80888232,-0.5,1.500,3.827,3.8266,-0.0004,1,,1,2,2,0,0,m1,1ETD6u7wdHS6P9D1mxb1Qx3Aapa2DwAyyZutL2,00eb047e0d564a6eeacbc010c7d581516eb8b172c04ceae36b69007b7f6b8654,946686639,946686634,3,1,1,1,7.4754,522,2
run4-tbt-3s,1,nazionale,3,none,true,12,526,44,0,m2,1WKxQntNgmP3dtjbv3UL3DHV2JEciQTnQ4K3sr,18080,42,510,1.0,18080.0,70727.0,0.255631,1.71662456e-05,0.31036572,0.73317877,0.70302789,-0.5,1.500,3.509,3.5091,0.0001,1,,0,1,1,1,1,m1,1ETD6u7wdHS6P9D1mxb1Qx3Aapa2DwAyyZutL2,00eb047e0d564a6eeacbc010c7d581516eb8b172c04ceae36b69007b7f6b8654,946686639,946686634,3,1,1,1,49.0392,522,
run4-tbt-3s,1,nazionale,3,none,true,12,526,44,0,m3,1LtuCHDRfFnaxMXGm2gmsN7NoezE7zExV3Cet8,8243,42,510,1.0,8243.0,70727.0,0.116547,0.000184896797,1.5241043,0.21781607,0.99999791,-0.583,1.500,4.383,4.3834,0.0004,1,,0,3,3,0,0,m1,1ETD6u7wdHS6P9D1mxb1Qx3Aapa2DwAyyZutL2,00eb047e0d564a6eeacbc010c7d581516eb8b172c04ceae36b69007b7f6b8654,946686639,946686634,3,1,1,1,61.2659,522,
run4-tbt-3s,1,nazionale,3,none,true,12,527,44,0,m1,1ETD6u7wdHS6P9D1mxb1Qx3Aapa2DwAyyZutL2,44404,43,522,1.0,44404.0,70727.0,0.627822,6.82846221e-06,0.30321104,0.73844324,0.38304343,-0.5,1.500,2.549,2.5491,0.0001,1,,1,1,1,1,1,m1,1ETD6u7wdHS6P9D1mxb1Qx3Aapa2DwAyyZutL2,0051faac5d05d6d66e285c19159d0f7668ea0cd8949c84f5327cc36f39ee739f,946686642,946686639,2,1,0,0,7.4754,522,3
run4-tbt-3s,1,nazionale,3,none,true,12,527,44,0,m2,1WKxQntNgmP3dtjbv3UL3DHV2JEciQTnQ4K3sr,18080,42,510,1.0,18080.0,70727.0,0.255631,7.88604171e-05,1.42579634,0.24031701,0.99621822,-0.5,1.500,4.389,4.3887,-0.0003,1,,0,2,2,0,0,m1,1ETD6u7wdHS6P9D1mxb1Qx3Aapa2DwAyyZutL2,0051faac5d05d6d66e285c19159d0f7668ea0cd8949c84f5327cc36f39ee739f,946686642,946686639,2,1,0,0,49.0392,522,
run4-tbt-3s,1,nazionale,3,none,true,12,527,44,0,m3,1LtuCHDRfFnaxMXGm2gmsN7NoezE7zExV3Cet8,8243,42,510,1.0,8243.0,70727.0,0.116547,0.00012248315,1.00962861,0.36435427,0.99982711,-0.5,1.500,4.399,4.3995,0.0005,1,,0,3,3,0,0,m1,1ETD6u7wdHS6P9D1mxb1Qx3Aapa2DwAyyZutL2,0051faac5d05d6d66e285c19159d0f7668ea0cd8949c84f5327cc36f39ee739f,946686642,946686639,2,1,0,0,61.2659,522,
run4-tbt-3s,1,nazionale,3,none,true,12,528,45,0,m1,1ETD6u7wdHS6P9D1mxb1Qx3Aapa2DwAyyZutL2,44404,43,522,1.0,44404.0,70727.0,0.627822,1.16960415e-05,0.51935103,0.5949065,0.5627394,-0.5,1.500,3.088,3.0882,0.0002,1,,0,2,2,0,0,m2,1WKxQntNgmP3dtjbv3UL3DHV2JEciQTnQ4K3sr,00d2690f2c1ca209392a852670725a0657d38838c25335f94c29b7d0cf9bc223,946686645,946686642,1,1,0,0,7.4754,522,
run4-tbt-3s,1,nazionale,3,none,true,12,528,45,0,m2,1WKxQntNgmP3dtjbv3UL3DHV2JEciQTnQ4K3sr,18080,42,510,1.0,18080.0,70727.0,0.255631,1.7359153e-06,0.03138535,0.96910206,0.11553831,-0.5,1.500,1.747,1.7466,-0.0004,1,,1,1,1,1,1,m2,1WKxQntNgmP3dtjbv3UL3DHV2JEciQTnQ4K3sr,00d2690f2c1ca209392a852670725a0657d38838c25335f94c29b7d0cf9bc223,946686645,946686642,1,1,0,0,49.0392,522,1
run4-tbt-3s,1,nazionale,3,none,true,12,528,45,0,m3,1LtuCHDRfFnaxMXGm2gmsN7NoezE7zExV3Cet8,8243,42,510,1.0,8243.0,70727.0,0.116547,1.98234619e-05,0.1634048,0.84924735,0.75390902,-0.5,1.500,3.662,3.6617,-0.0003,1,,0,3,3,0,0,m2,1WKxQntNgmP3dtjbv3UL3DHV2JEciQTnQ4K3sr,00d2690f2c1ca209392a852670725a0657d38838c25335f94c29b7d0cf9bc223,946686645,946686642,1,1,0,0,61.2659,522,
run4-tbt-3s,1,nazionale,3,none,true,12,529,45,0,m1,1ETD6u7wdHS6P9D1mxb1Qx3Aapa2DwAyyZutL2,44404,43,522,1.0,44404.0,70727.0,0.627822,2.04281407e-05,0.90709116,0.40369681,0.76421175,-0.5,1.500,3.693,3.6926,-0.0004,1,,0,3,3,0,0,m3,1LtuCHDRfFnaxMXGm2gmsN7NoezE7zExV3Cet8,0081e988dd0e01fd50830a01b1492e5f6cc408d5c6b4cbe20896249ff16dd4b3,946686648,946686645,2,1,0,0,7.4754,522,
run4-tbt-3s,1,nazionale,3,none,true,12,529,45,0,m2,1WKxQntNgmP3dtjbv3UL3DHV2JEciQTnQ4K3sr,18080,42,510,1.0,18080.0,70727.0,0.255631,1.62938299e-05,0.29459244,0.74483509,0.68412658,-0.5,1.500,3.452,3.4524,0.0004,1,,0,2,2,0,0,m3,1LtuCHDRfFnaxMXGm2gmsN7NoezE7zExV3Cet8,0081e988dd0e01fd50830a01b1492e5f6cc408d5c6b4cbe20896249ff16dd4b3,946686648,946686645,2,1,0,0,49.0392,522,
run4-tbt-3s,1,nazionale,3,none,true,12,529,45,0,m3,1LtuCHDRfFnaxMXGm2gmsN7NoezE7zExV3Cet8,8243,42,510,1.0,8243.0,70727.0,0.116547,3.59982247e-06,0.02967334,0.97076259,0.22477707,-0.5,1.500,2.074,2.0743,0.0003,1,,1,1,1,1,1,m3,1LtuCHDRfFnaxMXGm2gmsN7NoezE7zExV3Cet8,0081e988dd0e01fd50830a01b1492e5f6cc408d5c6b4cbe20896249ff16dd4b3,946686648,946686645,2,1,0,0,61.2659,522,1
