experiment_id,replication_id,area,target_block_time,dumpfunction,malus_enabled,weight_epoch_length,height,epoch,epoch_buried,n_candidates_logged,n_candidates_with_weight,all_candidates_logged,winner_observed_host,winner_observed_address,winner_observed_logged_score,winner_theoretical_argmin_delay_host,winner_theoretical_argmin_score_host,argmin_delay_equals_argmin_score,winner_matches_theoretical_argmin,inversion,observed_winner_rank_by_delay,delay_min_s,delay_winner_s,margin_G_logged_s,margin_G_recomputed_s,inversion_gap_s,score_min,score_gap_2_1,W_tot_effective,W_tot_minus_argmin_weff,weff_argmin_score,p_observed_winner,phi_s,phi_identical_across_nodes,block_time,parent_time,dt_prev_s,scheduler_residual_s,verify_delay_floor_s,time_bar_slack_s,time_bar_ok,verify_parent_matches_chain,fork_detected,n_competing_blocks,competing_hashes,n_rejects,txcount,streak_length_so_far,winner_repeats_previous,n_candidates_delay_recompute_mismatch
run4-tbt-3s,1,nazionale,3,none,true,12,145,13,1,3,3,1,m1,1ETD6u7wdHS6P9D1mxb1Qx3Aapa2DwAyyZutL2,1,m1,m1,1,1,0,1,2.506,2.506,1.927,1.9274,0.0,6.81762215e-06,0.00016424777985,64900.0,21993.0,42907.0,0.661125,-0.333,1,946685251,946685248,3,0.494,2,1,1,1,0,0,,0,5,1,,0
run4-tbt-3s,1,nazionale,3,none,true,12,146,13,1,3,3,1,m1,1ETD6u7wdHS6P9D1mxb1Qx3Aapa2DwAyyZutL2,1,m1,m1,1,1,0,1,4.448,4.448,0.002,0.0018,0.0,0.000113961887,6.3734983e-05,64900.0,21993.0,42907.0,0.661125,-0.25,1,946685257,946685251,6,1.552,4,2,1,1,0,0,,0,3,2,1,0
run4-tbt-3s,1,nazionale,3,none,true,12,147,13,1,3,3,1,m1,1ETD6u7wdHS6P9D1mxb1Qx3Aapa2DwAyyZutL2,1,m1,m1,1,1,0,1,3.683,3.683,0.663,0.663,0.0,2.20607744e-05,3.9939379500000007e-05,64900.0,21993.0,42907.0,0.661125,-0.5,1,946685261,946685257,4,0.317,3,1,1,1,0,0,,0,4,3,1,0
run4-tbt-3s,1,nazionale,3,none,true,12,148,13,1,3,3,1,m1,1ETD6u7wdHS6P9D1mxb1Qx3Aapa2DwAyyZutL2,1,m1,m1,1,1,0,1,1.621,1.621,1.428,1.4283,0.0,1.36391289e-06,1.131451951e-05,64900.0,21993.0,42907.0,0.661125,-0.667,1,946685263,946685261,2,0.379,1,1,1,1,0,0,,0,3,4,1,0
run4-tbt-3s,1,nazionale,3,none,true,12,149,13,1,3,3,1,m1,1ETD6u7wdHS6P9D1mxb1Qx3Aapa2DwAyyZutL2,1,m1,m1,1,1,0,1,4.332,4.332,0.051,0.0517,0.0,6.25754987e-05,0.0001316016283,64900.0,21993.0,42907.0,0.661125,-0.583,1,946685268,946685263,5,0.668,4,1,1,1,0,0,,0,2,5,1,0
run4-tbt-3s,1,nazionale,3,none,true,12,150,13,1,3,3,1,m1,1ETD6u7wdHS6P9D1mxb1Qx3Aapa2DwAyyZutL2,1,m2,m2,1,0,1,2,4.272,4.338,0.066,0.066,0.066,5.61822273e-05,2.8511430399999995e-05,64900.0,49446.0,15454.0,0.661125,-0.75,1,946685272,946685268,4,-0.338,4,0,1,1,0,0,,0,6,6,1,0
run4-tbt-3s,1,nazionale,3,none,true,12,151,13,1,3,3,1,m1,1ETD6u7wdHS6P9D1mxb1Qx3Aapa2DwAyyZutL2,1,m1,m1,1,1,0,1,3.986,3.986,0.346,0.3462,0.0,3.04658018e-05,7.64791992e-05,70727.0,26323.0,44404.0,0.627822,-0.833,1,946685276,946685272,4,0.014,3,1,1,1,0,0,,0,3,7,1,0
run4-tbt-3s,1,nazionale,3,none,true,12,152,13,1,3,3,1,m1,1ETD6u7wdHS6P9D1mxb1Qx3Aapa2DwAyyZutL2,1,m3,m3,1,0,1,3,4.19,4.276,0.065,0.065,0.086,4.29619981e-05,8.508757600000001e-06,70727.0,62484.0,8243.0,0.627822,-0.833,1,946685281,946685276,5,0.724,4,1,1,1,0,0,,0,2,8,1,0
run4-tbt-3s,1,nazionale,3,none,true,12,153,13,1,3,3,1,m1,1ETD6u7wdHS6P9D1mxb1Qx3Aapa2DwAyyZutL2,1,m1,m1,1,1,0,1,3.909,3.909,0.318,0.3172,0.0,2.88273789e-05,2.3655158999999998e-05,70727.0,26323.0,44404.0,0.627822,-1.0,1,946685285,946685281,4,0.091,3,1,1,1,0,0,,0,4,9,1,0
run4-tbt-3s,1,nazionale,3,none,true,12,154,13,1,3,3,1,m1,1ETD6u7wdHS6P9D1mxb1Qx3Aapa2DwAyyZutL2,1,m2,m2,1,0,1,2,1.52,2.802,1.282,1.2817,1.282,9.94593142e-07,8.669722658000001e-06,70727.0,52647.0,18080.0,0.627822,-0.917,1,946685289,946685285,4,1.198,2,2,1,1,1,1,0042ba5f48aec15aa037f99edc34190ff5ddceebb2f5e5b73387432e8f73e648,0,1,10,1,0
run4-tbt-3s,1,nazionale,3,none,true,12,155,13,1,3,3,1,m1,1ETD6u7wdHS6P9D1mxb1Qx3Aapa2DwAyyZutL2,1,m1,m1,1,1,0,1,1.484,1.484,2.395,2.3946,0.0,1.0645122e-06,2.78611108e-05,70727.0,26323.0,44404.0,0.627822,-1.167,1,946685291,946685289,2,0.516,1,1,1,1,0,0,,0,2,11,1,0
run4-tbt-3s,1,nazionale,3,none,true,12,156,14,1,3,3,1,m1,1ETD6u7wdHS6P9D1mxb1Qx3Aapa2DwAyyZutL2,1,m1,m1,1,1,0,1,2.061,2.061,1.956,1.9554,0.0,4.24401097e-06,2.9972929830000004e-05,70727.0,26323.0,44404.0,0.627822,-1.083,1,946685293,946685291,2,-0.061,2,0,1,1,0,0,,0,2,12,1,0
run4-tbt-3s,1,nazionale,3,none,true,12,157,14,1,3,3,1,m1,1ETD6u7wdHS6P9D1mxb1Qx3Aapa2DwAyyZutL2,1,m1,m1,1,1,0,1,3.769,3.769,0.563,0.5635,0.0,2.32116892e-05,4.94920091e-05,70727.0,26323.0,44404.0,0.627822,-0.75,1,946685297,946685293,4,0.231,3,1,1,1,0,0,,0,2,13,1,0
run4-tbt-3s,1,nazionale,3,none,true,12,158,14,1,3,3,1,m1,1ETD6u7wdHS6P9D1mxb1Qx3Aapa2DwAyyZutL2,1,m1,m1,1,1,0,1,2.128,2.128,0.462,0.4625,0.0,4.35022508e-06,3.3271259000000002e-06,70727.0,26323.0,44404.0,0.627822,-0.833,1,946685300,946685297,3,0.872,2,1,1,1,0,0,,0,1,14,1,0
run4-tbt-3s,1,nazionale,3,none,true,12,159,14,1,3,3,1,m1,1ETD6u7wdHS6P9D1mxb1Qx3Aapa2DwAyyZutL2,1,m2,m2,1,0,1,2,1.504,1.627,0.123,0.1227,0.123,5.80068783e-07,6.15534877e-07,70727.0,52647.0,18080.0,0.627822,-0.583,1,946685302,946685300,2,0.373,1,1,1,1,0,0,,0,7,15,1,0
run4-tbt-3s,1,nazionale,3,none,true,12,160,14,1,3,3,1,m1,1ETD6u7wdHS6P9D1mxb1Qx3Aapa2DwAyyZutL2,1,m2,m2,1,0,1,2,3.433,3.793,0.36,0.3602,0.36,1.57617367e-05,6.4442758e-06,70727.0,52647.0,18080.0,0.627822,-0.417,1,946685306,946685302,4,0.207,3,1,1,1,0,0,,0,1,16,1,0
run4-tbt-3s,1,nazionale,3,none,true,12,161,14,1,3,3,1,m2,1WKxQntNgmP3dtjbv3UL3DHV2JEciQTnQ4K3sr,1,m1,m1,1,0,1,2,4.266,4.381,0.115,0.1147,0.115,4.58273793e-05,5.3923709300000006e-05,70727.0,26323.0,44404.0,0.255631,-0.583,1,946685312,946685306,6,1.619,4,2,1,1,1,1,0031cb3b3491c6f36e151ef05b36e7aa33d4cec7a748fa1b594e7283d12323bb,0,3,1,0,0
run4-tbt-3s,1,nazionale,3,none,true,12,162,14,1,3,3,1,m2,1WKxQntNgmP3dtjbv3UL3DHV2JEciQTnQ4K3sr,1,m2,m2,1,1,0,1,1.39,1.39,2.856,2.8559,0.0,1.09392409e-07,4.3444506891000005e-05,70727.0,52647.0,18080.0,0.255631,-0.667,0,946685314,946685312,2,0.61,1,1,1,1,0,0,,0,2,2,1,0
run4-tbt-3s,1,nazionale,3,none,true,12,163,14,1,3,3,1,m3,1LtuCHDRfFnaxMXGm2gmsN7NoezE7zExV3Cet8,1,m3,m3,1,1,0,1,2.918,2.918,0.217,0.2164,0.0,8.94932984e-06,2.002733859999999e-06,78826.0,70583.0,8243.0,0.104572,-0.5,1,946685318,946685314,4,1.082,2,2,1,1,1,2,00757b801fc2f9a923d8a91c7e1f14a0446d4c99e6eda11ed66d8df7ae0fb91c 00e283adfb60740385bf288e5cde13a74254edd8e5e693029843c56e28515536,0,4,1,0,0
run4-tbt-3s,1,nazionale,3,none,true,12,164,14,1,3,3,1,m3,1LtuCHDRfFnaxMXGm2gmsN7NoezE7zExV3Cet8,1,m1,m1,1,0,1,3,3.617,4.4,0.712,0.7114,0.783,1.70439635e-05,3.03693598e-05,78826.0,26323.0,52503.0,0.104572,-0.5,1,946685323,946685318,5,0.6,4,1,1,1,1,2,0008844baa8b8399ecaf513e72a9160c6bbf873e5bd239dc24c138e2152e4909 0055be38ad84901682cfbaae02f0376458e90513c54605b7c38cbbba1650d7c0,0,5,2,1,0
run4-tbt-3s,1,nazionale,3,none,true,12,165,14,1,3,3,1,m3,1LtuCHDRfFnaxMXGm2gmsN7NoezE7zExV3Cet8,1,m1,m1,1,0,1,2,4.196,4.354,0.158,0.1581,0.158,3.41074237e-05,1.8953339899999998e-05,78826.0,26323.0,52503.0,0.104572,-0.5,1,946685327,946685323,4,-0.354,4,0,1,1,1,2,004e445e4837697853b49fb2498f038181348e5d463157ec2f6e6eb245ddfdbe 00624e9fc4db625250f0633e9a03f7fd0f42ac888781ea771513ca4402363e4b,0,2,3,1,0
run4-tbt-3s,1,nazionale,3,none,true,12,166,14,1,3,3,1,m3,1LtuCHDRfFnaxMXGm2gmsN7NoezE7zExV3Cet8,1,m3,m3,1,1,0,1,2.907,2.907,1.228,1.2282,0.0,8.85406976e-06,2.194868594e-05,78826.0,70583.0,8243.0,0.104572,-0.5,1,946685330,946685327,3,0.093,2,1,1,1,0,0,,0,1,4,1,0
run4-tbt-3s,1,nazionale,3,none,true,12,167,14,1,3,3,1,m3,1LtuCHDRfFnaxMXGm2gmsN7NoezE7zExV3Cet8,1,m3,m3,1,1,0,1,3.388,3.388,0.642,0.6419,0.0,1.35758624e-05,1.24034088e-05,78826.0,70583.0,8243.0,0.104572,-0.417,1,946685335,946685330,5,1.612,3,2,1,1,0,0,,0,4,5,1,0
run4-tbt-3s,1,nazionale,3,none,true,12,168,15,1,3,3,1,m3,1LtuCHDRfFnaxMXGm2gmsN7NoezE7zExV3Cet8,1,m3,m3,1,1,0,1,3.707,3.707,0.346,0.3467,0.0,1.92070195e-05,9.450448799999998e-06,78826.0,70583.0,8243.0,0.104572,-0.667,1,946685339,946685335,4,0.293,3,1,1,1,0,0,,0,1,6,1,0
run4-tbt-3s,1,nazionale,3,none,true,12,169,15,1,3,3,1,m2,1WKxQntNgmP3dtjbv3UL3DHV2JEciQTnQ4K3sr,1,m2,m2,1,1,0,1,3.204,3.204,0.933,0.9328,0.0,1.23973886e-05,2.2203835999999998e-05,78826.0,60746.0,18080.0,0.229366,-0.833,1,946685344,946685339,5,1.796,3,2,1,1,1,1,006ca5ebe0d83c6ad303012a6220c8e7d82df70c51f68f4a72e4bef113c95b04,0,7,1,0,0
run4-tbt-3s,1,nazionale,3,none,true,12,170,15,1,3,3,1,m2,1WKxQntNgmP3dtjbv3UL3DHV2JEciQTnQ4K3sr,1,m1,m1,1,0,1,2,3.782,3.793,0.011,0.0107,0.011,2.18897603e-05,2.565289000000011e-07,78826.0,26323.0,52503.0,0.229366,-0.917,1,946685348,946685344,4,0.207,3,1,1,1,1,1,006a38d1fe659bcdf0a270ad731ecb400ce70d8ae24a09e8b08ad8a358b29914,0,4,2,1,0
run4-tbt-3s,1,nazionale,3,none,true,12,171,15,1,3,3,1,m2,1WKxQntNgmP3dtjbv3UL3DHV2JEciQTnQ4K3sr,1,m1,m1,1,0,1,2,3.683,4.183,0.5,0.5002,0.5,2.00645791e-05,2.11278798e-05,78826.0,26323.0,52503.0,0.229366,-1.0,1,946685352,946685348,4,-0.183,4,0,1,1,1,1,00b32c982e811c96e2f48fa593a85ed6f6ea3457150d2986d493a11fee1c87d0,0,2,3,1,0
run4-tbt-3s,1,nazionale,3,none,true,12,172,15,1,3,3,1,m2,1WKxQntNgmP3dtjbv3UL3DHV2JEciQTnQ4K3sr,1,m1,m1,1,0,1,3,2.296,4.267,1.954,1.9539,1.971,5.33201798e-06,0.00014070429102,78826.0,26323.0,52503.0,0.229366,-1.167,0,946685357,946685352,5,0.733,4,1,1,1,1,2,0073847b04bcd784cfb0b13aa881005fcd6f2b80d94b432edd32175a53da15e6 00fa19aaeb891153452fe35d730d1485f0651bf6fa5b93c90444d58e9e1109b3,0,3,4,1,0
run4-tbt-3s,1,nazionale,3,none,true,12,173,15,1,3,3,1,m2,1WKxQntNgmP3dtjbv3UL3DHV2JEciQTnQ4K3sr,1,m2,m2,1,1,0,1,1.815,1.815,1.882,1.8817,0.0,2.6486205e-06,1.88030887e-05,78826.0,60746.0,18080.0,0.229366,-1.25,1,946685359,946685357,2,0.185,1,1,1,1,0,0,,0,1,5,1,0
run4-tbt-3s,1,nazionale,3,none,true,12,174,15,1,3,3,1,m2,1WKxQntNgmP3dtjbv3UL3DHV2JEciQTnQ4K3sr,1,m1,m1,1,0,1,3,2.881,4.316,1.183,1.183,1.435,9.34864776e-06,2.2034262540000004e-05,78826.0,26323.0,52503.0,0.229366,-0.917,1,946685363,946685359,4,-0.316,4,0,1,1,1,1,00b77c28b1615d757e0448e72a429859a25d48bf2fa399f538e0cdc847601bc2,0,4,6,1,0
run4-tbt-3s,1,nazionale,3,none,true,12,175,15,1,3,3,1,m2,1WKxQntNgmP3dtjbv3UL3DHV2JEciQTnQ4K3sr,1,m1,m1,1,0,1,2,3.569,4.276,0.707,0.707,0.707,1.99220104e-05,6.44070735e-05,72059.0,19556.0,52503.0,0.214186,-1.083,1,946685368,946685363,5,0.724,4,1,1,1,1,1,00d2c239e03178a23c20088d17e1b4d239b3420256ec52da069f0097680e11d9,0,4,7,1,0
run4-tbt-3s,1,nazionale,3,none,true,12,176,15,1,3,3,1,m2,1WKxQntNgmP3dtjbv3UL3DHV2JEciQTnQ4K3sr,1,m2,m2,1,1,0,1,1.793,1.793,1.58,1.5804,0.0,2.67528454e-06,1.4131888359999999e-05,72059.0,56625.0,15434.0,0.214186,-1.167,1,946685370,946685368,2,0.207,1,1,1,1,0,0,,0,2,8,1,0
run4-tbt-3s,1,nazionale,3,none,true,12,177,15,1,3,3,1,m2,1WKxQntNgmP3dtjbv3UL3DHV2JEciQTnQ4K3sr,1,m1,m1,1,0,1,3,4.07,4.317,0.245,0.2445,0.247,3.46761249e-05,6.60438091e-05,72059.0,19556.0,52503.0,0.214186,-0.917,1,946685375,946685370,5,0.683,4,1,1,1,0,0,,0,2,9,1,0
run4-tbt-3s,1,nazionale,3,none,true,12,178,15,1,3,3,1,m2,1WKxQntNgmP3dtjbv3UL3DHV2JEciQTnQ4K3sr,1,m1,m1,1,0,1,3,3.483,4.3,0.817,0.8168,0.817,1.80551242e-05,0.0001809214438,72059.0,19556.0,52503.0,0.214186,-1.0,1,946685379,946685375,4,-0.3,4,0,1,1,0,0,,0,1,10,1,0
run4-tbt-3s,1,nazionale,3,none,true,12,179,15,1,3,3,1,m2,1WKxQntNgmP3dtjbv3UL3DHV2JEciQTnQ4K3sr,1,m2,m2,1,1,0,1,2.327,2.327,1.547,1.547,0.0,5.93244277e-06,2.170613793e-05,72059.0,56625.0,15434.0,0.214186,-1.083,1,946685382,946685379,3,0.673,2,1,1,1,0,0,,0,5,11,1,0
run4-tbt-3s,1,nazionale,3,none,true,12,180,16,1,3,3,1,m2,1WKxQntNgmP3dtjbv3UL3DHV2JEciQTnQ4K3sr,1,m1,m1,1,0,1,2,3.42,4.216,0.796,0.7965,0.796,1.67528693e-05,3.03576686e-05,72059.0,19556.0,52503.0,0.214186,-0.917,1,946685387,946685382,5,0.784,4,1,1,1,0,0,,0,1,12,1,0
run4-tbt-3s,1,nazionale,3,none,true,12,181,16,1,3,3,1,m2,1WKxQntNgmP3dtjbv3UL3DHV2JEciQTnQ4K3sr,1,m2,m2,1,1,0,1,3.578,3.578,0.657,0.6576,0.0,1.9757723e-05,3.34723998e-05,72059.0,56625.0,15434.0,0.214186,-1.0,1,946685391,946685387,4,0.422,3,1,1,1,0,0,,0,6,13,1,0
run4-tbt-3s,1,nazionale,3,none,true,12,182,16,1,3,3,1,m3,1LtuCHDRfFnaxMXGm2gmsN7NoezE7zExV3Cet8,1,m3,m3,1,1,0,1,2.243,2.243,1.749,1.7487,0.0,5.12748058e-06,2.573115362e-05,72059.0,67937.0,4122.0,0.057203,-0.917,1,946685395,946685391,4,1.757,2,2,1,1,1,1,00d10fd30692d54a345452a6306d272781569598d288c3590ac9d5d4a412297b,0,2,1,0,0
run4-tbt-3s,1,nazionale,3,none,true,12,183,16,1,3,3,1,m1,1ETD6u7wdHS6P9D1mxb1Qx3Aapa2DwAyyZutL2,1,m1,m1,1,1,0,1,2.965,2.965,0.524,0.5239,0.0,1.10664565e-05,6.807393200000001e-06,72059.0,19556.0,52503.0,0.728611,-0.917,1,946685400,946685395,5,2.035,2,3,1,1,1,2,0041c80e1f42d8e4d03a363df572f30eae1de50dc49f2d367cc5bba91edcc616 00859fde0b02b1a46d7840bab1597e4bd9cf240b5bdfb03f92cccb216ddd986a,0,3,1,0,0
run4-tbt-3s,1,nazionale,3,none,true,12,184,16,1,3,3,1,m1,1ETD6u7wdHS6P9D1mxb1Qx3Aapa2DwAyyZutL2,1,m1,m1,1,1,0,1,3.434,3.434,0.866,0.8663,0.0,1.72365988e-05,0.00012893249520000002,72059.0,19556.0,52503.0,0.728611,-1.0,1,946685404,946685400,4,0.566,3,1,1,1,1,2,0094b54e6798ee8002c53d3254cceb54ac529eac243f04b4c526424a6f939d41 00e2270cd59e16fedc5b3310eaeb3f60e77d1573c8bf97d6f8e4ad88d248feb7,0,4,2,1,0
run4-tbt-3s,1,nazionale,3,none,true,12,185,16,1,3,3,1,m1,1ETD6u7wdHS6P9D1mxb1Qx3Aapa2DwAyyZutL2,1,m1,m1,1,1,0,1,1.96,1.96,2.355,2.3545,0.0,3.35032561e-06,9.808243639000001e-05,72059.0,19556.0,52503.0,0.728611,-0.917,1,946685406,946685404,2,0.04,1,1,1,1,0,0,,0,1,3,1,0
run4-tbt-3s,1,nazionale,3,none,true,12,186,16,1,3,3,1,m1,1ETD6u7wdHS6P9D1mxb1Qx3Aapa2DwAyyZutL2,1,m1,m1,1,1,0,1,4.157,4.157,0.16,0.1599,0.0,4.06837425e-05,0.0001962236255,72059.0,19556.0,52503.0,0.728611,-0.917,1,946685411,946685406,5,0.843,4,1,1,1,0,0,,0,4,4,1,0
run4-tbt-3s,1,nazionale,3,none,true,12,187,16,1,3,3,1,m1,1ETD6u7wdHS6P9D1mxb1Qx3Aapa2DwAyyZutL2,1,m1,m1,1,1,0,1,2.43,2.43,1.796,1.7959,0.0,6.50083143e-06,4.443182627e-05,72725.0,28778.0,43947.0,0.60429,-1.0,1,946685414,946685411,3,0.57,2,1,1,1,0,0,,0,5,5,1,0
run4-tbt-3s,1,nazionale,3,none,true,12,188,16,1,3,3,1,m1,1ETD6u7wdHS6P9D1mxb1Qx3Aapa2DwAyyZutL2,1,m1,m1,1,1,0,1,1.344,1.344,2.654,2.6542,0.0,4.80110916e-08,3.00844289084e-05,72725.0,28778.0,43947.0,0.60429,-0.833,1,946685416,946685414,2,0.656,1,1,1,1,0,0,,0,3,6,1,0
run4-tbt-3s,1,nazionale,3,none,true,12,189,16,1,3,3,1,m1,1ETD6u7wdHS6P9D1mxb1Qx3Aapa2DwAyyZutL2,1,m1,m1,1,1,0,1,2.973,2.973,0.944,0.9436,0.0,1.08777658e-05,1.62727847e-05,72725.0,28778.0,43947.0,0.60429,-0.833,1,946685420,946685416,4,1.027,2,2,1,1,0,0,,0,1,7,1,0
run4-tbt-3s,1,nazionale,3,none,true,12,190,16,1,3,3,1,m1,1ETD6u7wdHS6P9D1mxb1Qx3Aapa2DwAyyZutL2,1,m2,m2,1,0,1,2,1.812,3.286,1.474,1.4734,1.474,2.30105538e-06,1.194790292e-05,72725.0,52190.0,20535.0,0.60429,-0.75,1,946685423,946685420,3,-0.286,3,0,1,1,1,1,001b26bfaed01dadca405cf90d3bf565e90fd6357b74d1b2372edf47031380c4,0,3,8,1,0
run4-tbt-3s,1,nazionale,3,none,true,12,191,16,1,3,3,1,m1,1ETD6u7wdHS6P9D1mxb1Qx3Aapa2DwAyyZutL2,1,m1,m1,1,1,0,1,3.772,3.772,0.595,0.5942,0.0,2.22646393e-05,0.00017303031069999998,72725.0,28778.0,43947.0,0.60429,-0.667,1,946685427,946685423,4,0.228,3,1,1,1,1,1,00af50caa32c4cbe903be8ee5fee5df112f2f642a416c718c2361068397fa9d6,0,1,9,1,0
run4-tbt-3s,1,nazionale,3,none,true,12,192,17,1,3,3,1,m1,1ETD6u7wdHS6P9D1mxb1Qx3Aapa2DwAyyZutL2,1,m1,m1,1,1,0,1,4.019,4.019,0.19,0.1896,0.0,3.03256098e-05,1.1720773899999999e-05,72725.0,28778.0,43947.0,0.60429,-0.75,1,946685432,946685427,5,0.981,4,1,1,1,1,1,0075437650cea0a679985b9374bb5beb74136c8e76227df09f186e788cbba01e,0,4,10,1,0
run4-tbt-3s,1,nazionale,3,none,true,12,193,17,1,3,3,1,m1,1ETD6u7wdHS6P9D1mxb1Qx3Aapa2DwAyyZutL2,1,m1,m1,1,1,0,1,4.207,4.207,0.136,0.1351,0.0,4.18955277e-05,4.0736645600000005e-05,72725.0,28778.0,43947.0,0.60429,-0.75,1,946685436,946685432,4,-0.207,4,0,1,1,1,1,00762308abf3cb959a4a7f00959368d2b12ba6378b28c8491f073d2222ed2111,0,2,11,1,0
run4-tbt-3s,1,nazionale,3,none,true,12,194,17,1,3,3,1,m1,1ETD6u7wdHS6P9D1mxb1Qx3Aapa2DwAyyZutL2,1,m1,m1,1,1,0,1,2.157,2.157,2.095,2.0952,0.0,4.31077736e-06,4.280029054e-05,72725.0,28778.0,43947.0,0.60429,-0.75,1,946685438,946685436,2,-0.157,2,0,1,1,0,0,,0,1,12,1,0
run4-tbt-3s,1,nazionale,3,none,true,12,195,17,1,3,3,1,m1,1ETD6u7wdHS6P9D1mxb1Qx3Aapa2DwAyyZutL2,1,m1,m1,1,1,0,1,2.128,2.128,1.825,1.8256,0.0,3.92274111e-06,2.279367749e-05,72725.0,28778.0,43947.0,0.60429,-0.583,1,946685441,946685438,3,0.872,2,1,1,1,0,0,,0,7,13,1,0
run4-tbt-3s,1,nazionale,3,none,true,12,196,17,1,3,3,1,m1,1ETD6u7wdHS6P9D1mxb1Qx3Aapa2DwAyyZutL2,1,m2,m2,1,0,1,2,2.736,4.05,1.314,1.3136,1.314,7.9695193e-06,2.09273624e-05,72725.0,52190.0,20535.0,0.60429,-0.417,1,946685445,946685441,4,-0.05,4,0,1,1,1,1,0001588dafce9b24fb14789e22f831b339b8215aa08b38ebea592fc253885273,0,4,14,1,0
run4-tbt-3s,1,nazionale,3,none,true,12,197,17,1,3,3,1,m1,1ETD6u7wdHS6P9D1mxb1Qx3Aapa2DwAyyZutL2,1,m2,m2,1,0,1,2,4.214,4.31,0.096,0.0964,0.096,3.70234858e-05,8.858178400000002e-06,72725.0,52190.0,20535.0,0.60429,-0.417,1,946685449,946685445,4,-0.31,4,0,1,1,1,1,0024dda7661def7f0f534955c232ac97e53713a98f6430a7abc8b10c6603a6cc,0,1,15,1,0
run4-tbt-3s,1,nazionale,3,none,true,12,198,17,1,3,3,1,m1,1ETD6u7wdHS6P9D1mxb1Qx3Aapa2DwAyyZutL2,1,m1,m1,1,1,0,1,1.611,1.611,2.772,2.7721,0.0,1.08660929e-06,0.00024373275571000003,72725.0,28778.0,43947.0,0.60429,-0.583,1,946685452,946685449,3,1.389,1,2,1,1,0,0,,0,2,16,1,0
run4-tbt-3s,1,nazionale,3,none,true,12,199,17,1,3,3,1,m1,1ETD6u7wdHS6P9D1mxb1Qx3Aapa2DwAyyZutL2,1,m1,m1,1,1,0,1,2.866,2.866,1.551,1.5507,0.0,9.01732872e-06,0.00018030805428,73182.0,28778.0,44404.0,0.606761,-0.417,1,946685455,946685452,3,0.134,2,1,1,1,0,0,,0,4,17,1,0
run4-tbt-3s,1,nazionale,3,none,true,12,200,17,1,3,3,1,m1,1ETD6u7wdHS6P9D1mxb1Qx3Aapa2DwAyyZutL2,1,m1,m1,1,1,0,1,1.538,1.538,2.132,2.1316,0.0,6.06894137e-07,1.9811001363e-05,68101.0,23697.0,44404.0,0.652032,-0.417,1,946685457,946685455,2,0.462,1,1,1,1,0,0,,0,1,18,1,0
run4-tbt-3s,1,nazionale,3,none,true,12,201,17,1,3,3,1,m1,1ETD6u7wdHS6P9D1mxb1Qx3Aapa2DwAyyZutL2,1,m1,m1,1,1,0,1,2.311,2.311,2.097,2.0971,0.0,5.19900857e-06,8.105020153e-05,68101.0,23697.0,44404.0,0.652032,-0.417,1,946685460,946685457,3,0.689,2,1,1,1,0,0,,0,4,19,1,0
run4-tbt-3s,1,nazionale,3,none,true,12,202,17,1,3,3,1,m1,1ETD6u7wdHS6P9D1mxb1Qx3Aapa2DwAyyZutL2,1,m1,m1,1,1,0,1,1.563,1.563,2.87,2.8705,0.0,6.47706942e-07,0.000269418080058,68101.0,23697.0,44404.0,0.652032,-0.333,1,946685463,946685460,3,1.437,1,2,1,1,0,0,,0,1,20,1,0
run4-tbt-3s,1,nazionale,3,none,true,12,203,17,1,3,3,1,m1,1ETD6u7wdHS6P9D1mxb1Qx3Aapa2DwAyyZutL2,1,m2,m2,1,0,1,2,3.217,4.25,1.033,1.0339,1.033,1.32511138e-05,2.7824371399999998e-05,68101.0,52647.0,15454.0,0.652032,-0.333,1,946685467,946685463,4,-0.25,4,0,1,1,1,1,00d4155f5ae19b5b9b837a7b92857aba376fff06d70ec9137378d917db13098e,0,3,21,1,0
run4-tbt-3s,1,nazionale,3,none,true,12,204,18,1,3,3,1,m1,1ETD6u7wdHS6P9D1mxb1Qx3Aapa2DwAyyZutL2,1,m1,m1,1,1,0,1,2.124,2.124,2.089,2.0886,0.0,3.84515419e-06,3.449778551e-05,68101.0,23697.0,44404.0,0.652032,-0.333,1,946685469,946685467,2,-0.124,2,0,1,1,0,0,,0,2,22,1,0
run4-tbt-3s,1,nazionale,3,none,true,12,205,18,1,3,3,1,m1,1ETD6u7wdHS6P9D1mxb1Qx3Aapa2DwAyyZutL2,1,m3,m3,1,0,1,2,4.196,4.25,0.054,0.0533,0.054,3.44611134e-05,3.0154529999999966e-06,68101.0,59858.0,8243.0,0.652032,-0.083,1,946685474,946685469,5,0.75,4,1,1,1,0,0,,0,5,23,1,0
run4-tbt-3s,1,nazionale,3,none,true,12,206,18,1,3,3,1,m1,1ETD6u7wdHS6P9D1mxb1Qx3Aapa2DwAyyZutL2,1,m1,m1,1,1,0,1,2.498,2.498,0.73,0.7297,0.0,6.18651603e-06,6.800005570000001e-06,68101.0,23697.0,44404.0,0.652032,-0.167,1,946685477,946685474,3,0.502,2,1,1,1,0,0,,0,4,24,1,0
run4-tbt-3s,1,nazionale,3,none,true,12,207,18,1,3,3,1,m1,1ETD6u7wdHS6P9D1mxb1Qx3Aapa2DwAyyZutL2,1,m2,m2,1,0,1,2,4.385,4.438,0.053,0.0534,0.053,5.62735429e-05,2.5339409999999997e-05,68101.0,52647.0,15454.0,0.652032,-0.25,1,946685483,946685477,6,1.562,4,2,1,1,1,1,00c5efbbd0c025d5ebf2896849d81704a6d825a8a46d0d64afcdab51f5a6c318,0,3,25,1,0
run4-tbt-3s,1,nazionale,3,none,true,12,208,18,1,3,3,1,m1,1ETD6u7wdHS6P9D1mxb1Qx3Aapa2DwAyyZutL2,1,m2,m2,1,0,1,2,4.206,4.4,0.194,0.1943,0.194,3.89797014e-05,7.76105926e-05,68101.0,52647.0,15454.0,0.652032,-0.5,0,946685487,946685483,4,-0.4,4,0,1,1,1,1,008ae893a8f7036e546f664758e40e8e71d762e9a8cbd9783948dd950341ae71,0,2,26,1,0
run4-tbt-3s,1,nazionale,3,none,true,12,209,18,1,3,3,1,m1,1ETD6u7wdHS6P9D1mxb1Qx3Aapa2DwAyyZutL2,1,m1,m1,1,1,0,1,2.016,2.016,2.384,2.3845,0.0,3.37185681e-06,0.00019536714019000002,68101.0,23697.0,44404.0,0.652032,-0.5,1,946685489,946685487,2,-0.016,2,0,1,1,0,0,,0,2,27,1,0
run4-tbt-3s,1,nazionale,3,none,true,12,210,18,1,3,3,1,m1,1ETD6u7wdHS6P9D1mxb1Qx3Aapa2DwAyyZutL2,1,m1,m1,1,1,0,1,3.534,3.534,0.899,0.8994,0.0,1.76886391e-05,0.0001817730209,68101.0,23697.0,44404.0,0.652032,-0.333,1,946685494,946685489,5,1.466,3,2,1,1,0,0,,0,7,28,1,0
run4-tbt-3s,1,nazionale,3,none,true,12,211,18,1,3,3,1,m1,1ETD6u7wdHS6P9D1mxb1Qx3Aapa2DwAyyZutL2,1,m1,m1,1,1,0,1,3.303,3.303,0.883,0.8833,0.0,1.34298789e-05,2.1838387799999998e-05,74912.0,23906.0,51006.0,0.680879,-0.5,1,946685498,946685494,4,0.697,3,1,1,1,0,0,,0,1,29,1,0
run4-tbt-3s,1,nazionale,3,none,true,12,212,18,1,3,3,1,m2,1WKxQntNgmP3dtjbv3UL3DHV2JEciQTnQ4K3sr,1,m2,m2,1,1,0,1,1.464,1.464,2.812,2.8118,0.0,3.64782231e-07,4.4095796769000004e-05,74912.0,56832.0,18080.0,0.24135,-0.583,1,946685501,946685498,3,1.536,1,2,1,1,0,0,,0,4,1,0,0
run4-tbt-3s,1,nazionale,3,none,true,12,213,18,1,3,3,1,m1,1ETD6u7wdHS6P9D1mxb1Qx3Aapa2DwAyyZutL2,1,m1,m1,1,1,0,1,1.868,1.868,2.498,2.498,0.0,2.44266989e-06,0.00012092922411,74912.0,23906.0,51006.0,0.680879,-0.667,1,946685505,946685501,4,2.132,1,3,1,1,0,0,,0,1,1,0,0
run4-tbt-3s,1,nazionale,3,none,true,12,214,18,1,3,3,1,m1,1ETD6u7wdHS6P9D1mxb1Qx3Aapa2DwAyyZutL2,1,m1,m1,1,1,0,1,1.704,1.704,1.569,1.5689,0.0,1.67542843e-06,1.199766757e-05,74912.0,23906.0,51006.0,0.680879,-0.75,1,946685507,946685505,2,0.296,1,1,1,1,0,0,,0,1,2,1,0
run4-tbt-3s,1,nazionale,3,none,true,12,215,18,1,3,3,1,m1,1ETD6u7wdHS6P9D1mxb1Qx3Aapa2DwAyyZutL2,1,m1,m1,1,1,0,1,1.486,1.486,2.88,2.8794,0.0,5.43967343e-07,0.000109598254657,74912.0,23906.0,51006.0,0.680879,-0.667,1,946685509,946685507,2,0.514,1,1,1,1,0,0,,0,3,3,1,0
run4-tbt-3s,1,nazionale,3,none,true,12,216,19,1,3,3,1,m2,1WKxQntNgmP3dtjbv3UL3DHV2JEciQTnQ4K3sr,1,m2,m2,1,1,0,1,2.024,2.024,2.186,2.1863,0.0,3.11399008e-06,3.375361372e-05,74912.0,56832.0,18080.0,0.24135,-0.5,1,946685512,946685509,3,0.976,2,1,1,1,0,0,,0,2,1,0,0
run4-tbt-3s,1,nazionale,3,none,true,12,217,19,1,3,3,1,m2,1WKxQntNgmP3dtjbv3UL3DHV2JEciQTnQ4K3sr,1,m1,m1,1,0,1,2,4.35,4.372,0.022,0.0223,0.022,6.00553253e-05,1.4719564800000002e-05,74912.0,23906.0,51006.0,0.24135,-0.583,1,946685517,946685512,5,0.628,4,1,1,1,0,0,,0,3,2,1,0
run4-tbt-3s,1,nazionale,3,none,true,12,218,19,1,3,3,1,m2,1WKxQntNgmP3dtjbv3UL3DHV2JEciQTnQ4K3sr,1,m2,m2,1,1,0,1,2.928,2.928,1.23,1.23,0.0,9.65260874e-06,2.4880514560000002e-05,74912.0,56832.0,18080.0,0.24135,-0.583,1,946685520,946685517,3,0.072,2,1,1,1,0,0,,0,2,3,1,0
run4-tbt-3s,1,nazionale,3,none,true,12,219,19,1,3,3,1,m2,1WKxQntNgmP3dtjbv3UL3DHV2JEciQTnQ4K3sr,1,m1,m1,1,0,1,3,3.42,4.35,0.736,0.7354,0.93,1.51707725e-05,1.92643782e-05,74912.0,23906.0,51006.0,0.24135,-0.583,1,946685524,946685520,4,-0.35,4,0,1,1,0,0,,0,7,4,1,0
run4-tbt-3s,1,nazionale,3,none,true,12,220,19,1,3,3,1,m2,1WKxQntNgmP3dtjbv3UL3DHV2JEciQTnQ4K3sr,1,m1,m1,1,0,1,2,4.154,4.394,0.24,0.2403,0.24,3.25095885e-05,3.28570901e-05,74912.0,23906.0,51006.0,0.24135,-0.417,1,946685529,946685524,5,0.606,4,1,1,1,0,0,,0,1,5,1,0
run4-tbt-3s,1,nazionale,3,none,true,12,221,19,1,3,3,1,m1,1ETD6u7wdHS6P9D1mxb1Qx3Aapa2DwAyyZutL2,1,m1,m1,1,1,0,1,3.207,3.207,0.465,0.4647,0.0,1.23147226e-05,6.592861499999999e-06,74912.0,23906.0,51006.0,0.680879,-0.5,1,946685533,946685529,4,0.793,3,1,1,1,1,1,009b019f6b41baac5c190396fa78e72a675c841102febe0243e337c14c914f9d,0,2,1,0,0
run4-tbt-3s,1,nazionale,3,none,true,12,222,19,1,3,3,1,m1,1ETD6u7wdHS6P9D1mxb1Qx3Aapa2DwAyyZutL2,1,m1,m1,1,1,0,1,2.591,2.591,1.03,1.0298,0.0,7.00125941e-06,1.157978269e-05,74912.0,23906.0,51006.0,0.680879,-0.667,1,946685537,946685533,4,1.409,2,2,1,1,0,0,,0,5,2,1,0
run4-tbt-3s,1,nazionale,3,none,true,12,223,19,1,3,3,1,m1,1ETD6u7wdHS6P9D1mxb1Qx3Aapa2DwAyyZutL2,1,m1,m1,1,1,0,1,2.837,2.837,1.527,1.5266,0.0,9.39714084e-06,6.179800256e-05,70520.0,24619.0,45901.0,0.650893,-0.583,1,946685540,946685537,3,0.163,2,1,1,1,0,0,,0,1,3,1,0
run4-tbt-3s,1,nazionale,3,none,true,12,224,19,1,3,3,1,m1,1ETD6u7wdHS6P9D1mxb1Qx3Aapa2DwAyyZutL2,1,m1,m1,1,1,0,1,3.864,3.864,0.529,0.5288,0.0,2.44268049e-05,6.14229897e-05,70520.0,24619.0,45901.0,0.650893,-0.5,1,946685544,946685540,4,0.136,3,1,1,1,0,0,,0,5,4,1,0
run4-tbt-3s,1,nazionale,3,none,true,12,225,19,1,3,3,1,m1,1ETD6u7wdHS6P9D1mxb1Qx3Aapa2DwAyyZutL2,1,m1,m1,1,1,0,1,3.839,3.839,0.535,0.5354,0.0,2.4196719e-05,5.79421575e-05,70520.0,24619.0,45901.0,0.650893,-0.583,1,946685549,946685544,5,1.161,3,2,1,1,0,0,,0,3,5,1,0
run4-tbt-3s,1,nazionale,3,none,true,12,226,19,1,3,3,1,m1,1ETD6u7wdHS6P9D1mxb1Qx3Aapa2DwAyyZutL2,1,m1,m1,1,1,0,1,4.163,4.163,0.006,0.0068,0.0,3.81124696e-05,4.849869999999973e-07,70520.0,24619.0,45901.0,0.650893,-0.667,1,946685553,946685549,4,-0.163,4,0,1,1,0,0,,0,1,6,1,0
run4-tbt-3s,1,nazionale,3,none,true,12,227,19,1,3,3,1,m1,1ETD6u7wdHS6P9D1mxb1Qx3Aapa2DwAyyZutL2,1,m1,m1,1,1,0,1,3.995,3.995,0.32,0.3204,0.0,3.09445541e-05,4.1566766700000005e-05,70520.0,24619.0,45901.0,0.650893,-0.833,1,946685557,946685553,4,0.005,3,1,1,1,0,0,,0,3,7,1,0
run4-tbt-3s,1,nazionale,3,none,true,12,228,20,1,3,3,1,m1,1ETD6u7wdHS6P9D1mxb1Qx3Aapa2DwAyyZutL2,1,m1,m1,1,1,0,1,2.187,2.187,0.22,0.22,0.0,4.97158919e-06,1.55900265e-06,70520.0,24619.0,45901.0,0.650893,-1.0,1,946685560,946685557,3,0.813,2,1,1,1,0,0,,0,1,8,1,0
run4-tbt-3s,1,nazionale,3,none,true,12,229,20,1,3,3,1,m1,1ETD6u7wdHS6P9D1mxb1Qx3Aapa2DwAyyZutL2,1,m1,m1,1,1,0,1,3.39,3.39,0.872,0.8718,0.0,1.69132169e-05,4.49029914e-05,70520.0,24619.0,45901.0,0.650893,-1.0,1,946685564,946685560,4,0.61,3,1,1,1,0,0,,0,4,9,1,0
run4-tbt-3s,1,nazionale,3,none,true,12,230,20,1,3,3,1,m1,1ETD6u7wdHS6P9D1mxb1Qx3Aapa2DwAyyZutL2,1,m1,m1,1,1,0,1,2.896,2.896,1.408,1.4082,0.0,1.05975892e-05,6.693818930000001e-05,70520.0,24619.0,45901.0,0.650893,-0.917,1,946685567,946685564,3,0.104,2,1,1,1,0,0,,0,2,10,1,0
run4-tbt-3s,1,nazionale,3,none,true,12,231,20,1,3,3,1,m1,1ETD6u7wdHS6P9D1mxb1Qx3Aapa2DwAyyZutL2,1,m1,m1,1,1,0,1,2.5,2.5,1.592,1.5923,0.0,7.11168061e-06,2.965349689e-05,70520.0,24619.0,45901.0,0.650893,-0.917,1,946685571,946685567,4,1.5,2,2,1,1,0,0,,0,4,11,1,0
run4-tbt-3s,1,nazionale,3,none,true,12,232,20,1,3,3,1,m1,1ETD6u7wdHS6P9D1mxb1Qx3Aapa2DwAyyZutL2,1,m2,m2,1,0,1,2,2.616,3.172,0.556,0.5556,0.556,8.04923643e-06,5.60928737e-06,70520.0,52440.0,18080.0,0.650893,-0.917,1,946685574,946685571,3,-0.172,3,0,1,1,0,0,,0,4,12,1,0
run4-tbt-3s,1,nazionale,3,none,true,12,233,20,1,3,3,1,m1,1ETD6u7wdHS6P9D1mxb1Qx3Aapa2DwAyyZutL2,1,m1,m1,1,1,0,1,3.628,3.628,0.675,0.6747,0.0,2.02059894e-05,3.87603581e-05,70520.0,24619.0,45901.0,0.650893,-0.75,1,946685578,946685574,4,0.372,3,1,1,1,0,0,,0,1,13,1,0
run4-tbt-3s,1,nazionale,3,none,true,12,234,20,1,3,3,1,m1,1ETD6u7wdHS6P9D1mxb1Qx3Aapa2DwAyyZutL2,1,m3,m3,1,0,1,2,1.838,2.894,1.056,1.056,1.056,2.51963506e-06,7.73516454e-06,70520.0,63981.0,6539.0,0.650893,-0.75,1,946685582,946685578,4,1.106,2,2,1,1,1,1,00633c37652fa0e081b6cfe97e647d29c0631a13ad239799f38a256b3b9bc47e,0,6,14,1,0
run4-tbt-3s,1,nazionale,3,none,true,12,235,20,1,3,3,1,m1,1ETD6u7wdHS6P9D1mxb1Qx3Aapa2DwAyyZutL2,1,m2,m2,1,0,1,2,3.054,4.039,0.985,0.9854,0.985,1.08460952e-05,1.89037684e-05,76180.0,60746.0,15434.0,0.689197,-0.75,0,946685586,946685582,4,-0.039,4,0,1,1,1,2,00788a1ad84d2fe9133713804e45562d07b8e58c8a0a2e8c1f353d257949ad26 00d1d1d4ee04db5ed11d68c62162d00c58d74b91c7c72a29d535b1d7d1dda4a3,0,2,15,1,0
run4-tbt-3s,1,nazionale,3,none,true,12,236,20,1,3,3,1,m1,1ETD6u7wdHS6P9D1mxb1Qx3Aapa2DwAyyZutL2,1,m1,m1,1,1,0,1,4.011,4.011,0.284,0.2841,0.0,2.92662045e-05,2.78744024e-05,76180.0,23677.0,52503.0,0.689197,-0.833,1,946685591,946685586,5,0.989,4,1,1,1,1,2,002e41b7edabd0882e6846c7c39ebbd0a6448999b8bd0c4b8a41916e8e9fb58d 003277e1feed2415003388f12b62efd429b47e184c2735c297132fb726a4e594,0,4,16,1,0
run4-tbt-3s,1,nazionale,3,none,true,12,237,20,1,3,3,1,m1,1ETD6u7wdHS6P9D1mxb1Qx3Aapa2DwAyyZutL2,1,m1,m1,1,1,0,1,2.62,2.62,1.401,1.4008,0.0,7.48170803e-06,2.2198051069999998e-05,76180.0,23677.0,52503.0,0.689197,-0.917,0,946685594,946685591,3,0.38,2,1,1,1,0,0,,0,1,17,1,0
run4-tbt-3s,1,nazionale,3,none,true,12,238,20,1,3,3,1,m1,1ETD6u7wdHS6P9D1mxb1Qx3Aapa2DwAyyZutL2,1,m1,m1,1,1,0,1,2.75,2.75,0.685,0.6847,0.0,8.25069073e-06,7.33158577e-06,76180.0,23677.0,52503.0,0.689197,-0.75,1,946685597,946685594,3,0.25,2,1,1,1,0,0,,0,4,18,1,0
run4-tbt-3s,1,nazionale,3,none,true,12,239,20,1,3,3,1,m2,1WKxQntNgmP3dtjbv3UL3DHV2JEciQTnQ4K3sr,1,m2,m2,1,1,0,1,1.984,1.984,0.24,0.2401,0.0,3.02443158e-06,1.3946285700000003e-06,76180.0,60746.0,15434.0,0.202599,-0.667,1,946685600,946685597,3,1.016,1,2,1,1,1,1,008ddb072158c309545a209b039b26b402961972668a6ebc55fa8e972f905cc5,0,2,1,0,0
run4-tbt-3s,1,nazionale,3,none,true,12,240,21,1,3,3,1,m2,1WKxQntNgmP3dtjbv3UL3DHV2JEciQTnQ4K3sr,1,m2,m2,1,1,0,1,3.162,3.162,1.12,1.1204,0.0,1.17927014e-05,3.2688512899999994e-05,76180.0,60746.0,15434.0,0.202599,-0.583,1,946685604,946685600,4,0.838,3,1,1,1,0,0,,0,1,2,1,0
run4-tbt-3s,1,nazionale,3,none,true,12,241,21,1,3,3,1,m2,1WKxQntNgmP3dtjbv3UL3DHV2JEciQTnQ4K3sr,1,m1,m1,1,0,1,2,3.762,4.356,0.594,0.5937,0.594,2.10344559e-05,5.3199564e-05,76180.0,23677.0,52503.0,0.202599,-0.667,1,946685608,946685604,4,-0.356,4,0,1,1,0,0,,0,3,3,1,0
run4-tbt-3s,1,nazionale,3,none,true,12,242,21,1,3,3,1,m2,1WKxQntNgmP3dtjbv3UL3DHV2JEciQTnQ4K3sr,1,m2,m2,1,1,0,1,2.238,2.238,0.441,0.4411,0.0,4.50617328e-06,3.0489725500000005e-06,76180.0,60746.0,15434.0,0.202599,-0.667,1,946685611,946685608,3,0.762,2,1,1,1,0,0,,0,5,4,1,0
run4-tbt-3s,1,nazionale,3,none,true,12,243,21,1,3,3,1,m2,1WKxQntNgmP3dtjbv3UL3DHV2JEciQTnQ4K3sr,1,m1,m1,1,0,1,3,3.907,4.367,0.46,0.4599,0.46,2.46171926e-05,0.00019630848040000002,76180.0,23677.0,52503.0,0.202599,-0.667,1,946685616,946685611,5,0.633,4,1,1,1,0,0,,0,3,5,1,0
run4-tbt-3s,1,nazionale,3,none,true,12,244,21,1,3,3,1,m1,1ETD6u7wdHS6P9D1mxb1Qx3Aapa2DwAyyZutL2,1,m1,m1,1,1,0,1,1.383,1.383,2.942,2.9419,0.0,1.43877168e-07,6.249465643200001e-05,76180.0,23677.0,52503.0,0.689197,-0.75,1,946685619,946685616,3,1.617,1,2,1,1,0,0,,0,1,1,0,0
run4-tbt-3s,1,nazionale,3,none,true,12,245,21,1,3,3,1,m2,1WKxQntNgmP3dtjbv3UL3DHV2JEciQTnQ4K3sr,1,m2,m2,1,1,0,1,1.634,1.634,2.489,2.4898,0.0,1.3039022e-06,3.26107389e-05,76180.0,60746.0,15434.0,0.202599,-0.75,1,946685622,946685619,3,1.366,1,2,1,1,0,0,,0,5,1,0,0
run4-tbt-3s,1,nazionale,3,none,true,12,246,21,1,3,3,1,m2,1WKxQntNgmP3dtjbv3UL3DHV2JEciQTnQ4K3sr,1,m3,m3,1,0,1,2,2.361,3.078,0.717,0.7162,0.717,5.28724475e-06,5.799875150000001e-06,76180.0,67937.0,8243.0,0.202599,-0.667,1,946685626,946685622,4,0.922,3,1,1,1,0,0,,0,5,2,1,0
run4-tbt-3s,1,nazionale,3,none,true,12,247,21,1,3,3,1,m2,1WKxQntNgmP3dtjbv3UL3DHV2JEciQTnQ4K3sr,1,m2,m2,1,1,0,1,2.236,2.236,1.827,1.8272,0.0,4.43574538e-06,2.5266472620000002e-05,77157.0,59249.0,17908.0,0.232098,-0.667,1,946685629,946685626,3,0.764,2,1,1,1,0,0,,0,2,3,1,0
run4-tbt-3s,1,nazionale,3,none,true,12,248,21,1,3,3,1,m2,1WKxQntNgmP3dtjbv3UL3DHV2JEciQTnQ4K3sr,1,m1,m1,1,0,1,3,4.104,4.229,0.107,0.1065,0.125,3.07806606e-05,6.225722899999995e-06,77157.0,26151.0,51006.0,0.232098,-0.583,1,946685633,946685629,4,-0.229,4,0,1,1,0,0,,0,2,4,1,0
run4-tbt-3s,1,nazionale,3,none,true,12,249,21,1,3,3,1,m2,1WKxQntNgmP3dtjbv3UL3DHV2JEciQTnQ4K3sr,1,m1,m1,1,0,1,2,3.001,4.334,1.333,1.3334,1.333,9.88622757e-06,3.963081193e-05,77157.0,26151.0,51006.0,0.232098,-0.5,1,946685638,946685633,5,0.666,4,1,1,1,1,1,009be28bcd8d9ad7f319503061eb74e9226c2302d0982aad05a100dc9c6877b0,0,3,5,1,0
run4-tbt-3s,1,nazionale,3,none,true,12,250,21,1,3,3,1,m2,1WKxQntNgmP3dtjbv3UL3DHV2JEciQTnQ4K3sr,1,m1,m1,1,0,1,3,3.446,4.366,0.778,0.7782,0.92,1.53031603e-05,2.4155333799999995e-05,77157.0,26151.0,51006.0,0.232098,-0.667,1,946685642,946685638,4,-0.366,4,0,1,1,1,1,0041aa0436d9547b12794956bbd50c796789b9e61af688690c35e38e340e5ff4,0,3,6,1,0
run4-tbt-3s,1,nazionale,3,none,true,12,251,21,1,3,3,1,m2,1WKxQntNgmP3dtjbv3UL3DHV2JEciQTnQ4K3sr,1,m2,m2,1,1,0,1,2.903,2.903,1.218,1.2176,0.0,9.45345928e-06,2.389066142e-05,77157.0,59249.0,17908.0,0.232098,-0.75,1,946685645,946685642,3,0.097,2,1,1,1,0,0,,0,3,7,1,0
run4-tbt-3s,1,nazionale,3,none,true,12,252,22,1,3,3,1,m2,1WKxQntNgmP3dtjbv3UL3DHV2JEciQTnQ4K3sr,1,m2,m2,1,1,0,1,2.416,2.416,1.859,1.859,0.0,5.68720617e-06,4.205006463e-05,77157.0,59249.0,17908.0,0.232098,-0.75,1,946685649,946685645,4,1.584,2,2,1,1,0,0,,0,1,8,1,0
run4-tbt-3s,1,nazionale,3,none,true,12,253,22,1,3,3,1,m2,1WKxQntNgmP3dtjbv3UL3DHV2JEciQTnQ4K3sr,1,m1,m1,1,0,1,2,3.912,4.311,0.399,0.3988,0.399,2.49498754e-05,3.13955795e-05,77157.0,26151.0,51006.0,0.232098,-0.75,1,946685653,946685649,4,-0.311,4,0,1,1,0,0,,0,6,9,1,0
run4-tbt-3s,1,nazionale,3,none,true,12,254,22,1,3,3,1,m1,1ETD6u7wdHS6P9D1mxb1Qx3Aapa2DwAyyZutL2,1,m1,m1,1,1,0,1,2.32,2.32,1.993,1.9936,0.0,5.05959793e-06,5.198361637e-05,77157.0,26151.0,51006.0,0.661068,-0.75,1,946685658,946685653,5,2.68,2,3,1,1,1,1,00ffb57299fb0f7b289efe4b15c3b7780ba8439aad5f8214a9f1c97d84d686fd,0,3,1,0,0
run4-tbt-3s,1,nazionale,3,none,true,12,255,22,1,3,3,1,m1,1ETD6u7wdHS6P9D1mxb1Qx3Aapa2DwAyyZutL2,1,m1,m1,1,1,0,1,3.813,3.813,0.504,0.5039,0.0,2.31196305e-05,0.00011233886950000002,77157.0,26151.0,51006.0,0.661068,-0.917,1,946685662,946685658,4,0.187,3,1,1,1,1,1,005afeda4e1bee42566848c184df59d50b87b68c97d01c9a6eccda3b3367fd4f,0,3,2,1,0
run4-tbt-3s,1,nazionale,3,none,true,12,256,22,1,3,3,1,m1,1ETD6u7wdHS6P9D1mxb1Qx3Aapa2DwAyyZutL2,1,m1,m1,1,1,0,1,1.72,1.72,2.598,2.5985,0.0,1.78776329e-06,6.688069571e-05,77157.0,26151.0,51006.0,0.661068,-0.833,1,946685664,946685662,2,0.28,1,1,1,1,0,0,,0,1,3,1,0
run4-tbt-3s,1,nazionale,3,none,true,12,257,22,1,3,3,1,m1,1ETD6u7wdHS6P9D1mxb1Qx3Aapa2DwAyyZutL2,1,m1,m1,1,1,0,1,1.576,1.576,2.765,2.7653,0.0,1.01461854e-06,7.451833666e-05,77157.0,26151.0,51006.0,0.661068,-0.75,1,946685667,946685664,3,1.424,1,2,1,1,0,0,,0,2,4,1,0
run4-tbt-3s,1,nazionale,3,none,true,12,258,22,1,3,3,1,m1,1ETD6u7wdHS6P9D1mxb1Qx3Aapa2DwAyyZutL2,1,m2,m2,1,0,1,2,4.233,4.31,0.077,0.0772,0.077,4.20350684e-05,1.3944570300000001e-05,77157.0,59249.0,17908.0,0.661068,-0.75,1,946685671,946685667,4,-0.31,4,0,1,1,0,0,,0,7,5,1,0
run4-tbt-3s,1,nazionale,3,none,true,12,259,22,1,3,3,1,m1,1ETD6u7wdHS6P9D1mxb1Qx3Aapa2DwAyyZutL2,1,m1,m1,1,1,0,1,3.012,3.012,0.629,0.6289,0.0,1.05697015e-05,8.31105e-06,76409.0,23906.0,52503.0,0.687131,-0.75,1,946685674,946685671,3,-0.012,3,0,1,1,0,0,,0,1,6,1,0
run4-tbt-3s,1,nazionale,3,none,true,12,260,22,1,3,3,1,m1,1ETD6u7wdHS6P9D1mxb1Qx3Aapa2DwAyyZutL2,1,m2,m2,1,0,1,2,2.874,3.051,0.177,0.1771,0.177,9.27917158e-06,1.6723628199999997e-06,76409.0,58329.0,18080.0,0.687131,-0.75,1,946685678,946685674,4,0.949,3,1,1,1,0,0,,0,2,7,1,0
run4-tbt-3s,1,nazionale,3,none,true,12,261,22,1,3,3,1,m1,1ETD6u7wdHS6P9D1mxb1Qx3Aapa2DwAyyZutL2,1,m1,m1,1,1,0,1,3.114,3.114,1.19,1.19,0.0,1.16072475e-05,4.31270139e-05,76409.0,23906.0,52503.0,0.687131,-0.75,1,946685681,946685678,3,-0.114,3,0,1,1,0,0,,0,3,8,1,0
run4-tbt-3s,1,nazionale,3,none,true,12,262,22,1,3,3,1,m1,1ETD6u7wdHS6P9D1mxb1Qx3Aapa2DwAyyZutL2,1,m1,m1,1,1,0,1,1.533,1.533,2.756,2.7568,0.0,6.67519307e-07,4.4648456193e-05,76409.0,23906.0,52503.0,0.687131,-0.583,1,946685683,946685681,2,0.467,1,1,1,1,0,0,,0,1,9,1,0
run4-tbt-3s,1,nazionale,3,none,true,12,263,22,1,3,3,1,m1,1ETD6u7wdHS6P9D1mxb1Qx3Aapa2DwAyyZutL2,1,m2,m2,1,0,1,2,4.334,4.344,0.01,0.0104,0.01,4.70082947e-05,1.7667049e-06,76409.0,58329.0,18080.0,0.687131,-0.417,1,946685687,946685683,4,-0.344,4,0,1,1,0,0,,0,3,10,1,0
run4-tbt-3s,1,nazionale,3,none,true,12,264,23,1,3,3,1,m1,1ETD6u7wdHS6P9D1mxb1Qx3Aapa2DwAyyZutL2,1,m2,m2,1,0,1,2,3.915,4.162,0.247,0.2476,0.247,2.38399598e-05,9.343897900000003e-06,76409.0,58329.0,18080.0,0.687131,-0.5,1,946685692,946685687,5,0.838,4,1,1,1,0,0,,0,2,11,1,0
run4-tbt-3s,1,nazionale,3,none,true,12,265,23,1,3,3,1,m1,1ETD6u7wdHS6P9D1mxb1Qx3Aapa2DwAyyZutL2,1,m1,m1,1,1,0,1,3.696,3.696,0.639,0.6398,0.0,1.92782722e-05,3.4857458299999996e-05,76409.0,23906.0,52503.0,0.687131,-0.583,1,946685696,946685692,4,0.304,3,1,1,1,0,0,,0,3,12,1,0
run4-tbt-3s,1,nazionale,3,none,true,12,266,23,1,3,3,1,m1,1ETD6u7wdHS6P9D1mxb1Qx3Aapa2DwAyyZutL2,1,m2,m2,1,0,1,2,3.148,3.6,0.452,0.4514,0.452,1.16154241e-05,5.954885100000002e-06,76409.0,58329.0,18080.0,0.687131,-0.583,1,946685701,946685696,5,1.4,3,2,1,1,1,1,00d72935f54c76e2167a227d38e4613c434e5bf0c5ae2f4a2430f0e0e0d5c9f7,0,7,13,1,0
run4-tbt-3s,1,nazionale,3,none,true,12,267,23,1,3,3,1,m1,1ETD6u7wdHS6P9D1mxb1Qx3Aapa2DwAyyZutL2,1,m1,m1,1,1,0,1,2.551,2.551,1.719,1.7192,0.0,6.44943386e-06,3.640574614e-05,76409.0,23906.0,52503.0,0.687131,-0.583,1,946685704,946685701,3,0.449,2,1,1,1,0,0,,0,2,14,1,0
run4-tbt-3s,1,nazionale,3,none,true,12,268,23,1,3,3,1,m1,1ETD6u7wdHS6P9D1mxb1Qx3Aapa2DwAyyZutL2,1,m1,m1,1,1,0,1,3.053,3.053,0.938,0.9382,0.0,1.04773413e-05,1.56004777e-05,76409.0,23906.0,52503.0,0.687131,-0.5,1,946685707,946685704,3,-0.053,3,0,1,1,0,0,,0,1,15,1,0
run4-tbt-3s,1,nazionale,3,none,true,12,269,23,1,3,3,1,m2,1WKxQntNgmP3dtjbv3UL3DHV2JEciQTnQ4K3sr,1,m2,m2,1,1,0,1,1.844,1.844,1.805,1.8051,0.0,2.18065225e-06,1.6235805150000002e-05,76409.0,58329.0,18080.0,0.236621,-0.583,1,946685710,946685707,3,1.156,1,2,1,1,0,0,,0,2,1,0,0
run4-tbt-3s,1,nazionale,3,none,true,12,270,23,1,3,3,1,m1,1ETD6u7wdHS6P9D1mxb1Qx3Aapa2DwAyyZutL2,1,m1,m1,1,1,0,1,1.446,1.446,2.923,2.9238,0.0,2.74490021e-07,7.0045280579e-05,76409.0,23906.0,52503.0,0.687131,-0.583,1,946685714,946685710,4,2.554,1,3,1,1,0,0,,0,3,1,0,0
run4-tbt-3s,1,nazionale,3,none,true,12,271,23,1,3,3,1,m1,1ETD6u7wdHS6P9D1mxb1Qx3Aapa2DwAyyZutL2,1,m1,m1,1,1,0,1,3.076,3.076,0.371,0.3708,0.0,1.20360017e-05,4.832069499999999e-06,69023.0,24619.0,44404.0,0.643322,-0.583,1,946685717,946685714,3,-0.076,3,0,1,1,0,0,,0,8,2,1,0
run4-tbt-3s,1,nazionale,3,none,true,12,272,23,1,3,3,1,m1,1ETD6u7wdHS6P9D1mxb1Qx3Aapa2DwAyyZutL2,1,m1,m1,1,1,0,1,4.303,4.303,0.045,0.0454,0.0,5.24372212e-05,1.2038214900000006e-05,69023.0,24619.0,44404.0,0.643322,-0.583,1,946685722,946685717,5,0.697,4,1,1,1,0,0,,0,2,3,1,0
run4-tbt-3s,1,nazionale,3,none,true,12,273,23,1,3,3,1,m1,1ETD6u7wdHS6P9D1mxb1Qx3Aapa2DwAyyZutL2,1,m1,m1,1,1,0,1,2.219,2.219,0.117,0.1172,0.0,4.84118577e-06,8.130332199999995e-07,69023.0,24619.0,44404.0,0.643322,-0.667,1,946685725,946685722,3,0.781,2,1,1,1,0,0,,0,2,4,1,0
run4-tbt-3s,1,nazionale,3,none,true,12,274,23,1,3,3,1,m1,1ETD6u7wdHS6P9D1mxb1Qx3Aapa2DwAyyZutL2,1,m1,m1,1,1,0,1,3.561,3.561,0.151,0.1509,0.0,1.90435051e-05,3.0022915999999984e-06,69023.0,24619.0,44404.0,0.643322,-0.667,1,946685729,946685725,4,0.439,3,1,1,1,0,0,,0,2,5,1,0
run4-tbt-3s,1,nazionale,3,none,true,12,275,23,1,3,3,1,m1,1ETD6u7wdHS6P9D1mxb1Qx3Aapa2DwAyyZutL2,1,m1,m1,1,1,0,1,1.399,1.399,2.754,2.7543,0.0,3.20087111e-07,4.0428789289e-05,69023.0,24619.0,44404.0,0.643322,-0.833,1,946685732,946685729,3,1.601,1,2,1,1,0,0,,0,1,6,1,0
run4-tbt-3s,1,nazionale,3,none,true,12,276,24,1,3,3,1,m1,1ETD6u7wdHS6P9D1mxb1Qx3Aapa2DwAyyZutL2,1,m1,m1,1,1,0,1,4.134,4.134,0.208,0.2084,0.0,3.8088751e-05,4.76552318e-05,69023.0,24619.0,44404.0,0.643322,-0.75,1,946685736,946685732,4,-0.134,4,0,1,1,0,0,,0,3,7,1,0
run4-tbt-3s,1,nazionale,3,none,true,12,277,24,1,3,3,1,m2,1WKxQntNgmP3dtjbv3UL3DHV2JEciQTnQ4K3sr,1,m2,m2,1,1,0,1,1.785,1.785,1.277,1.2775,0.0,2.17548798e-06,9.892761919999999e-06,69023.0,50943.0,18080.0,0.261942,-0.667,1,946685739,946685736,3,1.215,1,2,1,1,0,0,,0,1,1,0,0
run4-tbt-3s,1,nazionale,3,none,true,12,278,24,1,3,3,1,m2,1WKxQntNgmP3dtjbv3UL3DHV2JEciQTnQ4K3sr,1,m2,m2,1,1,0,1,1.408,1.408,2.853,2.8531,0.0,1.21281363e-07,4.6283600437e-05,69023.0,50943.0,18080.0,0.261942,-0.583,1,946685741,946685739,2,0.592,1,1,1,1,0,0,,0,8,2,1,0
run4-tbt-3s,1,nazionale,3,none,true,12,279,24,1,3,3,1,m3,1LtuCHDRfFnaxMXGm2gmsN7NoezE7zExV3Cet8,1,m3,m3,1,1,0,1,3.45,3.45,0.972,0.972,0.0,1.61573939e-05,6.442350219999999e-05,69023.0,62484.0,6539.0,0.094737,-0.333,1,946685746,946685741,5,1.55,3,2,1,1,1,1,00b55f1438ee6e15d81790f7b8e6b0f5012c74833e650e883240aa733d3fab5d,0,2,1,0,0
run4-tbt-3s,1,nazionale,3,none,true,12,280,24,1,3,3,1,m1,1ETD6u7wdHS6P9D1mxb1Qx3Aapa2DwAyyZutL2,1,m1,m1,1,1,0,1,3.048,3.048,1.182,1.1816,0.0,1.15479566e-05,3.15037879e-05,69023.0,24619.0,44404.0,0.643322,-0.5,0,946685750,946685746,4,0.952,3,1,1,1,0,0,,0,3,1,0,0
run4-tbt-3s,1,nazionale,3,none,true,12,281,24,1,3,3,1,m1,1ETD6u7wdHS6P9D1mxb1Qx3Aapa2DwAyyZutL2,1,m1,m1,1,1,0,1,4.06,4.06,0.003,0.0021,0.0,3.22962165e-05,9.807639999999905e-08,69023.0,24619.0,44404.0,0.643322,-0.583,1,946685755,946685750,5,0.94,4,1,1,1,0,0,,0,2,2,1,0
run4-tbt-3s,1,nazionale,3,none,true,12,282,24,1,3,3,1,m1,1ETD6u7wdHS6P9D1mxb1Qx3Aapa2DwAyyZutL2,1,m2,m2,1,0,1,2,3.196,4.037,0.841,0.8413,0.841,1.3843119e-05,1.8919741199999996e-05,69023.0,50943.0,18080.0,0.643322,-0.75,1,946685759,946685755,4,-0.037,3,1,1,1,1,1,00701f26ce323ca93d5682bd7563f7035daf6abd4b25148fe4e71c189c4d6e3d,0,5,3,1,0
run4-tbt-3s,1,nazionale,3,none,true,12,283,24,1,3,3,1,m1,1ETD6u7wdHS6P9D1mxb1Qx3Aapa2DwAyyZutL2,1,m1,m1,1,1,0,1,3.509,3.509,0.84,0.8398,0.0,1.76573058e-05,9.89663282e-05,72057.0,21051.0,51006.0,0.707856,-0.75,1,946685764,946685759,5,1.491,3,2,1,1,1,1,00457316bcd005a03a8eeb455e98e1a047e9838bb43667dfb24e2a158a36d8d9,0,2,4,1,0
run4-tbt-3s,1,nazionale,3,none,true,12,284,24,1,3,3,1,m1,1ETD6u7wdHS6P9D1mxb1Qx3Aapa2DwAyyZutL2,1,m1,m1,1,1,0,1,2.868,2.868,1.452,1.4521,0.0,1.01032296e-05,6.507830419999999e-05,72057.0,21051.0,51006.0,0.707856,-0.917,0,946685767,946685764,3,0.132,2,1,1,1,0,0,,0,5,5,1,0
run4-tbt-3s,1,nazionale,3,none,true,12,285,24,1,3,3,1,m1,1ETD6u7wdHS6P9D1mxb1Qx3Aapa2DwAyyZutL2,1,m2,m2,1,0,1,2,2.957,3.948,0.991,0.9902,0.991,1.06509848e-05,1.72313524e-05,72057.0,59249.0,12808.0,0.707856,-0.75,1,946685771,946685767,4,0.052,3,1,1,1,1,1,0044243224ba16bfa638387fea0bb096ed232f9c818b90480ef00324c8634204,0,1,6,1,0
run4-tbt-3s,1,nazionale,3,none,true,12,286,24,1,3,3,1,m1,1ETD6u7wdHS6P9D1mxb1Qx3Aapa2DwAyyZutL2,1,m1,m1,1,1,0,1,3.108,3.108,0.038,0.0382,0.0,1.2428969e-05,4.3943180000000056e-07,72057.0,21051.0,51006.0,0.707856,-0.833,1,946685775,946685771,4,0.892,3,1,1,1,1,1,0088447cfcbb86f9f7b7a7e068f0ae7352c596cd9d4ffb15a2a21a979c34d1db,0,2,7,1,0
run4-tbt-3s,1,nazionale,3,none,true,12,287,24,1,3,3,1,m1,1ETD6u7wdHS6P9D1mxb1Qx3Aapa2DwAyyZutL2,1,m1,m1,1,1,0,1,3.041,3.041,0.852,0.8522,0.0,1.1687593e-05,1.44342665e-05,72057.0,21051.0,51006.0,0.707856,-0.833,0,946685778,946685775,3,-0.041,3,0,1,1,0,0,,0,2,8,1,0
run4-tbt-3s,1,nazionale,3,none,true,12,288,25,1,3,3,1,m1,1ETD6u7wdHS6P9D1mxb1Qx3Aapa2DwAyyZutL2,1,m1,m1,1,1,0,1,2.698,2.698,0.623,0.6227,0.0,8.42328057e-06,6.65352193e-06,72057.0,21051.0,51006.0,0.707856,-0.833,1,946685781,946685778,3,0.302,2,1,1,1,0,0,,0,4,9,1,0
run4-tbt-3s,1,nazionale,3,none,true,12,289,25,1,3,3,1,m1,1ETD6u7wdHS6P9D1mxb1Qx3Aapa2DwAyyZutL2,1,m1,m1,1,1,0,1,3.722,3.722,0.269,0.269,0.0,2.17134642e-05,7.769173999999999e-06,72057.0,21051.0,51006.0,0.707856,-0.75,1,946685786,946685781,5,1.278,3,2,1,1,0,0,,0,1,10,1,0
run4-tbt-3s,1,nazionale,3,none,true,12,290,25,1,3,3,1,m1,1ETD6u7wdHS6P9D1mxb1Qx3Aapa2DwAyyZutL2,1,m2,m2,1,0,1,3,3.582,4.315,0.664,0.664,0.733,1.95313551e-05,3.2544951100000005e-05,72057.0,59249.0,12808.0,0.707856,-0.917,1,946685790,946685786,4,-0.315,4,0,1,1,1,1,00f28615918a7114f76cd4a561dc09a3b3e61ae924012cc002190c404f3b791d,0,6,11,1,0
run4-tbt-3s,1,nazionale,3,none,true,12,291,25,1,3,3,1,m1,1ETD6u7wdHS6P9D1mxb1Qx3Aapa2DwAyyZutL2,1,m1,m1,1,1,0,1,4.163,4.163,0.051,0.0509,0.0,4.464627e-05,7.649471800000002e-06,72057.0,21051.0,51006.0,0.707856,-1.083,1,946685794,946685790,4,-0.163,4,0,1,1,0,0,,0,2,12,1,0
run4-tbt-3s,1,nazionale,3,none,true,12,292,25,1,3,3,1,m1,1ETD6u7wdHS6P9D1mxb1Qx3Aapa2DwAyyZutL2,1,m1,m1,1,1,0,1,2.382,2.382,1.915,1.9148,0.0,6.20577812e-06,8.763634818e-05,72057.0,21051.0,51006.0,0.707856,-1.0,1,946685798,946685794,4,1.618,2,2,1,1,0,0,,0,3,13,1,0
run4-tbt-3s,1,nazionale,3,none,true,12,293,25,1,3,3,1,m1,1ETD6u7wdHS6P9D1mxb1Qx3Aapa2DwAyyZutL2,1,m1,m1,1,1,0,1,2.666,2.666,0.895,0.895,0.0,8.43549842e-06,1.1015518679999999e-05,72057.0,21051.0,51006.0,0.707856,-1.0,1,946685801,946685798,3,0.334,2,1,1,1,0,0,,0,3,14,1,0
run4-tbt-3s,1,nazionale,3,none,true,12,294,25,1,3,3,1,m1,1ETD6u7wdHS6P9D1mxb1Qx3Aapa2DwAyyZutL2,1,m2,m2,1,0,1,2,4.011,4.211,0.2,0.1999,0.2,3.0961636e-05,1.3432093100000002e-05,72057.0,59249.0,12808.0,0.707856,-0.833,1,946685805,946685801,4,-0.211,4,0,1,1,0,0,,0,4,15,1,0
run4-tbt-3s,1,nazionale,3,none,true,12,295,25,1,3,3,1,m1,1ETD6u7wdHS6P9D1mxb1Qx3Aapa2DwAyyZutL2,1,m1,m1,1,1,0,1,3.946,3.946,0.38,0.3793,0.0,2.59763678e-05,4.9577474199999996e-05,78826.0,26323.0,52503.0,0.666062,-0.833,1,946685810,946685805,5,1.054,3,2,1,1,0,0,,0,2,16,1,0
run4-tbt-3s,1,nazionale,3,none,true,12,296,25,1,3,3,1,m1,1ETD6u7wdHS6P9D1mxb1Qx3Aapa2DwAyyZutL2,1,m3,m3,1,0,1,3,2.543,4.223,1.667,1.6669,1.68,6.5516665e-06,3.39720647e-05,78826.0,70583.0,8243.0,0.666062,-0.833,1,946685814,946685810,4,-0.223,4,0,1,1,1,1,002f6a8eaf4aa776378e76e0a65a7f276efd2d3ae88d7b90cc0e9a031db7f6b0,0,4,17,1,0
run4-tbt-3s,1,nazionale,3,none,true,12,297,25,1,3,3,1,m1,1ETD6u7wdHS6P9D1mxb1Qx3Aapa2DwAyyZutL2,1,m1,m1,1,1,0,1,3.323,3.323,0.977,0.9774,0.0,1.40135492e-05,7.676014309999999e-05,78826.0,26323.0,52503.0,0.666062,-0.917,0,946685819,946685814,5,1.677,3,2,1,1,0,0,,0,2,18,1,0
run4-tbt-3s,1,nazionale,3,none,true,12,298,25,1,3,3,1,m1,1ETD6u7wdHS6P9D1mxb1Qx3Aapa2DwAyyZutL2,1,m2,m2,1,0,1,2,2.798,3.406,0.608,0.6081,0.608,8.77599996e-06,6.582567640000002e-06,78826.0,60746.0,18080.0,0.666062,-1.0,1,946685823,946685819,4,0.594,3,1,1,1,1,1,00a896bb0f6d9812691a72ac8e3b9cc6ca0b9f9c7cb38f859de2caef0297169d,0,3,19,1,0
run4-tbt-3s,1,nazionale,3,none,true,12,299,25,1,3,3,1,m1,1ETD6u7wdHS6P9D1mxb1Qx3Aapa2DwAyyZutL2,1,m1,m1,1,1,0,1,4.06,4.06,0.161,0.1609,0.0,3.2062587e-05,1.41319092e-05,78826.0,26323.0,52503.0,0.666062,-1.0,1,946685827,946685823,4,-0.06,4,0,1,1,1,1,0031691bc17bddf6bfc590e4eceed8812be8c69772d8511964b2ba0d4ef96ccc,0,2,20,1,0
run4-tbt-3s,1,nazionale,3,none,true,12,300,26,1,3,3,1,m1,1ETD6u7wdHS6P9D1mxb1Qx3Aapa2DwAyyZutL2,1,m1,m1,1,1,0,1,1.733,1.733,2.44,2.4404,0.0,2.05978964e-06,3.988035756e-05,78826.0,26323.0,52503.0,0.666062,-1.083,1,946685830,946685827,3,1.267,1,2,1,1,0,0,,0,3,21,1,0
run4-tbt-3s,1,nazionale,3,none,true,12,301,26,1,3,3,1,m1,1ETD6u7wdHS6P9D1mxb1Qx3Aapa2DwAyyZutL2,1,m3,m3,1,0,1,2,4.255,4.273,0.018,0.0176,0.018,5.93185032e-05,1.2522736200000003e-05,78826.0,70583.0,8243.0,0.666062,-1.083,1,946685834,946685830,4,-0.273,4,0,1,1,0,0,,0,2,22,1,0
run4-tbt-3s,1,nazionale,3,none,true,12,302,26,1,3,3,1,m3,1LtuCHDRfFnaxMXGm2gmsN7NoezE7zExV3Cet8,1,m1,m1,1,0,1,3,2.437,3.263,0.807,0.8062,0.826,6.04650443e-06,7.194311469999999e-06,78826.0,26323.0,52503.0,0.104572,-1.0,1,946685838,946685834,4,0.737,3,1,1,1,1,1,00c7fc428e6b589ef4896aa0184bf88c0d9d103de4c469752bbed5595a82a46a,0,4,1,0,0
run4-tbt-3s,1,nazionale,3,none,true,12,303,26,1,3,3,1,m3,1LtuCHDRfFnaxMXGm2gmsN7NoezE7zExV3Cet8,1,m3,m3,1,1,0,1,3.247,3.247,0.866,0.8658,0.0,1.3284686e-05,2.08459527e-05,78826.0,70583.0,8243.0,0.104572,-1.0,0,946685841,946685838,3,-0.247,3,0,1,1,0,0,,0,5,2,1,0
run4-tbt-3s,1,nazionale,3,none,true,12,304,26,1,3,3,1,m3,1LtuCHDRfFnaxMXGm2gmsN7NoezE7zExV3Cet8,1,m3,m3,1,1,0,1,2.104,2.104,0.249,0.2483,0.0,3.8632429e-06,1.5101638799999998e-06,78826.0,70583.0,8243.0,0.104572,-0.917,1,946685843,946685841,2,-0.104,2,0,1,1,0,0,,0,1,3,1,0
run4-tbt-3s,1,nazionale,3,none,true,12,305,26,1,3,3,1,m1,1ETD6u7wdHS6P9D1mxb1Qx3Aapa2DwAyyZutL2,1,m1,m1,1,1,0,1,2.083,2.083,2.173,2.1733,0.0,3.55302172e-06,4.0397742779999996e-05,78826.0,26323.0,52503.0,0.666062,-0.75,1,946685846,946685843,3,0.917,2,1,1,1,0,0,,0,3,1,0,0
run4-tbt-3s,1,nazionale,3,none,true,12,306,26,1,3,3,1,m2,1WKxQntNgmP3dtjbv3UL3DHV2JEciQTnQ4K3sr,1,m2,m2,1,1,0,1,3.052,3.052,1.099,1.0995,0.0,1.06252786e-05,2.3805411800000004e-05,78826.0,60746.0,18080.0,0.229366,-0.75,1,946685850,946685846,4,0.948,3,1,1,1,1,1,00447487bc62dadf25235caa65f912d4385a5b313cd4da813c97aa3b9897d3bc,0,4,1,0,0
run4-tbt-3s,1,nazionale,3,none,true,12,307,26,1,3,3,1,m2,1WKxQntNgmP3dtjbv3UL3DHV2JEciQTnQ4K3sr,1,m2,m2,1,1,0,1,3.043,3.043,1.014,1.0136,0.0,1.05383152e-05,1.96922086e-05,78864.0,58329.0,20535.0,0.260385,-0.75,0,946685854,946685850,4,0.957,3,1,1,1,0,0,,0,2,2,1,0
run4-tbt-3s,1,nazionale,3,none,true,12,308,26,1,3,3,1,m1,1ETD6u7wdHS6P9D1mxb1Qx3Aapa2DwAyyZutL2,1,m1,m1,1,1,0,1,1.51,1.51,2.127,2.1277,0.0,6.19505271e-07,1.7313352529000002e-05,78864.0,26361.0,52503.0,0.665741,-0.667,1,946685857,946685854,3,1.49,1,2,1,1,0,0,,0,1,1,0,0
run4-tbt-3s,1,nazionale,3,none,true,12,309,26,1,3,3,1,m1,1ETD6u7wdHS6P9D1mxb1Qx3Aapa2DwAyyZutL2,1,m1,m1,1,1,0,1,3.159,3.159,1.0,1.0,0.0,1.1360663e-05,2.15016971e-05,78864.0,26361.0,52503.0,0.665741,-0.583,1,946685861,946685857,4,0.841,3,1,1,1,0,0,,0,5,2,1,0
run4-tbt-3s,1,nazionale,3,none,true,12,310,26,1,3,3,1,m1,1ETD6u7wdHS6P9D1mxb1Qx3Aapa2DwAyyZutL2,1,m1,m1,1,1,0,1,3.371,3.371,0.988,0.9887,0.0,1.35623051e-05,4.0941443000000005e-05,78864.0,26361.0,52503.0,0.665741,-0.5,1,946685865,946685861,4,0.629,3,1,1,1,0,0,,0,1,3,1,0
run4-tbt-3s,1,nazionale,3,none,true,12,311,26,1,3,3,1,m1,1ETD6u7wdHS6P9D1mxb1Qx3Aapa2DwAyyZutL2,1,m1,m1,1,1,0,1,3.155,3.155,0.447,0.4474,0.0,1.11500262e-05,5.645009700000002e-06,78864.0,26361.0,52503.0,0.665741,-0.5,1,946685868,946685865,3,-0.155,3,0,1,1,0,0,,0,4,4,1,0
run4-tbt-3s,1,nazionale,3,none,true,12,312,27,1,3,3,1,m1,1ETD6u7wdHS6P9D1mxb1Qx3Aapa2DwAyyZutL2,1,m1,m1,1,1,0,1,2.631,2.631,0.447,0.447,0.0,6.58101011e-06,3.65475029e-06,78864.0,26361.0,52503.0,0.665741,-0.417,1,946685872,946685868,4,1.369,2,2,1,1,0,0,,0,1,5,1,0
run4-tbt-3s,1,nazionale,3,none,true,12,313,27,1,3,3,1,m1,1ETD6u7wdHS6P9D1mxb1Qx3Aapa2DwAyyZutL2,1,m1,m1,1,1,0,1,1.915,1.915,2.464,2.464,0.0,2.38686538e-06,6.033501422e-05,78864.0,26361.0,52503.0,0.665741,-0.5,1,946685874,946685872,2,0.085,1,1,1,1,0,0,,0,2,6,1,0
run4-tbt-3s,1,nazionale,3,none,true,12,314,27,1,3,3,1,m3,1LtuCHDRfFnaxMXGm2gmsN7NoezE7zExV3Cet8,1,m3,m3,1,1,0,1,1.504,1.504,2.569,2.5693,0.0,3.02252413e-07,2.6583580687e-05,78864.0,73038.0,5826.0,0.073874,-0.333,1,946685877,946685874,3,1.496,1,2,1,1,0,0,,0,3,1,0,0
run4-tbt-3s,1,nazionale,3,none,true,12,315,27,1,3,3,1,m2,1WKxQntNgmP3dtjbv3UL3DHV2JEciQTnQ4K3sr,1,m2,m2,1,1,0,1,1.926,1.926,0.771,0.7704,0.0,2.19199398e-06,4.61832128e-06,78864.0,58329.0,20535.0,0.260385,-0.25,1,946685880,946685877,3,1.074,1,2,1,1,0,0,,0,2,1,0,0
run4-tbt-3s,1,nazionale,3,none,true,12,316,27,1,3,3,1,m1,1ETD6u7wdHS6P9D1mxb1Qx3Aapa2DwAyyZutL2,1,m1,m1,1,1,0,1,2.591,2.591,0.633,0.6329,0.0,6.06850776e-06,5.277320240000001e-06,78864.0,26361.0,52503.0,0.665741,-0.25,1,946685884,946685880,4,1.409,2,2,1,1,1,1,00781f49e5591d788099424dc12b68cea88ead142b2ccb86d6acfa852516abfc,0,4,1,0,0
run4-tbt-3s,1,nazionale,3,none,true,12,317,27,1,3,3,1,m1,1ETD6u7wdHS6P9D1mxb1Qx3Aapa2DwAyyZutL2,1,m1,m1,1,1,0,1,3.552,3.552,0.851,0.851,0.0,1.57749294e-05,4.24643178e-05,78864.0,26361.0,52503.0,0.665741,-0.417,0,946685888,946685884,4,0.448,3,1,1,1,0,0,,0,3,2,1,0
run4-tbt-3s,1,nazionale,3,none,true,12,318,27,1,3,3,1,m1,1ETD6u7wdHS6P9D1mxb1Qx3Aapa2DwAyyZutL2,1,m1,m1,1,1,0,1,3.437,3.437,0.948,0.9476,0.0,1.44101416e-05,5.25605708e-05,78864.0,26361.0,52503.0,0.665741,-0.5,1,946685892,946685888,4,0.563,3,1,1,1,0,0,,0,7,3,1,0
run4-tbt-3s,1,nazionale,3,none,true,12,319,27,1,3,3,1,m1,1ETD6u7wdHS6P9D1mxb1Qx3Aapa2DwAyyZutL2,1,m3,m3,1,0,1,2,2.347,3.65,1.303,1.3023,1.303,5.95959032e-06,1.580656678e-05,63668.0,55425.0,8243.0,0.586558,-0.5,1,946685897,946685892,5,1.35,3,2,1,1,1,1,00109235f3c0d0f06a76a64bbd0659c7e5d18f8ad10152eb7e09d7c13fd783cf,0,2,4,1,0
run4-tbt-3s,1,nazionale,3,none,true,12,320,27,1,3,3,1,m1,1ETD6u7wdHS6P9D1mxb1Qx3Aapa2DwAyyZutL2,1,m1,m1,1,1,0,1,2.086,2.086,2.13,2.1299,0.0,4.19168916e-06,4.113487174e-05,63668.0,26323.0,37345.0,0.586558,-0.583,1,946685899,946685897,2,-0.086,2,0,1,1,0,0,,0,2,5,1,0
run4-tbt-3s,1,nazionale,3,none,true,12,321,27,1,3,3,1,m1,1ETD6u7wdHS6P9D1mxb1Qx3Aapa2DwAyyZutL2,1,m2,m2,1,0,1,2,2.475,3.282,0.807,0.8073,0.807,6.9682222e-06,8.538634200000003e-06,63668.0,45588.0,18080.0,0.586558,-0.5,1,946685902,946685899,3,-0.282,3,0,1,1,0,0,,0,3,6,1,0
run4-tbt-3s,1,nazionale,3,none,true,12,322,27,1,3,3,1,m1,1ETD6u7wdHS6P9D1mxb1Qx3Aapa2DwAyyZutL2,1,m1,m1,1,1,0,1,4.036,4.036,0.234,0.2335,0.0,3.24366265e-05,1.4947654899999998e-05,63668.0,26323.0,37345.0,0.586558,-0.417,1,946685907,946685902,5,0.964,4,1,1,1,0,0,,0,1,7,1,0
run4-tbt-3s,1,nazionale,3,none,true,12,323,27,1,3,3,1,m1,1ETD6u7wdHS6P9D1mxb1Qx3Aapa2DwAyyZutL2,1,m2,m2,1,0,1,3,4.021,4.29,0.17,0.1703,0.269,3.24933192e-05,9.371372200000003e-06,63668.0,45588.0,18080.0,0.586558,-0.5,1,946685911,946685907,4,-0.29,4,0,1,1,0,0,,0,4,8,1,0
run4-tbt-3s,1,nazionale,3,none,true,12,324,28,1,3,3,1,m1,1ETD6u7wdHS6P9D1mxb1Qx3Aapa2DwAyyZutL2,1,m2,m2,1,0,1,3,3.186,4.32,1.047,1.0475,1.134,1.44225689e-05,3.26245151e-05,63668.0,45588.0,18080.0,0.586558,-0.583,1,946685916,946685911,5,0.68,4,1,1,1,1,1,007239b742831b332aeeb7229048bf035f652aa74f30240b22dbaf63bb3f99ac,0,2,9,1,0
run4-tbt-3s,1,nazionale,3,none,true,12,325,28,1,3,3,1,m1,1ETD6u7wdHS6P9D1mxb1Qx3Aapa2DwAyyZutL2,1,m1,m1,1,1,0,1,1.962,1.962,2.005,2.005,0.0,3.47351052e-06,2.7536330380000005e-05,63668.0,26323.0,37345.0,0.586558,-0.667,0,946685918,946685916,2,0.038,1,1,1,1,0,0,,0,2,10,1,0
run4-tbt-3s,1,nazionale,3,none,true,12,326,28,1,3,3,1,m1,1ETD6u7wdHS6P9D1mxb1Qx3Aapa2DwAyyZutL2,1,m1,m1,1,1,0,1,1.549,1.549,1.952,1.952,0.0,9.8377254e-07,1.853396226e-05,63668.0,26323.0,37345.0,0.586558,-0.667,1,946685920,946685918,2,0.451,1,1,1,1,0,0,,0,4,11,1,0
run4-tbt-3s,1,nazionale,3,none,true,12,327,28,1,3,3,1,m1,1ETD6u7wdHS6P9D1mxb1Qx3Aapa2DwAyyZutL2,1,m2,m2,1,0,1,2,4.329,4.381,0.052,0.0517,0.052,6.2977015e-05,4.7320244e-05,63668.0,45588.0,18080.0,0.586558,-0.583,1,946685924,946685920,4,-0.381,4,0,1,1,0,0,,0,5,12,1,0
run4-tbt-3s,1,nazionale,3,none,true,12,328,28,1,3,3,1,m1,1ETD6u7wdHS6P9D1mxb1Qx3Aapa2DwAyyZutL2,1,m1,m1,1,1,0,1,3.633,3.633,0.734,0.734,0.0,2.21113062e-05,0.0001390583368,63668.0,26323.0,37345.0,0.586558,-0.667,1,946685929,946685924,5,1.367,3,2,1,1,0,0,,0,3,13,1,0
run4-tbt-3s,1,nazionale,3,none,true,12,329,28,1,3,3,1,m1,1ETD6u7wdHS6P9D1mxb1Qx3Aapa2DwAyyZutL2,1,m1,m1,1,1,0,1,2.473,2.473,1.874,1.8741,0.0,7.36787164e-06,0.00010335687836,63668.0,26323.0,37345.0,0.586558,-0.75,1,946685932,946685929,3,0.527,2,1,1,1,0,0,,0,2,14,1,0
run4-tbt-3s,1,nazionale,3,none,true,12,330,28,1,3,3,1,m1,1ETD6u7wdHS6P9D1mxb1Qx3Aapa2DwAyyZutL2,1,m1,m1,1,1,0,1,4.116,4.116,0.228,0.2281,0.0,3.89995699e-05,3.7935753900000006e-05,63668.0,26323.0,37345.0,0.586558,-0.667,1,946685937,946685932,5,0.884,4,1,1,1,0,0,,0,4,15,1,0
run4-tbt-3s,1,nazionale,3,none,true,12,331,28,1,3,3,1,m1,1ETD6u7wdHS6P9D1mxb1Qx3Aapa2DwAyyZutL2,1,m1,m1,1,1,0,1,1.673,1.673,2.115,2.1149,0.0,1.50652149e-06,2.063730551e-05,75625.0,24619.0,51006.0,0.67446,-0.75,1,946685939,946685937,2,0.327,1,1,1,1,0,0,,0,1,16,1,0
run4-tbt-3s,1,nazionale,3,none,true,12,332,28,1,3,3,1,m1,1ETD6u7wdHS6P9D1mxb1Qx3Aapa2DwAyyZutL2,1,m2,m2,1,0,1,2,1.501,1.563,0.062,0.0617,0.062,4.54707564e-07,2.8460973300000004e-07,75625.0,57545.0,18080.0,0.67446,-0.5,1,946685941,946685939,2,0.437,1,1,1,1,0,0,,0,5,17,1,0
run4-tbt-3s,1,nazionale,3,none,true,12,333,28,1,3,3,1,m1,1ETD6u7wdHS6P9D1mxb1Qx3Aapa2DwAyyZutL2,1,m3,m3,1,0,1,3,3.225,4.381,0.668,0.6684,1.156,1.23895878e-05,1.11189761e-05,75625.0,69086.0,6539.0,0.67446,-0.5,1,946685945,946685941,4,-0.381,4,0,1,1,1,1,0075eb23815ca5b428cc5c9af9b7c133daccbf6d5137ba83a7fa79caa8b3f671,0,2,18,1,0
run4-tbt-3s,1,nazionale,3,none,true,12,334,28,1,3,3,1,m1,1ETD6u7wdHS6P9D1mxb1Qx3Aapa2DwAyyZutL2,1,m1,m1,1,1,0,1,3.839,3.839,0.315,0.3154,0.0,2.25583513e-05,1.1434915799999998e-05,75625.0,24619.0,51006.0,0.67446,-0.583,0,946685950,946685945,5,1.161,3,2,1,1,1,1,005bfee74a72429924c5e73cf10d1be13287244b10256ba86d761331863ca6c4,0,2,19,1,0
run4-tbt-3s,1,nazionale,3,none,true,12,335,28,1,3,3,1,m1,1ETD6u7wdHS6P9D1mxb1Qx3Aapa2DwAyyZutL2,1,m2,m2,1,0,1,3,4.03,4.32,0.202,0.2026,0.29,2.82651752e-05,1.1243294400000001e-05,75625.0,57545.0,18080.0,0.67446,-0.583,1,946685954,946685950,4,-0.32,4,0,1,1,1,1,0045500010b216b0ef714a8417d07bcdc8205bfefe9a11d6bfdfc64d52c36d7e,0,1,20,1,0
run4-tbt-3s,1,nazionale,3,none,true,12,336,29,1,3,3,1,m1,1ETD6u7wdHS6P9D1mxb1Qx3Aapa2DwAyyZutL2,1,m1,m1,1,1,0,1,2.35,2.35,0.173,0.1729,0.0,5.14026695e-06,1.1753585399999997e-06,75625.0,24619.0,51006.0,0.67446,-0.583,1,946685958,946685954,4,1.65,2,2,1,1,0,0,,0,4,21,1,0
run4-tbt-3s,1,nazionale,3,none,true,12,337,29,1,3,3,1,m2,1WKxQntNgmP3dtjbv3UL3DHV2JEciQTnQ4K3sr,1,m2,m2,1,1,0,1,2.97,2.97,1.278,1.2784,0.0,9.79890394e-06,2.9678204759999998e-05,75625.0,57545.0,18080.0,0.239074,-0.5,1,946685961,946685958,3,0.03,2,1,1,1,0,0,,0,5,1,0,0
run4-tbt-3s,1,nazionale,3,none,true,12,338,29,1,3,3,1,m1,1ETD6u7wdHS6P9D1mxb1Qx3Aapa2DwAyyZutL2,1,m1,m1,1,1,0,1,1.622,1.622,2.718,2.7181,0.0,1.09386034e-06,5.4823431860000004e-05,75625.0,24619.0,51006.0,0.67446,-0.583,1,946685964,946685961,3,1.378,1,2,1,1,0,0,,0,1,1,0,0
run4-tbt-3s,1,nazionale,3,none,true,12,339,29,1,3,3,1,m2,1WKxQntNgmP3dtjbv3UL3DHV2JEciQTnQ4K3sr,1,m2,m2,1,1,0,1,2.746,2.746,1.466,1.4658,0.0,8.1448151e-06,3.1067095599999995e-05,75625.0,57545.0,18080.0,0.239074,-0.667,1,946685968,946685964,4,1.254,2,2,1,1,0,0,,0,3,1,0,0
run4-tbt-3s,1,nazionale,3,none,true,12,340,29,1,3,3,1,m3,1LtuCHDRfFnaxMXGm2gmsN7NoezE7zExV3Cet8,1,m3,m3,1,1,0,1,1.435,1.435,1.703,1.7026,0.0,3.04766025e-07,1.1495878275e-05,75625.0,69086.0,6539.0,0.086466,-0.667,1,946685971,946685968,3,1.565,1,2,1,1,0,0,,0,2,1,0,0
run4-tbt-3s,1,nazionale,3,none,true,12,341,29,1,3,3,1,m1,1ETD6u7wdHS6P9D1mxb1Qx3Aapa2DwAyyZutL2,1,m1,m1,1,1,0,1,1.547,1.547,2.033,2.0329,0.0,6.64864987e-07,1.6486735813e-05,75625.0,24619.0,51006.0,0.67446,-0.5,1,946685974,946685971,3,1.453,1,2,1,1,0,0,,0,3,1,0,0
run4-tbt-3s,1,nazionale,3,none,true,12,342,29,1,3,3,1,m1,1ETD6u7wdHS6P9D1mxb1Qx3Aapa2DwAyyZutL2,1,m3,m3,1,0,1,2,3.976,4.155,0.179,0.1782,0.179,2.58838749e-05,7.217500899999998e-06,75625.0,69086.0,6539.0,0.67446,-0.5,1,946685978,946685974,4,-0.155,4,0,1,1,0,0,,0,4,2,1,0
run4-tbt-3s,1,nazionale,3,none,true,12,343,29,1,3,3,1,m1,1ETD6u7wdHS6P9D1mxb1Qx3Aapa2DwAyyZutL2,1,m1,m1,1,1,0,1,4.068,4.068,0.123,0.1228,0.0,3.28943201e-05,6.635838200000002e-06,65455.0,21051.0,44404.0,0.67839,-0.417,1,946685983,946685978,5,0.932,4,1,1,1,0,0,,0,4,3,1,0
run4-tbt-3s,1,nazionale,3,none,true,12,344,29,1,3,3,1,m1,1ETD6u7wdHS6P9D1mxb1Qx3Aapa2DwAyyZutL2,1,m1,m1,1,1,0,1,4.038,4.038,0.286,0.286,0.0,3.37745671e-05,3.11239787e-05,65455.0,21051.0,44404.0,0.67839,-0.667,1,946685987,946685983,4,-0.038,4,0,1,1,0,0,,0,1,4,1,0
run4-tbt-3s,1,nazionale,3,none,true,12,345,29,1,3,3,1,m1,1ETD6u7wdHS6P9D1mxb1Qx3Aapa2DwAyyZutL2,1,m1,m1,1,1,0,1,3.095,3.095,1.238,1.2383,0.0,1.35183455e-05,0.0001691934285,65455.0,21051.0,44404.0,0.67839,-0.833,1,946685991,946685987,4,0.905,3,1,1,1,0,0,,0,5,5,1,0
run4-tbt-3s,1,nazionale,3,none,true,12,346,29,1,3,3,1,m2,1WKxQntNgmP3dtjbv3UL3DHV2JEciQTnQ4K3sr,1,m2,m2,1,1,0,1,1.953,1.953,0.389,0.3891,0.0,3.53493634e-06,2.7267196000000005e-06,65455.0,52647.0,12808.0,0.195676,-0.833,1,946685993,946685991,2,0.047,1,1,1,1,0,0,,0,2,1,0,0
run4-tbt-3s,1,nazionale,3,none,true,12,347,29,1,3,3,1,m1,1ETD6u7wdHS6P9D1mxb1Qx3Aapa2DwAyyZutL2,1,m1,m1,1,1,0,1,2.893,2.893,1.49,1.4905,0.0,1.06858472e-05,0.00015086240979999998,65455.0,21051.0,44404.0,0.67839,-0.583,1,946685997,946685993,4,1.107,2,2,1,1,0,0,,0,2,1,0,0
run4-tbt-3s,1,nazionale,3,none,true,12,348,30,1,3,3,1,m1,1ETD6u7wdHS6P9D1mxb1Qx3Aapa2DwAyyZutL2,1,m1,m1,1,1,0,1,1.442,1.442,1.831,1.8304,0.0,3.02965197e-07,1.4877045703e-05,65455.0,21051.0,44404.0,0.67839,-0.583,1,946685999,946685997,2,0.558,1,1,1,1,0,0,,0,1,2,1,0
run4-tbt-3s,1,nazionale,3,none,true,12,349,30,1,3,3,1,m1,1ETD6u7wdHS6P9D1mxb1Qx3Aapa2DwAyyZutL2,1,m1,m1,1,1,0,1,3.702,3.702,0.714,0.7147,0.0,2.19079204e-05,0.0001141813156,65455.0,21051.0,44404.0,0.67839,-0.417,1,946686004,946685999,5,1.298,3,2,1,1,0,0,,0,3,3,1,0
run4-tbt-3s,1,nazionale,3,none,true,12,350,30,1,3,3,1,m1,1ETD6u7wdHS6P9D1mxb1Qx3Aapa2DwAyyZutL2,1,m1,m1,1,1,0,1,2.955,2.955,1.333,1.3328,0.0,1.13393908e-05,4.13477668e-05,65455.0,21051.0,44404.0,0.67839,-0.583,1,946686007,946686004,3,0.045,2,1,1,1,0,0,,0,4,4,1,0
run4-tbt-3s,1,nazionale,3,none,true,12,351,30,1,3,3,1,m3,1LtuCHDRfFnaxMXGm2gmsN7NoezE7zExV3Cet8,1,m3,m3,1,1,0,1,1.856,1.856,1.832,1.8328,0.0,2.61676439e-06,1.972713951e-05,65455.0,57212.0,8243.0,0.125934,-0.583,1,946686010,946686007,3,1.144,1,2,1,1,0,0,,0,3,1,0,0
run4-tbt-3s,1,nazionale,3,none,true,12,352,30,1,3,3,1,m1,1ETD6u7wdHS6P9D1mxb1Qx3Aapa2DwAyyZutL2,1,m1,m1,1,1,0,1,2.143,2.143,0.925,0.925,0.0,4.34893938e-06,8.05737992e-06,65455.0,21051.0,44404.0,0.67839,-0.5,1,946686014,946686010,4,1.857,2,2,1,1,0,0,,0,2,1,0,0
run4-tbt-3s,1,nazionale,3,none,true,12,353,30,1,3,3,1,m1,1ETD6u7wdHS6P9D1mxb1Qx3Aapa2DwAyyZutL2,1,m3,m3,1,0,1,2,3.891,4.251,0.36,0.3602,0.36,2.76169726e-05,2.0115874899999998e-05,65455.0,57212.0,8243.0,0.67839,-0.583,1,946686018,946686014,4,-0.251,4,0,1,1,0,0,,0,3,2,1,0
run4-tbt-3s,1,nazionale,3,none,true,12,354,30,1,3,3,1,m1,1ETD6u7wdHS6P9D1mxb1Qx3Aapa2DwAyyZutL2,1,m1,m1,1,1,0,1,3.605,3.605,0.759,0.7592,0.0,2.09371586e-05,8.57110654e-05,65455.0,21051.0,44404.0,0.67839,-0.667,1,946686023,946686018,5,1.395,3,2,1,1,0,0,,0,7,3,1,0
run4-tbt-3s,1,nazionale,3,none,true,12,355,30,1,3,3,1,m1,1ETD6u7wdHS6P9D1mxb1Qx3Aapa2DwAyyZutL2,1,m1,m1,1,1,0,1,1.885,1.885,1.991,1.9909,0.0,2.49386037e-06,2.092209203e-05,78826.0,26323.0,52503.0,0.666062,-0.75,1,946686025,946686023,2,0.115,1,1,1,1,0,0,,0,1,4,1,0
run4-tbt-3s,1,nazionale,3,none,true,12,356,30,1,3,3,1,m1,1ETD6u7wdHS6P9D1mxb1Qx3Aapa2DwAyyZutL2,1,m1,m1,1,1,0,1,2.106,2.106,1.359,1.3582,0.0,3.40613658e-06,1.137852822e-05,78826.0,26323.0,52503.0,0.666062,-0.5,1,946686027,946686025,2,-0.106,2,0,1,1,0,0,,0,1,5,1,0
run4-tbt-3s,1,nazionale,3,none,true,12,357,30,1,3,3,1,m1,1ETD6u7wdHS6P9D1mxb1Qx3Aapa2DwAyyZutL2,1,m1,m1,1,1,0,1,2.832,2.832,1.4,1.3997,0.0,7.96593503e-06,2.6302297970000002e-05,78826.0,26323.0,52503.0,0.666062,-0.333,1,946686030,946686027,3,0.168,2,1,1,1,0,0,,0,3,6,1,0
run4-tbt-3s,1,nazionale,3,none,true,12,358,30,1,3,3,1,m1,1ETD6u7wdHS6P9D1mxb1Qx3Aapa2DwAyyZutL2,1,m1,m1,1,1,0,1,1.737,1.737,2.463,2.4631,0.0,1.27520554e-06,3.024787466e-05,78826.0,26323.0,52503.0,0.666062,-0.25,1,946686032,946686030,2,0.263,1,1,1,1,0,0,,0,1,7,1,0
run4-tbt-3s,1,nazionale,3,none,true,12,359,30,1,3,3,1,m1,1ETD6u7wdHS6P9D1mxb1Qx3Aapa2DwAyyZutL2,1,m1,m1,1,1,0,1,2.902,2.902,1.274,1.2736,0.0,8.39286304e-06,2.194625126e-05,78826.0,26323.0,52503.0,0.666062,-0.25,1,946686036,946686032,4,1.098,2,2,1,1,0,0,,0,1,8,1,0
run4-tbt-3s,1,nazionale,3,none,true,12,360,31,1,3,3,1,m1,1ETD6u7wdHS6P9D1mxb1Qx3Aapa2DwAyyZutL2,1,m1,m1,1,1,0,1,3.611,3.611,0.839,0.8394,0.0,1.61576533e-05,0.0001477929017,78826.0,26323.0,52503.0,0.666062,-0.25,1,946686040,946686036,4,0.389,3,1,1,1,0,0,,0,6,9,1,0
run4-tbt-3s,1,nazionale,3,none,true,12,361,31,1,3,3,1,m2,1WKxQntNgmP3dtjbv3UL3DHV2JEciQTnQ4K3sr,1,m2,m2,1,1,0,1,2.68,2.68,0.894,0.8942,0.0,6.93164229e-06,9.174190510000002e-06,78826.0,60746.0,18080.0,0.229366,-0.417,1,946686044,946686040,4,1.32,2,2,1,1,0,0,,0,1,1,0,0
run4-tbt-3s,1,nazionale,3,none,true,12,362,31,1,3,3,1,m1,1ETD6u7wdHS6P9D1mxb1Qx3Aapa2DwAyyZutL2,1,m1,m1,1,1,0,1,1.713,1.713,0.786,0.7856,0.0,1.24278127e-06,4.323799649999999e-06,78826.0,26323.0,52503.0,0.666062,-0.333,1,946686047,946686044,3,1.287,1,2,1,1,0,0,,0,2,1,0,0
run4-tbt-3s,1,nazionale,3,none,true,12,363,31,1,3,3,1,m1,1ETD6u7wdHS6P9D1mxb1Qx3Aapa2DwAyyZutL2,1,m3,m3,1,0,1,2,3.006,4.354,1.348,1.3476,1.348,9.42677949e-06,3.666283301e-05,78826.0,70583.0,8243.0,0.666062,-0.333,1,946686051,946686047,4,-0.354,4,0,1,1,1,1,00ecaabfcb2ec1362e04eac03f8dddd2cb52b0ff0f20227622a62fb43a5658f9,0,4,2,1,0
run4-tbt-3s,1,nazionale,3,none,true,12,364,31,1,3,3,1,m1,1ETD6u7wdHS6P9D1mxb1Qx3Aapa2DwAyyZutL2,1,m1,m1,1,1,0,1,4.373,4.373,0.018,0.0186,0.0,5.3564368e-05,6.959780900000004e-06,78826.0,26323.0,52503.0,0.666062,-0.417,1,946686056,946686051,5,0.627,4,1,1,1,1,1,00947cd98ba3438133fa0b4d45544a8176a84adc500ee5e7d37925fa9e0cc05d,0,4,3,1,0
run4-tbt-3s,1,nazionale,3,none,true,12,365,31,1,3,3,1,m1,1ETD6u7wdHS6P9D1mxb1Qx3Aapa2DwAyyZutL2,1,m1,m1,1,1,0,1,1.675,1.675,2.722,2.7218,0.0,1.21865024e-06,8.472807396e-05,78826.0,26323.0,52503.0,0.666062,-0.5,1,946686058,946686056,2,0.325,1,1,1,1,0,0,,0,1,4,1,0
run4-tbt-3s,1,nazionale,3,none,true,12,366,31,1,3,3,1,m1,1ETD6u7wdHS6P9D1mxb1Qx3Aapa2DwAyyZutL2,1,m2,m2,1,0,1,2,3.832,4.038,0.206,0.2062,0.206,2.03812452e-05,5.322647000000001e-06,78826.0,60746.0,18080.0,0.666062,-0.333,1,946686062,946686058,4,-0.038,4,0,1,1,1,1,00d64bd02154b32eb9d3a7e8f791fd43917de3e0fb2be9a179bd8604cb6fd62d,0,6,5,1,0
run4-tbt-3s,1,nazionale,3,none,true,12,367,31,1,3,3,1,m1,1ETD6u7wdHS6P9D1mxb1Qx3Aapa2DwAyyZutL2,1,m1,m1,1,1,0,1,1.887,1.887,1.44,1.4398,0.0,2.52149192e-06,1.3205697280000002e-05,62483.0,19576.0,42907.0,0.686699,-0.25,0,946686064,946686062,2,0.113,1,1,1,1,0,0,,0,2,6,1,0
run4-tbt-3s,1,nazionale,3,none,true,12,368,31,1,3,3,1,m1,1ETD6u7wdHS6P9D1mxb1Qx3Aapa2DwAyyZutL2,1,m1,m1,1,1,0,1,2.42,2.42,2.017,2.0168,0.0,6.25126593e-06,8.064615847e-05,62483.0,19576.0,42907.0,0.686699,-0.25,1,946686068,946686064,4,1.58,2,2,1,1,0,0,,0,2,7,1,0
run4-tbt-3s,1,nazionale,3,none,true,12,369,31,1,3,3,1,m1,1ETD6u7wdHS6P9D1mxb1Qx3Aapa2DwAyyZutL2,1,m1,m1,1,1,0,1,3.534,3.534,0.847,0.8467,0.0,1.95888008e-05,5.143419399999999e-05,62483.0,19576.0,42907.0,0.686699,-0.417,1,946686072,946686068,4,0.466,3,1,1,1,0,0,,0,3,8,1,0
run4-tbt-3s,1,nazionale,3,none,true,12,370,31,1,3,3,1,m1,1ETD6u7wdHS6P9D1mxb1Qx3Aapa2DwAyyZutL2,1,m1,m1,1,1,0,1,2.41,2.41,0.012,0.0114,0.0,6.57199511e-06,9.16571500000001e-08,62483.0,19576.0,42907.0,0.686699,-0.5,1,946686075,946686072,3,0.59,2,1,1,1,0,0,,0,1,9,1,0
run4-tbt-3s,1,nazionale,3,none,true,12,371,31,1,3,3,1,m1,1ETD6u7wdHS6P9D1mxb1Qx3Aapa2DwAyyZutL2,1,m1,m1,1,1,0,1,4.201,4.201,0.129,0.1291,0.0,4.47780287e-05,1.96023815e-05,62483.0,19576.0,42907.0,0.686699,-0.583,1,946686080,946686075,5,0.799,4,1,1,1,0,0,,0,5,10,1,0
run4-tbt-3s,1,nazionale,3,none,true,12,372,32,1,3,3,1,m1,1ETD6u7wdHS6P9D1mxb1Qx3Aapa2DwAyyZutL2,1,m1,m1,1,1,0,1,3.308,3.308,0.77,0.7702,0.0,1.66725032e-05,2.0814720700000002e-05,62483.0,19576.0,42907.0,0.686699,-0.667,1,946686084,946686080,4,0.692,3,1,1,1,0,0,,0,4,11,1,0
run4-tbt-3s,1,nazionale,3,none,true,12,373,32,1,3,3,1,m1,1ETD6u7wdHS6P9D1mxb1Qx3Aapa2DwAyyZutL2,1,m1,m1,1,1,0,1,3.236,3.236,1.004,1.0039,0.0,1.56170736e-05,3.50211166e-05,62483.0,19576.0,42907.0,0.686699,-0.667,1,946686088,946686084,4,0.764,3,1,1,1,0,0,,0,1,12,1,0
run4-tbt-3s,1,nazionale,3,none,true,12,374,32,1,3,3,1,m1,1ETD6u7wdHS6P9D1mxb1Qx3Aapa2DwAyyZutL2,1,m3,m3,1,0,1,3,2.894,3.718,0.418,0.4183,0.824,1.13869754e-05,5.3476693e-06,62483.0,58361.0,4122.0,0.686699,-0.667,1,946686092,946686088,4,0.282,3,1,1,1,1,1,00b7b08cb7816cddd3e3ef60c04fffd32c045bf34138e3db1af8ffec38f1daf2,0,6,13,1,0
run4-tbt-3s,1,nazionale,3,none,true,12,375,32,1,3,3,1,m1,1ETD6u7wdHS6P9D1mxb1Qx3Aapa2DwAyyZutL2,1,m1,m1,1,1,0,1,3.684,3.684,0.652,0.6522,0.0,2.40853436e-05,6.197347250000001e-05,62483.0,19576.0,42907.0,0.686699,-0.75,1,946686096,946686092,4,0.316,3,1,1,1,1,2,001de7e764fa7d4207d669913c69e36823c852820df3b6ddfbb82ae681cc0e78 00abd76f23a7b5dfb1b5a01b00e50c71b67645c94643b96f3fe5c1fffbefe2d2,0,2,14,1,0
run4-tbt-3s,1,nazionale,3,none,true,12,376,32,1,3,3,1,m1,1ETD6u7wdHS6P9D1mxb1Qx3Aapa2DwAyyZutL2,1,m1,m1,1,1,0,1,4.3,4.3,0.005,0.0054,0.0,6.5589419e-05,9.3122198e-06,62483.0,19576.0,42907.0,0.686699,-0.75,0,946686101,946686096,5,0.7,4,1,1,1,1,1,00a92875bc02f891c4530e58b589159fdb30bcec62d7c8d8f12d5b2f02732391,0,5,15,1,0
run4-tbt-3s,1,nazionale,3,none,true,12,377,32,1,3,3,1,m1,1ETD6u7wdHS6P9D1mxb1Qx3Aapa2DwAyyZutL2,1,m1,m1,1,1,0,1,2.194,2.194,2.012,2.0123,0.0,5.28636429e-06,4.333798461e-05,62483.0,19576.0,42907.0,0.686699,-0.75,1,946686103,946686101,2,-0.194,2,0,1,1,0,0,,0,1,16,1,0
run4-tbt-3s,1,nazionale,3,none,true,12,378,32,1,3,3,1,m2,1WKxQntNgmP3dtjbv3UL3DHV2JEciQTnQ4K3sr,1,m2,m2,1,1,0,1,2.468,2.468,0.863,0.8629,0.0,7.46594277e-06,9.819777329999998e-06,62483.0,47029.0,15454.0,0.247331,-0.75,1,946686107,946686103,4,1.532,2,2,1,1,0,0,,0,4,1,0,0
run4-tbt-3s,1,nazionale,3,none,true,12,379,32,1,3,3,1,m2,1WKxQntNgmP3dtjbv3UL3DHV2JEciQTnQ4K3sr,1,m2,m2,1,1,0,1,1.57,1.57,2.124,2.1234,0.0,9.67123654e-07,1.8309994646e-05,78826.0,60746.0,18080.0,0.229366,-0.75,1,946686109,946686107,2,0.43,1,1,1,1,0,0,,0,2,2,1,0
run4-tbt-3s,1,nazionale,3,none,true,12,380,32,1,3,3,1,m2,1WKxQntNgmP3dtjbv3UL3DHV2JEciQTnQ4K3sr,1,m1,m1,1,0,1,2,3.554,3.577,0.023,0.0226,0.023,1.68302706e-05,3.6571839999999787e-07,78826.0,26323.0,52503.0,0.229366,-0.75,1,946686113,946686109,4,0.423,3,1,1,1,0,0,,0,4,3,1,0
run4-tbt-3s,1,nazionale,3,none,true,12,381,32,1,3,3,1,m2,1WKxQntNgmP3dtjbv3UL3DHV2JEciQTnQ4K3sr,1,m2,m2,1,1,0,1,2.322,2.322,1.833,1.8332,0.0,4.96863906e-06,2.973426444e-05,78826.0,60746.0,18080.0,0.229366,-0.75,1,946686117,946686113,4,1.678,2,2,1,1,0,0,,0,4,4,1,0
run4-tbt-3s,1,nazionale,3,none,true,12,382,32,1,3,3,1,m3,1LtuCHDRfFnaxMXGm2gmsN7NoezE7zExV3Cet8,1,m1,m1,1,0,1,2,2.659,3.284,0.625,0.6243,0.625,7.27522398e-06,5.84600952e-06,78826.0,26323.0,52503.0,0.104572,-0.75,1,946686121,946686117,4,0.716,3,1,1,1,1,2,0042892d993027da93fb66027fc37b8bd5d0649dbd6cd74fd9691c3349130a08 00860ea4bdc342e146c9b1c2dc8013452fae5e1a5954b98cf77f15cacc17ab50,0,2,1,0,0
run4-tbt-3s,1,nazionale,3,none,true,12,383,32,1,3,3,1,m3,1LtuCHDRfFnaxMXGm2gmsN7NoezE7zExV3Cet8,1,m2,m2,1,0,1,2,1.54,1.94,0.4,0.4002,0.4,9.06710808e-07,1.961761472e-06,78826.0,60746.0,18080.0,0.104572,-0.833,1,946686123,946686121,2,0.06,1,1,1,1,1,1,0033dd32b88d8fbc43f447449a61224cd9cd53d9f24a28470042865f210672fd,0,1,2,1,0
run4-tbt-3s,1,nazionale,3,none,true,12,384,33,1,3,3,1,m3,1LtuCHDRfFnaxMXGm2gmsN7NoezE7zExV3Cet8,1,m1,m1,1,0,1,3,4.071,4.383,0.25,0.2499,0.312,2.86976005e-05,2.04058548e-05,78826.0,26323.0,52503.0,0.104572,-0.583,1,946686127,946686123,4,-0.383,4,0,1,1,0,0,,0,3,3,1,0
run4-tbt-3s,1,nazionale,3,none,true,12,385,33,1,3,3,1,m2,1WKxQntNgmP3dtjbv3UL3DHV2JEciQTnQ4K3sr,1,m2,m2,1,1,0,1,1.46,1.46,1.732,1.7317,0.0,3.29104995e-07,1.1385075205e-05,78826.0,60746.0,18080.0,0.229366,-0.583,1,946686130,946686127,3,1.54,1,2,1,1,0,0,,0,2,1,0,0
run4-tbt-3s,1,nazionale,3,none,true,12,386,33,1,3,3,1,m2,1WKxQntNgmP3dtjbv3UL3DHV2JEciQTnQ4K3sr,1,m2,m2,1,1,0,1,1.685,1.685,2.61,2.6093,0.0,1.26788163e-06,4.121559867e-05,78826.0,60746.0,18080.0,0.229366,-0.5,1,946686132,946686130,2,0.315,1,1,1,1,0,0,,0,3,2,1,0
run4-tbt-3s,1,nazionale,3,none,true,12,387,33,1,3,3,1,m1,1ETD6u7wdHS6P9D1mxb1Qx3Aapa2DwAyyZutL2,1,m1,m1,1,1,0,1,4.382,4.382,0.051,0.051,0.0,5.16897575e-05,0.00011973549149999998,78826.0,26323.0,52503.0,0.666062,-0.333,1,946686137,946686132,5,0.618,4,1,1,1,0,0,,0,4,1,0,0
run4-tbt-3s,1,nazionale,3,none,true,12,388,33,1,3,3,1,m1,1ETD6u7wdHS6P9D1mxb1Qx3Aapa2DwAyyZutL2,1,m1,m1,1,1,0,1,4.315,4.315,0.098,0.0981,0.0,4.29741286e-05,4.35540998e-05,78826.0,26323.0,52503.0,0.666062,-0.417,1,946686142,946686137,5,0.685,4,1,1,1,0,0,,0,6,2,1,0
run4-tbt-3s,1,nazionale,3,none,true,12,389,33,1,3,3,1,m1,1ETD6u7wdHS6P9D1mxb1Qx3Aapa2DwAyyZutL2,1,m1,m1,1,1,0,1,3.395,3.395,1.022,1.0215,0.0,1.36656521e-05,0.00011879786789999999,78826.0,26323.0,52503.0,0.666062,-0.417,1,946686146,946686142,4,0.605,3,1,1,1,0,0,,0,1,3,1,0
run4-tbt-3s,1,nazionale,3,none,true,12,390,33,1,3,3,1,m1,1ETD6u7wdHS6P9D1mxb1Qx3Aapa2DwAyyZutL2,1,m1,m1,1,1,0,1,3.164,3.164,0.095,0.0947,0.0,1.14256809e-05,1.0262284000000001e-06,78826.0,26323.0,52503.0,0.666062,-0.583,1,946686149,946686146,3,-0.164,3,0,1,1,0,0,,0,6,4,1,0
run4-tbt-3s,1,nazionale,3,none,true,12,391,33,1,3,3,1,m1,1ETD6u7wdHS6P9D1mxb1Qx3Aapa2DwAyyZutL2,1,m1,m1,1,1,0,1,2.683,2.683,0.468,0.4679,0.0,7.62523103e-06,4.347411069999999e-06,73182.0,28778.0,44404.0,0.606761,-0.5,1,946686153,946686149,4,1.317,2,2,1,1,0,0,,0,1,5,1,0
run4-tbt-3s,1,nazionale,3,none,true,12,392,33,1,3,3,1,m1,1ETD6u7wdHS6P9D1mxb1Qx3Aapa2DwAyyZutL2,1,m1,m1,1,1,0,1,1.441,1.441,2.925,2.9248,0.0,3.42598746e-07,0.000110104231254,73182.0,28778.0,44404.0,0.606761,-0.667,1,946686155,946686153,2,0.559,1,1,1,1,0,0,,0,1,6,1,0
run4-tbt-3s,1,nazionale,3,none,true,12,393,33,1,3,3,1,m1,1ETD6u7wdHS6P9D1mxb1Qx3Aapa2DwAyyZutL2,1,m1,m1,1,1,0,1,2.369,2.369,0.081,0.0813,0.0,5.32815559e-06,5.581195800000001e-07,73182.0,28778.0,44404.0,0.606761,-0.5,1,946686158,946686155,3,0.631,2,1,1,1,0,0,,0,2,7,1,0
run4-tbt-3s,1,nazionale,3,none,true,12,394,33,1,3,3,1,m1,1ETD6u7wdHS6P9D1mxb1Qx3Aapa2DwAyyZutL2,1,m1,m1,1,1,0,1,2.459,2.459,1.645,1.6449,0.0,5.83217229e-06,2.5054632010000003e-05,73182.0,28778.0,44404.0,0.606761,-0.417,1,946686161,946686158,3,0.541,2,1,1,1,0,0,,0,3,8,1,0
run4-tbt-3s,1,nazionale,3,none,true,12,395,33,1,3,3,1,m1,1ETD6u7wdHS6P9D1mxb1Qx3Aapa2DwAyyZutL2,1,m1,m1,1,1,0,1,4.011,4.011,0.414,0.4139,0.0,2.67801241e-05,5.29651354e-05,73182.0,28778.0,44404.0,0.606761,-0.333,1,946686166,946686161,5,0.989,4,1,1,1,0,0,,0,4,9,1,0
run4-tbt-3s,1,nazionale,3,none,true,12,396,34,1,3,3,1,m1,1ETD6u7wdHS6P9D1mxb1Qx3Aapa2DwAyyZutL2,1,m1,m1,1,1,0,1,4.162,4.162,0.169,0.1694,0.0,3.56075491e-05,1.9773023799999998e-05,73182.0,28778.0,44404.0,0.606761,-0.583,1,946686170,946686166,4,-0.162,4,0,1,1,0,0,,0,1,10,1,0
run4-tbt-3s,1,nazionale,3,none,true,12,397,34,1,3,3,1,m1,1ETD6u7wdHS6P9D1mxb1Qx3Aapa2DwAyyZutL2,1,m1,m1,1,1,0,1,1.754,1.754,2.389,2.3884,0.0,1.80309812e-06,3.266827698e-05,73182.0,28778.0,44404.0,0.606761,-0.583,1,946686172,946686170,2,0.246,1,1,1,1,0,0,,0,3,11,1,0
run4-tbt-3s,1,nazionale,3,none,true,12,398,34,1,3,3,1,m2,1WKxQntNgmP3dtjbv3UL3DHV2JEciQTnQ4K3sr,1,m2,m2,1,1,0,1,1.924,1.924,2.018,2.0179,0.0,2.62566406e-06,2.306964424e-05,73182.0,52647.0,20535.0,0.280602,-0.5,1,946686176,946686172,4,2.076,1,3,1,1,0,0,,0,1,1,0,0
run4-tbt-3s,1,nazionale,3,none,true,12,399,34,1,3,3,1,m2,1WKxQntNgmP3dtjbv3UL3DHV2JEciQTnQ4K3sr,1,m2,m2,1,1,0,1,1.867,1.867,0.936,0.9361,0.0,2.49454183e-06,6.41185738e-06,73182.0,52647.0,20535.0,0.280602,-0.667,1,946686178,946686176,2,0.133,1,1,1,1,0,0,,0,1,2,1,0
run4-tbt-3s,1,nazionale,3,none,true,12,400,34,1,3,3,1,m1,1ETD6u7wdHS6P9D1mxb1Qx3Aapa2DwAyyZutL2,1,m1,m1,1,1,0,1,1.613,1.613,1.26,1.26,0.0,9.24643728e-07,8.154438522e-06,73182.0,28778.0,44404.0,0.606761,-0.417,1,946686181,946686178,3,1.387,1,2,1,1,0,0,,0,7,1,0,0
run4-tbt-3s,1,nazionale,3,none,true,12,401,34,1,3,3,1,m1,1ETD6u7wdHS6P9D1mxb1Qx3Aapa2DwAyyZutL2,1,m1,m1,1,1,0,1,4.051,4.051,0.282,0.2828,0.0,2.75516674e-05,1.6827145700000005e-05,73182.0,28778.0,44404.0,0.606761,-0.25,1,946686186,946686181,5,0.949,4,1,1,1,0,0,,0,2,2,1,0
run4-tbt-3s,1,nazionale,3,none,true,12,402,34,1,3,3,1,m1,1ETD6u7wdHS6P9D1mxb1Qx3Aapa2DwAyyZutL2,1,m3,m3,1,0,1,2,4.413,4.418,0.005,0.0048,0.005,6.83259655e-05,3.735654099999998e-06,73182.0,64939.0,8243.0,0.606761,-0.333,1,946686191,946686186,5,0.582,4,1,1,1,0,0,,0,6,3,1,0
run4-tbt-3s,1,nazionale,3,none,true,12,403,34,1,2,3,0,m1,1ETD6u7wdHS6P9D1mxb1Qx3Aapa2DwAyyZutL2,1,m1,m1,1,1,0,1,4.25,4.25,0.15,0.1502,0.0,3.91913638e-05,0.0001856747872,76409.0,23906.0,52503.0,0.687131,-0.5,1,946686196,946686191,5,0.75,4,1,1,1,0,0,,0,1,4,1,0
run4-tbt-3s,1,nazionale,3,none,true,12,404,34,1,3,3,1,m1,1ETD6u7wdHS6P9D1mxb1Qx3Aapa2DwAyyZutL2,1,m1,m1,1,1,0,1,2.852,2.852,1.416,1.4166,0.0,8.79920176e-06,3.3894393540000004e-05,76409.0,23906.0,52503.0,0.687131,-0.583,1,946686199,946686196,3,0.148,2,1,1,1,0,0,,0,4,5,1,0
run4-tbt-3s,1,nazionale,3,none,true,12,405,34,1,3,3,1,m1,1ETD6u7wdHS6P9D1mxb1Qx3Aapa2DwAyyZutL2,1,m2,m2,1,0,1,2,4.142,4.357,0.215,0.2154,0.215,3.39151596e-05,4.1688764e-05,76409.0,58329.0,18080.0,0.687131,-0.667,1,946686203,946686199,4,-0.357,4,0,1,1,0,0,,0,3,6,1,0
run4-tbt-3s,1,nazionale,3,none,true,12,406,34,1,3,3,1,m1,1ETD6u7wdHS6P9D1mxb1Qx3Aapa2DwAyyZutL2,1,m1,m1,1,1,0,1,2.911,2.911,1.438,1.4387,0.0,9.61324803e-06,0.00010423962497,76409.0,23906.0,52503.0,0.687131,-0.75,1,946686207,946686203,4,1.089,2,2,1,1,0,0,,0,2,7,1,0
run4-tbt-3s,1,nazionale,3,none,true,12,407,34,1,3,3,1,m1,1ETD6u7wdHS6P9D1mxb1Qx3Aapa2DwAyyZutL2,1,m3,m3,1,0,1,3,2.508,4.31,1.769,1.769,1.802,6.50520775e-06,4.5596558149999996e-05,76409.0,70583.0,5826.0,0.687131,-0.833,1,946686211,946686207,4,-0.31,4,0,1,1,1,1,00e60d773beea40d973266d9e6be4a1a28eeb847a469708976a88f45a736b77b,0,2,8,1,0
run4-tbt-3s,1,nazionale,3,none,true,12,408,35,1,3,3,1,m1,1ETD6u7wdHS6P9D1mxb1Qx3Aapa2DwAyyZutL2,1,m1,m1,1,1,0,1,2.73,2.73,1.131,1.131,0.0,8.0618829e-06,1.56708872e-05,76409.0,23906.0,52503.0,0.687131,-0.75,1,946686214,946686211,3,0.27,2,1,1,1,0,0,,0,3,9,1,0
run4-tbt-3s,1,nazionale,3,none,true,12,409,35,1,3,3,1,m1,1ETD6u7wdHS6P9D1mxb1Qx3Aapa2DwAyyZutL2,1,m2,m2,1,0,1,2,2.853,3.856,1.003,1.0028,1.003,8.9538397e-06,1.4215411100000001e-05,76409.0,58329.0,18080.0,0.687131,-0.667,1,946686219,946686214,5,1.144,3,2,1,1,1,1,00b82f857a80f4891547f583e2d67927261199f948f588a0e12f8fb4a358adad,0,2,10,1,0
run4-tbt-3s,1,nazionale,3,none,true,12,410,35,1,3,3,1,m1,1ETD6u7wdHS6P9D1mxb1Qx3Aapa2DwAyyZutL2,1,m1,m1,1,1,0,1,1.328,1.328,2.823,2.8229,0.0,5.07368537e-08,3.78700498463e-05,76409.0,23906.0,52503.0,0.687131,-0.917,1,946686221,946686219,2,0.672,1,1,1,1,0,0,,0,7,11,1,0
run4-tbt-3s,1,nazionale,3,none,true,12,411,35,1,3,3,1,m1,1ETD6u7wdHS6P9D1mxb1Qx3Aapa2DwAyyZutL2,1,m1,m1,1,1,0,1,4.184,4.184,0.166,0.166,0.0,3.78835094e-05,0.0001069576256,76409.0,23906.0,52503.0,0.687131,-0.75,1,946686225,946686221,4,-0.184,4,0,1,1,0,0,,0,1,12,1,0
run4-tbt-3s,1,nazionale,3,none,true,12,412,35,1,3,3,1,m1,1ETD6u7wdHS6P9D1mxb1Qx3Aapa2DwAyyZutL2,1,m1,m1,1,1,0,1,1.835,1.835,2.473,2.4723,0.0,2.4836868e-06,7.34284889e-05,76409.0,23906.0,52503.0,0.687131,-0.917,1,946686228,946686225,3,1.165,1,2,1,1,0,0,,0,1,13,1,0
run4-tbt-3s,1,nazionale,3,none,true,12,413,35,1,3,3,1,m1,1ETD6u7wdHS6P9D1mxb1Qx3Aapa2DwAyyZutL2,1,m1,m1,1,1,0,1,2.513,2.513,1.803,1.8037,0.0,6.65626901e-06,0.00011304027199,76409.0,23906.0,52503.0,0.687131,-0.917,1,946686231,946686228,3,0.487,2,1,1,1,0,0,,0,4,14,1,0
run4-tbt-3s,1,nazionale,3,none,true,12,414,35,1,3,3,1,m2,1WKxQntNgmP3dtjbv3UL3DHV2JEciQTnQ4K3sr,1,m2,m2,1,1,0,1,2.49,2.49,1.027,1.027,0.0,6.25539703e-06,1.051174147e-05,76409.0,58329.0,18080.0,0.236621,-0.75,1,946686235,946686231,4,1.51,2,2,1,1,1,1,005d44d726c44e528bb4a083c4d0722956bb9c42b5b3f3bab85b0a708e169895,0,5,1,0,0
run4-tbt-3s,1,nazionale,3,none,true,12,415,35,1,3,3,1,m2,1WKxQntNgmP3dtjbv3UL3DHV2JEciQTnQ4K3sr,1,m2,m2,1,1,0,1,1.887,1.887,0.76,0.7598,0.0,2.61069094e-06,5.01319414e-06,72999.0,57545.0,15454.0,0.211702,-0.667,1,946686238,946686235,3,1.113,1,2,1,1,0,0,,0,2,2,1,0
run4-tbt-3s,1,nazionale,3,none,true,12,416,35,1,3,3,1,m1,1ETD6u7wdHS6P9D1mxb1Qx3Aapa2DwAyyZutL2,1,m1,m1,1,1,0,1,2.113,2.113,2.268,2.2686,0.0,3.71578283e-06,6.586917337e-05,72999.0,21993.0,51006.0,0.698722,-0.5,1,946686241,946686238,3,0.887,2,1,1,1,0,0,,0,3,1,0,0
run4-tbt-3s,1,nazionale,3,none,true,12,417,35,1,3,3,1,m3,1LtuCHDRfFnaxMXGm2gmsN7NoezE7zExV3Cet8,1,m3,m3,1,1,0,1,1.603,1.603,1.973,1.9732,0.0,9.59042104e-07,1.6742970896e-05,72999.0,66460.0,6539.0,0.089577,-0.5,1,946686244,946686241,3,1.397,1,2,1,1,0,0,,0,1,1,0,0
run4-tbt-3s,1,nazionale,3,none,true,12,418,35,1,3,3,1,m1,1ETD6u7wdHS6P9D1mxb1Qx3Aapa2DwAyyZutL2,1,m1,m1,1,1,0,1,2.026,2.026,0.822,0.8223,0.0,3.1081181e-06,5.77334588e-06,72999.0,21993.0,51006.0,0.698722,-0.417,1,946686247,946686244,3,0.974,2,1,1,1,1,1,003d28a9087db3fe8aef4607aa793263df607eeae9128cfa0634fe94a1575a31,0,4,1,0,0
run4-tbt-3s,1,nazionale,3,none,true,12,419,35,1,3,3,1,m1,1ETD6u7wdHS6P9D1mxb1Qx3Aapa2DwAyyZutL2,1,m1,m1,1,1,0,1,4.307,4.307,0.105,0.1051,0.0,4.34098825e-05,4.6197079399999994e-05,72999.0,21993.0,51006.0,0.698722,-0.333,0,946686252,946686247,5,0.693,4,1,1,1,0,0,,0,1,2,1,0
run4-tbt-3s,1,nazionale,3,none,true,12,420,36,1,3,3,1,m1,1ETD6u7wdHS6P9D1mxb1Qx3Aapa2DwAyyZutL2,1,m2,m2,1,0,1,2,3.01,3.276,0.266,0.2658,0.266,1.03794403e-05,2.8706772999999997e-06,72999.0,57545.0,15454.0,0.698722,-0.417,1,946686255,946686252,3,-0.276,3,0,1,1,0,0,,0,2,3,1,0
run4-tbt-3s,1,nazionale,3,none,true,12,421,36,1,3,3,1,m1,1ETD6u7wdHS6P9D1mxb1Qx3Aapa2DwAyyZutL2,1,m1,m1,1,1,0,1,3.601,3.601,0.621,0.6207,0.0,1.78415356e-05,1.96084011e-05,72999.0,21993.0,51006.0,0.698722,-0.417,1,946686259,946686255,4,0.399,3,1,1,1,0,0,,0,2,4,1,0
run4-tbt-3s,1,nazionale,3,none,true,12,422,36,1,3,3,1,m1,1ETD6u7wdHS6P9D1mxb1Qx3Aapa2DwAyyZutL2,1,m1,m1,1,1,0,1,1.55,1.55,2.618,2.6185,0.0,5.42331452e-07,3.2695946448e-05,72999.0,21993.0,51006.0,0.698722,-0.333,1,946686262,946686259,3,1.45,1,2,1,1,0,0,,0,7,5,1,0
run4-tbt-3s,1,nazionale,3,none,true,12,423,36,1,3,3,1,m2,1WKxQntNgmP3dtjbv3UL3DHV2JEciQTnQ4K3sr,1,m2,m2,1,1,0,1,1.45,1.45,2.612,2.6122,0.0,1.51526091e-07,2.9093524209e-05,72999.0,57545.0,15454.0,0.211702,-0.417,1,946686265,946686262,3,1.55,1,2,1,1,0,0,,0,4,1,0,0
run4-tbt-3s,1,nazionale,3,none,true,12,424,36,1,3,3,1,m1,1ETD6u7wdHS6P9D1mxb1Qx3Aapa2DwAyyZutL2,1,m1,m1,1,1,0,1,3.89,3.89,0.54,0.5405,0.0,2.3398103e-05,7.022924689999999e-05,72999.0,21993.0,51006.0,0.698722,-0.333,1,946686270,946686265,5,1.11,3,2,1,1,1,1,0047b2ed45d034b2d949cb9610e6cd7e09bcb02d9b72d80c6682731a2c746c74,0,3,1,0,0
run4-tbt-3s,1,nazionale,3,none,true,12,425,36,1,3,3,1,m1,1ETD6u7wdHS6P9D1mxb1Qx3Aapa2DwAyyZutL2,1,m1,m1,1,1,0,1,3.916,3.916,0.467,0.4666,0.0,2.49976411e-05,9.45045209e-05,72999.0,21993.0,51006.0,0.698722,-0.5,0,946686275,946686270,5,1.084,3,2,1,1,1,1,00d86d7cc0a338ccf1ff8e571a49fec0e4b6fe3b4ff16df44950418346bc407c,0,1,2,1,0
run4-tbt-3s,1,nazionale,3,none,true,12,426,36,1,3,3,1,m1,1ETD6u7wdHS6P9D1mxb1Qx3Aapa2DwAyyZutL2,1,m1,m1,1,1,0,1,3.69,3.69,0.677,0.6767,0.0,2.03999004e-05,0.00018235080860000001,72999.0,21993.0,51006.0,0.698722,-0.667,1,946686279,946686275,4,0.31,3,1,1,1,1,1,0065243338e065c8b7290c43823ff8d66573552f7d6826a1e363000138cc8bcb,0,6,3,1,0
run4-tbt-3s,1,nazionale,3,none,true,12,427,36,1,3,3,1,m1,1ETD6u7wdHS6P9D1mxb1Qx3Aapa2DwAyyZutL2,1,m1,m1,1,1,0,1,3.433,3.433,0.931,0.9312,0.0,1.65014807e-05,8.30663038e-05,70727.0,26323.0,44404.0,0.627822,-0.667,1,946686284,946686279,5,1.567,3,2,1,1,1,1,00d3fe9a4dbb54616dd1c01978e4a695fe2e7a2676a8253a7a1df031849297df,0,3,4,1,0
run4-tbt-3s,1,nazionale,3,none,true,12,428,36,1,3,3,1,m1,1ETD6u7wdHS6P9D1mxb1Qx3Aapa2DwAyyZutL2,1,m2,m2,1,0,1,2,4.108,4.2,0.092,0.0923,0.092,3.6580187e-05,7.4389715e-06,70727.0,52647.0,18080.0,0.627822,-0.833,1,946686288,946686284,4,-0.2,4,0,1,1,1,1,005fc3f09eb44007da416cfeee7fb4b0eae4517666a1006253c5457afbee0793,0,2,5,1,0
run4-tbt-3s,1,nazionale,3,none,true,12,429,36,1,3,3,1,m3,1LtuCHDRfFnaxMXGm2gmsN7NoezE7zExV3Cet8,1,m3,m3,1,1,0,1,2.116,2.116,2.034,2.034,0.0,4.38247929e-06,3.651087261e-05,70727.0,62484.0,8243.0,0.116547,-0.917,1,946686291,946686288,3,0.884,2,1,1,1,0,0,,0,2,1,0,0
run4-tbt-3s,1,nazionale,3,none,true,12,430,36,1,3,3,1,m1,1ETD6u7wdHS6P9D1mxb1Qx3Aapa2DwAyyZutL2,1,m1,m1,1,1,0,1,2.503,2.503,1.069,1.0691,0.0,7.11717448e-06,1.258960492e-05,70727.0,26323.0,44404.0,0.627822,-0.917,1,946686296,946686291,5,2.497,2,3,1,1,1,2,0025d70f36ba4e54ba6af50734896d731c6337edf2324f8895e785b8a8960609 00364930fb81026a7d7fe610fd9cce1df14d4b2d5326d9492d5eb332ba619c7b,0,4,1,0,0
run4-tbt-3s,1,nazionale,3,none,true,12,431,36,1,3,3,1,m1,1ETD6u7wdHS6P9D1mxb1Qx3Aapa2DwAyyZutL2,1,m2,m2,1,0,1,2,1.585,1.882,0.297,0.297,0.297,1.49668694e-06,1.6482987e-06,70727.0,52647.0,18080.0,0.627822,-1.083,1,946686298,946686296,2,0.118,1,1,1,1,1,1,00160e2e4acc190b726dd3dbdfd30bf174f45727bfc5979786bba9aee119f7f5,0,1,2,1,0
run4-tbt-3s,1,nazionale,3,none,true,12,432,37,1,3,3,1,m1,1ETD6u7wdHS6P9D1mxb1Qx3Aapa2DwAyyZutL2,1,m1,m1,1,1,0,1,2.198,2.198,2.12,2.1205,0.0,4.8068864e-06,7.01625784e-05,70727.0,26323.0,44404.0,0.627822,-0.833,1,946686300,946686298,2,-0.198,2,0,1,1,0,0,,0,2,3,1,0
run4-tbt-3s,1,nazionale,3,none,true,12,433,37,1,3,3,1,m1,1ETD6u7wdHS6P9D1mxb1Qx3Aapa2DwAyyZutL2,1,m1,m1,1,1,0,1,4.092,4.092,0.257,0.2576,0.0,3.46815809e-05,8.802805509999998e-05,70727.0,26323.0,44404.0,0.627822,-0.75,1,946686305,946686300,5,0.908,4,1,1,1,0,0,,0,3,4,1,0
run4-tbt-3s,1,nazionale,3,none,true,12,434,37,1,3,3,1,m1,1ETD6u7wdHS6P9D1mxb1Qx3Aapa2DwAyyZutL2,1,m1,m1,1,1,0,1,4.096,4.096,0.237,0.2369,0.0,3.58846623e-05,0.00010187676270000001,70727.0,26323.0,44404.0,0.627822,-0.833,1,946686309,946686305,4,-0.096,4,0,1,1,0,0,,0,3,5,1,0
run4-tbt-3s,1,nazionale,3,none,true,12,435,37,1,3,3,1,m1,1ETD6u7wdHS6P9D1mxb1Qx3Aapa2DwAyyZutL2,1,m3,m3,1,0,1,2,4.085,4.266,0.181,0.1805,0.181,3.62178366e-05,2.1403985e-05,70727.0,62484.0,8243.0,0.627822,-0.917,1,946686313,946686309,4,-0.266,4,0,1,1,0,0,,0,4,6,1,0
run4-tbt-3s,1,nazionale,3,none,true,12,436,37,1,3,3,1,m1,1ETD6u7wdHS6P9D1mxb1Qx3Aapa2DwAyyZutL2,1,m1,m1,1,1,0,1,1.976,1.976,1.947,1.9474,0.0,3.60854104e-06,2.5724361860000002e-05,70727.0,26323.0,44404.0,0.627822,-1.0,1,946686316,946686313,3,1.024,1,2,1,1,0,0,,0,2,7,1,0
run4-tbt-3s,1,nazionale,3,none,true,12,437,37,1,3,3,1,m1,1ETD6u7wdHS6P9D1mxb1Qx3Aapa2DwAyyZutL2,1,m1,m1,1,1,0,1,1.777,1.777,2.458,2.4579,0.0,2.26323855e-06,4.607384985e-05,70727.0,26323.0,44404.0,0.627822,-0.833,1,946686318,946686316,2,0.223,1,1,1,1,0,0,,0,3,8,1,0
run4-tbt-3s,1,nazionale,3,none,true,12,438,37,1,3,3,1,m1,1ETD6u7wdHS6P9D1mxb1Qx3Aapa2DwAyyZutL2,1,m2,m2,1,0,1,2,4.007,4.044,0.037,0.0378,0.037,2.93324831e-05,1.4941382000000003e-06,70727.0,52647.0,18080.0,0.627822,-0.583,1,946686322,946686318,4,-0.044,4,0,1,1,0,0,,0,3,9,1,0
run4-tbt-3s,1,nazionale,3,none,true,12,439,37,1,3,3,1,m2,1WKxQntNgmP3dtjbv3UL3DHV2JEciQTnQ4K3sr,1,m2,m2,1,1,0,1,2.144,2.144,2.125,2.1247,0.0,3.7121465e-06,3.77501133e-05,78826.0,60746.0,18080.0,0.229366,-0.583,1,946686326,946686322,4,1.856,2,2,1,1,0,0,,0,4,1,0,0
run4-tbt-3s,1,nazionale,3,none,true,12,440,37,1,3,3,1,m2,1WKxQntNgmP3dtjbv3UL3DHV2JEciQTnQ4K3sr,1,m2,m2,1,1,0,1,4.101,4.101,0.014,0.0142,0.0,2.92357854e-05,6.178308999999993e-07,78826.0,60746.0,18080.0,0.229366,-0.5,1,946686330,946686326,4,-0.101,4,0,1,1,0,0,,0,2,2,1,0
run4-tbt-3s,1,nazionale,3,none,true,12,441,37,1,3,3,1,m2,1WKxQntNgmP3dtjbv3UL3DHV2JEciQTnQ4K3sr,1,m2,m2,1,1,0,1,3.577,3.577,0.761,0.7617,0.0,1.64034975e-05,3.28899432e-05,78826.0,60746.0,18080.0,0.229366,-0.5,1,946686335,946686330,5,1.423,3,2,1,1,0,0,,0,2,3,1,0
run4-tbt-3s,1,nazionale,3,none,true,12,442,37,1,3,3,1,m1,1ETD6u7wdHS6P9D1mxb1Qx3Aapa2DwAyyZutL2,1,m1,m1,1,1,0,1,2.734,2.734,0.865,0.8655,0.0,7.71641e-06,9.5791935e-06,78826.0,26323.0,52503.0,0.666062,-0.667,1,946686339,946686335,4,1.266,2,2,1,1,1,1,007a07b8053f6a43e3fa3834ba48dc39f264bfe269e8d4ad38273f77481e6cb1,0,1,1,0,0
run4-tbt-3s,1,nazionale,3,none,true,12,443,37,1,3,3,1,m1,1ETD6u7wdHS6P9D1mxb1Qx3Aapa2DwAyyZutL2,1,m2,m2,1,0,1,2,3.501,4.195,0.694,0.694,0.694,1.55302714e-05,1.9612837300000002e-05,78826.0,60746.0,18080.0,0.666062,-0.583,1,946686343,946686339,4,-0.195,4,0,1,1,1,1,00ec0a469041ac711064cdf83fceaaf3eb5019423f948c597eb8d0f3dfaa1f9b,0,6,2,1,0
run4-tbt-3s,1,nazionale,3,none,true,12,444,38,1,3,3,1,m1,1ETD6u7wdHS6P9D1mxb1Qx3Aapa2DwAyyZutL2,1,m1,m1,1,1,0,1,4.307,4.307,0.043,0.043,0.0,5.38592221e-05,0.00011106861889999999,78826.0,26323.0,52503.0,0.666062,-0.75,1,946686348,946686343,5,0.693,4,1,1,1,1,1,0042b42cfa5a24f09dd1b7b9b876d94a8f7c0650b25a11149411a52e199a440a,0,1,3,1,0
run4-tbt-3s,1,nazionale,3,none,true,12,445,38,1,3,3,1,m1,1ETD6u7wdHS6P9D1mxb1Qx3Aapa2DwAyyZutL2,1,m1,m1,1,1,0,1,2.793,2.793,1.29,1.2902,0.0,8.73205521e-06,2.4579451290000002e-05,78826.0,26323.0,52503.0,0.666062,-1.0,1,946686351,946686348,3,0.207,2,1,1,1,0,0,,0,5,4,1,0
run4-tbt-3s,1,nazionale,3,none,true,12,446,38,1,3,3,1,m1,1ETD6u7wdHS6P9D1mxb1Qx3Aapa2DwAyyZutL2,1,m1,m1,1,1,0,1,1.381,1.381,0.403,0.4028,0.0,2.02239456e-07,1.8605597840000003e-06,78826.0,26323.0,52503.0,0.666062,-0.833,1,946686353,946686351,2,0.619,1,1,1,1,0,0,,0,4,5,1,0
run4-tbt-3s,1,nazionale,3,none,true,12,447,38,1,3,3,1,m1,1ETD6u7wdHS6P9D1mxb1Qx3Aapa2DwAyyZutL2,1,m1,m1,1,1,0,1,3.362,3.362,0.995,0.9944,0.0,1.38808644e-05,5.8451383200000004e-05,78826.0,26323.0,52503.0,0.666062,-0.667,1,946686358,946686353,5,1.638,3,2,1,1,0,0,,0,3,6,1,0
run4-tbt-3s,1,nazionale,3,none,true,12,448,38,1,3,3,1,m1,1ETD6u7wdHS6P9D1mxb1Qx3Aapa2DwAyyZutL2,1,m2,m2,1,0,1,2,2.587,3.027,0.44,0.4392,0.44,6.74577041e-06,3.636044190000001e-06,78826.0,60746.0,18080.0,0.666062,-0.75,1,946686361,946686358,3,-0.027,3,0,1,1,0,0,,0,2,7,1,0
run4-tbt-3s,1,nazionale,3,none,true,12,449,38,1,3,3,1,m1,1ETD6u7wdHS6P9D1mxb1Qx3Aapa2DwAyyZutL2,1,m1,m1,1,1,0,1,1.387,1.387,2.428,2.4284,0.0,1.56010621e-07,2.1717576179e-05,78826.0,26323.0,52503.0,0.666062,-0.75,1,946686363,946686361,2,0.613,1,1,1,1,0,0,,0,1,8,1,0
run4-tbt-3s,1,nazionale,3,none,true,12,450,38,1,3,3,1,m1,1ETD6u7wdHS6P9D1mxb1Qx3Aapa2DwAyyZutL2,1,m1,m1,1,1,0,1,3.34,3.34,0.885,0.8843,0.0,1.38148919e-05,2.64636615e-05,78826.0,26323.0,52503.0,0.666062,-0.75,1,946686368,946686363,5,1.66,3,2,1,1,0,0,,0,6,9,1,0
run4-tbt-3s,1,nazionale,3,none,true,12,451,38,1,3,3,1,m1,1ETD6u7wdHS6P9D1mxb1Qx3Aapa2DwAyyZutL2,1,m1,m1,1,1,0,1,2.915,2.915,1.15,1.1499,0.0,9.83311012e-06,2.185578658e-05,76218.0,23715.0,52503.0,0.688853,-0.833,1,946686371,946686368,3,0.085,2,1,1,1,0,0,,0,1,10,1,0
run4-tbt-3s,1,nazionale,3,none,true,12,452,38,1,3,3,1,m1,1ETD6u7wdHS6P9D1mxb1Qx3Aapa2DwAyyZutL2,1,m1,m1,1,1,0,1,2.256,2.256,1.764,1.7636,0.0,4.71727527e-06,2.422617013e-05,76218.0,23715.0,52503.0,0.688853,-0.75,1,946686374,946686371,3,0.744,2,1,1,1,0,0,,0,3,11,1,0
run4-tbt-3s,1,nazionale,3,none,true,12,453,38,1,3,3,1,m1,1ETD6u7wdHS6P9D1mxb1Qx3Aapa2DwAyyZutL2,1,m1,m1,1,1,0,1,3.842,3.842,0.22,0.2197,0.0,2.28769666e-05,7.119491299999999e-06,76218.0,23715.0,52503.0,0.688853,-0.667,1,946686379,946686374,5,1.158,3,2,1,1,0,0,,0,2,12,1,0
run4-tbt-3s,1,nazionale,3,none,true,12,454,38,1,3,3,1,m1,1ETD6u7wdHS6P9D1mxb1Qx3Aapa2DwAyyZutL2,1,m1,m1,1,1,0,1,4.218,4.218,0.134,0.1343,0.0,3.94126219e-05,3.0585217500000004e-05,76218.0,23715.0,52503.0,0.688853,-0.667,1,946686383,946686379,4,-0.218,4,0,1,1,0,0,,0,3,13,1,0
run4-tbt-3s,1,nazionale,3,none,true,12,455,38,1,3,3,1,m1,1ETD6u7wdHS6P9D1mxb1Qx3Aapa2DwAyyZutL2,1,m1,m1,1,1,0,1,2.852,2.852,1.127,1.1266,0.0,8.96952014e-06,1.7877299060000002e-05,76218.0,23715.0,52503.0,0.688853,-0.667,1,946686386,946686383,3,0.148,2,1,1,1,0,0,,0,1,14,1,0
run4-tbt-3s,1,nazionale,3,none,true,12,456,39,1,3,3,1,m2,1WKxQntNgmP3dtjbv3UL3DHV2JEciQTnQ4K3sr,1,m2,m2,1,1,0,1,2.09,2.09,1.35,1.3499,0.0,3.52415023e-06,1.165426047e-05,76218.0,58329.0,17889.0,0.234708,-0.583,1,946686390,946686386,4,1.91,2,2,1,1,0,0,,0,4,1,0,0
run4-tbt-3s,1,nazionale,3,none,true,12,457,39,1,3,3,1,m1,1ETD6u7wdHS6P9D1mxb1Qx3Aapa2DwAyyZutL2,1,m1,m1,1,1,0,1,3.252,3.252,0.437,0.4364,0.0,1.26076198e-05,6.2770886000000014e-06,76218.0,23715.0,52503.0,0.688853,-0.5,1,946686394,946686390,4,0.748,3,1,1,1,1,1,0012dc835119b5301aae49532891882c020e8c8b5dc670431e3dcf98460d2718,0,3,1,0,0
run4-tbt-3s,1,nazionale,3,none,true,12,458,39,1,3,3,1,m1,1ETD6u7wdHS6P9D1mxb1Qx3Aapa2DwAyyZutL2,1,m1,m1,1,1,0,1,1.458,1.458,0.657,0.6568,0.0,3.32367386e-07,3.336492294e-06,76218.0,23715.0,52503.0,0.688853,-0.583,1,946686396,946686394,2,0.542,1,1,1,1,1,1,00a6d8f850934969bae12cb3d49713fbed82e01cc948236ed18434d7490f913d,0,1,2,1,0
run4-tbt-3s,1,nazionale,3,none,true,12,459,39,1,3,3,1,m1,1ETD6u7wdHS6P9D1mxb1Qx3Aapa2DwAyyZutL2,1,m1,m1,1,1,0,1,1.45,1.45,2.906,2.9058,0.0,2.96077121e-07,6.1360117579e-05,76218.0,23715.0,52503.0,0.688853,-0.583,1,946686398,946686396,2,0.55,1,1,1,1,0,0,,0,2,3,1,0
run4-tbt-3s,1,nazionale,3,none,true,12,460,39,1,3,3,1,m1,1ETD6u7wdHS6P9D1mxb1Qx3Aapa2DwAyyZutL2,1,m1,m1,1,1,0,1,3.432,3.432,0.689,0.6888,0.0,1.44006537e-05,1.5288468899999998e-05,76218.0,23715.0,52503.0,0.688853,-0.333,1,946686403,946686398,5,1.568,3,2,1,1,0,0,,0,5,4,1,0
run4-tbt-3s,1,nazionale,3,none,true,12,461,39,1,3,3,1,m1,1ETD6u7wdHS6P9D1mxb1Qx3Aapa2DwAyyZutL2,1,m1,m1,1,1,0,1,4.09,4.09,0.285,0.2855,0.0,2.97752952e-05,3.32639569e-05,76218.0,23715.0,52503.0,0.688853,-0.5,1,946686407,946686403,4,-0.09,4,0,1,1,0,0,,0,3,5,1,0
run4-tbt-3s,1,nazionale,3,none,true,12,462,39,1,3,3,1,m1,1ETD6u7wdHS6P9D1mxb1Qx3Aapa2DwAyyZutL2,1,m1,m1,1,1,0,1,3.302,3.302,0.528,0.5285,0.0,1.35901108e-05,8.9979968e-06,76218.0,23715.0,52503.0,0.688853,-0.667,1,946686412,946686407,5,1.698,3,2,1,1,0,0,,0,4,6,1,0
run4-tbt-3s,1,nazionale,3,none,true,12,463,39,1,3,3,1,m3,1LtuCHDRfFnaxMXGm2gmsN7NoezE7zExV3Cet8,1,m2,m2,1,0,1,2,2.554,2.619,0.065,0.0645,0.065,8.71352169e-06,6.264271800000004e-07,57841.0,42387.0,15454.0,0.113051,-0.667,1,946686416,946686412,4,1.381,2,2,1,1,1,1,009f8328a59c9b36be1d003eb56953cd446c006847c8a0d1fb154b90b8ed54f1,0,5,1,0,0
run4-tbt-3s,1,nazionale,3,none,true,12,464,39,1,3,3,1,m3,1LtuCHDRfFnaxMXGm2gmsN7NoezE7zExV3Cet8,1,m1,m1,1,0,1,2,4.107,4.349,0.242,0.242,0.242,4.34386942e-05,9.115722179999999e-05,57841.0,21993.0,35848.0,0.113051,-0.75,1,946686420,946686416,4,-0.349,4,0,1,1,0,0,,0,1,2,1,0
run4-tbt-3s,1,nazionale,3,none,true,12,465,39,1,3,3,1,m2,1WKxQntNgmP3dtjbv3UL3DHV2JEciQTnQ4K3sr,1,m1,m1,1,0,1,3,4.206,4.32,0.111,0.1109,0.114,5.46229233e-05,3.53849184e-05,57841.0,21993.0,35848.0,0.267181,-0.833,1,946686425,946686420,5,0.68,4,1,1,1,1,1,006401c55300807fb0ca3402cdb29fabb8c91e23af39b360b6a22633674a6dea,0,5,1,0,0
run4-tbt-3s,1,nazionale,3,none,true,12,466,39,1,3,3,1,m2,1WKxQntNgmP3dtjbv3UL3DHV2JEciQTnQ4K3sr,1,m2,m2,1,1,0,1,1.963,1.963,0.914,0.9138,0.0,4.0765639e-06,8.2253325e-06,57841.0,42387.0,15454.0,0.267181,-0.833,0,946686427,946686425,2,0.037,1,1,1,1,0,0,,0,1,2,1,0
run4-tbt-3s,1,nazionale,3,none,true,12,467,39,1,3,3,1,m2,1WKxQntNgmP3dtjbv3UL3DHV2JEciQTnQ4K3sr,1,m2,m2,1,1,0,1,1.697,1.697,2.358,2.3579,0.0,2.01622888e-06,3.7120624320000005e-05,57841.0,42387.0,15454.0,0.267181,-0.667,1,946686429,946686427,2,0.303,1,1,1,1,0,0,,0,2,3,1,0
run4-tbt-3s,1,nazionale,3,none,true,12,468,40,1,3,3,1,m3,1LtuCHDRfFnaxMXGm2gmsN7NoezE7zExV3Cet8,1,m3,m3,1,1,0,1,1.583,1.583,1.764,1.7642,0.0,1.18808041e-06,1.718463619e-05,57841.0,51302.0,6539.0,0.113051,-0.583,1,946686432,946686429,3,1.417,1,2,1,1,0,0,,0,1,1,0,0
run4-tbt-3s,1,nazionale,3,none,true,12,469,40,1,3,3,1,m1,1ETD6u7wdHS6P9D1mxb1Qx3Aapa2DwAyyZutL2,1,m1,m1,1,1,0,1,1.447,1.447,1.592,1.5922,0.0,2.71725895e-07,1.3393359804999998e-05,57841.0,21993.0,35848.0,0.619768,-0.5,1,946686435,946686432,3,1.553,1,2,1,1,0,0,,0,1,1,0,0
run4-tbt-3s,1,nazionale,3,none,true,12,470,40,1,3,3,1,m1,1ETD6u7wdHS6P9D1mxb1Qx3Aapa2DwAyyZutL2,1,m1,m1,1,1,0,1,1.62,1.62,2.028,2.028,0.0,1.21632474e-06,2.233620686e-05,57841.0,21993.0,35848.0,0.619768,-0.417,1,946686437,946686435,2,0.38,1,1,1,1,0,0,,0,4,2,1,0
run4-tbt-3s,1,nazionale,3,none,true,12,471,40,1,3,3,1,m1,1ETD6u7wdHS6P9D1mxb1Qx3Aapa2DwAyyZutL2,1,m2,m2,1,0,1,2,2.984,4.331,1.347,1.3467,1.347,1.27822007e-05,4.8711333500000004e-05,57841.0,42387.0,15454.0,0.619768,-0.417,1,946686441,946686437,4,-0.331,4,0,1,1,1,1,000b4e7ceabf9d51321c8e8b73d694857b323ffa61190d96cd1297db37aca23e,0,6,3,1,0
run4-tbt-3s,1,nazionale,3,none,true,12,472,40,1,3,3,1,m1,1ETD6u7wdHS6P9D1mxb1Qx3Aapa2DwAyyZutL2,1,m1,m1,1,1,0,1,3.776,3.776,0.576,0.576,0.0,2.76281348e-05,5.1494936999999995e-05,57841.0,21993.0,35848.0,0.619768,-0.583,1,946686446,946686441,5,1.224,3,2,1,1,1,1,007887219c325be405f692a778283fccd967c432b5832b512c2be3ebe989f31e,0,3,4,1,0
run4-tbt-3s,1,nazionale,3,none,true,12,473,40,1,3,3,1,m1,1ETD6u7wdHS6P9D1mxb1Qx3Aapa2DwAyyZutL2,1,m1,m1,1,1,0,1,3.975,3.975,0.407,0.4065,0.0,3.44947771e-05,9.71682589e-05,57841.0,21993.0,35848.0,0.619768,-0.583,1,946686450,946686446,4,0.025,3,1,1,1,1,1,004b9b65387c684930104ad7cf6b6a2d60032c77f75386c9be4df39ce4c89260,0,2,5,1,0
run4-tbt-3s,1,nazionale,3,none,true,12,474,40,1,3,3,1,m1,1ETD6u7wdHS6P9D1mxb1Qx3Aapa2DwAyyZutL2,1,m2,m2,1,0,1,2,4.331,4.381,0.05,0.0498,0.05,6.99960526e-05,5.27554744e-05,57841.0,42387.0,15454.0,0.619768,-0.583,1,946686455,946686450,5,0.619,4,1,1,1,1,1,00e03f0f6eef257d2896dd803bd0603642c1504865fa428aa67a7d2f8a06cb94,0,6,6,1,0
run4-tbt-3s,1,nazionale,3,none,true,12,475,40,1,3,3,1,m1,1ETD6u7wdHS6P9D1mxb1Qx3Aapa2DwAyyZutL2,1,m1,m1,1,1,0,1,2.042,2.042,2.312,2.3119,0.0,3.14670683e-06,5.172416637e-05,78826.0,26323.0,52503.0,0.666062,-0.583,0,946686457,946686455,2,-0.042,2,0,1,1,0,0,,0,1,7,1,0
run4-tbt-3s,1,nazionale,3,none,true,12,476,40,1,3,3,1,m1,1ETD6u7wdHS6P9D1mxb1Qx3Aapa2DwAyyZutL2,1,m1,m1,1,1,0,1,2.918,2.918,1.478,1.4786,0.0,8.80359754e-06,5.4623520760000005e-05,78826.0,26323.0,52503.0,0.666062,-0.417,1,946686460,946686457,3,0.082,2,1,1,1,0,0,,0,1,8,1,0
run4-tbt-3s,1,nazionale,3,none,true,12,477,40,1,3,3,1,m2,1WKxQntNgmP3dtjbv3UL3DHV2JEciQTnQ4K3sr,1,m2,m2,1,1,0,1,1.785,1.785,2.095,2.0943,0.0,1.58326946e-06,1.985203654e-05,78826.0,60746.0,18080.0,0.229366,-0.333,1,946686463,946686460,3,1.215,1,2,1,1,0,0,,0,4,1,0,0
run4-tbt-3s,1,nazionale,3,none,true,12,478,40,1,3,3,1,m1,1ETD6u7wdHS6P9D1mxb1Qx3Aapa2DwAyyZutL2,1,m1,m1,1,1,0,1,2.59,2.59,1.792,1.7916,0.0,5.9524174e-06,3.9271301e-05,78826.0,26323.0,52503.0,0.666062,-0.167,1,946686468,946686463,5,2.41,2,3,1,1,0,0,,0,2,1,0,0
run4-tbt-3s,1,nazionale,3,none,true,12,479,40,1,3,3,1,m1,1ETD6u7wdHS6P9D1mxb1Qx3Aapa2DwAyyZutL2,1,m1,m1,1,1,0,1,3.167,3.167,1.102,1.1023,0.0,1.11072382e-05,2.7105851e-05,78826.0,26323.0,52503.0,0.666062,-0.417,1,946686471,946686468,3,-0.167,3,0,1,1,0,0,,0,3,2,1,0
run4-tbt-3s,1,nazionale,3,none,true,12,480,41,1,3,3,1,m1,1ETD6u7wdHS6P9D1mxb1Qx3Aapa2DwAyyZutL2,1,m1,m1,1,1,0,1,1.521,1.521,2.136,2.1353,0.0,5.2435315e-07,1.717832765e-05,78826.0,26323.0,52503.0,0.666062,-0.5,1,946686473,946686471,2,0.479,1,1,1,1,0,0,,0,2,3,1,0
run4-tbt-3s,1,nazionale,3,none,true,12,481,41,1,3,3,1,m2,1WKxQntNgmP3dtjbv3UL3DHV2JEciQTnQ4K3sr,1,m2,m2,1,1,0,1,2.295,2.295,1.399,1.3989,0.0,4.39603796e-06,1.3665430539999999e-05,78826.0,60746.0,18080.0,0.229366,-0.417,1,946686478,946686473,5,2.705,2,3,1,1,0,0,,0,2,1,0,0
run4-tbt-3s,1,nazionale,3,none,true,12,482,41,1,3,3,1,m2,1WKxQntNgmP3dtjbv3UL3DHV2JEciQTnQ4K3sr,1,m1,m1,1,0,1,2,1.794,2.517,0.723,0.7228,0.723,1.86949484e-06,4.15316976e-06,78826.0,26323.0,52503.0,0.229366,-0.583,1,946686481,946686478,3,0.483,2,1,1,1,1,1,00762171d43863da182e3da4be0784d85ae8f8c2ee8a95b4c8b471b544e31c15,0,5,2,1,0
run4-tbt-3s,1,nazionale,3,none,true,12,483,41,1,3,3,1,m2,1WKxQntNgmP3dtjbv3UL3DHV2JEciQTnQ4K3sr,1,m2,m2,1,1,0,1,3.16,3.16,0.984,0.9836,0.0,1.15535071e-05,2.14122489e-05,78826.0,60746.0,18080.0,0.229366,-0.667,1,946686484,946686481,3,-0.16,3,0,1,1,0,0,,0,2,3,1,0
run4-tbt-3s,1,nazionale,3,none,true,12,484,41,1,3,3,1,m1,1ETD6u7wdHS6P9D1mxb1Qx3Aapa2DwAyyZutL2,1,m1,m1,1,1,0,1,2.282,2.282,2.101,2.1007,0.0,4.51957785e-06,0.00011544809814999999,78826.0,26323.0,52503.0,0.666062,-0.583,1,946686489,946686484,5,2.718,2,3,1,1,1,1,0089abcdc54fc4c048fbe55f060380792cae5fec69e4d6b0aa13b4e84766d661,0,3,1,0,0
run4-tbt-3s,1,nazionale,3,none,true,12,485,41,1,3,3,1,m1,1ETD6u7wdHS6P9D1mxb1Qx3Aapa2DwAyyZutL2,1,m2,m2,1,0,1,2,3.871,4.195,0.324,0.3246,0.324,2.24184037e-05,1.2725602599999997e-05,78826.0,60746.0,18080.0,0.666062,-0.583,1,946686493,946686489,4,-0.195,4,0,1,1,1,1,00cd48841c4dc20227c6743f1b34d073ed18ec667c5cd0e631b8b00c17c10770,0,3,2,1,0
run4-tbt-3s,1,nazionale,3,none,true,12,486,41,1,3,3,1,m1,1ETD6u7wdHS6P9D1mxb1Qx3Aapa2DwAyyZutL2,1,m2,m2,1,0,1,2,4.002,4.363,0.361,0.3606,0.361,2.6177916e-05,3.7152916100000003e-05,78826.0,60746.0,18080.0,0.666062,-0.583,1,946686498,946686493,5,0.637,4,1,1,1,1,1,0055b47cdd537113a20877b004544549b96459df00e05dbb48f48bcf7ec3498b,0,3,3,1,0
run4-tbt-3s,1,nazionale,3,none,true,12,487,41,1,3,3,1,m1,1ETD6u7wdHS6P9D1mxb1Qx3Aapa2DwAyyZutL2,1,m2,m2,1,0,1,3,3.677,4.375,0.14,0.1395,0.698,2.01264797e-05,3.031931799999998e-06,70727.0,52647.0,18080.0,0.627822,-0.583,0,946686502,946686498,4,-0.375,4,0,1,1,1,1,0007ffb6d43f5fb91b4c620ae64156868eae5ca996d75bee1cc2a902cc858827,0,4,4,1,0
run4-tbt-3s,1,nazionale,3,none,true,12,488,41,1,3,3,1,m3,1LtuCHDRfFnaxMXGm2gmsN7NoezE7zExV3Cet8,1,m3,m3,1,1,0,1,1.58,1.58,2.198,2.1976,0.0,1.12935793e-06,2.230039677e-05,70727.0,62484.0,8243.0,0.116547,-0.75,1,946686505,946686502,3,1.42,1,2,1,1,0,0,,0,4,1,0,0
run4-tbt-3s,1,nazionale,3,none,true,12,489,41,1,3,3,1,m1,1ETD6u7wdHS6P9D1mxb1Qx3Aapa2DwAyyZutL2,1,m1,m1,1,1,0,1,2.806,2.806,0.736,0.7365,0.0,9.39051928e-06,9.163109320000001e-06,70727.0,26323.0,44404.0,0.627822,-0.75,1,946686509,946686505,4,1.194,2,2,1,1,0,0,,0,2,1,0,0
run4-tbt-3s,1,nazionale,3,none,true,12,490,41,1,3,3,1,m1,1ETD6u7wdHS6P9D1mxb1Qx3Aapa2DwAyyZutL2,1,m1,m1,1,1,0,1,1.475,1.475,2.857,2.857,0.0,6.83890591e-07,0.00010890020240899999,70727.0,26323.0,44404.0,0.627822,-0.833,1,946686511,946686509,2,0.525,1,1,1,1,0,0,,0,2,2,1,0
run4-tbt-3s,1,nazionale,3,none,true,12,491,41,1,3,3,1,m1,1ETD6u7wdHS6P9D1mxb1Qx3Aapa2DwAyyZutL2,1,m1,m1,1,1,0,1,2.44,2.44,0.36,0.3602,0.0,6.13683313e-06,2.8979171600000002e-06,70727.0,26323.0,44404.0,0.627822,-0.583,1,946686514,946686511,3,0.56,2,1,1,1,0,0,,0,1,3,1,0
run4-tbt-3s,1,nazionale,3,none,true,12,492,42,1,3,3,1,m1,1ETD6u7wdHS6P9D1mxb1Qx3Aapa2DwAyyZutL2,1,m2,m2,1,0,1,2,2.54,3.34,0.8,0.7999,0.8,6.88967345e-06,8.04798115e-06,70727.0,52647.0,18080.0,0.627822,-0.583,1,946686518,946686514,4,0.66,3,1,1,1,1,1,00a3c66a0d323de53eacc094f65df935081c97342da9400d0357c6b63bb2d9f2,0,4,4,1,0
run4-tbt-3s,1,nazionale,3,none,true,12,493,42,1,3,3,1,m1,1ETD6u7wdHS6P9D1mxb1Qx3Aapa2DwAyyZutL2,1,m1,m1,1,1,0,1,3.585,3.585,0.764,0.7647,0.0,1.93140353e-05,9.84054547e-05,70727.0,26323.0,44404.0,0.627822,-0.75,1,946686523,946686518,5,1.415,3,2,1,1,1,1,0020b31329685a5e4e86b8ea8d48f37273dd9cf40ad70c65d2cf13bee7b7a3ef,0,6,5,1,0
run4-tbt-3s,1,nazionale,3,none,true,12,494,42,1,3,3,1,m1,1ETD6u7wdHS6P9D1mxb1Qx3Aapa2DwAyyZutL2,1,m1,m1,1,1,0,1,2.606,2.606,1.721,1.7206,0.0,7.66935915e-06,6.0959878049999994e-05,70727.0,26323.0,44404.0,0.627822,-0.75,1,946686526,946686523,3,0.394,2,1,1,1,0,0,,0,2,6,1,0
run4-tbt-3s,1,nazionale,3,none,true,12,495,42,1,3,3,1,m1,1ETD6u7wdHS6P9D1mxb1Qx3Aapa2DwAyyZutL2,1,m1,m1,1,1,0,1,4.102,4.102,0.248,0.2482,0.0,3.52338485e-05,0.0001347741665,70727.0,26323.0,44404.0,0.627822,-0.75,1,946686531,946686526,5,0.898,4,1,1,1,0,0,,0,1,7,1,0
run4-tbt-3s,1,nazionale,3,none,true,12,496,42,1,3,3,1,m1,1ETD6u7wdHS6P9D1mxb1Qx3Aapa2DwAyyZutL2,1,m1,m1,1,1,0,1,2.266,2.266,0.964,0.9632,0.0,5.38198332e-06,8.97205678e-06,70727.0,26323.0,44404.0,0.627822,-0.917,1,946686534,946686531,3,0.734,2,1,1,1,0,0,,0,4,8,1,0
run4-tbt-3s,1,nazionale,3,none,true,12,497,42,1,3,3,1,m1,1ETD6u7wdHS6P9D1mxb1Qx3Aapa2DwAyyZutL2,1,m1,m1,1,1,0,1,1.914,1.914,2.11,2.1098,0.0,2.94687718e-06,2.844318552e-05,70727.0,26323.0,44404.0,0.627822,-0.75,1,946686536,946686534,2,0.086,1,1,1,1,0,0,,0,2,9,1,0
run4-tbt-3s,1,nazionale,3,none,true,12,498,42,1,3,3,1,m1,1ETD6u7wdHS6P9D1mxb1Qx3Aapa2DwAyyZutL2,1,m1,m1,1,1,0,1,3.281,3.281,1.015,1.0155,0.0,1.41522935e-05,3.5893795899999996e-05,70727.0,26323.0,44404.0,0.627822,-0.583,1,946686539,946686536,3,-0.281,3,0,1,1,0,0,,0,4,10,1,0
run4-tbt-3s,1,nazionale,3,none,true,12,499,42,1,3,3,1,m1,1ETD6u7wdHS6P9D1mxb1Qx3Aapa2DwAyyZutL2,1,m1,m1,1,1,0,1,2.645,2.645,1.033,1.0334,0.0,7.75012517e-06,1.2880303230000002e-05,67936.0,16930.0,51006.0,0.750795,-0.417,1,946686543,946686539,4,1.355,2,2,1,1,0,0,,0,4,11,1,0
run4-tbt-3s,1,nazionale,3,none,true,12,500,42,1,3,3,1,m1,1ETD6u7wdHS6P9D1mxb1Qx3Aapa2DwAyyZutL2,1,m2,m2,1,0,1,2,2.263,2.624,0.361,0.3616,0.361,4.87682243e-06,2.70578887e-06,67936.0,55128.0,12808.0,0.750795,-0.417,1,946686546,946686543,3,0.376,2,1,1,1,0,0,,0,2,12,1,0
run4-tbt-3s,1,nazionale,3,none,true,12,501,42,1,3,3,1,m1,1ETD6u7wdHS6P9D1mxb1Qx3Aapa2DwAyyZutL2,1,m1,m1,1,1,0,1,3.566,3.566,0.508,0.5072,0.0,1.85584532e-05,1.3360067700000002e-05,67936.0,16930.0,51006.0,0.750795,-0.417,1,946686550,946686546,4,0.434,3,1,1,1,0,0,,0,3,13,1,0
run4-tbt-3s,1,nazionale,3,none,true,12,502,42,1,3,3,1,m1,1ETD6u7wdHS6P9D1mxb1Qx3Aapa2DwAyyZutL2,1,m1,m1,1,1,0,1,4.174,4.174,0.219,0.2183,0.0,3.70290836e-05,3.4010480100000006e-05,67936.0,16930.0,51006.0,0.750795,-0.417,1,946686555,946686550,5,0.826,4,1,1,1,0,0,,0,1,14,1,0
run4-tbt-3s,1,nazionale,3,none,true,12,503,42,1,3,3,1,m1,1ETD6u7wdHS6P9D1mxb1Qx3Aapa2DwAyyZutL2,1,m1,m1,1,1,0,1,1.892,1.892,1.069,1.069,0.0,2.83407013e-06,8.32518947e-06,67936.0,16930.0,51006.0,0.750795,-0.667,1,946686557,946686555,2,0.108,1,1,1,1,0,0,,0,3,15,1,0
run4-tbt-3s,1,nazionale,3,none,true,12,504,43,1,3,3,1,m1,1ETD6u7wdHS6P9D1mxb1Qx3Aapa2DwAyyZutL2,1,m1,m1,1,1,0,1,3.805,3.805,0.413,0.4136,0.0,2.42234642e-05,1.8464667400000002e-05,67936.0,16930.0,51006.0,0.750795,-0.583,1,946686562,946686557,5,1.195,3,2,1,1,0,0,,0,2,16,1,0
run4-tbt-3s,1,nazionale,3,none,true,12,505,43,1,3,3,1,m1,1ETD6u7wdHS6P9D1mxb1Qx3Aapa2DwAyyZutL2,1,m1,m1,1,1,0,1,3.017,3.017,1.009,1.0087,0.0,1.1761692e-05,2.0261679900000003e-05,67936.0,16930.0,51006.0,0.750795,-0.667,1,946686565,946686562,3,-0.017,3,0,1,1,0,0,,0,3,17,1,0
run4-tbt-3s,1,nazionale,3,none,true,12,506,43,1,3,3,1,m2,1WKxQntNgmP3dtjbv3UL3DHV2JEciQTnQ4K3sr,1,m2,m2,1,1,0,1,2.94,2.94,0.927,0.9273,0.0,1.0595853e-05,1.48321573e-05,67936.0,55128.0,12808.0,0.18853,-0.5,1,946686569,946686565,4,1.06,2,2,1,1,1,1,0001e5c09455398e84b06e0d3246444aba984d68cd1b2ce38ed2e34728869736,0,3,1,0,0
run4-tbt-3s,1,nazionale,3,none,true,12,507,43,1,3,3,1,m2,1WKxQntNgmP3dtjbv3UL3DHV2JEciQTnQ4K3sr,1,m2,m2,1,1,0,1,2.377,2.377,1.756,1.7552,0.0,5.92544794e-06,3.061533666e-05,67936.0,55128.0,12808.0,0.18853,-0.583,1,946686572,946686569,3,0.623,2,1,1,1,0,0,,0,4,2,1,0
run4-tbt-3s,1,nazionale,3,none,true,12,508,43,1,3,3,1,m1,1ETD6u7wdHS6P9D1mxb1Qx3Aapa2DwAyyZutL2,1,m1,m1,1,1,0,1,1.972,1.972,2.44,2.4399,0.0,3.01391359e-06,9.248465411e-05,67936.0,16930.0,51006.0,0.750795,-0.417,1,946686576,946686572,4,2.028,1,3,1,1,0,0,,0,2,1,0,0
run4-tbt-3s,1,nazionale,3,none,true,12,509,43,1,3,3,1,m1,1ETD6u7wdHS6P9D1mxb1Qx3Aapa2DwAyyZutL2,1,m1,m1,1,1,0,1,1.703,1.703,2.505,2.5047,0.0,1.56760424e-06,3.887907176e-05,67936.0,16930.0,51006.0,0.750795,-0.5,1,946686578,946686576,2,0.297,1,1,1,1,0,0,,0,1,2,1,0
run4-tbt-3s,1,nazionale,3,none,true,12,510,43,1,3,3,1,m3,1LtuCHDRfFnaxMXGm2gmsN7NoezE7zExV3Cet8,1,m3,m3,1,1,0,1,2.667,2.667,1.717,1.7169,0.0,8.07881706e-06,6.898479744000001e-05,67936.0,63814.0,4122.0,0.060675,-0.5,1,946686582,946686578,4,1.333,2,2,1,1,0,0,,0,8,1,0,0
run4-tbt-3s,1,nazionale,3,none,true,12,511,43,1,3,3,1,m3,1LtuCHDRfFnaxMXGm2gmsN7NoezE7zExV3Cet8,1,m1,m1,1,0,1,3,3.71,4.271,0.363,0.3627,0.561,1.89605377e-05,9.820535199999997e-06,78826.0,26323.0,52503.0,0.104572,-0.583,1,946686586,946686582,4,-0.271,4,0,1,1,0,0,,0,1,2,1,0
run4-tbt-3s,1,nazionale,3,none,true,12,512,43,1,3,3,1,m2,1WKxQntNgmP3dtjbv3UL3DHV2JEciQTnQ4K3sr,1,m2,m2,1,1,0,1,2.024,2.024,1.862,1.8622,0.0,3.04695436e-06,1.975218534e-05,78826.0,60746.0,18080.0,0.229366,-0.583,1,946686589,946686586,3,0.976,2,1,1,1,0,0,,0,2,1,0,0
run4-tbt-3s,1,nazionale,3,none,true,12,513,43,1,3,3,1,m1,1ETD6u7wdHS6P9D1mxb1Qx3Aapa2DwAyyZutL2,1,m1,m1,1,1,0,1,1.913,1.913,1.156,1.1561,0.0,2.46436324e-06,8.00622616e-06,78826.0,26323.0,52503.0,0.666062,-0.583,1,946686592,946686589,3,1.087,1,2,1,1,1,1,001774d08e40b1e4756e717aa96ce2b952a032efab05083da86877a0c595f75c,0,3,1,0,0
run4-tbt-3s,1,nazionale,3,none,true,12,514,43,1,3,3,1,m1,1ETD6u7wdHS6P9D1mxb1Qx3Aapa2DwAyyZutL2,1,m1,m1,1,1,0,1,4.155,4.155,0.164,0.1636,0.0,3.17749249e-05,1.3970944099999997e-05,78826.0,26323.0,52503.0,0.666062,-0.5,1,946686597,946686592,5,0.845,4,1,1,1,1,1,005ed047ae8b365535620dac1adc45d715d7df3fed72ad76b6d35d27c51276dd,0,5,2,1,0
run4-tbt-3s,1,nazionale,3,none,true,12,515,43,1,3,3,1,m1,1ETD6u7wdHS6P9D1mxb1Qx3Aapa2DwAyyZutL2,1,m1,m1,1,1,0,1,2.521,2.521,1.869,1.8696,0.0,5.93299339e-06,6.674384600999999e-05,78826.0,26323.0,52503.0,0.666062,-0.5,1,946686600,946686597,3,0.479,2,1,1,1,0,0,,0,1,3,1,0
run4-tbt-3s,1,nazionale,3,none,true,12,516,44,0,3,3,1,m1,1ETD6u7wdHS6P9D1mxb1Qx3Aapa2DwAyyZutL2,1,m1,m1,1,1,0,1,2.647,2.647,1.5,1.4996,0.0,6.93767858e-06,2.528244962e-05,78826.0,26323.0,52503.0,0.666062,-0.583,1,946686603,946686600,3,0.353,2,1,1,1,0,0,,0,2,4,1,0
run4-tbt-3s,1,nazionale,3,none,true,12,517,44,0,3,3,1,m1,1ETD6u7wdHS6P9D1mxb1Qx3Aapa2DwAyyZutL2,1,m1,m1,1,1,0,1,3.04,3.04,1.367,1.3668,0.0,9.88378273e-06,6.284703677e-05,78826.0,26323.0,52503.0,0.666062,-0.417,1,946686607,946686603,4,0.96,3,1,1,1,0,0,,0,3,5,1,0
run4-tbt-3s,1,nazionale,3,none,true,12,518,44,0,3,3,1,m3,1LtuCHDRfFnaxMXGm2gmsN7NoezE7zExV3Cet8,1,m3,m3,1,1,0,1,2.101,2.101,0.368,0.368,0.0,3.37392404e-06,2.2125166100000003e-06,78826.0,70583.0,8243.0,0.104572,-0.5,1,946686609,946686607,2,-0.101,2,0,1,1,0,0,,0,1,1,0,0
run4-tbt-3s,1,nazionale,3,none,true,12,519,44,0,3,3,1,m1,1ETD6u7wdHS6P9D1mxb1Qx3Aapa2DwAyyZutL2,1,m1,m1,1,1,0,1,2.159,2.159,1.783,1.783,0.0,3.51246221e-06,1.943540229e-05,78826.0,26323.0,52503.0,0.666062,-0.333,1,946686612,946686609,3,0.841,2,1,1,1,0,0,,0,4,1,0,0
run4-tbt-3s,1,nazionale,3,none,true,12,520,44,0,3,3,1,m1,1ETD6u7wdHS6P9D1mxb1Qx3Aapa2DwAyyZutL2,1,m1,m1,1,1,0,1,2.717,2.717,1.715,1.7154,0.0,7.08328857e-06,9.292082043e-05,78826.0,26323.0,52503.0,0.666062,-0.333,1,946686616,946686612,4,1.283,2,2,1,1,0,0,,0,4,2,1,0
run4-tbt-3s,1,nazionale,3,none,true,12,521,44,0,3,3,1,m1,1ETD6u7wdHS6P9D1mxb1Qx3Aapa2DwAyyZutL2,1,m1,m1,1,1,0,1,4.343,4.343,0.07,0.0693,0.0,4.44722765e-05,1.8619099000000003e-05,78826.0,26323.0,52503.0,0.666062,-0.333,1,946686620,946686616,4,-0.343,4,0,1,1,0,0,,0,2,3,1,0
run4-tbt-3s,1,nazionale,3,none,true,12,522,44,0,3,3,1,m1,1ETD6u7wdHS6P9D1mxb1Qx3Aapa2DwAyyZutL2,1,m1,m1,1,1,0,1,1.463,1.463,0.842,0.842,0.0,2.68473417e-07,4.285304473000001e-06,78826.0,26323.0,52503.0,0.666062,-0.5,1,946686622,946686620,2,0.537,1,1,1,1,0,0,,0,4,4,1,0
run4-tbt-3s,1,nazionale,3,none,true,12,523,44,0,3,3,1,m2,1WKxQntNgmP3dtjbv3UL3DHV2JEciQTnQ4K3sr,1,m2,m2,1,1,0,1,2.685,2.685,1.693,1.6931,0.0,7.63381723e-06,4.884017177e-05,70727.0,52647.0,18080.0,0.255631,-0.333,1,946686626,946686622,4,1.315,2,2,1,1,1,1,00e7700e45caed4305b090a88f856caf7a3cdc0a28cc4e46e7615fe4a0046aa5,0,2,1,0,0
run4-tbt-3s,1,nazionale,3,none,true,12,524,44,0,3,3,1,m3,1LtuCHDRfFnaxMXGm2gmsN7NoezE7zExV3Cet8,1,m3,m3,1,1,0,1,1.924,1.924,0.881,0.8809,0.0,2.52675286e-06,6.261186930000001e-06,70727.0,62484.0,8243.0,0.116547,-0.333,0,946686629,946686626,3,1.076,1,2,1,1,0,0,,0,4,1,0,0
run4-tbt-3s,1,nazionale,3,none,true,12,525,44,0,3,3,1,m1,1ETD6u7wdHS6P9D1mxb1Qx3Aapa2DwAyyZutL2,1,m1,m1,1,1,0,1,3.859,3.859,0.574,0.5735,0.0,2.33824693e-05,9.84402187e-05,70727.0,26323.0,44404.0,0.627822,-0.333,1,946686634,946686629,5,1.141,3,2,1,1,1,1,008f07da26308c86147c10f3f165a7e1e9b3e66d0b2f5b543b54561405403f50,0,1,1,0,0
run4-tbt-3s,1,nazionale,3,none,true,12,526,44,0,3,3,1,m1,1ETD6u7wdHS6P9D1mxb1Qx3Aapa2DwAyyZutL2,1,m2,m2,1,0,1,2,3.509,3.827,0.318,0.3175,0.318,1.71662456e-05,6.2316917e-06,70727.0,52647.0,18080.0,0.627822,-0.5,0,946686639,946686634,5,1.173,3,2,1,1,1,1,008863a0f07032e2462e610b29dd4869cf3024eb2fe8883f441905730eff8b05,0,2,2,1,0
run4-tbt-3s,1,nazionale,3,none,true,12,527,44,0,3,3,1,m1,1ETD6u7wdHS6P9D1mxb1Qx3Aapa2DwAyyZutL2,1,m1,m1,1,1,0,1,2.549,2.549,1.84,1.8396,0.0,6.82846221e-06,7.203195489000001e-05,70727.0,26323.0,44404.0,0.627822,-0.5,1,946686642,946686639,3,0.451,2,1,1,1,0,0,,0,4,3,1,0
run4-tbt-3s,1,nazionale,3,none,true,12,528,45,0,3,3,1,m2,1WKxQntNgmP3dtjbv3UL3DHV2JEciQTnQ4K3sr,1,m2,m2,1,1,0,1,1.747,1.747,1.341,1.3416,0.0,1.7359153e-06,9.960126199999999e-06,70727.0,52647.0,18080.0,0.255631,-0.5,1,946686645,946686642,3,1.253,1,2,1,1,0,0,,0,3,1,0,0
run4-tbt-3s,1,nazionale,3,none,true,12,529,45,0,3,3,1,m3,1LtuCHDRfFnaxMXGm2gmsN7NoezE7zExV3Cet8,1,m3,m3,1,1,0,1,2.074,2.074,1.378,1.3781,0.0,3.59982247e-06,1.269400743e-05,70727.0,62484.0,8243.0,0.116547,-0.5,1,946686648,946686645,3,0.926,2,1,1,1,0,0,,0,1,1,0,0
