run_id,livello,tbt,epoca,host,indirizzo,esg_miner,esg_cluster_medio,esg_cluster_lista,attivita_miner_tau,attivita_cluster_tau_somma,attivita_cluster_tau_lista,contributi_c_i_lista,theta_epoca,peso_grezzo_epoca,allocazione_A_k,saldo_B_precedente,saldo_B_epoca,riconciliato_R_k,rho_epoca,rho_epoca_precedente,peso_pubblicato_epoca,peso_pubblicato_ricalcolato,scarto_ricalcolo,esito_ricalcolo,height_pubblicazione,malus_accumulatore_epoca,fattore_correzione_malus,peso_dopo_malus,dump_function_usata,peso_efficace_epoca,peso_effettivo_epoca,W_tot_epoca,quota_peso_epoca,blocchi_minati_epoca,blocchi_totali_epoca,quota_osservata_epoca,quota_attesa_vigenza,scostamento_quota,chi2_epoca,df_epoca,chi2_critico_5pct,compatibile_epoca,attesa_minima_epoca,campione_sufficiente_epoca,finestra_epoche,blocchi_finestra,chi2_finestra,df_finestra,compatibile_finestra,attesa_minima_finestra,campione_sufficiente_finestra
run5-tbt-2s/continentale,continentale,2,1,m3,17T8kJfSiCizDdpFGYkHLao39XoWdGo3yaEjhJ,0.0,,,0,0,,,0.0,0.0,0.0,0.0,0.0,0.0,0.0,,,1,,non pubblicato in questa epoca,,0.0,1.0,,none,,,,,0,0,,,,,,,,,,5,,,,,,
run5-tbt-2s/continentale,continentale,2,1,m2,18GGauDrTeEJnuo5WxTDKBoNSryjXMhQvGRPjC,0.0,,,0,0,,,0.0,0.0,0.0,0.0,0.0,0.0,0.0,,,1,,non pubblicato in questa epoca,,0.0,1.0,,none,,,,,0,0,,,,,,,,,,5,,,,,,
run5-tbt-2s/continentale,continentale,2,1,m1,1PsQyHWKH4xk2wTCB5JLwBYXPAAA9wdtm1u1pA,0.0,,,0,0,,,0.0,0.0,0.0,0.0,0.0,0.0,0.0,,,1,,non pubblicato in questa epoca,,0.0,1.0,,none,,,,,0,0,,,,,,,,,,5,,,,,,
run5-tbt-2s/continentale,continentale,2,2,m3,17T8kJfSiCizDdpFGYkHLao39XoWdGo3yaEjhJ,0.0,,,0,0,,,0.0,0.0,0.0,0.0,0.0,0.0,0.0,0.0,,1,,non pubblicato in questa epoca,,0.0,1.0,,none,,,,,0,0,,,,,,,,,,5,,,,,,
run5-tbt-2s/continentale,continentale,2,2,m2,18GGauDrTeEJnuo5WxTDKBoNSryjXMhQvGRPjC,0.0,,,0,0,,,0.0,0.0,0.0,0.0,0.0,0.0,0.0,0.0,,1,,non pubblicato in questa epoca,,0.0,1.0,,none,,,,,0,0,,,,,,,,,,5,,,,,,
run5-tbt-2s/continentale,continentale,2,2,m1,1PsQyHWKH4xk2wTCB5JLwBYXPAAA9wdtm1u1pA,0.0,,,0,0,,,0.0,0.0,0.0,0.0,0.0,0.0,0.0,0.0,,1,,non pubblicato in questa epoca,,0.0,1.0,,none,,,,,0,0,,,,,,,,,,5,,,,,,
run5-tbt-2s/continentale,continentale,2,3,m3,17T8kJfSiCizDdpFGYkHLao39XoWdGo3yaEjhJ,0.0,,,0,0,,,0.0,0.0,0.0,0.0,0.0,0.0,0.0,0.0,,1,,non pubblicato in questa epoca,,0.0,1.0,,none,,,,,0,0,,,,,,,,,,5,,,,,,
run5-tbt-2s/continentale,continentale,2,3,m2,18GGauDrTeEJnuo5WxTDKBoNSryjXMhQvGRPjC,0.0,,,0,0,,,0.0,0.0,0.0,0.0,0.0,0.0,0.0,0.0,,1,,non pubblicato in questa epoca,,0.0,1.0,,none,,,,,0,0,,,,,,,,,,5,,,,,,
run5-tbt-2s/continentale,continentale,2,3,m1,1PsQyHWKH4xk2wTCB5JLwBYXPAAA9wdtm1u1pA,0.0,,,0,0,,,0.0,0.0,0.0,0.0,0.0,0.0,0.0,0.0,,1,,non pubblicato in questa epoca,,0.0,1.0,,none,,,,,0,0,,,,,,,,,,5,,,,,,
run5-tbt-2s/continentale,continentale,2,4,m3,17T8kJfSiCizDdpFGYkHLao39XoWdGo3yaEjhJ,0.0,,,0,0,,,0.0,0.0,0.0,0.0,0.0,0.0,0.0,0.0,,1,,non pubblicato in questa epoca,,0.0,1.0,,none,,,,,0,0,,,,,,,,,,5,,,,,,
run5-tbt-2s/continentale,continentale,2,4,m2,18GGauDrTeEJnuo5WxTDKBoNSryjXMhQvGRPjC,0.0,,,0,0,,,0.0,0.0,0.0,0.0,0.0,0.0,0.0,0.0,,1,,non pubblicato in questa epoca,,0.0,1.0,,none,,,,,0,0,,,,,,,,,,5,,,,,,
run5-tbt-2s/continentale,continentale,2,4,m1,1PsQyHWKH4xk2wTCB5JLwBYXPAAA9wdtm1u1pA,0.0,,,0,0,,,0.0,0.0,0.0,0.0,0.0,0.0,0.0,0.0,,1,,non pubblicato in questa epoca,,0.0,1.0,,none,,,,,0,0,,,,,,,,,,5,,,,,,
run5-tbt-2s/continentale,continentale,2,5,m3,17T8kJfSiCizDdpFGYkHLao39XoWdGo3yaEjhJ,0.0,,,0,0,,,0.0,0.0,0.0,0.0,0.0,0.0,0.0,0.0,,1,,non pubblicato in questa epoca,,0.0,1.0,,none,,,,,0,0,,,,,,,,,,5,,,,,,
run5-tbt-2s/continentale,continentale,2,5,m2,18GGauDrTeEJnuo5WxTDKBoNSryjXMhQvGRPjC,0.0,,,0,0,,,0.0,0.0,0.0,0.0,0.0,0.0,0.0,0.0,,1,,non pubblicato in questa epoca,,0.0,1.0,,none,,,,,0,0,,,,,,,,,,5,,,,,,
run5-tbt-2s/continentale,continentale,2,5,m1,1PsQyHWKH4xk2wTCB5JLwBYXPAAA9wdtm1u1pA,0.0,,,0,0,,,0.0,0.0,0.0,0.0,0.0,0.0,0.0,0.0,,1,,non pubblicato in questa epoca,,0.0,1.0,,none,,,,,0,0,,,,,,,,,,5,,,,,,
run5-tbt-2s/continentale,continentale,2,6,m3,17T8kJfSiCizDdpFGYkHLao39XoWdGo3yaEjhJ,0.0,,,0,0,,,0.0,0.0,0.0,0.0,0.0,0.0,0.0,0.0,,1,,non pubblicato in questa epoca,,0.0,1.0,,none,,,,,0,0,,,,,,,,,,5,,,,,,
run5-tbt-2s/continentale,continentale,2,6,m2,18GGauDrTeEJnuo5WxTDKBoNSryjXMhQvGRPjC,0.0,,,0,0,,,0.0,0.0,0.0,0.0,0.0,0.0,0.0,0.0,,1,,non pubblicato in questa epoca,,0.0,1.0,,none,,,,,0,0,,,,,,,,,,5,,,,,,
run5-tbt-2s/continentale,continentale,2,6,m1,1PsQyHWKH4xk2wTCB5JLwBYXPAAA9wdtm1u1pA,0.0,,,0,0,,,0.0,0.0,0.0,0.0,0.0,0.0,0.0,0.0,,1,,non pubblicato in questa epoca,,0.0,1.0,,none,,,,,0,0,,,,,,,,,,5,,,,,,
run5-tbt-2s/continentale,continentale,2,7,m3,17T8kJfSiCizDdpFGYkHLao39XoWdGo3yaEjhJ,0.0,,,0,0,,,0.0,0.0,0.0,0.0,0.0,0.0,0.0,0.0,,1,,non pubblicato in questa epoca,,0.0,1.0,,none,,,,,0,0,,,,,,,,,,5,,,,,,
run5-tbt-2s/continentale,continentale,2,7,m2,18GGauDrTeEJnuo5WxTDKBoNSryjXMhQvGRPjC,0.0,,,0,0,,,0.0,0.0,0.0,0.0,0.0,0.0,0.0,0.0,,1,,non pubblicato in questa epoca,,0.0,1.0,,none,,,,,0,0,,,,,,,,,,5,,,,,,
run5-tbt-2s/continentale,continentale,2,7,m1,1PsQyHWKH4xk2wTCB5JLwBYXPAAA9wdtm1u1pA,0.0,,,0,0,,,0.0,0.0,0.0,0.0,0.0,0.0,0.0,0.0,,1,,non pubblicato in questa epoca,,0.0,1.0,,none,,,,,0,0,,,,,,,,,,5,,,,,,
run5-tbt-2s/continentale,continentale,2,8,m3,17T8kJfSiCizDdpFGYkHLao39XoWdGo3yaEjhJ,0.0,,,0,0,,,0.0,0.0,0.0,0.0,0.0,0.0,0.0,0.0,,1,,non pubblicato in questa epoca,,0.0,1.0,,none,,,,,0,0,,,,,,,,,,5,,,,,,
run5-tbt-2s/continentale,continentale,2,8,m2,18GGauDrTeEJnuo5WxTDKBoNSryjXMhQvGRPjC,0.0,,,0,0,,,0.0,0.0,0.0,0.0,0.0,0.0,0.0,0.0,,1,,non pubblicato in questa epoca,,0.0,1.0,,none,,,,,0,0,,,,,,,,,,5,,,,,,
run5-tbt-2s/continentale,continentale,2,8,m1,1PsQyHWKH4xk2wTCB5JLwBYXPAAA9wdtm1u1pA,0.0,,,0,0,,,0.0,0.0,0.0,0.0,0.0,0.0,0.0,0.0,,1,,non pubblicato in questa epoca,,0.0,1.0,,none,,,,,0,0,,,,,,,,,,5,,,,,,
run5-tbt-2s/continentale,continentale,2,9,m3,17T8kJfSiCizDdpFGYkHLao39XoWdGo3yaEjhJ,0.0,,,0,0,,,0.0,0.0,0.0,0.0,0.0,0.0,0.0,0.0,1,1,0,esatto,125,0.0,1.0,1,none,1.0,1.0,3.0,0.333333,0,0,,,,,,,,,,5,,,,,,
run5-tbt-2s/continentale,continentale,2,9,m2,18GGauDrTeEJnuo5WxTDKBoNSryjXMhQvGRPjC,0.0,,,0,0,,,0.0,0.0,0.0,0.0,0.0,0.0,0.0,0.0,1,1,0,esatto,125,0.0,1.0,1,none,1.0,1.0,3.0,0.333333,0,0,,,,,,,,,,5,,,,,,
run5-tbt-2s/continentale,continentale,2,9,m1,1PsQyHWKH4xk2wTCB5JLwBYXPAAA9wdtm1u1pA,0.0,,,0,0,,,0.0,0.0,0.0,0.0,0.0,0.0,0.0,0.0,1,1,0,esatto,125,0.0,1.0,1,none,1.0,1.0,3.0,0.333333,0,0,,,,,,,,,,5,,,,,,
run5-tbt-2s/continentale,continentale,2,10,m3,17T8kJfSiCizDdpFGYkHLao39XoWdGo3yaEjhJ,0.0,,,0,0,,,0.0,0.0,0.0,0.0,0.0,0.0,0.0,0.0,,1,,non pubblicato in questa epoca,,0.0,1.0,,none,,,3.0,0.333333,0,0,,,,,,,,,,5,,,,,,
run5-tbt-2s/continentale,continentale,2,10,m2,18GGauDrTeEJnuo5WxTDKBoNSryjXMhQvGRPjC,0.0,,,0,0,,,0.0,0.0,0.0,0.0,0.0,0.0,0.0,0.0,,1,,non pubblicato in questa epoca,,0.0,1.0,,none,,,3.0,0.333333,0,0,,,,,,,,,,5,,,,,,
run5-tbt-2s/continentale,continentale,2,10,m1,1PsQyHWKH4xk2wTCB5JLwBYXPAAA9wdtm1u1pA,0.0,,,0,0,,,0.0,0.0,0.0,0.0,0.0,0.0,0.0,0.0,,1,,non pubblicato in questa epoca,,0.0,1.0,,none,,,3.0,0.333333,0,0,,,,,,,,,,5,,,,,,
run5-tbt-2s/continentale,continentale,2,11,m3,17T8kJfSiCizDdpFGYkHLao39XoWdGo3yaEjhJ,24.17,70.53,c5:70.53,2,1,c5:1,c5:0.7053,5.0,65.387101,0.15523,0.0,0.15523,0.0,0.0,0.0,3269,3269,0,esatto,138,0.0,1.0,3269,none,3269.0,3269.0,21061.0,0.155216,0,0,,,,,,,,,,5,,,,,,
run5-tbt-2s/continentale,continentale,2,11,m2,18GGauDrTeEJnuo5WxTDKBoNSryjXMhQvGRPjC,26.46,96.01,"c3:99.26,c4:92.76",2,2,"c3:1,c4:1","c3:0.9926,c4:0.9276",5.0,103.728492,0.246253,0.0,0.246253,0.0,0.0,0.0,5186,5186,0,esatto,138,0.0,1.0,5186,none,5186.0,5186.0,21061.0,0.246237,0,0,,,,,,,,,,5,,,,,,
run5-tbt-2s/continentale,continentale,2,11,m1,1PsQyHWKH4xk2wTCB5JLwBYXPAAA9wdtm1u1pA,85.56,47.33,"c1:17.50,c2:77.16",2,2,"c1:1,c2:1","c1:0.1750,c2:0.7716",5.0,252.111096,0.598516,0.0,0.598516,0.0,0.0,0.0,12606,12606,0,esatto,138,0.0,1.0,12606,none,12606.0,12606.0,21061.0,0.598547,0,0,,,,,,,,,,5,,,,,,
run5-tbt-2s/continentale,continentale,2,12,m3,17T8kJfSiCizDdpFGYkHLao39XoWdGo3yaEjhJ,24.17,70.53,c5:70.53,1,0,c5:0,c5:0.0000,0.0,24.17,0.0,0.15523,0.15523,0.0,0.0,0.0,1209,1209,0,esatto,151,0.0,1.0,1209,none,1209.0,1209.0,6810.0,0.177533,0,0,,,,,,,,,,5,,,,,,
run5-tbt-2s/continentale,continentale,2,12,m2,18GGauDrTeEJnuo5WxTDKBoNSryjXMhQvGRPjC,26.46,96.01,"c3:99.26,c4:92.76",1,0,"c3:0,c4:0","c3:0.0000,c4:0.0000",0.0,26.46,0.0,0.246253,0.246253,0.0,0.0,0.0,1323,1323,0,esatto,151,0.0,1.0,1323,none,1323.0,1323.0,6810.0,0.194273,0,0,,,,,,,,,,5,,,,,,
run5-tbt-2s/continentale,continentale,2,12,m1,1PsQyHWKH4xk2wTCB5JLwBYXPAAA9wdtm1u1pA,85.56,47.33,"c1:17.50,c2:77.16",1,0,"c1:0,c2:0","c1:0.0000,c2:0.0000",0.0,85.56,0.0,0.598516,0.598516,0.0,0.0,0.0,4278,4278,0,esatto,151,0.0,1.0,4278,none,4278.0,4278.0,6810.0,0.628194,0,0,,,,,,,,,,5,,,,,,
run5-tbt-2s/continentale,continentale,2,13,m3,17T8kJfSiCizDdpFGYkHLao39XoWdGo3yaEjhJ,24.17,70.53,c5:70.53,1,0,c5:0,c5:0.0000,0.0,24.17,0.0,0.15523,0.15523,0.0,0.0,0.0,,1209,,non pubblicato in questa epoca,,0.0,1.0,,none,,,6810.0,0.177533,0,0,,,,,,,,,,5,,,,,,
run5-tbt-2s/continentale,continentale,2,13,m2,18GGauDrTeEJnuo5WxTDKBoNSryjXMhQvGRPjC,26.46,96.01,"c3:99.26,c4:92.76",1,0,"c3:0,c4:0","c3:0.0000,c4:0.0000",0.0,26.46,0.0,0.246253,0.246253,0.0,0.0,0.0,,1323,,non pubblicato in questa epoca,,0.0,1.0,,none,,,6810.0,0.194273,0,0,,,,,,,,,,5,,,,,,
run5-tbt-2s/continentale,continentale,2,13,m1,1PsQyHWKH4xk2wTCB5JLwBYXPAAA9wdtm1u1pA,85.56,47.33,"c1:17.50,c2:77.16",1,0,"c1:0,c2:0","c1:0.0000,c2:0.0000",0.0,85.56,0.0,0.598516,0.598516,0.0,0.0,0.0,,4278,,non pubblicato in questa epoca,,0.0,1.0,,none,,,6810.0,0.628194,0,0,,,,,,,,,,5,,,,,,
run5-tbt-2s/continentale,continentale,2,14,m3,17T8kJfSiCizDdpFGYkHLao39XoWdGo3yaEjhJ,24.17,70.53,c5:70.53,1,1,c5:1,c5:0.7053,7.0,41.217101,0.157649,0.15523,0.0,9.5205,1.0,0.0,2061,2061,0,esatto,176,0.0,1.0,2061,none,2061.0,2061.0,18301.0,0.112617,0,0,,,,,,,,,,5,,,,,,
run5-tbt-2s/continentale,continentale,2,14,m2,18GGauDrTeEJnuo5WxTDKBoNSryjXMhQvGRPjC,26.46,96.01,"c3:99.26,c4:92.76",1,2,"c3:1,c4:1","c3:0.9926,c4:0.9276",7.0,77.268492,0.29554,0.246253,-0.0,28.5616,1.0,0.0,3863,3863,0,esatto,176,0.0,1.0,3863,none,3863.0,3863.0,18301.0,0.211081,0,0,,,,,,,,,,5,,,,,,
run5-tbt-2s/continentale,continentale,2,14,m1,1PsQyHWKH4xk2wTCB5JLwBYXPAAA9wdtm1u1pA,85.56,47.33,"c1:17.50,c2:77.16",1,4,"c1:2,c2:2","c1:0.3500,c2:1.5432",7.0,247.542192,0.946811,0.598516,0.0,45.523,1.0,0.0,12377,12377,0,esatto,176,0.0,1.0,12377,none,12377.0,12377.0,18301.0,0.676302,0,0,,,,,,,,,,5,,,,,,
run5-tbt-2s/continentale,continentale,2,15,m3,17T8kJfSiCizDdpFGYkHLao39XoWdGo3yaEjhJ,24.17,70.53,c5:70.53,2,1,c5:1,c5:0.7053,9.0,65.387101,0.216571,0.0,0.0,7.6074,1.0,1.0,6539,6539,0,esatto,186,0.0,1.0,6539,none,6539.0,6539.0,54346.0,0.120322,0,0,,,,,,,,,,5,,,,,,
run5-tbt-2s/continentale,continentale,2,15,m2,18GGauDrTeEJnuo5WxTDKBoNSryjXMhQvGRPjC,26.46,96.01,"c3:99.26,c4:92.76",2,3,"c3:2,c4:1","c3:1.9852,c4:0.9276",9.0,129.992688,0.430554,-0.0,-0.0,11.3976,1.0,1.0,12999,12999,0,esatto,186,0.0,1.0,12999,none,12999.0,12999.0,54346.0,0.23919,0,0,,,,,,,,,,5,,,,,,
run5-tbt-2s/continentale,continentale,2,15,m1,1PsQyHWKH4xk2wTCB5JLwBYXPAAA9wdtm1u1pA,85.56,47.33,"c1:17.50,c2:77.16",2,5,"c1:3,c2:2","c1:0.5250,c2:1.5432",9.0,348.075192,1.152874,0.0,-0.0,97.4481,1.0,1.0,34808,34808,0,esatto,186,0.0,1.0,34808,none,34808.0,34808.0,54346.0,0.640489,0,0,,,,,,,,,,5,,,,,,
run5-tbt-2s/continentale,continentale,2,16,m3,17T8kJfSiCizDdpFGYkHLao39XoWdGo3yaEjhJ,24.17,70.53,c5:70.53,2,1,c5:1,c5:0.7053,11.0,65.387101,0.246756,0.0,0.0,6.084,1.0,1.0,,6539,,non pubblicato in questa epoca,,0.0,1.0,,none,,,58298.0,0.112165,0,0,,,,,,,,,,5,,,,,,
run5-tbt-2s/continentale,continentale,2,16,m2,18GGauDrTeEJnuo5WxTDKBoNSryjXMhQvGRPjC,26.46,96.01,"c3:99.26,c4:92.76",2,4,"c3:2,c4:2","c3:1.9852,c4:1.8552",11.0,154.536984,0.583186,-0.0,-0.0,64.4863,1.0,1.0,15454,15454,0,esatto,198,0.0,1.0,15454,none,15454.0,15454.0,58298.0,0.265086,0,0,,,,,,,,,,5,,,,,,
run5-tbt-2s/continentale,continentale,2,16,m1,1PsQyHWKH4xk2wTCB5JLwBYXPAAA9wdtm1u1pA,85.56,47.33,"c1:17.50,c2:77.16",2,6,"c1:4,c2:2","c1:0.7000,c2:1.5432",11.0,363.048192,1.370058,-0.0,0.0,99.9973,1.0,1.0,36305,36305,0,esatto,198,0.0,1.0,36305,none,36305.0,36305.0,58298.0,0.622749,0,0,,,,,,,,,,5,,,,,,
run5-tbt-2s/continentale,continentale,2,17,m3,17T8kJfSiCizDdpFGYkHLao39XoWdGo3yaEjhJ,24.17,70.53,c5:70.53,1,1,c5:1,c5:0.7053,8.0,41.217101,0.133762,0.0,0.0,4.8965,1.0,1.0,4122,4122,0,esatto,210,0.0,1.0,4122,none,4122.0,4122.0,49303.0,0.083605,0,3,0.0,0.112165,-0.112165,1.8174,2,5.991,1,0.336,0,5,3,1.8174,2,1,0.336,0
run5-tbt-2s/continentale,continentale,2,17,m2,18GGauDrTeEJnuo5WxTDKBoNSryjXMhQvGRPjC,26.46,96.01,"c3:99.26,c4:92.76",2,2,"c3:1,c4:1","c3:0.9926,c4:0.9276",8.0,103.728492,0.33663,-0.0,0.0,25.7218,1.0,1.0,10373,10373,0,esatto,210,0.0,1.0,10373,none,10373.0,10373.0,49303.0,0.210393,0,3,0.0,0.265086,-0.265086,1.8174,2,5.991,1,0.336,0,5,3,1.8174,2,1,0.336,0
run5-tbt-2s/continentale,continentale,2,17,m1,1PsQyHWKH4xk2wTCB5JLwBYXPAAA9wdtm1u1pA,85.56,47.33,"c1:17.50,c2:77.16",2,5,"c1:3,c2:2","c1:0.5250,c2:1.5432",8.0,348.075192,1.129608,0.0,-0.0,100.4948,1.0,1.0,34808,34808,0,esatto,210,0.0,1.0,34808,none,34808.0,34808.0,49303.0,0.706002,3,3,1.0,0.622749,0.377251,1.8174,2,5.991,1,0.336,0,5,3,1.8174,2,1,0.336,0
run5-tbt-2s/continentale,continentale,2,18,m3,17T8kJfSiCizDdpFGYkHLao39XoWdGo3yaEjhJ,24.17,70.53,c5:70.53,2,1,c5:1,c5:0.7053,12.0,65.387101,0.241805,0.0,0.0,3.9306,1.0,1.0,6539,6539,0,esatto,222,0.0,1.0,6539,none,6539.0,6539.0,64900.0,0.100755,0,12,0.0,0.100265,-0.100265,2.8092,2,5.991,1,1.203,0,5,15,2.0001,2,1,1.54,0
run5-tbt-2s/continentale,continentale,2,18,m2,18GGauDrTeEJnuo5WxTDKBoNSryjXMhQvGRPjC,26.46,96.01,"c3:99.26,c4:92.76",2,4,"c3:2,c4:2","c3:1.9852,c4:1.8552",12.0,154.536984,0.571486,0.0,0.0,70.3371,1.0,1.0,15454,15454,0,esatto,222,0.0,1.0,15454,none,15454.0,15454.0,64900.0,0.23812,5,12,0.416667,0.242297,0.17437,2.8092,2,5.991,1,1.203,0,5,15,2.0001,2,1,1.54,0
run5-tbt-2s/continentale,continentale,2,18,m1,1PsQyHWKH4xk2wTCB5JLwBYXPAAA9wdtm1u1pA,85.56,47.33,"c1:17.50,c2:77.16",2,7,"c1:4,c2:3","c1:0.7000,c2:2.3148",12.0,429.066288,1.586709,-0.0,-0.0,100.2366,1.0,1.0,42907,42907,0,esatto,222,0.0,1.0,42907,none,42907.0,42907.0,64900.0,0.661125,7,12,0.583333,0.657437,-0.074104,2.8092,2,5.991,1,1.203,0,5,15,2.0001,2,1,1.54,0
run5-tbt-2s/continentale,continentale,2,19,m3,17T8kJfSiCizDdpFGYkHLao39XoWdGo3yaEjhJ,24.17,70.53,c5:70.53,2,2,c5:2,c5:1.4106,11.0,82.434202,0.31514,0.0,0.0,23.1143,1.0,1.0,8243,8243,0,esatto,235,0.0,1.0,8243,none,8243.0,8243.0,57547.0,0.143239,0,12,0.0,0.090751,-0.090751,5.4595,2,5.991,1,1.089,0,5,27,3.8082,2,1,2.629,0
run5-tbt-2s/continentale,continentale,2,19,m2,18GGauDrTeEJnuo5WxTDKBoNSryjXMhQvGRPjC,26.46,96.01,"c3:99.26,c4:92.76",2,3,"c3:2,c4:1","c3:1.9852,c4:0.9276",11.0,129.992688,0.496953,0.0,-0.0,28.2139,1.0,1.0,12999,12999,0,esatto,235,0.0,1.0,12999,none,12999.0,12999.0,57547.0,0.225885,0,12,0.0,0.221946,-0.221946,5.4595,2,5.991,1,1.089,0,5,27,3.8082,2,1,2.629,0
run5-tbt-2s/continentale,continentale,2,19,m1,1PsQyHWKH4xk2wTCB5JLwBYXPAAA9wdtm1u1pA,85.56,47.33,"c1:17.50,c2:77.16",2,6,"c1:4,c2:2","c1:0.7000,c2:1.5432",11.0,363.048192,1.387907,-0.0,0.0,100.6137,1.0,1.0,36305,36305,0,esatto,235,0.0,1.0,36305,none,36305.0,36305.0,57547.0,0.630876,12,12,1.0,0.687303,0.312697,5.4595,2,5.991,1,1.089,0,5,27,3.8082,2,1,2.629,0
run5-tbt-2s/continentale,continentale,2,20,m3,17T8kJfSiCizDdpFGYkHLao39XoWdGo3yaEjhJ,24.17,70.53,c5:70.53,2,1,c5:1,c5:0.7053,12.0,65.387101,0.241805,0.0,0.0,18.4613,1.0,1.0,6539,6539,0,esatto,247,0.0,1.0,6539,none,6539.0,6539.0,64900.0,0.100755,1,12,0.083333,0.114916,-0.031583,4.2132,2,5.991,1,1.379,0,5,39,6.1549,2,0,4.008,0
run5-tbt-2s/continentale,continentale,2,20,m2,18GGauDrTeEJnuo5WxTDKBoNSryjXMhQvGRPjC,26.46,96.01,"c3:99.26,c4:92.76",2,4,"c3:2,c4:2","c3:1.9852,c4:1.8552",12.0,154.536984,0.571486,-0.0,-0.0,11.1951,1.0,1.0,15454,15454,0,esatto,247,0.0,1.0,15454,none,15454.0,15454.0,64900.0,0.23812,0,12,0.0,0.234042,-0.234042,4.2132,2,5.991,1,1.379,0,5,39,6.1549,2,0,4.008,0
run5-tbt-2s/continentale,continentale,2,20,m1,1PsQyHWKH4xk2wTCB5JLwBYXPAAA9wdtm1u1pA,85.56,47.33,"c1:17.50,c2:77.16",2,7,"c1:4,c2:3","c1:0.7000,c2:2.3148",12.0,429.066288,1.586709,0.0,0.0,100.8907,1.0,1.0,42907,42907,0,esatto,247,0.0,1.0,42907,none,42907.0,42907.0,64900.0,0.661125,11,12,0.916667,0.651042,0.265625,4.2132,2,5.991,1,1.379,0,5,39,6.1549,2,0,4.008,0
run5-tbt-2s/continentale,continentale,2,21,m3,17T8kJfSiCizDdpFGYkHLao39XoWdGo3yaEjhJ,24.17,70.53,c5:70.53,2,1,c5:1,c5:0.7053,11.0,65.387101,0.230367,0.0,0.0,14.739,1.0,1.0,,6539,,non pubblicato in questa epoca,,0.0,1.0,,none,,,62445.0,0.104716,0,12,0.0,0.129078,-0.129078,6.722,2,5.991,0,1.549,0,5,51,11.7061,2,0,5.557,1
run5-tbt-2s/continentale,continentale,2,21,m2,18GGauDrTeEJnuo5WxTDKBoNSryjXMhQvGRPjC,26.46,96.01,"c3:99.26,c4:92.76",2,3,"c3:2,c4:1","c3:1.9852,c4:0.9276",11.0,129.992688,0.45798,-0.0,0.0,64.37,1.0,1.0,12999,12999,0,esatto,258,0.0,1.0,12999,none,12999.0,12999.0,62445.0,0.208167,0,12,0.0,0.229963,-0.229963,6.722,2,5.991,0,1.549,0,5,51,11.7061,2,0,5.557,1
run5-tbt-2s/continentale,continentale,2,21,m1,1PsQyHWKH4xk2wTCB5JLwBYXPAAA9wdtm1u1pA,85.56,47.33,"c1:17.50,c2:77.16",2,7,"c1:4,c2:3","c1:0.7000,c2:2.3148",11.0,429.066288,1.511653,0.0,0.0,101.2841,1.0,1.0,,42907,,non pubblicato in questa epoca,,0.0,1.0,,none,,,62445.0,0.687117,12,12,1.0,0.640959,0.359041,6.722,2,5.991,0,1.549,0,5,51,11.7061,2,0,5.557,1
run5-tbt-2s/continentale,continentale,2,22,m3,17T8kJfSiCizDdpFGYkHLao39XoWdGo3yaEjhJ,24.17,70.53,c5:70.53,1,1,c5:1,c5:0.7053,11.0,41.217101,0.191609,0.0,0.0,11.767,1.0,1.0,4122,4122,0,esatto,270,0.0,1.0,4122,none,4122.0,4122.0,47325.0,0.0871,0,12,0.0,0.102405,-0.102405,3.3098,2,5.991,1,1.229,0,5,60,7.849,2,0,6.449,1
run5-tbt-2s/continentale,continentale,2,22,m2,18GGauDrTeEJnuo5WxTDKBoNSryjXMhQvGRPjC,26.46,96.01,"c3:99.26,c4:92.76",2,4,"c3:2,c4:2","c3:1.9852,c4:1.8552",11.0,154.536984,0.718409,0.0,0.0,25.6576,1.0,1.0,15454,15454,0,esatto,271,0.0,1.0,15454,none,15454.0,15454.0,47325.0,0.32655,5,12,0.416667,0.22564,0.191027,3.3098,2,5.991,1,1.229,0,5,60,7.849,2,0,6.449,1
run5-tbt-2s/continentale,continentale,2,22,m1,1PsQyHWKH4xk2wTCB5JLwBYXPAAA9wdtm1u1pA,85.56,47.33,"c1:17.50,c2:77.16",1,6,"c1:4,c2:2","c1:0.7000,c2:1.5432",11.0,277.488192,1.289982,0.0,-0.0,100.9602,1.0,1.0,27749,27749,0,esatto,270,0.0,1.0,27749,none,27749.0,27749.0,47325.0,0.58635,7,12,0.583333,0.671955,-0.088622,3.3098,2,5.991,1,1.229,0,5,60,7.849,2,0,6.449,1
run5-tbt-2s/continentale,continentale,2,23,m3,17T8kJfSiCizDdpFGYkHLao39XoWdGo3yaEjhJ,24.17,70.53,c5:70.53,2,2,c5:2,c5:1.4106,13.0,82.434202,0.321797,0.0,0.0,9.4045,1.0,1.0,8243,8243,0,esatto,282,0.0,1.0,8243,none,8243.0,8243.0,66604.0,0.123761,0,12,0.0,0.097773,-0.097773,1.4736,2,5.991,1,1.173,0,5,60,9.094,2,0,6.419,1
run5-tbt-2s/continentale,continentale,2,23,m2,18GGauDrTeEJnuo5WxTDKBoNSryjXMhQvGRPjC,26.46,96.01,"c3:99.26,c4:92.76",2,4,"c3:2,c4:2","c3:1.9852,c4:1.8552",13.0,154.536984,0.603264,0.0,0.0,70.5736,1.0,1.0,,15454,,non pubblicato in questa epoca,,0.0,1.0,,none,,,66604.0,0.232028,4,12,0.333333,0.254423,0.07891,1.4736,2,5.991,1,1.173,0,5,60,9.094,2,0,6.419,1
run5-tbt-2s/continentale,continentale,2,23,m1,1PsQyHWKH4xk2wTCB5JLwBYXPAAA9wdtm1u1pA,85.56,47.33,"c1:17.50,c2:77.16",2,7,"c1:4,c2:3","c1:0.7000,c2:2.3148",13.0,429.066288,1.674939,-0.0,-0.0,100.1635,1.0,1.0,42907,42907,0,esatto,282,0.0,1.0,42907,none,42907.0,42907.0,66604.0,0.644211,8,12,0.666667,0.647804,0.018863,1.4736,2,5.991,1,1.173,0,5,60,9.094,2,0,6.419,1
run5-tbt-2s/continentale,continentale,2,24,m3,17T8kJfSiCizDdpFGYkHLao39XoWdGo3yaEjhJ,24.17,70.53,c5:70.53,2,1,c5:1,c5:0.7053,11.0,65.387101,0.24056,0.0,0.0,7.4935,1.0,1.0,6539,6539,0,esatto,294,0.0,1.0,6539,none,6539.0,6539.0,59799.0,0.10935,1,12,0.083333,0.102375,-0.019042,0.9831,2,5.991,1,1.229,0,5,60,3.9448,2,1,6.559,1
run5-tbt-2s/continentale,continentale,2,24,m2,18GGauDrTeEJnuo5WxTDKBoNSryjXMhQvGRPjC,26.46,96.01,"c3:99.26,c4:92.76",1,3,"c3:2,c4:1","c3:1.9852,c4:0.9276",11.0,103.532688,0.380898,0.0,0.0,28.3637,1.0,1.0,10353,10353,0,esatto,294,0.0,1.0,10353,none,10353.0,10353.0,59799.0,0.17313,5,12,0.416667,0.287166,0.129501,0.9831,2,5.991,1,1.229,0,5,60,3.9448,2,1,6.559,1
run5-tbt-2s/continentale,continentale,2,24,m1,1PsQyHWKH4xk2wTCB5JLwBYXPAAA9wdtm1u1pA,85.56,47.33,"c1:17.50,c2:77.16",2,7,"c1:4,c2:3","c1:0.7000,c2:2.3148",11.0,429.066288,1.578541,-0.0,0.0,100.5662,1.0,1.0,,42907,,non pubblicato in questa epoca,,0.0,1.0,,none,,,59799.0,0.71752,6,12,0.5,0.610458,-0.110458,0.9831,2,5.991,1,1.229,0,5,60,3.9448,2,1,6.559,1
run5-tbt-2s/continentale,continentale,2,25,m3,17T8kJfSiCizDdpFGYkHLao39XoWdGo3yaEjhJ,24.17,70.53,c5:70.53,2,1,c5:1,c5:0.7053,11.0,65.387101,0.2892,0.0,0.0,6.0346,1.0,1.0,,6539,,non pubblicato in questa epoca,,0.0,1.0,,none,,,49742.0,0.131458,0,12,0.0,0.117756,-0.117756,36.7209,2,5.991,0,1.413,0,5,60,13.064,2,0,6.593,1
run5-tbt-2s/continentale,continentale,2,25,m2,18GGauDrTeEJnuo5WxTDKBoNSryjXMhQvGRPjC,26.46,96.01,"c3:99.26,c4:92.76",2,4,"c3:2,c4:2","c3:1.9852,c4:1.8552",11.0,154.536984,0.6835,0.0,0.0,11.4124,1.0,1.0,15454,15454,0,esatto,306,0.0,1.0,15454,none,15454.0,15454.0,49742.0,0.310683,11,12,0.916667,0.207487,0.70918,36.7209,2,5.991,0,1.413,0,5,60,13.064,2,0,6.593,1
run5-tbt-2s/continentale,continentale,2,25,m1,1PsQyHWKH4xk2wTCB5JLwBYXPAAA9wdtm1u1pA,85.56,47.33,"c1:17.50,c2:77.16",1,6,"c1:4,c2:2","c1:0.7000,c2:1.5432",11.0,277.488192,1.2273,0.0,0.0,100.3605,1.0,1.0,27749,27749,0,esatto,306,0.0,1.0,27749,none,27749.0,27749.0,49742.0,0.557859,1,12,0.083333,0.674756,-0.591423,36.7209,2,5.991,0,1.413,0,5,60,13.064,2,0,6.593,1
run5-tbt-2s/continentale,continentale,2,26,m3,17T8kJfSiCizDdpFGYkHLao39XoWdGo3yaEjhJ,24.17,70.53,c5:70.53,1,2,c5:2,c5:1.4106,13.0,58.264202,0.23601,0.0,0.0,4.8034,1.0,1.0,5826,5826,0,esatto,318,0.0,1.0,5826,none,5826.0,5826.0,64187.0,0.090766,0,12,0.0,0.118562,-0.118562,1.9785,2,5.991,1,1.423,0,5,60,21.342,2,0,6.466,1
run5-tbt-2s/continentale,continentale,2,26,m2,18GGauDrTeEJnuo5WxTDKBoNSryjXMhQvGRPjC,26.46,96.01,"c3:99.26,c4:92.76",2,4,"c3:2,c4:2","c3:1.9852,c4:1.8552",13.0,154.536984,0.62598,0.0,0.0,65.2267,1.0,1.0,,15454,,non pubblicato in questa epoca,,0.0,1.0,,none,,,64187.0,0.240765,4,12,0.333333,0.230444,0.102889,1.9785,2,5.991,1,1.423,0,5,60,21.342,2,0,6.466,1
run5-tbt-2s/continentale,continentale,2,26,m1,1PsQyHWKH4xk2wTCB5JLwBYXPAAA9wdtm1u1pA,85.56,47.33,"c1:17.50,c2:77.16",2,7,"c1:4,c2:3","c1:0.7000,c2:2.3148",13.0,429.066288,1.73801,0.0,-0.0,99.8628,1.0,1.0,42907,42907,0,esatto,318,0.0,1.0,42907,none,42907.0,42907.0,64187.0,0.668469,8,12,0.666667,0.650995,0.015672,1.9785,2,5.991,1,1.423,0,5,60,21.342,2,0,6.466,1
run5-tbt-2s/continentale,continentale,2,27,m3,17T8kJfSiCizDdpFGYkHLao39XoWdGo3yaEjhJ,24.17,70.53,c5:70.53,2,1,c5:1,c5:0.7053,11.0,65.387101,0.24056,0.0,0.0,3.8337,1.0,1.0,6539,6539,0,esatto,330,0.0,1.0,6539,none,6539.0,6539.0,59799.0,0.10935,0,12,0.0,0.114503,-0.114503,7.8693,2,5.991,0,1.374,0,5,60,10.2357,2,0,6.612,1
run5-tbt-2s/continentale,continentale,2,27,m2,18GGauDrTeEJnuo5WxTDKBoNSryjXMhQvGRPjC,26.46,96.01,"c3:99.26,c4:92.76",1,3,"c3:2,c4:1","c3:1.9852,c4:0.9276",11.0,103.532688,0.380898,0.0,0.0,26.1886,1.0,1.0,10353,10353,0,esatto,330,0.0,1.0,10353,none,10353.0,10353.0,59799.0,0.17313,0,12,0.0,0.281551,-0.281551,7.8693,2,5.991,0,1.374,0,5,60,10.2357,2,0,6.612,1
run5-tbt-2s/continentale,continentale,2,27,m1,1PsQyHWKH4xk2wTCB5JLwBYXPAAA9wdtm1u1pA,85.56,47.33,"c1:17.50,c2:77.16",2,7,"c1:4,c2:3","c1:0.7000,c2:2.3148",11.0,429.066288,1.578541,-0.0,0.0,100.6682,1.0,1.0,,42907,,non pubblicato in questa epoca,,0.0,1.0,,none,,,59799.0,0.71752,12,12,1.0,0.603946,0.396054,7.8693,2,5.991,0,1.374,0,5,60,10.2357,2,0,6.612,1
run5-tbt-2s/continentale,continentale,2,28,m3,17T8kJfSiCizDdpFGYkHLao39XoWdGo3yaEjhJ,24.17,70.53,c5:70.53,2,1,c5:1,c5:0.7053,11.0,65.387101,0.2892,0.0,0.0,23.0427,1.0,1.0,,6539,,non pubblicato in questa epoca,,0.0,1.0,,none,,,49742.0,0.131458,2,12,0.166667,0.098509,0.068158,1.5739,2,5.991,1,1.182,0,5,60,4.9476,2,1,6.62,1
run5-tbt-2s/continentale,continentale,2,28,m2,18GGauDrTeEJnuo5WxTDKBoNSryjXMhQvGRPjC,26.46,96.01,"c3:99.26,c4:92.76",2,4,"c3:2,c4:2","c3:1.9852,c4:1.8552",11.0,154.536984,0.6835,0.0,0.0,70.5155,1.0,1.0,15454,15454,0,esatto,342,0.0,1.0,15454,none,15454.0,15454.0,49742.0,0.310683,1,12,0.083333,0.212584,-0.129251,1.5739,2,5.991,1,1.182,0,5,60,4.9476,2,1,6.62,1
run5-tbt-2s/continentale,continentale,2,28,m1,1PsQyHWKH4xk2wTCB5JLwBYXPAAA9wdtm1u1pA,85.56,47.33,"c1:17.50,c2:77.16",1,6,"c1:4,c2:2","c1:0.7000,c2:1.5432",11.0,277.488192,1.2273,0.0,0.0,100.7453,1.0,1.0,27749,27749,0,esatto,342,0.0,1.0,27749,none,27749.0,27749.0,49742.0,0.557859,9,12,0.75,0.688907,0.061093,1.5739,2,5.991,1,1.182,0,5,60,4.9476,2,1,6.62,1
run5-tbt-2s/continentale,continentale,2,29,m3,17T8kJfSiCizDdpFGYkHLao39XoWdGo3yaEjhJ,24.17,70.53,c5:70.53,1,1,c5:1,c5:0.7053,10.0,41.217101,0.14084,0.0,0.0,18.4799,1.0,1.0,4122,4122,0,esatto,354,0.0,1.0,4122,none,4122.0,4122.0,58530.0,0.070425,5,12,0.416667,0.118562,0.298105,11.8442,2,5.991,0,1.423,0,5,60,0.4336,2,1,6.815,1
run5-tbt-2s/continentale,continentale,2,29,m2,18GGauDrTeEJnuo5WxTDKBoNSryjXMhQvGRPjC,26.46,96.01,"c3:99.26,c4:92.76",2,3,"c3:2,c4:1","c3:1.9852,c4:0.9276",10.0,129.992688,0.444189,0.0,-0.0,28.1157,1.0,1.0,12999,12999,0,esatto,354,0.0,1.0,12999,none,12999.0,12999.0,58530.0,0.222091,0,12,0.0,0.230444,-0.230444,11.8442,2,5.991,0,1.423,0,5,60,0.4336,2,1,6.815,1
run5-tbt-2s/continentale,continentale,2,29,m1,1PsQyHWKH4xk2wTCB5JLwBYXPAAA9wdtm1u1pA,85.56,47.33,"c1:17.50,c2:77.16",2,6,"c1:3,c2:3","c1:0.5250,c2:2.3148",10.0,414.093288,1.41497,0.0,0.0,100.5375,1.0,1.0,41409,41409,0,esatto,354,0.0,1.0,41409,none,41409.0,41409.0,58530.0,0.707483,7,12,0.583333,0.650995,-0.067662,11.8442,2,5.991,0,1.423,0,5,60,0.4336,2,1,6.815,1
run5-tbt-2s/continentale,continentale,2,30,m3,17T8kJfSiCizDdpFGYkHLao39XoWdGo3yaEjhJ,24.17,70.53,c5:70.53,2,2,c5:2,c5:1.4106,12.0,82.434202,0.329726,0.0,0.0,14.8511,1.0,1.0,8243,8243,0,esatto,367,0.0,1.0,8243,none,8243.0,8243.0,60002.0,0.137379,1,12,0.083333,0.106028,-0.022695,0.1248,2,5.991,1,1.272,0,5,60,4.1106,2,1,6.674,1
run5-tbt-2s/continentale,continentale,2,30,m2,18GGauDrTeEJnuo5WxTDKBoNSryjXMhQvGRPjC,26.46,96.01,"c3:99.26,c4:92.76",2,4,"c3:2,c4:2","c3:1.9852,c4:1.8552",12.0,154.536984,0.618128,-0.0,-0.0,11.1539,1.0,1.0,15454,15454,0,esatto,367,0.0,1.0,15454,none,15454.0,15454.0,60002.0,0.257558,3,12,0.25,0.27377,-0.02377,0.1248,2,5.991,1,1.272,0,5,60,4.1106,2,1,6.674,1
run5-tbt-2s/continentale,continentale,2,30,m1,1PsQyHWKH4xk2wTCB5JLwBYXPAAA9wdtm1u1pA,85.56,47.33,"c1:17.50,c2:77.16",2,6,"c1:4,c2:2","c1:0.7000,c2:1.5432",12.0,363.048192,1.452146,0.0,0.0,100.5352,1.0,1.0,36305,36305,0,esatto,367,0.0,1.0,36305,none,36305.0,36305.0,60002.0,0.605063,8,12,0.666667,0.620202,0.046465,0.1248,2,5.991,1,1.272,0,5,60,4.1106,2,1,6.674,1
run5-tbt-2s/continentale,continentale,2,31,m3,17T8kJfSiCizDdpFGYkHLao39XoWdGo3yaEjhJ,24.17,70.53,c5:70.53,2,1,c5:1,c5:0.7053,11.0,65.387101,0.230367,0.0,0.0,11.8218,1.0,1.0,6539,6539,0,esatto,379,0.0,1.0,6539,none,6539.0,6539.0,62445.0,0.104716,1,12,0.083333,0.092743,-0.00941,0.6629,2,5.991,1,1.113,0,5,60,4.6505,2,1,6.364,1
run5-tbt-2s/continentale,continentale,2,31,m2,18GGauDrTeEJnuo5WxTDKBoNSryjXMhQvGRPjC,26.46,96.01,"c3:99.26,c4:92.76",2,3,"c3:2,c4:1","c3:1.9852,c4:0.9276",11.0,129.992688,0.45798,-0.0,0.0,64.3814,1.0,1.0,12999,12999,0,esatto,379,0.0,1.0,12999,none,12999.0,12999.0,62445.0,0.208167,4,12,0.333333,0.233914,0.099419,0.6629,2,5.991,1,1.113,0,5,60,4.6505,2,1,6.364,1
run5-tbt-2s/continentale,continentale,2,31,m1,1PsQyHWKH4xk2wTCB5JLwBYXPAAA9wdtm1u1pA,85.56,47.33,"c1:17.50,c2:77.16",2,7,"c1:4,c2:3","c1:0.7000,c2:2.3148",11.0,429.066288,1.511653,0.0,0.0,101.1052,1.0,1.0,42907,42907,0,esatto,378,0.0,1.0,42907,none,42907.0,42907.0,62445.0,0.687117,7,12,0.583333,0.673343,-0.09001,0.6629,2,5.991,1,1.113,0,5,60,4.6505,2,1,6.364,1
run5-tbt-2s/continentale,continentale,2,32,m3,17T8kJfSiCizDdpFGYkHLao39XoWdGo3yaEjhJ,24.17,70.53,c5:70.53,2,1,c5:1,c5:0.7053,11.0,65.387101,0.246756,0.0,0.0,9.4496,1.0,1.0,,6539,,non pubblicato in questa epoca,,0.0,1.0,,none,,,58298.0,0.112165,0,12,0.0,0.125356,-0.125356,1.7571,2,5.991,1,1.504,0,5,60,1.7337,2,1,6.494,1
run5-tbt-2s/continentale,continentale,2,32,m2,18GGauDrTeEJnuo5WxTDKBoNSryjXMhQvGRPjC,26.46,96.01,"c3:99.26,c4:92.76",2,4,"c3:2,c4:2","c3:1.9852,c4:1.8552",11.0,154.536984,0.583186,0.0,0.0,25.6537,1.0,1.0,15454,15454,0,esatto,390,0.0,1.0,15454,none,15454.0,15454.0,58298.0,0.265086,3,12,0.25,0.238967,0.011033,1.7571,2,5.991,1,1.504,0,5,60,1.7337,2,1,6.494,1
run5-tbt-2s/continentale,continentale,2,32,m1,1PsQyHWKH4xk2wTCB5JLwBYXPAAA9wdtm1u1pA,85.56,47.33,"c1:17.50,c2:77.16",2,6,"c1:4,c2:2","c1:0.7000,c2:1.5432",11.0,363.048192,1.370058,0.0,-0.0,100.7704,1.0,1.0,36305,36305,0,esatto,390,0.0,1.0,36305,none,36305.0,36305.0,58298.0,0.622749,9,12,0.75,0.635677,0.114323,1.7571,2,5.991,1,1.504,0,5,60,1.7337,2,1,6.494,1
run5-tbt-2s/continentale,continentale,2,33,m3,17T8kJfSiCizDdpFGYkHLao39XoWdGo3yaEjhJ,24.17,70.53,c5:70.53,1,1,c5:1,c5:0.7053,11.0,41.217101,0.15106,0.0,0.0,7.5296,1.0,1.0,4122,4122,0,esatto,403,0.0,1.0,4122,none,4122.0,4122.0,60028.0,0.068668,0,12,0.0,0.10782,-0.10782,6.1736,2,5.991,0,1.294,0,5,60,1.8593,2,1,6.606,1
run5-tbt-2s/continentale,continentale,2,33,m2,18GGauDrTeEJnuo5WxTDKBoNSryjXMhQvGRPjC,26.46,96.01,"c3:99.26,c4:92.76",2,3,"c3:2,c4:1","c3:1.9852,c4:0.9276",11.0,129.992688,0.476421,0.0,-0.0,70.407,1.0,1.0,12999,12999,0,esatto,403,0.0,1.0,12999,none,12999.0,12999.0,60028.0,0.216549,0,12,0.0,0.231883,-0.231883,6.1736,2,5.991,0,1.294,0,5,60,1.8593,2,1,6.606,1
run5-tbt-2s/continentale,continentale,2,33,m1,1PsQyHWKH4xk2wTCB5JLwBYXPAAA9wdtm1u1pA,85.56,47.33,"c1:17.50,c2:77.16",2,7,"c1:4,c2:3","c1:0.7000,c2:2.3148",11.0,429.066288,1.572519,-0.0,0.0,100.6748,1.0,1.0,42907,42907,0,esatto,403,0.0,1.0,42907,none,42907.0,42907.0,60028.0,0.714783,12,12,1.0,0.660297,0.339703,6.1736,2,5.991,0,1.294,0,5,60,1.8593,2,1,6.606,1
run5-tbt-2s/continentale,continentale,2,34,m3,17T8kJfSiCizDdpFGYkHLao39XoWdGo3yaEjhJ,24.17,70.53,c5:70.53,2,1,c5:1,c5:0.7053,9.0,65.387101,0.217259,0.0,0.0,6.0146,1.0,1.0,6539,6539,0,esatto,415,0.0,1.0,6539,none,6539.0,6539.0,54174.0,0.120704,0,12,0.0,0.097666,-0.097666,1.5188,2,5.991,1,1.172,0,5,60,3.6852,2,1,6.355,1
run5-tbt-2s/continentale,continentale,2,34,m2,18GGauDrTeEJnuo5WxTDKBoNSryjXMhQvGRPjC,26.46,96.01,"c3:99.26,c4:92.76",2,3,"c3:1,c4:2","c3:0.9926,c4:1.8552",9.0,128.272788,0.426207,-0.0,-0.0,28.0723,1.0,1.0,12827,12827,0,esatto,415,0.0,1.0,12827,none,12827.0,12827.0,54174.0,0.236774,4,12,0.333333,0.248907,0.084426,1.5188,2,5.991,1,1.172,0,5,60,3.6852,2,1,6.355,1
run5-tbt-2s/continentale,continentale,2,34,m1,1PsQyHWKH4xk2wTCB5JLwBYXPAAA9wdtm1u1pA,85.56,47.33,"c1:17.50,c2:77.16",2,5,"c1:3,c2:2","c1:0.5250,c2:1.5432",9.0,348.075192,1.156535,0.0,-0.0,100.7947,1.0,1.0,34808,34808,0,esatto,415,0.0,1.0,34808,none,34808.0,34808.0,54174.0,0.642522,8,12,0.666667,0.653427,0.01324,1.5188,2,5.991,1,1.172,0,5,60,3.6852,2,1,6.355,1
run5-tbt-2s/continentale,continentale,2,35,m3,17T8kJfSiCizDdpFGYkHLao39XoWdGo3yaEjhJ,24.17,70.53,c5:70.53,2,2,c5:2,c5:1.4106,12.0,82.434202,0.308409,0.0,0.0,4.7874,1.0,1.0,8243,8243,0,esatto,426,0.0,1.0,8243,none,8243.0,8243.0,64149.0,0.128498,3,12,0.25,0.086013,0.163987,4.1243,2,5.991,1,1.032,0,5,60,1.0848,2,1,6.115,1
run5-tbt-2s/continentale,continentale,2,35,m2,18GGauDrTeEJnuo5WxTDKBoNSryjXMhQvGRPjC,26.46,96.01,"c3:99.26,c4:92.76",2,3,"c3:2,c4:1","c3:1.9852,c4:0.9276",12.0,129.992688,0.486338,-0.0,0.0,11.4165,1.0,1.0,12999,12999,0,esatto,426,0.0,1.0,12999,none,12999.0,12999.0,64149.0,0.202638,2,12,0.166667,0.223291,-0.056624,4.1243,2,5.991,1,1.032,0,5,60,1.0848,2,1,6.115,1
run5-tbt-2s/continentale,continentale,2,35,m1,1PsQyHWKH4xk2wTCB5JLwBYXPAAA9wdtm1u1pA,85.56,47.33,"c1:17.50,c2:77.16",2,7,"c1:4,c2:3","c1:0.7000,c2:2.3148",12.0,429.066288,1.605253,-0.0,-0.0,100.5921,1.0,1.0,42907,42907,0,esatto,426,0.0,1.0,42907,none,42907.0,42907.0,64149.0,0.668865,7,12,0.583333,0.690696,-0.107363,4.1243,2,5.991,1,1.032,0,5,60,1.0848,2,1,6.115,1
run5-tbt-2s/continentale,continentale,2,36,m3,17T8kJfSiCizDdpFGYkHLao39XoWdGo3yaEjhJ,24.17,70.53,c5:70.53,2,1,c5:1,c5:0.7053,12.0,65.387101,0.241805,0.0,0.0,3.8333,1.0,1.0,6539,6539,0,esatto,438,0.0,1.0,6539,none,6539.0,6539.0,64900.0,0.100755,3,12,0.25,0.123951,0.126049,3.2299,2,5.991,1,1.487,0,5,60,0.1618,2,1,6.49,1
run5-tbt-2s/continentale,continentale,2,36,m2,18GGauDrTeEJnuo5WxTDKBoNSryjXMhQvGRPjC,26.46,96.01,"c3:99.26,c4:92.76",2,4,"c3:2,c4:2","c3:1.9852,c4:1.8552",12.0,154.536984,0.571486,0.0,0.0,64.3873,1.0,1.0,15454,15454,0,esatto,438,0.0,1.0,15454,none,15454.0,15454.0,64900.0,0.23812,4,12,0.333333,0.222551,0.110782,3.2299,2,5.991,1,1.487,0,5,60,0.1618,2,1,6.49,1
run5-tbt-2s/continentale,continentale,2,36,m1,1PsQyHWKH4xk2wTCB5JLwBYXPAAA9wdtm1u1pA,85.56,47.33,"c1:17.50,c2:77.16",2,7,"c1:4,c2:3","c1:0.7000,c2:2.3148",12.0,429.066288,1.586709,-0.0,-0.0,100.8084,1.0,1.0,,42907,,non pubblicato in questa epoca,,0.0,1.0,,none,,,64900.0,0.661125,5,12,0.416667,0.653498,-0.236831,3.2299,2,5.991,1,1.487,0,5,60,0.1618,2,1,6.49,1
run5-tbt-2s/continentale,continentale,2,37,m3,17T8kJfSiCizDdpFGYkHLao39XoWdGo3yaEjhJ,24.17,70.53,c5:70.53,2,1,c5:1,c5:0.7053,10.0,65.387101,0.276555,0.0,0.0,23.1378,1.0,1.0,,6539,,non pubblicato in questa epoca,,0.0,1.0,,none,,,47287.0,0.138283,0,12,0.0,0.116938,-0.116938,6.0278,2,5.991,0,1.403,0,5,60,1.4614,2,1,6.389,1
run5-tbt-2s/continentale,continentale,2,37,m2,18GGauDrTeEJnuo5WxTDKBoNSryjXMhQvGRPjC,26.46,96.01,"c3:99.26,c4:92.76",2,3,"c3:2,c4:1","c3:1.9852,c4:0.9276",10.0,129.992688,0.549805,0.0,0.0,26.0437,1.0,1.0,12999,12999,0,esatto,451,0.0,1.0,12999,none,12999.0,12999.0,47287.0,0.274896,0,12,0.0,0.217422,-0.217422,6.0278,2,5.991,0,1.403,0,5,60,1.4614,2,1,6.389,1
run5-tbt-2s/continentale,continentale,2,37,m1,1PsQyHWKH4xk2wTCB5JLwBYXPAAA9wdtm1u1pA,85.56,47.33,"c1:17.50,c2:77.16",1,6,"c1:4,c2:2","c1:0.7000,c2:1.5432",10.0,277.488192,1.173639,-0.0,-0.0,99.9692,1.0,1.0,27749,27749,0,esatto,450,0.0,1.0,27749,none,27749.0,27749.0,47287.0,0.586821,12,12,1.0,0.66564,0.33436,6.0278,2,5.991,0,1.403,0,5,60,1.4614,2,1,6.389,1
run5-tbt-2s/continentale,continentale,2,38,m3,17T8kJfSiCizDdpFGYkHLao39XoWdGo3yaEjhJ,24.17,70.53,c5:70.53,1,2,c5:2,c5:1.4106,13.0,58.264202,0.23601,0.0,0.0,18.4801,1.0,1.0,5826,5826,0,esatto,462,0.0,1.0,5826,none,5826.0,5826.0,64187.0,0.090766,0,12,0.0,0.115823,-0.115823,7.1158,2,5.991,0,1.39,0,5,60,1.705,2,1,6.485,1
run5-tbt-2s/continentale,continentale,2,38,m2,18GGauDrTeEJnuo5WxTDKBoNSryjXMhQvGRPjC,26.46,96.01,"c3:99.26,c4:92.76",2,4,"c3:2,c4:2","c3:1.9852,c4:1.8552",13.0,154.536984,0.62598,0.0,0.0,70.3268,1.0,1.0,15454,15454,0,esatto,462,0.0,1.0,15454,none,15454.0,15454.0,64187.0,0.240765,0,12,0.0,0.256426,-0.256426,7.1158,2,5.991,0,1.39,0,5,60,1.705,2,1,6.485,1
run5-tbt-2s/continentale,continentale,2,38,m1,1PsQyHWKH4xk2wTCB5JLwBYXPAAA9wdtm1u1pA,85.56,47.33,"c1:17.50,c2:77.16",2,7,"c1:4,c2:3","c1:0.7000,c2:2.3148",13.0,429.066288,1.73801,-0.0,0.0,101.1151,1.0,1.0,42907,42907,0,esatto,462,0.0,1.0,42907,none,42907.0,42907.0,64187.0,0.668469,12,12,1.0,0.627751,0.372249,7.1158,2,5.991,0,1.39,0,5,60,1.705,2,1,6.485,1
run5-tbt-2s/continentale,continentale,2,39,m3,17T8kJfSiCizDdpFGYkHLao39XoWdGo3yaEjhJ,24.17,70.53,c5:70.53,2,1,c5:1,c5:0.7053,14.0,65.387101,0.265251,0.0,0.0,14.7974,1.0,1.0,6539,6539,0,esatto,474,0.0,1.0,6539,none,6539.0,6539.0,69023.0,0.094737,2,12,0.166667,0.118484,0.048183,0.6825,2,5.991,1,1.422,0,5,60,3.5343,2,1,6.735,1
run5-tbt-2s/continentale,continentale,2,39,m2,18GGauDrTeEJnuo5WxTDKBoNSryjXMhQvGRPjC,26.46,96.01,"c3:99.26,c4:92.76",2,5,"c3:3,c4:2","c3:2.9778,c4:1.8552",14.0,180.80118,0.733444,0.0,0.0,28.0049,1.0,1.0,18080,18080,0,esatto,474,0.0,1.0,18080,none,18080.0,18080.0,69023.0,0.261942,2,12,0.166667,0.260675,-0.094008,0.6825,2,5.991,1,1.422,0,5,60,3.5343,2,1,6.735,1
run5-tbt-2s/continentale,continentale,2,39,m1,1PsQyHWKH4xk2wTCB5JLwBYXPAAA9wdtm1u1pA,85.56,47.33,"c1:17.50,c2:77.16",2,8,"c1:5,c2:3","c1:0.8750,c2:2.3148",14.0,444.039288,1.801304,0.0,0.0,100.9257,1.0,1.0,44404,44404,0,esatto,474,0.0,1.0,44404,none,44404.0,44404.0,69023.0,0.643322,8,12,0.666667,0.620841,0.045826,0.6825,2,5.991,1,1.422,0,5,60,3.5343,2,1,6.735,1
run5-tbt-2s/continentale,continentale,2,40,m3,17T8kJfSiCizDdpFGYkHLao39XoWdGo3yaEjhJ,24.17,70.53,c5:70.53,2,1,c5:1,c5:0.7053,8.0,65.387101,0.202284,0.0,0.0,11.8071,1.0,1.0,,6539,,non pubblicato in questa epoca,,0.0,1.0,,none,,,51720.0,0.126431,0,12,0.0,0.09242,-0.09242,6.2373,2,5.991,0,1.109,0,5,60,8.184,2,0,6.811,1
run5-tbt-2s/continentale,continentale,2,40,m2,18GGauDrTeEJnuo5WxTDKBoNSryjXMhQvGRPjC,26.46,96.01,"c3:99.26,c4:92.76",2,2,"c3:1,c4:1","c3:0.9926,c4:0.9276",8.0,103.728492,0.320898,0.0,-0.0,11.4641,1.0,1.0,10373,10373,0,esatto,486,0.0,1.0,10373,none,10373.0,10373.0,51720.0,0.200561,0,12,0.0,0.249589,-0.249589,6.2373,2,5.991,0,1.109,0,5,60,8.184,2,0,6.811,1
run5-tbt-2s/continentale,continentale,2,40,m1,1PsQyHWKH4xk2wTCB5JLwBYXPAAA9wdtm1u1pA,85.56,47.33,"c1:17.50,c2:77.16",2,5,"c1:3,c2:2","c1:0.5250,c2:1.5432",8.0,348.075192,1.076818,0.0,-0.0,100.3516,1.0,1.0,34808,34808,0,esatto,486,0.0,1.0,34808,none,34808.0,34808.0,51720.0,0.673009,12,12,1.0,0.657991,0.342009,6.2373,2,5.991,0,1.109,0,5,60,8.184,2,0,6.811,1
run5-tbt-2s/continentale,continentale,2,41,m3,17T8kJfSiCizDdpFGYkHLao39XoWdGo3yaEjhJ,24.17,70.53,c5:70.53,1,2,c5:2,c5:1.4106,15.0,58.264202,0.25588,0.0,0.0,9.4155,1.0,1.0,5826,5826,0,esatto,498,0.0,1.0,5826,none,5826.0,5826.0,68310.0,0.085288,0,12,0.0,0.107942,-0.107942,2.1195,2,5.991,1,1.295,0,5,60,16.9776,2,0,6.619,1
run5-tbt-2s/continentale,continentale,2,41,m2,18GGauDrTeEJnuo5WxTDKBoNSryjXMhQvGRPjC,26.46,96.01,"c3:99.26,c4:92.76",2,5,"c3:3,c4:2","c3:2.9778,c4:1.8552",15.0,180.80118,0.794027,-0.0,-0.0,64.442,1.0,1.0,18080,18080,0,esatto,498,0.0,1.0,18080,none,18080.0,18080.0,68310.0,0.264676,2,12,0.166667,0.236366,-0.069699,2.1195,2,5.991,1,1.295,0,5,60,16.9776,2,0,6.619,1
run5-tbt-2s/continentale,continentale,2,41,m1,1PsQyHWKH4xk2wTCB5JLwBYXPAAA9wdtm1u1pA,85.56,47.33,"c1:17.50,c2:77.16",2,8,"c1:5,c2:3","c1:0.8750,c2:2.3148",15.0,444.039288,1.950093,-0.0,0.0,100.9,1.0,1.0,44404,44404,0,esatto,498,0.0,1.0,44404,none,44404.0,44404.0,68310.0,0.650037,10,12,0.833333,0.655691,0.177642,2.1195,2,5.991,1,1.295,0,5,60,16.9776,2,0,6.619,1
run5-tbt-2s/continentale,continentale,2,42,m3,17T8kJfSiCizDdpFGYkHLao39XoWdGo3yaEjhJ,24.17,70.53,c5:70.53,2,1,c5:1,c5:0.7053,12.0,65.387101,0.241805,0.0,0.0,7.5234,1.0,1.0,6539,6539,0,esatto,511,0.0,1.0,6539,none,6539.0,6539.0,64900.0,0.100755,0,12,0.0,0.109288,-0.109288,5.7218,2,5.991,1,1.311,0,5,60,6.9078,2,0,6.527,1
run5-tbt-2s/continentale,continentale,2,42,m2,18GGauDrTeEJnuo5WxTDKBoNSryjXMhQvGRPjC,26.46,96.01,"c3:99.26,c4:92.76",2,4,"c3:2,c4:2","c3:1.9852,c4:1.8552",12.0,154.536984,0.571486,-0.0,-0.0,25.8386,1.0,1.0,15454,15454,0,esatto,511,0.0,1.0,15454,none,15454.0,15454.0,64900.0,0.23812,6,12,0.5,0.227275,0.272725,5.7218,2,5.991,1,1.311,0,5,60,6.9078,2,0,6.527,1
run5-tbt-2s/continentale,continentale,2,42,m1,1PsQyHWKH4xk2wTCB5JLwBYXPAAA9wdtm1u1pA,85.56,47.33,"c1:17.50,c2:77.16",2,7,"c1:4,c2:3","c1:0.7000,c2:2.3148",12.0,429.066288,1.586709,0.0,0.0,101.0976,1.0,1.0,42907,42907,0,esatto,511,0.0,1.0,42907,none,42907.0,42907.0,64900.0,0.661125,6,12,0.5,0.663437,-0.163437,5.7218,2,5.991,1,1.311,0,5,60,6.9078,2,0,6.527,1
run5-tbt-2s/continentale,continentale,2,43,m3,17T8kJfSiCizDdpFGYkHLao39XoWdGo3yaEjhJ,24.17,70.53,c5:70.53,2,1,c5:1,c5:0.7053,11.0,65.387101,0.230367,0.0,0.0,5.9885,1.0,1.0,,6539,,non pubblicato in questa epoca,,0.0,1.0,,none,,,62445.0,0.104716,0,12,0.0,0.090443,-0.090443,3.75,2,5.991,1,1.085,0,5,60,5.454,2,1,6.223,1
run5-tbt-2s/continentale,continentale,2,43,m2,18GGauDrTeEJnuo5WxTDKBoNSryjXMhQvGRPjC,26.46,96.01,"c3:99.26,c4:92.76",2,3,"c3:2,c4:1","c3:1.9852,c4:0.9276",11.0,129.992688,0.45798,-0.0,0.0,70.7753,1.0,1.0,12999,12999,0,esatto,522,0.0,1.0,12999,none,12999.0,12999.0,62445.0,0.208167,1,12,0.083333,0.255824,-0.172491,3.75,2,5.991,1,1.085,0,5,60,5.454,2,1,6.223,1
run5-tbt-2s/continentale,continentale,2,43,m1,1PsQyHWKH4xk2wTCB5JLwBYXPAAA9wdtm1u1pA,85.56,47.33,"c1:17.50,c2:77.16",2,7,"c1:4,c2:3","c1:0.7000,c2:2.3148",11.0,429.066288,1.511653,0.0,0.0,100.2061,1.0,1.0,,42907,,non pubblicato in questa epoca,,0.0,1.0,,none,,,62445.0,0.687117,11,12,0.916667,0.653733,0.262934,3.75,2,5.991,1,1.085,0,5,60,5.454,2,1,6.223,1
run5-tbt-2s/continentale,continentale,2,44,m3,17T8kJfSiCizDdpFGYkHLao39XoWdGo3yaEjhJ,24.17,70.53,c5:70.53,1,2,c5:2,c5:1.4106,13.0,58.264202,0.272308,0.0,0.0,4.7665,1.0,1.0,5826,5826,0,esatto,534,0.0,1.0,5826,none,5826.0,5826.0,55631.0,0.104726,0,12,0.0,0.102405,-0.102405,19.0311,2,5.991,0,1.229,0,5,60,7.1075,2,0,6.03,1
run5-tbt-2s/continentale,continentale,2,44,m2,18GGauDrTeEJnuo5WxTDKBoNSryjXMhQvGRPjC,26.46,96.01,"c3:99.26,c4:92.76",2,4,"c3:2,c4:2","c3:1.9852,c4:1.8552",13.0,154.536984,0.722256,0.0,0.0,28.0645,1.0,1.0,15454,15454,0,esatto,534,0.0,1.0,15454,none,15454.0,15454.0,55631.0,0.277795,9,12,0.75,0.22564,0.52436,19.0311,2,5.991,0,1.229,0,5,60,7.1075,2,0,6.03,1
run5-tbt-2s/continentale,continentale,2,44,m1,1PsQyHWKH4xk2wTCB5JLwBYXPAAA9wdtm1u1pA,85.56,47.33,"c1:17.50,c2:77.16",1,7,"c1:4,c2:3","c1:0.7000,c2:2.3148",13.0,343.506288,1.605437,0.0,0.0,100.8976,1.0,1.0,34351,34351,0,esatto,534,0.0,1.0,34351,none,34351.0,34351.0,55631.0,0.617479,3,12,0.25,0.671955,-0.421955,19.0311,2,5.991,0,1.229,0,5,60,7.1075,2,0,6.03,1
run5-tbt-2s/continentale,continentale,2,45,m3,17T8kJfSiCizDdpFGYkHLao39XoWdGo3yaEjhJ,24.17,70.53,c5:70.53,2,1,c5:1,c5:0.7053,11.0,65.387101,0.246756,0.0,0.0,3.8155,1.0,1.0,6539,6539,0,esatto,547,0.0,1.0,6539,none,6539.0,6539.0,58298.0,0.112165,3,12,0.25,0.10472,0.14528,2.8827,2,5.991,1,1.257,0,5,60,5.2392,2,1,6.178,1
run5-tbt-2s/continentale,continentale,2,45,m2,18GGauDrTeEJnuo5WxTDKBoNSryjXMhQvGRPjC,26.46,96.01,"c3:99.26,c4:92.76",2,4,"c3:2,c4:2","c3:1.9852,c4:1.8552",11.0,154.536984,0.583186,0.0,0.0,11.722,1.0,1.0,,15454,,non pubblicato in questa epoca,,0.0,1.0,,none,,,58298.0,0.265086,3,12,0.25,0.237179,0.012821,2.8827,2,5.991,1,1.257,0,5,60,5.2392,2,1,6.178,1
run5-tbt-2s/continentale,continentale,2,45,m1,1PsQyHWKH4xk2wTCB5JLwBYXPAAA9wdtm1u1pA,85.56,47.33,"c1:17.50,c2:77.16",2,6,"c1:4,c2:2","c1:0.7000,c2:1.5432",11.0,363.048192,1.370058,0.0,-0.0,100.0363,1.0,1.0,36305,36305,0,esatto,547,0.0,1.0,36305,none,36305.0,36305.0,58298.0,0.622749,6,12,0.5,0.658101,-0.158101,2.8827,2,5.991,1,1.257,0,5,60,5.2392,2,1,6.178,1
run5-tbt-2s/continentale,continentale,2,46,m3,17T8kJfSiCizDdpFGYkHLao39XoWdGo3yaEjhJ,24.17,70.53,c5:70.53,2,1,c5:1,c5:0.7053,11.0,65.387101,0.24056,0.0,0.0,23.0536,1.0,1.0,,6539,,non pubblicato in questa epoca,,0.0,1.0,,none,,,59799.0,0.10935,1,12,0.083333,0.107206,-0.023873,0.1317,2,5.991,1,1.286,0,5,60,5.1597,2,1,6.169,1
run5-tbt-2s/continentale,continentale,2,46,m2,18GGauDrTeEJnuo5WxTDKBoNSryjXMhQvGRPjC,26.46,96.01,"c3:99.26,c4:92.76",1,3,"c3:2,c4:1","c3:1.9852,c4:0.9276",11.0,103.532688,0.380898,0.0,0.0,64.6073,1.0,1.0,10353,10353,0,esatto,558,0.0,1.0,10353,none,10353.0,10353.0,59799.0,0.17313,3,12,0.25,0.273559,-0.023559,0.1317,2,5.991,1,1.286,0,5,60,5.1597,2,1,6.169,1
run5-tbt-2s/continentale,continentale,2,46,m1,1PsQyHWKH4xk2wTCB5JLwBYXPAAA9wdtm1u1pA,85.56,47.33,"c1:17.50,c2:77.16",2,7,"c1:4,c2:3","c1:0.7000,c2:2.3148",11.0,429.066288,1.578541,-0.0,0.0,100.8929,1.0,1.0,42907,42907,0,esatto,558,0.0,1.0,42907,none,42907.0,42907.0,59799.0,0.71752,8,12,0.666667,0.619236,0.047431,0.1317,2,5.991,1,1.286,0,5,60,5.1597,2,1,6.169,1
run5-tbt-2s/continentale,continentale,2,47,m3,17T8kJfSiCizDdpFGYkHLao39XoWdGo3yaEjhJ,24.17,70.53,c5:70.53,1,1,c5:1,c5:0.7053,11.0,41.217101,0.162271,0.0,0.0,18.4127,1.0,1.0,4122,4122,0,esatto,570,0.0,1.0,4122,none,4122.0,4122.0,55881.0,0.073764,2,12,0.166667,0.110992,0.055675,3.5868,2,5.991,1,1.332,0,5,60,0.1703,2,1,6.189,1
run5-tbt-2s/continentale,continentale,2,47,m2,18GGauDrTeEJnuo5WxTDKBoNSryjXMhQvGRPjC,26.46,96.01,"c3:99.26,c4:92.76",2,4,"c3:2,c4:2","c3:1.9852,c4:1.8552",11.0,154.536984,0.608411,0.0,0.0,25.9856,1.0,1.0,15454,15454,0,esatto,570,0.0,1.0,15454,none,15454.0,15454.0,55881.0,0.276552,0,12,0.0,0.226771,-0.226771,3.5868,2,5.991,1,1.332,0,5,60,0.1703,2,1,6.189,1
run5-tbt-2s/continentale,continentale,2,47,m1,1PsQyHWKH4xk2wTCB5JLwBYXPAAA9wdtm1u1pA,85.56,47.33,"c1:17.50,c2:77.16",2,6,"c1:4,c2:2","c1:0.7000,c2:1.5432",11.0,363.048192,1.429318,0.0,0.0,100.4836,1.0,1.0,36305,36305,0,esatto,570,0.0,1.0,36305,none,36305.0,36305.0,55881.0,0.649684,10,12,0.833333,0.662237,0.171096,3.5868,2,5.991,1,1.332,0,5,60,0.1703,2,1,6.189,1
run5-tbt-2s/continentale,continentale,2,48,m3,17T8kJfSiCizDdpFGYkHLao39XoWdGo3yaEjhJ,24.17,70.53,c5:70.53,2,1,c5:1,c5:0.7053,9.0,65.387101,0.201809,0.0,0.0,14.7747,1.0,1.0,6539,6539,0,esatto,582,0.0,1.0,6539,none,6539.0,6539.0,58321.0,0.112121,0,12,0.0,0.094522,-0.094522,5.4101,2,5.991,1,1.134,0,5,60,0.0692,2,1,6.238,1
run5-tbt-2s/continentale,continentale,2,48,m2,18GGauDrTeEJnuo5WxTDKBoNSryjXMhQvGRPjC,26.46,96.01,"c3:99.26,c4:92.76",2,2,"c3:1,c4:1","c3:0.9926,c4:0.9276",9.0,103.728492,0.320145,0.0,0.0,70.3039,1.0,1.0,10373,10373,0,esatto,582,0.0,1.0,10373,none,10373.0,10373.0,58321.0,0.17786,0,12,0.0,0.216222,-0.216222,5.4101,2,5.991,1,1.134,0,5,60,0.0692,2,1,6.238,1
run5-tbt-2s/continentale,continentale,2,48,m1,1PsQyHWKH4xk2wTCB5JLwBYXPAAA9wdtm1u1pA,85.56,47.33,"c1:17.50,c2:77.16",2,6,"c1:3,c2:3","c1:0.5250,c2:2.3148",9.0,414.093288,1.278046,0.0,-0.0,100.6804,1.0,1.0,41409,41409,0,esatto,582,0.0,1.0,41409,none,41409.0,41409.0,58321.0,0.710019,12,12,1.0,0.689255,0.310745,5.4101,2,5.991,1,1.134,0,5,60,0.0692,2,1,6.238,1
run5-tbt-2s/continentale,continentale,2,49,m3,17T8kJfSiCizDdpFGYkHLao39XoWdGo3yaEjhJ,24.17,70.53,c5:70.53,2,2,c5:2,c5:1.4106,15.0,82.434202,0.349656,0.0,0.0,11.7777,1.0,1.0,8243,8243,0,esatto,595,0.0,1.0,8243,none,8243.0,8243.0,70727.0,0.116547,0,12,0.0,0.089746,-0.089746,5.1882,2,5.991,1,1.077,0,5,60,0.5023,2,1,6.086,1
run5-tbt-2s/continentale,continentale,2,49,m2,18GGauDrTeEJnuo5WxTDKBoNSryjXMhQvGRPjC,26.46,96.01,"c3:99.26,c4:92.76",2,5,"c3:3,c4:2","c3:2.9778,c4:1.8552",15.0,180.80118,0.766892,0.0,0.0,28.0309,1.0,1.0,18080,18080,0,esatto,595,0.0,1.0,18080,none,18080.0,18080.0,70727.0,0.255631,6,12,0.5,0.235431,0.264569,5.1882,2,5.991,1,1.077,0,5,60,0.5023,2,1,6.086,1
run5-tbt-2s/continentale,continentale,2,49,m1,1PsQyHWKH4xk2wTCB5JLwBYXPAAA9wdtm1u1pA,85.56,47.33,"c1:17.50,c2:77.16",2,8,"c1:5,c2:3","c1:0.8750,c2:2.3148",15.0,444.039288,1.883452,-0.0,0.0,101.0051,1.0,1.0,44404,44404,0,esatto,594,0.0,1.0,44404,none,44404.0,44404.0,70727.0,0.627822,6,12,0.5,0.674824,-0.174824,5.1882,2,5.991,1,1.077,0,5,60,0.5023,2,1,6.086,1
run5-tbt-2s/continentale,continentale,2,50,m3,17T8kJfSiCizDdpFGYkHLao39XoWdGo3yaEjhJ,24.17,70.53,c5:70.53,2,1,c5:1,c5:0.7053,10.0,65.387101,0.234183,0.0,0.0,9.392,1.0,1.0,6539,6539,0,esatto,606,0.0,1.0,6539,none,6539.0,6539.0,55843.0,0.117096,0,12,0.0,0.11314,-0.11314,3.1564,2,5.991,1,1.358,0,5,60,3.9604,2,1,6.187,1
run5-tbt-2s/continentale,continentale,2,50,m2,18GGauDrTeEJnuo5WxTDKBoNSryjXMhQvGRPjC,26.46,96.01,"c3:99.26,c4:92.76",2,3,"c3:2,c4:1","c3:1.9852,c4:0.9276",10.0,129.992688,0.465567,0.0,-0.0,11.737,1.0,1.0,12999,12999,0,esatto,606,0.0,1.0,12999,none,12999.0,12999.0,55843.0,0.232778,1,12,0.083333,0.20306,-0.119727,3.1564,2,5.991,1,1.358,0,5,60,3.9604,2,1,6.187,1
run5-tbt-2s/continentale,continentale,2,50,m1,1PsQyHWKH4xk2wTCB5JLwBYXPAAA9wdtm1u1pA,85.56,47.33,"c1:17.50,c2:77.16",2,6,"c1:4,c2:2","c1:0.7000,c2:1.5432",10.0,363.048192,1.300251,0.0,0.0,100.0446,1.0,1.0,36305,36305,0,esatto,606,0.0,1.0,36305,none,36305.0,36305.0,55843.0,0.650126,11,12,0.916667,0.6838,0.232867,3.1564,2,5.991,1,1.358,0,5,60,3.9604,2,1,6.187,1
run5-tbt-2s/continentale,continentale,2,51,m3,17T8kJfSiCizDdpFGYkHLao39XoWdGo3yaEjhJ,24.17,70.53,c5:70.53,2,1,c5:1,c5:0.7053,12.0,65.387101,0.241805,0.0,0.0,7.4835,1.0,1.0,,6539,,non pubblicato in questa epoca,,0.0,1.0,,none,,,64900.0,0.100755,0,12,0.0,0.116776,-0.116776,4.8985,2,5.991,1,1.401,0,5,60,3.5392,2,1,6.302,1
run5-tbt-2s/continentale,continentale,2,51,m2,18GGauDrTeEJnuo5WxTDKBoNSryjXMhQvGRPjC,26.46,96.01,"c3:99.26,c4:92.76",2,4,"c3:2,c4:2","c3:1.9852,c4:1.8552",12.0,154.536984,0.571486,-0.0,-0.0,64.5475,1.0,1.0,15454,15454,0,esatto,619,0.0,1.0,15454,none,15454.0,15454.0,64900.0,0.23812,6,12,0.5,0.246109,0.253891,4.8985,2,5.991,1,1.401,0,5,60,3.5392,2,1,6.302,1
run5-tbt-2s/continentale,continentale,2,51,m1,1PsQyHWKH4xk2wTCB5JLwBYXPAAA9wdtm1u1pA,85.56,47.33,"c1:17.50,c2:77.16",2,7,"c1:4,c2:3","c1:0.7000,c2:2.3148",12.0,429.066288,1.586709,0.0,0.0,101.1569,1.0,1.0,42907,42907,0,esatto,618,0.0,1.0,42907,none,42907.0,42907.0,64900.0,0.661125,6,12,0.5,0.637116,-0.137116,4.8985,2,5.991,1,1.401,0,5,60,3.5392,2,1,6.302,1
run5-tbt-2s/continentale,continentale,2,52,m3,17T8kJfSiCizDdpFGYkHLao39XoWdGo3yaEjhJ,24.17,70.53,c5:70.53,1,2,c5:2,c5:1.4106,13.0,58.264202,0.23601,0.0,0.0,5.9625,1.0,1.0,5826,5826,0,esatto,630,0.0,1.0,5826,none,5826.0,5826.0,64187.0,0.090766,4,12,0.333333,0.110617,0.222716,8.1728,2,5.991,0,1.327,0,5,60,1.0741,2,1,6.298,1
run5-tbt-2s/continentale,continentale,2,52,m2,18GGauDrTeEJnuo5WxTDKBoNSryjXMhQvGRPjC,26.46,96.01,"c3:99.26,c4:92.76",2,4,"c3:2,c4:2","c3:1.9852,c4:1.8552",13.0,154.536984,0.62598,-0.0,-0.0,25.8962,1.0,1.0,,15454,,non pubblicato in questa epoca,,0.0,1.0,,none,,,64187.0,0.240765,0,12,0.0,0.232508,-0.232508,8.1728,2,5.991,0,1.327,0,5,60,1.0741,2,1,6.298,1
run5-tbt-2s/continentale,continentale,2,52,m1,1PsQyHWKH4xk2wTCB5JLwBYXPAAA9wdtm1u1pA,85.56,47.33,"c1:17.50,c2:77.16",2,7,"c1:4,c2:3","c1:0.7000,c2:2.3148",13.0,429.066288,1.73801,0.0,-0.0,100.5723,1.0,1.0,,42907,,non pubblicato in questa epoca,,0.0,1.0,,none,,,64187.0,0.668469,8,12,0.666667,0.656875,0.009792,8.1728,2,5.991,0,1.327,0,5,60,1.0741,2,1,6.298,1
run5-tbt-2s/continentale,continentale,2,53,m3,17T8kJfSiCizDdpFGYkHLao39XoWdGo3yaEjhJ,24.17,70.53,c5:70.53,2,1,c5:1,c5:0.7053,11.0,65.387101,0.280727,0.0,0.0,4.8623,1.0,1.0,6539,6539,0,esatto,643,0.0,1.0,6539,none,6539.0,6539.0,51243.0,0.127608,0,12,0.0,0.096593,-0.096593,3.5299,2,5.991,1,1.159,0,5,60,0.9757,2,1,6.322,1
run5-tbt-2s/continentale,continentale,2,53,m2,18GGauDrTeEJnuo5WxTDKBoNSryjXMhQvGRPjC,26.46,96.01,"c3:99.26,c4:92.76",1,3,"c3:2,c4:1","c3:1.9852,c4:0.9276",11.0,103.532688,0.444497,-0.0,0.0,70.268,1.0,1.0,10353,10353,0,esatto,642,0.0,1.0,10353,none,10353.0,10353.0,51243.0,0.202037,1,12,0.083333,0.239222,-0.155889,3.5299,2,5.991,1,1.159,0,5,60,0.9757,2,1,6.322,1
run5-tbt-2s/continentale,continentale,2,53,m1,1PsQyHWKH4xk2wTCB5JLwBYXPAAA9wdtm1u1pA,85.56,47.33,"c1:17.50,c2:77.16",1,7,"c1:4,c2:3","c1:0.7000,c2:2.3148",11.0,343.506288,1.474776,-0.0,0.0,100.5114,1.0,1.0,34351,34351,0,esatto,642,0.0,1.0,34351,none,34351.0,34351.0,51243.0,0.670355,11,12,0.916667,0.664185,0.252482,3.5299,2,5.991,1,1.159,0,5,60,0.9757,2,1,6.322,1
run5-tbt-2s/continentale,continentale,2,54,m3,17T8kJfSiCizDdpFGYkHLao39XoWdGo3yaEjhJ,24.17,70.53,c5:70.53,2,1,c5:1,c5:0.7053,11.0,65.387101,0.246756,0.0,0.0,3.8656,1.0,1.0,,6539,,non pubblicato in questa epoca,,0.0,1.0,,none,,,51243.0,0.127608,0,12,0.0,0.105091,-0.105091,5.8186,2,5.991,1,1.261,0,5,60,1.0982,2,1,6.507,1
run5-tbt-2s/continentale,continentale,2,54,m2,18GGauDrTeEJnuo5WxTDKBoNSryjXMhQvGRPjC,26.46,96.01,"c3:99.26,c4:92.76",2,4,"c3:2,c4:2","c3:1.9852,c4:1.8552",11.0,154.536984,0.583186,0.0,0.0,28.1474,1.0,1.0,,15454,,non pubblicato in questa epoca,,0.0,1.0,,none,,,51243.0,0.202037,6,12,0.5,0.224866,0.275134,5.8186,2,5.991,1,1.261,0,5,60,1.0982,2,1,6.507,1
run5-tbt-2s/continentale,continentale,2,54,m1,1PsQyHWKH4xk2wTCB5JLwBYXPAAA9wdtm1u1pA,85.56,47.33,"c1:17.50,c2:77.16",2,6,"c1:4,c2:2","c1:0.7000,c2:1.5432",11.0,363.048192,1.370058,0.0,-0.0,100.8131,1.0,1.0,,36305,,non pubblicato in questa epoca,,0.0,1.0,,none,,,51243.0,0.670355,6,12,0.5,0.670043,-0.170043,5.8186,2,5.991,1,1.261,0,5,60,1.0982,2,1,6.507,1
run5-tbt-2s/continentale,continentale,2,55,m3,17T8kJfSiCizDdpFGYkHLao39XoWdGo3yaEjhJ,24.17,70.53,c5:70.53,1,1,c5:1,c5:0.7053,11.0,41.217101,0.185717,0.0,0.0,3.0682,1.0,1.0,,4122,,non pubblicato in questa epoca,,0.0,1.0,,none,,,51243.0,0.127608,0,4,0.0,0.127608,-0.127608,0.5938,2,5.991,1,0.51,0,5,52,0.7794,2,1,5.659,1
run5-tbt-2s/continentale,continentale,2,55,m2,18GGauDrTeEJnuo5WxTDKBoNSryjXMhQvGRPjC,26.46,96.01,"c3:99.26,c4:92.76",1,3,"c3:2,c4:1","c3:1.9852,c4:0.9276",11.0,103.532688,0.466501,0.0,-0.0,11.2358,1.0,1.0,,10353,,non pubblicato in questa epoca,,0.0,1.0,,none,,,51243.0,0.202037,1,4,0.25,0.202037,0.047963,0.5938,2,5.991,1,0.51,0,5,52,0.7794,2,1,5.659,1
run5-tbt-2s/continentale,continentale,2,55,m1,1PsQyHWKH4xk2wTCB5JLwBYXPAAA9wdtm1u1pA,85.56,47.33,"c1:17.50,c2:77.16",1,7,"c1:4,c2:3","c1:0.7000,c2:2.3148",11.0,343.506288,1.547782,-0.0,0.0,5.7789,1.0,1.0,,34351,,non pubblicato in questa epoca,,0.0,1.0,,none,,,51243.0,0.670355,3,4,0.75,0.670355,0.079645,0.5938,2,5.991,1,0.51,0,5,52,0.7794,2,1,5.659,1
run5-tbt-2s/intercontinentale,intercontinentale,2,1,m1,1CMdrBmxo2wcbEWHTtRHXuKRi6pGt4zPLLdt25,0.0,,,0,0,,,0.0,0.0,0.0,0.0,0.0,0.0,0.0,,,1,,non pubblicato in questa epoca,,0.0,1.0,,none,,,,,0,0,,,,,,,,,,5,,,,,,
run5-tbt-2s/intercontinentale,intercontinentale,2,1,m3,1HCscGy3u1Tw99kZsZNhREFhcEUCrPpbkBJBPv,0.0,,,0,0,,,0.0,0.0,0.0,0.0,0.0,0.0,0.0,,,1,,non pubblicato in questa epoca,,0.0,1.0,,none,,,,,0,0,,,,,,,,,,5,,,,,,
run5-tbt-2s/intercontinentale,intercontinentale,2,1,m2,1Hfp7q7MU1cqZ39ggatAxed6qU28DdMjLTSgcH,0.0,,,0,0,,,0.0,0.0,0.0,0.0,0.0,0.0,0.0,,,1,,non pubblicato in questa epoca,,0.0,1.0,,none,,,,,0,0,,,,,,,,,,5,,,,,,
run5-tbt-2s/intercontinentale,intercontinentale,2,2,m1,1CMdrBmxo2wcbEWHTtRHXuKRi6pGt4zPLLdt25,0.0,,,0,0,,,0.0,0.0,0.0,0.0,0.0,0.0,0.0,0.0,,1,,non pubblicato in questa epoca,,0.0,1.0,,none,,,,,0,0,,,,,,,,,,5,,,,,,
run5-tbt-2s/intercontinentale,intercontinentale,2,2,m3,1HCscGy3u1Tw99kZsZNhREFhcEUCrPpbkBJBPv,0.0,,,0,0,,,0.0,0.0,0.0,0.0,0.0,0.0,0.0,0.0,,1,,non pubblicato in questa epoca,,0.0,1.0,,none,,,,,0,0,,,,,,,,,,5,,,,,,
run5-tbt-2s/intercontinentale,intercontinentale,2,2,m2,1Hfp7q7MU1cqZ39ggatAxed6qU28DdMjLTSgcH,0.0,,,0,0,,,0.0,0.0,0.0,0.0,0.0,0.0,0.0,0.0,,1,,non pubblicato in questa epoca,,0.0,1.0,,none,,,,,0,0,,,,,,,,,,5,,,,,,
run5-tbt-2s/intercontinentale,intercontinentale,2,3,m1,1CMdrBmxo2wcbEWHTtRHXuKRi6pGt4zPLLdt25,0.0,,,0,0,,,0.0,0.0,0.0,0.0,0.0,0.0,0.0,0.0,,1,,non pubblicato in questa epoca,,0.0,1.0,,none,,,,,0,0,,,,,,,,,,5,,,,,,
run5-tbt-2s/intercontinentale,intercontinentale,2,3,m3,1HCscGy3u1Tw99kZsZNhREFhcEUCrPpbkBJBPv,0.0,,,0,0,,,0.0,0.0,0.0,0.0,0.0,0.0,0.0,0.0,,1,,non pubblicato in questa epoca,,0.0,1.0,,none,,,,,0,0,,,,,,,,,,5,,,,,,
run5-tbt-2s/intercontinentale,intercontinentale,2,3,m2,1Hfp7q7MU1cqZ39ggatAxed6qU28DdMjLTSgcH,0.0,,,0,0,,,0.0,0.0,0.0,0.0,0.0,0.0,0.0,0.0,,1,,non pubblicato in questa epoca,,0.0,1.0,,none,,,,,0,0,,,,,,,,,,5,,,,,,
run5-tbt-2s/intercontinentale,intercontinentale,2,4,m1,1CMdrBmxo2wcbEWHTtRHXuKRi6pGt4zPLLdt25,0.0,,,0,0,,,0.0,0.0,0.0,0.0,0.0,0.0,0.0,0.0,,1,,non pubblicato in questa epoca,,0.0,1.0,,none,,,,,0,0,,,,,,,,,,5,,,,,,
run5-tbt-2s/intercontinentale,intercontinentale,2,4,m3,1HCscGy3u1Tw99kZsZNhREFhcEUCrPpbkBJBPv,0.0,,,0,0,,,0.0,0.0,0.0,0.0,0.0,0.0,0.0,0.0,,1,,non pubblicato in questa epoca,,0.0,1.0,,none,,,,,0,0,,,,,,,,,,5,,,,,,
run5-tbt-2s/intercontinentale,intercontinentale,2,4,m2,1Hfp7q7MU1cqZ39ggatAxed6qU28DdMjLTSgcH,0.0,,,0,0,,,0.0,0.0,0.0,0.0,0.0,0.0,0.0,0.0,,1,,non pubblicato in questa epoca,,0.0,1.0,,none,,,,,0,0,,,,,,,,,,5,,,,,,
run5-tbt-2s/intercontinentale,intercontinentale,2,5,m1,1CMdrBmxo2wcbEWHTtRHXuKRi6pGt4zPLLdt25,0.0,,,0,0,,,0.0,0.0,0.0,0.0,0.0,0.0,0.0,0.0,,1,,non pubblicato in questa epoca,,0.0,1.0,,none,,,,,0,0,,,,,,,,,,5,,,,,,
run5-tbt-2s/intercontinentale,intercontinentale,2,5,m3,1HCscGy3u1Tw99kZsZNhREFhcEUCrPpbkBJBPv,0.0,,,0,0,,,0.0,0.0,0.0,0.0,0.0,0.0,0.0,0.0,,1,,non pubblicato in questa epoca,,0.0,1.0,,none,,,,,0,0,,,,,,,,,,5,,,,,,
run5-tbt-2s/intercontinentale,intercontinentale,2,5,m2,1Hfp7q7MU1cqZ39ggatAxed6qU28DdMjLTSgcH,0.0,,,0,0,,,0.0,0.0,0.0,0.0,0.0,0.0,0.0,0.0,,1,,non pubblicato in questa epoca,,0.0,1.0,,none,,,,,0,0,,,,,,,,,,5,,,,,,
run5-tbt-2s/intercontinentale,intercontinentale,2,6,m1,1CMdrBmxo2wcbEWHTtRHXuKRi6pGt4zPLLdt25,0.0,,,0,0,,,0.0,0.0,0.0,0.0,0.0,0.0,0.0,0.0,,1,,non pubblicato in questa epoca,,0.0,1.0,,none,,,,,0,0,,,,,,,,,,5,,,,,,
run5-tbt-2s/intercontinentale,intercontinentale,2,6,m3,1HCscGy3u1Tw99kZsZNhREFhcEUCrPpbkBJBPv,0.0,,,0,0,,,0.0,0.0,0.0,0.0,0.0,0.0,0.0,0.0,,1,,non pubblicato in questa epoca,,0.0,1.0,,none,,,,,0,0,,,,,,,,,,5,,,,,,
run5-tbt-2s/intercontinentale,intercontinentale,2,6,m2,1Hfp7q7MU1cqZ39ggatAxed6qU28DdMjLTSgcH,0.0,,,0,0,,,0.0,0.0,0.0,0.0,0.0,0.0,0.0,0.0,,1,,non pubblicato in questa epoca,,0.0,1.0,,none,,,,,0,0,,,,,,,,,,5,,,,,,
run5-tbt-2s/intercontinentale,intercontinentale,2,7,m1,1CMdrBmxo2wcbEWHTtRHXuKRi6pGt4zPLLdt25,0.0,,,0,0,,,0.0,0.0,0.0,0.0,0.0,0.0,0.0,0.0,,1,,non pubblicato in questa epoca,,0.0,1.0,,none,,,,,0,0,,,,,,,,,,5,,,,,,
run5-tbt-2s/intercontinentale,intercontinentale,2,7,m3,1HCscGy3u1Tw99kZsZNhREFhcEUCrPpbkBJBPv,0.0,,,0,0,,,0.0,0.0,0.0,0.0,0.0,0.0,0.0,0.0,,1,,non pubblicato in questa epoca,,0.0,1.0,,none,,,,,0,0,,,,,,,,,,5,,,,,,
run5-tbt-2s/intercontinentale,intercontinentale,2,7,m2,1Hfp7q7MU1cqZ39ggatAxed6qU28DdMjLTSgcH,0.0,,,0,0,,,0.0,0.0,0.0,0.0,0.0,0.0,0.0,0.0,,1,,non pubblicato in questa epoca,,0.0,1.0,,none,,,,,0,0,,,,,,,,,,5,,,,,,
run5-tbt-2s/intercontinentale,intercontinentale,2,8,m1,1CMdrBmxo2wcbEWHTtRHXuKRi6pGt4zPLLdt25,0.0,,,0,0,,,0.0,0.0,0.0,0.0,0.0,0.0,0.0,0.0,,1,,non pubblicato in questa epoca,,0.0,1.0,,none,,,,,0,0,,,,,,,,,,5,,,,,,
run5-tbt-2s/intercontinentale,intercontinentale,2,8,m3,1HCscGy3u1Tw99kZsZNhREFhcEUCrPpbkBJBPv,0.0,,,0,0,,,0.0,0.0,0.0,0.0,0.0,0.0,0.0,0.0,,1,,non pubblicato in questa epoca,,0.0,1.0,,none,,,,,0,0,,,,,,,,,,5,,,,,,
run5-tbt-2s/intercontinentale,intercontinentale,2,8,m2,1Hfp7q7MU1cqZ39ggatAxed6qU28DdMjLTSgcH,0.0,,,0,0,,,0.0,0.0,0.0,0.0,0.0,0.0,0.0,0.0,,1,,non pubblicato in questa epoca,,0.0,1.0,,none,,,,,0,0,,,,,,,,,,5,,,,,,
run5-tbt-2s/intercontinentale,intercontinentale,2,9,m1,1CMdrBmxo2wcbEWHTtRHXuKRi6pGt4zPLLdt25,0.0,,,0,0,,,0.0,0.0,0.0,0.0,0.0,0.0,0.0,0.0,1,1,0,esatto,124,0.0,1.0,1,none,1.0,1.0,3.0,0.333333,0,0,,,,,,,,,,5,,,,,,
run5-tbt-2s/intercontinentale,intercontinentale,2,9,m3,1HCscGy3u1Tw99kZsZNhREFhcEUCrPpbkBJBPv,0.0,,,0,0,,,0.0,0.0,0.0,0.0,0.0,0.0,0.0,0.0,1,1,0,esatto,125,0.0,1.0,1,none,1.0,1.0,3.0,0.333333,0,0,,,,,,,,,,5,,,,,,
run5-tbt-2s/intercontinentale,intercontinentale,2,9,m2,1Hfp7q7MU1cqZ39ggatAxed6qU28DdMjLTSgcH,0.0,,,0,0,,,0.0,0.0,0.0,0.0,0.0,0.0,0.0,0.0,1,1,0,esatto,124,0.0,1.0,1,none,1.0,1.0,3.0,0.333333,0,0,,,,,,,,,,5,,,,,,
run5-tbt-2s/intercontinentale,intercontinentale,2,10,m1,1CMdrBmxo2wcbEWHTtRHXuKRi6pGt4zPLLdt25,0.0,,,0,0,,,0.0,0.0,0.0,0.0,0.0,0.0,0.0,0.0,,1,,non pubblicato in questa epoca,,0.0,1.0,,none,,,3.0,0.333333,0,0,,,,,,,,,,5,,,,,,
run5-tbt-2s/intercontinentale,intercontinentale,2,10,m3,1HCscGy3u1Tw99kZsZNhREFhcEUCrPpbkBJBPv,0.0,,,0,0,,,0.0,0.0,0.0,0.0,0.0,0.0,0.0,0.0,,1,,non pubblicato in questa epoca,,0.0,1.0,,none,,,3.0,0.333333,0,0,,,,,,,,,,5,,,,,,
run5-tbt-2s/intercontinentale,intercontinentale,2,10,m2,1Hfp7q7MU1cqZ39ggatAxed6qU28DdMjLTSgcH,0.0,,,0,0,,,0.0,0.0,0.0,0.0,0.0,0.0,0.0,0.0,,1,,non pubblicato in questa epoca,,0.0,1.0,,none,,,3.0,0.333333,0,0,,,,,,,,,,5,,,,,,
run5-tbt-2s/intercontinentale,intercontinentale,2,11,m1,1CMdrBmxo2wcbEWHTtRHXuKRi6pGt4zPLLdt25,85.56,47.33,"c1:17.50,c2:77.16",2,2,"c1:1,c2:1","c1:0.1750,c2:0.7716",5.0,252.111096,0.598516,0.0,0.598516,0.0,0.0,0.0,12606,12606,0,esatto,138,0.0,1.0,12606,none,12606.0,12606.0,21061.0,0.598547,0,0,,,,,,,,,,5,,,,,,
run5-tbt-2s/intercontinentale,intercontinentale,2,11,m3,1HCscGy3u1Tw99kZsZNhREFhcEUCrPpbkBJBPv,24.17,70.53,c5:70.53,2,1,c5:1,c5:0.7053,5.0,65.387101,0.15523,0.0,0.15523,0.0,0.0,0.0,3269,3269,0,esatto,138,0.0,1.0,3269,none,3269.0,3269.0,21061.0,0.155216,0,0,,,,,,,,,,5,,,,,,
run5-tbt-2s/intercontinentale,intercontinentale,2,11,m2,1Hfp7q7MU1cqZ39ggatAxed6qU28DdMjLTSgcH,26.46,96.01,"c3:99.26,c4:92.76",2,2,"c3:1,c4:1","c3:0.9926,c4:0.9276",5.0,103.728492,0.246253,0.0,0.246253,0.0,0.0,0.0,5186,5186,0,esatto,138,0.0,1.0,5186,none,5186.0,5186.0,21061.0,0.246237,0,0,,,,,,,,,,5,,,,,,
run5-tbt-2s/intercontinentale,intercontinentale,2,12,m1,1CMdrBmxo2wcbEWHTtRHXuKRi6pGt4zPLLdt25,85.56,47.33,"c1:17.50,c2:77.16",1,0,"c1:0,c2:0","c1:0.0000,c2:0.0000",0.0,85.56,0.0,0.598516,0.598516,0.0,0.0,0.0,4278,4278,0,esatto,150,0.0,1.0,4278,none,4278.0,4278.0,6810.0,0.628194,0,0,,,,,,,,,,5,,,,,,
run5-tbt-2s/intercontinentale,intercontinentale,2,12,m3,1HCscGy3u1Tw99kZsZNhREFhcEUCrPpbkBJBPv,24.17,70.53,c5:70.53,1,0,c5:0,c5:0.0000,0.0,24.17,0.0,0.15523,0.15523,0.0,0.0,0.0,1209,1209,0,esatto,150,0.0,1.0,1209,none,1209.0,1209.0,6810.0,0.177533,0,0,,,,,,,,,,5,,,,,,
run5-tbt-2s/intercontinentale,intercontinentale,2,12,m2,1Hfp7q7MU1cqZ39ggatAxed6qU28DdMjLTSgcH,26.46,96.01,"c3:99.26,c4:92.76",1,0,"c3:0,c4:0","c3:0.0000,c4:0.0000",0.0,26.46,0.0,0.246253,0.246253,0.0,0.0,0.0,1323,1323,0,esatto,150,0.0,1.0,1323,none,1323.0,1323.0,6810.0,0.194273,0,0,,,,,,,,,,5,,,,,,
run5-tbt-2s/intercontinentale,intercontinentale,2,13,m1,1CMdrBmxo2wcbEWHTtRHXuKRi6pGt4zPLLdt25,85.56,47.33,"c1:17.50,c2:77.16",1,0,"c1:0,c2:0","c1:0.0000,c2:0.0000",0.0,85.56,0.0,0.598516,0.598516,0.0,0.0,0.0,,4278,,non pubblicato in questa epoca,,0.0,1.0,,none,,,6810.0,0.628194,0,0,,,,,,,,,,5,,,,,,
run5-tbt-2s/intercontinentale,intercontinentale,2,13,m3,1HCscGy3u1Tw99kZsZNhREFhcEUCrPpbkBJBPv,24.17,70.53,c5:70.53,1,0,c5:0,c5:0.0000,0.0,24.17,0.0,0.15523,0.15523,0.0,0.0,0.0,,1209,,non pubblicato in questa epoca,,0.0,1.0,,none,,,6810.0,0.177533,0,0,,,,,,,,,,5,,,,,,
run5-tbt-2s/intercontinentale,intercontinentale,2,13,m2,1Hfp7q7MU1cqZ39ggatAxed6qU28DdMjLTSgcH,26.46,96.01,"c3:99.26,c4:92.76",1,0,"c3:0,c4:0","c3:0.0000,c4:0.0000",0.0,26.46,0.0,0.246253,0.246253,0.0,0.0,0.0,,1323,,non pubblicato in questa epoca,,0.0,1.0,,none,,,6810.0,0.194273,0,0,,,,,,,,,,5,,,,,,
run5-tbt-2s/intercontinentale,intercontinentale,2,14,m1,1CMdrBmxo2wcbEWHTtRHXuKRi6pGt4zPLLdt25,85.56,47.33,"c1:17.50,c2:77.16",1,4,"c1:2,c2:2","c1:0.3500,c2:1.5432",7.0,247.542192,0.946811,0.598516,0.0,45.2227,1.0,0.0,12377,12377,0,esatto,174,0.0,1.0,12377,none,12377.0,12377.0,18301.0,0.676302,0,0,,,,,,,,,,5,,,,,,
run5-tbt-2s/intercontinentale,intercontinentale,2,14,m3,1HCscGy3u1Tw99kZsZNhREFhcEUCrPpbkBJBPv,24.17,70.53,c5:70.53,1,1,c5:1,c5:0.7053,7.0,41.217101,0.157649,0.15523,0.0,9.5206,1.0,0.0,2061,2061,0,esatto,174,0.0,1.0,2061,none,2061.0,2061.0,18301.0,0.112617,0,0,,,,,,,,,,5,,,,,,
run5-tbt-2s/intercontinentale,intercontinentale,2,14,m2,1Hfp7q7MU1cqZ39ggatAxed6qU28DdMjLTSgcH,26.46,96.01,"c3:99.26,c4:92.76",1,2,"c3:1,c4:1","c3:0.9926,c4:0.9276",7.0,77.268492,0.29554,0.246253,0.0,28.607,1.0,0.0,3863,3863,0,esatto,174,0.0,1.0,3863,none,3863.0,3863.0,18301.0,0.211081,0,0,,,,,,,,,,5,,,,,,
run5-tbt-2s/intercontinentale,intercontinentale,2,15,m1,1CMdrBmxo2wcbEWHTtRHXuKRi6pGt4zPLLdt25,85.56,47.33,"c1:17.50,c2:77.16",2,5,"c1:3,c2:2","c1:0.5250,c2:1.5432",9.0,348.075192,1.152874,0.0,0.0,97.3523,1.0,1.0,34808,34808,0,esatto,187,0.0,1.0,34808,none,34808.0,34808.0,54346.0,0.640489,0,0,,,,,,,,,,5,,,,,,
run5-tbt-2s/intercontinentale,intercontinentale,2,15,m3,1HCscGy3u1Tw99kZsZNhREFhcEUCrPpbkBJBPv,24.17,70.53,c5:70.53,2,1,c5:1,c5:0.7053,9.0,65.387101,0.216571,0.0,0.0,7.6074,1.0,1.0,6539,6539,0,esatto,186,0.0,1.0,6539,none,6539.0,6539.0,54346.0,0.120322,0,0,,,,,,,,,,5,,,,,,
run5-tbt-2s/intercontinentale,intercontinentale,2,15,m2,1Hfp7q7MU1cqZ39ggatAxed6qU28DdMjLTSgcH,26.46,96.01,"c3:99.26,c4:92.76",2,3,"c3:2,c4:1","c3:1.9852,c4:0.9276",9.0,129.992688,0.430554,0.0,0.0,11.5517,1.0,1.0,12999,12999,0,esatto,187,0.0,1.0,12999,none,12999.0,12999.0,54346.0,0.23919,0,0,,,,,,,,,,5,,,,,,
run5-tbt-2s/intercontinentale,intercontinentale,2,16,m1,1CMdrBmxo2wcbEWHTtRHXuKRi6pGt4zPLLdt25,85.56,47.33,"c1:17.50,c2:77.16",2,6,"c1:4,c2:2","c1:0.7000,c2:1.5432",11.0,363.048192,1.370058,0.0,0.0,99.9974,1.0,1.0,36305,36305,0,esatto,198,0.0,1.0,36305,none,36305.0,36305.0,58298.0,0.622749,0,0,,,,,,,,,,5,,,,,,
run5-tbt-2s/intercontinentale,intercontinentale,2,16,m3,1HCscGy3u1Tw99kZsZNhREFhcEUCrPpbkBJBPv,24.17,70.53,c5:70.53,2,1,c5:1,c5:0.7053,11.0,65.387101,0.246756,0.0,0.0,6.0617,1.0,1.0,,6539,,non pubblicato in questa epoca,,0.0,1.0,,none,,,58298.0,0.112165,0,0,,,,,,,,,,5,,,,,,
run5-tbt-2s/intercontinentale,intercontinentale,2,16,m2,1Hfp7q7MU1cqZ39ggatAxed6qU28DdMjLTSgcH,26.46,96.01,"c3:99.26,c4:92.76",2,4,"c3:2,c4:2","c3:1.9852,c4:1.8552",11.0,154.536984,0.583186,0.0,0.0,64.8169,1.0,1.0,15454,15454,0,esatto,199,0.0,1.0,15454,none,15454.0,15454.0,58298.0,0.265086,0,0,,,,,,,,,,5,,,,,,
run5-tbt-2s/intercontinentale,intercontinentale,2,17,m1,1CMdrBmxo2wcbEWHTtRHXuKRi6pGt4zPLLdt25,85.56,47.33,"c1:17.50,c2:77.16",2,5,"c1:3,c2:2","c1:0.5250,c2:1.5432",8.0,348.075192,1.129608,0.0,0.0,99.8283,1.0,1.0,34808,34808,0,esatto,210,0.0,1.0,34808,none,34808.0,34808.0,49303.0,0.706002,3,3,1.0,0.622749,0.377251,1.8174,2,5.991,1,0.336,0,5,3,1.8174,2,1,0.336,0
run5-tbt-2s/intercontinentale,intercontinentale,2,17,m3,1HCscGy3u1Tw99kZsZNhREFhcEUCrPpbkBJBPv,24.17,70.53,c5:70.53,1,1,c5:1,c5:0.7053,8.0,41.217101,0.133762,0.0,0.0,4.8252,1.0,1.0,4122,4122,0,esatto,211,0.0,1.0,4122,none,4122.0,4122.0,49303.0,0.083605,0,3,0.0,0.112165,-0.112165,1.8174,2,5.991,1,0.336,0,5,3,1.8174,2,1,0.336,0
run5-tbt-2s/intercontinentale,intercontinentale,2,17,m2,1Hfp7q7MU1cqZ39ggatAxed6qU28DdMjLTSgcH,26.46,96.01,"c3:99.26,c4:92.76",2,2,"c3:1,c4:1","c3:0.9926,c4:0.9276",8.0,103.728492,0.33663,0.0,0.0,25.9999,1.0,1.0,10373,10373,0,esatto,211,0.0,1.0,10373,none,10373.0,10373.0,49303.0,0.210393,0,3,0.0,0.265086,-0.265086,1.8174,2,5.991,1,0.336,0,5,3,1.8174,2,1,0.336,0
run5-tbt-2s/intercontinentale,intercontinentale,2,18,m1,1CMdrBmxo2wcbEWHTtRHXuKRi6pGt4zPLLdt25,85.56,47.33,"c1:17.50,c2:77.16",2,7,"c1:4,c2:3","c1:0.7000,c2:2.3148",13.0,429.066288,1.674939,0.0,0.0,100.2992,1.0,1.0,42907,42907,0,esatto,223,0.0,1.0,42907,none,42907.0,42907.0,66604.0,0.644211,12,12,1.0,0.649671,0.350329,6.4709,2,5.991,0,1.235,0,5,15,8.2816,2,0,1.571,0
run5-tbt-2s/intercontinentale,intercontinentale,2,18,m3,1HCscGy3u1Tw99kZsZNhREFhcEUCrPpbkBJBPv,24.17,70.53,c5:70.53,2,2,c5:2,c5:1.4106,13.0,82.434202,0.321797,0.0,0.0,3.8846,1.0,1.0,8243,8243,0,esatto,223,0.0,1.0,8243,none,8243.0,8243.0,66604.0,0.123761,0,12,0.0,0.102892,-0.102892,6.4709,2,5.991,0,1.235,0,5,15,8.2816,2,0,1.571,0
run5-tbt-2s/intercontinentale,intercontinentale,2,18,m2,1Hfp7q7MU1cqZ39ggatAxed6qU28DdMjLTSgcH,26.46,96.01,"c3:99.26,c4:92.76",2,4,"c3:2,c4:2","c3:1.9852,c4:1.8552",13.0,154.536984,0.603264,0.0,0.0,70.4545,1.0,1.0,15454,15454,0,esatto,223,0.0,1.0,15454,none,15454.0,15454.0,66604.0,0.232028,0,12,0.0,0.247437,-0.247437,6.4709,2,5.991,0,1.235,0,5,15,8.2816,2,0,1.571,0
run5-tbt-2s/intercontinentale,intercontinentale,2,19,m1,1CMdrBmxo2wcbEWHTtRHXuKRi6pGt4zPLLdt25,85.56,47.33,"c1:17.50,c2:77.16",2,6,"c1:4,c2:2","c1:0.7000,c2:1.5432",10.0,363.048192,1.300251,0.0,0.0,101.048,1.0,1.0,36305,36305,0,esatto,234,0.0,1.0,36305,none,36305.0,36305.0,55843.0,0.650126,12,12,1.0,0.685405,0.314595,5.5079,2,5.991,1,1.164,0,5,27,13.7509,2,0,2.735,0
run5-tbt-2s/intercontinentale,intercontinentale,2,19,m3,1HCscGy3u1Tw99kZsZNhREFhcEUCrPpbkBJBPv,24.17,70.53,c5:70.53,2,1,c5:1,c5:0.7053,10.0,65.387101,0.234183,0.0,0.0,23.0835,1.0,1.0,6539,6539,0,esatto,234,0.0,1.0,6539,none,6539.0,6539.0,55843.0,0.117096,0,12,0.0,0.096991,-0.096991,5.5079,2,5.991,1,1.164,0,5,27,13.7509,2,0,2.735,0
run5-tbt-2s/intercontinentale,intercontinentale,2,19,m2,1Hfp7q7MU1cqZ39ggatAxed6qU28DdMjLTSgcH,26.46,96.01,"c3:99.26,c4:92.76",2,3,"c3:2,c4:1","c3:1.9852,c4:0.9276",10.0,129.992688,0.465567,0.0,0.0,28.0915,1.0,1.0,12999,12999,0,esatto,234,0.0,1.0,12999,none,12999.0,12999.0,55843.0,0.232778,0,12,0.0,0.217605,-0.217605,5.5079,2,5.991,1,1.164,0,5,27,13.7509,2,0,2.735,0
run5-tbt-2s/intercontinentale,intercontinentale,2,20,m1,1CMdrBmxo2wcbEWHTtRHXuKRi6pGt4zPLLdt25,85.56,47.33,"c1:17.50,c2:77.16",2,7,"c1:4,c2:3","c1:0.7000,c2:2.3148",12.0,429.066288,1.586709,0.0,0.0,100.9376,1.0,1.0,42907,42907,0,esatto,246,0.0,1.0,42907,none,42907.0,42907.0,64900.0,0.661125,8,12,0.666667,0.646675,0.019992,1.986,2,5.991,1,1.452,0,5,39,10.5057,2,0,4.187,0
run5-tbt-2s/intercontinentale,intercontinentale,2,20,m3,1HCscGy3u1Tw99kZsZNhREFhcEUCrPpbkBJBPv,24.17,70.53,c5:70.53,2,1,c5:1,c5:0.7053,12.0,65.387101,0.241805,0.0,0.0,18.4425,1.0,1.0,,6539,,non pubblicato in questa epoca,,0.0,1.0,,none,,,64900.0,0.100755,0,12,0.0,0.120984,-0.120984,1.986,2,5.991,1,1.452,0,5,39,10.5057,2,0,4.187,0
run5-tbt-2s/intercontinentale,intercontinentale,2,20,m2,1Hfp7q7MU1cqZ39ggatAxed6qU28DdMjLTSgcH,26.46,96.01,"c3:99.26,c4:92.76",2,4,"c3:2,c4:2","c3:1.9852,c4:1.8552",12.0,154.536984,0.571486,0.0,0.0,11.1463,1.0,1.0,15454,15454,0,esatto,247,0.0,1.0,15454,none,15454.0,15454.0,64900.0,0.23812,4,12,0.333333,0.23234,0.100993,1.986,2,5.991,1,1.452,0,5,39,10.5057,2,0,4.187,0
run5-tbt-2s/intercontinentale,intercontinentale,2,21,m1,1CMdrBmxo2wcbEWHTtRHXuKRi6pGt4zPLLdt25,85.56,47.33,"c1:17.50,c2:77.16",2,7,"c1:4,c2:3","c1:0.7000,c2:2.3148",12.0,429.066288,1.648088,0.0,0.0,100.5677,1.0,1.0,,42907,,non pubblicato in questa epoca,,0.0,1.0,,none,,,62483.0,0.686699,12,12,1.0,0.656875,0.343125,6.2683,2,5.991,0,1.327,0,5,51,16.2163,2,0,5.514,1
run5-tbt-2s/intercontinentale,intercontinentale,2,21,m3,1HCscGy3u1Tw99kZsZNhREFhcEUCrPpbkBJBPv,24.17,70.53,c5:70.53,1,1,c5:1,c5:0.7053,12.0,41.217101,0.158319,0.0,0.0,14.7239,1.0,1.0,4122,4122,0,esatto,259,0.0,1.0,4122,none,4122.0,4122.0,62483.0,0.06597,0,12,0.0,0.110617,-0.110617,6.2683,2,5.991,0,1.327,0,5,51,16.2163,2,0,5.514,1
run5-tbt-2s/intercontinentale,intercontinentale,2,21,m2,1Hfp7q7MU1cqZ39ggatAxed6qU28DdMjLTSgcH,26.46,96.01,"c3:99.26,c4:92.76",2,4,"c3:2,c4:2","c3:1.9852,c4:1.8552",12.0,154.536984,0.593593,0.0,0.0,64.7441,1.0,1.0,,15454,,non pubblicato in questa epoca,,0.0,1.0,,none,,,62483.0,0.247331,0,12,0.0,0.232508,-0.232508,6.2683,2,5.991,0,1.327,0,5,51,16.2163,2,0,5.514,1
run5-tbt-2s/intercontinentale,intercontinentale,2,22,m1,1CMdrBmxo2wcbEWHTtRHXuKRi6pGt4zPLLdt25,85.56,47.33,"c1:17.50,c2:77.16",1,7,"c1:4,c2:3","c1:0.7000,c2:2.3148",12.0,343.506288,1.557048,0.0,0.0,100.8951,1.0,1.0,34351,34351,0,esatto,270,0.0,1.0,34351,none,34351.0,34351.0,52947.0,0.648781,11,12,0.916667,0.669649,0.247018,3.4031,2,5.991,1,1.07,0,5,60,17.9768,2,0,6.248,1
run5-tbt-2s/intercontinentale,intercontinentale,2,22,m3,1HCscGy3u1Tw99kZsZNhREFhcEUCrPpbkBJBPv,24.17,70.53,c5:70.53,2,2,c5:2,c5:1.4106,12.0,82.434202,0.373658,0.0,0.0,11.77,1.0,1.0,8243,8243,0,esatto,270,0.0,1.0,8243,none,8243.0,8243.0,52947.0,0.155684,0,12,0.0,0.08916,-0.08916,3.4031,2,5.991,1,1.07,0,5,60,17.9768,2,0,6.248,1
run5-tbt-2s/intercontinentale,intercontinentale,2,22,m2,1Hfp7q7MU1cqZ39ggatAxed6qU28DdMjLTSgcH,26.46,96.01,"c3:99.26,c4:92.76",1,3,"c3:2,c4:1","c3:1.9852,c4:0.9276",12.0,103.532688,0.469294,0.0,0.0,25.8071,1.0,1.0,10353,10353,0,esatto,270,0.0,1.0,10353,none,10353.0,10353.0,52947.0,0.195535,1,12,0.083333,0.241191,-0.157858,3.4031,2,5.991,1,1.07,0,5,60,17.9768,2,0,6.248,1
run5-tbt-2s/intercontinentale,intercontinentale,2,23,m1,1CMdrBmxo2wcbEWHTtRHXuKRi6pGt4zPLLdt25,85.56,47.33,"c1:17.50,c2:77.16",2,6,"c1:4,c2:2","c1:0.7000,c2:1.5432",11.0,363.048192,1.370058,0.0,0.0,100.8734,1.0,1.0,36305,36305,0,esatto,283,0.0,1.0,36305,none,36305.0,36305.0,58298.0,0.622749,6,12,0.5,0.6709,-0.1709,6.8492,2,5.991,0,1.24,0,5,60,6.2053,2,0,6.253,1
run5-tbt-2s/intercontinentale,intercontinentale,2,23,m3,1HCscGy3u1Tw99kZsZNhREFhcEUCrPpbkBJBPv,24.17,70.53,c5:70.53,2,1,c5:1,c5:0.7053,11.0,65.387101,0.246756,0.0,0.0,9.3918,1.0,1.0,6539,6539,0,esatto,283,0.0,1.0,6539,none,6539.0,6539.0,58298.0,0.112165,4,12,0.333333,0.103351,0.229982,6.8492,2,5.991,0,1.24,0,5,60,6.2053,2,0,6.253,1
run5-tbt-2s/intercontinentale,intercontinentale,2,23,m2,1Hfp7q7MU1cqZ39ggatAxed6qU28DdMjLTSgcH,26.46,96.01,"c3:99.26,c4:92.76",2,4,"c3:2,c4:2","c3:1.9852,c4:1.8552",11.0,154.536984,0.583186,0.0,0.0,70.2958,1.0,1.0,15454,15454,0,esatto,283,0.0,1.0,15454,none,15454.0,15454.0,58298.0,0.265086,2,12,0.166667,0.22575,-0.059083,6.8492,2,5.991,0,1.24,0,5,60,6.2053,2,0,6.253,1
run5-tbt-2s/intercontinentale,intercontinentale,2,24,m1,1CMdrBmxo2wcbEWHTtRHXuKRi6pGt4zPLLdt25,85.56,47.33,"c1:17.50,c2:77.16",2,7,"c1:4,c2:3","c1:0.7000,c2:2.3148",11.0,429.066288,1.511653,0.0,0.0,100.0818,1.0,1.0,42907,42907,0,esatto,294,0.0,1.0,42907,none,42907.0,42907.0,62445.0,0.687117,12,12,1.0,0.640103,0.359897,6.747,2,5.991,0,1.694,0,5,60,6.8308,2,0,6.783,1
run5-tbt-2s/intercontinentale,intercontinentale,2,24,m3,1HCscGy3u1Tw99kZsZNhREFhcEUCrPpbkBJBPv,24.17,70.53,c5:70.53,2,1,c5:1,c5:0.7053,11.0,65.387101,0.230367,0.0,0.0,7.5654,1.0,1.0,,6539,,non pubblicato in questa epoca,,0.0,1.0,,none,,,62445.0,0.104716,0,12,0.0,0.141178,-0.141178,6.747,2,5.991,0,1.694,0,5,60,6.8308,2,0,6.783,1
run5-tbt-2s/intercontinentale,intercontinentale,2,24,m2,1Hfp7q7MU1cqZ39ggatAxed6qU28DdMjLTSgcH,26.46,96.01,"c3:99.26,c4:92.76",2,3,"c3:2,c4:1","c3:1.9852,c4:0.9276",11.0,129.992688,0.45798,0.0,0.0,28.2677,1.0,1.0,12999,12999,0,esatto,294,0.0,1.0,12999,none,12999.0,12999.0,62445.0,0.208167,0,12,0.0,0.218719,-0.218719,6.747,2,5.991,0,1.694,0,5,60,6.8308,2,0,6.783,1
run5-tbt-2s/intercontinentale,intercontinentale,2,25,m1,1CMdrBmxo2wcbEWHTtRHXuKRi6pGt4zPLLdt25,85.56,47.33,"c1:17.50,c2:77.16",2,5,"c1:3,c2:2","c1:0.5250,c2:1.5432",10.0,348.075192,1.28009,0.0,0.0,100.8622,1.0,1.0,34808,34808,0,esatto,306,0.0,1.0,34808,none,34808.0,34808.0,54384.0,0.640041,12,12,1.0,0.649569,0.350431,6.4738,2,5.991,0,1.309,0,5,60,14.2691,2,0,6.64,1
run5-tbt-2s/intercontinentale,intercontinentale,2,25,m3,1HCscGy3u1Tw99kZsZNhREFhcEUCrPpbkBJBPv,24.17,70.53,c5:70.53,1,1,c5:1,c5:0.7053,10.0,41.217101,0.151581,0.0,0.0,6.028,1.0,1.0,4122,4122,0,esatto,306,0.0,1.0,4122,none,4122.0,4122.0,54384.0,0.075794,0,12,0.0,0.109061,-0.109061,6.4738,2,5.991,0,1.309,0,5,60,14.2691,2,0,6.64,1
run5-tbt-2s/intercontinentale,intercontinentale,2,25,m2,1Hfp7q7MU1cqZ39ggatAxed6qU28DdMjLTSgcH,26.46,96.01,"c3:99.26,c4:92.76",2,4,"c3:2,c4:2","c3:1.9852,c4:1.8552",10.0,154.536984,0.568329,0.0,0.0,11.2342,1.0,1.0,15454,15454,0,esatto,306,0.0,1.0,15454,none,15454.0,15454.0,54384.0,0.284164,0,12,0.0,0.24137,-0.24137,6.4738,2,5.991,0,1.309,0,5,60,14.2691,2,0,6.64,1
run5-tbt-2s/intercontinentale,intercontinentale,2,26,m1,1CMdrBmxo2wcbEWHTtRHXuKRi6pGt4zPLLdt25,85.56,47.33,"c1:17.50,c2:77.16",2,7,"c1:4,c2:3","c1:0.7000,c2:2.3148",11.0,429.066288,1.511653,0.0,0.0,101.0115,1.0,1.0,42907,42907,0,esatto,318,0.0,1.0,42907,none,42907.0,42907.0,62445.0,0.687117,8,12,0.666667,0.667502,-0.000835,1.5494,2,5.991,1,1.112,0,5,60,6.6629,2,0,6.425,1
run5-tbt-2s/intercontinentale,intercontinentale,2,26,m3,1HCscGy3u1Tw99kZsZNhREFhcEUCrPpbkBJBPv,24.17,70.53,c5:70.53,2,1,c5:1,c5:0.7053,11.0,65.387101,0.230367,0.0,0.0,4.8134,1.0,1.0,6539,6539,0,esatto,319,0.0,1.0,6539,none,6539.0,6539.0,62445.0,0.104716,0,12,0.0,0.092665,-0.092665,1.5494,2,5.991,1,1.112,0,5,60,6.6629,2,0,6.425,1
run5-tbt-2s/intercontinentale,intercontinentale,2,26,m2,1Hfp7q7MU1cqZ39ggatAxed6qU28DdMjLTSgcH,26.46,96.01,"c3:99.26,c4:92.76",2,3,"c3:2,c4:1","c3:1.9852,c4:0.9276",11.0,129.992688,0.45798,0.0,0.0,64.3324,1.0,1.0,12999,12999,0,esatto,318,0.0,1.0,12999,none,12999.0,12999.0,62445.0,0.208167,4,12,0.333333,0.239833,0.0935,1.5494,2,5.991,1,1.112,0,5,60,6.6629,2,0,6.425,1
run5-tbt-2s/intercontinentale,intercontinentale,2,27,m1,1CMdrBmxo2wcbEWHTtRHXuKRi6pGt4zPLLdt25,85.56,47.33,"c1:17.50,c2:77.16",2,8,"c1:5,c2:3","c1:0.8750,c2:2.3148",14.0,444.039288,1.825684,0.0,0.0,100.6804,1.0,1.0,44404,44404,0,esatto,330,0.0,1.0,44404,none,44404.0,44404.0,68101.0,0.652032,12,12,1.0,0.661962,0.338038,6.1279,2,5.991,0,1.018,0,5,60,8.3779,2,0,6.373,1
run5-tbt-2s/intercontinentale,intercontinentale,2,27,m3,1HCscGy3u1Tw99kZsZNhREFhcEUCrPpbkBJBPv,24.17,70.53,c5:70.53,2,2,c5:2,c5:1.4106,14.0,82.434202,0.338931,0.0,0.0,3.8206,1.0,1.0,8243,8243,0,esatto,331,0.0,1.0,8243,none,8243.0,8243.0,68101.0,0.121041,0,12,0.0,0.084841,-0.084841,6.1279,2,5.991,0,1.018,0,5,60,8.3779,2,0,6.373,1
run5-tbt-2s/intercontinentale,intercontinentale,2,27,m2,1Hfp7q7MU1cqZ39ggatAxed6qU28DdMjLTSgcH,26.46,96.01,"c3:99.26,c4:92.76",2,4,"c3:2,c4:2","c3:1.9852,c4:1.8552",14.0,154.536984,0.635385,0.0,0.0,25.7879,1.0,1.0,15454,15454,0,esatto,330,0.0,1.0,15454,none,15454.0,15454.0,68101.0,0.226928,0,12,0.0,0.253197,-0.253197,6.1279,2,5.991,0,1.018,0,5,60,8.3779,2,0,6.373,1
run5-tbt-2s/intercontinentale,intercontinentale,2,28,m1,1CMdrBmxo2wcbEWHTtRHXuKRi6pGt4zPLLdt25,85.56,47.33,"c1:17.50,c2:77.16",2,6,"c1:4,c2:2","c1:0.7000,c2:1.5432",11.0,363.048192,1.370058,0.0,0.0,101.1932,1.0,1.0,36305,36305,0,esatto,342,0.0,1.0,36305,none,36305.0,36305.0,58298.0,0.622749,12,12,1.0,0.673892,0.326108,5.807,2,5.991,1,1.316,0,5,60,20.4996,2,0,6.449,1
run5-tbt-2s/intercontinentale,intercontinentale,2,28,m3,1HCscGy3u1Tw99kZsZNhREFhcEUCrPpbkBJBPv,24.17,70.53,c5:70.53,2,1,c5:1,c5:0.7053,11.0,65.387101,0.246756,0.0,0.0,23.0263,1.0,1.0,6539,6539,0,esatto,342,0.0,1.0,6539,none,6539.0,6539.0,58298.0,0.112165,0,12,0.0,0.109638,-0.109638,5.807,2,5.991,1,1.316,0,5,60,20.4996,2,0,6.449,1
run5-tbt-2s/intercontinentale,intercontinentale,2,28,m2,1Hfp7q7MU1cqZ39ggatAxed6qU28DdMjLTSgcH,26.46,96.01,"c3:99.26,c4:92.76",2,4,"c3:2,c4:2","c3:1.9852,c4:1.8552",11.0,154.536984,0.583186,0.0,0.0,70.2247,1.0,1.0,,15454,,non pubblicato in questa epoca,,0.0,1.0,,none,,,58298.0,0.265086,0,12,0.0,0.216469,-0.216469,5.807,2,5.991,1,1.316,0,5,60,20.4996,2,0,6.449,1
run5-tbt-2s/intercontinentale,intercontinentale,2,29,m1,1CMdrBmxo2wcbEWHTtRHXuKRi6pGt4zPLLdt25,85.56,47.33,"c1:17.50,c2:77.16",2,6,"c1:3,c2:3","c1:0.5250,c2:2.3148",10.0,414.093288,1.420528,0.0,0.0,100.9711,1.0,1.0,41409,41409,0,esatto,354,0.0,1.0,41409,none,41409.0,41409.0,58301.0,0.710262,8,12,0.666667,0.63983,0.026837,0.5489,2,5.991,1,1.408,0,5,60,11.5954,2,0,6.163,1
run5-tbt-2s/intercontinentale,intercontinentale,2,29,m3,1HCscGy3u1Tw99kZsZNhREFhcEUCrPpbkBJBPv,24.17,70.53,c5:70.53,2,1,c5:1,c5:0.7053,10.0,65.387101,0.224307,0.0,0.0,18.3967,1.0,1.0,,6539,,non pubblicato in questa epoca,,0.0,1.0,,none,,,58301.0,0.112159,2,12,0.166667,0.117343,0.049324,0.5489,2,5.991,1,1.408,0,5,60,11.5954,2,0,6.163,1
run5-tbt-2s/intercontinentale,intercontinentale,2,29,m2,1Hfp7q7MU1cqZ39ggatAxed6qU28DdMjLTSgcH,26.46,96.01,"c3:99.26,c4:92.76",1,3,"c3:2,c4:1","c3:1.9852,c4:0.9276",10.0,103.532688,0.355164,0.0,0.0,28.0171,1.0,1.0,10353,10353,0,esatto,355,0.0,1.0,10353,none,10353.0,10353.0,58301.0,0.177578,2,12,0.166667,0.242827,-0.07616,0.5489,2,5.991,1,1.408,0,5,60,11.5954,2,0,6.163,1
run5-tbt-2s/intercontinentale,intercontinentale,2,30,m1,1CMdrBmxo2wcbEWHTtRHXuKRi6pGt4zPLLdt25,85.56,47.33,"c1:17.50,c2:77.16",2,6,"c1:4,c2:2","c1:0.7000,c2:1.5432",12.0,363.048192,1.513096,0.0,0.0,100.5964,1.0,1.0,36305,36305,0,esatto,367,0.0,1.0,36305,none,36305.0,36305.0,57585.0,0.630459,6,12,0.5,0.654451,-0.154451,2.5191,2,5.991,1,1.337,0,5,60,3.2001,2,1,6.191,1
run5-tbt-2s/intercontinentale,intercontinentale,2,30,m3,1HCscGy3u1Tw99kZsZNhREFhcEUCrPpbkBJBPv,24.17,70.53,c5:70.53,1,2,c5:2,c5:1.4106,12.0,58.264202,0.242831,0.0,0.0,14.732,1.0,1.0,5826,5826,0,esatto,367,0.0,1.0,5826,none,5826.0,5826.0,57585.0,0.101172,3,12,0.25,0.111411,0.138589,2.5191,2,5.991,1,1.337,0,5,60,3.2001,2,1,6.191,1
run5-tbt-2s/intercontinentale,intercontinentale,2,30,m2,1Hfp7q7MU1cqZ39ggatAxed6qU28DdMjLTSgcH,26.46,96.01,"c3:99.26,c4:92.76",2,4,"c3:2,c4:2","c3:1.9852,c4:1.8552",12.0,154.536984,0.644073,0.0,0.0,11.2133,1.0,1.0,15454,15454,0,esatto,367,0.0,1.0,15454,none,15454.0,15454.0,57585.0,0.268368,3,12,0.25,0.234139,0.015861,2.5191,2,5.991,1,1.337,0,5,60,3.2001,2,1,6.191,1
run5-tbt-2s/intercontinentale,intercontinentale,2,31,m1,1CMdrBmxo2wcbEWHTtRHXuKRi6pGt4zPLLdt25,85.56,47.33,"c1:17.50,c2:77.16",2,7,"c1:4,c2:3","c1:0.7000,c2:2.3148",11.0,429.066288,1.511653,0.0,0.0,100.3243,1.0,1.0,42907,42907,0,esatto,378,0.0,1.0,42907,none,42907.0,42907.0,62445.0,0.687117,12,12,1.0,0.683661,0.316339,5.5526,2,5.991,1,1.302,0,5,60,8.5911,2,0,6.381,1
run5-tbt-2s/intercontinentale,intercontinentale,2,31,m3,1HCscGy3u1Tw99kZsZNhREFhcEUCrPpbkBJBPv,24.17,70.53,c5:70.53,2,1,c5:1,c5:0.7053,11.0,65.387101,0.230367,0.0,0.0,11.7931,1.0,1.0,6539,6539,0,esatto,378,0.0,1.0,6539,none,6539.0,6539.0,62445.0,0.104716,0,12,0.0,0.108497,-0.108497,5.5526,2,5.991,1,1.302,0,5,60,8.5911,2,0,6.381,1
run5-tbt-2s/intercontinentale,intercontinentale,2,31,m2,1Hfp7q7MU1cqZ39ggatAxed6qU28DdMjLTSgcH,26.46,96.01,"c3:99.26,c4:92.76",2,3,"c3:2,c4:1","c3:1.9852,c4:0.9276",11.0,129.992688,0.45798,0.0,0.0,64.7341,1.0,1.0,12999,12999,0,esatto,378,0.0,1.0,12999,none,12999.0,12999.0,62445.0,0.208167,0,12,0.0,0.207842,-0.207842,5.5526,2,5.991,1,1.302,0,5,60,8.5911,2,0,6.381,1
run5-tbt-2s/intercontinentale,intercontinentale,2,32,m1,1CMdrBmxo2wcbEWHTtRHXuKRi6pGt4zPLLdt25,85.56,47.33,"c1:17.50,c2:77.16",2,6,"c1:4,c2:2","c1:0.7000,c2:1.5432",11.0,363.048192,1.370058,0.0,0.0,100.8244,1.0,1.0,36305,36305,0,esatto,392,0.0,1.0,36305,none,36305.0,36305.0,58298.0,0.622749,5,12,0.416667,0.654067,-0.2374,2.9959,2,5.991,1,1.232,0,5,60,1.3199,2,1,6.594,1
run5-tbt-2s/intercontinentale,intercontinentale,2,32,m3,1HCscGy3u1Tw99kZsZNhREFhcEUCrPpbkBJBPv,24.17,70.53,c5:70.53,2,1,c5:1,c5:0.7053,11.0,65.387101,0.246756,0.0,0.0,9.4155,1.0,1.0,,6539,,non pubblicato in questa epoca,,0.0,1.0,,none,,,58298.0,0.112165,2,12,0.166667,0.102649,0.064018,2.9959,2,5.991,1,1.232,0,5,60,1.3199,2,1,6.594,1
run5-tbt-2s/intercontinentale,intercontinentale,2,32,m2,1Hfp7q7MU1cqZ39ggatAxed6qU28DdMjLTSgcH,26.46,96.01,"c3:99.26,c4:92.76",2,4,"c3:2,c4:2","c3:1.9852,c4:1.8552",11.0,154.536984,0.583186,0.0,0.0,25.8031,1.0,1.0,15454,15454,0,esatto,392,0.0,1.0,15454,none,15454.0,15454.0,58298.0,0.265086,5,12,0.416667,0.243285,0.173382,2.9959,2,5.991,1,1.232,0,5,60,1.3199,2,1,6.594,1
run5-tbt-2s/intercontinentale,intercontinentale,2,33,m1,1CMdrBmxo2wcbEWHTtRHXuKRi6pGt4zPLLdt25,85.56,47.33,"c1:17.50,c2:77.16",2,6,"c1:3,c2:3","c1:0.5250,c2:2.3148",9.0,414.093288,1.333302,0.0,0.0,100.2641,1.0,1.0,41409,41409,0,esatto,403,0.0,1.0,41409,none,41409.0,41409.0,55904.0,0.740716,10,12,0.833333,0.671025,0.162308,3.5464,2,5.991,1,1.279,0,5,60,2.0056,2,1,6.558,1
run5-tbt-2s/intercontinentale,intercontinentale,2,33,m3,1HCscGy3u1Tw99kZsZNhREFhcEUCrPpbkBJBPv,24.17,70.53,c5:70.53,1,1,c5:1,c5:0.7053,9.0,41.217101,0.132711,0.0,0.0,7.4963,1.0,1.0,4122,4122,0,esatto,403,0.0,1.0,4122,none,4122.0,4122.0,55904.0,0.073734,2,12,0.166667,0.106578,0.060089,3.5464,2,5.991,1,1.279,0,5,60,2.0056,2,1,6.558,1
run5-tbt-2s/intercontinentale,intercontinentale,2,33,m2,1Hfp7q7MU1cqZ39ggatAxed6qU28DdMjLTSgcH,26.46,96.01,"c3:99.26,c4:92.76",2,2,"c3:1,c4:1","c3:0.9926,c4:0.9276",9.0,103.728492,0.333986,0.0,0.0,70.7116,1.0,1.0,10373,10373,0,esatto,403,0.0,1.0,10373,none,10373.0,10373.0,55904.0,0.18555,0,12,0.0,0.222397,-0.222397,3.5464,2,5.991,1,1.279,0,5,60,2.0056,2,1,6.558,1
run5-tbt-2s/intercontinentale,intercontinentale,2,34,m1,1CMdrBmxo2wcbEWHTtRHXuKRi6pGt4zPLLdt25,85.56,47.33,"c1:17.50,c2:77.16",2,6,"c1:4,c2:2","c1:0.7000,c2:1.5432",10.0,363.048192,1.300251,0.0,0.0,100.5614,1.0,1.0,36305,36305,0,esatto,414,0.0,1.0,36305,none,36305.0,36305.0,55843.0,0.650126,12,12,1.0,0.662071,0.337929,6.1249,2,5.991,0,1.192,0,5,60,3.127,2,1,6.342,1
run5-tbt-2s/intercontinentale,intercontinentale,2,34,m3,1HCscGy3u1Tw99kZsZNhREFhcEUCrPpbkBJBPv,24.17,70.53,c5:70.53,2,1,c5:1,c5:0.7053,10.0,65.387101,0.234183,0.0,0.0,6.0328,1.0,1.0,6539,6539,0,esatto,415,0.0,1.0,6539,none,6539.0,6539.0,55843.0,0.117096,0,12,0.0,0.099355,-0.099355,6.1249,2,5.991,0,1.192,0,5,60,3.127,2,1,6.342,1
run5-tbt-2s/intercontinentale,intercontinentale,2,34,m2,1Hfp7q7MU1cqZ39ggatAxed6qU28DdMjLTSgcH,26.46,96.01,"c3:99.26,c4:92.76",2,3,"c3:2,c4:1","c3:1.9852,c4:0.9276",10.0,129.992688,0.465567,0.0,0.0,28.1941,1.0,1.0,12999,12999,0,esatto,415,0.0,1.0,12999,none,12999.0,12999.0,55843.0,0.232778,0,12,0.0,0.238574,-0.238574,6.1249,2,5.991,0,1.192,0,5,60,3.127,2,1,6.342,1
run5-tbt-2s/intercontinentale,intercontinentale,2,35,m1,1CMdrBmxo2wcbEWHTtRHXuKRi6pGt4zPLLdt25,85.56,47.33,"c1:17.50,c2:77.16",2,7,"c1:4,c2:3","c1:0.7000,c2:2.3148",13.0,429.066288,1.674939,0.0,0.0,101.048,1.0,1.0,42907,42907,0,esatto,426,0.0,1.0,42907,none,42907.0,42907.0,66604.0,0.644211,12,12,1.0,0.708349,0.291651,4.9408,2,5.991,1,1.066,0,5,60,8.6471,2,0,6.071,1
run5-tbt-2s/intercontinentale,intercontinentale,2,35,m3,1HCscGy3u1Tw99kZsZNhREFhcEUCrPpbkBJBPv,24.17,70.53,c5:70.53,2,2,c5:2,c5:1.4106,13.0,82.434202,0.321797,0.0,0.0,4.7902,1.0,1.0,8243,8243,0,esatto,426,0.0,1.0,8243,none,8243.0,8243.0,66604.0,0.123761,0,12,0.0,0.088805,-0.088805,4.9408,2,5.991,1,1.066,0,5,60,8.6471,2,0,6.071,1
run5-tbt-2s/intercontinentale,intercontinentale,2,35,m2,1Hfp7q7MU1cqZ39ggatAxed6qU28DdMjLTSgcH,26.46,96.01,"c3:99.26,c4:92.76",2,4,"c3:2,c4:2","c3:1.9852,c4:1.8552",13.0,154.536984,0.603264,0.0,0.0,11.2049,1.0,1.0,15454,15454,0,esatto,426,0.0,1.0,15454,none,15454.0,15454.0,66604.0,0.232028,0,12,0.0,0.202846,-0.202846,4.9408,2,5.991,1,1.066,0,5,60,8.6471,2,0,6.071,1
run5-tbt-2s/intercontinentale,intercontinentale,2,36,m1,1CMdrBmxo2wcbEWHTtRHXuKRi6pGt4zPLLdt25,85.56,47.33,"c1:17.50,c2:77.16",2,6,"c1:4,c2:2","c1:0.7000,c2:1.5432",11.0,363.048192,1.370058,0.0,0.0,101.1246,1.0,1.0,36305,36305,0,esatto,438,0.0,1.0,36305,none,36305.0,36305.0,58298.0,0.622749,12,12,1.0,0.647661,0.352339,6.5282,2,5.991,0,1.438,0,5,60,9.2395,2,0,6.207,1
run5-tbt-2s/intercontinentale,intercontinentale,2,36,m3,1HCscGy3u1Tw99kZsZNhREFhcEUCrPpbkBJBPv,24.17,70.53,c5:70.53,2,1,c5:1,c5:0.7053,11.0,65.387101,0.246756,0.0,0.0,3.7961,1.0,1.0,6539,6539,0,esatto,438,0.0,1.0,6539,none,6539.0,6539.0,58298.0,0.112165,0,12,0.0,0.119873,-0.119873,6.5282,2,5.991,0,1.438,0,5,60,9.2395,2,0,6.207,1
run5-tbt-2s/intercontinentale,intercontinentale,2,36,m2,1Hfp7q7MU1cqZ39ggatAxed6qU28DdMjLTSgcH,26.46,96.01,"c3:99.26,c4:92.76",2,4,"c3:2,c4:2","c3:1.9852,c4:1.8552",11.0,154.536984,0.583186,0.0,0.0,64.3031,1.0,1.0,,15454,,non pubblicato in questa epoca,,0.0,1.0,,none,,,58298.0,0.265086,0,12,0.0,0.232465,-0.232465,6.5282,2,5.991,0,1.438,0,5,60,9.2395,2,0,6.207,1
run5-tbt-2s/intercontinentale,intercontinentale,2,37,m1,1CMdrBmxo2wcbEWHTtRHXuKRi6pGt4zPLLdt25,85.56,47.33,"c1:17.50,c2:77.16",2,7,"c1:4,c2:3","c1:0.7000,c2:2.3148",11.0,429.066288,1.578541,0.0,0.0,100.9319,1.0,1.0,42907,42907,0,esatto,450,0.0,1.0,42907,none,42907.0,42907.0,59799.0,0.71752,10,12,0.833333,0.635268,0.198065,2.4739,2,5.991,1,1.427,0,5,60,19.5279,2,0,6.402,1
run5-tbt-2s/intercontinentale,intercontinentale,2,37,m3,1HCscGy3u1Tw99kZsZNhREFhcEUCrPpbkBJBPv,24.17,70.53,c5:70.53,2,1,c5:1,c5:0.7053,11.0,65.387101,0.24056,0.0,0.0,23.0068,1.0,1.0,,6539,,non pubblicato in questa epoca,,0.0,1.0,,none,,,59799.0,0.10935,0,12,0.0,0.11893,-0.11893,2.4739,2,5.991,1,1.427,0,5,60,19.5279,2,0,6.402,1
run5-tbt-2s/intercontinentale,intercontinentale,2,37,m2,1Hfp7q7MU1cqZ39ggatAxed6qU28DdMjLTSgcH,26.46,96.01,"c3:99.26,c4:92.76",1,3,"c3:2,c4:1","c3:1.9852,c4:0.9276",11.0,103.532688,0.380898,0.0,0.0,25.6484,1.0,1.0,10353,10353,0,esatto,450,0.0,1.0,10353,none,10353.0,10353.0,59799.0,0.17313,2,12,0.166667,0.245802,-0.079135,2.4739,2,5.991,1,1.427,0,5,60,19.5279,2,0,6.402,1
run5-tbt-2s/intercontinentale,intercontinentale,2,38,m1,1CMdrBmxo2wcbEWHTtRHXuKRi6pGt4zPLLdt25,85.56,47.33,"c1:17.50,c2:77.16",2,5,"c1:3,c2:2","c1:0.5250,c2:1.5432",10.0,348.075192,1.28009,0.0,0.0,100.6297,1.0,1.0,34808,34808,0,esatto,462,0.0,1.0,34808,none,34808.0,34808.0,54384.0,0.640041,12,12,1.0,0.662237,0.337763,6.1204,2,5.991,0,1.332,0,5,60,24.8409,2,0,6.455,1
run5-tbt-2s/intercontinentale,intercontinentale,2,38,m3,1HCscGy3u1Tw99kZsZNhREFhcEUCrPpbkBJBPv,24.17,70.53,c5:70.53,1,1,c5:1,c5:0.7053,10.0,41.217101,0.151581,0.0,0.0,18.3812,1.0,1.0,4122,4122,0,esatto,463,0.0,1.0,4122,none,4122.0,4122.0,54384.0,0.075794,0,12,0.0,0.110992,-0.110992,6.1204,2,5.991,0,1.332,0,5,60,24.8409,2,0,6.455,1
run5-tbt-2s/intercontinentale,intercontinentale,2,38,m2,1Hfp7q7MU1cqZ39ggatAxed6qU28DdMjLTSgcH,26.46,96.01,"c3:99.26,c4:92.76",2,4,"c3:2,c4:2","c3:1.9852,c4:1.8552",10.0,154.536984,0.568329,0.0,0.0,70.3537,1.0,1.0,15454,15454,0,esatto,462,0.0,1.0,15454,none,15454.0,15454.0,54384.0,0.284164,0,12,0.0,0.226771,-0.226771,6.1204,2,5.991,0,1.332,0,5,60,24.8409,2,0,6.455,1
run5-tbt-2s/intercontinentale,intercontinentale,2,39,m1,1CMdrBmxo2wcbEWHTtRHXuKRi6pGt4zPLLdt25,85.56,47.33,"c1:17.50,c2:77.16",2,7,"c1:4,c2:3","c1:0.7000,c2:2.3148",11.0,429.066288,1.511653,0.0,0.0,100.8703,1.0,1.0,42907,42907,0,esatto,474,0.0,1.0,42907,none,42907.0,42907.0,62445.0,0.687117,12,12,1.0,0.682968,0.317032,5.5704,2,5.991,1,1.184,0,5,60,24.3166,2,0,6.447,1
run5-tbt-2s/intercontinentale,intercontinentale,2,39,m3,1HCscGy3u1Tw99kZsZNhREFhcEUCrPpbkBJBPv,24.17,70.53,c5:70.53,2,1,c5:1,c5:0.7053,11.0,65.387101,0.230367,0.0,0.0,14.6959,1.0,1.0,6539,6539,0,esatto,475,0.0,1.0,6539,none,6539.0,6539.0,62445.0,0.104716,0,12,0.0,0.098646,-0.098646,5.5704,2,5.991,1,1.184,0,5,60,24.3166,2,0,6.447,1
run5-tbt-2s/intercontinentale,intercontinentale,2,39,m2,1Hfp7q7MU1cqZ39ggatAxed6qU28DdMjLTSgcH,26.46,96.01,"c3:99.26,c4:92.76",2,3,"c3:2,c4:1","c3:1.9852,c4:0.9276",11.0,129.992688,0.45798,0.0,0.0,28.0687,1.0,1.0,12999,12999,0,esatto,475,0.0,1.0,12999,none,12999.0,12999.0,62445.0,0.208167,0,12,0.0,0.218387,-0.218387,5.5704,2,5.991,1,1.184,0,5,60,24.3166,2,0,6.447,1
run5-tbt-2s/intercontinentale,intercontinentale,2,40,m1,1CMdrBmxo2wcbEWHTtRHXuKRi6pGt4zPLLdt25,85.56,47.33,"c1:17.50,c2:77.16",2,6,"c1:4,c2:2","c1:0.7000,c2:1.5432",12.0,363.048192,1.452146,0.0,0.0,100.8233,1.0,1.0,36305,36305,0,esatto,486,0.0,1.0,36305,none,36305.0,36305.0,60002.0,0.605063,10,12,0.833333,0.659621,0.173712,1.9368,2,5.991,1,1.015,0,5,60,20.6176,2,0,6.397,1
run5-tbt-2s/intercontinentale,intercontinentale,2,40,m3,1HCscGy3u1Tw99kZsZNhREFhcEUCrPpbkBJBPv,24.17,70.53,c5:70.53,2,2,c5:2,c5:1.4106,12.0,82.434202,0.329726,0.0,0.0,11.7324,1.0,1.0,8243,8243,0,esatto,487,0.0,1.0,8243,none,8243.0,8243.0,60002.0,0.137379,0,12,0.0,0.084616,-0.084616,1.9368,2,5.991,1,1.015,0,5,60,20.6176,2,0,6.397,1
run5-tbt-2s/intercontinentale,intercontinentale,2,40,m2,1Hfp7q7MU1cqZ39ggatAxed6qU28DdMjLTSgcH,26.46,96.01,"c3:99.26,c4:92.76",2,4,"c3:2,c4:2","c3:1.9852,c4:1.8552",12.0,154.536984,0.618128,0.0,0.0,11.1368,1.0,1.0,15454,15454,0,esatto,486,0.0,1.0,15454,none,15454.0,15454.0,60002.0,0.257558,2,12,0.166667,0.255763,-0.089096,1.9368,2,5.991,1,1.015,0,5,60,20.6176,2,0,6.397,1
run5-tbt-2s/intercontinentale,intercontinentale,2,41,m1,1CMdrBmxo2wcbEWHTtRHXuKRi6pGt4zPLLdt25,85.56,47.33,"c1:17.50,c2:77.16",2,7,"c1:4,c2:3","c1:0.7000,c2:2.3148",11.0,429.066288,1.511653,0.0,0.0,100.7529,1.0,1.0,42907,42907,0,esatto,498,0.0,1.0,42907,none,42907.0,42907.0,62445.0,0.687117,9,12,0.75,0.654401,0.095599,1.5845,2,5.991,1,1.395,0,5,60,14.5248,2,0,6.353,1
run5-tbt-2s/intercontinentale,intercontinentale,2,41,m3,1HCscGy3u1Tw99kZsZNhREFhcEUCrPpbkBJBPv,24.17,70.53,c5:70.53,2,1,c5:1,c5:0.7053,11.0,65.387101,0.230367,0.0,0.0,9.3558,1.0,1.0,6539,6539,0,esatto,498,0.0,1.0,6539,none,6539.0,6539.0,62445.0,0.104716,0,12,0.0,0.116224,-0.116224,1.5845,2,5.991,1,1.395,0,5,60,14.5248,2,0,6.353,1
run5-tbt-2s/intercontinentale,intercontinentale,2,41,m2,1Hfp7q7MU1cqZ39ggatAxed6qU28DdMjLTSgcH,26.46,96.01,"c3:99.26,c4:92.76",2,3,"c3:2,c4:1","c3:1.9852,c4:0.9276",11.0,129.992688,0.45798,0.0,0.0,64.5865,1.0,1.0,12999,12999,0,esatto,498,0.0,1.0,12999,none,12999.0,12999.0,62445.0,0.208167,3,12,0.25,0.229374,0.020626,1.5845,2,5.991,1,1.395,0,5,60,14.5248,2,0,6.353,1
run5-tbt-2s/intercontinentale,intercontinentale,2,42,m1,1CMdrBmxo2wcbEWHTtRHXuKRi6pGt4zPLLdt25,85.56,47.33,"c1:17.50,c2:77.16",2,7,"c1:4,c2:3","c1:0.7000,c2:2.3148",12.0,429.066288,1.586709,0.0,0.0,100.5206,1.0,1.0,,42907,,non pubblicato in questa epoca,,0.0,1.0,,none,,,64900.0,0.661125,3,12,0.25,0.639252,-0.389252,32.6158,2,5.991,0,1.485,0,5,60,6.012,2,0,6.411,1
run5-tbt-2s/intercontinentale,intercontinentale,2,42,m3,1HCscGy3u1Tw99kZsZNhREFhcEUCrPpbkBJBPv,24.17,70.53,c5:70.53,2,1,c5:1,c5:0.7053,12.0,65.387101,0.241805,0.0,0.0,7.4603,1.0,1.0,,6539,,non pubblicato in questa epoca,,0.0,1.0,,none,,,64900.0,0.100755,8,12,0.666667,0.123769,0.542898,32.6158,2,5.991,0,1.485,0,5,60,6.012,2,0,6.411,1
run5-tbt-2s/intercontinentale,intercontinentale,2,42,m2,1Hfp7q7MU1cqZ39ggatAxed6qU28DdMjLTSgcH,26.46,96.01,"c3:99.26,c4:92.76",2,4,"c3:2,c4:2","c3:1.9852,c4:1.8552",12.0,154.536984,0.571486,0.0,0.0,25.9654,1.0,1.0,15454,15454,0,esatto,510,0.0,1.0,15454,none,15454.0,15454.0,64900.0,0.23812,1,12,0.083333,0.236979,-0.153646,32.6158,2,5.991,0,1.485,0,5,60,6.012,2,0,6.411,1
run5-tbt-2s/intercontinentale,intercontinentale,2,43,m1,1CMdrBmxo2wcbEWHTtRHXuKRi6pGt4zPLLdt25,85.56,47.33,"c1:17.50,c2:77.16",1,7,"c1:4,c2:3","c1:0.7000,c2:2.3148",13.0,343.506288,1.605437,0.0,0.0,100.038,1.0,1.0,34351,34351,0,esatto,523,0.0,1.0,34351,none,34351.0,34351.0,55631.0,0.617479,12,12,1.0,0.676287,0.323713,5.744,2,5.991,1,1.237,0,5,60,5.9491,2,1,6.316,1
run5-tbt-2s/intercontinentale,intercontinentale,2,43,m3,1HCscGy3u1Tw99kZsZNhREFhcEUCrPpbkBJBPv,24.17,70.53,c5:70.53,1,2,c5:2,c5:1.4106,13.0,58.264202,0.272308,0.0,0.0,6.1597,1.0,1.0,5826,5826,0,esatto,523,0.0,1.0,5826,none,5826.0,5826.0,55631.0,0.104726,0,12,0.0,0.103066,-0.103066,5.744,2,5.991,1,1.237,0,5,60,5.9491,2,1,6.316,1
run5-tbt-2s/intercontinentale,intercontinentale,2,43,m2,1Hfp7q7MU1cqZ39ggatAxed6qU28DdMjLTSgcH,26.46,96.01,"c3:99.26,c4:92.76",2,4,"c3:2,c4:2","c3:1.9852,c4:1.8552",13.0,154.536984,0.722256,0.0,0.0,70.2956,1.0,1.0,,15454,,non pubblicato in questa epoca,,0.0,1.0,,none,,,55631.0,0.277795,0,12,0.0,0.220648,-0.220648,5.744,2,5.991,1,1.237,0,5,60,5.9491,2,1,6.316,1
run5-tbt-2s/intercontinentale,intercontinentale,2,44,m1,1CMdrBmxo2wcbEWHTtRHXuKRi6pGt4zPLLdt25,85.56,47.33,"c1:17.50,c2:77.16",2,6,"c1:4,c2:2","c1:0.7000,c2:1.5432",10.0,363.048192,1.364925,0.0,0.0,100.8953,1.0,1.0,36305,36305,0,esatto,534,0.0,1.0,36305,none,36305.0,36305.0,53197.0,0.682463,4,12,0.333333,0.646576,-0.313243,11.2813,2,5.991,0,1.225,0,5,60,0.4761,2,1,6.357,1
run5-tbt-2s/intercontinentale,intercontinentale,2,44,m3,1HCscGy3u1Tw99kZsZNhREFhcEUCrPpbkBJBPv,24.17,70.53,c5:70.53,2,1,c5:1,c5:0.7053,10.0,65.387101,0.245831,0.0,0.0,4.9187,1.0,1.0,6539,6539,0,esatto,534,0.0,1.0,6539,none,6539.0,6539.0,53197.0,0.12292,0,12,0.0,0.102079,-0.102079,11.2813,2,5.991,0,1.225,0,5,60,0.4761,2,1,6.357,1
run5-tbt-2s/intercontinentale,intercontinentale,2,44,m2,1Hfp7q7MU1cqZ39ggatAxed6qU28DdMjLTSgcH,26.46,96.01,"c3:99.26,c4:92.76",1,3,"c3:2,c4:1","c3:1.9852,c4:0.9276",10.0,103.532688,0.389244,0.0,0.0,28.0791,1.0,1.0,10353,10353,0,esatto,534,0.0,1.0,10353,none,10353.0,10353.0,53197.0,0.194616,8,12,0.666667,0.251345,0.415322,11.2813,2,5.991,0,1.225,0,5,60,0.4761,2,1,6.357,1
run5-tbt-2s/intercontinentale,intercontinentale,2,45,m1,1CMdrBmxo2wcbEWHTtRHXuKRi6pGt4zPLLdt25,85.56,47.33,"c1:17.50,c2:77.16",2,7,"c1:4,c2:3","c1:0.7000,c2:2.3148",12.0,429.066288,1.586709,0.0,0.0,99.7577,1.0,1.0,42907,42907,0,esatto,547,0.0,1.0,42907,none,42907.0,42907.0,64900.0,0.661125,7,12,0.583333,0.644556,-0.061223,2.9037,2,5.991,1,1.348,0,5,60,1.2551,2,1,6.689,1
run5-tbt-2s/intercontinentale,intercontinentale,2,45,m3,1HCscGy3u1Tw99kZsZNhREFhcEUCrPpbkBJBPv,24.17,70.53,c5:70.53,2,1,c5:1,c5:0.7053,12.0,65.387101,0.241805,0.0,0.0,3.9048,1.0,1.0,,6539,,non pubblicato in questa epoca,,0.0,1.0,,none,,,64900.0,0.100755,0,12,0.0,0.112307,-0.112307,2.9037,2,5.991,1,1.348,0,5,60,1.2551,2,1,6.689,1
run5-tbt-2s/intercontinentale,intercontinentale,2,45,m2,1Hfp7q7MU1cqZ39ggatAxed6qU28DdMjLTSgcH,26.46,96.01,"c3:99.26,c4:92.76",2,4,"c3:2,c4:2","c3:1.9852,c4:1.8552",12.0,154.536984,0.571486,0.0,0.0,11.7992,1.0,1.0,15454,15454,0,esatto,546,0.0,1.0,15454,none,15454.0,15454.0,64900.0,0.23812,5,12,0.416667,0.243137,0.17353,2.9037,2,5.991,1,1.348,0,5,60,1.2551,2,1,6.689,1
run5-tbt-2s/intercontinentale,intercontinentale,2,46,m1,1CMdrBmxo2wcbEWHTtRHXuKRi6pGt4zPLLdt25,85.56,47.33,"c1:17.50,c2:77.16",2,8,"c1:5,c2:3","c1:0.8750,c2:2.3148",14.0,444.039288,1.892864,0.0,0.0,100.567,1.0,1.0,44404,44404,0,esatto,558,0.0,1.0,44404,none,44404.0,44404.0,65684.0,0.676025,5,12,0.416667,0.670374,-0.253707,10.1008,2,5.991,0,1.376,0,5,60,5.5208,2,1,6.67,1
run5-tbt-2s/intercontinentale,intercontinentale,2,46,m3,1HCscGy3u1Tw99kZsZNhREFhcEUCrPpbkBJBPv,24.17,70.53,c5:70.53,1,2,c5:2,c5:1.4106,14.0,58.264202,0.24837,0.0,0.0,23.1049,1.0,1.0,5826,5826,0,esatto,559,0.0,1.0,5826,none,5826.0,5826.0,65684.0,0.088697,0,12,0.0,0.114636,-0.114636,10.1008,2,5.991,0,1.376,0,5,60,5.5208,2,1,6.67,1
run5-tbt-2s/intercontinentale,intercontinentale,2,46,m2,1Hfp7q7MU1cqZ39ggatAxed6qU28DdMjLTSgcH,26.46,96.01,"c3:99.26,c4:92.76",2,4,"c3:2,c4:2","c3:1.9852,c4:1.8552",14.0,154.536984,0.658765,0.0,0.0,64.9628,1.0,1.0,,15454,,non pubblicato in questa epoca,,0.0,1.0,,none,,,65684.0,0.235278,7,12,0.583333,0.21499,0.368343,10.1008,2,5.991,0,1.376,0,5,60,5.5208,2,1,6.67,1
run5-tbt-2s/intercontinentale,intercontinentale,2,47,m1,1CMdrBmxo2wcbEWHTtRHXuKRi6pGt4zPLLdt25,85.56,47.33,"c1:17.50,c2:77.16",2,5,"c1:3,c2:2","c1:0.5250,c2:1.5432",9.0,348.075192,1.211879,0.0,0.0,100.247,1.0,1.0,34808,34808,0,esatto,570,0.0,1.0,34808,none,34808.0,34808.0,51700.0,0.673269,12,12,1.0,0.666728,0.333272,5.9983,2,5.991,0,1.159,0,5,60,8.9158,2,0,6.344,1
run5-tbt-2s/intercontinentale,intercontinentale,2,47,m3,1HCscGy3u1Tw99kZsZNhREFhcEUCrPpbkBJBPv,24.17,70.53,c5:70.53,2,1,c5:1,c5:0.7053,9.0,65.387101,0.227656,0.0,0.0,18.4637,1.0,1.0,6539,6539,0,esatto,570,0.0,1.0,6539,none,6539.0,6539.0,51700.0,0.12648,0,12,0.0,0.096547,-0.096547,5.9983,2,5.991,0,1.159,0,5,60,8.9158,2,0,6.344,1
run5-tbt-2s/intercontinentale,intercontinentale,2,47,m2,1Hfp7q7MU1cqZ39ggatAxed6qU28DdMjLTSgcH,26.46,96.01,"c3:99.26,c4:92.76",1,3,"c3:2,c4:1","c3:1.9852,c4:0.9276",9.0,103.532688,0.360465,0.0,0.0,26.3386,1.0,1.0,10353,10353,0,esatto,570,0.0,1.0,10353,none,10353.0,10353.0,51700.0,0.200251,0,12,0.0,0.236725,-0.236725,5.9983,2,5.991,0,1.159,0,5,60,8.9158,2,0,6.344,1
run5-tbt-2s/intercontinentale,intercontinentale,2,48,m1,1CMdrBmxo2wcbEWHTtRHXuKRi6pGt4zPLLdt25,85.56,47.33,"c1:17.50,c2:77.16",2,7,"c1:4,c2:3","c1:0.7000,c2:2.3148",12.0,429.066288,1.586709,0.0,0.0,100.8417,1.0,1.0,42907,42907,0,esatto,582,0.0,1.0,42907,none,42907.0,42907.0,64900.0,0.661125,10,12,0.833333,0.674876,0.158457,1.8584,2,5.991,1,1.253,0,5,60,10.9954,2,0,6.36,1
run5-tbt-2s/intercontinentale,intercontinentale,2,48,m3,1HCscGy3u1Tw99kZsZNhREFhcEUCrPpbkBJBPv,24.17,70.53,c5:70.53,2,1,c5:1,c5:0.7053,12.0,65.387101,0.241805,0.0,0.0,14.7466,1.0,1.0,,6539,,non pubblicato in questa epoca,,0.0,1.0,,none,,,64900.0,0.100755,0,12,0.0,0.10444,-0.10444,1.8584,2,5.991,1,1.253,0,5,60,10.9954,2,0,6.36,1
run5-tbt-2s/intercontinentale,intercontinentale,2,48,m2,1Hfp7q7MU1cqZ39ggatAxed6qU28DdMjLTSgcH,26.46,96.01,"c3:99.26,c4:92.76",2,4,"c3:2,c4:2","c3:1.9852,c4:1.8552",12.0,154.536984,0.571486,0.0,0.0,70.5083,1.0,1.0,15454,15454,0,esatto,582,0.0,1.0,15454,none,15454.0,15454.0,64900.0,0.23812,2,12,0.166667,0.220684,-0.054017,1.8584,2,5.991,1,1.253,0,5,60,10.9954,2,0,6.36,1
run5-tbt-2s/intercontinentale,intercontinentale,2,49,m1,1CMdrBmxo2wcbEWHTtRHXuKRi6pGt4zPLLdt25,85.56,47.33,"c1:17.50,c2:77.16",2,7,"c1:4,c2:3","c1:0.7000,c2:2.3148",11.0,429.066288,1.572519,0.0,0.0,100.9853,1.0,1.0,,42907,,non pubblicato in questa epoca,,0.0,1.0,,none,,,60028.0,0.714783,12,12,1.0,0.668209,0.331791,5.9585,2,5.991,1,1.389,0,5,60,7.4709,2,0,6.524,1
run5-tbt-2s/intercontinentale,intercontinentale,2,49,m3,1HCscGy3u1Tw99kZsZNhREFhcEUCrPpbkBJBPv,24.17,70.53,c5:70.53,1,1,c5:1,c5:0.7053,11.0,41.217101,0.15106,0.0,0.0,11.7612,1.0,1.0,4122,4122,0,esatto,594,0.0,1.0,4122,none,4122.0,4122.0,60028.0,0.068668,0,12,0.0,0.115761,-0.115761,5.9585,2,5.991,1,1.389,0,5,60,7.4709,2,0,6.524,1
run5-tbt-2s/intercontinentale,intercontinentale,2,49,m2,1Hfp7q7MU1cqZ39ggatAxed6qU28DdMjLTSgcH,26.46,96.01,"c3:99.26,c4:92.76",2,3,"c3:2,c4:1","c3:1.9852,c4:0.9276",11.0,129.992688,0.476421,0.0,0.0,28.1128,1.0,1.0,12999,12999,0,esatto,594,0.0,1.0,12999,none,12999.0,12999.0,60028.0,0.216549,0,12,0.0,0.21603,-0.21603,5.9585,2,5.991,1,1.389,0,5,60,7.4709,2,0,6.524,1
run5-tbt-2s/intercontinentale,intercontinentale,2,50,m1,1CMdrBmxo2wcbEWHTtRHXuKRi6pGt4zPLLdt25,85.56,47.33,"c1:17.50,c2:77.16",1,6,"c1:4,c2:2","c1:0.7000,c2:1.5432",12.0,277.488192,1.294508,0.0,0.0,100.8102,1.0,1.0,27749,27749,0,esatto,606,0.0,1.0,27749,none,27749.0,27749.0,51446.0,0.539381,11,12,0.916667,0.683482,0.233185,3.1166,2,5.991,1,1.049,0,5,60,9.393,2,0,6.225,1
run5-tbt-2s/intercontinentale,intercontinentale,2,50,m3,1HCscGy3u1Tw99kZsZNhREFhcEUCrPpbkBJBPv,24.17,70.53,c5:70.53,2,2,c5:2,c5:1.4106,12.0,82.434202,0.384563,0.0,0.0,9.4,1.0,1.0,8243,8243,0,esatto,606,0.0,1.0,8243,none,8243.0,8243.0,51446.0,0.160226,0,12,0.0,0.087385,-0.087385,3.1166,2,5.991,1,1.049,0,5,60,9.393,2,0,6.225,1
run5-tbt-2s/intercontinentale,intercontinentale,2,50,m2,1Hfp7q7MU1cqZ39ggatAxed6qU28DdMjLTSgcH,26.46,96.01,"c3:99.26,c4:92.76",2,4,"c3:2,c4:2","c3:1.9852,c4:1.8552",12.0,154.536984,0.720929,0.0,0.0,11.1547,1.0,1.0,15454,15454,0,esatto,606,0.0,1.0,15454,none,15454.0,15454.0,51446.0,0.300393,1,12,0.083333,0.229132,-0.145799,3.1166,2,5.991,1,1.049,0,5,60,9.393,2,0,6.225,1
run5-tbt-2s/intercontinentale,intercontinentale,2,51,m1,1CMdrBmxo2wcbEWHTtRHXuKRi6pGt4zPLLdt25,85.56,47.33,"c1:17.50,c2:77.16",2,7,"c1:4,c2:3","c1:0.7000,c2:2.3148",11.0,429.066288,1.511653,0.0,0.0,101.1938,1.0,1.0,42907,42907,0,esatto,618,0.0,1.0,42907,none,42907.0,42907.0,62445.0,0.687117,10,12,0.833333,0.641699,0.191634,2.0979,2,5.991,1,1.282,0,5,60,16.9058,2,0,6.131,1
run5-tbt-2s/intercontinentale,intercontinentale,2,51,m3,1HCscGy3u1Tw99kZsZNhREFhcEUCrPpbkBJBPv,24.17,70.53,c5:70.53,2,1,c5:1,c5:0.7053,11.0,65.387101,0.230367,0.0,0.0,7.4957,1.0,1.0,6539,6539,0,esatto,618,0.0,1.0,6539,none,6539.0,6539.0,62445.0,0.104716,1,12,0.083333,0.106817,-0.023484,2.0979,2,5.991,1,1.282,0,5,60,16.9058,2,0,6.131,1
run5-tbt-2s/intercontinentale,intercontinentale,2,51,m2,1Hfp7q7MU1cqZ39ggatAxed6qU28DdMjLTSgcH,26.46,96.01,"c3:99.26,c4:92.76",2,3,"c3:2,c4:1","c3:1.9852,c4:0.9276",11.0,129.992688,0.45798,0.0,0.0,64.2636,1.0,1.0,12999,12999,0,esatto,618,0.0,1.0,12999,none,12999.0,12999.0,62445.0,0.208167,1,12,0.083333,0.251484,-0.168151,2.0979,2,5.991,1,1.282,0,5,60,16.9058,2,0,6.131,1
run5-tbt-2s/intercontinentale,intercontinentale,2,52,m1,1CMdrBmxo2wcbEWHTtRHXuKRi6pGt4zPLLdt25,85.56,47.33,"c1:17.50,c2:77.16",2,8,"c1:5,c2:3","c1:0.8750,c2:2.3148",13.0,444.039288,1.738804,0.0,0.0,100.868,1.0,1.0,44404,44404,0,esatto,630,0.0,1.0,44404,none,44404.0,44404.0,66397.0,0.668765,12,12,1.0,0.600938,0.399062,7.9688,2,5.991,0,1.645,0,5,60,18.3902,2,0,6.618,1
run5-tbt-2s/intercontinentale,intercontinentale,2,52,m3,1HCscGy3u1Tw99kZsZNhREFhcEUCrPpbkBJBPv,24.17,70.53,c5:70.53,2,1,c5:1,c5:0.7053,13.0,65.387101,0.256048,0.0,0.0,6.0111,1.0,1.0,,6539,,non pubblicato in questa epoca,,0.0,1.0,,none,,,66397.0,0.098483,0,12,0.0,0.137097,-0.137097,7.9688,2,5.991,0,1.645,0,5,60,18.3902,2,0,6.618,1
run5-tbt-2s/intercontinentale,intercontinentale,2,52,m2,1Hfp7q7MU1cqZ39ggatAxed6qU28DdMjLTSgcH,26.46,96.01,"c3:99.26,c4:92.76",2,4,"c3:2,c4:2","c3:1.9852,c4:1.8552",13.0,154.536984,0.605148,0.0,0.0,25.6822,1.0,1.0,15454,15454,0,esatto,630,0.0,1.0,15454,none,15454.0,15454.0,66397.0,0.232751,0,12,0.0,0.261965,-0.261965,7.9688,2,5.991,0,1.645,0,5,60,18.3902,2,0,6.618,1
run5-tbt-2s/intercontinentale,intercontinentale,2,53,m1,1CMdrBmxo2wcbEWHTtRHXuKRi6pGt4zPLLdt25,85.56,47.33,"c1:17.50,c2:77.16",2,7,"c1:4,c2:3","c1:0.7000,c2:2.3148",12.0,429.066288,1.648088,0.0,0.0,5.8341,1.0,1.0,42907,42907,0,esatto,642,0.0,1.0,42907,none,42907.0,42907.0,62483.0,0.686699,12,12,1.0,0.67947,0.32053,5.6608,2,5.991,1,1.225,0,5,60,23.1371,2,0,6.59,1
run5-tbt-2s/intercontinentale,intercontinentale,2,53,m3,1HCscGy3u1Tw99kZsZNhREFhcEUCrPpbkBJBPv,24.17,70.53,c5:70.53,1,1,c5:1,c5:0.7053,12.0,41.217101,0.158319,0.0,0.0,4.7735,1.0,1.0,4122,4122,0,esatto,642,0.0,1.0,4122,none,4122.0,4122.0,62483.0,0.06597,0,12,0.0,0.102119,-0.102119,5.6608,2,5.991,1,1.225,0,5,60,23.1371,2,0,6.59,1
run5-tbt-2s/intercontinentale,intercontinentale,2,53,m2,1Hfp7q7MU1cqZ39ggatAxed6qU28DdMjLTSgcH,26.46,96.01,"c3:99.26,c4:92.76",2,4,"c3:2,c4:2","c3:1.9852,c4:1.8552",12.0,154.536984,0.593593,0.0,0.0,10.1824,1.0,1.0,,15454,,non pubblicato in questa epoca,,0.0,1.0,,none,,,62483.0,0.247331,0,12,0.0,0.218411,-0.218411,5.6608,2,5.991,1,1.225,0,5,60,23.1371,2,0,6.59,1
run5-tbt-2s/intercontinentale,intercontinentale,2,54,m1,1CMdrBmxo2wcbEWHTtRHXuKRi6pGt4zPLLdt25,85.56,47.33,"c1:17.50,c2:77.16",2,6,"c1:4,c2:2","c1:0.7000,c2:1.5432",11.0,363.048192,1.454798,0.0,0.0,96.3151,1.0,1.0,36305,36305,0,esatto,654,0.0,1.0,36305,none,36305.0,36305.0,54901.0,0.661281,7,12,0.583333,0.676237,-0.092904,1.1032,2,5.991,1,1.019,0,5,60,11.8442,2,0,6.22,1
run5-tbt-2s/intercontinentale,intercontinentale,2,54,m3,1HCscGy3u1Tw99kZsZNhREFhcEUCrPpbkBJBPv,24.17,70.53,c5:70.53,2,2,c5:2,c5:1.4106,11.0,82.434202,0.330328,0.0,0.0,3.8098,1.0,1.0,8243,8243,0,esatto,655,0.0,1.0,8243,none,8243.0,8243.0,54901.0,0.150143,2,12,0.166667,0.084936,0.081731,1.1032,2,5.991,1,1.019,0,5,60,11.8442,2,0,6.22,1
run5-tbt-2s/intercontinentale,intercontinentale,2,54,m2,1Hfp7q7MU1cqZ39ggatAxed6qU28DdMjLTSgcH,26.46,96.01,"c3:99.26,c4:92.76",1,3,"c3:2,c4:1","c3:1.9852,c4:0.9276",11.0,103.532688,0.414874,0.0,0.0,63.9114,1.0,1.0,10353,10353,0,esatto,654,0.0,1.0,10353,none,10353.0,10353.0,54901.0,0.188576,3,12,0.25,0.238826,0.011174,1.1032,2,5.991,1,1.019,0,5,60,11.8442,2,0,6.22,1
run5-tbt-2s/intercontinentale,intercontinentale,2,55,m1,1CMdrBmxo2wcbEWHTtRHXuKRi6pGt4zPLLdt25,85.56,47.33,"c1:17.50,c2:77.16",2,6,"c1:3,c2:3","c1:0.5250,c2:2.3148",11.0,414.093288,1.436877,0.0,0.0,100.0665,1.0,1.0,,41409,,non pubblicato in questa epoca,,0.0,1.0,,none,,,54901.0,0.661281,2,8,0.25,0.69023,-0.44023,11.3271,2,5.991,0,0.543,0,5,56,3.3156,2,1,5.715,1
run5-tbt-2s/intercontinentale,intercontinentale,2,55,m3,1HCscGy3u1Tw99kZsZNhREFhcEUCrPpbkBJBPv,24.17,70.53,c5:70.53,2,1,c5:1,c5:0.7053,11.0,65.387101,0.226889,0.0,0.0,23.0572,1.0,1.0,,6539,,non pubblicato in questa epoca,,0.0,1.0,,none,,,54901.0,0.150143,0,8,0.0,0.06787,-0.06787,11.3271,2,5.991,0,0.543,0,5,56,3.3156,2,1,5.715,1
run5-tbt-2s/intercontinentale,intercontinentale,2,55,m2,1Hfp7q7MU1cqZ39ggatAxed6qU28DdMjLTSgcH,26.46,96.01,"c3:99.26,c4:92.76",2,4,"c3:2,c4:2","c3:1.9852,c4:1.8552",11.0,154.536984,0.536234,0.0,0.0,25.7477,1.0,1.0,,15454,,non pubblicato in questa epoca,,0.0,1.0,,none,,,54901.0,0.188576,6,8,0.75,0.2419,0.5081,11.3271,2,5.991,0,0.543,0,5,56,3.3156,2,1,5.715,1
run5-tbt-2s/nazionale,nazionale,2,1,m2,1Qfy23H5N3KcwZ4CW25K68hY7T9BMNCYG9n3d8,0.0,,,0,0,,,0.0,0.0,0.0,0.0,0.0,0.0,0.0,,,1,,non pubblicato in questa epoca,,0.0,1.0,,none,,,,,0,0,,,,,,,,,,5,,,,,,
run5-tbt-2s/nazionale,nazionale,2,1,m3,1VTJbaQB66KoiL8iWQrPES7Ub7ZDzy3XFu8DwG,0.0,,,0,0,,,0.0,0.0,0.0,0.0,0.0,0.0,0.0,,,1,,non pubblicato in questa epoca,,0.0,1.0,,none,,,,,0,0,,,,,,,,,,5,,,,,,
run5-tbt-2s/nazionale,nazionale,2,1,m1,1WZPCjFVjDt2AkwLnqG5BfyoxCWtkqFRU8YSSF,0.0,,,0,0,,,0.0,0.0,0.0,0.0,0.0,0.0,0.0,,,1,,non pubblicato in questa epoca,,0.0,1.0,,none,,,,,0,0,,,,,,,,,,5,,,,,,
run5-tbt-2s/nazionale,nazionale,2,2,m2,1Qfy23H5N3KcwZ4CW25K68hY7T9BMNCYG9n3d8,0.0,,,0,0,,,0.0,0.0,0.0,0.0,0.0,0.0,0.0,0.0,,1,,non pubblicato in questa epoca,,0.0,1.0,,none,,,,,0,0,,,,,,,,,,5,,,,,,
run5-tbt-2s/nazionale,nazionale,2,2,m3,1VTJbaQB66KoiL8iWQrPES7Ub7ZDzy3XFu8DwG,0.0,,,0,0,,,0.0,0.0,0.0,0.0,0.0,0.0,0.0,0.0,,1,,non pubblicato in questa epoca,,0.0,1.0,,none,,,,,0,0,,,,,,,,,,5,,,,,,
run5-tbt-2s/nazionale,nazionale,2,2,m1,1WZPCjFVjDt2AkwLnqG5BfyoxCWtkqFRU8YSSF,0.0,,,0,0,,,0.0,0.0,0.0,0.0,0.0,0.0,0.0,0.0,,1,,non pubblicato in questa epoca,,0.0,1.0,,none,,,,,0,0,,,,,,,,,,5,,,,,,
run5-tbt-2s/nazionale,nazionale,2,3,m2,1Qfy23H5N3KcwZ4CW25K68hY7T9BMNCYG9n3d8,0.0,,,0,0,,,0.0,0.0,0.0,0.0,0.0,0.0,0.0,0.0,,1,,non pubblicato in questa epoca,,0.0,1.0,,none,,,,,0,0,,,,,,,,,,5,,,,,,
run5-tbt-2s/nazionale,nazionale,2,3,m3,1VTJbaQB66KoiL8iWQrPES7Ub7ZDzy3XFu8DwG,0.0,,,0,0,,,0.0,0.0,0.0,0.0,0.0,0.0,0.0,0.0,,1,,non pubblicato in questa epoca,,0.0,1.0,,none,,,,,0,0,,,,,,,,,,5,,,,,,
run5-tbt-2s/nazionale,nazionale,2,3,m1,1WZPCjFVjDt2AkwLnqG5BfyoxCWtkqFRU8YSSF,0.0,,,0,0,,,0.0,0.0,0.0,0.0,0.0,0.0,0.0,0.0,,1,,non pubblicato in questa epoca,,0.0,1.0,,none,,,,,0,0,,,,,,,,,,5,,,,,,
run5-tbt-2s/nazionale,nazionale,2,4,m2,1Qfy23H5N3KcwZ4CW25K68hY7T9BMNCYG9n3d8,0.0,,,0,0,,,0.0,0.0,0.0,0.0,0.0,0.0,0.0,0.0,,1,,non pubblicato in questa epoca,,0.0,1.0,,none,,,,,0,0,,,,,,,,,,5,,,,,,
run5-tbt-2s/nazionale,nazionale,2,4,m3,1VTJbaQB66KoiL8iWQrPES7Ub7ZDzy3XFu8DwG,0.0,,,0,0,,,0.0,0.0,0.0,0.0,0.0,0.0,0.0,0.0,,1,,non pubblicato in questa epoca,,0.0,1.0,,none,,,,,0,0,,,,,,,,,,5,,,,,,
run5-tbt-2s/nazionale,nazionale,2,4,m1,1WZPCjFVjDt2AkwLnqG5BfyoxCWtkqFRU8YSSF,0.0,,,0,0,,,0.0,0.0,0.0,0.0,0.0,0.0,0.0,0.0,,1,,non pubblicato in questa epoca,,0.0,1.0,,none,,,,,0,0,,,,,,,,,,5,,,,,,
run5-tbt-2s/nazionale,nazionale,2,5,m2,1Qfy23H5N3KcwZ4CW25K68hY7T9BMNCYG9n3d8,0.0,,,0,0,,,0.0,0.0,0.0,0.0,0.0,0.0,0.0,0.0,,1,,non pubblicato in questa epoca,,0.0,1.0,,none,,,,,0,0,,,,,,,,,,5,,,,,,
run5-tbt-2s/nazionale,nazionale,2,5,m3,1VTJbaQB66KoiL8iWQrPES7Ub7ZDzy3XFu8DwG,0.0,,,0,0,,,0.0,0.0,0.0,0.0,0.0,0.0,0.0,0.0,,1,,non pubblicato in questa epoca,,0.0,1.0,,none,,,,,0,0,,,,,,,,,,5,,,,,,
run5-tbt-2s/nazionale,nazionale,2,5,m1,1WZPCjFVjDt2AkwLnqG5BfyoxCWtkqFRU8YSSF,0.0,,,0,0,,,0.0,0.0,0.0,0.0,0.0,0.0,0.0,0.0,,1,,non pubblicato in questa epoca,,0.0,1.0,,none,,,,,0,0,,,,,,,,,,5,,,,,,
run5-tbt-2s/nazionale,nazionale,2,6,m2,1Qfy23H5N3KcwZ4CW25K68hY7T9BMNCYG9n3d8,0.0,,,0,0,,,0.0,0.0,0.0,0.0,0.0,0.0,0.0,0.0,,1,,non pubblicato in questa epoca,,0.0,1.0,,none,,,,,0,0,,,,,,,,,,5,,,,,,
run5-tbt-2s/nazionale,nazionale,2,6,m3,1VTJbaQB66KoiL8iWQrPES7Ub7ZDzy3XFu8DwG,0.0,,,0,0,,,0.0,0.0,0.0,0.0,0.0,0.0,0.0,0.0,,1,,non pubblicato in questa epoca,,0.0,1.0,,none,,,,,0,0,,,,,,,,,,5,,,,,,
run5-tbt-2s/nazionale,nazionale,2,6,m1,1WZPCjFVjDt2AkwLnqG5BfyoxCWtkqFRU8YSSF,0.0,,,0,0,,,0.0,0.0,0.0,0.0,0.0,0.0,0.0,0.0,,1,,non pubblicato in questa epoca,,0.0,1.0,,none,,,,,0,0,,,,,,,,,,5,,,,,,
run5-tbt-2s/nazionale,nazionale,2,7,m2,1Qfy23H5N3KcwZ4CW25K68hY7T9BMNCYG9n3d8,0.0,,,0,0,,,0.0,0.0,0.0,0.0,0.0,0.0,0.0,0.0,,1,,non pubblicato in questa epoca,,0.0,1.0,,none,,,,,0,0,,,,,,,,,,5,,,,,,
run5-tbt-2s/nazionale,nazionale,2,7,m3,1VTJbaQB66KoiL8iWQrPES7Ub7ZDzy3XFu8DwG,0.0,,,0,0,,,0.0,0.0,0.0,0.0,0.0,0.0,0.0,0.0,,1,,non pubblicato in questa epoca,,0.0,1.0,,none,,,,,0,0,,,,,,,,,,5,,,,,,
run5-tbt-2s/nazionale,nazionale,2,7,m1,1WZPCjFVjDt2AkwLnqG5BfyoxCWtkqFRU8YSSF,0.0,,,0,0,,,0.0,0.0,0.0,0.0,0.0,0.0,0.0,0.0,,1,,non pubblicato in questa epoca,,0.0,1.0,,none,,,,,0,0,,,,,,,,,,5,,,,,,
run5-tbt-2s/nazionale,nazionale,2,8,m2,1Qfy23H5N3KcwZ4CW25K68hY7T9BMNCYG9n3d8,0.0,,,0,0,,,0.0,0.0,0.0,0.0,0.0,0.0,0.0,0.0,,1,,non pubblicato in questa epoca,,0.0,1.0,,none,,,,,0,0,,,,,,,,,,5,,,,,,
run5-tbt-2s/nazionale,nazionale,2,8,m3,1VTJbaQB66KoiL8iWQrPES7Ub7ZDzy3XFu8DwG,0.0,,,0,0,,,0.0,0.0,0.0,0.0,0.0,0.0,0.0,0.0,,1,,non pubblicato in questa epoca,,0.0,1.0,,none,,,,,0,0,,,,,,,,,,5,,,,,,
run5-tbt-2s/nazionale,nazionale,2,8,m1,1WZPCjFVjDt2AkwLnqG5BfyoxCWtkqFRU8YSSF,0.0,,,0,0,,,0.0,0.0,0.0,0.0,0.0,0.0,0.0,0.0,,1,,non pubblicato in questa epoca,,0.0,1.0,,none,,,,,0,0,,,,,,,,,,5,,,,,,
run5-tbt-2s/nazionale,nazionale,2,9,m2,1Qfy23H5N3KcwZ4CW25K68hY7T9BMNCYG9n3d8,0.0,,,0,0,,,0.0,0.0,0.0,0.0,0.0,0.0,0.0,0.0,1,1,0,esatto,124,0.0,1.0,1,none,1.0,1.0,3.0,0.333333,0,0,,,,,,,,,,5,,,,,,
run5-tbt-2s/nazionale,nazionale,2,9,m3,1VTJbaQB66KoiL8iWQrPES7Ub7ZDzy3XFu8DwG,0.0,,,0,0,,,0.0,0.0,0.0,0.0,0.0,0.0,0.0,0.0,1,1,0,esatto,124,0.0,1.0,1,none,1.0,1.0,3.0,0.333333,0,0,,,,,,,,,,5,,,,,,
run5-tbt-2s/nazionale,nazionale,2,9,m1,1WZPCjFVjDt2AkwLnqG5BfyoxCWtkqFRU8YSSF,0.0,,,0,0,,,0.0,0.0,0.0,0.0,0.0,0.0,0.0,0.0,1,1,0,esatto,124,0.0,1.0,1,none,1.0,1.0,3.0,0.333333,0,0,,,,,,,,,,5,,,,,,
run5-tbt-2s/nazionale,nazionale,2,10,m2,1Qfy23H5N3KcwZ4CW25K68hY7T9BMNCYG9n3d8,0.0,,,0,0,,,0.0,0.0,0.0,0.0,0.0,0.0,0.0,0.0,,1,,non pubblicato in questa epoca,,0.0,1.0,,none,,,3.0,0.333333,0,0,,,,,,,,,,5,,,,,,
run5-tbt-2s/nazionale,nazionale,2,10,m3,1VTJbaQB66KoiL8iWQrPES7Ub7ZDzy3XFu8DwG,0.0,,,0,0,,,0.0,0.0,0.0,0.0,0.0,0.0,0.0,0.0,,1,,non pubblicato in questa epoca,,0.0,1.0,,none,,,3.0,0.333333,0,0,,,,,,,,,,5,,,,,,
run5-tbt-2s/nazionale,nazionale,2,10,m1,1WZPCjFVjDt2AkwLnqG5BfyoxCWtkqFRU8YSSF,0.0,,,0,0,,,0.0,0.0,0.0,0.0,0.0,0.0,0.0,0.0,,1,,non pubblicato in questa epoca,,0.0,1.0,,none,,,3.0,0.333333,0,0,,,,,,,,,,5,,,,,,
run5-tbt-2s/nazionale,nazionale,2,11,m2,1Qfy23H5N3KcwZ4CW25K68hY7T9BMNCYG9n3d8,26.46,96.01,"c3:99.26,c4:92.76",2,2,"c3:1,c4:1","c3:0.9926,c4:0.9276",5.0,103.728492,0.246253,0.0,0.246253,0.0,0.0,0.0,5186,5186,0,esatto,138,0.0,1.0,5186,none,5186.0,5186.0,21061.0,0.246237,0,0,,,,,,,,,,5,,,,,,
run5-tbt-2s/nazionale,nazionale,2,11,m3,1VTJbaQB66KoiL8iWQrPES7Ub7ZDzy3XFu8DwG,24.17,70.53,c5:70.53,2,1,c5:1,c5:0.7053,5.0,65.387101,0.15523,0.0,0.15523,0.0,0.0,0.0,3269,3269,0,esatto,138,0.0,1.0,3269,none,3269.0,3269.0,21061.0,0.155216,0,0,,,,,,,,,,5,,,,,,
run5-tbt-2s/nazionale,nazionale,2,11,m1,1WZPCjFVjDt2AkwLnqG5BfyoxCWtkqFRU8YSSF,85.56,47.33,"c1:17.50,c2:77.16",2,2,"c1:1,c2:1","c1:0.1750,c2:0.7716",5.0,252.111096,0.598516,0.0,0.598516,0.0,0.0,0.0,12606,12606,0,esatto,138,0.0,1.0,12606,none,12606.0,12606.0,21061.0,0.598547,0,0,,,,,,,,,,5,,,,,,
run5-tbt-2s/nazionale,nazionale,2,12,m2,1Qfy23H5N3KcwZ4CW25K68hY7T9BMNCYG9n3d8,26.46,96.01,"c3:99.26,c4:92.76",1,0,"c3:0,c4:0","c3:0.0000,c4:0.0000",0.0,26.46,0.0,0.246253,0.246253,0.0,0.0,0.0,1323,1323,0,esatto,151,0.0,1.0,1323,none,1323.0,1323.0,6810.0,0.194273,0,0,,,,,,,,,,5,,,,,,
run5-tbt-2s/nazionale,nazionale,2,12,m3,1VTJbaQB66KoiL8iWQrPES7Ub7ZDzy3XFu8DwG,24.17,70.53,c5:70.53,1,0,c5:0,c5:0.0000,0.0,24.17,0.0,0.15523,0.15523,0.0,0.0,0.0,1209,1209,0,esatto,151,0.0,1.0,1209,none,1209.0,1209.0,6810.0,0.177533,0,0,,,,,,,,,,5,,,,,,
run5-tbt-2s/nazionale,nazionale,2,12,m1,1WZPCjFVjDt2AkwLnqG5BfyoxCWtkqFRU8YSSF,85.56,47.33,"c1:17.50,c2:77.16",1,0,"c1:0,c2:0","c1:0.0000,c2:0.0000",0.0,85.56,0.0,0.598516,0.598516,0.0,0.0,0.0,4278,4278,0,esatto,151,0.0,1.0,4278,none,4278.0,4278.0,6810.0,0.628194,0,0,,,,,,,,,,5,,,,,,
run5-tbt-2s/nazionale,nazionale,2,13,m2,1Qfy23H5N3KcwZ4CW25K68hY7T9BMNCYG9n3d8,26.46,96.01,"c3:99.26,c4:92.76",1,0,"c3:0,c4:0","c3:0.0000,c4:0.0000",0.0,26.46,0.0,0.246253,0.246253,0.0,0.0,0.0,,1323,,non pubblicato in questa epoca,,0.0,1.0,,none,,,6810.0,0.194273,0,0,,,,,,,,,,5,,,,,,
run5-tbt-2s/nazionale,nazionale,2,13,m3,1VTJbaQB66KoiL8iWQrPES7Ub7ZDzy3XFu8DwG,24.17,70.53,c5:70.53,1,0,c5:0,c5:0.0000,0.0,24.17,0.0,0.15523,0.15523,0.0,0.0,0.0,,1209,,non pubblicato in questa epoca,,0.0,1.0,,none,,,6810.0,0.177533,0,0,,,,,,,,,,5,,,,,,
run5-tbt-2s/nazionale,nazionale,2,13,m1,1WZPCjFVjDt2AkwLnqG5BfyoxCWtkqFRU8YSSF,85.56,47.33,"c1:17.50,c2:77.16",1,0,"c1:0,c2:0","c1:0.0000,c2:0.0000",0.0,85.56,0.0,0.598516,0.598516,0.0,0.0,0.0,,4278,,non pubblicato in questa epoca,,0.0,1.0,,none,,,6810.0,0.628194,0,0,,,,,,,,,,5,,,,,,
run5-tbt-2s/nazionale,nazionale,2,14,m2,1Qfy23H5N3KcwZ4CW25K68hY7T9BMNCYG9n3d8,26.46,96.01,"c3:99.26,c4:92.76",1,2,"c3:1,c4:1","c3:0.9926,c4:0.9276",7.0,77.268492,0.29554,0.246253,-0.0,28.5614,1.0,0.0,3863,3863,0,esatto,174,0.0,1.0,3863,none,3863.0,3863.0,18301.0,0.211081,0,0,,,,,,,,,,5,,,,,,
run5-tbt-2s/nazionale,nazionale,2,14,m3,1VTJbaQB66KoiL8iWQrPES7Ub7ZDzy3XFu8DwG,24.17,70.53,c5:70.53,1,1,c5:1,c5:0.7053,7.0,41.217101,0.157649,0.15523,0.0,9.5206,1.0,0.0,2061,2061,0,esatto,174,0.0,1.0,2061,none,2061.0,2061.0,18301.0,0.112617,0,0,,,,,,,,,,5,,,,,,
run5-tbt-2s/nazionale,nazionale,2,14,m1,1WZPCjFVjDt2AkwLnqG5BfyoxCWtkqFRU8YSSF,85.56,47.33,"c1:17.50,c2:77.16",1,4,"c1:2,c2:2","c1:0.3500,c2:1.5432",7.0,247.542192,0.946811,0.598516,0.0,45.2229,1.0,0.0,12377,12377,0,esatto,174,0.0,1.0,12377,none,12377.0,12377.0,18301.0,0.676302,0,0,,,,,,,,,,5,,,,,,
run5-tbt-2s/nazionale,nazionale,2,15,m2,1Qfy23H5N3KcwZ4CW25K68hY7T9BMNCYG9n3d8,26.46,96.01,"c3:99.26,c4:92.76",2,3,"c3:2,c4:1","c3:1.9852,c4:0.9276",9.0,129.992688,0.430554,-0.0,-0.0,11.3975,1.0,1.0,12999,12999,0,esatto,186,0.0,1.0,12999,none,12999.0,12999.0,54346.0,0.23919,0,0,,,,,,,,,,5,,,,,,
run5-tbt-2s/nazionale,nazionale,2,15,m3,1VTJbaQB66KoiL8iWQrPES7Ub7ZDzy3XFu8DwG,24.17,70.53,c5:70.53,2,1,c5:1,c5:0.7053,9.0,65.387101,0.216571,0.0,0.0,7.6074,1.0,1.0,6539,6539,0,esatto,186,0.0,1.0,6539,none,6539.0,6539.0,54346.0,0.120322,0,0,,,,,,,,,,5,,,,,,
run5-tbt-2s/nazionale,nazionale,2,15,m1,1WZPCjFVjDt2AkwLnqG5BfyoxCWtkqFRU8YSSF,85.56,47.33,"c1:17.50,c2:77.16",2,5,"c1:3,c2:2","c1:0.5250,c2:1.5432",9.0,348.075192,1.152874,0.0,-0.0,97.3802,1.0,1.0,34808,34808,0,esatto,186,0.0,1.0,34808,none,34808.0,34808.0,54346.0,0.640489,0,0,,,,,,,,,,5,,,,,,
run5-tbt-2s/nazionale,nazionale,2,16,m2,1Qfy23H5N3KcwZ4CW25K68hY7T9BMNCYG9n3d8,26.46,96.01,"c3:99.26,c4:92.76",2,4,"c3:2,c4:2","c3:1.9852,c4:1.8552",11.0,154.536984,0.583186,-0.0,-0.0,64.5866,1.0,1.0,15454,15454,0,esatto,198,0.0,1.0,15454,none,15454.0,15454.0,58298.0,0.265086,0,0,,,,,,,,,,5,,,,,,
run5-tbt-2s/nazionale,nazionale,2,16,m3,1VTJbaQB66KoiL8iWQrPES7Ub7ZDzy3XFu8DwG,24.17,70.53,c5:70.53,2,1,c5:1,c5:0.7053,11.0,65.387101,0.246756,0.0,0.0,6.1477,1.0,1.0,,6539,,non pubblicato in questa epoca,,0.0,1.0,,none,,,58298.0,0.112165,0,0,,,,,,,,,,5,,,,,,
run5-tbt-2s/nazionale,nazionale,2,16,m1,1WZPCjFVjDt2AkwLnqG5BfyoxCWtkqFRU8YSSF,85.56,47.33,"c1:17.50,c2:77.16",2,6,"c1:4,c2:2","c1:0.7000,c2:1.5432",11.0,363.048192,1.370058,-0.0,0.0,99.7968,1.0,1.0,36305,36305,0,esatto,199,0.0,1.0,36305,none,36305.0,36305.0,58298.0,0.622749,0,0,,,,,,,,,,5,,,,,,
run5-tbt-2s/nazionale,nazionale,2,17,m2,1Qfy23H5N3KcwZ4CW25K68hY7T9BMNCYG9n3d8,26.46,96.01,"c3:99.26,c4:92.76",2,2,"c3:1,c4:1","c3:0.9926,c4:0.9276",8.0,103.728492,0.33663,-0.0,0.0,26.0325,1.0,1.0,10373,10373,0,esatto,210,0.0,1.0,10373,none,10373.0,10373.0,49303.0,0.210393,0,3,0.0,0.265086,-0.265086,1.8174,2,5.991,1,0.336,0,5,3,1.8174,2,1,0.336,0
run5-tbt-2s/nazionale,nazionale,2,17,m3,1VTJbaQB66KoiL8iWQrPES7Ub7ZDzy3XFu8DwG,24.17,70.53,c5:70.53,1,1,c5:1,c5:0.7053,8.0,41.217101,0.133762,0.0,0.0,4.9917,1.0,1.0,4122,4122,0,esatto,210,0.0,1.0,4122,none,4122.0,4122.0,49303.0,0.083605,0,3,0.0,0.112165,-0.112165,1.8174,2,5.991,1,0.336,0,5,3,1.8174,2,1,0.336,0
run5-tbt-2s/nazionale,nazionale,2,17,m1,1WZPCjFVjDt2AkwLnqG5BfyoxCWtkqFRU8YSSF,85.56,47.33,"c1:17.50,c2:77.16",2,5,"c1:3,c2:2","c1:0.5250,c2:1.5432",8.0,348.075192,1.129608,0.0,-0.0,99.8464,1.0,1.0,34808,34808,0,esatto,210,0.0,1.0,34808,none,34808.0,34808.0,49303.0,0.706002,3,3,1.0,0.622749,0.377251,1.8174,2,5.991,1,0.336,0,5,3,1.8174,2,1,0.336,0
run5-tbt-2s/nazionale,nazionale,2,18,m2,1Qfy23H5N3KcwZ4CW25K68hY7T9BMNCYG9n3d8,26.46,96.01,"c3:99.26,c4:92.76",2,5,"c3:3,c4:2","c3:2.9778,c4:1.8552",15.0,180.80118,0.766892,0.0,0.0,70.3228,1.0,1.0,18080,18080,0,esatto,223,0.0,1.0,18080,none,18080.0,18080.0,70727.0,0.255631,0,12,0.0,0.242297,-0.242297,6.2527,2,5.991,0,1.203,0,5,15,8.0592,2,0,1.54,0
run5-tbt-2s/nazionale,nazionale,2,18,m3,1VTJbaQB66KoiL8iWQrPES7Ub7ZDzy3XFu8DwG,24.17,70.53,c5:70.53,2,2,c5:2,c5:1.4106,15.0,82.434202,0.349656,0.0,0.0,3.9844,1.0,1.0,8243,8243,0,esatto,223,0.0,1.0,8243,none,8243.0,8243.0,70727.0,0.116547,0,12,0.0,0.100265,-0.100265,6.2527,2,5.991,0,1.203,0,5,15,8.0592,2,0,1.54,0
run5-tbt-2s/nazionale,nazionale,2,18,m1,1WZPCjFVjDt2AkwLnqG5BfyoxCWtkqFRU8YSSF,85.56,47.33,"c1:17.50,c2:77.16",2,8,"c1:5,c2:3","c1:0.8750,c2:2.3148",15.0,444.039288,1.883452,-0.0,0.0,100.2756,1.0,1.0,44404,44404,0,esatto,223,0.0,1.0,44404,none,44404.0,44404.0,70727.0,0.627822,12,12,1.0,0.657437,0.342563,6.2527,2,5.991,0,1.203,0,5,15,8.0592,2,0,1.54,0
run5-tbt-2s/nazionale,nazionale,2,19,m2,1Qfy23H5N3KcwZ4CW25K68hY7T9BMNCYG9n3d8,26.46,96.01,"c3:99.26,c4:92.76",2,2,"c3:1,c4:1","c3:0.9926,c4:0.9276",9.0,103.728492,0.320145,0.0,0.0,28.0387,1.0,1.0,10373,10373,0,esatto,235,0.0,1.0,10373,none,10373.0,10373.0,58321.0,0.17786,0,12,0.0,0.225472,-0.225472,5.6486,2,5.991,1,1.135,0,5,27,13.6881,2,0,2.675,0
run5-tbt-2s/nazionale,nazionale,2,19,m3,1VTJbaQB66KoiL8iWQrPES7Ub7ZDzy3XFu8DwG,24.17,70.53,c5:70.53,2,1,c5:1,c5:0.7053,9.0,65.387101,0.201809,0.0,0.0,23.1573,1.0,1.0,6539,6539,0,esatto,235,0.0,1.0,6539,none,6539.0,6539.0,58321.0,0.112121,0,12,0.0,0.094586,-0.094586,5.6486,2,5.991,1,1.135,0,5,27,13.6881,2,0,2.675,0
run5-tbt-2s/nazionale,nazionale,2,19,m1,1WZPCjFVjDt2AkwLnqG5BfyoxCWtkqFRU8YSSF,85.56,47.33,"c1:17.50,c2:77.16",2,6,"c1:3,c2:3","c1:0.5250,c2:2.3148",9.0,414.093288,1.278046,0.0,-0.0,101.2348,1.0,1.0,41409,41409,0,esatto,234,0.0,1.0,41409,none,41409.0,41409.0,58321.0,0.710019,12,12,1.0,0.679942,0.320058,5.6486,2,5.991,1,1.135,0,5,27,13.6881,2,0,2.675,0
run5-tbt-2s/nazionale,nazionale,2,20,m2,1Qfy23H5N3KcwZ4CW25K68hY7T9BMNCYG9n3d8,26.46,96.01,"c3:99.26,c4:92.76",2,4,"c3:2,c4:2","c3:1.9852,c4:1.8552",11.0,154.536984,0.583186,0.0,0.0,11.1428,1.0,1.0,15454,15454,0,esatto,246,0.0,1.0,15454,none,15454.0,15454.0,58298.0,0.265086,0,12,0.0,0.230649,-0.230649,6.3528,2,5.991,0,1.386,0,5,39,20.0382,2,0,4.061,0
run5-tbt-2s/nazionale,nazionale,2,20,m3,1VTJbaQB66KoiL8iWQrPES7Ub7ZDzy3XFu8DwG,24.17,70.53,c5:70.53,2,1,c5:1,c5:0.7053,11.0,65.387101,0.246756,0.0,0.0,18.4957,1.0,1.0,,6539,,non pubblicato in questa epoca,,0.0,1.0,,none,,,58298.0,0.112165,0,12,0.0,0.115501,-0.115501,6.3528,2,5.991,0,1.386,0,5,39,20.0382,2,0,4.061,0
run5-tbt-2s/nazionale,nazionale,2,20,m1,1WZPCjFVjDt2AkwLnqG5BfyoxCWtkqFRU8YSSF,85.56,47.33,"c1:17.50,c2:77.16",2,6,"c1:4,c2:2","c1:0.7000,c2:1.5432",11.0,363.048192,1.370058,-0.0,0.0,100.9471,1.0,1.0,36305,36305,0,esatto,246,0.0,1.0,36305,none,36305.0,36305.0,58298.0,0.622749,12,12,1.0,0.65385,0.34615,6.3528,2,5.991,0,1.386,0,5,39,20.0382,2,0,4.061,0
run5-tbt-2s/nazionale,nazionale,2,21,m2,1Qfy23H5N3KcwZ4CW25K68hY7T9BMNCYG9n3d8,26.46,96.01,"c3:99.26,c4:92.76",2,3,"c3:2,c4:1","c3:1.9852,c4:0.9276",11.0,129.992688,0.476421,0.0,-0.0,64.3312,1.0,1.0,12999,12999,0,esatto,258,0.0,1.0,12999,none,12999.0,12999.0,60028.0,0.216549,0,12,0.0,0.214205,-0.214205,5.8132,2,5.991,1,1.346,0,5,51,25.8461,2,0,5.406,1
run5-tbt-2s/nazionale,nazionale,2,21,m3,1VTJbaQB66KoiL8iWQrPES7Ub7ZDzy3XFu8DwG,24.17,70.53,c5:70.53,1,1,c5:1,c5:0.7053,11.0,41.217101,0.15106,0.0,0.0,14.7665,1.0,1.0,4122,4122,0,esatto,258,0.0,1.0,4122,none,4122.0,4122.0,60028.0,0.068668,0,12,0.0,0.112139,-0.112139,5.8132,2,5.991,1,1.346,0,5,51,25.8461,2,0,5.406,1
run5-tbt-2s/nazionale,nazionale,2,21,m1,1WZPCjFVjDt2AkwLnqG5BfyoxCWtkqFRU8YSSF,85.56,47.33,"c1:17.50,c2:77.16",2,7,"c1:4,c2:3","c1:0.7000,c2:2.3148",11.0,429.066288,1.572519,0.0,-0.0,101.0604,1.0,1.0,42907,42907,0,esatto,258,0.0,1.0,42907,none,42907.0,42907.0,60028.0,0.714783,12,12,1.0,0.673656,0.326344,5.8132,2,5.991,1,1.346,0,5,51,25.8461,2,0,5.406,1
run5-tbt-2s/nazionale,nazionale,2,22,m2,1Qfy23H5N3KcwZ4CW25K68hY7T9BMNCYG9n3d8,26.46,96.01,"c3:99.26,c4:92.76",2,4,"c3:2,c4:2","c3:1.9852,c4:1.8552",13.0,154.536984,0.603264,-0.0,-0.0,25.6599,1.0,1.0,15454,15454,0,esatto,271,0.0,1.0,15454,none,15454.0,15454.0,66604.0,0.232028,0,12,0.0,0.244862,-0.244862,6.1517,2,5.991,0,1.128,0,5,60,30.1989,2,0,6.198,1
run5-tbt-2s/nazionale,nazionale,2,22,m3,1VTJbaQB66KoiL8iWQrPES7Ub7ZDzy3XFu8DwG,24.17,70.53,c5:70.53,2,2,c5:2,c5:1.4106,13.0,82.434202,0.321797,0.0,0.0,11.8041,1.0,1.0,8243,8243,0,esatto,271,0.0,1.0,8243,none,8243.0,8243.0,66604.0,0.123761,0,12,0.0,0.094041,-0.094041,6.1517,2,5.991,0,1.128,0,5,60,30.1989,2,0,6.198,1
run5-tbt-2s/nazionale,nazionale,2,22,m1,1WZPCjFVjDt2AkwLnqG5BfyoxCWtkqFRU8YSSF,85.56,47.33,"c1:17.50,c2:77.16",2,7,"c1:4,c2:3","c1:0.7000,c2:2.3148",13.0,429.066288,1.674939,-0.0,-0.0,100.8913,1.0,1.0,,42907,,non pubblicato in questa epoca,,0.0,1.0,,none,,,66604.0,0.644211,12,12,1.0,0.661096,0.338904,6.1517,2,5.991,0,1.128,0,5,60,30.1989,2,0,6.198,1
run5-tbt-2s/nazionale,nazionale,2,23,m2,1Qfy23H5N3KcwZ4CW25K68hY7T9BMNCYG9n3d8,26.46,96.01,"c3:99.26,c4:92.76",2,4,"c3:2,c4:2","c3:1.9852,c4:1.8552",11.0,154.536984,0.6835,-0.0,-0.0,70.1912,1.0,1.0,,15454,,non pubblicato in questa epoca,,0.0,1.0,,none,,,49742.0,0.310683,0,12,0.0,0.221709,-0.221709,5.3596,2,5.991,1,1.044,0,5,60,29.2909,2,0,6.04,1
run5-tbt-2s/nazionale,nazionale,2,23,m3,1VTJbaQB66KoiL8iWQrPES7Ub7ZDzy3XFu8DwG,24.17,70.53,c5:70.53,2,1,c5:1,c5:0.7053,11.0,65.387101,0.2892,0.0,0.0,9.4132,1.0,1.0,6539,6539,0,esatto,282,0.0,1.0,6539,none,6539.0,6539.0,49742.0,0.131458,0,12,0.0,0.087032,-0.087032,5.3596,2,5.991,1,1.044,0,5,60,29.2909,2,0,6.04,1
run5-tbt-2s/nazionale,nazionale,2,23,m1,1WZPCjFVjDt2AkwLnqG5BfyoxCWtkqFRU8YSSF,85.56,47.33,"c1:17.50,c2:77.16",1,6,"c1:4,c2:2","c1:0.7000,c2:1.5432",11.0,277.488192,1.2273,-0.0,-0.0,100.9739,1.0,1.0,27749,27749,0,esatto,282,0.0,1.0,27749,none,27749.0,27749.0,49742.0,0.557859,12,12,1.0,0.691259,0.308741,5.3596,2,5.991,1,1.044,0,5,60,29.2909,2,0,6.04,1
run5-tbt-2s/nazionale,nazionale,2,24,m2,1Qfy23H5N3KcwZ4CW25K68hY7T9BMNCYG9n3d8,26.46,96.01,"c3:99.26,c4:92.76",1,3,"c3:2,c4:1","c3:1.9852,c4:0.9276",11.0,103.532688,0.380898,-0.0,-0.0,28.0038,1.0,1.0,10353,10353,0,esatto,295,0.0,1.0,10353,none,10353.0,10353.0,59799.0,0.17313,0,12,0.0,0.264801,-0.264801,7.7294,2,5.991,0,1.524,0,5,60,31.2383,2,0,6.428,1
run5-tbt-2s/nazionale,nazionale,2,24,m3,1VTJbaQB66KoiL8iWQrPES7Ub7ZDzy3XFu8DwG,24.17,70.53,c5:70.53,2,1,c5:1,c5:0.7053,11.0,65.387101,0.24056,0.0,0.0,7.5062,1.0,1.0,,6539,,non pubblicato in questa epoca,,0.0,1.0,,none,,,59799.0,0.10935,0,12,0.0,0.126968,-0.126968,7.7294,2,5.991,0,1.524,0,5,60,31.2383,2,0,6.428,1
run5-tbt-2s/nazionale,nazionale,2,24,m1,1WZPCjFVjDt2AkwLnqG5BfyoxCWtkqFRU8YSSF,85.56,47.33,"c1:17.50,c2:77.16",2,7,"c1:4,c2:3","c1:0.7000,c2:2.3148",11.0,429.066288,1.578541,-0.0,0.0,100.8005,1.0,1.0,42907,42907,0,esatto,295,0.0,1.0,42907,none,42907.0,42907.0,59799.0,0.71752,12,12,1.0,0.608231,0.391769,7.7294,2,5.991,0,1.524,0,5,60,31.2383,2,0,6.428,1
run5-tbt-2s/nazionale,nazionale,2,25,m2,1Qfy23H5N3KcwZ4CW25K68hY7T9BMNCYG9n3d8,26.46,96.01,"c3:99.26,c4:92.76",2,4,"c3:2,c4:2","c3:1.9852,c4:1.8552",11.0,154.536984,0.608411,-0.0,-0.0,11.1744,1.0,1.0,15454,15454,0,esatto,307,0.0,1.0,15454,none,15454.0,15454.0,55881.0,0.276552,0,12,0.0,0.264832,-0.264832,7.4727,2,5.991,0,1.489,0,5,60,22.976,2,0,6.531,1
run5-tbt-2s/nazionale,nazionale,2,25,m3,1VTJbaQB66KoiL8iWQrPES7Ub7ZDzy3XFu8DwG,24.17,70.53,c5:70.53,1,1,c5:1,c5:0.7053,11.0,41.217101,0.162271,0.0,0.0,5.9749,1.0,1.0,4122,4122,0,esatto,307,0.0,1.0,4122,none,4122.0,4122.0,55881.0,0.073764,4,12,0.333333,0.124089,0.209244,7.4727,2,5.991,0,1.489,0,5,60,22.976,2,0,6.531,1
run5-tbt-2s/nazionale,nazionale,2,25,m1,1WZPCjFVjDt2AkwLnqG5BfyoxCWtkqFRU8YSSF,85.56,47.33,"c1:17.50,c2:77.16",2,6,"c1:4,c2:2","c1:0.7000,c2:1.5432",11.0,363.048192,1.429318,0.0,0.0,100.8534,1.0,1.0,36305,36305,0,esatto,306,0.0,1.0,36305,none,36305.0,36305.0,55881.0,0.649684,8,12,0.666667,0.611079,0.055588,7.4727,2,5.991,0,1.489,0,5,60,22.976,2,0,6.531,1
run5-tbt-2s/nazionale,nazionale,2,26,m2,1Qfy23H5N3KcwZ4CW25K68hY7T9BMNCYG9n3d8,26.46,96.01,"c3:99.26,c4:92.76",2,3,"c3:2,c4:1","c3:1.9852,c4:0.9276",11.0,129.992688,0.456464,-0.0,-0.0,64.3793,1.0,1.0,12999,12999,0,esatto,318,0.0,1.0,12999,none,12999.0,12999.0,62651.0,0.207483,0,12,0.0,0.209394,-0.209394,5.3414,2,5.991,1,1.183,0,5,60,22.5861,2,0,6.369,1
run5-tbt-2s/nazionale,nazionale,2,26,m3,1VTJbaQB66KoiL8iWQrPES7Ub7ZDzy3XFu8DwG,24.17,70.53,c5:70.53,2,2,c5:2,c5:1.4106,11.0,82.434202,0.289464,0.0,0.0,4.8045,1.0,1.0,8243,8243,0,esatto,318,0.0,1.0,8243,none,8243.0,8243.0,62651.0,0.13157,0,12,0.0,0.098619,-0.098619,5.3414,2,5.991,1,1.183,0,5,60,22.5861,2,0,6.369,1
run5-tbt-2s/nazionale,nazionale,2,26,m1,1WZPCjFVjDt2AkwLnqG5BfyoxCWtkqFRU8YSSF,85.56,47.33,"c1:17.50,c2:77.16",2,6,"c1:3,c2:3","c1:0.5250,c2:2.3148",11.0,414.093288,1.454072,0.0,0.0,100.7398,1.0,1.0,41409,41409,0,esatto,318,0.0,1.0,41409,none,41409.0,41409.0,62651.0,0.660947,12,12,1.0,0.691987,0.308013,5.3414,2,5.991,1,1.183,0,5,60,22.5861,2,0,6.369,1
run5-tbt-2s/nazionale,nazionale,2,27,m2,1Qfy23H5N3KcwZ4CW25K68hY7T9BMNCYG9n3d8,26.46,96.01,"c3:99.26,c4:92.76",2,4,"c3:2,c4:2","c3:1.9852,c4:1.8552",11.0,154.536984,0.583186,-0.0,-0.0,25.6789,1.0,1.0,15454,15454,0,esatto,330,0.0,1.0,15454,none,15454.0,15454.0,58298.0,0.265086,3,12,0.25,0.247773,0.002227,1.3421,2,5.991,1,1.174,0,5,60,14.9872,2,0,6.415,1
run5-tbt-2s/nazionale,nazionale,2,27,m3,1VTJbaQB66KoiL8iWQrPES7Ub7ZDzy3XFu8DwG,24.17,70.53,c5:70.53,2,1,c5:1,c5:0.7053,11.0,65.387101,0.246756,0.0,0.0,3.8135,1.0,1.0,6539,6539,0,esatto,330,0.0,1.0,6539,none,6539.0,6539.0,58298.0,0.112165,0,12,0.0,0.09785,-0.09785,1.3421,2,5.991,1,1.174,0,5,60,14.9872,2,0,6.415,1
run5-tbt-2s/nazionale,nazionale,2,27,m1,1WZPCjFVjDt2AkwLnqG5BfyoxCWtkqFRU8YSSF,85.56,47.33,"c1:17.50,c2:77.16",2,6,"c1:4,c2:2","c1:0.7000,c2:1.5432",11.0,363.048192,1.370058,0.0,-0.0,100.9758,1.0,1.0,36305,36305,0,esatto,330,0.0,1.0,36305,none,36305.0,36305.0,58298.0,0.622749,9,12,0.75,0.654377,0.095623,1.3421,2,5.991,1,1.174,0,5,60,14.9872,2,0,6.415,1
run5-tbt-2s/nazionale,nazionale,2,28,m2,1Qfy23H5N3KcwZ4CW25K68hY7T9BMNCYG9n3d8,26.46,96.01,"c3:99.26,c4:92.76",2,3,"c3:2,c4:1","c3:1.9852,c4:0.9276",11.0,129.992688,0.45798,-0.0,0.0,70.5378,1.0,1.0,12999,12999,0,esatto,342,0.0,1.0,12999,none,12999.0,12999.0,62445.0,0.208167,7,12,0.583333,0.231484,0.351849,8.8696,2,5.991,0,1.482,0,5,60,4.0957,2,1,6.852,1
run5-tbt-2s/nazionale,nazionale,2,28,m3,1VTJbaQB66KoiL8iWQrPES7Ub7ZDzy3XFu8DwG,24.17,70.53,c5:70.53,2,1,c5:1,c5:0.7053,11.0,65.387101,0.230367,0.0,0.0,23.0207,1.0,1.0,,6539,,non pubblicato in questa epoca,,0.0,1.0,,none,,,62445.0,0.104716,0,12,0.0,0.123485,-0.123485,8.8696,2,5.991,0,1.482,0,5,60,4.0957,2,1,6.852,1
run5-tbt-2s/nazionale,nazionale,2,28,m1,1WZPCjFVjDt2AkwLnqG5BfyoxCWtkqFRU8YSSF,85.56,47.33,"c1:17.50,c2:77.16",2,7,"c1:4,c2:3","c1:0.7000,c2:2.3148",11.0,429.066288,1.511653,-0.0,-0.0,100.6435,1.0,1.0,42907,42907,0,esatto,342,0.0,1.0,42907,none,42907.0,42907.0,62445.0,0.687117,5,12,0.416667,0.645031,-0.228364,8.8696,2,5.991,0,1.482,0,5,60,4.0957,2,1,6.852,1
run5-tbt-2s/nazionale,nazionale,2,29,m2,1Qfy23H5N3KcwZ4CW25K68hY7T9BMNCYG9n3d8,26.46,96.01,"c3:99.26,c4:92.76",2,4,"c3:2,c4:2","c3:1.9852,c4:1.8552",12.0,154.536984,0.593593,0.0,0.0,28.4744,1.0,1.0,15454,15454,0,esatto,354,0.0,1.0,15454,none,15454.0,15454.0,62483.0,0.247331,3,12,0.25,0.24137,0.00863,0.4499,2,5.991,1,1.309,0,5,60,0.2861,2,1,6.637,1
run5-tbt-2s/nazionale,nazionale,2,29,m3,1VTJbaQB66KoiL8iWQrPES7Ub7ZDzy3XFu8DwG,24.17,70.53,c5:70.53,1,1,c5:1,c5:0.7053,12.0,41.217101,0.158319,0.0,0.0,18.3922,1.0,1.0,4122,4122,0,esatto,354,0.0,1.0,4122,none,4122.0,4122.0,62483.0,0.06597,2,12,0.166667,0.109061,0.057606,0.4499,2,5.991,1,1.309,0,5,60,0.2861,2,1,6.637,1
run5-tbt-2s/nazionale,nazionale,2,29,m1,1WZPCjFVjDt2AkwLnqG5BfyoxCWtkqFRU8YSSF,85.56,47.33,"c1:17.50,c2:77.16",2,7,"c1:4,c2:3","c1:0.7000,c2:2.3148",12.0,429.066288,1.648088,-0.0,-0.0,100.1515,1.0,1.0,,42907,,non pubblicato in questa epoca,,0.0,1.0,,none,,,62483.0,0.686699,7,12,0.583333,0.649569,-0.066236,0.4499,2,5.991,1,1.309,0,5,60,0.2861,2,1,6.637,1
run5-tbt-2s/nazionale,nazionale,2,30,m2,1Qfy23H5N3KcwZ4CW25K68hY7T9BMNCYG9n3d8,26.46,96.01,"c3:99.26,c4:92.76",2,3,"c3:2,c4:1","c3:1.9852,c4:0.9276",10.0,129.992688,0.549805,0.0,0.0,11.3839,1.0,1.0,12999,12999,0,esatto,367,0.0,1.0,12999,none,12999.0,12999.0,47287.0,0.274896,0,12,0.0,0.224486,-0.224486,5.4687,2,5.991,1,1.063,0,5,60,3.5501,2,1,6.211,1
run5-tbt-2s/nazionale,nazionale,2,30,m3,1VTJbaQB66KoiL8iWQrPES7Ub7ZDzy3XFu8DwG,24.17,70.53,c5:70.53,2,1,c5:1,c5:0.7053,10.0,65.387101,0.276555,0.0,0.0,14.772,1.0,1.0,6539,6539,0,esatto,367,0.0,1.0,6539,none,6539.0,6539.0,47287.0,0.138283,0,12,0.0,0.088572,-0.088572,5.4687,2,5.991,1,1.063,0,5,60,3.5501,2,1,6.211,1
run5-tbt-2s/nazionale,nazionale,2,30,m1,1WZPCjFVjDt2AkwLnqG5BfyoxCWtkqFRU8YSSF,85.56,47.33,"c1:17.50,c2:77.16",1,6,"c1:4,c2:2","c1:0.7000,c2:1.5432",10.0,277.488192,1.173639,-0.0,-0.0,100.474,1.0,1.0,27749,27749,0,esatto,367,0.0,1.0,27749,none,27749.0,27749.0,47287.0,0.586821,12,12,1.0,0.686943,0.313057,5.4687,2,5.991,1,1.063,0,5,60,3.5501,2,1,6.211,1
run5-tbt-2s/nazionale,nazionale,2,31,m2,1Qfy23H5N3KcwZ4CW25K68hY7T9BMNCYG9n3d8,26.46,96.01,"c3:99.26,c4:92.76",2,4,"c3:2,c4:2","c3:1.9852,c4:1.8552",13.0,154.536984,0.603264,0.0,0.0,64.3923,1.0,1.0,15454,15454,0,esatto,378,0.0,1.0,15454,none,15454.0,15454.0,66604.0,0.232028,7,12,0.583333,0.256519,0.326814,7.1066,2,5.991,0,1.081,0,5,60,4.9778,2,1,6.109,1
run5-tbt-2s/nazionale,nazionale,2,31,m3,1VTJbaQB66KoiL8iWQrPES7Ub7ZDzy3XFu8DwG,24.17,70.53,c5:70.53,2,2,c5:2,c5:1.4106,13.0,82.434202,0.321797,0.0,0.0,11.7815,1.0,1.0,8243,8243,0,esatto,378,0.0,1.0,8243,none,8243.0,8243.0,66604.0,0.123761,0,12,0.0,0.090074,-0.090074,7.1066,2,5.991,0,1.081,0,5,60,4.9778,2,1,6.109,1
run5-tbt-2s/nazionale,nazionale,2,31,m1,1WZPCjFVjDt2AkwLnqG5BfyoxCWtkqFRU8YSSF,85.56,47.33,"c1:17.50,c2:77.16",2,7,"c1:4,c2:3","c1:0.7000,c2:2.3148",13.0,429.066288,1.674939,-0.0,-0.0,101.0145,1.0,1.0,42907,42907,0,esatto,378,0.0,1.0,42907,none,42907.0,42907.0,66604.0,0.644211,5,12,0.416667,0.653406,-0.236739,7.1066,2,5.991,0,1.081,0,5,60,4.9778,2,1,6.109,1
run5-tbt-2s/nazionale,nazionale,2,32,m2,1Qfy23H5N3KcwZ4CW25K68hY7T9BMNCYG9n3d8,26.46,96.01,"c3:99.26,c4:92.76",2,4,"c3:2,c4:2","c3:1.9852,c4:1.8552",11.0,154.536984,0.583186,0.0,0.0,26.2426,1.0,1.0,,15454,,non pubblicato in questa epoca,,0.0,1.0,,none,,,58298.0,0.265086,4,12,0.333333,0.257034,0.076299,0.5035,2,5.991,1,1.587,0,5,60,5.0046,2,1,6.521,1
run5-tbt-2s/nazionale,nazionale,2,32,m3,1VTJbaQB66KoiL8iWQrPES7Ub7ZDzy3XFu8DwG,24.17,70.53,c5:70.53,2,1,c5:1,c5:0.7053,11.0,65.387101,0.246756,0.0,0.0,9.401,1.0,1.0,6539,6539,0,esatto,390,0.0,1.0,6539,none,6539.0,6539.0,58298.0,0.112165,1,12,0.083333,0.132232,-0.048899,0.5035,2,5.991,1,1.587,0,5,60,5.0046,2,1,6.521,1
run5-tbt-2s/nazionale,nazionale,2,32,m1,1WZPCjFVjDt2AkwLnqG5BfyoxCWtkqFRU8YSSF,85.56,47.33,"c1:17.50,c2:77.16",2,6,"c1:4,c2:2","c1:0.7000,c2:1.5432",11.0,363.048192,1.370058,-0.0,0.0,100.1309,1.0,1.0,36305,36305,0,esatto,390,0.0,1.0,36305,none,36305.0,36305.0,58298.0,0.622749,7,12,0.583333,0.610733,-0.0274,0.5035,2,5.991,1,1.587,0,5,60,5.0046,2,1,6.521,1
run5-tbt-2s/nazionale,nazionale,2,33,m2,1Qfy23H5N3KcwZ4CW25K68hY7T9BMNCYG9n3d8,26.46,96.01,"c3:99.26,c4:92.76",1,3,"c3:2,c4:1","c3:1.9852,c4:0.9276",11.0,103.532688,0.380898,0.0,0.0,70.675,1.0,1.0,10353,10353,0,esatto,402,0.0,1.0,10353,none,10353.0,10353.0,59799.0,0.17313,4,12,0.333333,0.245802,0.087531,1.8198,2,5.991,1,1.427,0,5,60,2.5985,2,1,6.466,1
run5-tbt-2s/nazionale,nazionale,2,33,m3,1VTJbaQB66KoiL8iWQrPES7Ub7ZDzy3XFu8DwG,24.17,70.53,c5:70.53,2,1,c5:1,c5:0.7053,11.0,65.387101,0.24056,0.0,0.0,7.5952,1.0,1.0,,6539,,non pubblicato in questa epoca,,0.0,1.0,,none,,,59799.0,0.10935,0,12,0.0,0.11893,-0.11893,1.8198,2,5.991,1,1.427,0,5,60,2.5985,2,1,6.466,1
run5-tbt-2s/nazionale,nazionale,2,33,m1,1WZPCjFVjDt2AkwLnqG5BfyoxCWtkqFRU8YSSF,85.56,47.33,"c1:17.50,c2:77.16",2,7,"c1:4,c2:3","c1:0.7000,c2:2.3148",11.0,429.066288,1.578541,0.0,-0.0,100.0949,1.0,1.0,42907,42907,0,esatto,402,0.0,1.0,42907,none,42907.0,42907.0,59799.0,0.71752,8,12,0.666667,0.635268,0.031399,1.8198,2,5.991,1,1.427,0,5,60,2.5985,2,1,6.466,1
run5-tbt-2s/nazionale,nazionale,2,34,m2,1Qfy23H5N3KcwZ4CW25K68hY7T9BMNCYG9n3d8,26.46,96.01,"c3:99.26,c4:92.76",2,3,"c3:1,c4:2","c3:0.9926,c4:1.8552",9.0,128.272788,0.44611,0.0,0.0,28.4372,1.0,1.0,12827,12827,0,esatto,415,0.0,1.0,12827,none,12827.0,12827.0,51757.0,0.247831,0,12,0.0,0.226771,-0.226771,6.1204,2,5.991,0,1.332,0,5,60,5.3047,2,1,6.49,1
run5-tbt-2s/nazionale,nazionale,2,34,m3,1VTJbaQB66KoiL8iWQrPES7Ub7ZDzy3XFu8DwG,24.17,70.53,c5:70.53,1,1,c5:1,c5:0.7053,9.0,41.217101,0.143346,0.0,0.0,6.046,1.0,1.0,4122,4122,0,esatto,415,0.0,1.0,4122,none,4122.0,4122.0,51757.0,0.079641,0,12,0.0,0.110992,-0.110992,6.1204,2,5.991,0,1.332,0,5,60,5.3047,2,1,6.49,1
run5-tbt-2s/nazionale,nazionale,2,34,m1,1WZPCjFVjDt2AkwLnqG5BfyoxCWtkqFRU8YSSF,85.56,47.33,"c1:17.50,c2:77.16",2,5,"c1:3,c2:2","c1:0.5250,c2:1.5432",9.0,348.075192,1.210544,-0.0,-0.0,100.4578,1.0,1.0,34808,34808,0,esatto,415,0.0,1.0,34808,none,34808.0,34808.0,51757.0,0.672527,12,12,1.0,0.662237,0.337763,6.1204,2,5.991,0,1.332,0,5,60,5.3047,2,1,6.49,1
run5-tbt-2s/nazionale,nazionale,2,35,m2,1Qfy23H5N3KcwZ4CW25K68hY7T9BMNCYG9n3d8,26.46,96.01,"c3:99.26,c4:92.76",2,3,"c3:2,c4:1","c3:1.9852,c4:0.9276",12.0,129.992688,0.486338,0.0,-0.0,11.2844,1.0,1.0,12999,12999,0,esatto,426,0.0,1.0,12999,none,12999.0,12999.0,64149.0,0.202638,0,12,0.0,0.19803,-0.19803,5.0813,2,5.991,1,1.193,0,5,60,5.4107,2,1,6.62,1
run5-tbt-2s/nazionale,nazionale,2,35,m3,1VTJbaQB66KoiL8iWQrPES7Ub7ZDzy3XFu8DwG,24.17,70.53,c5:70.53,2,2,c5:2,c5:1.4106,12.0,82.434202,0.308409,0.0,0.0,4.8278,1.0,1.0,8243,8243,0,esatto,426,0.0,1.0,8243,none,8243.0,8243.0,64149.0,0.128498,0,12,0.0,0.099447,-0.099447,5.0813,2,5.991,1,1.193,0,5,60,5.4107,2,1,6.62,1
run5-tbt-2s/nazionale,nazionale,2,35,m1,1WZPCjFVjDt2AkwLnqG5BfyoxCWtkqFRU8YSSF,85.56,47.33,"c1:17.50,c2:77.16",2,7,"c1:4,c2:3","c1:0.7000,c2:2.3148",12.0,429.066288,1.605253,-0.0,-0.0,100.943,1.0,1.0,42907,42907,0,esatto,426,0.0,1.0,42907,none,42907.0,42907.0,64149.0,0.668865,12,12,1.0,0.702523,0.297477,5.0813,2,5.991,1,1.193,0,5,60,5.4107,2,1,6.62,1
run5-tbt-2s/nazionale,nazionale,2,36,m2,1Qfy23H5N3KcwZ4CW25K68hY7T9BMNCYG9n3d8,26.46,96.01,"c3:99.26,c4:92.76",2,5,"c3:3,c4:2","c3:2.9778,c4:1.8552",14.0,180.80118,0.733444,-0.0,-0.0,64.2958,1.0,1.0,18080,18080,0,esatto,439,0.0,1.0,18080,none,18080.0,18080.0,69023.0,0.261942,6,12,0.5,0.229001,0.270999,5.5713,2,5.991,1,1.2,0,5,60,5.6903,2,1,6.739,1
run5-tbt-2s/nazionale,nazionale,2,36,m3,1VTJbaQB66KoiL8iWQrPES7Ub7ZDzy3XFu8DwG,24.17,70.53,c5:70.53,2,1,c5:1,c5:0.7053,14.0,65.387101,0.265251,0.0,0.0,3.8379,1.0,1.0,6539,6539,0,esatto,439,0.0,1.0,6539,none,6539.0,6539.0,69023.0,0.094737,0,12,0.0,0.099998,-0.099998,5.5713,2,5.991,1,1.2,0,5,60,5.6903,2,1,6.739,1
run5-tbt-2s/nazionale,nazionale,2,36,m1,1WZPCjFVjDt2AkwLnqG5BfyoxCWtkqFRU8YSSF,85.56,47.33,"c1:17.50,c2:77.16",2,8,"c1:5,c2:3","c1:0.8750,c2:2.3148",14.0,444.039288,1.801304,-0.0,-0.0,101.1245,1.0,1.0,44404,44404,0,esatto,438,0.0,1.0,44404,none,44404.0,44404.0,69023.0,0.643322,6,12,0.5,0.671001,-0.171001,5.5713,2,5.991,1,1.2,0,5,60,5.6903,2,1,6.739,1
run5-tbt-2s/nazionale,nazionale,2,37,m2,1Qfy23H5N3KcwZ4CW25K68hY7T9BMNCYG9n3d8,26.46,96.01,"c3:99.26,c4:92.76",2,2,"c3:1,c4:1","c3:0.9926,c4:0.9276",8.0,103.728492,0.320898,-0.0,0.0,25.9524,1.0,1.0,10373,10373,0,esatto,450,0.0,1.0,10373,none,10373.0,10373.0,51720.0,0.200561,0,12,0.0,0.222021,-0.222021,6.1549,2,5.991,0,1.404,0,5,60,9.9545,2,0,6.556,1
run5-tbt-2s/nazionale,nazionale,2,37,m3,1VTJbaQB66KoiL8iWQrPES7Ub7ZDzy3XFu8DwG,24.17,70.53,c5:70.53,2,1,c5:1,c5:0.7053,8.0,65.387101,0.202284,0.0,0.0,23.0461,1.0,1.0,,6539,,non pubblicato in questa epoca,,0.0,1.0,,none,,,51720.0,0.126431,0,12,0.0,0.117,-0.117,6.1549,2,5.991,0,1.404,0,5,60,9.9545,2,0,6.556,1
run5-tbt-2s/nazionale,nazionale,2,37,m1,1WZPCjFVjDt2AkwLnqG5BfyoxCWtkqFRU8YSSF,85.56,47.33,"c1:17.50,c2:77.16",2,5,"c1:3,c2:2","c1:0.5250,c2:1.5432",8.0,348.075192,1.076818,-0.0,0.0,100.6302,1.0,1.0,34808,34808,0,esatto,450,0.0,1.0,34808,none,34808.0,34808.0,51720.0,0.673009,12,12,1.0,0.66098,0.33902,6.1549,2,5.991,0,1.404,0,5,60,9.9545,2,0,6.556,1
run5-tbt-2s/nazionale,nazionale,2,38,m2,1Qfy23H5N3KcwZ4CW25K68hY7T9BMNCYG9n3d8,26.46,96.01,"c3:99.26,c4:92.76",2,4,"c3:2,c4:2","c3:1.9852,c4:1.8552",12.0,154.536984,0.593593,0.0,0.0,70.3238,1.0,1.0,15454,15454,0,esatto,462,0.0,1.0,15454,none,15454.0,15454.0,53927.0,0.286573,4,12,0.333333,0.236366,0.096967,1.7749,2,5.991,1,1.295,0,5,60,9.6367,2,0,6.425,1
run5-tbt-2s/nazionale,nazionale,2,38,m3,1VTJbaQB66KoiL8iWQrPES7Ub7ZDzy3XFu8DwG,24.17,70.53,c5:70.53,1,1,c5:1,c5:0.7053,12.0,41.217101,0.158319,0.0,0.0,18.4126,1.0,1.0,4122,4122,0,esatto,462,0.0,1.0,4122,none,4122.0,4122.0,53927.0,0.076437,0,12,0.0,0.107942,-0.107942,1.7749,2,5.991,1,1.295,0,5,60,9.6367,2,0,6.425,1
run5-tbt-2s/nazionale,nazionale,2,38,m1,1WZPCjFVjDt2AkwLnqG5BfyoxCWtkqFRU8YSSF,85.56,47.33,"c1:17.50,c2:77.16",2,7,"c1:4,c2:3","c1:0.7000,c2:2.3148",12.0,429.066288,1.648088,0.0,0.0,100.8749,1.0,1.0,34351,42907,8556,scostamento,462,0.0,1.0,34351,none,34351.0,34351.0,53927.0,0.636991,8,12,0.666667,0.655691,0.010976,1.7749,2,5.991,1,1.295,0,5,60,9.6367,2,0,6.425,1
run5-tbt-2s/nazionale,nazionale,2,39,m2,1Qfy23H5N3KcwZ4CW25K68hY7T9BMNCYG9n3d8,26.46,96.01,"c3:99.26,c4:92.76",2,4,"c3:2,c4:2","c3:1.9852,c4:1.8552",13.0,154.536984,0.603264,0.0,0.0,28.2302,1.0,1.0,,15454,,non pubblicato in questa epoca,,0.0,1.0,,none,,,45150.0,0.342281,7,12,0.583333,0.236399,0.346934,8.4392,2,5.991,0,1.267,0,5,60,7.488,2,0,6.36,1
run5-tbt-2s/nazionale,nazionale,2,39,m3,1VTJbaQB66KoiL8iWQrPES7Ub7ZDzy3XFu8DwG,24.17,70.53,c5:70.53,2,2,c5:2,c5:1.4106,13.0,82.434202,0.321797,0.0,0.0,14.7211,1.0,1.0,8243,8243,0,esatto,474,0.0,1.0,8243,none,8243.0,8243.0,45150.0,0.182569,0,12,0.0,0.1056,-0.1056,8.4392,2,5.991,0,1.267,0,5,60,7.488,2,0,6.36,1
run5-tbt-2s/nazionale,nazionale,2,39,m1,1WZPCjFVjDt2AkwLnqG5BfyoxCWtkqFRU8YSSF,85.56,47.33,"c1:17.50,c2:77.16",2,7,"c1:4,c2:3","c1:0.7000,c2:2.3148",13.0,429.066288,1.674939,0.0,0.0,101.3757,1.0,1.0,21453,42907,21454,scostamento,474,0.0,1.0,21453,none,21453.0,21453.0,45150.0,0.47515,5,12,0.416667,0.658001,-0.241334,8.4392,2,5.991,0,1.267,0,5,60,7.488,2,0,6.36,1
run5-tbt-2s/nazionale,nazionale,2,40,m2,1Qfy23H5N3KcwZ4CW25K68hY7T9BMNCYG9n3d8,26.46,96.01,"c3:99.26,c4:92.76",1,3,"c3:2,c4:1","c3:1.9852,c4:0.9276",10.0,103.532688,0.389244,0.0,-0.0,11.8854,1.0,1.0,10353,10353,0,esatto,486,0.0,1.0,10353,none,10353.0,10353.0,53197.0,0.194616,6,12,0.5,0.309785,0.190215,2.9514,2,5.991,1,1.448,0,5,60,11.2185,2,0,6.614,1
run5-tbt-2s/nazionale,nazionale,2,40,m3,1VTJbaQB66KoiL8iWQrPES7Ub7ZDzy3XFu8DwG,24.17,70.53,c5:70.53,2,1,c5:1,c5:0.7053,10.0,65.387101,0.245831,0.0,0.0,11.7467,1.0,1.0,6539,6539,0,esatto,486,0.0,1.0,6539,none,6539.0,6539.0,53197.0,0.12292,0,12,0.0,0.120659,-0.120659,2.9514,2,5.991,1,1.448,0,5,60,11.2185,2,0,6.614,1
run5-tbt-2s/nazionale,nazionale,2,40,m1,1WZPCjFVjDt2AkwLnqG5BfyoxCWtkqFRU8YSSF,85.56,47.33,"c1:17.50,c2:77.16",2,6,"c1:4,c2:2","c1:0.7000,c2:1.5432",10.0,363.048192,1.364925,0.0,-0.0,99.8575,1.0,1.0,36305,36305,0,esatto,486,0.0,1.0,36305,none,36305.0,36305.0,53197.0,0.682463,6,12,0.5,0.569557,-0.069557,2.9514,2,5.991,1,1.448,0,5,60,11.2185,2,0,6.614,1
run5-tbt-2s/nazionale,nazionale,2,41,m2,1Qfy23H5N3KcwZ4CW25K68hY7T9BMNCYG9n3d8,26.46,96.01,"c3:99.26,c4:92.76",2,4,"c3:2,c4:2","c3:1.9852,c4:1.8552",12.0,154.536984,0.571486,-0.0,-0.0,4.8962,1.0,1.0,15454,15454,0,esatto,499,0.0,1.0,15454,none,15454.0,15454.0,64900.0,0.23812,0,12,0.0,0.280754,-0.280754,6.4853,2,5.991,0,1.893,0,5,60,6.2054,2,0,7.307,1
run5-tbt-2s/nazionale,nazionale,2,41,m3,1VTJbaQB66KoiL8iWQrPES7Ub7ZDzy3XFu8DwG,24.17,70.53,c5:70.53,2,1,c5:1,c5:0.7053,12.0,65.387101,0.241805,0.0,0.0,9.3672,1.0,1.0,,6539,,non pubblicato in questa epoca,,0.0,1.0,,none,,,64900.0,0.100755,1,12,0.083333,0.157716,-0.074383,6.4853,2,5.991,0,1.893,0,5,60,6.2054,2,0,7.307,1
run5-tbt-2s/nazionale,nazionale,2,41,m1,1WZPCjFVjDt2AkwLnqG5BfyoxCWtkqFRU8YSSF,85.56,47.33,"c1:17.50,c2:77.16",2,7,"c1:4,c2:3","c1:0.7000,c2:2.3148",12.0,429.066288,1.586709,-0.0,-0.0,100.5395,1.0,1.0,42907,42907,0,esatto,498,0.0,1.0,42907,none,42907.0,42907.0,64900.0,0.661125,11,12,0.916667,0.56153,0.355137,6.4853,2,5.991,0,1.893,0,5,60,6.2054,2,0,7.307,1
run5-tbt-2s/nazionale,nazionale,2,42,m2,1Qfy23H5N3KcwZ4CW25K68hY7T9BMNCYG9n3d8,26.46,96.01,"c3:99.26,c4:92.76",2,3,"c3:2,c4:1","c3:1.9852,c4:0.9276",12.0,129.992688,0.505379,-0.0,-0.0,61.8682,1.0,1.0,12999,12999,0,esatto,510,0.0,1.0,12999,none,12999.0,12999.0,61732.0,0.210572,0,12,0.0,0.207327,-0.207327,5.692,2,5.991,1,1.373,0,5,60,6.1606,2,0,7.276,1
run5-tbt-2s/nazionale,nazionale,2,42,m3,1VTJbaQB66KoiL8iWQrPES7Ub7ZDzy3XFu8DwG,24.17,70.53,c5:70.53,1,2,c5:2,c5:1.4106,12.0,58.264202,0.226517,0.0,0.0,7.555,1.0,1.0,5826,5826,0,esatto,510,0.0,1.0,5826,none,5826.0,5826.0,61732.0,0.094376,0,12,0.0,0.114401,-0.114401,5.692,2,5.991,1,1.373,0,5,60,6.1606,2,0,7.276,1
run5-tbt-2s/nazionale,nazionale,2,42,m1,1WZPCjFVjDt2AkwLnqG5BfyoxCWtkqFRU8YSSF,85.56,47.33,"c1:17.50,c2:77.16",2,7,"c1:4,c2:3","c1:0.7000,c2:2.3148",12.0,429.066288,1.668104,-0.0,-0.0,100.4439,1.0,1.0,,42907,,non pubblicato in questa epoca,,0.0,1.0,,none,,,61732.0,0.695053,12,12,1.0,0.678272,0.321728,5.692,2,5.991,1,1.373,0,5,60,6.1606,2,0,7.276,1
run5-tbt-2s/nazionale,nazionale,2,43,m2,1Qfy23H5N3KcwZ4CW25K68hY7T9BMNCYG9n3d8,26.46,96.01,"c3:99.26,c4:92.76",2,4,"c3:2,c4:2","c3:1.9852,c4:1.8552",11.0,154.536984,0.6835,-0.0,-0.0,24.639,1.0,1.0,15454,15454,0,esatto,522,0.0,1.0,15454,none,15454.0,15454.0,49742.0,0.310683,2,12,0.166667,0.226642,-0.059975,1.8116,2,5.991,1,1.177,0,5,60,6.3471,2,0,7.158,1
run5-tbt-2s/nazionale,nazionale,2,43,m3,1VTJbaQB66KoiL8iWQrPES7Ub7ZDzy3XFu8DwG,24.17,70.53,c5:70.53,2,1,c5:1,c5:0.7053,11.0,65.387101,0.2892,0.0,0.0,6.0349,1.0,1.0,6539,6539,0,esatto,522,0.0,1.0,6539,none,6539.0,6539.0,49742.0,0.131458,0,12,0.0,0.098097,-0.098097,1.8116,2,5.991,1,1.177,0,5,60,6.3471,2,0,7.158,1
run5-tbt-2s/nazionale,nazionale,2,43,m1,1WZPCjFVjDt2AkwLnqG5BfyoxCWtkqFRU8YSSF,85.56,47.33,"c1:17.50,c2:77.16",1,6,"c1:4,c2:2","c1:0.7000,c2:1.5432",11.0,277.488192,1.2273,-0.0,-0.0,100.9178,1.0,1.0,27749,27749,0,esatto,522,0.0,1.0,27749,none,27749.0,27749.0,49742.0,0.557859,10,12,0.833333,0.675261,0.158072,1.8116,2,5.991,1,1.177,0,5,60,6.3471,2,0,7.158,1
run5-tbt-2s/nazionale,nazionale,2,44,m2,1Qfy23H5N3KcwZ4CW25K68hY7T9BMNCYG9n3d8,26.46,96.01,"c3:99.26,c4:92.76",2,3,"c3:2,c4:1","c3:1.9852,c4:0.9276",11.0,129.992688,0.45798,-0.0,0.0,69.8657,1.0,1.0,12999,12999,0,esatto,535,0.0,1.0,12999,none,12999.0,12999.0,62445.0,0.208167,2,12,0.166667,0.252285,-0.085618,0.6618,2,5.991,1,1.318,0,5,60,8.5707,2,0,7.208,1
run5-tbt-2s/nazionale,nazionale,2,44,m3,1VTJbaQB66KoiL8iWQrPES7Ub7ZDzy3XFu8DwG,24.17,70.53,c5:70.53,2,1,c5:1,c5:0.7053,11.0,65.387101,0.230367,0.0,0.0,4.8037,1.0,1.0,,6539,,non pubblicato in questa epoca,,0.0,1.0,,none,,,62445.0,0.104716,1,12,0.083333,0.109827,-0.026494,0.6618,2,5.991,1,1.318,0,5,60,8.5707,2,0,7.208,1
run5-tbt-2s/nazionale,nazionale,2,44,m1,1WZPCjFVjDt2AkwLnqG5BfyoxCWtkqFRU8YSSF,85.56,47.33,"c1:17.50,c2:77.16",2,7,"c1:4,c2:3","c1:0.7000,c2:2.3148",11.0,429.066288,1.511653,-0.0,-0.0,101.0193,1.0,1.0,42907,42907,0,esatto,534,0.0,1.0,42907,none,42907.0,42907.0,62445.0,0.687117,9,12,0.75,0.637889,0.112111,0.6618,2,5.991,1,1.318,0,5,60,8.5707,2,0,7.208,1
run5-tbt-2s/nazionale,nazionale,2,45,m2,1Qfy23H5N3KcwZ4CW25K68hY7T9BMNCYG9n3d8,26.46,96.01,"c3:99.26,c4:92.76",2,4,"c3:2,c4:2","c3:1.9852,c4:1.8552",12.0,154.536984,0.593593,0.0,0.0,28.1228,1.0,1.0,15454,15454,0,esatto,547,0.0,1.0,15454,none,15454.0,15454.0,62483.0,0.247331,6,12,0.5,0.270464,0.229536,4.0137,2,5.991,1,1.44,0,5,60,8.0011,2,0,7.2,1
run5-tbt-2s/nazionale,nazionale,2,45,m3,1VTJbaQB66KoiL8iWQrPES7Ub7ZDzy3XFu8DwG,24.17,70.53,c5:70.53,1,1,c5:1,c5:0.7053,12.0,41.217101,0.158319,0.0,0.0,3.8187,1.0,1.0,4122,4122,0,esatto,547,0.0,1.0,4122,none,4122.0,4122.0,62483.0,0.06597,0,12,0.0,0.119986,-0.119986,4.0137,2,5.991,1,1.44,0,5,60,8.0011,2,0,7.2,1
run5-tbt-2s/nazionale,nazionale,2,45,m1,1WZPCjFVjDt2AkwLnqG5BfyoxCWtkqFRU8YSSF,85.56,47.33,"c1:17.50,c2:77.16",2,7,"c1:4,c2:3","c1:0.7000,c2:2.3148",12.0,429.066288,1.648088,-0.0,-0.0,100.5146,1.0,1.0,,42907,,non pubblicato in questa epoca,,0.0,1.0,,none,,,62483.0,0.686699,6,12,0.5,0.60955,-0.10955,4.0137,2,5.991,1,1.44,0,5,60,8.0011,2,0,7.2,1
run5-tbt-2s/nazionale,nazionale,2,46,m2,1Qfy23H5N3KcwZ4CW25K68hY7T9BMNCYG9n3d8,26.46,96.01,"c3:99.26,c4:92.76",2,4,"c3:2,c4:2","c3:1.9852,c4:1.8552",12.0,154.536984,0.720929,0.0,0.0,11.5139,1.0,1.0,,15454,,non pubblicato in questa epoca,,0.0,1.0,,none,,,51446.0,0.300393,6,12,0.5,0.221222,0.278778,5.928,2,5.991,1,1.102,0,5,60,5.1298,2,1,6.409,1
run5-tbt-2s/nazionale,nazionale,2,46,m3,1VTJbaQB66KoiL8iWQrPES7Ub7ZDzy3XFu8DwG,24.17,70.53,c5:70.53,2,2,c5:2,c5:1.4106,12.0,82.434202,0.384563,0.0,0.0,23.0459,1.0,1.0,8243,8243,0,esatto,558,0.0,1.0,8243,none,8243.0,8243.0,51446.0,0.160226,0,12,0.0,0.091801,-0.091801,5.928,2,5.991,1,1.102,0,5,60,5.1298,2,1,6.409,1
run5-tbt-2s/nazionale,nazionale,2,46,m1,1WZPCjFVjDt2AkwLnqG5BfyoxCWtkqFRU8YSSF,85.56,47.33,"c1:17.50,c2:77.16",1,6,"c1:4,c2:2","c1:0.7000,c2:1.5432",12.0,277.488192,1.294508,-0.0,0.0,100.267,1.0,1.0,27749,27749,0,esatto,558,0.0,1.0,27749,none,27749.0,27749.0,51446.0,0.539381,6,12,0.5,0.686977,-0.186977,5.928,2,5.991,1,1.102,0,5,60,5.1298,2,1,6.409,1
run5-tbt-2s/nazionale,nazionale,2,47,m2,1Qfy23H5N3KcwZ4CW25K68hY7T9BMNCYG9n3d8,26.46,96.01,"c3:99.26,c4:92.76",1,3,"c3:2,c4:1","c3:1.9852,c4:0.9276",11.0,103.532688,0.380898,0.0,0.0,64.826,1.0,1.0,10353,10353,0,esatto,570,0.0,1.0,10353,none,10353.0,10353.0,59799.0,0.17313,2,12,0.166667,0.26944,-0.102773,0.8235,2,5.991,1,1.263,0,5,60,3.6242,2,1,6.299,1
run5-tbt-2s/nazionale,nazionale,2,47,m3,1VTJbaQB66KoiL8iWQrPES7Ub7ZDzy3XFu8DwG,24.17,70.53,c5:70.53,2,1,c5:1,c5:0.7053,11.0,65.387101,0.24056,0.0,0.0,18.4125,1.0,1.0,6539,6539,0,esatto,571,0.0,1.0,6539,none,6539.0,6539.0,59799.0,0.10935,1,12,0.083333,0.105243,-0.02191,0.8235,2,5.991,1,1.263,0,5,60,3.6242,2,1,6.299,1
run5-tbt-2s/nazionale,nazionale,2,47,m1,1WZPCjFVjDt2AkwLnqG5BfyoxCWtkqFRU8YSSF,85.56,47.33,"c1:17.50,c2:77.16",2,7,"c1:4,c2:3","c1:0.7000,c2:2.3148",11.0,429.066288,1.578541,0.0,-0.0,100.4507,1.0,1.0,42907,42907,0,esatto,571,0.0,1.0,42907,none,42907.0,42907.0,59799.0,0.71752,9,12,0.75,0.625316,0.124684,0.8235,2,5.991,1,1.263,0,5,60,3.6242,2,1,6.299,1
run5-tbt-2s/nazionale,nazionale,2,48,m2,1Qfy23H5N3KcwZ4CW25K68hY7T9BMNCYG9n3d8,26.46,96.01,"c3:99.26,c4:92.76",2,4,"c3:2,c4:2","c3:1.9852,c4:1.8552",10.0,154.536984,0.544145,0.0,0.0,26.1133,1.0,1.0,15454,15454,0,esatto,583,0.0,1.0,15454,none,15454.0,15454.0,56801.0,0.272073,2,12,0.166667,0.251555,-0.084888,3.1287,2,5.991,1,1.737,0,5,60,4.0758,2,1,6.859,1
run5-tbt-2s/nazionale,nazionale,2,48,m3,1VTJbaQB66KoiL8iWQrPES7Ub7ZDzy3XFu8DwG,24.17,70.53,c5:70.53,2,1,c5:1,c5:0.7053,10.0,65.387101,0.230237,0.0,0.0,14.7057,1.0,1.0,,6539,,non pubblicato in questa epoca,,0.0,1.0,,none,,,56801.0,0.115121,0,12,0.0,0.144737,-0.144737,3.1287,2,5.991,1,1.737,0,5,60,4.0758,2,1,6.859,1
run5-tbt-2s/nazionale,nazionale,2,48,m1,1WZPCjFVjDt2AkwLnqG5BfyoxCWtkqFRU8YSSF,85.56,47.33,"c1:17.50,c2:77.16",2,5,"c1:3,c2:2","c1:0.5250,c2:1.5432",10.0,348.075192,1.225618,-0.0,0.0,100.4767,1.0,1.0,34808,34808,0,esatto,582,0.0,1.0,34808,none,34808.0,34808.0,56801.0,0.612806,10,12,0.833333,0.603708,0.229625,3.1287,2,5.991,1,1.737,0,5,60,4.0758,2,1,6.859,1
run5-tbt-2s/nazionale,nazionale,2,49,m2,1Qfy23H5N3KcwZ4CW25K68hY7T9BMNCYG9n3d8,26.46,96.01,"c3:99.26,c4:92.76",2,3,"c3:2,c4:1","c3:1.9852,c4:0.9276",10.0,129.992688,0.486629,0.0,-0.0,70.3371,1.0,1.0,12999,12999,0,esatto,595,0.0,1.0,12999,none,12999.0,12999.0,53426.0,0.243309,1,12,0.083333,0.208371,-0.125038,3.2518,2,5.991,1,1.352,0,5,60,5.7418,2,1,6.894,1
run5-tbt-2s/nazionale,nazionale,2,49,m3,1VTJbaQB66KoiL8iWQrPES7Ub7ZDzy3XFu8DwG,24.17,70.53,c5:70.53,1,1,c5:1,c5:0.7053,10.0,41.217101,0.154297,0.0,0.0,11.7403,1.0,1.0,4122,4122,0,esatto,594,0.0,1.0,4122,none,4122.0,4122.0,53426.0,0.077153,0,12,0.0,0.112701,-0.112701,3.2518,2,5.991,1,1.352,0,5,60,5.7418,2,1,6.894,1
run5-tbt-2s/nazionale,nazionale,2,49,m1,1WZPCjFVjDt2AkwLnqG5BfyoxCWtkqFRU8YSSF,85.56,47.33,"c1:17.50,c2:77.16",2,6,"c1:4,c2:2","c1:0.7000,c2:1.5432",10.0,363.048192,1.359074,0.0,-0.0,100.982,1.0,1.0,36305,36305,0,esatto,594,0.0,1.0,36305,none,36305.0,36305.0,53426.0,0.679538,11,12,0.916667,0.678928,0.237739,3.2518,2,5.991,1,1.352,0,5,60,5.7418,2,1,6.894,1
run5-tbt-2s/nazionale,nazionale,2,50,m2,1Qfy23H5N3KcwZ4CW25K68hY7T9BMNCYG9n3d8,26.46,96.01,"c3:99.26,c4:92.76",2,4,"c3:2,c4:2","c3:1.9852,c4:1.8552",12.0,154.536984,0.571486,-0.0,-0.0,28.1114,1.0,1.0,15454,15454,0,esatto,606,0.0,1.0,15454,none,15454.0,15454.0,64900.0,0.23812,9,12,0.75,0.262858,0.487142,14.8546,2,5.991,0,1.188,0,5,60,6.825,2,0,6.642,1
run5-tbt-2s/nazionale,nazionale,2,50,m3,1VTJbaQB66KoiL8iWQrPES7Ub7ZDzy3XFu8DwG,24.17,70.53,c5:70.53,2,1,c5:1,c5:0.7053,12.0,65.387101,0.241805,0.0,0.0,9.3832,1.0,1.0,6539,6539,0,esatto,607,0.0,1.0,6539,none,6539.0,6539.0,64900.0,0.100755,0,12,0.0,0.099019,-0.099019,14.8546,2,5.991,0,1.188,0,5,60,6.825,2,0,6.642,1
run5-tbt-2s/nazionale,nazionale,2,50,m1,1WZPCjFVjDt2AkwLnqG5BfyoxCWtkqFRU8YSSF,85.56,47.33,"c1:17.50,c2:77.16",2,7,"c1:4,c2:3","c1:0.7000,c2:2.3148",12.0,429.066288,1.586709,-0.0,-0.0,100.7568,1.0,1.0,42907,42907,0,esatto,607,0.0,1.0,42907,none,42907.0,42907.0,64900.0,0.661125,3,12,0.25,0.638123,-0.388123,14.8546,2,5.991,0,1.188,0,5,60,6.825,2,0,6.642,1
run5-tbt-2s/nazionale,nazionale,2,51,m2,1Qfy23H5N3KcwZ4CW25K68hY7T9BMNCYG9n3d8,26.46,96.01,"c3:99.26,c4:92.76",2,3,"c3:2,c4:1","c3:1.9852,c4:0.9276",12.0,129.992688,0.486338,-0.0,0.0,11.6574,1.0,1.0,12999,12999,0,esatto,618,0.0,1.0,12999,none,12999.0,12999.0,64149.0,0.202638,6,12,0.5,0.244349,0.255651,4.749,2,5.991,1,1.017,0,5,60,6.5089,2,0,6.557,1
run5-tbt-2s/nazionale,nazionale,2,51,m3,1VTJbaQB66KoiL8iWQrPES7Ub7ZDzy3XFu8DwG,24.17,70.53,c5:70.53,2,2,c5:2,c5:1.4106,12.0,82.434202,0.308409,0.0,0.0,7.4764,1.0,1.0,8243,8243,0,esatto,618,0.0,1.0,8243,none,8243.0,8243.0,64149.0,0.128498,0,12,0.0,0.084738,-0.084738,4.749,2,5.991,1,1.017,0,5,60,6.5089,2,0,6.557,1
run5-tbt-2s/nazionale,nazionale,2,51,m1,1WZPCjFVjDt2AkwLnqG5BfyoxCWtkqFRU8YSSF,85.56,47.33,"c1:17.50,c2:77.16",2,7,"c1:4,c2:3","c1:0.7000,c2:2.3148",12.0,429.066288,1.605253,-0.0,-0.0,100.1555,1.0,1.0,,42907,,non pubblicato in questa epoca,,0.0,1.0,,none,,,64149.0,0.668865,6,12,0.5,0.670912,-0.170912,4.749,2,5.991,1,1.017,0,5,60,6.5089,2,0,6.557,1
run5-tbt-2s/nazionale,nazionale,2,52,m2,1Qfy23H5N3KcwZ4CW25K68hY7T9BMNCYG9n3d8,26.46,96.01,"c3:99.26,c4:92.76",2,3,"c3:1,c4:2","c3:0.9926,c4:1.8552",9.0,128.272788,0.506146,0.0,0.0,64.6985,1.0,1.0,12827,12827,0,esatto,630,0.0,1.0,12827,none,12827.0,12827.0,45618.0,0.281183,3,12,0.25,0.223336,0.026664,1.5185,2,5.991,1,1.348,0,5,60,9.7981,2,0,6.642,1
run5-tbt-2s/nazionale,nazionale,2,52,m3,1VTJbaQB66KoiL8iWQrPES7Ub7ZDzy3XFu8DwG,24.17,70.53,c5:70.53,2,1,c5:1,c5:0.7053,9.0,65.387101,0.258008,0.0,0.0,5.951,1.0,1.0,6539,6539,0,esatto,630,0.0,1.0,6539,none,6539.0,6539.0,45618.0,0.143343,0,12,0.0,0.112314,-0.112314,1.5185,2,5.991,1,1.348,0,5,60,9.7981,2,0,6.642,1
run5-tbt-2s/nazionale,nazionale,2,52,m1,1WZPCjFVjDt2AkwLnqG5BfyoxCWtkqFRU8YSSF,85.56,47.33,"c1:17.50,c2:77.16",1,5,"c1:3,c2:2","c1:0.5250,c2:1.5432",9.0,262.515192,1.035846,-0.0,-0.0,100.7656,1.0,1.0,26252,26252,0,esatto,630,0.0,1.0,26252,none,26252.0,26252.0,45618.0,0.575475,9,12,0.75,0.66435,0.08565,1.5185,2,5.991,1,1.348,0,5,60,9.7981,2,0,6.642,1
run5-tbt-2s/nazionale,nazionale,2,53,m2,1Qfy23H5N3KcwZ4CW25K68hY7T9BMNCYG9n3d8,26.46,96.01,"c3:99.26,c4:92.76",2,3,"c3:2,c4:1","c3:1.9852,c4:0.9276",11.0,129.992688,0.45798,0.0,-0.0,26.0209,1.0,1.0,12999,12999,0,esatto,642,0.0,1.0,12999,none,12999.0,12999.0,62445.0,0.208167,2,12,0.166667,0.235365,-0.068698,2.6448,2,5.991,1,1.616,0,5,60,9.9124,2,0,6.521,1
run5-tbt-2s/nazionale,nazionale,2,53,m3,1VTJbaQB66KoiL8iWQrPES7Ub7ZDzy3XFu8DwG,24.17,70.53,c5:70.53,2,1,c5:1,c5:0.7053,11.0,65.387101,0.230367,0.0,0.0,4.7366,1.0,1.0,,6539,,non pubblicato in questa epoca,,0.0,1.0,,none,,,62445.0,0.104716,0,12,0.0,0.134683,-0.134683,2.6448,2,5.991,1,1.616,0,5,60,9.9124,2,0,6.521,1
run5-tbt-2s/nazionale,nazionale,2,53,m1,1WZPCjFVjDt2AkwLnqG5BfyoxCWtkqFRU8YSSF,85.56,47.33,"c1:17.50,c2:77.16",2,7,"c1:4,c2:3","c1:0.7000,c2:2.3148",11.0,429.066288,1.511653,-0.0,-0.0,100.558,1.0,1.0,42907,42907,0,esatto,642,0.0,1.0,42907,none,42907.0,42907.0,62445.0,0.687117,10,12,0.833333,0.629952,0.203381,2.6448,2,5.991,1,1.616,0,5,60,9.9124,2,0,6.521,1
run5-tbt-2s/nazionale,nazionale,2,54,m2,1Qfy23H5N3KcwZ4CW25K68hY7T9BMNCYG9n3d8,26.46,96.01,"c3:99.26,c4:92.76",2,4,"c3:2,c4:2","c3:1.9852,c4:1.8552",11.0,154.536984,0.608411,-0.0,-0.0,70.3854,1.0,1.0,15454,15454,0,esatto,654,0.0,1.0,15454,none,15454.0,15454.0,55881.0,0.276552,0,12,0.0,0.25076,-0.25076,7.2928,2,5.991,0,1.527,0,5,60,8.7367,2,0,6.696,1
run5-tbt-2s/nazionale,nazionale,2,54,m3,1VTJbaQB66KoiL8iWQrPES7Ub7ZDzy3XFu8DwG,24.17,70.53,c5:70.53,1,1,c5:1,c5:0.7053,11.0,41.217101,0.162271,0.0,0.0,3.765,1.0,1.0,4122,4122,0,esatto,654,0.0,1.0,4122,none,4122.0,4122.0,55881.0,0.073764,0,12,0.0,0.127248,-0.127248,7.2928,2,5.991,0,1.527,0,5,60,8.7367,2,0,6.696,1
run5-tbt-2s/nazionale,nazionale,2,54,m1,1WZPCjFVjDt2AkwLnqG5BfyoxCWtkqFRU8YSSF,85.56,47.33,"c1:17.50,c2:77.16",2,6,"c1:4,c2:2","c1:0.7000,c2:1.5432",11.0,363.048192,1.429318,-0.0,-0.0,100.7444,1.0,1.0,36305,36305,0,esatto,654,0.0,1.0,36305,none,36305.0,36305.0,55881.0,0.649684,12,12,1.0,0.621992,0.378008,7.2928,2,5.991,0,1.527,0,5,60,8.7367,2,0,6.696,1
run5-tbt-2s/nazionale,nazionale,2,55,m2,1Qfy23H5N3KcwZ4CW25K68hY7T9BMNCYG9n3d8,26.46,96.01,"c3:99.26,c4:92.76",2,3,"c3:2,c4:1","c3:1.9852,c4:0.9276",12.0,129.992688,0.486338,-0.0,0.0,28.1629,1.0,1.0,,12999,,non pubblicato in questa epoca,,0.0,1.0,,none,,,55881.0,0.276552,3,12,0.25,0.236661,0.013339,1.2209,2,5.991,1,1.102,0,5,60,7.8312,2,0,6.61,1
run5-tbt-2s/nazionale,nazionale,2,55,m3,1VTJbaQB66KoiL8iWQrPES7Ub7ZDzy3XFu8DwG,24.17,70.53,c5:70.53,2,2,c5:2,c5:1.4106,12.0,82.434202,0.308409,0.0,0.0,23.003,1.0,1.0,,8243,,non pubblicato in questa epoca,,0.0,1.0,,none,,,55881.0,0.073764,0,12,0.0,0.091819,-0.091819,1.2209,2,5.991,1,1.102,0,5,60,7.8312,2,0,6.61,1
run5-tbt-2s/nazionale,nazionale,2,55,m1,1WZPCjFVjDt2AkwLnqG5BfyoxCWtkqFRU8YSSF,85.56,47.33,"c1:17.50,c2:77.16",2,7,"c1:4,c2:3","c1:0.7000,c2:2.3148",12.0,429.066288,1.605253,-0.0,-0.0,100.9507,1.0,1.0,,42907,,non pubblicato in questa epoca,,0.0,1.0,,none,,,55881.0,0.649684,9,12,0.75,0.67152,0.07848,1.2209,2,5.991,1,1.102,0,5,60,7.8312,2,0,6.61,1
run5-tbt-2s/regionale,regionale,2,1,m3,16qEPM3f15FH1SsM8yqz9HJ5nwpP3ba7whwkH4,0.0,,,0,0,,,0.0,0.0,0.0,0.0,0.0,0.0,0.0,,,1,,non pubblicato in questa epoca,,0.0,1.0,,none,,,,,0,0,,,,,,,,,,5,,,,,,
run5-tbt-2s/regionale,regionale,2,1,m2,1DvpzaEbFEQsS6kv3UE1Mkc1XM2xPTJsinfjUr,0.0,,,0,0,,,0.0,0.0,0.0,0.0,0.0,0.0,0.0,,,1,,non pubblicato in questa epoca,,0.0,1.0,,none,,,,,0,0,,,,,,,,,,5,,,,,,
run5-tbt-2s/regionale,regionale,2,1,m1,1akrbuSTPkRMU7ztM65jGiNHd5t7DPrqV7pB8G,0.0,,,0,0,,,0.0,0.0,0.0,0.0,0.0,0.0,0.0,,,1,,non pubblicato in questa epoca,,0.0,1.0,,none,,,,,0,0,,,,,,,,,,5,,,,,,
run5-tbt-2s/regionale,regionale,2,2,m3,16qEPM3f15FH1SsM8yqz9HJ5nwpP3ba7whwkH4,0.0,,,0,0,,,0.0,0.0,0.0,0.0,0.0,0.0,0.0,0.0,,1,,non pubblicato in questa epoca,,0.0,1.0,,none,,,,,0,0,,,,,,,,,,5,,,,,,
run5-tbt-2s/regionale,regionale,2,2,m2,1DvpzaEbFEQsS6kv3UE1Mkc1XM2xPTJsinfjUr,0.0,,,0,0,,,0.0,0.0,0.0,0.0,0.0,0.0,0.0,0.0,,1,,non pubblicato in questa epoca,,0.0,1.0,,none,,,,,0,0,,,,,,,,,,5,,,,,,
run5-tbt-2s/regionale,regionale,2,2,m1,1akrbuSTPkRMU7ztM65jGiNHd5t7DPrqV7pB8G,0.0,,,0,0,,,0.0,0.0,0.0,0.0,0.0,0.0,0.0,0.0,,1,,non pubblicato in questa epoca,,0.0,1.0,,none,,,,,0,0,,,,,,,,,,5,,,,,,
run5-tbt-2s/regionale,regionale,2,3,m3,16qEPM3f15FH1SsM8yqz9HJ5nwpP3ba7whwkH4,0.0,,,0,0,,,0.0,0.0,0.0,0.0,0.0,0.0,0.0,0.0,,1,,non pubblicato in questa epoca,,0.0,1.0,,none,,,,,0,0,,,,,,,,,,5,,,,,,
run5-tbt-2s/regionale,regionale,2,3,m2,1DvpzaEbFEQsS6kv3UE1Mkc1XM2xPTJsinfjUr,0.0,,,0,0,,,0.0,0.0,0.0,0.0,0.0,0.0,0.0,0.0,,1,,non pubblicato in questa epoca,,0.0,1.0,,none,,,,,0,0,,,,,,,,,,5,,,,,,
run5-tbt-2s/regionale,regionale,2,3,m1,1akrbuSTPkRMU7ztM65jGiNHd5t7DPrqV7pB8G,0.0,,,0,0,,,0.0,0.0,0.0,0.0,0.0,0.0,0.0,0.0,,1,,non pubblicato in questa epoca,,0.0,1.0,,none,,,,,0,0,,,,,,,,,,5,,,,,,
run5-tbt-2s/regionale,regionale,2,4,m3,16qEPM3f15FH1SsM8yqz9HJ5nwpP3ba7whwkH4,0.0,,,0,0,,,0.0,0.0,0.0,0.0,0.0,0.0,0.0,0.0,,1,,non pubblicato in questa epoca,,0.0,1.0,,none,,,,,0,0,,,,,,,,,,5,,,,,,
run5-tbt-2s/regionale,regionale,2,4,m2,1DvpzaEbFEQsS6kv3UE1Mkc1XM2xPTJsinfjUr,0.0,,,0,0,,,0.0,0.0,0.0,0.0,0.0,0.0,0.0,0.0,,1,,non pubblicato in questa epoca,,0.0,1.0,,none,,,,,0,0,,,,,,,,,,5,,,,,,
run5-tbt-2s/regionale,regionale,2,4,m1,1akrbuSTPkRMU7ztM65jGiNHd5t7DPrqV7pB8G,0.0,,,0,0,,,0.0,0.0,0.0,0.0,0.0,0.0,0.0,0.0,,1,,non pubblicato in questa epoca,,0.0,1.0,,none,,,,,0,0,,,,,,,,,,5,,,,,,
run5-tbt-2s/regionale,regionale,2,5,m3,16qEPM3f15FH1SsM8yqz9HJ5nwpP3ba7whwkH4,0.0,,,0,0,,,0.0,0.0,0.0,0.0,0.0,0.0,0.0,0.0,,1,,non pubblicato in questa epoca,,0.0,1.0,,none,,,,,0,0,,,,,,,,,,5,,,,,,
run5-tbt-2s/regionale,regionale,2,5,m2,1DvpzaEbFEQsS6kv3UE1Mkc1XM2xPTJsinfjUr,0.0,,,0,0,,,0.0,0.0,0.0,0.0,0.0,0.0,0.0,0.0,,1,,non pubblicato in questa epoca,,0.0,1.0,,none,,,,,0,0,,,,,,,,,,5,,,,,,
run5-tbt-2s/regionale,regionale,2,5,m1,1akrbuSTPkRMU7ztM65jGiNHd5t7DPrqV7pB8G,0.0,,,0,0,,,0.0,0.0,0.0,0.0,0.0,0.0,0.0,0.0,,1,,non pubblicato in questa epoca,,0.0,1.0,,none,,,,,0,0,,,,,,,,,,5,,,,,,
run5-tbt-2s/regionale,regionale,2,6,m3,16qEPM3f15FH1SsM8yqz9HJ5nwpP3ba7whwkH4,0.0,,,0,0,,,0.0,0.0,0.0,0.0,0.0,0.0,0.0,0.0,,1,,non pubblicato in questa epoca,,0.0,1.0,,none,,,,,0,0,,,,,,,,,,5,,,,,,
run5-tbt-2s/regionale,regionale,2,6,m2,1DvpzaEbFEQsS6kv3UE1Mkc1XM2xPTJsinfjUr,0.0,,,0,0,,,0.0,0.0,0.0,0.0,0.0,0.0,0.0,0.0,,1,,non pubblicato in questa epoca,,0.0,1.0,,none,,,,,0,0,,,,,,,,,,5,,,,,,
run5-tbt-2s/regionale,regionale,2,6,m1,1akrbuSTPkRMU7ztM65jGiNHd5t7DPrqV7pB8G,0.0,,,0,0,,,0.0,0.0,0.0,0.0,0.0,0.0,0.0,0.0,,1,,non pubblicato in questa epoca,,0.0,1.0,,none,,,,,0,0,,,,,,,,,,5,,,,,,
run5-tbt-2s/regionale,regionale,2,7,m3,16qEPM3f15FH1SsM8yqz9HJ5nwpP3ba7whwkH4,0.0,,,0,0,,,0.0,0.0,0.0,0.0,0.0,0.0,0.0,0.0,,1,,non pubblicato in questa epoca,,0.0,1.0,,none,,,,,0,0,,,,,,,,,,5,,,,,,
run5-tbt-2s/regionale,regionale,2,7,m2,1DvpzaEbFEQsS6kv3UE1Mkc1XM2xPTJsinfjUr,0.0,,,0,0,,,0.0,0.0,0.0,0.0,0.0,0.0,0.0,0.0,,1,,non pubblicato in questa epoca,,0.0,1.0,,none,,,,,0,0,,,,,,,,,,5,,,,,,
run5-tbt-2s/regionale,regionale,2,7,m1,1akrbuSTPkRMU7ztM65jGiNHd5t7DPrqV7pB8G,0.0,,,0,0,,,0.0,0.0,0.0,0.0,0.0,0.0,0.0,0.0,,1,,non pubblicato in questa epoca,,0.0,1.0,,none,,,,,0,0,,,,,,,,,,5,,,,,,
run5-tbt-2s/regionale,regionale,2,8,m3,16qEPM3f15FH1SsM8yqz9HJ5nwpP3ba7whwkH4,0.0,,,0,0,,,0.0,0.0,0.0,0.0,0.0,0.0,0.0,0.0,,1,,non pubblicato in questa epoca,,0.0,1.0,,none,,,,,0,0,,,,,,,,,,5,,,,,,
run5-tbt-2s/regionale,regionale,2,8,m2,1DvpzaEbFEQsS6kv3UE1Mkc1XM2xPTJsinfjUr,0.0,,,0,0,,,0.0,0.0,0.0,0.0,0.0,0.0,0.0,0.0,,1,,non pubblicato in questa epoca,,0.0,1.0,,none,,,,,0,0,,,,,,,,,,5,,,,,,
run5-tbt-2s/regionale,regionale,2,8,m1,1akrbuSTPkRMU7ztM65jGiNHd5t7DPrqV7pB8G,0.0,,,0,0,,,0.0,0.0,0.0,0.0,0.0,0.0,0.0,0.0,,1,,non pubblicato in questa epoca,,0.0,1.0,,none,,,,,0,0,,,,,,,,,,5,,,,,,
run5-tbt-2s/regionale,regionale,2,9,m3,16qEPM3f15FH1SsM8yqz9HJ5nwpP3ba7whwkH4,0.0,,,0,0,,,0.0,0.0,0.0,0.0,0.0,0.0,0.0,0.0,1,1,0,esatto,124,0.0,1.0,1,none,1.0,1.0,3.0,0.333333,0,0,,,,,,,,,,5,,,,,,
run5-tbt-2s/regionale,regionale,2,9,m2,1DvpzaEbFEQsS6kv3UE1Mkc1XM2xPTJsinfjUr,0.0,,,0,0,,,0.0,0.0,0.0,0.0,0.0,0.0,0.0,0.0,1,1,0,esatto,124,0.0,1.0,1,none,1.0,1.0,3.0,0.333333,0,0,,,,,,,,,,5,,,,,,
run5-tbt-2s/regionale,regionale,2,9,m1,1akrbuSTPkRMU7ztM65jGiNHd5t7DPrqV7pB8G,0.0,,,0,0,,,0.0,0.0,0.0,0.0,0.0,0.0,0.0,0.0,1,1,0,esatto,124,0.0,1.0,1,none,1.0,1.0,3.0,0.333333,0,0,,,,,,,,,,5,,,,,,
run5-tbt-2s/regionale,regionale,2,10,m3,16qEPM3f15FH1SsM8yqz9HJ5nwpP3ba7whwkH4,0.0,,,0,0,,,0.0,0.0,0.0,0.0,0.0,0.0,0.0,0.0,,1,,non pubblicato in questa epoca,,0.0,1.0,,none,,,3.0,0.333333,0,0,,,,,,,,,,5,,,,,,
run5-tbt-2s/regionale,regionale,2,10,m2,1DvpzaEbFEQsS6kv3UE1Mkc1XM2xPTJsinfjUr,0.0,,,0,0,,,0.0,0.0,0.0,0.0,0.0,0.0,0.0,0.0,,1,,non pubblicato in questa epoca,,0.0,1.0,,none,,,3.0,0.333333,0,0,,,,,,,,,,5,,,,,,
run5-tbt-2s/regionale,regionale,2,10,m1,1akrbuSTPkRMU7ztM65jGiNHd5t7DPrqV7pB8G,0.0,,,0,0,,,0.0,0.0,0.0,0.0,0.0,0.0,0.0,0.0,,1,,non pubblicato in questa epoca,,0.0,1.0,,none,,,3.0,0.333333,0,0,,,,,,,,,,5,,,,,,
run5-tbt-2s/regionale,regionale,2,11,m3,16qEPM3f15FH1SsM8yqz9HJ5nwpP3ba7whwkH4,24.17,70.53,c5:70.53,2,1,c5:1,c5:0.7053,5.0,65.387101,0.15523,0.0,0.15523,0.0,0.0,0.0,3269,3269,0,esatto,138,0.0,1.0,3269,none,3269.0,3269.0,21061.0,0.155216,0,0,,,,,,,,,,5,,,,,,
run5-tbt-2s/regionale,regionale,2,11,m2,1DvpzaEbFEQsS6kv3UE1Mkc1XM2xPTJsinfjUr,26.46,96.01,"c3:99.26,c4:92.76",2,2,"c3:1,c4:1","c3:0.9926,c4:0.9276",5.0,103.728492,0.246253,0.0,0.246253,0.0,0.0,0.0,5186,5186,0,esatto,138,0.0,1.0,5186,none,5186.0,5186.0,21061.0,0.246237,0,0,,,,,,,,,,5,,,,,,
run5-tbt-2s/regionale,regionale,2,11,m1,1akrbuSTPkRMU7ztM65jGiNHd5t7DPrqV7pB8G,85.56,47.33,"c1:17.50,c2:77.16",2,2,"c1:1,c2:1","c1:0.1750,c2:0.7716",5.0,252.111096,0.598516,0.0,0.598516,0.0,0.0,0.0,12606,12606,0,esatto,138,0.0,1.0,12606,none,12606.0,12606.0,21061.0,0.598547,0,0,,,,,,,,,,5,,,,,,
run5-tbt-2s/regionale,regionale,2,12,m3,16qEPM3f15FH1SsM8yqz9HJ5nwpP3ba7whwkH4,24.17,70.53,c5:70.53,1,0,c5:0,c5:0.0000,0.0,24.17,0.0,0.15523,0.15523,0.0,0.0,0.0,1209,1209,0,esatto,151,0.0,1.0,1209,none,1209.0,1209.0,6810.0,0.177533,0,0,,,,,,,,,,5,,,,,,
run5-tbt-2s/regionale,regionale,2,12,m2,1DvpzaEbFEQsS6kv3UE1Mkc1XM2xPTJsinfjUr,26.46,96.01,"c3:99.26,c4:92.76",1,0,"c3:0,c4:0","c3:0.0000,c4:0.0000",0.0,26.46,0.0,0.246253,0.246253,0.0,0.0,0.0,1323,1323,0,esatto,151,0.0,1.0,1323,none,1323.0,1323.0,6810.0,0.194273,0,0,,,,,,,,,,5,,,,,,
run5-tbt-2s/regionale,regionale,2,12,m1,1akrbuSTPkRMU7ztM65jGiNHd5t7DPrqV7pB8G,85.56,47.33,"c1:17.50,c2:77.16",1,0,"c1:0,c2:0","c1:0.0000,c2:0.0000",0.0,85.56,0.0,0.598516,0.598516,0.0,0.0,0.0,4278,4278,0,esatto,151,0.0,1.0,4278,none,4278.0,4278.0,6810.0,0.628194,0,0,,,,,,,,,,5,,,,,,
run5-tbt-2s/regionale,regionale,2,13,m3,16qEPM3f15FH1SsM8yqz9HJ5nwpP3ba7whwkH4,24.17,70.53,c5:70.53,1,0,c5:0,c5:0.0000,0.0,24.17,0.0,0.15523,0.15523,0.0,0.0,0.0,,1209,,non pubblicato in questa epoca,,0.0,1.0,,none,,,6810.0,0.177533,0,0,,,,,,,,,,5,,,,,,
run5-tbt-2s/regionale,regionale,2,13,m2,1DvpzaEbFEQsS6kv3UE1Mkc1XM2xPTJsinfjUr,26.46,96.01,"c3:99.26,c4:92.76",1,0,"c3:0,c4:0","c3:0.0000,c4:0.0000",0.0,26.46,0.0,0.246253,0.246253,0.0,0.0,0.0,,1323,,non pubblicato in questa epoca,,0.0,1.0,,none,,,6810.0,0.194273,0,0,,,,,,,,,,5,,,,,,
run5-tbt-2s/regionale,regionale,2,13,m1,1akrbuSTPkRMU7ztM65jGiNHd5t7DPrqV7pB8G,85.56,47.33,"c1:17.50,c2:77.16",1,0,"c1:0,c2:0","c1:0.0000,c2:0.0000",0.0,85.56,0.0,0.598516,0.598516,0.0,0.0,0.0,,4278,,non pubblicato in questa epoca,,0.0,1.0,,none,,,6810.0,0.628194,0,0,,,,,,,,,,5,,,,,,
run5-tbt-2s/regionale,regionale,2,14,m3,16qEPM3f15FH1SsM8yqz9HJ5nwpP3ba7whwkH4,24.17,70.53,c5:70.53,1,1,c5:1,c5:0.7053,7.0,41.217101,0.157649,0.15523,0.0,9.5204,1.0,0.0,2061,2061,0,esatto,174,0.0,1.0,2061,none,2061.0,2061.0,18301.0,0.112617,0,0,,,,,,,,,,5,,,,,,
run5-tbt-2s/regionale,regionale,2,14,m2,1DvpzaEbFEQsS6kv3UE1Mkc1XM2xPTJsinfjUr,26.46,96.01,"c3:99.26,c4:92.76",1,2,"c3:1,c4:1","c3:0.9926,c4:0.9276",7.0,77.268492,0.29554,0.246253,-0.0,28.5617,1.0,0.0,3863,3863,0,esatto,174,0.0,1.0,3863,none,3863.0,3863.0,18301.0,0.211081,0,0,,,,,,,,,,5,,,,,,
run5-tbt-2s/regionale,regionale,2,14,m1,1akrbuSTPkRMU7ztM65jGiNHd5t7DPrqV7pB8G,85.56,47.33,"c1:17.50,c2:77.16",1,4,"c1:2,c2:2","c1:0.3500,c2:1.5432",7.0,247.542192,0.946811,0.598516,0.0,45.4391,1.0,0.0,12377,12377,0,esatto,174,0.0,1.0,12377,none,12377.0,12377.0,18301.0,0.676302,0,0,,,,,,,,,,5,,,,,,
run5-tbt-2s/regionale,regionale,2,15,m3,16qEPM3f15FH1SsM8yqz9HJ5nwpP3ba7whwkH4,24.17,70.53,c5:70.53,2,1,c5:1,c5:0.7053,9.0,65.387101,0.216571,0.0,0.0,7.6526,1.0,1.0,6539,6539,0,esatto,187,0.0,1.0,6539,none,6539.0,6539.0,54346.0,0.120322,0,0,,,,,,,,,,5,,,,,,
run5-tbt-2s/regionale,regionale,2,15,m2,1DvpzaEbFEQsS6kv3UE1Mkc1XM2xPTJsinfjUr,26.46,96.01,"c3:99.26,c4:92.76",2,3,"c3:2,c4:1","c3:1.9852,c4:0.9276",9.0,129.992688,0.430554,-0.0,-0.0,11.8465,1.0,1.0,12999,12999,0,esatto,187,0.0,1.0,12999,none,12999.0,12999.0,54346.0,0.23919,0,0,,,,,,,,,,5,,,,,,
run5-tbt-2s/regionale,regionale,2,15,m1,1akrbuSTPkRMU7ztM65jGiNHd5t7DPrqV7pB8G,85.56,47.33,"c1:17.50,c2:77.16",2,5,"c1:3,c2:2","c1:0.5250,c2:1.5432",9.0,348.075192,1.152874,0.0,-0.0,97.229,1.0,1.0,34808,34808,0,esatto,187,0.0,1.0,34808,none,34808.0,34808.0,54346.0,0.640489,0,0,,,,,,,,,,5,,,,,,
run5-tbt-2s/regionale,regionale,2,16,m3,16qEPM3f15FH1SsM8yqz9HJ5nwpP3ba7whwkH4,24.17,70.53,c5:70.53,2,1,c5:1,c5:0.7053,9.0,65.387101,0.217259,0.0,0.0,6.109,1.0,1.0,,6539,,non pubblicato in questa epoca,,0.0,1.0,,none,,,54174.0,0.120704,0,0,,,,,,,,,,5,,,,,,
run5-tbt-2s/regionale,regionale,2,16,m2,1DvpzaEbFEQsS6kv3UE1Mkc1XM2xPTJsinfjUr,26.46,96.01,"c3:99.26,c4:92.76",2,3,"c3:1,c4:2","c3:0.9926,c4:1.8552",9.0,128.272788,0.426207,-0.0,-0.0,65.0197,1.0,1.0,12827,12827,0,esatto,198,0.0,1.0,12827,none,12827.0,12827.0,54174.0,0.236774,0,0,,,,,,,,,,5,,,,,,
run5-tbt-2s/regionale,regionale,2,16,m1,1akrbuSTPkRMU7ztM65jGiNHd5t7DPrqV7pB8G,85.56,47.33,"c1:17.50,c2:77.16",2,5,"c1:3,c2:2","c1:0.5250,c2:1.5432",9.0,348.075192,1.156535,-0.0,0.0,99.9627,1.0,1.0,,34808,,non pubblicato in questa epoca,,0.0,1.0,,none,,,54174.0,0.642522,0,0,,,,,,,,,,5,,,,,,
run5-tbt-2s/regionale,regionale,2,17,m3,16qEPM3f15FH1SsM8yqz9HJ5nwpP3ba7whwkH4,24.17,70.53,c5:70.53,1,1,c5:1,c5:0.7053,10.0,41.217101,0.183719,0.0,0.0,4.9071,1.0,1.0,4122,4122,0,esatto,212,0.0,1.0,4122,none,4122.0,4122.0,44870.0,0.091865,0,3,0.0,0.120704,-0.120704,1.6691,2,5.991,1,0.362,0,5,3,1.6691,2,1,0.362,0
run5-tbt-2s/regionale,regionale,2,17,m2,1DvpzaEbFEQsS6kv3UE1Mkc1XM2xPTJsinfjUr,26.46,96.01,"c3:99.26,c4:92.76",2,3,"c3:2,c4:1","c3:1.9852,c4:0.9276",10.0,129.992688,0.579422,-0.0,-0.0,25.9175,1.0,1.0,12999,12999,0,esatto,212,0.0,1.0,12999,none,12999.0,12999.0,44870.0,0.289704,0,3,0.0,0.236774,-0.236774,1.6691,2,5.991,1,0.362,0,5,3,1.6691,2,1,0.362,0
run5-tbt-2s/regionale,regionale,2,17,m1,1akrbuSTPkRMU7ztM65jGiNHd5t7DPrqV7pB8G,85.56,47.33,"c1:17.50,c2:77.16",1,6,"c1:4,c2:2","c1:0.7000,c2:1.5432",10.0,277.488192,1.23686,0.0,0.0,100.1726,1.0,1.0,27749,27749,0,esatto,211,0.0,1.0,27749,none,27749.0,27749.0,44870.0,0.618431,3,3,1.0,0.642522,0.357478,1.6691,2,5.991,1,0.362,0,5,3,1.6691,2,1,0.362,0
run5-tbt-2s/regionale,regionale,2,18,m3,16qEPM3f15FH1SsM8yqz9HJ5nwpP3ba7whwkH4,24.17,70.53,c5:70.53,2,1,c5:1,c5:0.7053,12.0,65.387101,0.241805,0.0,0.0,3.9167,1.0,1.0,6539,6539,0,esatto,222,0.0,1.0,6539,none,6539.0,6539.0,64900.0,0.100755,0,12,0.0,0.115001,-0.115001,6.9863,2,5.991,0,1.38,0,5,15,8.6543,2,0,1.742,0
run5-tbt-2s/regionale,regionale,2,18,m2,1DvpzaEbFEQsS6kv3UE1Mkc1XM2xPTJsinfjUr,26.46,96.01,"c3:99.26,c4:92.76",2,4,"c3:2,c4:2","c3:1.9852,c4:1.8552",12.0,154.536984,0.571486,-0.0,-0.0,70.34,1.0,1.0,15454,15454,0,esatto,222,0.0,1.0,15454,none,15454.0,15454.0,64900.0,0.23812,0,12,0.0,0.252963,-0.252963,6.9863,2,5.991,0,1.38,0,5,15,8.6543,2,0,1.742,0
run5-tbt-2s/regionale,regionale,2,18,m1,1akrbuSTPkRMU7ztM65jGiNHd5t7DPrqV7pB8G,85.56,47.33,"c1:17.50,c2:77.16",2,7,"c1:4,c2:3","c1:0.7000,c2:2.3148",12.0,429.066288,1.586709,0.0,0.0,100.2043,1.0,1.0,42907,42907,0,esatto,222,0.0,1.0,42907,none,42907.0,42907.0,64900.0,0.661125,12,12,1.0,0.632036,0.367964,6.9863,2,5.991,0,1.38,0,5,15,8.6543,2,0,1.742,0
run5-tbt-2s/regionale,regionale,2,19,m3,16qEPM3f15FH1SsM8yqz9HJ5nwpP3ba7whwkH4,24.17,70.53,c5:70.53,2,2,c5:2,c5:1.4106,12.0,82.434202,0.308409,0.0,0.0,23.1091,1.0,1.0,8243,8243,0,esatto,235,0.0,1.0,8243,none,8243.0,8243.0,64149.0,0.128498,0,12,0.0,0.095569,-0.095569,6.8614,2,5.991,0,1.147,0,5,27,15.5156,2,0,2.889,0
run5-tbt-2s/regionale,regionale,2,19,m2,1DvpzaEbFEQsS6kv3UE1Mkc1XM2xPTJsinfjUr,26.46,96.01,"c3:99.26,c4:92.76",2,3,"c3:2,c4:1","c3:1.9852,c4:0.9276",12.0,129.992688,0.486338,-0.0,0.0,28.0634,1.0,1.0,12999,12999,0,esatto,234,0.0,1.0,12999,none,12999.0,12999.0,64149.0,0.202638,0,12,0.0,0.268211,-0.268211,6.8614,2,5.991,0,1.147,0,5,27,15.5156,2,0,2.889,0
run5-tbt-2s/regionale,regionale,2,19,m1,1akrbuSTPkRMU7ztM65jGiNHd5t7DPrqV7pB8G,85.56,47.33,"c1:17.50,c2:77.16",2,7,"c1:4,c2:3","c1:0.7000,c2:2.3148",12.0,429.066288,1.605253,0.0,0.0,101.0155,1.0,1.0,,42907,,non pubblicato in questa epoca,,0.0,1.0,,none,,,64149.0,0.668865,12,12,1.0,0.63622,0.36378,6.8614,2,5.991,0,1.147,0,5,27,15.5156,2,0,2.889,0
run5-tbt-2s/regionale,regionale,2,20,m3,16qEPM3f15FH1SsM8yqz9HJ5nwpP3ba7whwkH4,24.17,70.53,c5:70.53,2,1,c5:1,c5:0.7053,11.0,65.387101,0.2892,0.0,0.0,18.4572,1.0,1.0,6539,6539,0,esatto,246,0.0,1.0,6539,none,6539.0,6539.0,49742.0,0.131458,0,12,0.0,0.110333,-0.110333,25.7368,2,5.991,0,1.324,0,5,39,4.8193,2,1,4.213,0
run5-tbt-2s/regionale,regionale,2,20,m2,1DvpzaEbFEQsS6kv3UE1Mkc1XM2xPTJsinfjUr,26.46,96.01,"c3:99.26,c4:92.76",2,4,"c3:2,c4:2","c3:1.9852,c4:1.8552",11.0,154.536984,0.6835,0.0,0.0,11.2356,1.0,1.0,15454,15454,0,esatto,246,0.0,1.0,15454,none,15454.0,15454.0,49742.0,0.310683,10,12,0.833333,0.223797,0.609536,25.7368,2,5.991,0,1.324,0,5,39,4.8193,2,1,4.213,0
run5-tbt-2s/regionale,regionale,2,20,m1,1akrbuSTPkRMU7ztM65jGiNHd5t7DPrqV7pB8G,85.56,47.33,"c1:17.50,c2:77.16",1,6,"c1:4,c2:2","c1:0.7000,c2:1.5432",11.0,277.488192,1.2273,0.0,0.0,100.9639,1.0,1.0,27749,27749,0,esatto,246,0.0,1.0,27749,none,27749.0,27749.0,49742.0,0.557859,2,12,0.166667,0.665871,-0.499204,25.7368,2,5.991,0,1.324,0,5,39,4.8193,2,1,4.213,0
run5-tbt-2s/regionale,regionale,2,21,m3,16qEPM3f15FH1SsM8yqz9HJ5nwpP3ba7whwkH4,24.17,70.53,c5:70.53,2,1,c5:1,c5:0.7053,12.0,65.387101,0.241805,0.0,0.0,14.7415,1.0,1.0,,6539,,non pubblicato in questa epoca,,0.0,1.0,,none,,,64900.0,0.100755,0,12,0.0,0.129731,-0.129731,7.2736,2,5.991,0,1.557,0,5,51,8.4739,2,0,5.77,1
run5-tbt-2s/regionale,regionale,2,21,m2,1DvpzaEbFEQsS6kv3UE1Mkc1XM2xPTJsinfjUr,26.46,96.01,"c3:99.26,c4:92.76",2,4,"c3:2,c4:2","c3:1.9852,c4:1.8552",12.0,154.536984,0.571486,0.0,0.0,65.0405,1.0,1.0,,15454,,non pubblicato in questa epoca,,0.0,1.0,,none,,,64900.0,0.23812,0,12,0.0,0.247657,-0.247657,7.2736,2,5.991,0,1.557,0,5,51,8.4739,2,0,5.77,1
run5-tbt-2s/regionale,regionale,2,21,m1,1akrbuSTPkRMU7ztM65jGiNHd5t7DPrqV7pB8G,85.56,47.33,"c1:17.50,c2:77.16",2,7,"c1:4,c2:3","c1:0.7000,c2:2.3148",12.0,429.066288,1.586709,0.0,0.0,99.9686,1.0,1.0,42907,42907,0,esatto,258,0.0,1.0,42907,none,42907.0,42907.0,64900.0,0.661125,12,12,1.0,0.622612,0.377388,7.2736,2,5.991,0,1.557,0,5,51,8.4739,2,0,5.77,1
run5-tbt-2s/regionale,regionale,2,22,m3,16qEPM3f15FH1SsM8yqz9HJ5nwpP3ba7whwkH4,24.17,70.53,c5:70.53,1,2,c5:2,c5:1.4106,12.0,58.264202,0.236661,0.0,0.0,11.769,1.0,1.0,5826,5826,0,esatto,270,0.0,1.0,5826,none,5826.0,5826.0,59086.0,0.098602,0,12,0.0,0.118665,-0.118665,1.9077,2,5.991,1,1.424,0,5,60,9.3605,2,0,6.832,1
run5-tbt-2s/regionale,regionale,2,22,m2,1DvpzaEbFEQsS6kv3UE1Mkc1XM2xPTJsinfjUr,26.46,96.01,"c3:99.26,c4:92.76",1,3,"c3:2,c4:1","c3:1.9852,c4:0.9276",12.0,103.532688,0.420535,0.0,0.0,25.9258,1.0,1.0,10353,10353,0,esatto,270,0.0,1.0,10353,none,10353.0,10353.0,59086.0,0.175219,3,12,0.25,0.280449,-0.030449,1.9077,2,5.991,1,1.424,0,5,60,9.3605,2,0,6.832,1
run5-tbt-2s/regionale,regionale,2,22,m1,1akrbuSTPkRMU7ztM65jGiNHd5t7DPrqV7pB8G,85.56,47.33,"c1:17.50,c2:77.16",2,7,"c1:4,c2:3","c1:0.7000,c2:2.3148",12.0,429.066288,1.742805,0.0,0.0,100.8836,1.0,1.0,,42907,,non pubblicato in questa epoca,,0.0,1.0,,none,,,59086.0,0.726179,9,12,0.75,0.600886,0.149114,1.9077,2,5.991,1,1.424,0,5,60,9.3605,2,0,6.832,1
run5-tbt-2s/regionale,regionale,2,23,m3,16qEPM3f15FH1SsM8yqz9HJ5nwpP3ba7whwkH4,24.17,70.53,c5:70.53,2,1,c5:1,c5:0.7053,14.0,65.387101,0.302784,0.0,0.0,9.4062,1.0,1.0,6539,6539,0,esatto,282,0.0,1.0,6539,none,6539.0,6539.0,60467.0,0.108142,6,12,0.5,0.099858,0.400142,21.553,2,5.991,0,1.198,0,5,60,0.0715,2,1,6.65,1
run5-tbt-2s/regionale,regionale,2,23,m2,1DvpzaEbFEQsS6kv3UE1Mkc1XM2xPTJsinfjUr,26.46,96.01,"c3:99.26,c4:92.76",2,5,"c3:3,c4:2","c3:2.9778,c4:1.8552",14.0,180.80118,0.837226,0.0,0.0,70.6653,1.0,1.0,18080,18080,0,esatto,282,0.0,1.0,18080,none,18080.0,18080.0,60467.0,0.299006,2,12,0.166667,0.211911,-0.045244,21.553,2,5.991,0,1.198,0,5,60,0.0715,2,1,6.65,1
run5-tbt-2s/regionale,regionale,2,23,m1,1akrbuSTPkRMU7ztM65jGiNHd5t7DPrqV7pB8G,85.56,47.33,"c1:17.50,c2:77.16",1,8,"c1:5,c2:3","c1:0.8750,c2:2.3148",14.0,358.479288,1.65999,0.0,0.0,100.2378,1.0,1.0,35848,35848,0,esatto,282,0.0,1.0,35848,none,35848.0,35848.0,60467.0,0.592852,4,12,0.333333,0.688231,-0.354898,21.553,2,5.991,0,1.198,0,5,60,0.0715,2,1,6.65,1
run5-tbt-2s/regionale,regionale,2,24,m3,16qEPM3f15FH1SsM8yqz9HJ5nwpP3ba7whwkH4,24.17,70.53,c5:70.53,2,1,c5:1,c5:0.7053,8.0,65.387101,0.202284,0.0,0.0,7.6378,1.0,1.0,,6539,,non pubblicato in questa epoca,,0.0,1.0,,none,,,51720.0,0.126431,0,12,0.0,0.102577,-0.102577,1.8959,2,5.991,1,1.231,0,5,60,0.6955,2,1,6.734,1
run5-tbt-2s/regionale,regionale,2,24,m2,1DvpzaEbFEQsS6kv3UE1Mkc1XM2xPTJsinfjUr,26.46,96.01,"c3:99.26,c4:92.76",2,2,"c3:1,c4:1","c3:0.9926,c4:0.9276",8.0,103.728492,0.320898,0.0,-0.0,28.4299,1.0,1.0,10373,10373,0,esatto,295,0.0,1.0,10373,none,10373.0,10373.0,51720.0,0.200561,2,12,0.166667,0.226797,-0.06013,1.8959,2,5.991,1,1.231,0,5,60,0.6955,2,1,6.734,1
run5-tbt-2s/regionale,regionale,2,24,m1,1akrbuSTPkRMU7ztM65jGiNHd5t7DPrqV7pB8G,85.56,47.33,"c1:17.50,c2:77.16",2,5,"c1:3,c2:2","c1:0.5250,c2:1.5432",8.0,348.075192,1.076818,0.0,-0.0,100.0569,1.0,1.0,34808,34808,0,esatto,294,0.0,1.0,34808,none,34808.0,34808.0,51720.0,0.673009,10,12,0.833333,0.670626,0.162707,1.8959,2,5.991,1,1.231,0,5,60,0.6955,2,1,6.734,1
run5-tbt-2s/regionale,regionale,2,25,m3,16qEPM3f15FH1SsM8yqz9HJ5nwpP3ba7whwkH4,24.17,70.53,c5:70.53,1,1,c5:1,c5:0.7053,12.0,41.217101,0.158319,0.0,0.0,6.086,1.0,1.0,4122,4122,0,esatto,306,0.0,1.0,4122,none,4122.0,4122.0,62483.0,0.06597,0,12,0.0,0.114396,-0.114396,7.3868,2,5.991,0,1.373,0,5,60,6.1202,2,0,6.783,1
run5-tbt-2s/regionale,regionale,2,25,m2,1DvpzaEbFEQsS6kv3UE1Mkc1XM2xPTJsinfjUr,26.46,96.01,"c3:99.26,c4:92.76",2,4,"c3:2,c4:2","c3:1.9852,c4:1.8552",12.0,154.536984,0.593593,-0.0,-0.0,11.2636,1.0,1.0,15454,15454,0,esatto,306,0.0,1.0,15454,none,15454.0,15454.0,62483.0,0.247331,0,12,0.0,0.266627,-0.266627,7.3868,2,5.991,0,1.373,0,5,60,6.1202,2,0,6.783,1
run5-tbt-2s/regionale,regionale,2,25,m1,1akrbuSTPkRMU7ztM65jGiNHd5t7DPrqV7pB8G,85.56,47.33,"c1:17.50,c2:77.16",2,7,"c1:4,c2:3","c1:0.7000,c2:2.3148",12.0,429.066288,1.648088,-0.0,-0.0,100.9704,1.0,1.0,42907,42907,0,esatto,306,0.0,1.0,42907,none,42907.0,42907.0,62483.0,0.686699,12,12,1.0,0.618977,0.381023,7.3868,2,5.991,0,1.373,0,5,60,6.1202,2,0,6.783,1
run5-tbt-2s/regionale,regionale,2,26,m3,16qEPM3f15FH1SsM8yqz9HJ5nwpP3ba7whwkH4,24.17,70.53,c5:70.53,2,2,c5:2,c5:1.4106,12.0,82.434202,0.329726,0.0,0.0,4.8597,1.0,1.0,8243,8243,0,esatto,318,0.0,1.0,8243,none,8243.0,8243.0,60002.0,0.137379,0,12,0.0,0.101239,-0.101239,1.3536,2,5.991,1,1.215,0,5,60,2.028,2,1,6.441,1
run5-tbt-2s/regionale,regionale,2,26,m2,1DvpzaEbFEQsS6kv3UE1Mkc1XM2xPTJsinfjUr,26.46,96.01,"c3:99.26,c4:92.76",2,4,"c3:2,c4:2","c3:1.9852,c4:1.8552",12.0,154.536984,0.618128,-0.0,-0.0,64.2733,1.0,1.0,,15454,,non pubblicato in questa epoca,,0.0,1.0,,none,,,60002.0,0.257558,3,12,0.25,0.220048,0.029952,1.3536,2,5.991,1,1.215,0,5,60,2.028,2,1,6.441,1
run5-tbt-2s/regionale,regionale,2,26,m1,1akrbuSTPkRMU7ztM65jGiNHd5t7DPrqV7pB8G,85.56,47.33,"c1:17.50,c2:77.16",2,6,"c1:4,c2:2","c1:0.7000,c2:1.5432",12.0,363.048192,1.452146,-0.0,-0.0,101.0768,1.0,1.0,36305,36305,0,esatto,318,0.0,1.0,36305,none,36305.0,36305.0,60002.0,0.605063,9,12,0.75,0.678713,0.071287,1.3536,2,5.991,1,1.215,0,5,60,2.028,2,1,6.441,1
run5-tbt-2s/regionale,regionale,2,27,m3,16qEPM3f15FH1SsM8yqz9HJ5nwpP3ba7whwkH4,24.17,70.53,c5:70.53,2,1,c5:1,c5:0.7053,11.0,65.387101,0.24056,0.0,0.0,3.8576,1.0,1.0,6539,6539,0,esatto,330,0.0,1.0,6539,none,6539.0,6539.0,59799.0,0.10935,2,12,0.166667,0.095724,0.070943,2.1554,2,5.991,1,1.149,0,5,60,3.6642,2,1,6.166,1
run5-tbt-2s/regionale,regionale,2,27,m2,1DvpzaEbFEQsS6kv3UE1Mkc1XM2xPTJsinfjUr,26.46,96.01,"c3:99.26,c4:92.76",1,3,"c3:2,c4:1","c3:1.9852,c4:0.9276",11.0,103.532688,0.380898,-0.0,-0.0,25.9102,1.0,1.0,10353,10353,0,esatto,330,0.0,1.0,10353,none,10353.0,10353.0,59799.0,0.17313,1,12,0.083333,0.251592,-0.168259,2.1554,2,5.991,1,1.149,0,5,60,3.6642,2,1,6.166,1
run5-tbt-2s/regionale,regionale,2,27,m1,1akrbuSTPkRMU7ztM65jGiNHd5t7DPrqV7pB8G,85.56,47.33,"c1:17.50,c2:77.16",2,7,"c1:4,c2:3","c1:0.7000,c2:2.3148",11.0,429.066288,1.578541,-0.0,0.0,100.5603,1.0,1.0,42907,42907,0,esatto,330,0.0,1.0,42907,none,42907.0,42907.0,59799.0,0.71752,9,12,0.75,0.652684,0.097316,2.1554,2,5.991,1,1.149,0,5,60,3.6642,2,1,6.166,1
run5-tbt-2s/regionale,regionale,2,28,m3,16qEPM3f15FH1SsM8yqz9HJ5nwpP3ba7whwkH4,24.17,70.53,c5:70.53,2,1,c5:1,c5:0.7053,9.0,65.387101,0.216571,0.0,0.0,23.0559,1.0,1.0,,6539,,non pubblicato in questa epoca,,0.0,1.0,,none,,,54346.0,0.120322,0,12,0.0,0.1257,-0.1257,6.0922,2,5.991,0,1.508,0,5,60,4.5999,2,1,6.476,1
run5-tbt-2s/regionale,regionale,2,28,m2,1DvpzaEbFEQsS6kv3UE1Mkc1XM2xPTJsinfjUr,26.46,96.01,"c3:99.26,c4:92.76",2,3,"c3:2,c4:1","c3:1.9852,c4:0.9276",9.0,129.992688,0.430554,-0.0,-0.0,70.337,1.0,1.0,12999,12999,0,esatto,342,0.0,1.0,12999,none,12999.0,12999.0,54346.0,0.23919,6,12,0.5,0.22238,0.27762,6.0922,2,5.991,0,1.508,0,5,60,4.5999,2,1,6.476,1
run5-tbt-2s/regionale,regionale,2,28,m1,1akrbuSTPkRMU7ztM65jGiNHd5t7DPrqV7pB8G,85.56,47.33,"c1:17.50,c2:77.16",2,5,"c1:3,c2:2","c1:0.5250,c2:1.5432",9.0,348.075192,1.152874,0.0,-0.0,100.8747,1.0,1.0,34808,34808,0,esatto,342,0.0,1.0,34808,none,34808.0,34808.0,54346.0,0.640489,6,12,0.5,0.65192,-0.15192,6.0922,2,5.991,0,1.508,0,5,60,4.5999,2,1,6.476,1
run5-tbt-2s/regionale,regionale,2,29,m3,16qEPM3f15FH1SsM8yqz9HJ5nwpP3ba7whwkH4,24.17,70.53,c5:70.53,1,1,c5:1,c5:0.7053,12.0,41.217101,0.158319,0.0,0.0,18.4204,1.0,1.0,4122,4122,0,esatto,354,0.0,1.0,4122,none,4122.0,4122.0,62483.0,0.06597,0,12,0.0,0.113921,-0.113921,2.426,2,5.991,1,1.367,0,5,60,3.7412,2,1,6.612,1
run5-tbt-2s/regionale,regionale,2,29,m2,1DvpzaEbFEQsS6kv3UE1Mkc1XM2xPTJsinfjUr,26.46,96.01,"c3:99.26,c4:92.76",2,4,"c3:2,c4:2","c3:1.9852,c4:1.8552",12.0,154.536984,0.593593,-0.0,-0.0,28.684,1.0,1.0,15454,15454,0,esatto,354,0.0,1.0,15454,none,15454.0,15454.0,62483.0,0.247331,4,12,0.333333,0.200655,0.132678,2.426,2,5.991,1,1.367,0,5,60,3.7412,2,1,6.612,1
run5-tbt-2s/regionale,regionale,2,29,m1,1akrbuSTPkRMU7ztM65jGiNHd5t7DPrqV7pB8G,85.56,47.33,"c1:17.50,c2:77.16",2,7,"c1:4,c2:3","c1:0.7000,c2:2.3148",12.0,429.066288,1.648088,-0.0,-0.0,99.8636,1.0,1.0,42907,42907,0,esatto,354,0.0,1.0,42907,none,42907.0,42907.0,62483.0,0.686699,8,12,0.666667,0.685424,-0.018757,2.426,2,5.991,1,1.367,0,5,60,3.7412,2,1,6.612,1
run5-tbt-2s/regionale,regionale,2,30,m3,16qEPM3f15FH1SsM8yqz9HJ5nwpP3ba7whwkH4,24.17,70.53,c5:70.53,2,2,c5:2,c5:1.4106,12.0,82.434202,0.329726,0.0,0.0,14.7273,1.0,1.0,8243,8243,0,esatto,366,0.0,1.0,8243,none,8243.0,8243.0,60002.0,0.137379,1,12,0.083333,0.097675,-0.014342,4.1369,2,5.991,1,1.172,0,5,60,2.0582,2,1,6.411,1
run5-tbt-2s/regionale,regionale,2,30,m2,1DvpzaEbFEQsS6kv3UE1Mkc1XM2xPTJsinfjUr,26.46,96.01,"c3:99.26,c4:92.76",2,4,"c3:2,c4:2","c3:1.9852,c4:1.8552",12.0,154.536984,0.618128,-0.0,-0.0,11.7192,1.0,1.0,,15454,,non pubblicato in questa epoca,,0.0,1.0,,none,,,60002.0,0.257558,0,12,0.0,0.242582,-0.242582,4.1369,2,5.991,1,1.172,0,5,60,2.0582,2,1,6.411,1
run5-tbt-2s/regionale,regionale,2,30,m1,1akrbuSTPkRMU7ztM65jGiNHd5t7DPrqV7pB8G,85.56,47.33,"c1:17.50,c2:77.16",2,6,"c1:4,c2:2","c1:0.7000,c2:1.5432",12.0,363.048192,1.452146,-0.0,-0.0,100.2744,1.0,1.0,36305,36305,0,esatto,366,0.0,1.0,36305,none,36305.0,36305.0,60002.0,0.605063,11,12,0.916667,0.659743,0.256924,4.1369,2,5.991,1,1.172,0,5,60,2.0582,2,1,6.411,1
run5-tbt-2s/regionale,regionale,2,31,m3,16qEPM3f15FH1SsM8yqz9HJ5nwpP3ba7whwkH4,24.17,70.53,c5:70.53,2,1,c5:1,c5:0.7053,11.0,65.387101,0.24056,0.0,0.0,11.7457,1.0,1.0,6539,6539,0,esatto,379,0.0,1.0,6539,none,6539.0,6539.0,59799.0,0.10935,0,12,0.0,0.095724,-0.095724,3.7803,2,5.991,1,1.149,0,5,60,2.7837,2,1,6.345,1
run5-tbt-2s/regionale,regionale,2,31,m2,1DvpzaEbFEQsS6kv3UE1Mkc1XM2xPTJsinfjUr,26.46,96.01,"c3:99.26,c4:92.76",1,3,"c3:2,c4:1","c3:1.9852,c4:0.9276",11.0,103.532688,0.380898,-0.0,-0.0,64.5582,1.0,1.0,10353,10353,0,esatto,378,0.0,1.0,10353,none,10353.0,10353.0,59799.0,0.17313,1,12,0.083333,0.251592,-0.168259,3.7803,2,5.991,1,1.149,0,5,60,2.7837,2,1,6.345,1
run5-tbt-2s/regionale,regionale,2,31,m1,1akrbuSTPkRMU7ztM65jGiNHd5t7DPrqV7pB8G,85.56,47.33,"c1:17.50,c2:77.16",2,7,"c1:4,c2:3","c1:0.7000,c2:2.3148",11.0,429.066288,1.578541,-0.0,0.0,101.1138,1.0,1.0,42907,42907,0,esatto,378,0.0,1.0,42907,none,42907.0,42907.0,59799.0,0.71752,11,12,0.916667,0.652684,0.263983,3.7803,2,5.991,1,1.149,0,5,60,2.7837,2,1,6.345,1
run5-tbt-2s/regionale,regionale,2,32,m3,16qEPM3f15FH1SsM8yqz9HJ5nwpP3ba7whwkH4,24.17,70.53,c5:70.53,2,1,c5:1,c5:0.7053,12.0,65.387101,0.241805,0.0,0.0,9.3724,1.0,1.0,,6539,,non pubblicato in questa epoca,,0.0,1.0,,none,,,64900.0,0.100755,0,12,0.0,0.127756,-0.127756,2.317,2,5.991,1,1.533,0,5,60,5.945,2,1,6.729,1
run5-tbt-2s/regionale,regionale,2,32,m2,1DvpzaEbFEQsS6kv3UE1Mkc1XM2xPTJsinfjUr,26.46,96.01,"c3:99.26,c4:92.76",2,4,"c3:2,c4:2","c3:1.9852,c4:1.8552",12.0,154.536984,0.571486,-0.0,-0.0,25.7962,1.0,1.0,15454,15454,0,esatto,390,0.0,1.0,15454,none,15454.0,15454.0,64900.0,0.23812,2,12,0.166667,0.22198,-0.055313,2.317,2,5.991,1,1.533,0,5,60,5.945,2,1,6.729,1
run5-tbt-2s/regionale,regionale,2,32,m1,1akrbuSTPkRMU7ztM65jGiNHd5t7DPrqV7pB8G,85.56,47.33,"c1:17.50,c2:77.16",2,7,"c1:4,c2:3","c1:0.7000,c2:2.3148",12.0,429.066288,1.586709,0.0,0.0,100.7883,1.0,1.0,,42907,,non pubblicato in questa epoca,,0.0,1.0,,none,,,64900.0,0.661125,10,12,0.833333,0.650264,0.183069,2.317,2,5.991,1,1.533,0,5,60,5.945,2,1,6.729,1
run5-tbt-2s/regionale,regionale,2,33,m3,16qEPM3f15FH1SsM8yqz9HJ5nwpP3ba7whwkH4,24.17,70.53,c5:70.53,1,1,c5:1,c5:0.7053,10.0,41.217101,0.183719,0.0,0.0,7.4736,1.0,1.0,4122,4122,0,esatto,404,0.0,1.0,4122,none,4122.0,4122.0,44870.0,0.091865,0,12,0.0,0.105769,-0.105769,1.472,2,5.991,1,1.269,0,5,60,7.4813,2,0,6.49,1
run5-tbt-2s/regionale,regionale,2,33,m2,1DvpzaEbFEQsS6kv3UE1Mkc1XM2xPTJsinfjUr,26.46,96.01,"c3:99.26,c4:92.76",2,3,"c3:2,c4:1","c3:1.9852,c4:0.9276",10.0,129.992688,0.579422,-0.0,-0.0,70.3464,1.0,1.0,12999,12999,0,esatto,404,0.0,1.0,12999,none,12999.0,12999.0,44870.0,0.289704,3,12,0.25,0.200209,0.049791,1.472,2,5.991,1,1.269,0,5,60,7.4813,2,0,6.49,1
run5-tbt-2s/regionale,regionale,2,33,m1,1akrbuSTPkRMU7ztM65jGiNHd5t7DPrqV7pB8G,85.56,47.33,"c1:17.50,c2:77.16",1,6,"c1:4,c2:2","c1:0.7000,c2:1.5432",10.0,277.488192,1.23686,0.0,0.0,100.7808,1.0,1.0,27749,27749,0,esatto,404,0.0,1.0,27749,none,27749.0,27749.0,44870.0,0.618431,9,12,0.75,0.694022,0.055978,1.472,2,5.991,1,1.269,0,5,60,7.4813,2,0,6.49,1
run5-tbt-2s/regionale,regionale,2,34,m3,16qEPM3f15FH1SsM8yqz9HJ5nwpP3ba7whwkH4,24.17,70.53,c5:70.53,2,1,c5:1,c5:0.7053,8.0,65.387101,0.202284,0.0,0.0,5.9699,1.0,1.0,6539,6539,0,esatto,415,0.0,1.0,6539,none,6539.0,6539.0,51720.0,0.126431,0,12,0.0,0.098533,-0.098533,6.4487,2,5.991,0,1.182,0,5,60,13.5091,2,0,6.305,1
run5-tbt-2s/regionale,regionale,2,34,m2,1DvpzaEbFEQsS6kv3UE1Mkc1XM2xPTJsinfjUr,26.46,96.01,"c3:99.26,c4:92.76",2,2,"c3:1,c4:1","c3:0.9926,c4:0.9276",8.0,103.728492,0.320898,-0.0,0.0,28.149,1.0,1.0,10373,10373,0,esatto,415,0.0,1.0,10373,none,10373.0,10373.0,51720.0,0.200561,0,12,0.0,0.251016,-0.251016,6.4487,2,5.991,0,1.182,0,5,60,13.5091,2,0,6.305,1
run5-tbt-2s/regionale,regionale,2,34,m1,1akrbuSTPkRMU7ztM65jGiNHd5t7DPrqV7pB8G,85.56,47.33,"c1:17.50,c2:77.16",2,5,"c1:3,c2:2","c1:0.5250,c2:1.5432",8.0,348.075192,1.076818,0.0,-0.0,100.6393,1.0,1.0,34808,34808,0,esatto,415,0.0,1.0,34808,none,34808.0,34808.0,51720.0,0.673009,12,12,1.0,0.650451,0.349549,6.4487,2,5.991,0,1.182,0,5,60,13.5091,2,0,6.305,1
run5-tbt-2s/regionale,regionale,2,35,m3,16qEPM3f15FH1SsM8yqz9HJ5nwpP3ba7whwkH4,24.17,70.53,c5:70.53,2,1,c5:1,c5:0.7053,10.0,65.387101,0.230237,0.0,0.0,4.7516,1.0,1.0,,6539,,non pubblicato in questa epoca,,0.0,1.0,,none,,,56801.0,0.115121,0,12,0.0,0.103387,-0.103387,6.8494,2,5.991,0,1.241,0,5,60,16.5262,2,0,6.374,1
run5-tbt-2s/regionale,regionale,2,35,m2,1DvpzaEbFEQsS6kv3UE1Mkc1XM2xPTJsinfjUr,26.46,96.01,"c3:99.26,c4:92.76",2,4,"c3:2,c4:2","c3:1.9852,c4:1.8552",10.0,154.536984,0.544145,0.0,0.0,11.1691,1.0,1.0,15454,15454,0,esatto,427,0.0,1.0,15454,none,15454.0,15454.0,56801.0,0.272073,0,12,0.0,0.259989,-0.259989,6.8494,2,5.991,0,1.241,0,5,60,16.5262,2,0,6.374,1
run5-tbt-2s/regionale,regionale,2,35,m1,1akrbuSTPkRMU7ztM65jGiNHd5t7DPrqV7pB8G,85.56,47.33,"c1:17.50,c2:77.16",2,5,"c1:3,c2:2","c1:0.5250,c2:1.5432",10.0,348.075192,1.225618,-0.0,0.0,101.0245,1.0,1.0,,34808,,non pubblicato in questa epoca,,0.0,1.0,,none,,,56801.0,0.612806,12,12,1.0,0.636624,0.363376,6.8494,2,5.991,0,1.241,0,5,60,16.5262,2,0,6.374,1
run5-tbt-2s/regionale,regionale,2,36,m3,16qEPM3f15FH1SsM8yqz9HJ5nwpP3ba7whwkH4,24.17,70.53,c5:70.53,1,2,c5:2,c5:1.4106,12.0,58.264202,0.262963,0.0,0.0,3.7771,1.0,1.0,5826,5826,0,esatto,438,0.0,1.0,5826,none,5826.0,5826.0,53176.0,0.109561,0,12,0.0,0.122661,-0.122661,3.8143,2,5.991,1,1.472,0,5,60,16.5799,2,0,6.697,1
run5-tbt-2s/regionale,regionale,2,36,m2,1DvpzaEbFEQsS6kv3UE1Mkc1XM2xPTJsinfjUr,26.46,96.01,"c3:99.26,c4:92.76",2,3,"c3:2,c4:1","c3:1.9852,c4:0.9276",12.0,129.992688,0.586694,0.0,0.0,64.2886,1.0,1.0,12999,12999,0,esatto,438,0.0,1.0,12999,none,12999.0,12999.0,53176.0,0.244452,1,12,0.083333,0.224398,-0.141065,3.8143,2,5.991,1,1.472,0,5,60,16.5799,2,0,6.697,1
run5-tbt-2s/regionale,regionale,2,36,m1,1akrbuSTPkRMU7ztM65jGiNHd5t7DPrqV7pB8G,85.56,47.33,"c1:17.50,c2:77.16",1,7,"c1:4,c2:3","c1:0.7000,c2:2.3148",12.0,343.506288,1.550343,0.0,-0.0,100.8016,1.0,1.0,34351,34351,0,esatto,438,0.0,1.0,34351,none,34351.0,34351.0,53176.0,0.645987,11,12,0.916667,0.652941,0.263726,3.8143,2,5.991,1,1.472,0,5,60,16.5799,2,0,6.697,1
run5-tbt-2s/regionale,regionale,2,37,m3,16qEPM3f15FH1SsM8yqz9HJ5nwpP3ba7whwkH4,24.17,70.53,c5:70.53,2,1,c5:1,c5:0.7053,11.0,65.387101,0.246756,0.0,0.0,23.0126,1.0,1.0,6539,6539,0,esatto,451,0.0,1.0,6539,none,6539.0,6539.0,58298.0,0.112165,0,12,0.0,0.112804,-0.112804,7.15,2,5.991,0,1.354,0,5,60,21.2618,2,0,6.518,1
run5-tbt-2s/regionale,regionale,2,37,m2,1DvpzaEbFEQsS6kv3UE1Mkc1XM2xPTJsinfjUr,26.46,96.01,"c3:99.26,c4:92.76",2,4,"c3:2,c4:2","c3:1.9852,c4:1.8552",11.0,154.536984,0.583186,0.0,0.0,25.7098,1.0,1.0,15454,15454,0,esatto,451,0.0,1.0,15454,none,15454.0,15454.0,58298.0,0.265086,0,12,0.0,0.260564,-0.260564,7.15,2,5.991,0,1.354,0,5,60,21.2618,2,0,6.518,1
run5-tbt-2s/regionale,regionale,2,37,m1,1akrbuSTPkRMU7ztM65jGiNHd5t7DPrqV7pB8G,85.56,47.33,"c1:17.50,c2:77.16",2,6,"c1:4,c2:2","c1:0.7000,c2:1.5432",11.0,363.048192,1.370058,-0.0,0.0,100.8156,1.0,1.0,36305,36305,0,esatto,450,0.0,1.0,36305,none,36305.0,36305.0,58298.0,0.622749,12,12,1.0,0.626631,0.373369,7.15,2,5.991,0,1.354,0,5,60,21.2618,2,0,6.518,1
run5-tbt-2s/regionale,regionale,2,38,m3,16qEPM3f15FH1SsM8yqz9HJ5nwpP3ba7whwkH4,24.17,70.53,c5:70.53,2,1,c5:1,c5:0.7053,9.0,65.387101,0.201809,0.0,0.0,18.3858,1.0,1.0,,6539,,non pubblicato in questa epoca,,0.0,1.0,,none,,,58321.0,0.112121,2,12,0.166667,0.110105,0.056562,4.0628,2,5.991,1,1.321,0,5,60,25.1285,2,0,6.57,1
run5-tbt-2s/regionale,regionale,2,38,m2,1DvpzaEbFEQsS6kv3UE1Mkc1XM2xPTJsinfjUr,26.46,96.01,"c3:99.26,c4:92.76",2,2,"c3:1,c4:1","c3:0.9926,c4:0.9276",9.0,103.728492,0.320145,0.0,0.0,70.1935,1.0,1.0,10373,10373,0,esatto,462,0.0,1.0,10373,none,10373.0,10373.0,58321.0,0.17786,0,12,0.0,0.250608,-0.250608,4.0628,2,5.991,1,1.321,0,5,60,25.1285,2,0,6.57,1
run5-tbt-2s/regionale,regionale,2,38,m1,1akrbuSTPkRMU7ztM65jGiNHd5t7DPrqV7pB8G,85.56,47.33,"c1:17.50,c2:77.16",2,6,"c1:3,c2:3","c1:0.5250,c2:2.3148",9.0,414.093288,1.278046,0.0,-0.0,100.9693,1.0,1.0,41409,41409,0,esatto,462,0.0,1.0,41409,none,41409.0,41409.0,58321.0,0.710019,10,12,0.833333,0.639286,0.194047,4.0628,2,5.991,1,1.321,0,5,60,25.1285,2,0,6.57,1
run5-tbt-2s/regionale,regionale,2,39,m3,16qEPM3f15FH1SsM8yqz9HJ5nwpP3ba7whwkH4,24.17,70.53,c5:70.53,1,1,c5:1,c5:0.7053,11.0,41.217101,0.162271,0.0,0.0,14.7239,1.0,1.0,4122,4122,0,esatto,475,0.0,1.0,4122,none,4122.0,4122.0,55881.0,0.073764,2,12,0.166667,0.112147,0.05452,14.7939,2,5.991,0,1.346,0,5,60,5.1545,2,1,6.733,1
run5-tbt-2s/regionale,regionale,2,39,m2,1DvpzaEbFEQsS6kv3UE1Mkc1XM2xPTJsinfjUr,26.46,96.01,"c3:99.26,c4:92.76",2,4,"c3:2,c4:2","c3:1.9852,c4:1.8552",11.0,154.536984,0.608411,0.0,0.0,28.0717,1.0,1.0,15454,15454,0,esatto,475,0.0,1.0,15454,none,15454.0,15454.0,55881.0,0.276552,8,12,0.666667,0.228742,0.437925,14.7939,2,5.991,0,1.346,0,5,60,5.1545,2,1,6.733,1
run5-tbt-2s/regionale,regionale,2,39,m1,1akrbuSTPkRMU7ztM65jGiNHd5t7DPrqV7pB8G,85.56,47.33,"c1:17.50,c2:77.16",2,6,"c1:4,c2:2","c1:0.7000,c2:1.5432",11.0,363.048192,1.429318,-0.0,-0.0,100.6126,1.0,1.0,36305,36305,0,esatto,474,0.0,1.0,36305,none,36305.0,36305.0,55881.0,0.649684,2,12,0.166667,0.659111,-0.492444,14.7939,2,5.991,0,1.346,0,5,60,5.1545,2,1,6.733,1
run5-tbt-2s/regionale,regionale,2,40,m3,16qEPM3f15FH1SsM8yqz9HJ5nwpP3ba7whwkH4,24.17,70.53,c5:70.53,2,2,c5:2,c5:1.4106,15.0,82.434202,0.349656,0.0,0.0,11.8037,1.0,1.0,8243,8243,0,esatto,486,0.0,1.0,8243,none,8243.0,8243.0,70727.0,0.116547,1,12,0.083333,0.100231,-0.016898,3.4962,2,5.991,1,1.203,0,5,60,3.4692,2,1,6.695,1
run5-tbt-2s/regionale,regionale,2,40,m2,1DvpzaEbFEQsS6kv3UE1Mkc1XM2xPTJsinfjUr,26.46,96.01,"c3:99.26,c4:92.76",2,5,"c3:3,c4:2","c3:2.9778,c4:1.8552",15.0,180.80118,0.766892,0.0,0.0,11.494,1.0,1.0,18080,18080,0,esatto,486,0.0,1.0,18080,none,18080.0,18080.0,70727.0,0.255631,0,12,0.0,0.212179,-0.212179,3.4962,2,5.991,1,1.203,0,5,60,3.4692,2,1,6.695,1
run5-tbt-2s/regionale,regionale,2,40,m1,1akrbuSTPkRMU7ztM65jGiNHd5t7DPrqV7pB8G,85.56,47.33,"c1:17.50,c2:77.16",2,8,"c1:5,c2:3","c1:0.8750,c2:2.3148",15.0,444.039288,1.883452,-0.0,0.0,100.2812,1.0,1.0,44404,44404,0,esatto,486,0.0,1.0,44404,none,44404.0,44404.0,70727.0,0.627822,11,12,0.916667,0.68759,0.229077,3.4962,2,5.991,1,1.203,0,5,60,3.4692,2,1,6.695,1
run5-tbt-2s/regionale,regionale,2,41,m3,16qEPM3f15FH1SsM8yqz9HJ5nwpP3ba7whwkH4,24.17,70.53,c5:70.53,2,1,c5:1,c5:0.7053,11.0,65.387101,0.230367,0.0,0.0,9.4187,1.0,1.0,6539,6539,0,esatto,498,0.0,1.0,6539,none,6539.0,6539.0,62445.0,0.104716,0,12,0.0,0.09159,-0.09159,6.7332,2,5.991,0,1.099,0,5,60,4.9114,2,1,6.323,1
run5-tbt-2s/regionale,regionale,2,41,m2,1DvpzaEbFEQsS6kv3UE1Mkc1XM2xPTJsinfjUr,26.46,96.01,"c3:99.26,c4:92.76",2,3,"c3:2,c4:1","c3:1.9852,c4:0.9276",11.0,129.992688,0.45798,0.0,-0.0,64.4717,1.0,1.0,12999,12999,0,esatto,498,0.0,1.0,12999,none,12999.0,12999.0,62445.0,0.208167,0,12,0.0,0.267835,-0.267835,6.7332,2,5.991,0,1.099,0,5,60,4.9114,2,1,6.323,1
run5-tbt-2s/regionale,regionale,2,41,m1,1akrbuSTPkRMU7ztM65jGiNHd5t7DPrqV7pB8G,85.56,47.33,"c1:17.50,c2:77.16",2,7,"c1:4,c2:3","c1:0.7000,c2:2.3148",11.0,429.066288,1.511653,0.0,0.0,100.9992,1.0,1.0,42907,42907,0,esatto,498,0.0,1.0,42907,none,42907.0,42907.0,62445.0,0.687117,12,12,1.0,0.640575,0.359425,6.7332,2,5.991,0,1.099,0,5,60,4.9114,2,1,6.323,1
run5-tbt-2s/regionale,regionale,2,42,m3,16qEPM3f15FH1SsM8yqz9HJ5nwpP3ba7whwkH4,24.17,70.53,c5:70.53,2,1,c5:1,c5:0.7053,12.0,65.387101,0.241805,0.0,0.0,7.5107,1.0,1.0,,6539,,non pubblicato in questa epoca,,0.0,1.0,,none,,,64900.0,0.100755,3,12,0.25,0.111617,0.138383,8.5885,2,5.991,0,1.339,0,5,60,0.5081,2,1,6.308,1
run5-tbt-2s/regionale,regionale,2,42,m2,1DvpzaEbFEQsS6kv3UE1Mkc1XM2xPTJsinfjUr,26.46,96.01,"c3:99.26,c4:92.76",2,4,"c3:2,c4:2","c3:1.9852,c4:1.8552",12.0,154.536984,0.571486,-0.0,-0.0,25.6981,1.0,1.0,15454,15454,0,esatto,510,0.0,1.0,15454,none,15454.0,15454.0,64900.0,0.23812,6,12,0.5,0.235854,0.264146,8.5885,2,5.991,0,1.339,0,5,60,0.5081,2,1,6.308,1
run5-tbt-2s/regionale,regionale,2,42,m1,1akrbuSTPkRMU7ztM65jGiNHd5t7DPrqV7pB8G,85.56,47.33,"c1:17.50,c2:77.16",2,7,"c1:4,c2:3","c1:0.7000,c2:2.3148",12.0,429.066288,1.586709,0.0,0.0,100.8839,1.0,1.0,,42907,,non pubblicato in questa epoca,,0.0,1.0,,none,,,64900.0,0.661125,3,12,0.25,0.652528,-0.402528,8.5885,2,5.991,0,1.339,0,5,60,0.5081,2,1,6.308,1
run5-tbt-2s/regionale,regionale,2,43,m3,16qEPM3f15FH1SsM8yqz9HJ5nwpP3ba7whwkH4,24.17,70.53,c5:70.53,1,2,c5:2,c5:1.4106,13.0,58.264202,0.272308,0.0,0.0,6.0232,1.0,1.0,5826,5826,0,esatto,523,0.0,1.0,5826,none,5826.0,5826.0,55631.0,0.104726,0,12,0.0,0.103066,-0.103066,6.0323,2,5.991,0,1.237,0,5,60,3.4405,2,1,6.224,1
run5-tbt-2s/regionale,regionale,2,43,m2,1DvpzaEbFEQsS6kv3UE1Mkc1XM2xPTJsinfjUr,26.46,96.01,"c3:99.26,c4:92.76",2,4,"c3:2,c4:2","c3:1.9852,c4:1.8552",13.0,154.536984,0.722256,-0.0,-0.0,70.9079,1.0,1.0,,15454,,non pubblicato in questa epoca,,0.0,1.0,,none,,,55631.0,0.277795,6,12,0.5,0.220648,0.279352,6.0323,2,5.991,0,1.237,0,5,60,3.4405,2,1,6.224,1
run5-tbt-2s/regionale,regionale,2,43,m1,1akrbuSTPkRMU7ztM65jGiNHd5t7DPrqV7pB8G,85.56,47.33,"c1:17.50,c2:77.16",1,7,"c1:4,c2:3","c1:0.7000,c2:2.3148",13.0,343.506288,1.605437,0.0,0.0,99.8107,1.0,1.0,34351,34351,0,esatto,523,0.0,1.0,34351,none,34351.0,34351.0,55631.0,0.617479,6,12,0.5,0.676287,-0.176287,6.0323,2,5.991,0,1.237,0,5,60,3.4405,2,1,6.224,1
run5-tbt-2s/regionale,regionale,2,44,m3,16qEPM3f15FH1SsM8yqz9HJ5nwpP3ba7whwkH4,24.17,70.53,c5:70.53,2,1,c5:1,c5:0.7053,10.0,65.387101,0.245831,0.0,0.0,4.8095,1.0,1.0,6539,6539,0,esatto,534,0.0,1.0,6539,none,6539.0,6539.0,53197.0,0.12292,6,12,0.5,0.102079,0.397921,22.0289,2,5.991,0,1.225,0,5,60,2.913,2,1,6.103,1
run5-tbt-2s/regionale,regionale,2,44,m2,1DvpzaEbFEQsS6kv3UE1Mkc1XM2xPTJsinfjUr,26.46,96.01,"c3:99.26,c4:92.76",1,3,"c3:2,c4:1","c3:1.9852,c4:0.9276",10.0,103.532688,0.389244,-0.0,0.0,28.6192,1.0,1.0,10353,10353,0,esatto,534,0.0,1.0,10353,none,10353.0,10353.0,53197.0,0.194616,0,12,0.0,0.251345,-0.251345,22.0289,2,5.991,0,1.225,0,5,60,2.913,2,1,6.103,1
run5-tbt-2s/regionale,regionale,2,44,m1,1akrbuSTPkRMU7ztM65jGiNHd5t7DPrqV7pB8G,85.56,47.33,"c1:17.50,c2:77.16",2,6,"c1:4,c2:2","c1:0.7000,c2:1.5432",10.0,363.048192,1.364925,0.0,-0.0,100.3097,1.0,1.0,36305,36305,0,esatto,534,0.0,1.0,36305,none,36305.0,36305.0,53197.0,0.682463,6,12,0.5,0.646576,-0.146576,22.0289,2,5.991,0,1.225,0,5,60,2.913,2,1,6.103,1
run5-tbt-2s/regionale,regionale,2,45,m3,16qEPM3f15FH1SsM8yqz9HJ5nwpP3ba7whwkH4,24.17,70.53,c5:70.53,2,1,c5:1,c5:0.7053,12.0,65.387101,0.241805,0.0,0.0,4.0348,1.0,1.0,,6539,,non pubblicato in questa epoca,,0.0,1.0,,none,,,64900.0,0.100755,0,12,0.0,0.112307,-0.112307,6.6175,2,5.991,0,1.348,0,5,60,1.6841,2,1,6.248,1
run5-tbt-2s/regionale,regionale,2,45,m2,1DvpzaEbFEQsS6kv3UE1Mkc1XM2xPTJsinfjUr,26.46,96.01,"c3:99.26,c4:92.76",2,4,"c3:2,c4:2","c3:1.9852,c4:1.8552",12.0,154.536984,0.571486,0.0,0.0,11.4205,1.0,1.0,15454,15454,0,esatto,546,0.0,1.0,15454,none,15454.0,15454.0,64900.0,0.23812,0,12,0.0,0.243137,-0.243137,6.6175,2,5.991,0,1.348,0,5,60,1.6841,2,1,6.248,1
run5-tbt-2s/regionale,regionale,2,45,m1,1akrbuSTPkRMU7ztM65jGiNHd5t7DPrqV7pB8G,85.56,47.33,"c1:17.50,c2:77.16",2,7,"c1:4,c2:3","c1:0.7000,c2:2.3148",12.0,429.066288,1.586709,-0.0,-0.0,99.797,1.0,1.0,42907,42907,0,esatto,546,0.0,1.0,42907,none,42907.0,42907.0,64900.0,0.661125,12,12,1.0,0.644556,0.355444,6.6175,2,5.991,0,1.348,0,5,60,1.6841,2,1,6.248,1
run5-tbt-2s/regionale,regionale,2,46,m3,16qEPM3f15FH1SsM8yqz9HJ5nwpP3ba7whwkH4,24.17,70.53,c5:70.53,1,1,c5:1,c5:0.7053,11.0,41.217101,0.15106,0.0,0.0,23.1977,1.0,1.0,4122,4122,0,esatto,558,0.0,1.0,4122,none,4122.0,4122.0,60028.0,0.068668,0,12,0.0,0.113685,-0.113685,1.5466,2,5.991,1,1.364,0,5,60,1.3403,2,1,6.513,1
run5-tbt-2s/regionale,regionale,2,46,m2,1DvpzaEbFEQsS6kv3UE1Mkc1XM2xPTJsinfjUr,26.46,96.01,"c3:99.26,c4:92.76",2,3,"c3:2,c4:1","c3:1.9852,c4:0.9276",11.0,129.992688,0.476421,0.0,-0.0,64.283,1.0,1.0,12999,12999,0,esatto,558,0.0,1.0,12999,none,12999.0,12999.0,60028.0,0.216549,3,12,0.25,0.212743,0.037257,1.5466,2,5.991,1,1.364,0,5,60,1.3403,2,1,6.513,1
run5-tbt-2s/regionale,regionale,2,46,m1,1akrbuSTPkRMU7ztM65jGiNHd5t7DPrqV7pB8G,85.56,47.33,"c1:17.50,c2:77.16",2,7,"c1:4,c2:3","c1:0.7000,c2:2.3148",11.0,429.066288,1.572519,-0.0,0.0,101.2456,1.0,1.0,,42907,,non pubblicato in questa epoca,,0.0,1.0,,none,,,60028.0,0.714783,9,12,0.75,0.673572,0.076428,1.5466,2,5.991,1,1.364,0,5,60,1.3403,2,1,6.513,1
run5-tbt-2s/regionale,regionale,2,47,m3,16qEPM3f15FH1SsM8yqz9HJ5nwpP3ba7whwkH4,24.17,70.53,c5:70.53,2,2,c5:2,c5:1.4106,12.0,82.434202,0.384563,0.0,0.0,18.5491,1.0,1.0,8243,8243,0,esatto,570,0.0,1.0,8243,none,8243.0,8243.0,51446.0,0.160226,0,12,0.0,0.087385,-0.087385,1.6472,2,5.991,1,1.049,0,5,60,0.8489,2,1,6.222,1
run5-tbt-2s/regionale,regionale,2,47,m2,1DvpzaEbFEQsS6kv3UE1Mkc1XM2xPTJsinfjUr,26.46,96.01,"c3:99.26,c4:92.76",2,4,"c3:2,c4:2","c3:1.9852,c4:1.8552",12.0,154.536984,0.720929,-0.0,-0.0,25.7571,1.0,1.0,15454,15454,0,esatto,570,0.0,1.0,15454,none,15454.0,15454.0,51446.0,0.300393,2,12,0.166667,0.229132,-0.062465,1.6472,2,5.991,1,1.049,0,5,60,0.8489,2,1,6.222,1
run5-tbt-2s/regionale,regionale,2,47,m1,1akrbuSTPkRMU7ztM65jGiNHd5t7DPrqV7pB8G,85.56,47.33,"c1:17.50,c2:77.16",1,6,"c1:4,c2:2","c1:0.7000,c2:1.5432",12.0,277.488192,1.294508,0.0,-0.0,100.8242,1.0,1.0,27749,27749,0,esatto,570,0.0,1.0,27749,none,27749.0,27749.0,51446.0,0.539381,10,12,0.833333,0.683482,0.149851,1.6472,2,5.991,1,1.049,0,5,60,0.8489,2,1,6.222,1
run5-tbt-2s/regionale,regionale,2,48,m3,16qEPM3f15FH1SsM8yqz9HJ5nwpP3ba7whwkH4,24.17,70.53,c5:70.53,2,1,c5:1,c5:0.7053,11.0,65.387101,0.230367,0.0,0.0,14.8031,1.0,1.0,6539,6539,0,esatto,582,0.0,1.0,6539,none,6539.0,6539.0,62445.0,0.104716,0,12,0.0,0.106817,-0.106817,2.6475,2,5.991,1,1.282,0,5,60,1.7988,2,1,6.267,1
run5-tbt-2s/regionale,regionale,2,48,m2,1DvpzaEbFEQsS6kv3UE1Mkc1XM2xPTJsinfjUr,26.46,96.01,"c3:99.26,c4:92.76",2,3,"c3:2,c4:1","c3:1.9852,c4:0.9276",11.0,129.992688,0.45798,-0.0,0.0,70.2106,1.0,1.0,12999,12999,0,esatto,582,0.0,1.0,12999,none,12999.0,12999.0,62445.0,0.208167,5,12,0.416667,0.251484,0.165183,2.6475,2,5.991,1,1.282,0,5,60,1.7988,2,1,6.267,1
run5-tbt-2s/regionale,regionale,2,48,m1,1akrbuSTPkRMU7ztM65jGiNHd5t7DPrqV7pB8G,85.56,47.33,"c1:17.50,c2:77.16",2,7,"c1:4,c2:3","c1:0.7000,c2:2.3148",11.0,429.066288,1.511653,-0.0,-0.0,101.0305,1.0,1.0,42907,42907,0,esatto,582,0.0,1.0,42907,none,42907.0,42907.0,62445.0,0.687117,7,12,0.583333,0.641699,-0.058366,2.6475,2,5.991,1,1.282,0,5,60,1.7988,2,1,6.267,1
run5-tbt-2s/regionale,regionale,2,49,m3,16qEPM3f15FH1SsM8yqz9HJ5nwpP3ba7whwkH4,24.17,70.53,c5:70.53,2,1,c5:1,c5:0.7053,11.0,65.387101,0.246756,0.0,0.0,11.7947,1.0,1.0,,6539,,non pubblicato in questa epoca,,0.0,1.0,,none,,,58298.0,0.112165,0,12,0.0,0.137097,-0.137097,1.9648,2,5.991,1,1.645,0,5,60,7.9812,2,0,6.687,1
run5-tbt-2s/regionale,regionale,2,49,m2,1DvpzaEbFEQsS6kv3UE1Mkc1XM2xPTJsinfjUr,26.46,96.01,"c3:99.26,c4:92.76",2,4,"c3:2,c4:2","c3:1.9852,c4:1.8552",11.0,154.536984,0.583186,0.0,0.0,28.3117,1.0,1.0,15454,15454,0,esatto,594,0.0,1.0,15454,none,15454.0,15454.0,58298.0,0.265086,4,12,0.333333,0.261965,0.071368,1.9648,2,5.991,1,1.645,0,5,60,7.9812,2,0,6.687,1
run5-tbt-2s/regionale,regionale,2,49,m1,1akrbuSTPkRMU7ztM65jGiNHd5t7DPrqV7pB8G,85.56,47.33,"c1:17.50,c2:77.16",2,6,"c1:4,c2:2","c1:0.7000,c2:1.5432",11.0,363.048192,1.370058,-0.0,0.0,100.5467,1.0,1.0,36305,36305,0,esatto,594,0.0,1.0,36305,none,36305.0,36305.0,58298.0,0.622749,8,12,0.666667,0.600938,0.065729,1.9648,2,5.991,1,1.645,0,5,60,7.9812,2,0,6.687,1
run5-tbt-2s/regionale,regionale,2,50,m3,16qEPM3f15FH1SsM8yqz9HJ5nwpP3ba7whwkH4,24.17,70.53,c5:70.53,1,1,c5:1,c5:0.7053,12.0,41.217101,0.158319,0.0,0.0,9.4056,1.0,1.0,4122,4122,0,esatto,607,0.0,1.0,4122,none,4122.0,4122.0,62483.0,0.06597,0,12,0.0,0.10782,-0.10782,1.4571,2,5.991,1,1.294,0,5,60,7.5507,2,0,6.634,1
run5-tbt-2s/regionale,regionale,2,50,m2,1DvpzaEbFEQsS6kv3UE1Mkc1XM2xPTJsinfjUr,26.46,96.01,"c3:99.26,c4:92.76",2,4,"c3:2,c4:2","c3:1.9852,c4:1.8552",12.0,154.536984,0.593593,0.0,0.0,11.3265,1.0,1.0,,15454,,non pubblicato in questa epoca,,0.0,1.0,,none,,,62483.0,0.247331,3,12,0.25,0.231883,0.018117,1.4571,2,5.991,1,1.294,0,5,60,7.5507,2,0,6.634,1
run5-tbt-2s/regionale,regionale,2,50,m1,1akrbuSTPkRMU7ztM65jGiNHd5t7DPrqV7pB8G,85.56,47.33,"c1:17.50,c2:77.16",2,7,"c1:4,c2:3","c1:0.7000,c2:2.3148",12.0,429.066288,1.648088,0.0,0.0,100.7427,1.0,1.0,42907,42907,0,esatto,607,0.0,1.0,42907,none,42907.0,42907.0,62483.0,0.686699,9,12,0.75,0.660297,0.089703,1.4571,2,5.991,1,1.294,0,5,60,7.5507,2,0,6.634,1
run5-tbt-2s/regionale,regionale,2,51,m3,16qEPM3f15FH1SsM8yqz9HJ5nwpP3ba7whwkH4,24.17,70.53,c5:70.53,2,2,c5:2,c5:1.4106,12.0,82.434202,0.321677,0.0,0.0,7.5155,1.0,1.0,8243,8243,0,esatto,618,0.0,1.0,8243,none,8243.0,8243.0,61503.0,0.134026,0,12,0.0,0.096767,-0.096767,2.3785,2,5.991,1,1.161,0,5,60,7.749,2,0,6.431,1
run5-tbt-2s/regionale,regionale,2,51,m2,1DvpzaEbFEQsS6kv3UE1Mkc1XM2xPTJsinfjUr,26.46,96.01,"c3:99.26,c4:92.76",1,3,"c3:2,c4:1","c3:1.9852,c4:0.9276",12.0,103.532688,0.404008,0.0,-0.0,64.5328,1.0,1.0,10353,10353,0,esatto,618,0.0,1.0,10353,none,10353.0,10353.0,61503.0,0.168333,5,12,0.416667,0.259168,0.157499,2.3785,2,5.991,1,1.161,0,5,60,7.749,2,0,6.431,1
run5-tbt-2s/regionale,regionale,2,51,m1,1akrbuSTPkRMU7ztM65jGiNHd5t7DPrqV7pB8G,85.56,47.33,"c1:17.50,c2:77.16",2,7,"c1:4,c2:3","c1:0.7000,c2:2.3148",12.0,429.066288,1.674315,0.0,-0.0,100.7477,1.0,1.0,,42907,,non pubblicato in questa epoca,,0.0,1.0,,none,,,61503.0,0.697641,7,12,0.583333,0.644065,-0.060732,2.3785,2,5.991,1,1.161,0,5,60,7.749,2,0,6.431,1
run5-tbt-2s/regionale,regionale,2,52,m3,16qEPM3f15FH1SsM8yqz9HJ5nwpP3ba7whwkH4,24.17,70.53,c5:70.53,2,1,c5:1,c5:0.7053,9.0,65.387101,0.258008,0.0,0.0,5.9881,1.0,1.0,6539,6539,0,esatto,630,0.0,1.0,6539,none,6539.0,6539.0,45618.0,0.143343,0,12,0.0,0.094327,-0.094327,1.9339,2,5.991,1,1.132,0,5,60,9.2912,2,0,6.514,1
run5-tbt-2s/regionale,regionale,2,52,m2,1DvpzaEbFEQsS6kv3UE1Mkc1XM2xPTJsinfjUr,26.46,96.01,"c3:99.26,c4:92.76",2,3,"c3:1,c4:2","c3:0.9926,c4:1.8552",9.0,128.272788,0.506146,-0.0,-0.0,26.0905,1.0,1.0,12827,12827,0,esatto,630,0.0,1.0,12827,none,12827.0,12827.0,45618.0,0.281183,4,12,0.333333,0.214415,0.118918,1.9339,2,5.991,1,1.132,0,5,60,9.2912,2,0,6.514,1
run5-tbt-2s/regionale,regionale,2,52,m1,1akrbuSTPkRMU7ztM65jGiNHd5t7DPrqV7pB8G,85.56,47.33,"c1:17.50,c2:77.16",1,5,"c1:3,c2:2","c1:0.5250,c2:1.5432",9.0,262.515192,1.035846,-0.0,-0.0,100.3951,1.0,1.0,26252,26252,0,esatto,630,0.0,1.0,26252,none,26252.0,26252.0,45618.0,0.575475,8,12,0.666667,0.691258,-0.024591,1.9339,2,5.991,1,1.132,0,5,60,9.2912,2,0,6.514,1
run5-tbt-2s/regionale,regionale,2,53,m3,16qEPM3f15FH1SsM8yqz9HJ5nwpP3ba7whwkH4,24.17,70.53,c5:70.53,2,1,c5:1,c5:0.7053,11.0,65.387101,0.230367,0.0,0.0,4.7662,1.0,1.0,,6539,,non pubblicato in questa epoca,,0.0,1.0,,none,,,62445.0,0.104716,0,12,0.0,0.137908,-0.137908,2.433,2,5.991,1,1.655,0,5,60,8.1517,2,0,6.887,1
run5-tbt-2s/regionale,regionale,2,53,m2,1DvpzaEbFEQsS6kv3UE1Mkc1XM2xPTJsinfjUr,26.46,96.01,"c3:99.26,c4:92.76",2,3,"c3:2,c4:1","c3:1.9852,c4:0.9276",11.0,129.992688,0.45798,-0.0,0.0,70.6016,1.0,1.0,12999,12999,0,esatto,642,0.0,1.0,12999,none,12999.0,12999.0,62445.0,0.208167,2,12,0.166667,0.215354,-0.048687,2.433,2,5.991,1,1.655,0,5,60,8.1517,2,0,6.887,1
run5-tbt-2s/regionale,regionale,2,53,m1,1akrbuSTPkRMU7ztM65jGiNHd5t7DPrqV7pB8G,85.56,47.33,"c1:17.50,c2:77.16",2,7,"c1:4,c2:3","c1:0.7000,c2:2.3148",11.0,429.066288,1.511653,-0.0,-0.0,100.5442,1.0,1.0,42907,42907,0,esatto,642,0.0,1.0,42907,none,42907.0,42907.0,62445.0,0.687117,10,12,0.833333,0.646738,0.186595,2.433,2,5.991,1,1.655,0,5,60,8.1517,2,0,6.887,1
run5-tbt-2s/regionale,regionale,2,54,m3,16qEPM3f15FH1SsM8yqz9HJ5nwpP3ba7whwkH4,24.17,70.53,c5:70.53,1,2,c5:2,c5:1.4106,15.0,58.264202,0.25588,0.0,0.0,3.7828,1.0,1.0,5826,5826,0,esatto,654,0.0,1.0,5826,none,5826.0,5826.0,68310.0,0.085288,0,12,0.0,0.127248,-0.127248,7.2928,2,5.991,0,1.527,0,5,60,7.9592,2,0,6.769,1
run5-tbt-2s/regionale,regionale,2,54,m2,1DvpzaEbFEQsS6kv3UE1Mkc1XM2xPTJsinfjUr,26.46,96.01,"c3:99.26,c4:92.76",2,5,"c3:3,c4:2","c3:2.9778,c4:1.8552",15.0,180.80118,0.794027,0.0,0.0,28.166,1.0,1.0,18080,18080,0,esatto,654,0.0,1.0,18080,none,18080.0,18080.0,68310.0,0.264676,0,12,0.0,0.25076,-0.25076,7.2928,2,5.991,0,1.527,0,5,60,7.9592,2,0,6.769,1
run5-tbt-2s/regionale,regionale,2,54,m1,1akrbuSTPkRMU7ztM65jGiNHd5t7DPrqV7pB8G,85.56,47.33,"c1:17.50,c2:77.16",2,8,"c1:5,c2:3","c1:0.8750,c2:2.3148",15.0,444.039288,1.950093,-0.0,0.0,100.811,1.0,1.0,44404,44404,0,esatto,654,0.0,1.0,44404,none,44404.0,44404.0,68310.0,0.650037,12,12,1.0,0.621992,0.378008,7.2928,2,5.991,0,1.527,0,5,60,7.9592,2,0,6.769,1
run5-tbt-2s/regionale,regionale,2,55,m3,16qEPM3f15FH1SsM8yqz9HJ5nwpP3ba7whwkH4,24.17,70.53,c5:70.53,2,1,c5:1,c5:0.7053,11.0,65.387101,0.246756,0.0,0.0,23.0172,1.0,1.0,,6539,,non pubblicato in questa epoca,,0.0,1.0,,none,,,68310.0,0.085288,0,11,0.0,0.097651,-0.097651,2.8928,2,5.991,1,1.074,0,5,59,8.5819,2,0,6.549,1
run5-tbt-2s/regionale,regionale,2,55,m2,1DvpzaEbFEQsS6kv3UE1Mkc1XM2xPTJsinfjUr,26.46,96.01,"c3:99.26,c4:92.76",2,4,"c3:2,c4:2","c3:1.9852,c4:1.8552",11.0,154.536984,0.583186,0.0,0.0,11.1229,1.0,1.0,,15454,,non pubblicato in questa epoca,,0.0,1.0,,none,,,68310.0,0.264676,1,11,0.090909,0.228716,-0.137807,2.8928,2,5.991,1,1.074,0,5,59,8.5819,2,0,6.549,1
run5-tbt-2s/regionale,regionale,2,55,m1,1akrbuSTPkRMU7ztM65jGiNHd5t7DPrqV7pB8G,85.56,47.33,"c1:17.50,c2:77.16",2,6,"c1:4,c2:2","c1:0.7000,c2:1.5432",11.0,363.048192,1.370058,0.0,-0.0,101.1951,1.0,1.0,,36305,,non pubblicato in questa epoca,,0.0,1.0,,none,,,68310.0,0.650037,10,11,0.909091,0.673633,0.235458,2.8928,2,5.991,1,1.074,0,5,59,8.5819,2,0,6.549,1
