run_id,livello,tbt,height,epoca,nodo,indirizzo,tipo_movimento,importo_gas,controparte,motivo,saldo_gas_dopo,txid_o_riferimento,coerente_con_saldo
run2-tbt-10s/continentale,continentale,10,1,1,admin,17QTZK3F4MYG5Dih3ZKWT77u8HWQYKAJEquTBg,mining_reward,1000000.0,coinbase,"premio di catena del blocco 1, ricostruito da params.dat (nessuna metrica lo registra)",1000000.0,0030e8164edb44d97cc3d768f9a1c6f870060f12c9bce9466356f3ccf04c8d85,1
run2-tbt-10s/continentale,continentale,10,6,1,admin,17QTZK3F4MYG5Dih3ZKWT77u8HWQYKAJEquTBg,init,-100.0,c1,l'admin finanzia c1,999900.0,,1
run2-tbt-10s/continentale,continentale,10,6,1,admin,17QTZK3F4MYG5Dih3ZKWT77u8HWQYKAJEquTBg,init,-100.0,c2,l'admin finanzia c2,999800.0,,1
run2-tbt-10s/continentale,continentale,10,6,1,admin,17QTZK3F4MYG5Dih3ZKWT77u8HWQYKAJEquTBg,init,-100.0,c3,l'admin finanzia c3,999700.0,,1
run2-tbt-10s/continentale,continentale,10,6,1,admin,17QTZK3F4MYG5Dih3ZKWT77u8HWQYKAJEquTBg,init,-100.0,c4,l'admin finanzia c4,999600.0,,1
run2-tbt-10s/continentale,continentale,10,6,1,admin,17QTZK3F4MYG5Dih3ZKWT77u8HWQYKAJEquTBg,init,-100.0,c5,l'admin finanzia c5,999500.0,,1
run2-tbt-10s/continentale,continentale,10,6,1,admin,17QTZK3F4MYG5Dih3ZKWT77u8HWQYKAJEquTBg,init,-50.0,m1,l'admin finanzia m1,999450.0,,1
run2-tbt-10s/continentale,continentale,10,6,1,admin,17QTZK3F4MYG5Dih3ZKWT77u8HWQYKAJEquTBg,init,-50.0,m2,l'admin finanzia m2,999400.0,,1
run2-tbt-10s/continentale,continentale,10,6,1,admin,17QTZK3F4MYG5Dih3ZKWT77u8HWQYKAJEquTBg,init,-50.0,m3,l'admin finanzia m3,999350.0,,1
run2-tbt-10s/continentale,continentale,10,6,1,admin,17QTZK3F4MYG5Dih3ZKWT77u8HWQYKAJEquTBg,init,-50.0,ca,l'admin finanzia ca,999300.0,,1
run2-tbt-10s/continentale,continentale,10,34,3,admin,17QTZK3F4MYG5Dih3ZKWT77u8HWQYKAJEquTBg,refill,-100.0,m1,l'admin finanzia m1,999200.0,,1
run2-tbt-10s/continentale,continentale,10,36,4,admin,17QTZK3F4MYG5Dih3ZKWT77u8HWQYKAJEquTBg,refill,-100.0,m1,l'admin finanzia m1,999100.0,,1
run2-tbt-10s/continentale,continentale,10,36,4,admin,17QTZK3F4MYG5Dih3ZKWT77u8HWQYKAJEquTBg,refill,-100.0,m2,l'admin finanzia m2,999000.0,,1
run2-tbt-10s/continentale,continentale,10,49,5,admin,17QTZK3F4MYG5Dih3ZKWT77u8HWQYKAJEquTBg,refill,-100.0,m1,l'admin finanzia m1,998900.0,,1
run2-tbt-10s/continentale,continentale,10,61,6,admin,17QTZK3F4MYG5Dih3ZKWT77u8HWQYKAJEquTBg,refill,-100.0,m1,l'admin finanzia m1,998800.0,,1
run2-tbt-10s/continentale,continentale,10,72,7,admin,17QTZK3F4MYG5Dih3ZKWT77u8HWQYKAJEquTBg,refill,-100.0,m1,l'admin finanzia m1,998700.0,,1
run2-tbt-10s/continentale,continentale,10,72,7,admin,17QTZK3F4MYG5Dih3ZKWT77u8HWQYKAJEquTBg,refill,-100.0,m2,l'admin finanzia m2,998600.0,,1
run2-tbt-10s/continentale,continentale,10,72,7,admin,17QTZK3F4MYG5Dih3ZKWT77u8HWQYKAJEquTBg,refill,-100.0,m3,l'admin finanzia m3,998500.0,,1
run2-tbt-10s/continentale,continentale,10,85,8,admin,17QTZK3F4MYG5Dih3ZKWT77u8HWQYKAJEquTBg,refill,-100.0,m1,l'admin finanzia m1,998400.0,,1
run2-tbt-10s/continentale,continentale,10,97,9,admin,17QTZK3F4MYG5Dih3ZKWT77u8HWQYKAJEquTBg,refill,-100.0,m1,l'admin finanzia m1,998300.0,,1
run2-tbt-10s/continentale,continentale,10,97,9,admin,17QTZK3F4MYG5Dih3ZKWT77u8HWQYKAJEquTBg,refill,-100.0,m2,l'admin finanzia m2,998200.0,,1
run2-tbt-10s/continentale,continentale,10,109,10,admin,17QTZK3F4MYG5Dih3ZKWT77u8HWQYKAJEquTBg,refill,-100.0,m1,l'admin finanzia m1,998100.0,,1
run2-tbt-10s/continentale,continentale,10,120,11,admin,17QTZK3F4MYG5Dih3ZKWT77u8HWQYKAJEquTBg,refill,-100.0,m1,l'admin finanzia m1,998000.0,,1
run2-tbt-10s/continentale,continentale,10,133,12,admin,17QTZK3F4MYG5Dih3ZKWT77u8HWQYKAJEquTBg,refill,-100.0,m1,l'admin finanzia m1,997900.0,,1
run2-tbt-10s/continentale,continentale,10,133,12,admin,17QTZK3F4MYG5Dih3ZKWT77u8HWQYKAJEquTBg,refill,-100.0,m2,l'admin finanzia m2,997800.0,,1
run2-tbt-10s/continentale,continentale,10,145,13,admin,17QTZK3F4MYG5Dih3ZKWT77u8HWQYKAJEquTBg,refill,-100.0,m1,l'admin finanzia m1,997700.0,,1
run2-tbt-10s/continentale,continentale,10,158,14,admin,17QTZK3F4MYG5Dih3ZKWT77u8HWQYKAJEquTBg,refill,-100.0,m1,l'admin finanzia m1,997600.0,,1
run2-tbt-10s/continentale,continentale,10,170,15,admin,17QTZK3F4MYG5Dih3ZKWT77u8HWQYKAJEquTBg,refill,-100.0,m1,l'admin finanzia m1,997500.0,,1
run2-tbt-10s/continentale,continentale,10,170,15,admin,17QTZK3F4MYG5Dih3ZKWT77u8HWQYKAJEquTBg,refill,-100.0,m2,l'admin finanzia m2,997400.0,,1
run2-tbt-10s/continentale,continentale,10,181,16,admin,17QTZK3F4MYG5Dih3ZKWT77u8HWQYKAJEquTBg,refill,-100.0,m1,l'admin finanzia m1,997300.0,,1
run2-tbt-10s/continentale,continentale,10,181,16,admin,17QTZK3F4MYG5Dih3ZKWT77u8HWQYKAJEquTBg,refill,-100.0,m3,l'admin finanzia m3,997200.0,,1
run2-tbt-10s/continentale,continentale,10,192,17,admin,17QTZK3F4MYG5Dih3ZKWT77u8HWQYKAJEquTBg,refill,-100.0,m1,l'admin finanzia m1,997100.0,,1
run2-tbt-10s/continentale,continentale,10,192,17,admin,17QTZK3F4MYG5Dih3ZKWT77u8HWQYKAJEquTBg,refill,-100.0,m2,l'admin finanzia m2,997000.0,,1
run2-tbt-10s/continentale,continentale,10,205,18,admin,17QTZK3F4MYG5Dih3ZKWT77u8HWQYKAJEquTBg,refill,-100.0,m1,l'admin finanzia m1,996900.0,,1
run2-tbt-10s/continentale,continentale,10,219,19,admin,17QTZK3F4MYG5Dih3ZKWT77u8HWQYKAJEquTBg,refill,-100.0,m1,l'admin finanzia m1,996800.0,,1
run2-tbt-10s/continentale,continentale,10,229,20,admin,17QTZK3F4MYG5Dih3ZKWT77u8HWQYKAJEquTBg,refill,-100.0,m1,l'admin finanzia m1,996700.0,,1
run2-tbt-10s/continentale,continentale,10,229,20,admin,17QTZK3F4MYG5Dih3ZKWT77u8HWQYKAJEquTBg,refill,-100.0,m2,l'admin finanzia m2,996600.0,,1
run2-tbt-10s/continentale,continentale,10,242,21,admin,17QTZK3F4MYG5Dih3ZKWT77u8HWQYKAJEquTBg,refill,-100.0,m1,l'admin finanzia m1,996500.0,,1
run2-tbt-10s/continentale,continentale,10,254,22,admin,17QTZK3F4MYG5Dih3ZKWT77u8HWQYKAJEquTBg,refill,-100.0,m1,l'admin finanzia m1,996400.0,,1
run2-tbt-10s/continentale,continentale,10,254,22,admin,17QTZK3F4MYG5Dih3ZKWT77u8HWQYKAJEquTBg,refill,-100.0,m2,l'admin finanzia m2,996300.0,,1
run2-tbt-10s/continentale,continentale,10,266,23,admin,17QTZK3F4MYG5Dih3ZKWT77u8HWQYKAJEquTBg,refill,-100.0,m1,l'admin finanzia m1,996200.0,,1
run2-tbt-10s/continentale,continentale,10,279,24,admin,17QTZK3F4MYG5Dih3ZKWT77u8HWQYKAJEquTBg,refill,-100.0,m1,l'admin finanzia m1,996100.0,,1
run2-tbt-10s/continentale,continentale,10,289,25,admin,17QTZK3F4MYG5Dih3ZKWT77u8HWQYKAJEquTBg,refill,-100.0,m1,l'admin finanzia m1,996000.0,,1
run2-tbt-10s/continentale,continentale,10,289,25,admin,17QTZK3F4MYG5Dih3ZKWT77u8HWQYKAJEquTBg,refill,-100.0,m2,l'admin finanzia m2,995900.0,,1
run2-tbt-10s/continentale,continentale,10,289,25,admin,17QTZK3F4MYG5Dih3ZKWT77u8HWQYKAJEquTBg,refill,-100.0,m3,l'admin finanzia m3,995800.0,,1
run2-tbt-10s/continentale,continentale,10,300,26,admin,17QTZK3F4MYG5Dih3ZKWT77u8HWQYKAJEquTBg,refill,-100.0,m1,l'admin finanzia m1,995700.0,,1
run2-tbt-10s/continentale,continentale,10,314,27,admin,17QTZK3F4MYG5Dih3ZKWT77u8HWQYKAJEquTBg,refill,-100.0,m1,l'admin finanzia m1,995600.0,,1
run2-tbt-10s/continentale,continentale,10,314,27,admin,17QTZK3F4MYG5Dih3ZKWT77u8HWQYKAJEquTBg,refill,-100.0,m2,l'admin finanzia m2,995500.0,,1
run2-tbt-10s/continentale,continentale,10,324,28,admin,17QTZK3F4MYG5Dih3ZKWT77u8HWQYKAJEquTBg,fee,3808.9012,rete (fee di blocco),"residuo fino al saldo di fine run letto da node_state.csv: per l'admin e' l'unica misura disponibile, gas_balances.csv non lo campiona",999208.9012,,1
run2-tbt-10s/continentale,continentale,10,325,28,admin,17QTZK3F4MYG5Dih3ZKWT77u8HWQYKAJEquTBg,refill,-100.0,m1,l'admin finanzia m1,995400.0,,1
run2-tbt-10s/continentale,continentale,10,6,1,c1,17hkibG1jwCnYcoHqegVXJYK56Qp9MuiibepCQ,init,100.0,admin,dotazione iniziale,100.0,,1
run2-tbt-10s/continentale,continentale,10,34,3,c1,17hkibG1jwCnYcoHqegVXJYK56Qp9MuiibepCQ,fee,-0.1958,rete (fee di blocco),"residuo fra il campione precedente e questo, una volta tolti i movimenti noti: e' la fee pagata (segno -) o incassata (segno +) nell'intervallo, non attribuibile a una singola transazione",99.8042,,1
run2-tbt-10s/continentale,continentale,10,36,4,c1,17hkibG1jwCnYcoHqegVXJYK56Qp9MuiibepCQ,fee,-0.196,rete (fee di blocco),"residuo fra il campione precedente e questo, una volta tolti i movimenti noti: e' la fee pagata (segno -) o incassata (segno +) nell'intervallo, non attribuibile a una singola transazione",99.6082,,1
run2-tbt-10s/continentale,continentale,10,39,4,c1,17hkibG1jwCnYcoHqegVXJYK56Qp9MuiibepCQ,fee,-0.2222,rete (fee di blocco),"residuo fra il campione precedente e questo, una volta tolti i movimenti noti: e' la fee pagata (segno -) o incassata (segno +) nell'intervallo, non attribuibile a una singola transazione",99.386,,1
run2-tbt-10s/continentale,continentale,10,42,4,c1,17hkibG1jwCnYcoHqegVXJYK56Qp9MuiibepCQ,fee,-0.2228,rete (fee di blocco),"residuo fra il campione precedente e questo, una volta tolti i movimenti noti: e' la fee pagata (segno -) o incassata (segno +) nell'intervallo, non attribuibile a una singola transazione",99.1632,,1
run2-tbt-10s/continentale,continentale,10,46,4,c1,17hkibG1jwCnYcoHqegVXJYK56Qp9MuiibepCQ,fee,-0.2232,rete (fee di blocco),"residuo fra il campione precedente e questo, una volta tolti i movimenti noti: e' la fee pagata (segno -) o incassata (segno +) nell'intervallo, non attribuibile a una singola transazione",98.94,,1
run2-tbt-10s/continentale,continentale,10,49,5,c1,17hkibG1jwCnYcoHqegVXJYK56Qp9MuiibepCQ,fee,-0.2228,rete (fee di blocco),"residuo fra il campione precedente e questo, una volta tolti i movimenti noti: e' la fee pagata (segno -) o incassata (segno +) nell'intervallo, non attribuibile a una singola transazione",98.7172,,1
run2-tbt-10s/continentale,continentale,10,52,5,c1,17hkibG1jwCnYcoHqegVXJYK56Qp9MuiibepCQ,fee,-0.1672,rete (fee di blocco),"residuo fra il campione precedente e questo, una volta tolti i movimenti noti: e' la fee pagata (segno -) o incassata (segno +) nell'intervallo, non attribuibile a una singola transazione",98.55,,1
run2-tbt-10s/continentale,continentale,10,55,5,c1,17hkibG1jwCnYcoHqegVXJYK56Qp9MuiibepCQ,fee,-0.2228,rete (fee di blocco),"residuo fra il campione precedente e questo, una volta tolti i movimenti noti: e' la fee pagata (segno -) o incassata (segno +) nell'intervallo, non attribuibile a una singola transazione",98.3272,,1
run2-tbt-10s/continentale,continentale,10,58,5,c1,17hkibG1jwCnYcoHqegVXJYK56Qp9MuiibepCQ,fee,-0.2228,rete (fee di blocco),"residuo fra il campione precedente e questo, una volta tolti i movimenti noti: e' la fee pagata (segno -) o incassata (segno +) nell'intervallo, non attribuibile a una singola transazione",98.1044,,1
run2-tbt-10s/continentale,continentale,10,61,6,c1,17hkibG1jwCnYcoHqegVXJYK56Qp9MuiibepCQ,fee,-0.2232,rete (fee di blocco),"residuo fra il campione precedente e questo, una volta tolti i movimenti noti: e' la fee pagata (segno -) o incassata (segno +) nell'intervallo, non attribuibile a una singola transazione",97.8812,,1
run2-tbt-10s/continentale,continentale,10,64,6,c1,17hkibG1jwCnYcoHqegVXJYK56Qp9MuiibepCQ,fee,-0.2228,rete (fee di blocco),"residuo fra il campione precedente e questo, una volta tolti i movimenti noti: e' la fee pagata (segno -) o incassata (segno +) nell'intervallo, non attribuibile a una singola transazione",97.6584,,1
run2-tbt-10s/continentale,continentale,10,66,6,c1,17hkibG1jwCnYcoHqegVXJYK56Qp9MuiibepCQ,fee,-0.1674,rete (fee di blocco),"residuo fra il campione precedente e questo, una volta tolti i movimenti noti: e' la fee pagata (segno -) o incassata (segno +) nell'intervallo, non attribuibile a una singola transazione",97.491,,1
run2-tbt-10s/continentale,continentale,10,69,6,c1,17hkibG1jwCnYcoHqegVXJYK56Qp9MuiibepCQ,fee,-0.223,rete (fee di blocco),"residuo fra il campione precedente e questo, una volta tolti i movimenti noti: e' la fee pagata (segno -) o incassata (segno +) nell'intervallo, non attribuibile a una singola transazione",97.268,,1
run2-tbt-10s/continentale,continentale,10,72,7,c1,17hkibG1jwCnYcoHqegVXJYK56Qp9MuiibepCQ,fee,-0.2232,rete (fee di blocco),"residuo fra il campione precedente e questo, una volta tolti i movimenti noti: e' la fee pagata (segno -) o incassata (segno +) nell'intervallo, non attribuibile a una singola transazione",97.0448,,1
run2-tbt-10s/continentale,continentale,10,75,7,c1,17hkibG1jwCnYcoHqegVXJYK56Qp9MuiibepCQ,fee,-0.2232,rete (fee di blocco),"residuo fra il campione precedente e questo, una volta tolti i movimenti noti: e' la fee pagata (segno -) o incassata (segno +) nell'intervallo, non attribuibile a una singola transazione",96.8216,,1
run2-tbt-10s/continentale,continentale,10,78,7,c1,17hkibG1jwCnYcoHqegVXJYK56Qp9MuiibepCQ,fee,-0.223,rete (fee di blocco),"residuo fra il campione precedente e questo, una volta tolti i movimenti noti: e' la fee pagata (segno -) o incassata (segno +) nell'intervallo, non attribuibile a una singola transazione",96.5986,,1
run2-tbt-10s/continentale,continentale,10,80,7,c1,17hkibG1jwCnYcoHqegVXJYK56Qp9MuiibepCQ,fee,-0.1674,rete (fee di blocco),"residuo fra il campione precedente e questo, una volta tolti i movimenti noti: e' la fee pagata (segno -) o incassata (segno +) nell'intervallo, non attribuibile a una singola transazione",96.4312,,1
run2-tbt-10s/continentale,continentale,10,83,7,c1,17hkibG1jwCnYcoHqegVXJYK56Qp9MuiibepCQ,fee,-0.223,rete (fee di blocco),"residuo fra il campione precedente e questo, una volta tolti i movimenti noti: e' la fee pagata (segno -) o incassata (segno +) nell'intervallo, non attribuibile a una singola transazione",96.2082,,1
run2-tbt-10s/continentale,continentale,10,85,8,c1,17hkibG1jwCnYcoHqegVXJYK56Qp9MuiibepCQ,fee,-0.223,rete (fee di blocco),"residuo fra il campione precedente e questo, una volta tolti i movimenti noti: e' la fee pagata (segno -) o incassata (segno +) nell'intervallo, non attribuibile a una singola transazione",95.9852,,1
run2-tbt-10s/continentale,continentale,10,88,8,c1,17hkibG1jwCnYcoHqegVXJYK56Qp9MuiibepCQ,fee,-0.223,rete (fee di blocco),"residuo fra il campione precedente e questo, una volta tolti i movimenti noti: e' la fee pagata (segno -) o incassata (segno +) nell'intervallo, non attribuibile a una singola transazione",95.7622,,1
run2-tbt-10s/continentale,continentale,10,91,8,c1,17hkibG1jwCnYcoHqegVXJYK56Qp9MuiibepCQ,fee,-0.223,rete (fee di blocco),"residuo fra il campione precedente e questo, una volta tolti i movimenti noti: e' la fee pagata (segno -) o incassata (segno +) nell'intervallo, non attribuibile a una singola transazione",95.5392,,1
run2-tbt-10s/continentale,continentale,10,94,8,c1,17hkibG1jwCnYcoHqegVXJYK56Qp9MuiibepCQ,fee,-0.1672,rete (fee di blocco),"residuo fra il campione precedente e questo, una volta tolti i movimenti noti: e' la fee pagata (segno -) o incassata (segno +) nell'intervallo, non attribuibile a una singola transazione",95.372,,1
run2-tbt-10s/continentale,continentale,10,97,9,c1,17hkibG1jwCnYcoHqegVXJYK56Qp9MuiibepCQ,fee,-0.2228,rete (fee di blocco),"residuo fra il campione precedente e questo, una volta tolti i movimenti noti: e' la fee pagata (segno -) o incassata (segno +) nell'intervallo, non attribuibile a una singola transazione",95.1492,,1
run2-tbt-10s/continentale,continentale,10,101,9,c1,17hkibG1jwCnYcoHqegVXJYK56Qp9MuiibepCQ,fee,-0.2234,rete (fee di blocco),"residuo fra il campione precedente e questo, una volta tolti i movimenti noti: e' la fee pagata (segno -) o incassata (segno +) nell'intervallo, non attribuibile a una singola transazione",94.9258,,1
run2-tbt-10s/continentale,continentale,10,103,9,c1,17hkibG1jwCnYcoHqegVXJYK56Qp9MuiibepCQ,fee,-0.2238,rete (fee di blocco),"residuo fra il campione precedente e questo, una volta tolti i movimenti noti: e' la fee pagata (segno -) o incassata (segno +) nell'intervallo, non attribuibile a una singola transazione",94.702,,1
run2-tbt-10s/continentale,continentale,10,106,9,c1,17hkibG1jwCnYcoHqegVXJYK56Qp9MuiibepCQ,fee,-0.224,rete (fee di blocco),"residuo fra il campione precedente e questo, una volta tolti i movimenti noti: e' la fee pagata (segno -) o incassata (segno +) nell'intervallo, non attribuibile a una singola transazione",94.478,,1
run2-tbt-10s/continentale,continentale,10,109,10,c1,17hkibG1jwCnYcoHqegVXJYK56Qp9MuiibepCQ,fee,-0.1676,rete (fee di blocco),"residuo fra il campione precedente e questo, una volta tolti i movimenti noti: e' la fee pagata (segno -) o incassata (segno +) nell'intervallo, non attribuibile a una singola transazione",94.3104,,1
run2-tbt-10s/continentale,continentale,10,112,10,c1,17hkibG1jwCnYcoHqegVXJYK56Qp9MuiibepCQ,fee,-0.2248,rete (fee di blocco),"residuo fra il campione precedente e questo, una volta tolti i movimenti noti: e' la fee pagata (segno -) o incassata (segno +) nell'intervallo, non attribuibile a una singola transazione",94.0856,,1
run2-tbt-10s/continentale,continentale,10,116,10,c1,17hkibG1jwCnYcoHqegVXJYK56Qp9MuiibepCQ,fee,-0.2246,rete (fee di blocco),"residuo fra il campione precedente e questo, una volta tolti i movimenti noti: e' la fee pagata (segno -) o incassata (segno +) nell'intervallo, non attribuibile a una singola transazione",93.861,,1
run2-tbt-10s/continentale,continentale,10,118,10,c1,17hkibG1jwCnYcoHqegVXJYK56Qp9MuiibepCQ,fee,-0.2248,rete (fee di blocco),"residuo fra il campione precedente e questo, una volta tolti i movimenti noti: e' la fee pagata (segno -) o incassata (segno +) nell'intervallo, non attribuibile a una singola transazione",93.6362,,1
run2-tbt-10s/continentale,continentale,10,120,11,c1,17hkibG1jwCnYcoHqegVXJYK56Qp9MuiibepCQ,fee,-0.2244,rete (fee di blocco),"residuo fra il campione precedente e questo, una volta tolti i movimenti noti: e' la fee pagata (segno -) o incassata (segno +) nell'intervallo, non attribuibile a una singola transazione",93.4118,,1
run2-tbt-10s/continentale,continentale,10,124,11,c1,17hkibG1jwCnYcoHqegVXJYK56Qp9MuiibepCQ,fee,-0.1684,rete (fee di blocco),"residuo fra il campione precedente e questo, una volta tolti i movimenti noti: e' la fee pagata (segno -) o incassata (segno +) nell'intervallo, non attribuibile a una singola transazione",93.2434,,1
run2-tbt-10s/continentale,continentale,10,127,11,c1,17hkibG1jwCnYcoHqegVXJYK56Qp9MuiibepCQ,fee,-0.2244,rete (fee di blocco),"residuo fra il campione precedente e questo, una volta tolti i movimenti noti: e' la fee pagata (segno -) o incassata (segno +) nell'intervallo, non attribuibile a una singola transazione",93.019,,1
run2-tbt-10s/continentale,continentale,10,130,11,c1,17hkibG1jwCnYcoHqegVXJYK56Qp9MuiibepCQ,fee,-0.2248,rete (fee di blocco),"residuo fra il campione precedente e questo, una volta tolti i movimenti noti: e' la fee pagata (segno -) o incassata (segno +) nell'intervallo, non attribuibile a una singola transazione",92.7942,,1
run2-tbt-10s/continentale,continentale,10,133,12,c1,17hkibG1jwCnYcoHqegVXJYK56Qp9MuiibepCQ,fee,-0.2246,rete (fee di blocco),"residuo fra il campione precedente e questo, una volta tolti i movimenti noti: e' la fee pagata (segno -) o incassata (segno +) nell'intervallo, non attribuibile a una singola transazione",92.5696,,1
run2-tbt-10s/continentale,continentale,10,136,12,c1,17hkibG1jwCnYcoHqegVXJYK56Qp9MuiibepCQ,fee,-0.2246,rete (fee di blocco),"residuo fra il campione precedente e questo, una volta tolti i movimenti noti: e' la fee pagata (segno -) o incassata (segno +) nell'intervallo, non attribuibile a una singola transazione",92.345,,1
run2-tbt-10s/continentale,continentale,10,139,12,c1,17hkibG1jwCnYcoHqegVXJYK56Qp9MuiibepCQ,fee,-0.1686,rete (fee di blocco),"residuo fra il campione precedente e questo, una volta tolti i movimenti noti: e' la fee pagata (segno -) o incassata (segno +) nell'intervallo, non attribuibile a una singola transazione",92.1764,,1
run2-tbt-10s/continentale,continentale,10,142,12,c1,17hkibG1jwCnYcoHqegVXJYK56Qp9MuiibepCQ,fee,-0.2246,rete (fee di blocco),"residuo fra il campione precedente e questo, una volta tolti i movimenti noti: e' la fee pagata (segno -) o incassata (segno +) nell'intervallo, non attribuibile a una singola transazione",91.9518,,1
run2-tbt-10s/continentale,continentale,10,145,13,c1,17hkibG1jwCnYcoHqegVXJYK56Qp9MuiibepCQ,fee,-0.2246,rete (fee di blocco),"residuo fra il campione precedente e questo, una volta tolti i movimenti noti: e' la fee pagata (segno -) o incassata (segno +) nell'intervallo, non attribuibile a una singola transazione",91.7272,,1
run2-tbt-10s/continentale,continentale,10,147,13,c1,17hkibG1jwCnYcoHqegVXJYK56Qp9MuiibepCQ,fee,-0.2246,rete (fee di blocco),"residuo fra il campione precedente e questo, una volta tolti i movimenti noti: e' la fee pagata (segno -) o incassata (segno +) nell'intervallo, non attribuibile a una singola transazione",91.5026,,1
run2-tbt-10s/continentale,continentale,10,150,13,c1,17hkibG1jwCnYcoHqegVXJYK56Qp9MuiibepCQ,fee,-0.2246,rete (fee di blocco),"residuo fra il campione precedente e questo, una volta tolti i movimenti noti: e' la fee pagata (segno -) o incassata (segno +) nell'intervallo, non attribuibile a una singola transazione",91.278,,1
run2-tbt-10s/continentale,continentale,10,153,13,c1,17hkibG1jwCnYcoHqegVXJYK56Qp9MuiibepCQ,fee,-0.1684,rete (fee di blocco),"residuo fra il campione precedente e questo, una volta tolti i movimenti noti: e' la fee pagata (segno -) o incassata (segno +) nell'intervallo, non attribuibile a una singola transazione",91.1096,,1
run2-tbt-10s/continentale,continentale,10,156,14,c1,17hkibG1jwCnYcoHqegVXJYK56Qp9MuiibepCQ,fee,-0.2248,rete (fee di blocco),"residuo fra il campione precedente e questo, una volta tolti i movimenti noti: e' la fee pagata (segno -) o incassata (segno +) nell'intervallo, non attribuibile a una singola transazione",90.8848,,1
run2-tbt-10s/continentale,continentale,10,158,14,c1,17hkibG1jwCnYcoHqegVXJYK56Qp9MuiibepCQ,fee,-0.2248,rete (fee di blocco),"residuo fra il campione precedente e questo, una volta tolti i movimenti noti: e' la fee pagata (segno -) o incassata (segno +) nell'intervallo, non attribuibile a una singola transazione",90.66,,1
run2-tbt-10s/continentale,continentale,10,162,14,c1,17hkibG1jwCnYcoHqegVXJYK56Qp9MuiibepCQ,fee,-0.2248,rete (fee di blocco),"residuo fra il campione precedente e questo, una volta tolti i movimenti noti: e' la fee pagata (segno -) o incassata (segno +) nell'intervallo, non attribuibile a una singola transazione",90.4352,,1
run2-tbt-10s/continentale,continentale,10,164,14,c1,17hkibG1jwCnYcoHqegVXJYK56Qp9MuiibepCQ,fee,-0.2246,rete (fee di blocco),"residuo fra il campione precedente e questo, una volta tolti i movimenti noti: e' la fee pagata (segno -) o incassata (segno +) nell'intervallo, non attribuibile a una singola transazione",90.2106,,1
run2-tbt-10s/continentale,continentale,10,167,14,c1,17hkibG1jwCnYcoHqegVXJYK56Qp9MuiibepCQ,fee,-0.1686,rete (fee di blocco),"residuo fra il campione precedente e questo, una volta tolti i movimenti noti: e' la fee pagata (segno -) o incassata (segno +) nell'intervallo, non attribuibile a una singola transazione",90.042,,1
run2-tbt-10s/continentale,continentale,10,170,15,c1,17hkibG1jwCnYcoHqegVXJYK56Qp9MuiibepCQ,fee,-0.2244,rete (fee di blocco),"residuo fra il campione precedente e questo, una volta tolti i movimenti noti: e' la fee pagata (segno -) o incassata (segno +) nell'intervallo, non attribuibile a una singola transazione",89.8176,,1
run2-tbt-10s/continentale,continentale,10,173,15,c1,17hkibG1jwCnYcoHqegVXJYK56Qp9MuiibepCQ,fee,-0.2246,rete (fee di blocco),"residuo fra il campione precedente e questo, una volta tolti i movimenti noti: e' la fee pagata (segno -) o incassata (segno +) nell'intervallo, non attribuibile a una singola transazione",89.593,,1
run2-tbt-10s/continentale,continentale,10,175,15,c1,17hkibG1jwCnYcoHqegVXJYK56Qp9MuiibepCQ,fee,-0.2248,rete (fee di blocco),"residuo fra il campione precedente e questo, una volta tolti i movimenti noti: e' la fee pagata (segno -) o incassata (segno +) nell'intervallo, non attribuibile a una singola transazione",89.3682,,1
run2-tbt-10s/continentale,continentale,10,178,15,c1,17hkibG1jwCnYcoHqegVXJYK56Qp9MuiibepCQ,fee,-0.2248,rete (fee di blocco),"residuo fra il campione precedente e questo, una volta tolti i movimenti noti: e' la fee pagata (segno -) o incassata (segno +) nell'intervallo, non attribuibile a una singola transazione",89.1434,,1
run2-tbt-10s/continentale,continentale,10,181,16,c1,17hkibG1jwCnYcoHqegVXJYK56Qp9MuiibepCQ,fee,-0.1684,rete (fee di blocco),"residuo fra il campione precedente e questo, una volta tolti i movimenti noti: e' la fee pagata (segno -) o incassata (segno +) nell'intervallo, non attribuibile a una singola transazione",88.975,,1
run2-tbt-10s/continentale,continentale,10,183,16,c1,17hkibG1jwCnYcoHqegVXJYK56Qp9MuiibepCQ,fee,-0.2246,rete (fee di blocco),"residuo fra il campione precedente e questo, una volta tolti i movimenti noti: e' la fee pagata (segno -) o incassata (segno +) nell'intervallo, non attribuibile a una singola transazione",88.7504,,1
run2-tbt-10s/continentale,continentale,10,186,16,c1,17hkibG1jwCnYcoHqegVXJYK56Qp9MuiibepCQ,fee,-0.2248,rete (fee di blocco),"residuo fra il campione precedente e questo, una volta tolti i movimenti noti: e' la fee pagata (segno -) o incassata (segno +) nell'intervallo, non attribuibile a una singola transazione",88.5256,,1
run2-tbt-10s/continentale,continentale,10,189,16,c1,17hkibG1jwCnYcoHqegVXJYK56Qp9MuiibepCQ,fee,-0.2246,rete (fee di blocco),"residuo fra il campione precedente e questo, una volta tolti i movimenti noti: e' la fee pagata (segno -) o incassata (segno +) nell'intervallo, non attribuibile a una singola transazione",88.301,,1
run2-tbt-10s/continentale,continentale,10,192,17,c1,17hkibG1jwCnYcoHqegVXJYK56Qp9MuiibepCQ,fee,-0.2246,rete (fee di blocco),"residuo fra il campione precedente e questo, una volta tolti i movimenti noti: e' la fee pagata (segno -) o incassata (segno +) nell'intervallo, non attribuibile a una singola transazione",88.0764,,1
run2-tbt-10s/continentale,continentale,10,195,17,c1,17hkibG1jwCnYcoHqegVXJYK56Qp9MuiibepCQ,fee,-0.1686,rete (fee di blocco),"residuo fra il campione precedente e questo, una volta tolti i movimenti noti: e' la fee pagata (segno -) o incassata (segno +) nell'intervallo, non attribuibile a una singola transazione",87.9078,,1
run2-tbt-10s/continentale,continentale,10,198,17,c1,17hkibG1jwCnYcoHqegVXJYK56Qp9MuiibepCQ,fee,-0.2246,rete (fee di blocco),"residuo fra il campione precedente e questo, una volta tolti i movimenti noti: e' la fee pagata (segno -) o incassata (segno +) nell'intervallo, non attribuibile a una singola transazione",87.6832,,1
run2-tbt-10s/continentale,continentale,10,200,17,c1,17hkibG1jwCnYcoHqegVXJYK56Qp9MuiibepCQ,fee,-0.2244,rete (fee di blocco),"residuo fra il campione precedente e questo, una volta tolti i movimenti noti: e' la fee pagata (segno -) o incassata (segno +) nell'intervallo, non attribuibile a una singola transazione",87.4588,,1
run2-tbt-10s/continentale,continentale,10,202,17,c1,17hkibG1jwCnYcoHqegVXJYK56Qp9MuiibepCQ,fee,-0.2248,rete (fee di blocco),"residuo fra il campione precedente e questo, una volta tolti i movimenti noti: e' la fee pagata (segno -) o incassata (segno +) nell'intervallo, non attribuibile a una singola transazione",87.234,,1
run2-tbt-10s/continentale,continentale,10,205,18,c1,17hkibG1jwCnYcoHqegVXJYK56Qp9MuiibepCQ,fee,-0.2244,rete (fee di blocco),"residuo fra il campione precedente e questo, una volta tolti i movimenti noti: e' la fee pagata (segno -) o incassata (segno +) nell'intervallo, non attribuibile a una singola transazione",87.0096,,1
run2-tbt-10s/continentale,continentale,10,208,18,c1,17hkibG1jwCnYcoHqegVXJYK56Qp9MuiibepCQ,fee,-0.1686,rete (fee di blocco),"residuo fra il campione precedente e questo, una volta tolti i movimenti noti: e' la fee pagata (segno -) o incassata (segno +) nell'intervallo, non attribuibile a una singola transazione",86.841,,1
run2-tbt-10s/continentale,continentale,10,211,18,c1,17hkibG1jwCnYcoHqegVXJYK56Qp9MuiibepCQ,fee,-0.2246,rete (fee di blocco),"residuo fra il campione precedente e questo, una volta tolti i movimenti noti: e' la fee pagata (segno -) o incassata (segno +) nell'intervallo, non attribuibile a una singola transazione",86.6164,,1
run2-tbt-10s/continentale,continentale,10,213,18,c1,17hkibG1jwCnYcoHqegVXJYK56Qp9MuiibepCQ,fee,-0.2244,rete (fee di blocco),"residuo fra il campione precedente e questo, una volta tolti i movimenti noti: e' la fee pagata (segno -) o incassata (segno +) nell'intervallo, non attribuibile a una singola transazione",86.392,,1
run2-tbt-10s/continentale,continentale,10,216,19,c1,17hkibG1jwCnYcoHqegVXJYK56Qp9MuiibepCQ,fee,-0.2246,rete (fee di blocco),"residuo fra il campione precedente e questo, una volta tolti i movimenti noti: e' la fee pagata (segno -) o incassata (segno +) nell'intervallo, non attribuibile a una singola transazione",86.1674,,1
run2-tbt-10s/continentale,continentale,10,219,19,c1,17hkibG1jwCnYcoHqegVXJYK56Qp9MuiibepCQ,fee,-0.2246,rete (fee di blocco),"residuo fra il campione precedente e questo, una volta tolti i movimenti noti: e' la fee pagata (segno -) o incassata (segno +) nell'intervallo, non attribuibile a una singola transazione",85.9428,,1
run2-tbt-10s/continentale,continentale,10,222,19,c1,17hkibG1jwCnYcoHqegVXJYK56Qp9MuiibepCQ,fee,-0.1684,rete (fee di blocco),"residuo fra il campione precedente e questo, una volta tolti i movimenti noti: e' la fee pagata (segno -) o incassata (segno +) nell'intervallo, non attribuibile a una singola transazione",85.7744,,1
run2-tbt-10s/continentale,continentale,10,224,19,c1,17hkibG1jwCnYcoHqegVXJYK56Qp9MuiibepCQ,fee,-0.2246,rete (fee di blocco),"residuo fra il campione precedente e questo, una volta tolti i movimenti noti: e' la fee pagata (segno -) o incassata (segno +) nell'intervallo, non attribuibile a una singola transazione",85.5498,,1
run2-tbt-10s/continentale,continentale,10,227,19,c1,17hkibG1jwCnYcoHqegVXJYK56Qp9MuiibepCQ,fee,-0.2246,rete (fee di blocco),"residuo fra il campione precedente e questo, una volta tolti i movimenti noti: e' la fee pagata (segno -) o incassata (segno +) nell'intervallo, non attribuibile a una singola transazione",85.3252,,1
run2-tbt-10s/continentale,continentale,10,229,20,c1,17hkibG1jwCnYcoHqegVXJYK56Qp9MuiibepCQ,fee,-0.2248,rete (fee di blocco),"residuo fra il campione precedente e questo, una volta tolti i movimenti noti: e' la fee pagata (segno -) o incassata (segno +) nell'intervallo, non attribuibile a una singola transazione",85.1004,,1
run2-tbt-10s/continentale,continentale,10,232,20,c1,17hkibG1jwCnYcoHqegVXJYK56Qp9MuiibepCQ,fee,-0.2246,rete (fee di blocco),"residuo fra il campione precedente e questo, una volta tolti i movimenti noti: e' la fee pagata (segno -) o incassata (segno +) nell'intervallo, non attribuibile a una singola transazione",84.8758,,1
run2-tbt-10s/continentale,continentale,10,235,20,c1,17hkibG1jwCnYcoHqegVXJYK56Qp9MuiibepCQ,fee,-0.1684,rete (fee di blocco),"residuo fra il campione precedente e questo, una volta tolti i movimenti noti: e' la fee pagata (segno -) o incassata (segno +) nell'intervallo, non attribuibile a una singola transazione",84.7074,,1
run2-tbt-10s/continentale,continentale,10,239,20,c1,17hkibG1jwCnYcoHqegVXJYK56Qp9MuiibepCQ,fee,-0.2246,rete (fee di blocco),"residuo fra il campione precedente e questo, una volta tolti i movimenti noti: e' la fee pagata (segno -) o incassata (segno +) nell'intervallo, non attribuibile a una singola transazione",84.4828,,1
run2-tbt-10s/continentale,continentale,10,242,21,c1,17hkibG1jwCnYcoHqegVXJYK56Qp9MuiibepCQ,fee,-0.2246,rete (fee di blocco),"residuo fra il campione precedente e questo, una volta tolti i movimenti noti: e' la fee pagata (segno -) o incassata (segno +) nell'intervallo, non attribuibile a una singola transazione",84.2582,,1
run2-tbt-10s/continentale,continentale,10,245,21,c1,17hkibG1jwCnYcoHqegVXJYK56Qp9MuiibepCQ,fee,-0.2246,rete (fee di blocco),"residuo fra il campione precedente e questo, una volta tolti i movimenti noti: e' la fee pagata (segno -) o incassata (segno +) nell'intervallo, non attribuibile a una singola transazione",84.0336,,1
run2-tbt-10s/continentale,continentale,10,247,21,c1,17hkibG1jwCnYcoHqegVXJYK56Qp9MuiibepCQ,fee,-0.2246,rete (fee di blocco),"residuo fra il campione precedente e questo, una volta tolti i movimenti noti: e' la fee pagata (segno -) o incassata (segno +) nell'intervallo, non attribuibile a una singola transazione",83.809,,1
run2-tbt-10s/continentale,continentale,10,250,21,c1,17hkibG1jwCnYcoHqegVXJYK56Qp9MuiibepCQ,fee,-0.1684,rete (fee di blocco),"residuo fra il campione precedente e questo, una volta tolti i movimenti noti: e' la fee pagata (segno -) o incassata (segno +) nell'intervallo, non attribuibile a una singola transazione",83.6406,,1
run2-tbt-10s/continentale,continentale,10,254,22,c1,17hkibG1jwCnYcoHqegVXJYK56Qp9MuiibepCQ,fee,-0.2248,rete (fee di blocco),"residuo fra il campione precedente e questo, una volta tolti i movimenti noti: e' la fee pagata (segno -) o incassata (segno +) nell'intervallo, non attribuibile a una singola transazione",83.4158,,1
run2-tbt-10s/continentale,continentale,10,257,22,c1,17hkibG1jwCnYcoHqegVXJYK56Qp9MuiibepCQ,fee,-0.2246,rete (fee di blocco),"residuo fra il campione precedente e questo, una volta tolti i movimenti noti: e' la fee pagata (segno -) o incassata (segno +) nell'intervallo, non attribuibile a una singola transazione",83.1912,,1
run2-tbt-10s/continentale,continentale,10,259,22,c1,17hkibG1jwCnYcoHqegVXJYK56Qp9MuiibepCQ,fee,-0.2244,rete (fee di blocco),"residuo fra il campione precedente e questo, una volta tolti i movimenti noti: e' la fee pagata (segno -) o incassata (segno +) nell'intervallo, non attribuibile a una singola transazione",82.9668,,1
run2-tbt-10s/continentale,continentale,10,261,22,c1,17hkibG1jwCnYcoHqegVXJYK56Qp9MuiibepCQ,fee,-0.2246,rete (fee di blocco),"residuo fra il campione precedente e questo, una volta tolti i movimenti noti: e' la fee pagata (segno -) o incassata (segno +) nell'intervallo, non attribuibile a una singola transazione",82.7422,,1
run2-tbt-10s/continentale,continentale,10,263,22,c1,17hkibG1jwCnYcoHqegVXJYK56Qp9MuiibepCQ,fee,-0.1682,rete (fee di blocco),"residuo fra il campione precedente e questo, una volta tolti i movimenti noti: e' la fee pagata (segno -) o incassata (segno +) nell'intervallo, non attribuibile a una singola transazione",82.574,,1
run2-tbt-10s/continentale,continentale,10,266,23,c1,17hkibG1jwCnYcoHqegVXJYK56Qp9MuiibepCQ,fee,-0.2244,rete (fee di blocco),"residuo fra il campione precedente e questo, una volta tolti i movimenti noti: e' la fee pagata (segno -) o incassata (segno +) nell'intervallo, non attribuibile a una singola transazione",82.3496,,1
run2-tbt-10s/continentale,continentale,10,270,23,c1,17hkibG1jwCnYcoHqegVXJYK56Qp9MuiibepCQ,fee,-0.2248,rete (fee di blocco),"residuo fra il campione precedente e questo, una volta tolti i movimenti noti: e' la fee pagata (segno -) o incassata (segno +) nell'intervallo, non attribuibile a una singola transazione",82.1248,,1
run2-tbt-10s/continentale,continentale,10,273,23,c1,17hkibG1jwCnYcoHqegVXJYK56Qp9MuiibepCQ,fee,-0.2244,rete (fee di blocco),"residuo fra il campione precedente e questo, una volta tolti i movimenti noti: e' la fee pagata (segno -) o incassata (segno +) nell'intervallo, non attribuibile a una singola transazione",81.9004,,1
run2-tbt-10s/continentale,continentale,10,276,24,c1,17hkibG1jwCnYcoHqegVXJYK56Qp9MuiibepCQ,fee,-0.2248,rete (fee di blocco),"residuo fra il campione precedente e questo, una volta tolti i movimenti noti: e' la fee pagata (segno -) o incassata (segno +) nell'intervallo, non attribuibile a una singola transazione",81.6756,,1
run2-tbt-10s/continentale,continentale,10,279,24,c1,17hkibG1jwCnYcoHqegVXJYK56Qp9MuiibepCQ,fee,-0.1684,rete (fee di blocco),"residuo fra il campione precedente e questo, una volta tolti i movimenti noti: e' la fee pagata (segno -) o incassata (segno +) nell'intervallo, non attribuibile a una singola transazione",81.5072,,1
run2-tbt-10s/continentale,continentale,10,282,24,c1,17hkibG1jwCnYcoHqegVXJYK56Qp9MuiibepCQ,fee,-0.2246,rete (fee di blocco),"residuo fra il campione precedente e questo, una volta tolti i movimenti noti: e' la fee pagata (segno -) o incassata (segno +) nell'intervallo, non attribuibile a una singola transazione",81.2826,,1
run2-tbt-10s/continentale,continentale,10,284,24,c1,17hkibG1jwCnYcoHqegVXJYK56Qp9MuiibepCQ,fee,-0.2242,rete (fee di blocco),"residuo fra il campione precedente e questo, una volta tolti i movimenti noti: e' la fee pagata (segno -) o incassata (segno +) nell'intervallo, non attribuibile a una singola transazione",81.0584,,1
run2-tbt-10s/continentale,continentale,10,287,24,c1,17hkibG1jwCnYcoHqegVXJYK56Qp9MuiibepCQ,fee,-0.2248,rete (fee di blocco),"residuo fra il campione precedente e questo, una volta tolti i movimenti noti: e' la fee pagata (segno -) o incassata (segno +) nell'intervallo, non attribuibile a una singola transazione",80.8336,,1
run2-tbt-10s/continentale,continentale,10,289,25,c1,17hkibG1jwCnYcoHqegVXJYK56Qp9MuiibepCQ,fee,-0.2246,rete (fee di blocco),"residuo fra il campione precedente e questo, una volta tolti i movimenti noti: e' la fee pagata (segno -) o incassata (segno +) nell'intervallo, non attribuibile a una singola transazione",80.609,,1
run2-tbt-10s/continentale,continentale,10,292,25,c1,17hkibG1jwCnYcoHqegVXJYK56Qp9MuiibepCQ,fee,-0.1684,rete (fee di blocco),"residuo fra il campione precedente e questo, una volta tolti i movimenti noti: e' la fee pagata (segno -) o incassata (segno +) nell'intervallo, non attribuibile a una singola transazione",80.4406,,1
run2-tbt-10s/continentale,continentale,10,295,25,c1,17hkibG1jwCnYcoHqegVXJYK56Qp9MuiibepCQ,fee,-0.2248,rete (fee di blocco),"residuo fra il campione precedente e questo, una volta tolti i movimenti noti: e' la fee pagata (segno -) o incassata (segno +) nell'intervallo, non attribuibile a una singola transazione",80.2158,,1
run2-tbt-10s/continentale,continentale,10,298,25,c1,17hkibG1jwCnYcoHqegVXJYK56Qp9MuiibepCQ,fee,-0.2244,rete (fee di blocco),"residuo fra il campione precedente e questo, una volta tolti i movimenti noti: e' la fee pagata (segno -) o incassata (segno +) nell'intervallo, non attribuibile a una singola transazione",79.9914,,1
run2-tbt-10s/continentale,continentale,10,300,26,c1,17hkibG1jwCnYcoHqegVXJYK56Qp9MuiibepCQ,fee,-0.2244,rete (fee di blocco),"residuo fra il campione precedente e questo, una volta tolti i movimenti noti: e' la fee pagata (segno -) o incassata (segno +) nell'intervallo, non attribuibile a una singola transazione",79.767,,1
run2-tbt-10s/continentale,continentale,10,303,26,c1,17hkibG1jwCnYcoHqegVXJYK56Qp9MuiibepCQ,fee,-0.2246,rete (fee di blocco),"residuo fra il campione precedente e questo, una volta tolti i movimenti noti: e' la fee pagata (segno -) o incassata (segno +) nell'intervallo, non attribuibile a una singola transazione",79.5424,,1
run2-tbt-10s/continentale,continentale,10,305,26,c1,17hkibG1jwCnYcoHqegVXJYK56Qp9MuiibepCQ,fee,-0.1686,rete (fee di blocco),"residuo fra il campione precedente e questo, una volta tolti i movimenti noti: e' la fee pagata (segno -) o incassata (segno +) nell'intervallo, non attribuibile a una singola transazione",79.3738,,1
run2-tbt-10s/continentale,continentale,10,308,26,c1,17hkibG1jwCnYcoHqegVXJYK56Qp9MuiibepCQ,fee,-0.2244,rete (fee di blocco),"residuo fra il campione precedente e questo, una volta tolti i movimenti noti: e' la fee pagata (segno -) o incassata (segno +) nell'intervallo, non attribuibile a una singola transazione",79.1494,,1
run2-tbt-10s/continentale,continentale,10,311,26,c1,17hkibG1jwCnYcoHqegVXJYK56Qp9MuiibepCQ,fee,-0.2244,rete (fee di blocco),"residuo fra il campione precedente e questo, una volta tolti i movimenti noti: e' la fee pagata (segno -) o incassata (segno +) nell'intervallo, non attribuibile a una singola transazione",78.925,,1
run2-tbt-10s/continentale,continentale,10,314,27,c1,17hkibG1jwCnYcoHqegVXJYK56Qp9MuiibepCQ,fee,-0.2248,rete (fee di blocco),"residuo fra il campione precedente e questo, una volta tolti i movimenti noti: e' la fee pagata (segno -) o incassata (segno +) nell'intervallo, non attribuibile a una singola transazione",78.7002,,1
run2-tbt-10s/continentale,continentale,10,317,27,c1,17hkibG1jwCnYcoHqegVXJYK56Qp9MuiibepCQ,fee,-0.2244,rete (fee di blocco),"residuo fra il campione precedente e questo, una volta tolti i movimenti noti: e' la fee pagata (segno -) o incassata (segno +) nell'intervallo, non attribuibile a una singola transazione",78.4758,,1
run2-tbt-10s/continentale,continentale,10,320,27,c1,17hkibG1jwCnYcoHqegVXJYK56Qp9MuiibepCQ,fee,-0.1684,rete (fee di blocco),"residuo fra il campione precedente e questo, una volta tolti i movimenti noti: e' la fee pagata (segno -) o incassata (segno +) nell'intervallo, non attribuibile a una singola transazione",78.3074,,1
run2-tbt-10s/continentale,continentale,10,323,27,c1,17hkibG1jwCnYcoHqegVXJYK56Qp9MuiibepCQ,fee,-0.2246,rete (fee di blocco),"residuo fra il campione precedente e questo, una volta tolti i movimenti noti: e' la fee pagata (segno -) o incassata (segno +) nell'intervallo, non attribuibile a una singola transazione",78.0828,,1
run2-tbt-10s/continentale,continentale,10,324,28,c1,17hkibG1jwCnYcoHqegVXJYK56Qp9MuiibepCQ,fee,0.73,rete (fee di blocco),"residuo fino al saldo di fine run letto da node_state.csv: per l'admin e' l'unica misura disponibile, gas_balances.csv non lo campiona",77.9706,,1
run2-tbt-10s/continentale,continentale,10,325,28,c1,17hkibG1jwCnYcoHqegVXJYK56Qp9MuiibepCQ,fee,-0.2246,rete (fee di blocco),"residuo fra il campione precedente e questo, una volta tolti i movimenti noti: e' la fee pagata (segno -) o incassata (segno +) nell'intervallo, non attribuibile a una singola transazione",77.8582,,1
run2-tbt-10s/continentale,continentale,10,329,28,c1,17hkibG1jwCnYcoHqegVXJYK56Qp9MuiibepCQ,fee,-0.2248,rete (fee di blocco),"residuo fra il campione precedente e questo, una volta tolti i movimenti noti: e' la fee pagata (segno -) o incassata (segno +) nell'intervallo, non attribuibile a una singola transazione",77.6334,,1
run2-tbt-10s/continentale,continentale,10,331,28,c1,17hkibG1jwCnYcoHqegVXJYK56Qp9MuiibepCQ,fee,-0.2246,rete (fee di blocco),"residuo fra il campione precedente e questo, una volta tolti i movimenti noti: e' la fee pagata (segno -) o incassata (segno +) nell'intervallo, non attribuibile a una singola transazione",77.4088,,1
run2-tbt-10s/continentale,continentale,10,334,28,c1,17hkibG1jwCnYcoHqegVXJYK56Qp9MuiibepCQ,fee,-0.1682,rete (fee di blocco),"residuo fra il campione precedente e questo, una volta tolti i movimenti noti: e' la fee pagata (segno -) o incassata (segno +) nell'intervallo, non attribuibile a una singola transazione",77.2406,,1
run2-tbt-10s/continentale,continentale,10,6,1,c2,1LAyr99FkAc6rNx8EPyfMJnfdyq1yRZvLnzsaV,init,100.0,admin,dotazione iniziale,100.0,,1
run2-tbt-10s/continentale,continentale,10,34,3,c2,1LAyr99FkAc6rNx8EPyfMJnfdyq1yRZvLnzsaV,fee,-0.196,rete (fee di blocco),"residuo fra il campione precedente e questo, una volta tolti i movimenti noti: e' la fee pagata (segno -) o incassata (segno +) nell'intervallo, non attribuibile a una singola transazione",99.804,,1
run2-tbt-10s/continentale,continentale,10,36,4,c2,1LAyr99FkAc6rNx8EPyfMJnfdyq1yRZvLnzsaV,fee,-0.1406,rete (fee di blocco),"residuo fra il campione precedente e questo, una volta tolti i movimenti noti: e' la fee pagata (segno -) o incassata (segno +) nell'intervallo, non attribuibile a una singola transazione",99.6634,,1
run2-tbt-10s/continentale,continentale,10,39,4,c2,1LAyr99FkAc6rNx8EPyfMJnfdyq1yRZvLnzsaV,fee,-0.1668,rete (fee di blocco),"residuo fra il campione precedente e questo, una volta tolti i movimenti noti: e' la fee pagata (segno -) o incassata (segno +) nell'intervallo, non attribuibile a una singola transazione",99.4966,,1
run2-tbt-10s/continentale,continentale,10,42,4,c2,1LAyr99FkAc6rNx8EPyfMJnfdyq1yRZvLnzsaV,fee,-0.1112,rete (fee di blocco),"residuo fra il campione precedente e questo, una volta tolti i movimenti noti: e' la fee pagata (segno -) o incassata (segno +) nell'intervallo, non attribuibile a una singola transazione",99.3854,,1
run2-tbt-10s/continentale,continentale,10,46,4,c2,1LAyr99FkAc6rNx8EPyfMJnfdyq1yRZvLnzsaV,fee,-0.167,rete (fee di blocco),"residuo fra il campione precedente e questo, una volta tolti i movimenti noti: e' la fee pagata (segno -) o incassata (segno +) nell'intervallo, non attribuibile a una singola transazione",99.2184,,1
run2-tbt-10s/continentale,continentale,10,49,5,c2,1LAyr99FkAc6rNx8EPyfMJnfdyq1yRZvLnzsaV,fee,-0.1114,rete (fee di blocco),"residuo fra il campione precedente e questo, una volta tolti i movimenti noti: e' la fee pagata (segno -) o incassata (segno +) nell'intervallo, non attribuibile a una singola transazione",99.107,,1
run2-tbt-10s/continentale,continentale,10,52,5,c2,1LAyr99FkAc6rNx8EPyfMJnfdyq1yRZvLnzsaV,fee,-0.1674,rete (fee di blocco),"residuo fra il campione precedente e questo, una volta tolti i movimenti noti: e' la fee pagata (segno -) o incassata (segno +) nell'intervallo, non attribuibile a una singola transazione",98.9396,,1
run2-tbt-10s/continentale,continentale,10,55,5,c2,1LAyr99FkAc6rNx8EPyfMJnfdyq1yRZvLnzsaV,fee,-0.1114,rete (fee di blocco),"residuo fra il campione precedente e questo, una volta tolti i movimenti noti: e' la fee pagata (segno -) o incassata (segno +) nell'intervallo, non attribuibile a una singola transazione",98.8282,,1
run2-tbt-10s/continentale,continentale,10,58,5,c2,1LAyr99FkAc6rNx8EPyfMJnfdyq1yRZvLnzsaV,fee,-0.167,rete (fee di blocco),"residuo fra il campione precedente e questo, una volta tolti i movimenti noti: e' la fee pagata (segno -) o incassata (segno +) nell'intervallo, non attribuibile a una singola transazione",98.6612,,1
run2-tbt-10s/continentale,continentale,10,61,6,c2,1LAyr99FkAc6rNx8EPyfMJnfdyq1yRZvLnzsaV,fee,-0.1116,rete (fee di blocco),"residuo fra il campione precedente e questo, una volta tolti i movimenti noti: e' la fee pagata (segno -) o incassata (segno +) nell'intervallo, non attribuibile a una singola transazione",98.5496,,1
run2-tbt-10s/continentale,continentale,10,64,6,c2,1LAyr99FkAc6rNx8EPyfMJnfdyq1yRZvLnzsaV,fee,-0.1674,rete (fee di blocco),"residuo fra il campione precedente e questo, una volta tolti i movimenti noti: e' la fee pagata (segno -) o incassata (segno +) nell'intervallo, non attribuibile a una singola transazione",98.3822,,1
run2-tbt-10s/continentale,continentale,10,66,6,c2,1LAyr99FkAc6rNx8EPyfMJnfdyq1yRZvLnzsaV,fee,-0.1116,rete (fee di blocco),"residuo fra il campione precedente e questo, una volta tolti i movimenti noti: e' la fee pagata (segno -) o incassata (segno +) nell'intervallo, non attribuibile a una singola transazione",98.2706,,1
run2-tbt-10s/continentale,continentale,10,69,6,c2,1LAyr99FkAc6rNx8EPyfMJnfdyq1yRZvLnzsaV,fee,-0.1672,rete (fee di blocco),"residuo fra il campione precedente e questo, una volta tolti i movimenti noti: e' la fee pagata (segno -) o incassata (segno +) nell'intervallo, non attribuibile a una singola transazione",98.1034,,1
run2-tbt-10s/continentale,continentale,10,72,7,c2,1LAyr99FkAc6rNx8EPyfMJnfdyq1yRZvLnzsaV,fee,-0.1112,rete (fee di blocco),"residuo fra il campione precedente e questo, una volta tolti i movimenti noti: e' la fee pagata (segno -) o incassata (segno +) nell'intervallo, non attribuibile a una singola transazione",97.9922,,1
run2-tbt-10s/continentale,continentale,10,75,7,c2,1LAyr99FkAc6rNx8EPyfMJnfdyq1yRZvLnzsaV,fee,-0.167,rete (fee di blocco),"residuo fra il campione precedente e questo, una volta tolti i movimenti noti: e' la fee pagata (segno -) o incassata (segno +) nell'intervallo, non attribuibile a una singola transazione",97.8252,,1
run2-tbt-10s/continentale,continentale,10,78,7,c2,1LAyr99FkAc6rNx8EPyfMJnfdyq1yRZvLnzsaV,fee,-0.1672,rete (fee di blocco),"residuo fra il campione precedente e questo, una volta tolti i movimenti noti: e' la fee pagata (segno -) o incassata (segno +) nell'intervallo, non attribuibile a una singola transazione",97.658,,1
run2-tbt-10s/continentale,continentale,10,80,7,c2,1LAyr99FkAc6rNx8EPyfMJnfdyq1yRZvLnzsaV,fee,-0.1114,rete (fee di blocco),"residuo fra il campione precedente e questo, una volta tolti i movimenti noti: e' la fee pagata (segno -) o incassata (segno +) nell'intervallo, non attribuibile a una singola transazione",97.5466,,1
run2-tbt-10s/continentale,continentale,10,83,7,c2,1LAyr99FkAc6rNx8EPyfMJnfdyq1yRZvLnzsaV,fee,-0.1672,rete (fee di blocco),"residuo fra il campione precedente e questo, una volta tolti i movimenti noti: e' la fee pagata (segno -) o incassata (segno +) nell'intervallo, non attribuibile a una singola transazione",97.3794,,1
run2-tbt-10s/continentale,continentale,10,85,8,c2,1LAyr99FkAc6rNx8EPyfMJnfdyq1yRZvLnzsaV,fee,-0.1116,rete (fee di blocco),"residuo fra il campione precedente e questo, una volta tolti i movimenti noti: e' la fee pagata (segno -) o incassata (segno +) nell'intervallo, non attribuibile a una singola transazione",97.2678,,1
run2-tbt-10s/continentale,continentale,10,88,8,c2,1LAyr99FkAc6rNx8EPyfMJnfdyq1yRZvLnzsaV,fee,-0.1674,rete (fee di blocco),"residuo fra il campione precedente e questo, una volta tolti i movimenti noti: e' la fee pagata (segno -) o incassata (segno +) nell'intervallo, non attribuibile a una singola transazione",97.1004,,1
run2-tbt-10s/continentale,continentale,10,91,8,c2,1LAyr99FkAc6rNx8EPyfMJnfdyq1yRZvLnzsaV,fee,-0.1116,rete (fee di blocco),"residuo fra il campione precedente e questo, una volta tolti i movimenti noti: e' la fee pagata (segno -) o incassata (segno +) nell'intervallo, non attribuibile a una singola transazione",96.9888,,1
run2-tbt-10s/continentale,continentale,10,94,8,c2,1LAyr99FkAc6rNx8EPyfMJnfdyq1yRZvLnzsaV,fee,-0.1672,rete (fee di blocco),"residuo fra il campione precedente e questo, una volta tolti i movimenti noti: e' la fee pagata (segno -) o incassata (segno +) nell'intervallo, non attribuibile a una singola transazione",96.8216,,1
run2-tbt-10s/continentale,continentale,10,97,9,c2,1LAyr99FkAc6rNx8EPyfMJnfdyq1yRZvLnzsaV,fee,-0.1114,rete (fee di blocco),"residuo fra il campione precedente e questo, una volta tolti i movimenti noti: e' la fee pagata (segno -) o incassata (segno +) nell'intervallo, non attribuibile a una singola transazione",96.7102,,1
run2-tbt-10s/continentale,continentale,10,101,9,c2,1LAyr99FkAc6rNx8EPyfMJnfdyq1yRZvLnzsaV,fee,-0.1672,rete (fee di blocco),"residuo fra il campione precedente e questo, una volta tolti i movimenti noti: e' la fee pagata (segno -) o incassata (segno +) nell'intervallo, non attribuibile a una singola transazione",96.543,,1
run2-tbt-10s/continentale,continentale,10,103,9,c2,1LAyr99FkAc6rNx8EPyfMJnfdyq1yRZvLnzsaV,fee,-0.112,rete (fee di blocco),"residuo fra il campione precedente e questo, una volta tolti i movimenti noti: e' la fee pagata (segno -) o incassata (segno +) nell'intervallo, non attribuibile a una singola transazione",96.431,,1
run2-tbt-10s/continentale,continentale,10,106,9,c2,1LAyr99FkAc6rNx8EPyfMJnfdyq1yRZvLnzsaV,fee,-0.168,rete (fee di blocco),"residuo fra il campione precedente e questo, una volta tolti i movimenti noti: e' la fee pagata (segno -) o incassata (segno +) nell'intervallo, non attribuibile a una singola transazione",96.263,,1
run2-tbt-10s/continentale,continentale,10,109,10,c2,1LAyr99FkAc6rNx8EPyfMJnfdyq1yRZvLnzsaV,fee,-0.1118,rete (fee di blocco),"residuo fra il campione precedente e questo, una volta tolti i movimenti noti: e' la fee pagata (segno -) o incassata (segno +) nell'intervallo, non attribuibile a una singola transazione",96.1512,,1
run2-tbt-10s/continentale,continentale,10,112,10,c2,1LAyr99FkAc6rNx8EPyfMJnfdyq1yRZvLnzsaV,fee,-0.168,rete (fee di blocco),"residuo fra il campione precedente e questo, una volta tolti i movimenti noti: e' la fee pagata (segno -) o incassata (segno +) nell'intervallo, non attribuibile a una singola transazione",95.9832,,1
run2-tbt-10s/continentale,continentale,10,116,10,c2,1LAyr99FkAc6rNx8EPyfMJnfdyq1yRZvLnzsaV,fee,-0.112,rete (fee di blocco),"residuo fra il campione precedente e questo, una volta tolti i movimenti noti: e' la fee pagata (segno -) o incassata (segno +) nell'intervallo, non attribuibile a una singola transazione",95.8712,,1
run2-tbt-10s/continentale,continentale,10,118,10,c2,1LAyr99FkAc6rNx8EPyfMJnfdyq1yRZvLnzsaV,fee,-0.168,rete (fee di blocco),"residuo fra il campione precedente e questo, una volta tolti i movimenti noti: e' la fee pagata (segno -) o incassata (segno +) nell'intervallo, non attribuibile a una singola transazione",95.7032,,1
run2-tbt-10s/continentale,continentale,10,120,11,c2,1LAyr99FkAc6rNx8EPyfMJnfdyq1yRZvLnzsaV,fee,-0.168,rete (fee di blocco),"residuo fra il campione precedente e questo, una volta tolti i movimenti noti: e' la fee pagata (segno -) o incassata (segno +) nell'intervallo, non attribuibile a una singola transazione",95.5352,,1
run2-tbt-10s/continentale,continentale,10,124,11,c2,1LAyr99FkAc6rNx8EPyfMJnfdyq1yRZvLnzsaV,fee,-0.112,rete (fee di blocco),"residuo fra il campione precedente e questo, una volta tolti i movimenti noti: e' la fee pagata (segno -) o incassata (segno +) nell'intervallo, non attribuibile a una singola transazione",95.4232,,1
run2-tbt-10s/continentale,continentale,10,127,11,c2,1LAyr99FkAc6rNx8EPyfMJnfdyq1yRZvLnzsaV,fee,-0.1678,rete (fee di blocco),"residuo fra il campione precedente e questo, una volta tolti i movimenti noti: e' la fee pagata (segno -) o incassata (segno +) nell'intervallo, non attribuibile a una singola transazione",95.2554,,1
run2-tbt-10s/continentale,continentale,10,130,11,c2,1LAyr99FkAc6rNx8EPyfMJnfdyq1yRZvLnzsaV,fee,-0.1116,rete (fee di blocco),"residuo fra il campione precedente e questo, una volta tolti i movimenti noti: e' la fee pagata (segno -) o incassata (segno +) nell'intervallo, non attribuibile a una singola transazione",95.1438,,1
run2-tbt-10s/continentale,continentale,10,133,12,c2,1LAyr99FkAc6rNx8EPyfMJnfdyq1yRZvLnzsaV,fee,-0.1678,rete (fee di blocco),"residuo fra il campione precedente e questo, una volta tolti i movimenti noti: e' la fee pagata (segno -) o incassata (segno +) nell'intervallo, non attribuibile a una singola transazione",94.976,,1
run2-tbt-10s/continentale,continentale,10,136,12,c2,1LAyr99FkAc6rNx8EPyfMJnfdyq1yRZvLnzsaV,fee,-0.1118,rete (fee di blocco),"residuo fra il campione precedente e questo, una volta tolti i movimenti noti: e' la fee pagata (segno -) o incassata (segno +) nell'intervallo, non attribuibile a una singola transazione",94.8642,,1
run2-tbt-10s/continentale,continentale,10,139,12,c2,1LAyr99FkAc6rNx8EPyfMJnfdyq1yRZvLnzsaV,fee,-0.1678,rete (fee di blocco),"residuo fra il campione precedente e questo, una volta tolti i movimenti noti: e' la fee pagata (segno -) o incassata (segno +) nell'intervallo, non attribuibile a una singola transazione",94.6964,,1
run2-tbt-10s/continentale,continentale,10,142,12,c2,1LAyr99FkAc6rNx8EPyfMJnfdyq1yRZvLnzsaV,fee,-0.112,rete (fee di blocco),"residuo fra il campione precedente e questo, una volta tolti i movimenti noti: e' la fee pagata (segno -) o incassata (segno +) nell'intervallo, non attribuibile a una singola transazione",94.5844,,1
run2-tbt-10s/continentale,continentale,10,145,13,c2,1LAyr99FkAc6rNx8EPyfMJnfdyq1yRZvLnzsaV,fee,-0.1674,rete (fee di blocco),"residuo fra il campione precedente e questo, una volta tolti i movimenti noti: e' la fee pagata (segno -) o incassata (segno +) nell'intervallo, non attribuibile a una singola transazione",94.417,,1
run2-tbt-10s/continentale,continentale,10,147,13,c2,1LAyr99FkAc6rNx8EPyfMJnfdyq1yRZvLnzsaV,fee,-0.1118,rete (fee di blocco),"residuo fra il campione precedente e questo, una volta tolti i movimenti noti: e' la fee pagata (segno -) o incassata (segno +) nell'intervallo, non attribuibile a una singola transazione",94.3052,,1
run2-tbt-10s/continentale,continentale,10,150,13,c2,1LAyr99FkAc6rNx8EPyfMJnfdyq1yRZvLnzsaV,fee,-0.1686,rete (fee di blocco),"residuo fra il campione precedente e questo, una volta tolti i movimenti noti: e' la fee pagata (segno -) o incassata (segno +) nell'intervallo, non attribuibile a una singola transazione",94.1366,,1
run2-tbt-10s/continentale,continentale,10,153,13,c2,1LAyr99FkAc6rNx8EPyfMJnfdyq1yRZvLnzsaV,fee,-0.1124,rete (fee di blocco),"residuo fra il campione precedente e questo, una volta tolti i movimenti noti: e' la fee pagata (segno -) o incassata (segno +) nell'intervallo, non attribuibile a una singola transazione",94.0242,,1
run2-tbt-10s/continentale,continentale,10,156,14,c2,1LAyr99FkAc6rNx8EPyfMJnfdyq1yRZvLnzsaV,fee,-0.1682,rete (fee di blocco),"residuo fra il campione precedente e questo, una volta tolti i movimenti noti: e' la fee pagata (segno -) o incassata (segno +) nell'intervallo, non attribuibile a una singola transazione",93.856,,1
run2-tbt-10s/continentale,continentale,10,158,14,c2,1LAyr99FkAc6rNx8EPyfMJnfdyq1yRZvLnzsaV,fee,-0.1124,rete (fee di blocco),"residuo fra il campione precedente e questo, una volta tolti i movimenti noti: e' la fee pagata (segno -) o incassata (segno +) nell'intervallo, non attribuibile a una singola transazione",93.7436,,1
run2-tbt-10s/continentale,continentale,10,162,14,c2,1LAyr99FkAc6rNx8EPyfMJnfdyq1yRZvLnzsaV,fee,-0.1684,rete (fee di blocco),"residuo fra il campione precedente e questo, una volta tolti i movimenti noti: e' la fee pagata (segno -) o incassata (segno +) nell'intervallo, non attribuibile a una singola transazione",93.5752,,1
run2-tbt-10s/continentale,continentale,10,164,14,c2,1LAyr99FkAc6rNx8EPyfMJnfdyq1yRZvLnzsaV,fee,-0.1684,rete (fee di blocco),"residuo fra il campione precedente e questo, una volta tolti i movimenti noti: e' la fee pagata (segno -) o incassata (segno +) nell'intervallo, non attribuibile a una singola transazione",93.4068,,1
run2-tbt-10s/continentale,continentale,10,167,14,c2,1LAyr99FkAc6rNx8EPyfMJnfdyq1yRZvLnzsaV,fee,-0.1122,rete (fee di blocco),"residuo fra il campione precedente e questo, una volta tolti i movimenti noti: e' la fee pagata (segno -) o incassata (segno +) nell'intervallo, non attribuibile a una singola transazione",93.2946,,1
run2-tbt-10s/continentale,continentale,10,170,15,c2,1LAyr99FkAc6rNx8EPyfMJnfdyq1yRZvLnzsaV,fee,-0.1684,rete (fee di blocco),"residuo fra il campione precedente e questo, una volta tolti i movimenti noti: e' la fee pagata (segno -) o incassata (segno +) nell'intervallo, non attribuibile a una singola transazione",93.1262,,1
run2-tbt-10s/continentale,continentale,10,173,15,c2,1LAyr99FkAc6rNx8EPyfMJnfdyq1yRZvLnzsaV,fee,-0.1124,rete (fee di blocco),"residuo fra il campione precedente e questo, una volta tolti i movimenti noti: e' la fee pagata (segno -) o incassata (segno +) nell'intervallo, non attribuibile a una singola transazione",93.0138,,1
run2-tbt-10s/continentale,continentale,10,175,15,c2,1LAyr99FkAc6rNx8EPyfMJnfdyq1yRZvLnzsaV,fee,-0.1686,rete (fee di blocco),"residuo fra il campione precedente e questo, una volta tolti i movimenti noti: e' la fee pagata (segno -) o incassata (segno +) nell'intervallo, non attribuibile a una singola transazione",92.8452,,1
run2-tbt-10s/continentale,continentale,10,178,15,c2,1LAyr99FkAc6rNx8EPyfMJnfdyq1yRZvLnzsaV,fee,-0.1122,rete (fee di blocco),"residuo fra il campione precedente e questo, una volta tolti i movimenti noti: e' la fee pagata (segno -) o incassata (segno +) nell'intervallo, non attribuibile a una singola transazione",92.733,,1
run2-tbt-10s/continentale,continentale,10,181,16,c2,1LAyr99FkAc6rNx8EPyfMJnfdyq1yRZvLnzsaV,fee,-0.1682,rete (fee di blocco),"residuo fra il campione precedente e questo, una volta tolti i movimenti noti: e' la fee pagata (segno -) o incassata (segno +) nell'intervallo, non attribuibile a una singola transazione",92.5648,,1
run2-tbt-10s/continentale,continentale,10,183,16,c2,1LAyr99FkAc6rNx8EPyfMJnfdyq1yRZvLnzsaV,fee,-0.1124,rete (fee di blocco),"residuo fra il campione precedente e questo, una volta tolti i movimenti noti: e' la fee pagata (segno -) o incassata (segno +) nell'intervallo, non attribuibile a una singola transazione",92.4524,,1
run2-tbt-10s/continentale,continentale,10,186,16,c2,1LAyr99FkAc6rNx8EPyfMJnfdyq1yRZvLnzsaV,fee,-0.1686,rete (fee di blocco),"residuo fra il campione precedente e questo, una volta tolti i movimenti noti: e' la fee pagata (segno -) o incassata (segno +) nell'intervallo, non attribuibile a una singola transazione",92.2838,,1
run2-tbt-10s/continentale,continentale,10,189,16,c2,1LAyr99FkAc6rNx8EPyfMJnfdyq1yRZvLnzsaV,fee,-0.1124,rete (fee di blocco),"residuo fra il campione precedente e questo, una volta tolti i movimenti noti: e' la fee pagata (segno -) o incassata (segno +) nell'intervallo, non attribuibile a una singola transazione",92.1714,,1
run2-tbt-10s/continentale,continentale,10,192,17,c2,1LAyr99FkAc6rNx8EPyfMJnfdyq1yRZvLnzsaV,fee,-0.1682,rete (fee di blocco),"residuo fra il campione precedente e questo, una volta tolti i movimenti noti: e' la fee pagata (segno -) o incassata (segno +) nell'intervallo, non attribuibile a una singola transazione",92.0032,,1
run2-tbt-10s/continentale,continentale,10,195,17,c2,1LAyr99FkAc6rNx8EPyfMJnfdyq1yRZvLnzsaV,fee,-0.1124,rete (fee di blocco),"residuo fra il campione precedente e questo, una volta tolti i movimenti noti: e' la fee pagata (segno -) o incassata (segno +) nell'intervallo, non attribuibile a una singola transazione",91.8908,,1
run2-tbt-10s/continentale,continentale,10,198,17,c2,1LAyr99FkAc6rNx8EPyfMJnfdyq1yRZvLnzsaV,fee,-0.1686,rete (fee di blocco),"residuo fra il campione precedente e questo, una volta tolti i movimenti noti: e' la fee pagata (segno -) o incassata (segno +) nell'intervallo, non attribuibile a una singola transazione",91.7222,,1
run2-tbt-10s/continentale,continentale,10,200,17,c2,1LAyr99FkAc6rNx8EPyfMJnfdyq1yRZvLnzsaV,fee,-0.1684,rete (fee di blocco),"residuo fra il campione precedente e questo, una volta tolti i movimenti noti: e' la fee pagata (segno -) o incassata (segno +) nell'intervallo, non attribuibile a una singola transazione",91.5538,,1
run2-tbt-10s/continentale,continentale,10,202,17,c2,1LAyr99FkAc6rNx8EPyfMJnfdyq1yRZvLnzsaV,fee,-0.1124,rete (fee di blocco),"residuo fra il campione precedente e questo, una volta tolti i movimenti noti: e' la fee pagata (segno -) o incassata (segno +) nell'intervallo, non attribuibile a una singola transazione",91.4414,,1
run2-tbt-10s/continentale,continentale,10,205,18,c2,1LAyr99FkAc6rNx8EPyfMJnfdyq1yRZvLnzsaV,fee,-0.1686,rete (fee di blocco),"residuo fra il campione precedente e questo, una volta tolti i movimenti noti: e' la fee pagata (segno -) o incassata (segno +) nell'intervallo, non attribuibile a una singola transazione",91.2728,,1
run2-tbt-10s/continentale,continentale,10,208,18,c2,1LAyr99FkAc6rNx8EPyfMJnfdyq1yRZvLnzsaV,fee,-0.1124,rete (fee di blocco),"residuo fra il campione precedente e questo, una volta tolti i movimenti noti: e' la fee pagata (segno -) o incassata (segno +) nell'intervallo, non attribuibile a una singola transazione",91.1604,,1
run2-tbt-10s/continentale,continentale,10,211,18,c2,1LAyr99FkAc6rNx8EPyfMJnfdyq1yRZvLnzsaV,fee,-0.1684,rete (fee di blocco),"residuo fra il campione precedente e questo, una volta tolti i movimenti noti: e' la fee pagata (segno -) o incassata (segno +) nell'intervallo, non attribuibile a una singola transazione",90.992,,1
run2-tbt-10s/continentale,continentale,10,213,18,c2,1LAyr99FkAc6rNx8EPyfMJnfdyq1yRZvLnzsaV,fee,-0.1122,rete (fee di blocco),"residuo fra il campione precedente e questo, una volta tolti i movimenti noti: e' la fee pagata (segno -) o incassata (segno +) nell'intervallo, non attribuibile a una singola transazione",90.8798,,1
run2-tbt-10s/continentale,continentale,10,216,19,c2,1LAyr99FkAc6rNx8EPyfMJnfdyq1yRZvLnzsaV,fee,-0.1686,rete (fee di blocco),"residuo fra il campione precedente e questo, una volta tolti i movimenti noti: e' la fee pagata (segno -) o incassata (segno +) nell'intervallo, non attribuibile a una singola transazione",90.7112,,1
run2-tbt-10s/continentale,continentale,10,219,19,c2,1LAyr99FkAc6rNx8EPyfMJnfdyq1yRZvLnzsaV,fee,-0.1124,rete (fee di blocco),"residuo fra il campione precedente e questo, una volta tolti i movimenti noti: e' la fee pagata (segno -) o incassata (segno +) nell'intervallo, non attribuibile a una singola transazione",90.5988,,1
run2-tbt-10s/continentale,continentale,10,222,19,c2,1LAyr99FkAc6rNx8EPyfMJnfdyq1yRZvLnzsaV,fee,-0.1684,rete (fee di blocco),"residuo fra il campione precedente e questo, una volta tolti i movimenti noti: e' la fee pagata (segno -) o incassata (segno +) nell'intervallo, non attribuibile a una singola transazione",90.4304,,1
run2-tbt-10s/continentale,continentale,10,224,19,c2,1LAyr99FkAc6rNx8EPyfMJnfdyq1yRZvLnzsaV,fee,-0.1122,rete (fee di blocco),"residuo fra il campione precedente e questo, una volta tolti i movimenti noti: e' la fee pagata (segno -) o incassata (segno +) nell'intervallo, non attribuibile a una singola transazione",90.3182,,1
run2-tbt-10s/continentale,continentale,10,227,19,c2,1LAyr99FkAc6rNx8EPyfMJnfdyq1yRZvLnzsaV,fee,-0.1684,rete (fee di blocco),"residuo fra il campione precedente e questo, una volta tolti i movimenti noti: e' la fee pagata (segno -) o incassata (segno +) nell'intervallo, non attribuibile a una singola transazione",90.1498,,1
run2-tbt-10s/continentale,continentale,10,229,20,c2,1LAyr99FkAc6rNx8EPyfMJnfdyq1yRZvLnzsaV,fee,-0.1122,rete (fee di blocco),"residuo fra il campione precedente e questo, una volta tolti i movimenti noti: e' la fee pagata (segno -) o incassata (segno +) nell'intervallo, non attribuibile a una singola transazione",90.0376,,1
run2-tbt-10s/continentale,continentale,10,232,20,c2,1LAyr99FkAc6rNx8EPyfMJnfdyq1yRZvLnzsaV,fee,-0.1682,rete (fee di blocco),"residuo fra il campione precedente e questo, una volta tolti i movimenti noti: e' la fee pagata (segno -) o incassata (segno +) nell'intervallo, non attribuibile a una singola transazione",89.8694,,1
run2-tbt-10s/continentale,continentale,10,235,20,c2,1LAyr99FkAc6rNx8EPyfMJnfdyq1yRZvLnzsaV,fee,-0.1124,rete (fee di blocco),"residuo fra il campione precedente e questo, una volta tolti i movimenti noti: e' la fee pagata (segno -) o incassata (segno +) nell'intervallo, non attribuibile a una singola transazione",89.757,,1
run2-tbt-10s/continentale,continentale,10,239,20,c2,1LAyr99FkAc6rNx8EPyfMJnfdyq1yRZvLnzsaV,fee,-0.1684,rete (fee di blocco),"residuo fra il campione precedente e questo, una volta tolti i movimenti noti: e' la fee pagata (segno -) o incassata (segno +) nell'intervallo, non attribuibile a una singola transazione",89.5886,,1
run2-tbt-10s/continentale,continentale,10,242,21,c2,1LAyr99FkAc6rNx8EPyfMJnfdyq1yRZvLnzsaV,fee,-0.1684,rete (fee di blocco),"residuo fra il campione precedente e questo, una volta tolti i movimenti noti: e' la fee pagata (segno -) o incassata (segno +) nell'intervallo, non attribuibile a una singola transazione",89.4202,,1
run2-tbt-10s/continentale,continentale,10,245,21,c2,1LAyr99FkAc6rNx8EPyfMJnfdyq1yRZvLnzsaV,fee,-0.1122,rete (fee di blocco),"residuo fra il campione precedente e questo, una volta tolti i movimenti noti: e' la fee pagata (segno -) o incassata (segno +) nell'intervallo, non attribuibile a una singola transazione",89.308,,1
run2-tbt-10s/continentale,continentale,10,247,21,c2,1LAyr99FkAc6rNx8EPyfMJnfdyq1yRZvLnzsaV,fee,-0.1684,rete (fee di blocco),"residuo fra il campione precedente e questo, una volta tolti i movimenti noti: e' la fee pagata (segno -) o incassata (segno +) nell'intervallo, non attribuibile a una singola transazione",89.1396,,1
run2-tbt-10s/continentale,continentale,10,250,21,c2,1LAyr99FkAc6rNx8EPyfMJnfdyq1yRZvLnzsaV,fee,-0.1122,rete (fee di blocco),"residuo fra il campione precedente e questo, una volta tolti i movimenti noti: e' la fee pagata (segno -) o incassata (segno +) nell'intervallo, non attribuibile a una singola transazione",89.0274,,1
run2-tbt-10s/continentale,continentale,10,254,22,c2,1LAyr99FkAc6rNx8EPyfMJnfdyq1yRZvLnzsaV,fee,-0.168,rete (fee di blocco),"residuo fra il campione precedente e questo, una volta tolti i movimenti noti: e' la fee pagata (segno -) o incassata (segno +) nell'intervallo, non attribuibile a una singola transazione",88.8594,,1
run2-tbt-10s/continentale,continentale,10,257,22,c2,1LAyr99FkAc6rNx8EPyfMJnfdyq1yRZvLnzsaV,fee,-0.1122,rete (fee di blocco),"residuo fra il campione precedente e questo, una volta tolti i movimenti noti: e' la fee pagata (segno -) o incassata (segno +) nell'intervallo, non attribuibile a una singola transazione",88.7472,,1
run2-tbt-10s/continentale,continentale,10,259,22,c2,1LAyr99FkAc6rNx8EPyfMJnfdyq1yRZvLnzsaV,fee,-0.1686,rete (fee di blocco),"residuo fra il campione precedente e questo, una volta tolti i movimenti noti: e' la fee pagata (segno -) o incassata (segno +) nell'intervallo, non attribuibile a una singola transazione",88.5786,,1
run2-tbt-10s/continentale,continentale,10,261,22,c2,1LAyr99FkAc6rNx8EPyfMJnfdyq1yRZvLnzsaV,fee,-0.1124,rete (fee di blocco),"residuo fra il campione precedente e questo, una volta tolti i movimenti noti: e' la fee pagata (segno -) o incassata (segno +) nell'intervallo, non attribuibile a una singola transazione",88.4662,,1
run2-tbt-10s/continentale,continentale,10,263,22,c2,1LAyr99FkAc6rNx8EPyfMJnfdyq1yRZvLnzsaV,fee,-0.1682,rete (fee di blocco),"residuo fra il campione precedente e questo, una volta tolti i movimenti noti: e' la fee pagata (segno -) o incassata (segno +) nell'intervallo, non attribuibile a una singola transazione",88.298,,1
run2-tbt-10s/continentale,continentale,10,266,23,c2,1LAyr99FkAc6rNx8EPyfMJnfdyq1yRZvLnzsaV,fee,-0.1124,rete (fee di blocco),"residuo fra il campione precedente e questo, una volta tolti i movimenti noti: e' la fee pagata (segno -) o incassata (segno +) nell'intervallo, non attribuibile a una singola transazione",88.1856,,1
run2-tbt-10s/continentale,continentale,10,270,23,c2,1LAyr99FkAc6rNx8EPyfMJnfdyq1yRZvLnzsaV,fee,-0.1686,rete (fee di blocco),"residuo fra il campione precedente e questo, una volta tolti i movimenti noti: e' la fee pagata (segno -) o incassata (segno +) nell'intervallo, non attribuibile a una singola transazione",88.017,,1
run2-tbt-10s/continentale,continentale,10,273,23,c2,1LAyr99FkAc6rNx8EPyfMJnfdyq1yRZvLnzsaV,fee,-0.112,rete (fee di blocco),"residuo fra il campione precedente e questo, una volta tolti i movimenti noti: e' la fee pagata (segno -) o incassata (segno +) nell'intervallo, non attribuibile a una singola transazione",87.905,,1
run2-tbt-10s/continentale,continentale,10,276,24,c2,1LAyr99FkAc6rNx8EPyfMJnfdyq1yRZvLnzsaV,fee,-0.1682,rete (fee di blocco),"residuo fra il campione precedente e questo, una volta tolti i movimenti noti: e' la fee pagata (segno -) o incassata (segno +) nell'intervallo, non attribuibile a una singola transazione",87.7368,,1
run2-tbt-10s/continentale,continentale,10,279,24,c2,1LAyr99FkAc6rNx8EPyfMJnfdyq1yRZvLnzsaV,fee,-0.1124,rete (fee di blocco),"residuo fra il campione precedente e questo, una volta tolti i movimenti noti: e' la fee pagata (segno -) o incassata (segno +) nell'intervallo, non attribuibile a una singola transazione",87.6244,,1
run2-tbt-10s/continentale,continentale,10,282,24,c2,1LAyr99FkAc6rNx8EPyfMJnfdyq1yRZvLnzsaV,fee,-0.1684,rete (fee di blocco),"residuo fra il campione precedente e questo, una volta tolti i movimenti noti: e' la fee pagata (segno -) o incassata (segno +) nell'intervallo, non attribuibile a una singola transazione",87.456,,1
run2-tbt-10s/continentale,continentale,10,284,24,c2,1LAyr99FkAc6rNx8EPyfMJnfdyq1yRZvLnzsaV,fee,-0.1684,rete (fee di blocco),"residuo fra il campione precedente e questo, una volta tolti i movimenti noti: e' la fee pagata (segno -) o incassata (segno +) nell'intervallo, non attribuibile a una singola transazione",87.2876,,1
run2-tbt-10s/continentale,continentale,10,287,24,c2,1LAyr99FkAc6rNx8EPyfMJnfdyq1yRZvLnzsaV,fee,-0.1122,rete (fee di blocco),"residuo fra il campione precedente e questo, una volta tolti i movimenti noti: e' la fee pagata (segno -) o incassata (segno +) nell'intervallo, non attribuibile a una singola transazione",87.1754,,1
run2-tbt-10s/continentale,continentale,10,289,25,c2,1LAyr99FkAc6rNx8EPyfMJnfdyq1yRZvLnzsaV,fee,-0.1684,rete (fee di blocco),"residuo fra il campione precedente e questo, una volta tolti i movimenti noti: e' la fee pagata (segno -) o incassata (segno +) nell'intervallo, non attribuibile a una singola transazione",87.007,,1
run2-tbt-10s/continentale,continentale,10,292,25,c2,1LAyr99FkAc6rNx8EPyfMJnfdyq1yRZvLnzsaV,fee,-0.112,rete (fee di blocco),"residuo fra il campione precedente e questo, una volta tolti i movimenti noti: e' la fee pagata (segno -) o incassata (segno +) nell'intervallo, non attribuibile a una singola transazione",86.895,,1
run2-tbt-10s/continentale,continentale,10,295,25,c2,1LAyr99FkAc6rNx8EPyfMJnfdyq1yRZvLnzsaV,fee,-0.1684,rete (fee di blocco),"residuo fra il campione precedente e questo, una volta tolti i movimenti noti: e' la fee pagata (segno -) o incassata (segno +) nell'intervallo, non attribuibile a una singola transazione",86.7266,,1
run2-tbt-10s/continentale,continentale,10,298,25,c2,1LAyr99FkAc6rNx8EPyfMJnfdyq1yRZvLnzsaV,fee,-0.1124,rete (fee di blocco),"residuo fra il campione precedente e questo, una volta tolti i movimenti noti: e' la fee pagata (segno -) o incassata (segno +) nell'intervallo, non attribuibile a una singola transazione",86.6142,,1
run2-tbt-10s/continentale,continentale,10,300,26,c2,1LAyr99FkAc6rNx8EPyfMJnfdyq1yRZvLnzsaV,fee,-0.1684,rete (fee di blocco),"residuo fra il campione precedente e questo, una volta tolti i movimenti noti: e' la fee pagata (segno -) o incassata (segno +) nell'intervallo, non attribuibile a una singola transazione",86.4458,,1
run2-tbt-10s/continentale,continentale,10,303,26,c2,1LAyr99FkAc6rNx8EPyfMJnfdyq1yRZvLnzsaV,fee,-0.1122,rete (fee di blocco),"residuo fra il campione precedente e questo, una volta tolti i movimenti noti: e' la fee pagata (segno -) o incassata (segno +) nell'intervallo, non attribuibile a una singola transazione",86.3336,,1
run2-tbt-10s/continentale,continentale,10,305,26,c2,1LAyr99FkAc6rNx8EPyfMJnfdyq1yRZvLnzsaV,fee,-0.1686,rete (fee di blocco),"residuo fra il campione precedente e questo, una volta tolti i movimenti noti: e' la fee pagata (segno -) o incassata (segno +) nell'intervallo, non attribuibile a una singola transazione",86.165,,1
run2-tbt-10s/continentale,continentale,10,308,26,c2,1LAyr99FkAc6rNx8EPyfMJnfdyq1yRZvLnzsaV,fee,-0.1124,rete (fee di blocco),"residuo fra il campione precedente e questo, una volta tolti i movimenti noti: e' la fee pagata (segno -) o incassata (segno +) nell'intervallo, non attribuibile a una singola transazione",86.0526,,1
run2-tbt-10s/continentale,continentale,10,311,26,c2,1LAyr99FkAc6rNx8EPyfMJnfdyq1yRZvLnzsaV,fee,-0.1684,rete (fee di blocco),"residuo fra il campione precedente e questo, una volta tolti i movimenti noti: e' la fee pagata (segno -) o incassata (segno +) nell'intervallo, non attribuibile a una singola transazione",85.8842,,1
run2-tbt-10s/continentale,continentale,10,314,27,c2,1LAyr99FkAc6rNx8EPyfMJnfdyq1yRZvLnzsaV,fee,-0.1124,rete (fee di blocco),"residuo fra il campione precedente e questo, una volta tolti i movimenti noti: e' la fee pagata (segno -) o incassata (segno +) nell'intervallo, non attribuibile a una singola transazione",85.7718,,1
run2-tbt-10s/continentale,continentale,10,317,27,c2,1LAyr99FkAc6rNx8EPyfMJnfdyq1yRZvLnzsaV,fee,-0.1686,rete (fee di blocco),"residuo fra il campione precedente e questo, una volta tolti i movimenti noti: e' la fee pagata (segno -) o incassata (segno +) nell'intervallo, non attribuibile a una singola transazione",85.6032,,1
run2-tbt-10s/continentale,continentale,10,320,27,c2,1LAyr99FkAc6rNx8EPyfMJnfdyq1yRZvLnzsaV,fee,-0.1122,rete (fee di blocco),"residuo fra il campione precedente e questo, una volta tolti i movimenti noti: e' la fee pagata (segno -) o incassata (segno +) nell'intervallo, non attribuibile a una singola transazione",85.491,,1
run2-tbt-10s/continentale,continentale,10,323,27,c2,1LAyr99FkAc6rNx8EPyfMJnfdyq1yRZvLnzsaV,fee,-0.1684,rete (fee di blocco),"residuo fra il campione precedente e questo, una volta tolti i movimenti noti: e' la fee pagata (segno -) o incassata (segno +) nell'intervallo, non attribuibile a una singola transazione",85.3226,,1
run2-tbt-10s/continentale,continentale,10,324,28,c2,1LAyr99FkAc6rNx8EPyfMJnfdyq1yRZvLnzsaV,fee,0.449,rete (fee di blocco),"residuo fino al saldo di fine run letto da node_state.csv: per l'admin e' l'unica misura disponibile, gas_balances.csv non lo campiona",85.2104,,1
run2-tbt-10s/continentale,continentale,10,325,28,c2,1LAyr99FkAc6rNx8EPyfMJnfdyq1yRZvLnzsaV,fee,-0.1682,rete (fee di blocco),"residuo fra il campione precedente e questo, una volta tolti i movimenti noti: e' la fee pagata (segno -) o incassata (segno +) nell'intervallo, non attribuibile a una singola transazione",85.1544,,1
run2-tbt-10s/continentale,continentale,10,329,28,c2,1LAyr99FkAc6rNx8EPyfMJnfdyq1yRZvLnzsaV,fee,-0.1122,rete (fee di blocco),"residuo fra il campione precedente e questo, una volta tolti i movimenti noti: e' la fee pagata (segno -) o incassata (segno +) nell'intervallo, non attribuibile a una singola transazione",85.0422,,1
run2-tbt-10s/continentale,continentale,10,331,28,c2,1LAyr99FkAc6rNx8EPyfMJnfdyq1yRZvLnzsaV,fee,-0.1684,rete (fee di blocco),"residuo fra il campione precedente e questo, una volta tolti i movimenti noti: e' la fee pagata (segno -) o incassata (segno +) nell'intervallo, non attribuibile a una singola transazione",84.8738,,1
run2-tbt-10s/continentale,continentale,10,334,28,c2,1LAyr99FkAc6rNx8EPyfMJnfdyq1yRZvLnzsaV,fee,-0.1124,rete (fee di blocco),"residuo fra il campione precedente e questo, una volta tolti i movimenti noti: e' la fee pagata (segno -) o incassata (segno +) nell'intervallo, non attribuibile a una singola transazione",84.7614,,1
run2-tbt-10s/continentale,continentale,10,6,1,c3,1Sx4KDRxVxbKGMMAtLjERQ8XUJJmcCaR7XGoKW,init,100.0,admin,dotazione iniziale,100.0,,1
run2-tbt-10s/continentale,continentale,10,34,3,c3,1Sx4KDRxVxbKGMMAtLjERQ8XUJJmcCaR7XGoKW,fee,-0.1956,rete (fee di blocco),"residuo fra il campione precedente e questo, una volta tolti i movimenti noti: e' la fee pagata (segno -) o incassata (segno +) nell'intervallo, non attribuibile a una singola transazione",99.8044,,1
run2-tbt-10s/continentale,continentale,10,36,4,c3,1Sx4KDRxVxbKGMMAtLjERQ8XUJJmcCaR7XGoKW,fee,-0.0848,rete (fee di blocco),"residuo fra il campione precedente e questo, una volta tolti i movimenti noti: e' la fee pagata (segno -) o incassata (segno +) nell'intervallo, non attribuibile a una singola transazione",99.7196,,1
run2-tbt-10s/continentale,continentale,10,39,4,c3,1Sx4KDRxVxbKGMMAtLjERQ8XUJJmcCaR7XGoKW,fee,-0.111,rete (fee di blocco),"residuo fra il campione precedente e questo, una volta tolti i movimenti noti: e' la fee pagata (segno -) o incassata (segno +) nell'intervallo, non attribuibile a una singola transazione",99.6086,,1
run2-tbt-10s/continentale,continentale,10,42,4,c3,1Sx4KDRxVxbKGMMAtLjERQ8XUJJmcCaR7XGoKW,fee,-0.111,rete (fee di blocco),"residuo fra il campione precedente e questo, una volta tolti i movimenti noti: e' la fee pagata (segno -) o incassata (segno +) nell'intervallo, non attribuibile a una singola transazione",99.4976,,1
run2-tbt-10s/continentale,continentale,10,46,4,c3,1Sx4KDRxVxbKGMMAtLjERQ8XUJJmcCaR7XGoKW,fee,-0.111,rete (fee di blocco),"residuo fra il campione precedente e questo, una volta tolti i movimenti noti: e' la fee pagata (segno -) o incassata (segno +) nell'intervallo, non attribuibile a una singola transazione",99.3866,,1
run2-tbt-10s/continentale,continentale,10,49,5,c3,1Sx4KDRxVxbKGMMAtLjERQ8XUJJmcCaR7XGoKW,fee,-0.1114,rete (fee di blocco),"residuo fra il campione precedente e questo, una volta tolti i movimenti noti: e' la fee pagata (segno -) o incassata (segno +) nell'intervallo, non attribuibile a una singola transazione",99.2752,,1
run2-tbt-10s/continentale,continentale,10,52,5,c3,1Sx4KDRxVxbKGMMAtLjERQ8XUJJmcCaR7XGoKW,fee,-0.1116,rete (fee di blocco),"residuo fra il campione precedente e questo, una volta tolti i movimenti noti: e' la fee pagata (segno -) o incassata (segno +) nell'intervallo, non attribuibile a una singola transazione",99.1636,,1
run2-tbt-10s/continentale,continentale,10,55,5,c3,1Sx4KDRxVxbKGMMAtLjERQ8XUJJmcCaR7XGoKW,fee,-0.1116,rete (fee di blocco),"residuo fra il campione precedente e questo, una volta tolti i movimenti noti: e' la fee pagata (segno -) o incassata (segno +) nell'intervallo, non attribuibile a una singola transazione",99.052,,1
run2-tbt-10s/continentale,continentale,10,58,5,c3,1Sx4KDRxVxbKGMMAtLjERQ8XUJJmcCaR7XGoKW,fee,-0.1114,rete (fee di blocco),"residuo fra il campione precedente e questo, una volta tolti i movimenti noti: e' la fee pagata (segno -) o incassata (segno +) nell'intervallo, non attribuibile a una singola transazione",98.9406,,1
run2-tbt-10s/continentale,continentale,10,61,6,c3,1Sx4KDRxVxbKGMMAtLjERQ8XUJJmcCaR7XGoKW,fee,-0.1116,rete (fee di blocco),"residuo fra il campione precedente e questo, una volta tolti i movimenti noti: e' la fee pagata (segno -) o incassata (segno +) nell'intervallo, non attribuibile a una singola transazione",98.829,,1
run2-tbt-10s/continentale,continentale,10,64,6,c3,1Sx4KDRxVxbKGMMAtLjERQ8XUJJmcCaR7XGoKW,fee,-0.1112,rete (fee di blocco),"residuo fra il campione precedente e questo, una volta tolti i movimenti noti: e' la fee pagata (segno -) o incassata (segno +) nell'intervallo, non attribuibile a una singola transazione",98.7178,,1
run2-tbt-10s/continentale,continentale,10,66,6,c3,1Sx4KDRxVxbKGMMAtLjERQ8XUJJmcCaR7XGoKW,fee,-0.0558,rete (fee di blocco),"residuo fra il campione precedente e questo, una volta tolti i movimenti noti: e' la fee pagata (segno -) o incassata (segno +) nell'intervallo, non attribuibile a una singola transazione",98.662,,1
run2-tbt-10s/continentale,continentale,10,69,6,c3,1Sx4KDRxVxbKGMMAtLjERQ8XUJJmcCaR7XGoKW,fee,-0.1112,rete (fee di blocco),"residuo fra il campione precedente e questo, una volta tolti i movimenti noti: e' la fee pagata (segno -) o incassata (segno +) nell'intervallo, non attribuibile a una singola transazione",98.5508,,1
run2-tbt-10s/continentale,continentale,10,72,7,c3,1Sx4KDRxVxbKGMMAtLjERQ8XUJJmcCaR7XGoKW,fee,-0.1116,rete (fee di blocco),"residuo fra il campione precedente e questo, una volta tolti i movimenti noti: e' la fee pagata (segno -) o incassata (segno +) nell'intervallo, non attribuibile a una singola transazione",98.4392,,1
run2-tbt-10s/continentale,continentale,10,75,7,c3,1Sx4KDRxVxbKGMMAtLjERQ8XUJJmcCaR7XGoKW,fee,-0.1116,rete (fee di blocco),"residuo fra il campione precedente e questo, una volta tolti i movimenti noti: e' la fee pagata (segno -) o incassata (segno +) nell'intervallo, non attribuibile a una singola transazione",98.3276,,1
run2-tbt-10s/continentale,continentale,10,78,7,c3,1Sx4KDRxVxbKGMMAtLjERQ8XUJJmcCaR7XGoKW,fee,-0.1116,rete (fee di blocco),"residuo fra il campione precedente e questo, una volta tolti i movimenti noti: e' la fee pagata (segno -) o incassata (segno +) nell'intervallo, non attribuibile a una singola transazione",98.216,,1
run2-tbt-10s/continentale,continentale,10,80,7,c3,1Sx4KDRxVxbKGMMAtLjERQ8XUJJmcCaR7XGoKW,fee,-0.1116,rete (fee di blocco),"residuo fra il campione precedente e questo, una volta tolti i movimenti noti: e' la fee pagata (segno -) o incassata (segno +) nell'intervallo, non attribuibile a una singola transazione",98.1044,,1
run2-tbt-10s/continentale,continentale,10,83,7,c3,1Sx4KDRxVxbKGMMAtLjERQ8XUJJmcCaR7XGoKW,fee,-0.1114,rete (fee di blocco),"residuo fra il campione precedente e questo, una volta tolti i movimenti noti: e' la fee pagata (segno -) o incassata (segno +) nell'intervallo, non attribuibile a una singola transazione",97.993,,1
run2-tbt-10s/continentale,continentale,10,85,8,c3,1Sx4KDRxVxbKGMMAtLjERQ8XUJJmcCaR7XGoKW,fee,-0.1114,rete (fee di blocco),"residuo fra il campione precedente e questo, una volta tolti i movimenti noti: e' la fee pagata (segno -) o incassata (segno +) nell'intervallo, non attribuibile a una singola transazione",97.8816,,1
run2-tbt-10s/continentale,continentale,10,88,8,c3,1Sx4KDRxVxbKGMMAtLjERQ8XUJJmcCaR7XGoKW,fee,-0.1116,rete (fee di blocco),"residuo fra il campione precedente e questo, una volta tolti i movimenti noti: e' la fee pagata (segno -) o incassata (segno +) nell'intervallo, non attribuibile a una singola transazione",97.77,,1
run2-tbt-10s/continentale,continentale,10,91,8,c3,1Sx4KDRxVxbKGMMAtLjERQ8XUJJmcCaR7XGoKW,fee,-0.1116,rete (fee di blocco),"residuo fra il campione precedente e questo, una volta tolti i movimenti noti: e' la fee pagata (segno -) o incassata (segno +) nell'intervallo, non attribuibile a una singola transazione",97.6584,,1
run2-tbt-10s/continentale,continentale,10,94,8,c3,1Sx4KDRxVxbKGMMAtLjERQ8XUJJmcCaR7XGoKW,fee,-0.0558,rete (fee di blocco),"residuo fra il campione precedente e questo, una volta tolti i movimenti noti: e' la fee pagata (segno -) o incassata (segno +) nell'intervallo, non attribuibile a una singola transazione",97.6026,,1
run2-tbt-10s/continentale,continentale,10,97,9,c3,1Sx4KDRxVxbKGMMAtLjERQ8XUJJmcCaR7XGoKW,fee,-0.1114,rete (fee di blocco),"residuo fra il campione precedente e questo, una volta tolti i movimenti noti: e' la fee pagata (segno -) o incassata (segno +) nell'intervallo, non attribuibile a una singola transazione",97.4912,,1
run2-tbt-10s/continentale,continentale,10,101,9,c3,1Sx4KDRxVxbKGMMAtLjERQ8XUJJmcCaR7XGoKW,fee,-0.1114,rete (fee di blocco),"residuo fra il campione precedente e questo, una volta tolti i movimenti noti: e' la fee pagata (segno -) o incassata (segno +) nell'intervallo, non attribuibile a una singola transazione",97.3798,,1
run2-tbt-10s/continentale,continentale,10,103,9,c3,1Sx4KDRxVxbKGMMAtLjERQ8XUJJmcCaR7XGoKW,fee,-0.1118,rete (fee di blocco),"residuo fra il campione precedente e questo, una volta tolti i movimenti noti: e' la fee pagata (segno -) o incassata (segno +) nell'intervallo, non attribuibile a una singola transazione",97.268,,1
run2-tbt-10s/continentale,continentale,10,106,9,c3,1Sx4KDRxVxbKGMMAtLjERQ8XUJJmcCaR7XGoKW,fee,-0.1116,rete (fee di blocco),"residuo fra il campione precedente e questo, una volta tolti i movimenti noti: e' la fee pagata (segno -) o incassata (segno +) nell'intervallo, non attribuibile a una singola transazione",97.1564,,1
run2-tbt-10s/continentale,continentale,10,109,10,c3,1Sx4KDRxVxbKGMMAtLjERQ8XUJJmcCaR7XGoKW,fee,-0.1118,rete (fee di blocco),"residuo fra il campione precedente e questo, una volta tolti i movimenti noti: e' la fee pagata (segno -) o incassata (segno +) nell'intervallo, non attribuibile a una singola transazione",97.0446,,1
run2-tbt-10s/continentale,continentale,10,112,10,c3,1Sx4KDRxVxbKGMMAtLjERQ8XUJJmcCaR7XGoKW,fee,-0.112,rete (fee di blocco),"residuo fra il campione precedente e questo, una volta tolti i movimenti noti: e' la fee pagata (segno -) o incassata (segno +) nell'intervallo, non attribuibile a una singola transazione",96.9326,,1
run2-tbt-10s/continentale,continentale,10,116,10,c3,1Sx4KDRxVxbKGMMAtLjERQ8XUJJmcCaR7XGoKW,fee,-0.1116,rete (fee di blocco),"residuo fra il campione precedente e questo, una volta tolti i movimenti noti: e' la fee pagata (segno -) o incassata (segno +) nell'intervallo, non attribuibile a una singola transazione",96.821,,1
run2-tbt-10s/continentale,continentale,10,118,10,c3,1Sx4KDRxVxbKGMMAtLjERQ8XUJJmcCaR7XGoKW,fee,-0.1118,rete (fee di blocco),"residuo fra il campione precedente e questo, una volta tolti i movimenti noti: e' la fee pagata (segno -) o incassata (segno +) nell'intervallo, non attribuibile a una singola transazione",96.7092,,1
run2-tbt-10s/continentale,continentale,10,120,11,c3,1Sx4KDRxVxbKGMMAtLjERQ8XUJJmcCaR7XGoKW,fee,-0.112,rete (fee di blocco),"residuo fra il campione precedente e questo, una volta tolti i movimenti noti: e' la fee pagata (segno -) o incassata (segno +) nell'intervallo, non attribuibile a una singola transazione",96.5972,,1
run2-tbt-10s/continentale,continentale,10,124,11,c3,1Sx4KDRxVxbKGMMAtLjERQ8XUJJmcCaR7XGoKW,fee,-0.056,rete (fee di blocco),"residuo fra il campione precedente e questo, una volta tolti i movimenti noti: e' la fee pagata (segno -) o incassata (segno +) nell'intervallo, non attribuibile a una singola transazione",96.5412,,1
run2-tbt-10s/continentale,continentale,10,127,11,c3,1Sx4KDRxVxbKGMMAtLjERQ8XUJJmcCaR7XGoKW,fee,-0.1118,rete (fee di blocco),"residuo fra il campione precedente e questo, una volta tolti i movimenti noti: e' la fee pagata (segno -) o incassata (segno +) nell'intervallo, non attribuibile a una singola transazione",96.4294,,1
run2-tbt-10s/continentale,continentale,10,130,11,c3,1Sx4KDRxVxbKGMMAtLjERQ8XUJJmcCaR7XGoKW,fee,-0.1118,rete (fee di blocco),"residuo fra il campione precedente e questo, una volta tolti i movimenti noti: e' la fee pagata (segno -) o incassata (segno +) nell'intervallo, non attribuibile a una singola transazione",96.3176,,1
run2-tbt-10s/continentale,continentale,10,133,12,c3,1Sx4KDRxVxbKGMMAtLjERQ8XUJJmcCaR7XGoKW,fee,-0.112,rete (fee di blocco),"residuo fra il campione precedente e questo, una volta tolti i movimenti noti: e' la fee pagata (segno -) o incassata (segno +) nell'intervallo, non attribuibile a una singola transazione",96.2056,,1
run2-tbt-10s/continentale,continentale,10,136,12,c3,1Sx4KDRxVxbKGMMAtLjERQ8XUJJmcCaR7XGoKW,fee,-0.1118,rete (fee di blocco),"residuo fra il campione precedente e questo, una volta tolti i movimenti noti: e' la fee pagata (segno -) o incassata (segno +) nell'intervallo, non attribuibile a una singola transazione",96.0938,,1
run2-tbt-10s/continentale,continentale,10,139,12,c3,1Sx4KDRxVxbKGMMAtLjERQ8XUJJmcCaR7XGoKW,fee,-0.1118,rete (fee di blocco),"residuo fra il campione precedente e questo, una volta tolti i movimenti noti: e' la fee pagata (segno -) o incassata (segno +) nell'intervallo, non attribuibile a una singola transazione",95.982,,1
run2-tbt-10s/continentale,continentale,10,142,12,c3,1Sx4KDRxVxbKGMMAtLjERQ8XUJJmcCaR7XGoKW,fee,-0.112,rete (fee di blocco),"residuo fra il campione precedente e questo, una volta tolti i movimenti noti: e' la fee pagata (segno -) o incassata (segno +) nell'intervallo, non attribuibile a una singola transazione",95.87,,1
run2-tbt-10s/continentale,continentale,10,145,13,c3,1Sx4KDRxVxbKGMMAtLjERQ8XUJJmcCaR7XGoKW,fee,-0.1116,rete (fee di blocco),"residuo fra il campione precedente e questo, una volta tolti i movimenti noti: e' la fee pagata (segno -) o incassata (segno +) nell'intervallo, non attribuibile a una singola transazione",95.7584,,1
run2-tbt-10s/continentale,continentale,10,147,13,c3,1Sx4KDRxVxbKGMMAtLjERQ8XUJJmcCaR7XGoKW,fee,-0.112,rete (fee di blocco),"residuo fra il campione precedente e questo, una volta tolti i movimenti noti: e' la fee pagata (segno -) o incassata (segno +) nell'intervallo, non attribuibile a una singola transazione",95.6464,,1
run2-tbt-10s/continentale,continentale,10,150,13,c3,1Sx4KDRxVxbKGMMAtLjERQ8XUJJmcCaR7XGoKW,fee,-0.112,rete (fee di blocco),"residuo fra il campione precedente e questo, una volta tolti i movimenti noti: e' la fee pagata (segno -) o incassata (segno +) nell'intervallo, non attribuibile a una singola transazione",95.5344,,1
run2-tbt-10s/continentale,continentale,10,153,13,c3,1Sx4KDRxVxbKGMMAtLjERQ8XUJJmcCaR7XGoKW,fee,-0.056,rete (fee di blocco),"residuo fra il campione precedente e questo, una volta tolti i movimenti noti: e' la fee pagata (segno -) o incassata (segno +) nell'intervallo, non attribuibile a una singola transazione",95.4784,,1
run2-tbt-10s/continentale,continentale,10,156,14,c3,1Sx4KDRxVxbKGMMAtLjERQ8XUJJmcCaR7XGoKW,fee,-0.1118,rete (fee di blocco),"residuo fra il campione precedente e questo, una volta tolti i movimenti noti: e' la fee pagata (segno -) o incassata (segno +) nell'intervallo, non attribuibile a una singola transazione",95.3666,,1
run2-tbt-10s/continentale,continentale,10,158,14,c3,1Sx4KDRxVxbKGMMAtLjERQ8XUJJmcCaR7XGoKW,fee,-0.1116,rete (fee di blocco),"residuo fra il campione precedente e questo, una volta tolti i movimenti noti: e' la fee pagata (segno -) o incassata (segno +) nell'intervallo, non attribuibile a una singola transazione",95.255,,1
run2-tbt-10s/continentale,continentale,10,162,14,c3,1Sx4KDRxVxbKGMMAtLjERQ8XUJJmcCaR7XGoKW,fee,-0.1118,rete (fee di blocco),"residuo fra il campione precedente e questo, una volta tolti i movimenti noti: e' la fee pagata (segno -) o incassata (segno +) nell'intervallo, non attribuibile a una singola transazione",95.1432,,1
run2-tbt-10s/continentale,continentale,10,164,14,c3,1Sx4KDRxVxbKGMMAtLjERQ8XUJJmcCaR7XGoKW,fee,-0.1118,rete (fee di blocco),"residuo fra il campione precedente e questo, una volta tolti i movimenti noti: e' la fee pagata (segno -) o incassata (segno +) nell'intervallo, non attribuibile a una singola transazione",95.0314,,1
run2-tbt-10s/continentale,continentale,10,167,14,c3,1Sx4KDRxVxbKGMMAtLjERQ8XUJJmcCaR7XGoKW,fee,-0.112,rete (fee di blocco),"residuo fra il campione precedente e questo, una volta tolti i movimenti noti: e' la fee pagata (segno -) o incassata (segno +) nell'intervallo, non attribuibile a una singola transazione",94.9194,,1
run2-tbt-10s/continentale,continentale,10,170,15,c3,1Sx4KDRxVxbKGMMAtLjERQ8XUJJmcCaR7XGoKW,fee,-0.112,rete (fee di blocco),"residuo fra il campione precedente e questo, una volta tolti i movimenti noti: e' la fee pagata (segno -) o incassata (segno +) nell'intervallo, non attribuibile a una singola transazione",94.8074,,1
run2-tbt-10s/continentale,continentale,10,173,15,c3,1Sx4KDRxVxbKGMMAtLjERQ8XUJJmcCaR7XGoKW,fee,-0.1116,rete (fee di blocco),"residuo fra il campione precedente e questo, una volta tolti i movimenti noti: e' la fee pagata (segno -) o incassata (segno +) nell'intervallo, non attribuibile a una singola transazione",94.6958,,1
run2-tbt-10s/continentale,continentale,10,175,15,c3,1Sx4KDRxVxbKGMMAtLjERQ8XUJJmcCaR7XGoKW,fee,-0.112,rete (fee di blocco),"residuo fra il campione precedente e questo, una volta tolti i movimenti noti: e' la fee pagata (segno -) o incassata (segno +) nell'intervallo, non attribuibile a una singola transazione",94.5838,,1
run2-tbt-10s/continentale,continentale,10,178,15,c3,1Sx4KDRxVxbKGMMAtLjERQ8XUJJmcCaR7XGoKW,fee,-0.1116,rete (fee di blocco),"residuo fra il campione precedente e questo, una volta tolti i movimenti noti: e' la fee pagata (segno -) o incassata (segno +) nell'intervallo, non attribuibile a una singola transazione",94.4722,,1
run2-tbt-10s/continentale,continentale,10,181,16,c3,1Sx4KDRxVxbKGMMAtLjERQ8XUJJmcCaR7XGoKW,fee,-0.056,rete (fee di blocco),"residuo fra il campione precedente e questo, una volta tolti i movimenti noti: e' la fee pagata (segno -) o incassata (segno +) nell'intervallo, non attribuibile a una singola transazione",94.4162,,1
run2-tbt-10s/continentale,continentale,10,183,16,c3,1Sx4KDRxVxbKGMMAtLjERQ8XUJJmcCaR7XGoKW,fee,-0.1118,rete (fee di blocco),"residuo fra il campione precedente e questo, una volta tolti i movimenti noti: e' la fee pagata (segno -) o incassata (segno +) nell'intervallo, non attribuibile a una singola transazione",94.3044,,1
run2-tbt-10s/continentale,continentale,10,186,16,c3,1Sx4KDRxVxbKGMMAtLjERQ8XUJJmcCaR7XGoKW,fee,-0.1122,rete (fee di blocco),"residuo fra il campione precedente e questo, una volta tolti i movimenti noti: e' la fee pagata (segno -) o incassata (segno +) nell'intervallo, non attribuibile a una singola transazione",94.1922,,1
run2-tbt-10s/continentale,continentale,10,189,16,c3,1Sx4KDRxVxbKGMMAtLjERQ8XUJJmcCaR7XGoKW,fee,-0.1124,rete (fee di blocco),"residuo fra il campione precedente e questo, una volta tolti i movimenti noti: e' la fee pagata (segno -) o incassata (segno +) nell'intervallo, non attribuibile a una singola transazione",94.0798,,1
run2-tbt-10s/continentale,continentale,10,192,17,c3,1Sx4KDRxVxbKGMMAtLjERQ8XUJJmcCaR7XGoKW,fee,-0.1124,rete (fee di blocco),"residuo fra il campione precedente e questo, una volta tolti i movimenti noti: e' la fee pagata (segno -) o incassata (segno +) nell'intervallo, non attribuibile a una singola transazione",93.9674,,1
run2-tbt-10s/continentale,continentale,10,195,17,c3,1Sx4KDRxVxbKGMMAtLjERQ8XUJJmcCaR7XGoKW,fee,-0.1124,rete (fee di blocco),"residuo fra il campione precedente e questo, una volta tolti i movimenti noti: e' la fee pagata (segno -) o incassata (segno +) nell'intervallo, non attribuibile a una singola transazione",93.855,,1
run2-tbt-10s/continentale,continentale,10,198,17,c3,1Sx4KDRxVxbKGMMAtLjERQ8XUJJmcCaR7XGoKW,fee,-0.1122,rete (fee di blocco),"residuo fra il campione precedente e questo, una volta tolti i movimenti noti: e' la fee pagata (segno -) o incassata (segno +) nell'intervallo, non attribuibile a una singola transazione",93.7428,,1
run2-tbt-10s/continentale,continentale,10,200,17,c3,1Sx4KDRxVxbKGMMAtLjERQ8XUJJmcCaR7XGoKW,fee,-0.112,rete (fee di blocco),"residuo fra il campione precedente e questo, una volta tolti i movimenti noti: e' la fee pagata (segno -) o incassata (segno +) nell'intervallo, non attribuibile a una singola transazione",93.6308,,1
run2-tbt-10s/continentale,continentale,10,202,17,c3,1Sx4KDRxVxbKGMMAtLjERQ8XUJJmcCaR7XGoKW,fee,-0.1122,rete (fee di blocco),"residuo fra il campione precedente e questo, una volta tolti i movimenti noti: e' la fee pagata (segno -) o incassata (segno +) nell'intervallo, non attribuibile a una singola transazione",93.5186,,1
run2-tbt-10s/continentale,continentale,10,205,18,c3,1Sx4KDRxVxbKGMMAtLjERQ8XUJJmcCaR7XGoKW,fee,-0.112,rete (fee di blocco),"residuo fra il campione precedente e questo, una volta tolti i movimenti noti: e' la fee pagata (segno -) o incassata (segno +) nell'intervallo, non attribuibile a una singola transazione",93.4066,,1
run2-tbt-10s/continentale,continentale,10,208,18,c3,1Sx4KDRxVxbKGMMAtLjERQ8XUJJmcCaR7XGoKW,fee,-0.0562,rete (fee di blocco),"residuo fra il campione precedente e questo, una volta tolti i movimenti noti: e' la fee pagata (segno -) o incassata (segno +) nell'intervallo, non attribuibile a una singola transazione",93.3504,,1
run2-tbt-10s/continentale,continentale,10,211,18,c3,1Sx4KDRxVxbKGMMAtLjERQ8XUJJmcCaR7XGoKW,fee,-0.1124,rete (fee di blocco),"residuo fra il campione precedente e questo, una volta tolti i movimenti noti: e' la fee pagata (segno -) o incassata (segno +) nell'intervallo, non attribuibile a una singola transazione",93.238,,1
run2-tbt-10s/continentale,continentale,10,213,18,c3,1Sx4KDRxVxbKGMMAtLjERQ8XUJJmcCaR7XGoKW,fee,-0.1124,rete (fee di blocco),"residuo fra il campione precedente e questo, una volta tolti i movimenti noti: e' la fee pagata (segno -) o incassata (segno +) nell'intervallo, non attribuibile a una singola transazione",93.1256,,1
run2-tbt-10s/continentale,continentale,10,216,19,c3,1Sx4KDRxVxbKGMMAtLjERQ8XUJJmcCaR7XGoKW,fee,-0.1124,rete (fee di blocco),"residuo fra il campione precedente e questo, una volta tolti i movimenti noti: e' la fee pagata (segno -) o incassata (segno +) nell'intervallo, non attribuibile a una singola transazione",93.0132,,1
run2-tbt-10s/continentale,continentale,10,219,19,c3,1Sx4KDRxVxbKGMMAtLjERQ8XUJJmcCaR7XGoKW,fee,-0.1122,rete (fee di blocco),"residuo fra il campione precedente e questo, una volta tolti i movimenti noti: e' la fee pagata (segno -) o incassata (segno +) nell'intervallo, non attribuibile a una singola transazione",92.901,,1
run2-tbt-10s/continentale,continentale,10,222,19,c3,1Sx4KDRxVxbKGMMAtLjERQ8XUJJmcCaR7XGoKW,fee,-0.1124,rete (fee di blocco),"residuo fra il campione precedente e questo, una volta tolti i movimenti noti: e' la fee pagata (segno -) o incassata (segno +) nell'intervallo, non attribuibile a una singola transazione",92.7886,,1
run2-tbt-10s/continentale,continentale,10,224,19,c3,1Sx4KDRxVxbKGMMAtLjERQ8XUJJmcCaR7XGoKW,fee,-0.1122,rete (fee di blocco),"residuo fra il campione precedente e questo, una volta tolti i movimenti noti: e' la fee pagata (segno -) o incassata (segno +) nell'intervallo, non attribuibile a una singola transazione",92.6764,,1
run2-tbt-10s/continentale,continentale,10,227,19,c3,1Sx4KDRxVxbKGMMAtLjERQ8XUJJmcCaR7XGoKW,fee,-0.1122,rete (fee di blocco),"residuo fra il campione precedente e questo, una volta tolti i movimenti noti: e' la fee pagata (segno -) o incassata (segno +) nell'intervallo, non attribuibile a una singola transazione",92.5642,,1
run2-tbt-10s/continentale,continentale,10,229,20,c3,1Sx4KDRxVxbKGMMAtLjERQ8XUJJmcCaR7XGoKW,fee,-0.1124,rete (fee di blocco),"residuo fra il campione precedente e questo, una volta tolti i movimenti noti: e' la fee pagata (segno -) o incassata (segno +) nell'intervallo, non attribuibile a una singola transazione",92.4518,,1
run2-tbt-10s/continentale,continentale,10,232,20,c3,1Sx4KDRxVxbKGMMAtLjERQ8XUJJmcCaR7XGoKW,fee,-0.1124,rete (fee di blocco),"residuo fra il campione precedente e questo, una volta tolti i movimenti noti: e' la fee pagata (segno -) o incassata (segno +) nell'intervallo, non attribuibile a una singola transazione",92.3394,,1
run2-tbt-10s/continentale,continentale,10,235,20,c3,1Sx4KDRxVxbKGMMAtLjERQ8XUJJmcCaR7XGoKW,fee,-0.056,rete (fee di blocco),"residuo fra il campione precedente e questo, una volta tolti i movimenti noti: e' la fee pagata (segno -) o incassata (segno +) nell'intervallo, non attribuibile a una singola transazione",92.2834,,1
run2-tbt-10s/continentale,continentale,10,239,20,c3,1Sx4KDRxVxbKGMMAtLjERQ8XUJJmcCaR7XGoKW,fee,-0.1122,rete (fee di blocco),"residuo fra il campione precedente e questo, una volta tolti i movimenti noti: e' la fee pagata (segno -) o incassata (segno +) nell'intervallo, non attribuibile a una singola transazione",92.1712,,1
run2-tbt-10s/continentale,continentale,10,242,21,c3,1Sx4KDRxVxbKGMMAtLjERQ8XUJJmcCaR7XGoKW,fee,-0.1124,rete (fee di blocco),"residuo fra il campione precedente e questo, una volta tolti i movimenti noti: e' la fee pagata (segno -) o incassata (segno +) nell'intervallo, non attribuibile a una singola transazione",92.0588,,1
run2-tbt-10s/continentale,continentale,10,245,21,c3,1Sx4KDRxVxbKGMMAtLjERQ8XUJJmcCaR7XGoKW,fee,-0.1124,rete (fee di blocco),"residuo fra il campione precedente e questo, una volta tolti i movimenti noti: e' la fee pagata (segno -) o incassata (segno +) nell'intervallo, non attribuibile a una singola transazione",91.9464,,1
run2-tbt-10s/continentale,continentale,10,247,21,c3,1Sx4KDRxVxbKGMMAtLjERQ8XUJJmcCaR7XGoKW,fee,-0.1124,rete (fee di blocco),"residuo fra il campione precedente e questo, una volta tolti i movimenti noti: e' la fee pagata (segno -) o incassata (segno +) nell'intervallo, non attribuibile a una singola transazione",91.834,,1
run2-tbt-10s/continentale,continentale,10,250,21,c3,1Sx4KDRxVxbKGMMAtLjERQ8XUJJmcCaR7XGoKW,fee,-0.1122,rete (fee di blocco),"residuo fra il campione precedente e questo, una volta tolti i movimenti noti: e' la fee pagata (segno -) o incassata (segno +) nell'intervallo, non attribuibile a una singola transazione",91.7218,,1
run2-tbt-10s/continentale,continentale,10,254,22,c3,1Sx4KDRxVxbKGMMAtLjERQ8XUJJmcCaR7XGoKW,fee,-0.1124,rete (fee di blocco),"residuo fra il campione precedente e questo, una volta tolti i movimenti noti: e' la fee pagata (segno -) o incassata (segno +) nell'intervallo, non attribuibile a una singola transazione",91.6094,,1
run2-tbt-10s/continentale,continentale,10,257,22,c3,1Sx4KDRxVxbKGMMAtLjERQ8XUJJmcCaR7XGoKW,fee,-0.1124,rete (fee di blocco),"residuo fra il campione precedente e questo, una volta tolti i movimenti noti: e' la fee pagata (segno -) o incassata (segno +) nell'intervallo, non attribuibile a una singola transazione",91.497,,1
run2-tbt-10s/continentale,continentale,10,259,22,c3,1Sx4KDRxVxbKGMMAtLjERQ8XUJJmcCaR7XGoKW,fee,-0.1124,rete (fee di blocco),"residuo fra il campione precedente e questo, una volta tolti i movimenti noti: e' la fee pagata (segno -) o incassata (segno +) nell'intervallo, non attribuibile a una singola transazione",91.3846,,1
run2-tbt-10s/continentale,continentale,10,261,22,c3,1Sx4KDRxVxbKGMMAtLjERQ8XUJJmcCaR7XGoKW,fee,-0.1124,rete (fee di blocco),"residuo fra il campione precedente e questo, una volta tolti i movimenti noti: e' la fee pagata (segno -) o incassata (segno +) nell'intervallo, non attribuibile a una singola transazione",91.2722,,1
run2-tbt-10s/continentale,continentale,10,263,22,c3,1Sx4KDRxVxbKGMMAtLjERQ8XUJJmcCaR7XGoKW,fee,-0.1122,rete (fee di blocco),"residuo fra il campione precedente e questo, una volta tolti i movimenti noti: e' la fee pagata (segno -) o incassata (segno +) nell'intervallo, non attribuibile a una singola transazione",91.16,,1
run2-tbt-10s/continentale,continentale,10,266,23,c3,1Sx4KDRxVxbKGMMAtLjERQ8XUJJmcCaR7XGoKW,fee,-0.056,rete (fee di blocco),"residuo fra il campione precedente e questo, una volta tolti i movimenti noti: e' la fee pagata (segno -) o incassata (segno +) nell'intervallo, non attribuibile a una singola transazione",91.104,,1
run2-tbt-10s/continentale,continentale,10,270,23,c3,1Sx4KDRxVxbKGMMAtLjERQ8XUJJmcCaR7XGoKW,fee,-0.1122,rete (fee di blocco),"residuo fra il campione precedente e questo, una volta tolti i movimenti noti: e' la fee pagata (segno -) o incassata (segno +) nell'intervallo, non attribuibile a una singola transazione",90.9918,,1
run2-tbt-10s/continentale,continentale,10,273,23,c3,1Sx4KDRxVxbKGMMAtLjERQ8XUJJmcCaR7XGoKW,fee,-0.1124,rete (fee di blocco),"residuo fra il campione precedente e questo, una volta tolti i movimenti noti: e' la fee pagata (segno -) o incassata (segno +) nell'intervallo, non attribuibile a una singola transazione",90.8794,,1
run2-tbt-10s/continentale,continentale,10,276,24,c3,1Sx4KDRxVxbKGMMAtLjERQ8XUJJmcCaR7XGoKW,fee,-0.1124,rete (fee di blocco),"residuo fra il campione precedente e questo, una volta tolti i movimenti noti: e' la fee pagata (segno -) o incassata (segno +) nell'intervallo, non attribuibile a una singola transazione",90.767,,1
run2-tbt-10s/continentale,continentale,10,279,24,c3,1Sx4KDRxVxbKGMMAtLjERQ8XUJJmcCaR7XGoKW,fee,-0.1122,rete (fee di blocco),"residuo fra il campione precedente e questo, una volta tolti i movimenti noti: e' la fee pagata (segno -) o incassata (segno +) nell'intervallo, non attribuibile a una singola transazione",90.6548,,1
run2-tbt-10s/continentale,continentale,10,282,24,c3,1Sx4KDRxVxbKGMMAtLjERQ8XUJJmcCaR7XGoKW,fee,-0.1122,rete (fee di blocco),"residuo fra il campione precedente e questo, una volta tolti i movimenti noti: e' la fee pagata (segno -) o incassata (segno +) nell'intervallo, non attribuibile a una singola transazione",90.5426,,1
run2-tbt-10s/continentale,continentale,10,284,24,c3,1Sx4KDRxVxbKGMMAtLjERQ8XUJJmcCaR7XGoKW,fee,-0.1124,rete (fee di blocco),"residuo fra il campione precedente e questo, una volta tolti i movimenti noti: e' la fee pagata (segno -) o incassata (segno +) nell'intervallo, non attribuibile a una singola transazione",90.4302,,1
run2-tbt-10s/continentale,continentale,10,287,24,c3,1Sx4KDRxVxbKGMMAtLjERQ8XUJJmcCaR7XGoKW,fee,-0.1124,rete (fee di blocco),"residuo fra il campione precedente e questo, una volta tolti i movimenti noti: e' la fee pagata (segno -) o incassata (segno +) nell'intervallo, non attribuibile a una singola transazione",90.3178,,1
run2-tbt-10s/continentale,continentale,10,289,25,c3,1Sx4KDRxVxbKGMMAtLjERQ8XUJJmcCaR7XGoKW,fee,-0.1122,rete (fee di blocco),"residuo fra il campione precedente e questo, una volta tolti i movimenti noti: e' la fee pagata (segno -) o incassata (segno +) nell'intervallo, non attribuibile a una singola transazione",90.2056,,1
run2-tbt-10s/continentale,continentale,10,292,25,c3,1Sx4KDRxVxbKGMMAtLjERQ8XUJJmcCaR7XGoKW,fee,-0.112,rete (fee di blocco),"residuo fra il campione precedente e questo, una volta tolti i movimenti noti: e' la fee pagata (segno -) o incassata (segno +) nell'intervallo, non attribuibile a una singola transazione",90.0936,,1
run2-tbt-10s/continentale,continentale,10,295,25,c3,1Sx4KDRxVxbKGMMAtLjERQ8XUJJmcCaR7XGoKW,fee,-0.0562,rete (fee di blocco),"residuo fra il campione precedente e questo, una volta tolti i movimenti noti: e' la fee pagata (segno -) o incassata (segno +) nell'intervallo, non attribuibile a una singola transazione",90.0374,,1
run2-tbt-10s/continentale,continentale,10,298,25,c3,1Sx4KDRxVxbKGMMAtLjERQ8XUJJmcCaR7XGoKW,fee,-0.1124,rete (fee di blocco),"residuo fra il campione precedente e questo, una volta tolti i movimenti noti: e' la fee pagata (segno -) o incassata (segno +) nell'intervallo, non attribuibile a una singola transazione",89.925,,1
run2-tbt-10s/continentale,continentale,10,300,26,c3,1Sx4KDRxVxbKGMMAtLjERQ8XUJJmcCaR7XGoKW,fee,-0.1122,rete (fee di blocco),"residuo fra il campione precedente e questo, una volta tolti i movimenti noti: e' la fee pagata (segno -) o incassata (segno +) nell'intervallo, non attribuibile a una singola transazione",89.8128,,1
run2-tbt-10s/continentale,continentale,10,303,26,c3,1Sx4KDRxVxbKGMMAtLjERQ8XUJJmcCaR7XGoKW,fee,-0.1124,rete (fee di blocco),"residuo fra il campione precedente e questo, una volta tolti i movimenti noti: e' la fee pagata (segno -) o incassata (segno +) nell'intervallo, non attribuibile a una singola transazione",89.7004,,1
run2-tbt-10s/continentale,continentale,10,305,26,c3,1Sx4KDRxVxbKGMMAtLjERQ8XUJJmcCaR7XGoKW,fee,-0.1122,rete (fee di blocco),"residuo fra il campione precedente e questo, una volta tolti i movimenti noti: e' la fee pagata (segno -) o incassata (segno +) nell'intervallo, non attribuibile a una singola transazione",89.5882,,1
run2-tbt-10s/continentale,continentale,10,308,26,c3,1Sx4KDRxVxbKGMMAtLjERQ8XUJJmcCaR7XGoKW,fee,-0.1124,rete (fee di blocco),"residuo fra il campione precedente e questo, una volta tolti i movimenti noti: e' la fee pagata (segno -) o incassata (segno +) nell'intervallo, non attribuibile a una singola transazione",89.4758,,1
run2-tbt-10s/continentale,continentale,10,311,26,c3,1Sx4KDRxVxbKGMMAtLjERQ8XUJJmcCaR7XGoKW,fee,-0.1124,rete (fee di blocco),"residuo fra il campione precedente e questo, una volta tolti i movimenti noti: e' la fee pagata (segno -) o incassata (segno +) nell'intervallo, non attribuibile a una singola transazione",89.3634,,1
run2-tbt-10s/continentale,continentale,10,314,27,c3,1Sx4KDRxVxbKGMMAtLjERQ8XUJJmcCaR7XGoKW,fee,-0.1124,rete (fee di blocco),"residuo fra il campione precedente e questo, una volta tolti i movimenti noti: e' la fee pagata (segno -) o incassata (segno +) nell'intervallo, non attribuibile a una singola transazione",89.251,,1
run2-tbt-10s/continentale,continentale,10,317,27,c3,1Sx4KDRxVxbKGMMAtLjERQ8XUJJmcCaR7XGoKW,fee,-0.1124,rete (fee di blocco),"residuo fra il campione precedente e questo, una volta tolti i movimenti noti: e' la fee pagata (segno -) o incassata (segno +) nell'intervallo, non attribuibile a una singola transazione",89.1386,,1
run2-tbt-10s/continentale,continentale,10,320,27,c3,1Sx4KDRxVxbKGMMAtLjERQ8XUJJmcCaR7XGoKW,fee,-0.1124,rete (fee di blocco),"residuo fra il campione precedente e questo, una volta tolti i movimenti noti: e' la fee pagata (segno -) o incassata (segno +) nell'intervallo, non attribuibile a una singola transazione",89.0262,,1
run2-tbt-10s/continentale,continentale,10,323,27,c3,1Sx4KDRxVxbKGMMAtLjERQ8XUJJmcCaR7XGoKW,fee,-0.0562,rete (fee di blocco),"residuo fra il campione precedente e questo, una volta tolti i movimenti noti: e' la fee pagata (segno -) o incassata (segno +) nell'intervallo, non attribuibile a una singola transazione",88.97,,1
run2-tbt-10s/continentale,continentale,10,324,28,c3,1Sx4KDRxVxbKGMMAtLjERQ8XUJJmcCaR7XGoKW,fee,0.3368,rete (fee di blocco),"residuo fino al saldo di fine run letto da node_state.csv: per l'admin e' l'unica misura disponibile, gas_balances.csv non lo campiona",88.8576,,1
run2-tbt-10s/continentale,continentale,10,325,28,c3,1Sx4KDRxVxbKGMMAtLjERQ8XUJJmcCaR7XGoKW,fee,-0.1124,rete (fee di blocco),"residuo fra il campione precedente e questo, una volta tolti i movimenti noti: e' la fee pagata (segno -) o incassata (segno +) nell'intervallo, non attribuibile a una singola transazione",88.8576,,1
run2-tbt-10s/continentale,continentale,10,329,28,c3,1Sx4KDRxVxbKGMMAtLjERQ8XUJJmcCaR7XGoKW,fee,-0.1122,rete (fee di blocco),"residuo fra il campione precedente e questo, una volta tolti i movimenti noti: e' la fee pagata (segno -) o incassata (segno +) nell'intervallo, non attribuibile a una singola transazione",88.7454,,1
run2-tbt-10s/continentale,continentale,10,331,28,c3,1Sx4KDRxVxbKGMMAtLjERQ8XUJJmcCaR7XGoKW,fee,-0.1124,rete (fee di blocco),"residuo fra il campione precedente e questo, una volta tolti i movimenti noti: e' la fee pagata (segno -) o incassata (segno +) nell'intervallo, non attribuibile a una singola transazione",88.633,,1
run2-tbt-10s/continentale,continentale,10,334,28,c3,1Sx4KDRxVxbKGMMAtLjERQ8XUJJmcCaR7XGoKW,fee,-0.1122,rete (fee di blocco),"residuo fra il campione precedente e questo, una volta tolti i movimenti noti: e' la fee pagata (segno -) o incassata (segno +) nell'intervallo, non attribuibile a una singola transazione",88.5208,,1
run2-tbt-10s/continentale,continentale,10,6,1,c4,1a9oy7P2bVVwFWV6oZe2Xf33UNnvLQVQc8yERj,init,100.0,admin,dotazione iniziale,100.0,,1
run2-tbt-10s/continentale,continentale,10,34,3,c4,1a9oy7P2bVVwFWV6oZe2Xf33UNnvLQVQc8yERj,fee,-0.1958,rete (fee di blocco),"residuo fra il campione precedente e questo, una volta tolti i movimenti noti: e' la fee pagata (segno -) o incassata (segno +) nell'intervallo, non attribuibile a una singola transazione",99.8042,,1
run2-tbt-10s/continentale,continentale,10,36,4,c4,1a9oy7P2bVVwFWV6oZe2Xf33UNnvLQVQc8yERj,fee,-0.085,rete (fee di blocco),"residuo fra il campione precedente e questo, una volta tolti i movimenti noti: e' la fee pagata (segno -) o incassata (segno +) nell'intervallo, non attribuibile a una singola transazione",99.7192,,1
run2-tbt-10s/continentale,continentale,10,39,4,c4,1a9oy7P2bVVwFWV6oZe2Xf33UNnvLQVQc8yERj,fee,-0.1112,rete (fee di blocco),"residuo fra il campione precedente e questo, una volta tolti i movimenti noti: e' la fee pagata (segno -) o incassata (segno +) nell'intervallo, non attribuibile a una singola transazione",99.608,,1
run2-tbt-10s/continentale,continentale,10,42,4,c4,1a9oy7P2bVVwFWV6oZe2Xf33UNnvLQVQc8yERj,fee,-0.0556,rete (fee di blocco),"residuo fra il campione precedente e questo, una volta tolti i movimenti noti: e' la fee pagata (segno -) o incassata (segno +) nell'intervallo, non attribuibile a una singola transazione",99.5524,,1
run2-tbt-10s/continentale,continentale,10,46,4,c4,1a9oy7P2bVVwFWV6oZe2Xf33UNnvLQVQc8yERj,fee,-0.1112,rete (fee di blocco),"residuo fra il campione precedente e questo, una volta tolti i movimenti noti: e' la fee pagata (segno -) o incassata (segno +) nell'intervallo, non attribuibile a una singola transazione",99.4412,,1
run2-tbt-10s/continentale,continentale,10,49,5,c4,1a9oy7P2bVVwFWV6oZe2Xf33UNnvLQVQc8yERj,fee,-0.0556,rete (fee di blocco),"residuo fra il campione precedente e questo, una volta tolti i movimenti noti: e' la fee pagata (segno -) o incassata (segno +) nell'intervallo, non attribuibile a una singola transazione",99.3856,,1
run2-tbt-10s/continentale,continentale,10,52,5,c4,1a9oy7P2bVVwFWV6oZe2Xf33UNnvLQVQc8yERj,fee,-0.1114,rete (fee di blocco),"residuo fra il campione precedente e questo, una volta tolti i movimenti noti: e' la fee pagata (segno -) o incassata (segno +) nell'intervallo, non attribuibile a una singola transazione",99.2742,,1
run2-tbt-10s/continentale,continentale,10,55,5,c4,1a9oy7P2bVVwFWV6oZe2Xf33UNnvLQVQc8yERj,fee,-0.0556,rete (fee di blocco),"residuo fra il campione precedente e questo, una volta tolti i movimenti noti: e' la fee pagata (segno -) o incassata (segno +) nell'intervallo, non attribuibile a una singola transazione",99.2186,,1
run2-tbt-10s/continentale,continentale,10,58,5,c4,1a9oy7P2bVVwFWV6oZe2Xf33UNnvLQVQc8yERj,fee,-0.1116,rete (fee di blocco),"residuo fra il campione precedente e questo, una volta tolti i movimenti noti: e' la fee pagata (segno -) o incassata (segno +) nell'intervallo, non attribuibile a una singola transazione",99.107,,1
run2-tbt-10s/continentale,continentale,10,61,6,c4,1a9oy7P2bVVwFWV6oZe2Xf33UNnvLQVQc8yERj,fee,-0.0558,rete (fee di blocco),"residuo fra il campione precedente e questo, una volta tolti i movimenti noti: e' la fee pagata (segno -) o incassata (segno +) nell'intervallo, non attribuibile a una singola transazione",99.0512,,1
run2-tbt-10s/continentale,continentale,10,64,6,c4,1a9oy7P2bVVwFWV6oZe2Xf33UNnvLQVQc8yERj,fee,-0.1116,rete (fee di blocco),"residuo fra il campione precedente e questo, una volta tolti i movimenti noti: e' la fee pagata (segno -) o incassata (segno +) nell'intervallo, non attribuibile a una singola transazione",98.9396,,1
run2-tbt-10s/continentale,continentale,10,66,6,c4,1a9oy7P2bVVwFWV6oZe2Xf33UNnvLQVQc8yERj,fee,-0.0558,rete (fee di blocco),"residuo fra il campione precedente e questo, una volta tolti i movimenti noti: e' la fee pagata (segno -) o incassata (segno +) nell'intervallo, non attribuibile a una singola transazione",98.8838,,1
run2-tbt-10s/continentale,continentale,10,69,6,c4,1a9oy7P2bVVwFWV6oZe2Xf33UNnvLQVQc8yERj,fee,-0.1116,rete (fee di blocco),"residuo fra il campione precedente e questo, una volta tolti i movimenti noti: e' la fee pagata (segno -) o incassata (segno +) nell'intervallo, non attribuibile a una singola transazione",98.7722,,1
run2-tbt-10s/continentale,continentale,10,72,7,c4,1a9oy7P2bVVwFWV6oZe2Xf33UNnvLQVQc8yERj,fee,-0.0558,rete (fee di blocco),"residuo fra il campione precedente e questo, una volta tolti i movimenti noti: e' la fee pagata (segno -) o incassata (segno +) nell'intervallo, non attribuibile a una singola transazione",98.7164,,1
run2-tbt-10s/continentale,continentale,10,75,7,c4,1a9oy7P2bVVwFWV6oZe2Xf33UNnvLQVQc8yERj,fee,-0.1114,rete (fee di blocco),"residuo fra il campione precedente e questo, una volta tolti i movimenti noti: e' la fee pagata (segno -) o incassata (segno +) nell'intervallo, non attribuibile a una singola transazione",98.605,,1
run2-tbt-10s/continentale,continentale,10,78,7,c4,1a9oy7P2bVVwFWV6oZe2Xf33UNnvLQVQc8yERj,fee,-0.0556,rete (fee di blocco),"residuo fra il campione precedente e questo, una volta tolti i movimenti noti: e' la fee pagata (segno -) o incassata (segno +) nell'intervallo, non attribuibile a una singola transazione",98.5494,,1
run2-tbt-10s/continentale,continentale,10,80,7,c4,1a9oy7P2bVVwFWV6oZe2Xf33UNnvLQVQc8yERj,fee,-0.1116,rete (fee di blocco),"residuo fra il campione precedente e questo, una volta tolti i movimenti noti: e' la fee pagata (segno -) o incassata (segno +) nell'intervallo, non attribuibile a una singola transazione",98.4378,,1
run2-tbt-10s/continentale,continentale,10,83,7,c4,1a9oy7P2bVVwFWV6oZe2Xf33UNnvLQVQc8yERj,fee,-0.0556,rete (fee di blocco),"residuo fra il campione precedente e questo, una volta tolti i movimenti noti: e' la fee pagata (segno -) o incassata (segno +) nell'intervallo, non attribuibile a una singola transazione",98.3822,,1
run2-tbt-10s/continentale,continentale,10,85,8,c4,1a9oy7P2bVVwFWV6oZe2Xf33UNnvLQVQc8yERj,fee,-0.1116,rete (fee di blocco),"residuo fra il campione precedente e questo, una volta tolti i movimenti noti: e' la fee pagata (segno -) o incassata (segno +) nell'intervallo, non attribuibile a una singola transazione",98.2706,,1
run2-tbt-10s/continentale,continentale,10,88,8,c4,1a9oy7P2bVVwFWV6oZe2Xf33UNnvLQVQc8yERj,fee,-0.0558,rete (fee di blocco),"residuo fra il campione precedente e questo, una volta tolti i movimenti noti: e' la fee pagata (segno -) o incassata (segno +) nell'intervallo, non attribuibile a una singola transazione",98.2148,,1
run2-tbt-10s/continentale,continentale,10,91,8,c4,1a9oy7P2bVVwFWV6oZe2Xf33UNnvLQVQc8yERj,fee,-0.1114,rete (fee di blocco),"residuo fra il campione precedente e questo, una volta tolti i movimenti noti: e' la fee pagata (segno -) o incassata (segno +) nell'intervallo, non attribuibile a una singola transazione",98.1034,,1
run2-tbt-10s/continentale,continentale,10,94,8,c4,1a9oy7P2bVVwFWV6oZe2Xf33UNnvLQVQc8yERj,fee,-0.0558,rete (fee di blocco),"residuo fra il campione precedente e questo, una volta tolti i movimenti noti: e' la fee pagata (segno -) o incassata (segno +) nell'intervallo, non attribuibile a una singola transazione",98.0476,,1
run2-tbt-10s/continentale,continentale,10,97,9,c4,1a9oy7P2bVVwFWV6oZe2Xf33UNnvLQVQc8yERj,fee,-0.1116,rete (fee di blocco),"residuo fra il campione precedente e questo, una volta tolti i movimenti noti: e' la fee pagata (segno -) o incassata (segno +) nell'intervallo, non attribuibile a una singola transazione",97.936,,1
run2-tbt-10s/continentale,continentale,10,101,9,c4,1a9oy7P2bVVwFWV6oZe2Xf33UNnvLQVQc8yERj,fee,-0.0558,rete (fee di blocco),"residuo fra il campione precedente e questo, una volta tolti i movimenti noti: e' la fee pagata (segno -) o incassata (segno +) nell'intervallo, non attribuibile a una singola transazione",97.8802,,1
run2-tbt-10s/continentale,continentale,10,103,9,c4,1a9oy7P2bVVwFWV6oZe2Xf33UNnvLQVQc8yERj,fee,-0.1116,rete (fee di blocco),"residuo fra il campione precedente e questo, una volta tolti i movimenti noti: e' la fee pagata (segno -) o incassata (segno +) nell'intervallo, non attribuibile a una singola transazione",97.7686,,1
run2-tbt-10s/continentale,continentale,10,106,9,c4,1a9oy7P2bVVwFWV6oZe2Xf33UNnvLQVQc8yERj,fee,-0.1118,rete (fee di blocco),"residuo fra il campione precedente e questo, una volta tolti i movimenti noti: e' la fee pagata (segno -) o incassata (segno +) nell'intervallo, non attribuibile a una singola transazione",97.6568,,1
run2-tbt-10s/continentale,continentale,10,109,10,c4,1a9oy7P2bVVwFWV6oZe2Xf33UNnvLQVQc8yERj,fee,-0.056,rete (fee di blocco),"residuo fra il campione precedente e questo, una volta tolti i movimenti noti: e' la fee pagata (segno -) o incassata (segno +) nell'intervallo, non attribuibile a una singola transazione",97.6008,,1
run2-tbt-10s/continentale,continentale,10,112,10,c4,1a9oy7P2bVVwFWV6oZe2Xf33UNnvLQVQc8yERj,fee,-0.112,rete (fee di blocco),"residuo fra il campione precedente e questo, una volta tolti i movimenti noti: e' la fee pagata (segno -) o incassata (segno +) nell'intervallo, non attribuibile a una singola transazione",97.4888,,1
run2-tbt-10s/continentale,continentale,10,116,10,c4,1a9oy7P2bVVwFWV6oZe2Xf33UNnvLQVQc8yERj,fee,-0.056,rete (fee di blocco),"residuo fra il campione precedente e questo, una volta tolti i movimenti noti: e' la fee pagata (segno -) o incassata (segno +) nell'intervallo, non attribuibile a una singola transazione",97.4328,,1
run2-tbt-10s/continentale,continentale,10,118,10,c4,1a9oy7P2bVVwFWV6oZe2Xf33UNnvLQVQc8yERj,fee,-0.112,rete (fee di blocco),"residuo fra il campione precedente e questo, una volta tolti i movimenti noti: e' la fee pagata (segno -) o incassata (segno +) nell'intervallo, non attribuibile a una singola transazione",97.3208,,1
run2-tbt-10s/continentale,continentale,10,120,11,c4,1a9oy7P2bVVwFWV6oZe2Xf33UNnvLQVQc8yERj,fee,-0.056,rete (fee di blocco),"residuo fra il campione precedente e questo, una volta tolti i movimenti noti: e' la fee pagata (segno -) o incassata (segno +) nell'intervallo, non attribuibile a una singola transazione",97.2648,,1
run2-tbt-10s/continentale,continentale,10,124,11,c4,1a9oy7P2bVVwFWV6oZe2Xf33UNnvLQVQc8yERj,fee,-0.112,rete (fee di blocco),"residuo fra il campione precedente e questo, una volta tolti i movimenti noti: e' la fee pagata (segno -) o incassata (segno +) nell'intervallo, non attribuibile a una singola transazione",97.1528,,1
run2-tbt-10s/continentale,continentale,10,127,11,c4,1a9oy7P2bVVwFWV6oZe2Xf33UNnvLQVQc8yERj,fee,-0.056,rete (fee di blocco),"residuo fra il campione precedente e questo, una volta tolti i movimenti noti: e' la fee pagata (segno -) o incassata (segno +) nell'intervallo, non attribuibile a una singola transazione",97.0968,,1
run2-tbt-10s/continentale,continentale,10,130,11,c4,1a9oy7P2bVVwFWV6oZe2Xf33UNnvLQVQc8yERj,fee,-0.1118,rete (fee di blocco),"residuo fra il campione precedente e questo, una volta tolti i movimenti noti: e' la fee pagata (segno -) o incassata (segno +) nell'intervallo, non attribuibile a una singola transazione",96.985,,1
run2-tbt-10s/continentale,continentale,10,133,12,c4,1a9oy7P2bVVwFWV6oZe2Xf33UNnvLQVQc8yERj,fee,-0.0558,rete (fee di blocco),"residuo fra il campione precedente e questo, una volta tolti i movimenti noti: e' la fee pagata (segno -) o incassata (segno +) nell'intervallo, non attribuibile a una singola transazione",96.9292,,1
run2-tbt-10s/continentale,continentale,10,136,12,c4,1a9oy7P2bVVwFWV6oZe2Xf33UNnvLQVQc8yERj,fee,-0.112,rete (fee di blocco),"residuo fra il campione precedente e questo, una volta tolti i movimenti noti: e' la fee pagata (segno -) o incassata (segno +) nell'intervallo, non attribuibile a una singola transazione",96.8172,,1
run2-tbt-10s/continentale,continentale,10,139,12,c4,1a9oy7P2bVVwFWV6oZe2Xf33UNnvLQVQc8yERj,fee,-0.056,rete (fee di blocco),"residuo fra il campione precedente e questo, una volta tolti i movimenti noti: e' la fee pagata (segno -) o incassata (segno +) nell'intervallo, non attribuibile a una singola transazione",96.7612,,1
run2-tbt-10s/continentale,continentale,10,142,12,c4,1a9oy7P2bVVwFWV6oZe2Xf33UNnvLQVQc8yERj,fee,-0.1116,rete (fee di blocco),"residuo fra il campione precedente e questo, una volta tolti i movimenti noti: e' la fee pagata (segno -) o incassata (segno +) nell'intervallo, non attribuibile a una singola transazione",96.6496,,1
run2-tbt-10s/continentale,continentale,10,145,13,c4,1a9oy7P2bVVwFWV6oZe2Xf33UNnvLQVQc8yERj,fee,-0.056,rete (fee di blocco),"residuo fra il campione precedente e questo, una volta tolti i movimenti noti: e' la fee pagata (segno -) o incassata (segno +) nell'intervallo, non attribuibile a una singola transazione",96.5936,,1
run2-tbt-10s/continentale,continentale,10,147,13,c4,1a9oy7P2bVVwFWV6oZe2Xf33UNnvLQVQc8yERj,fee,-0.112,rete (fee di blocco),"residuo fra il campione precedente e questo, una volta tolti i movimenti noti: e' la fee pagata (segno -) o incassata (segno +) nell'intervallo, non attribuibile a una singola transazione",96.4816,,1
run2-tbt-10s/continentale,continentale,10,150,13,c4,1a9oy7P2bVVwFWV6oZe2Xf33UNnvLQVQc8yERj,fee,-0.056,rete (fee di blocco),"residuo fra il campione precedente e questo, una volta tolti i movimenti noti: e' la fee pagata (segno -) o incassata (segno +) nell'intervallo, non attribuibile a una singola transazione",96.4256,,1
run2-tbt-10s/continentale,continentale,10,153,13,c4,1a9oy7P2bVVwFWV6oZe2Xf33UNnvLQVQc8yERj,fee,-0.1118,rete (fee di blocco),"residuo fra il campione precedente e questo, una volta tolti i movimenti noti: e' la fee pagata (segno -) o incassata (segno +) nell'intervallo, non attribuibile a una singola transazione",96.3138,,1
run2-tbt-10s/continentale,continentale,10,156,14,c4,1a9oy7P2bVVwFWV6oZe2Xf33UNnvLQVQc8yERj,fee,-0.056,rete (fee di blocco),"residuo fra il campione precedente e questo, una volta tolti i movimenti noti: e' la fee pagata (segno -) o incassata (segno +) nell'intervallo, non attribuibile a una singola transazione",96.2578,,1
run2-tbt-10s/continentale,continentale,10,158,14,c4,1a9oy7P2bVVwFWV6oZe2Xf33UNnvLQVQc8yERj,fee,-0.112,rete (fee di blocco),"residuo fra il campione precedente e questo, una volta tolti i movimenti noti: e' la fee pagata (segno -) o incassata (segno +) nell'intervallo, non attribuibile a una singola transazione",96.1458,,1
run2-tbt-10s/continentale,continentale,10,162,14,c4,1a9oy7P2bVVwFWV6oZe2Xf33UNnvLQVQc8yERj,fee,-0.0558,rete (fee di blocco),"residuo fra il campione precedente e questo, una volta tolti i movimenti noti: e' la fee pagata (segno -) o incassata (segno +) nell'intervallo, non attribuibile a una singola transazione",96.09,,1
run2-tbt-10s/continentale,continentale,10,164,14,c4,1a9oy7P2bVVwFWV6oZe2Xf33UNnvLQVQc8yERj,fee,-0.112,rete (fee di blocco),"residuo fra il campione precedente e questo, una volta tolti i movimenti noti: e' la fee pagata (segno -) o incassata (segno +) nell'intervallo, non attribuibile a una singola transazione",95.978,,1
run2-tbt-10s/continentale,continentale,10,167,14,c4,1a9oy7P2bVVwFWV6oZe2Xf33UNnvLQVQc8yERj,fee,-0.056,rete (fee di blocco),"residuo fra il campione precedente e questo, una volta tolti i movimenti noti: e' la fee pagata (segno -) o incassata (segno +) nell'intervallo, non attribuibile a una singola transazione",95.922,,1
run2-tbt-10s/continentale,continentale,10,170,15,c4,1a9oy7P2bVVwFWV6oZe2Xf33UNnvLQVQc8yERj,fee,-0.1118,rete (fee di blocco),"residuo fra il campione precedente e questo, una volta tolti i movimenti noti: e' la fee pagata (segno -) o incassata (segno +) nell'intervallo, non attribuibile a una singola transazione",95.8102,,1
run2-tbt-10s/continentale,continentale,10,173,15,c4,1a9oy7P2bVVwFWV6oZe2Xf33UNnvLQVQc8yERj,fee,-0.0558,rete (fee di blocco),"residuo fra il campione precedente e questo, una volta tolti i movimenti noti: e' la fee pagata (segno -) o incassata (segno +) nell'intervallo, non attribuibile a una singola transazione",95.7544,,1
run2-tbt-10s/continentale,continentale,10,175,15,c4,1a9oy7P2bVVwFWV6oZe2Xf33UNnvLQVQc8yERj,fee,-0.1118,rete (fee di blocco),"residuo fra il campione precedente e questo, una volta tolti i movimenti noti: e' la fee pagata (segno -) o incassata (segno +) nell'intervallo, non attribuibile a una singola transazione",95.6426,,1
run2-tbt-10s/continentale,continentale,10,178,15,c4,1a9oy7P2bVVwFWV6oZe2Xf33UNnvLQVQc8yERj,fee,-0.112,rete (fee di blocco),"residuo fra il campione precedente e questo, una volta tolti i movimenti noti: e' la fee pagata (segno -) o incassata (segno +) nell'intervallo, non attribuibile a una singola transazione",95.5306,,1
run2-tbt-10s/continentale,continentale,10,181,16,c4,1a9oy7P2bVVwFWV6oZe2Xf33UNnvLQVQc8yERj,fee,-0.056,rete (fee di blocco),"residuo fra il campione precedente e questo, una volta tolti i movimenti noti: e' la fee pagata (segno -) o incassata (segno +) nell'intervallo, non attribuibile a una singola transazione",95.4746,,1
run2-tbt-10s/continentale,continentale,10,183,16,c4,1a9oy7P2bVVwFWV6oZe2Xf33UNnvLQVQc8yERj,fee,-0.112,rete (fee di blocco),"residuo fra il campione precedente e questo, una volta tolti i movimenti noti: e' la fee pagata (segno -) o incassata (segno +) nell'intervallo, non attribuibile a una singola transazione",95.3626,,1
run2-tbt-10s/continentale,continentale,10,186,16,c4,1a9oy7P2bVVwFWV6oZe2Xf33UNnvLQVQc8yERj,fee,-0.056,rete (fee di blocco),"residuo fra il campione precedente e questo, una volta tolti i movimenti noti: e' la fee pagata (segno -) o incassata (segno +) nell'intervallo, non attribuibile a una singola transazione",95.3066,,1
run2-tbt-10s/continentale,continentale,10,189,16,c4,1a9oy7P2bVVwFWV6oZe2Xf33UNnvLQVQc8yERj,fee,-0.112,rete (fee di blocco),"residuo fra il campione precedente e questo, una volta tolti i movimenti noti: e' la fee pagata (segno -) o incassata (segno +) nell'intervallo, non attribuibile a una singola transazione",95.1946,,1
run2-tbt-10s/continentale,continentale,10,192,17,c4,1a9oy7P2bVVwFWV6oZe2Xf33UNnvLQVQc8yERj,fee,-0.0558,rete (fee di blocco),"residuo fra il campione precedente e questo, una volta tolti i movimenti noti: e' la fee pagata (segno -) o incassata (segno +) nell'intervallo, non attribuibile a una singola transazione",95.1388,,1
run2-tbt-10s/continentale,continentale,10,195,17,c4,1a9oy7P2bVVwFWV6oZe2Xf33UNnvLQVQc8yERj,fee,-0.112,rete (fee di blocco),"residuo fra il campione precedente e questo, una volta tolti i movimenti noti: e' la fee pagata (segno -) o incassata (segno +) nell'intervallo, non attribuibile a una singola transazione",95.0268,,1
run2-tbt-10s/continentale,continentale,10,198,17,c4,1a9oy7P2bVVwFWV6oZe2Xf33UNnvLQVQc8yERj,fee,-0.056,rete (fee di blocco),"residuo fra il campione precedente e questo, una volta tolti i movimenti noti: e' la fee pagata (segno -) o incassata (segno +) nell'intervallo, non attribuibile a una singola transazione",94.9708,,1
run2-tbt-10s/continentale,continentale,10,200,17,c4,1a9oy7P2bVVwFWV6oZe2Xf33UNnvLQVQc8yERj,fee,-0.112,rete (fee di blocco),"residuo fra il campione precedente e questo, una volta tolti i movimenti noti: e' la fee pagata (segno -) o incassata (segno +) nell'intervallo, non attribuibile a una singola transazione",94.8588,,1
run2-tbt-10s/continentale,continentale,10,202,17,c4,1a9oy7P2bVVwFWV6oZe2Xf33UNnvLQVQc8yERj,fee,-0.0558,rete (fee di blocco),"residuo fra il campione precedente e questo, una volta tolti i movimenti noti: e' la fee pagata (segno -) o incassata (segno +) nell'intervallo, non attribuibile a una singola transazione",94.803,,1
run2-tbt-10s/continentale,continentale,10,205,18,c4,1a9oy7P2bVVwFWV6oZe2Xf33UNnvLQVQc8yERj,fee,-0.1116,rete (fee di blocco),"residuo fra il campione precedente e questo, una volta tolti i movimenti noti: e' la fee pagata (segno -) o incassata (segno +) nell'intervallo, non attribuibile a una singola transazione",94.6914,,1
run2-tbt-10s/continentale,continentale,10,208,18,c4,1a9oy7P2bVVwFWV6oZe2Xf33UNnvLQVQc8yERj,fee,-0.056,rete (fee di blocco),"residuo fra il campione precedente e questo, una volta tolti i movimenti noti: e' la fee pagata (segno -) o incassata (segno +) nell'intervallo, non attribuibile a una singola transazione",94.6354,,1
run2-tbt-10s/continentale,continentale,10,211,18,c4,1a9oy7P2bVVwFWV6oZe2Xf33UNnvLQVQc8yERj,fee,-0.112,rete (fee di blocco),"residuo fra il campione precedente e questo, una volta tolti i movimenti noti: e' la fee pagata (segno -) o incassata (segno +) nell'intervallo, non attribuibile a una singola transazione",94.5234,,1
run2-tbt-10s/continentale,continentale,10,213,18,c4,1a9oy7P2bVVwFWV6oZe2Xf33UNnvLQVQc8yERj,fee,-0.056,rete (fee di blocco),"residuo fra il campione precedente e questo, una volta tolti i movimenti noti: e' la fee pagata (segno -) o incassata (segno +) nell'intervallo, non attribuibile a una singola transazione",94.4674,,1
run2-tbt-10s/continentale,continentale,10,216,19,c4,1a9oy7P2bVVwFWV6oZe2Xf33UNnvLQVQc8yERj,fee,-0.1118,rete (fee di blocco),"residuo fra il campione precedente e questo, una volta tolti i movimenti noti: e' la fee pagata (segno -) o incassata (segno +) nell'intervallo, non attribuibile a una singola transazione",94.3556,,1
run2-tbt-10s/continentale,continentale,10,219,19,c4,1a9oy7P2bVVwFWV6oZe2Xf33UNnvLQVQc8yERj,fee,-0.0558,rete (fee di blocco),"residuo fra il campione precedente e questo, una volta tolti i movimenti noti: e' la fee pagata (segno -) o incassata (segno +) nell'intervallo, non attribuibile a una singola transazione",94.2998,,1
run2-tbt-10s/continentale,continentale,10,222,19,c4,1a9oy7P2bVVwFWV6oZe2Xf33UNnvLQVQc8yERj,fee,-0.1124,rete (fee di blocco),"residuo fra il campione precedente e questo, una volta tolti i movimenti noti: e' la fee pagata (segno -) o incassata (segno +) nell'intervallo, non attribuibile a una singola transazione",94.1874,,1
run2-tbt-10s/continentale,continentale,10,224,19,c4,1a9oy7P2bVVwFWV6oZe2Xf33UNnvLQVQc8yERj,fee,-0.056,rete (fee di blocco),"residuo fra il campione precedente e questo, una volta tolti i movimenti noti: e' la fee pagata (segno -) o incassata (segno +) nell'intervallo, non attribuibile a una singola transazione",94.1314,,1
run2-tbt-10s/continentale,continentale,10,227,19,c4,1a9oy7P2bVVwFWV6oZe2Xf33UNnvLQVQc8yERj,fee,-0.1124,rete (fee di blocco),"residuo fra il campione precedente e questo, una volta tolti i movimenti noti: e' la fee pagata (segno -) o incassata (segno +) nell'intervallo, non attribuibile a una singola transazione",94.019,,1
run2-tbt-10s/continentale,continentale,10,229,20,c4,1a9oy7P2bVVwFWV6oZe2Xf33UNnvLQVQc8yERj,fee,-0.0562,rete (fee di blocco),"residuo fra il campione precedente e questo, una volta tolti i movimenti noti: e' la fee pagata (segno -) o incassata (segno +) nell'intervallo, non attribuibile a una singola transazione",93.9628,,1
run2-tbt-10s/continentale,continentale,10,232,20,c4,1a9oy7P2bVVwFWV6oZe2Xf33UNnvLQVQc8yERj,fee,-0.1124,rete (fee di blocco),"residuo fra il campione precedente e questo, una volta tolti i movimenti noti: e' la fee pagata (segno -) o incassata (segno +) nell'intervallo, non attribuibile a una singola transazione",93.8504,,1
run2-tbt-10s/continentale,continentale,10,235,20,c4,1a9oy7P2bVVwFWV6oZe2Xf33UNnvLQVQc8yERj,fee,-0.1122,rete (fee di blocco),"residuo fra il campione precedente e questo, una volta tolti i movimenti noti: e' la fee pagata (segno -) o incassata (segno +) nell'intervallo, non attribuibile a una singola transazione",93.7382,,1
run2-tbt-10s/continentale,continentale,10,239,20,c4,1a9oy7P2bVVwFWV6oZe2Xf33UNnvLQVQc8yERj,fee,-0.0562,rete (fee di blocco),"residuo fra il campione precedente e questo, una volta tolti i movimenti noti: e' la fee pagata (segno -) o incassata (segno +) nell'intervallo, non attribuibile a una singola transazione",93.682,,1
run2-tbt-10s/continentale,continentale,10,242,21,c4,1a9oy7P2bVVwFWV6oZe2Xf33UNnvLQVQc8yERj,fee,-0.1122,rete (fee di blocco),"residuo fra il campione precedente e questo, una volta tolti i movimenti noti: e' la fee pagata (segno -) o incassata (segno +) nell'intervallo, non attribuibile a una singola transazione",93.5698,,1
run2-tbt-10s/continentale,continentale,10,245,21,c4,1a9oy7P2bVVwFWV6oZe2Xf33UNnvLQVQc8yERj,fee,-0.0562,rete (fee di blocco),"residuo fra il campione precedente e questo, una volta tolti i movimenti noti: e' la fee pagata (segno -) o incassata (segno +) nell'intervallo, non attribuibile a una singola transazione",93.5136,,1
run2-tbt-10s/continentale,continentale,10,247,21,c4,1a9oy7P2bVVwFWV6oZe2Xf33UNnvLQVQc8yERj,fee,-0.1122,rete (fee di blocco),"residuo fra il campione precedente e questo, una volta tolti i movimenti noti: e' la fee pagata (segno -) o incassata (segno +) nell'intervallo, non attribuibile a una singola transazione",93.4014,,1
run2-tbt-10s/continentale,continentale,10,250,21,c4,1a9oy7P2bVVwFWV6oZe2Xf33UNnvLQVQc8yERj,fee,-0.056,rete (fee di blocco),"residuo fra il campione precedente e questo, una volta tolti i movimenti noti: e' la fee pagata (segno -) o incassata (segno +) nell'intervallo, non attribuibile a una singola transazione",93.3454,,1
run2-tbt-10s/continentale,continentale,10,254,22,c4,1a9oy7P2bVVwFWV6oZe2Xf33UNnvLQVQc8yERj,fee,-0.1124,rete (fee di blocco),"residuo fra il campione precedente e questo, una volta tolti i movimenti noti: e' la fee pagata (segno -) o incassata (segno +) nell'intervallo, non attribuibile a una singola transazione",93.233,,1
run2-tbt-10s/continentale,continentale,10,257,22,c4,1a9oy7P2bVVwFWV6oZe2Xf33UNnvLQVQc8yERj,fee,-0.056,rete (fee di blocco),"residuo fra il campione precedente e questo, una volta tolti i movimenti noti: e' la fee pagata (segno -) o incassata (segno +) nell'intervallo, non attribuibile a una singola transazione",93.177,,1
run2-tbt-10s/continentale,continentale,10,259,22,c4,1a9oy7P2bVVwFWV6oZe2Xf33UNnvLQVQc8yERj,fee,-0.1122,rete (fee di blocco),"residuo fra il campione precedente e questo, una volta tolti i movimenti noti: e' la fee pagata (segno -) o incassata (segno +) nell'intervallo, non attribuibile a una singola transazione",93.0648,,1
run2-tbt-10s/continentale,continentale,10,261,22,c4,1a9oy7P2bVVwFWV6oZe2Xf33UNnvLQVQc8yERj,fee,-0.0562,rete (fee di blocco),"residuo fra il campione precedente e questo, una volta tolti i movimenti noti: e' la fee pagata (segno -) o incassata (segno +) nell'intervallo, non attribuibile a una singola transazione",93.0086,,1
run2-tbt-10s/continentale,continentale,10,263,22,c4,1a9oy7P2bVVwFWV6oZe2Xf33UNnvLQVQc8yERj,fee,-0.1122,rete (fee di blocco),"residuo fra il campione precedente e questo, una volta tolti i movimenti noti: e' la fee pagata (segno -) o incassata (segno +) nell'intervallo, non attribuibile a una singola transazione",92.8964,,1
run2-tbt-10s/continentale,continentale,10,266,23,c4,1a9oy7P2bVVwFWV6oZe2Xf33UNnvLQVQc8yERj,fee,-0.0562,rete (fee di blocco),"residuo fra il campione precedente e questo, una volta tolti i movimenti noti: e' la fee pagata (segno -) o incassata (segno +) nell'intervallo, non attribuibile a una singola transazione",92.8402,,1
run2-tbt-10s/continentale,continentale,10,270,23,c4,1a9oy7P2bVVwFWV6oZe2Xf33UNnvLQVQc8yERj,fee,-0.1124,rete (fee di blocco),"residuo fra il campione precedente e questo, una volta tolti i movimenti noti: e' la fee pagata (segno -) o incassata (segno +) nell'intervallo, non attribuibile a una singola transazione",92.7278,,1
run2-tbt-10s/continentale,continentale,10,273,23,c4,1a9oy7P2bVVwFWV6oZe2Xf33UNnvLQVQc8yERj,fee,-0.0562,rete (fee di blocco),"residuo fra il campione precedente e questo, una volta tolti i movimenti noti: e' la fee pagata (segno -) o incassata (segno +) nell'intervallo, non attribuibile a una singola transazione",92.6716,,1
run2-tbt-10s/continentale,continentale,10,276,24,c4,1a9oy7P2bVVwFWV6oZe2Xf33UNnvLQVQc8yERj,fee,-0.1124,rete (fee di blocco),"residuo fra il campione precedente e questo, una volta tolti i movimenti noti: e' la fee pagata (segno -) o incassata (segno +) nell'intervallo, non attribuibile a una singola transazione",92.5592,,1
run2-tbt-10s/continentale,continentale,10,279,24,c4,1a9oy7P2bVVwFWV6oZe2Xf33UNnvLQVQc8yERj,fee,-0.0562,rete (fee di blocco),"residuo fra il campione precedente e questo, una volta tolti i movimenti noti: e' la fee pagata (segno -) o incassata (segno +) nell'intervallo, non attribuibile a una singola transazione",92.503,,1
run2-tbt-10s/continentale,continentale,10,282,24,c4,1a9oy7P2bVVwFWV6oZe2Xf33UNnvLQVQc8yERj,fee,-0.1122,rete (fee di blocco),"residuo fra il campione precedente e questo, una volta tolti i movimenti noti: e' la fee pagata (segno -) o incassata (segno +) nell'intervallo, non attribuibile a una singola transazione",92.3908,,1
run2-tbt-10s/continentale,continentale,10,284,24,c4,1a9oy7P2bVVwFWV6oZe2Xf33UNnvLQVQc8yERj,fee,-0.0562,rete (fee di blocco),"residuo fra il campione precedente e questo, una volta tolti i movimenti noti: e' la fee pagata (segno -) o incassata (segno +) nell'intervallo, non attribuibile a una singola transazione",92.3346,,1
run2-tbt-10s/continentale,continentale,10,287,24,c4,1a9oy7P2bVVwFWV6oZe2Xf33UNnvLQVQc8yERj,fee,-0.1122,rete (fee di blocco),"residuo fra il campione precedente e questo, una volta tolti i movimenti noti: e' la fee pagata (segno -) o incassata (segno +) nell'intervallo, non attribuibile a una singola transazione",92.2224,,1
run2-tbt-10s/continentale,continentale,10,289,25,c4,1a9oy7P2bVVwFWV6oZe2Xf33UNnvLQVQc8yERj,fee,-0.0562,rete (fee di blocco),"residuo fra il campione precedente e questo, una volta tolti i movimenti noti: e' la fee pagata (segno -) o incassata (segno +) nell'intervallo, non attribuibile a una singola transazione",92.1662,,1
run2-tbt-10s/continentale,continentale,10,292,25,c4,1a9oy7P2bVVwFWV6oZe2Xf33UNnvLQVQc8yERj,fee,-0.1122,rete (fee di blocco),"residuo fra il campione precedente e questo, una volta tolti i movimenti noti: e' la fee pagata (segno -) o incassata (segno +) nell'intervallo, non attribuibile a una singola transazione",92.054,,1
run2-tbt-10s/continentale,continentale,10,295,25,c4,1a9oy7P2bVVwFWV6oZe2Xf33UNnvLQVQc8yERj,fee,-0.0562,rete (fee di blocco),"residuo fra il campione precedente e questo, una volta tolti i movimenti noti: e' la fee pagata (segno -) o incassata (segno +) nell'intervallo, non attribuibile a una singola transazione",91.9978,,1
run2-tbt-10s/continentale,continentale,10,298,25,c4,1a9oy7P2bVVwFWV6oZe2Xf33UNnvLQVQc8yERj,fee,-0.1124,rete (fee di blocco),"residuo fra il campione precedente e questo, una volta tolti i movimenti noti: e' la fee pagata (segno -) o incassata (segno +) nell'intervallo, non attribuibile a una singola transazione",91.8854,,1
run2-tbt-10s/continentale,continentale,10,300,26,c4,1a9oy7P2bVVwFWV6oZe2Xf33UNnvLQVQc8yERj,fee,-0.0562,rete (fee di blocco),"residuo fra il campione precedente e questo, una volta tolti i movimenti noti: e' la fee pagata (segno -) o incassata (segno +) nell'intervallo, non attribuibile a una singola transazione",91.8292,,1
run2-tbt-10s/continentale,continentale,10,303,26,c4,1a9oy7P2bVVwFWV6oZe2Xf33UNnvLQVQc8yERj,fee,-0.1124,rete (fee di blocco),"residuo fra il campione precedente e questo, una volta tolti i movimenti noti: e' la fee pagata (segno -) o incassata (segno +) nell'intervallo, non attribuibile a una singola transazione",91.7168,,1
run2-tbt-10s/continentale,continentale,10,305,26,c4,1a9oy7P2bVVwFWV6oZe2Xf33UNnvLQVQc8yERj,fee,-0.1124,rete (fee di blocco),"residuo fra il campione precedente e questo, una volta tolti i movimenti noti: e' la fee pagata (segno -) o incassata (segno +) nell'intervallo, non attribuibile a una singola transazione",91.6044,,1
run2-tbt-10s/continentale,continentale,10,308,26,c4,1a9oy7P2bVVwFWV6oZe2Xf33UNnvLQVQc8yERj,fee,-0.056,rete (fee di blocco),"residuo fra il campione precedente e questo, una volta tolti i movimenti noti: e' la fee pagata (segno -) o incassata (segno +) nell'intervallo, non attribuibile a una singola transazione",91.5484,,1
run2-tbt-10s/continentale,continentale,10,311,26,c4,1a9oy7P2bVVwFWV6oZe2Xf33UNnvLQVQc8yERj,fee,-0.1124,rete (fee di blocco),"residuo fra il campione precedente e questo, una volta tolti i movimenti noti: e' la fee pagata (segno -) o incassata (segno +) nell'intervallo, non attribuibile a una singola transazione",91.436,,1
run2-tbt-10s/continentale,continentale,10,314,27,c4,1a9oy7P2bVVwFWV6oZe2Xf33UNnvLQVQc8yERj,fee,-0.056,rete (fee di blocco),"residuo fra il campione precedente e questo, una volta tolti i movimenti noti: e' la fee pagata (segno -) o incassata (segno +) nell'intervallo, non attribuibile a una singola transazione",91.38,,1
run2-tbt-10s/continentale,continentale,10,317,27,c4,1a9oy7P2bVVwFWV6oZe2Xf33UNnvLQVQc8yERj,fee,-0.1124,rete (fee di blocco),"residuo fra il campione precedente e questo, una volta tolti i movimenti noti: e' la fee pagata (segno -) o incassata (segno +) nell'intervallo, non attribuibile a una singola transazione",91.2676,,1
run2-tbt-10s/continentale,continentale,10,320,27,c4,1a9oy7P2bVVwFWV6oZe2Xf33UNnvLQVQc8yERj,fee,-0.0562,rete (fee di blocco),"residuo fra il campione precedente e questo, una volta tolti i movimenti noti: e' la fee pagata (segno -) o incassata (segno +) nell'intervallo, non attribuibile a una singola transazione",91.2114,,1
run2-tbt-10s/continentale,continentale,10,323,27,c4,1a9oy7P2bVVwFWV6oZe2Xf33UNnvLQVQc8yERj,fee,-0.1122,rete (fee di blocco),"residuo fra il campione precedente e questo, una volta tolti i movimenti noti: e' la fee pagata (segno -) o incassata (segno +) nell'intervallo, non attribuibile a una singola transazione",91.0992,,1
run2-tbt-10s/continentale,continentale,10,324,28,c4,1a9oy7P2bVVwFWV6oZe2Xf33UNnvLQVQc8yERj,fee,0.2806,rete (fee di blocco),"residuo fino al saldo di fine run letto da node_state.csv: per l'admin e' l'unica misura disponibile, gas_balances.csv non lo campiona",91.0432,,1
run2-tbt-10s/continentale,continentale,10,325,28,c4,1a9oy7P2bVVwFWV6oZe2Xf33UNnvLQVQc8yERj,fee,-0.056,rete (fee di blocco),"residuo fra il campione precedente e questo, una volta tolti i movimenti noti: e' la fee pagata (segno -) o incassata (segno +) nell'intervallo, non attribuibile a una singola transazione",91.0432,,1
run2-tbt-10s/continentale,continentale,10,329,28,c4,1a9oy7P2bVVwFWV6oZe2Xf33UNnvLQVQc8yERj,fee,-0.1122,rete (fee di blocco),"residuo fra il campione precedente e questo, una volta tolti i movimenti noti: e' la fee pagata (segno -) o incassata (segno +) nell'intervallo, non attribuibile a una singola transazione",90.931,,1
run2-tbt-10s/continentale,continentale,10,331,28,c4,1a9oy7P2bVVwFWV6oZe2Xf33UNnvLQVQc8yERj,fee,-0.056,rete (fee di blocco),"residuo fra il campione precedente e questo, una volta tolti i movimenti noti: e' la fee pagata (segno -) o incassata (segno +) nell'intervallo, non attribuibile a una singola transazione",90.875,,1
run2-tbt-10s/continentale,continentale,10,334,28,c4,1a9oy7P2bVVwFWV6oZe2Xf33UNnvLQVQc8yERj,fee,-0.1124,rete (fee di blocco),"residuo fra il campione precedente e questo, una volta tolti i movimenti noti: e' la fee pagata (segno -) o incassata (segno +) nell'intervallo, non attribuibile a una singola transazione",90.7626,,1
run2-tbt-10s/continentale,continentale,10,6,1,c5,1XD1hpXTN6rBVW9uQD8sue46yKsy7BcPUxfApz,init,100.0,admin,dotazione iniziale,100.0,,1
run2-tbt-10s/continentale,continentale,10,34,3,c5,1XD1hpXTN6rBVW9uQD8sue46yKsy7BcPUxfApz,fee,-0.1958,rete (fee di blocco),"residuo fra il campione precedente e questo, una volta tolti i movimenti noti: e' la fee pagata (segno -) o incassata (segno +) nell'intervallo, non attribuibile a una singola transazione",99.8042,,1
run2-tbt-10s/continentale,continentale,10,36,4,c5,1XD1hpXTN6rBVW9uQD8sue46yKsy7BcPUxfApz,fee,-0.0852,rete (fee di blocco),"residuo fra il campione precedente e questo, una volta tolti i movimenti noti: e' la fee pagata (segno -) o incassata (segno +) nell'intervallo, non attribuibile a una singola transazione",99.719,,1
run2-tbt-10s/continentale,continentale,10,39,4,c5,1XD1hpXTN6rBVW9uQD8sue46yKsy7BcPUxfApz,fee,-0.0556,rete (fee di blocco),"residuo fra il campione precedente e questo, una volta tolti i movimenti noti: e' la fee pagata (segno -) o incassata (segno +) nell'intervallo, non attribuibile a una singola transazione",99.6634,,1
run2-tbt-10s/continentale,continentale,10,42,4,c5,1XD1hpXTN6rBVW9uQD8sue46yKsy7BcPUxfApz,fee,-0.0556,rete (fee di blocco),"residuo fra il campione precedente e questo, una volta tolti i movimenti noti: e' la fee pagata (segno -) o incassata (segno +) nell'intervallo, non attribuibile a una singola transazione",99.6078,,1
run2-tbt-10s/continentale,continentale,10,46,4,c5,1XD1hpXTN6rBVW9uQD8sue46yKsy7BcPUxfApz,fee,-0.0554,rete (fee di blocco),"residuo fra il campione precedente e questo, una volta tolti i movimenti noti: e' la fee pagata (segno -) o incassata (segno +) nell'intervallo, non attribuibile a una singola transazione",99.5524,,1
run2-tbt-10s/continentale,continentale,10,49,5,c5,1XD1hpXTN6rBVW9uQD8sue46yKsy7BcPUxfApz,fee,-0.1112,rete (fee di blocco),"residuo fra il campione precedente e questo, una volta tolti i movimenti noti: e' la fee pagata (segno -) o incassata (segno +) nell'intervallo, non attribuibile a una singola transazione",99.4412,,1
run2-tbt-10s/continentale,continentale,10,52,5,c5,1XD1hpXTN6rBVW9uQD8sue46yKsy7BcPUxfApz,fee,-0.0556,rete (fee di blocco),"residuo fra il campione precedente e questo, una volta tolti i movimenti noti: e' la fee pagata (segno -) o incassata (segno +) nell'intervallo, non attribuibile a una singola transazione",99.3856,,1
run2-tbt-10s/continentale,continentale,10,55,5,c5,1XD1hpXTN6rBVW9uQD8sue46yKsy7BcPUxfApz,fee,-0.0556,rete (fee di blocco),"residuo fra il campione precedente e questo, una volta tolti i movimenti noti: e' la fee pagata (segno -) o incassata (segno +) nell'intervallo, non attribuibile a una singola transazione",99.33,,1
run2-tbt-10s/continentale,continentale,10,58,5,c5,1XD1hpXTN6rBVW9uQD8sue46yKsy7BcPUxfApz,fee,-0.0558,rete (fee di blocco),"residuo fra il campione precedente e questo, una volta tolti i movimenti noti: e' la fee pagata (segno -) o incassata (segno +) nell'intervallo, non attribuibile a una singola transazione",99.2742,,1
run2-tbt-10s/continentale,continentale,10,61,6,c5,1XD1hpXTN6rBVW9uQD8sue46yKsy7BcPUxfApz,fee,-0.0558,rete (fee di blocco),"residuo fra il campione precedente e questo, una volta tolti i movimenti noti: e' la fee pagata (segno -) o incassata (segno +) nell'intervallo, non attribuibile a una singola transazione",99.2184,,1
run2-tbt-10s/continentale,continentale,10,64,6,c5,1XD1hpXTN6rBVW9uQD8sue46yKsy7BcPUxfApz,fee,-0.1114,rete (fee di blocco),"residuo fra il campione precedente e questo, una volta tolti i movimenti noti: e' la fee pagata (segno -) o incassata (segno +) nell'intervallo, non attribuibile a una singola transazione",99.107,,1
run2-tbt-10s/continentale,continentale,10,66,6,c5,1XD1hpXTN6rBVW9uQD8sue46yKsy7BcPUxfApz,fee,-0.0558,rete (fee di blocco),"residuo fra il campione precedente e questo, una volta tolti i movimenti noti: e' la fee pagata (segno -) o incassata (segno +) nell'intervallo, non attribuibile a una singola transazione",99.0512,,1
run2-tbt-10s/continentale,continentale,10,69,6,c5,1XD1hpXTN6rBVW9uQD8sue46yKsy7BcPUxfApz,fee,-0.0558,rete (fee di blocco),"residuo fra il campione precedente e questo, una volta tolti i movimenti noti: e' la fee pagata (segno -) o incassata (segno +) nell'intervallo, non attribuibile a una singola transazione",98.9954,,1
run2-tbt-10s/continentale,continentale,10,72,7,c5,1XD1hpXTN6rBVW9uQD8sue46yKsy7BcPUxfApz,fee,-0.0558,rete (fee di blocco),"residuo fra il campione precedente e questo, una volta tolti i movimenti noti: e' la fee pagata (segno -) o incassata (segno +) nell'intervallo, non attribuibile a una singola transazione",98.9396,,1
run2-tbt-10s/continentale,continentale,10,75,7,c5,1XD1hpXTN6rBVW9uQD8sue46yKsy7BcPUxfApz,fee,-0.1116,rete (fee di blocco),"residuo fra il campione precedente e questo, una volta tolti i movimenti noti: e' la fee pagata (segno -) o incassata (segno +) nell'intervallo, non attribuibile a una singola transazione",98.828,,1
run2-tbt-10s/continentale,continentale,10,78,7,c5,1XD1hpXTN6rBVW9uQD8sue46yKsy7BcPUxfApz,fee,-0.0556,rete (fee di blocco),"residuo fra il campione precedente e questo, una volta tolti i movimenti noti: e' la fee pagata (segno -) o incassata (segno +) nell'intervallo, non attribuibile a una singola transazione",98.7724,,1
run2-tbt-10s/continentale,continentale,10,80,7,c5,1XD1hpXTN6rBVW9uQD8sue46yKsy7BcPUxfApz,fee,-0.0558,rete (fee di blocco),"residuo fra il campione precedente e questo, una volta tolti i movimenti noti: e' la fee pagata (segno -) o incassata (segno +) nell'intervallo, non attribuibile a una singola transazione",98.7166,,1
run2-tbt-10s/continentale,continentale,10,83,7,c5,1XD1hpXTN6rBVW9uQD8sue46yKsy7BcPUxfApz,fee,-0.0558,rete (fee di blocco),"residuo fra il campione precedente e questo, una volta tolti i movimenti noti: e' la fee pagata (segno -) o incassata (segno +) nell'intervallo, non attribuibile a una singola transazione",98.6608,,1
run2-tbt-10s/continentale,continentale,10,85,8,c5,1XD1hpXTN6rBVW9uQD8sue46yKsy7BcPUxfApz,fee,-0.0558,rete (fee di blocco),"residuo fra il campione precedente e questo, una volta tolti i movimenti noti: e' la fee pagata (segno -) o incassata (segno +) nell'intervallo, non attribuibile a una singola transazione",98.605,,1
run2-tbt-10s/continentale,continentale,10,88,8,c5,1XD1hpXTN6rBVW9uQD8sue46yKsy7BcPUxfApz,fee,-0.1116,rete (fee di blocco),"residuo fra il campione precedente e questo, una volta tolti i movimenti noti: e' la fee pagata (segno -) o incassata (segno +) nell'intervallo, non attribuibile a una singola transazione",98.4934,,1
run2-tbt-10s/continentale,continentale,10,91,8,c5,1XD1hpXTN6rBVW9uQD8sue46yKsy7BcPUxfApz,fee,-0.0558,rete (fee di blocco),"residuo fra il campione precedente e questo, una volta tolti i movimenti noti: e' la fee pagata (segno -) o incassata (segno +) nell'intervallo, non attribuibile a una singola transazione",98.4376,,1
run2-tbt-10s/continentale,continentale,10,94,8,c5,1XD1hpXTN6rBVW9uQD8sue46yKsy7BcPUxfApz,fee,-0.0558,rete (fee di blocco),"residuo fra il campione precedente e questo, una volta tolti i movimenti noti: e' la fee pagata (segno -) o incassata (segno +) nell'intervallo, non attribuibile a una singola transazione",98.3818,,1
run2-tbt-10s/continentale,continentale,10,97,9,c5,1XD1hpXTN6rBVW9uQD8sue46yKsy7BcPUxfApz,fee,-0.0558,rete (fee di blocco),"residuo fra il campione precedente e questo, una volta tolti i movimenti noti: e' la fee pagata (segno -) o incassata (segno +) nell'intervallo, non attribuibile a una singola transazione",98.326,,1
run2-tbt-10s/continentale,continentale,10,101,9,c5,1XD1hpXTN6rBVW9uQD8sue46yKsy7BcPUxfApz,fee,-0.0558,rete (fee di blocco),"residuo fra il campione precedente e questo, una volta tolti i movimenti noti: e' la fee pagata (segno -) o incassata (segno +) nell'intervallo, non attribuibile a una singola transazione",98.2702,,1
run2-tbt-10s/continentale,continentale,10,103,9,c5,1XD1hpXTN6rBVW9uQD8sue46yKsy7BcPUxfApz,fee,-0.112,rete (fee di blocco),"residuo fra il campione precedente e questo, una volta tolti i movimenti noti: e' la fee pagata (segno -) o incassata (segno +) nell'intervallo, non attribuibile a una singola transazione",98.1582,,1
run2-tbt-10s/continentale,continentale,10,106,9,c5,1XD1hpXTN6rBVW9uQD8sue46yKsy7BcPUxfApz,fee,-0.056,rete (fee di blocco),"residuo fra il campione precedente e questo, una volta tolti i movimenti noti: e' la fee pagata (segno -) o incassata (segno +) nell'intervallo, non attribuibile a una singola transazione",98.1022,,1
run2-tbt-10s/continentale,continentale,10,109,10,c5,1XD1hpXTN6rBVW9uQD8sue46yKsy7BcPUxfApz,fee,-0.0558,rete (fee di blocco),"residuo fra il campione precedente e questo, una volta tolti i movimenti noti: e' la fee pagata (segno -) o incassata (segno +) nell'intervallo, non attribuibile a una singola transazione",98.0464,,1
run2-tbt-10s/continentale,continentale,10,112,10,c5,1XD1hpXTN6rBVW9uQD8sue46yKsy7BcPUxfApz,fee,-0.056,rete (fee di blocco),"residuo fra il campione precedente e questo, una volta tolti i movimenti noti: e' la fee pagata (segno -) o incassata (segno +) nell'intervallo, non attribuibile a una singola transazione",97.9904,,1
run2-tbt-10s/continentale,continentale,10,116,10,c5,1XD1hpXTN6rBVW9uQD8sue46yKsy7BcPUxfApz,fee,-0.112,rete (fee di blocco),"residuo fra il campione precedente e questo, una volta tolti i movimenti noti: e' la fee pagata (segno -) o incassata (segno +) nell'intervallo, non attribuibile a una singola transazione",97.8784,,1
run2-tbt-10s/continentale,continentale,10,118,10,c5,1XD1hpXTN6rBVW9uQD8sue46yKsy7BcPUxfApz,fee,-0.056,rete (fee di blocco),"residuo fra il campione precedente e questo, una volta tolti i movimenti noti: e' la fee pagata (segno -) o incassata (segno +) nell'intervallo, non attribuibile a una singola transazione",97.8224,,1
run2-tbt-10s/continentale,continentale,10,120,11,c5,1XD1hpXTN6rBVW9uQD8sue46yKsy7BcPUxfApz,fee,-0.056,rete (fee di blocco),"residuo fra il campione precedente e questo, una volta tolti i movimenti noti: e' la fee pagata (segno -) o incassata (segno +) nell'intervallo, non attribuibile a una singola transazione",97.7664,,1
run2-tbt-10s/continentale,continentale,10,124,11,c5,1XD1hpXTN6rBVW9uQD8sue46yKsy7BcPUxfApz,fee,-0.056,rete (fee di blocco),"residuo fra il campione precedente e questo, una volta tolti i movimenti noti: e' la fee pagata (segno -) o incassata (segno +) nell'intervallo, non attribuibile a una singola transazione",97.7104,,1
run2-tbt-10s/continentale,continentale,10,127,11,c5,1XD1hpXTN6rBVW9uQD8sue46yKsy7BcPUxfApz,fee,-0.056,rete (fee di blocco),"residuo fra il campione precedente e questo, una volta tolti i movimenti noti: e' la fee pagata (segno -) o incassata (segno +) nell'intervallo, non attribuibile a una singola transazione",97.6544,,1
run2-tbt-10s/continentale,continentale,10,130,11,c5,1XD1hpXTN6rBVW9uQD8sue46yKsy7BcPUxfApz,fee,-0.112,rete (fee di blocco),"residuo fra il campione precedente e questo, una volta tolti i movimenti noti: e' la fee pagata (segno -) o incassata (segno +) nell'intervallo, non attribuibile a una singola transazione",97.5424,,1
run2-tbt-10s/continentale,continentale,10,133,12,c5,1XD1hpXTN6rBVW9uQD8sue46yKsy7BcPUxfApz,fee,-0.0558,rete (fee di blocco),"residuo fra il campione precedente e questo, una volta tolti i movimenti noti: e' la fee pagata (segno -) o incassata (segno +) nell'intervallo, non attribuibile a una singola transazione",97.4866,,1
run2-tbt-10s/continentale,continentale,10,136,12,c5,1XD1hpXTN6rBVW9uQD8sue46yKsy7BcPUxfApz,fee,-0.0558,rete (fee di blocco),"residuo fra il campione precedente e questo, una volta tolti i movimenti noti: e' la fee pagata (segno -) o incassata (segno +) nell'intervallo, non attribuibile a una singola transazione",97.4308,,1
run2-tbt-10s/continentale,continentale,10,139,12,c5,1XD1hpXTN6rBVW9uQD8sue46yKsy7BcPUxfApz,fee,-0.056,rete (fee di blocco),"residuo fra il campione precedente e questo, una volta tolti i movimenti noti: e' la fee pagata (segno -) o incassata (segno +) nell'intervallo, non attribuibile a una singola transazione",97.3748,,1
run2-tbt-10s/continentale,continentale,10,142,12,c5,1XD1hpXTN6rBVW9uQD8sue46yKsy7BcPUxfApz,fee,-0.1118,rete (fee di blocco),"residuo fra il campione precedente e questo, una volta tolti i movimenti noti: e' la fee pagata (segno -) o incassata (segno +) nell'intervallo, non attribuibile a una singola transazione",97.263,,1
run2-tbt-10s/continentale,continentale,10,145,13,c5,1XD1hpXTN6rBVW9uQD8sue46yKsy7BcPUxfApz,fee,-0.0558,rete (fee di blocco),"residuo fra il campione precedente e questo, una volta tolti i movimenti noti: e' la fee pagata (segno -) o incassata (segno +) nell'intervallo, non attribuibile a una singola transazione",97.2072,,1
run2-tbt-10s/continentale,continentale,10,147,13,c5,1XD1hpXTN6rBVW9uQD8sue46yKsy7BcPUxfApz,fee,-0.056,rete (fee di blocco),"residuo fra il campione precedente e questo, una volta tolti i movimenti noti: e' la fee pagata (segno -) o incassata (segno +) nell'intervallo, non attribuibile a una singola transazione",97.1512,,1
run2-tbt-10s/continentale,continentale,10,150,13,c5,1XD1hpXTN6rBVW9uQD8sue46yKsy7BcPUxfApz,fee,-0.056,rete (fee di blocco),"residuo fra il campione precedente e questo, una volta tolti i movimenti noti: e' la fee pagata (segno -) o incassata (segno +) nell'intervallo, non attribuibile a una singola transazione",97.0952,,1
run2-tbt-10s/continentale,continentale,10,153,13,c5,1XD1hpXTN6rBVW9uQD8sue46yKsy7BcPUxfApz,fee,-0.056,rete (fee di blocco),"residuo fra il campione precedente e questo, una volta tolti i movimenti noti: e' la fee pagata (segno -) o incassata (segno +) nell'intervallo, non attribuibile a una singola transazione",97.0392,,1
run2-tbt-10s/continentale,continentale,10,156,14,c5,1XD1hpXTN6rBVW9uQD8sue46yKsy7BcPUxfApz,fee,-0.1116,rete (fee di blocco),"residuo fra il campione precedente e questo, una volta tolti i movimenti noti: e' la fee pagata (segno -) o incassata (segno +) nell'intervallo, non attribuibile a una singola transazione",96.9276,,1
run2-tbt-10s/continentale,continentale,10,158,14,c5,1XD1hpXTN6rBVW9uQD8sue46yKsy7BcPUxfApz,fee,-0.0558,rete (fee di blocco),"residuo fra il campione precedente e questo, una volta tolti i movimenti noti: e' la fee pagata (segno -) o incassata (segno +) nell'intervallo, non attribuibile a una singola transazione",96.8718,,1
run2-tbt-10s/continentale,continentale,10,162,14,c5,1XD1hpXTN6rBVW9uQD8sue46yKsy7BcPUxfApz,fee,-0.056,rete (fee di blocco),"residuo fra il campione precedente e questo, una volta tolti i movimenti noti: e' la fee pagata (segno -) o incassata (segno +) nell'intervallo, non attribuibile a una singola transazione",96.8158,,1
run2-tbt-10s/continentale,continentale,10,164,14,c5,1XD1hpXTN6rBVW9uQD8sue46yKsy7BcPUxfApz,fee,-0.0558,rete (fee di blocco),"residuo fra il campione precedente e questo, una volta tolti i movimenti noti: e' la fee pagata (segno -) o incassata (segno +) nell'intervallo, non attribuibile a una singola transazione",96.76,,1
run2-tbt-10s/continentale,continentale,10,167,14,c5,1XD1hpXTN6rBVW9uQD8sue46yKsy7BcPUxfApz,fee,-0.056,rete (fee di blocco),"residuo fra il campione precedente e questo, una volta tolti i movimenti noti: e' la fee pagata (segno -) o incassata (segno +) nell'intervallo, non attribuibile a una singola transazione",96.704,,1
run2-tbt-10s/continentale,continentale,10,170,15,c5,1XD1hpXTN6rBVW9uQD8sue46yKsy7BcPUxfApz,fee,-0.1118,rete (fee di blocco),"residuo fra il campione precedente e questo, una volta tolti i movimenti noti: e' la fee pagata (segno -) o incassata (segno +) nell'intervallo, non attribuibile a una singola transazione",96.5922,,1
run2-tbt-10s/continentale,continentale,10,173,15,c5,1XD1hpXTN6rBVW9uQD8sue46yKsy7BcPUxfApz,fee,-0.056,rete (fee di blocco),"residuo fra il campione precedente e questo, una volta tolti i movimenti noti: e' la fee pagata (segno -) o incassata (segno +) nell'intervallo, non attribuibile a una singola transazione",96.5362,,1
run2-tbt-10s/continentale,continentale,10,175,15,c5,1XD1hpXTN6rBVW9uQD8sue46yKsy7BcPUxfApz,fee,-0.0558,rete (fee di blocco),"residuo fra il campione precedente e questo, una volta tolti i movimenti noti: e' la fee pagata (segno -) o incassata (segno +) nell'intervallo, non attribuibile a una singola transazione",96.4804,,1
run2-tbt-10s/continentale,continentale,10,178,15,c5,1XD1hpXTN6rBVW9uQD8sue46yKsy7BcPUxfApz,fee,-0.056,rete (fee di blocco),"residuo fra il campione precedente e questo, una volta tolti i movimenti noti: e' la fee pagata (segno -) o incassata (segno +) nell'intervallo, non attribuibile a una singola transazione",96.4244,,1
run2-tbt-10s/continentale,continentale,10,181,16,c5,1XD1hpXTN6rBVW9uQD8sue46yKsy7BcPUxfApz,fee,-0.112,rete (fee di blocco),"residuo fra il campione precedente e questo, una volta tolti i movimenti noti: e' la fee pagata (segno -) o incassata (segno +) nell'intervallo, non attribuibile a una singola transazione",96.3124,,1
run2-tbt-10s/continentale,continentale,10,183,16,c5,1XD1hpXTN6rBVW9uQD8sue46yKsy7BcPUxfApz,fee,-0.056,rete (fee di blocco),"residuo fra il campione precedente e questo, una volta tolti i movimenti noti: e' la fee pagata (segno -) o incassata (segno +) nell'intervallo, non attribuibile a una singola transazione",96.2564,,1
run2-tbt-10s/continentale,continentale,10,186,16,c5,1XD1hpXTN6rBVW9uQD8sue46yKsy7BcPUxfApz,fee,-0.056,rete (fee di blocco),"residuo fra il campione precedente e questo, una volta tolti i movimenti noti: e' la fee pagata (segno -) o incassata (segno +) nell'intervallo, non attribuibile a una singola transazione",96.2004,,1
run2-tbt-10s/continentale,continentale,10,189,16,c5,1XD1hpXTN6rBVW9uQD8sue46yKsy7BcPUxfApz,fee,-0.0558,rete (fee di blocco),"residuo fra il campione precedente e questo, una volta tolti i movimenti noti: e' la fee pagata (segno -) o incassata (segno +) nell'intervallo, non attribuibile a una singola transazione",96.1446,,1
run2-tbt-10s/continentale,continentale,10,192,17,c5,1XD1hpXTN6rBVW9uQD8sue46yKsy7BcPUxfApz,fee,-0.056,rete (fee di blocco),"residuo fra il campione precedente e questo, una volta tolti i movimenti noti: e' la fee pagata (segno -) o incassata (segno +) nell'intervallo, non attribuibile a una singola transazione",96.0886,,1
run2-tbt-10s/continentale,continentale,10,195,17,c5,1XD1hpXTN6rBVW9uQD8sue46yKsy7BcPUxfApz,fee,-0.112,rete (fee di blocco),"residuo fra il campione precedente e questo, una volta tolti i movimenti noti: e' la fee pagata (segno -) o incassata (segno +) nell'intervallo, non attribuibile a una singola transazione",95.9766,,1
run2-tbt-10s/continentale,continentale,10,198,17,c5,1XD1hpXTN6rBVW9uQD8sue46yKsy7BcPUxfApz,fee,-0.056,rete (fee di blocco),"residuo fra il campione precedente e questo, una volta tolti i movimenti noti: e' la fee pagata (segno -) o incassata (segno +) nell'intervallo, non attribuibile a una singola transazione",95.9206,,1
run2-tbt-10s/continentale,continentale,10,200,17,c5,1XD1hpXTN6rBVW9uQD8sue46yKsy7BcPUxfApz,fee,-0.056,rete (fee di blocco),"residuo fra il campione precedente e questo, una volta tolti i movimenti noti: e' la fee pagata (segno -) o incassata (segno +) nell'intervallo, non attribuibile a una singola transazione",95.8646,,1
run2-tbt-10s/continentale,continentale,10,202,17,c5,1XD1hpXTN6rBVW9uQD8sue46yKsy7BcPUxfApz,fee,-0.056,rete (fee di blocco),"residuo fra il campione precedente e questo, una volta tolti i movimenti noti: e' la fee pagata (segno -) o incassata (segno +) nell'intervallo, non attribuibile a una singola transazione",95.8086,,1
run2-tbt-10s/continentale,continentale,10,205,18,c5,1XD1hpXTN6rBVW9uQD8sue46yKsy7BcPUxfApz,fee,-0.112,rete (fee di blocco),"residuo fra il campione precedente e questo, una volta tolti i movimenti noti: e' la fee pagata (segno -) o incassata (segno +) nell'intervallo, non attribuibile a una singola transazione",95.6966,,1
run2-tbt-10s/continentale,continentale,10,208,18,c5,1XD1hpXTN6rBVW9uQD8sue46yKsy7BcPUxfApz,fee,-0.056,rete (fee di blocco),"residuo fra il campione precedente e questo, una volta tolti i movimenti noti: e' la fee pagata (segno -) o incassata (segno +) nell'intervallo, non attribuibile a una singola transazione",95.6406,,1
run2-tbt-10s/continentale,continentale,10,211,18,c5,1XD1hpXTN6rBVW9uQD8sue46yKsy7BcPUxfApz,fee,-0.0558,rete (fee di blocco),"residuo fra il campione precedente e questo, una volta tolti i movimenti noti: e' la fee pagata (segno -) o incassata (segno +) nell'intervallo, non attribuibile a una singola transazione",95.5848,,1
run2-tbt-10s/continentale,continentale,10,213,18,c5,1XD1hpXTN6rBVW9uQD8sue46yKsy7BcPUxfApz,fee,-0.056,rete (fee di blocco),"residuo fra il campione precedente e questo, una volta tolti i movimenti noti: e' la fee pagata (segno -) o incassata (segno +) nell'intervallo, non attribuibile a una singola transazione",95.5288,,1
run2-tbt-10s/continentale,continentale,10,216,19,c5,1XD1hpXTN6rBVW9uQD8sue46yKsy7BcPUxfApz,fee,-0.0558,rete (fee di blocco),"residuo fra il campione precedente e questo, una volta tolti i movimenti noti: e' la fee pagata (segno -) o incassata (segno +) nell'intervallo, non attribuibile a una singola transazione",95.473,,1
run2-tbt-10s/continentale,continentale,10,219,19,c5,1XD1hpXTN6rBVW9uQD8sue46yKsy7BcPUxfApz,fee,-0.112,rete (fee di blocco),"residuo fra il campione precedente e questo, una volta tolti i movimenti noti: e' la fee pagata (segno -) o incassata (segno +) nell'intervallo, non attribuibile a una singola transazione",95.361,,1
run2-tbt-10s/continentale,continentale,10,222,19,c5,1XD1hpXTN6rBVW9uQD8sue46yKsy7BcPUxfApz,fee,-0.056,rete (fee di blocco),"residuo fra il campione precedente e questo, una volta tolti i movimenti noti: e' la fee pagata (segno -) o incassata (segno +) nell'intervallo, non attribuibile a una singola transazione",95.305,,1
run2-tbt-10s/continentale,continentale,10,224,19,c5,1XD1hpXTN6rBVW9uQD8sue46yKsy7BcPUxfApz,fee,-0.056,rete (fee di blocco),"residuo fra il campione precedente e questo, una volta tolti i movimenti noti: e' la fee pagata (segno -) o incassata (segno +) nell'intervallo, non attribuibile a una singola transazione",95.249,,1
run2-tbt-10s/continentale,continentale,10,227,19,c5,1XD1hpXTN6rBVW9uQD8sue46yKsy7BcPUxfApz,fee,-0.056,rete (fee di blocco),"residuo fra il campione precedente e questo, una volta tolti i movimenti noti: e' la fee pagata (segno -) o incassata (segno +) nell'intervallo, non attribuibile a una singola transazione",95.193,,1
run2-tbt-10s/continentale,continentale,10,229,20,c5,1XD1hpXTN6rBVW9uQD8sue46yKsy7BcPUxfApz,fee,-0.056,rete (fee di blocco),"residuo fra il campione precedente e questo, una volta tolti i movimenti noti: e' la fee pagata (segno -) o incassata (segno +) nell'intervallo, non attribuibile a una singola transazione",95.137,,1
run2-tbt-10s/continentale,continentale,10,232,20,c5,1XD1hpXTN6rBVW9uQD8sue46yKsy7BcPUxfApz,fee,-0.112,rete (fee di blocco),"residuo fra il campione precedente e questo, una volta tolti i movimenti noti: e' la fee pagata (segno -) o incassata (segno +) nell'intervallo, non attribuibile a una singola transazione",95.025,,1
run2-tbt-10s/continentale,continentale,10,235,20,c5,1XD1hpXTN6rBVW9uQD8sue46yKsy7BcPUxfApz,fee,-0.056,rete (fee di blocco),"residuo fra il campione precedente e questo, una volta tolti i movimenti noti: e' la fee pagata (segno -) o incassata (segno +) nell'intervallo, non attribuibile a una singola transazione",94.969,,1
run2-tbt-10s/continentale,continentale,10,239,20,c5,1XD1hpXTN6rBVW9uQD8sue46yKsy7BcPUxfApz,fee,-0.0558,rete (fee di blocco),"residuo fra il campione precedente e questo, una volta tolti i movimenti noti: e' la fee pagata (segno -) o incassata (segno +) nell'intervallo, non attribuibile a una singola transazione",94.9132,,1
run2-tbt-10s/continentale,continentale,10,242,21,c5,1XD1hpXTN6rBVW9uQD8sue46yKsy7BcPUxfApz,fee,-0.0558,rete (fee di blocco),"residuo fra il campione precedente e questo, una volta tolti i movimenti noti: e' la fee pagata (segno -) o incassata (segno +) nell'intervallo, non attribuibile a una singola transazione",94.8574,,1
run2-tbt-10s/continentale,continentale,10,245,21,c5,1XD1hpXTN6rBVW9uQD8sue46yKsy7BcPUxfApz,fee,-0.112,rete (fee di blocco),"residuo fra il campione precedente e questo, una volta tolti i movimenti noti: e' la fee pagata (segno -) o incassata (segno +) nell'intervallo, non attribuibile a una singola transazione",94.7454,,1
run2-tbt-10s/continentale,continentale,10,247,21,c5,1XD1hpXTN6rBVW9uQD8sue46yKsy7BcPUxfApz,fee,-0.056,rete (fee di blocco),"residuo fra il campione precedente e questo, una volta tolti i movimenti noti: e' la fee pagata (segno -) o incassata (segno +) nell'intervallo, non attribuibile a una singola transazione",94.6894,,1
run2-tbt-10s/continentale,continentale,10,250,21,c5,1XD1hpXTN6rBVW9uQD8sue46yKsy7BcPUxfApz,fee,-0.056,rete (fee di blocco),"residuo fra il campione precedente e questo, una volta tolti i movimenti noti: e' la fee pagata (segno -) o incassata (segno +) nell'intervallo, non attribuibile a una singola transazione",94.6334,,1
run2-tbt-10s/continentale,continentale,10,254,22,c5,1XD1hpXTN6rBVW9uQD8sue46yKsy7BcPUxfApz,fee,-0.056,rete (fee di blocco),"residuo fra il campione precedente e questo, una volta tolti i movimenti noti: e' la fee pagata (segno -) o incassata (segno +) nell'intervallo, non attribuibile a una singola transazione",94.5774,,1
run2-tbt-10s/continentale,continentale,10,257,22,c5,1XD1hpXTN6rBVW9uQD8sue46yKsy7BcPUxfApz,fee,-0.056,rete (fee di blocco),"residuo fra il campione precedente e questo, una volta tolti i movimenti noti: e' la fee pagata (segno -) o incassata (segno +) nell'intervallo, non attribuibile a una singola transazione",94.5214,,1
run2-tbt-10s/continentale,continentale,10,259,22,c5,1XD1hpXTN6rBVW9uQD8sue46yKsy7BcPUxfApz,fee,-0.112,rete (fee di blocco),"residuo fra il campione precedente e questo, una volta tolti i movimenti noti: e' la fee pagata (segno -) o incassata (segno +) nell'intervallo, non attribuibile a una singola transazione",94.4094,,1
run2-tbt-10s/continentale,continentale,10,261,22,c5,1XD1hpXTN6rBVW9uQD8sue46yKsy7BcPUxfApz,fee,-0.056,rete (fee di blocco),"residuo fra il campione precedente e questo, una volta tolti i movimenti noti: e' la fee pagata (segno -) o incassata (segno +) nell'intervallo, non attribuibile a una singola transazione",94.3534,,1
run2-tbt-10s/continentale,continentale,10,263,22,c5,1XD1hpXTN6rBVW9uQD8sue46yKsy7BcPUxfApz,fee,-0.0558,rete (fee di blocco),"residuo fra il campione precedente e questo, una volta tolti i movimenti noti: e' la fee pagata (segno -) o incassata (segno +) nell'intervallo, non attribuibile a una singola transazione",94.2976,,1
run2-tbt-10s/continentale,continentale,10,266,23,c5,1XD1hpXTN6rBVW9uQD8sue46yKsy7BcPUxfApz,fee,-0.056,rete (fee di blocco),"residuo fra il campione precedente e questo, una volta tolti i movimenti noti: e' la fee pagata (segno -) o incassata (segno +) nell'intervallo, non attribuibile a una singola transazione",94.2416,,1
run2-tbt-10s/continentale,continentale,10,270,23,c5,1XD1hpXTN6rBVW9uQD8sue46yKsy7BcPUxfApz,fee,-0.1122,rete (fee di blocco),"residuo fra il campione precedente e questo, una volta tolti i movimenti noti: e' la fee pagata (segno -) o incassata (segno +) nell'intervallo, non attribuibile a una singola transazione",94.1294,,1
run2-tbt-10s/continentale,continentale,10,273,23,c5,1XD1hpXTN6rBVW9uQD8sue46yKsy7BcPUxfApz,fee,-0.0562,rete (fee di blocco),"residuo fra il campione precedente e questo, una volta tolti i movimenti noti: e' la fee pagata (segno -) o incassata (segno +) nell'intervallo, non attribuibile a una singola transazione",94.0732,,1
run2-tbt-10s/continentale,continentale,10,276,24,c5,1XD1hpXTN6rBVW9uQD8sue46yKsy7BcPUxfApz,fee,-0.0562,rete (fee di blocco),"residuo fra il campione precedente e questo, una volta tolti i movimenti noti: e' la fee pagata (segno -) o incassata (segno +) nell'intervallo, non attribuibile a una singola transazione",94.017,,1
run2-tbt-10s/continentale,continentale,10,279,24,c5,1XD1hpXTN6rBVW9uQD8sue46yKsy7BcPUxfApz,fee,-0.056,rete (fee di blocco),"residuo fra il campione precedente e questo, una volta tolti i movimenti noti: e' la fee pagata (segno -) o incassata (segno +) nell'intervallo, non attribuibile a una singola transazione",93.961,,1
run2-tbt-10s/continentale,continentale,10,282,24,c5,1XD1hpXTN6rBVW9uQD8sue46yKsy7BcPUxfApz,fee,-0.0562,rete (fee di blocco),"residuo fra il campione precedente e questo, una volta tolti i movimenti noti: e' la fee pagata (segno -) o incassata (segno +) nell'intervallo, non attribuibile a una singola transazione",93.9048,,1
run2-tbt-10s/continentale,continentale,10,284,24,c5,1XD1hpXTN6rBVW9uQD8sue46yKsy7BcPUxfApz,fee,-0.1124,rete (fee di blocco),"residuo fra il campione precedente e questo, una volta tolti i movimenti noti: e' la fee pagata (segno -) o incassata (segno +) nell'intervallo, non attribuibile a una singola transazione",93.7924,,1
run2-tbt-10s/continentale,continentale,10,287,24,c5,1XD1hpXTN6rBVW9uQD8sue46yKsy7BcPUxfApz,fee,-0.056,rete (fee di blocco),"residuo fra il campione precedente e questo, una volta tolti i movimenti noti: e' la fee pagata (segno -) o incassata (segno +) nell'intervallo, non attribuibile a una singola transazione",93.7364,,1
run2-tbt-10s/continentale,continentale,10,289,25,c5,1XD1hpXTN6rBVW9uQD8sue46yKsy7BcPUxfApz,fee,-0.056,rete (fee di blocco),"residuo fra il campione precedente e questo, una volta tolti i movimenti noti: e' la fee pagata (segno -) o incassata (segno +) nell'intervallo, non attribuibile a una singola transazione",93.6804,,1
run2-tbt-10s/continentale,continentale,10,292,25,c5,1XD1hpXTN6rBVW9uQD8sue46yKsy7BcPUxfApz,fee,-0.0562,rete (fee di blocco),"residuo fra il campione precedente e questo, una volta tolti i movimenti noti: e' la fee pagata (segno -) o incassata (segno +) nell'intervallo, non attribuibile a una singola transazione",93.6242,,1
run2-tbt-10s/continentale,continentale,10,295,25,c5,1XD1hpXTN6rBVW9uQD8sue46yKsy7BcPUxfApz,fee,-0.0562,rete (fee di blocco),"residuo fra il campione precedente e questo, una volta tolti i movimenti noti: e' la fee pagata (segno -) o incassata (segno +) nell'intervallo, non attribuibile a una singola transazione",93.568,,1
run2-tbt-10s/continentale,continentale,10,298,25,c5,1XD1hpXTN6rBVW9uQD8sue46yKsy7BcPUxfApz,fee,-0.1124,rete (fee di blocco),"residuo fra il campione precedente e questo, una volta tolti i movimenti noti: e' la fee pagata (segno -) o incassata (segno +) nell'intervallo, non attribuibile a una singola transazione",93.4556,,1
run2-tbt-10s/continentale,continentale,10,300,26,c5,1XD1hpXTN6rBVW9uQD8sue46yKsy7BcPUxfApz,fee,-0.056,rete (fee di blocco),"residuo fra il campione precedente e questo, una volta tolti i movimenti noti: e' la fee pagata (segno -) o incassata (segno +) nell'intervallo, non attribuibile a una singola transazione",93.3996,,1
run2-tbt-10s/continentale,continentale,10,303,26,c5,1XD1hpXTN6rBVW9uQD8sue46yKsy7BcPUxfApz,fee,-0.0562,rete (fee di blocco),"residuo fra il campione precedente e questo, una volta tolti i movimenti noti: e' la fee pagata (segno -) o incassata (segno +) nell'intervallo, non attribuibile a una singola transazione",93.3434,,1
run2-tbt-10s/continentale,continentale,10,305,26,c5,1XD1hpXTN6rBVW9uQD8sue46yKsy7BcPUxfApz,fee,-0.0562,rete (fee di blocco),"residuo fra il campione precedente e questo, una volta tolti i movimenti noti: e' la fee pagata (segno -) o incassata (segno +) nell'intervallo, non attribuibile a una singola transazione",93.2872,,1
run2-tbt-10s/continentale,continentale,10,308,26,c5,1XD1hpXTN6rBVW9uQD8sue46yKsy7BcPUxfApz,fee,-0.1124,rete (fee di blocco),"residuo fra il campione precedente e questo, una volta tolti i movimenti noti: e' la fee pagata (segno -) o incassata (segno +) nell'intervallo, non attribuibile a una singola transazione",93.1748,,1
run2-tbt-10s/continentale,continentale,10,311,26,c5,1XD1hpXTN6rBVW9uQD8sue46yKsy7BcPUxfApz,fee,-0.0562,rete (fee di blocco),"residuo fra il campione precedente e questo, una volta tolti i movimenti noti: e' la fee pagata (segno -) o incassata (segno +) nell'intervallo, non attribuibile a una singola transazione",93.1186,,1
run2-tbt-10s/continentale,continentale,10,314,27,c5,1XD1hpXTN6rBVW9uQD8sue46yKsy7BcPUxfApz,fee,-0.0562,rete (fee di blocco),"residuo fra il campione precedente e questo, una volta tolti i movimenti noti: e' la fee pagata (segno -) o incassata (segno +) nell'intervallo, non attribuibile a una singola transazione",93.0624,,1
run2-tbt-10s/continentale,continentale,10,317,27,c5,1XD1hpXTN6rBVW9uQD8sue46yKsy7BcPUxfApz,fee,-0.056,rete (fee di blocco),"residuo fra il campione precedente e questo, una volta tolti i movimenti noti: e' la fee pagata (segno -) o incassata (segno +) nell'intervallo, non attribuibile a una singola transazione",93.0064,,1
run2-tbt-10s/continentale,continentale,10,320,27,c5,1XD1hpXTN6rBVW9uQD8sue46yKsy7BcPUxfApz,fee,-0.0562,rete (fee di blocco),"residuo fra il campione precedente e questo, una volta tolti i movimenti noti: e' la fee pagata (segno -) o incassata (segno +) nell'intervallo, non attribuibile a una singola transazione",92.9502,,1
run2-tbt-10s/continentale,continentale,10,323,27,c5,1XD1hpXTN6rBVW9uQD8sue46yKsy7BcPUxfApz,fee,-0.1122,rete (fee di blocco),"residuo fra il campione precedente e questo, una volta tolti i movimenti noti: e' la fee pagata (segno -) o incassata (segno +) nell'intervallo, non attribuibile a una singola transazione",92.838,,1
run2-tbt-10s/continentale,continentale,10,324,28,c5,1XD1hpXTN6rBVW9uQD8sue46yKsy7BcPUxfApz,fee,0.2246,rete (fee di blocco),"residuo fino al saldo di fine run letto da node_state.csv: per l'admin e' l'unica misura disponibile, gas_balances.csv non lo campiona",92.838,,1
run2-tbt-10s/continentale,continentale,10,325,28,c5,1XD1hpXTN6rBVW9uQD8sue46yKsy7BcPUxfApz,fee,-0.0562,rete (fee di blocco),"residuo fra il campione precedente e questo, una volta tolti i movimenti noti: e' la fee pagata (segno -) o incassata (segno +) nell'intervallo, non attribuibile a una singola transazione",92.7818,,1
run2-tbt-10s/continentale,continentale,10,329,28,c5,1XD1hpXTN6rBVW9uQD8sue46yKsy7BcPUxfApz,fee,-0.0562,rete (fee di blocco),"residuo fra il campione precedente e questo, una volta tolti i movimenti noti: e' la fee pagata (segno -) o incassata (segno +) nell'intervallo, non attribuibile a una singola transazione",92.7256,,1
run2-tbt-10s/continentale,continentale,10,331,28,c5,1XD1hpXTN6rBVW9uQD8sue46yKsy7BcPUxfApz,fee,-0.056,rete (fee di blocco),"residuo fra il campione precedente e questo, una volta tolti i movimenti noti: e' la fee pagata (segno -) o incassata (segno +) nell'intervallo, non attribuibile a una singola transazione",92.6696,,1
run2-tbt-10s/continentale,continentale,10,334,28,c5,1XD1hpXTN6rBVW9uQD8sue46yKsy7BcPUxfApz,fee,-0.0562,rete (fee di blocco),"residuo fra il campione precedente e questo, una volta tolti i movimenti noti: e' la fee pagata (segno -) o incassata (segno +) nell'intervallo, non attribuibile a una singola transazione",92.6134,,1
run2-tbt-10s/continentale,continentale,10,6,1,ca,1VffqK5D7kJqNtt3QuVheqhJU6MnGHpzctTmzJ,init,50.0,admin,dotazione iniziale,50.0,,1
run2-tbt-10s/continentale,continentale,10,34,3,ca,1VffqK5D7kJqNtt3QuVheqhJU6MnGHpzctTmzJ,fee,-0.6436,rete (fee di blocco),"residuo fra il campione precedente e questo, una volta tolti i movimenti noti: e' la fee pagata (segno -) o incassata (segno +) nell'intervallo, non attribuibile a una singola transazione",49.3564,,1
run2-tbt-10s/continentale,continentale,10,6,1,m1,1M1uMpgaw82fhzH6tz99Eybn5ydKoNaFrwXUvb,init,50.0,admin,dotazione iniziale,50.0,,1
run2-tbt-10s/continentale,continentale,10,34,3,m1,1M1uMpgaw82fhzH6tz99Eybn5ydKoNaFrwXUvb,refill,100.0,admin,rifornimento sotto soglia,150.0,,1
run2-tbt-10s/continentale,continentale,10,34,3,m1,1M1uMpgaw82fhzH6tz99Eybn5ydKoNaFrwXUvb,fee,-145.6558,rete (fee di blocco),"residuo fra il campione precedente e questo, una volta tolti i movimenti noti: e' la fee pagata (segno -) o incassata (segno +) nell'intervallo, non attribuibile a una singola transazione",4.3442,,1
run2-tbt-10s/continentale,continentale,10,35,3,m1,1M1uMpgaw82fhzH6tz99Eybn5ydKoNaFrwXUvb,fee,45.4396,rete (fee di blocco),residuo verso il saldo che il nodo stesso ha letto subito prima di spendere: chiude lo scarto fra le due fonti di saldo,49.7838,,1
run2-tbt-10s/continentale,continentale,10,35,3,m1,1M1uMpgaw82fhzH6tz99Eybn5ydKoNaFrwXUvb,reconcile,-45.3946,treasury,riconciliazione al treasury: e' la R_k dell'epoca (Def. 6.7),4.3892,,1
run2-tbt-10s/continentale,continentale,10,36,4,m1,1M1uMpgaw82fhzH6tz99Eybn5ydKoNaFrwXUvb,refill,100.0,admin,rifornimento sotto soglia,104.3892,,1
run2-tbt-10s/continentale,continentale,10,36,4,m1,1M1uMpgaw82fhzH6tz99Eybn5ydKoNaFrwXUvb,fee,-97.2869,rete (fee di blocco),"residuo fra il campione precedente e questo, una volta tolti i movimenti noti: e' la fee pagata (segno -) o incassata (segno +) nell'intervallo, non attribuibile a una singola transazione",7.1023,,1
run2-tbt-10s/continentale,continentale,10,37,4,m1,1M1uMpgaw82fhzH6tz99Eybn5ydKoNaFrwXUvb,fee,97.8481,rete (fee di blocco),residuo verso il saldo che il nodo stesso ha letto subito prima di spendere: chiude lo scarto fra le due fonti di saldo,104.9504,,1
run2-tbt-10s/continentale,continentale,10,37,4,m1,1M1uMpgaw82fhzH6tz99Eybn5ydKoNaFrwXUvb,reconcile,-97.8029,treasury,riconciliazione al treasury: e' la R_k dell'epoca (Def. 6.7),7.1475,,1
run2-tbt-10s/continentale,continentale,10,39,4,m1,1M1uMpgaw82fhzH6tz99Eybn5ydKoNaFrwXUvb,fee,99.3486,rete (fee di blocco),"residuo fra il campione precedente e questo, una volta tolti i movimenti noti: e' la fee pagata (segno -) o incassata (segno +) nell'intervallo, non attribuibile a una singola transazione",106.4961,,1
run2-tbt-10s/continentale,continentale,10,42,4,m1,1M1uMpgaw82fhzH6tz99Eybn5ydKoNaFrwXUvb,fee,-0.1054,rete (fee di blocco),"residuo fra il campione precedente e questo, una volta tolti i movimenti noti: e' la fee pagata (segno -) o incassata (segno +) nell'intervallo, non attribuibile a una singola transazione",106.3907,,1
run2-tbt-10s/continentale,continentale,10,46,4,m1,1M1uMpgaw82fhzH6tz99Eybn5ydKoNaFrwXUvb,fee,0.3336,rete (fee di blocco),"residuo fra il campione precedente e questo, una volta tolti i movimenti noti: e' la fee pagata (segno -) o incassata (segno +) nell'intervallo, non attribuibile a una singola transazione",106.7243,,1
run2-tbt-10s/continentale,continentale,10,49,5,m1,1M1uMpgaw82fhzH6tz99Eybn5ydKoNaFrwXUvb,refill,100.0,admin,rifornimento sotto soglia,206.7243,,1
run2-tbt-10s/continentale,continentale,10,49,5,m1,1M1uMpgaw82fhzH6tz99Eybn5ydKoNaFrwXUvb,fee,-99.833,rete (fee di blocco),residuo verso il saldo che il nodo stesso ha letto subito prima di spendere: chiude lo scarto fra le due fonti di saldo,106.8913,,1
run2-tbt-10s/continentale,continentale,10,49,5,m1,1M1uMpgaw82fhzH6tz99Eybn5ydKoNaFrwXUvb,reconcile,-99.6467,treasury,riconciliazione al treasury: e' la R_k dell'epoca (Def. 6.7),7.2446,,1
run2-tbt-10s/continentale,continentale,10,49,5,m1,1M1uMpgaw82fhzH6tz99Eybn5ydKoNaFrwXUvb,fee,0.0662,rete (fee di blocco),"residuo fra il campione precedente e questo, una volta tolti i movimenti noti: e' la fee pagata (segno -) o incassata (segno +) nell'intervallo, non attribuibile a una singola transazione",7.3108,,1
run2-tbt-10s/continentale,continentale,10,52,5,m1,1M1uMpgaw82fhzH6tz99Eybn5ydKoNaFrwXUvb,fee,100.0,rete (fee di blocco),"residuo fra il campione precedente e questo, una volta tolti i movimenti noti: e' la fee pagata (segno -) o incassata (segno +) nell'intervallo, non attribuibile a una singola transazione",107.3108,,1
run2-tbt-10s/continentale,continentale,10,55,5,m1,1M1uMpgaw82fhzH6tz99Eybn5ydKoNaFrwXUvb,fee,-0.0764,rete (fee di blocco),"residuo fra il campione precedente e questo, una volta tolti i movimenti noti: e' la fee pagata (segno -) o incassata (segno +) nell'intervallo, non attribuibile a una singola transazione",107.2344,,1
run2-tbt-10s/continentale,continentale,10,61,6,m1,1M1uMpgaw82fhzH6tz99Eybn5ydKoNaFrwXUvb,refill,100.0,admin,rifornimento sotto soglia,207.2344,,1
run2-tbt-10s/continentale,continentale,10,61,6,m1,1M1uMpgaw82fhzH6tz99Eybn5ydKoNaFrwXUvb,fee,-100.0,rete (fee di blocco),residuo verso il saldo che il nodo stesso ha letto subito prima di spendere: chiude lo scarto fra le due fonti di saldo,107.2344,,1
run2-tbt-10s/continentale,continentale,10,61,6,m1,1M1uMpgaw82fhzH6tz99Eybn5ydKoNaFrwXUvb,reconcile,-99.9727,treasury,riconciliazione al treasury: e' la R_k dell'epoca (Def. 6.7),7.2617,,1
run2-tbt-10s/continentale,continentale,10,61,6,m1,1M1uMpgaw82fhzH6tz99Eybn5ydKoNaFrwXUvb,fee,-0.0746,rete (fee di blocco),"residuo fra il campione precedente e questo, una volta tolti i movimenti noti: e' la fee pagata (segno -) o incassata (segno +) nell'intervallo, non attribuibile a una singola transazione",7.1871,,1
run2-tbt-10s/continentale,continentale,10,64,6,m1,1M1uMpgaw82fhzH6tz99Eybn5ydKoNaFrwXUvb,fee,100.8236,rete (fee di blocco),"residuo fra il campione precedente e questo, una volta tolti i movimenti noti: e' la fee pagata (segno -) o incassata (segno +) nell'intervallo, non attribuibile a una singola transazione",108.0107,,1
run2-tbt-10s/continentale,continentale,10,66,6,m1,1M1uMpgaw82fhzH6tz99Eybn5ydKoNaFrwXUvb,fee,0.3402,rete (fee di blocco),"residuo fra il campione precedente e questo, una volta tolti i movimenti noti: e' la fee pagata (segno -) o incassata (segno +) nell'intervallo, non attribuibile a una singola transazione",108.3509,,1
run2-tbt-10s/continentale,continentale,10,69,6,m1,1M1uMpgaw82fhzH6tz99Eybn5ydKoNaFrwXUvb,fee,0.5168,rete (fee di blocco),"residuo fra il campione precedente e questo, una volta tolti i movimenti noti: e' la fee pagata (segno -) o incassata (segno +) nell'intervallo, non attribuibile a una singola transazione",108.8677,,1
run2-tbt-10s/continentale,continentale,10,72,7,m1,1M1uMpgaw82fhzH6tz99Eybn5ydKoNaFrwXUvb,refill,100.0,admin,rifornimento sotto soglia,208.8677,,1
run2-tbt-10s/continentale,continentale,10,72,7,m1,1M1uMpgaw82fhzH6tz99Eybn5ydKoNaFrwXUvb,fee,-201.8055,rete (fee di blocco),"residuo fra il campione precedente e questo, una volta tolti i movimenti noti: e' la fee pagata (segno -) o incassata (segno +) nell'intervallo, non attribuibile a una singola transazione",7.0622,,1
run2-tbt-10s/continentale,continentale,10,73,7,m1,1M1uMpgaw82fhzH6tz99Eybn5ydKoNaFrwXUvb,fee,101.8055,rete (fee di blocco),residuo verso il saldo che il nodo stesso ha letto subito prima di spendere: chiude lo scarto fra le due fonti di saldo,108.8677,,1
run2-tbt-10s/continentale,continentale,10,73,7,m1,1M1uMpgaw82fhzH6tz99Eybn5ydKoNaFrwXUvb,reconcile,-101.5243,treasury,riconciliazione al treasury: e' la R_k dell'epoca (Def. 6.7),7.3434,,1
run2-tbt-10s/continentale,continentale,10,75,7,m1,1M1uMpgaw82fhzH6tz99Eybn5ydKoNaFrwXUvb,fee,101.1314,rete (fee di blocco),"residuo fra il campione precedente e questo, una volta tolti i movimenti noti: e' la fee pagata (segno -) o incassata (segno +) nell'intervallo, non attribuibile a una singola transazione",108.4748,,1
run2-tbt-10s/continentale,continentale,10,78,7,m1,1M1uMpgaw82fhzH6tz99Eybn5ydKoNaFrwXUvb,fee,0.5372,rete (fee di blocco),"residuo fra il campione precedente e questo, una volta tolti i movimenti noti: e' la fee pagata (segno -) o incassata (segno +) nell'intervallo, non attribuibile a una singola transazione",109.012,,1
run2-tbt-10s/continentale,continentale,10,83,7,m1,1M1uMpgaw82fhzH6tz99Eybn5ydKoNaFrwXUvb,fee,0.7246,rete (fee di blocco),"residuo fra il campione precedente e questo, una volta tolti i movimenti noti: e' la fee pagata (segno -) o incassata (segno +) nell'intervallo, non attribuibile a una singola transazione",109.7366,,1
run2-tbt-10s/continentale,continentale,10,85,8,m1,1M1uMpgaw82fhzH6tz99Eybn5ydKoNaFrwXUvb,refill,100.0,admin,rifornimento sotto soglia,209.7366,,1
run2-tbt-10s/continentale,continentale,10,85,8,m1,1M1uMpgaw82fhzH6tz99Eybn5ydKoNaFrwXUvb,fee,-99.7768,rete (fee di blocco),residuo verso il saldo che il nodo stesso ha letto subito prima di spendere: chiude lo scarto fra le due fonti di saldo,109.9598,,1
run2-tbt-10s/continentale,continentale,10,85,8,m1,1M1uMpgaw82fhzH6tz99Eybn5ydKoNaFrwXUvb,reconcile,-102.5618,treasury,riconciliazione al treasury: e' la R_k dell'epoca (Def. 6.7),7.398,,1
run2-tbt-10s/continentale,continentale,10,85,8,m1,1M1uMpgaw82fhzH6tz99Eybn5ydKoNaFrwXUvb,fee,-0.193,rete (fee di blocco),"residuo fra il campione precedente e questo, una volta tolti i movimenti noti: e' la fee pagata (segno -) o incassata (segno +) nell'intervallo, non attribuibile a una singola transazione",7.205,,1
run2-tbt-10s/continentale,continentale,10,88,8,m1,1M1uMpgaw82fhzH6tz99Eybn5ydKoNaFrwXUvb,fee,101.1092,rete (fee di blocco),"residuo fra il campione precedente e questo, una volta tolti i movimenti noti: e' la fee pagata (segno -) o incassata (segno +) nell'intervallo, non attribuibile a una singola transazione",108.3142,,1
run2-tbt-10s/continentale,continentale,10,91,8,m1,1M1uMpgaw82fhzH6tz99Eybn5ydKoNaFrwXUvb,fee,0.628,rete (fee di blocco),"residuo fra il campione precedente e questo, una volta tolti i movimenti noti: e' la fee pagata (segno -) o incassata (segno +) nell'intervallo, non attribuibile a una singola transazione",108.9422,,1
run2-tbt-10s/continentale,continentale,10,94,8,m1,1M1uMpgaw82fhzH6tz99Eybn5ydKoNaFrwXUvb,fee,0.613,rete (fee di blocco),"residuo fra il campione precedente e questo, una volta tolti i movimenti noti: e' la fee pagata (segno -) o incassata (segno +) nell'intervallo, non attribuibile a una singola transazione",109.5552,,1
run2-tbt-10s/continentale,continentale,10,97,9,m1,1M1uMpgaw82fhzH6tz99Eybn5ydKoNaFrwXUvb,refill,100.0,admin,rifornimento sotto soglia,209.5552,,1
run2-tbt-10s/continentale,continentale,10,97,9,m1,1M1uMpgaw82fhzH6tz99Eybn5ydKoNaFrwXUvb,fee,-99.498,rete (fee di blocco),residuo verso il saldo che il nodo stesso ha letto subito prima di spendere: chiude lo scarto fra le due fonti di saldo,110.0572,,1
run2-tbt-10s/continentale,continentale,10,97,9,m1,1M1uMpgaw82fhzH6tz99Eybn5ydKoNaFrwXUvb,reconcile,-102.6543,treasury,riconciliazione al treasury: e' la R_k dell'epoca (Def. 6.7),7.4029,,1
run2-tbt-10s/continentale,continentale,10,97,9,m1,1M1uMpgaw82fhzH6tz99Eybn5ydKoNaFrwXUvb,fee,-0.3406,rete (fee di blocco),"residuo fra il campione precedente e questo, una volta tolti i movimenti noti: e' la fee pagata (segno -) o incassata (segno +) nell'intervallo, non attribuibile a una singola transazione",7.0623,,1
run2-tbt-10s/continentale,continentale,10,101,9,m1,1M1uMpgaw82fhzH6tz99Eybn5ydKoNaFrwXUvb,fee,101.084,rete (fee di blocco),"residuo fra il campione precedente e questo, una volta tolti i movimenti noti: e' la fee pagata (segno -) o incassata (segno +) nell'intervallo, non attribuibile a una singola transazione",108.1463,,1
run2-tbt-10s/continentale,continentale,10,103,9,m1,1M1uMpgaw82fhzH6tz99Eybn5ydKoNaFrwXUvb,fee,0.82,rete (fee di blocco),"residuo fra il campione precedente e questo, una volta tolti i movimenti noti: e' la fee pagata (segno -) o incassata (segno +) nell'intervallo, non attribuibile a una singola transazione",108.9663,,1
run2-tbt-10s/continentale,continentale,10,106,9,m1,1M1uMpgaw82fhzH6tz99Eybn5ydKoNaFrwXUvb,fee,0.6152,rete (fee di blocco),"residuo fra il campione precedente e questo, una volta tolti i movimenti noti: e' la fee pagata (segno -) o incassata (segno +) nell'intervallo, non attribuibile a una singola transazione",109.5815,,1
run2-tbt-10s/continentale,continentale,10,109,10,m1,1M1uMpgaw82fhzH6tz99Eybn5ydKoNaFrwXUvb,refill,100.0,admin,rifornimento sotto soglia,209.5815,,1
run2-tbt-10s/continentale,continentale,10,109,10,m1,1M1uMpgaw82fhzH6tz99Eybn5ydKoNaFrwXUvb,fee,-99.8322,rete (fee di blocco),residuo verso il saldo che il nodo stesso ha letto subito prima di spendere: chiude lo scarto fra le due fonti di saldo,109.7493,,1
run2-tbt-10s/continentale,continentale,10,109,10,m1,1M1uMpgaw82fhzH6tz99Eybn5ydKoNaFrwXUvb,reconcile,-102.3618,treasury,riconciliazione al treasury: e' la R_k dell'epoca (Def. 6.7),7.3875,,1
run2-tbt-10s/continentale,continentale,10,109,10,m1,1M1uMpgaw82fhzH6tz99Eybn5ydKoNaFrwXUvb,fee,0.4814,rete (fee di blocco),"residuo fra il campione precedente e questo, una volta tolti i movimenti noti: e' la fee pagata (segno -) o incassata (segno +) nell'intervallo, non attribuibile a una singola transazione",7.8689,,1
run2-tbt-10s/continentale,continentale,10,112,10,m1,1M1uMpgaw82fhzH6tz99Eybn5ydKoNaFrwXUvb,fee,100.1572,rete (fee di blocco),"residuo fra il campione precedente e questo, una volta tolti i movimenti noti: e' la fee pagata (segno -) o incassata (segno +) nell'intervallo, non attribuibile a una singola transazione",108.0261,,1
run2-tbt-10s/continentale,continentale,10,116,10,m1,1M1uMpgaw82fhzH6tz99Eybn5ydKoNaFrwXUvb,fee,0.092,rete (fee di blocco),"residuo fra il campione precedente e questo, una volta tolti i movimenti noti: e' la fee pagata (segno -) o incassata (segno +) nell'intervallo, non attribuibile a una singola transazione",108.1181,,1
run2-tbt-10s/continentale,continentale,10,118,10,m1,1M1uMpgaw82fhzH6tz99Eybn5ydKoNaFrwXUvb,fee,0.2802,rete (fee di blocco),"residuo fra il campione precedente e questo, una volta tolti i movimenti noti: e' la fee pagata (segno -) o incassata (segno +) nell'intervallo, non attribuibile a una singola transazione",108.3983,,1
run2-tbt-10s/continentale,continentale,10,120,11,m1,1M1uMpgaw82fhzH6tz99Eybn5ydKoNaFrwXUvb,refill,100.0,admin,rifornimento sotto soglia,208.3983,,1
run2-tbt-10s/continentale,continentale,10,120,11,m1,1M1uMpgaw82fhzH6tz99Eybn5ydKoNaFrwXUvb,fee,-201.2428,rete (fee di blocco),"residuo fra il campione precedente e questo, una volta tolti i movimenti noti: e' la fee pagata (segno -) o incassata (segno +) nell'intervallo, non attribuibile a una singola transazione",7.1555,,1
run2-tbt-10s/continentale,continentale,10,121,11,m1,1M1uMpgaw82fhzH6tz99Eybn5ydKoNaFrwXUvb,fee,101.8032,rete (fee di blocco),residuo verso il saldo che il nodo stesso ha letto subito prima di spendere: chiude lo scarto fra le due fonti di saldo,108.9587,,1
run2-tbt-10s/continentale,continentale,10,121,11,m1,1M1uMpgaw82fhzH6tz99Eybn5ydKoNaFrwXUvb,reconcile,-101.6108,treasury,riconciliazione al treasury: e' la R_k dell'epoca (Def. 6.7),7.3479,,1
run2-tbt-10s/continentale,continentale,10,124,11,m1,1M1uMpgaw82fhzH6tz99Eybn5ydKoNaFrwXUvb,fee,100.9762,rete (fee di blocco),"residuo fra il campione precedente e questo, una volta tolti i movimenti noti: e' la fee pagata (segno -) o incassata (segno +) nell'intervallo, non attribuibile a una singola transazione",108.3241,,1
run2-tbt-10s/continentale,continentale,10,127,11,m1,1M1uMpgaw82fhzH6tz99Eybn5ydKoNaFrwXUvb,fee,0.1122,rete (fee di blocco),"residuo fra il campione precedente e questo, una volta tolti i movimenti noti: e' la fee pagata (segno -) o incassata (segno +) nell'intervallo, non attribuibile a una singola transazione",108.4363,,1
run2-tbt-10s/continentale,continentale,10,133,12,m1,1M1uMpgaw82fhzH6tz99Eybn5ydKoNaFrwXUvb,refill,100.0,admin,rifornimento sotto soglia,208.4363,,1
run2-tbt-10s/continentale,continentale,10,133,12,m1,1M1uMpgaw82fhzH6tz99Eybn5ydKoNaFrwXUvb,fee,-99.3838,rete (fee di blocco),residuo verso il saldo che il nodo stesso ha letto subito prima di spendere: chiude lo scarto fra le due fonti di saldo,109.0525,,1
run2-tbt-10s/continentale,continentale,10,133,12,m1,1M1uMpgaw82fhzH6tz99Eybn5ydKoNaFrwXUvb,reconcile,-101.6999,treasury,riconciliazione al treasury: e' la R_k dell'epoca (Def. 6.7),7.3526,,1
run2-tbt-10s/continentale,continentale,10,133,12,m1,1M1uMpgaw82fhzH6tz99Eybn5ydKoNaFrwXUvb,fee,-0.402,rete (fee di blocco),"residuo fra il campione precedente e questo, una volta tolti i movimenti noti: e' la fee pagata (segno -) o incassata (segno +) nell'intervallo, non attribuibile a una singola transazione",6.9506,,1
run2-tbt-10s/continentale,continentale,10,136,12,m1,1M1uMpgaw82fhzH6tz99Eybn5ydKoNaFrwXUvb,fee,101.4048,rete (fee di blocco),"residuo fra il campione precedente e questo, una volta tolti i movimenti noti: e' la fee pagata (segno -) o incassata (segno +) nell'intervallo, non attribuibile a una singola transazione",108.3554,,1
run2-tbt-10s/continentale,continentale,10,139,12,m1,1M1uMpgaw82fhzH6tz99Eybn5ydKoNaFrwXUvb,fee,0.5244,rete (fee di blocco),"residuo fra il campione precedente e questo, una volta tolti i movimenti noti: e' la fee pagata (segno -) o incassata (segno +) nell'intervallo, non attribuibile a una singola transazione",108.8798,,1
run2-tbt-10s/continentale,continentale,10,142,12,m1,1M1uMpgaw82fhzH6tz99Eybn5ydKoNaFrwXUvb,fee,0.504,rete (fee di blocco),"residuo fra il campione precedente e questo, una volta tolti i movimenti noti: e' la fee pagata (segno -) o incassata (segno +) nell'intervallo, non attribuibile a una singola transazione",109.3838,,1
run2-tbt-10s/continentale,continentale,10,145,13,m1,1M1uMpgaw82fhzH6tz99Eybn5ydKoNaFrwXUvb,refill,100.0,admin,rifornimento sotto soglia,209.3838,,1
run2-tbt-10s/continentale,continentale,10,145,13,m1,1M1uMpgaw82fhzH6tz99Eybn5ydKoNaFrwXUvb,fee,-99.8878,rete (fee di blocco),residuo verso il saldo che il nodo stesso ha letto subito prima di spendere: chiude lo scarto fra le due fonti di saldo,109.496,,1
run2-tbt-10s/continentale,continentale,10,145,13,m1,1M1uMpgaw82fhzH6tz99Eybn5ydKoNaFrwXUvb,reconcile,-102.1212,treasury,riconciliazione al treasury: e' la R_k dell'epoca (Def. 6.7),7.3748,,1
run2-tbt-10s/continentale,continentale,10,145,13,m1,1M1uMpgaw82fhzH6tz99Eybn5ydKoNaFrwXUvb,fee,-0.2518,rete (fee di blocco),"residuo fra il campione precedente e questo, una volta tolti i movimenti noti: e' la fee pagata (segno -) o incassata (segno +) nell'intervallo, non attribuibile a una singola transazione",7.123,,1
run2-tbt-10s/continentale,continentale,10,147,13,m1,1M1uMpgaw82fhzH6tz99Eybn5ydKoNaFrwXUvb,fee,100.9466,rete (fee di blocco),"residuo fra il campione precedente e questo, una volta tolti i movimenti noti: e' la fee pagata (segno -) o incassata (segno +) nell'intervallo, non attribuibile a una singola transazione",108.0696,,1
run2-tbt-10s/continentale,continentale,10,150,13,m1,1M1uMpgaw82fhzH6tz99Eybn5ydKoNaFrwXUvb,fee,0.7354,rete (fee di blocco),"residuo fra il campione precedente e questo, una volta tolti i movimenti noti: e' la fee pagata (segno -) o incassata (segno +) nell'intervallo, non attribuibile a una singola transazione",108.805,,1
run2-tbt-10s/continentale,continentale,10,153,13,m1,1M1uMpgaw82fhzH6tz99Eybn5ydKoNaFrwXUvb,fee,0.4922,rete (fee di blocco),"residuo fra il campione precedente e questo, una volta tolti i movimenti noti: e' la fee pagata (segno -) o incassata (segno +) nell'intervallo, non attribuibile a una singola transazione",109.2972,,1
run2-tbt-10s/continentale,continentale,10,156,14,m1,1M1uMpgaw82fhzH6tz99Eybn5ydKoNaFrwXUvb,fee,0.5044,rete (fee di blocco),"residuo fra il campione precedente e questo, una volta tolti i movimenti noti: e' la fee pagata (segno -) o incassata (segno +) nell'intervallo, non attribuibile a una singola transazione",109.8016,,1
run2-tbt-10s/continentale,continentale,10,157,14,m1,1M1uMpgaw82fhzH6tz99Eybn5ydKoNaFrwXUvb,reconcile,-102.4115,treasury,riconciliazione al treasury: e' la R_k dell'epoca (Def. 6.7),7.3901,,1
run2-tbt-10s/continentale,continentale,10,158,14,m1,1M1uMpgaw82fhzH6tz99Eybn5ydKoNaFrwXUvb,refill,100.0,admin,rifornimento sotto soglia,107.3901,,1
run2-tbt-10s/continentale,continentale,10,158,14,m1,1M1uMpgaw82fhzH6tz99Eybn5ydKoNaFrwXUvb,fee,-100.3108,rete (fee di blocco),"residuo fra il campione precedente e questo, una volta tolti i movimenti noti: e' la fee pagata (segno -) o incassata (segno +) nell'intervallo, non attribuibile a una singola transazione",7.0793,,1
run2-tbt-10s/continentale,continentale,10,162,14,m1,1M1uMpgaw82fhzH6tz99Eybn5ydKoNaFrwXUvb,fee,100.1636,rete (fee di blocco),"residuo fra il campione precedente e questo, una volta tolti i movimenti noti: e' la fee pagata (segno -) o incassata (segno +) nell'intervallo, non attribuibile a una singola transazione",107.2429,,1
run2-tbt-10s/continentale,continentale,10,164,14,m1,1M1uMpgaw82fhzH6tz99Eybn5ydKoNaFrwXUvb,fee,0.5976,rete (fee di blocco),"residuo fra il campione precedente e questo, una volta tolti i movimenti noti: e' la fee pagata (segno -) o incassata (segno +) nell'intervallo, non attribuibile a una singola transazione",107.8405,,1
run2-tbt-10s/continentale,continentale,10,167,14,m1,1M1uMpgaw82fhzH6tz99Eybn5ydKoNaFrwXUvb,fee,0.6166,rete (fee di blocco),"residuo fra il campione precedente e questo, una volta tolti i movimenti noti: e' la fee pagata (segno -) o incassata (segno +) nell'intervallo, non attribuibile a una singola transazione",108.4571,,1
run2-tbt-10s/continentale,continentale,10,169,15,m1,1M1uMpgaw82fhzH6tz99Eybn5ydKoNaFrwXUvb,fee,0.1682,rete (fee di blocco),residuo verso il saldo che il nodo stesso ha letto subito prima di spendere: chiude lo scarto fra le due fonti di saldo,108.6253,,1
run2-tbt-10s/continentale,continentale,10,169,15,m1,1M1uMpgaw82fhzH6tz99Eybn5ydKoNaFrwXUvb,reconcile,-101.294,treasury,riconciliazione al treasury: e' la R_k dell'epoca (Def. 6.7),7.3313,,1
run2-tbt-10s/continentale,continentale,10,170,15,m1,1M1uMpgaw82fhzH6tz99Eybn5ydKoNaFrwXUvb,refill,100.0,admin,rifornimento sotto soglia,107.3313,,1
run2-tbt-10s/continentale,continentale,10,170,15,m1,1M1uMpgaw82fhzH6tz99Eybn5ydKoNaFrwXUvb,fee,-100.2518,rete (fee di blocco),"residuo fra il campione precedente e questo, una volta tolti i movimenti noti: e' la fee pagata (segno -) o incassata (segno +) nell'intervallo, non attribuibile a una singola transazione",7.0795,,1
run2-tbt-10s/continentale,continentale,10,173,15,m1,1M1uMpgaw82fhzH6tz99Eybn5ydKoNaFrwXUvb,fee,100.4326,rete (fee di blocco),"residuo fra il campione precedente e questo, una volta tolti i movimenti noti: e' la fee pagata (segno -) o incassata (segno +) nell'intervallo, non attribuibile a una singola transazione",107.5121,,1
run2-tbt-10s/continentale,continentale,10,175,15,m1,1M1uMpgaw82fhzH6tz99Eybn5ydKoNaFrwXUvb,fee,0.99,rete (fee di blocco),"residuo fra il campione precedente e questo, una volta tolti i movimenti noti: e' la fee pagata (segno -) o incassata (segno +) nell'intervallo, non attribuibile a una singola transazione",108.5021,,1
run2-tbt-10s/continentale,continentale,10,178,15,m1,1M1uMpgaw82fhzH6tz99Eybn5ydKoNaFrwXUvb,fee,0.5046,rete (fee di blocco),"residuo fra il campione precedente e questo, una volta tolti i movimenti noti: e' la fee pagata (segno -) o incassata (segno +) nell'intervallo, non attribuibile a una singola transazione",109.0067,,1
run2-tbt-10s/continentale,continentale,10,181,16,m1,1M1uMpgaw82fhzH6tz99Eybn5ydKoNaFrwXUvb,refill,100.0,admin,rifornimento sotto soglia,209.0067,,1
run2-tbt-10s/continentale,continentale,10,181,16,m1,1M1uMpgaw82fhzH6tz99Eybn5ydKoNaFrwXUvb,fee,-99.5514,rete (fee di blocco),residuo verso il saldo che il nodo stesso ha letto subito prima di spendere: chiude lo scarto fra le due fonti di saldo,109.4553,,1
run2-tbt-10s/continentale,continentale,10,181,16,m1,1M1uMpgaw82fhzH6tz99Eybn5ydKoNaFrwXUvb,reconcile,-102.0825,treasury,riconciliazione al treasury: e' la R_k dell'epoca (Def. 6.7),7.3728,,1
run2-tbt-10s/continentale,continentale,10,181,16,m1,1M1uMpgaw82fhzH6tz99Eybn5ydKoNaFrwXUvb,fee,-0.1136,rete (fee di blocco),"residuo fra il campione precedente e questo, una volta tolti i movimenti noti: e' la fee pagata (segno -) o incassata (segno +) nell'intervallo, non attribuibile a una singola transazione",7.2592,,1
run2-tbt-10s/continentale,continentale,10,183,16,m1,1M1uMpgaw82fhzH6tz99Eybn5ydKoNaFrwXUvb,fee,101.1442,rete (fee di blocco),"residuo fra il campione precedente e questo, una volta tolti i movimenti noti: e' la fee pagata (segno -) o incassata (segno +) nell'intervallo, non attribuibile a una singola transazione",108.4034,,1
run2-tbt-10s/continentale,continentale,10,186,16,m1,1M1uMpgaw82fhzH6tz99Eybn5ydKoNaFrwXUvb,fee,0.399,rete (fee di blocco),"residuo fra il campione precedente e questo, una volta tolti i movimenti noti: e' la fee pagata (segno -) o incassata (segno +) nell'intervallo, non attribuibile a una singola transazione",108.8024,,1
run2-tbt-10s/continentale,continentale,10,189,16,m1,1M1uMpgaw82fhzH6tz99Eybn5ydKoNaFrwXUvb,fee,0.5614,rete (fee di blocco),"residuo fra il campione precedente e questo, una volta tolti i movimenti noti: e' la fee pagata (segno -) o incassata (segno +) nell'intervallo, non attribuibile a una singola transazione",109.3638,,1
run2-tbt-10s/continentale,continentale,10,192,17,m1,1M1uMpgaw82fhzH6tz99Eybn5ydKoNaFrwXUvb,refill,100.0,admin,rifornimento sotto soglia,209.3638,,1
run2-tbt-10s/continentale,continentale,10,192,17,m1,1M1uMpgaw82fhzH6tz99Eybn5ydKoNaFrwXUvb,fee,-202.3758,rete (fee di blocco),"residuo fra il campione precedente e questo, una volta tolti i movimenti noti: e' la fee pagata (segno -) o incassata (segno +) nell'intervallo, non attribuibile a una singola transazione",6.988,,1
run2-tbt-10s/continentale,continentale,10,193,17,m1,1M1uMpgaw82fhzH6tz99Eybn5ydKoNaFrwXUvb,fee,102.7684,rete (fee di blocco),residuo verso il saldo che il nodo stesso ha letto subito prima di spendere: chiude lo scarto fra le due fonti di saldo,109.7564,,1
run2-tbt-10s/continentale,continentale,10,193,17,m1,1M1uMpgaw82fhzH6tz99Eybn5ydKoNaFrwXUvb,reconcile,-102.3686,treasury,riconciliazione al treasury: e' la R_k dell'epoca (Def. 6.7),7.3878,,1
run2-tbt-10s/continentale,continentale,10,195,17,m1,1M1uMpgaw82fhzH6tz99Eybn5ydKoNaFrwXUvb,fee,100.7416,rete (fee di blocco),"residuo fra il campione precedente e questo, una volta tolti i movimenti noti: e' la fee pagata (segno -) o incassata (segno +) nell'intervallo, non attribuibile a una singola transazione",108.1294,,1
run2-tbt-10s/continentale,continentale,10,198,17,m1,1M1uMpgaw82fhzH6tz99Eybn5ydKoNaFrwXUvb,fee,0.0064,rete (fee di blocco),"residuo fra il campione precedente e questo, una volta tolti i movimenti noti: e' la fee pagata (segno -) o incassata (segno +) nell'intervallo, non attribuibile a una singola transazione",108.1358,,1
run2-tbt-10s/continentale,continentale,10,200,17,m1,1M1uMpgaw82fhzH6tz99Eybn5ydKoNaFrwXUvb,fee,0.822,rete (fee di blocco),"residuo fra il campione precedente e questo, una volta tolti i movimenti noti: e' la fee pagata (segno -) o incassata (segno +) nell'intervallo, non attribuibile a una singola transazione",108.9578,,1
run2-tbt-10s/continentale,continentale,10,205,18,m1,1M1uMpgaw82fhzH6tz99Eybn5ydKoNaFrwXUvb,refill,100.0,admin,rifornimento sotto soglia,208.9578,,1
run2-tbt-10s/continentale,continentale,10,205,18,m1,1M1uMpgaw82fhzH6tz99Eybn5ydKoNaFrwXUvb,fee,-99.888,rete (fee di blocco),residuo verso il saldo che il nodo stesso ha letto subito prima di spendere: chiude lo scarto fra le due fonti di saldo,109.0698,,1
run2-tbt-10s/continentale,continentale,10,205,18,m1,1M1uMpgaw82fhzH6tz99Eybn5ydKoNaFrwXUvb,reconcile,-101.7163,treasury,riconciliazione al treasury: e' la R_k dell'epoca (Def. 6.7),7.3535,,1
run2-tbt-10s/continentale,continentale,10,205,18,m1,1M1uMpgaw82fhzH6tz99Eybn5ydKoNaFrwXUvb,fee,-0.3108,rete (fee di blocco),"residuo fra il campione precedente e questo, una volta tolti i movimenti noti: e' la fee pagata (segno -) o incassata (segno +) nell'intervallo, non attribuibile a una singola transazione",7.0427,,1
run2-tbt-10s/continentale,continentale,10,208,18,m1,1M1uMpgaw82fhzH6tz99Eybn5ydKoNaFrwXUvb,fee,100.7934,rete (fee di blocco),"residuo fra il campione precedente e questo, una volta tolti i movimenti noti: e' la fee pagata (segno -) o incassata (segno +) nell'intervallo, non attribuibile a una singola transazione",107.8361,,1
run2-tbt-10s/continentale,continentale,10,211,18,m1,1M1uMpgaw82fhzH6tz99Eybn5ydKoNaFrwXUvb,fee,0.4552,rete (fee di blocco),"residuo fra il campione precedente e questo, una volta tolti i movimenti noti: e' la fee pagata (segno -) o incassata (segno +) nell'intervallo, non attribuibile a una singola transazione",108.2913,,1
run2-tbt-10s/continentale,continentale,10,213,18,m1,1M1uMpgaw82fhzH6tz99Eybn5ydKoNaFrwXUvb,fee,0.2246,rete (fee di blocco),"residuo fra il campione precedente e questo, una volta tolti i movimenti noti: e' la fee pagata (segno -) o incassata (segno +) nell'intervallo, non attribuibile a una singola transazione",108.5159,,1
run2-tbt-10s/continentale,continentale,10,216,19,m1,1M1uMpgaw82fhzH6tz99Eybn5ydKoNaFrwXUvb,fee,0.3924,rete (fee di blocco),"residuo fra il campione precedente e questo, una volta tolti i movimenti noti: e' la fee pagata (segno -) o incassata (segno +) nell'intervallo, non attribuibile a una singola transazione",108.9083,,1
run2-tbt-10s/continentale,continentale,10,217,19,m1,1M1uMpgaw82fhzH6tz99Eybn5ydKoNaFrwXUvb,reconcile,-101.5629,treasury,riconciliazione al treasury: e' la R_k dell'epoca (Def. 6.7),7.3454,,1
run2-tbt-10s/continentale,continentale,10,219,19,m1,1M1uMpgaw82fhzH6tz99Eybn5ydKoNaFrwXUvb,refill,100.0,admin,rifornimento sotto soglia,107.3454,,1
run2-tbt-10s/continentale,continentale,10,219,19,m1,1M1uMpgaw82fhzH6tz99Eybn5ydKoNaFrwXUvb,fee,-99.2362,rete (fee di blocco),"residuo fra il campione precedente e questo, una volta tolti i movimenti noti: e' la fee pagata (segno -) o incassata (segno +) nell'intervallo, non attribuibile a una singola transazione",8.1092,,1
run2-tbt-10s/continentale,continentale,10,222,19,m1,1M1uMpgaw82fhzH6tz99Eybn5ydKoNaFrwXUvb,fee,100.0626,rete (fee di blocco),"residuo fra il campione precedente e questo, una volta tolti i movimenti noti: e' la fee pagata (segno -) o incassata (segno +) nell'intervallo, non attribuibile a una singola transazione",108.1718,,1
run2-tbt-10s/continentale,continentale,10,224,19,m1,1M1uMpgaw82fhzH6tz99Eybn5ydKoNaFrwXUvb,fee,0.2242,rete (fee di blocco),"residuo fra il campione precedente e questo, una volta tolti i movimenti noti: e' la fee pagata (segno -) o incassata (segno +) nell'intervallo, non attribuibile a una singola transazione",108.396,,1
run2-tbt-10s/continentale,continentale,10,227,19,m1,1M1uMpgaw82fhzH6tz99Eybn5ydKoNaFrwXUvb,fee,0.112,rete (fee di blocco),"residuo fra il campione precedente e questo, una volta tolti i movimenti noti: e' la fee pagata (segno -) o incassata (segno +) nell'intervallo, non attribuibile a una singola transazione",108.508,,1
run2-tbt-10s/continentale,continentale,10,229,20,m1,1M1uMpgaw82fhzH6tz99Eybn5ydKoNaFrwXUvb,refill,100.0,admin,rifornimento sotto soglia,208.508,,1
run2-tbt-10s/continentale,continentale,10,229,20,m1,1M1uMpgaw82fhzH6tz99Eybn5ydKoNaFrwXUvb,fee,-100.0,rete (fee di blocco),residuo verso il saldo che il nodo stesso ha letto subito prima di spendere: chiude lo scarto fra le due fonti di saldo,108.508,,1
run2-tbt-10s/continentale,continentale,10,229,20,m1,1M1uMpgaw82fhzH6tz99Eybn5ydKoNaFrwXUvb,reconcile,-101.1826,treasury,riconciliazione al treasury: e' la R_k dell'epoca (Def. 6.7),7.3254,,1
run2-tbt-10s/continentale,continentale,10,229,20,m1,1M1uMpgaw82fhzH6tz99Eybn5ydKoNaFrwXUvb,fee,-0.0272,rete (fee di blocco),"residuo fra il campione precedente e questo, una volta tolti i movimenti noti: e' la fee pagata (segno -) o incassata (segno +) nell'intervallo, non attribuibile a una singola transazione",7.2982,,1
run2-tbt-10s/continentale,continentale,10,232,20,m1,1M1uMpgaw82fhzH6tz99Eybn5ydKoNaFrwXUvb,fee,100.947,rete (fee di blocco),"residuo fra il campione precedente e questo, una volta tolti i movimenti noti: e' la fee pagata (segno -) o incassata (segno +) nell'intervallo, non attribuibile a una singola transazione",108.2452,,1
run2-tbt-10s/continentale,continentale,10,235,20,m1,1M1uMpgaw82fhzH6tz99Eybn5ydKoNaFrwXUvb,fee,0.2742,rete (fee di blocco),"residuo fra il campione precedente e questo, una volta tolti i movimenti noti: e' la fee pagata (segno -) o incassata (segno +) nell'intervallo, non attribuibile a una singola transazione",108.5194,,1
run2-tbt-10s/continentale,continentale,10,239,20,m1,1M1uMpgaw82fhzH6tz99Eybn5ydKoNaFrwXUvb,fee,0.168,rete (fee di blocco),"residuo fra il campione precedente e questo, una volta tolti i movimenti noti: e' la fee pagata (segno -) o incassata (segno +) nell'intervallo, non attribuibile a una singola transazione",108.6874,,1
run2-tbt-10s/continentale,continentale,10,242,21,m1,1M1uMpgaw82fhzH6tz99Eybn5ydKoNaFrwXUvb,refill,100.0,admin,rifornimento sotto soglia,208.6874,,1
run2-tbt-10s/continentale,continentale,10,242,21,m1,1M1uMpgaw82fhzH6tz99Eybn5ydKoNaFrwXUvb,fee,-100.0,rete (fee di blocco),residuo verso il saldo che il nodo stesso ha letto subito prima di spendere: chiude lo scarto fra le due fonti di saldo,108.6874,,1
run2-tbt-10s/continentale,continentale,10,242,21,m1,1M1uMpgaw82fhzH6tz99Eybn5ydKoNaFrwXUvb,reconcile,-101.353,treasury,riconciliazione al treasury: e' la R_k dell'epoca (Def. 6.7),7.3344,,1
run2-tbt-10s/continentale,continentale,10,242,21,m1,1M1uMpgaw82fhzH6tz99Eybn5ydKoNaFrwXUvb,fee,-0.1098,rete (fee di blocco),"residuo fra il campione precedente e questo, una volta tolti i movimenti noti: e' la fee pagata (segno -) o incassata (segno +) nell'intervallo, non attribuibile a una singola transazione",7.2246,,1
run2-tbt-10s/continentale,continentale,10,245,21,m1,1M1uMpgaw82fhzH6tz99Eybn5ydKoNaFrwXUvb,fee,100.5822,rete (fee di blocco),"residuo fra il campione precedente e questo, una volta tolti i movimenti noti: e' la fee pagata (segno -) o incassata (segno +) nell'intervallo, non attribuibile a una singola transazione",107.8068,,1
run2-tbt-10s/continentale,continentale,10,247,21,m1,1M1uMpgaw82fhzH6tz99Eybn5ydKoNaFrwXUvb,fee,0.611,rete (fee di blocco),"residuo fra il campione precedente e questo, una volta tolti i movimenti noti: e' la fee pagata (segno -) o incassata (segno +) nell'intervallo, non attribuibile a una singola transazione",108.4178,,1
run2-tbt-10s/continentale,continentale,10,250,21,m1,1M1uMpgaw82fhzH6tz99Eybn5ydKoNaFrwXUvb,fee,0.1686,rete (fee di blocco),"residuo fra il campione precedente e questo, una volta tolti i movimenti noti: e' la fee pagata (segno -) o incassata (segno +) nell'intervallo, non attribuibile a una singola transazione",108.5864,,1
run2-tbt-10s/continentale,continentale,10,253,22,m1,1M1uMpgaw82fhzH6tz99Eybn5ydKoNaFrwXUvb,fee,0.3368,rete (fee di blocco),residuo verso il saldo che il nodo stesso ha letto subito prima di spendere: chiude lo scarto fra le due fonti di saldo,108.9232,,1
run2-tbt-10s/continentale,continentale,10,253,22,m1,1M1uMpgaw82fhzH6tz99Eybn5ydKoNaFrwXUvb,reconcile,-101.577,treasury,riconciliazione al treasury: e' la R_k dell'epoca (Def. 6.7),7.3462,,1
run2-tbt-10s/continentale,continentale,10,254,22,m1,1M1uMpgaw82fhzH6tz99Eybn5ydKoNaFrwXUvb,refill,100.0,admin,rifornimento sotto soglia,107.3462,,1
run2-tbt-10s/continentale,continentale,10,254,22,m1,1M1uMpgaw82fhzH6tz99Eybn5ydKoNaFrwXUvb,fee,-99.6072,rete (fee di blocco),"residuo fra il campione precedente e questo, una volta tolti i movimenti noti: e' la fee pagata (segno -) o incassata (segno +) nell'intervallo, non attribuibile a una singola transazione",7.739,,1
run2-tbt-10s/continentale,continentale,10,257,22,m1,1M1uMpgaw82fhzH6tz99Eybn5ydKoNaFrwXUvb,fee,100.6916,rete (fee di blocco),"residuo fra il campione precedente e questo, una volta tolti i movimenti noti: e' la fee pagata (segno -) o incassata (segno +) nell'intervallo, non attribuibile a una singola transazione",108.4306,,1
run2-tbt-10s/continentale,continentale,10,261,22,m1,1M1uMpgaw82fhzH6tz99Eybn5ydKoNaFrwXUvb,fee,0.5052,rete (fee di blocco),"residuo fra il campione precedente e questo, una volta tolti i movimenti noti: e' la fee pagata (segno -) o incassata (segno +) nell'intervallo, non attribuibile a una singola transazione",108.9358,,1
run2-tbt-10s/continentale,continentale,10,263,22,m1,1M1uMpgaw82fhzH6tz99Eybn5ydKoNaFrwXUvb,fee,0.5052,rete (fee di blocco),"residuo fra il campione precedente e questo, una volta tolti i movimenti noti: e' la fee pagata (segno -) o incassata (segno +) nell'intervallo, non attribuibile a una singola transazione",109.441,,1
run2-tbt-10s/continentale,continentale,10,265,23,m1,1M1uMpgaw82fhzH6tz99Eybn5ydKoNaFrwXUvb,reconcile,-102.069,treasury,riconciliazione al treasury: e' la R_k dell'epoca (Def. 6.7),7.372,,1
run2-tbt-10s/continentale,continentale,10,266,23,m1,1M1uMpgaw82fhzH6tz99Eybn5ydKoNaFrwXUvb,refill,100.0,admin,rifornimento sotto soglia,107.372,,1
run2-tbt-10s/continentale,continentale,10,266,23,m1,1M1uMpgaw82fhzH6tz99Eybn5ydKoNaFrwXUvb,fee,-99.517,rete (fee di blocco),"residuo fra il campione precedente e questo, una volta tolti i movimenti noti: e' la fee pagata (segno -) o incassata (segno +) nell'intervallo, non attribuibile a una singola transazione",7.855,,1
run2-tbt-10s/continentale,continentale,10,270,23,m1,1M1uMpgaw82fhzH6tz99Eybn5ydKoNaFrwXUvb,fee,100.5568,rete (fee di blocco),"residuo fra il campione precedente e questo, una volta tolti i movimenti noti: e' la fee pagata (segno -) o incassata (segno +) nell'intervallo, non attribuibile a una singola transazione",108.4118,,1
run2-tbt-10s/continentale,continentale,10,273,23,m1,1M1uMpgaw82fhzH6tz99Eybn5ydKoNaFrwXUvb,fee,0.7662,rete (fee di blocco),"residuo fra il campione precedente e questo, una volta tolti i movimenti noti: e' la fee pagata (segno -) o incassata (segno +) nell'intervallo, non attribuibile a una singola transazione",109.178,,1
run2-tbt-10s/continentale,continentale,10,276,24,m1,1M1uMpgaw82fhzH6tz99Eybn5ydKoNaFrwXUvb,fee,0.6738,rete (fee di blocco),"residuo fra il campione precedente e questo, una volta tolti i movimenti noti: e' la fee pagata (segno -) o incassata (segno +) nell'intervallo, non attribuibile a una singola transazione",109.8518,,1
run2-tbt-10s/continentale,continentale,10,278,24,m1,1M1uMpgaw82fhzH6tz99Eybn5ydKoNaFrwXUvb,fee,0.281,rete (fee di blocco),residuo verso il saldo che il nodo stesso ha letto subito prima di spendere: chiude lo scarto fra le due fonti di saldo,110.1328,,1
run2-tbt-10s/continentale,continentale,10,278,24,m1,1M1uMpgaw82fhzH6tz99Eybn5ydKoNaFrwXUvb,reconcile,-102.7262,treasury,riconciliazione al treasury: e' la R_k dell'epoca (Def. 6.7),7.4066,,1
run2-tbt-10s/continentale,continentale,10,279,24,m1,1M1uMpgaw82fhzH6tz99Eybn5ydKoNaFrwXUvb,refill,100.0,admin,rifornimento sotto soglia,107.4066,,1
run2-tbt-10s/continentale,continentale,10,279,24,m1,1M1uMpgaw82fhzH6tz99Eybn5ydKoNaFrwXUvb,fee,-99.5168,rete (fee di blocco),"residuo fra il campione precedente e questo, una volta tolti i movimenti noti: e' la fee pagata (segno -) o incassata (segno +) nell'intervallo, non attribuibile a una singola transazione",7.8898,,1
run2-tbt-10s/continentale,continentale,10,282,24,m1,1M1uMpgaw82fhzH6tz99Eybn5ydKoNaFrwXUvb,fee,99.8938,rete (fee di blocco),"residuo fra il campione precedente e questo, una volta tolti i movimenti noti: e' la fee pagata (segno -) o incassata (segno +) nell'intervallo, non attribuibile a una singola transazione",107.7836,,1
run2-tbt-10s/continentale,continentale,10,284,24,m1,1M1uMpgaw82fhzH6tz99Eybn5ydKoNaFrwXUvb,fee,0.6818,rete (fee di blocco),"residuo fra il campione precedente e questo, una volta tolti i movimenti noti: e' la fee pagata (segno -) o incassata (segno +) nell'intervallo, non attribuibile a una singola transazione",108.4654,,1
run2-tbt-10s/continentale,continentale,10,287,24,m1,1M1uMpgaw82fhzH6tz99Eybn5ydKoNaFrwXUvb,fee,0.842,rete (fee di blocco),"residuo fra il campione precedente e questo, una volta tolti i movimenti noti: e' la fee pagata (segno -) o incassata (segno +) nell'intervallo, non attribuibile a una singola transazione",109.3074,,1
run2-tbt-10s/continentale,continentale,10,289,25,m1,1M1uMpgaw82fhzH6tz99Eybn5ydKoNaFrwXUvb,refill,100.0,admin,rifornimento sotto soglia,209.3074,,1
run2-tbt-10s/continentale,continentale,10,289,25,m1,1M1uMpgaw82fhzH6tz99Eybn5ydKoNaFrwXUvb,fee,-99.663,rete (fee di blocco),residuo verso il saldo che il nodo stesso ha letto subito prima di spendere: chiude lo scarto fra le due fonti di saldo,109.6444,,1
run2-tbt-10s/continentale,continentale,10,289,25,m1,1M1uMpgaw82fhzH6tz99Eybn5ydKoNaFrwXUvb,reconcile,-102.2622,treasury,riconciliazione al treasury: e' la R_k dell'epoca (Def. 6.7),7.3822,,1
run2-tbt-10s/continentale,continentale,10,289,25,m1,1M1uMpgaw82fhzH6tz99Eybn5ydKoNaFrwXUvb,fee,1.0164,rete (fee di blocco),"residuo fra il campione precedente e questo, una volta tolti i movimenti noti: e' la fee pagata (segno -) o incassata (segno +) nell'intervallo, non attribuibile a una singola transazione",8.3986,,1
run2-tbt-10s/continentale,continentale,10,292,25,m1,1M1uMpgaw82fhzH6tz99Eybn5ydKoNaFrwXUvb,fee,100.1684,rete (fee di blocco),"residuo fra il campione precedente e questo, una volta tolti i movimenti noti: e' la fee pagata (segno -) o incassata (segno +) nell'intervallo, non attribuibile a una singola transazione",108.567,,1
run2-tbt-10s/continentale,continentale,10,295,25,m1,1M1uMpgaw82fhzH6tz99Eybn5ydKoNaFrwXUvb,fee,0.5758,rete (fee di blocco),"residuo fra il campione precedente e questo, una volta tolti i movimenti noti: e' la fee pagata (segno -) o incassata (segno +) nell'intervallo, non attribuibile a una singola transazione",109.1428,,1
run2-tbt-10s/continentale,continentale,10,298,25,m1,1M1uMpgaw82fhzH6tz99Eybn5ydKoNaFrwXUvb,fee,0.4492,rete (fee di blocco),"residuo fra il campione precedente e questo, una volta tolti i movimenti noti: e' la fee pagata (segno -) o incassata (segno +) nell'intervallo, non attribuibile a una singola transazione",109.592,,1
run2-tbt-10s/continentale,continentale,10,300,26,m1,1M1uMpgaw82fhzH6tz99Eybn5ydKoNaFrwXUvb,refill,100.0,admin,rifornimento sotto soglia,209.592,,1
run2-tbt-10s/continentale,continentale,10,300,26,m1,1M1uMpgaw82fhzH6tz99Eybn5ydKoNaFrwXUvb,fee,-202.092,rete (fee di blocco),"residuo fra il campione precedente e questo, una volta tolti i movimenti noti: e' la fee pagata (segno -) o incassata (segno +) nell'intervallo, non attribuibile a una singola transazione",7.5,,1
run2-tbt-10s/continentale,continentale,10,301,26,m1,1M1uMpgaw82fhzH6tz99Eybn5ydKoNaFrwXUvb,fee,102.2044,rete (fee di blocco),residuo verso il saldo che il nodo stesso ha letto subito prima di spendere: chiude lo scarto fra le due fonti di saldo,109.7044,,1
run2-tbt-10s/continentale,continentale,10,301,26,m1,1M1uMpgaw82fhzH6tz99Eybn5ydKoNaFrwXUvb,reconcile,-102.3192,treasury,riconciliazione al treasury: e' la R_k dell'epoca (Def. 6.7),7.3852,,1
run2-tbt-10s/continentale,continentale,10,303,26,m1,1M1uMpgaw82fhzH6tz99Eybn5ydKoNaFrwXUvb,fee,100.9774,rete (fee di blocco),"residuo fra il campione precedente e questo, una volta tolti i movimenti noti: e' la fee pagata (segno -) o incassata (segno +) nell'intervallo, non attribuibile a una singola transazione",108.3626,,1
run2-tbt-10s/continentale,continentale,10,305,26,m1,1M1uMpgaw82fhzH6tz99Eybn5ydKoNaFrwXUvb,fee,0.3728,rete (fee di blocco),"residuo fra il campione precedente e questo, una volta tolti i movimenti noti: e' la fee pagata (segno -) o incassata (segno +) nell'intervallo, non attribuibile a una singola transazione",108.7354,,1
run2-tbt-10s/continentale,continentale,10,308,26,m1,1M1uMpgaw82fhzH6tz99Eybn5ydKoNaFrwXUvb,fee,1.1312,rete (fee di blocco),"residuo fra il campione precedente e questo, una volta tolti i movimenti noti: e' la fee pagata (segno -) o incassata (segno +) nell'intervallo, non attribuibile a una singola transazione",109.8666,,1
run2-tbt-10s/continentale,continentale,10,311,26,m1,1M1uMpgaw82fhzH6tz99Eybn5ydKoNaFrwXUvb,fee,0.6174,rete (fee di blocco),"residuo fra il campione precedente e questo, una volta tolti i movimenti noti: e' la fee pagata (segno -) o incassata (segno +) nell'intervallo, non attribuibile a una singola transazione",110.484,,1
run2-tbt-10s/continentale,continentale,10,314,27,m1,1M1uMpgaw82fhzH6tz99Eybn5ydKoNaFrwXUvb,refill,100.0,admin,rifornimento sotto soglia,210.484,,1
run2-tbt-10s/continentale,continentale,10,314,27,m1,1M1uMpgaw82fhzH6tz99Eybn5ydKoNaFrwXUvb,fee,-100.0,rete (fee di blocco),residuo verso il saldo che il nodo stesso ha letto subito prima di spendere: chiude lo scarto fra le due fonti di saldo,110.484,,1
run2-tbt-10s/continentale,continentale,10,314,27,m1,1M1uMpgaw82fhzH6tz99Eybn5ydKoNaFrwXUvb,reconcile,-103.0598,treasury,riconciliazione al treasury: e' la R_k dell'epoca (Def. 6.7),7.4242,,1
run2-tbt-10s/continentale,continentale,10,314,27,m1,1M1uMpgaw82fhzH6tz99Eybn5ydKoNaFrwXUvb,fee,-0.3694,rete (fee di blocco),"residuo fra il campione precedente e questo, una volta tolti i movimenti noti: e' la fee pagata (segno -) o incassata (segno +) nell'intervallo, non attribuibile a una singola transazione",7.0548,,1
run2-tbt-10s/continentale,continentale,10,317,27,m1,1M1uMpgaw82fhzH6tz99Eybn5ydKoNaFrwXUvb,fee,100.837,rete (fee di blocco),"residuo fra il campione precedente e questo, una volta tolti i movimenti noti: e' la fee pagata (segno -) o incassata (segno +) nell'intervallo, non attribuibile a una singola transazione",107.8918,,1
run2-tbt-10s/continentale,continentale,10,320,27,m1,1M1uMpgaw82fhzH6tz99Eybn5ydKoNaFrwXUvb,fee,0.437,rete (fee di blocco),"residuo fra il campione precedente e questo, una volta tolti i movimenti noti: e' la fee pagata (segno -) o incassata (segno +) nell'intervallo, non attribuibile a una singola transazione",108.3288,,1
run2-tbt-10s/continentale,continentale,10,323,27,m1,1M1uMpgaw82fhzH6tz99Eybn5ydKoNaFrwXUvb,fee,0.1686,rete (fee di blocco),"residuo fra il campione precedente e questo, una volta tolti i movimenti noti: e' la fee pagata (segno -) o incassata (segno +) nell'intervallo, non attribuibile a una singola transazione",108.4974,,1
run2-tbt-10s/continentale,continentale,10,324,28,m1,1M1uMpgaw82fhzH6tz99Eybn5ydKoNaFrwXUvb,fee,-0.4375,rete (fee di blocco),"residuo fino al saldo di fine run letto da node_state.csv: per l'admin e' l'unica misura disponibile, gas_balances.csv non lo campiona",108.4974,,1
run2-tbt-10s/continentale,continentale,10,325,28,m1,1M1uMpgaw82fhzH6tz99Eybn5ydKoNaFrwXUvb,refill,100.0,admin,rifornimento sotto soglia,208.4974,,1
run2-tbt-10s/continentale,continentale,10,325,28,m1,1M1uMpgaw82fhzH6tz99Eybn5ydKoNaFrwXUvb,fee,-100.0,rete (fee di blocco),residuo verso il saldo che il nodo stesso ha letto subito prima di spendere: chiude lo scarto fra le due fonti di saldo,108.4974,,1
run2-tbt-10s/continentale,continentale,10,325,28,m1,1M1uMpgaw82fhzH6tz99Eybn5ydKoNaFrwXUvb,reconcile,-101.1725,treasury,riconciliazione al treasury: e' la R_k dell'epoca (Def. 6.7),7.3249,,1
run2-tbt-10s/continentale,continentale,10,325,28,m1,1M1uMpgaw82fhzH6tz99Eybn5ydKoNaFrwXUvb,fee,-0.1628,rete (fee di blocco),"residuo fra il campione precedente e questo, una volta tolti i movimenti noti: e' la fee pagata (segno -) o incassata (segno +) nell'intervallo, non attribuibile a una singola transazione",7.1621,,1
run2-tbt-10s/continentale,continentale,10,329,28,m1,1M1uMpgaw82fhzH6tz99Eybn5ydKoNaFrwXUvb,fee,100.4946,rete (fee di blocco),"residuo fra il campione precedente e questo, una volta tolti i movimenti noti: e' la fee pagata (segno -) o incassata (segno +) nell'intervallo, non attribuibile a una singola transazione",107.6567,,1
run2-tbt-10s/continentale,continentale,10,331,28,m1,1M1uMpgaw82fhzH6tz99Eybn5ydKoNaFrwXUvb,fee,0.5486,rete (fee di blocco),"residuo fra il campione precedente e questo, una volta tolti i movimenti noti: e' la fee pagata (segno -) o incassata (segno +) nell'intervallo, non attribuibile a una singola transazione",108.2053,,1
run2-tbt-10s/continentale,continentale,10,334,28,m1,1M1uMpgaw82fhzH6tz99Eybn5ydKoNaFrwXUvb,fee,0.7296,rete (fee di blocco),"residuo fra il campione precedente e questo, una volta tolti i movimenti noti: e' la fee pagata (segno -) o incassata (segno +) nell'intervallo, non attribuibile a una singola transazione",108.9349,,1
run2-tbt-10s/continentale,continentale,10,6,1,m2,1ZMv2Lqqkcy5zY6fAyGy1Dn6KT3fBVb7GxkCd3,init,50.0,admin,dotazione iniziale,50.0,,1
run2-tbt-10s/continentale,continentale,10,34,3,m2,1ZMv2Lqqkcy5zY6fAyGy1Dn6KT3fBVb7GxkCd3,fee,-28.9315,rete (fee di blocco),"residuo fra il campione precedente e questo, una volta tolti i movimenti noti: e' la fee pagata (segno -) o incassata (segno +) nell'intervallo, non attribuibile a una singola transazione",21.0685,,1
run2-tbt-10s/continentale,continentale,10,35,3,m2,1ZMv2Lqqkcy5zY6fAyGy1Dn6KT3fBVb7GxkCd3,fee,28.7153,rete (fee di blocco),residuo verso il saldo che il nodo stesso ha letto subito prima di spendere: chiude lo scarto fra le due fonti di saldo,49.7838,,1
run2-tbt-10s/continentale,continentale,10,35,3,m2,1ZMv2Lqqkcy5zY6fAyGy1Dn6KT3fBVb7GxkCd3,reconcile,-28.6703,treasury,riconciliazione al treasury: e' la R_k dell'epoca (Def. 6.7),21.1135,,1
run2-tbt-10s/continentale,continentale,10,36,4,m2,1ZMv2Lqqkcy5zY6fAyGy1Dn6KT3fBVb7GxkCd3,refill,100.0,admin,rifornimento sotto soglia,121.1135,,1
run2-tbt-10s/continentale,continentale,10,36,4,m2,1ZMv2Lqqkcy5zY6fAyGy1Dn6KT3fBVb7GxkCd3,fee,-111.2888,rete (fee di blocco),"residuo fra il campione precedente e questo, una volta tolti i movimenti noti: e' la fee pagata (segno -) o incassata (segno +) nell'intervallo, non attribuibile a una singola transazione",9.8247,,1
run2-tbt-10s/continentale,continentale,10,37,4,m2,1ZMv2Lqqkcy5zY6fAyGy1Dn6KT3fBVb7GxkCd3,fee,11.85,rete (fee di blocco),residuo verso il saldo che il nodo stesso ha letto subito prima di spendere: chiude lo scarto fra le due fonti di saldo,21.6747,,1
run2-tbt-10s/continentale,continentale,10,37,4,m2,1ZMv2Lqqkcy5zY6fAyGy1Dn6KT3fBVb7GxkCd3,reconcile,-11.8048,treasury,riconciliazione al treasury: e' la R_k dell'epoca (Def. 6.7),9.8699,,1
run2-tbt-10s/continentale,continentale,10,39,4,m2,1ZMv2Lqqkcy5zY6fAyGy1Dn6KT3fBVb7GxkCd3,fee,101.05,rete (fee di blocco),"residuo fra il campione precedente e questo, una volta tolti i movimenti noti: e' la fee pagata (segno -) o incassata (segno +) nell'intervallo, non attribuibile a una singola transazione",110.9199,,1
run2-tbt-10s/continentale,continentale,10,42,4,m2,1ZMv2Lqqkcy5zY6fAyGy1Dn6KT3fBVb7GxkCd3,fee,0.0614,rete (fee di blocco),"residuo fra il campione precedente e questo, una volta tolti i movimenti noti: e' la fee pagata (segno -) o incassata (segno +) nell'intervallo, non attribuibile a una singola transazione",110.9813,,1
run2-tbt-10s/continentale,continentale,10,46,4,m2,1ZMv2Lqqkcy5zY6fAyGy1Dn6KT3fBVb7GxkCd3,fee,0.278,rete (fee di blocco),"residuo fra il campione precedente e questo, una volta tolti i movimenti noti: e' la fee pagata (segno -) o incassata (segno +) nell'intervallo, non attribuibile a una singola transazione",111.2593,,1
run2-tbt-10s/continentale,continentale,10,49,5,m2,1ZMv2Lqqkcy5zY6fAyGy1Dn6KT3fBVb7GxkCd3,reconcile,-65.5556,treasury,riconciliazione al treasury: e' la R_k dell'epoca (Def. 6.7),45.7037,,1
run2-tbt-10s/continentale,continentale,10,49,5,m2,1ZMv2Lqqkcy5zY6fAyGy1Dn6KT3fBVb7GxkCd3,fee,-0.0452,rete (fee di blocco),"residuo fra il campione precedente e questo, una volta tolti i movimenti noti: e' la fee pagata (segno -) o incassata (segno +) nell'intervallo, non attribuibile a una singola transazione",45.6585,,1
run2-tbt-10s/continentale,continentale,10,52,5,m2,1ZMv2Lqqkcy5zY6fAyGy1Dn6KT3fBVb7GxkCd3,fee,0.3794,rete (fee di blocco),"residuo fra il campione precedente e questo, una volta tolti i movimenti noti: e' la fee pagata (segno -) o incassata (segno +) nell'intervallo, non attribuibile a una singola transazione",46.0379,,1
run2-tbt-10s/continentale,continentale,10,55,5,m2,1ZMv2Lqqkcy5zY6fAyGy1Dn6KT3fBVb7GxkCd3,fee,0.5982,rete (fee di blocco),"residuo fra il campione precedente e questo, una volta tolti i movimenti noti: e' la fee pagata (segno -) o incassata (segno +) nell'intervallo, non attribuibile a una singola transazione",46.6361,,1
run2-tbt-10s/continentale,continentale,10,58,5,m2,1ZMv2Lqqkcy5zY6fAyGy1Dn6KT3fBVb7GxkCd3,fee,0.4456,rete (fee di blocco),"residuo fra il campione precedente e questo, una volta tolti i movimenti noti: e' la fee pagata (segno -) o incassata (segno +) nell'intervallo, non attribuibile a una singola transazione",47.0817,,1
run2-tbt-10s/continentale,continentale,10,61,6,m2,1ZMv2Lqqkcy5zY6fAyGy1Dn6KT3fBVb7GxkCd3,fee,0.2788,rete (fee di blocco),residuo verso il saldo che il nodo stesso ha letto subito prima di spendere: chiude lo scarto fra le due fonti di saldo,47.3605,,1
run2-tbt-10s/continentale,continentale,10,61,6,m2,1ZMv2Lqqkcy5zY6fAyGy1Dn6KT3fBVb7GxkCd3,reconcile,-27.2163,treasury,riconciliazione al treasury: e' la R_k dell'epoca (Def. 6.7),20.1442,,1
run2-tbt-10s/continentale,continentale,10,61,6,m2,1ZMv2Lqqkcy5zY6fAyGy1Dn6KT3fBVb7GxkCd3,fee,-0.0452,rete (fee di blocco),"residuo fra il campione precedente e questo, una volta tolti i movimenti noti: e' la fee pagata (segno -) o incassata (segno +) nell'intervallo, non attribuibile a una singola transazione",20.099,,1
run2-tbt-10s/continentale,continentale,10,66,6,m2,1ZMv2Lqqkcy5zY6fAyGy1Dn6KT3fBVb7GxkCd3,fee,-0.0764,rete (fee di blocco),"residuo fra il campione precedente e questo, una volta tolti i movimenti noti: e' la fee pagata (segno -) o incassata (segno +) nell'intervallo, non attribuibile a una singola transazione",20.0226,,1
run2-tbt-10s/continentale,continentale,10,69,6,m2,1ZMv2Lqqkcy5zY6fAyGy1Dn6KT3fBVb7GxkCd3,fee,0.2786,rete (fee di blocco),"residuo fra il campione precedente e questo, una volta tolti i movimenti noti: e' la fee pagata (segno -) o incassata (segno +) nell'intervallo, non attribuibile a una singola transazione",20.3012,,1
run2-tbt-10s/continentale,continentale,10,72,7,m2,1ZMv2Lqqkcy5zY6fAyGy1Dn6KT3fBVb7GxkCd3,refill,100.0,admin,rifornimento sotto soglia,120.3012,,1
run2-tbt-10s/continentale,continentale,10,72,7,m2,1ZMv2Lqqkcy5zY6fAyGy1Dn6KT3fBVb7GxkCd3,fee,-111.0394,rete (fee di blocco),"residuo fra il campione precedente e questo, una volta tolti i movimenti noti: e' la fee pagata (segno -) o incassata (segno +) nell'intervallo, non attribuibile a una singola transazione",9.2618,,1
run2-tbt-10s/continentale,continentale,10,73,7,m2,1ZMv2Lqqkcy5zY6fAyGy1Dn6KT3fBVb7GxkCd3,fee,11.5968,rete (fee di blocco),residuo verso il saldo che il nodo stesso ha letto subito prima di spendere: chiude lo scarto fra le due fonti di saldo,20.8586,,1
run2-tbt-10s/continentale,continentale,10,73,7,m2,1ZMv2Lqqkcy5zY6fAyGy1Dn6KT3fBVb7GxkCd3,reconcile,-11.3152,treasury,riconciliazione al treasury: e' la R_k dell'epoca (Def. 6.7),9.5434,,1
run2-tbt-10s/continentale,continentale,10,75,7,m2,1ZMv2Lqqkcy5zY6fAyGy1Dn6KT3fBVb7GxkCd3,fee,99.7184,rete (fee di blocco),"residuo fra il campione precedente e questo, una volta tolti i movimenti noti: e' la fee pagata (segno -) o incassata (segno +) nell'intervallo, non attribuibile a una singola transazione",109.2618,,1
run2-tbt-10s/continentale,continentale,10,78,7,m2,1ZMv2Lqqkcy5zY6fAyGy1Dn6KT3fBVb7GxkCd3,fee,0.035,rete (fee di blocco),"residuo fra il campione precedente e questo, una volta tolti i movimenti noti: e' la fee pagata (segno -) o incassata (segno +) nell'intervallo, non attribuibile a una singola transazione",109.2968,,1
run2-tbt-10s/continentale,continentale,10,80,7,m2,1ZMv2Lqqkcy5zY6fAyGy1Dn6KT3fBVb7GxkCd3,fee,0.4518,rete (fee di blocco),"residuo fra il campione precedente e questo, una volta tolti i movimenti noti: e' la fee pagata (segno -) o incassata (segno +) nell'intervallo, non attribuibile a una singola transazione",109.7486,,1
run2-tbt-10s/continentale,continentale,10,85,8,m2,1ZMv2Lqqkcy5zY6fAyGy1Dn6KT3fBVb7GxkCd3,reconcile,-64.6492,treasury,riconciliazione al treasury: e' la R_k dell'epoca (Def. 6.7),45.0994,,1
run2-tbt-10s/continentale,continentale,10,85,8,m2,1ZMv2Lqqkcy5zY6fAyGy1Dn6KT3fBVb7GxkCd3,fee,0.1778,rete (fee di blocco),"residuo fra il campione precedente e questo, una volta tolti i movimenti noti: e' la fee pagata (segno -) o incassata (segno +) nell'intervallo, non attribuibile a una singola transazione",45.2772,,1
run2-tbt-10s/continentale,continentale,10,91,8,m2,1ZMv2Lqqkcy5zY6fAyGy1Dn6KT3fBVb7GxkCd3,fee,-0.05,rete (fee di blocco),"residuo fra il campione precedente e questo, una volta tolti i movimenti noti: e' la fee pagata (segno -) o incassata (segno +) nell'intervallo, non attribuibile a una singola transazione",45.2272,,1
run2-tbt-10s/continentale,continentale,10,97,9,m2,1ZMv2Lqqkcy5zY6fAyGy1Dn6KT3fBVb7GxkCd3,refill,100.0,admin,rifornimento sotto soglia,145.2272,,1
run2-tbt-10s/continentale,continentale,10,97,9,m2,1ZMv2Lqqkcy5zY6fAyGy1Dn6KT3fBVb7GxkCd3,fee,-100.0,rete (fee di blocco),residuo verso il saldo che il nodo stesso ha letto subito prima di spendere: chiude lo scarto fra le due fonti di saldo,45.2272,,1
run2-tbt-10s/continentale,continentale,10,97,9,m2,1ZMv2Lqqkcy5zY6fAyGy1Dn6KT3fBVb7GxkCd3,reconcile,-25.9363,treasury,riconciliazione al treasury: e' la R_k dell'epoca (Def. 6.7),19.2909,,1
run2-tbt-10s/continentale,continentale,10,97,9,m2,1ZMv2Lqqkcy5zY6fAyGy1Dn6KT3fBVb7GxkCd3,fee,-0.0452,rete (fee di blocco),"residuo fra il campione precedente e questo, una volta tolti i movimenti noti: e' la fee pagata (segno -) o incassata (segno +) nell'intervallo, non attribuibile a una singola transazione",19.2457,,1
run2-tbt-10s/continentale,continentale,10,101,9,m2,1ZMv2Lqqkcy5zY6fAyGy1Dn6KT3fBVb7GxkCd3,fee,100.0616,rete (fee di blocco),"residuo fra il campione precedente e questo, una volta tolti i movimenti noti: e' la fee pagata (segno -) o incassata (segno +) nell'intervallo, non attribuibile a una singola transazione",119.3073,,1
run2-tbt-10s/continentale,continentale,10,109,10,m2,1ZMv2Lqqkcy5zY6fAyGy1Dn6KT3fBVb7GxkCd3,fee,0.2798,rete (fee di blocco),residuo verso il saldo che il nodo stesso ha letto subito prima di spendere: chiude lo scarto fra le due fonti di saldo,119.5871,,1
run2-tbt-10s/continentale,continentale,10,109,10,m2,1ZMv2Lqqkcy5zY6fAyGy1Dn6KT3fBVb7GxkCd3,reconcile,-70.5523,treasury,riconciliazione al treasury: e' la R_k dell'epoca (Def. 6.7),49.0348,,1
run2-tbt-10s/continentale,continentale,10,109,10,m2,1ZMv2Lqqkcy5zY6fAyGy1Dn6KT3fBVb7GxkCd3,fee,-0.0452,rete (fee di blocco),"residuo fra il campione precedente e questo, una volta tolti i movimenti noti: e' la fee pagata (segno -) o incassata (segno +) nell'intervallo, non attribuibile a una singola transazione",48.9896,,1
run2-tbt-10s/continentale,continentale,10,112,10,m2,1ZMv2Lqqkcy5zY6fAyGy1Dn6KT3fBVb7GxkCd3,fee,0.112,rete (fee di blocco),"residuo fra il campione precedente e questo, una volta tolti i movimenti noti: e' la fee pagata (segno -) o incassata (segno +) nell'intervallo, non attribuibile a una singola transazione",49.1016,,1
run2-tbt-10s/continentale,continentale,10,116,10,m2,1ZMv2Lqqkcy5zY6fAyGy1Dn6KT3fBVb7GxkCd3,fee,0.6926,rete (fee di blocco),"residuo fra il campione precedente e questo, una volta tolti i movimenti noti: e' la fee pagata (segno -) o incassata (segno +) nell'intervallo, non attribuibile a una singola transazione",49.7942,,1
run2-tbt-10s/continentale,continentale,10,120,11,m2,1ZMv2Lqqkcy5zY6fAyGy1Dn6KT3fBVb7GxkCd3,fee,-28.7217,rete (fee di blocco),"residuo fra il campione precedente e questo, una volta tolti i movimenti noti: e' la fee pagata (segno -) o incassata (segno +) nell'intervallo, non attribuibile a una singola transazione",21.0725,,1
run2-tbt-10s/continentale,continentale,10,121,11,m2,1ZMv2Lqqkcy5zY6fAyGy1Dn6KT3fBVb7GxkCd3,fee,28.7217,rete (fee di blocco),residuo verso il saldo che il nodo stesso ha letto subito prima di spendere: chiude lo scarto fra le due fonti di saldo,49.7942,,1
run2-tbt-10s/continentale,continentale,10,121,11,m2,1ZMv2Lqqkcy5zY6fAyGy1Dn6KT3fBVb7GxkCd3,reconcile,-28.6765,treasury,riconciliazione al treasury: e' la R_k dell'epoca (Def. 6.7),21.1177,,1
run2-tbt-10s/continentale,continentale,10,124,11,m2,1ZMv2Lqqkcy5zY6fAyGy1Dn6KT3fBVb7GxkCd3,fee,-0.0452,rete (fee di blocco),"residuo fra il campione precedente e questo, una volta tolti i movimenti noti: e' la fee pagata (segno -) o incassata (segno +) nell'intervallo, non attribuibile a una singola transazione",21.0725,,1
run2-tbt-10s/continentale,continentale,10,127,11,m2,1ZMv2Lqqkcy5zY6fAyGy1Dn6KT3fBVb7GxkCd3,fee,0.2438,rete (fee di blocco),"residuo fra il campione precedente e questo, una volta tolti i movimenti noti: e' la fee pagata (segno -) o incassata (segno +) nell'intervallo, non attribuibile a una singola transazione",21.3163,,1
run2-tbt-10s/continentale,continentale,10,130,11,m2,1ZMv2Lqqkcy5zY6fAyGy1Dn6KT3fBVb7GxkCd3,fee,0.3362,rete (fee di blocco),"residuo fra il campione precedente e questo, una volta tolti i movimenti noti: e' la fee pagata (segno -) o incassata (segno +) nell'intervallo, non attribuibile a una singola transazione",21.6525,,1
run2-tbt-10s/continentale,continentale,10,133,12,m2,1ZMv2Lqqkcy5zY6fAyGy1Dn6KT3fBVb7GxkCd3,refill,100.0,admin,rifornimento sotto soglia,121.6525,,1
run2-tbt-10s/continentale,continentale,10,133,12,m2,1ZMv2Lqqkcy5zY6fAyGy1Dn6KT3fBVb7GxkCd3,fee,-100.0,rete (fee di blocco),residuo verso il saldo che il nodo stesso ha letto subito prima di spendere: chiude lo scarto fra le due fonti di saldo,21.6525,,1
run2-tbt-10s/continentale,continentale,10,133,12,m2,1ZMv2Lqqkcy5zY6fAyGy1Dn6KT3fBVb7GxkCd3,reconcile,-11.7915,treasury,riconciliazione al treasury: e' la R_k dell'epoca (Def. 6.7),9.861,,1
run2-tbt-10s/continentale,continentale,10,133,12,m2,1ZMv2Lqqkcy5zY6fAyGy1Dn6KT3fBVb7GxkCd3,fee,-0.2518,rete (fee di blocco),"residuo fra il campione precedente e questo, una volta tolti i movimenti noti: e' la fee pagata (segno -) o incassata (segno +) nell'intervallo, non attribuibile a una singola transazione",9.6092,,1
run2-tbt-10s/continentale,continentale,10,136,12,m2,1ZMv2Lqqkcy5zY6fAyGy1Dn6KT3fBVb7GxkCd3,fee,100.2798,rete (fee di blocco),"residuo fra il campione precedente e questo, una volta tolti i movimenti noti: e' la fee pagata (segno -) o incassata (segno +) nell'intervallo, non attribuibile a una singola transazione",109.889,,1
run2-tbt-10s/continentale,continentale,10,139,12,m2,1ZMv2Lqqkcy5zY6fAyGy1Dn6KT3fBVb7GxkCd3,fee,0.112,rete (fee di blocco),"residuo fra il campione precedente e questo, una volta tolti i movimenti noti: e' la fee pagata (segno -) o incassata (segno +) nell'intervallo, non attribuibile a una singola transazione",110.001,,1
run2-tbt-10s/continentale,continentale,10,145,13,m2,1ZMv2Lqqkcy5zY6fAyGy1Dn6KT3fBVb7GxkCd3,fee,0.2238,rete (fee di blocco),residuo verso il saldo che il nodo stesso ha letto subito prima di spendere: chiude lo scarto fra le due fonti di saldo,110.2248,,1
run2-tbt-10s/continentale,continentale,10,145,13,m2,1ZMv2Lqqkcy5zY6fAyGy1Dn6KT3fBVb7GxkCd3,reconcile,-64.9349,treasury,riconciliazione al treasury: e' la R_k dell'epoca (Def. 6.7),45.2899,,1
run2-tbt-10s/continentale,continentale,10,145,13,m2,1ZMv2Lqqkcy5zY6fAyGy1Dn6KT3fBVb7GxkCd3,fee,0.1788,rete (fee di blocco),"residuo fra il campione precedente e questo, una volta tolti i movimenti noti: e' la fee pagata (segno -) o incassata (segno +) nell'intervallo, non attribuibile a una singola transazione",45.4687,,1
run2-tbt-10s/continentale,continentale,10,150,13,m2,1ZMv2Lqqkcy5zY6fAyGy1Dn6KT3fBVb7GxkCd3,fee,-0.106,rete (fee di blocco),"residuo fra il campione precedente e questo, una volta tolti i movimenti noti: e' la fee pagata (segno -) o incassata (segno +) nell'intervallo, non attribuibile a una singola transazione",45.3627,,1
run2-tbt-10s/continentale,continentale,10,153,13,m2,1ZMv2Lqqkcy5zY6fAyGy1Dn6KT3fBVb7GxkCd3,fee,0.2804,rete (fee di blocco),"residuo fra il campione precedente e questo, una volta tolti i movimenti noti: e' la fee pagata (segno -) o incassata (segno +) nell'intervallo, non attribuibile a una singola transazione",45.6431,,1
run2-tbt-10s/continentale,continentale,10,156,14,m2,1ZMv2Lqqkcy5zY6fAyGy1Dn6KT3fBVb7GxkCd3,fee,0.1682,rete (fee di blocco),"residuo fra il campione precedente e questo, una volta tolti i movimenti noti: e' la fee pagata (segno -) o incassata (segno +) nell'intervallo, non attribuibile a una singola transazione",45.8113,,1
run2-tbt-10s/continentale,continentale,10,157,14,m2,1ZMv2Lqqkcy5zY6fAyGy1Dn6KT3fBVb7GxkCd3,reconcile,-26.2868,treasury,riconciliazione al treasury: e' la R_k dell'epoca (Def. 6.7),19.5245,,1
run2-tbt-10s/continentale,continentale,10,158,14,m2,1ZMv2Lqqkcy5zY6fAyGy1Dn6KT3fBVb7GxkCd3,fee,0.8044,rete (fee di blocco),"residuo fra il campione precedente e questo, una volta tolti i movimenti noti: e' la fee pagata (segno -) o incassata (segno +) nell'intervallo, non attribuibile a una singola transazione",20.3289,,1
run2-tbt-10s/continentale,continentale,10,162,14,m2,1ZMv2Lqqkcy5zY6fAyGy1Dn6KT3fBVb7GxkCd3,fee,0.089,rete (fee di blocco),"residuo fra il campione precedente e questo, una volta tolti i movimenti noti: e' la fee pagata (segno -) o incassata (segno +) nell'intervallo, non attribuibile a una singola transazione",20.4179,,1
run2-tbt-10s/continentale,continentale,10,167,14,m2,1ZMv2Lqqkcy5zY6fAyGy1Dn6KT3fBVb7GxkCd3,fee,0.1682,rete (fee di blocco),"residuo fra il campione precedente e questo, una volta tolti i movimenti noti: e' la fee pagata (segno -) o incassata (segno +) nell'intervallo, non attribuibile a una singola transazione",20.5861,,1
run2-tbt-10s/continentale,continentale,10,169,15,m2,1ZMv2Lqqkcy5zY6fAyGy1Dn6KT3fBVb7GxkCd3,reconcile,-11.1517,treasury,riconciliazione al treasury: e' la R_k dell'epoca (Def. 6.7),9.4344,,1
run2-tbt-10s/continentale,continentale,10,170,15,m2,1ZMv2Lqqkcy5zY6fAyGy1Dn6KT3fBVb7GxkCd3,refill,100.0,admin,rifornimento sotto soglia,109.4344,,1
run2-tbt-10s/continentale,continentale,10,170,15,m2,1ZMv2Lqqkcy5zY6fAyGy1Dn6KT3fBVb7GxkCd3,fee,-100.2982,rete (fee di blocco),"residuo fra il campione precedente e questo, una volta tolti i movimenti noti: e' la fee pagata (segno -) o incassata (segno +) nell'intervallo, non attribuibile a una singola transazione",9.1362,,1
run2-tbt-10s/continentale,continentale,10,173,15,m2,1ZMv2Lqqkcy5zY6fAyGy1Dn6KT3fBVb7GxkCd3,fee,99.8942,rete (fee di blocco),"residuo fra il campione precedente e questo, una volta tolti i movimenti noti: e' la fee pagata (segno -) o incassata (segno +) nell'intervallo, non attribuibile a una singola transazione",109.0304,,1
run2-tbt-10s/continentale,continentale,10,178,15,m2,1ZMv2Lqqkcy5zY6fAyGy1Dn6KT3fBVb7GxkCd3,fee,0.3362,rete (fee di blocco),"residuo fra il campione precedente e questo, una volta tolti i movimenti noti: e' la fee pagata (segno -) o incassata (segno +) nell'intervallo, non attribuibile a una singola transazione",109.3666,,1
run2-tbt-10s/continentale,continentale,10,181,16,m2,1ZMv2Lqqkcy5zY6fAyGy1Dn6KT3fBVb7GxkCd3,reconcile,-64.42,treasury,riconciliazione al treasury: e' la R_k dell'epoca (Def. 6.7),44.9466,,1
run2-tbt-10s/continentale,continentale,10,181,16,m2,1ZMv2Lqqkcy5zY6fAyGy1Dn6KT3fBVb7GxkCd3,fee,-0.0452,rete (fee di blocco),"residuo fra il campione precedente e questo, una volta tolti i movimenti noti: e' la fee pagata (segno -) o incassata (segno +) nell'intervallo, non attribuibile a una singola transazione",44.9014,,1
run2-tbt-10s/continentale,continentale,10,186,16,m2,1ZMv2Lqqkcy5zY6fAyGy1Dn6KT3fBVb7GxkCd3,fee,-0.0764,rete (fee di blocco),"residuo fra il campione precedente e questo, una volta tolti i movimenti noti: e' la fee pagata (segno -) o incassata (segno +) nell'intervallo, non attribuibile a una singola transazione",44.825,,1
run2-tbt-10s/continentale,continentale,10,192,17,m2,1ZMv2Lqqkcy5zY6fAyGy1Dn6KT3fBVb7GxkCd3,refill,100.0,admin,rifornimento sotto soglia,144.825,,1
run2-tbt-10s/continentale,continentale,10,192,17,m2,1ZMv2Lqqkcy5zY6fAyGy1Dn6KT3fBVb7GxkCd3,fee,-125.538,rete (fee di blocco),"residuo fra il campione precedente e questo, una volta tolti i movimenti noti: e' la fee pagata (segno -) o incassata (segno +) nell'intervallo, non attribuibile a una singola transazione",19.287,,1
run2-tbt-10s/continentale,continentale,10,193,17,m2,1ZMv2Lqqkcy5zY6fAyGy1Dn6KT3fBVb7GxkCd3,fee,25.7624,rete (fee di blocco),residuo verso il saldo che il nodo stesso ha letto subito prima di spendere: chiude lo scarto fra le due fonti di saldo,45.0494,,1
run2-tbt-10s/continentale,continentale,10,193,17,m2,1ZMv2Lqqkcy5zY6fAyGy1Dn6KT3fBVb7GxkCd3,reconcile,-25.8296,treasury,riconciliazione al treasury: e' la R_k dell'epoca (Def. 6.7),19.2198,,1
run2-tbt-10s/continentale,continentale,10,195,17,m2,1ZMv2Lqqkcy5zY6fAyGy1Dn6KT3fBVb7GxkCd3,fee,100.0672,rete (fee di blocco),"residuo fra il campione precedente e questo, una volta tolti i movimenti noti: e' la fee pagata (segno -) o incassata (segno +) nell'intervallo, non attribuibile a una singola transazione",119.287,,1
run2-tbt-10s/continentale,continentale,10,198,17,m2,1ZMv2Lqqkcy5zY6fAyGy1Dn6KT3fBVb7GxkCd3,fee,0.5116,rete (fee di blocco),"residuo fra il campione precedente e questo, una volta tolti i movimenti noti: e' la fee pagata (segno -) o incassata (segno +) nell'intervallo, non attribuibile a una singola transazione",119.7986,,1
run2-tbt-10s/continentale,continentale,10,205,18,m2,1ZMv2Lqqkcy5zY6fAyGy1Dn6KT3fBVb7GxkCd3,reconcile,-70.6792,treasury,riconciliazione al treasury: e' la R_k dell'epoca (Def. 6.7),49.1194,,1
run2-tbt-10s/continentale,continentale,10,205,18,m2,1ZMv2Lqqkcy5zY6fAyGy1Dn6KT3fBVb7GxkCd3,fee,0.291,rete (fee di blocco),"residuo fra il campione precedente e questo, una volta tolti i movimenti noti: e' la fee pagata (segno -) o incassata (segno +) nell'intervallo, non attribuibile a una singola transazione",49.4104,,1
run2-tbt-10s/continentale,continentale,10,208,18,m2,1ZMv2Lqqkcy5zY6fAyGy1Dn6KT3fBVb7GxkCd3,fee,0.1576,rete (fee di blocco),"residuo fra il campione precedente e questo, una volta tolti i movimenti noti: e' la fee pagata (segno -) o incassata (segno +) nell'intervallo, non attribuibile a una singola transazione",49.568,,1
run2-tbt-10s/continentale,continentale,10,211,18,m2,1ZMv2Lqqkcy5zY6fAyGy1Dn6KT3fBVb7GxkCd3,fee,-0.106,rete (fee di blocco),"residuo fra il campione precedente e questo, una volta tolti i movimenti noti: e' la fee pagata (segno -) o incassata (segno +) nell'intervallo, non attribuibile a una singola transazione",49.462,,1
run2-tbt-10s/continentale,continentale,10,216,19,m2,1ZMv2Lqqkcy5zY6fAyGy1Dn6KT3fBVb7GxkCd3,fee,0.3926,rete (fee di blocco),"residuo fra il campione precedente e questo, una volta tolti i movimenti noti: e' la fee pagata (segno -) o incassata (segno +) nell'intervallo, non attribuibile a una singola transazione",49.8546,,1
run2-tbt-10s/continentale,continentale,10,217,19,m2,1ZMv2Lqqkcy5zY6fAyGy1Dn6KT3fBVb7GxkCd3,reconcile,-28.7128,treasury,riconciliazione al treasury: e' la R_k dell'epoca (Def. 6.7),21.1418,,1
run2-tbt-10s/continentale,continentale,10,219,19,m2,1ZMv2Lqqkcy5zY6fAyGy1Dn6KT3fBVb7GxkCd3,fee,-0.0452,rete (fee di blocco),"residuo fra il campione precedente e questo, una volta tolti i movimenti noti: e' la fee pagata (segno -) o incassata (segno +) nell'intervallo, non attribuibile a una singola transazione",21.0966,,1
run2-tbt-10s/continentale,continentale,10,222,19,m2,1ZMv2Lqqkcy5zY6fAyGy1Dn6KT3fBVb7GxkCd3,fee,0.3058,rete (fee di blocco),"residuo fra il campione precedente e questo, una volta tolti i movimenti noti: e' la fee pagata (segno -) o incassata (segno +) nell'intervallo, non attribuibile a una singola transazione",21.4024,,1
run2-tbt-10s/continentale,continentale,10,224,19,m2,1ZMv2Lqqkcy5zY6fAyGy1Dn6KT3fBVb7GxkCd3,fee,0.8758,rete (fee di blocco),"residuo fra il campione precedente e questo, una volta tolti i movimenti noti: e' la fee pagata (segno -) o incassata (segno +) nell'intervallo, non attribuibile a una singola transazione",22.2782,,1
run2-tbt-10s/continentale,continentale,10,227,19,m2,1ZMv2Lqqkcy5zY6fAyGy1Dn6KT3fBVb7GxkCd3,fee,0.1682,rete (fee di blocco),"residuo fra il campione precedente e questo, una volta tolti i movimenti noti: e' la fee pagata (segno -) o incassata (segno +) nell'intervallo, non attribuibile a una singola transazione",22.4464,,1
run2-tbt-10s/continentale,continentale,10,229,20,m2,1ZMv2Lqqkcy5zY6fAyGy1Dn6KT3fBVb7GxkCd3,refill,100.0,admin,rifornimento sotto soglia,122.4464,,1
run2-tbt-10s/continentale,continentale,10,229,20,m2,1ZMv2Lqqkcy5zY6fAyGy1Dn6KT3fBVb7GxkCd3,fee,-99.6632,rete (fee di blocco),residuo verso il saldo che il nodo stesso ha letto subito prima di spendere: chiude lo scarto fra le due fonti di saldo,22.7832,,1
run2-tbt-10s/continentale,continentale,10,229,20,m2,1ZMv2Lqqkcy5zY6fAyGy1Dn6KT3fBVb7GxkCd3,reconcile,-12.4699,treasury,riconciliazione al treasury: e' la R_k dell'epoca (Def. 6.7),10.3133,,1
run2-tbt-10s/continentale,continentale,10,229,20,m2,1ZMv2Lqqkcy5zY6fAyGy1Dn6KT3fBVb7GxkCd3,fee,-0.3694,rete (fee di blocco),"residuo fra il campione precedente e questo, una volta tolti i movimenti noti: e' la fee pagata (segno -) o incassata (segno +) nell'intervallo, non attribuibile a una singola transazione",9.9439,,1
run2-tbt-10s/continentale,continentale,10,232,20,m2,1ZMv2Lqqkcy5zY6fAyGy1Dn6KT3fBVb7GxkCd3,fee,100.5394,rete (fee di blocco),"residuo fra il campione precedente e questo, una volta tolti i movimenti noti: e' la fee pagata (segno -) o incassata (segno +) nell'intervallo, non attribuibile a una singola transazione",110.4833,,1
run2-tbt-10s/continentale,continentale,10,235,20,m2,1ZMv2Lqqkcy5zY6fAyGy1Dn6KT3fBVb7GxkCd3,fee,0.5052,rete (fee di blocco),"residuo fra il campione precedente e questo, una volta tolti i movimenti noti: e' la fee pagata (segno -) o incassata (segno +) nell'intervallo, non attribuibile a una singola transazione",110.9885,,1
run2-tbt-10s/continentale,continentale,10,239,20,m2,1ZMv2Lqqkcy5zY6fAyGy1Dn6KT3fBVb7GxkCd3,fee,0.6732,rete (fee di blocco),"residuo fra il campione precedente e questo, una volta tolti i movimenti noti: e' la fee pagata (segno -) o incassata (segno +) nell'intervallo, non attribuibile a una singola transazione",111.6617,,1
run2-tbt-10s/continentale,continentale,10,242,21,m2,1ZMv2Lqqkcy5zY6fAyGy1Dn6KT3fBVb7GxkCd3,fee,0.4488,rete (fee di blocco),residuo verso il saldo che il nodo stesso ha letto subito prima di spendere: chiude lo scarto fra le due fonti di saldo,112.1105,,1
run2-tbt-10s/continentale,continentale,10,242,21,m2,1ZMv2Lqqkcy5zY6fAyGy1Dn6KT3fBVb7GxkCd3,reconcile,-66.0663,treasury,riconciliazione al treasury: e' la R_k dell'epoca (Def. 6.7),46.0442,,1
run2-tbt-10s/continentale,continentale,10,242,21,m2,1ZMv2Lqqkcy5zY6fAyGy1Dn6KT3fBVb7GxkCd3,fee,-0.045,rete (fee di blocco),"residuo fra il campione precedente e questo, una volta tolti i movimenti noti: e' la fee pagata (segno -) o incassata (segno +) nell'intervallo, non attribuibile a una singola transazione",45.9992,,1
run2-tbt-10s/continentale,continentale,10,245,21,m2,1ZMv2Lqqkcy5zY6fAyGy1Dn6KT3fBVb7GxkCd3,fee,0.2808,rete (fee di blocco),"residuo fra il campione precedente e questo, una volta tolti i movimenti noti: e' la fee pagata (segno -) o incassata (segno +) nell'intervallo, non attribuibile a una singola transazione",46.28,,1
run2-tbt-10s/continentale,continentale,10,247,21,m2,1ZMv2Lqqkcy5zY6fAyGy1Dn6KT3fBVb7GxkCd3,fee,-0.1058,rete (fee di blocco),"residuo fra il campione precedente e questo, una volta tolti i movimenti noti: e' la fee pagata (segno -) o incassata (segno +) nell'intervallo, non attribuibile a una singola transazione",46.1742,,1
run2-tbt-10s/continentale,continentale,10,250,21,m2,1ZMv2Lqqkcy5zY6fAyGy1Dn6KT3fBVb7GxkCd3,fee,0.5606,rete (fee di blocco),"residuo fra il campione precedente e questo, una volta tolti i movimenti noti: e' la fee pagata (segno -) o incassata (segno +) nell'intervallo, non attribuibile a una singola transazione",46.7348,,1
run2-tbt-10s/continentale,continentale,10,253,22,m2,1ZMv2Lqqkcy5zY6fAyGy1Dn6KT3fBVb7GxkCd3,reconcile,-26.8409,treasury,riconciliazione al treasury: e' la R_k dell'epoca (Def. 6.7),19.8939,,1
run2-tbt-10s/continentale,continentale,10,254,22,m2,1ZMv2Lqqkcy5zY6fAyGy1Dn6KT3fBVb7GxkCd3,refill,100.0,admin,rifornimento sotto soglia,119.8939,,1
run2-tbt-10s/continentale,continentale,10,254,22,m2,1ZMv2Lqqkcy5zY6fAyGy1Dn6KT3fBVb7GxkCd3,fee,-100.045,rete (fee di blocco),"residuo fra il campione precedente e questo, una volta tolti i movimenti noti: e' la fee pagata (segno -) o incassata (segno +) nell'intervallo, non attribuibile a una singola transazione",19.8489,,1
run2-tbt-10s/continentale,continentale,10,257,22,m2,1ZMv2Lqqkcy5zY6fAyGy1Dn6KT3fBVb7GxkCd3,fee,99.8938,rete (fee di blocco),"residuo fra il campione precedente e questo, una volta tolti i movimenti noti: e' la fee pagata (segno -) o incassata (segno +) nell'intervallo, non attribuibile a una singola transazione",119.7427,,1
run2-tbt-10s/continentale,continentale,10,259,22,m2,1ZMv2Lqqkcy5zY6fAyGy1Dn6KT3fBVb7GxkCd3,fee,0.7938,rete (fee di blocco),"residuo fra il campione precedente e questo, una volta tolti i movimenti noti: e' la fee pagata (segno -) o incassata (segno +) nell'intervallo, non attribuibile a una singola transazione",120.5365,,1
run2-tbt-10s/continentale,continentale,10,265,23,m2,1ZMv2Lqqkcy5zY6fAyGy1Dn6KT3fBVb7GxkCd3,fee,0.3364,rete (fee di blocco),residuo verso il saldo che il nodo stesso ha letto subito prima di spendere: chiude lo scarto fra le due fonti di saldo,120.8729,,1
run2-tbt-10s/continentale,continentale,10,265,23,m2,1ZMv2Lqqkcy5zY6fAyGy1Dn6KT3fBVb7GxkCd3,reconcile,-71.3237,treasury,riconciliazione al treasury: e' la R_k dell'epoca (Def. 6.7),49.5492,,1
run2-tbt-10s/continentale,continentale,10,266,23,m2,1ZMv2Lqqkcy5zY6fAyGy1Dn6KT3fBVb7GxkCd3,fee,-0.0452,rete (fee di blocco),"residuo fra il campione precedente e questo, una volta tolti i movimenti noti: e' la fee pagata (segno -) o incassata (segno +) nell'intervallo, non attribuibile a una singola transazione",49.504,,1
run2-tbt-10s/continentale,continentale,10,270,23,m2,1ZMv2Lqqkcy5zY6fAyGy1Dn6KT3fBVb7GxkCd3,fee,0.119,rete (fee di blocco),"residuo fra il campione precedente e questo, una volta tolti i movimenti noti: e' la fee pagata (segno -) o incassata (segno +) nell'intervallo, non attribuibile a una singola transazione",49.623,,1
run2-tbt-10s/continentale,continentale,10,277,24,m2,1ZMv2Lqqkcy5zY6fAyGy1Dn6KT3fBVb7GxkCd3,reconcile,-28.5738,treasury,riconciliazione al treasury: e' la R_k dell'epoca (Def. 6.7),21.0492,,1
run2-tbt-10s/continentale,continentale,10,279,24,m2,1ZMv2Lqqkcy5zY6fAyGy1Dn6KT3fBVb7GxkCd3,fee,-0.0452,rete (fee di blocco),"residuo fra il campione precedente e questo, una volta tolti i movimenti noti: e' la fee pagata (segno -) o incassata (segno +) nell'intervallo, non attribuibile a una singola transazione",21.004,,1
run2-tbt-10s/continentale,continentale,10,282,24,m2,1ZMv2Lqqkcy5zY6fAyGy1Dn6KT3fBVb7GxkCd3,fee,0.3316,rete (fee di blocco),"residuo fra il campione precedente e questo, una volta tolti i movimenti noti: e' la fee pagata (segno -) o incassata (segno +) nell'intervallo, non attribuibile a una singola transazione",21.3356,,1
run2-tbt-10s/continentale,continentale,10,289,25,m2,1ZMv2Lqqkcy5zY6fAyGy1Dn6KT3fBVb7GxkCd3,refill,100.0,admin,rifornimento sotto soglia,121.3356,,1
run2-tbt-10s/continentale,continentale,10,289,25,m2,1ZMv2Lqqkcy5zY6fAyGy1Dn6KT3fBVb7GxkCd3,fee,-100.0,rete (fee di blocco),residuo verso il saldo che il nodo stesso ha letto subito prima di spendere: chiude lo scarto fra le due fonti di saldo,21.3356,,1
run2-tbt-10s/continentale,continentale,10,289,25,m2,1ZMv2Lqqkcy5zY6fAyGy1Dn6KT3fBVb7GxkCd3,reconcile,-11.6014,treasury,riconciliazione al treasury: e' la R_k dell'epoca (Def. 6.7),9.7342,,1
run2-tbt-10s/continentale,continentale,10,289,25,m2,1ZMv2Lqqkcy5zY6fAyGy1Dn6KT3fBVb7GxkCd3,fee,-0.3454,rete (fee di blocco),"residuo fra il campione precedente e questo, una volta tolti i movimenti noti: e' la fee pagata (segno -) o incassata (segno +) nell'intervallo, non attribuibile a una singola transazione",9.3888,,1
run2-tbt-10s/continentale,continentale,10,292,25,m2,1ZMv2Lqqkcy5zY6fAyGy1Dn6KT3fBVb7GxkCd3,fee,100.2478,rete (fee di blocco),"residuo fra il campione precedente e questo, una volta tolti i movimenti noti: e' la fee pagata (segno -) o incassata (segno +) nell'intervallo, non attribuibile a una singola transazione",109.6366,,1
run2-tbt-10s/continentale,continentale,10,295,25,m2,1ZMv2Lqqkcy5zY6fAyGy1Dn6KT3fBVb7GxkCd3,fee,-0.1062,rete (fee di blocco),"residuo fra il campione precedente e questo, una volta tolti i movimenti noti: e' la fee pagata (segno -) o incassata (segno +) nell'intervallo, non attribuibile a una singola transazione",109.5304,,1
run2-tbt-10s/continentale,continentale,10,300,26,m2,1ZMv2Lqqkcy5zY6fAyGy1Dn6KT3fBVb7GxkCd3,fee,-64.4736,rete (fee di blocco),"residuo fra il campione precedente e questo, una volta tolti i movimenti noti: e' la fee pagata (segno -) o incassata (segno +) nell'intervallo, non attribuibile a una singola transazione",45.0568,,1
run2-tbt-10s/continentale,continentale,10,301,26,m2,1ZMv2Lqqkcy5zY6fAyGy1Dn6KT3fBVb7GxkCd3,fee,64.6982,rete (fee di blocco),residuo verso il saldo che il nodo stesso ha letto subito prima di spendere: chiude lo scarto fra le due fonti di saldo,109.755,,1
run2-tbt-10s/continentale,continentale,10,301,26,m2,1ZMv2Lqqkcy5zY6fAyGy1Dn6KT3fBVb7GxkCd3,reconcile,-64.653,treasury,riconciliazione al treasury: e' la R_k dell'epoca (Def. 6.7),45.102,,1
run2-tbt-10s/continentale,continentale,10,303,26,m2,1ZMv2Lqqkcy5zY6fAyGy1Dn6KT3fBVb7GxkCd3,fee,-0.0452,rete (fee di blocco),"residuo fra il campione precedente e questo, una volta tolti i movimenti noti: e' la fee pagata (segno -) o incassata (segno +) nell'intervallo, non attribuibile a una singola transazione",45.0568,,1
run2-tbt-10s/continentale,continentale,10,305,26,m2,1ZMv2Lqqkcy5zY6fAyGy1Dn6KT3fBVb7GxkCd3,fee,-0.1062,rete (fee di blocco),"residuo fra il campione precedente e questo, una volta tolti i movimenti noti: e' la fee pagata (segno -) o incassata (segno +) nell'intervallo, non attribuibile a una singola transazione",44.9506,,1
run2-tbt-10s/continentale,continentale,10,314,27,m2,1ZMv2Lqqkcy5zY6fAyGy1Dn6KT3fBVb7GxkCd3,refill,100.0,admin,rifornimento sotto soglia,144.9506,,1
run2-tbt-10s/continentale,continentale,10,314,27,m2,1ZMv2Lqqkcy5zY6fAyGy1Dn6KT3fBVb7GxkCd3,fee,-100.0,rete (fee di blocco),residuo verso il saldo che il nodo stesso ha letto subito prima di spendere: chiude lo scarto fra le due fonti di saldo,44.9506,,1
run2-tbt-10s/continentale,continentale,10,314,27,m2,1ZMv2Lqqkcy5zY6fAyGy1Dn6KT3fBVb7GxkCd3,reconcile,-25.7704,treasury,riconciliazione al treasury: e' la R_k dell'epoca (Def. 6.7),19.1802,,1
run2-tbt-10s/continentale,continentale,10,314,27,m2,1ZMv2Lqqkcy5zY6fAyGy1Dn6KT3fBVb7GxkCd3,fee,-0.045,rete (fee di blocco),"residuo fra il campione precedente e questo, una volta tolti i movimenti noti: e' la fee pagata (segno -) o incassata (segno +) nell'intervallo, non attribuibile a una singola transazione",19.1352,,1
run2-tbt-10s/continentale,continentale,10,317,27,m2,1ZMv2Lqqkcy5zY6fAyGy1Dn6KT3fBVb7GxkCd3,fee,100.2308,rete (fee di blocco),"residuo fra il campione precedente e questo, una volta tolti i movimenti noti: e' la fee pagata (segno -) o incassata (segno +) nell'intervallo, non attribuibile a una singola transazione",119.366,,1
run2-tbt-10s/continentale,continentale,10,320,27,m2,1ZMv2Lqqkcy5zY6fAyGy1Dn6KT3fBVb7GxkCd3,fee,0.1686,rete (fee di blocco),"residuo fra il campione precedente e questo, una volta tolti i movimenti noti: e' la fee pagata (segno -) o incassata (segno +) nell'intervallo, non attribuibile a una singola transazione",119.5346,,1
run2-tbt-10s/continentale,continentale,10,323,27,m2,1ZMv2Lqqkcy5zY6fAyGy1Dn6KT3fBVb7GxkCd3,fee,0.337,rete (fee di blocco),"residuo fra il campione precedente e questo, una volta tolti i movimenti noti: e' la fee pagata (segno -) o incassata (segno +) nell'intervallo, non attribuibile a una singola transazione",119.8716,,1
run2-tbt-10s/continentale,continentale,10,324,28,m2,1ZMv2Lqqkcy5zY6fAyGy1Dn6KT3fBVb7GxkCd3,fee,70.1383,rete (fee di blocco),"residuo fino al saldo di fine run letto da node_state.csv: per l'admin e' l'unica misura disponibile, gas_balances.csv non lo campiona",120.0958,,1
run2-tbt-10s/continentale,continentale,10,325,28,m2,1ZMv2Lqqkcy5zY6fAyGy1Dn6KT3fBVb7GxkCd3,fee,0.2242,rete (fee di blocco),residuo verso il saldo che il nodo stesso ha letto subito prima di spendere: chiude lo scarto fra le due fonti di saldo,120.0958,,1
run2-tbt-10s/continentale,continentale,10,325,28,m2,1ZMv2Lqqkcy5zY6fAyGy1Dn6KT3fBVb7GxkCd3,reconcile,-70.8575,treasury,riconciliazione al treasury: e' la R_k dell'epoca (Def. 6.7),49.2383,,1
run2-tbt-10s/continentale,continentale,10,325,28,m2,1ZMv2Lqqkcy5zY6fAyGy1Dn6KT3fBVb7GxkCd3,fee,0.1234,rete (fee di blocco),"residuo fra il campione precedente e questo, una volta tolti i movimenti noti: e' la fee pagata (segno -) o incassata (segno +) nell'intervallo, non attribuibile a una singola transazione",49.3617,,1
run2-tbt-10s/continentale,continentale,10,329,28,m2,1ZMv2Lqqkcy5zY6fAyGy1Dn6KT3fBVb7GxkCd3,fee,0.702,rete (fee di blocco),"residuo fra il campione precedente e questo, una volta tolti i movimenti noti: e' la fee pagata (segno -) o incassata (segno +) nell'intervallo, non attribuibile a una singola transazione",50.0637,,1
run2-tbt-10s/continentale,continentale,10,331,28,m2,1ZMv2Lqqkcy5zY6fAyGy1Dn6KT3fBVb7GxkCd3,fee,-0.1062,rete (fee di blocco),"residuo fra il campione precedente e questo, una volta tolti i movimenti noti: e' la fee pagata (segno -) o incassata (segno +) nell'intervallo, non attribuibile a una singola transazione",49.9575,,1
run2-tbt-10s/continentale,continentale,10,6,1,m3,1KxWxQCw8B6cfbPkjPqbyQ6co3qCuicxpv4P58,init,50.0,admin,dotazione iniziale,50.0,,1
run2-tbt-10s/continentale,continentale,10,34,3,m3,1KxWxQCw8B6cfbPkjPqbyQ6co3qCuicxpv4P58,fee,-9.818,rete (fee di blocco),"residuo fra il campione precedente e questo, una volta tolti i movimenti noti: e' la fee pagata (segno -) o incassata (segno +) nell'intervallo, non attribuibile a una singola transazione",40.182,,1
run2-tbt-10s/continentale,continentale,10,35,3,m3,1KxWxQCw8B6cfbPkjPqbyQ6co3qCuicxpv4P58,fee,9.602,rete (fee di blocco),residuo verso il saldo che il nodo stesso ha letto subito prima di spendere: chiude lo scarto fra le due fonti di saldo,49.784,,1
run2-tbt-10s/continentale,continentale,10,35,3,m3,1KxWxQCw8B6cfbPkjPqbyQ6co3qCuicxpv4P58,reconcile,-9.5568,treasury,riconciliazione al treasury: e' la R_k dell'epoca (Def. 6.7),40.2272,,1
run2-tbt-10s/continentale,continentale,10,36,4,m3,1KxWxQCw8B6cfbPkjPqbyQ6co3qCuicxpv4P58,fee,-7.7268,rete (fee di blocco),"residuo fra il campione precedente e questo, una volta tolti i movimenti noti: e' la fee pagata (segno -) o incassata (segno +) nell'intervallo, non attribuibile a una singola transazione",32.5004,,1
run2-tbt-10s/continentale,continentale,10,37,4,m3,1KxWxQCw8B6cfbPkjPqbyQ6co3qCuicxpv4P58,fee,7.6816,rete (fee di blocco),residuo verso il saldo che il nodo stesso ha letto subito prima di spendere: chiude lo scarto fra le due fonti di saldo,40.182,,1
run2-tbt-10s/continentale,continentale,10,37,4,m3,1KxWxQCw8B6cfbPkjPqbyQ6co3qCuicxpv4P58,reconcile,-7.6364,treasury,riconciliazione al treasury: e' la R_k dell'epoca (Def. 6.7),32.5456,,1
run2-tbt-10s/continentale,continentale,10,39,4,m3,1KxWxQCw8B6cfbPkjPqbyQ6co3qCuicxpv4P58,fee,-0.0452,rete (fee di blocco),"residuo fra il campione precedente e questo, una volta tolti i movimenti noti: e' la fee pagata (segno -) o incassata (segno +) nell'intervallo, non attribuibile a una singola transazione",32.5004,,1
run2-tbt-10s/continentale,continentale,10,42,4,m3,1KxWxQCw8B6cfbPkjPqbyQ6co3qCuicxpv4P58,fee,-0.1056,rete (fee di blocco),"residuo fra il campione precedente e questo, una volta tolti i movimenti noti: e' la fee pagata (segno -) o incassata (segno +) nell'intervallo, non attribuibile a una singola transazione",32.3948,,1
run2-tbt-10s/continentale,continentale,10,49,5,m3,1KxWxQCw8B6cfbPkjPqbyQ6co3qCuicxpv4P58,fee,0.3342,rete (fee di blocco),residuo verso il saldo che il nodo stesso ha letto subito prima di spendere: chiude lo scarto fra le due fonti di saldo,32.729,,1
run2-tbt-10s/continentale,continentale,10,49,5,m3,1KxWxQCw8B6cfbPkjPqbyQ6co3qCuicxpv4P58,reconcile,-6.1458,treasury,riconciliazione al treasury: e' la R_k dell'epoca (Def. 6.7),26.5832,,1
run2-tbt-10s/continentale,continentale,10,49,5,m3,1KxWxQCw8B6cfbPkjPqbyQ6co3qCuicxpv4P58,fee,-0.045,rete (fee di blocco),"residuo fra il campione precedente e questo, una volta tolti i movimenti noti: e' la fee pagata (segno -) o incassata (segno +) nell'intervallo, non attribuibile a una singola transazione",26.5382,,1
run2-tbt-10s/continentale,continentale,10,52,5,m3,1KxWxQCw8B6cfbPkjPqbyQ6co3qCuicxpv4P58,fee,0.3582,rete (fee di blocco),"residuo fra il campione precedente e questo, una volta tolti i movimenti noti: e' la fee pagata (segno -) o incassata (segno +) nell'intervallo, non attribuibile a una singola transazione",26.8964,,1
run2-tbt-10s/continentale,continentale,10,55,5,m3,1KxWxQCw8B6cfbPkjPqbyQ6co3qCuicxpv4P58,fee,-0.076,rete (fee di blocco),"residuo fra il campione precedente e questo, una volta tolti i movimenti noti: e' la fee pagata (segno -) o incassata (segno +) nell'intervallo, non attribuibile a una singola transazione",26.8204,,1
run2-tbt-10s/continentale,continentale,10,58,5,m3,1KxWxQCw8B6cfbPkjPqbyQ6co3qCuicxpv4P58,fee,0.2788,rete (fee di blocco),"residuo fra il campione precedente e questo, una volta tolti i movimenti noti: e' la fee pagata (segno -) o incassata (segno +) nell'intervallo, non attribuibile a una singola transazione",27.0992,,1
run2-tbt-10s/continentale,continentale,10,61,6,m3,1KxWxQCw8B6cfbPkjPqbyQ6co3qCuicxpv4P58,fee,0.167,rete (fee di blocco),residuo verso il saldo che il nodo stesso ha letto subito prima di spendere: chiude lo scarto fra le due fonti di saldo,27.2662,,1
run2-tbt-10s/continentale,continentale,10,61,6,m3,1KxWxQCw8B6cfbPkjPqbyQ6co3qCuicxpv4P58,reconcile,-5.0532,treasury,riconciliazione al treasury: e' la R_k dell'epoca (Def. 6.7),22.213,,1
run2-tbt-10s/continentale,continentale,10,61,6,m3,1KxWxQCw8B6cfbPkjPqbyQ6co3qCuicxpv4P58,fee,0.1222,rete (fee di blocco),"residuo fra il campione precedente e questo, una volta tolti i movimenti noti: e' la fee pagata (segno -) o incassata (segno +) nell'intervallo, non attribuibile a una singola transazione",22.3352,,1
run2-tbt-10s/continentale,continentale,10,72,7,m3,1KxWxQCw8B6cfbPkjPqbyQ6co3qCuicxpv4P58,refill,100.0,admin,rifornimento sotto soglia,122.3352,,1
run2-tbt-10s/continentale,continentale,10,72,7,m3,1KxWxQCw8B6cfbPkjPqbyQ6co3qCuicxpv4P58,fee,-104.1122,rete (fee di blocco),"residuo fra il campione precedente e questo, una volta tolti i movimenti noti: e' la fee pagata (segno -) o incassata (segno +) nell'intervallo, non attribuibile a una singola transazione",18.223,,1
run2-tbt-10s/continentale,continentale,10,73,7,m3,1KxWxQCw8B6cfbPkjPqbyQ6co3qCuicxpv4P58,fee,4.1122,rete (fee di blocco),residuo verso il saldo che il nodo stesso ha letto subito prima di spendere: chiude lo scarto fra le due fonti di saldo,22.3352,,1
run2-tbt-10s/continentale,continentale,10,73,7,m3,1KxWxQCw8B6cfbPkjPqbyQ6co3qCuicxpv4P58,reconcile,-4.067,treasury,riconciliazione al treasury: e' la R_k dell'epoca (Def. 6.7),18.2682,,1
run2-tbt-10s/continentale,continentale,10,75,7,m3,1KxWxQCw8B6cfbPkjPqbyQ6co3qCuicxpv4P58,fee,99.9548,rete (fee di blocco),"residuo fra il campione precedente e questo, una volta tolti i movimenti noti: e' la fee pagata (segno -) o incassata (segno +) nell'intervallo, non attribuibile a una singola transazione",118.223,,1
run2-tbt-10s/continentale,continentale,10,78,7,m3,1KxWxQCw8B6cfbPkjPqbyQ6co3qCuicxpv4P58,fee,-0.076,rete (fee di blocco),"residuo fra il campione precedente e questo, una volta tolti i movimenti noti: e' la fee pagata (segno -) o incassata (segno +) nell'intervallo, non attribuibile a una singola transazione",118.147,,1
run2-tbt-10s/continentale,continentale,10,80,7,m3,1KxWxQCw8B6cfbPkjPqbyQ6co3qCuicxpv4P58,fee,0.2786,rete (fee di blocco),"residuo fra il campione precedente e questo, una volta tolti i movimenti noti: e' la fee pagata (segno -) o incassata (segno +) nell'intervallo, non attribuibile a una singola transazione",118.4256,,1
run2-tbt-10s/continentale,continentale,10,85,8,m3,1KxWxQCw8B6cfbPkjPqbyQ6co3qCuicxpv4P58,reconcile,-23.2851,treasury,riconciliazione al treasury: e' la R_k dell'epoca (Def. 6.7),95.1405,,1
run2-tbt-10s/continentale,continentale,10,85,8,m3,1KxWxQCw8B6cfbPkjPqbyQ6co3qCuicxpv4P58,fee,-0.0452,rete (fee di blocco),"residuo fra il campione precedente e questo, una volta tolti i movimenti noti: e' la fee pagata (segno -) o incassata (segno +) nell'intervallo, non attribuibile a una singola transazione",95.0953,,1
run2-tbt-10s/continentale,continentale,10,91,8,m3,1KxWxQCw8B6cfbPkjPqbyQ6co3qCuicxpv4P58,fee,-0.076,rete (fee di blocco),"residuo fra il campione precedente e questo, una volta tolti i movimenti noti: e' la fee pagata (segno -) o incassata (segno +) nell'intervallo, non attribuibile a una singola transazione",95.0193,,1
run2-tbt-10s/continentale,continentale,10,97,9,m3,1KxWxQCw8B6cfbPkjPqbyQ6co3qCuicxpv4P58,reconcile,-18.6039,treasury,riconciliazione al treasury: e' la R_k dell'epoca (Def. 6.7),76.4154,,1
run2-tbt-10s/continentale,continentale,10,97,9,m3,1KxWxQCw8B6cfbPkjPqbyQ6co3qCuicxpv4P58,fee,-0.045,rete (fee di blocco),"residuo fra il campione precedente e questo, una volta tolti i movimenti noti: e' la fee pagata (segno -) o incassata (segno +) nell'intervallo, non attribuibile a una singola transazione",76.3704,,1
run2-tbt-10s/continentale,continentale,10,101,9,m3,1KxWxQCw8B6cfbPkjPqbyQ6co3qCuicxpv4P58,fee,-0.1054,rete (fee di blocco),"residuo fra il campione precedente e questo, una volta tolti i movimenti noti: e' la fee pagata (segno -) o incassata (segno +) nell'intervallo, non attribuibile a una singola transazione",76.265,,1
run2-tbt-10s/continentale,continentale,10,109,10,m3,1KxWxQCw8B6cfbPkjPqbyQ6co3qCuicxpv4P58,reconcile,-14.853,treasury,riconciliazione al treasury: e' la R_k dell'epoca (Def. 6.7),61.412,,1
run2-tbt-10s/continentale,continentale,10,109,10,m3,1KxWxQCw8B6cfbPkjPqbyQ6co3qCuicxpv4P58,fee,-0.0452,rete (fee di blocco),"residuo fra il campione precedente e questo, una volta tolti i movimenti noti: e' la fee pagata (segno -) o incassata (segno +) nell'intervallo, non attribuibile a una singola transazione",61.3668,,1
run2-tbt-10s/continentale,continentale,10,116,10,m3,1KxWxQCw8B6cfbPkjPqbyQ6co3qCuicxpv4P58,fee,0.2242,rete (fee di blocco),"residuo fra il campione precedente e questo, una volta tolti i movimenti noti: e' la fee pagata (segno -) o incassata (segno +) nell'intervallo, non attribuibile a una singola transazione",61.591,,1
run2-tbt-10s/continentale,continentale,10,120,11,m3,1KxWxQCw8B6cfbPkjPqbyQ6co3qCuicxpv4P58,fee,-11.9634,rete (fee di blocco),"residuo fra il campione precedente e questo, una volta tolti i movimenti noti: e' la fee pagata (segno -) o incassata (segno +) nell'intervallo, non attribuibile a una singola transazione",49.6276,,1
run2-tbt-10s/continentale,continentale,10,121,11,m3,1KxWxQCw8B6cfbPkjPqbyQ6co3qCuicxpv4P58,fee,11.9634,rete (fee di blocco),residuo verso il saldo che il nodo stesso ha letto subito prima di spendere: chiude lo scarto fra le due fonti di saldo,61.591,,1
run2-tbt-10s/continentale,continentale,10,121,11,m3,1KxWxQCw8B6cfbPkjPqbyQ6co3qCuicxpv4P58,reconcile,-11.9182,treasury,riconciliazione al treasury: e' la R_k dell'epoca (Def. 6.7),49.6728,,1
run2-tbt-10s/continentale,continentale,10,124,11,m3,1KxWxQCw8B6cfbPkjPqbyQ6co3qCuicxpv4P58,fee,-0.0452,rete (fee di blocco),"residuo fra il campione precedente e questo, una volta tolti i movimenti noti: e' la fee pagata (segno -) o incassata (segno +) nell'intervallo, non attribuibile a una singola transazione",49.6276,,1
run2-tbt-10s/continentale,continentale,10,127,11,m3,1KxWxQCw8B6cfbPkjPqbyQ6co3qCuicxpv4P58,fee,0.2042,rete (fee di blocco),"residuo fra il campione precedente e questo, una volta tolti i movimenti noti: e' la fee pagata (segno -) o incassata (segno +) nell'intervallo, non attribuibile a una singola transazione",49.8318,,1
run2-tbt-10s/continentale,continentale,10,130,11,m3,1KxWxQCw8B6cfbPkjPqbyQ6co3qCuicxpv4P58,fee,0.2238,rete (fee di blocco),"residuo fra il campione precedente e questo, una volta tolti i movimenti noti: e' la fee pagata (segno -) o incassata (segno +) nell'intervallo, non attribuibile a una singola transazione",50.0556,,1
run2-tbt-10s/continentale,continentale,10,133,12,m3,1KxWxQCw8B6cfbPkjPqbyQ6co3qCuicxpv4P58,reconcile,-9.6111,treasury,riconciliazione al treasury: e' la R_k dell'epoca (Def. 6.7),40.4445,,1
run2-tbt-10s/continentale,continentale,10,133,12,m3,1KxWxQCw8B6cfbPkjPqbyQ6co3qCuicxpv4P58,fee,-0.045,rete (fee di blocco),"residuo fra il campione precedente e questo, una volta tolti i movimenti noti: e' la fee pagata (segno -) o incassata (segno +) nell'intervallo, non attribuibile a una singola transazione",40.3995,,1
run2-tbt-10s/continentale,continentale,10,139,12,m3,1KxWxQCw8B6cfbPkjPqbyQ6co3qCuicxpv4P58,fee,-0.076,rete (fee di blocco),"residuo fra il campione precedente e questo, una volta tolti i movimenti noti: e' la fee pagata (segno -) o incassata (segno +) nell'intervallo, non attribuibile a una singola transazione",40.3235,,1
run2-tbt-10s/continentale,continentale,10,145,13,m3,1KxWxQCw8B6cfbPkjPqbyQ6co3qCuicxpv4P58,reconcile,-7.6647,treasury,riconciliazione al treasury: e' la R_k dell'epoca (Def. 6.7),32.6588,,1
run2-tbt-10s/continentale,continentale,10,145,13,m3,1KxWxQCw8B6cfbPkjPqbyQ6co3qCuicxpv4P58,fee,-0.045,rete (fee di blocco),"residuo fra il campione precedente e questo, una volta tolti i movimenti noti: e' la fee pagata (segno -) o incassata (segno +) nell'intervallo, non attribuibile a una singola transazione",32.6138,,1
run2-tbt-10s/continentale,continentale,10,157,14,m3,1KxWxQCw8B6cfbPkjPqbyQ6co3qCuicxpv4P58,reconcile,-6.1228,treasury,riconciliazione al treasury: e' la R_k dell'epoca (Def. 6.7),26.491,,1
run2-tbt-10s/continentale,continentale,10,158,14,m3,1KxWxQCw8B6cfbPkjPqbyQ6co3qCuicxpv4P58,fee,-0.0452,rete (fee di blocco),"residuo fra il campione precedente e questo, una volta tolti i movimenti noti: e' la fee pagata (segno -) o incassata (segno +) nell'intervallo, non attribuibile a una singola transazione",26.4458,,1
run2-tbt-10s/continentale,continentale,10,162,14,m3,1KxWxQCw8B6cfbPkjPqbyQ6co3qCuicxpv4P58,fee,0.204,rete (fee di blocco),"residuo fra il campione precedente e questo, una volta tolti i movimenti noti: e' la fee pagata (segno -) o incassata (segno +) nell'intervallo, non attribuibile a una singola transazione",26.6498,,1
run2-tbt-10s/continentale,continentale,10,169,15,m3,1KxWxQCw8B6cfbPkjPqbyQ6co3qCuicxpv4P58,reconcile,-4.93,treasury,riconciliazione al treasury: e' la R_k dell'epoca (Def. 6.7),21.7198,,1
run2-tbt-10s/continentale,continentale,10,170,15,m3,1KxWxQCw8B6cfbPkjPqbyQ6co3qCuicxpv4P58,fee,1.0546,rete (fee di blocco),"residuo fra il campione precedente e questo, una volta tolti i movimenti noti: e' la fee pagata (segno -) o incassata (segno +) nell'intervallo, non attribuibile a una singola transazione",22.7744,,1
run2-tbt-10s/continentale,continentale,10,173,15,m3,1KxWxQCw8B6cfbPkjPqbyQ6co3qCuicxpv4P58,fee,-0.1056,rete (fee di blocco),"residuo fra il campione precedente e questo, una volta tolti i movimenti noti: e' la fee pagata (segno -) o incassata (segno +) nell'intervallo, non attribuibile a una singola transazione",22.6688,,1
run2-tbt-10s/continentale,continentale,10,181,16,m3,1KxWxQCw8B6cfbPkjPqbyQ6co3qCuicxpv4P58,refill,100.0,admin,rifornimento sotto soglia,122.6688,,1
run2-tbt-10s/continentale,continentale,10,181,16,m3,1KxWxQCw8B6cfbPkjPqbyQ6co3qCuicxpv4P58,fee,-100.0,rete (fee di blocco),residuo verso il saldo che il nodo stesso ha letto subito prima di spendere: chiude lo scarto fra le due fonti di saldo,22.6688,,1
run2-tbt-10s/continentale,continentale,10,181,16,m3,1KxWxQCw8B6cfbPkjPqbyQ6co3qCuicxpv4P58,reconcile,-4.1338,treasury,riconciliazione al treasury: e' la R_k dell'epoca (Def. 6.7),18.535,,1
run2-tbt-10s/continentale,continentale,10,181,16,m3,1KxWxQCw8B6cfbPkjPqbyQ6co3qCuicxpv4P58,fee,-0.2224,rete (fee di blocco),"residuo fra il campione precedente e questo, una volta tolti i movimenti noti: e' la fee pagata (segno -) o incassata (segno +) nell'intervallo, non attribuibile a una singola transazione",18.3126,,1
run2-tbt-10s/continentale,continentale,10,183,16,m3,1KxWxQCw8B6cfbPkjPqbyQ6co3qCuicxpv4P58,fee,100.0,rete (fee di blocco),"residuo fra il campione precedente e questo, una volta tolti i movimenti noti: e' la fee pagata (segno -) o incassata (segno +) nell'intervallo, non attribuibile a una singola transazione",118.3126,,1
run2-tbt-10s/continentale,continentale,10,186,16,m3,1KxWxQCw8B6cfbPkjPqbyQ6co3qCuicxpv4P58,fee,0.2946,rete (fee di blocco),"residuo fra il campione precedente e questo, una volta tolti i movimenti noti: e' la fee pagata (segno -) o incassata (segno +) nell'intervallo, non attribuibile a una singola transazione",118.6072,,1
run2-tbt-10s/continentale,continentale,10,192,17,m3,1KxWxQCw8B6cfbPkjPqbyQ6co3qCuicxpv4P58,fee,-23.3666,rete (fee di blocco),"residuo fra il campione precedente e questo, una volta tolti i movimenti noti: e' la fee pagata (segno -) o incassata (segno +) nell'intervallo, non attribuibile a una singola transazione",95.2406,,1
run2-tbt-10s/continentale,continentale,10,193,17,m3,1KxWxQCw8B6cfbPkjPqbyQ6co3qCuicxpv4P58,fee,23.3666,rete (fee di blocco),residuo verso il saldo che il nodo stesso ha letto subito prima di spendere: chiude lo scarto fra le due fonti di saldo,118.6072,,1
run2-tbt-10s/continentale,continentale,10,193,17,m3,1KxWxQCw8B6cfbPkjPqbyQ6co3qCuicxpv4P58,reconcile,-23.3214,treasury,riconciliazione al treasury: e' la R_k dell'epoca (Def. 6.7),95.2858,,1
run2-tbt-10s/continentale,continentale,10,195,17,m3,1KxWxQCw8B6cfbPkjPqbyQ6co3qCuicxpv4P58,fee,-0.0452,rete (fee di blocco),"residuo fra il campione precedente e questo, una volta tolti i movimenti noti: e' la fee pagata (segno -) o incassata (segno +) nell'intervallo, non attribuibile a una singola transazione",95.2406,,1
run2-tbt-10s/continentale,continentale,10,198,17,m3,1KxWxQCw8B6cfbPkjPqbyQ6co3qCuicxpv4P58,fee,-0.1054,rete (fee di blocco),"residuo fra il campione precedente e questo, una volta tolti i movimenti noti: e' la fee pagata (segno -) o incassata (segno +) nell'intervallo, non attribuibile a una singola transazione",95.1352,,1
run2-tbt-10s/continentale,continentale,10,202,17,m3,1KxWxQCw8B6cfbPkjPqbyQ6co3qCuicxpv4P58,fee,0.6732,rete (fee di blocco),"residuo fra il campione precedente e questo, una volta tolti i movimenti noti: e' la fee pagata (segno -) o incassata (segno +) nell'intervallo, non attribuibile a una singola transazione",95.8084,,1
run2-tbt-10s/continentale,continentale,10,205,18,m3,1KxWxQCw8B6cfbPkjPqbyQ6co3qCuicxpv4P58,fee,0.1684,rete (fee di blocco),residuo verso il saldo che il nodo stesso ha letto subito prima di spendere: chiude lo scarto fra le due fonti di saldo,95.9768,,1
run2-tbt-10s/continentale,continentale,10,205,18,m3,1KxWxQCw8B6cfbPkjPqbyQ6co3qCuicxpv4P58,reconcile,-18.7954,treasury,riconciliazione al treasury: e' la R_k dell'epoca (Def. 6.7),77.1814,,1
run2-tbt-10s/continentale,continentale,10,205,18,m3,1KxWxQCw8B6cfbPkjPqbyQ6co3qCuicxpv4P58,fee,-0.045,rete (fee di blocco),"residuo fra il campione precedente e questo, una volta tolti i movimenti noti: e' la fee pagata (segno -) o incassata (segno +) nell'intervallo, non attribuibile a una singola transazione",77.1364,,1
run2-tbt-10s/continentale,continentale,10,211,18,m3,1KxWxQCw8B6cfbPkjPqbyQ6co3qCuicxpv4P58,fee,0.4366,rete (fee di blocco),"residuo fra il campione precedente e questo, una volta tolti i movimenti noti: e' la fee pagata (segno -) o incassata (segno +) nell'intervallo, non attribuibile a una singola transazione",77.573,,1
run2-tbt-10s/continentale,continentale,10,213,18,m3,1KxWxQCw8B6cfbPkjPqbyQ6co3qCuicxpv4P58,fee,0.1118,rete (fee di blocco),"residuo fra il campione precedente e questo, una volta tolti i movimenti noti: e' la fee pagata (segno -) o incassata (segno +) nell'intervallo, non attribuibile a una singola transazione",77.6848,,1
run2-tbt-10s/continentale,continentale,10,217,19,m3,1KxWxQCw8B6cfbPkjPqbyQ6co3qCuicxpv4P58,reconcile,-15.137,treasury,riconciliazione al treasury: e' la R_k dell'epoca (Def. 6.7),62.5478,,1
run2-tbt-10s/continentale,continentale,10,219,19,m3,1KxWxQCw8B6cfbPkjPqbyQ6co3qCuicxpv4P58,fee,-0.0452,rete (fee di blocco),"residuo fra il campione precedente e questo, una volta tolti i movimenti noti: e' la fee pagata (segno -) o incassata (segno +) nell'intervallo, non attribuibile a una singola transazione",62.5026,,1
run2-tbt-10s/continentale,continentale,10,222,19,m3,1KxWxQCw8B6cfbPkjPqbyQ6co3qCuicxpv4P58,fee,-0.076,rete (fee di blocco),"residuo fra il campione precedente e questo, una volta tolti i movimenti noti: e' la fee pagata (segno -) o incassata (segno +) nell'intervallo, non attribuibile a una singola transazione",62.4266,,1
run2-tbt-10s/continentale,continentale,10,229,20,m3,1KxWxQCw8B6cfbPkjPqbyQ6co3qCuicxpv4P58,reconcile,-12.0853,treasury,riconciliazione al treasury: e' la R_k dell'epoca (Def. 6.7),50.3413,,1
run2-tbt-10s/continentale,continentale,10,229,20,m3,1KxWxQCw8B6cfbPkjPqbyQ6co3qCuicxpv4P58,fee,-0.045,rete (fee di blocco),"residuo fra il campione precedente e questo, una volta tolti i movimenti noti: e' la fee pagata (segno -) o incassata (segno +) nell'intervallo, non attribuibile a una singola transazione",50.2963,,1
run2-tbt-10s/continentale,continentale,10,235,20,m3,1KxWxQCw8B6cfbPkjPqbyQ6co3qCuicxpv4P58,fee,-0.1056,rete (fee di blocco),"residuo fra il campione precedente e questo, una volta tolti i movimenti noti: e' la fee pagata (segno -) o incassata (segno +) nell'intervallo, non attribuibile a una singola transazione",50.1907,,1
run2-tbt-10s/continentale,continentale,10,242,21,m3,1KxWxQCw8B6cfbPkjPqbyQ6co3qCuicxpv4P58,reconcile,-9.6381,treasury,riconciliazione al treasury: e' la R_k dell'epoca (Def. 6.7),40.5526,,1
run2-tbt-10s/continentale,continentale,10,242,21,m3,1KxWxQCw8B6cfbPkjPqbyQ6co3qCuicxpv4P58,fee,-0.0452,rete (fee di blocco),"residuo fra il campione precedente e questo, una volta tolti i movimenti noti: e' la fee pagata (segno -) o incassata (segno +) nell'intervallo, non attribuibile a una singola transazione",40.5074,,1
run2-tbt-10s/continentale,continentale,10,253,22,m3,1KxWxQCw8B6cfbPkjPqbyQ6co3qCuicxpv4P58,reconcile,-7.7015,treasury,riconciliazione al treasury: e' la R_k dell'epoca (Def. 6.7),32.8059,,1
run2-tbt-10s/continentale,continentale,10,254,22,m3,1KxWxQCw8B6cfbPkjPqbyQ6co3qCuicxpv4P58,fee,-0.0452,rete (fee di blocco),"residuo fra il campione precedente e questo, una volta tolti i movimenti noti: e' la fee pagata (segno -) o incassata (segno +) nell'intervallo, non attribuibile a una singola transazione",32.7607,,1
run2-tbt-10s/continentale,continentale,10,257,22,m3,1KxWxQCw8B6cfbPkjPqbyQ6co3qCuicxpv4P58,fee,-0.0762,rete (fee di blocco),"residuo fra il campione precedente e questo, una volta tolti i movimenti noti: e' la fee pagata (segno -) o incassata (segno +) nell'intervallo, non attribuibile a una singola transazione",32.6845,,1
run2-tbt-10s/continentale,continentale,10,265,23,m3,1KxWxQCw8B6cfbPkjPqbyQ6co3qCuicxpv4P58,reconcile,-6.1369,treasury,riconciliazione al treasury: e' la R_k dell'epoca (Def. 6.7),26.5476,,1
run2-tbt-10s/continentale,continentale,10,266,23,m3,1KxWxQCw8B6cfbPkjPqbyQ6co3qCuicxpv4P58,fee,-0.0452,rete (fee di blocco),"residuo fra il campione precedente e questo, una volta tolti i movimenti noti: e' la fee pagata (segno -) o incassata (segno +) nell'intervallo, non attribuibile a una singola transazione",26.5024,,1
run2-tbt-10s/continentale,continentale,10,270,23,m3,1KxWxQCw8B6cfbPkjPqbyQ6co3qCuicxpv4P58,fee,-0.1058,rete (fee di blocco),"residuo fra il campione precedente e questo, una volta tolti i movimenti noti: e' la fee pagata (segno -) o incassata (segno +) nell'intervallo, non attribuibile a una singola transazione",26.3966,,1
run2-tbt-10s/continentale,continentale,10,277,24,m3,1KxWxQCw8B6cfbPkjPqbyQ6co3qCuicxpv4P58,reconcile,-4.8793,treasury,riconciliazione al treasury: e' la R_k dell'epoca (Def. 6.7),21.5173,,1
run2-tbt-10s/continentale,continentale,10,279,24,m3,1KxWxQCw8B6cfbPkjPqbyQ6co3qCuicxpv4P58,fee,-0.045,rete (fee di blocco),"residuo fra il campione precedente e questo, una volta tolti i movimenti noti: e' la fee pagata (segno -) o incassata (segno +) nell'intervallo, non attribuibile a una singola transazione",21.4723,,1
run2-tbt-10s/continentale,continentale,10,282,24,m3,1KxWxQCw8B6cfbPkjPqbyQ6co3qCuicxpv4P58,fee,0.0922,rete (fee di blocco),"residuo fra il campione precedente e questo, una volta tolti i movimenti noti: e' la fee pagata (segno -) o incassata (segno +) nell'intervallo, non attribuibile a una singola transazione",21.5645,,1
run2-tbt-10s/continentale,continentale,10,289,25,m3,1KxWxQCw8B6cfbPkjPqbyQ6co3qCuicxpv4P58,refill,100.0,admin,rifornimento sotto soglia,121.5645,,1
run2-tbt-10s/continentale,continentale,10,289,25,m3,1KxWxQCw8B6cfbPkjPqbyQ6co3qCuicxpv4P58,fee,-100.0,rete (fee di blocco),residuo verso il saldo che il nodo stesso ha letto subito prima di spendere: chiude lo scarto fra le due fonti di saldo,21.5645,,1
run2-tbt-10s/continentale,continentale,10,289,25,m3,1KxWxQCw8B6cfbPkjPqbyQ6co3qCuicxpv4P58,reconcile,-3.9129,treasury,riconciliazione al treasury: e' la R_k dell'epoca (Def. 6.7),17.6516,,1
run2-tbt-10s/continentale,continentale,10,289,25,m3,1KxWxQCw8B6cfbPkjPqbyQ6co3qCuicxpv4P58,fee,-0.222,rete (fee di blocco),"residuo fra il campione precedente e questo, una volta tolti i movimenti noti: e' la fee pagata (segno -) o incassata (segno +) nell'intervallo, non attribuibile a una singola transazione",17.4296,,1
run2-tbt-10s/continentale,continentale,10,292,25,m3,1KxWxQCw8B6cfbPkjPqbyQ6co3qCuicxpv4P58,fee,100.0,rete (fee di blocco),"residuo fra il campione precedente e questo, una volta tolti i movimenti noti: e' la fee pagata (segno -) o incassata (segno +) nell'intervallo, non attribuibile a una singola transazione",117.4296,,1
run2-tbt-10s/continentale,continentale,10,295,25,m3,1KxWxQCw8B6cfbPkjPqbyQ6co3qCuicxpv4P58,fee,0.4284,rete (fee di blocco),"residuo fra il campione precedente e questo, una volta tolti i movimenti noti: e' la fee pagata (segno -) o incassata (segno +) nell'intervallo, non attribuibile a una singola transazione",117.858,,1
run2-tbt-10s/continentale,continentale,10,300,26,m3,1KxWxQCw8B6cfbPkjPqbyQ6co3qCuicxpv4P58,fee,-23.2168,rete (fee di blocco),"residuo fra il campione precedente e questo, una volta tolti i movimenti noti: e' la fee pagata (segno -) o incassata (segno +) nell'intervallo, non attribuibile a una singola transazione",94.6412,,1
run2-tbt-10s/continentale,continentale,10,301,26,m3,1KxWxQCw8B6cfbPkjPqbyQ6co3qCuicxpv4P58,fee,23.2168,rete (fee di blocco),residuo verso il saldo che il nodo stesso ha letto subito prima di spendere: chiude lo scarto fra le due fonti di saldo,117.858,,1
run2-tbt-10s/continentale,continentale,10,301,26,m3,1KxWxQCw8B6cfbPkjPqbyQ6co3qCuicxpv4P58,reconcile,-23.1716,treasury,riconciliazione al treasury: e' la R_k dell'epoca (Def. 6.7),94.6864,,1
run2-tbt-10s/continentale,continentale,10,303,26,m3,1KxWxQCw8B6cfbPkjPqbyQ6co3qCuicxpv4P58,fee,-0.0452,rete (fee di blocco),"residuo fra il campione precedente e questo, una volta tolti i movimenti noti: e' la fee pagata (segno -) o incassata (segno +) nell'intervallo, non attribuibile a una singola transazione",94.6412,,1
run2-tbt-10s/continentale,continentale,10,305,26,m3,1KxWxQCw8B6cfbPkjPqbyQ6co3qCuicxpv4P58,fee,-0.1056,rete (fee di blocco),"residuo fra il campione precedente e questo, una volta tolti i movimenti noti: e' la fee pagata (segno -) o incassata (segno +) nell'intervallo, non attribuibile a una singola transazione",94.5356,,1
run2-tbt-10s/continentale,continentale,10,314,27,m3,1KxWxQCw8B6cfbPkjPqbyQ6co3qCuicxpv4P58,fee,0.5054,rete (fee di blocco),residuo verso il saldo che il nodo stesso ha letto subito prima di spendere: chiude lo scarto fra le due fonti di saldo,95.041,,1
run2-tbt-10s/continentale,continentale,10,314,27,m3,1KxWxQCw8B6cfbPkjPqbyQ6co3qCuicxpv4P58,reconcile,-18.6082,treasury,riconciliazione al treasury: e' la R_k dell'epoca (Def. 6.7),76.4328,,1
run2-tbt-10s/continentale,continentale,10,314,27,m3,1KxWxQCw8B6cfbPkjPqbyQ6co3qCuicxpv4P58,fee,0.0672,rete (fee di blocco),"residuo fra il campione precedente e questo, una volta tolti i movimenti noti: e' la fee pagata (segno -) o incassata (segno +) nell'intervallo, non attribuibile a una singola transazione",76.5,,1
run2-tbt-10s/continentale,continentale,10,320,27,m3,1KxWxQCw8B6cfbPkjPqbyQ6co3qCuicxpv4P58,fee,0.056,rete (fee di blocco),"residuo fra il campione precedente e questo, una volta tolti i movimenti noti: e' la fee pagata (segno -) o incassata (segno +) nell'intervallo, non attribuibile a una singola transazione",76.556,,1
run2-tbt-10s/continentale,continentale,10,323,27,m3,1KxWxQCw8B6cfbPkjPqbyQ6co3qCuicxpv4P58,fee,0.2806,rete (fee di blocco),"residuo fra il campione precedente e questo, una volta tolti i movimenti noti: e' la fee pagata (segno -) o incassata (segno +) nell'intervallo, non attribuibile a una singola transazione",76.8366,,1
run2-tbt-10s/continentale,continentale,10,324,28,m3,1KxWxQCw8B6cfbPkjPqbyQ6co3qCuicxpv4P58,fee,0.1058,rete (fee di blocco),"residuo fino al saldo di fine run letto da node_state.csv: per l'admin e' l'unica misura disponibile, gas_balances.csv non lo campiona",61.8241,,1
run2-tbt-10s/continentale,continentale,10,325,28,m3,1KxWxQCw8B6cfbPkjPqbyQ6co3qCuicxpv4P58,reconcile,-14.9673,treasury,riconciliazione al treasury: e' la R_k dell'epoca (Def. 6.7),61.8693,,1
run2-tbt-10s/continentale,continentale,10,325,28,m3,1KxWxQCw8B6cfbPkjPqbyQ6co3qCuicxpv4P58,fee,-0.0452,rete (fee di blocco),"residuo fra il campione precedente e questo, una volta tolti i movimenti noti: e' la fee pagata (segno -) o incassata (segno +) nell'intervallo, non attribuibile a una singola transazione",61.8241,,1
run2-tbt-10s/continentale,continentale,10,331,28,m3,1KxWxQCw8B6cfbPkjPqbyQ6co3qCuicxpv4P58,fee,-0.1058,rete (fee di blocco),"residuo fra il campione precedente e questo, una volta tolti i movimenti noti: e' la fee pagata (segno -) o incassata (segno +) nell'intervallo, non attribuibile a una singola transazione",61.7183,,1
