tip_height,round_height,host,window,mean_spacing_s,tblock_s,phi_s,phi_bound_s,log_timestamp,n_occurrences,source_file,source_line
151,152,admin,12,9.917,10.000,+0.083,5.000,2000-01-01 00:25:14,2,run/data/admin/debug.log,730
151,152,m1,12,9.917,10.000,+0.083,5.000,2000-01-01 00:25:03,3,run/data/m1/debug.log,613
151,152,m2,12,9.917,10.000,+0.083,5.000,2000-01-01 00:25:02,3,run/data/m2/debug.log,654
151,152,m3,12,9.917,10.000,+0.083,5.000,2000-01-01 00:25:03,3,run/data/m3/debug.log,621
152,153,admin,12,10.000,10.000,+0.000,5.000,2000-01-01 00:25:25,2,run/data/admin/debug.log,744
152,153,m1,12,10.000,10.000,+0.000,5.000,2000-01-01 00:25:13,3,run/data/m1/debug.log,628
152,153,m2,12,10.000,10.000,+0.000,5.000,2000-01-01 00:25:12,3,run/data/m2/debug.log,710
152,153,m3,12,10.000,10.000,+0.000,5.000,2000-01-01 00:25:13,3,run/data/m3/debug.log,636
153,154,admin,12,9.917,10.000,+0.083,5.000,2000-01-01 00:25:40,2,run/data/admin/debug.log,758
153,154,m1,12,9.917,10.000,+0.083,5.000,2000-01-01 00:25:25,3,run/data/m1/debug.log,675
153,154,m2,12,9.917,10.000,+0.083,5.000,2000-01-01 00:25:26,3,run/data/m2/debug.log,725
153,154,m3,12,9.917,10.000,+0.083,5.000,2000-01-01 00:25:26,3,run/data/m3/debug.log,651
154,155,admin,12,10.500,10.000,-0.500,5.000,2000-01-01 00:25:55,5,run/data/admin/debug.log,772
154,155,m1,12,10.500,10.000,-0.500,5.000,2000-01-01 00:25:40,6,run/data/m1/debug.log,690
154,155,m2,12,10.500,10.000,-0.500,5.000,2000-01-01 00:25:39,6,run/data/m2/debug.log,746
154,155,m3,12,10.500,10.000,-0.500,5.000,2000-01-01 00:25:40,6,run/data/m3/debug.log,666
155,156,admin,12,10.917,10.000,-0.917,5.000,2000-01-01 00:26:05,2,run/data/admin/debug.log,805
155,156,m1,12,10.917,10.000,-0.917,5.000,2000-01-01 00:25:54,3,run/data/m1/debug.log,793
155,156,m2,12,11.000,10.000,-1.000,5.000,2000-01-01 00:25:55,3,run/data/m2/debug.log,783
155,156,m3,12,10.917,10.000,-0.917,5.000,2000-01-01 00:25:56,3,run/data/m3/debug.log,697
156,157,admin,12,10.833,10.000,-0.833,5.000,2000-01-01 00:26:16,2,run/data/admin/debug.log,819
156,157,m1,12,10.833,10.000,-0.833,5.000,2000-01-01 00:26:04,3,run/data/m1/debug.log,856
156,157,m2,12,10.833,10.000,-0.833,5.000,2000-01-01 00:26:06,3,run/data/m2/debug.log,818
156,157,m3,12,10.833,10.000,-0.833,5.000,2000-01-01 00:26:06,3,run/data/m3/debug.log,712
157,158,admin,12,11.083,10.000,-1.083,5.000,2000-01-01 00:26:27,2,run/data/admin/debug.log,833
157,158,m1,12,11.083,10.000,-1.083,5.000,2000-01-01 00:26:15,3,run/data/m1/debug.log,1076
157,158,m2,12,11.083,10.000,-1.083,5.000,2000-01-01 00:26:17,3,run/data/m2/debug.log,833
157,158,m3,12,11.083,10.000,-1.083,5.000,2000-01-01 00:26:17,3,run/data/m3/debug.log,727
158,159,admin,12,11.083,10.000,-1.083,5.000,2000-01-01 00:26:35,2,run/data/admin/debug.log,847
158,159,m1,12,11.083,10.000,-1.083,5.000,2000-01-01 00:26:27,3,run/data/m1/debug.log,1091
158,159,m2,12,11.083,10.000,-1.083,5.000,2000-01-01 00:26:26,3,run/data/m2/debug.log,1109
158,159,m3,12,11.083,10.000,-1.083,5.000,2000-01-01 00:26:28,3,run/data/m3/debug.log,742
159,160,admin,12,10.833,10.000,-0.833,5.000,2000-01-01 00:26:42,2,run/data/admin/debug.log,861
159,160,m1,12,10.833,10.000,-0.833,5.000,2000-01-01 00:26:35,3,run/data/m1/debug.log,1109
159,160,m2,12,10.833,10.000,-0.833,5.000,2000-01-01 00:26:34,3,run/data/m2/debug.log,1497
159,160,m3,12,10.833,10.000,-0.833,5.000,2000-01-01 00:26:35,3,run/data/m3/debug.log,760
160,161,admin,12,10.833,10.000,-0.833,5.000,2000-01-01 00:26:52,2,run/data/admin/debug.log,875
160,161,m1,12,10.833,10.000,-0.833,5.000,2000-01-01 00:26:43,3,run/data/m1/debug.log,1124
160,161,m2,12,10.833,10.000,-0.833,5.000,2000-01-01 00:26:43,3,run/data/m2/debug.log,1512
160,161,m3,12,10.833,10.000,-0.833,5.000,2000-01-01 00:26:42,3,run/data/m3/debug.log,886
161,162,admin,12,10.833,10.000,-0.833,5.000,2000-01-01 00:26:59,2,run/data/admin/debug.log,889
161,162,m1,12,10.833,10.000,-0.833,5.000,2000-01-01 00:26:53,3,run/data/m1/debug.log,1139
161,162,m2,12,10.833,10.000,-0.833,5.000,2000-01-01 00:26:52,3,run/data/m2/debug.log,1756
161,162,m3,12,10.833,10.000,-0.833,5.000,2000-01-01 00:26:53,3,run/data/m3/debug.log,901
162,163,admin,12,10.333,10.000,-0.333,5.000,2000-01-01 00:27:13,2,run/data/admin/debug.log,903
162,163,m1,12,10.333,10.000,-0.333,5.000,2000-01-01 00:26:59,3,run/data/m1/debug.log,1154
162,163,m2,12,10.333,10.000,-0.333,5.000,2000-01-01 00:26:58,3,run/data/m2/debug.log,2363
162,163,m3,12,10.333,10.000,-0.333,5.000,2000-01-01 00:26:59,3,run/data/m3/debug.log,916
163,164,admin,12,10.917,10.000,-0.917,5.000,2000-01-01 00:27:28,2,run/data/admin/debug.log,917
163,164,m1,12,10.917,10.000,-0.917,5.000,2000-01-01 00:27:14,3,run/data/m1/debug.log,1169
163,164,m2,12,10.917,10.000,-0.917,5.000,2000-01-01 00:27:13,3,run/data/m2/debug.log,2728
163,164,m3,12,10.917,10.000,-0.917,5.000,2000-01-01 00:27:14,3,run/data/m3/debug.log,931
164,165,admin,12,11.333,10.000,-1.333,5.000,2000-01-01 00:27:37,2,run/data/admin/debug.log,931
164,165,m1,12,11.333,10.000,-1.333,5.000,2000-01-01 00:27:29,3,run/data/m1/debug.log,1184
164,165,m2,12,11.333,10.000,-1.333,5.000,2000-01-01 00:27:28,3,run/data/m2/debug.log,3058
164,165,m3,12,11.333,10.000,-1.333,5.000,2000-01-01 00:27:29,3,run/data/m3/debug.log,946
165,166,admin,12,11.000,10.000,-1.000,5.000,2000-01-01 00:27:49,2,run/data/admin/debug.log,945
165,166,m1,12,11.000,10.000,-1.000,5.000,2000-01-01 00:27:38,3,run/data/m1/debug.log,1199
165,166,m2,12,11.000,10.000,-1.000,5.000,2000-01-01 00:27:37,3,run/data/m2/debug.log,4137
165,166,m3,12,11.000,10.000,-1.000,5.000,2000-01-01 00:27:38,3,run/data/m3/debug.log,961
166,167,admin,12,10.833,10.000,-0.833,5.000,2000-01-01 00:27:58,2,run/data/admin/debug.log,959
166,167,m1,12,10.833,10.000,-0.833,5.000,2000-01-01 00:27:50,3,run/data/m1/debug.log,1214
166,167,m2,12,10.833,10.000,-0.833,5.000,2000-01-01 00:27:49,3,run/data/m2/debug.log,4425
166,167,m3,12,10.833,10.000,-0.833,5.000,2000-01-01 00:27:50,3,run/data/m3/debug.log,976
167,168,admin,12,10.333,10.000,-0.333,5.000,2000-01-01 00:28:09,2,run/data/admin/debug.log,976
167,168,m1,12,10.333,10.000,-0.333,5.000,2000-01-01 00:27:59,3,run/data/m1/debug.log,1229
167,168,m2,12,10.333,10.000,-0.333,5.000,2000-01-01 00:27:58,3,run/data/m2/debug.log,4488
167,168,m3,12,10.333,10.000,-0.333,5.000,2000-01-01 00:27:59,3,run/data/m3/debug.log,991
168,169,admin,12,10.417,10.000,-0.417,5.000,2000-01-01 00:28:21,2,run/data/admin/debug.log,990
168,169,m1,12,10.417,10.000,-0.417,5.000,2000-01-01 00:28:09,3,run/data/m1/debug.log,1283
168,169,m2,12,10.417,10.000,-0.417,5.000,2000-01-01 00:28:10,3,run/data/m2/debug.log,4503
168,169,m3,12,10.417,10.000,-0.417,5.000,2000-01-01 00:28:10,3,run/data/m3/debug.log,1006
169,170,admin,12,10.500,10.000,-0.500,5.000,2000-01-01 00:28:35,2,run/data/admin/debug.log,1004
169,170,m1,12,10.500,10.000,-0.500,5.000,2000-01-01 00:28:21,3,run/data/m1/debug.log,1496
169,170,m2,12,10.500,10.000,-0.500,5.000,2000-01-01 00:28:22,3,run/data/m2/debug.log,4518
169,170,m3,12,10.500,10.000,-0.500,5.000,2000-01-01 00:28:22,3,run/data/m3/debug.log,1021
170,171,admin,12,10.750,10.000,-0.750,5.000,2000-01-01 00:28:47,2,run/data/admin/debug.log,1018
170,171,m1,12,10.750,10.000,-0.750,5.000,2000-01-01 00:28:35,3,run/data/m1/debug.log,1600
170,171,m2,12,10.750,10.000,-0.750,5.000,2000-01-01 00:28:36,3,run/data/m2/debug.log,4536
170,171,m3,12,10.750,10.000,-0.750,5.000,2000-01-01 00:28:36,3,run/data/m3/debug.log,1039
171,172,admin,12,11.000,10.000,-1.000,5.000,2000-01-01 00:29:01,2,run/data/admin/debug.log,1032
171,172,m1,12,11.000,10.000,-1.000,5.000,2000-01-01 00:28:47,3,run/data/m1/debug.log,1615
171,172,m2,12,11.000,10.000,-1.000,5.000,2000-01-01 00:28:46,3,run/data/m2/debug.log,4765
171,172,m3,12,11.000,10.000,-1.000,5.000,2000-01-01 00:28:47,3,run/data/m3/debug.log,1054
172,173,admin,12,11.583,10.000,-1.583,5.000,2000-01-01 00:29:14,5,run/data/admin/debug.log,1046
172,173,m1,12,11.583,10.000,-1.583,5.000,2000-01-01 00:29:01,6,run/data/m1/debug.log,1630
172,173,m2,12,11.583,10.000,-1.583,5.000,2000-01-01 00:29:01,6,run/data/m2/debug.log,4975
172,173,m3,12,11.583,10.000,-1.583,5.000,2000-01-01 00:29:02,6,run/data/m3/debug.log,1069
173,174,admin,12,11.833,10.000,-1.833,5.000,2000-01-01 00:29:21,2,run/data/admin/debug.log,1076
173,174,m1,12,11.833,10.000,-1.833,5.000,2000-01-01 00:29:14,3,run/data/m1/debug.log,2556
173,174,m2,12,11.833,10.000,-1.833,5.000,2000-01-01 00:29:14,3,run/data/m2/debug.log,5011
173,174,m3,12,11.833,10.000,-1.833,5.000,2000-01-01 00:29:15,3,run/data/m3/debug.log,1100
174,175,admin,12,11.833,10.000,-1.833,5.000,2000-01-01 00:29:36,5,run/data/admin/debug.log,1094
174,175,m1,12,11.833,10.000,-1.833,5.000,2000-01-01 00:29:21,6,run/data/m1/debug.log,2591
174,175,m2,12,11.833,10.000,-1.833,5.000,2000-01-01 00:29:20,6,run/data/m2/debug.log,5575
174,175,m3,12,11.833,10.000,-1.833,5.000,2000-01-01 00:29:21,6,run/data/m3/debug.log,1119
175,176,admin,12,11.917,10.000,-1.917,5.000,2000-01-01 00:29:46,2,run/data/admin/debug.log,1124
175,176,m1,12,11.917,10.000,-1.917,5.000,2000-01-01 00:29:36,3,run/data/m1/debug.log,2748
175,176,m2,12,11.917,10.000,-1.917,5.000,2000-01-01 00:29:36,3,run/data/m2/debug.log,5720
175,176,m3,12,11.917,10.000,-1.917,5.000,2000-01-01 00:29:37,3,run/data/m3/debug.log,1150
176,177,admin,12,11.417,10.000,-1.417,5.000,2000-01-01 00:29:56,2,run/data/admin/debug.log,1138
176,177,m1,12,11.417,10.000,-1.417,5.000,2000-01-01 00:29:45,3,run/data/m1/debug.log,2898
176,177,m2,12,11.417,10.000,-1.417,5.000,2000-01-01 00:29:47,3,run/data/m2/debug.log,5755
176,177,m3,12,11.417,10.000,-1.417,5.000,2000-01-01 00:29:47,3,run/data/m3/debug.log,1165
177,178,admin,12,11.500,10.000,-1.500,5.000,2000-01-01 00:30:05,2,run/data/admin/debug.log,1155
177,178,m1,12,11.500,10.000,-1.500,5.000,2000-01-01 00:29:56,3,run/data/m1/debug.log,2913
177,178,m2,12,11.500,10.000,-1.500,5.000,2000-01-01 00:29:57,3,run/data/m2/debug.log,5770
177,178,m3,12,11.500,10.000,-1.500,5.000,2000-01-01 00:29:55,3,run/data/m3/debug.log,1225
178,179,admin,12,11.250,10.000,-1.250,5.000,2000-01-01 00:30:16,2,run/data/admin/debug.log,1169
178,179,m1,12,11.250,10.000,-1.250,5.000,2000-01-01 00:30:06,3,run/data/m1/debug.log,2928
178,179,m2,12,11.250,10.000,-1.250,5.000,2000-01-01 00:30:05,3,run/data/m2/debug.log,5785
178,179,m3,12,11.250,10.000,-1.250,5.000,2000-01-01 00:30:04,3,run/data/m3/debug.log,1924
179,180,admin,12,11.417,10.000,-1.417,5.000,2000-01-01 00:30:28,2,run/data/admin/debug.log,1183
179,180,m1,12,11.417,10.000,-1.417,5.000,2000-01-01 00:30:16,3,run/data/m1/debug.log,2943
179,180,m2,12,11.417,10.000,-1.417,5.000,2000-01-01 00:30:15,3,run/data/m2/debug.log,5853
179,180,m3,12,11.417,10.000,-1.417,5.000,2000-01-01 00:30:16,3,run/data/m3/debug.log,1939
180,181,admin,12,11.500,10.000,-1.500,5.000,2000-01-01 00:30:41,2,run/data/admin/debug.log,1197
180,181,m1,12,11.500,10.000,-1.500,5.000,2000-01-01 00:30:27,3,run/data/m1/debug.log,3241
180,181,m2,12,11.500,10.000,-1.500,5.000,2000-01-01 00:30:29,3,run/data/m2/debug.log,5868
180,181,m3,12,11.500,10.000,-1.500,5.000,2000-01-01 00:30:28,3,run/data/m3/debug.log,1954
181,182,admin,12,11.583,10.000,-1.583,5.000,2000-01-01 00:30:50,2,run/data/admin/debug.log,1211
181,182,m1,12,11.583,10.000,-1.583,5.000,2000-01-01 00:30:40,3,run/data/m1/debug.log,3741
181,182,m2,12,11.583,10.000,-1.583,5.000,2000-01-01 00:30:42,3,run/data/m2/debug.log,5886
181,182,m3,12,11.583,10.000,-1.583,5.000,2000-01-01 00:30:42,3,run/data/m3/debug.log,1972
182,183,admin,12,11.167,10.000,-1.167,5.000,2000-01-01 00:30:58,2,run/data/admin/debug.log,1225
182,183,m1,12,11.167,10.000,-1.167,5.000,2000-01-01 00:30:49,3,run/data/m1/debug.log,3805
182,183,m2,12,11.167,10.000,-1.167,5.000,2000-01-01 00:30:51,3,run/data/m2/debug.log,5901
182,183,m3,12,11.167,10.000,-1.167,5.000,2000-01-01 00:30:50,3,run/data/m3/debug.log,1987
183,184,admin,12,11.000,10.000,-1.000,5.000,2000-01-01 00:31:10,2,run/data/admin/debug.log,1239
183,184,m1,12,11.000,10.000,-1.000,5.000,2000-01-01 00:30:58,3,run/data/m1/debug.log,3881
183,184,m2,12,11.000,10.000,-1.000,5.000,2000-01-01 00:30:59,3,run/data/m2/debug.log,5916
183,184,m3,12,11.000,10.000,-1.000,5.000,2000-01-01 00:30:59,3,run/data/m3/debug.log,2002
184,185,admin,12,10.667,10.000,-0.667,5.000,2000-01-01 00:31:24,5,run/data/admin/debug.log,1253
184,185,m1,12,10.667,10.000,-0.667,5.000,2000-01-01 00:31:09,6,run/data/m1/debug.log,3966
184,185,m2,12,10.667,10.000,-0.667,5.000,2000-01-01 00:31:10,6,run/data/m2/debug.log,5931
184,185,m3,12,10.667,10.000,-0.667,5.000,2000-01-01 00:31:10,6,run/data/m3/debug.log,2017
185,186,admin,12,10.750,10.000,-0.750,5.000,2000-01-01 00:31:39,5,run/data/admin/debug.log,1283
185,186,m1,12,10.750,10.000,-0.750,5.000,2000-01-01 00:31:23,6,run/data/m1/debug.log,4134
185,186,m2,12,10.833,10.000,-0.833,5.000,2000-01-01 00:31:24,6,run/data/m2/debug.log,6078
185,186,m3,12,10.750,10.000,-0.750,5.000,2000-01-01 00:31:25,6,run/data/m3/debug.log,2048
186,187,admin,12,11.583,10.000,-1.583,5.000,2000-01-01 00:31:49,2,run/data/admin/debug.log,1317
186,187,m1,12,11.583,10.000,-1.583,5.000,2000-01-01 00:31:39,3,run/data/m1/debug.log,4318
186,187,m2,12,11.583,10.000,-1.583,5.000,2000-01-01 00:31:39,3,run/data/m2/debug.log,7586
186,187,m3,12,11.583,10.000,-1.583,5.000,2000-01-01 00:31:40,3,run/data/m3/debug.log,2079
187,188,admin,12,11.083,10.000,-1.083,5.000,2000-01-01 00:31:59,2,run/data/admin/debug.log,1331
187,188,m1,12,11.083,10.000,-1.083,5.000,2000-01-01 00:31:49,3,run/data/m1/debug.log,4465
187,188,m2,12,11.083,10.000,-1.083,5.000,2000-01-01 00:31:50,3,run/data/m2/debug.log,7624
187,188,m3,12,11.083,10.000,-1.083,5.000,2000-01-01 00:31:50,3,run/data/m3/debug.log,2094
188,189,admin,12,11.167,10.000,-1.167,5.000,2000-01-01 00:32:07,2,run/data/admin/debug.log,1348
188,189,m1,12,11.167,10.000,-1.167,5.000,2000-01-01 00:32:00,3,run/data/m1/debug.log,4480
188,189,m2,12,11.167,10.000,-1.167,5.000,2000-01-01 00:31:59,3,run/data/m2/debug.log,7839
188,189,m3,12,11.167,10.000,-1.167,5.000,2000-01-01 00:32:00,3,run/data/m3/debug.log,2109
189,190,admin,12,11.000,10.000,-1.000,5.000,2000-01-01 00:32:21,5,run/data/admin/debug.log,1362
189,190,m1,12,11.000,10.000,-1.000,5.000,2000-01-01 00:32:07,6,run/data/m1/debug.log,4495
189,190,m2,12,11.000,10.000,-1.000,5.000,2000-01-01 00:32:07,6,run/data/m2/debug.log,8007
189,190,m3,12,11.000,10.000,-1.000,5.000,2000-01-01 00:32:07,6,run/data/m3/debug.log,2124
190,191,admin,12,11.417,10.000,-1.417,5.000,2000-01-01 00:32:26,2,run/data/admin/debug.log,1392
190,191,m1,12,11.417,10.000,-1.417,5.000,2000-01-01 00:32:21,3,run/data/m1/debug.log,4747
190,191,m2,12,11.417,10.000,-1.417,5.000,2000-01-01 00:32:21,3,run/data/m2/debug.log,8144
190,191,m3,12,11.417,10.000,-1.417,5.000,2000-01-01 00:32:22,3,run/data/m3/debug.log,2155
191,192,admin,12,10.917,10.000,-0.917,5.000,2000-01-01 00:32:40,2,run/data/admin/debug.log,1406
191,192,m1,12,10.917,10.000,-0.917,5.000,2000-01-01 00:32:26,3,run/data/m1/debug.log,4825
191,192,m2,12,10.917,10.000,-0.917,5.000,2000-01-01 00:32:27,3,run/data/m2/debug.log,8179
191,192,m3,12,10.917,10.000,-0.917,5.000,2000-01-01 00:32:27,3,run/data/m3/debug.log,2170
192,193,admin,12,11.000,10.000,-1.000,5.000,2000-01-01 00:32:47,2,run/data/admin/debug.log,1420
192,193,m1,12,11.000,10.000,-1.000,5.000,2000-01-01 00:32:39,3,run/data/m1/debug.log,5004
192,193,m2,12,11.000,10.000,-1.000,5.000,2000-01-01 00:32:41,3,run/data/m2/debug.log,8197
192,193,m3,12,11.000,10.000,-1.000,5.000,2000-01-01 00:32:40,3,run/data/m3/debug.log,2188
193,194,admin,12,10.583,10.000,-0.583,5.000,2000-01-01 00:32:56,2,run/data/admin/debug.log,1434
193,194,m1,12,10.583,10.000,-0.583,5.000,2000-01-01 00:32:48,3,run/data/m1/debug.log,5019
193,194,m2,12,10.583,10.000,-0.583,5.000,2000-01-01 00:32:48,3,run/data/m2/debug.log,8212
193,194,m3,12,10.583,10.000,-0.583,5.000,2000-01-01 00:32:47,3,run/data/m3/debug.log,2261
194,195,admin,12,10.583,10.000,-0.583,5.000,2000-01-01 00:33:11,5,run/data/admin/debug.log,1448
194,195,m1,12,10.583,10.000,-0.583,5.000,2000-01-01 00:32:56,6,run/data/m1/debug.log,5081
194,195,m2,12,10.583,10.000,-0.583,5.000,2000-01-01 00:32:57,6,run/data/m2/debug.log,8227
194,195,m3,12,10.583,10.000,-0.583,5.000,2000-01-01 00:32:57,6,run/data/m3/debug.log,2276
195,196,admin,12,11.000,10.000,-1.000,5.000,2000-01-01 00:33:20,2,run/data/admin/debug.log,1478
195,196,m1,12,11.000,10.000,-1.000,5.000,2000-01-01 00:33:10,3,run/data/m1/debug.log,5626
195,196,m2,12,11.000,10.000,-1.000,5.000,2000-01-01 00:33:10,3,run/data/m2/debug.log,8575
195,196,m3,12,11.000,10.000,-1.000,5.000,2000-01-01 00:33:11,3,run/data/m3/debug.log,2307
196,197,admin,12,10.833,10.000,-0.833,5.000,2000-01-01 00:33:28,2,run/data/admin/debug.log,1492
196,197,m1,12,10.833,10.000,-0.833,5.000,2000-01-01 00:33:19,3,run/data/m1/debug.log,5747
196,197,m2,12,10.833,10.000,-0.833,5.000,2000-01-01 00:33:20,3,run/data/m2/debug.log,8610
196,197,m3,12,10.833,10.000,-0.833,5.000,2000-01-01 00:33:20,3,run/data/m3/debug.log,2322
197,198,admin,12,10.417,10.000,-0.417,5.000,2000-01-01 00:33:40,2,run/data/admin/debug.log,1506
197,198,m1,12,10.417,10.000,-0.417,5.000,2000-01-01 00:33:29,3,run/data/m1/debug.log,5764
197,198,m2,12,10.417,10.000,-0.417,5.000,2000-01-01 00:33:28,3,run/data/m2/debug.log,8762
197,198,m3,12,10.417,10.000,-0.417,5.000,2000-01-01 00:33:29,3,run/data/m3/debug.log,2337
198,199,admin,12,10.083,10.000,-0.083,5.000,2000-01-01 00:33:49,2,run/data/admin/debug.log,1520
198,199,m1,12,10.083,10.000,-0.083,5.000,2000-01-01 00:33:40,3,run/data/m1/debug.log,5899
198,199,m2,12,10.083,10.000,-0.083,5.000,2000-01-01 00:33:41,3,run/data/m2/debug.log,8777
198,199,m3,12,10.083,10.000,-0.083,5.000,2000-01-01 00:33:41,3,run/data/m3/debug.log,2352
199,200,admin,12,10.000,10.000,+0.000,5.000,2000-01-01 00:33:58,2,run/data/admin/debug.log,1534
199,200,m1,12,10.000,10.000,+0.000,5.000,2000-01-01 00:33:49,3,run/data/m1/debug.log,6279
199,200,m2,12,10.000,10.000,+0.000,5.000,2000-01-01 00:33:50,3,run/data/m2/debug.log,8792
199,200,m3,12,10.000,10.000,+0.000,5.000,2000-01-01 00:33:50,3,run/data/m3/debug.log,2367
200,201,admin,12,9.833,10.000,+0.167,5.000,2000-01-01 00:34:13,2,run/data/admin/debug.log,1551
200,201,m1,12,9.833,10.000,+0.167,5.000,2000-01-01 00:33:57,3,run/data/m1/debug.log,6464
200,201,m2,12,9.833,10.000,+0.167,5.000,2000-01-01 00:33:59,3,run/data/m2/debug.log,8807
200,201,m3,12,9.833,10.000,+0.167,5.000,2000-01-01 00:33:59,3,run/data/m3/debug.log,2382
201,202,admin,12,10.500,10.000,-0.500,5.000,2000-01-01 00:34:28,2,run/data/admin/debug.log,1566
201,202,m1,12,10.500,10.000,-0.500,5.000,2000-01-01 00:34:13,3,run/data/m1/debug.log,7027
201,202,m2,12,10.500,10.000,-0.500,5.000,2000-01-01 00:34:14,3,run/data/m2/debug.log,8823
201,202,m3,12,10.500,10.000,-0.500,5.000,2000-01-01 00:34:14,3,run/data/m3/debug.log,2398
202,203,admin,12,10.500,10.000,-0.500,5.000,2000-01-01 00:34:41,2,run/data/admin/debug.log,1580
202,203,m1,12,10.500,10.000,-0.500,5.000,2000-01-01 00:34:27,3,run/data/m1/debug.log,7358
202,203,m2,12,10.500,10.000,-0.500,5.000,2000-01-01 00:34:30,3,run/data/m2/debug.log,8838
202,203,m3,12,10.500,10.000,-0.500,5.000,2000-01-01 00:34:28,3,run/data/m3/debug.log,2413
203,204,admin,12,11.167,10.000,-1.167,5.000,2000-01-01 00:34:53,2,run/data/admin/debug.log,1594
203,204,m1,12,11.167,10.000,-1.167,5.000,2000-01-01 00:34:40,3,run/data/m1/debug.log,7851
203,204,m2,12,11.167,10.000,-1.167,5.000,2000-01-01 00:34:42,3,run/data/m2/debug.log,8856
203,204,m3,12,11.167,10.000,-1.167,5.000,2000-01-01 00:34:41,3,run/data/m3/debug.log,2431
204,205,admin,12,11.167,10.000,-1.167,5.000,2000-01-01 00:35:01,2,run/data/admin/debug.log,1608
204,205,m1,12,11.167,10.000,-1.167,5.000,2000-01-01 00:34:53,3,run/data/m1/debug.log,7913
204,205,m2,12,11.167,10.000,-1.167,5.000,2000-01-01 00:34:54,3,run/data/m2/debug.log,8871
204,205,m3,12,11.167,10.000,-1.167,5.000,2000-01-01 00:34:54,3,run/data/m3/debug.log,2446
205,206,admin,12,11.083,10.000,-1.083,5.000,2000-01-01 00:35:14,2,run/data/admin/debug.log,1623
205,206,m1,12,11.083,10.000,-1.083,5.000,2000-01-01 00:35:01,3,run/data/m1/debug.log,7928
205,206,m2,12,11.083,10.000,-1.083,5.000,2000-01-01 00:35:01,3,run/data/m2/debug.log,8886
205,206,m3,12,11.083,10.000,-1.083,5.000,2000-01-01 00:35:00,3,run/data/m3/debug.log,2524
206,207,admin,12,11.500,10.000,-1.500,5.000,2000-01-01 00:35:25,2,run/data/admin/debug.log,1637
206,207,m1,12,11.500,10.000,-1.500,5.000,2000-01-01 00:35:15,3,run/data/m1/debug.log,7948
206,207,m2,12,11.500,10.000,-1.500,5.000,2000-01-01 00:35:14,3,run/data/m2/debug.log,8968
206,207,m3,12,11.500,10.000,-1.500,5.000,2000-01-01 00:35:14,3,run/data/m3/debug.log,2544
207,208,admin,12,11.167,10.000,-1.167,5.000,2000-01-01 00:35:32,2,run/data/admin/debug.log,1651
207,208,m1,12,11.167,10.000,-1.167,5.000,2000-01-01 00:35:24,3,run/data/m1/debug.log,8118
207,208,m2,12,11.167,10.000,-1.167,5.000,2000-01-01 00:35:26,3,run/data/m2/debug.log,8983
207,208,m3,12,11.167,10.000,-1.167,5.000,2000-01-01 00:35:25,3,run/data/m3/debug.log,2559
208,209,admin,12,11.083,10.000,-1.083,5.000,2000-01-01 00:35:44,2,run/data/admin/debug.log,1665
208,209,m1,12,11.083,10.000,-1.083,5.000,2000-01-01 00:35:32,3,run/data/m1/debug.log,8219
208,209,m2,12,11.083,10.000,-1.083,5.000,2000-01-01 00:35:33,3,run/data/m2/debug.log,8998
208,209,m3,12,11.083,10.000,-1.083,5.000,2000-01-01 00:35:33,3,run/data/m3/debug.log,2574
209,210,admin,12,11.250,10.000,-1.250,5.000,2000-01-01 00:35:56,2,run/data/admin/debug.log,1679
209,210,m1,12,11.250,10.000,-1.250,5.000,2000-01-01 00:35:43,3,run/data/m1/debug.log,8349
209,210,m2,12,11.250,10.000,-1.250,5.000,2000-01-01 00:35:44,3,run/data/m2/debug.log,9013
209,210,m3,12,11.250,10.000,-1.250,5.000,2000-01-01 00:35:44,3,run/data/m3/debug.log,2589
210,211,admin,12,11.250,10.000,-1.250,5.000,2000-01-01 00:36:01,2,run/data/admin/debug.log,1696
210,211,m1,12,11.250,10.000,-1.250,5.000,2000-01-01 00:35:56,3,run/data/m1/debug.log,8364
210,211,m2,12,11.250,10.000,-1.250,5.000,2000-01-01 00:35:55,3,run/data/m2/debug.log,9052
210,211,m3,12,11.250,10.000,-1.250,5.000,2000-01-01 00:35:56,3,run/data/m3/debug.log,2604
211,212,admin,12,11.000,10.000,-1.000,5.000,2000-01-01 00:36:16,2,run/data/admin/debug.log,1710
211,212,m1,12,11.000,10.000,-1.000,5.000,2000-01-01 00:36:02,3,run/data/m1/debug.log,8379
211,212,m2,12,11.000,10.000,-1.000,5.000,2000-01-01 00:36:01,3,run/data/m2/debug.log,9273
211,212,m3,12,11.000,10.000,-1.000,5.000,2000-01-01 00:36:02,3,run/data/m3/debug.log,2619
212,213,admin,12,11.500,10.000,-1.500,5.000,2000-01-01 00:36:31,5,run/data/admin/debug.log,1724
212,213,m1,12,11.500,10.000,-1.500,5.000,2000-01-01 00:36:16,6,run/data/m1/debug.log,8394
212,213,m2,12,11.500,10.000,-1.500,5.000,2000-01-01 00:36:15,6,run/data/m2/debug.log,9744
212,213,m3,12,11.500,10.000,-1.500,5.000,2000-01-01 00:36:16,6,run/data/m3/debug.log,2634
213,214,admin,12,11.417,10.000,-1.417,5.000,2000-01-01 00:36:44,5,run/data/admin/debug.log,1754
213,214,m1,12,11.417,10.000,-1.417,5.000,2000-01-01 00:36:30,6,run/data/m1/debug.log,8442
213,214,m2,12,11.500,10.000,-1.500,5.000,2000-01-01 00:36:31,6,run/data/m2/debug.log,9903
213,214,m3,12,11.417,10.000,-1.417,5.000,2000-01-01 00:36:31,6,run/data/m3/debug.log,2668
214,215,admin,12,11.417,10.000,-1.417,5.000,2000-01-01 00:36:51,2,run/data/admin/debug.log,1784
214,215,m1,12,11.417,10.000,-1.417,5.000,2000-01-01 00:36:44,3,run/data/m1/debug.log,9175
214,215,m2,12,11.417,10.000,-1.417,5.000,2000-01-01 00:36:44,3,run/data/m2/debug.log,9941
214,215,m3,12,11.417,10.000,-1.417,5.000,2000-01-01 00:36:45,3,run/data/m3/debug.log,2699
215,216,admin,12,10.833,10.000,-0.833,5.000,2000-01-01 00:37:03,2,run/data/admin/debug.log,1805
215,216,m1,12,10.833,10.000,-0.833,5.000,2000-01-01 00:36:51,3,run/data/m1/debug.log,9213
215,216,m2,12,10.833,10.000,-0.833,5.000,2000-01-01 00:36:50,3,run/data/m2/debug.log,10338
215,216,m3,12,10.833,10.000,-0.833,5.000,2000-01-01 00:36:51,3,run/data/m3/debug.log,2721
216,217,admin,12,10.750,10.000,-0.750,5.000,2000-01-01 00:37:16,2,run/data/admin/debug.log,1819
216,217,m1,12,10.750,10.000,-0.750,5.000,2000-01-01 00:37:02,3,run/data/m1/debug.log,9531
216,217,m2,12,10.750,10.000,-0.750,5.000,2000-01-01 00:37:04,3,run/data/m2/debug.log,10353
216,217,m3,12,10.750,10.000,-0.750,5.000,2000-01-01 00:37:03,3,run/data/m3/debug.log,2736
217,218,admin,12,11.333,10.000,-1.333,5.000,2000-01-01 00:37:28,2,run/data/admin/debug.log,1833
217,218,m1,12,11.333,10.000,-1.333,5.000,2000-01-01 00:37:17,3,run/data/m1/debug.log,9546
217,218,m2,12,11.333,10.000,-1.333,5.000,2000-01-01 00:37:16,3,run/data/m2/debug.log,10711
217,218,m3,12,11.333,10.000,-1.333,5.000,2000-01-01 00:37:17,3,run/data/m3/debug.log,2751
218,219,admin,12,11.167,10.000,-1.167,5.000,2000-01-01 00:37:36,2,run/data/admin/debug.log,1847
218,219,m1,12,11.167,10.000,-1.167,5.000,2000-01-01 00:37:28,3,run/data/m1/debug.log,9940
218,219,m2,12,11.167,10.000,-1.167,5.000,2000-01-01 00:37:29,3,run/data/m2/debug.log,10726
218,219,m3,12,11.167,10.000,-1.167,5.000,2000-01-01 00:37:29,3,run/data/m3/debug.log,2766
219,220,admin,12,10.917,10.000,-0.917,5.000,2000-01-01 00:37:51,2,run/data/admin/debug.log,1861
219,220,m1,12,10.917,10.000,-0.917,5.000,2000-01-01 00:37:35,3,run/data/m1/debug.log,10092
219,220,m2,12,10.917,10.000,-0.917,5.000,2000-01-01 00:37:37,3,run/data/m2/debug.log,10741
219,220,m3,12,10.917,10.000,-0.917,5.000,2000-01-01 00:37:36,3,run/data/m3/debug.log,2781
220,221,admin,12,11.583,10.000,-1.583,5.000,2000-01-01 00:38:02,2,run/data/admin/debug.log,1878
220,221,m1,12,11.583,10.000,-1.583,5.000,2000-01-01 00:37:51,3,run/data/m1/debug.log,10293
220,221,m2,12,11.583,10.000,-1.583,5.000,2000-01-01 00:37:52,3,run/data/m2/debug.log,10756
220,221,m3,12,11.583,10.000,-1.583,5.000,2000-01-01 00:37:52,3,run/data/m3/debug.log,2796
221,222,admin,12,11.583,10.000,-1.583,5.000,2000-01-01 00:38:16,2,run/data/admin/debug.log,1892
221,222,m1,12,11.583,10.000,-1.583,5.000,2000-01-01 00:38:02,3,run/data/m1/debug.log,11145
221,222,m2,12,11.583,10.000,-1.583,5.000,2000-01-01 00:38:03,3,run/data/m2/debug.log,10771
221,222,m3,12,11.583,10.000,-1.583,5.000,2000-01-01 00:38:03,3,run/data/m3/debug.log,2811
222,223,admin,12,11.750,10.000,-1.750,5.000,2000-01-01 00:38:26,2,run/data/admin/debug.log,1906
222,223,m1,12,11.750,10.000,-1.750,5.000,2000-01-01 00:38:16,3,run/data/m1/debug.log,11414
222,223,m2,12,11.750,10.000,-1.750,5.000,2000-01-01 00:38:17,3,run/data/m2/debug.log,10786
222,223,m3,12,11.750,10.000,-1.750,5.000,2000-01-01 00:38:17,3,run/data/m3/debug.log,2826
223,224,admin,12,12.083,10.000,-2.083,5.000,2000-01-01 00:38:32,2,run/data/admin/debug.log,1920
223,224,m1,12,12.083,10.000,-2.083,5.000,2000-01-01 00:38:26,3,run/data/m1/debug.log,11584
223,224,m2,12,12.083,10.000,-2.083,5.000,2000-01-01 00:38:27,3,run/data/m2/debug.log,10801
223,224,m3,12,12.083,10.000,-2.083,5.000,2000-01-01 00:38:27,3,run/data/m3/debug.log,2841
224,225,admin,12,11.417,10.000,-1.417,5.000,2000-01-01 00:38:40,2,run/data/admin/debug.log,1934
224,225,m1,12,11.417,10.000,-1.417,5.000,2000-01-01 00:38:32,3,run/data/m1/debug.log,12280
224,225,m2,12,11.417,10.000,-1.417,5.000,2000-01-01 00:38:33,3,run/data/m2/debug.log,10819
224,225,m3,12,11.417,10.000,-1.417,5.000,2000-01-01 00:38:32,3,run/data/m3/debug.log,2859
225,226,admin,12,10.667,10.000,-0.667,5.000,2000-01-01 00:38:47,2,run/data/admin/debug.log,1948
225,226,m1,12,10.667,10.000,-0.667,5.000,2000-01-01 00:38:39,3,run/data/m1/debug.log,12363
225,226,m2,12,10.667,10.000,-0.667,5.000,2000-01-01 00:38:40,3,run/data/m2/debug.log,10834
225,226,m3,12,10.667,10.000,-0.667,5.000,2000-01-01 00:38:40,3,run/data/m3/debug.log,2874
226,227,admin,12,10.250,10.000,-0.250,5.000,2000-01-01 00:38:59,2,run/data/admin/debug.log,1962
226,227,m1,12,10.250,10.000,-0.250,5.000,2000-01-01 00:38:48,3,run/data/m1/debug.log,12378
226,227,m2,12,10.250,10.000,-0.250,5.000,2000-01-01 00:38:47,3,run/data/m2/debug.log,10921
226,227,m3,12,10.250,10.000,-0.250,5.000,2000-01-01 00:38:48,3,run/data/m3/debug.log,2889
227,228,admin,12,10.750,10.000,-0.750,5.000,2000-01-01 00:39:07,2,run/data/admin/debug.log,1976
227,228,m1,12,10.750,10.000,-0.750,5.000,2000-01-01 00:38:59,3,run/data/m1/debug.log,12723
227,228,m2,12,10.750,10.000,-0.750,5.000,2000-01-01 00:39:00,3,run/data/m2/debug.log,10936
227,228,m3,12,10.750,10.000,-0.750,5.000,2000-01-01 00:39:00,3,run/data/m3/debug.log,2904
228,229,admin,12,10.417,10.000,-0.417,5.000,2000-01-01 00:39:13,2,run/data/admin/debug.log,1990
228,229,m1,12,10.417,10.000,-0.417,5.000,2000-01-01 00:39:07,3,run/data/m1/debug.log,13340
228,229,m2,12,10.417,10.000,-0.417,5.000,2000-01-01 00:39:08,3,run/data/m2/debug.log,10951
228,229,m3,12,10.417,10.000,-0.417,5.000,2000-01-01 00:39:08,3,run/data/m3/debug.log,2919
229,230,admin,12,9.750,10.000,+0.250,5.000,2000-01-01 00:39:21,2,run/data/admin/debug.log,2004
229,230,m1,12,9.750,10.000,+0.250,5.000,2000-01-01 00:39:14,3,run/data/m1/debug.log,13355
229,230,m2,12,9.750,10.000,+0.250,5.000,2000-01-01 00:39:15,3,run/data/m2/debug.log,10966
229,230,m3,12,9.750,10.000,+0.250,5.000,2000-01-01 00:39:13,3,run/data/m3/debug.log,3442
230,231,admin,12,9.417,10.000,+0.583,5.000,2000-01-01 00:39:35,2,run/data/admin/debug.log,2018
230,231,m1,12,9.417,10.000,+0.583,5.000,2000-01-01 00:39:22,3,run/data/m1/debug.log,13370
230,231,m2,12,9.417,10.000,+0.583,5.000,2000-01-01 00:39:22,3,run/data/m2/debug.log,10981
230,231,m3,12,9.417,10.000,+0.583,5.000,2000-01-01 00:39:21,3,run/data/m3/debug.log,3827
231,232,admin,12,9.917,10.000,+0.083,5.000,2000-01-01 00:39:43,2,run/data/admin/debug.log,2032
231,232,m1,12,9.917,10.000,+0.083,5.000,2000-01-01 00:39:34,3,run/data/m1/debug.log,13442
231,232,m2,12,9.917,10.000,+0.083,5.000,2000-01-01 00:39:35,3,run/data/m2/debug.log,10996
231,232,m3,12,9.917,10.000,+0.083,5.000,2000-01-01 00:39:35,3,run/data/m3/debug.log,3842
232,233,admin,12,9.333,10.000,+0.667,5.000,2000-01-01 00:39:51,2,run/data/admin/debug.log,2046
232,233,m1,12,9.333,10.000,+0.667,5.000,2000-01-01 00:39:43,3,run/data/m1/debug.log,13488
232,233,m2,12,9.333,10.000,+0.667,5.000,2000-01-01 00:39:44,3,run/data/m2/debug.log,11011
232,233,m3,12,9.333,10.000,+0.667,5.000,2000-01-01 00:39:44,3,run/data/m3/debug.log,3857
233,234,admin,12,9.083,10.000,+0.917,5.000,2000-01-01 00:40:01,2,run/data/admin/debug.log,2063
233,234,m1,12,9.083,10.000,+0.917,5.000,2000-01-01 00:39:52,3,run/data/m1/debug.log,13503
233,234,m2,12,9.083,10.000,+0.917,5.000,2000-01-01 00:39:51,3,run/data/m2/debug.log,11487
233,234,m3,12,9.083,10.000,+0.917,5.000,2000-01-01 00:39:52,3,run/data/m3/debug.log,3872
234,235,admin,12,8.750,10.000,+1.250,5.000,2000-01-01 00:40:09,2,run/data/admin/debug.log,2077
234,235,m1,12,8.750,10.000,+1.250,5.000,2000-01-01 00:40:02,3,run/data/m1/debug.log,13518
234,235,m2,12,8.750,10.000,+1.250,5.000,2000-01-01 00:40:01,3,run/data/m2/debug.log,11558
234,235,m3,12,8.750,10.000,+1.250,5.000,2000-01-01 00:40:02,3,run/data/m3/debug.log,3887
235,236,admin,12,8.500,10.000,+1.500,5.000,2000-01-01 00:40:17,2,run/data/admin/debug.log,2091
235,236,m1,12,8.500,10.000,+1.500,5.000,2000-01-01 00:40:08,3,run/data/m1/debug.log,13733
235,236,m2,12,8.500,10.000,+1.500,5.000,2000-01-01 00:40:10,3,run/data/m2/debug.log,11573
235,236,m3,12,8.500,10.000,+1.500,5.000,2000-01-01 00:40:09,3,run/data/m3/debug.log,3902
236,237,admin,12,8.750,10.000,+1.250,5.000,2000-01-01 00:40:29,2,run/data/admin/debug.log,2105
236,237,m1,12,8.750,10.000,+1.250,5.000,2000-01-01 00:40:18,3,run/data/m1/debug.log,13748
236,237,m2,12,8.750,10.000,+1.250,5.000,2000-01-01 00:40:18,3,run/data/m2/debug.log,11588
236,237,m3,12,8.750,10.000,+1.250,5.000,2000-01-01 00:40:17,3,run/data/m3/debug.log,3938
237,238,admin,12,9.083,10.000,+0.917,5.000,2000-01-01 00:40:36,2,run/data/admin/debug.log,2119
237,238,m1,12,9.083,10.000,+0.917,5.000,2000-01-01 00:40:29,3,run/data/m1/debug.log,13763
237,238,m2,12,9.083,10.000,+0.917,5.000,2000-01-01 00:40:28,3,run/data/m2/debug.log,11823
237,238,m3,12,9.083,10.000,+0.917,5.000,2000-01-01 00:40:29,3,run/data/m3/debug.log,3953
238,239,admin,12,9.083,10.000,+0.917,5.000,2000-01-01 00:40:47,2,run/data/admin/debug.log,2133
238,239,m1,12,9.083,10.000,+0.917,5.000,2000-01-01 00:40:36,3,run/data/m1/debug.log,14006
238,239,m2,12,9.083,10.000,+0.917,5.000,2000-01-01 00:40:37,3,run/data/m2/debug.log,11841
238,239,m3,12,9.083,10.000,+0.917,5.000,2000-01-01 00:40:37,3,run/data/m3/debug.log,3971
239,240,admin,12,9.000,10.000,+1.000,5.000,2000-01-01 00:40:57,2,run/data/admin/debug.log,2147
239,240,m1,12,9.000,10.000,+1.000,5.000,2000-01-01 00:40:48,3,run/data/m1/debug.log,14021
239,240,m2,12,9.000,10.000,+1.000,5.000,2000-01-01 00:40:47,3,run/data/m2/debug.log,12380
239,240,m3,12,9.000,10.000,+1.000,5.000,2000-01-01 00:40:48,3,run/data/m3/debug.log,3986
240,241,admin,12,9.167,10.000,+0.833,5.000,2000-01-01 00:41:07,2,run/data/admin/debug.log,2161
240,241,m1,12,9.167,10.000,+0.833,5.000,2000-01-01 00:40:58,3,run/data/m1/debug.log,14036
240,241,m2,12,9.167,10.000,+0.833,5.000,2000-01-01 00:40:57,3,run/data/m2/debug.log,12566
240,241,m3,12,9.167,10.000,+0.833,5.000,2000-01-01 00:40:58,3,run/data/m3/debug.log,4001
241,242,admin,12,9.500,10.000,+0.500,5.000,2000-01-01 00:41:18,2,run/data/admin/debug.log,2175
241,242,m1,12,9.500,10.000,+0.500,5.000,2000-01-01 00:41:08,3,run/data/m1/debug.log,14051
241,242,m2,12,9.500,10.000,+0.500,5.000,2000-01-01 00:41:07,3,run/data/m2/debug.log,12581
241,242,m3,12,9.500,10.000,+0.500,5.000,2000-01-01 00:41:07,3,run/data/m3/debug.log,4137
242,243,admin,12,9.750,10.000,+0.250,5.000,2000-01-01 00:41:27,2,run/data/admin/debug.log,2189
242,243,m1,12,9.750,10.000,+0.250,5.000,2000-01-01 00:41:19,3,run/data/m1/debug.log,14066
242,243,m2,12,9.750,10.000,+0.250,5.000,2000-01-01 00:41:18,3,run/data/m2/debug.log,12669
242,243,m3,12,9.750,10.000,+0.250,5.000,2000-01-01 00:41:19,3,run/data/m3/debug.log,4152
243,244,admin,12,9.333,10.000,+0.667,5.000,2000-01-01 00:41:39,2,run/data/admin/debug.log,2203
243,244,m1,12,9.333,10.000,+0.667,5.000,2000-01-01 00:41:26,3,run/data/m1/debug.log,14140
243,244,m2,12,9.333,10.000,+0.667,5.000,2000-01-01 00:41:28,3,run/data/m2/debug.log,12684
243,244,m3,12,9.333,10.000,+0.667,5.000,2000-01-01 00:41:27,3,run/data/m3/debug.log,4167
244,245,admin,12,9.667,10.000,+0.333,5.000,2000-01-01 00:41:53,2,run/data/admin/debug.log,2217
244,245,m1,12,9.667,10.000,+0.333,5.000,2000-01-01 00:41:39,3,run/data/m1/debug.log,14160
244,245,m2,12,9.667,10.000,+0.333,5.000,2000-01-01 00:41:40,3,run/data/m2/debug.log,12699
244,245,m3,12,9.667,10.000,+0.333,5.000,2000-01-01 00:41:40,3,run/data/m3/debug.log,4182
245,246,admin,12,10.167,10.000,-0.167,5.000,2000-01-01 00:42:01,2,run/data/admin/debug.log,2234
245,246,m1,12,10.167,10.000,-0.167,5.000,2000-01-01 00:41:53,3,run/data/m1/debug.log,14277
245,246,m2,12,10.167,10.000,-0.167,5.000,2000-01-01 00:41:54,3,run/data/m2/debug.log,12714
245,246,m3,12,10.167,10.000,-0.167,5.000,2000-01-01 00:41:54,3,run/data/m3/debug.log,4197
246,247,admin,12,10.000,10.000,+0.000,5.000,2000-01-01 00:42:14,2,run/data/admin/debug.log,2248
246,247,m1,12,10.000,10.000,+0.000,5.000,2000-01-01 00:42:02,3,run/data/m1/debug.log,14292
246,247,m2,12,10.000,10.000,+0.000,5.000,2000-01-01 00:42:01,3,run/data/m2/debug.log,12734
246,247,m3,12,10.000,10.000,+0.000,5.000,2000-01-01 00:42:02,3,run/data/m3/debug.log,4212
247,248,admin,12,10.500,10.000,-0.500,5.000,2000-01-01 00:42:22,2,run/data/admin/debug.log,2262
247,248,m1,12,10.500,10.000,-0.500,5.000,2000-01-01 00:42:14,3,run/data/m1/debug.log,14324
247,248,m2,12,10.500,10.000,-0.500,5.000,2000-01-01 00:42:15,3,run/data/m2/debug.log,12749
247,248,m3,12,10.500,10.000,-0.500,5.000,2000-01-01 00:42:15,3,run/data/m3/debug.log,4227
248,249,admin,12,10.417,10.000,-0.417,5.000,2000-01-01 00:42:37,2,run/data/admin/debug.log,2276
248,249,m1,12,10.417,10.000,-0.417,5.000,2000-01-01 00:42:22,3,run/data/m1/debug.log,14939
248,249,m2,12,10.417,10.000,-0.417,5.000,2000-01-01 00:42:23,3,run/data/m2/debug.log,12764
248,249,m3,12,10.417,10.000,-0.417,5.000,2000-01-01 00:42:22,3,run/data/m3/debug.log,4242
249,250,admin,12,10.750,10.000,-0.750,5.000,2000-01-01 00:42:44,2,run/data/admin/debug.log,2290
249,250,m1,12,10.750,10.000,-0.750,5.000,2000-01-01 00:42:37,3,run/data/m1/debug.log,15068
249,250,m2,12,10.750,10.000,-0.750,5.000,2000-01-01 00:42:38,3,run/data/m2/debug.log,12782
249,250,m3,12,10.750,10.000,-0.750,5.000,2000-01-01 00:42:38,3,run/data/m3/debug.log,4260
250,251,admin,12,10.667,10.000,-0.667,5.000,2000-01-01 00:42:54,2,run/data/admin/debug.log,2304
250,251,m1,12,10.667,10.000,-0.667,5.000,2000-01-01 00:42:44,3,run/data/m1/debug.log,15521
250,251,m2,12,10.667,10.000,-0.667,5.000,2000-01-01 00:42:45,3,run/data/m2/debug.log,12797
250,251,m3,12,10.667,10.000,-0.667,5.000,2000-01-01 00:42:44,3,run/data/m3/debug.log,4275
251,252,admin,12,10.500,10.000,-0.500,5.000,2000-01-01 00:43:01,5,run/data/admin/debug.log,2318
251,252,m1,12,10.500,10.000,-0.500,5.000,2000-01-01 00:42:53,6,run/data/m1/debug.log,15857
251,252,m2,12,10.500,10.000,-0.500,5.000,2000-01-01 00:42:55,6,run/data/m2/debug.log,12812
251,252,m3,12,10.500,10.000,-0.500,5.000,2000-01-01 00:42:54,6,run/data/m3/debug.log,4290
252,253,admin,12,10.333,10.000,-0.333,5.000,2000-01-01 00:43:14,5,run/data/admin/debug.log,2348
252,253,m1,12,10.333,10.000,-0.333,5.000,2000-01-01 00:43:02,6,run/data/m1/debug.log,15888
252,253,m2,12,10.333,10.000,-0.333,5.000,2000-01-01 00:43:01,6,run/data/m2/debug.log,12899
252,253,m3,12,10.333,10.000,-0.333,5.000,2000-01-01 00:43:01,6,run/data/m3/debug.log,4632
253,254,admin,12,10.500,10.000,-0.500,5.000,2000-01-01 00:43:21,2,run/data/admin/debug.log,2378
253,254,m1,12,10.500,10.000,-0.500,5.000,2000-01-01 00:43:13,3,run/data/m1/debug.log,16709
253,254,m2,12,10.500,10.000,-0.500,5.000,2000-01-01 00:43:13,3,run/data/m2/debug.log,12977
253,254,m3,12,10.500,10.000,-0.500,5.000,2000-01-01 00:43:14,3,run/data/m3/debug.log,4679
254,255,admin,12,10.250,10.000,-0.250,5.000,2000-01-01 00:43:37,2,run/data/admin/debug.log,2392
254,255,m1,12,10.250,10.000,-0.250,5.000,2000-01-01 00:43:22,3,run/data/m1/debug.log,16740
254,255,m2,12,10.250,10.000,-0.250,5.000,2000-01-01 00:43:22,3,run/data/m2/debug.log,13015
254,255,m3,12,10.250,10.000,-0.250,5.000,2000-01-01 00:43:21,3,run/data/m3/debug.log,5116
255,256,admin,12,10.833,10.000,-0.833,5.000,2000-01-01 00:43:48,2,run/data/admin/debug.log,2406
255,256,m1,12,10.833,10.000,-0.833,5.000,2000-01-01 00:43:37,3,run/data/m1/debug.log,16755
255,256,m2,12,10.833,10.000,-0.833,5.000,2000-01-01 00:43:37,3,run/data/m2/debug.log,13030
255,256,m3,12,10.833,10.000,-0.833,5.000,2000-01-01 00:43:36,3,run/data/m3/debug.log,5176
256,257,admin,12,10.667,10.000,-0.667,5.000,2000-01-01 00:44:01,2,run/data/admin/debug.log,2423
256,257,m1,12,10.667,10.000,-0.667,5.000,2000-01-01 00:43:48,3,run/data/m1/debug.log,16770
256,257,m2,12,10.667,10.000,-0.667,5.000,2000-01-01 00:43:47,3,run/data/m2/debug.log,13303
256,257,m3,12,10.667,10.000,-0.667,5.000,2000-01-01 00:43:48,3,run/data/m3/debug.log,5191
257,258,admin,12,10.583,10.000,-0.583,5.000,2000-01-01 00:44:08,2,run/data/admin/debug.log,2437
257,258,m1,12,10.583,10.000,-0.583,5.000,2000-01-01 00:44:02,3,run/data/m1/debug.log,16785
257,258,m2,12,10.583,10.000,-0.583,5.000,2000-01-01 00:44:02,3,run/data/m2/debug.log,13318
257,258,m3,12,10.583,10.000,-0.583,5.000,2000-01-01 00:44:00,3,run/data/m3/debug.log,5535
258,259,admin,12,10.500,10.000,-0.500,5.000,2000-01-01 00:44:14,2,run/data/admin/debug.log,2451
258,259,m1,12,10.500,10.000,-0.500,5.000,2000-01-01 00:44:07,3,run/data/m1/debug.log,17202
258,259,m2,12,10.500,10.000,-0.500,5.000,2000-01-01 00:44:08,3,run/data/m2/debug.log,13333
258,259,m3,12,10.500,10.000,-0.500,5.000,2000-01-01 00:44:08,3,run/data/m3/debug.log,5550
259,260,admin,12,10.000,10.000,+0.000,5.000,2000-01-01 00:44:22,2,run/data/admin/debug.log,2465
259,260,m1,12,10.000,10.000,+0.000,5.000,2000-01-01 00:44:14,3,run/data/m1/debug.log,17237
259,260,m2,12,10.000,10.000,+0.000,5.000,2000-01-01 00:44:15,3,run/data/m2/debug.log,13348
259,260,m3,12,10.000,10.000,+0.000,5.000,2000-01-01 00:44:15,3,run/data/m3/debug.log,5565
260,261,admin,12,9.917,10.000,+0.083,5.000,2000-01-01 00:44:36,2,run/data/admin/debug.log,2479
260,261,m1,12,9.917,10.000,+0.083,5.000,2000-01-01 00:44:23,3,run/data/m1/debug.log,17252
260,261,m2,12,9.917,10.000,+0.083,5.000,2000-01-01 00:44:21,3,run/data/m2/debug.log,13676
260,261,m3,12,9.917,10.000,+0.083,5.000,2000-01-01 00:44:22,3,run/data/m3/debug.log,5580
261,262,admin,12,9.917,10.000,+0.083,5.000,2000-01-01 00:44:49,5,run/data/admin/debug.log,2493
261,262,m1,12,9.917,10.000,+0.083,5.000,2000-01-01 00:44:37,6,run/data/m1/debug.log,17270
261,262,m2,12,9.917,10.000,+0.083,5.000,2000-01-01 00:44:36,6,run/data/m2/debug.log,14279
261,262,m3,12,9.917,10.000,+0.083,5.000,2000-01-01 00:44:37,6,run/data/m3/debug.log,5598
262,263,admin,12,10.417,10.000,-0.417,5.000,2000-01-01 00:45:01,2,run/data/admin/debug.log,2523
262,263,m1,12,10.417,10.000,-0.417,5.000,2000-01-01 00:44:49,3,run/data/m1/debug.log,17659
262,263,m2,12,10.417,10.000,-0.417,5.000,2000-01-01 00:44:49,3,run/data/m2/debug.log,14497
262,263,m3,12,10.417,10.000,-0.417,5.000,2000-01-01 00:44:50,3,run/data/m3/debug.log,5629
263,264,admin,12,10.667,10.000,-0.667,5.000,2000-01-01 00:45:10,2,run/data/admin/debug.log,2537
263,264,m1,12,10.667,10.000,-0.667,5.000,2000-01-01 00:45:01,3,run/data/m1/debug.log,17839
263,264,m2,12,10.667,10.000,-0.667,5.000,2000-01-01 00:45:02,3,run/data/m2/debug.log,14532
263,264,m3,12,10.667,10.000,-0.667,5.000,2000-01-01 00:45:02,3,run/data/m3/debug.log,5644
264,265,admin,12,10.750,10.000,-0.750,5.000,2000-01-01 00:45:20,2,run/data/admin/debug.log,2551
264,265,m1,12,10.750,10.000,-0.750,5.000,2000-01-01 00:45:11,3,run/data/m1/debug.log,17854
264,265,m2,12,10.750,10.000,-0.750,5.000,2000-01-01 00:45:10,3,run/data/m2/debug.log,15289
264,265,m3,12,10.750,10.000,-0.750,5.000,2000-01-01 00:45:11,3,run/data/m3/debug.log,5659
265,266,admin,12,10.583,10.000,-0.583,5.000,2000-01-01 00:45:36,5,run/data/admin/debug.log,2565
265,266,m1,12,10.583,10.000,-0.583,5.000,2000-01-01 00:45:20,6,run/data/m1/debug.log,18653
265,266,m2,12,10.583,10.000,-0.583,5.000,2000-01-01 00:45:21,6,run/data/m2/debug.log,15304
265,266,m3,12,10.583,10.000,-0.583,5.000,2000-01-01 00:45:21,6,run/data/m3/debug.log,5674
266,267,admin,12,11.167,10.000,-1.167,5.000,2000-01-01 00:45:51,5,run/data/admin/debug.log,2595
266,267,m1,12,11.167,10.000,-1.167,5.000,2000-01-01 00:45:35,6,run/data/m1/debug.log,18683
266,267,m2,12,11.167,10.000,-1.167,5.000,2000-01-01 00:45:35,6,run/data/m2/debug.log,15710
266,267,m3,12,11.167,10.000,-1.167,5.000,2000-01-01 00:45:36,6,run/data/m3/debug.log,5705
267,268,admin,12,11.250,10.000,-1.250,5.000,2000-01-01 00:45:58,2,run/data/admin/debug.log,2625
267,268,m1,12,11.250,10.000,-1.250,5.000,2000-01-01 00:45:51,3,run/data/m1/debug.log,18742
267,268,m2,12,11.250,10.000,-1.250,5.000,2000-01-01 00:45:51,3,run/data/m2/debug.log,15789
267,268,m3,12,11.250,10.000,-1.250,5.000,2000-01-01 00:45:51,3,run/data/m3/debug.log,5736
268,269,admin,12,10.833,10.000,-0.833,5.000,2000-01-01 00:46:12,2,run/data/admin/debug.log,2649
268,269,m1,12,10.833,10.000,-0.833,5.000,2000-01-01 00:45:58,3,run/data/m1/debug.log,18780
268,269,m2,12,10.833,10.000,-0.833,5.000,2000-01-01 00:45:57,3,run/data/m2/debug.log,16324
268,269,m3,12,10.833,10.000,-0.833,5.000,2000-01-01 00:45:58,3,run/data/m3/debug.log,5758
269,270,admin,12,11.000,10.000,-1.000,5.000,2000-01-01 00:46:27,2,run/data/admin/debug.log,2663
269,270,m1,12,11.000,10.000,-1.000,5.000,2000-01-01 00:46:13,3,run/data/m1/debug.log,18795
269,270,m2,12,11.000,10.000,-1.000,5.000,2000-01-01 00:46:12,3,run/data/m2/debug.log,16734
269,270,m3,12,11.000,10.000,-1.000,5.000,2000-01-01 00:46:12,3,run/data/m3/debug.log,5773
270,271,admin,12,11.667,10.000,-1.667,5.000,2000-01-01 00:46:36,2,run/data/admin/debug.log,2677
270,271,m1,12,11.667,10.000,-1.667,5.000,2000-01-01 00:46:28,3,run/data/m1/debug.log,18810
270,271,m2,12,11.667,10.000,-1.667,5.000,2000-01-01 00:46:27,3,run/data/m2/debug.log,16855
270,271,m3,12,11.667,10.000,-1.667,5.000,2000-01-01 00:46:28,3,run/data/m3/debug.log,5788
271,272,admin,12,11.833,10.000,-1.833,5.000,2000-01-01 00:46:44,2,run/data/admin/debug.log,2691
271,272,m1,12,11.833,10.000,-1.833,5.000,2000-01-01 00:46:36,3,run/data/m1/debug.log,18846
271,272,m2,12,11.833,10.000,-1.833,5.000,2000-01-01 00:46:37,3,run/data/m2/debug.log,16873
271,272,m3,12,11.833,10.000,-1.833,5.000,2000-01-01 00:46:37,3,run/data/m3/debug.log,5806
272,273,admin,12,11.833,10.000,-1.833,5.000,2000-01-01 00:46:58,2,run/data/admin/debug.log,2705
272,273,m1,12,11.833,10.000,-1.833,5.000,2000-01-01 00:46:43,3,run/data/m1/debug.log,19892
272,273,m2,12,11.833,10.000,-1.833,5.000,2000-01-01 00:46:45,3,run/data/m2/debug.log,16888
272,273,m3,12,11.833,10.000,-1.833,5.000,2000-01-01 00:46:44,3,run/data/m3/debug.log,5821
273,274,admin,12,11.833,10.000,-1.833,5.000,2000-01-01 00:47:13,2,run/data/admin/debug.log,2719
273,274,m1,12,11.833,10.000,-1.833,5.000,2000-01-01 00:46:58,3,run/data/m1/debug.log,20045
273,274,m2,12,11.833,10.000,-1.833,5.000,2000-01-01 00:46:59,3,run/data/m2/debug.log,16903
273,274,m3,12,11.833,10.000,-1.833,5.000,2000-01-01 00:46:59,3,run/data/m3/debug.log,5836
274,275,admin,12,11.917,10.000,-1.917,5.000,2000-01-01 00:47:24,2,run/data/admin/debug.log,2733
274,275,m1,12,11.917,10.000,-1.917,5.000,2000-01-01 00:47:12,3,run/data/m1/debug.log,20172
274,275,m2,12,11.917,10.000,-1.917,5.000,2000-01-01 00:47:13,3,run/data/m2/debug.log,16918
274,275,m3,12,11.917,10.000,-1.917,5.000,2000-01-01 00:47:13,3,run/data/m3/debug.log,5851
275,276,admin,12,11.833,10.000,-1.833,5.000,2000-01-01 00:47:29,2,run/data/admin/debug.log,2747
275,276,m1,12,11.833,10.000,-1.833,5.000,2000-01-01 00:47:23,3,run/data/m1/debug.log,20494
275,276,m2,12,11.833,10.000,-1.833,5.000,2000-01-01 00:47:24,3,run/data/m2/debug.log,16933
275,276,m3,12,11.833,10.000,-1.833,5.000,2000-01-01 00:47:24,3,run/data/m3/debug.log,5866
276,277,admin,12,11.583,10.000,-1.583,5.000,2000-01-01 00:47:39,2,run/data/admin/debug.log,2761
276,277,m1,12,11.583,10.000,-1.583,5.000,2000-01-01 00:47:29,3,run/data/m1/debug.log,20560
276,277,m2,12,11.583,10.000,-1.583,5.000,2000-01-01 00:47:30,3,run/data/m2/debug.log,16948
276,277,m3,12,11.583,10.000,-1.583,5.000,2000-01-01 00:47:29,3,run/data/m3/debug.log,5881
277,278,admin,12,11.500,10.000,-1.500,5.000,2000-01-01 00:47:51,2,run/data/admin/debug.log,2775
277,278,m1,12,11.500,10.000,-1.500,5.000,2000-01-01 00:47:38,3,run/data/m1/debug.log,20655
277,278,m2,12,11.500,10.000,-1.500,5.000,2000-01-01 00:47:40,3,run/data/m2/debug.log,16963
277,278,m3,12,11.500,10.000,-1.500,5.000,2000-01-01 00:47:39,3,run/data/m3/debug.log,5896
278,279,admin,12,11.333,10.000,-1.333,5.000,2000-01-01 00:48:06,2,run/data/admin/debug.log,2792
278,279,m1,12,11.333,10.000,-1.333,5.000,2000-01-01 00:47:51,3,run/data/m1/debug.log,21036
278,279,m2,12,11.333,10.000,-1.333,5.000,2000-01-01 00:47:52,3,run/data/m2/debug.log,16978
278,279,m3,12,11.333,10.000,-1.333,5.000,2000-01-01 00:47:51,3,run/data/m3/debug.log,5911
279,280,admin,12,11.250,10.000,-1.250,5.000,2000-01-01 00:48:12,2,run/data/admin/debug.log,2806
279,280,m1,12,11.250,10.000,-1.250,5.000,2000-01-01 00:48:06,3,run/data/m1/debug.log,21432
279,280,m2,12,11.250,10.000,-1.250,5.000,2000-01-01 00:48:07,3,run/data/m2/debug.log,16993
279,280,m3,12,11.250,10.000,-1.250,5.000,2000-01-01 00:48:07,3,run/data/m3/debug.log,5926
280,281,admin,12,11.250,10.000,-1.250,5.000,2000-01-01 00:48:21,2,run/data/admin/debug.log,2820
280,281,m1,12,11.250,10.000,-1.250,5.000,2000-01-01 00:48:12,3,run/data/m1/debug.log,21464
280,281,m2,12,11.250,10.000,-1.250,5.000,2000-01-01 00:48:13,3,run/data/m2/debug.log,17008
280,281,m3,12,11.250,10.000,-1.250,5.000,2000-01-01 00:48:12,3,run/data/m3/debug.log,5941
281,282,admin,12,10.667,10.000,-0.667,5.000,2000-01-01 00:48:26,2,run/data/admin/debug.log,2834
281,282,m1,12,10.667,10.000,-0.667,5.000,2000-01-01 00:48:20,3,run/data/m1/debug.log,21746
281,282,m2,12,10.667,10.000,-0.667,5.000,2000-01-01 00:48:21,3,run/data/m2/debug.log,17023
281,282,m3,12,10.667,10.000,-0.667,5.000,2000-01-01 00:48:21,3,run/data/m3/debug.log,5956
282,283,admin,12,9.917,10.000,+0.083,5.000,2000-01-01 00:48:41,2,run/data/admin/debug.log,2848
282,283,m1,12,9.917,10.000,+0.083,5.000,2000-01-01 00:48:26,3,run/data/m1/debug.log,22165
282,283,m2,12,9.917,10.000,+0.083,5.000,2000-01-01 00:48:27,3,run/data/m2/debug.log,17038
282,283,m3,12,9.917,10.000,+0.083,5.000,2000-01-01 00:48:27,3,run/data/m3/debug.log,5971
283,284,admin,12,10.333,10.000,-0.333,5.000,2000-01-01 00:48:52,2,run/data/admin/debug.log,2862
283,284,m1,12,10.333,10.000,-0.333,5.000,2000-01-01 00:48:40,3,run/data/m1/debug.log,22334
283,284,m2,12,10.333,10.000,-0.333,5.000,2000-01-01 00:48:41,3,run/data/m2/debug.log,17056
283,284,m3,12,10.333,10.000,-0.333,5.000,2000-01-01 00:48:41,3,run/data/m3/debug.log,5989
284,285,admin,12,10.667,10.000,-0.667,5.000,2000-01-01 00:49:02,2,run/data/admin/debug.log,2876
284,285,m1,12,10.667,10.000,-0.667,5.000,2000-01-01 00:48:51,3,run/data/m1/debug.log,22367
284,285,m2,12,10.667,10.000,-0.667,5.000,2000-01-01 00:48:52,3,run/data/m2/debug.log,17071
284,285,m3,12,10.667,10.000,-0.667,5.000,2000-01-01 00:48:52,3,run/data/m3/debug.log,6004
285,286,admin,12,10.250,10.000,-0.250,5.000,2000-01-01 00:49:08,2,run/data/admin/debug.log,2890
285,286,m1,12,10.250,10.000,-0.250,5.000,2000-01-01 00:49:01,3,run/data/m1/debug.log,22400
285,286,m2,12,10.250,10.000,-0.250,5.000,2000-01-01 00:49:02,3,run/data/m2/debug.log,17086
285,286,m3,12,10.250,10.000,-0.250,5.000,2000-01-01 00:49:02,3,run/data/m3/debug.log,6019
286,287,admin,12,9.667,10.000,+0.333,5.000,2000-01-01 00:49:17,2,run/data/admin/debug.log,2904
286,287,m1,12,9.667,10.000,+0.333,5.000,2000-01-01 00:49:08,3,run/data/m1/debug.log,22649
286,287,m2,12,9.667,10.000,+0.333,5.000,2000-01-01 00:49:09,3,run/data/m2/debug.log,17101
286,287,m3,12,9.667,10.000,+0.333,5.000,2000-01-01 00:49:08,3,run/data/m3/debug.log,6034
287,288,admin,12,9.417,10.000,+0.583,5.000,2000-01-01 00:49:28,2,run/data/admin/debug.log,2918
287,288,m1,12,9.417,10.000,+0.583,5.000,2000-01-01 00:49:16,3,run/data/m1/debug.log,22664
287,288,m2,12,9.417,10.000,+0.583,5.000,2000-01-01 00:49:16,3,run/data/m2/debug.log,17116
287,288,m3,12,9.417,10.000,+0.583,5.000,2000-01-01 00:49:16,3,run/data/m3/debug.log,6644
288,289,admin,12,9.833,10.000,+0.167,5.000,2000-01-01 00:49:36,2,run/data/admin/debug.log,2932
288,289,m1,12,9.833,10.000,+0.167,5.000,2000-01-01 00:49:29,3,run/data/m1/debug.log,22679
288,289,m2,12,9.833,10.000,+0.167,5.000,2000-01-01 00:49:27,3,run/data/m2/debug.log,17335
288,289,m3,12,9.833,10.000,+0.167,5.000,2000-01-01 00:49:28,3,run/data/m3/debug.log,6659
289,290,admin,12,9.833,10.000,+0.167,5.000,2000-01-01 00:49:52,5,run/data/admin/debug.log,2946
289,290,m1,12,9.833,10.000,+0.167,5.000,2000-01-01 00:49:37,6,run/data/m1/debug.log,22694
289,290,m2,12,9.833,10.000,+0.167,5.000,2000-01-01 00:49:36,6,run/data/m2/debug.log,17667
289,290,m3,12,9.833,10.000,+0.167,5.000,2000-01-01 00:49:37,6,run/data/m3/debug.log,6674
290,291,admin,12,10.083,10.000,-0.083,5.000,2000-01-01 00:50:00,2,run/data/admin/debug.log,2976
290,291,m1,12,10.083,10.000,-0.083,5.000,2000-01-01 00:49:52,3,run/data/m1/debug.log,22796
290,291,m2,12,10.083,10.000,-0.083,5.000,2000-01-01 00:49:52,3,run/data/m2/debug.log,17718
290,291,m3,12,10.083,10.000,-0.083,5.000,2000-01-01 00:49:52,3,run/data/m3/debug.log,6705
291,292,admin,12,9.417,10.000,+0.583,5.000,2000-01-01 00:50:11,2,run/data/admin/debug.log,2997
291,292,m1,12,9.417,10.000,+0.583,5.000,2000-01-01 00:49:59,3,run/data/m1/debug.log,23252
291,292,m2,12,9.417,10.000,+0.583,5.000,2000-01-01 00:50:00,3,run/data/m2/debug.log,17753
291,292,m3,12,9.417,10.000,+0.583,5.000,2000-01-01 00:50:00,3,run/data/m3/debug.log,6720
292,293,admin,12,9.833,10.000,+0.167,5.000,2000-01-01 00:50:17,2,run/data/admin/debug.log,3011
292,293,m1,12,9.833,10.000,+0.167,5.000,2000-01-01 00:50:10,3,run/data/m1/debug.log,23411
292,293,m2,12,9.833,10.000,+0.167,5.000,2000-01-01 00:50:11,3,run/data/m2/debug.log,17768
292,293,m3,12,9.833,10.000,+0.167,5.000,2000-01-01 00:50:11,3,run/data/m3/debug.log,6735
293,294,admin,12,9.750,10.000,+0.250,5.000,2000-01-01 00:50:33,2,run/data/admin/debug.log,3025
293,294,m1,12,9.750,10.000,+0.250,5.000,2000-01-01 00:50:17,3,run/data/m1/debug.log,23722
293,294,m2,12,9.750,10.000,+0.250,5.000,2000-01-01 00:50:18,3,run/data/m2/debug.log,17783
293,294,m3,12,9.750,10.000,+0.250,5.000,2000-01-01 00:50:18,3,run/data/m3/debug.log,6750
294,295,admin,12,10.500,10.000,-0.500,5.000,2000-01-01 00:50:47,2,run/data/admin/debug.log,3039
294,295,m1,12,10.500,10.000,-0.500,5.000,2000-01-01 00:50:32,3,run/data/m1/debug.log,23769
294,295,m2,12,10.500,10.000,-0.500,5.000,2000-01-01 00:50:33,3,run/data/m2/debug.log,17801
294,295,m3,12,10.500,10.000,-0.500,5.000,2000-01-01 00:50:33,3,run/data/m3/debug.log,6768
295,296,admin,12,10.583,10.000,-0.583,5.000,2000-01-01 00:50:58,2,run/data/admin/debug.log,3053
295,296,m1,12,10.583,10.000,-0.583,5.000,2000-01-01 00:50:48,3,run/data/m1/debug.log,23784
295,296,m2,12,10.583,10.000,-0.583,5.000,2000-01-01 00:50:47,3,run/data/m2/debug.log,17888
295,296,m3,12,10.583,10.000,-0.583,5.000,2000-01-01 00:50:47,3,run/data/m3/debug.log,6783
296,297,admin,12,10.583,10.000,-0.583,5.000,2000-01-01 00:51:11,2,run/data/admin/debug.log,3067
296,297,m1,12,10.583,10.000,-0.583,5.000,2000-01-01 00:50:58,3,run/data/m1/debug.log,24969
296,297,m2,12,10.583,10.000,-0.583,5.000,2000-01-01 00:50:59,3,run/data/m2/debug.log,17903
296,297,m3,12,10.583,10.000,-0.583,5.000,2000-01-01 00:50:58,3,run/data/m3/debug.log,6798
297,298,admin,12,10.833,10.000,-0.833,5.000,2000-01-01 00:51:18,2,run/data/admin/debug.log,3081
297,298,m1,12,10.833,10.000,-0.833,5.000,2000-01-01 00:51:11,3,run/data/m1/debug.log,25048
297,298,m2,12,10.833,10.000,-0.833,5.000,2000-01-01 00:51:12,3,run/data/m2/debug.log,17918
297,298,m3,12,10.833,10.000,-0.833,5.000,2000-01-01 00:51:12,3,run/data/m3/debug.log,6813
298,299,admin,12,10.750,10.000,-0.750,5.000,2000-01-01 00:51:29,2,run/data/admin/debug.log,3095
298,299,m1,12,10.750,10.000,-0.750,5.000,2000-01-01 00:51:19,3,run/data/m1/debug.log,25063
298,299,m2,12,10.750,10.000,-0.750,5.000,2000-01-01 00:51:17,3,run/data/m2/debug.log,17933
298,299,m3,12,10.750,10.000,-0.750,5.000,2000-01-01 00:51:17,3,run/data/m3/debug.log,6857
299,300,admin,12,11.083,10.000,-1.083,5.000,2000-01-01 00:51:41,2,run/data/admin/debug.log,3109
299,300,m1,12,11.083,10.000,-1.083,5.000,2000-01-01 00:51:29,3,run/data/m1/debug.log,25423
299,300,m2,12,11.083,10.000,-1.083,5.000,2000-01-01 00:51:30,3,run/data/m2/debug.log,17948
299,300,m3,12,11.083,10.000,-1.083,5.000,2000-01-01 00:51:29,3,run/data/m3/debug.log,6872
300,301,admin,12,11.167,10.000,-1.167,5.000,2000-01-01 00:51:53,2,run/data/admin/debug.log,3123
300,301,m1,12,11.167,10.000,-1.167,5.000,2000-01-01 00:51:42,3,run/data/m1/debug.log,25438
300,301,m2,12,11.167,10.000,-1.167,5.000,2000-01-01 00:51:41,3,run/data/m2/debug.log,18126
300,301,m3,12,11.167,10.000,-1.167,5.000,2000-01-01 00:51:41,3,run/data/m3/debug.log,6887
301,302,admin,12,11.417,10.000,-1.417,5.000,2000-01-01 00:52:03,2,run/data/admin/debug.log,3140
301,302,m1,12,11.417,10.000,-1.417,5.000,2000-01-01 00:51:53,3,run/data/m1/debug.log,25824
301,302,m2,12,11.417,10.000,-1.417,5.000,2000-01-01 00:51:54,3,run/data/m2/debug.log,18142
301,302,m3,12,11.417,10.000,-1.417,5.000,2000-01-01 00:51:53,3,run/data/m3/debug.log,6903
302,303,admin,12,10.917,10.000,-0.917,5.000,2000-01-01 00:52:15,2,run/data/admin/debug.log,3155
302,303,m1,12,10.917,10.000,-0.917,5.000,2000-01-01 00:52:04,3,run/data/m1/debug.log,25839
302,303,m2,12,10.917,10.000,-0.917,5.000,2000-01-01 00:52:03,3,run/data/m2/debug.log,18490
302,303,m3,12,10.917,10.000,-0.917,5.000,2000-01-01 00:52:03,3,run/data/m3/debug.log,6918
303,304,admin,12,11.333,10.000,-1.333,5.000,2000-01-01 00:52:25,5,run/data/admin/debug.log,3169
303,304,m1,12,11.333,10.000,-1.333,5.000,2000-01-01 00:52:15,6,run/data/m1/debug.log,26212
303,304,m2,12,11.333,10.000,-1.333,5.000,2000-01-01 00:52:16,6,run/data/m2/debug.log,18505
303,304,m3,12,11.333,10.000,-1.333,5.000,2000-01-01 00:52:15,6,run/data/m3/debug.log,6933
304,305,admin,12,11.250,10.000,-1.250,5.000,2000-01-01 00:52:38,2,run/data/admin/debug.log,3199
304,305,m1,12,11.250,10.000,-1.250,5.000,2000-01-01 00:52:25,3,run/data/m1/debug.log,26239
304,305,m2,12,11.250,10.000,-1.250,5.000,2000-01-01 00:52:25,3,run/data/m2/debug.log,19277
304,305,m3,12,11.250,10.000,-1.250,5.000,2000-01-01 00:52:25,3,run/data/m3/debug.log,6964
305,306,admin,12,11.750,10.000,-1.750,5.000,2000-01-01 00:52:44,2,run/data/admin/debug.log,3214
305,306,m1,12,11.750,10.000,-1.750,5.000,2000-01-01 00:52:39,3,run/data/m1/debug.log,26277
305,306,m2,12,11.750,10.000,-1.750,5.000,2000-01-01 00:52:38,3,run/data/m2/debug.log,19468
305,306,m3,12,11.750,10.000,-1.750,5.000,2000-01-01 00:52:38,3,run/data/m3/debug.log,6982
306,307,admin,12,11.000,10.000,-1.000,5.000,2000-01-01 00:52:54,2,run/data/admin/debug.log,3228
306,307,m1,12,11.000,10.000,-1.000,5.000,2000-01-01 00:52:46,3,run/data/m1/debug.log,26297
306,307,m2,12,11.000,10.000,-1.000,5.000,2000-01-01 00:52:44,3,run/data/m2/debug.log,19488
306,307,m3,12,11.000,10.000,-1.000,5.000,2000-01-01 00:52:44,3,run/data/m3/debug.log,7338
307,308,admin,12,10.500,10.000,-0.500,5.000,2000-01-01 00:53:06,5,run/data/admin/debug.log,3242
307,308,m1,12,10.500,10.000,-0.500,5.000,2000-01-01 00:52:54,6,run/data/m1/debug.log,26312
307,308,m2,12,10.500,10.000,-0.500,5.000,2000-01-01 00:52:53,6,run/data/m2/debug.log,19956
307,308,m3,12,10.500,10.000,-0.500,5.000,2000-01-01 00:52:54,6,run/data/m3/debug.log,7353
308,309,admin,12,10.667,10.000,-0.667,5.000,2000-01-01 00:53:19,2,run/data/admin/debug.log,3272
308,309,m1,12,10.667,10.000,-0.667,5.000,2000-01-01 00:53:06,3,run/data/m1/debug.log,26327
308,309,m2,12,10.667,10.000,-0.667,5.000,2000-01-01 00:53:06,3,run/data/m2/debug.log,20146
308,309,m3,12,10.667,10.000,-0.667,5.000,2000-01-01 00:53:06,3,run/data/m3/debug.log,7661
309,310,admin,12,10.667,10.000,-0.667,5.000,2000-01-01 00:53:30,2,run/data/admin/debug.log,3286
309,310,m1,12,10.667,10.000,-0.667,5.000,2000-01-01 00:53:19,3,run/data/m1/debug.log,26611
309,310,m2,12,10.667,10.000,-0.667,5.000,2000-01-01 00:53:20,3,run/data/m2/debug.log,20181
309,310,m3,12,10.667,10.000,-0.667,5.000,2000-01-01 00:53:19,3,run/data/m3/debug.log,7692
310,311,admin,12,11.000,10.000,-1.000,5.000,2000-01-01 00:53:44,2,run/data/admin/debug.log,3300
310,311,m1,12,11.000,10.000,-1.000,5.000,2000-01-01 00:53:31,3,run/data/m1/debug.log,26626
310,311,m2,12,11.000,10.000,-1.000,5.000,2000-01-01 00:53:30,3,run/data/m2/debug.log,20808
310,311,m3,12,11.000,10.000,-1.000,5.000,2000-01-01 00:53:30,3,run/data/m3/debug.log,7707
311,312,admin,12,11.250,10.000,-1.250,5.000,2000-01-01 00:54:00,2,run/data/admin/debug.log,3314
311,312,m1,12,11.250,10.000,-1.250,5.000,2000-01-01 00:53:44,3,run/data/m1/debug.log,26917
311,312,m2,12,11.250,10.000,-1.250,5.000,2000-01-01 00:53:45,3,run/data/m2/debug.log,20823
311,312,m3,12,11.250,10.000,-1.250,5.000,2000-01-01 00:53:45,3,run/data/m3/debug.log,7722
312,313,admin,12,11.500,10.000,-1.500,5.000,2000-01-01 00:54:15,2,run/data/admin/debug.log,3331
312,313,m1,12,11.500,10.000,-1.500,5.000,2000-01-01 00:53:59,3,run/data/m1/debug.log,27135
312,313,m2,12,11.500,10.000,-1.500,5.000,2000-01-01 00:54:00,3,run/data/m2/debug.log,20838
312,313,m3,12,11.500,10.000,-1.500,5.000,2000-01-01 00:54:00,3,run/data/m3/debug.log,7737
313,314,admin,12,11.833,10.000,-1.833,5.000,2000-01-01 00:54:28,2,run/data/admin/debug.log,3345
313,314,m1,12,11.833,10.000,-1.833,5.000,2000-01-01 00:54:15,3,run/data/m1/debug.log,27678
313,314,m2,12,11.833,10.000,-1.833,5.000,2000-01-01 00:54:16,3,run/data/m2/debug.log,20853
313,314,m3,12,11.833,10.000,-1.833,5.000,2000-01-01 00:54:15,3,run/data/m3/debug.log,7752
314,315,admin,12,12.083,10.000,-2.083,5.000,2000-01-01 00:54:43,2,run/data/admin/debug.log,3359
314,315,m1,12,12.083,10.000,-2.083,5.000,2000-01-01 00:54:28,3,run/data/m1/debug.log,27787
314,315,m2,12,12.083,10.000,-2.083,5.000,2000-01-01 00:54:29,3,run/data/m2/debug.log,20868
314,315,m3,12,12.083,10.000,-2.083,5.000,2000-01-01 00:54:29,3,run/data/m3/debug.log,7767
315,316,admin,12,12.250,10.000,-2.250,5.000,2000-01-01 00:54:56,2,run/data/admin/debug.log,3373
315,316,m1,12,12.250,10.000,-2.250,5.000,2000-01-01 00:54:42,3,run/data/m1/debug.log,28102
315,316,m2,12,12.250,10.000,-2.250,5.000,2000-01-01 00:54:43,3,run/data/m2/debug.log,20886
315,316,m3,12,12.250,10.000,-2.250,5.000,2000-01-01 00:54:43,3,run/data/m3/debug.log,7785
316,317,admin,12,12.583,10.000,-2.583,5.000,2000-01-01 00:55:08,2,run/data/admin/debug.log,3387
316,317,m1,12,12.583,10.000,-2.583,5.000,2000-01-01 00:54:57,3,run/data/m1/debug.log,28117
316,317,m2,12,12.583,10.000,-2.583,5.000,2000-01-01 00:54:56,3,run/data/m2/debug.log,20901
316,317,m3,12,12.583,10.000,-2.583,5.000,2000-01-01 00:54:56,3,run/data/m3/debug.log,7918
317,318,admin,12,12.500,10.000,-2.500,5.000,2000-01-01 00:55:21,2,run/data/admin/debug.log,3401
317,318,m1,12,12.500,10.000,-2.500,5.000,2000-01-01 00:55:08,3,run/data/m1/debug.log,28825
317,318,m2,12,12.500,10.000,-2.500,5.000,2000-01-01 00:55:09,3,run/data/m2/debug.log,20916
317,318,m3,12,12.500,10.000,-2.500,5.000,2000-01-01 00:55:08,3,run/data/m3/debug.log,7933
318,319,admin,12,13.083,10.000,-3.083,5.000,2000-01-01 00:55:30,2,run/data/admin/debug.log,3415
318,319,m1,12,13.083,10.000,-3.083,5.000,2000-01-01 00:55:21,3,run/data/m1/debug.log,28965
318,319,m2,12,13.083,10.000,-3.083,5.000,2000-01-01 00:55:22,3,run/data/m2/debug.log,20931
318,319,m3,12,13.083,10.000,-3.083,5.000,2000-01-01 00:55:21,3,run/data/m3/debug.log,7948
319,320,admin,12,13.083,10.000,-3.083,5.000,2000-01-01 00:55:42,2,run/data/admin/debug.log,3429
319,320,m1,12,13.083,10.000,-3.083,5.000,2000-01-01 00:55:30,3,run/data/m1/debug.log,29117
319,320,m2,12,13.083,10.000,-3.083,5.000,2000-01-01 00:55:31,3,run/data/m2/debug.log,20946
319,320,m3,12,13.083,10.000,-3.083,5.000,2000-01-01 00:55:30,3,run/data/m3/debug.log,7963
320,321,admin,12,13.000,10.000,-3.000,5.000,2000-01-01 00:55:50,2,run/data/admin/debug.log,3443
320,321,m1,12,13.000,10.000,-3.000,5.000,2000-01-01 00:55:43,3,run/data/m1/debug.log,29132
320,321,m2,12,13.000,10.000,-3.000,5.000,2000-01-01 00:55:42,3,run/data/m2/debug.log,21153
320,321,m3,12,13.000,10.000,-3.000,5.000,2000-01-01 00:55:42,3,run/data/m3/debug.log,7978
321,322,admin,12,12.583,10.000,-2.583,5.000,2000-01-01 00:56:02,2,run/data/admin/debug.log,3460
321,322,m1,12,12.583,10.000,-2.583,5.000,2000-01-01 00:55:50,3,run/data/m1/debug.log,29147
321,322,m2,12,12.583,10.000,-2.583,5.000,2000-01-01 00:55:50,3,run/data/m2/debug.log,21168
321,322,m3,12,12.583,10.000,-2.583,5.000,2000-01-01 00:55:50,3,run/data/m3/debug.log,8323
322,323,admin,12,12.667,10.000,-2.667,5.000,2000-01-01 00:56:16,2,run/data/admin/debug.log,3474
322,323,m1,12,12.667,10.000,-2.667,5.000,2000-01-01 00:56:01,3,run/data/m1/debug.log,29807
322,323,m2,12,12.667,10.000,-2.667,5.000,2000-01-01 00:56:02,3,run/data/m2/debug.log,21183
322,323,m3,12,12.667,10.000,-2.667,5.000,2000-01-01 00:56:02,3,run/data/m3/debug.log,8338
323,324,admin,12,12.667,10.000,-2.667,5.000,2000-01-01 00:56:23,2,run/data/admin/debug.log,3488
323,324,m1,12,12.667,10.000,-2.667,5.000,2000-01-01 00:56:16,3,run/data/m1/debug.log,30419
323,324,m2,12,12.667,10.000,-2.667,5.000,2000-01-01 00:56:17,3,run/data/m2/debug.log,21198
323,324,m3,12,12.667,10.000,-2.667,5.000,2000-01-01 00:56:16,3,run/data/m3/debug.log,8353
324,325,admin,12,11.917,10.000,-1.917,5.000,2000-01-01 00:56:34,2,run/data/admin/debug.log,3502
324,325,m1,12,11.917,10.000,-1.917,5.000,2000-01-01 00:56:22,3,run/data/m1/debug.log,30694
324,325,m2,12,11.917,10.000,-1.917,5.000,2000-01-01 00:56:23,3,run/data/m2/debug.log,21213
324,325,m3,12,11.917,10.000,-1.917,5.000,2000-01-01 00:56:23,3,run/data/m3/debug.log,8368
325,326,admin,12,11.500,10.000,-1.500,5.000,2000-01-01 00:56:44,2,run/data/admin/debug.log,3516
325,326,m1,12,11.500,10.000,-1.500,5.000,2000-01-01 00:56:33,3,run/data/m1/debug.log,30788
325,326,m2,12,11.500,10.000,-1.500,5.000,2000-01-01 00:56:34,3,run/data/m2/debug.log,21231
325,326,m3,12,11.500,10.000,-1.500,5.000,2000-01-01 00:56:34,3,run/data/m3/debug.log,8386
326,327,admin,12,11.250,10.000,-1.250,5.000,2000-01-01 00:56:57,2,run/data/admin/debug.log,3530
326,327,m1,12,11.250,10.000,-1.250,5.000,2000-01-01 00:56:44,3,run/data/m1/debug.log,30803
326,327,m2,12,11.250,10.000,-1.250,5.000,2000-01-01 00:56:43,3,run/data/m2/debug.log,22089
326,327,m3,12,11.250,10.000,-1.250,5.000,2000-01-01 00:56:44,3,run/data/m3/debug.log,8401
327,328,admin,12,11.167,10.000,-1.167,5.000,2000-01-01 00:57:09,2,run/data/admin/debug.log,3544
327,328,m1,12,11.167,10.000,-1.167,5.000,2000-01-01 00:56:56,3,run/data/m1/debug.log,31093
327,328,m2,12,11.167,10.000,-1.167,5.000,2000-01-01 00:56:57,3,run/data/m2/debug.log,22104
327,328,m3,12,11.167,10.000,-1.167,5.000,2000-01-01 00:56:57,3,run/data/m3/debug.log,8416
328,329,admin,12,11.083,10.000,-1.083,5.000,2000-01-01 00:57:17,2,run/data/admin/debug.log,3558
328,329,m1,12,11.083,10.000,-1.083,5.000,2000-01-01 00:57:09,3,run/data/m1/debug.log,31268
328,329,m2,12,11.083,10.000,-1.083,5.000,2000-01-01 00:57:10,3,run/data/m2/debug.log,22119
328,329,m3,12,11.083,10.000,-1.083,5.000,2000-01-01 00:57:09,3,run/data/m3/debug.log,8431
329,330,admin,12,10.667,10.000,-0.667,5.000,2000-01-01 00:57:30,2,run/data/admin/debug.log,3572
329,330,m1,12,10.667,10.000,-0.667,5.000,2000-01-01 00:57:16,3,run/data/m1/debug.log,31359
329,330,m2,12,10.667,10.000,-0.667,5.000,2000-01-01 00:57:17,3,run/data/m2/debug.log,22134
329,330,m3,12,10.667,10.000,-0.667,5.000,2000-01-01 00:57:17,3,run/data/m3/debug.log,8446
330,331,admin,12,10.667,10.000,-0.667,5.000,2000-01-01 00:57:39,2,run/data/admin/debug.log,3586
330,331,m1,12,10.667,10.000,-0.667,5.000,2000-01-01 00:57:31,3,run/data/m1/debug.log,31374
330,331,m2,12,10.667,10.000,-0.667,5.000,2000-01-01 00:57:29,3,run/data/m2/debug.log,22163
330,331,m3,12,10.667,10.000,-0.667,5.000,2000-01-01 00:57:30,3,run/data/m3/debug.log,8461
331,332,admin,12,10.667,10.000,-0.667,5.000,2000-01-01 00:57:46,2,run/data/admin/debug.log,3600
331,332,m1,12,10.667,10.000,-0.667,5.000,2000-01-01 00:57:38,3,run/data/m1/debug.log,32643
331,332,m2,12,10.667,10.000,-0.667,5.000,2000-01-01 00:57:39,3,run/data/m2/debug.log,22178
331,332,m3,12,10.667,10.000,-0.667,5.000,2000-01-01 00:57:39,3,run/data/m3/debug.log,8476
332,333,admin,12,10.333,10.000,-0.333,5.000,2000-01-01 00:57:59,2,run/data/admin/debug.log,3614
332,333,m1,12,10.333,10.000,-0.333,5.000,2000-01-01 00:57:47,3,run/data/m1/debug.log,32658
332,333,m2,12,10.333,10.000,-0.333,5.000,2000-01-01 00:57:46,3,run/data/m2/debug.log,22303
332,333,m3,12,10.333,10.000,-0.333,5.000,2000-01-01 00:57:47,3,run/data/m3/debug.log,8491
333,334,admin,12,10.667,10.000,-0.667,5.000,2000-01-01 00:58:13,2,run/data/admin/debug.log,3631
333,334,m1,12,10.667,10.000,-0.667,5.000,2000-01-01 00:57:58,3,run/data/m1/debug.log,32807
333,334,m2,12,10.667,10.000,-0.667,5.000,2000-01-01 00:57:59,3,run/data/m2/debug.log,22318
333,334,m3,12,10.667,10.000,-0.667,5.000,2000-01-01 00:57:59,3,run/data/m3/debug.log,8506
334,335,admin,12,10.917,10.000,-0.917,5.000,2000-01-01 00:58:23,2,run/data/admin/debug.log,3645
334,335,m1,12,10.917,10.000,-0.917,5.000,2000-01-01 00:58:12,3,run/data/m1/debug.log,33002
334,335,m2,12,10.917,10.000,-0.917,5.000,2000-01-01 00:58:13,3,run/data/m2/debug.log,22333
334,335,m3,12,10.917,10.000,-0.917,5.000,2000-01-01 00:58:13,3,run/data/m3/debug.log,8521
335,336,admin,12,10.500,10.000,-0.500,5.000,2000-01-01 00:58:32,2,run/data/admin/debug.log,3659
335,336,m1,12,10.500,10.000,-0.500,5.000,2000-01-01 00:58:22,3,run/data/m1/debug.log,33125
335,336,m2,12,10.500,10.000,-0.500,5.000,2000-01-01 00:58:23,3,run/data/m2/debug.log,22348
335,336,m3,12,10.500,10.000,-0.500,5.000,2000-01-01 00:58:23,3,run/data/m3/debug.log,8536
336,337,admin,12,10.750,10.000,-0.750,5.000,2000-01-01 00:58:44,2,run/data/admin/debug.log,3673
336,337,m1,12,10.750,10.000,-0.750,5.000,2000-01-01 00:58:31,3,run/data/m1/debug.log,33373
336,337,m2,12,10.750,10.000,-0.750,5.000,2000-01-01 00:58:32,3,run/data/m2/debug.log,22366
336,337,m3,12,10.750,10.000,-0.750,5.000,2000-01-01 00:58:32,3,run/data/m3/debug.log,8554
337,338,admin,12,10.833,10.000,-0.833,5.000,2000-01-01 00:58:57,2,run/data/admin/debug.log,3687
337,338,m1,12,10.833,10.000,-0.833,5.000,2000-01-01 00:58:43,3,run/data/m1/debug.log,33829
337,338,m2,12,10.833,10.000,-0.833,5.000,2000-01-01 00:58:44,3,run/data/m2/debug.log,22381
337,338,m3,12,10.833,10.000,-0.833,5.000,2000-01-01 00:58:44,3,run/data/m3/debug.log,8569
338,339,admin,12,11.083,10.000,-1.083,5.000,2000-01-01 00:59:09,2,run/data/admin/debug.log,3701
338,339,m1,12,11.083,10.000,-1.083,5.000,2000-01-01 00:58:56,3,run/data/m1/debug.log,34155
338,339,m2,12,11.083,10.000,-1.083,5.000,2000-01-01 00:58:57,3,run/data/m2/debug.log,22396
338,339,m3,12,11.083,10.000,-1.083,5.000,2000-01-01 00:58:57,3,run/data/m3/debug.log,8584
339,340,admin,12,11.083,10.000,-1.083,5.000,2000-01-01 00:59:23,5,run/data/admin/debug.log,3715
339,340,m1,12,11.083,10.000,-1.083,5.000,2000-01-01 00:59:09,6,run/data/m1/debug.log,34372
339,340,m2,12,11.083,10.000,-1.083,5.000,2000-01-01 00:59:09,6,run/data/m2/debug.log,22411
339,340,m3,12,11.083,10.000,-1.083,5.000,2000-01-01 00:59:09,6,run/data/m3/debug.log,8599
340,341,admin,12,11.167,10.000,-1.167,5.000,2000-01-01 00:59:34,2,run/data/admin/debug.log,3745
340,341,m1,12,11.167,10.000,-1.167,5.000,2000-01-01 00:59:23,3,run/data/m1/debug.log,34651
340,341,m2,12,11.167,10.000,-1.167,5.000,2000-01-01 00:59:24,3,run/data/m2/debug.log,22442
340,341,m3,12,11.167,10.000,-1.167,5.000,2000-01-01 00:59:23,3,run/data/m3/debug.log,8694
341,342,admin,12,11.500,10.000,-1.500,5.000,2000-01-01 00:59:45,2,run/data/admin/debug.log,3759
341,342,m1,12,11.500,10.000,-1.500,5.000,2000-01-01 00:59:35,3,run/data/m1/debug.log,34682
341,342,m2,12,11.500,10.000,-1.500,5.000,2000-01-01 00:59:34,3,run/data/m2/debug.log,22649
341,342,m3,12,11.500,10.000,-1.500,5.000,2000-01-01 00:59:34,3,run/data/m3/debug.log,8729
342,343,admin,12,11.333,10.000,-1.333,5.000,2000-01-01 00:59:57,2,run/data/admin/debug.log,3773
342,343,m1,12,11.333,10.000,-1.333,5.000,2000-01-01 00:59:46,3,run/data/m1/debug.log,34697
342,343,m2,12,11.333,10.000,-1.333,5.000,2000-01-01 00:59:45,3,run/data/m2/debug.log,23173
342,343,m3,12,11.333,10.000,-1.333,5.000,2000-01-01 00:59:45,3,run/data/m3/debug.log,8744
343,344,admin,12,11.583,10.000,-1.583,5.000,2000-01-01 01:00:06,2,run/data/admin/debug.log,3790
343,344,m1,12,11.583,10.000,-1.583,5.000,2000-01-01 00:59:57,3,run/data/m1/debug.log,34717
343,344,m2,12,11.583,10.000,-1.583,5.000,2000-01-01 00:59:58,3,run/data/m2/debug.log,23188
343,344,m3,12,11.583,10.000,-1.583,5.000,2000-01-01 00:59:57,3,run/data/m3/debug.log,8759
344,345,admin,12,11.667,10.000,-1.667,5.000,2000-01-01 01:00:21,5,run/data/admin/debug.log,3804
344,345,m1,12,11.667,10.000,-1.667,5.000,2000-01-01 01:00:07,6,run/data/m1/debug.log,34732
344,345,m2,12,11.667,10.000,-1.667,5.000,2000-01-01 01:00:06,6,run/data/m2/debug.log,23947
344,345,m3,12,11.667,10.000,-1.667,5.000,2000-01-01 01:00:06,6,run/data/m3/debug.log,8774
345,346,admin,12,11.917,10.000,-1.917,5.000,2000-01-01 01:00:34,2,run/data/admin/debug.log,3834
345,346,m1,12,11.917,10.000,-1.917,5.000,2000-01-01 01:00:21,3,run/data/m1/debug.log,34939
345,346,m2,12,11.917,10.000,-1.917,5.000,2000-01-01 01:00:21,3,run/data/m2/debug.log,24353
345,346,m3,12,11.917,10.000,-1.917,5.000,2000-01-01 01:00:22,3,run/data/m3/debug.log,8805
346,347,admin,12,11.833,10.000,-1.833,5.000,2000-01-01 01:00:49,2,run/data/admin/debug.log,3848
346,347,m1,12,11.833,10.000,-1.833,5.000,2000-01-01 01:00:34,3,run/data/m1/debug.log,34977
346,347,m2,12,11.833,10.000,-1.833,5.000,2000-01-01 01:00:34,3,run/data/m2/debug.log,24387
346,347,m3,12,11.833,10.000,-1.833,5.000,2000-01-01 01:00:34,3,run/data/m3/debug.log,9000
347,348,admin,12,12.250,10.000,-2.250,5.000,2000-01-01 01:00:55,5,run/data/admin/debug.log,3862
347,348,m1,12,12.250,10.000,-2.250,5.000,2000-01-01 01:00:49,6,run/data/m1/debug.log,35226
347,348,m2,12,12.250,10.000,-2.250,5.000,2000-01-01 01:00:50,6,run/data/m2/debug.log,24402
347,348,m3,12,12.250,10.000,-2.250,5.000,2000-01-01 01:00:49,6,run/data/m3/debug.log,9015
348,349,admin,12,12.000,10.000,-2.000,5.000,2000-01-01 01:01:07,2,run/data/admin/debug.log,3892
348,349,m1,12,12.000,10.000,-2.000,5.000,2000-01-01 01:00:55,3,run/data/m1/debug.log,35690
348,349,m2,12,12.000,10.000,-2.000,5.000,2000-01-01 01:00:55,3,run/data/m2/debug.log,24576
348,349,m3,12,12.000,10.000,-2.000,5.000,2000-01-01 01:00:56,3,run/data/m3/debug.log,9046
349,350,admin,12,11.917,10.000,-1.917,5.000,2000-01-01 01:01:13,2,run/data/admin/debug.log,3910
349,350,m1,12,11.917,10.000,-1.917,5.000,2000-01-01 01:01:06,3,run/data/m1/debug.log,36566
349,350,m2,12,11.917,10.000,-1.917,5.000,2000-01-01 01:01:07,3,run/data/m2/debug.log,24611
349,350,m3,12,11.917,10.000,-1.917,5.000,2000-01-01 01:01:08,3,run/data/m3/debug.log,9065
350,351,admin,12,11.417,10.000,-1.417,5.000,2000-01-01 01:01:28,2,run/data/admin/debug.log,3924
350,351,m1,12,11.417,10.000,-1.417,5.000,2000-01-01 01:01:13,3,run/data/m1/debug.log,36818
350,351,m2,12,11.417,10.000,-1.417,5.000,2000-01-01 01:01:14,3,run/data/m2/debug.log,24626
350,351,m3,12,11.417,10.000,-1.417,5.000,2000-01-01 01:01:13,3,run/data/m3/debug.log,9080
351,352,admin,12,11.500,10.000,-1.500,5.000,2000-01-01 01:01:39,2,run/data/admin/debug.log,3938
351,352,m1,12,11.500,10.000,-1.500,5.000,2000-01-01 01:01:27,3,run/data/m1/debug.log,37229
351,352,m2,12,11.500,10.000,-1.500,5.000,2000-01-01 01:01:28,3,run/data/m2/debug.log,24641
351,352,m3,12,11.500,10.000,-1.500,5.000,2000-01-01 01:01:29,3,run/data/m3/debug.log,9095
352,353,admin,12,11.250,10.000,-1.250,5.000,2000-01-01 01:01:50,2,run/data/admin/debug.log,3952
352,353,m1,12,11.250,10.000,-1.250,5.000,2000-01-01 01:01:38,3,run/data/m1/debug.log,37793
352,353,m2,12,11.250,10.000,-1.250,5.000,2000-01-01 01:01:39,3,run/data/m2/debug.log,24656
352,353,m3,12,11.250,10.000,-1.250,5.000,2000-01-01 01:01:40,3,run/data/m3/debug.log,9110
353,354,admin,12,11.250,10.000,-1.250,5.000,2000-01-01 01:01:57,2,run/data/admin/debug.log,3966
353,354,m1,12,11.250,10.000,-1.250,5.000,2000-01-01 01:01:49,3,run/data/m1/debug.log,37831
353,354,m2,12,11.250,10.000,-1.250,5.000,2000-01-01 01:01:50,3,run/data/m2/debug.log,24671
353,354,m3,12,11.250,10.000,-1.250,5.000,2000-01-01 01:01:51,3,run/data/m3/debug.log,9125
354,355,admin,12,11.000,10.000,-1.000,5.000,2000-01-01 01:02:07,2,run/data/admin/debug.log,3983
354,355,m1,12,11.000,10.000,-1.000,5.000,2000-01-01 01:01:57,3,run/data/m1/debug.log,37872
354,355,m2,12,11.000,10.000,-1.000,5.000,2000-01-01 01:01:58,3,run/data/m2/debug.log,24686
354,355,m3,12,11.000,10.000,-1.000,5.000,2000-01-01 01:01:58,3,run/data/m3/debug.log,9140
355,356,admin,12,10.833,10.000,-0.833,5.000,2000-01-01 01:02:14,2,run/data/admin/debug.log,3997
355,356,m1,12,10.833,10.000,-0.833,5.000,2000-01-01 01:02:07,3,run/data/m1/debug.log,37896
355,356,m2,12,10.833,10.000,-0.833,5.000,2000-01-01 01:02:08,3,run/data/m2/debug.log,24701
355,356,m3,12,10.833,10.000,-0.833,5.000,2000-01-01 01:02:08,3,run/data/m3/debug.log,9155
356,357,admin,12,10.583,10.000,-0.583,5.000,2000-01-01 01:02:26,2,run/data/admin/debug.log,4011
356,357,m1,12,10.583,10.000,-0.583,5.000,2000-01-01 01:02:13,3,run/data/m1/debug.log,37981
356,357,m2,12,10.583,10.000,-0.583,5.000,2000-01-01 01:02:14,3,run/data/m2/debug.log,24716
356,357,m3,12,10.583,10.000,-0.583,5.000,2000-01-01 01:02:15,3,run/data/m3/debug.log,9170
357,358,admin,12,10.417,10.000,-0.417,5.000,2000-01-01 01:02:39,2,run/data/admin/debug.log,4025
357,358,m1,12,10.417,10.000,-0.417,5.000,2000-01-01 01:02:26,3,run/data/m1/debug.log,37999
357,358,m2,12,10.417,10.000,-0.417,5.000,2000-01-01 01:02:26,3,run/data/m2/debug.log,24731
357,358,m3,12,10.417,10.000,-0.417,5.000,2000-01-01 01:02:27,3,run/data/m3/debug.log,9185
358,359,admin,12,10.417,10.000,-0.417,5.000,2000-01-01 01:02:49,2,run/data/admin/debug.log,4039
358,359,m1,12,10.417,10.000,-0.417,5.000,2000-01-01 01:02:39,3,run/data/m1/debug.log,38424
358,359,m2,12,10.417,10.000,-0.417,5.000,2000-01-01 01:02:40,3,run/data/m2/debug.log,24749
358,359,m3,12,10.417,10.000,-0.417,5.000,2000-01-01 01:02:40,3,run/data/m3/debug.log,9203
359,360,admin,12,10.000,10.000,+0.000,5.000,2000-01-01 01:03:01,2,run/data/admin/debug.log,4053
359,360,m1,12,10.000,10.000,+0.000,5.000,2000-01-01 01:02:49,3,run/data/m1/debug.log,38755
359,360,m2,12,10.000,10.000,+0.000,5.000,2000-01-01 01:02:50,3,run/data/m2/debug.log,24764
359,360,m3,12,10.000,10.000,+0.000,5.000,2000-01-01 01:02:50,3,run/data/m3/debug.log,9218
360,361,admin,12,10.500,10.000,-0.500,5.000,2000-01-01 01:03:13,2,run/data/admin/debug.log,4067
360,361,m1,12,10.500,10.000,-0.500,5.000,2000-01-01 01:03:01,3,run/data/m1/debug.log,38842
360,361,m2,12,10.500,10.000,-0.500,5.000,2000-01-01 01:03:02,3,run/data/m2/debug.log,24779
360,361,m3,12,10.500,10.000,-0.500,5.000,2000-01-01 01:03:02,3,run/data/m3/debug.log,9233
361,362,admin,12,10.583,10.000,-0.583,5.000,2000-01-01 01:03:20,2,run/data/admin/debug.log,4081
361,362,m1,12,10.583,10.000,-0.583,5.000,2000-01-01 01:03:14,3,run/data/m1/debug.log,38857
361,362,m2,12,10.583,10.000,-0.583,5.000,2000-01-01 01:03:13,3,run/data/m2/debug.log,24994
361,362,m3,12,10.583,10.000,-0.583,5.000,2000-01-01 01:03:13,3,run/data/m3/debug.log,9248
362,363,admin,12,10.583,10.000,-0.583,5.000,2000-01-01 01:03:32,2,run/data/admin/debug.log,4095
362,363,m1,12,10.583,10.000,-0.583,5.000,2000-01-01 01:03:20,3,run/data/m1/debug.log,40796
362,363,m2,12,10.583,10.000,-0.583,5.000,2000-01-01 01:03:20,3,run/data/m2/debug.log,25009
362,363,m3,12,10.583,10.000,-0.583,5.000,2000-01-01 01:03:21,3,run/data/m3/debug.log,9263
363,364,admin,12,10.417,10.000,-0.417,5.000,2000-01-01 01:03:44,2,run/data/admin/debug.log,4109
363,364,m1,12,10.417,10.000,-0.417,5.000,2000-01-01 01:03:32,3,run/data/m1/debug.log,41193
363,364,m2,12,10.417,10.000,-0.417,5.000,2000-01-01 01:03:32,3,run/data/m2/debug.log,25024
363,364,m3,12,10.417,10.000,-0.417,5.000,2000-01-01 01:03:33,3,run/data/m3/debug.log,9278
364,365,admin,12,10.500,10.000,-0.500,5.000,2000-01-01 01:03:55,2,run/data/admin/debug.log,4123
364,365,m1,12,10.500,10.000,-0.500,5.000,2000-01-01 01:03:44,3,run/data/m1/debug.log,41475
364,365,m2,12,10.500,10.000,-0.500,5.000,2000-01-01 01:03:45,3,run/data/m2/debug.log,25039
364,365,m3,12,10.500,10.000,-0.500,5.000,2000-01-01 01:03:45,3,run/data/m3/debug.log,9293
365,366,admin,12,10.417,10.000,-0.417,5.000,2000-01-01 01:04:06,2,run/data/admin/debug.log,4140
365,366,m1,12,10.417,10.000,-0.417,5.000,2000-01-01 01:03:56,3,run/data/m1/debug.log,41490
365,366,m2,12,10.417,10.000,-0.417,5.000,2000-01-01 01:03:54,3,run/data/m2/debug.log,25392
365,366,m3,12,10.417,10.000,-0.417,5.000,2000-01-01 01:03:55,3,run/data/m3/debug.log,9308
366,367,admin,12,10.750,10.000,-0.750,5.000,2000-01-01 01:04:18,2,run/data/admin/debug.log,4154
366,367,m1,12,10.750,10.000,-0.750,5.000,2000-01-01 01:04:06,3,run/data/m1/debug.log,41670
366,367,m2,12,10.750,10.000,-0.750,5.000,2000-01-01 01:04:07,3,run/data/m2/debug.log,25407
366,367,m3,12,10.750,10.000,-0.750,5.000,2000-01-01 01:04:07,3,run/data/m3/debug.log,9323
367,368,admin,12,10.917,10.000,-0.917,5.000,2000-01-01 01:04:29,2,run/data/admin/debug.log,4168
367,368,m1,12,10.917,10.000,-0.917,5.000,2000-01-01 01:04:18,3,run/data/m1/debug.log,41776
367,368,m2,12,10.917,10.000,-0.917,5.000,2000-01-01 01:04:19,3,run/data/m2/debug.log,25422
367,368,m3,12,10.917,10.000,-0.917,5.000,2000-01-01 01:04:19,3,run/data/m3/debug.log,9338
368,369,admin,12,11.333,10.000,-1.333,5.000,2000-01-01 01:04:40,2,run/data/admin/debug.log,4182
368,369,m1,12,11.333,10.000,-1.333,5.000,2000-01-01 01:04:29,3,run/data/m1/debug.log,41835
368,369,m2,12,11.333,10.000,-1.333,5.000,2000-01-01 01:04:30,3,run/data/m2/debug.log,25437
368,369,m3,12,11.333,10.000,-1.333,5.000,2000-01-01 01:04:30,3,run/data/m3/debug.log,9356
369,370,admin,12,11.167,10.000,-1.167,5.000,2000-01-01 01:04:52,2,run/data/admin/debug.log,4196
369,370,m1,12,11.167,10.000,-1.167,5.000,2000-01-01 01:04:40,3,run/data/m1/debug.log,42369
369,370,m2,12,11.167,10.000,-1.167,5.000,2000-01-01 01:04:41,3,run/data/m2/debug.log,25455
369,370,m3,12,11.167,10.000,-1.167,5.000,2000-01-01 01:04:41,3,run/data/m3/debug.log,9371
370,371,admin,12,11.083,10.000,-1.083,5.000,2000-01-01 01:05:02,2,run/data/admin/debug.log,4210
370,371,m1,12,11.083,10.000,-1.083,5.000,2000-01-01 01:04:53,3,run/data/m1/debug.log,42384
370,371,m2,12,11.083,10.000,-1.083,5.000,2000-01-01 01:04:52,3,run/data/m2/debug.log,25472
370,371,m3,12,11.083,10.000,-1.083,5.000,2000-01-01 01:04:52,3,run/data/m3/debug.log,9386
371,372,admin,12,11.083,10.000,-1.083,5.000,2000-01-01 01:05:17,2,run/data/admin/debug.log,4224
371,372,m1,12,11.083,10.000,-1.083,5.000,2000-01-01 01:05:03,3,run/data/m1/debug.log,42399
371,372,m2,12,11.083,10.000,-1.083,5.000,2000-01-01 01:05:02,3,run/data/m2/debug.log,25523
371,372,m3,12,11.083,10.000,-1.083,5.000,2000-01-01 01:05:02,3,run/data/m3/debug.log,9401
372,373,admin,12,11.250,10.000,-1.250,5.000,2000-01-01 01:05:27,2,run/data/admin/debug.log,4238
372,373,m1,12,11.250,10.000,-1.250,5.000,2000-01-01 01:05:16,3,run/data/m1/debug.log,42876
372,373,m2,12,11.250,10.000,-1.250,5.000,2000-01-01 01:05:17,3,run/data/m2/debug.log,25538
372,373,m3,12,11.250,10.000,-1.250,5.000,2000-01-01 01:05:18,3,run/data/m3/debug.log,9416
373,374,admin,12,11.083,10.000,-1.083,5.000,2000-01-01 01:05:38,2,run/data/admin/debug.log,4252
373,374,m1,12,11.083,10.000,-1.083,5.000,2000-01-01 01:05:26,3,run/data/m1/debug.log,43047
373,374,m2,12,11.083,10.000,-1.083,5.000,2000-01-01 01:05:27,3,run/data/m2/debug.log,25553
373,374,m3,12,11.083,10.000,-1.083,5.000,2000-01-01 01:05:27,3,run/data/m3/debug.log,9431
374,375,admin,12,11.500,10.000,-1.500,5.000,2000-01-01 01:05:49,2,run/data/admin/debug.log,4266
374,375,m1,12,11.500,10.000,-1.500,5.000,2000-01-01 01:05:38,3,run/data/m1/debug.log,43350
374,375,m2,12,11.500,10.000,-1.500,5.000,2000-01-01 01:05:39,3,run/data/m2/debug.log,25568
374,375,m3,12,11.500,10.000,-1.500,5.000,2000-01-01 01:05:40,3,run/data/m3/debug.log,9446
375,376,admin,12,11.333,10.000,-1.333,5.000,2000-01-01 01:05:59,2,run/data/admin/debug.log,4280
375,376,m1,12,11.333,10.000,-1.333,5.000,2000-01-01 01:05:48,3,run/data/m1/debug.log,43587
375,376,m2,12,11.333,10.000,-1.333,5.000,2000-01-01 01:05:49,3,run/data/m2/debug.log,25583
375,376,m3,12,11.333,10.000,-1.333,5.000,2000-01-01 01:05:49,3,run/data/m3/debug.log,9461
376,377,admin,12,11.167,10.000,-1.167,5.000,2000-01-01 01:06:13,2,run/data/admin/debug.log,4297
376,377,m1,12,11.167,10.000,-1.167,5.000,2000-01-01 01:05:58,3,run/data/m1/debug.log,43788
376,377,m2,12,11.167,10.000,-1.167,5.000,2000-01-01 01:05:59,3,run/data/m2/debug.log,25598
376,377,m3,12,11.167,10.000,-1.167,5.000,2000-01-01 01:05:59,3,run/data/m3/debug.log,9476
377,378,admin,12,11.500,10.000,-1.500,5.000,2000-01-01 01:06:20,2,run/data/admin/debug.log,4311
377,378,m1,12,11.500,10.000,-1.500,5.000,2000-01-01 01:06:12,3,run/data/m1/debug.log,43992
377,378,m2,12,11.500,10.000,-1.500,5.000,2000-01-01 01:06:13,3,run/data/m2/debug.log,25613
377,378,m3,12,11.500,10.000,-1.500,5.000,2000-01-01 01:06:14,3,run/data/m3/debug.log,9491
378,379,admin,12,11.167,10.000,-1.167,5.000,2000-01-01 01:06:29,5,run/data/admin/debug.log,4325
378,379,m1,12,11.167,10.000,-1.167,5.000,2000-01-01 01:06:20,6,run/data/m1/debug.log,44012
378,379,m2,12,11.167,10.000,-1.167,5.000,2000-01-01 01:06:21,6,run/data/m2/debug.log,25628
378,379,m3,12,11.167,10.000,-1.167,5.000,2000-01-01 01:06:21,6,run/data/m3/debug.log,9506
379,380,admin,12,10.917,10.000,-0.917,5.000,2000-01-01 01:06:36,2,run/data/admin/debug.log,4355
379,380,m1,12,10.917,10.000,-0.917,5.000,2000-01-01 01:06:29,3,run/data/m1/debug.log,44039
379,380,m2,12,10.833,10.000,-0.833,5.000,2000-01-01 01:06:28,3,run/data/m2/debug.log,25655
379,380,m3,12,10.833,10.000,-0.833,5.000,2000-01-01 01:06:29,3,run/data/m3/debug.log,9521
380,381,admin,12,10.500,10.000,-0.500,5.000,2000-01-01 01:06:42,2,run/data/admin/debug.log,4373
380,381,m1,12,10.500,10.000,-0.500,5.000,2000-01-01 01:06:35,3,run/data/m1/debug.log,44277
380,381,m2,12,10.500,10.000,-0.500,5.000,2000-01-01 01:06:36,3,run/data/m2/debug.log,25693
380,381,m3,12,10.500,10.000,-0.500,5.000,2000-01-01 01:06:37,3,run/data/m3/debug.log,9559
381,382,admin,12,10.167,10.000,-0.167,5.000,2000-01-01 01:06:55,2,run/data/admin/debug.log,4387
381,382,m1,12,10.167,10.000,-0.167,5.000,2000-01-01 01:06:42,3,run/data/m1/debug.log,44434
381,382,m2,12,10.167,10.000,-0.167,5.000,2000-01-01 01:06:43,3,run/data/m2/debug.log,25708
381,382,m3,12,10.167,10.000,-0.167,5.000,2000-01-01 01:06:43,3,run/data/m3/debug.log,9574
382,383,admin,12,10.167,10.000,-0.167,5.000,2000-01-01 01:07:04,2,run/data/admin/debug.log,4401
382,383,m1,12,10.167,10.000,-0.167,5.000,2000-01-01 01:06:54,3,run/data/m1/debug.log,44506
382,383,m2,12,10.167,10.000,-0.167,5.000,2000-01-01 01:06:55,3,run/data/m2/debug.log,25723
382,383,m3,12,10.167,10.000,-0.167,5.000,2000-01-01 01:06:55,3,run/data/m3/debug.log,9589
383,384,admin,12,10.167,10.000,-0.167,5.000,2000-01-01 01:07:11,2,run/data/admin/debug.log,4415
383,384,m1,12,10.167,10.000,-0.167,5.000,2000-01-01 01:07:04,3,run/data/m1/debug.log,44521
383,384,m2,12,10.167,10.000,-0.167,5.000,2000-01-01 01:07:04,3,run/data/m2/debug.log,26049
383,384,m3,12,10.167,10.000,-0.167,5.000,2000-01-01 01:07:04,3,run/data/m3/debug.log,9604
384,385,admin,12,9.583,10.000,+0.417,5.000,2000-01-01 01:07:23,2,run/data/admin/debug.log,4429
384,385,m1,12,9.583,10.000,+0.417,5.000,2000-01-01 01:07:11,3,run/data/m1/debug.log,44551
384,385,m2,12,9.583,10.000,+0.417,5.000,2000-01-01 01:07:11,3,run/data/m2/debug.log,26064
384,385,m3,12,9.583,10.000,+0.417,5.000,2000-01-01 01:07:12,3,run/data/m3/debug.log,9619
385,386,admin,12,9.750,10.000,+0.250,5.000,2000-01-01 01:07:31,2,run/data/admin/debug.log,4443
385,386,m1,12,9.750,10.000,+0.250,5.000,2000-01-01 01:07:23,3,run/data/m1/debug.log,44671
385,386,m2,12,9.750,10.000,+0.250,5.000,2000-01-01 01:07:23,3,run/data/m2/debug.log,26079
385,386,m3,12,9.750,10.000,+0.250,5.000,2000-01-01 01:07:24,3,run/data/m3/debug.log,9634
386,387,admin,12,9.333,10.000,+0.667,5.000,2000-01-01 01:07:43,2,run/data/admin/debug.log,4457
386,387,m1,12,9.333,10.000,+0.667,5.000,2000-01-01 01:07:30,3,run/data/m1/debug.log,44719
386,387,m2,12,9.333,10.000,+0.667,5.000,2000-01-01 01:07:31,3,run/data/m2/debug.log,26094
386,387,m3,12,9.333,10.000,+0.667,5.000,2000-01-01 01:07:32,3,run/data/m3/debug.log,9649
387,388,admin,12,9.500,10.000,+0.500,5.000,2000-01-01 01:07:56,2,run/data/admin/debug.log,4471
387,388,m1,12,9.500,10.000,+0.500,5.000,2000-01-01 01:07:43,3,run/data/m1/debug.log,44734
387,388,m2,12,9.500,10.000,+0.500,5.000,2000-01-01 01:07:42,3,run/data/m2/debug.log,26274
387,388,m3,12,9.500,10.000,+0.500,5.000,2000-01-01 01:07:43,3,run/data/m3/debug.log,9664
388,389,admin,12,9.833,10.000,+0.167,5.000,2000-01-01 01:08:04,2,run/data/admin/debug.log,4488
388,389,m1,12,9.833,10.000,+0.167,5.000,2000-01-01 01:07:56,3,run/data/m1/debug.log,44751
388,389,m2,12,9.833,10.000,+0.167,5.000,2000-01-01 01:07:56,3,run/data/m2/debug.log,26289
388,389,m3,12,9.833,10.000,+0.167,5.000,2000-01-01 01:07:57,3,run/data/m3/debug.log,9679
389,390,admin,12,9.333,10.000,+0.667,5.000,2000-01-01 01:08:11,2,run/data/admin/debug.log,4502
389,390,m1,12,9.333,10.000,+0.667,5.000,2000-01-01 01:08:04,3,run/data/m1/debug.log,44784
389,390,m2,12,9.333,10.000,+0.667,5.000,2000-01-01 01:08:04,3,run/data/m2/debug.log,26304
389,390,m3,12,9.333,10.000,+0.667,5.000,2000-01-01 01:08:05,3,run/data/m3/debug.log,9694
390,391,admin,12,9.167,10.000,+0.833,5.000,2000-01-01 01:08:19,2,run/data/admin/debug.log,4516
390,391,m1,12,9.167,10.000,+0.833,5.000,2000-01-01 01:08:10,3,run/data/m1/debug.log,44812
390,391,m2,12,9.167,10.000,+0.833,5.000,2000-01-01 01:08:11,3,run/data/m2/debug.log,26319
390,391,m3,12,9.167,10.000,+0.833,5.000,2000-01-01 01:08:11,3,run/data/m3/debug.log,9709
391,392,admin,12,9.167,10.000,+0.833,5.000,2000-01-01 01:08:26,2,run/data/admin/debug.log,4530
391,392,m1,12,9.167,10.000,+0.833,5.000,2000-01-01 01:08:19,3,run/data/m1/debug.log,45206
391,392,m2,12,9.167,10.000,+0.833,5.000,2000-01-01 01:08:20,3,run/data/m2/debug.log,26334
391,392,m3,12,9.167,10.000,+0.833,5.000,2000-01-01 01:08:20,3,run/data/m3/debug.log,9724
392,393,admin,12,9.250,10.000,+0.750,5.000,2000-01-01 01:08:38,2,run/data/admin/debug.log,4544
392,393,m1,12,9.250,10.000,+0.750,5.000,2000-01-01 01:08:26,3,run/data/m1/debug.log,45698
392,393,m2,12,9.250,10.000,+0.750,5.000,2000-01-01 01:08:26,3,run/data/m2/debug.log,26349
392,393,m3,12,9.250,10.000,+0.750,5.000,2000-01-01 01:08:27,3,run/data/m3/debug.log,9739
393,394,admin,12,9.583,10.000,+0.417,5.000,2000-01-01 01:08:48,2,run/data/admin/debug.log,4558
393,394,m1,12,9.583,10.000,+0.417,5.000,2000-01-01 01:08:39,3,run/data/m1/debug.log,45716
393,394,m2,12,9.583,10.000,+0.417,5.000,2000-01-01 01:08:37,3,run/data/m2/debug.log,26644
393,394,m3,12,9.583,10.000,+0.417,5.000,2000-01-01 01:08:38,3,run/data/m3/debug.log,9757
394,395,admin,12,9.500,10.000,+0.500,5.000,2000-01-01 01:09:01,2,run/data/admin/debug.log,4572
394,395,m1,12,9.500,10.000,+0.500,5.000,2000-01-01 01:08:48,3,run/data/m1/debug.log,45987
394,395,m2,12,9.500,10.000,+0.500,5.000,2000-01-01 01:08:48,3,run/data/m2/debug.log,26659
394,395,m3,12,9.500,10.000,+0.500,5.000,2000-01-01 01:08:49,3,run/data/m3/debug.log,9772
395,396,admin,12,9.667,10.000,+0.333,5.000,2000-01-01 01:09:07,2,run/data/admin/debug.log,4586
395,396,m1,12,9.667,10.000,+0.333,5.000,2000-01-01 01:09:01,3,run/data/m1/debug.log,46002
395,396,m2,12,9.667,10.000,+0.333,5.000,2000-01-01 01:09:00,3,run/data/m2/debug.log,27036
395,396,m3,12,9.667,10.000,+0.333,5.000,2000-01-01 01:09:01,3,run/data/m3/debug.log,9787
396,397,admin,12,9.667,10.000,+0.333,5.000,2000-01-01 01:09:22,5,run/data/admin/debug.log,4600
396,397,m1,12,9.667,10.000,+0.333,5.000,2000-01-01 01:09:07,6,run/data/m1/debug.log,46017
396,397,m2,12,9.667,10.000,+0.333,5.000,2000-01-01 01:09:07,6,run/data/m2/debug.log,27474
396,397,m3,12,9.667,10.000,+0.333,5.000,2000-01-01 01:09:07,6,run/data/m3/debug.log,9802
397,398,admin,12,9.917,10.000,+0.083,5.000,2000-01-01 01:09:34,2,run/data/admin/debug.log,4630
397,398,m1,12,9.917,10.000,+0.083,5.000,2000-01-01 01:09:22,3,run/data/m1/debug.log,46134
397,398,m2,12,9.833,10.000,+0.167,5.000,2000-01-01 01:09:21,3,run/data/m2/debug.log,27630
397,398,m3,12,9.833,10.000,+0.167,5.000,2000-01-01 01:09:22,3,run/data/m3/debug.log,9817
398,399,admin,12,10.333,10.000,-0.333,5.000,2000-01-01 01:09:40,2,run/data/admin/debug.log,4648
398,399,m1,12,10.333,10.000,-0.333,5.000,2000-01-01 01:09:34,3,run/data/m1/debug.log,46807
398,399,m2,12,10.333,10.000,-0.333,5.000,2000-01-01 01:09:34,3,run/data/m2/debug.log,27665
398,399,m3,12,10.333,10.000,-0.333,5.000,2000-01-01 01:09:35,3,run/data/m3/debug.log,9852
399,400,admin,12,9.833,10.000,+0.167,5.000,2000-01-01 01:09:54,2,run/data/admin/debug.log,4662
399,400,m1,12,9.833,10.000,+0.167,5.000,2000-01-01 01:09:40,3,run/data/m1/debug.log,46822
399,400,m2,12,9.833,10.000,+0.167,5.000,2000-01-01 01:09:40,3,run/data/m2/debug.log,27759
399,400,m3,12,9.833,10.000,+0.167,5.000,2000-01-01 01:09:40,3,run/data/m3/debug.log,9867
400,401,admin,12,9.833,10.000,+0.167,5.000,2000-01-01 01:10:01,2,run/data/admin/debug.log,4679
400,401,m1,12,9.833,10.000,+0.167,5.000,2000-01-01 01:09:54,3,run/data/m1/debug.log,46884
400,401,m2,12,9.833,10.000,+0.167,5.000,2000-01-01 01:09:54,3,run/data/m2/debug.log,27774
400,401,m3,12,9.833,10.000,+0.167,5.000,2000-01-01 01:09:55,3,run/data/m3/debug.log,9882
401,402,admin,12,9.667,10.000,+0.333,5.000,2000-01-01 01:10:09,2,run/data/admin/debug.log,4693
401,402,m1,12,9.667,10.000,+0.333,5.000,2000-01-01 01:10:00,3,run/data/m1/debug.log,48051
401,402,m2,12,9.667,10.000,+0.333,5.000,2000-01-01 01:10:01,3,run/data/m2/debug.log,27790
401,402,m3,12,9.667,10.000,+0.333,5.000,2000-01-01 01:10:01,3,run/data/m3/debug.log,9898
402,403,admin,12,9.917,10.000,+0.083,5.000,2000-01-01 01:10:17,2,run/data/admin/debug.log,4709
402,403,m1,12,9.917,10.000,+0.083,5.000,2000-01-01 01:10:09,3,run/data/m1/debug.log,48316
402,403,m2,12,9.917,10.000,+0.083,5.000,2000-01-01 01:10:10,3,run/data/m2/debug.log,27805
402,403,m3,12,9.917,10.000,+0.083,5.000,2000-01-01 01:10:10,3,run/data/m3/debug.log,9913
403,404,admin,12,9.750,10.000,+0.250,5.000,2000-01-01 01:10:25,2,run/data/admin/debug.log,4723
403,404,m1,12,9.750,10.000,+0.250,5.000,2000-01-01 01:10:17,3,run/data/m1/debug.log,48331
403,404,m2,12,9.750,10.000,+0.250,5.000,2000-01-01 01:10:16,3,run/data/m2/debug.log,27852
403,404,m3,12,9.750,10.000,+0.250,5.000,2000-01-01 01:10:17,3,run/data/m3/debug.log,9928
404,405,admin,12,9.833,10.000,+0.167,5.000,2000-01-01 01:10:32,2,run/data/admin/debug.log,4737
404,405,m1,12,9.833,10.000,+0.167,5.000,2000-01-01 01:10:24,3,run/data/m1/debug.log,48751
404,405,m2,12,9.833,10.000,+0.167,5.000,2000-01-01 01:10:25,3,run/data/m2/debug.log,27867
404,405,m3,12,9.833,10.000,+0.167,5.000,2000-01-01 01:10:26,3,run/data/m3/debug.log,9943
405,406,admin,12,9.500,10.000,+0.500,5.000,2000-01-01 01:10:44,2,run/data/admin/debug.log,4752
405,406,m1,12,9.500,10.000,+0.500,5.000,2000-01-01 01:10:31,3,run/data/m1/debug.log,48845
405,406,m2,12,9.500,10.000,+0.500,5.000,2000-01-01 01:10:32,3,run/data/m2/debug.log,27885
405,406,m3,12,9.500,10.000,+0.500,5.000,2000-01-01 01:10:32,3,run/data/m3/debug.log,9961
406,407,admin,12,9.583,10.000,+0.417,5.000,2000-01-01 01:10:58,2,run/data/admin/debug.log,4766
406,407,m1,12,9.583,10.000,+0.417,5.000,2000-01-01 01:10:43,3,run/data/m1/debug.log,48952
406,407,m2,12,9.583,10.000,+0.417,5.000,2000-01-01 01:10:44,3,run/data/m2/debug.log,27905
406,407,m3,12,9.583,10.000,+0.417,5.000,2000-01-01 01:10:44,3,run/data/m3/debug.log,9981
407,408,admin,12,9.750,10.000,+0.250,5.000,2000-01-01 01:11:13,2,run/data/admin/debug.log,4780
407,408,m1,12,9.750,10.000,+0.250,5.000,2000-01-01 01:10:57,3,run/data/m1/debug.log,48999
407,408,m2,12,9.750,10.000,+0.250,5.000,2000-01-01 01:10:58,3,run/data/m2/debug.log,27920
407,408,m3,12,9.750,10.000,+0.250,5.000,2000-01-01 01:10:59,3,run/data/m3/debug.log,9996
408,409,admin,12,10.500,10.000,-0.500,5.000,2000-01-01 01:11:24,2,run/data/admin/debug.log,4794
408,409,m1,12,10.500,10.000,-0.500,5.000,2000-01-01 01:11:13,3,run/data/m1/debug.log,49484
408,409,m2,12,10.500,10.000,-0.500,5.000,2000-01-01 01:11:13,3,run/data/m2/debug.log,27935
408,409,m3,12,10.500,10.000,-0.500,5.000,2000-01-01 01:11:14,3,run/data/m3/debug.log,10011
409,410,admin,12,10.083,10.000,-0.083,5.000,2000-01-01 01:11:32,2,run/data/admin/debug.log,4808
409,410,m1,12,10.083,10.000,-0.083,5.000,2000-01-01 01:11:24,3,run/data/m1/debug.log,49499
409,410,m2,12,10.083,10.000,-0.083,5.000,2000-01-01 01:11:23,3,run/data/m2/debug.log,27979
409,410,m3,12,10.083,10.000,-0.083,5.000,2000-01-01 01:11:24,3,run/data/m3/debug.log,10026
410,411,admin,12,9.833,10.000,+0.167,5.000,2000-01-01 01:11:40,2,run/data/admin/debug.log,4822
410,411,m1,12,9.833,10.000,+0.167,5.000,2000-01-01 01:11:32,3,run/data/m1/debug.log,49573
410,411,m2,12,9.833,10.000,+0.167,5.000,2000-01-01 01:11:32,3,run/data/m2/debug.log,27994
410,411,m3,12,9.833,10.000,+0.167,5.000,2000-01-01 01:11:33,3,run/data/m3/debug.log,10041
411,412,admin,12,9.917,10.000,+0.083,5.000,2000-01-01 01:11:45,2,run/data/admin/debug.log,4836
411,412,m1,12,9.917,10.000,+0.083,5.000,2000-01-01 01:11:39,3,run/data/m1/debug.log,49595
411,412,m2,12,9.917,10.000,+0.083,5.000,2000-01-01 01:11:40,3,run/data/m2/debug.log,28009
411,412,m3,12,9.917,10.000,+0.083,5.000,2000-01-01 01:11:40,3,run/data/m3/debug.log,10056
412,413,admin,12,9.250,10.000,+0.750,5.000,2000-01-01 01:11:52,2,run/data/admin/debug.log,4850
412,413,m1,12,9.250,10.000,+0.750,5.000,2000-01-01 01:11:45,3,run/data/m1/debug.log,49912
412,413,m2,12,9.250,10.000,+0.750,5.000,2000-01-01 01:11:45,3,run/data/m2/debug.log,28024
412,413,m3,12,9.250,10.000,+0.750,5.000,2000-01-01 01:11:46,3,run/data/m3/debug.log,10071
413,414,admin,12,9.250,10.000,+0.750,5.000,2000-01-01 01:11:59,2,run/data/admin/debug.log,4864
413,414,m1,12,9.250,10.000,+0.750,5.000,2000-01-01 01:11:51,3,run/data/m1/debug.log,50084
413,414,m2,12,9.250,10.000,+0.750,5.000,2000-01-01 01:11:52,3,run/data/m2/debug.log,28039
413,414,m3,12,9.250,10.000,+0.750,5.000,2000-01-01 01:11:52,3,run/data/m3/debug.log,10086
414,415,admin,12,9.167,10.000,+0.833,5.000,2000-01-01 01:12:11,2,run/data/admin/debug.log,4881
414,415,m1,12,9.167,10.000,+0.833,5.000,2000-01-01 01:11:59,3,run/data/m1/debug.log,50796
414,415,m2,12,9.167,10.000,+0.833,5.000,2000-01-01 01:12:00,3,run/data/m2/debug.log,28054
414,415,m3,12,9.167,10.000,+0.833,5.000,2000-01-01 01:12:00,3,run/data/m3/debug.log,10101
415,416,admin,12,9.583,10.000,+0.417,5.000,2000-01-01 01:12:23,2,run/data/admin/debug.log,4895
415,416,m1,12,9.583,10.000,+0.417,5.000,2000-01-01 01:12:11,3,run/data/m1/debug.log,50811
415,416,m2,12,9.583,10.000,+0.417,5.000,2000-01-01 01:12:11,3,run/data/m2/debug.log,28074
415,416,m3,12,9.583,10.000,+0.417,5.000,2000-01-01 01:12:11,3,run/data/m3/debug.log,10116
416,417,admin,12,9.833,10.000,+0.167,5.000,2000-01-01 01:12:30,2,run/data/admin/debug.log,4909
416,417,m1,12,9.833,10.000,+0.167,5.000,2000-01-01 01:12:22,3,run/data/m1/debug.log,50998
416,417,m2,12,9.833,10.000,+0.167,5.000,2000-01-01 01:12:23,3,run/data/m2/debug.log,28089
416,417,m3,12,9.833,10.000,+0.167,5.000,2000-01-01 01:12:23,3,run/data/m3/debug.log,10131
417,418,admin,12,9.833,10.000,+0.167,5.000,2000-01-01 01:12:41,2,run/data/admin/debug.log,4923
417,418,m1,12,9.833,10.000,+0.167,5.000,2000-01-01 01:12:30,3,run/data/m1/debug.log,51013
417,418,m2,12,9.833,10.000,+0.167,5.000,2000-01-01 01:12:29,3,run/data/m2/debug.log,28113
417,418,m3,12,9.833,10.000,+0.167,5.000,2000-01-01 01:12:30,3,run/data/m3/debug.log,10146
418,419,admin,12,9.833,10.000,+0.167,5.000,2000-01-01 01:12:55,2,run/data/admin/debug.log,4937
418,419,m1,12,9.833,10.000,+0.167,5.000,2000-01-01 01:12:41,3,run/data/m1/debug.log,51147
418,419,m2,12,9.833,10.000,+0.167,5.000,2000-01-01 01:12:41,3,run/data/m2/debug.log,28131
418,419,m3,12,9.833,10.000,+0.167,5.000,2000-01-01 01:12:42,3,run/data/m3/debug.log,10164
419,420,admin,12,9.750,10.000,+0.250,5.000,2000-01-01 01:13:09,2,run/data/admin/debug.log,4951
419,420,m1,12,9.750,10.000,+0.250,5.000,2000-01-01 01:12:54,3,run/data/m1/debug.log,51369
419,420,m2,12,9.750,10.000,+0.250,5.000,2000-01-01 01:12:55,3,run/data/m2/debug.log,28146
419,420,m3,12,9.750,10.000,+0.250,5.000,2000-01-01 01:12:55,3,run/data/m3/debug.log,10179
420,421,admin,12,9.583,10.000,+0.417,5.000,2000-01-01 01:13:23,2,run/data/admin/debug.log,4965
420,421,m1,12,9.583,10.000,+0.417,5.000,2000-01-01 01:13:08,3,run/data/m1/debug.log,51674
420,421,m2,12,9.583,10.000,+0.417,5.000,2000-01-01 01:13:09,3,run/data/m2/debug.log,28161
420,421,m3,12,9.583,10.000,+0.417,5.000,2000-01-01 01:13:09,3,run/data/m3/debug.log,10194
421,422,admin,12,10.000,10.000,+0.000,5.000,2000-01-01 01:13:33,2,run/data/admin/debug.log,4979
421,422,m1,12,10.000,10.000,+0.000,5.000,2000-01-01 01:13:23,3,run/data/m1/debug.log,51883
421,422,m2,12,10.000,10.000,+0.000,5.000,2000-01-01 01:13:23,3,run/data/m2/debug.log,28176
421,422,m3,12,10.000,10.000,+0.000,5.000,2000-01-01 01:13:24,3,run/data/m3/debug.log,10209
422,423,admin,12,10.083,10.000,-0.083,5.000,2000-01-01 01:13:47,2,run/data/admin/debug.log,4993
422,423,m1,12,10.083,10.000,-0.083,5.000,2000-01-01 01:13:33,3,run/data/m1/debug.log,52963
422,423,m2,12,10.083,10.000,-0.083,5.000,2000-01-01 01:13:33,3,run/data/m2/debug.log,28191
422,423,m3,12,10.083,10.000,-0.083,5.000,2000-01-01 01:13:34,3,run/data/m3/debug.log,10224
423,424,admin,12,10.667,10.000,-0.667,5.000,2000-01-01 01:13:58,2,run/data/admin/debug.log,5007
423,424,m1,12,10.667,10.000,-0.667,5.000,2000-01-01 01:13:47,3,run/data/m1/debug.log,53773
423,424,m2,12,10.667,10.000,-0.667,5.000,2000-01-01 01:13:47,3,run/data/m2/debug.log,28206
423,424,m3,12,10.667,10.000,-0.667,5.000,2000-01-01 01:13:48,3,run/data/m3/debug.log,10239
424,425,admin,12,11.083,10.000,-1.083,5.000,2000-01-01 01:14:09,2,run/data/admin/debug.log,5024
424,425,m1,12,11.083,10.000,-1.083,5.000,2000-01-01 01:13:58,3,run/data/m1/debug.log,53811
424,425,m2,12,11.083,10.000,-1.083,5.000,2000-01-01 01:13:58,3,run/data/m2/debug.log,28221
424,425,m3,12,11.083,10.000,-1.083,5.000,2000-01-01 01:13:59,3,run/data/m3/debug.log,10254
425,426,admin,12,11.500,10.000,-1.500,5.000,2000-01-01 01:14:17,2,run/data/admin/debug.log,5038
425,426,m1,12,11.500,10.000,-1.500,5.000,2000-01-01 01:14:09,3,run/data/m1/debug.log,54547
425,426,m2,12,11.500,10.000,-1.500,5.000,2000-01-01 01:14:09,3,run/data/m2/debug.log,28236
425,426,m3,12,11.500,10.000,-1.500,5.000,2000-01-01 01:14:10,3,run/data/m3/debug.log,10269
426,427,admin,12,11.500,10.000,-1.500,5.000,2000-01-01 01:14:23,2,run/data/admin/debug.log,5052
426,427,m1,12,11.500,10.000,-1.500,5.000,2000-01-01 01:14:18,3,run/data/m1/debug.log,54562
426,427,m2,12,11.500,10.000,-1.500,5.000,2000-01-01 01:14:17,3,run/data/m2/debug.log,28747
426,427,m3,12,11.500,10.000,-1.500,5.000,2000-01-01 01:14:18,3,run/data/m3/debug.log,10284
427,428,admin,12,11.000,10.000,-1.000,5.000,2000-01-01 01:14:38,5,run/data/admin/debug.log,5066
427,428,m1,12,11.000,10.000,-1.000,5.000,2000-01-01 01:14:23,6,run/data/m1/debug.log,54577
427,428,m2,12,11.000,10.000,-1.000,5.000,2000-01-01 01:14:23,6,run/data/m2/debug.log,29110
427,428,m3,12,11.000,10.000,-1.000,5.000,2000-01-01 01:14:23,6,run/data/m3/debug.log,10299
428,429,admin,12,11.333,10.000,-1.333,5.000,2000-01-01 01:14:50,2,run/data/admin/debug.log,5096
428,429,m1,12,11.333,10.000,-1.333,5.000,2000-01-01 01:14:38,3,run/data/m1/debug.log,54697
428,429,m2,12,11.333,10.000,-1.333,5.000,2000-01-01 01:14:38,3,run/data/m2/debug.log,29297
428,429,m3,12,11.333,10.000,-1.333,5.000,2000-01-01 01:14:39,3,run/data/m3/debug.log,10333
429,430,admin,12,11.750,10.000,-1.750,5.000,2000-01-01 01:14:56,2,run/data/admin/debug.log,5110
429,430,m1,12,11.750,10.000,-1.750,5.000,2000-01-01 01:14:50,3,run/data/m1/debug.log,54734
429,430,m2,12,11.750,10.000,-1.750,5.000,2000-01-01 01:14:50,3,run/data/m2/debug.log,29331
429,430,m3,12,11.750,10.000,-1.750,5.000,2000-01-01 01:14:51,3,run/data/m3/debug.log,10348
430,431,admin,12,11.250,10.000,-1.250,5.000,2000-01-01 01:15:05,2,run/data/admin/debug.log,5124
430,431,m1,12,11.250,10.000,-1.250,5.000,2000-01-01 01:14:56,3,run/data/m1/debug.log,54749
430,431,m2,12,11.250,10.000,-1.250,5.000,2000-01-01 01:14:56,3,run/data/m2/debug.log,29458
430,431,m3,12,11.250,10.000,-1.250,5.000,2000-01-01 01:14:56,3,run/data/m3/debug.log,10363
431,432,admin,12,10.917,10.000,-0.917,5.000,2000-01-01 01:15:18,2,run/data/admin/debug.log,5138
431,432,m1,12,10.917,10.000,-0.917,5.000,2000-01-01 01:15:05,3,run/data/m1/debug.log,54840
431,432,m2,12,10.917,10.000,-0.917,5.000,2000-01-01 01:15:06,3,run/data/m2/debug.log,29473
431,432,m3,12,10.917,10.000,-0.917,5.000,2000-01-01 01:15:06,3,run/data/m3/debug.log,10378
432,433,admin,12,10.750,10.000,-0.750,5.000,2000-01-01 01:15:32,2,run/data/admin/debug.log,5152
432,433,m1,12,10.750,10.000,-0.750,5.000,2000-01-01 01:15:17,3,run/data/m1/debug.log,54890
432,433,m2,12,10.750,10.000,-0.750,5.000,2000-01-01 01:15:18,3,run/data/m2/debug.log,29488
432,433,m3,12,10.750,10.000,-0.750,5.000,2000-01-01 01:15:18,3,run/data/m3/debug.log,10393
433,434,admin,12,10.750,10.000,-0.750,5.000,2000-01-01 01:15:41,2,run/data/admin/debug.log,5166
433,434,m1,12,10.750,10.000,-0.750,5.000,2000-01-01 01:15:32,3,run/data/m1/debug.log,55242
433,434,m2,12,10.750,10.000,-0.750,5.000,2000-01-01 01:15:32,3,run/data/m2/debug.log,29503
433,434,m3,12,10.750,10.000,-0.750,5.000,2000-01-01 01:15:32,3,run/data/m3/debug.log,10408
434,435,admin,12,10.583,10.000,-0.583,5.000,2000-01-01 01:15:49,2,run/data/admin/debug.log,5180
434,435,m1,12,10.583,10.000,-0.583,5.000,2000-01-01 01:15:40,3,run/data/m1/debug.log,55682
434,435,m2,12,10.583,10.000,-0.583,5.000,2000-01-01 01:15:41,3,run/data/m2/debug.log,29518
434,435,m3,12,10.583,10.000,-0.583,5.000,2000-01-01 01:15:41,3,run/data/m3/debug.log,10423
435,436,admin,12,10.167,10.000,-0.167,5.000,2000-01-01 01:16:03,2,run/data/admin/debug.log,5197
435,436,m1,12,10.167,10.000,-0.167,5.000,2000-01-01 01:15:49,3,run/data/m1/debug.log,55801
435,436,m2,12,10.167,10.000,-0.167,5.000,2000-01-01 01:15:50,3,run/data/m2/debug.log,29533
435,436,m3,12,10.167,10.000,-0.167,5.000,2000-01-01 01:15:50,3,run/data/m3/debug.log,10438
436,437,admin,12,10.333,10.000,-0.333,5.000,2000-01-01 01:16:09,2,run/data/admin/debug.log,5211
436,437,m1,12,10.333,10.000,-0.333,5.000,2000-01-01 01:16:02,3,run/data/m1/debug.log,57362
436,437,m2,12,10.333,10.000,-0.333,5.000,2000-01-01 01:16:03,3,run/data/m2/debug.log,29548
436,437,m3,12,10.333,10.000,-0.333,5.000,2000-01-01 01:16:03,3,run/data/m3/debug.log,10453
437,438,admin,12,10.000,10.000,+0.000,5.000,2000-01-01 01:16:20,2,run/data/admin/debug.log,5225
437,438,m1,12,10.000,10.000,+0.000,5.000,2000-01-01 01:16:09,3,run/data/m1/debug.log,57509
437,438,m2,12,10.000,10.000,+0.000,5.000,2000-01-01 01:16:09,3,run/data/m2/debug.log,29563
437,438,m3,12,10.000,10.000,+0.000,5.000,2000-01-01 01:16:10,3,run/data/m3/debug.log,10468
438,439,admin,12,10.250,10.000,-0.250,5.000,2000-01-01 01:16:29,2,run/data/admin/debug.log,5239
438,439,m1,12,10.250,10.000,-0.250,5.000,2000-01-01 01:16:20,3,run/data/m1/debug.log,57712
438,439,m2,12,10.250,10.000,-0.250,5.000,2000-01-01 01:16:20,3,run/data/m2/debug.log,29578
438,439,m3,12,10.250,10.000,-0.250,5.000,2000-01-01 01:16:21,3,run/data/m3/debug.log,10483
439,440,admin,12,10.500,10.000,-0.500,5.000,2000-01-01 01:16:37,2,run/data/admin/debug.log,5253
439,440,m1,12,10.500,10.000,-0.500,5.000,2000-01-01 01:16:29,3,run/data/m1/debug.log,57808
439,440,m2,12,10.500,10.000,-0.500,5.000,2000-01-01 01:16:29,3,run/data/m2/debug.log,29593
439,440,m3,12,10.500,10.000,-0.500,5.000,2000-01-01 01:16:30,3,run/data/m3/debug.log,10498
440,441,admin,12,9.833,10.000,+0.167,5.000,2000-01-01 01:16:50,2,run/data/admin/debug.log,5267
440,441,m1,12,9.833,10.000,+0.167,5.000,2000-01-01 01:16:36,3,run/data/m1/debug.log,58046
440,441,m2,12,9.833,10.000,+0.167,5.000,2000-01-01 01:16:37,3,run/data/m2/debug.log,29611
440,441,m3,12,9.833,10.000,+0.167,5.000,2000-01-01 01:16:37,3,run/data/m3/debug.log,10516
441,442,admin,12,10.000,10.000,+0.000,5.000,2000-01-01 01:17:05,2,run/data/admin/debug.log,5281
441,442,m1,12,10.000,10.000,+0.000,5.000,2000-01-01 01:16:51,3,run/data/m1/debug.log,58061
441,442,m2,12,10.000,10.000,+0.000,5.000,2000-01-01 01:16:50,3,run/data/m2/debug.log,29707
441,442,m3,12,10.000,10.000,+0.000,5.000,2000-01-01 01:16:51,3,run/data/m3/debug.log,10531
442,443,admin,12,10.667,10.000,-0.667,5.000,2000-01-01 01:17:13,2,run/data/admin/debug.log,5295
442,443,m1,12,10.667,10.000,-0.667,5.000,2000-01-01 01:17:05,3,run/data/m1/debug.log,58076
442,443,m2,12,10.667,10.000,-0.667,5.000,2000-01-01 01:17:04,3,run/data/m2/debug.log,29939
442,443,m3,12,10.667,10.000,-0.667,5.000,2000-01-01 01:17:05,3,run/data/m3/debug.log,10546
443,444,admin,12,10.667,10.000,-0.667,5.000,2000-01-01 01:17:23,2,run/data/admin/debug.log,5309
443,444,m1,12,10.667,10.000,-0.667,5.000,2000-01-01 01:17:13,3,run/data/m1/debug.log,58386
443,444,m2,12,10.667,10.000,-0.667,5.000,2000-01-01 01:17:14,3,run/data/m2/debug.log,29954
443,444,m3,12,10.667,10.000,-0.667,5.000,2000-01-01 01:17:14,3,run/data/m3/debug.log,10561
444,445,admin,12,10.500,10.000,-0.500,5.000,2000-01-01 01:17:36,2,run/data/admin/debug.log,5323
444,445,m1,12,10.500,10.000,-0.500,5.000,2000-01-01 01:17:23,3,run/data/m1/debug.log,58589
444,445,m2,12,10.500,10.000,-0.500,5.000,2000-01-01 01:17:24,3,run/data/m2/debug.log,29969
444,445,m3,12,10.500,10.000,-0.500,5.000,2000-01-01 01:17:24,3,run/data/m3/debug.log,10576
445,446,admin,12,10.333,10.000,-0.333,5.000,2000-01-01 01:17:46,2,run/data/admin/debug.log,5337
445,446,m1,12,10.333,10.000,-0.333,5.000,2000-01-01 01:17:36,3,run/data/m1/debug.log,59211
445,446,m2,12,10.333,10.000,-0.333,5.000,2000-01-01 01:17:37,3,run/data/m2/debug.log,29984
445,446,m3,12,10.333,10.000,-0.333,5.000,2000-01-01 01:17:37,3,run/data/m3/debug.log,10591
446,447,admin,12,10.500,10.000,-0.500,5.000,2000-01-01 01:17:54,2,run/data/admin/debug.log,5351
446,447,m1,12,10.500,10.000,-0.500,5.000,2000-01-01 01:17:46,3,run/data/m1/debug.log,59518
446,447,m2,12,10.500,10.000,-0.500,5.000,2000-01-01 01:17:47,3,run/data/m2/debug.log,29999
446,447,m3,12,10.500,10.000,-0.500,5.000,2000-01-01 01:17:47,3,run/data/m3/debug.log,10606
447,448,admin,12,10.417,10.000,-0.417,5.000,2000-01-01 01:18:03,2,run/data/admin/debug.log,5368
447,448,m1,12,10.417,10.000,-0.417,5.000,2000-01-01 01:17:54,3,run/data/m1/debug.log,59536
447,448,m2,12,10.417,10.000,-0.417,5.000,2000-01-01 01:17:55,3,run/data/m2/debug.log,30014
447,448,m3,12,10.417,10.000,-0.417,5.000,2000-01-01 01:17:54,3,run/data/m3/debug.log,10621
448,449,admin,12,10.000,10.000,+0.000,5.000,2000-01-01 01:18:15,2,run/data/admin/debug.log,5382
448,449,m1,12,10.000,10.000,+0.000,5.000,2000-01-01 01:18:02,3,run/data/m1/debug.log,59560
448,449,m2,12,10.000,10.000,+0.000,5.000,2000-01-01 01:18:04,3,run/data/m2/debug.log,30029
448,449,m3,12,10.000,10.000,+0.000,5.000,2000-01-01 01:18:03,3,run/data/m3/debug.log,10636
449,450,admin,12,10.417,10.000,-0.417,5.000,2000-01-01 01:18:30,2,run/data/admin/debug.log,5396
449,450,m1,12,10.417,10.000,-0.417,5.000,2000-01-01 01:18:14,3,run/data/m1/debug.log,59594
449,450,m2,12,10.417,10.000,-0.417,5.000,2000-01-01 01:18:15,3,run/data/m2/debug.log,30044
449,450,m3,12,10.417,10.000,-0.417,5.000,2000-01-01 01:18:15,3,run/data/m3/debug.log,10651
450,451,admin,12,10.833,10.000,-0.833,5.000,2000-01-01 01:18:37,2,run/data/admin/debug.log,5410
450,451,m1,12,10.833,10.000,-0.833,5.000,2000-01-01 01:18:30,3,run/data/m1/debug.log,59636
450,451,m2,12,10.833,10.000,-0.833,5.000,2000-01-01 01:18:30,3,run/data/m2/debug.log,30062
450,451,m3,12,10.833,10.000,-0.833,5.000,2000-01-01 01:18:31,3,run/data/m3/debug.log,10669
451,452,admin,12,10.583,10.000,-0.583,5.000,2000-01-01 01:18:47,2,run/data/admin/debug.log,5424
451,452,m1,12,10.583,10.000,-0.583,5.000,2000-01-01 01:18:36,3,run/data/m1/debug.log,59730
451,452,m2,12,10.583,10.000,-0.583,5.000,2000-01-01 01:18:38,3,run/data/m2/debug.log,30077
451,452,m3,12,10.583,10.000,-0.583,5.000,2000-01-01 01:18:37,3,run/data/m3/debug.log,10684
452,453,admin,12,10.833,10.000,-0.833,5.000,2000-01-01 01:18:53,2,run/data/admin/debug.log,5438
452,453,m1,12,10.833,10.000,-0.833,5.000,2000-01-01 01:18:46,3,run/data/m1/debug.log,59783
452,453,m2,12,10.833,10.000,-0.833,5.000,2000-01-01 01:18:47,3,run/data/m2/debug.log,30092
452,453,m3,12,10.833,10.000,-0.833,5.000,2000-01-01 01:18:47,3,run/data/m3/debug.log,10699
453,454,admin,12,10.250,10.000,-0.250,5.000,2000-01-01 01:19:00,2,run/data/admin/debug.log,5452
453,454,m1,12,10.250,10.000,-0.250,5.000,2000-01-01 01:18:53,3,run/data/m1/debug.log,59857
453,454,m2,12,10.250,10.000,-0.250,5.000,2000-01-01 01:18:54,3,run/data/m2/debug.log,30107
453,454,m3,12,10.250,10.000,-0.250,5.000,2000-01-01 01:18:54,3,run/data/m3/debug.log,10714
454,455,admin,12,9.667,10.000,+0.333,5.000,2000-01-01 01:19:15,2,run/data/admin/debug.log,5466
454,455,m1,12,9.667,10.000,+0.333,5.000,2000-01-01 01:19:00,3,run/data/m1/debug.log,59882
454,455,m2,12,9.667,10.000,+0.333,5.000,2000-01-01 01:19:01,3,run/data/m2/debug.log,30122
454,455,m3,12,9.667,10.000,+0.333,5.000,2000-01-01 01:19:00,3,run/data/m3/debug.log,10729
455,456,admin,12,10.167,10.000,-0.167,5.000,2000-01-01 01:19:24,2,run/data/admin/debug.log,5480
455,456,m1,12,10.167,10.000,-0.167,5.000,2000-01-01 01:19:15,3,run/data/m1/debug.log,59903
455,456,m2,12,10.167,10.000,-0.167,5.000,2000-01-01 01:19:16,3,run/data/m2/debug.log,30137
455,456,m3,12,10.167,10.000,-0.167,5.000,2000-01-01 01:19:16,3,run/data/m3/debug.log,10744
456,457,admin,12,10.083,10.000,-0.083,5.000,2000-01-01 01:19:33,2,run/data/admin/debug.log,5494
456,457,m1,12,10.083,10.000,-0.083,5.000,2000-01-01 01:19:24,3,run/data/m1/debug.log,60021
456,457,m2,12,10.083,10.000,-0.083,5.000,2000-01-01 01:19:25,3,run/data/m2/debug.log,30152
456,457,m3,12,10.083,10.000,-0.083,5.000,2000-01-01 01:19:25,3,run/data/m3/debug.log,10759
457,458,admin,12,9.750,10.000,+0.250,5.000,2000-01-01 01:19:44,2,run/data/admin/debug.log,5508
457,458,m1,12,9.750,10.000,+0.250,5.000,2000-01-01 01:19:33,3,run/data/m1/debug.log,60233
457,458,m2,12,9.750,10.000,+0.250,5.000,2000-01-01 01:19:34,3,run/data/m2/debug.log,30167
457,458,m3,12,9.750,10.000,+0.250,5.000,2000-01-01 01:19:33,3,run/data/m3/debug.log,10774
458,459,admin,12,9.833,10.000,+0.167,5.000,2000-01-01 01:19:58,2,run/data/admin/debug.log,5522
458,459,m1,12,9.833,10.000,+0.167,5.000,2000-01-01 01:19:45,3,run/data/m1/debug.log,60248
458,459,m2,12,9.833,10.000,+0.167,5.000,2000-01-01 01:19:44,3,run/data/m2/debug.log,30233
458,459,m3,12,9.833,10.000,+0.167,5.000,2000-01-01 01:19:44,3,run/data/m3/debug.log,10789
459,460,admin,12,10.333,10.000,-0.333,5.000,2000-01-01 01:20:10,2,run/data/admin/debug.log,5539
459,460,m1,12,10.333,10.000,-0.333,5.000,2000-01-01 01:19:58,3,run/data/m1/debug.log,60272
459,460,m2,12,10.333,10.000,-0.333,5.000,2000-01-01 01:19:59,3,run/data/m2/debug.log,30248
459,460,m3,12,10.333,10.000,-0.333,5.000,2000-01-01 01:19:59,3,run/data/m3/debug.log,10804
460,461,admin,12,10.667,10.000,-0.667,5.000,2000-01-01 01:20:25,2,run/data/admin/debug.log,5553
460,461,m1,12,10.667,10.000,-0.667,5.000,2000-01-01 01:20:10,3,run/data/m1/debug.log,60543
460,461,m2,12,10.667,10.000,-0.667,5.000,2000-01-01 01:20:11,3,run/data/m2/debug.log,30263
460,461,m3,12,10.667,10.000,-0.667,5.000,2000-01-01 01:20:11,3,run/data/m3/debug.log,10819
461,462,admin,12,10.833,10.000,-0.833,5.000,2000-01-01 01:20:35,2,run/data/admin/debug.log,5567
461,462,m1,12,10.833,10.000,-0.833,5.000,2000-01-01 01:20:24,3,run/data/m1/debug.log,60690
461,462,m2,12,10.833,10.000,-0.833,5.000,2000-01-01 01:20:26,3,run/data/m2/debug.log,30278
461,462,m3,12,10.833,10.000,-0.833,5.000,2000-01-01 01:20:25,3,run/data/m3/debug.log,10834
462,463,admin,12,10.333,10.000,-0.333,5.000,2000-01-01 01:20:43,2,run/data/admin/debug.log,5581
462,463,m1,12,10.333,10.000,-0.333,5.000,2000-01-01 01:20:34,3,run/data/m1/debug.log,61392
462,463,m2,12,10.333,10.000,-0.333,5.000,2000-01-01 01:20:36,3,run/data/m2/debug.log,30296
462,463,m3,12,10.333,10.000,-0.333,5.000,2000-01-01 01:20:35,3,run/data/m3/debug.log,10852
463,464,admin,12,10.583,10.000,-0.583,5.000,2000-01-01 01:20:50,2,run/data/admin/debug.log,5595
463,464,m1,12,10.583,10.000,-0.583,5.000,2000-01-01 01:20:43,3,run/data/m1/debug.log,61412
463,464,m2,12,10.583,10.000,-0.583,5.000,2000-01-01 01:20:44,3,run/data/m2/debug.log,30311
463,464,m3,12,10.583,10.000,-0.583,5.000,2000-01-01 01:20:44,3,run/data/m3/debug.log,10867
464,465,admin,12,10.333,10.000,-0.333,5.000,2000-01-01 01:21:05,2,run/data/admin/debug.log,5609
464,465,m1,12,10.333,10.000,-0.333,5.000,2000-01-01 01:20:50,3,run/data/m1/debug.log,61448
464,465,m2,12,10.333,10.000,-0.333,5.000,2000-01-01 01:20:51,3,run/data/m2/debug.log,30326
464,465,m3,12,10.333,10.000,-0.333,5.000,2000-01-01 01:20:50,3,run/data/m3/debug.log,10882
465,466,admin,12,11.000,10.000,-1.000,5.000,2000-01-01 01:21:12,2,run/data/admin/debug.log,5623
465,466,m1,12,11.000,10.000,-1.000,5.000,2000-01-01 01:21:05,3,run/data/m1/debug.log,61696
465,466,m2,12,11.000,10.000,-1.000,5.000,2000-01-01 01:21:06,3,run/data/m2/debug.log,30341
465,466,m3,12,11.000,10.000,-1.000,5.000,2000-01-01 01:21:06,3,run/data/m3/debug.log,10897
466,467,admin,12,11.000,10.000,-1.000,5.000,2000-01-01 01:21:28,2,run/data/admin/debug.log,5637
466,467,m1,12,11.000,10.000,-1.000,5.000,2000-01-01 01:21:12,3,run/data/m1/debug.log,61829
466,467,m2,12,11.000,10.000,-1.000,5.000,2000-01-01 01:21:13,3,run/data/m2/debug.log,30356
466,467,m3,12,11.000,10.000,-1.000,5.000,2000-01-01 01:21:12,3,run/data/m3/debug.log,10912
467,468,admin,12,11.000,10.000,-1.000,5.000,2000-01-01 01:21:42,2,run/data/admin/debug.log,5651
467,468,m1,12,11.000,10.000,-1.000,5.000,2000-01-01 01:21:27,3,run/data/m1/debug.log,61868
467,468,m2,12,11.000,10.000,-1.000,5.000,2000-01-01 01:21:27,3,run/data/m2/debug.log,30371
467,468,m3,12,11.000,10.000,-1.000,5.000,2000-01-01 01:21:28,3,run/data/m3/debug.log,10927
468,469,admin,12,11.417,10.000,-1.417,5.000,2000-01-01 01:21:52,2,run/data/admin/debug.log,5665
468,469,m1,12,11.417,10.000,-1.417,5.000,2000-01-01 01:21:41,3,run/data/m1/debug.log,62038
468,469,m2,12,11.417,10.000,-1.417,5.000,2000-01-01 01:21:43,3,run/data/m2/debug.log,30386
468,469,m3,12,11.417,10.000,-1.417,5.000,2000-01-01 01:21:42,3,run/data/m3/debug.log,10942
469,470,admin,12,11.500,10.000,-1.500,5.000,2000-01-01 01:21:57,2,run/data/admin/debug.log,5679
469,470,m1,12,11.500,10.000,-1.500,5.000,2000-01-01 01:21:51,3,run/data/m1/debug.log,62242
469,470,m2,12,11.500,10.000,-1.500,5.000,2000-01-01 01:21:53,3,run/data/m2/debug.log,30401
469,470,m3,12,11.500,10.000,-1.500,5.000,2000-01-01 01:21:52,3,run/data/m3/debug.log,10957
470,471,admin,12,11.083,10.000,-1.083,5.000,2000-01-01 01:22:11,2,run/data/admin/debug.log,5696
470,471,m1,12,11.083,10.000,-1.083,5.000,2000-01-01 01:21:57,3,run/data/m1/debug.log,62894
470,471,m2,12,11.083,10.000,-1.083,5.000,2000-01-01 01:21:58,3,run/data/m2/debug.log,30416
470,471,m3,12,11.083,10.000,-1.083,5.000,2000-01-01 01:21:58,3,run/data/m3/debug.log,10972
471,472,admin,12,11.083,10.000,-1.083,5.000,2000-01-01 01:22:25,2,run/data/admin/debug.log,5710
471,472,m1,12,11.083,10.000,-1.083,5.000,2000-01-01 01:22:11,3,run/data/m1/debug.log,63429
471,472,m2,12,11.083,10.000,-1.083,5.000,2000-01-01 01:22:12,3,run/data/m2/debug.log,30431
471,472,m3,12,11.083,10.000,-1.083,5.000,2000-01-01 01:22:12,3,run/data/m3/debug.log,10987
472,473,admin,12,11.167,10.000,-1.167,5.000,2000-01-01 01:22:35,2,run/data/admin/debug.log,5724
472,473,m1,12,11.167,10.000,-1.167,5.000,2000-01-01 01:22:24,3,run/data/m1/debug.log,63727
472,473,m2,12,11.167,10.000,-1.167,5.000,2000-01-01 01:22:26,3,run/data/m2/debug.log,30446
472,473,m3,12,11.167,10.000,-1.167,5.000,2000-01-01 01:22:25,3,run/data/m3/debug.log,11002
473,474,admin,12,10.833,10.000,-0.833,5.000,2000-01-01 01:22:42,2,run/data/admin/debug.log,5738
473,474,m1,12,10.833,10.000,-0.833,5.000,2000-01-01 01:22:34,3,run/data/m1/debug.log,64407
473,474,m2,12,10.833,10.000,-0.833,5.000,2000-01-01 01:22:35,3,run/data/m2/debug.log,30464
473,474,m3,12,10.833,10.000,-0.833,5.000,2000-01-01 01:22:35,3,run/data/m3/debug.log,11020
474,475,admin,12,10.667,10.000,-0.667,5.000,2000-01-01 01:22:52,2,run/data/admin/debug.log,5752
474,475,m1,12,10.667,10.000,-0.667,5.000,2000-01-01 01:22:42,3,run/data/m1/debug.log,64509
474,475,m2,12,10.667,10.000,-0.667,5.000,2000-01-01 01:22:43,3,run/data/m2/debug.log,30479
474,475,m3,12,10.667,10.000,-0.667,5.000,2000-01-01 01:22:43,3,run/data/m3/debug.log,11035
475,476,admin,12,10.750,10.000,-0.750,5.000,2000-01-01 01:23:00,2,run/data/admin/debug.log,5766
475,476,m1,12,10.750,10.000,-0.750,5.000,2000-01-01 01:22:53,3,run/data/m1/debug.log,64524
475,476,m2,12,10.750,10.000,-0.750,5.000,2000-01-01 01:22:52,3,run/data/m2/debug.log,30628
475,476,m3,12,10.750,10.000,-0.750,5.000,2000-01-01 01:22:53,3,run/data/m3/debug.log,11050
476,477,admin,12,10.833,10.000,-0.833,5.000,2000-01-01 01:23:06,2,run/data/admin/debug.log,5780
476,477,m1,12,10.833,10.000,-0.833,5.000,2000-01-01 01:23:01,3,run/data/m1/debug.log,64539
476,477,m2,12,10.833,10.000,-0.833,5.000,2000-01-01 01:23:00,3,run/data/m2/debug.log,30811
476,477,m3,12,10.833,10.000,-0.833,5.000,2000-01-01 01:23:00,3,run/data/m3/debug.log,11065
477,478,admin,12,10.000,10.000,+0.000,5.000,2000-01-01 01:23:14,2,run/data/admin/debug.log,5794
477,478,m1,12,10.000,10.000,+0.000,5.000,2000-01-01 01:23:06,3,run/data/m1/debug.log,64554
477,478,m2,12,10.000,10.000,+0.000,5.000,2000-01-01 01:23:05,3,run/data/m2/debug.log,31030
477,478,m3,12,10.000,10.000,+0.000,5.000,2000-01-01 01:23:06,3,run/data/m3/debug.log,11080
478,479,admin,12,10.167,10.000,-0.167,5.000,2000-01-01 01:23:26,2,run/data/admin/debug.log,5808
478,479,m1,12,10.167,10.000,-0.167,5.000,2000-01-01 01:23:14,3,run/data/m1/debug.log,64760
478,479,m2,12,10.167,10.000,-0.167,5.000,2000-01-01 01:23:15,3,run/data/m2/debug.log,31045
478,479,m3,12,10.167,10.000,-0.167,5.000,2000-01-01 01:23:15,3,run/data/m3/debug.log,11095
479,480,admin,12,9.917,10.000,+0.083,5.000,2000-01-01 01:23:32,2,run/data/admin/debug.log,5822
479,480,m1,12,9.917,10.000,+0.083,5.000,2000-01-01 01:23:26,3,run/data/m1/debug.log,64838
479,480,m2,12,9.917,10.000,+0.083,5.000,2000-01-01 01:23:27,3,run/data/m2/debug.log,31060
479,480,m3,12,9.917,10.000,+0.083,5.000,2000-01-01 01:23:27,3,run/data/m3/debug.log,11110
480,481,admin,12,9.167,10.000,+0.833,5.000,2000-01-01 01:23:47,2,run/data/admin/debug.log,5836
480,481,m1,12,9.167,10.000,+0.833,5.000,2000-01-01 01:23:31,3,run/data/m1/debug.log,64914
480,481,m2,12,9.167,10.000,+0.833,5.000,2000-01-01 01:23:33,3,run/data/m2/debug.log,31075
480,481,m3,12,9.167,10.000,+0.833,5.000,2000-01-01 01:23:32,3,run/data/m3/debug.log,11125
481,482,admin,12,9.667,10.000,+0.333,5.000,2000-01-01 01:23:57,2,run/data/admin/debug.log,5850
481,482,m1,12,9.667,10.000,+0.333,5.000,2000-01-01 01:23:47,3,run/data/m1/debug.log,65066
481,482,m2,12,9.667,10.000,+0.333,5.000,2000-01-01 01:23:48,3,run/data/m2/debug.log,31090
481,482,m3,12,9.667,10.000,+0.333,5.000,2000-01-01 01:23:48,3,run/data/m3/debug.log,11140
482,483,admin,12,10.000,10.000,+0.000,5.000,2000-01-01 01:24:10,2,run/data/admin/debug.log,5867
482,483,m1,12,10.000,10.000,+0.000,5.000,2000-01-01 01:23:57,3,run/data/m1/debug.log,65115
482,483,m2,12,10.000,10.000,+0.000,5.000,2000-01-01 01:23:58,3,run/data/m2/debug.log,31105
482,483,m3,12,10.000,10.000,+0.000,5.000,2000-01-01 01:23:57,3,run/data/m3/debug.log,11155
483,484,admin,12,9.917,10.000,+0.083,5.000,2000-01-01 01:24:26,2,run/data/admin/debug.log,5881
483,484,m1,12,9.917,10.000,+0.083,5.000,2000-01-01 01:24:10,3,run/data/m1/debug.log,65240
483,484,m2,12,9.917,10.000,+0.083,5.000,2000-01-01 01:24:11,3,run/data/m2/debug.log,31120
483,484,m3,12,9.917,10.000,+0.083,5.000,2000-01-01 01:24:11,3,run/data/m3/debug.log,11170
484,485,admin,12,10.083,10.000,-0.083,5.000,2000-01-01 01:24:38,2,run/data/admin/debug.log,5895
484,485,m1,12,10.083,10.000,-0.083,5.000,2000-01-01 01:24:25,3,run/data/m1/debug.log,65675
484,485,m2,12,10.083,10.000,-0.083,5.000,2000-01-01 01:24:27,3,run/data/m2/debug.log,31135
484,485,m3,12,10.083,10.000,-0.083,5.000,2000-01-01 01:24:26,3,run/data/m3/debug.log,11185
485,486,admin,12,10.333,10.000,-0.333,5.000,2000-01-01 01:24:45,2,run/data/admin/debug.log,5909
485,486,m1,12,10.333,10.000,-0.333,5.000,2000-01-01 01:24:39,3,run/data/m1/debug.log,65693
485,486,m2,12,10.333,10.000,-0.333,5.000,2000-01-01 01:24:38,3,run/data/m2/debug.log,31581
485,486,m3,12,10.333,10.000,-0.333,5.000,2000-01-01 01:24:39,3,run/data/m3/debug.log,11203
486,487,admin,12,10.167,10.000,-0.167,5.000,2000-01-01 01:24:52,2,run/data/admin/debug.log,5923
486,487,m1,12,10.167,10.000,-0.167,5.000,2000-01-01 01:24:45,3,run/data/m1/debug.log,65708
486,487,m2,12,10.167,10.000,-0.167,5.000,2000-01-01 01:24:44,3,run/data/m2/debug.log,32160
486,487,m3,12,10.167,10.000,-0.167,5.000,2000-01-01 01:24:45,3,run/data/m3/debug.log,11218
487,488,admin,12,10.000,10.000,+0.000,5.000,2000-01-01 01:25:08,5,run/data/admin/debug.log,5937
487,488,m1,12,10.000,10.000,+0.000,5.000,2000-01-01 01:24:52,6,run/data/m1/debug.log,65745
487,488,m2,12,10.000,10.000,+0.000,5.000,2000-01-01 01:24:53,6,run/data/m2/debug.log,32175
487,488,m3,12,10.000,10.000,+0.000,5.000,2000-01-01 01:24:52,6,run/data/m3/debug.log,11233
488,489,admin,12,10.583,10.000,-0.583,5.000,2000-01-01 01:25:13,2,run/data/admin/debug.log,5967
488,489,m1,12,10.583,10.000,-0.583,5.000,2000-01-01 01:25:07,3,run/data/m1/debug.log,65784
488,489,m2,12,10.583,10.000,-0.583,5.000,2000-01-01 01:25:07,3,run/data/m2/debug.log,32318
488,489,m3,12,10.583,10.000,-0.583,5.000,2000-01-01 01:25:08,3,run/data/m3/debug.log,11264
489,490,admin,12,10.667,10.000,-0.667,5.000,2000-01-01 01:25:27,2,run/data/admin/debug.log,5981
489,490,m1,12,10.667,10.000,-0.667,5.000,2000-01-01 01:25:13,3,run/data/m1/debug.log,65934
489,490,m2,12,10.667,10.000,-0.667,5.000,2000-01-01 01:25:14,3,run/data/m2/debug.log,32353
489,490,m3,12,10.667,10.000,-0.667,5.000,2000-01-01 01:25:13,3,run/data/m3/debug.log,11279
490,491,admin,12,11.083,10.000,-1.083,5.000,2000-01-01 01:25:37,2,run/data/admin/debug.log,5995
490,491,m1,12,11.083,10.000,-1.083,5.000,2000-01-01 01:25:27,3,run/data/m1/debug.log,66220
490,491,m2,12,11.083,10.000,-1.083,5.000,2000-01-01 01:25:28,3,run/data/m2/debug.log,32368
490,491,m3,12,11.083,10.000,-1.083,5.000,2000-01-01 01:25:28,3,run/data/m3/debug.log,11294
491,492,admin,12,10.917,10.000,-0.917,5.000,2000-01-01 01:25:53,2,run/data/admin/debug.log,6009
491,492,m1,12,10.917,10.000,-0.917,5.000,2000-01-01 01:25:37,3,run/data/m1/debug.log,66407
491,492,m2,12,10.917,10.000,-0.917,5.000,2000-01-01 01:25:38,3,run/data/m2/debug.log,32383
491,492,m3,12,10.917,10.000,-0.917,5.000,2000-01-01 01:25:38,3,run/data/m3/debug.log,11309
492,493,admin,12,11.750,10.000,-1.750,5.000,2000-01-01 01:26:05,2,run/data/admin/debug.log,6026
492,493,m1,12,11.750,10.000,-1.750,5.000,2000-01-01 01:25:52,3,run/data/m1/debug.log,66706
492,493,m2,12,11.750,10.000,-1.750,5.000,2000-01-01 01:25:54,3,run/data/m2/debug.log,32398
492,493,m3,12,11.750,10.000,-1.750,5.000,2000-01-01 01:25:53,3,run/data/m3/debug.log,11324
493,494,admin,12,11.417,10.000,-1.417,5.000,2000-01-01 01:26:14,2,run/data/admin/debug.log,6040
493,494,m1,12,11.417,10.000,-1.417,5.000,2000-01-01 01:26:04,3,run/data/m1/debug.log,67581
493,494,m2,12,11.417,10.000,-1.417,5.000,2000-01-01 01:26:06,3,run/data/m2/debug.log,32413
493,494,m3,12,11.417,10.000,-1.417,5.000,2000-01-01 01:26:05,3,run/data/m3/debug.log,11339
494,495,admin,12,11.333,10.000,-1.333,5.000,2000-01-01 01:26:23,2,run/data/admin/debug.log,6054
494,495,m1,12,11.333,10.000,-1.333,5.000,2000-01-01 01:26:14,3,run/data/m1/debug.log,67596
494,495,m2,12,11.333,10.000,-1.333,5.000,2000-01-01 01:26:13,3,run/data/m2/debug.log,32793
494,495,m3,12,11.333,10.000,-1.333,5.000,2000-01-01 01:26:15,3,run/data/m3/debug.log,11354
495,496,admin,12,11.000,10.000,-1.000,5.000,2000-01-01 01:26:30,2,run/data/admin/debug.log,6068
495,496,m1,12,11.000,10.000,-1.000,5.000,2000-01-01 01:26:23,3,run/data/m1/debug.log,67611
495,496,m2,12,11.000,10.000,-1.000,5.000,2000-01-01 01:26:22,3,run/data/m2/debug.log,33040
495,496,m3,12,11.000,10.000,-1.000,5.000,2000-01-01 01:26:24,3,run/data/m3/debug.log,11369
496,497,admin,12,10.417,10.000,-0.417,5.000,2000-01-01 01:26:42,5,run/data/admin/debug.log,6082
496,497,m1,12,10.417,10.000,-0.417,5.000,2000-01-01 01:26:30,6,run/data/m1/debug.log,67675
496,497,m2,12,10.417,10.000,-0.417,5.000,2000-01-01 01:26:31,6,run/data/m2/debug.log,33058
496,497,m3,12,10.417,10.000,-0.417,5.000,2000-01-01 01:26:30,6,run/data/m3/debug.log,11387
497,498,admin,12,10.333,10.000,-0.333,5.000,2000-01-01 01:26:54,2,run/data/admin/debug.log,6112
497,498,m1,12,10.333,10.000,-0.333,5.000,2000-01-01 01:26:42,3,run/data/m1/debug.log,67765
497,498,m2,12,10.333,10.000,-0.333,5.000,2000-01-01 01:26:42,3,run/data/m2/debug.log,33378
497,498,m3,12,10.333,10.000,-0.333,5.000,2000-01-01 01:26:42,3,run/data/m3/debug.log,11418
498,499,admin,12,10.833,10.000,-0.833,5.000,2000-01-01 01:27:06,2,run/data/admin/debug.log,6130
498,499,m1,12,10.833,10.000,-0.833,5.000,2000-01-01 01:26:54,3,run/data/m1/debug.log,68030
498,499,m2,12,10.833,10.000,-0.833,5.000,2000-01-01 01:26:55,3,run/data/m2/debug.log,33413
498,499,m3,12,10.833,10.000,-0.833,5.000,2000-01-01 01:26:55,3,run/data/m3/debug.log,11433
499,500,admin,12,11.167,10.000,-1.167,5.000,2000-01-01 01:27:21,2,run/data/admin/debug.log,6144
499,500,m1,12,11.167,10.000,-1.167,5.000,2000-01-01 01:27:06,3,run/data/m1/debug.log,68073
499,500,m2,12,11.167,10.000,-1.167,5.000,2000-01-01 01:27:07,3,run/data/m2/debug.log,33428
499,500,m3,12,11.167,10.000,-1.167,5.000,2000-01-01 01:27:07,3,run/data/m3/debug.log,11448
500,501,admin,12,11.083,10.000,-1.083,5.000,2000-01-01 01:27:36,2,run/data/admin/debug.log,6158
500,501,m1,12,11.083,10.000,-1.083,5.000,2000-01-01 01:27:20,3,run/data/m1/debug.log,68192
500,501,m2,12,11.083,10.000,-1.083,5.000,2000-01-01 01:27:22,3,run/data/m2/debug.log,33443
500,501,m3,12,11.083,10.000,-1.083,5.000,2000-01-01 01:27:21,3,run/data/m3/debug.log,11463
501,502,admin,12,11.833,10.000,-1.833,5.000,2000-01-01 01:27:47,2,run/data/admin/debug.log,6172
501,502,m1,12,11.833,10.000,-1.833,5.000,2000-01-01 01:27:36,3,run/data/m1/debug.log,68208
501,502,m2,12,11.833,10.000,-1.833,5.000,2000-01-01 01:27:36,3,run/data/m2/debug.log,33459
501,502,m3,12,11.833,10.000,-1.833,5.000,2000-01-01 01:27:35,3,run/data/m3/debug.log,11705
502,503,admin,12,11.667,10.000,-1.667,5.000,2000-01-01 01:27:58,2,run/data/admin/debug.log,6188
502,503,m1,12,11.667,10.000,-1.667,5.000,2000-01-01 01:27:47,3,run/data/m1/debug.log,68487
502,503,m2,12,11.667,10.000,-1.667,5.000,2000-01-01 01:27:48,3,run/data/m2/debug.log,33474
502,503,m3,12,11.667,10.000,-1.667,5.000,2000-01-01 01:27:47,3,run/data/m3/debug.log,11720
503,504,admin,12,11.750,10.000,-1.750,5.000,2000-01-01 01:28:09,2,run/data/admin/debug.log,6205
503,504,m1,12,11.750,10.000,-1.750,5.000,2000-01-01 01:27:58,3,run/data/m1/debug.log,68587
503,504,m2,12,11.750,10.000,-1.750,5.000,2000-01-01 01:27:59,3,run/data/m2/debug.log,33489
503,504,m3,12,11.750,10.000,-1.750,5.000,2000-01-01 01:27:58,3,run/data/m3/debug.log,11735
504,505,admin,12,11.417,10.000,-1.417,5.000,2000-01-01 01:28:20,2,run/data/admin/debug.log,6219
504,505,m1,12,11.417,10.000,-1.417,5.000,2000-01-01 01:28:09,3,run/data/m1/debug.log,68670
504,505,m2,12,11.417,10.000,-1.417,5.000,2000-01-01 01:28:10,3,run/data/m2/debug.log,33504
504,505,m3,12,11.417,10.000,-1.417,5.000,2000-01-01 01:28:09,3,run/data/m3/debug.log,11750
505,506,admin,12,11.333,10.000,-1.333,5.000,2000-01-01 01:28:33,5,run/data/admin/debug.log,6234
505,506,m1,12,11.333,10.000,-1.333,5.000,2000-01-01 01:28:21,6,run/data/m1/debug.log,68685
505,506,m2,12,11.333,10.000,-1.333,5.000,2000-01-01 01:28:20,6,run/data/m2/debug.log,33900
505,506,m3,12,11.333,10.000,-1.333,5.000,2000-01-01 01:28:20,6,run/data/m3/debug.log,11765
506,507,admin,12,11.667,10.000,-1.667,5.000,2000-01-01 01:28:42,2,run/data/admin/debug.log,6264
506,507,m1,12,11.667,10.000,-1.667,5.000,2000-01-01 01:28:33,3,run/data/m1/debug.log,68883
506,507,m2,12,11.667,10.000,-1.667,5.000,2000-01-01 01:28:33,3,run/data/m2/debug.log,34122
506,507,m3,12,11.667,10.000,-1.667,5.000,2000-01-01 01:28:34,3,run/data/m3/debug.log,11804
507,508,admin,12,11.667,10.000,-1.667,5.000,2000-01-01 01:28:57,5,run/data/admin/debug.log,6278
507,508,m1,12,11.667,10.000,-1.667,5.000,2000-01-01 01:28:43,6,run/data/m1/debug.log,68918
507,508,m2,12,11.667,10.000,-1.667,5.000,2000-01-01 01:28:42,6,run/data/m2/debug.log,34191
507,508,m3,12,11.667,10.000,-1.667,5.000,2000-01-01 01:28:42,6,run/data/m3/debug.log,11823
508,509,admin,12,12.167,10.000,-2.167,5.000,2000-01-01 01:29:04,2,run/data/admin/debug.log,6308
508,509,m1,12,12.167,10.000,-2.167,5.000,2000-01-01 01:28:56,3,run/data/m1/debug.log,68938
508,509,m2,12,12.167,10.000,-2.167,5.000,2000-01-01 01:28:56,3,run/data/m2/debug.log,34295
508,509,m3,12,12.167,10.000,-2.167,5.000,2000-01-01 01:28:57,3,run/data/m3/debug.log,11854
509,510,admin,12,11.833,10.000,-1.833,5.000,2000-01-01 01:29:14,2,run/data/admin/debug.log,6322
509,510,m1,12,11.833,10.000,-1.833,5.000,2000-01-01 01:29:04,3,run/data/m1/debug.log,69151
509,510,m2,12,11.833,10.000,-1.833,5.000,2000-01-01 01:29:05,3,run/data/m2/debug.log,34330
509,510,m3,12,11.833,10.000,-1.833,5.000,2000-01-01 01:29:04,3,run/data/m3/debug.log,11869
510,511,admin,12,11.667,10.000,-1.667,5.000,2000-01-01 01:29:21,2,run/data/admin/debug.log,6336
510,511,m1,12,11.667,10.000,-1.667,5.000,2000-01-01 01:29:14,3,run/data/m1/debug.log,69391
510,511,m2,12,11.667,10.000,-1.667,5.000,2000-01-01 01:29:15,3,run/data/m2/debug.log,34345
510,511,m3,12,11.667,10.000,-1.667,5.000,2000-01-01 01:29:14,3,run/data/m3/debug.log,11884
511,512,admin,12,11.167,10.000,-1.167,5.000,2000-01-01 01:29:32,2,run/data/admin/debug.log,6350
511,512,m1,12,11.167,10.000,-1.167,5.000,2000-01-01 01:29:20,3,run/data/m1/debug.log,69613
511,512,m2,12,11.167,10.000,-1.167,5.000,2000-01-01 01:29:22,3,run/data/m2/debug.log,34360
511,512,m3,12,11.167,10.000,-1.167,5.000,2000-01-01 01:29:21,3,run/data/m3/debug.log,11899
512,513,admin,12,10.917,10.000,-0.917,5.000,2000-01-01 01:29:45,2,run/data/admin/debug.log,6364
512,513,m1,12,10.917,10.000,-0.917,5.000,2000-01-01 01:29:31,3,run/data/m1/debug.log,69638
512,513,m2,12,10.917,10.000,-0.917,5.000,2000-01-01 01:29:33,3,run/data/m2/debug.log,34375
512,513,m3,12,10.917,10.000,-0.917,5.000,2000-01-01 01:29:32,3,run/data/m3/debug.log,11914
513,514,admin,12,10.750,10.000,-0.750,5.000,2000-01-01 01:29:58,2,run/data/admin/debug.log,6378
513,514,m1,12,10.750,10.000,-0.750,5.000,2000-01-01 01:29:44,3,run/data/m1/debug.log,69882
513,514,m2,12,10.750,10.000,-0.750,5.000,2000-01-01 01:29:46,3,run/data/m2/debug.log,34390
513,514,m3,12,10.750,10.000,-0.750,5.000,2000-01-01 01:29:45,3,run/data/m3/debug.log,11929
514,515,admin,12,10.917,10.000,-0.917,5.000,2000-01-01 01:30:14,5,run/data/admin/debug.log,6395
514,515,m1,12,10.917,10.000,-0.917,5.000,2000-01-01 01:29:59,6,run/data/m1/debug.log,69897
514,515,m2,12,10.917,10.000,-0.917,5.000,2000-01-01 01:29:58,6,run/data/m2/debug.log,34702
514,515,m3,12,10.917,10.000,-0.917,5.000,2000-01-01 01:29:58,6,run/data/m3/debug.log,11944
515,516,admin,12,11.250,10.000,-1.250,5.000,2000-01-01 01:30:21,2,run/data/admin/debug.log,6425
515,516,m1,12,11.250,10.000,-1.250,5.000,2000-01-01 01:30:13,3,run/data/m1/debug.log,69988
515,516,m2,12,11.250,10.000,-1.250,5.000,2000-01-01 01:30:13,3,run/data/m2/debug.log,34911
515,516,m3,12,11.250,10.000,-1.250,5.000,2000-01-01 01:30:14,3,run/data/m3/debug.log,11975
516,517,admin,12,11.000,10.000,-1.000,5.000,2000-01-01 01:30:31,2,run/data/admin/debug.log,6439
516,517,m1,12,11.000,10.000,-1.000,5.000,2000-01-01 01:30:21,3,run/data/m1/debug.log,70346
516,517,m2,12,11.000,10.000,-1.000,5.000,2000-01-01 01:30:22,3,run/data/m2/debug.log,34946
516,517,m3,12,11.000,10.000,-1.000,5.000,2000-01-01 01:30:21,3,run/data/m3/debug.log,11990
517,518,admin,12,10.917,10.000,-0.917,5.000,2000-01-01 01:30:44,2,run/data/admin/debug.log,6453
517,518,m1,12,10.917,10.000,-0.917,5.000,2000-01-01 01:30:32,3,run/data/m1/debug.log,70364
517,518,m2,12,10.917,10.000,-0.917,5.000,2000-01-01 01:30:31,3,run/data/m2/debug.log,35308
517,518,m3,12,10.917,10.000,-0.917,5.000,2000-01-01 01:30:31,3,run/data/m3/debug.log,12008
518,519,admin,12,10.917,10.000,-0.917,5.000,2000-01-01 01:30:54,2,run/data/admin/debug.log,6467
518,519,m1,12,10.917,10.000,-0.917,5.000,2000-01-01 01:30:45,3,run/data/m1/debug.log,70379
518,519,m2,12,10.917,10.000,-0.917,5.000,2000-01-01 01:30:44,3,run/data/m2/debug.log,35354
518,519,m3,12,10.917,10.000,-0.917,5.000,2000-01-01 01:30:44,3,run/data/m3/debug.log,12023
519,520,admin,12,11.000,10.000,-1.000,5.000,2000-01-01 01:31:03,2,run/data/admin/debug.log,6481
519,520,m1,12,11.000,10.000,-1.000,5.000,2000-01-01 01:30:55,3,run/data/m1/debug.log,70394
519,520,m2,12,11.000,10.000,-1.000,5.000,2000-01-01 01:30:54,3,run/data/m2/debug.log,35752
519,520,m3,12,11.000,10.000,-1.000,5.000,2000-01-01 01:30:54,3,run/data/m3/debug.log,12038
520,521,admin,12,10.583,10.000,-0.583,5.000,2000-01-01 01:31:18,2,run/data/admin/debug.log,6495
520,521,m1,12,10.583,10.000,-0.583,5.000,2000-01-01 01:31:03,3,run/data/m1/debug.log,70551
520,521,m2,12,10.583,10.000,-0.583,5.000,2000-01-01 01:31:04,3,run/data/m2/debug.log,35767
520,521,m3,12,10.583,10.000,-0.583,5.000,2000-01-01 01:31:03,3,run/data/m3/debug.log,12053
521,522,admin,12,11.167,10.000,-1.167,5.000,2000-01-01 01:31:26,2,run/data/admin/debug.log,6509
521,522,m1,12,11.167,10.000,-1.167,5.000,2000-01-01 01:31:18,3,run/data/m1/debug.log,71771
521,522,m2,12,11.167,10.000,-1.167,5.000,2000-01-01 01:31:19,3,run/data/m2/debug.log,35782
521,522,m3,12,11.167,10.000,-1.167,5.000,2000-01-01 01:31:19,3,run/data/m3/debug.log,12068
522,523,admin,12,11.000,10.000,-1.000,5.000,2000-01-01 01:31:36,2,run/data/admin/debug.log,6523
522,523,m1,12,11.000,10.000,-1.000,5.000,2000-01-01 01:31:26,3,run/data/m1/debug.log,71823
522,523,m2,12,11.000,10.000,-1.000,5.000,2000-01-01 01:31:27,3,run/data/m2/debug.log,35797
522,523,m3,12,11.000,10.000,-1.000,5.000,2000-01-01 01:31:26,3,run/data/m3/debug.log,12083
523,524,admin,12,11.333,10.000,-1.333,5.000,2000-01-01 01:31:48,2,run/data/admin/debug.log,6537
523,524,m1,12,11.333,10.000,-1.333,5.000,2000-01-01 01:31:37,3,run/data/m1/debug.log,71838
523,524,m2,12,11.333,10.000,-1.333,5.000,2000-01-01 01:31:36,3,run/data/m2/debug.log,35944
523,524,m3,12,11.333,10.000,-1.333,5.000,2000-01-01 01:31:36,3,run/data/m3/debug.log,12098
524,525,admin,12,11.417,10.000,-1.417,5.000,2000-01-01 01:31:57,2,run/data/admin/debug.log,6551
524,525,m1,12,11.417,10.000,-1.417,5.000,2000-01-01 01:31:48,3,run/data/m1/debug.log,71967
524,525,m2,12,11.417,10.000,-1.417,5.000,2000-01-01 01:31:49,3,run/data/m2/debug.log,35959
524,525,m3,12,11.417,10.000,-1.417,5.000,2000-01-01 01:31:48,3,run/data/m3/debug.log,12113
525,526,admin,12,11.083,10.000,-1.083,5.000,2000-01-01 01:32:06,2,run/data/admin/debug.log,6568
525,526,m1,12,11.083,10.000,-1.083,5.000,2000-01-01 01:31:57,3,run/data/m1/debug.log,72161
525,526,m2,12,11.083,10.000,-1.083,5.000,2000-01-01 01:31:58,3,run/data/m2/debug.log,35974
525,526,m3,12,11.083,10.000,-1.083,5.000,2000-01-01 01:31:57,3,run/data/m3/debug.log,12128
526,527,admin,12,10.583,10.000,-0.583,5.000,2000-01-01 01:32:19,2,run/data/admin/debug.log,6582
526,527,m1,12,10.583,10.000,-0.583,5.000,2000-01-01 01:32:06,3,run/data/m1/debug.log,72176
526,527,m2,12,10.583,10.000,-0.583,5.000,2000-01-01 01:32:05,3,run/data/m2/debug.log,36053
526,527,m3,12,10.583,10.000,-0.583,5.000,2000-01-01 01:32:07,3,run/data/m3/debug.log,12143
527,528,admin,12,10.500,10.000,-0.500,5.000,2000-01-01 01:32:32,2,run/data/admin/debug.log,6596
527,528,m1,12,10.500,10.000,-0.500,5.000,2000-01-01 01:32:19,3,run/data/m1/debug.log,72446
527,528,m2,12,10.500,10.000,-0.500,5.000,2000-01-01 01:32:20,3,run/data/m2/debug.log,36068
527,528,m3,12,10.500,10.000,-0.500,5.000,2000-01-01 01:32:19,3,run/data/m3/debug.log,12158
528,529,admin,12,10.917,10.000,-0.917,5.000,2000-01-01 01:32:40,2,run/data/admin/debug.log,6610
528,529,m1,12,10.917,10.000,-0.917,5.000,2000-01-01 01:32:32,3,run/data/m1/debug.log,73047
528,529,m2,12,10.917,10.000,-0.917,5.000,2000-01-01 01:32:33,3,run/data/m2/debug.log,36086
528,529,m3,12,10.917,10.000,-0.917,5.000,2000-01-01 01:32:32,3,run/data/m3/debug.log,12176
529,530,admin,12,10.667,10.000,-0.667,5.000,2000-01-01 01:32:48,2,run/data/admin/debug.log,6624
529,530,m1,12,10.667,10.000,-0.667,5.000,2000-01-01 01:32:39,3,run/data/m1/debug.log,73289
529,530,m2,12,10.667,10.000,-0.667,5.000,2000-01-01 01:32:41,3,run/data/m2/debug.log,36101
529,530,m3,12,10.667,10.000,-0.667,5.000,2000-01-01 01:32:40,3,run/data/m3/debug.log,12191
530,531,admin,12,10.250,10.000,-0.250,5.000,2000-01-01 01:32:59,2,run/data/admin/debug.log,6638
530,531,m1,12,10.250,10.000,-0.250,5.000,2000-01-01 01:32:47,3,run/data/m1/debug.log,73968
530,531,m2,12,10.250,10.000,-0.250,5.000,2000-01-01 01:32:48,3,run/data/m2/debug.log,36116
530,531,m3,12,10.250,10.000,-0.250,5.000,2000-01-01 01:32:48,3,run/data/m3/debug.log,12206
531,532,admin,12,10.333,10.000,-0.333,5.000,2000-01-01 01:33:10,2,run/data/admin/debug.log,6652
531,532,m1,12,10.333,10.000,-0.333,5.000,2000-01-01 01:32:59,3,run/data/m1/debug.log,73983
531,532,m2,12,10.333,10.000,-0.333,5.000,2000-01-01 01:32:58,3,run/data/m2/debug.log,36393
531,532,m3,12,10.333,10.000,-0.333,5.000,2000-01-01 01:33:00,3,run/data/m3/debug.log,12221
532,533,admin,12,10.500,10.000,-0.500,5.000,2000-01-01 01:33:21,2,run/data/admin/debug.log,6666
532,533,m1,12,10.500,10.000,-0.500,5.000,2000-01-01 01:33:10,3,run/data/m1/debug.log,73998
532,533,m2,12,10.500,10.000,-0.500,5.000,2000-01-01 01:33:09,3,run/data/m2/debug.log,36530
532,533,m3,12,10.500,10.000,-0.500,5.000,2000-01-01 01:33:11,3,run/data/m3/debug.log,12236
533,534,admin,12,10.167,10.000,-0.167,5.000,2000-01-01 01:33:31,2,run/data/admin/debug.log,6680
533,534,m1,12,10.167,10.000,-0.167,5.000,2000-01-01 01:33:21,3,run/data/m1/debug.log,74013
533,534,m2,12,10.167,10.000,-0.167,5.000,2000-01-01 01:33:20,3,run/data/m2/debug.log,36670
533,534,m3,12,10.167,10.000,-0.167,5.000,2000-01-01 01:33:21,3,run/data/m3/debug.log,12251
534,535,admin,12,10.333,10.000,-0.333,5.000,2000-01-01 01:33:38,2,run/data/admin/debug.log,6694
534,535,m1,12,10.333,10.000,-0.333,5.000,2000-01-01 01:33:30,3,run/data/m1/debug.log,74093
534,535,m2,12,10.333,10.000,-0.333,5.000,2000-01-01 01:33:31,3,run/data/m2/debug.log,36685
534,535,m3,12,10.333,10.000,-0.333,5.000,2000-01-01 01:33:31,3,run/data/m3/debug.log,12266
535,536,admin,12,10.167,10.000,-0.167,5.000,2000-01-01 01:33:51,5,run/data/admin/debug.log,6708
535,536,m1,12,10.167,10.000,-0.167,5.000,2000-01-01 01:33:38,6,run/data/m1/debug.log,74425
535,536,m2,12,10.167,10.000,-0.167,5.000,2000-01-01 01:33:39,6,run/data/m2/debug.log,36700
535,536,m3,12,10.167,10.000,-0.167,5.000,2000-01-01 01:33:38,6,run/data/m3/debug.log,12281
536,537,admin,12,10.250,10.000,-0.250,5.000,2000-01-01 01:34:03,2,run/data/admin/debug.log,6741
536,537,m1,12,10.250,10.000,-0.250,5.000,2000-01-01 01:33:51,3,run/data/m1/debug.log,74506
536,537,m2,12,10.250,10.000,-0.250,5.000,2000-01-01 01:33:51,3,run/data/m2/debug.log,36782
536,537,m3,12,10.250,10.000,-0.250,5.000,2000-01-01 01:33:51,3,run/data/m3/debug.log,12296
537,538,admin,12,10.500,10.000,-0.500,5.000,2000-01-01 01:34:14,2,run/data/admin/debug.log,6755
537,538,m1,12,10.500,10.000,-0.500,5.000,2000-01-01 01:34:03,3,run/data/m1/debug.log,75001
537,538,m2,12,10.500,10.000,-0.500,5.000,2000-01-01 01:34:04,3,run/data/m2/debug.log,36817
537,538,m3,12,10.500,10.000,-0.500,5.000,2000-01-01 01:34:04,3,run/data/m3/debug.log,12327
538,539,admin,12,10.750,10.000,-0.750,5.000,2000-01-01 01:34:24,2,run/data/admin/debug.log,6769
538,539,m1,12,10.750,10.000,-0.750,5.000,2000-01-01 01:34:14,3,run/data/m1/debug.log,75029
538,539,m2,12,10.750,10.000,-0.750,5.000,2000-01-01 01:34:15,3,run/data/m2/debug.log,36832
538,539,m3,12,10.750,10.000,-0.750,5.000,2000-01-01 01:34:15,3,run/data/m3/debug.log,12342
539,540,admin,12,10.417,10.000,-0.417,5.000,2000-01-01 01:34:37,2,run/data/admin/debug.log,6783
539,540,m1,12,10.417,10.000,-0.417,5.000,2000-01-01 01:34:24,3,run/data/m1/debug.log,75561
539,540,m2,12,10.417,10.000,-0.417,5.000,2000-01-01 01:34:25,3,run/data/m2/debug.log,36847
539,540,m3,12,10.417,10.000,-0.417,5.000,2000-01-01 01:34:24,3,run/data/m3/debug.log,12357
540,541,admin,12,10.333,10.000,-0.333,5.000,2000-01-01 01:34:45,2,run/data/admin/debug.log,6797
540,541,m1,12,10.333,10.000,-0.333,5.000,2000-01-01 01:34:36,3,run/data/m1/debug.log,75855
540,541,m2,12,10.333,10.000,-0.333,5.000,2000-01-01 01:34:37,3,run/data/m2/debug.log,36865
540,541,m3,12,10.333,10.000,-0.333,5.000,2000-01-01 01:34:38,3,run/data/m3/debug.log,12375
541,542,admin,12,10.500,10.000,-0.500,5.000,2000-01-01 01:34:56,2,run/data/admin/debug.log,6811
541,542,m1,12,10.500,10.000,-0.500,5.000,2000-01-01 01:34:45,3,run/data/m1/debug.log,75956
541,542,m2,12,10.500,10.000,-0.500,5.000,2000-01-01 01:34:46,3,run/data/m2/debug.log,36880
541,542,m3,12,10.500,10.000,-0.500,5.000,2000-01-01 01:34:46,3,run/data/m3/debug.log,12390
542,543,admin,12,10.750,10.000,-0.750,5.000,2000-01-01 01:35:06,2,run/data/admin/debug.log,6825
542,543,m1,12,10.750,10.000,-0.750,5.000,2000-01-01 01:34:57,3,run/data/m1/debug.log,75971
542,543,m2,12,10.750,10.000,-0.750,5.000,2000-01-01 01:34:56,3,run/data/m2/debug.log,37232
542,543,m3,12,10.750,10.000,-0.750,5.000,2000-01-01 01:34:57,3,run/data/m3/debug.log,12405
543,544,admin,12,10.667,10.000,-0.667,5.000,2000-01-01 01:35:12,2,run/data/admin/debug.log,6839
543,544,m1,12,10.667,10.000,-0.667,5.000,2000-01-01 01:35:06,3,run/data/m1/debug.log,75990
543,544,m2,12,10.667,10.000,-0.667,5.000,2000-01-01 01:35:07,3,run/data/m2/debug.log,37247
543,544,m3,12,10.667,10.000,-0.667,5.000,2000-01-01 01:35:07,3,run/data/m3/debug.log,12420
544,545,admin,12,10.167,10.000,-0.167,5.000,2000-01-01 01:35:22,2,run/data/admin/debug.log,6853
544,545,m1,12,10.167,10.000,-0.167,5.000,2000-01-01 01:35:11,3,run/data/m1/debug.log,76085
544,545,m2,12,10.167,10.000,-0.167,5.000,2000-01-01 01:35:12,3,run/data/m2/debug.log,37262
544,545,m3,12,10.167,10.000,-0.167,5.000,2000-01-01 01:35:12,3,run/data/m3/debug.log,12435
545,546,admin,12,10.083,10.000,-0.083,5.000,2000-01-01 01:35:33,2,run/data/admin/debug.log,6867
545,546,m1,12,10.083,10.000,-0.083,5.000,2000-01-01 01:35:21,3,run/data/m1/debug.log,76358
545,546,m2,12,10.083,10.000,-0.083,5.000,2000-01-01 01:35:22,3,run/data/m2/debug.log,37277
545,546,m3,12,10.083,10.000,-0.083,5.000,2000-01-01 01:35:23,3,run/data/m3/debug.log,12450
546,547,admin,12,10.167,10.000,-0.167,5.000,2000-01-01 01:35:47,2,run/data/admin/debug.log,6881
546,547,m1,12,10.167,10.000,-0.167,5.000,2000-01-01 01:35:32,3,run/data/m1/debug.log,76894
546,547,m2,12,10.167,10.000,-0.167,5.000,2000-01-01 01:35:33,3,run/data/m2/debug.log,37292
546,547,m3,12,10.167,10.000,-0.167,5.000,2000-01-01 01:35:34,3,run/data/m3/debug.log,12465
547,548,admin,12,10.750,10.000,-0.750,5.000,2000-01-01 01:36:03,5,run/data/admin/debug.log,6898
547,548,m1,12,10.750,10.000,-0.750,5.000,2000-01-01 01:35:47,6,run/data/m1/debug.log,77512
547,548,m2,12,10.750,10.000,-0.750,5.000,2000-01-01 01:35:48,6,run/data/m2/debug.log,37307
547,548,m3,12,10.750,10.000,-0.750,5.000,2000-01-01 01:35:47,6,run/data/m3/debug.log,12480
548,549,admin,12,10.917,10.000,-0.917,5.000,2000-01-01 01:36:14,2,run/data/admin/debug.log,6928
548,549,m1,12,10.917,10.000,-0.917,5.000,2000-01-01 01:36:02,3,run/data/m1/debug.log,78127
548,549,m2,12,10.917,10.000,-0.917,5.000,2000-01-01 01:36:03,3,run/data/m2/debug.log,37338
548,549,m3,12,10.917,10.000,-0.917,5.000,2000-01-01 01:36:02,3,run/data/m3/debug.log,12532
549,550,admin,12,10.917,10.000,-0.917,5.000,2000-01-01 01:36:23,2,run/data/admin/debug.log,6942
549,550,m1,12,10.917,10.000,-0.917,5.000,2000-01-01 01:36:14,3,run/data/m1/debug.log,78599
549,550,m2,12,10.917,10.000,-0.917,5.000,2000-01-01 01:36:15,3,run/data/m2/debug.log,37353
549,550,m3,12,10.917,10.000,-0.917,5.000,2000-01-01 01:36:16,3,run/data/m3/debug.log,12567
550,551,admin,12,10.667,10.000,-0.667,5.000,2000-01-01 01:36:36,2,run/data/admin/debug.log,6956
550,551,m1,12,10.667,10.000,-0.667,5.000,2000-01-01 01:36:23,3,run/data/m1/debug.log,78614
550,551,m2,12,10.667,10.000,-0.667,5.000,2000-01-01 01:36:23,3,run/data/m2/debug.log,37368
550,551,m3,12,10.667,10.000,-0.667,5.000,2000-01-01 01:36:22,3,run/data/m3/debug.log,13015
551,552,admin,12,11.000,10.000,-1.000,5.000,2000-01-01 01:36:52,2,run/data/admin/debug.log,6970
551,552,m1,12,11.000,10.000,-1.000,5.000,2000-01-01 01:36:37,3,run/data/m1/debug.log,78632
551,552,m2,12,11.000,10.000,-1.000,5.000,2000-01-01 01:36:36,3,run/data/m2/debug.log,37471
551,552,m3,12,11.000,10.000,-1.000,5.000,2000-01-01 01:36:36,3,run/data/m3/debug.log,13033
552,553,admin,12,11.333,10.000,-1.333,5.000,2000-01-01 01:37:00,2,run/data/admin/debug.log,6984
552,553,m1,12,11.333,10.000,-1.333,5.000,2000-01-01 01:36:53,3,run/data/m1/debug.log,78647
552,553,m2,12,11.333,10.000,-1.333,5.000,2000-01-01 01:36:52,3,run/data/m2/debug.log,37819
552,553,m3,12,11.333,10.000,-1.333,5.000,2000-01-01 01:36:52,3,run/data/m3/debug.log,13048
553,554,admin,12,11.167,10.000,-1.167,5.000,2000-01-01 01:37:14,5,run/data/admin/debug.log,6998
553,554,m1,12,11.167,10.000,-1.167,5.000,2000-01-01 01:36:59,6,run/data/m1/debug.log,78821
553,554,m2,12,11.167,10.000,-1.167,5.000,2000-01-01 01:37:00,6,run/data/m2/debug.log,37834
553,554,m3,12,11.167,10.000,-1.167,5.000,2000-01-01 01:37:00,6,run/data/m3/debug.log,13063
554,555,admin,12,11.500,10.000,-1.500,5.000,2000-01-01 01:37:26,2,run/data/admin/debug.log,7028
554,555,m1,12,11.500,10.000,-1.500,5.000,2000-01-01 01:37:14,3,run/data/m1/debug.log,78939
554,555,m2,12,11.500,10.000,-1.500,5.000,2000-01-01 01:37:14,3,run/data/m2/debug.log,38094
554,555,m3,12,11.500,10.000,-1.500,5.000,2000-01-01 01:37:14,3,run/data/m3/debug.log,13078
555,556,admin,12,11.667,10.000,-1.667,5.000,2000-01-01 01:37:36,2,run/data/admin/debug.log,7042
555,556,m1,12,11.667,10.000,-1.667,5.000,2000-01-01 01:37:27,3,run/data/m1/debug.log,78974
555,556,m2,12,11.667,10.000,-1.667,5.000,2000-01-01 01:37:26,3,run/data/m2/debug.log,38619
555,556,m3,12,11.667,10.000,-1.667,5.000,2000-01-01 01:37:27,3,run/data/m3/debug.log,13109
556,557,admin,12,12.083,10.000,-2.083,5.000,2000-01-01 01:37:44,2,run/data/admin/debug.log,7056
556,557,m1,12,12.083,10.000,-2.083,5.000,2000-01-01 01:37:37,3,run/data/m1/debug.log,78989
556,557,m2,12,12.083,10.000,-2.083,5.000,2000-01-01 01:37:36,3,run/data/m2/debug.log,39110
556,557,m3,12,12.083,10.000,-2.083,5.000,2000-01-01 01:37:37,3,run/data/m3/debug.log,13124
557,558,admin,12,11.917,10.000,-1.917,5.000,2000-01-01 01:37:59,5,run/data/admin/debug.log,7070
557,558,m1,12,11.917,10.000,-1.917,5.000,2000-01-01 01:37:44,6,run/data/m1/debug.log,79004
557,558,m2,12,11.917,10.000,-1.917,5.000,2000-01-01 01:37:44,6,run/data/m2/debug.log,39125
557,558,m3,12,11.917,10.000,-1.917,5.000,2000-01-01 01:37:44,6,run/data/m3/debug.log,13579
558,559,admin,12,12.250,10.000,-2.250,5.000,2000-01-01 01:38:05,2,run/data/admin/debug.log,7103
558,559,m1,12,12.250,10.000,-2.250,5.000,2000-01-01 01:37:59,3,run/data/m1/debug.log,79230
558,559,m2,12,12.250,10.000,-2.250,5.000,2000-01-01 01:38:00,3,run/data/m2/debug.log,39156
558,559,m3,12,12.250,10.000,-2.250,5.000,2000-01-01 01:37:59,3,run/data/m3/debug.log,13681
559,560,admin,12,11.417,10.000,-1.417,5.000,2000-01-01 01:38:15,2,run/data/admin/debug.log,7117
559,560,m1,12,11.417,10.000,-1.417,5.000,2000-01-01 01:38:04,3,run/data/m1/debug.log,79427
559,560,m2,12,11.417,10.000,-1.417,5.000,2000-01-01 01:38:05,3,run/data/m2/debug.log,39171
559,560,m3,12,11.417,10.000,-1.417,5.000,2000-01-01 01:38:04,3,run/data/m3/debug.log,13716
560,561,admin,12,11.000,10.000,-1.000,5.000,2000-01-01 01:38:25,2,run/data/admin/debug.log,7131
560,561,m1,12,11.000,10.000,-1.000,5.000,2000-01-01 01:38:15,3,run/data/m1/debug.log,79442
560,561,m2,12,11.000,10.000,-1.000,5.000,2000-01-01 01:38:14,3,run/data/m2/debug.log,39243
560,561,m3,12,11.000,10.000,-1.000,5.000,2000-01-01 01:38:15,3,run/data/m3/debug.log,13731
561,562,admin,12,10.917,10.000,-0.917,5.000,2000-01-01 01:38:40,2,run/data/admin/debug.log,7145
561,562,m1,12,10.917,10.000,-0.917,5.000,2000-01-01 01:38:25,3,run/data/m1/debug.log,79507
561,562,m2,12,10.917,10.000,-0.917,5.000,2000-01-01 01:38:26,3,run/data/m2/debug.log,39258
561,562,m3,12,10.917,10.000,-0.917,5.000,2000-01-01 01:38:26,3,run/data/m3/debug.log,13746
562,563,admin,12,11.500,10.000,-1.500,5.000,2000-01-01 01:38:52,2,run/data/admin/debug.log,7159
562,563,m1,12,11.500,10.000,-1.500,5.000,2000-01-01 01:38:40,3,run/data/m1/debug.log,79525
562,563,m2,12,11.500,10.000,-1.500,5.000,2000-01-01 01:38:40,3,run/data/m2/debug.log,39276
562,563,m3,12,11.500,10.000,-1.500,5.000,2000-01-01 01:38:40,3,run/data/m3/debug.log,14442
563,564,admin,12,11.250,10.000,-1.250,5.000,2000-01-01 01:39:06,2,run/data/admin/debug.log,7173
563,564,m1,12,11.250,10.000,-1.250,5.000,2000-01-01 01:38:51,3,run/data/m1/debug.log,79653
563,564,m2,12,11.250,10.000,-1.250,5.000,2000-01-01 01:38:53,3,run/data/m2/debug.log,39291
563,564,m3,12,11.250,10.000,-1.250,5.000,2000-01-01 01:38:53,3,run/data/m3/debug.log,14457
564,565,admin,12,11.167,10.000,-1.167,5.000,2000-01-01 01:39:17,2,run/data/admin/debug.log,7187
564,565,m1,12,11.167,10.000,-1.167,5.000,2000-01-01 01:39:06,3,run/data/m1/debug.log,79965
564,565,m2,12,11.167,10.000,-1.167,5.000,2000-01-01 01:39:07,3,run/data/m2/debug.log,39306
564,565,m3,12,11.167,10.000,-1.167,5.000,2000-01-01 01:39:07,3,run/data/m3/debug.log,14472
565,566,admin,12,11.500,10.000,-1.500,5.000,2000-01-01 01:39:26,2,run/data/admin/debug.log,7201
565,566,m1,12,11.500,10.000,-1.500,5.000,2000-01-01 01:39:18,3,run/data/m1/debug.log,79980
565,566,m2,12,11.500,10.000,-1.500,5.000,2000-01-01 01:39:17,3,run/data/m2/debug.log,39488
565,566,m3,12,11.500,10.000,-1.500,5.000,2000-01-01 01:39:17,3,run/data/m3/debug.log,14487
566,567,admin,12,11.000,10.000,-1.000,5.000,2000-01-01 01:39:42,2,run/data/admin/debug.log,7215
566,567,m1,12,11.000,10.000,-1.000,5.000,2000-01-01 01:39:27,3,run/data/m1/debug.log,79995
566,567,m2,12,11.000,10.000,-1.000,5.000,2000-01-01 01:39:26,3,run/data/m2/debug.log,40543
566,567,m3,12,11.000,10.000,-1.000,5.000,2000-01-01 01:39:27,3,run/data/m3/debug.log,14502
567,568,admin,12,11.250,10.000,-1.250,5.000,2000-01-01 01:39:50,2,run/data/admin/debug.log,7229
567,568,m1,12,11.250,10.000,-1.250,5.000,2000-01-01 01:39:42,3,run/data/m1/debug.log,80010
567,568,m2,12,11.250,10.000,-1.250,5.000,2000-01-01 01:39:41,3,run/data/m2/debug.log,40968
567,568,m3,12,11.250,10.000,-1.250,5.000,2000-01-01 01:39:41,3,run/data/m3/debug.log,14517
568,569,admin,12,11.167,10.000,-1.167,5.000,2000-01-01 01:40:00,2,run/data/admin/debug.log,7246
568,569,m1,12,11.167,10.000,-1.167,5.000,2000-01-01 01:39:51,3,run/data/m1/debug.log,80025
568,569,m2,12,11.167,10.000,-1.167,5.000,2000-01-01 01:39:50,3,run/data/m2/debug.log,41178
568,569,m3,12,11.167,10.000,-1.167,5.000,2000-01-01 01:39:51,3,run/data/m3/debug.log,14532
569,570,admin,12,11.333,10.000,-1.333,5.000,2000-01-01 01:40:09,2,run/data/admin/debug.log,7260
569,570,m1,12,11.333,10.000,-1.333,5.000,2000-01-01 01:40:01,3,run/data/m1/debug.log,80040
569,570,m2,12,11.333,10.000,-1.333,5.000,2000-01-01 01:40:00,3,run/data/m2/debug.log,41349
569,570,m3,12,11.333,10.000,-1.333,5.000,2000-01-01 01:40:01,3,run/data/m3/debug.log,14547
570,571,admin,12,10.833,10.000,-0.833,5.000,2000-01-01 01:40:22,2,run/data/admin/debug.log,7274
570,571,m1,12,10.833,10.000,-0.833,5.000,2000-01-01 01:40:10,3,run/data/m1/debug.log,80055
570,571,m2,12,10.833,10.000,-0.833,5.000,2000-01-01 01:40:09,3,run/data/m2/debug.log,43117
570,571,m3,12,10.833,10.000,-0.833,5.000,2000-01-01 01:40:10,3,run/data/m3/debug.log,14562
571,572,admin,12,11.500,10.000,-1.500,5.000,2000-01-01 01:40:35,2,run/data/admin/debug.log,7288
571,572,m1,12,11.500,10.000,-1.500,5.000,2000-01-01 01:40:22,3,run/data/m1/debug.log,80088
571,572,m2,12,11.500,10.000,-1.500,5.000,2000-01-01 01:40:23,3,run/data/m2/debug.log,43132
571,572,m3,12,11.500,10.000,-1.500,5.000,2000-01-01 01:40:22,3,run/data/m3/debug.log,14577
572,573,admin,12,11.750,10.000,-1.750,5.000,2000-01-01 01:40:46,2,run/data/admin/debug.log,7302
572,573,m1,12,11.750,10.000,-1.750,5.000,2000-01-01 01:40:35,3,run/data/m1/debug.log,80120
572,573,m2,12,11.750,10.000,-1.750,5.000,2000-01-01 01:40:36,3,run/data/m2/debug.log,43150
572,573,m3,12,11.750,10.000,-1.750,5.000,2000-01-01 01:40:36,3,run/data/m3/debug.log,14595
573,574,admin,12,11.667,10.000,-1.667,5.000,2000-01-01 01:40:55,5,run/data/admin/debug.log,7316
573,574,m1,12,11.667,10.000,-1.667,5.000,2000-01-01 01:40:46,6,run/data/m1/debug.log,80135
573,574,m2,12,11.667,10.000,-1.667,5.000,2000-01-01 01:40:46,6,run/data/m2/debug.log,43165
573,574,m3,12,11.667,10.000,-1.667,5.000,2000-01-01 01:40:45,6,run/data/m3/debug.log,15035
574,575,admin,12,11.250,10.000,-1.250,5.000,2000-01-01 01:41:11,5,run/data/admin/debug.log,7346
574,575,m1,12,11.250,10.000,-1.250,5.000,2000-01-01 01:40:55,6,run/data/m1/debug.log,80580
574,575,m2,12,11.250,10.000,-1.250,5.000,2000-01-01 01:40:55,6,run/data/m2/debug.log,43300
574,575,m3,12,11.250,10.000,-1.250,5.000,2000-01-01 01:40:56,6,run/data/m3/debug.log,15066
575,576,admin,12,11.583,10.000,-1.583,5.000,2000-01-01 01:41:19,2,run/data/admin/debug.log,7376
575,576,m1,12,11.583,10.000,-1.583,5.000,2000-01-01 01:41:10,3,run/data/m1/debug.log,80951
575,576,m2,12,11.583,10.000,-1.583,5.000,2000-01-01 01:41:10,3,run/data/m2/debug.log,43501
575,576,m3,12,11.583,10.000,-1.583,5.000,2000-01-01 01:41:10,3,run/data/m3/debug.log,15085
576,577,admin,12,11.083,10.000,-1.083,5.000,2000-01-01 01:41:30,2,run/data/admin/debug.log,7390
576,577,m1,12,11.083,10.000,-1.083,5.000,2000-01-01 01:41:19,3,run/data/m1/debug.log,81284
576,577,m2,12,11.083,10.000,-1.083,5.000,2000-01-01 01:41:20,3,run/data/m2/debug.log,43539
576,577,m3,12,11.083,10.000,-1.083,5.000,2000-01-01 01:41:19,3,run/data/m3/debug.log,15116
577,578,admin,12,11.083,10.000,-1.083,5.000,2000-01-01 01:41:36,2,run/data/admin/debug.log,7404
577,578,m1,12,11.083,10.000,-1.083,5.000,2000-01-01 01:41:30,3,run/data/m1/debug.log,81305
577,578,m2,12,11.083,10.000,-1.083,5.000,2000-01-01 01:41:31,3,run/data/m2/debug.log,43554
577,578,m3,12,11.083,10.000,-1.083,5.000,2000-01-01 01:41:31,3,run/data/m3/debug.log,15131
578,579,admin,12,10.750,10.000,-0.750,5.000,2000-01-01 01:41:47,2,run/data/admin/debug.log,7418
578,579,m1,12,10.750,10.000,-0.750,5.000,2000-01-01 01:41:35,3,run/data/m1/debug.log,81417
578,579,m2,12,10.750,10.000,-0.750,5.000,2000-01-01 01:41:37,3,run/data/m2/debug.log,43569
578,579,m3,12,10.750,10.000,-0.750,5.000,2000-01-01 01:41:37,3,run/data/m3/debug.log,15146
579,580,admin,12,10.417,10.000,-0.417,5.000,2000-01-01 01:41:54,2,run/data/admin/debug.log,7432
579,580,m1,12,10.417,10.000,-0.417,5.000,2000-01-01 01:41:46,3,run/data/m1/debug.log,81643
579,580,m2,12,10.417,10.000,-0.417,5.000,2000-01-01 01:41:48,3,run/data/m2/debug.log,43584
579,580,m3,12,10.417,10.000,-0.417,5.000,2000-01-01 01:41:48,3,run/data/m3/debug.log,15161
580,581,admin,12,10.250,10.000,-0.250,5.000,2000-01-01 01:42:09,2,run/data/admin/debug.log,7449
580,581,m1,12,10.250,10.000,-0.250,5.000,2000-01-01 01:41:54,3,run/data/m1/debug.log,81658
580,581,m2,12,10.250,10.000,-0.250,5.000,2000-01-01 01:41:54,3,run/data/m2/debug.log,43599
580,581,m3,12,10.250,10.000,-0.250,5.000,2000-01-01 01:41:53,3,run/data/m3/debug.log,15745
581,582,admin,12,10.750,10.000,-0.750,5.000,2000-01-01 01:42:24,5,run/data/admin/debug.log,7463
581,582,m1,12,10.750,10.000,-0.750,5.000,2000-01-01 01:42:10,6,run/data/m1/debug.log,81673
581,582,m2,12,10.750,10.000,-0.750,5.000,2000-01-01 01:42:10,6,run/data/m2/debug.log,43614
581,582,m3,12,10.750,10.000,-0.750,5.000,2000-01-01 01:42:09,6,run/data/m3/debug.log,16179
582,583,admin,12,11.250,10.000,-1.250,5.000,2000-01-01 01:42:37,2,run/data/admin/debug.log,7493
582,583,m1,12,11.250,10.000,-1.250,5.000,2000-01-01 01:42:25,3,run/data/m1/debug.log,81704
582,583,m2,12,11.250,10.000,-1.250,5.000,2000-01-01 01:42:24,3,run/data/m2/debug.log,43827
582,583,m3,12,11.250,10.000,-1.250,5.000,2000-01-01 01:42:24,3,run/data/m3/debug.log,16398
583,584,admin,12,11.167,10.000,-1.167,5.000,2000-01-01 01:42:44,2,run/data/admin/debug.log,7511
583,584,m1,12,11.167,10.000,-1.167,5.000,2000-01-01 01:42:37,3,run/data/m1/debug.log,81726
583,584,m2,12,11.167,10.000,-1.167,5.000,2000-01-01 01:42:37,3,run/data/m2/debug.log,43865
583,584,m3,12,11.167,10.000,-1.167,5.000,2000-01-01 01:42:36,3,run/data/m3/debug.log,16456
584,585,admin,12,10.750,10.000,-0.750,5.000,2000-01-01 01:42:59,9,run/data/admin/debug.log,7525
584,585,m1,12,10.750,10.000,-0.750,5.000,2000-01-01 01:42:45,10,run/data/m1/debug.log,81741
584,585,m2,12,10.750,10.000,-0.750,5.000,2000-01-01 01:42:44,10,run/data/m2/debug.log,44161
584,585,m3,12,10.750,10.000,-0.750,5.000,2000-01-01 01:42:45,10,run/data/m3/debug.log,16471
585,586,admin,12,11.167,10.000,-1.167,5.000,2000-01-01 01:43:07,2,run/data/admin/debug.log,7576
585,586,m1,12,11.167,10.000,-1.167,5.000,2000-01-01 01:42:59,3,run/data/m1/debug.log,81890
585,586,m2,12,11.167,10.000,-1.167,5.000,2000-01-01 01:42:59,3,run/data/m2/debug.log,44429
585,586,m3,12,11.167,10.000,-1.167,5.000,2000-01-01 01:42:59,3,run/data/m3/debug.log,16599
586,587,admin,12,11.000,10.000,-1.000,5.000,2000-01-01 01:43:16,2,run/data/admin/debug.log,7594
586,587,m1,12,11.000,10.000,-1.000,5.000,2000-01-01 01:43:07,3,run/data/m1/debug.log,82463
586,587,m2,12,11.000,10.000,-1.000,5.000,2000-01-01 01:43:08,3,run/data/m2/debug.log,44485
586,587,m3,12,11.000,10.000,-1.000,5.000,2000-01-01 01:43:08,3,run/data/m3/debug.log,16655
587,588,admin,12,10.500,10.000,-0.500,5.000,2000-01-01 01:43:28,5,run/data/admin/debug.log,7608
587,588,m1,12,10.500,10.000,-0.500,5.000,2000-01-01 01:43:16,6,run/data/m1/debug.log,82631
587,588,m2,12,10.500,10.000,-0.500,5.000,2000-01-01 01:43:17,6,run/data/m2/debug.log,44500
587,588,m3,12,10.500,10.000,-0.500,5.000,2000-01-01 01:43:17,6,run/data/m3/debug.log,16670
588,589,admin,12,10.750,10.000,-0.750,5.000,2000-01-01 01:43:43,9,run/data/admin/debug.log,7638
588,589,m1,12,10.750,10.000,-0.750,5.000,2000-01-01 01:43:28,10,run/data/m1/debug.log,82716
588,589,m2,12,10.750,10.000,-0.750,5.000,2000-01-01 01:43:28,10,run/data/m2/debug.log,44732
588,589,m3,12,10.750,10.000,-0.750,5.000,2000-01-01 01:43:28,10,run/data/m3/debug.log,16685
589,590,admin,12,11.083,10.000,-1.083,5.000,2000-01-01 01:43:56,2,run/data/admin/debug.log,7689
589,590,m1,12,11.083,10.000,-1.083,5.000,2000-01-01 01:43:43,3,run/data/m1/debug.log,83073
589,590,m2,12,11.083,10.000,-1.083,5.000,2000-01-01 01:43:43,3,run/data/m2/debug.log,44849
589,590,m3,12,11.083,10.000,-1.083,5.000,2000-01-01 01:43:43,3,run/data/m3/debug.log,16855
590,591,admin,12,11.667,10.000,-1.667,5.000,2000-01-01 01:44:08,2,run/data/admin/debug.log,7706
590,591,m1,12,11.667,10.000,-1.667,5.000,2000-01-01 01:43:55,3,run/data/m1/debug.log,83422
590,591,m2,12,11.667,10.000,-1.667,5.000,2000-01-01 01:43:56,3,run/data/m2/debug.log,44908
590,591,m3,12,11.667,10.000,-1.667,5.000,2000-01-01 01:43:57,3,run/data/m3/debug.log,16911
591,592,admin,12,11.750,10.000,-1.750,5.000,2000-01-01 01:44:23,2,run/data/admin/debug.log,7720
591,592,m1,12,11.750,10.000,-1.750,5.000,2000-01-01 01:44:07,3,run/data/m1/debug.log,84177
591,592,m2,12,11.750,10.000,-1.750,5.000,2000-01-01 01:44:08,3,run/data/m2/debug.log,44923
591,592,m3,12,11.750,10.000,-1.750,5.000,2000-01-01 01:44:09,3,run/data/m3/debug.log,16926
592,593,admin,12,12.500,10.000,-2.500,5.000,2000-01-01 01:44:35,2,run/data/admin/debug.log,7734
592,593,m1,12,12.500,10.000,-2.500,5.000,2000-01-01 01:44:23,3,run/data/m1/debug.log,85051
592,593,m2,12,12.500,10.000,-2.500,5.000,2000-01-01 01:44:24,3,run/data/m2/debug.log,44938
592,593,m3,12,12.500,10.000,-2.500,5.000,2000-01-01 01:44:24,3,run/data/m3/debug.log,16941
593,594,admin,12,12.167,10.000,-2.167,5.000,2000-01-01 01:44:46,2,run/data/admin/debug.log,7748
593,594,m1,12,12.167,10.000,-2.167,5.000,2000-01-01 01:44:35,3,run/data/m1/debug.log,85122
593,594,m2,12,12.167,10.000,-2.167,5.000,2000-01-01 01:44:36,3,run/data/m2/debug.log,44956
593,594,m3,12,12.167,10.000,-2.167,5.000,2000-01-01 01:44:36,3,run/data/m3/debug.log,16959
594,595,admin,12,11.833,10.000,-1.833,5.000,2000-01-01 01:44:56,2,run/data/admin/debug.log,7762
594,595,m1,12,11.833,10.000,-1.833,5.000,2000-01-01 01:44:46,3,run/data/m1/debug.log,85452
594,595,m2,12,11.833,10.000,-1.833,5.000,2000-01-01 01:44:47,3,run/data/m2/debug.log,44971
594,595,m3,12,11.833,10.000,-1.833,5.000,2000-01-01 01:44:47,3,run/data/m3/debug.log,16974
595,596,admin,12,11.667,10.000,-1.667,5.000,2000-01-01 01:45:09,2,run/data/admin/debug.log,7776
595,596,m1,12,11.667,10.000,-1.667,5.000,2000-01-01 01:44:57,3,run/data/m1/debug.log,85467
595,596,m2,12,11.667,10.000,-1.667,5.000,2000-01-01 01:44:56,3,run/data/m2/debug.log,45485
595,596,m3,12,11.667,10.000,-1.667,5.000,2000-01-01 01:44:57,3,run/data/m3/debug.log,16989
596,597,admin,12,12.083,10.000,-2.083,5.000,2000-01-01 01:45:24,2,run/data/admin/debug.log,7790
596,597,m1,12,12.083,10.000,-2.083,5.000,2000-01-01 01:45:09,3,run/data/m1/debug.log,85510
596,597,m2,12,12.083,10.000,-2.083,5.000,2000-01-01 01:45:10,3,run/data/m2/debug.log,45500
596,597,m3,12,12.083,10.000,-2.083,5.000,2000-01-01 01:45:10,3,run/data/m3/debug.log,17004
597,598,admin,12,12.000,10.000,-2.000,5.000,2000-01-01 01:45:34,2,run/data/admin/debug.log,7804
597,598,m1,12,12.000,10.000,-2.000,5.000,2000-01-01 01:45:23,3,run/data/m1/debug.log,86847
597,598,m2,12,12.000,10.000,-2.000,5.000,2000-01-01 01:45:24,3,run/data/m2/debug.log,45515
597,598,m3,12,12.000,10.000,-2.000,5.000,2000-01-01 01:45:25,3,run/data/m3/debug.log,17019
598,599,admin,12,12.167,10.000,-2.167,5.000,2000-01-01 01:45:44,2,run/data/admin/debug.log,7819
598,599,m1,12,12.167,10.000,-2.167,5.000,2000-01-01 01:45:33,3,run/data/m1/debug.log,86903
598,599,m2,12,12.167,10.000,-2.167,5.000,2000-01-01 01:45:34,3,run/data/m2/debug.log,45530
598,599,m3,12,12.167,10.000,-2.167,5.000,2000-01-01 01:45:34,3,run/data/m3/debug.log,17034
599,600,admin,12,12.333,10.000,-2.333,5.000,2000-01-01 01:45:55,2,run/data/admin/debug.log,7833
599,600,m1,12,12.333,10.000,-2.333,5.000,2000-01-01 01:45:44,3,run/data/m1/debug.log,87162
599,600,m2,12,12.333,10.000,-2.333,5.000,2000-01-01 01:45:45,3,run/data/m2/debug.log,45545
599,600,m3,12,12.333,10.000,-2.333,5.000,2000-01-01 01:45:45,3,run/data/m3/debug.log,17049
600,601,admin,12,12.167,10.000,-2.167,5.000,2000-01-01 01:46:03,2,run/data/admin/debug.log,7850
600,601,m1,12,12.167,10.000,-2.167,5.000,2000-01-01 01:45:54,3,run/data/m1/debug.log,87526
600,601,m2,12,12.167,10.000,-2.167,5.000,2000-01-01 01:45:55,3,run/data/m2/debug.log,45560
600,601,m3,12,12.167,10.000,-2.167,5.000,2000-01-01 01:45:55,3,run/data/m3/debug.log,17064
601,602,admin,12,11.667,10.000,-1.667,5.000,2000-01-01 01:46:11,2,run/data/admin/debug.log,7865
601,602,m1,12,11.667,10.000,-1.667,5.000,2000-01-01 01:46:03,3,run/data/m1/debug.log,87592
601,602,m2,12,11.667,10.000,-1.667,5.000,2000-01-01 01:46:04,3,run/data/m2/debug.log,45576
601,602,m3,12,11.667,10.000,-1.667,5.000,2000-01-01 01:46:04,3,run/data/m3/debug.log,17080
602,603,admin,12,11.333,10.000,-1.333,5.000,2000-01-01 01:46:20,2,run/data/admin/debug.log,7879
602,603,m1,12,11.333,10.000,-1.333,5.000,2000-01-01 01:46:11,3,run/data/m1/debug.log,88025
602,603,m2,12,11.333,10.000,-1.333,5.000,2000-01-01 01:46:12,3,run/data/m2/debug.log,45591
602,603,m3,12,11.333,10.000,-1.333,5.000,2000-01-01 01:46:12,3,run/data/m3/debug.log,17095
603,604,admin,12,11.000,10.000,-1.000,5.000,2000-01-01 01:46:29,2,run/data/admin/debug.log,7893
603,604,m1,12,11.000,10.000,-1.000,5.000,2000-01-01 01:46:19,3,run/data/m1/debug.log,88068
603,604,m2,12,11.000,10.000,-1.000,5.000,2000-01-01 01:46:20,3,run/data/m2/debug.log,45606
603,604,m3,12,11.000,10.000,-1.000,5.000,2000-01-01 01:46:21,3,run/data/m3/debug.log,17110
604,605,admin,12,10.417,10.000,-0.417,5.000,2000-01-01 01:46:38,2,run/data/admin/debug.log,7907
604,605,m1,12,10.417,10.000,-0.417,5.000,2000-01-01 01:46:28,3,run/data/m1/debug.log,88160
604,605,m2,12,10.417,10.000,-0.417,5.000,2000-01-01 01:46:29,3,run/data/m2/debug.log,45621
604,605,m3,12,10.417,10.000,-0.417,5.000,2000-01-01 01:46:29,3,run/data/m3/debug.log,17125
605,606,admin,12,10.250,10.000,-0.250,5.000,2000-01-01 01:46:52,2,run/data/admin/debug.log,7922
605,606,m1,12,10.250,10.000,-0.250,5.000,2000-01-01 01:46:38,3,run/data/m1/debug.log,88321
605,606,m2,12,10.250,10.000,-0.250,5.000,2000-01-01 01:46:39,3,run/data/m2/debug.log,45639
605,606,m3,12,10.250,10.000,-0.250,5.000,2000-01-01 01:46:39,3,run/data/m3/debug.log,17148
606,607,admin,12,10.417,10.000,-0.417,5.000,2000-01-01 01:46:57,2,run/data/admin/debug.log,7936
606,607,m1,12,10.417,10.000,-0.417,5.000,2000-01-01 01:46:51,3,run/data/m1/debug.log,88467
606,607,m2,12,10.417,10.000,-0.417,5.000,2000-01-01 01:46:52,3,run/data/m2/debug.log,45659
606,607,m3,12,10.417,10.000,-0.417,5.000,2000-01-01 01:46:53,3,run/data/m3/debug.log,17163
607,608,admin,12,10.083,10.000,-0.083,5.000,2000-01-01 01:47:13,2,run/data/admin/debug.log,7950
607,608,m1,12,10.083,10.000,-0.083,5.000,2000-01-01 01:46:57,3,run/data/m1/debug.log,89130
607,608,m2,12,10.083,10.000,-0.083,5.000,2000-01-01 01:46:58,3,run/data/m2/debug.log,45674
607,608,m3,12,10.083,10.000,-0.083,5.000,2000-01-01 01:46:58,3,run/data/m3/debug.log,17178
608,609,admin,12,10.250,10.000,-0.250,5.000,2000-01-01 01:47:20,2,run/data/admin/debug.log,7964
608,609,m1,12,10.250,10.000,-0.250,5.000,2000-01-01 01:47:12,3,run/data/m1/debug.log,89314
608,609,m2,12,10.250,10.000,-0.250,5.000,2000-01-01 01:47:13,3,run/data/m2/debug.log,45689
608,609,m3,12,10.250,10.000,-0.250,5.000,2000-01-01 01:47:13,3,run/data/m3/debug.log,17193
609,610,admin,12,9.750,10.000,+0.250,5.000,2000-01-01 01:47:28,2,run/data/admin/debug.log,7978
609,610,m1,12,9.750,10.000,+0.250,5.000,2000-01-01 01:47:20,3,run/data/m1/debug.log,89657
609,610,m2,12,9.750,10.000,+0.250,5.000,2000-01-01 01:47:21,3,run/data/m2/debug.log,45704
609,610,m3,12,9.750,10.000,+0.250,5.000,2000-01-01 01:47:21,3,run/data/m3/debug.log,17208
610,611,m1,12,9.583,10.000,+0.417,5.000,2000-01-01 01:47:28,1,run/data/m1/debug.log,90157
610,611,m2,12,9.583,10.000,+0.417,5.000,2000-01-01 01:47:29,1,run/data/m2/debug.log,45719
610,611,m3,12,9.583,10.000,+0.417,5.000,2000-01-01 01:47:29,1,run/data/m3/debug.log,17223
