height,block_hash,proposer_address,proposer_host,n_hosts_seen,hosts_seen,n_lines,first_log_timestamp,first_source_file,first_source_line
200,00ab565b45e551bea5f5d19e0fdf2dc6863885bbf33a2867198494fc038356d0,1akrbuSTPkRMU7ztM65jGiNHd5t7DPrqV7pB8G,m1,4,admin m1 m2 m3,11,2000-01-01 00:07:04,run/data/admin/debug.log,1013
200,00cb675f1ee63fcc9692e544154ee6434a455d030937bd4db0e6582f2469ddcb,16qEPM3f15FH1SsM8yqz9HJ5nwpP3ba7whwkH4,m3,4,admin m1 m2 m3,9,2000-01-01 00:07:04,run/data/admin/debug.log,1028
201,00398e1055baab6ee7a29c3d8b271db959d5f2ca0978f103ec31740168d602d3,1akrbuSTPkRMU7ztM65jGiNHd5t7DPrqV7pB8G,m1,4,admin m1 m2 m3,11,2000-01-01 00:07:07,run/data/admin/debug.log,1047
201,004abee878730953c9b1ab774f6958c435304ca3e97f784cd8a0e748e0be3459,16qEPM3f15FH1SsM8yqz9HJ5nwpP3ba7whwkH4,m3,4,admin m1 m2 m3,9,2000-01-01 00:07:07,run/data/admin/debug.log,1058
202,00c4fc2aa440a81f2a6853d3e3f2067de8e8a0c6512d7997ba4977fbceef39c7,1akrbuSTPkRMU7ztM65jGiNHd5t7DPrqV7pB8G,m1,4,admin m1 m2 m3,11,2000-01-01 00:07:11,run/data/admin/debug.log,1079
202,00d89c7ece2c33ec9629445e53ad837e0f36a17b8a9a730c85e3e1137f3ca587,16qEPM3f15FH1SsM8yqz9HJ5nwpP3ba7whwkH4,m3,4,admin m1 m2 m3,9,2000-01-01 00:07:11,run/data/admin/debug.log,1090
203,000eea65e73c9d47dc5de39798f0ba2ed57b61e407a379573b4d7c31f17de027,1DvpzaEbFEQsS6kv3UE1Mkc1XM2xPTJsinfjUr,m2,4,admin m1 m2 m3,12,2000-01-01 00:07:14,run/data/admin/debug.log,1109
203,004217c14566299dbcb8193f4e5a1e8c3abebe7d0eb1832ea8e616933ffec4b2,1akrbuSTPkRMU7ztM65jGiNHd5t7DPrqV7pB8G,m1,4,admin m1 m2 m3,13,2000-01-01 00:07:14,run/data/admin/debug.log,1120
203,006703965ffff8c51e90501a42bf112bf17a8805acce6567ed9d67eb2d9e7952,16qEPM3f15FH1SsM8yqz9HJ5nwpP3ba7whwkH4,m3,4,admin m1 m2 m3,11,2000-01-01 00:07:14,run/data/admin/debug.log,1136
204,00cbfde8aa25106da0128aefa30db4982f3173da96c1ea88ab90806a3bf42916,1akrbuSTPkRMU7ztM65jGiNHd5t7DPrqV7pB8G,m1,4,admin m1 m2 m3,8,2000-01-01 00:07:16,run/data/admin/debug.log,1160
205,00ce7a6fe2057a4bb1241bf6d7713c81206008e4d32e7ef8a2153abf28cdc427,1akrbuSTPkRMU7ztM65jGiNHd5t7DPrqV7pB8G,m1,4,admin m1 m2 m3,8,2000-01-01 00:07:20,run/data/admin/debug.log,1178
206,00af13af9e8691381c568124b6f1cd68f8fe648be30c39b6566f907525e01157,1akrbuSTPkRMU7ztM65jGiNHd5t7DPrqV7pB8G,m1,4,admin m1 m2 m3,8,2000-01-01 00:07:23,run/data/admin/debug.log,1192
207,00d7f7e9576f4d78d0f377b1d20537ae4eef39ef950815967de38e33a348b332,1akrbuSTPkRMU7ztM65jGiNHd5t7DPrqV7pB8G,m1,4,admin m1 m2 m3,8,2000-01-01 00:07:25,run/data/admin/debug.log,1206
208,005ccf1153b6d0dabfcf6c2cc7449bc396bdc1bcdd31d5944fba6d6a17c9304a,1akrbuSTPkRMU7ztM65jGiNHd5t7DPrqV7pB8G,m1,4,admin m1 m2 m3,8,2000-01-01 00:07:28,run/data/admin/debug.log,1220
209,0022b4d7de98861ea565234ff1f1018b2c1b1f4cd8ccd7165f89ade52f8339f8,1akrbuSTPkRMU7ztM65jGiNHd5t7DPrqV7pB8G,m1,4,admin m1 m2 m3,8,2000-01-01 00:07:31,run/data/admin/debug.log,1234
210,004609d0b969ea7da9a777c0bb21e7900503ea247e5f83f49bf31180a0ec9e16,1akrbuSTPkRMU7ztM65jGiNHd5t7DPrqV7pB8G,m1,4,admin m1 m2 m3,8,2000-01-01 00:07:33,run/data/admin/debug.log,1248
211,00efcd894df4cc4084f8574283466cbaeb3d11c48988ba30df6e3571b9ee5673,1akrbuSTPkRMU7ztM65jGiNHd5t7DPrqV7pB8G,m1,4,admin m1 m2 m3,8,2000-01-01 00:07:34,run/data/admin/debug.log,1263
212,00496b4781892e73ae2ca0dc43a59c6193a97c3e9daa6dac399f3455defd3479,1akrbuSTPkRMU7ztM65jGiNHd5t7DPrqV7pB8G,m1,4,admin m1 m2 m3,8,2000-01-01 00:07:37,run/data/admin/debug.log,1277
213,00ef599f272529506ffaaa27e3e8e17bcd87b06dc4af4699aae5053985958993,1akrbuSTPkRMU7ztM65jGiNHd5t7DPrqV7pB8G,m1,4,admin m1 m2 m3,8,2000-01-01 00:07:39,run/data/admin/debug.log,1291
214,0076e9fc905cc8cebd282622d787485e4ce88d4d995f2be07899f101735f9f27,1akrbuSTPkRMU7ztM65jGiNHd5t7DPrqV7pB8G,m1,4,admin m1 m2 m3,8,2000-01-01 00:07:43,run/data/admin/debug.log,1307
215,00df13b4700f1812b00fa880e268a18b52da682179dc0bcdf15a8e952bec1d27,1akrbuSTPkRMU7ztM65jGiNHd5t7DPrqV7pB8G,m1,4,admin m1 m2 m3,8,2000-01-01 00:07:44,run/data/admin/debug.log,1321
216,0046361d1616e3854376ff1fd5987f03ab59d5e590ada72b1392013b09cad2f3,1akrbuSTPkRMU7ztM65jGiNHd5t7DPrqV7pB8G,m1,4,admin m1 m2 m3,8,2000-01-01 00:07:46,run/data/admin/debug.log,1335
217,006620f9317947eb150de12d3b5d8bae31866c260af1d652baa9b92b852cf564,1akrbuSTPkRMU7ztM65jGiNHd5t7DPrqV7pB8G,m1,4,admin m1 m2 m3,8,2000-01-01 00:07:49,run/data/admin/debug.log,1349
218,0068fc0e7bf01d052ca45af3462477a46d54c55d35c647a11d18cc2c7aee51ba,1akrbuSTPkRMU7ztM65jGiNHd5t7DPrqV7pB8G,m1,4,admin m1 m2 m3,8,2000-01-01 00:07:53,run/data/admin/debug.log,1363
219,0065fcab93185876bced05d120c1ae3938569c7b71da19f33ca156fcb98be9cc,1akrbuSTPkRMU7ztM65jGiNHd5t7DPrqV7pB8G,m1,4,admin m1 m2 m3,9,2000-01-01 00:07:56,run/data/admin/debug.log,1388
219,009788b199c3808ff0c6386cb9f0da04db62836d5d9fb6f5bea327848e2d2550,1DvpzaEbFEQsS6kv3UE1Mkc1XM2xPTJsinfjUr,m2,4,admin m1 m2 m3,11,2000-01-01 00:07:56,run/data/admin/debug.log,1377
220,0050d52e5dd1dacd4b92e9c9dfdd49b3987a81fbcda74e3f6fbc5d3226f2de63,1akrbuSTPkRMU7ztM65jGiNHd5t7DPrqV7pB8G,m1,4,admin m1 m2 m3,8,2000-01-01 00:07:58,run/data/admin/debug.log,1407
221,007365d6c5521fae8acb51c5be7885e97b352edc21c4617e28e4464616170825,1DvpzaEbFEQsS6kv3UE1Mkc1XM2xPTJsinfjUr,m2,4,admin m1 m2 m3,11,2000-01-01 00:08:01,run/data/admin/debug.log,1428
221,0083437b88544db68b38b293d2252a4f132a0c22dbdcbd3e48bdb0a399770871,1akrbuSTPkRMU7ztM65jGiNHd5t7DPrqV7pB8G,m1,4,admin m1 m2 m3,9,2000-01-01 00:08:02,run/data/admin/debug.log,1439
222,00bad0e5fa0ff80857cd1689e074f65f16064b152b7eb332d8806f741c862473,1akrbuSTPkRMU7ztM65jGiNHd5t7DPrqV7pB8G,m1,4,admin m1 m2 m3,9,2000-01-01 00:08:05,run/data/admin/debug.log,1470
222,00ce17ce13990b3a54a23548e1bd18f72491c38a74c62156dc524e6e4f5a9dae,1DvpzaEbFEQsS6kv3UE1Mkc1XM2xPTJsinfjUr,m2,4,admin m1 m2 m3,11,2000-01-01 00:08:05,run/data/admin/debug.log,1459
223,0002535fa5bc066d267336599e9eced7b986dda734a0cf26524d42a060800280,1DvpzaEbFEQsS6kv3UE1Mkc1XM2xPTJsinfjUr,m2,4,admin m1 m2 m3,11,2000-01-01 00:08:08,run/data/admin/debug.log,1489
223,0028b4bf76c4039367ec868a82050829bb6ba838ed4acb54fa3cdccd2d3c3a87,1akrbuSTPkRMU7ztM65jGiNHd5t7DPrqV7pB8G,m1,4,admin m1 m2 m3,9,2000-01-01 00:08:08,run/data/admin/debug.log,1500
224,0074e0a3222bcae34a6c18e213acf0041dee4bf936e90aa4be3fc6058b85f19c,1akrbuSTPkRMU7ztM65jGiNHd5t7DPrqV7pB8G,m1,4,admin m1 m2 m3,8,2000-01-01 00:08:09,run/data/admin/debug.log,1519
225,00bfcf72ae8ef97b6191e0091c689f69172de3da7292ecc00c7f528900da5227,1akrbuSTPkRMU7ztM65jGiNHd5t7DPrqV7pB8G,m1,4,admin m1 m2 m3,8,2000-01-01 00:08:11,run/data/admin/debug.log,1544
226,00d7513b6ae5e2dec80d7f1a61ee990c049421e701005ba06185b61f988b67c5,1akrbuSTPkRMU7ztM65jGiNHd5t7DPrqV7pB8G,m1,4,admin m1 m2 m3,8,2000-01-01 00:08:15,run/data/admin/debug.log,1558
227,004485a5927de5a9fec76a52b022bc66278fe824ecc8eed50f351a374e6140c1,1akrbuSTPkRMU7ztM65jGiNHd5t7DPrqV7pB8G,m1,4,admin m1 m2 m3,9,2000-01-01 00:08:18,run/data/admin/debug.log,1583
227,00a0500b971a268e896b420ae92b0ee10d607484c2e795b67b94aafbabfb9489,16qEPM3f15FH1SsM8yqz9HJ5nwpP3ba7whwkH4,m3,4,admin m1 m2 m3,11,2000-01-01 00:08:18,run/data/admin/debug.log,1572
228,00b1e887c1d73b48224da89c9ae7818e3c7adace608d70e2eed141e09ca3f06f,1akrbuSTPkRMU7ztM65jGiNHd5t7DPrqV7pB8G,m1,4,admin m1 m2 m3,8,2000-01-01 00:08:20,run/data/admin/debug.log,1602
229,00953c48dd873e6fb570258e927fe420528ac019f96eb84826d7947b83ff175f,1DvpzaEbFEQsS6kv3UE1Mkc1XM2xPTJsinfjUr,m2,4,admin m1 m2 m3,8,2000-01-01 00:08:22,run/data/admin/debug.log,1620
230,00b3f68e499058894734d8308c7114edf82155e7e466193a4229b3c763c1814f,1DvpzaEbFEQsS6kv3UE1Mkc1XM2xPTJsinfjUr,m2,4,admin m1 m2 m3,8,2000-01-01 00:08:26,run/data/admin/debug.log,1634
231,001b43cb755772d64d60a4d6f345dc206acc1ef089801e983afb2699575adaa5,1DvpzaEbFEQsS6kv3UE1Mkc1XM2xPTJsinfjUr,m2,4,admin m1 m2 m3,8,2000-01-01 00:08:28,run/data/admin/debug.log,1648
232,0032bbcafd7026eae59aca093c82eb497fbb1eb86ee5bea6ebdaf28d974db954,1akrbuSTPkRMU7ztM65jGiNHd5t7DPrqV7pB8G,m1,4,admin m1 m2 m3,9,2000-01-01 00:08:31,run/data/admin/debug.log,1673
232,00f13704b9ec1e9ff4ce706b6fb2f829f010c05f4f375c249bd523ea0e933f7c,1DvpzaEbFEQsS6kv3UE1Mkc1XM2xPTJsinfjUr,m2,4,admin m1 m2 m3,11,2000-01-01 00:08:31,run/data/admin/debug.log,1662
233,00e21106486e51c3b39332c63da72def3711142c1edc49f72fb63902cc97ce0a,1DvpzaEbFEQsS6kv3UE1Mkc1XM2xPTJsinfjUr,m2,4,admin m1 m2 m3,8,2000-01-01 00:08:33,run/data/admin/debug.log,1692
234,00cdf0ec94c0bfa3e186f427481ab9b686493a7abc6b03f38561ff224ead41fb,1DvpzaEbFEQsS6kv3UE1Mkc1XM2xPTJsinfjUr,m2,4,admin m1 m2 m3,8,2000-01-01 00:08:37,run/data/admin/debug.log,1707
235,008df74269887e63384c542e451036a92c6100f356d36e4f72fa7c697cb6fd8c,1DvpzaEbFEQsS6kv3UE1Mkc1XM2xPTJsinfjUr,m2,4,admin m1 m2 m3,8,2000-01-01 00:08:39,run/data/admin/debug.log,1721
236,004cec43892fce32092b5901ded11826a3c7c81b6cb332f03a1b54374999cb8b,1DvpzaEbFEQsS6kv3UE1Mkc1XM2xPTJsinfjUr,m2,4,admin m1 m2 m3,8,2000-01-01 00:08:41,run/data/admin/debug.log,1737
237,00081f05386faf19a738a109730aa2280ae6a4d9ddb730ece5d5e49427bdf8f2,1DvpzaEbFEQsS6kv3UE1Mkc1XM2xPTJsinfjUr,m2,4,admin m1 m2 m3,8,2000-01-01 00:08:43,run/data/admin/debug.log,1751
238,008f227264a6111ec111fa852108295dbf1049c734f0dc691f08568d55470472,1DvpzaEbFEQsS6kv3UE1Mkc1XM2xPTJsinfjUr,m2,4,admin m1 m2 m3,8,2000-01-01 00:08:47,run/data/admin/debug.log,1765
239,003ef57559442b549e0acda6ba4c8be3d46d44a76f2fd54587ed597d13b69016,1akrbuSTPkRMU7ztM65jGiNHd5t7DPrqV7pB8G,m1,4,admin m1 m2 m3,8,2000-01-01 00:08:49,run/data/admin/debug.log,1779
240,00a384c84f0d6179e232ce6946f3ab9c5165eed77b04254cbf563afe5a4639e4,1akrbuSTPkRMU7ztM65jGiNHd5t7DPrqV7pB8G,m1,4,admin m1 m2 m3,8,2000-01-01 00:08:51,run/data/admin/debug.log,1793
241,00c79b11a7508c041b7aad29a2be8b840a767c6ca1cf8914afd24975477a1042,1akrbuSTPkRMU7ztM65jGiNHd5t7DPrqV7pB8G,m1,4,admin m1 m2 m3,8,2000-01-01 00:08:54,run/data/admin/debug.log,1807
242,001e97306c2456bbbf8f91668da11bea089d55d5e7bc263c894628d674570a3e,1akrbuSTPkRMU7ztM65jGiNHd5t7DPrqV7pB8G,m1,4,admin m1 m2 m3,8,2000-01-01 00:08:56,run/data/admin/debug.log,1821
243,0051dccfa5e64e31a85b0d98480314c67f923212be3e0de71984403f6751c33d,1akrbuSTPkRMU7ztM65jGiNHd5t7DPrqV7pB8G,m1,4,admin m1 m2 m3,8,2000-01-01 00:09:00,run/data/admin/debug.log,1835
244,00f6e120bc99d67e80e663e89a90903a51d1d5f7926d23a0ef550f7320f542db,1akrbuSTPkRMU7ztM65jGiNHd5t7DPrqV7pB8G,m1,4,admin m1 m2 m3,8,2000-01-01 00:09:02,run/data/admin/debug.log,1849
245,007aeebdbe7fde70ffb555e75ee2cbba35a845ace093bd5fc932c4f03b907e46,1akrbuSTPkRMU7ztM65jGiNHd5t7DPrqV7pB8G,m1,4,admin m1 m2 m3,8,2000-01-01 00:09:04,run/data/admin/debug.log,1863
246,009945a2668e7c28017cbb596da25c83ca702144e5b2545ecb18ec47be840894,1akrbuSTPkRMU7ztM65jGiNHd5t7DPrqV7pB8G,m1,4,admin m1 m2 m3,8,2000-01-01 00:09:08,run/data/admin/debug.log,1878
247,00e80d30724d0864fd7db6ae0d572ce41f21da2e1c029b10894b81b15027c674,1akrbuSTPkRMU7ztM65jGiNHd5t7DPrqV7pB8G,m1,4,admin m1 m2 m3,8,2000-01-01 00:09:10,run/data/admin/debug.log,1892
248,00800866119b66f18b47e42e7d149e585ce88535aeb60f20d4a619ca929999e9,1akrbuSTPkRMU7ztM65jGiNHd5t7DPrqV7pB8G,m1,4,admin m1 m2 m3,8,2000-01-01 00:09:13,run/data/admin/debug.log,1907
249,008ef6830aa80cbd20066cd3af49d09565df83c1f53eb111451200c45a816ffd,1akrbuSTPkRMU7ztM65jGiNHd5t7DPrqV7pB8G,m1,4,admin m1 m2 m3,8,2000-01-01 00:09:16,run/data/admin/debug.log,1921
250,0024c530e2aeed1d33b16766b0c0b1aa90f5d7c60cf8f758809cc98dcff26bf0,1akrbuSTPkRMU7ztM65jGiNHd5t7DPrqV7pB8G,m1,4,admin m1 m2 m3,8,2000-01-01 00:09:19,run/data/admin/debug.log,1935
251,00b6de7cb84c19d7c85cad08c92341973a554dde08b33d839ba08af586fe78e7,1akrbuSTPkRMU7ztM65jGiNHd5t7DPrqV7pB8G,m1,4,admin m1 m2 m3,8,2000-01-01 00:09:22,run/data/admin/debug.log,1949
252,0029bb7e04e706c3fe8cf571a885e0fecf64ed92a169c42232cdd8167a19a271,1akrbuSTPkRMU7ztM65jGiNHd5t7DPrqV7pB8G,m1,4,admin m1 m2 m3,8,2000-01-01 00:09:25,run/data/admin/debug.log,1963
253,00947a552e30c11efe862aceb8969c36c944915c1a87f35f646bbdc235c6e99f,1akrbuSTPkRMU7ztM65jGiNHd5t7DPrqV7pB8G,m1,4,admin m1 m2 m3,8,2000-01-01 00:09:27,run/data/admin/debug.log,1977
254,001891b5a8ade1f88aab375d3eb444558a20e0ce4bd543021ab43eccf494efb6,1DvpzaEbFEQsS6kv3UE1Mkc1XM2xPTJsinfjUr,m2,4,admin m1 m2 m3,11,2000-01-01 00:09:31,run/data/admin/debug.log,1991
254,00b974d2a8c857087901f2c553f17f89d91b09a678f3df4d11e05f0baa476024,1akrbuSTPkRMU7ztM65jGiNHd5t7DPrqV7pB8G,m1,4,admin m1 m2 m3,9,2000-01-01 00:09:31,run/data/admin/debug.log,2002
255,00f2adde344c88ad1df3b98e4dc03924ca87b5f91993b5f59e0aea082e81654f,1DvpzaEbFEQsS6kv3UE1Mkc1XM2xPTJsinfjUr,m2,4,admin m1 m2 m3,8,2000-01-01 00:09:33,run/data/admin/debug.log,2021
256,00a244f45105eefa33397315d8bf11be5ad1788fe6dc10b4ca070fef10b03eb8,1akrbuSTPkRMU7ztM65jGiNHd5t7DPrqV7pB8G,m1,4,admin m1 m2 m3,9,2000-01-01 00:09:36,run/data/admin/debug.log,2046
256,00d0dae00f1cf078340346ca6bad9b5a79009a552f9eeff6e35f08bf0ba89301,1DvpzaEbFEQsS6kv3UE1Mkc1XM2xPTJsinfjUr,m2,4,admin m1 m2 m3,11,2000-01-01 00:09:36,run/data/admin/debug.log,2035
257,000053d589def57d72a6886abc40a6e602d102f7969aa2a3098413beb9780cf7,1akrbuSTPkRMU7ztM65jGiNHd5t7DPrqV7pB8G,m1,4,admin m1 m2 m3,9,2000-01-01 00:09:39,run/data/admin/debug.log,2076
257,003567ab390decd111ab6a747b20fecd89b3da3e99c04c1f30054ab21b5976f1,1DvpzaEbFEQsS6kv3UE1Mkc1XM2xPTJsinfjUr,m2,4,admin m1 m2 m3,11,2000-01-01 00:09:39,run/data/admin/debug.log,2065
258,004733e4d7fec698ed77fbf3c83642eac9bacd61c21926928e6f51380ea0f3e5,1akrbuSTPkRMU7ztM65jGiNHd5t7DPrqV7pB8G,m1,4,admin m1 m2 m3,9,2000-01-01 00:09:43,run/data/admin/debug.log,2109
258,00ace16d0ef21c4f7b5cd3e3edddb0c94843776602e75484c1546392cb98ac2d,1DvpzaEbFEQsS6kv3UE1Mkc1XM2xPTJsinfjUr,m2,4,admin m1 m2 m3,11,2000-01-01 00:09:43,run/data/admin/debug.log,2098
259,007d2ac178e6e0bce0d645e5cf8a768a8ee7454188fdb4e2ab8109f0e2f38fc2,1akrbuSTPkRMU7ztM65jGiNHd5t7DPrqV7pB8G,m1,4,admin m1 m2 m3,8,2000-01-01 00:09:45,run/data/admin/debug.log,2128
260,00720525ec1bff0b222a2940f23dd3eb4df85b3886727618e332def62ddec9ef,1akrbuSTPkRMU7ztM65jGiNHd5t7DPrqV7pB8G,m1,4,admin m1 m2 m3,8,2000-01-01 00:09:48,run/data/admin/debug.log,2152
261,0087823ee0eefc64fdb05caec9ccab27ac0be20b13608c4b1e4b6a765955788c,1DvpzaEbFEQsS6kv3UE1Mkc1XM2xPTJsinfjUr,m2,4,admin m1 m2 m3,8,2000-01-01 00:09:51,run/data/admin/debug.log,2166
262,00183fec23fd1bf082be1088ff863db0912efcfac26abed7d13c30216060b7fe,1akrbuSTPkRMU7ztM65jGiNHd5t7DPrqV7pB8G,m1,4,admin m1 m2 m3,9,2000-01-01 00:09:54,run/data/admin/debug.log,2191
262,00b4b3025cb99aeda6ee9be498d00ab05bad2d0ec27ef6ce7aa96278de73a44f,1DvpzaEbFEQsS6kv3UE1Mkc1XM2xPTJsinfjUr,m2,4,admin m1 m2 m3,11,2000-01-01 00:09:54,run/data/admin/debug.log,2180
263,007dda66ca6b398732351bedb6a05b369e78487e070ae521c00dcb6a7f2e37a4,1akrbuSTPkRMU7ztM65jGiNHd5t7DPrqV7pB8G,m1,4,admin m1 m2 m3,8,2000-01-01 00:09:55,run/data/admin/debug.log,2210
264,005176c409200c9cc4ad81c7a5ea76c388cc4eca9cb5781d78aaf928b9a4a4af,1akrbuSTPkRMU7ztM65jGiNHd5t7DPrqV7pB8G,m1,4,admin m1 m2 m3,8,2000-01-01 00:09:59,run/data/admin/debug.log,2228
265,0052dd8318274da47caff2e180c44bf099ace2ae522c91631eedfbea2e674d86,1DvpzaEbFEQsS6kv3UE1Mkc1XM2xPTJsinfjUr,m2,4,admin m1 m2 m3,8,2000-01-01 00:10:00,run/data/admin/debug.log,2245
266,00392383e4b66eb63713420cef2defbc52cd23e54fd6f9332dbbc0c7c4321434,1DvpzaEbFEQsS6kv3UE1Mkc1XM2xPTJsinfjUr,m2,4,admin m1 m2 m3,8,2000-01-01 00:10:04,run/data/admin/debug.log,2259
267,0027fc9fd5bf3eb0f55926b6a986d49ef07e09f2397ec6bbc7c4b06e72f05c44,1akrbuSTPkRMU7ztM65jGiNHd5t7DPrqV7pB8G,m1,4,admin m1 m2 m3,8,2000-01-01 00:10:06,run/data/admin/debug.log,2273
268,0052b155bbffcb59c8716ac3730346489e1d79fb70a48a17a8d55a6741d921cf,1akrbuSTPkRMU7ztM65jGiNHd5t7DPrqV7pB8G,m1,4,admin m1 m2 m3,8,2000-01-01 00:10:09,run/data/admin/debug.log,2287
269,004321adac09e08a24eeaaa2535137b0f391c27b777d3c9e7f419a7670683526,1akrbuSTPkRMU7ztM65jGiNHd5t7DPrqV7pB8G,m1,4,admin m1 m2 m3,8,2000-01-01 00:10:12,run/data/admin/debug.log,2302
270,00e85315d65a740fb1d683c2f1f1fe7ceba74a86daa5511e833c7a2fea3c9c64,16qEPM3f15FH1SsM8yqz9HJ5nwpP3ba7whwkH4,m3,4,admin m1 m2 m3,8,2000-01-01 00:10:14,run/data/admin/debug.log,2317
271,000edbdebd0465fbbdc27d0c8b0ccecdbd8cde87d137fc3de7598ee9af642dc0,16qEPM3f15FH1SsM8yqz9HJ5nwpP3ba7whwkH4,m3,4,admin m1 m2 m3,8,2000-01-01 00:10:18,run/data/admin/debug.log,2331
272,0020fc932634494b77ae6a87afb6e0333a99b254c14fc0a9f37bf748ce7e9694,16qEPM3f15FH1SsM8yqz9HJ5nwpP3ba7whwkH4,m3,4,admin m1 m2 m3,8,2000-01-01 00:10:21,run/data/admin/debug.log,2345
273,0078d583ff9e2f41fffad761128e2fc8918dee4a32a2949757732858a9df516e,16qEPM3f15FH1SsM8yqz9HJ5nwpP3ba7whwkH4,m3,4,admin m1 m2 m3,11,2000-01-01 00:10:24,run/data/admin/debug.log,2359
273,00fbb51988e83c0029328ba44669c1cdaeb0f4168188ba9b32cec7547d3b7124,1akrbuSTPkRMU7ztM65jGiNHd5t7DPrqV7pB8G,m1,4,admin m1 m2 m3,9,2000-01-01 00:10:25,run/data/admin/debug.log,2373
274,004376ac008db22528607614a98012ad138730771998041ca7d348b53249fda6,16qEPM3f15FH1SsM8yqz9HJ5nwpP3ba7whwkH4,m3,4,admin m1 m2 m3,8,2000-01-01 00:10:28,run/data/admin/debug.log,2389
275,0063b98b965a776a85562beb97b2612ee71d533f313da5277f3d83b20b85b7e9,16qEPM3f15FH1SsM8yqz9HJ5nwpP3ba7whwkH4,m3,4,admin m1 m2 m3,8,2000-01-01 00:10:31,run/data/admin/debug.log,2403
276,00049a245662a87bb99a26765adb53c3daecf168b3133aa2e3805fb52395c91c,1DvpzaEbFEQsS6kv3UE1Mkc1XM2xPTJsinfjUr,m2,4,admin m1 m2 m3,8,2000-01-01 00:10:33,run/data/admin/debug.log,2417
277,0096a17472695eef7e552cb196b7f19aa41a26e423aeb6b8c232ba7f3837a258,1DvpzaEbFEQsS6kv3UE1Mkc1XM2xPTJsinfjUr,m2,4,admin m1 m2 m3,8,2000-01-01 00:10:37,run/data/admin/debug.log,2431
278,006dfa9ce0aaaadad66d5975419929886e5d2f7cded7c719eb9433c090e61173,1akrbuSTPkRMU7ztM65jGiNHd5t7DPrqV7pB8G,m1,4,admin m1 m2 m3,8,2000-01-01 00:10:38,run/data/admin/debug.log,2445
279,003df897b80dd17b3d32459f220720b8b0ee80759337bfda444efe5ebfef4144,1akrbuSTPkRMU7ztM65jGiNHd5t7DPrqV7pB8G,m1,4,admin m1 m2 m3,8,2000-01-01 00:10:41,run/data/admin/debug.log,2460
280,001eb83d6ab3ca42fa436f1b55b3f878736b15cba9a4b471dc7921e9f808811e,1akrbuSTPkRMU7ztM65jGiNHd5t7DPrqV7pB8G,m1,4,admin m1 m2 m3,8,2000-01-01 00:10:44,run/data/admin/debug.log,2474
281,00483a9ca94b42dd69f263a628c38f3048c74ef66c255bd9449093eea2627702,1akrbuSTPkRMU7ztM65jGiNHd5t7DPrqV7pB8G,m1,4,admin m1 m2 m3,8,2000-01-01 00:10:46,run/data/admin/debug.log,2488
282,00b1ca2d5ddb5c28eb802022c393b290a1aef6c035ae7893e376ebda9c0d16e6,1akrbuSTPkRMU7ztM65jGiNHd5t7DPrqV7pB8G,m1,4,admin m1 m2 m3,8,2000-01-01 00:10:49,run/data/admin/debug.log,2503
283,001f120edd1afff4257e2b3c11f56f07657490bcbbd92f87184d88831b8d95ca,1akrbuSTPkRMU7ztM65jGiNHd5t7DPrqV7pB8G,m1,4,admin m1 m2 m3,8,2000-01-01 00:10:51,run/data/admin/debug.log,2517
284,00ae15ab1e4b64a993d7c9bf3f8dfc9837662b900217acd20542e0a13d594f43,1akrbuSTPkRMU7ztM65jGiNHd5t7DPrqV7pB8G,m1,4,admin m1 m2 m3,8,2000-01-01 00:10:54,run/data/admin/debug.log,2531
285,005a3ab5d4d8a0aebe93586d1515b389212e5c6881330b7e3b48aa6128af4261,1akrbuSTPkRMU7ztM65jGiNHd5t7DPrqV7pB8G,m1,4,admin m1 m2 m3,8,2000-01-01 00:10:56,run/data/admin/debug.log,2545
286,005b213214b44598e36e400bb09ab093989060f6227b8fbb55ef2bd6613f412c,1akrbuSTPkRMU7ztM65jGiNHd5t7DPrqV7pB8G,m1,4,admin m1 m2 m3,8,2000-01-01 00:10:58,run/data/admin/debug.log,2559
287,00d97193c3f62a27ce7a1f3b2e01f609fecde5570536d3d0285d6a0d924aa306,1akrbuSTPkRMU7ztM65jGiNHd5t7DPrqV7pB8G,m1,4,admin m1 m2 m3,8,2000-01-01 00:11:00,run/data/admin/debug.log,2573
288,0042ab0e1d311f20e4b696991781fe36afff3ae8874e197a8171f28851c4b1cb,1akrbuSTPkRMU7ztM65jGiNHd5t7DPrqV7pB8G,m1,4,admin m1 m2 m3,8,2000-01-01 00:11:02,run/data/admin/debug.log,2587
289,00550225cd88d66e46b0931c1068a239705cc925e0723e7421b47458e2cfc070,1akrbuSTPkRMU7ztM65jGiNHd5t7DPrqV7pB8G,m1,4,admin m1 m2 m3,8,2000-01-01 00:11:06,run/data/admin/debug.log,2601
290,005eab68ac04f98b7e50ad75e11d292073e847acbd8e506ff8eb97d15941aedd,1akrbuSTPkRMU7ztM65jGiNHd5t7DPrqV7pB8G,m1,4,admin m1 m2 m3,8,2000-01-01 00:11:07,run/data/admin/debug.log,2615
291,000ebf8c16c0863f8fd3ba248f82f6aff4c07fe2bfebc540b88626a19a20a4ff,1akrbuSTPkRMU7ztM65jGiNHd5t7DPrqV7pB8G,m1,4,admin m1 m2 m3,8,2000-01-01 00:11:09,run/data/admin/debug.log,2629
292,00eb176d03982e2a44d4433131df8f5956a5507d420a441432cac3a8709fcc14,1akrbuSTPkRMU7ztM65jGiNHd5t7DPrqV7pB8G,m1,4,admin m1 m2 m3,8,2000-01-01 00:11:12,run/data/admin/debug.log,2645
293,00ce223a98f0cfbde5a1bad0cf48c1159210ecfb7cc0f6947b31cd2c6fb3b731,1akrbuSTPkRMU7ztM65jGiNHd5t7DPrqV7pB8G,m1,4,admin m1 m2 m3,8,2000-01-01 00:11:16,run/data/admin/debug.log,2659
294,006b529fdf7faa5f9880554dec081caa01ced1256e73f50ee653c30d71169997,1akrbuSTPkRMU7ztM65jGiNHd5t7DPrqV7pB8G,m1,4,admin m1 m2 m3,8,2000-01-01 00:11:19,run/data/admin/debug.log,2674
295,00686d3af68419bc79b658efa7ee4f71532b10ae12e08a3434a25acdc2d88acb,1akrbuSTPkRMU7ztM65jGiNHd5t7DPrqV7pB8G,m1,4,admin m1 m2 m3,8,2000-01-01 00:11:21,run/data/admin/debug.log,2688
296,0041327124f7dac3aab2d3720cc12e2a93dba155366ac82049a2a32549d3b4bb,1akrbuSTPkRMU7ztM65jGiNHd5t7DPrqV7pB8G,m1,4,admin m1 m2 m3,8,2000-01-01 00:11:23,run/data/admin/debug.log,2702
297,00ba4d66cee0a96998fbb23e4bb54008c50fca9e327f0bfb08715acbc47c263c,1akrbuSTPkRMU7ztM65jGiNHd5t7DPrqV7pB8G,m1,4,admin m1 m2 m3,8,2000-01-01 00:11:26,run/data/admin/debug.log,2716
298,003d6801c119bbbf11eebdbb1c9fab09d1767da8a0dca399ad2dbd8a4b37f497,1akrbuSTPkRMU7ztM65jGiNHd5t7DPrqV7pB8G,m1,4,admin m1 m2 m3,8,2000-01-01 00:11:28,run/data/admin/debug.log,2730
299,00090de19e15cb8387687d6ca2b48de8563aaccaac7c63771cb111adf37d1220,1akrbuSTPkRMU7ztM65jGiNHd5t7DPrqV7pB8G,m1,4,admin m1 m2 m3,8,2000-01-01 00:11:30,run/data/admin/debug.log,2744
300,0046ba7d8cd3ec8211708bac43b87560d3cf610477b67b2ba2729ca915c216d5,1akrbuSTPkRMU7ztM65jGiNHd5t7DPrqV7pB8G,m1,4,admin m1 m2 m3,8,2000-01-01 00:11:32,run/data/admin/debug.log,2758
301,00f11e924d5ad9117f5b2dfaa45449382f73e74f4408123c0a617798bed8594a,1akrbuSTPkRMU7ztM65jGiNHd5t7DPrqV7pB8G,m1,4,admin m1 m2 m3,8,2000-01-01 00:11:35,run/data/admin/debug.log,2772
302,00efdb4c3478ec6e1260a79724743515170f2c4f62bff4dde0ea7bdfcecf5158,1akrbuSTPkRMU7ztM65jGiNHd5t7DPrqV7pB8G,m1,4,admin m1 m2 m3,8,2000-01-01 00:11:36,run/data/admin/debug.log,2786
303,0084b2616b0bd85ecdad2b978dd85b3dfdaa54057d7bd383eaa9433be7a0ae75,1akrbuSTPkRMU7ztM65jGiNHd5t7DPrqV7pB8G,m1,4,admin m1 m2 m3,8,2000-01-01 00:11:39,run/data/admin/debug.log,2800
304,002a83932bd05400ab655b80e67dd946d249252d6f37e0daa4150d342b1c871a,16qEPM3f15FH1SsM8yqz9HJ5nwpP3ba7whwkH4,m3,4,admin m1 m2 m3,9,2000-01-01 00:11:43,run/data/admin/debug.log,2826
304,00539c1c309a30aff692b74ae64c2c6c9abf008275f5ba72c0b4981d37de4bed,1akrbuSTPkRMU7ztM65jGiNHd5t7DPrqV7pB8G,m1,4,admin m1 m2 m3,11,2000-01-01 00:11:42,run/data/admin/debug.log,2815
305,001709017a8c9392a1f8b720123df0401eb3e82c5b3481d3b190762491fcc628,1akrbuSTPkRMU7ztM65jGiNHd5t7DPrqV7pB8G,m1,4,admin m1 m2 m3,8,2000-01-01 00:11:44,run/data/admin/debug.log,2845
306,003295d82482c8981ad99de8c61ad7ff560c231d60b1d056695cd5ee38705023,1DvpzaEbFEQsS6kv3UE1Mkc1XM2xPTJsinfjUr,m2,4,admin m1 m2 m3,8,2000-01-01 00:11:47,run/data/admin/debug.log,2860
307,002ad33488691dfbab3d14815360c5af8856031f4677a1a7d3d155fe5e935b66,1akrbuSTPkRMU7ztM65jGiNHd5t7DPrqV7pB8G,m1,4,admin m1 m2 m3,8,2000-01-01 00:11:50,run/data/admin/debug.log,2874
308,00e9471ffc7af648f8dfc85e08fb11fc17aebfbccc52eb655292a48a4b01661c,1akrbuSTPkRMU7ztM65jGiNHd5t7DPrqV7pB8G,m1,4,admin m1 m2 m3,8,2000-01-01 00:11:52,run/data/admin/debug.log,2888
309,001c7a859095521e576cbee8c34135dfb4b8c97c76b101f65dae50c0f2f35958,1akrbuSTPkRMU7ztM65jGiNHd5t7DPrqV7pB8G,m1,4,admin m1 m2 m3,8,2000-01-01 00:11:55,run/data/admin/debug.log,2902
310,007f490b87c775b5008ffad52622288391e3d2bc19ea94e32c25695660c16106,1DvpzaEbFEQsS6kv3UE1Mkc1XM2xPTJsinfjUr,m2,4,admin m1 m2 m3,8,2000-01-01 00:11:58,run/data/admin/debug.log,2916
311,0087bed2db891a8f999ed0d261b9bf15c35e61685a33b785fc1d6b736ffeb878,1DvpzaEbFEQsS6kv3UE1Mkc1XM2xPTJsinfjUr,m2,4,admin m1 m2 m3,11,2000-01-01 00:12:01,run/data/admin/debug.log,2933
311,00c2d9cc34082647d24b0de8c10f8db9255e82cf0bb5859ce52cfa5a05dae506,1akrbuSTPkRMU7ztM65jGiNHd5t7DPrqV7pB8G,m1,4,admin m1 m2 m3,9,2000-01-01 00:12:02,run/data/admin/debug.log,2947
312,00aa179805293500142a71a8d3adbb95fbe4eb9b2890c4d80b9bdd03a25fcb84,1DvpzaEbFEQsS6kv3UE1Mkc1XM2xPTJsinfjUr,m2,4,admin m1 m2 m3,8,2000-01-01 00:12:03,run/data/admin/debug.log,2963
313,006d88f9f66998a26688b351058d97ec5fda87801b8e00c86ec19e720e5fd82c,1akrbuSTPkRMU7ztM65jGiNHd5t7DPrqV7pB8G,m1,4,admin m1 m2 m3,8,2000-01-01 00:12:05,run/data/admin/debug.log,2977
314,00555fc17b38a5929aa7129d18ff26f3f0f11e6dde226788126bbe7409775260,1akrbuSTPkRMU7ztM65jGiNHd5t7DPrqV7pB8G,m1,4,admin m1 m2 m3,8,2000-01-01 00:12:07,run/data/admin/debug.log,2991
315,00efb2395ab94efd376c6c3810482e0593fffb36c279bca5014bb6d869ae3931,1akrbuSTPkRMU7ztM65jGiNHd5t7DPrqV7pB8G,m1,4,admin m1 m2 m3,8,2000-01-01 00:12:09,run/data/admin/debug.log,3005
316,00606a29bcbfc5af62f0596cbf52a4ce2fe8d13af2b472dfa0b3d75f75406c8d,1akrbuSTPkRMU7ztM65jGiNHd5t7DPrqV7pB8G,m1,4,admin m1 m2 m3,8,2000-01-01 00:12:12,run/data/admin/debug.log,3022
317,00115db13bd63751790abdb2b4002dc0e37055edcbb89c4a7b6b4ee4a82985f7,16qEPM3f15FH1SsM8yqz9HJ5nwpP3ba7whwkH4,m3,4,admin m1 m2 m3,9,2000-01-01 00:12:16,run/data/admin/debug.log,3048
317,00def7a6b55a61df3e151f079a39930793f33641dbf504683422977239e02ad3,1akrbuSTPkRMU7ztM65jGiNHd5t7DPrqV7pB8G,m1,4,admin m1 m2 m3,11,2000-01-01 00:12:15,run/data/admin/debug.log,3036
318,00d872cc6e3364caeb8f5c40b543b22836e9d022380bb7eac5a192b3c3551f6a,1akrbuSTPkRMU7ztM65jGiNHd5t7DPrqV7pB8G,m1,4,admin m1 m2 m3,8,2000-01-01 00:12:16,run/data/admin/debug.log,3067
319,00a722460d9aced3c6e885d9f652bcdddc8033dde8fd26c65a8f0047d71a7f05,1akrbuSTPkRMU7ztM65jGiNHd5t7DPrqV7pB8G,m1,4,admin m1 m2 m3,8,2000-01-01 00:12:19,run/data/admin/debug.log,3081
320,00e82c239b1704d0c89fe42e4354e6a60a29c3c810e7344f3d3d5cbd01b6ad2a,1akrbuSTPkRMU7ztM65jGiNHd5t7DPrqV7pB8G,m1,4,admin m1 m2 m3,8,2000-01-01 00:12:22,run/data/admin/debug.log,3095
321,0045450d31feb6c9894cd2c7ae6dc091ba53ea572af90616fac5c52e552d2250,1akrbuSTPkRMU7ztM65jGiNHd5t7DPrqV7pB8G,m1,4,admin m1 m2 m3,11,2000-01-01 00:12:25,run/data/admin/debug.log,3109
321,008ae98603571f481a90cd59860d4dbcf04e62baa6b78d614bf9242a6bfb4291,16qEPM3f15FH1SsM8yqz9HJ5nwpP3ba7whwkH4,m3,4,admin m1 m2 m3,9,2000-01-01 00:12:25,run/data/admin/debug.log,3120
322,009f0b0b31120ec2e0bbec6791b57e4e21356fae52e43d8c2895d1c653a988ca,16qEPM3f15FH1SsM8yqz9HJ5nwpP3ba7whwkH4,m3,4,admin m1 m2 m3,8,2000-01-01 00:12:27,run/data/admin/debug.log,3139
323,0096e180902f7c9b4d8d5d7eb4fea019961a85a93a605d296e58e9ba7a8b3199,1akrbuSTPkRMU7ztM65jGiNHd5t7DPrqV7pB8G,m1,4,admin m1 m2 m3,8,2000-01-01 00:12:29,run/data/admin/debug.log,3157
324,003b7664a5723d995ea48338cfd7a35cc8ff2a0715dd225226bc4d98169ea7a8,1akrbuSTPkRMU7ztM65jGiNHd5t7DPrqV7pB8G,m1,4,admin m1 m2 m3,8,2000-01-01 00:12:32,run/data/admin/debug.log,3171
325,008c261bef09fed74afe42acd5679364760044d950259c36f56661f321ad5339,1akrbuSTPkRMU7ztM65jGiNHd5t7DPrqV7pB8G,m1,4,admin m1 m2 m3,11,2000-01-01 00:12:35,run/data/admin/debug.log,3185
325,0099b3b0e59b320f9f76399b5258fcb2924025dd2e3923ad33ae3e968477d78a,16qEPM3f15FH1SsM8yqz9HJ5nwpP3ba7whwkH4,m3,4,admin m1 m2 m3,9,2000-01-01 00:12:35,run/data/admin/debug.log,3196
326,009e84e82cd4e9a5d54cae9eb0bbca8ae0ec72dd9939faa14c568e453c2760ed,1akrbuSTPkRMU7ztM65jGiNHd5t7DPrqV7pB8G,m1,4,admin m1 m2 m3,8,2000-01-01 00:12:38,run/data/admin/debug.log,3215
327,001094fdad84e58fbba767a44afb80e5b10f1a88d6e9c5d169a3e5f38e03dadd,1akrbuSTPkRMU7ztM65jGiNHd5t7DPrqV7pB8G,m1,4,admin m1 m2 m3,8,2000-01-01 00:12:39,run/data/admin/debug.log,3229
328,008223b226979c13ecbf265da4bb37155210710531ff913ed9b4bc304aca0b1b,16qEPM3f15FH1SsM8yqz9HJ5nwpP3ba7whwkH4,m3,4,admin m1 m2 m3,11,2000-01-01 00:12:42,run/data/admin/debug.log,3244
328,00f294909b960602ed7821588330a82b1b06f4004caa8663a7b64a20fae23de8,1DvpzaEbFEQsS6kv3UE1Mkc1XM2xPTJsinfjUr,m2,4,admin m1 m2 m3,9,2000-01-01 00:12:42,run/data/admin/debug.log,3255
329,0040f8a7208f048a22c71ad028330cd1c2b30b9dc647c06a1e1fde80b03f9ef4,16qEPM3f15FH1SsM8yqz9HJ5nwpP3ba7whwkH4,m3,4,admin m1 m2 m3,11,2000-01-01 00:12:44,run/data/admin/debug.log,3274
329,00f9af2349d43430c2d1166d8d537750a37c6230b338c7f4fdc106841a03ed61,1DvpzaEbFEQsS6kv3UE1Mkc1XM2xPTJsinfjUr,m2,4,admin m1 m2 m3,9,2000-01-01 00:12:44,run/data/admin/debug.log,3285
330,00e272e8445772976cf35fec54d4bc14815d2fffd75e51b2f22a423d871e7a2d,1DvpzaEbFEQsS6kv3UE1Mkc1XM2xPTJsinfjUr,m2,4,admin m1 m2 m3,8,2000-01-01 00:12:46,run/data/admin/debug.log,3305
331,00494081661e5806ad862380f3fe3e34ba628d06df8515a4e03b762a41a122e5,1DvpzaEbFEQsS6kv3UE1Mkc1XM2xPTJsinfjUr,m2,4,admin m1 m2 m3,8,2000-01-01 00:12:48,run/data/admin/debug.log,3326
332,001db79576555b8694cb9cb94843e25029d7d998364927f00b600fc0c84a1c4e,1DvpzaEbFEQsS6kv3UE1Mkc1XM2xPTJsinfjUr,m2,4,admin m1 m2 m3,8,2000-01-01 00:12:51,run/data/admin/debug.log,3340
333,00eb8b096545422b98b3a970f95b87cc1875049616880a0eb69ddd9f43f9ab8d,1DvpzaEbFEQsS6kv3UE1Mkc1XM2xPTJsinfjUr,m2,4,admin m1 m2 m3,8,2000-01-01 00:12:53,run/data/admin/debug.log,3354
334,00a6028eaf309ef36616d087932ed12a70243fd1ed8fd0cd421c5572eb6f821d,1akrbuSTPkRMU7ztM65jGiNHd5t7DPrqV7pB8G,m1,4,admin m1 m2 m3,8,2000-01-01 00:12:56,run/data/admin/debug.log,3368
335,00b0ed144211e26200535cdc0e8ea65b946dff90bd14bfc44a628fb4765718a1,1akrbuSTPkRMU7ztM65jGiNHd5t7DPrqV7pB8G,m1,4,admin m1 m2 m3,8,2000-01-01 00:12:58,run/data/admin/debug.log,3382
336,00475ec0b5c14560627c191e94b6b5da38e7e915efb39eb1e72c378eb6b04fd0,1akrbuSTPkRMU7ztM65jGiNHd5t7DPrqV7pB8G,m1,4,admin m1 m2 m3,8,2000-01-01 00:13:01,run/data/admin/debug.log,3396
337,00aa83716b904978de726be9522c4f51dbd8246d5e30651af62ca175c350f12f,1akrbuSTPkRMU7ztM65jGiNHd5t7DPrqV7pB8G,m1,4,admin m1 m2 m3,8,2000-01-01 00:13:03,run/data/admin/debug.log,3410
338,004922307bbd16526f2349aab60fce8048c4e01c6b1b5432266c9072c89752e4,1akrbuSTPkRMU7ztM65jGiNHd5t7DPrqV7pB8G,m1,4,admin m1 m2 m3,8,2000-01-01 00:13:04,run/data/admin/debug.log,3424
339,0003b220578e695ab0c9803d3902c2e02781d38695a5042f96bedd7947d85a60,1DvpzaEbFEQsS6kv3UE1Mkc1XM2xPTJsinfjUr,m2,4,admin m1 m2 m3,9,2000-01-01 00:13:07,run/data/admin/debug.log,3449
339,0024f2871f77637e89695904c43b2f3c7bcdbba82d235a1376bc703daf9d5b4d,16qEPM3f15FH1SsM8yqz9HJ5nwpP3ba7whwkH4,m3,4,admin m1 m2 m3,11,2000-01-01 00:13:07,run/data/admin/debug.log,3438
340,007f3332b68ee897c6aa64706a73a0127fc124d1e80a26ccf5af5174245a0855,1DvpzaEbFEQsS6kv3UE1Mkc1XM2xPTJsinfjUr,m2,4,admin m1 m2 m3,9,2000-01-01 00:13:11,run/data/admin/debug.log,3479
340,00f6b8c5c4f33e7042a4fc887f962668df615f810fde4550508b3235788c9061,16qEPM3f15FH1SsM8yqz9HJ5nwpP3ba7whwkH4,m3,4,admin m1 m2 m3,11,2000-01-01 00:13:11,run/data/admin/debug.log,3468
341,005482259de185f8c5d86e05f658a4bf8397a042f6f610f947d1e284d20a6d66,16qEPM3f15FH1SsM8yqz9HJ5nwpP3ba7whwkH4,m3,4,admin m1 m2 m3,11,2000-01-01 00:13:14,run/data/admin/debug.log,3499
341,00b197c7eea30d1334b348e376367f56953813409a0923614258dad6dfaaad74,1DvpzaEbFEQsS6kv3UE1Mkc1XM2xPTJsinfjUr,m2,4,admin m1 m2 m3,9,2000-01-01 00:13:14,run/data/admin/debug.log,3510
342,00c2acdfff8f062b41bbea7d57d159a0905356f8e991daf581a6b9611e604e75,1DvpzaEbFEQsS6kv3UE1Mkc1XM2xPTJsinfjUr,m2,4,admin m1 m2 m3,8,2000-01-01 00:13:16,run/data/admin/debug.log,3530
343,00d24483c144c0f57552b078fa12cecfd527934ae3c4f92a9177b50cd94a50e6,1akrbuSTPkRMU7ztM65jGiNHd5t7DPrqV7pB8G,m1,4,admin m1 m2 m3,8,2000-01-01 00:13:18,run/data/admin/debug.log,3554
344,00d45a206aba403497d1e2ba7c111bac59a9c9f1e6eca95972874ad20ca2eb43,1akrbuSTPkRMU7ztM65jGiNHd5t7DPrqV7pB8G,m1,4,admin m1 m2 m3,8,2000-01-01 00:13:21,run/data/admin/debug.log,3568
345,0004a57e952a3e0b90eb93b316fbab6e35a532e42eac619273d4a210b617e942,16qEPM3f15FH1SsM8yqz9HJ5nwpP3ba7whwkH4,m3,4,admin m1 m2 m3,9,2000-01-01 00:13:25,run/data/admin/debug.log,3593
345,00ffb35d55999016303c9f3eef32cfd4ec71ca0a26cf06de7c3477add7ff062c,1akrbuSTPkRMU7ztM65jGiNHd5t7DPrqV7pB8G,m1,4,admin m1 m2 m3,11,2000-01-01 00:13:25,run/data/admin/debug.log,3582
346,004243966d03e1adb337c0c641ecd6d289c069615bf16334b7872b9f3abf0bc1,1akrbuSTPkRMU7ztM65jGiNHd5t7DPrqV7pB8G,m1,4,admin m1 m2 m3,8,2000-01-01 00:13:28,run/data/admin/debug.log,3612
347,00bbe19281d70b106d8ac69a1820721dd66873b351d383c34e603799c1d6e9d1,1akrbuSTPkRMU7ztM65jGiNHd5t7DPrqV7pB8G,m1,4,admin m1 m2 m3,8,2000-01-01 00:13:30,run/data/admin/debug.log,3626
348,005102e9aeb98b4f2597aa76ae0a30ca7107cf789a98522fdca84c11a83881b1,16qEPM3f15FH1SsM8yqz9HJ5nwpP3ba7whwkH4,m3,4,admin m1 m2 m3,9,2000-01-01 00:13:34,run/data/admin/debug.log,3651
348,0074662bd3628c5306dfec237a11e1c265e1ed1524b42f314776d89a432209c4,1akrbuSTPkRMU7ztM65jGiNHd5t7DPrqV7pB8G,m1,4,admin m1 m2 m3,11,2000-01-01 00:13:33,run/data/admin/debug.log,3640
349,008b589e1a18cc38948905ff1251499a6a590b1c7f77dbb76f019e19c1ac7fdf,1akrbuSTPkRMU7ztM65jGiNHd5t7DPrqV7pB8G,m1,4,admin m1 m2 m3,8,2000-01-01 00:13:36,run/data/admin/debug.log,3670
350,00ff59725f3fa80960cec06ceb89cdf7841ba22f9f109fced66a4f617a013128,1akrbuSTPkRMU7ztM65jGiNHd5t7DPrqV7pB8G,m1,4,admin m1 m2 m3,8,2000-01-01 00:13:37,run/data/admin/debug.log,3684
351,0061f07766958ca0231722193724b64070c93be0fd0f49923341b04b1921adee,16qEPM3f15FH1SsM8yqz9HJ5nwpP3ba7whwkH4,m3,4,admin m1 m2 m3,8,2000-01-01 00:13:39,run/data/admin/debug.log,3698
352,0081da7a5105b16b6f924ff3a31db7196c9e1d42068708035e6a12b94b1c4f36,1akrbuSTPkRMU7ztM65jGiNHd5t7DPrqV7pB8G,m1,4,admin m1 m2 m3,8,2000-01-01 00:13:41,run/data/admin/debug.log,3712
353,00d153a6380863e1d3c1f77c9b5acdb490e1ba93d4881ed7ae7aad26fc46ec68,1akrbuSTPkRMU7ztM65jGiNHd5t7DPrqV7pB8G,m1,4,admin m1 m2 m3,8,2000-01-01 00:13:44,run/data/admin/debug.log,3728
354,004319aa5c7d730b158ac697eb986ddc0f3fc7b3067ca1d570377042fd54582b,16qEPM3f15FH1SsM8yqz9HJ5nwpP3ba7whwkH4,m3,4,admin m1 m2 m3,9,2000-01-01 00:13:48,run/data/admin/debug.log,3754
354,00f4119ede7eed83865b3e5a8ba75a9a9f9263d7b3756e42bbc957d628d830c1,1akrbuSTPkRMU7ztM65jGiNHd5t7DPrqV7pB8G,m1,4,admin m1 m2 m3,11,2000-01-01 00:13:48,run/data/admin/debug.log,3743
355,00aaacadd32bcf3e7d150f4c407a5ba1e1b9fc9d9061a85d621ce1b457d7428d,1akrbuSTPkRMU7ztM65jGiNHd5t7DPrqV7pB8G,m1,4,admin m1 m2 m3,8,2000-01-01 00:13:51,run/data/admin/debug.log,3773
356,005d2b16df205464324e0de95df852cb4dfbd6f66f69a63c287de4b1711796ae,1akrbuSTPkRMU7ztM65jGiNHd5t7DPrqV7pB8G,m1,4,admin m1 m2 m3,8,2000-01-01 00:13:54,run/data/admin/debug.log,3787
357,009986e8d52a80d5c85f99ded2933a3f98acaf45ae938dae2ed26a0aaaa22a4a,1akrbuSTPkRMU7ztM65jGiNHd5t7DPrqV7pB8G,m1,4,admin m1 m2 m3,8,2000-01-01 00:13:56,run/data/admin/debug.log,3801
358,00d3620bf15c6738356e99df747a0e79e04e218c352ae3ee9c2e79ed8f26f8fb,1akrbuSTPkRMU7ztM65jGiNHd5t7DPrqV7pB8G,m1,4,admin m1 m2 m3,8,2000-01-01 00:13:59,run/data/admin/debug.log,3815
359,002844858389793fb7f103c8c30a1cc5e9ea0f3bb258da6ff7082021789818b2,1akrbuSTPkRMU7ztM65jGiNHd5t7DPrqV7pB8G,m1,4,admin m1 m2 m3,8,2000-01-01 00:14:02,run/data/admin/debug.log,3832
360,0083039bc523beb46f5c5d6642f618ceb14b238be4523880d654d56f25d0f045,1DvpzaEbFEQsS6kv3UE1Mkc1XM2xPTJsinfjUr,m2,4,admin m1 m2 m3,8,2000-01-01 00:14:05,run/data/admin/debug.log,3846
361,000559187264acdc1f4bb5d7c4ae621ed0584cb712571611bce835d20145600e,1akrbuSTPkRMU7ztM65jGiNHd5t7DPrqV7pB8G,m1,4,admin m1 m2 m3,8,2000-01-01 00:14:07,run/data/admin/debug.log,3860
362,004ef7f2d1446ce4254c7c618241fad4487e309f751c4852f02813eabf946855,1akrbuSTPkRMU7ztM65jGiNHd5t7DPrqV7pB8G,m1,4,admin m1 m2 m3,8,2000-01-01 00:14:09,run/data/admin/debug.log,3874
363,00b0d34f17f32d06490843e56075cb80bfe4e7389572b662b723c77563a319ed,1akrbuSTPkRMU7ztM65jGiNHd5t7DPrqV7pB8G,m1,4,admin m1 m2 m3,8,2000-01-01 00:14:11,run/data/admin/debug.log,3888
364,000b6d96d73e35521334e94cc69383b57445ad52b83b0788f9ebb1dac3ada335,1akrbuSTPkRMU7ztM65jGiNHd5t7DPrqV7pB8G,m1,4,admin m1 m2 m3,8,2000-01-01 00:14:13,run/data/admin/debug.log,3903
365,006463a55a77429d590762b2b8bd66b94edaf8920263127a65fe602a8086923d,1akrbuSTPkRMU7ztM65jGiNHd5t7DPrqV7pB8G,m1,4,admin m1 m2 m3,8,2000-01-01 00:14:16,run/data/admin/debug.log,3917
366,00ce75e1f4b947bf0c37deb2253f8d8ec93aa2a9ad0aaa0c40833b8c94fc9f88,1akrbuSTPkRMU7ztM65jGiNHd5t7DPrqV7pB8G,m1,4,admin m1 m2 m3,11,2000-01-01 00:14:20,run/data/admin/debug.log,3932
366,00e7fab2f8867f080f1562738a25fd179f9941ddbf20a297a930e5479627bae5,1DvpzaEbFEQsS6kv3UE1Mkc1XM2xPTJsinfjUr,m2,4,admin m1 m2 m3,9,2000-01-01 00:14:20,run/data/admin/debug.log,3943
367,007741656f8e69cb59434f627de9451e23d2532c2caa6a7c302b53778d49473c,1akrbuSTPkRMU7ztM65jGiNHd5t7DPrqV7pB8G,m1,4,admin m1 m2 m3,8,2000-01-01 00:14:22,run/data/admin/debug.log,3962
368,0094c8d8366fd60aec6f08449102d7b8ce53adeb2d0f1e41bac37e5601d8da65,1akrbuSTPkRMU7ztM65jGiNHd5t7DPrqV7pB8G,m1,4,admin m1 m2 m3,8,2000-01-01 00:14:25,run/data/admin/debug.log,3976
369,0016957c5f7e2f046de500f85fc4af0b4396d021af4333216446bdbe294ad810,1DvpzaEbFEQsS6kv3UE1Mkc1XM2xPTJsinfjUr,m2,4,admin m1 m2 m3,10,2000-01-01 00:14:29,run/data/admin/debug.log,4017
369,00d42fade1850b95b3e56186825e9f083f5beb8db2f329cf12b02eb20d7d0373,16qEPM3f15FH1SsM8yqz9HJ5nwpP3ba7whwkH4,m3,4,admin m1 m2 m3,12,2000-01-01 00:14:29,run/data/admin/debug.log,4001
369,00f9f6855b3585a2aac997131d3318e751a94172be2f0caec19decd217ade84a,1akrbuSTPkRMU7ztM65jGiNHd5t7DPrqV7pB8G,m1,4,admin m1 m2 m3,14,2000-01-01 00:14:28,run/data/admin/debug.log,3990
370,00699942e07edd8c57c2f541a91bfa909cc7658060d9d3eca1b93a398b91230e,1akrbuSTPkRMU7ztM65jGiNHd5t7DPrqV7pB8G,m1,4,admin m1 m2 m3,8,2000-01-01 00:14:30,run/data/admin/debug.log,4041
371,0045ed02826dcf64bd2ac2f1730165d3063e66d8ff5b3b752cd63e0d0c139140,1akrbuSTPkRMU7ztM65jGiNHd5t7DPrqV7pB8G,m1,4,admin m1 m2 m3,8,2000-01-01 00:14:32,run/data/admin/debug.log,4055
372,002dacf4aa4a702a44c66982f2d77e20d83ca69225aed4b8c398fcc4e7be1343,1DvpzaEbFEQsS6kv3UE1Mkc1XM2xPTJsinfjUr,m2,4,admin m1 m2 m3,9,2000-01-01 00:14:35,run/data/admin/debug.log,4080
372,0093fd4a0f91883101c53f67eadfbc783f4f699bddcbe5bc718b2fb090d01ade,1akrbuSTPkRMU7ztM65jGiNHd5t7DPrqV7pB8G,m1,4,admin m1 m2 m3,11,2000-01-01 00:14:35,run/data/admin/debug.log,4069
373,00d45276d1df94b13c44383083a309d16ac71a768481eeba3a3e99ef0419b4d6,1akrbuSTPkRMU7ztM65jGiNHd5t7DPrqV7pB8G,m1,4,admin m1 m2 m3,8,2000-01-01 00:14:37,run/data/admin/debug.log,4099
374,009ee87983b4f10eb7e1d75013a7dda6e15230ce31fc055f64df821c034d5229,1akrbuSTPkRMU7ztM65jGiNHd5t7DPrqV7pB8G,m1,4,admin m1 m2 m3,8,2000-01-01 00:14:39,run/data/admin/debug.log,4113
375,0058a4fe1a85e3ba191c9660b0f22cbf909ffd3a6d540e87bf25f83ddede0ddd,1DvpzaEbFEQsS6kv3UE1Mkc1XM2xPTJsinfjUr,m2,4,admin m1 m2 m3,9,2000-01-01 00:14:43,run/data/admin/debug.log,4140
375,00b8a62ba68b8c904090e40edcb12c3d6b4e82e6cf24782490e1f9058893aedb,1akrbuSTPkRMU7ztM65jGiNHd5t7DPrqV7pB8G,m1,4,admin m1 m2 m3,11,2000-01-01 00:14:43,run/data/admin/debug.log,4129
376,00b045d6792889299715839799286a23508b8464b117417d1c9a94708821d7d0,1akrbuSTPkRMU7ztM65jGiNHd5t7DPrqV7pB8G,m1,4,admin m1 m2 m3,8,2000-01-01 00:14:46,run/data/admin/debug.log,4159
377,00d7e124617dabb8161e36f022f868cf8dee0b1b9348932f8be6ab7df27f540d,1akrbuSTPkRMU7ztM65jGiNHd5t7DPrqV7pB8G,m1,4,admin m1 m2 m3,8,2000-01-01 00:14:48,run/data/admin/debug.log,4173
378,0071fd746b1c86b0611fc342cf73f22227f9e42bcc1cb3db44ff450efde0aeee,1akrbuSTPkRMU7ztM65jGiNHd5t7DPrqV7pB8G,m1,4,admin m1 m2 m3,8,2000-01-01 00:14:51,run/data/admin/debug.log,4188
379,004a9a28c1d1ab8acee69f4e4e04325e951ce46fe726f63a5696f7d6bd542f28,1akrbuSTPkRMU7ztM65jGiNHd5t7DPrqV7pB8G,m1,4,admin m1 m2 m3,8,2000-01-01 00:14:54,run/data/admin/debug.log,4202
380,00dc9054a2c08a46683e2ac6f7aedaa3c0bd0130b1ac1fddad2f8f9ce49824a5,1akrbuSTPkRMU7ztM65jGiNHd5t7DPrqV7pB8G,m1,4,admin m1 m2 m3,8,2000-01-01 00:14:57,run/data/admin/debug.log,4216
381,0011846e6184c26b7c53037ec32bfcbe38a41e19f1c11cc0a8160b7e5242a545,16qEPM3f15FH1SsM8yqz9HJ5nwpP3ba7whwkH4,m3,4,admin m1 m2 m3,12,2000-01-01 00:15:01,run/data/admin/debug.log,4241
381,006cf76d5ea490834e9c6cae0f1057235e5558a12fdcec4b64bef34e2fbcf026,1akrbuSTPkRMU7ztM65jGiNHd5t7DPrqV7pB8G,m1,4,admin m1 m2 m3,14,2000-01-01 00:15:01,run/data/admin/debug.log,4230
381,00caf995ff38bf6692257ea8682808af0759d5ac574290d2d93f35b561bdf120,1DvpzaEbFEQsS6kv3UE1Mkc1XM2xPTJsinfjUr,m2,4,admin m1 m2 m3,10,2000-01-01 00:15:01,run/data/admin/debug.log,4260
382,008b3aa028724a88f38e565d49908bbe42901eea6a085ec5327559351b4a6602,1DvpzaEbFEQsS6kv3UE1Mkc1XM2xPTJsinfjUr,m2,4,admin m1 m2 m3,8,2000-01-01 00:15:03,run/data/admin/debug.log,4281
383,00a0b9fd5ffcaf46af43d7b71f8734e5be98e72797335db71b65d3a289957566,1akrbuSTPkRMU7ztM65jGiNHd5t7DPrqV7pB8G,m1,4,admin m1 m2 m3,8,2000-01-01 00:15:05,run/data/admin/debug.log,4299
384,004e6566fbdd144b7d8e24cb2135941b04f3a5b7233c561e89530289e3836c51,1akrbuSTPkRMU7ztM65jGiNHd5t7DPrqV7pB8G,m1,4,admin m1 m2 m3,11,2000-01-01 00:15:08,run/data/admin/debug.log,4313
384,008c1211b3ab6247a67eaeab52afd492d7fb8187f8ea0899980ba0c191c493fd,1DvpzaEbFEQsS6kv3UE1Mkc1XM2xPTJsinfjUr,m2,4,admin m1 m2 m3,9,2000-01-01 00:15:09,run/data/admin/debug.log,4327
385,008ad9ee73b9cdc230cb70f691baa1f3624489b95ff70b9abd9bb3b8df4d86c4,1akrbuSTPkRMU7ztM65jGiNHd5t7DPrqV7pB8G,m1,4,admin m1 m2 m3,8,2000-01-01 00:15:11,run/data/admin/debug.log,4343
386,00f21d77724a8bcee35d76093f10a7c15c71bf723dab64d4a930895d973b9809,1akrbuSTPkRMU7ztM65jGiNHd5t7DPrqV7pB8G,m1,4,admin m1 m2 m3,8,2000-01-01 00:15:14,run/data/admin/debug.log,4358
387,000bb3f442780c528c6d58d4d59bba425e8e49692ba099ece1ce2d7ef7359d85,1DvpzaEbFEQsS6kv3UE1Mkc1XM2xPTJsinfjUr,m2,4,admin m1 m2 m3,8,2000-01-01 00:15:16,run/data/admin/debug.log,4372
388,00022839fbe07c47d766fda86d0661c7578d3b2047a0e9615bd2ce57032952b9,1akrbuSTPkRMU7ztM65jGiNHd5t7DPrqV7pB8G,m1,4,admin m1 m2 m3,8,2000-01-01 00:15:18,run/data/admin/debug.log,4386
389,001d875243eafe5c88f017f1c2c441ad713b01748648fc60ef803bb6468b3b09,1akrbuSTPkRMU7ztM65jGiNHd5t7DPrqV7pB8G,m1,4,admin m1 m2 m3,8,2000-01-01 00:15:20,run/data/admin/debug.log,4400
390,004b81a831b9962c2af5572d040130b55dfc6e0a1353d8625e547caa9057a436,16qEPM3f15FH1SsM8yqz9HJ5nwpP3ba7whwkH4,m3,4,admin m1 m2 m3,12,2000-01-01 00:15:24,run/data/admin/debug.log,4426
390,0053921ef20b550b449426e89fd409341c07bd05fbdcac8145c8c00fd02cb4e3,1DvpzaEbFEQsS6kv3UE1Mkc1XM2xPTJsinfjUr,m2,4,admin m1 m2 m3,10,2000-01-01 00:15:24,run/data/admin/debug.log,4442
390,008c2f8dcaaaeb705405fc8c83590235d8b7b51d6daf44ede035d6d612410ab1,1akrbuSTPkRMU7ztM65jGiNHd5t7DPrqV7pB8G,m1,4,admin m1 m2 m3,14,2000-01-01 00:15:24,run/data/admin/debug.log,4415
391,003ec1f824de5ecd89219eddcf0fe00bb83ebe853ffc411f9c5762fb988510a3,1akrbuSTPkRMU7ztM65jGiNHd5t7DPrqV7pB8G,m1,4,admin m1 m2 m3,8,2000-01-01 00:15:25,run/data/admin/debug.log,4466
392,00f4baed2e1659d062470238516018753672cdfe4457b0b7d06d6ae6de8a65b1,1akrbuSTPkRMU7ztM65jGiNHd5t7DPrqV7pB8G,m1,4,admin m1 m2 m3,8,2000-01-01 00:15:26,run/data/admin/debug.log,4480
393,008edde556565b169f3274a84c4e6a6087ad6ca0421afef23a9ed6dcecbfbfce,16qEPM3f15FH1SsM8yqz9HJ5nwpP3ba7whwkH4,m3,4,admin m1 m2 m3,9,2000-01-01 00:15:29,run/data/admin/debug.log,4505
393,00ede61447b54bb2c8decbaa31479f4e95f47b902623faa55ddc03f3680bf651,1akrbuSTPkRMU7ztM65jGiNHd5t7DPrqV7pB8G,m1,4,admin m1 m2 m3,11,2000-01-01 00:15:29,run/data/admin/debug.log,4494
394,00e368ead47b520def7024368a57a6998d7f3d4672814a4effc04631a6540f3d,1DvpzaEbFEQsS6kv3UE1Mkc1XM2xPTJsinfjUr,m2,4,admin m1 m2 m3,8,2000-01-01 00:15:31,run/data/admin/debug.log,4524
395,00ed3105ea8d213839614b8615953fa52d26a76379b1b6d5c24ce55dc9ee8044,1DvpzaEbFEQsS6kv3UE1Mkc1XM2xPTJsinfjUr,m2,4,admin m1 m2 m3,8,2000-01-01 00:15:33,run/data/admin/debug.log,4538
396,00588f8e13c8c56a3f7db1a9b6786d110c30fa9351ff81cd63415e94f744d1b8,1akrbuSTPkRMU7ztM65jGiNHd5t7DPrqV7pB8G,m1,4,admin m1 m2 m3,8,2000-01-01 00:15:35,run/data/admin/debug.log,4552
397,000e05b9907446ad7f2f4c35b756a32a533c5e67de01e0e549d4b51f7a1d52ff,1akrbuSTPkRMU7ztM65jGiNHd5t7DPrqV7pB8G,m1,4,admin m1 m2 m3,8,2000-01-01 00:15:38,run/data/admin/debug.log,4566
398,00c08abc203b8c2580658b19fbed86fe42aa7123f397fdb53c64cbe019eb268a,1akrbuSTPkRMU7ztM65jGiNHd5t7DPrqV7pB8G,m1,4,admin m1 m2 m3,8,2000-01-01 00:15:40,run/data/admin/debug.log,4580
399,008142b7a25302bd6ef390706b327be322ee9722ce5cec70271c223a1024125a,1akrbuSTPkRMU7ztM65jGiNHd5t7DPrqV7pB8G,m1,4,admin m1 m2 m3,8,2000-01-01 00:15:41,run/data/admin/debug.log,4594
400,006aad10e65a1e7a5a1cc4d54864fb162472b6ea07d255e7b656b7c9e4fd42ae,1akrbuSTPkRMU7ztM65jGiNHd5t7DPrqV7pB8G,m1,4,admin m1 m2 m3,8,2000-01-01 00:15:43,run/data/admin/debug.log,4609
401,00579b23fac6295273fe2c67150729fa21ca2eb75bf4d59936fa043dbf94f99f,1akrbuSTPkRMU7ztM65jGiNHd5t7DPrqV7pB8G,m1,4,admin m1 m2 m3,8,2000-01-01 00:15:46,run/data/admin/debug.log,4623
402,00b225312379ffe5a71edb95413ec91e7225f02c56af6549828eb4a5e3afa56c,1akrbuSTPkRMU7ztM65jGiNHd5t7DPrqV7pB8G,m1,4,admin m1 m2 m3,8,2000-01-01 00:15:47,run/data/admin/debug.log,4638
403,001f1bf2e8b470f03657ea57bdc4aa0de497471da655f21b9c3e5568df3fcc53,1akrbuSTPkRMU7ztM65jGiNHd5t7DPrqV7pB8G,m1,4,admin m1 m2 m3,8,2000-01-01 00:15:48,run/data/admin/debug.log,4652
404,00b5d06792064331496fc632a605d03c9c644ab42142c34042a09aa14be39920,1akrbuSTPkRMU7ztM65jGiNHd5t7DPrqV7pB8G,m1,4,admin m1 m2 m3,11,2000-01-01 00:15:51,run/data/admin/debug.log,4666
404,00be5a122f32634d6ce79ecda44d37167168ef9057a6b83b247f2f543faa2294,16qEPM3f15FH1SsM8yqz9HJ5nwpP3ba7whwkH4,m3,4,admin m1 m2 m3,9,2000-01-01 00:15:51,run/data/admin/debug.log,4677
405,001df48f1c1e15a3ba42c29c2f5103ed35708e8ffb90db739295ec5cbbc2ae4c,16qEPM3f15FH1SsM8yqz9HJ5nwpP3ba7whwkH4,m3,4,admin m1 m2 m3,9,2000-01-01 00:15:55,run/data/admin/debug.log,4707
405,00877e2d8fe930b7c6603b97c1913038168c0e91e18097c2e097b90c2ee2e27a,1akrbuSTPkRMU7ztM65jGiNHd5t7DPrqV7pB8G,m1,4,admin m1 m2 m3,11,2000-01-01 00:15:55,run/data/admin/debug.log,4696
406,002042d344b53343a224eb4be0f85d30a8110de98c40521efb2b2883904b638d,16qEPM3f15FH1SsM8yqz9HJ5nwpP3ba7whwkH4,m3,4,admin m1 m2 m3,9,2000-01-01 00:15:58,run/data/admin/debug.log,4737
406,00fda4b4d1440377220aa1ce0bbf3a41a4f32d4b707436d09663f8e8af9159b1,1akrbuSTPkRMU7ztM65jGiNHd5t7DPrqV7pB8G,m1,4,admin m1 m2 m3,11,2000-01-01 00:15:58,run/data/admin/debug.log,4726
407,000d86c28d8b12f9f155a86473a56267164d267bde4ac03ce97775ccfc25a004,1akrbuSTPkRMU7ztM65jGiNHd5t7DPrqV7pB8G,m1,4,admin m1 m2 m3,8,2000-01-01 00:16:00,run/data/admin/debug.log,4759
408,00854aca8354e14bd73f1ce07aad1617a4788992720095b4842b88af3c8f303f,1akrbuSTPkRMU7ztM65jGiNHd5t7DPrqV7pB8G,m1,4,admin m1 m2 m3,8,2000-01-01 00:16:04,run/data/admin/debug.log,4773
409,00542f000aa09adcb44bf14e1ba863ab2d236cfe416768806b60f2a9aaca2d15,1akrbuSTPkRMU7ztM65jGiNHd5t7DPrqV7pB8G,m1,4,admin m1 m2 m3,8,2000-01-01 00:16:04,run/data/admin/debug.log,4784
410,00a8d87ae7dcf7626839cf4ed0682e44ab5be4e3acbaffed3a03ea7e6520fc5d,1akrbuSTPkRMU7ztM65jGiNHd5t7DPrqV7pB8G,m1,4,admin m1 m2 m3,8,2000-01-01 00:16:08,run/data/admin/debug.log,4798
411,003ac6da20c460e70c5eb84207c053dacfa3a34dc40f71d567a0b3ae4dc9ea8c,1akrbuSTPkRMU7ztM65jGiNHd5t7DPrqV7pB8G,m1,4,admin m1 m2 m3,8,2000-01-01 00:16:10,run/data/admin/debug.log,4812
412,00035ab723308f29d26227b2601165d3d9953db6800022704d08d29c5b5dbd4c,1akrbuSTPkRMU7ztM65jGiNHd5t7DPrqV7pB8G,m1,4,admin m1 m2 m3,8,2000-01-01 00:16:12,run/data/admin/debug.log,4826
413,00d4d5db8d7ef3cd0d4db672676b1d285cb105160c62900e506103e27c555637,1akrbuSTPkRMU7ztM65jGiNHd5t7DPrqV7pB8G,m1,4,admin m1 m2 m3,8,2000-01-01 00:16:13,run/data/admin/debug.log,4842
414,0083b0bbf681f0407164e4b9ed186e2365c478869b78b27467128d89be1b74f7,1akrbuSTPkRMU7ztM65jGiNHd5t7DPrqV7pB8G,m1,4,admin m1 m2 m3,8,2000-01-01 00:16:16,run/data/admin/debug.log,4856
415,00c1364a02a6b928a45816f231503e012051fc413f2cf74046bfb4a3efc26eba,1akrbuSTPkRMU7ztM65jGiNHd5t7DPrqV7pB8G,m1,4,admin m1 m2 m3,8,2000-01-01 00:16:18,run/data/admin/debug.log,4871
416,00f1ec96553c536a7593c85019b75e4037bd22d39fd9b43a4ce3de5f4738c4b1,1akrbuSTPkRMU7ztM65jGiNHd5t7DPrqV7pB8G,m1,4,admin m1 m2 m3,8,2000-01-01 00:16:20,run/data/admin/debug.log,4885
417,00e3b62daab6b6d73a80ee88a37b528a7526c2a113730999089d5163c4cde528,1akrbuSTPkRMU7ztM65jGiNHd5t7DPrqV7pB8G,m1,4,admin m1 m2 m3,8,2000-01-01 00:16:23,run/data/admin/debug.log,4899
418,0096496862fcd26d6edbeb6f0acab73283885b08fe626f380cb6cafbfe5eeefd,1akrbuSTPkRMU7ztM65jGiNHd5t7DPrqV7pB8G,m1,4,admin m1 m2 m3,8,2000-01-01 00:16:25,run/data/admin/debug.log,4913
419,003a7e86d7f6c222347cb014258826b345acf07ccbb0c3feb02dfd160fec6151,1akrbuSTPkRMU7ztM65jGiNHd5t7DPrqV7pB8G,m1,4,admin m1 m2 m3,8,2000-01-01 00:16:27,run/data/admin/debug.log,4927
420,00957792b9ca1c724686a2b43788b8d5994578e82df7910c98209ab1df492789,1DvpzaEbFEQsS6kv3UE1Mkc1XM2xPTJsinfjUr,m2,4,admin m1 m2 m3,8,2000-01-01 00:16:29,run/data/admin/debug.log,4941
421,00ce0f6ee9748483daa5171d6489425fb547d48836bc5190be112abe52b3f1f8,1akrbuSTPkRMU7ztM65jGiNHd5t7DPrqV7pB8G,m1,4,admin m1 m2 m3,10,2000-01-01 00:16:32,run/data/admin/debug.log,4955
421,00dbc8f5edcf0bc3835510edb0432ff30a4a5709e7914712e3c4a91ae0d42ab7,1DvpzaEbFEQsS6kv3UE1Mkc1XM2xPTJsinfjUr,m2,4,admin m1 m2 m3,10,2000-01-01 00:16:32,run/data/admin/debug.log,4966
422,00859c74fd953079dc8512c02156ef0737bd2a44515829a2d35d5eb3c368af39,1akrbuSTPkRMU7ztM65jGiNHd5t7DPrqV7pB8G,m1,4,admin m1 m2 m3,8,2000-01-01 00:16:33,run/data/admin/debug.log,4985
423,00432780280f01e7fdefa14c93d68cc0e7b01f1edd9490c894c6eb193ff77e17,1akrbuSTPkRMU7ztM65jGiNHd5t7DPrqV7pB8G,m1,4,admin m1 m2 m3,8,2000-01-01 00:16:36,run/data/admin/debug.log,4999
424,005da8cf45dec0b8e1b2d27f85161e66133fa015c5570768127655bd9e527468,1akrbuSTPkRMU7ztM65jGiNHd5t7DPrqV7pB8G,m1,4,admin m1 m2 m3,8,2000-01-01 00:16:38,run/data/admin/debug.log,5013
425,00a203680d252687274c44188b5c062707b3398fc4488ab9df1c9dbedbbe5aa5,1akrbuSTPkRMU7ztM65jGiNHd5t7DPrqV7pB8G,m1,4,admin m1 m2 m3,8,2000-01-01 00:16:41,run/data/admin/debug.log,5027
426,005ed2bb3fc9d2743ba7bd780253cf467efe34d337d9db4dae0705b98091b02c,1akrbuSTPkRMU7ztM65jGiNHd5t7DPrqV7pB8G,m1,4,admin m1 m2 m3,8,2000-01-01 00:16:42,run/data/admin/debug.log,5041
427,00696b7025a56276675ab249721f64a51017f96a2bccf3f425297187963b77ad,1akrbuSTPkRMU7ztM65jGiNHd5t7DPrqV7pB8G,m1,4,admin m1 m2 m3,8,2000-01-01 00:16:45,run/data/admin/debug.log,5058
428,0056e0519eb452790ab2b350fa3add5b5e04cd1ae7741739952fbd8224cc9b15,1akrbuSTPkRMU7ztM65jGiNHd5t7DPrqV7pB8G,m1,4,admin m1 m2 m3,11,2000-01-01 00:16:49,run/data/admin/debug.log,5072
428,00a0eda3e05293db0db97d0b77f763542120edfed64aa54d58b1dfdcd53e3495,16qEPM3f15FH1SsM8yqz9HJ5nwpP3ba7whwkH4,m3,4,admin m1 m2 m3,9,2000-01-01 00:16:49,run/data/admin/debug.log,5083
429,00ebe97cbff895a107f03e7bf051a5dbe23ff0c77aa655fd9dc43204359c142b,1akrbuSTPkRMU7ztM65jGiNHd5t7DPrqV7pB8G,m1,4,admin m1 m2 m3,8,2000-01-01 00:16:50,run/data/admin/debug.log,5102
430,00ac90c249b6663b7f809dbfa7c19640df8a5ff902e2b01f616bdc3fe4d40935,1akrbuSTPkRMU7ztM65jGiNHd5t7DPrqV7pB8G,m1,4,admin m1 m2 m3,8,2000-01-01 00:16:53,run/data/admin/debug.log,5116
431,001021caa679896e0555fa1934cf399032f0e202d6ffdf8d960e15e83414eb5a,1akrbuSTPkRMU7ztM65jGiNHd5t7DPrqV7pB8G,m1,4,admin m1 m2 m3,8,2000-01-01 00:16:56,run/data/admin/debug.log,5130
432,00b13b71d40f0ddb3efa8d8b66e569256deba23702eaae4c814ac24119c0158d,1akrbuSTPkRMU7ztM65jGiNHd5t7DPrqV7pB8G,m1,4,admin m1 m2 m3,8,2000-01-01 00:16:59,run/data/admin/debug.log,5144
433,00c87b7fe049481c8ea5b70d5dbe7de7bec2a6b273c4a24988fcb8b3c58f98aa,1akrbuSTPkRMU7ztM65jGiNHd5t7DPrqV7pB8G,m1,4,admin m1 m2 m3,8,2000-01-01 00:17:00,run/data/admin/debug.log,5158
434,0033e873fa6f742b99d6f1ec3d8b962438ceade13af44107039255c3f826f5d2,1akrbuSTPkRMU7ztM65jGiNHd5t7DPrqV7pB8G,m1,4,admin m1 m2 m3,8,2000-01-01 00:17:03,run/data/admin/debug.log,5172
435,008c803aa5f0aa196ce000277ba51c3e94ceb778c61a991c698b7d5986e21abf,1akrbuSTPkRMU7ztM65jGiNHd5t7DPrqV7pB8G,m1,4,admin m1 m2 m3,8,2000-01-01 00:17:06,run/data/admin/debug.log,5186
436,009688ab6a2159c73720ec9b93ee522485e8517483b21f1fd0e04bc1ebdc5eeb,1akrbuSTPkRMU7ztM65jGiNHd5t7DPrqV7pB8G,m1,4,admin m1 m2 m3,8,2000-01-01 00:17:08,run/data/admin/debug.log,5200
437,008b90363a66eea4564a925006d078965117bca9c3124b316107f44d21e74dea,1akrbuSTPkRMU7ztM65jGiNHd5t7DPrqV7pB8G,m1,4,admin m1 m2 m3,10,2000-01-01 00:17:12,run/data/admin/debug.log,5214
437,00fa570c90c1d9529151c328226f530076cba9ad983c8d57c825b4dac4617d75,1DvpzaEbFEQsS6kv3UE1Mkc1XM2xPTJsinfjUr,m2,4,admin m1 m2 m3,10,2000-01-01 00:17:12,run/data/admin/debug.log,5225
438,0052de49d56fdbdc90d99e50b81a7f03e1c1844f03acef6ae6b00bf0a64012fb,1akrbuSTPkRMU7ztM65jGiNHd5t7DPrqV7pB8G,m1,4,admin m1 m2 m3,8,2000-01-01 00:17:14,run/data/admin/debug.log,5247
439,0019eb925c731ce22d2e1ac830a86697609ba724b0064293d5b0b9bf054b9fce,1akrbuSTPkRMU7ztM65jGiNHd5t7DPrqV7pB8G,m1,4,admin m1 m2 m3,8,2000-01-01 00:17:16,run/data/admin/debug.log,5261
440,0089b27ff88f12012d6189df3827edd28f6e8caf1f79b1528605d09571cb6d29,1akrbuSTPkRMU7ztM65jGiNHd5t7DPrqV7pB8G,m1,4,admin m1 m2 m3,8,2000-01-01 00:17:19,run/data/admin/debug.log,5275
441,001284e0db09eff8cfd2e02d8fd379d0fd9666b7a1c05d4bc84e1306c7f37b3d,1akrbuSTPkRMU7ztM65jGiNHd5t7DPrqV7pB8G,m1,4,admin m1 m2 m3,8,2000-01-01 00:17:21,run/data/admin/debug.log,5289
442,00ab7c19b69937ef389fbbea46c85c4c1de3d0610579a6298a5da8f3825643cb,1akrbuSTPkRMU7ztM65jGiNHd5t7DPrqV7pB8G,m1,4,admin m1 m2 m3,8,2000-01-01 00:17:23,run/data/admin/debug.log,5303
443,00b87a6163297a28cfa60db1aebd5c7bcfb474cfe2db5797b56343ff392334b9,1akrbuSTPkRMU7ztM65jGiNHd5t7DPrqV7pB8G,m1,4,admin m1 m2 m3,8,2000-01-01 00:17:26,run/data/admin/debug.log,5317
444,0012767204380999c6a2f7d845e1a1e830e918105b2fc3864f9af7a24722cb5d,1akrbuSTPkRMU7ztM65jGiNHd5t7DPrqV7pB8G,m1,4,admin m1 m2 m3,8,2000-01-01 00:17:29,run/data/admin/debug.log,5331
445,00ee9e930654f07184f37262dc54fdb3b90da425a2644d1c083a9a7e6d5004cf,1akrbuSTPkRMU7ztM65jGiNHd5t7DPrqV7pB8G,m1,4,admin m1 m2 m3,8,2000-01-01 00:17:32,run/data/admin/debug.log,5345
446,00b498e152c22517318548dafd290562dbe0f3092ad28c1d2bb903a7de2c4851,1akrbuSTPkRMU7ztM65jGiNHd5t7DPrqV7pB8G,m1,4,admin m1 m2 m3,8,2000-01-01 00:17:33,run/data/admin/debug.log,5359
447,0066459c3899e25020bd81a72f6fe0bd9ca340e4e7acf6778bcb2db51622988f,1akrbuSTPkRMU7ztM65jGiNHd5t7DPrqV7pB8G,m1,4,admin m1 m2 m3,8,2000-01-01 00:17:35,run/data/admin/debug.log,5373
448,00a91cef8c95f5256ff19419a4c18ac20ded5d3e41a624278398322dd08778d7,16qEPM3f15FH1SsM8yqz9HJ5nwpP3ba7whwkH4,m3,4,admin m1 m2 m3,8,2000-01-01 00:17:37,run/data/admin/debug.log,5387
449,00b07fbb2f417c2aa04042030251e2195888bcdff2e30ebcb0c712052099260f,1akrbuSTPkRMU7ztM65jGiNHd5t7DPrqV7pB8G,m1,4,admin m1 m2 m3,8,2000-01-01 00:17:39,run/data/admin/debug.log,5401
450,00920e399aeb101be6dd25168be486df17a909db02f3b951701d1ea1f67f16fd,1akrbuSTPkRMU7ztM65jGiNHd5t7DPrqV7pB8G,m1,4,admin m1 m2 m3,8,2000-01-01 00:17:42,run/data/admin/debug.log,5416
451,004ff0592b967b332e0234af72539b3dacb67b391b71fc72b7b8f0187e1160e8,16qEPM3f15FH1SsM8yqz9HJ5nwpP3ba7whwkH4,m3,4,admin m1 m2 m3,8,2000-01-01 00:17:45,run/data/admin/debug.log,5431
452,00d88bb87436a7690952d3f8a45295eb96169ed04e50bee85ea980bc8d4d133a,1akrbuSTPkRMU7ztM65jGiNHd5t7DPrqV7pB8G,m1,4,admin m1 m2 m3,8,2000-01-01 00:17:46,run/data/admin/debug.log,5445
453,00a60910b17e03ed3c315a1cc9214d147dfb3de9a16cf4fa7024661e3282f193,1akrbuSTPkRMU7ztM65jGiNHd5t7DPrqV7pB8G,m1,4,admin m1 m2 m3,8,2000-01-01 00:17:49,run/data/admin/debug.log,5459
454,00b4d3e632b5b3d0f48201cf98a9cf2bbd6ef50d8c642b9deed9c610d4134923,1akrbuSTPkRMU7ztM65jGiNHd5t7DPrqV7pB8G,m1,4,admin m1 m2 m3,8,2000-01-01 00:17:52,run/data/admin/debug.log,5473
455,0051310e486c0a5295a9b348d9b6acbe27074f5813132dd6a425034814ccc08b,1akrbuSTPkRMU7ztM65jGiNHd5t7DPrqV7pB8G,m1,4,admin m1 m2 m3,8,2000-01-01 00:17:54,run/data/admin/debug.log,5487
456,0026274a917c7c9535c49fd3029943e14087b39765b3e9eed7c760aa221174c5,1DvpzaEbFEQsS6kv3UE1Mkc1XM2xPTJsinfjUr,m2,4,admin m1 m2 m3,11,2000-01-01 00:17:57,run/data/admin/debug.log,5501
456,00c49a626c4c80d2616c00ff3080d20f035c31562f0cf686cf6c30c85ed3e7aa,1akrbuSTPkRMU7ztM65jGiNHd5t7DPrqV7pB8G,m1,4,admin m1 m2 m3,9,2000-01-01 00:17:57,run/data/admin/debug.log,5515
457,0084381a93cae22f2e0c9cf79011bf85c2eddbe5a1b799685dd0475a3a4eeb20,1DvpzaEbFEQsS6kv3UE1Mkc1XM2xPTJsinfjUr,m2,4,admin m1 m2 m3,8,2000-01-01 00:17:59,run/data/admin/debug.log,5531
458,00212229e043df7fc798df4016bf8bd263758585acc64dccc3bb0b48d2e828f7,1akrbuSTPkRMU7ztM65jGiNHd5t7DPrqV7pB8G,m1,4,admin m1 m2 m3,9,2000-01-01 00:18:03,run/data/admin/debug.log,5562
458,0044d84a86a91c5146aded901424bfbc998fa1a77e071321c187bec193f9f4da,1DvpzaEbFEQsS6kv3UE1Mkc1XM2xPTJsinfjUr,m2,4,admin m1 m2 m3,11,2000-01-01 00:18:03,run/data/admin/debug.log,5548
459,00a9ef5edc728cc3c4e667b7d3398351b57a554e8498da9c623eda421149a59b,1akrbuSTPkRMU7ztM65jGiNHd5t7DPrqV7pB8G,m1,4,admin m1 m2 m3,8,2000-01-01 00:18:05,run/data/admin/debug.log,5578
460,00391c6efde37a1b1b6d460cd466e20267bf65ae1d16e6e611ad940c4aedae6a,16qEPM3f15FH1SsM8yqz9HJ5nwpP3ba7whwkH4,m3,4,admin m1 m2 m3,11,2000-01-01 00:18:08,run/data/admin/debug.log,5596
460,00f93584a1cf9a8e69a470d720b78254fea1b6e28a7f38182810c4a533c1ac4e,1DvpzaEbFEQsS6kv3UE1Mkc1XM2xPTJsinfjUr,m2,4,admin m1 m2 m3,9,2000-01-01 00:18:08,run/data/admin/debug.log,5607
461,0053ff1d49ebc0df3828cff1ecbf250978f60fd3dcc7d2e4fafdc4865bc531fd,16qEPM3f15FH1SsM8yqz9HJ5nwpP3ba7whwkH4,m3,4,admin m1 m2 m3,14,2000-01-01 00:18:11,run/data/admin/debug.log,5626
461,00b70e57f8857bf642057995d57b32513a4200300a1287b34938d70b10e63101,1DvpzaEbFEQsS6kv3UE1Mkc1XM2xPTJsinfjUr,m2,4,admin m1 m2 m3,12,2000-01-01 00:18:11,run/data/admin/debug.log,5640
461,00e8c5185398404876aa4960aed638ee783bbc3a0dd9457f0295b1145c0e3e4a,1akrbuSTPkRMU7ztM65jGiNHd5t7DPrqV7pB8G,m1,4,admin m1 m2 m3,10,2000-01-01 00:18:12,run/data/admin/debug.log,5656
462,00942bf7c80b6742512ec89f84413add8625d67c423436fb4f2416abf70191a7,1DvpzaEbFEQsS6kv3UE1Mkc1XM2xPTJsinfjUr,m2,4,admin m1 m2 m3,8,2000-01-01 00:18:14,run/data/admin/debug.log,5679
463,0055438d90ee7785415342b9f86788e424b5a5088e5cff93b8e953b02e84d728,1DvpzaEbFEQsS6kv3UE1Mkc1XM2xPTJsinfjUr,m2,4,admin m1 m2 m3,8,2000-01-01 00:18:16,run/data/admin/debug.log,5700
464,005a01dd2fd583d5b5704a634a74fd4fd2b636fcbe6a5b7901b6d04b8ec0528f,1DvpzaEbFEQsS6kv3UE1Mkc1XM2xPTJsinfjUr,m2,4,admin m1 m2 m3,8,2000-01-01 00:18:18,run/data/admin/debug.log,5714
465,009b0cda6d17b852675911ad68b57d6f1c7fc0f5d410b39dcd5f7b224885c68f,1DvpzaEbFEQsS6kv3UE1Mkc1XM2xPTJsinfjUr,m2,4,admin m1 m2 m3,8,2000-01-01 00:18:21,run/data/admin/debug.log,5728
466,00495691f4880d1878f31dad4cf9b9b2d1a8d03c1e4050593aa3140900748ac0,1DvpzaEbFEQsS6kv3UE1Mkc1XM2xPTJsinfjUr,m2,4,admin m1 m2 m3,9,2000-01-01 00:18:25,run/data/admin/debug.log,5756
466,00bd3371b0a10c3fd97a0997914bebce3045d7cfc7d9cab7187515f2d80f5738,16qEPM3f15FH1SsM8yqz9HJ5nwpP3ba7whwkH4,m3,4,admin m1 m2 m3,11,2000-01-01 00:18:24,run/data/admin/debug.log,5742
467,003818bf8080b20514f4d22d065c4c5f11426b1154dabab71d52a0c4d1661fca,16qEPM3f15FH1SsM8yqz9HJ5nwpP3ba7whwkH4,m3,4,admin m1 m2 m3,11,2000-01-01 00:18:28,run/data/admin/debug.log,5772
467,00444152ca14eddd15e88f48874da2abc50940a79b8b17c34f0d96ea8dc22b9d,1DvpzaEbFEQsS6kv3UE1Mkc1XM2xPTJsinfjUr,m2,4,admin m1 m2 m3,9,2000-01-01 00:18:28,run/data/admin/debug.log,5786
468,00c76df03a6e1c26b3bde0650eafcde0ed6406990351a268351729097071a29a,16qEPM3f15FH1SsM8yqz9HJ5nwpP3ba7whwkH4,m3,4,admin m1 m2 m3,11,2000-01-01 00:18:31,run/data/admin/debug.log,5802
468,00ff7e8fda9b337bf41899c9ebb35a91ce5fb1d8bde639b2e41bf10b5181dca1,1DvpzaEbFEQsS6kv3UE1Mkc1XM2xPTJsinfjUr,m2,4,admin m1 m2 m3,9,2000-01-01 00:18:31,run/data/admin/debug.log,5816
469,006034360b5dce2ec3c7cff49386efb787d7d9404dddcc2fa3fb86b094b111a3,16qEPM3f15FH1SsM8yqz9HJ5nwpP3ba7whwkH4,m3,4,admin m1 m2 m3,14,2000-01-01 00:18:34,run/data/admin/debug.log,5832
469,00951934300cd3ee8db6468996966733a2bd903fb59d0eb75bd60b8b2c86041f,1DvpzaEbFEQsS6kv3UE1Mkc1XM2xPTJsinfjUr,m2,4,admin m1 m2 m3,11,2000-01-01 00:18:34,run/data/admin/debug.log,5862
469,00cc9f5c8ac38dcb068bcd7c4c3b794a9b0728d90ba808bc8930ce90032468c2,1akrbuSTPkRMU7ztM65jGiNHd5t7DPrqV7pB8G,m1,4,admin m1 m2 m3,11,2000-01-01 00:18:34,run/data/admin/debug.log,5846
470,0026d64dae23edfcd08e472c282e34e9275f623873fb82ce4a96391e44fd0a42,1akrbuSTPkRMU7ztM65jGiNHd5t7DPrqV7pB8G,m1,4,admin m1 m2 m3,8,2000-01-01 00:18:37,run/data/admin/debug.log,5883
471,00a75565152b484755a336a2c536d47ccb0e51906fbd59d0b5c6a4c576449833,1akrbuSTPkRMU7ztM65jGiNHd5t7DPrqV7pB8G,m1,4,admin m1 m2 m3,8,2000-01-01 00:18:40,run/data/admin/debug.log,5901
472,0077ccb17b62bc7ec9d01bf9102921b4a932a2d35afcc032f28912ba22ed03e0,1akrbuSTPkRMU7ztM65jGiNHd5t7DPrqV7pB8G,m1,4,admin m1 m2 m3,8,2000-01-01 00:18:42,run/data/admin/debug.log,5915
473,00df8a2266d4fac40e0321997ffda27864dd97447cadd3bc49e3fae4e8daac46,1akrbuSTPkRMU7ztM65jGiNHd5t7DPrqV7pB8G,m1,4,admin m1 m2 m3,8,2000-01-01 00:18:45,run/data/admin/debug.log,5931
474,00b7d183915f6d07ab98f1dfd41b363901b47f23c279c1b43e8730548f86f670,1akrbuSTPkRMU7ztM65jGiNHd5t7DPrqV7pB8G,m1,4,admin m1 m2 m3,8,2000-01-01 00:18:48,run/data/admin/debug.log,5946
475,0069be4dc689dd59109867a5eb3a6d80cef98c276a2b2cf89799b3abef8e3a69,1akrbuSTPkRMU7ztM65jGiNHd5t7DPrqV7pB8G,m1,4,admin m1 m2 m3,8,2000-01-01 00:18:51,run/data/admin/debug.log,5960
476,00757130ddb7b39cb0064fd63548137fd8889392ba7f7ee162940f3452cd72e3,1akrbuSTPkRMU7ztM65jGiNHd5t7DPrqV7pB8G,m1,4,admin m1 m2 m3,8,2000-01-01 00:18:54,run/data/admin/debug.log,5974
477,001bf344b49a1a1d9003235e15341d725f1ed272c1a2280b9c092b5bd622dc8e,16qEPM3f15FH1SsM8yqz9HJ5nwpP3ba7whwkH4,m3,4,admin m1 m2 m3,14,2000-01-01 00:18:57,run/data/admin/debug.log,5988
477,002798dd1db1f422c369ca537acf21b2fe2d69ad3bdce5eb065040e09abe0ca2,1akrbuSTPkRMU7ztM65jGiNHd5t7DPrqV7pB8G,m1,4,admin m1 m2 m3,10,2000-01-01 00:18:58,run/data/admin/debug.log,6018
477,00c59746f736e876fc0a338067afd935243c9da0763d88816502b8ccf5faf43b,1DvpzaEbFEQsS6kv3UE1Mkc1XM2xPTJsinfjUr,m2,4,admin m1 m2 m3,12,2000-01-01 00:18:58,run/data/admin/debug.log,6002
478,00eb2150c79f4a0baa88a1cd1a939f0bc0cb42272e2fdc589061b22c770e0a4a,1akrbuSTPkRMU7ztM65jGiNHd5t7DPrqV7pB8G,m1,4,admin m1 m2 m3,8,2000-01-01 00:19:00,run/data/admin/debug.log,6039
479,000feb9c5bf2269e615a9594c117e1d353f2637ad2fc9ced1bacde269fa664ac,1akrbuSTPkRMU7ztM65jGiNHd5t7DPrqV7pB8G,m1,4,admin m1 m2 m3,8,2000-01-01 00:19:03,run/data/admin/debug.log,6057
480,00103b180a336ad7c602980dd91a7445f350a8c64c799c0d72e24bb6528e1d62,1akrbuSTPkRMU7ztM65jGiNHd5t7DPrqV7pB8G,m1,4,admin m1 m2 m3,8,2000-01-01 00:19:07,run/data/admin/debug.log,6071
481,00e8874bf5fe57e4501f6f2b7e573983caba558165ccba9ba5d30e36913be1a6,1akrbuSTPkRMU7ztM65jGiNHd5t7DPrqV7pB8G,m1,4,admin m1 m2 m3,8,2000-01-01 00:19:08,run/data/admin/debug.log,6085
482,005a731b0e67ea30ba7af66562d2deff1cf8f6bfd08aed933f8c07d5f4a18235,1akrbuSTPkRMU7ztM65jGiNHd5t7DPrqV7pB8G,m1,4,admin m1 m2 m3,8,2000-01-01 00:19:09,run/data/admin/debug.log,6099
483,009db3aa5588b9333546fe9bf157099c2fe8bfac2af1587c423c20182c46ae74,1akrbuSTPkRMU7ztM65jGiNHd5t7DPrqV7pB8G,m1,4,admin m1 m2 m3,8,2000-01-01 00:19:12,run/data/admin/debug.log,6113
484,00838bbe458b9b89eca277c897caa11a41cd56af86dc90ab99f391e1f700594b,16qEPM3f15FH1SsM8yqz9HJ5nwpP3ba7whwkH4,m3,4,admin m1 m2 m3,11,2000-01-01 00:19:15,run/data/admin/debug.log,6128
484,008fa68f4acb457e03073e6d995b383e13703aefae51d559596cc8e10755237c,1akrbuSTPkRMU7ztM65jGiNHd5t7DPrqV7pB8G,m1,4,admin m1 m2 m3,9,2000-01-01 00:19:15,run/data/admin/debug.log,6142
485,0092a430305b9915a18682722b9558dced9df67d5656e996bebd6b6822e31e7e,16qEPM3f15FH1SsM8yqz9HJ5nwpP3ba7whwkH4,m3,4,admin m1 m2 m3,11,2000-01-01 00:19:18,run/data/admin/debug.log,6158
485,00930312e6a2e952777894caf44f48cca34c49c47be70c797a5fdefff9d2c6d2,1akrbuSTPkRMU7ztM65jGiNHd5t7DPrqV7pB8G,m1,4,admin m1 m2 m3,9,2000-01-01 00:19:19,run/data/admin/debug.log,6172
486,0019cc03b5b649ee2fa04dfa857c5c1cf4f876fddec74116d43a6f997a125890,1akrbuSTPkRMU7ztM65jGiNHd5t7DPrqV7pB8G,m1,4,admin m1 m2 m3,8,2000-01-01 00:19:21,run/data/admin/debug.log,6189
487,00d8cf2ade5261dc8a4bf7bb93e52962c175ddc41c7503c56212ac3d685f1d5a,1akrbuSTPkRMU7ztM65jGiNHd5t7DPrqV7pB8G,m1,4,admin m1 m2 m3,8,2000-01-01 00:19:23,run/data/admin/debug.log,6210
488,00650386fdd658705acb3df028bb9fccc866a331c460db08f35a3ea43413ca2f,1akrbuSTPkRMU7ztM65jGiNHd5t7DPrqV7pB8G,m1,4,admin m1 m2 m3,8,2000-01-01 00:19:26,run/data/admin/debug.log,6224
489,001054224803b7d9924665e24ce2001b83f3b585571746092ac254b67f9f5104,1akrbuSTPkRMU7ztM65jGiNHd5t7DPrqV7pB8G,m1,4,admin m1 m2 m3,9,2000-01-01 00:19:30,run/data/admin/debug.log,6252
489,00fc8a4f59c4eee97e2bd706b2f7309702d9062aab279e697370f97430bb1671,1DvpzaEbFEQsS6kv3UE1Mkc1XM2xPTJsinfjUr,m2,4,admin m1 m2 m3,11,2000-01-01 00:19:29,run/data/admin/debug.log,6238
490,0080646a3fba5fce02f5ea7cdc5333338ba2592c9c976f24484a9814525acf5e,1akrbuSTPkRMU7ztM65jGiNHd5t7DPrqV7pB8G,m1,4,admin m1 m2 m3,8,2000-01-01 00:19:32,run/data/admin/debug.log,6268
491,00a5ea3f8d250fad6d1142fbc76159e369c375ba61512daa4db361ee39c7acab,1akrbuSTPkRMU7ztM65jGiNHd5t7DPrqV7pB8G,m1,4,admin m1 m2 m3,8,2000-01-01 00:19:35,run/data/admin/debug.log,6286
492,00b230fadc290299056d44b058a70e0aeaf910f23da06052e4491f1de88792ef,1akrbuSTPkRMU7ztM65jGiNHd5t7DPrqV7pB8G,m1,4,admin m1 m2 m3,8,2000-01-01 00:19:39,run/data/admin/debug.log,6300
493,0073536a4729267996d6fd7092d4a9f0993d78b0effa5ae2fa87a79031be18fb,1DvpzaEbFEQsS6kv3UE1Mkc1XM2xPTJsinfjUr,m2,4,admin m1 m2 m3,8,2000-01-01 00:19:42,run/data/admin/debug.log,6314
494,0018c8bd441bb630fbf89af4aabc762ada911600186594554988967e6b119c88,1akrbuSTPkRMU7ztM65jGiNHd5t7DPrqV7pB8G,m1,4,admin m1 m2 m3,9,2000-01-01 00:19:45,run/data/admin/debug.log,6344
494,00ed9be65fa8122ee1130f6688de9428aa39c800432e8d8ffa7b0496598cc5a4,1DvpzaEbFEQsS6kv3UE1Mkc1XM2xPTJsinfjUr,m2,4,admin m1 m2 m3,11,2000-01-01 00:19:45,run/data/admin/debug.log,6330
495,003eb76c232d326e01e0647d260c75716a07c171700d5ccaa6243ab56aa6b1b1,1DvpzaEbFEQsS6kv3UE1Mkc1XM2xPTJsinfjUr,m2,4,admin m1 m2 m3,11,2000-01-01 00:19:47,run/data/admin/debug.log,6360
495,00ad656b19391acf4bb579aa137e8b7f795cbb6d71e3e317923b0a8b5bb2b508,1akrbuSTPkRMU7ztM65jGiNHd5t7DPrqV7pB8G,m1,4,admin m1 m2 m3,9,2000-01-01 00:19:47,run/data/admin/debug.log,6371
496,0038d9e276cd7731bea6adb11b3a52fc62d2283352291c18d12fba4f20620fd6,1DvpzaEbFEQsS6kv3UE1Mkc1XM2xPTJsinfjUr,m2,4,admin m1 m2 m3,8,2000-01-01 00:19:50,run/data/admin/debug.log,6390
497,0009e724b87d90b2c72f4ad379bce49138507fb79ba72e4f29c4de1add86232f,1akrbuSTPkRMU7ztM65jGiNHd5t7DPrqV7pB8G,m1,4,admin m1 m2 m3,9,2000-01-01 00:19:54,run/data/admin/debug.log,6415
497,00a284bea95cce3afd3a0e899215f3af7c8d199200a53284a67b8783caf87ae3,1DvpzaEbFEQsS6kv3UE1Mkc1XM2xPTJsinfjUr,m2,4,admin m1 m2 m3,11,2000-01-01 00:19:54,run/data/admin/debug.log,6404
498,0088bd8fe1a82b65fe15c96c2a96b47f630484a5c3ec89891c46f5442781b57c,1akrbuSTPkRMU7ztM65jGiNHd5t7DPrqV7pB8G,m1,4,admin m1 m2 m3,9,2000-01-01 00:19:57,run/data/admin/debug.log,6446
498,00a08ff78cec0337f27680f856022b190f7ec3f895cd47a71115b20448d34374,1DvpzaEbFEQsS6kv3UE1Mkc1XM2xPTJsinfjUr,m2,4,admin m1 m2 m3,11,2000-01-01 00:19:57,run/data/admin/debug.log,6435
499,00cfa455ba4aeded51aa21c3b3a575c69208787e5ac48d40e0fec8807557582f,16qEPM3f15FH1SsM8yqz9HJ5nwpP3ba7whwkH4,m3,4,admin m1 m2 m3,8,2000-01-01 00:19:59,run/data/admin/debug.log,6465
500,0072db461cb38d9fbd336d0e065d6786d7df9f2ba950639b573d4656c520ffb2,1DvpzaEbFEQsS6kv3UE1Mkc1XM2xPTJsinfjUr,m2,4,admin m1 m2 m3,9,2000-01-01 00:20:03,run/data/admin/debug.log,6496
500,00ae3deb1498bcce55aec96c7ea8a9d82c68a9d73365e56dc50af8caadfad0dc,16qEPM3f15FH1SsM8yqz9HJ5nwpP3ba7whwkH4,m3,4,admin m1 m2 m3,11,2000-01-01 00:20:02,run/data/admin/debug.log,6482
501,00f67e48a7add160cc7d2a8950a68746fc97efaf798648db3958490f92aba98e,1DvpzaEbFEQsS6kv3UE1Mkc1XM2xPTJsinfjUr,m2,4,admin m1 m2 m3,9,2000-01-01 00:20:06,run/data/admin/debug.log,6526
501,00fc065b3f43c34a1af5413c926940090406bb8f0a9eab3c2145dfd999d0afc2,16qEPM3f15FH1SsM8yqz9HJ5nwpP3ba7whwkH4,m3,4,admin m1 m2 m3,11,2000-01-01 00:20:06,run/data/admin/debug.log,6512
502,00cea56617fe6df54ba82fe55dac9340fa9439b320bd89e7d38078b4d7054783,1akrbuSTPkRMU7ztM65jGiNHd5t7DPrqV7pB8G,m1,4,admin m1 m2 m3,8,2000-01-01 00:20:08,run/data/admin/debug.log,6542
503,00672a46482cf4da0f5d66689425a77edac2916dc72de3b47d41f34b388389c3,1akrbuSTPkRMU7ztM65jGiNHd5t7DPrqV7pB8G,m1,4,admin m1 m2 m3,8,2000-01-01 00:20:11,run/data/admin/debug.log,6556
504,009761ea46bc16da54598e713d68a14b7fdeb03d9d6d901fabdac0f8f28c1701,1akrbuSTPkRMU7ztM65jGiNHd5t7DPrqV7pB8G,m1,4,admin m1 m2 m3,8,2000-01-01 00:20:14,run/data/admin/debug.log,6570
505,009f52878dab464b386d899ec7ff6bcc5852ce712b96a782366de278df06995e,1akrbuSTPkRMU7ztM65jGiNHd5t7DPrqV7pB8G,m1,4,admin m1 m2 m3,8,2000-01-01 00:20:16,run/data/admin/debug.log,6584
506,006fa54bc20bc61f3b54396ff877d96b420bc7804315f5fba34e2c27418fac8b,1DvpzaEbFEQsS6kv3UE1Mkc1XM2xPTJsinfjUr,m2,4,admin m1 m2 m3,11,2000-01-01 00:20:19,run/data/admin/debug.log,6598
506,0091b56998cb9d51588aad0cbaa5e193e05a83125481ed300ce72b8ec8abf473,1akrbuSTPkRMU7ztM65jGiNHd5t7DPrqV7pB8G,m1,4,admin m1 m2 m3,9,2000-01-01 00:20:19,run/data/admin/debug.log,6609
507,0077dff448301626549986f9f54de38efaab59f132a5b607a6f24e8b03e736b9,1DvpzaEbFEQsS6kv3UE1Mkc1XM2xPTJsinfjUr,m2,4,admin m1 m2 m3,8,2000-01-01 00:20:20,run/data/admin/debug.log,6628
508,001dd6daf7e522dd9866a9a4172e62f0824f59e275eb695c22be013e3112a3b9,1DvpzaEbFEQsS6kv3UE1Mkc1XM2xPTJsinfjUr,m2,4,admin m1 m2 m3,8,2000-01-01 00:20:24,run/data/admin/debug.log,6642
509,0063c9c0b5f941d6416f7a23243cd2974e8e92d9588acc18468ce434b1d30f75,1akrbuSTPkRMU7ztM65jGiNHd5t7DPrqV7pB8G,m1,4,admin m1 m2 m3,9,2000-01-01 00:20:27,run/data/admin/debug.log,6667
509,00bf907bdaedac487de5d697b735acc9621280c5b125f7f8bcbd28439b5dbfe4,1DvpzaEbFEQsS6kv3UE1Mkc1XM2xPTJsinfjUr,m2,4,admin m1 m2 m3,11,2000-01-01 00:20:27,run/data/admin/debug.log,6656
510,009c7dc3d9213ca292edfc9ebc71d7421cac2a9acec10ed3095d046b630bda55,1DvpzaEbFEQsS6kv3UE1Mkc1XM2xPTJsinfjUr,m2,4,admin m1 m2 m3,8,2000-01-01 00:20:28,run/data/admin/debug.log,6686
511,00af7cb45ca3a79677fb450fcd1b4759b578361442f8c727c176168af9bbed99,1DvpzaEbFEQsS6kv3UE1Mkc1XM2xPTJsinfjUr,m2,4,admin m1 m2 m3,8,2000-01-01 00:20:29,run/data/admin/debug.log,6701
512,00885f5a68fa8c7eb90ffbd1861f2b04b7510e2ff861e5008d82e3facb71c5e4,1akrbuSTPkRMU7ztM65jGiNHd5t7DPrqV7pB8G,m1,4,admin m1 m2 m3,9,2000-01-01 00:20:33,run/data/admin/debug.log,6726
512,00f3b6d55b3adcd26554ed29e61069a6306ddc98862aeb36acc981ae7f9255c6,1DvpzaEbFEQsS6kv3UE1Mkc1XM2xPTJsinfjUr,m2,4,admin m1 m2 m3,11,2000-01-01 00:20:32,run/data/admin/debug.log,6715
513,0056d42f031bc74185b59627b2e8324712be052ded15cab684c367f2a667d5de,1DvpzaEbFEQsS6kv3UE1Mkc1XM2xPTJsinfjUr,m2,4,admin m1 m2 m3,11,2000-01-01 00:20:36,run/data/admin/debug.log,6745
513,00574b46c66a387eeb7fcc5e9d92793e6e0ebd8f2a405a2f6995ada112fd6902,1akrbuSTPkRMU7ztM65jGiNHd5t7DPrqV7pB8G,m1,4,admin m1 m2 m3,9,2000-01-01 00:20:36,run/data/admin/debug.log,6756
514,0009af7ad37dadf601374bdaf529cc4b1a872d8e5cdd9017e3c61489ed8932aa,1DvpzaEbFEQsS6kv3UE1Mkc1XM2xPTJsinfjUr,m2,4,admin m1 m2 m3,11,2000-01-01 00:20:38,run/data/admin/debug.log,6775
514,006dc139b25776f002a9862607d69886f14d44c366b5bd86ef5dda6444a52935,1akrbuSTPkRMU7ztM65jGiNHd5t7DPrqV7pB8G,m1,4,admin m1 m2 m3,9,2000-01-01 00:20:38,run/data/admin/debug.log,6786
515,00502e2b7c27f4b1ceea05d71e64289c1b7d36a15b0e9de521bbc58829918e6c,1akrbuSTPkRMU7ztM65jGiNHd5t7DPrqV7pB8G,m1,4,admin m1 m2 m3,9,2000-01-01 00:20:41,run/data/admin/debug.log,6816
515,00dde3ef6a73d0cd9bd02f68423a4f3fbf176fe7a935fb79a4feca9ba081ad47,1DvpzaEbFEQsS6kv3UE1Mkc1XM2xPTJsinfjUr,m2,4,admin m1 m2 m3,11,2000-01-01 00:20:41,run/data/admin/debug.log,6805
516,0086c3da795916b34296d1cb28ba190289e151808e4db59cd563af32882f2d2d,1akrbuSTPkRMU7ztM65jGiNHd5t7DPrqV7pB8G,m1,4,admin m1 m2 m3,8,2000-01-01 00:20:43,run/data/admin/debug.log,6835
517,00e36af0cd8adfe9b63ffe5b02399e254e338279aab184ba36bac15c89d9e9c2,1akrbuSTPkRMU7ztM65jGiNHd5t7DPrqV7pB8G,m1,4,admin m1 m2 m3,8,2000-01-01 00:20:46,run/data/admin/debug.log,6863
518,0011c71053110581ef9156784bf35f4bb80871ff85b93f4f80e316bd0164c1ea,1akrbuSTPkRMU7ztM65jGiNHd5t7DPrqV7pB8G,m1,4,admin m1 m2 m3,8,2000-01-01 00:20:49,run/data/admin/debug.log,6877
519,007d7a5f208540d5607b6bd3e41cac9e3c14374adc3b804bce38f706e72a6cc6,16qEPM3f15FH1SsM8yqz9HJ5nwpP3ba7whwkH4,m3,4,admin m1 m2 m3,8,2000-01-01 00:20:52,run/data/admin/debug.log,6891
520,00828435167735c3022c5d8b9e51b87f7255614d3415bd8b7517f1405e6c5b59,16qEPM3f15FH1SsM8yqz9HJ5nwpP3ba7whwkH4,m3,4,admin m1 m2 m3,8,2000-01-01 00:20:55,run/data/admin/debug.log,6905
521,004b6b525cc52d1c9704f97b2f6aedc7645e74b4780a4d4513e73d9829c13b4b,1akrbuSTPkRMU7ztM65jGiNHd5t7DPrqV7pB8G,m1,4,admin m1 m2 m3,8,2000-01-01 00:20:58,run/data/admin/debug.log,6919
522,00a08ebbc0fd6bf0bad111960bfc73c54f50935137a487627daef07cf5130a8d,1akrbuSTPkRMU7ztM65jGiNHd5t7DPrqV7pB8G,m1,4,admin m1 m2 m3,8,2000-01-01 00:21:00,run/data/admin/debug.log,6934
523,00f4a1322f8d238e8d16af3d606f23f8cb1dadf3b31507318d5c35f8918f040d,16qEPM3f15FH1SsM8yqz9HJ5nwpP3ba7whwkH4,m3,4,admin m1 m2 m3,8,2000-01-01 00:21:03,run/data/admin/debug.log,6948
524,00061072f9f13c8dd9976f9437f0ce9b873d53400ce49c391f2383a5815a8752,16qEPM3f15FH1SsM8yqz9HJ5nwpP3ba7whwkH4,m3,4,admin m1 m2 m3,8,2000-01-01 00:21:05,run/data/admin/debug.log,6962
525,000081e2162eddd6d9dc5ae1cfae52a0865c0892d8dd90095eed32c8228077ff,16qEPM3f15FH1SsM8yqz9HJ5nwpP3ba7whwkH4,m3,4,admin m1 m2 m3,8,2000-01-01 00:21:08,run/data/admin/debug.log,6976
526,008ba4da6b4e5609dcc4bdc5d233c745c66dc4822116ec5658ab0e3acd811694,16qEPM3f15FH1SsM8yqz9HJ5nwpP3ba7whwkH4,m3,4,admin m1 m2 m3,8,2000-01-01 00:21:12,run/data/admin/debug.log,6990
527,00e19df15c442dd5124c7efa40d27c98cd8e1b6545236c40e27a75ff8b0efbcc,1akrbuSTPkRMU7ztM65jGiNHd5t7DPrqV7pB8G,m1,4,admin m1 m2 m3,8,2000-01-01 00:21:14,run/data/admin/debug.log,7005
528,00578f22cb9e9b67a404aaaa30720dae72183a7daad6430d19830d230670fc8a,1akrbuSTPkRMU7ztM65jGiNHd5t7DPrqV7pB8G,m1,4,admin m1 m2 m3,8,2000-01-01 00:21:18,run/data/admin/debug.log,7019
529,002132e1f825f8b631b054390159dc8f37d31908440b48e44723c9ec5abee845,1akrbuSTPkRMU7ztM65jGiNHd5t7DPrqV7pB8G,m1,4,admin m1 m2 m3,9,2000-01-01 00:21:20,run/data/admin/debug.log,7044
529,00fca19162781fc081e454bd45001c5cb4ab4a6167a9c587b4502c4d9906bba2,1DvpzaEbFEQsS6kv3UE1Mkc1XM2xPTJsinfjUr,m2,4,admin m1 m2 m3,11,2000-01-01 00:21:20,run/data/admin/debug.log,7033
530,0022b452c50af73fd606b9c388ef320c1c82a33ef2ec412c020accf2e858b8aa,1akrbuSTPkRMU7ztM65jGiNHd5t7DPrqV7pB8G,m1,4,admin m1 m2 m3,8,2000-01-01 00:21:22,run/data/admin/debug.log,7063
531,003b57d0433a9f8cadda18651f7f8e7dd8541c1d7ebf06254366faa0d5f933c2,1akrbuSTPkRMU7ztM65jGiNHd5t7DPrqV7pB8G,m1,4,admin m1 m2 m3,8,2000-01-01 00:21:24,run/data/admin/debug.log,7081
532,006857788ab82feb51af22d19d6105d86727b1dd64cd72964ff1b710b1a984ba,1akrbuSTPkRMU7ztM65jGiNHd5t7DPrqV7pB8G,m1,4,admin m1 m2 m3,8,2000-01-01 00:21:28,run/data/admin/debug.log,7095
533,004d8ead9c7b14d4b60ac9d9880261f7ec1d6b6e9abd03ba2e6bc68128b2e55f,1akrbuSTPkRMU7ztM65jGiNHd5t7DPrqV7pB8G,m1,4,admin m1 m2 m3,8,2000-01-01 00:21:30,run/data/admin/debug.log,7109
534,00dc5b1d4834a7cb141981ccd124fa7becc847fa537be220cfaf88f426aebc34,1akrbuSTPkRMU7ztM65jGiNHd5t7DPrqV7pB8G,m1,4,admin m1 m2 m3,8,2000-01-01 00:21:33,run/data/admin/debug.log,7124
535,005a358fabc2fc2cf9f5c7828e474377fd299c9edf76a95d9009eb8d5da7fc84,1akrbuSTPkRMU7ztM65jGiNHd5t7DPrqV7pB8G,m1,4,admin m1 m2 m3,8,2000-01-01 00:21:35,run/data/admin/debug.log,7138
536,0012daceaa5f9bc7828ba1e0b8df3dfcac7fc4ccd9fd6f866ffafd5fe49208ff,1akrbuSTPkRMU7ztM65jGiNHd5t7DPrqV7pB8G,m1,4,admin m1 m2 m3,8,2000-01-01 00:21:38,run/data/admin/debug.log,7152
537,0049e83d531aed32dca12bd1e98c0cb85e14ad7601e51a9ed5e6328e85a47a6a,1akrbuSTPkRMU7ztM65jGiNHd5t7DPrqV7pB8G,m1,4,admin m1 m2 m3,8,2000-01-01 00:21:40,run/data/admin/debug.log,7166
538,004279bcd408eb01d50cd0bb0e873fdc4566d6a5a420cf20be9c7f91557afb58,1akrbuSTPkRMU7ztM65jGiNHd5t7DPrqV7pB8G,m1,4,admin m1 m2 m3,8,2000-01-01 00:21:41,run/data/admin/debug.log,7180
539,0022cdf7c83a44dc1d3156e2154991005748491fcf6ad7f01e11f6327318ae17,16qEPM3f15FH1SsM8yqz9HJ5nwpP3ba7whwkH4,m3,4,admin m1 m2 m3,9,2000-01-01 00:21:45,run/data/admin/debug.log,7208
539,00ac69a256a4a0aa503ab6d7ef299b79e94dae4c3fec474330e8b285c17dbde3,1akrbuSTPkRMU7ztM65jGiNHd5t7DPrqV7pB8G,m1,4,admin m1 m2 m3,11,2000-01-01 00:21:44,run/data/admin/debug.log,7197
540,00be91bb6906c0d89413901836b5e810f7ad6d58f6c8dc93b85f1bbc79292e5d,1akrbuSTPkRMU7ztM65jGiNHd5t7DPrqV7pB8G,m1,4,admin m1 m2 m3,8,2000-01-01 00:21:47,run/data/admin/debug.log,7227
541,006282f75768ff5618e0a6fd50890ab9b166551252377d29d1989c73ea457331,1akrbuSTPkRMU7ztM65jGiNHd5t7DPrqV7pB8G,m1,4,admin m1 m2 m3,8,2000-01-01 00:21:49,run/data/admin/debug.log,7241
542,001a776e9cabdbf145d359e6935e84056ac4f980b664f1813e8ea22c139b19e3,1akrbuSTPkRMU7ztM65jGiNHd5t7DPrqV7pB8G,m1,4,admin m1 m2 m3,11,2000-01-01 00:21:52,run/data/admin/debug.log,7255
542,00ce449c56e9f776082393268e7b4de95b8258cb21a28f703dbde3871c0b9133,16qEPM3f15FH1SsM8yqz9HJ5nwpP3ba7whwkH4,m3,4,admin m1 m2 m3,9,2000-01-01 00:21:52,run/data/admin/debug.log,7266
543,00fe4041cfa54a889a3b4eaf8ea4a3ebf006522de05bc27dbf7345e1654baa70,1akrbuSTPkRMU7ztM65jGiNHd5t7DPrqV7pB8G,m1,4,admin m1 m2 m3,8,2000-01-01 00:21:55,run/data/admin/debug.log,7285
544,007ab1f4e210cec4c697a0192a67595e61b2ac84cd95ed5d07fae1c22df7dd87,1DvpzaEbFEQsS6kv3UE1Mkc1XM2xPTJsinfjUr,m2,4,admin m1 m2 m3,8,2000-01-01 00:21:58,run/data/admin/debug.log,7299
545,00ae3ca48c70b281d07649295c73f114bf3126e78296dc868f4a6b5effe81214,1DvpzaEbFEQsS6kv3UE1Mkc1XM2xPTJsinfjUr,m2,4,admin m1 m2 m3,8,2000-01-01 00:22:02,run/data/admin/debug.log,7316
546,002f67004e2c4630945db5d6f9fdc4d6760f5820bd0987cba55e21c0d6dd7536,1akrbuSTPkRMU7ztM65jGiNHd5t7DPrqV7pB8G,m1,4,admin m1 m2 m3,9,2000-01-01 00:22:05,run/data/admin/debug.log,7342
546,00b419079599f2bd79ea5867c920a0bbbf44b87508a6a0aa81d40fbcb69b208b,1DvpzaEbFEQsS6kv3UE1Mkc1XM2xPTJsinfjUr,m2,4,admin m1 m2 m3,11,2000-01-01 00:22:05,run/data/admin/debug.log,7331
547,00052d08dcb65e678df801849a849231cfd4be1cfd6346c99baceba5f7f8f9a7,1akrbuSTPkRMU7ztM65jGiNHd5t7DPrqV7pB8G,m1,4,admin m1 m2 m3,8,2000-01-01 00:22:08,run/data/admin/debug.log,7361
548,00d15ea6262193764e2620c2f43c8472ac42a04dd7d90a5b7c25314d22c52c06,1DvpzaEbFEQsS6kv3UE1Mkc1XM2xPTJsinfjUr,m2,4,admin m1 m2 m3,8,2000-01-01 00:22:09,run/data/admin/debug.log,7379
549,00a0568eaf877779544573d832c6b62378613887b68b4dd9327e9abae2760403,1akrbuSTPkRMU7ztM65jGiNHd5t7DPrqV7pB8G,m1,4,admin m1 m2 m3,9,2000-01-01 00:22:13,run/data/admin/debug.log,7404
549,00cea4521bbe539deaae591165fe7a70da8ad4cdff0300ac7997745139ec72d3,1DvpzaEbFEQsS6kv3UE1Mkc1XM2xPTJsinfjUr,m2,4,admin m1 m2 m3,11,2000-01-01 00:22:13,run/data/admin/debug.log,7393
550,00e2086f60e352498c0610dcc1834cafc2f95b9d3855d2dfb8c60944444860a0,1akrbuSTPkRMU7ztM65jGiNHd5t7DPrqV7pB8G,m1,4,admin m1 m2 m3,8,2000-01-01 00:22:15,run/data/admin/debug.log,7424
551,006cc1a2ccef4c68be8c67209a3647fc8090bd82b29e0a123e0c1b78e91eb050,16qEPM3f15FH1SsM8yqz9HJ5nwpP3ba7whwkH4,m3,4,admin m1 m2 m3,9,2000-01-01 00:22:19,run/data/admin/debug.log,7456
551,00eaad8ba5a39de688b8099a3c0754dbf683620d9d71035d8e36cb84b8cbbc85,1akrbuSTPkRMU7ztM65jGiNHd5t7DPrqV7pB8G,m1,4,admin m1 m2 m3,11,2000-01-01 00:22:19,run/data/admin/debug.log,7442
552,00a8165a05ac1b6fe53188c78d04a4750aa902be23a3d47519246120437ec816,1akrbuSTPkRMU7ztM65jGiNHd5t7DPrqV7pB8G,m1,4,admin m1 m2 m3,8,2000-01-01 00:22:21,run/data/admin/debug.log,7472
553,006fefb061855a42e7f4c54e6731cf1c2a8368699fc705dc8c540c5ccbb88157,1akrbuSTPkRMU7ztM65jGiNHd5t7DPrqV7pB8G,m1,4,admin m1 m2 m3,8,2000-01-01 00:22:23,run/data/admin/debug.log,7486
554,00061a79d3525bb6fbb24b52514402cc8a8db83c3dffb32dfd3409dd55821089,1akrbuSTPkRMU7ztM65jGiNHd5t7DPrqV7pB8G,m1,4,admin m1 m2 m3,8,2000-01-01 00:22:25,run/data/admin/debug.log,7500
555,00daf85682a00f26d56fca36ad4dee2a42bcbb5e153c4a16201e27ad8464f7f9,1akrbuSTPkRMU7ztM65jGiNHd5t7DPrqV7pB8G,m1,4,admin m1 m2 m3,8,2000-01-01 00:22:26,run/data/admin/debug.log,7514
556,002e536fe6ace64be6214c213f7113de9648e11b488e71e12abf2da14f6bb445,1akrbuSTPkRMU7ztM65jGiNHd5t7DPrqV7pB8G,m1,4,admin m1 m2 m3,8,2000-01-01 00:22:28,run/data/admin/debug.log,7528
557,00d1528b54d75326541d76474306b6a0053f0578a9a56d7e6ee49aec75fcb826,1akrbuSTPkRMU7ztM65jGiNHd5t7DPrqV7pB8G,m1,4,admin m1 m2 m3,8,2000-01-01 00:22:32,run/data/admin/debug.log,7542
558,0077833a7ca31bf47f61e923ed8b9731f7707c75175a7c1679fd19a673e43d54,1akrbuSTPkRMU7ztM65jGiNHd5t7DPrqV7pB8G,m1,4,admin m1 m2 m3,8,2000-01-01 00:22:35,run/data/admin/debug.log,7557
559,0017de625cbf1f8baf66e949841af5b3cd8c2eff3d307f30ccd376505a88f8df,1akrbuSTPkRMU7ztM65jGiNHd5t7DPrqV7pB8G,m1,4,admin m1 m2 m3,8,2000-01-01 00:22:38,run/data/admin/debug.log,7571
560,00124162796dd80f2d1d335ef39e4fe3330c59d744032abddaa30e13adfe126c,1akrbuSTPkRMU7ztM65jGiNHd5t7DPrqV7pB8G,m1,4,admin m1 m2 m3,11,2000-01-01 00:22:42,run/data/admin/debug.log,7585
560,00553b4db1177c130aa2a51240ce022f3edf497d6905099cd77f5f198757533a,16qEPM3f15FH1SsM8yqz9HJ5nwpP3ba7whwkH4,m3,4,admin m1 m2 m3,9,2000-01-01 00:22:42,run/data/admin/debug.log,7596
561,0012782c3b921d4b700553f96c45b2fc6ee72ee95bbc96818096612a03fa277f,16qEPM3f15FH1SsM8yqz9HJ5nwpP3ba7whwkH4,m3,4,admin m1 m2 m3,9,2000-01-01 00:22:47,run/data/admin/debug.log,7631
561,005237239498545de286ba142b982d6eb55b964f23d4705d6de446d22c4eb836,1akrbuSTPkRMU7ztM65jGiNHd5t7DPrqV7pB8G,m1,4,admin m1 m2 m3,11,2000-01-01 00:22:45,run/data/admin/debug.log,7617
562,00ff512faa4fc826f27c540ad61cb23bbcec6bb326b7d5a5fda4ea9e4153a623,1DvpzaEbFEQsS6kv3UE1Mkc1XM2xPTJsinfjUr,m2,4,admin m1 m2 m3,8,2000-01-01 00:22:48,run/data/admin/debug.log,7647
563,00ccbf9d2a320289b3beeecb111dc8ab1b51b3ff4218a4cdfe4fc131e37263b5,1DvpzaEbFEQsS6kv3UE1Mkc1XM2xPTJsinfjUr,m2,4,admin m1 m2 m3,8,2000-01-01 00:22:50,run/data/admin/debug.log,7661
564,00454dae670c29c99a094dfe88f5a4f2cc56a208846cc496b417a0b1c5dfb87e,1akrbuSTPkRMU7ztM65jGiNHd5t7DPrqV7pB8G,m1,4,admin m1 m2 m3,8,2000-01-01 00:22:52,run/data/admin/debug.log,7675
565,00409daab062d12f2da33aaffc83458cd72492d388998cda897a0209eb5a10c9,1akrbuSTPkRMU7ztM65jGiNHd5t7DPrqV7pB8G,m1,4,admin m1 m2 m3,8,2000-01-01 00:22:54,run/data/admin/debug.log,7689
566,00ea6f1d40fc6d6d10dbd91b46b2cd6812f2d2bdb3e2249225a1e9bdd368e848,1akrbuSTPkRMU7ztM65jGiNHd5t7DPrqV7pB8G,m1,4,admin m1 m2 m3,8,2000-01-01 00:22:57,run/data/admin/debug.log,7703
567,00332bf458fb391c9e15741a554df040724aa487b8e9dc2c8115da9cf29a399d,1akrbuSTPkRMU7ztM65jGiNHd5t7DPrqV7pB8G,m1,4,admin m1 m2 m3,8,2000-01-01 00:22:59,run/data/admin/debug.log,7717
568,007eb4248db5e2b5ac5385037f150cd2d0261d26863d674ea104517ab4ad8357,1akrbuSTPkRMU7ztM65jGiNHd5t7DPrqV7pB8G,m1,4,admin m1 m2 m3,8,2000-01-01 00:23:02,run/data/admin/debug.log,7731
569,00135b82aae5f68b4408a24987c1f5650c3e16a136d8302396d21d375e0b5cc2,1DvpzaEbFEQsS6kv3UE1Mkc1XM2xPTJsinfjUr,m2,4,admin m1 m2 m3,8,2000-01-01 00:23:04,run/data/admin/debug.log,7745
570,0056ebf0d9e83e4a8f095341c76638599771e105eafae340ca5a9fcf19941f4c,1DvpzaEbFEQsS6kv3UE1Mkc1XM2xPTJsinfjUr,m2,4,admin m1 m2 m3,8,2000-01-01 00:23:08,run/data/admin/debug.log,7760
571,00f73f974e97e47db8917ffb57a97732022a4d3eada24ef0a093b4b07fa465c5,1akrbuSTPkRMU7ztM65jGiNHd5t7DPrqV7pB8G,m1,4,admin m1 m2 m3,8,2000-01-01 00:23:09,run/data/admin/debug.log,7774
572,00b9247d743af665c56f5c67a7b28c0f59e048e2b26a57ff945c1e650e9da4e6,1DvpzaEbFEQsS6kv3UE1Mkc1XM2xPTJsinfjUr,m2,4,admin m1 m2 m3,8,2000-01-01 00:23:11,run/data/admin/debug.log,7788
573,00a7c8e489c2766c8f43e369531103899ef9f70a61a03a83cdf8b2bcae57bc70,1DvpzaEbFEQsS6kv3UE1Mkc1XM2xPTJsinfjUr,m2,4,admin m1 m2 m3,8,2000-01-01 00:23:14,run/data/admin/debug.log,7803
574,006c861a0f6977da5d81f61b89b430758d15b25e27bf1b080fadd1301cb369f3,1DvpzaEbFEQsS6kv3UE1Mkc1XM2xPTJsinfjUr,m2,4,admin m1 m2 m3,8,2000-01-01 00:23:16,run/data/admin/debug.log,7817
575,00100dfc1e89fe275dbf1a7b3953f503db896c9d019a3c436cfa5681168435ac,1akrbuSTPkRMU7ztM65jGiNHd5t7DPrqV7pB8G,m1,4,admin m1 m2 m3,8,2000-01-01 00:23:19,run/data/admin/debug.log,7831
576,00a77f37a7b05cab19819d5e1858633a1319d77d70744315c63e1f948123fbe6,1akrbuSTPkRMU7ztM65jGiNHd5t7DPrqV7pB8G,m1,4,admin m1 m2 m3,8,2000-01-01 00:23:23,run/data/admin/debug.log,7845
577,00ff841eace70642668f515dbb2aca932ec96eb1af6ad3bb4aab0c98a7289fb5,1akrbuSTPkRMU7ztM65jGiNHd5t7DPrqV7pB8G,m1,4,admin m1 m2 m3,8,2000-01-01 00:23:25,run/data/admin/debug.log,7859
578,00d73d6fcc11b0446f299d2f4f7a4aa5eb04a21f4e7669b02760f3edaa86c398,1DvpzaEbFEQsS6kv3UE1Mkc1XM2xPTJsinfjUr,m2,4,admin m1 m2 m3,8,2000-01-01 00:23:26,run/data/admin/debug.log,7873
579,008937654165132af24ab7b0b188269379b4d9b0b546d6fae18391d45fdcee66,1akrbuSTPkRMU7ztM65jGiNHd5t7DPrqV7pB8G,m1,4,admin m1 m2 m3,8,2000-01-01 00:23:28,run/data/admin/debug.log,7887
580,00995fe533327246f7ed26ca143b6a9ff5242fb3b88fb290f8fec83bcac65170,1akrbuSTPkRMU7ztM65jGiNHd5t7DPrqV7pB8G,m1,4,admin m1 m2 m3,8,2000-01-01 00:23:31,run/data/admin/debug.log,7901
581,000414173749a8a0c5bb2c1083ba794b892952037e64e869ea11d31146a97af2,1akrbuSTPkRMU7ztM65jGiNHd5t7DPrqV7pB8G,m1,4,admin m1 m2 m3,11,2000-01-01 00:23:35,run/data/admin/debug.log,7915
581,00cbf3371031640f23ba8ebf8ba48c159cbb92d3c6c3040af2ea4962f2ae9f96,16qEPM3f15FH1SsM8yqz9HJ5nwpP3ba7whwkH4,m3,4,admin m1 m2 m3,9,2000-01-01 00:23:35,run/data/admin/debug.log,7926
582,000f6059a2d256cc3f0ae9c8376df5e943232db499917ab3ca4d46acd4dbb5d8,16qEPM3f15FH1SsM8yqz9HJ5nwpP3ba7whwkH4,m3,4,admin m1 m2 m3,9,2000-01-01 00:23:38,run/data/admin/debug.log,7960
582,00fe01a0432bd5934821e4b192b132ae8abdf302d944161cc92c57e4dd00964f,1akrbuSTPkRMU7ztM65jGiNHd5t7DPrqV7pB8G,m1,4,admin m1 m2 m3,11,2000-01-01 00:23:38,run/data/admin/debug.log,7946
583,0042e071c7c4683e9bbe20ffe987264cd0dad0b37e16581d6a4a2a49be0c715d,1akrbuSTPkRMU7ztM65jGiNHd5t7DPrqV7pB8G,m1,4,admin m1 m2 m3,8,2000-01-01 00:23:40,run/data/admin/debug.log,7976
584,00ff41569fdc519fcc54be5634b14ba7c3c26f83b288dc1d10bcccd7f2b1b330,1akrbuSTPkRMU7ztM65jGiNHd5t7DPrqV7pB8G,m1,4,admin m1 m2 m3,8,2000-01-01 00:23:44,run/data/admin/debug.log,7990
585,008eb09c6303b1f5bd3fce7091d3c6e317b17be50640b9e8241f9c65f4eb004c,1DvpzaEbFEQsS6kv3UE1Mkc1XM2xPTJsinfjUr,m2,4,admin m1 m2 m3,8,2000-01-01 00:23:45,run/data/admin/debug.log,8005
586,002d220cc20ca31698c4626e1ffc061ab59383e9ca90fb87d587e254541e2e41,1DvpzaEbFEQsS6kv3UE1Mkc1XM2xPTJsinfjUr,m2,4,admin m1 m2 m3,8,2000-01-01 00:23:48,run/data/admin/debug.log,8019
587,00dd42fdf8a4ff78db42030c4d4507d344f69fce43efe9a3f582ec20281d1afc,1DvpzaEbFEQsS6kv3UE1Mkc1XM2xPTJsinfjUr,m2,4,admin m1 m2 m3,8,2000-01-01 00:23:52,run/data/admin/debug.log,8033
588,004b784326aee4547188a0a4a23cda144e148a1317a6b8d9945510a8e53903d7,1DvpzaEbFEQsS6kv3UE1Mkc1XM2xPTJsinfjUr,m2,4,admin m1 m2 m3,8,2000-01-01 00:23:55,run/data/admin/debug.log,8047
589,004532d17a5da36b227fb2b130df798a0ffd1c1c645b007f6d9f2fd20a59a5cf,1DvpzaEbFEQsS6kv3UE1Mkc1XM2xPTJsinfjUr,m2,4,admin m1 m2 m3,8,2000-01-01 00:23:57,run/data/admin/debug.log,8061
590,001a8e16f653b0e8b2a3dfad368e7ae1140543b9712fb79c7030a9ce5827c8ed,1DvpzaEbFEQsS6kv3UE1Mkc1XM2xPTJsinfjUr,m2,4,admin m1 m2 m3,8,2000-01-01 00:24:00,run/data/admin/debug.log,8078
591,006b13151fd8487fbf65f60e92c005a95003e087df803d55ed3ae0a66c8030fd,1akrbuSTPkRMU7ztM65jGiNHd5t7DPrqV7pB8G,m1,4,admin m1 m2 m3,8,2000-01-01 00:24:03,run/data/admin/debug.log,8092
592,0055b71f2e28d247b0a253625c39e8aaa00329177a60afa4f8e421c338b9e33c,1akrbuSTPkRMU7ztM65jGiNHd5t7DPrqV7pB8G,m1,4,admin m1 m2 m3,8,2000-01-01 00:24:07,run/data/admin/debug.log,8106
593,00e35fd57cf913472d7703d478568ff13f61c531be8f4d70b1afeff2427ec3e5,1akrbuSTPkRMU7ztM65jGiNHd5t7DPrqV7pB8G,m1,4,admin m1 m2 m3,8,2000-01-01 00:24:09,run/data/admin/debug.log,8120
594,002e048a00c916756e1300666859cd7502c2bee1c3d80e018186fa4ef392a3a4,1akrbuSTPkRMU7ztM65jGiNHd5t7DPrqV7pB8G,m1,4,admin m1 m2 m3,8,2000-01-01 00:24:11,run/data/admin/debug.log,8134
595,007318bb26bbf10fe05d8c405388d53a95be50733be8449d4b562837c8dc8257,1akrbuSTPkRMU7ztM65jGiNHd5t7DPrqV7pB8G,m1,4,admin m1 m2 m3,8,2000-01-01 00:24:12,run/data/admin/debug.log,8149
596,00c5f2684697b11b30238b2cd5189ed72fcb4f3f0cd8f029b1d8e9b31179eba7,1akrbuSTPkRMU7ztM65jGiNHd5t7DPrqV7pB8G,m1,4,admin m1 m2 m3,8,2000-01-01 00:24:14,run/data/admin/debug.log,8163
597,004f7d20c1ef469145fb01fe9db24d03a61f769c35a9443711c7ec5590741029,1akrbuSTPkRMU7ztM65jGiNHd5t7DPrqV7pB8G,m1,4,admin m1 m2 m3,8,2000-01-01 00:24:16,run/data/admin/debug.log,8179
598,00ce2c0268aa968687a6b631e39032062caee4257edcb06c33485a2f87ddfe3b,1akrbuSTPkRMU7ztM65jGiNHd5t7DPrqV7pB8G,m1,4,admin m1 m2 m3,8,2000-01-01 00:24:20,run/data/admin/debug.log,8193
599,00042733b25e063158217f01d47e3fe1bd4207a3be5835ab35ec1d410713aa9c,1DvpzaEbFEQsS6kv3UE1Mkc1XM2xPTJsinfjUr,m2,4,admin m1 m2 m3,9,2000-01-01 00:24:24,run/data/admin/debug.log,8218
599,004690f87796e88d53e17c9621aadadc259f3d097f13915ae6c297168e764e6f,1akrbuSTPkRMU7ztM65jGiNHd5t7DPrqV7pB8G,m1,4,admin m1 m2 m3,11,2000-01-01 00:24:23,run/data/admin/debug.log,8207
600,000772882b82701092b4c3af9c1a643da58a1e9a06c6d0879600d5465d0e20be,1akrbuSTPkRMU7ztM65jGiNHd5t7DPrqV7pB8G,m1,4,admin m1 m2 m3,8,2000-01-01 00:24:25,run/data/admin/debug.log,8237
601,00728dc013595d3951fd1ac77fcadcd104279ab95efbc77480d5359e145027fb,1akrbuSTPkRMU7ztM65jGiNHd5t7DPrqV7pB8G,m1,4,admin m1 m2 m3,11,2000-01-01 00:24:29,run/data/admin/debug.log,8251
601,007b3d532c9a73685676038ca423933c632f072bbdf3aad0d86e15c3e103ccfc,16qEPM3f15FH1SsM8yqz9HJ5nwpP3ba7whwkH4,m3,4,admin m1 m2 m3,9,2000-01-01 00:24:29,run/data/admin/debug.log,8262
602,00cf95401101a7f5dc16e24c0addb360f41dc9047af257123eb75394ef845a8d,1akrbuSTPkRMU7ztM65jGiNHd5t7DPrqV7pB8G,m1,4,admin m1 m2 m3,8,2000-01-01 00:24:31,run/data/admin/debug.log,8281
603,00f8dde0054f4f42daa9318239ede55f04b1ba1096accd47a37ad0eba8a1e337,1akrbuSTPkRMU7ztM65jGiNHd5t7DPrqV7pB8G,m1,4,admin m1 m2 m3,8,2000-01-01 00:24:33,run/data/admin/debug.log,8295
604,00000a491dc3710fd7c2598100904472f1f3eb1dc920325cc29ff5ecfa615ec9,1DvpzaEbFEQsS6kv3UE1Mkc1XM2xPTJsinfjUr,m2,4,admin m1 m2 m3,8,2000-01-01 00:24:35,run/data/admin/debug.log,8309
605,004f3c6ba3e6979426961493c60043f503d5f5503874d26ec735410e2a54b41c,1DvpzaEbFEQsS6kv3UE1Mkc1XM2xPTJsinfjUr,m2,4,admin m1 m2 m3,8,2000-01-01 00:24:37,run/data/admin/debug.log,8323
606,0023e2937287360aa7c9252ad2ca489d912cbada0540a725a026787799dc0116,1akrbuSTPkRMU7ztM65jGiNHd5t7DPrqV7pB8G,m1,4,admin m1 m2 m3,8,2000-01-01 00:24:40,run/data/admin/debug.log,8338
607,0092f0ce1b8a1fe5f95fd6459a7ead2f9a7bbc4b41638315fe80cdc305295319,1DvpzaEbFEQsS6kv3UE1Mkc1XM2xPTJsinfjUr,m2,4,admin m1 m2 m3,8,2000-01-01 00:24:42,run/data/admin/debug.log,8352
608,00d7921d9c08dae089460d5046488c2d0a327fc890f1ecfe7e676cf3117435d9,1DvpzaEbFEQsS6kv3UE1Mkc1XM2xPTJsinfjUr,m2,4,admin m1 m2 m3,8,2000-01-01 00:24:45,run/data/admin/debug.log,8367
609,00e8bd3fe966cb1ffc89f73ffc8702550b36449ebf586d96be78064403398f05,1DvpzaEbFEQsS6kv3UE1Mkc1XM2xPTJsinfjUr,m2,4,admin m1 m2 m3,8,2000-01-01 00:24:49,run/data/admin/debug.log,8381
610,00d660d5ce96011b0d3155839d4e0529e14c1f77995903464387e7bedd2dd96b,1akrbuSTPkRMU7ztM65jGiNHd5t7DPrqV7pB8G,m1,4,admin m1 m2 m3,8,2000-01-01 00:24:52,run/data/admin/debug.log,8395
611,00e75b7ca8bf3c31cfcf9612734239af21e07cdc0a1dbe2713aae69e7d606283,1akrbuSTPkRMU7ztM65jGiNHd5t7DPrqV7pB8G,m1,4,admin m1 m2 m3,8,2000-01-01 00:24:54,run/data/admin/debug.log,8409
612,005f553840570ecea524853dd7419855ed31bd07d53477115770f76043078f0d,1akrbuSTPkRMU7ztM65jGiNHd5t7DPrqV7pB8G,m1,4,admin m1 m2 m3,8,2000-01-01 00:24:55,run/data/admin/debug.log,8423
613,00806104b01ed0ec218fff35549ca56a14de91946013b2c7ffc22ec9d3410ae3,1akrbuSTPkRMU7ztM65jGiNHd5t7DPrqV7pB8G,m1,4,admin m1 m2 m3,8,2000-01-01 00:24:57,run/data/admin/debug.log,8437
614,0097bae175096af37f06a1ee9f0892755e3c9052a980d95d4da57353d1a82013,1akrbuSTPkRMU7ztM65jGiNHd5t7DPrqV7pB8G,m1,4,admin m1 m2 m3,8,2000-01-01 00:24:58,run/data/admin/debug.log,8448
615,00948b7729188c213723cca5e501fe95fa8e1f6bbb6f648c85aee8e387ab0ed8,1akrbuSTPkRMU7ztM65jGiNHd5t7DPrqV7pB8G,m1,4,admin m1 m2 m3,8,2000-01-01 00:25:02,run/data/admin/debug.log,8465
616,00668b24a3de7e1c702c3436de2dab320c43bd3447e460f1a44db690165e6212,1akrbuSTPkRMU7ztM65jGiNHd5t7DPrqV7pB8G,m1,4,admin m1 m2 m3,8,2000-01-01 00:25:05,run/data/admin/debug.log,8479
617,0055696b7d216caeef76aa22966d51ce27221b7082d176819a69c289bc3d3b44,1akrbuSTPkRMU7ztM65jGiNHd5t7DPrqV7pB8G,m1,4,admin m1 m2 m3,11,2000-01-01 00:25:08,run/data/admin/debug.log,8493
617,00de606c3c1609dcbafb6401a52195d8dddba6d59c8dc42379e2f23ae0c48276,16qEPM3f15FH1SsM8yqz9HJ5nwpP3ba7whwkH4,m3,4,admin m1 m2 m3,9,2000-01-01 00:25:08,run/data/admin/debug.log,8504
618,00a59889394a138c477f050e29f7f5716035266ceb22144305313b0d1c038239,1akrbuSTPkRMU7ztM65jGiNHd5t7DPrqV7pB8G,m1,4,admin m1 m2 m3,8,2000-01-01 00:25:11,run/data/admin/debug.log,8523
619,0086746052247874c7a8666ca634bb4d284fc957a817c2c99405856f78dbb688,1akrbuSTPkRMU7ztM65jGiNHd5t7DPrqV7pB8G,m1,4,admin m1 m2 m3,8,2000-01-01 00:25:13,run/data/admin/debug.log,8538
620,0031b790faa7a6c67f521598fa660d8efca46e20f00b202f375011769b197e4b,1DvpzaEbFEQsS6kv3UE1Mkc1XM2xPTJsinfjUr,m2,4,admin m1 m2 m3,9,2000-01-01 00:25:16,run/data/admin/debug.log,8565
620,00855283f5ae034f3282b97e1c86914004b112908b2c4fa8f6c557e79811f400,1akrbuSTPkRMU7ztM65jGiNHd5t7DPrqV7pB8G,m1,4,admin m1 m2 m3,11,2000-01-01 00:25:16,run/data/admin/debug.log,8554
621,003d9e20e0edf5829adf4da99b1a17132a6ab290954c915a27cfee75fef47183,1akrbuSTPkRMU7ztM65jGiNHd5t7DPrqV7pB8G,m1,4,admin m1 m2 m3,13,2000-01-01 00:25:20,run/data/admin/debug.log,8595
621,0044d6f24510a62b4ce787e8fff153fedfbb8bb0f969eaf03b0b26ba0a68d00c,16qEPM3f15FH1SsM8yqz9HJ5nwpP3ba7whwkH4,m3,4,admin m1 m2 m3,13,2000-01-01 00:25:19,run/data/admin/debug.log,8584
621,00f105210268d9035a6ee6d302553fd66463231bd95039126d07f81c87f9608e,1DvpzaEbFEQsS6kv3UE1Mkc1XM2xPTJsinfjUr,m2,4,admin m1 m2 m3,10,2000-01-01 00:25:20,run/data/admin/debug.log,8611
622,00f6081c1b9389e9d3864af21c1ae0a25bb0850a7cf466ad83ce66a92e517d6a,1DvpzaEbFEQsS6kv3UE1Mkc1XM2xPTJsinfjUr,m2,4,admin m1 m2 m3,8,2000-01-01 00:25:22,run/data/admin/debug.log,8635
623,009915ce9de1e39bfd4b8111aa672224c263344c887df30433aedcccf6f636ec,1DvpzaEbFEQsS6kv3UE1Mkc1XM2xPTJsinfjUr,m2,4,admin m1 m2 m3,8,2000-01-01 00:25:24,run/data/admin/debug.log,8656
624,001a95a461227a06596a77623437581a40b9bb90057b533b45f7e2be89bff902,1DvpzaEbFEQsS6kv3UE1Mkc1XM2xPTJsinfjUr,m2,4,admin m1 m2 m3,9,2000-01-01 00:25:28,run/data/admin/debug.log,8681
624,00ca722407ff7fa1a22590fa323bb7ef32f86a64861be8e48e0832c72aff4ea8,1akrbuSTPkRMU7ztM65jGiNHd5t7DPrqV7pB8G,m1,4,admin m1 m2 m3,11,2000-01-01 00:25:27,run/data/admin/debug.log,8670
625,00263d4a684d01c81283428524ad72bc6ef8a0aea8ab4921856bee5a84fe2fc0,1DvpzaEbFEQsS6kv3UE1Mkc1XM2xPTJsinfjUr,m2,4,admin m1 m2 m3,8,2000-01-01 00:25:30,run/data/admin/debug.log,8700
626,002f1cd8e9cb8815dc3bf87ba8f58ff183078080ee7d8bfd80144daa532acc44,1DvpzaEbFEQsS6kv3UE1Mkc1XM2xPTJsinfjUr,m2,4,admin m1 m2 m3,9,2000-01-01 00:25:33,run/data/admin/debug.log,8732
626,00f64c799b3a943ecbd4c183319a79a11fac52390ea04af45501916f456bcd89,1akrbuSTPkRMU7ztM65jGiNHd5t7DPrqV7pB8G,m1,4,admin m1 m2 m3,11,2000-01-01 00:25:33,run/data/admin/debug.log,8718
627,00afbddf67c7d687529ab06837829e91d75a550587078ecda6151c8ffa4a2bb4,1akrbuSTPkRMU7ztM65jGiNHd5t7DPrqV7pB8G,m1,4,admin m1 m2 m3,8,2000-01-01 00:25:36,run/data/admin/debug.log,8748
628,002642c2ec7a8698282e67c837369ed9919268f5811fd4551694a6a0a11f9ae0,1akrbuSTPkRMU7ztM65jGiNHd5t7DPrqV7pB8G,m1,4,admin m1 m2 m3,8,2000-01-01 00:25:37,run/data/admin/debug.log,8762
629,0044e9efd6e8c0467e8413281250d98b113605fb8bd5255de1bffe01e0dbd607,1akrbuSTPkRMU7ztM65jGiNHd5t7DPrqV7pB8G,m1,4,admin m1 m2 m3,11,2000-01-01 00:25:39,run/data/admin/debug.log,8776
629,00fa3d28c28fdc2b4cea570c70da9b4265613a5adedab54f0d4d7b500ddc9e6a,1DvpzaEbFEQsS6kv3UE1Mkc1XM2xPTJsinfjUr,m2,4,admin m1 m2 m3,9,2000-01-01 00:25:40,run/data/admin/debug.log,8787
630,0028aeeb4e9e5116c5b65c1ca258ae95667e2ac1b982a9539130cf056d1e7a02,1DvpzaEbFEQsS6kv3UE1Mkc1XM2xPTJsinfjUr,m2,4,admin m1 m2 m3,9,2000-01-01 00:25:43,run/data/admin/debug.log,8818
630,003099106aec2a0393bcec66242fef18804fcc360cd11c25e4dcceba92e41c9e,1akrbuSTPkRMU7ztM65jGiNHd5t7DPrqV7pB8G,m1,4,admin m1 m2 m3,11,2000-01-01 00:25:43,run/data/admin/debug.log,8807
631,00b7ba20e285069e257a012e002eb2adde4e9ca20266149a3418c0971e1eed4a,1akrbuSTPkRMU7ztM65jGiNHd5t7DPrqV7pB8G,m1,4,admin m1 m2 m3,8,2000-01-01 00:25:45,run/data/admin/debug.log,8837
632,00138eb81c518cb0fdab691a63e94db59aba01f705deaeeb7d5cdd79b56ff9e9,1akrbuSTPkRMU7ztM65jGiNHd5t7DPrqV7pB8G,m1,4,admin m1 m2 m3,9,2000-01-01 00:25:47,run/data/admin/debug.log,8866
632,00cab0bbbb7dc15eb264c6993b9929578921553880797385cca37f5974ed991f,16qEPM3f15FH1SsM8yqz9HJ5nwpP3ba7whwkH4,m3,4,admin m1 m2 m3,11,2000-01-01 00:25:47,run/data/admin/debug.log,8852
633,007e1f074a30aa8587f1666b5b5c58704d4b8fd6df7370dd8b04f7977b0714bb,16qEPM3f15FH1SsM8yqz9HJ5nwpP3ba7whwkH4,m3,4,admin m1 m2 m3,11,2000-01-01 00:25:50,run/data/admin/debug.log,8882
633,00d0db9b9136a0083b7daa3cbc62103e6fe726996401b921ff00eb5cd5fc74fb,1akrbuSTPkRMU7ztM65jGiNHd5t7DPrqV7pB8G,m1,4,admin m1 m2 m3,9,2000-01-01 00:25:50,run/data/admin/debug.log,8896
634,009bc30c79227ce8724f9ff3bd631cabcf5bf6ee614271f50e057870fbee74f5,16qEPM3f15FH1SsM8yqz9HJ5nwpP3ba7whwkH4,m3,4,admin m1 m2 m3,10,2000-01-01 00:25:54,run/data/admin/debug.log,8912
634,00a25246e8fcd1106920e473b82900da0ef55d3cd1407da79c5fb55ab5c84073,1akrbuSTPkRMU7ztM65jGiNHd5t7DPrqV7pB8G,m1,4,admin m1 m2 m3,10,2000-01-01 00:25:54,run/data/admin/debug.log,8923
635,0048f26e20c5b80911a6f80f4e4a0df816b1c20111603a69bf68ca30eee5c6de,1akrbuSTPkRMU7ztM65jGiNHd5t7DPrqV7pB8G,m1,4,admin m1 m2 m3,8,2000-01-01 00:25:56,run/data/admin/debug.log,8942
636,00ab198d02f9f3615e0655dc2e991cd6fc04b1379352f791445b0b9da2d0cc0a,1akrbuSTPkRMU7ztM65jGiNHd5t7DPrqV7pB8G,m1,4,admin m1 m2 m3,8,2000-01-01 00:25:58,run/data/admin/debug.log,8966
637,002bde68151d048b210ab273bdb4e3b81967c0dfaaae20db06a72b886fd0bdec,1akrbuSTPkRMU7ztM65jGiNHd5t7DPrqV7pB8G,m1,4,admin m1 m2 m3,8,2000-01-01 00:26:00,run/data/admin/debug.log,8983
638,00fc4b5cb0e278adaf8268e09512cdc5b91897883a1f0e49173038e83395e4c7,1akrbuSTPkRMU7ztM65jGiNHd5t7DPrqV7pB8G,m1,4,admin m1 m2 m3,8,2000-01-01 00:26:04,run/data/admin/debug.log,8997
639,005d7e4ad86f2f58892b1e330c541791e0f349e60684000db7e10d2aec45b157,1akrbuSTPkRMU7ztM65jGiNHd5t7DPrqV7pB8G,m1,4,admin m1 m2 m3,8,2000-01-01 00:26:06,run/data/admin/debug.log,9011
640,00849c604c0b092a28626868b8fe7273a40bbd118ec87569fd0a81a05517048e,1akrbuSTPkRMU7ztM65jGiNHd5t7DPrqV7pB8G,m1,4,admin m1 m2 m3,8,2000-01-01 00:26:09,run/data/admin/debug.log,9025
641,00056d1a5858dd78372e22b9e785e884f5749203685ec13c1e7794081962110a,1akrbuSTPkRMU7ztM65jGiNHd5t7DPrqV7pB8G,m1,4,admin m1 m2 m3,8,2000-01-01 00:26:12,run/data/admin/debug.log,9039
642,00ed786a6459c31db3fa5cb24bf46680f37bf360254cdea85879289e31b16366,1akrbuSTPkRMU7ztM65jGiNHd5t7DPrqV7pB8G,m1,4,admin m1 m2 m3,8,2000-01-01 00:26:16,run/data/admin/debug.log,9055
643,00f87efb8515b0a7c0c377daac8eccde2cc6d7632260856e7f8d607d72022e96,1akrbuSTPkRMU7ztM65jGiNHd5t7DPrqV7pB8G,m1,4,admin m1 m2 m3,8,2000-01-01 00:26:18,run/data/admin/debug.log,9070
644,000c72bbdfaba4cc4cf6a4499333ed6d76a8201cbbb599164c17c46c0297b775,1akrbuSTPkRMU7ztM65jGiNHd5t7DPrqV7pB8G,m1,4,admin m1 m2 m3,8,2000-01-01 00:26:21,run/data/admin/debug.log,9084
645,00ca68c061edec15568b6ca7afc6cbd28b2cbee6c2a48242dc8953bc1f378be6,1akrbuSTPkRMU7ztM65jGiNHd5t7DPrqV7pB8G,m1,4,admin m1 m2 m3,8,2000-01-01 00:26:25,run/data/admin/debug.log,9098
646,006938da97cd11dbbf62de112185da14c679f9529b6b32ee30d59529ede70a7d,1akrbuSTPkRMU7ztM65jGiNHd5t7DPrqV7pB8G,m1,4,admin m1 m2 m3,8,2000-01-01 00:26:28,run/data/admin/debug.log,9112
647,00a17d92cacc8fd2643facc5910dc32df05d3034b3cc120234e416ff07dcd5c0,1akrbuSTPkRMU7ztM65jGiNHd5t7DPrqV7pB8G,m1,4,admin m1 m2 m3,8,2000-01-01 00:26:31,run/data/admin/debug.log,9126
648,00b98e3b712b143b433ac2a9c4188232ee2a3f87584dcadbf3e549b6ebcc7f08,1akrbuSTPkRMU7ztM65jGiNHd5t7DPrqV7pB8G,m1,4,admin m1 m2 m3,8,2000-01-01 00:26:34,run/data/admin/debug.log,9140
649,0042719b2f71d876494682da8991aef28b553472270df36a8caf00711afa068e,1akrbuSTPkRMU7ztM65jGiNHd5t7DPrqV7pB8G,m1,4,admin m1 m2 m3,8,2000-01-01 00:26:37,run/data/admin/debug.log,9154
650,00c2de20e5fec055cfc4cdc8e75c1126ea2ff303ba57605c037b0eb90ce4cf49,1akrbuSTPkRMU7ztM65jGiNHd5t7DPrqV7pB8G,m1,4,admin m1 m2 m3,8,2000-01-01 00:26:39,run/data/admin/debug.log,9168
651,00104db7588306edd2ac76770a631d98ebd1f82dcb4b9f682564231df514bd65,1akrbuSTPkRMU7ztM65jGiNHd5t7DPrqV7pB8G,m1,4,admin m1 m2 m3,8,2000-01-01 00:26:42,run/data/admin/debug.log,9182
652,0085e74110dc5ffaa530817917d72249950c1498fae2c46955c9e60b906179d0,1akrbuSTPkRMU7ztM65jGiNHd5t7DPrqV7pB8G,m1,4,admin m1 m2 m3,8,2000-01-01 00:26:43,run/data/admin/debug.log,9196
653,00194bc59bbb694e88614f7e46e5e71faad3c89f4ab1339dc91450b09ce2937e,1DvpzaEbFEQsS6kv3UE1Mkc1XM2xPTJsinfjUr,m2,4,admin m1 m2 m3,8,2000-01-01 00:26:46,run/data/admin/debug.log,9210
654,008934e94571d3704c2be5f3f4bc32a111661d94c92eb9f506311e78a005cb41,1akrbuSTPkRMU7ztM65jGiNHd5t7DPrqV7pB8G,m1,4,admin m1 m2 m3,11,2000-01-01 00:26:49,run/data/admin/debug.log,9227
654,00eb6ff5870dddbff0ac1269cfbb2310e6783378e800833ed290df929a5bb9fc,1DvpzaEbFEQsS6kv3UE1Mkc1XM2xPTJsinfjUr,m2,4,admin m1 m2 m3,9,2000-01-01 00:26:49,run/data/admin/debug.log,9238
655,001dda5ff826cbb9aaa293ab9f121fe8811d2d15ff535e4425028b47a36ae88f,1akrbuSTPkRMU7ztM65jGiNHd5t7DPrqV7pB8G,m1,4,admin m1 m2 m3,8,2000-01-01 00:26:51,run/data/admin/debug.log,9257
656,001e0dea6d14aa8fc5fb0f05002eef34731e0976abb50a95eef4da2987d889e8,1akrbuSTPkRMU7ztM65jGiNHd5t7DPrqV7pB8G,m1,4,admin m1 m2 m3,8,2000-01-01 00:26:53,run/data/admin/debug.log,9271
657,0047751ed2e76f2067067f69fd86286d37d7d43b097348c62274ed9f3b70257d,1akrbuSTPkRMU7ztM65jGiNHd5t7DPrqV7pB8G,m1,4,admin m1 m2 m3,8,2000-01-01 00:26:56,run/data/admin/debug.log,9285
658,0009b93851018c2e3d9a4d8b7aecd5bffccb62606163af07583aacac3c5194fd,1akrbuSTPkRMU7ztM65jGiNHd5t7DPrqV7pB8G,m1,4,admin m1 m2 m3,8,2000-01-01 00:26:58,run/data/admin/debug.log,9299
659,008125eb31013e55ba20efbef1e7bd823a27993f25781dd8893ec1e1bfda1cf2,1akrbuSTPkRMU7ztM65jGiNHd5t7DPrqV7pB8G,m1,4,admin m1 m2 m3,8,2000-01-01 00:27:01,run/data/admin/debug.log,9314
660,0001d7a5280e1aa7814d7351fe67fa975c083b205e5d98365abd8ef2d1399ed5,1akrbuSTPkRMU7ztM65jGiNHd5t7DPrqV7pB8G,m1,4,admin m1 m2 m3,8,2000-01-01 00:27:03,run/data/admin/debug.log,9328
661,00539c1f64e79254ff95fc3acafdf75b5ca10da957dcca0e622bc208909e8a81,1akrbuSTPkRMU7ztM65jGiNHd5t7DPrqV7pB8G,m1,4,admin m1 m2 m3,9,2000-01-01 00:27:07,run/data/admin/debug.log,9353
661,00c2acef11230957f864a4d2db21373f86b8ff9bfb0195943cdd8f104318b00c,1DvpzaEbFEQsS6kv3UE1Mkc1XM2xPTJsinfjUr,m2,4,admin m1 m2 m3,11,2000-01-01 00:27:07,run/data/admin/debug.log,9342
662,00b4472ed0f6004a90c11d56207c6e66d113248b94e632aad458cc13d68c5b28,1akrbuSTPkRMU7ztM65jGiNHd5t7DPrqV7pB8G,m1,4,admin m1 m2 m3,8,2000-01-01 00:27:08,run/data/admin/debug.log,9372
663,00705683d634d09cb344578b21bd0540e98c8291f4d78908ced1c1b3ec00ef0c,1akrbuSTPkRMU7ztM65jGiNHd5t7DPrqV7pB8G,m1,4,admin m1 m2 m3,9,2000-01-01 00:27:11,run/data/admin/debug.log,9401
663,00f191bf3bdc67945b2c8ff4ce871a630848bc1d9a34413848822706286cbf35,1DvpzaEbFEQsS6kv3UE1Mkc1XM2xPTJsinfjUr,m2,4,admin m1 m2 m3,11,2000-01-01 00:27:11,run/data/admin/debug.log,9390
664,00015d6877b3fbd6887e1a3f59223345cf66c5125672b5c518e2402ce1617967,1DvpzaEbFEQsS6kv3UE1Mkc1XM2xPTJsinfjUr,m2,4,admin m1 m2 m3,8,2000-01-01 00:27:13,run/data/admin/debug.log,9420
665,0073a160fc808b2076d8ed5d4562732ac98942888bf7e1c5350f17d21b1c4f5a,1DvpzaEbFEQsS6kv3UE1Mkc1XM2xPTJsinfjUr,m2,4,admin m1 m2 m3,11,2000-01-01 00:27:16,run/data/admin/debug.log,9434
665,00f7b786b41a00db1f9e1e0e6bd7ede1c6f76e5e10a5ee291019f4e785bdad29,1akrbuSTPkRMU7ztM65jGiNHd5t7DPrqV7pB8G,m1,4,admin m1 m2 m3,9,2000-01-01 00:27:16,run/data/admin/debug.log,9446
666,0027927b2c5fe69181384d5aa3e81185340e3b97d7d21d91acd0dad1087d95fd,1akrbuSTPkRMU7ztM65jGiNHd5t7DPrqV7pB8G,m1,4,admin m1 m2 m3,9,2000-01-01 00:27:20,run/data/admin/debug.log,9477
666,00cbd7ad3cd73792f091d186904e0d10277f47705d695c9b595d2cc4198b9ed8,1DvpzaEbFEQsS6kv3UE1Mkc1XM2xPTJsinfjUr,m2,4,admin m1 m2 m3,11,2000-01-01 00:27:20,run/data/admin/debug.log,9466
667,00c893b7285037d9d2d6cbb54c167140909fe321136959fceac286692a1aa2af,1akrbuSTPkRMU7ztM65jGiNHd5t7DPrqV7pB8G,m1,4,admin m1 m2 m3,11,2000-01-01 00:27:23,run/data/admin/debug.log,9496
667,00e3d744ce1c944b1576d17d40279604616f08e37867755338af94f30b69b371,1DvpzaEbFEQsS6kv3UE1Mkc1XM2xPTJsinfjUr,m2,4,admin m1 m2 m3,9,2000-01-01 00:27:23,run/data/admin/debug.log,9514
668,00aff5770994b7d5130492c022db4a5ae3a8078eeb069ef0d82369a34f20b06e,1DvpzaEbFEQsS6kv3UE1Mkc1XM2xPTJsinfjUr,m2,4,admin m1 m2 m3,8,2000-01-01 00:27:25,run/data/admin/debug.log,9533
669,00c46199165dfe8073b2bfb6935bb9205e248b2f3024bbface3057825655b83e,1DvpzaEbFEQsS6kv3UE1Mkc1XM2xPTJsinfjUr,m2,4,admin m1 m2 m3,8,2000-01-01 00:27:28,run/data/admin/debug.log,9557
670,000f1087889169553c887b15a31e5dea502e14d266451f1207aca832ace60ce4,1DvpzaEbFEQsS6kv3UE1Mkc1XM2xPTJsinfjUr,m2,4,admin m1 m2 m3,8,2000-01-01 00:27:32,run/data/admin/debug.log,9571
671,00a95159e6efc0b72d7d38f3252378af530ff6347889289148d62a22ce071984,1DvpzaEbFEQsS6kv3UE1Mkc1XM2xPTJsinfjUr,m2,4,admin m1 m2 m3,8,2000-01-01 00:27:35,run/data/admin/debug.log,9585
672,0066ae683b946db22a9d62990d5f9fb78264e501269500c554c1b19c3d20bba6,1DvpzaEbFEQsS6kv3UE1Mkc1XM2xPTJsinfjUr,m2,4,admin m1 m2 m3,8,2000-01-01 00:27:38,run/data/admin/debug.log,9599
673,002be2709cd56d7b2cc18851219e61eb4e004c3948267ec7a8c74248137a373c,16qEPM3f15FH1SsM8yqz9HJ5nwpP3ba7whwkH4,m3,4,admin m1 m2 m3,8,2000-01-01 00:27:41,run/data/admin/debug.log,9613
674,004d8f46730aea0255217dd635e8c9b7976bb0b9cfe96a1fdc1de4abf658eed0,1akrbuSTPkRMU7ztM65jGiNHd5t7DPrqV7pB8G,m1,4,admin m1 m2 m3,8,2000-01-01 00:27:43,run/data/admin/debug.log,9627
675,009306c5e30132158e47e4189e28fe9272e06993b9dc974a79efea8dccbc7845,1akrbuSTPkRMU7ztM65jGiNHd5t7DPrqV7pB8G,m1,4,admin m1 m2 m3,8,2000-01-01 00:27:45,run/data/admin/debug.log,9641
676,00ad1e1b272b52ac40a7f7eca065368eb5af3c910e434bba23f661aecc17b06e,1akrbuSTPkRMU7ztM65jGiNHd5t7DPrqV7pB8G,m1,4,admin m1 m2 m3,8,2000-01-01 00:27:46,run/data/admin/debug.log,9655
677,00d2d86d18da6ae2dd7ca6c5800467e99b430a702d4d02e5f90c200dcf99be25,1DvpzaEbFEQsS6kv3UE1Mkc1XM2xPTJsinfjUr,m2,4,admin m1 m2 m3,10,2000-01-01 00:27:50,run/data/admin/debug.log,9671
677,00fedf36f41bc3153baaddd0b43f1d8550016fcb85c437d451577b188ea06e5a,1akrbuSTPkRMU7ztM65jGiNHd5t7DPrqV7pB8G,m1,4,admin m1 m2 m3,10,2000-01-01 00:27:50,run/data/admin/debug.log,9682
678,00f56ac27859d9e69576f2374f1b3fd98652cdf39a674fc264825a31a408689e,1akrbuSTPkRMU7ztM65jGiNHd5t7DPrqV7pB8G,m1,4,admin m1 m2 m3,8,2000-01-01 00:27:52,run/data/admin/debug.log,9702
679,00e8353105eacca96d927f90069a04f2158034b14524e721881986c099ae7a8e,1akrbuSTPkRMU7ztM65jGiNHd5t7DPrqV7pB8G,m1,4,admin m1 m2 m3,8,2000-01-01 00:27:54,run/data/admin/debug.log,9720
680,0047acb7910b39b31883dd5fc94e2090bd5ba578b203ee7b6e896c652a59516b,1akrbuSTPkRMU7ztM65jGiNHd5t7DPrqV7pB8G,m1,4,admin m1 m2 m3,8,2000-01-01 00:27:57,run/data/admin/debug.log,9734
681,004e5b9122ced7cef8d98109dabad9fae28456b8d3ca59bfff6cfdd8cb20a708,1akrbuSTPkRMU7ztM65jGiNHd5t7DPrqV7pB8G,m1,4,admin m1 m2 m3,8,2000-01-01 00:28:01,run/data/admin/debug.log,9751
682,00a19de25c2ddb24c4251f8f1000a731c53e3024fc68131e0beed59336ebb780,16qEPM3f15FH1SsM8yqz9HJ5nwpP3ba7whwkH4,m3,4,admin m1 m2 m3,8,2000-01-01 00:28:02,run/data/admin/debug.log,9765
683,0070c6113d141a8f4a6b8107690e842d9d17f9733adcd03e781173d396bc1bfd,1akrbuSTPkRMU7ztM65jGiNHd5t7DPrqV7pB8G,m1,4,admin m1 m2 m3,8,2000-01-01 00:28:05,run/data/admin/debug.log,9779
684,006111ba93d80a3b608c128e2e245c2c9f1e878b51e9af7e079fd6f1437d7459,1akrbuSTPkRMU7ztM65jGiNHd5t7DPrqV7pB8G,m1,4,admin m1 m2 m3,8,2000-01-01 00:28:06,run/data/admin/debug.log,9793
685,000c56f67c09aa1727c9e61f20187417b163abfcdfaf89018e2839cab4121cb6,1akrbuSTPkRMU7ztM65jGiNHd5t7DPrqV7pB8G,m1,4,admin m1 m2 m3,8,2000-01-01 00:28:08,run/data/admin/debug.log,9807
686,00946825d7a74189b577e1d6d63721ec54bbad96fe7df814a72de16f382d51b6,1akrbuSTPkRMU7ztM65jGiNHd5t7DPrqV7pB8G,m1,4,admin m1 m2 m3,8,2000-01-01 00:28:11,run/data/admin/debug.log,9821
687,004af8033bccfb4d78fad499b45e440ae6a160db78b3be62fd0fde2a76a7d344,1DvpzaEbFEQsS6kv3UE1Mkc1XM2xPTJsinfjUr,m2,4,admin m1 m2 m3,11,2000-01-01 00:28:14,run/data/admin/debug.log,9835
687,00a6024a0a1ec41b7c891effd8202f5fea881fe990aca1465cd1f7045770a5d3,1akrbuSTPkRMU7ztM65jGiNHd5t7DPrqV7pB8G,m1,4,admin m1 m2 m3,9,2000-01-01 00:28:14,run/data/admin/debug.log,9846
688,00831a007ba440b0c87d674592893a9257e68fa4f337bad1791da267bca5655d,16qEPM3f15FH1SsM8yqz9HJ5nwpP3ba7whwkH4,m3,4,admin m1 m2 m3,8,2000-01-01 00:28:15,run/data/admin/debug.log,9865
689,0060cc80fc7baabf84ec672fa6611ee94a2b4f1e301c17f1c89bdb3d4b0b81bd,16qEPM3f15FH1SsM8yqz9HJ5nwpP3ba7whwkH4,m3,4,admin m1 m2 m3,8,2000-01-01 00:28:19,run/data/admin/debug.log,9880
690,0085649d76bb3b33b644f46a9875ab557405e69ff284908cf260fcc56fc0a9d7,1DvpzaEbFEQsS6kv3UE1Mkc1XM2xPTJsinfjUr,m2,4,admin m1 m2 m3,8,2000-01-01 00:28:20,run/data/admin/debug.log,9894
691,00206a851505e24d3345392a03f18b59e146de99b80b3d5cb639f35115a6ac63,1DvpzaEbFEQsS6kv3UE1Mkc1XM2xPTJsinfjUr,m2,4,admin m1 m2 m3,8,2000-01-01 00:28:23,run/data/admin/debug.log,9909
692,00a99245e048581220133f068dc6c50ecf189b6a64c152b2177b1614a170d05b,1DvpzaEbFEQsS6kv3UE1Mkc1XM2xPTJsinfjUr,m2,4,admin m1 m2 m3,8,2000-01-01 00:28:27,run/data/admin/debug.log,9923
693,00796f797c638761df472fd67f623aee78a4dd3bed451d56f14590050d7d9228,1akrbuSTPkRMU7ztM65jGiNHd5t7DPrqV7pB8G,m1,4,admin m1 m2 m3,8,2000-01-01 00:28:29,run/data/admin/debug.log,9937
694,00d754d5110c3ef540376012bc6096b66dcfb7485b7b1e517e9cc3709a55e681,1akrbuSTPkRMU7ztM65jGiNHd5t7DPrqV7pB8G,m1,4,admin m1 m2 m3,8,2000-01-01 00:28:32,run/data/admin/debug.log,9951
695,00da355783cc53914fc0169f161e287e93f4da458257e02a325f935936ac3bc4,1akrbuSTPkRMU7ztM65jGiNHd5t7DPrqV7pB8G,m1,4,admin m1 m2 m3,8,2000-01-01 00:28:34,run/data/admin/debug.log,9965
696,00abb152b80b87eb6a7e32b360d56ee2c9bf13bf4ce5770ee621852ea966e206,1akrbuSTPkRMU7ztM65jGiNHd5t7DPrqV7pB8G,m1,4,admin m1 m2 m3,8,2000-01-01 00:28:37,run/data/admin/debug.log,9979
697,00531d72b5072219989d32a02cc7da529e5db3480df35d25485ef5e0246c7171,1akrbuSTPkRMU7ztM65jGiNHd5t7DPrqV7pB8G,m1,4,admin m1 m2 m3,8,2000-01-01 00:28:39,run/data/admin/debug.log,9993
698,009b60e7bb20dfb6928b730833328b80ff84e82c9a67b5f79aa8ad2672a088eb,1akrbuSTPkRMU7ztM65jGiNHd5t7DPrqV7pB8G,m1,4,admin m1 m2 m3,8,2000-01-01 00:28:41,run/data/admin/debug.log,10007
699,003e0a8f1868a9a9672ee1dcd6cdbfc4d185f59e4f2a2a5569963cc74c1c0da5,1DvpzaEbFEQsS6kv3UE1Mkc1XM2xPTJsinfjUr,m2,4,admin m1 m2 m3,11,2000-01-01 00:28:45,run/data/admin/debug.log,10021
699,00d8c66edaadcf948b91603cc87b8c4d191138de1a43ab38b4a6c9e24f92655a,1akrbuSTPkRMU7ztM65jGiNHd5t7DPrqV7pB8G,m1,4,admin m1 m2 m3,9,2000-01-01 00:28:45,run/data/admin/debug.log,10032
700,005e566974f35744b7921adad857a9c473cbb8f27718b4079e7b450bb9720db5,1DvpzaEbFEQsS6kv3UE1Mkc1XM2xPTJsinfjUr,m2,4,admin m1 m2 m3,10,2000-01-01 00:28:47,run/data/admin/debug.log,10052
700,006e504c9119db583147e2e94215f527a3f6ec2ee4307e8723349e2926cd87ed,1akrbuSTPkRMU7ztM65jGiNHd5t7DPrqV7pB8G,m1,4,admin m1 m2 m3,10,2000-01-01 00:28:47,run/data/admin/debug.log,10063
701,0025044d7bd3d7236316e096cb59f4a92b1afae969fac51e50d0f898e1134e94,1akrbuSTPkRMU7ztM65jGiNHd5t7DPrqV7pB8G,m1,4,admin m1 m2 m3,8,2000-01-01 00:28:49,run/data/admin/debug.log,10082
702,0082778ace979c548a9ea8c7201562b061e6a785bf47a053dcaf5a50fcd144a2,1akrbuSTPkRMU7ztM65jGiNHd5t7DPrqV7pB8G,m1,4,admin m1 m2 m3,8,2000-01-01 00:28:50,run/data/admin/debug.log,10103
703,00d8e8a9704516bde9117b3bca704fd7f6066234e2d54f257cd94b00c5cb6aff,1akrbuSTPkRMU7ztM65jGiNHd5t7DPrqV7pB8G,m1,4,admin m1 m2 m3,8,2000-01-01 00:28:51,run/data/admin/debug.log,10118
704,009daad758f9db85de0fb8d41f2c0e21b3f232529bfe1e809b141fa3bf0fe55b,1akrbuSTPkRMU7ztM65jGiNHd5t7DPrqV7pB8G,m1,4,admin m1 m2 m3,8,2000-01-01 00:28:54,run/data/admin/debug.log,10132
705,0014aba5975f3f0a369955ea1d859c78b16dafcb65e222fda7b71e2585be3ba1,1DvpzaEbFEQsS6kv3UE1Mkc1XM2xPTJsinfjUr,m2,4,admin m1 m2 m3,11,2000-01-01 00:28:57,run/data/admin/debug.log,10146
705,006668fe49a5aded39e387fd4c3cd211004a8ef1452541276725e0d5de95d84b,1akrbuSTPkRMU7ztM65jGiNHd5t7DPrqV7pB8G,m1,4,admin m1 m2 m3,9,2000-01-01 00:28:57,run/data/admin/debug.log,10157
706,00016c32b8f2c7768ab4d6311f28ad90243279dd159e9e857a8e5a20a9fde68e,1akrbuSTPkRMU7ztM65jGiNHd5t7DPrqV7pB8G,m1,4,admin m1 m2 m3,8,2000-01-01 00:28:59,run/data/admin/debug.log,10176
