experiment_id,replication_id,area,target_block_time,dumpfunction,malus_enabled,weight_epoch_length,host,height,kind,balance_gas,epoch,sent_gas
run6-tbt-10s,1,regionale,10,none,true,100,c1,34,sample,99.8042,1,
run6-tbt-10s,1,regionale,10,none,true,100,c1,36,sample,99.608,1,
run6-tbt-10s,1,regionale,10,none,true,100,c1,39,sample,99.3858,1,
run6-tbt-10s,1,regionale,10,none,true,100,c1,43,sample,99.1628,1,
run6-tbt-10s,1,regionale,10,none,true,100,c1,46,sample,98.9396,1,
run6-tbt-10s,1,regionale,10,none,true,100,c1,49,sample,98.7722,1,
run6-tbt-10s,1,regionale,10,none,true,100,c1,52,sample,98.5494,1,
run6-tbt-10s,1,regionale,10,none,true,100,c1,55,sample,98.3264,1,
run6-tbt-10s,1,regionale,10,none,true,100,c1,57,sample,98.1032,1,
run6-tbt-10s,1,regionale,10,none,true,100,c1,61,sample,97.936,1,
run6-tbt-10s,1,regionale,10,none,true,100,c1,64,sample,97.713,1,
run6-tbt-10s,1,regionale,10,none,true,100,c1,67,sample,97.49,1,
run6-tbt-10s,1,regionale,10,none,true,100,c1,70,sample,97.2672,1,
run6-tbt-10s,1,regionale,10,none,true,100,c1,72,sample,97.1,1,
run6-tbt-10s,1,regionale,10,none,true,100,c1,76,sample,96.877,1,
run6-tbt-10s,1,regionale,10,none,true,100,c1,78,sample,96.6538,1,
run6-tbt-10s,1,regionale,10,none,true,100,c1,82,sample,96.4306,1,
run6-tbt-10s,1,regionale,10,none,true,100,c1,85,sample,96.2634,1,
run6-tbt-10s,1,regionale,10,none,true,100,c1,87,sample,96.0402,1,
run6-tbt-10s,1,regionale,10,none,true,100,c1,91,sample,95.817,1,
run6-tbt-10s,1,regionale,10,none,true,100,c1,94,sample,95.594,1,
run6-tbt-10s,1,regionale,10,none,true,100,c1,96,sample,95.371,1,
run6-tbt-10s,1,regionale,10,none,true,100,c1,100,sample,95.2038,2,
run6-tbt-10s,1,regionale,10,none,true,100,c1,103,sample,94.98,2,
run6-tbt-10s,1,regionale,10,none,true,100,c1,106,sample,94.7562,2,
run6-tbt-10s,1,regionale,10,none,true,100,c1,109,sample,94.5322,2,
run6-tbt-10s,1,regionale,10,none,true,100,c1,112,sample,94.3642,2,
run6-tbt-10s,1,regionale,10,none,true,100,c1,114,sample,94.1396,2,
run6-tbt-10s,1,regionale,10,none,true,100,c1,118,sample,93.915,2,
run6-tbt-10s,1,regionale,10,none,true,100,c1,121,sample,93.6904,2,
run6-tbt-10s,1,regionale,10,none,true,100,c1,123,sample,93.5218,2,
run6-tbt-10s,1,regionale,10,none,true,100,c1,126,sample,93.297,2,
run6-tbt-10s,1,regionale,10,none,true,100,c1,130,sample,93.0726,2,
run6-tbt-10s,1,regionale,10,none,true,100,c1,133,sample,92.8478,2,
run6-tbt-10s,1,regionale,10,none,true,100,c1,135,sample,92.6794,2,
run6-tbt-10s,1,regionale,10,none,true,100,c1,138,sample,92.4552,2,
run6-tbt-10s,1,regionale,10,none,true,100,c1,142,sample,92.2306,2,
run6-tbt-10s,1,regionale,10,none,true,100,c1,145,sample,92.006,2,
run6-tbt-10s,1,regionale,10,none,true,100,c1,148,sample,91.7816,2,
run6-tbt-10s,1,regionale,10,none,true,100,c1,151,sample,91.6132,2,
run6-tbt-10s,1,regionale,10,none,true,100,c1,153,sample,91.3884,2,
run6-tbt-10s,1,regionale,10,none,true,100,c1,155,sample,91.1636,2,
run6-tbt-10s,1,regionale,10,none,true,100,c1,159,sample,90.939,2,
run6-tbt-10s,1,regionale,10,none,true,100,c1,161,sample,90.7706,2,
run6-tbt-10s,1,regionale,10,none,true,100,c1,163,sample,90.5458,2,
run6-tbt-10s,1,regionale,10,none,true,100,c1,166,sample,90.3214,2,
run6-tbt-10s,1,regionale,10,none,true,100,c1,168,sample,90.097,2,
run6-tbt-10s,1,regionale,10,none,true,100,c1,171,sample,89.9288,2,
run6-tbt-10s,1,regionale,10,none,true,100,c1,174,sample,89.7044,2,
run6-tbt-10s,1,regionale,10,none,true,100,c1,178,sample,89.4796,2,
run6-tbt-10s,1,regionale,10,none,true,100,c1,181,sample,89.2552,2,
run6-tbt-10s,1,regionale,10,none,true,100,c1,184,sample,89.0868,2,
run6-tbt-10s,1,regionale,10,none,true,100,c1,187,sample,88.8624,2,
run6-tbt-10s,1,regionale,10,none,true,100,c1,189,sample,88.6376,2,
run6-tbt-10s,1,regionale,10,none,true,100,c1,192,sample,88.4132,2,
run6-tbt-10s,1,regionale,10,none,true,100,c1,195,sample,88.1888,2,
run6-tbt-10s,1,regionale,10,none,true,100,c1,197,sample,88.0204,2,
run6-tbt-10s,1,regionale,10,none,true,100,c1,200,sample,87.796,3,
run6-tbt-10s,1,regionale,10,none,true,100,c1,202,sample,87.5712,3,
run6-tbt-10s,1,regionale,10,none,true,100,c1,206,sample,87.3466,3,
run6-tbt-10s,1,regionale,10,none,true,100,c1,208,sample,87.178,3,
run6-tbt-10s,1,regionale,10,none,true,100,c1,211,sample,86.9536,3,
run6-tbt-10s,1,regionale,10,none,true,100,c1,214,sample,86.729,3,
run6-tbt-10s,1,regionale,10,none,true,100,c1,218,sample,86.5044,3,
run6-tbt-10s,1,regionale,10,none,true,100,c1,221,sample,86.3358,3,
run6-tbt-10s,1,regionale,10,none,true,100,c1,223,sample,86.1112,3,
run6-tbt-10s,1,regionale,10,none,true,100,c1,227,sample,85.8868,3,
run6-tbt-10s,1,regionale,10,none,true,100,c1,230,sample,85.662,3,
run6-tbt-10s,1,regionale,10,none,true,100,c1,233,sample,85.4372,3,
run6-tbt-10s,1,regionale,10,none,true,100,c1,236,sample,85.2688,3,
run6-tbt-10s,1,regionale,10,none,true,100,c1,239,sample,85.0442,3,
run6-tbt-10s,1,regionale,10,none,true,100,c1,241,sample,84.8198,3,
run6-tbt-10s,1,regionale,10,none,true,100,c1,244,sample,84.595,3,
run6-tbt-10s,1,regionale,10,none,true,100,c1,246,sample,84.4264,3,
run6-tbt-10s,1,regionale,10,none,true,100,c1,250,sample,84.202,3,
run6-tbt-10s,1,regionale,10,none,true,100,c1,254,sample,83.9776,3,
run6-tbt-10s,1,regionale,10,none,true,100,c1,256,sample,83.7528,3,
run6-tbt-10s,1,regionale,10,none,true,100,c1,259,sample,83.5844,3,
run6-tbt-10s,1,regionale,10,none,true,100,c1,261,sample,83.36,3,
run6-tbt-10s,1,regionale,10,none,true,100,c1,264,sample,83.1352,3,
run6-tbt-10s,1,regionale,10,none,true,100,c1,267,sample,82.9104,3,
run6-tbt-10s,1,regionale,10,none,true,100,c1,270,sample,82.6856,3,
run6-tbt-10s,1,regionale,10,none,true,100,c1,272,sample,82.5172,3,
run6-tbt-10s,1,regionale,10,none,true,100,c1,275,sample,82.2928,3,
run6-tbt-10s,1,regionale,10,none,true,100,c1,277,sample,82.0684,3,
run6-tbt-10s,1,regionale,10,none,true,100,c1,280,sample,81.8438,3,
run6-tbt-10s,1,regionale,10,none,true,100,c1,282,sample,81.6756,3,
run6-tbt-10s,1,regionale,10,none,true,100,c1,287,sample,81.4514,3,
run6-tbt-10s,1,regionale,10,none,true,100,c1,290,sample,81.2268,3,
run6-tbt-10s,1,regionale,10,none,true,100,c1,292,sample,81.0022,3,
run6-tbt-10s,1,regionale,10,none,true,100,c1,294,sample,80.7778,3,
run6-tbt-10s,1,regionale,10,none,true,100,c1,297,sample,80.6092,3,
run6-tbt-10s,1,regionale,10,none,true,100,c1,300,sample,80.3846,4,
run6-tbt-10s,1,regionale,10,none,true,100,c1,302,sample,80.1602,4,
run6-tbt-10s,1,regionale,10,none,true,100,c1,305,sample,79.9356,4,
run6-tbt-10s,1,regionale,10,none,true,100,c1,308,sample,79.7672,4,
run6-tbt-10s,1,regionale,10,none,true,100,c1,311,sample,79.5424,4,
run6-tbt-10s,1,regionale,10,none,true,100,c1,314,sample,79.3178,4,
run6-tbt-10s,1,regionale,10,none,true,100,c1,316,sample,79.093,4,
run6-tbt-10s,1,regionale,10,none,true,100,c1,319,sample,78.9246,4,
run6-tbt-10s,1,regionale,10,none,true,100,c1,322,sample,78.7002,4,
run6-tbt-10s,1,regionale,10,none,true,100,c1,324,sample,78.4758,4,
run6-tbt-10s,1,regionale,10,none,true,100,c1,327,sample,78.251,4,
run6-tbt-10s,1,regionale,10,none,true,100,c1,331,sample,78.0826,4,
run6-tbt-10s,1,regionale,10,none,true,100,c1,333,sample,77.8582,4,
run6-tbt-10s,1,regionale,10,none,true,100,c1,335,sample,77.6336,4,
run6-tbt-10s,1,regionale,10,none,true,100,c1,339,sample,77.4092,4,
run6-tbt-10s,1,regionale,10,none,true,100,c1,342,sample,77.1848,4,
run6-tbt-10s,1,regionale,10,none,true,100,c1,344,sample,77.0164,4,
run6-tbt-10s,1,regionale,10,none,true,100,c1,347,sample,76.7918,4,
run6-tbt-10s,1,regionale,10,none,true,100,c1,350,sample,76.5672,4,
run6-tbt-10s,1,regionale,10,none,true,100,c1,353,sample,76.3426,4,
run6-tbt-10s,1,regionale,10,none,true,100,c1,357,sample,76.1742,4,
run6-tbt-10s,1,regionale,10,none,true,100,c1,360,sample,75.9494,4,
run6-tbt-10s,1,regionale,10,none,true,100,c1,362,sample,75.7246,4,
run6-tbt-10s,1,regionale,10,none,true,100,c1,365,sample,75.5,4,
run6-tbt-10s,1,regionale,10,none,true,100,c1,368,sample,75.3316,4,
run6-tbt-10s,1,regionale,10,none,true,100,c1,370,sample,75.1072,4,
run6-tbt-10s,1,regionale,10,none,true,100,c1,373,sample,74.8826,4,
run6-tbt-10s,1,regionale,10,none,true,100,c1,375,sample,74.6578,4,
run6-tbt-10s,1,regionale,10,none,true,100,c1,378,sample,74.4892,4,
run6-tbt-10s,1,regionale,10,none,true,100,c1,381,sample,74.2648,4,
run6-tbt-10s,1,regionale,10,none,true,100,c1,385,sample,74.0406,4,
run6-tbt-10s,1,regionale,10,none,true,100,c1,387,sample,73.8158,4,
run6-tbt-10s,1,regionale,10,none,true,100,c1,390,sample,73.5912,4,
run6-tbt-10s,1,regionale,10,none,true,100,c1,394,sample,73.4226,4,
run6-tbt-10s,1,regionale,10,none,true,100,c1,397,sample,73.198,4,
run6-tbt-10s,1,regionale,10,none,true,100,c1,399,sample,72.9734,4,
run6-tbt-10s,1,regionale,10,none,true,100,c1,401,sample,72.7486,5,
run6-tbt-10s,1,regionale,10,none,true,100,c1,404,sample,72.5804,5,
run6-tbt-10s,1,regionale,10,none,true,100,c1,407,sample,72.3556,5,
run6-tbt-10s,1,regionale,10,none,true,100,c1,409,sample,72.131,5,
run6-tbt-10s,1,regionale,10,none,true,100,c1,411,sample,71.9064,5,
run6-tbt-10s,1,regionale,10,none,true,100,c1,414,sample,71.7378,5,
run6-tbt-10s,1,regionale,10,none,true,100,c1,416,sample,71.5132,5,
run6-tbt-10s,1,regionale,10,none,true,100,c1,419,sample,71.2886,5,
run6-tbt-10s,1,regionale,10,none,true,100,c1,422,sample,71.0642,5,
run6-tbt-10s,1,regionale,10,none,true,100,c1,424,sample,70.8956,5,
run6-tbt-10s,1,regionale,10,none,true,100,c1,428,sample,70.6708,5,
run6-tbt-10s,1,regionale,10,none,true,100,c1,430,sample,70.4464,5,
run6-tbt-10s,1,regionale,10,none,true,100,c1,433,sample,70.2224,5,
run6-tbt-10s,1,regionale,10,none,true,100,c1,435,sample,69.9982,5,
run6-tbt-10s,1,regionale,10,none,true,100,c1,438,sample,69.8298,5,
run6-tbt-10s,1,regionale,10,none,true,100,c1,440,sample,69.6054,5,
run6-tbt-10s,1,regionale,10,none,true,100,c1,443,sample,69.381,5,
run6-tbt-10s,1,regionale,10,none,true,100,c1,445,sample,69.1564,5,
run6-tbt-10s,1,regionale,10,none,true,100,c1,448,sample,68.9878,5,
run6-tbt-10s,1,regionale,10,none,true,100,c1,451,sample,68.763,5,
run6-tbt-10s,1,regionale,10,none,true,100,c1,453,sample,68.5386,5,
run6-tbt-10s,1,regionale,10,none,true,100,c1,456,sample,68.3138,5,
run6-tbt-10s,1,regionale,10,none,true,100,c1,458,sample,68.1452,5,
run6-tbt-10s,1,regionale,10,none,true,100,c1,460,sample,67.9206,5,
run6-tbt-10s,1,regionale,10,none,true,100,c1,463,sample,67.696,5,
run6-tbt-10s,1,regionale,10,none,true,100,c1,466,sample,67.4714,5,
run6-tbt-10s,1,regionale,10,none,true,100,c1,468,sample,67.3032,5,
run6-tbt-10s,1,regionale,10,none,true,100,c1,471,sample,67.0786,5,
run6-tbt-10s,1,regionale,10,none,true,100,c1,474,sample,66.8538,5,
run6-tbt-10s,1,regionale,10,none,true,100,c1,476,sample,66.629,5,
run6-tbt-10s,1,regionale,10,none,true,100,c1,479,sample,66.4044,5,
run6-tbt-10s,1,regionale,10,none,true,100,c1,482,sample,66.2362,5,
run6-tbt-10s,1,regionale,10,none,true,100,c1,485,sample,66.0114,5,
run6-tbt-10s,1,regionale,10,none,true,100,c1,488,sample,65.7868,5,
run6-tbt-10s,1,regionale,10,none,true,100,c1,491,sample,65.5624,5,
run6-tbt-10s,1,regionale,10,none,true,100,c1,494,sample,65.394,5,
run6-tbt-10s,1,regionale,10,none,true,100,c1,496,sample,65.1694,5,
run6-tbt-10s,1,regionale,10,none,true,100,c1,499,sample,64.9448,5,
run6-tbt-10s,1,regionale,10,none,true,100,c1,502,sample,64.72,6,
run6-tbt-10s,1,regionale,10,none,true,100,c1,504,sample,64.5516,6,
run6-tbt-10s,1,regionale,10,none,true,100,c1,507,sample,64.3268,6,
run6-tbt-10s,1,regionale,10,none,true,100,c1,509,sample,64.1022,6,
run6-tbt-10s,1,regionale,10,none,true,100,c1,511,sample,63.8776,6,
run6-tbt-10s,1,regionale,10,none,true,100,c1,514,sample,63.709,6,
run6-tbt-10s,1,regionale,10,none,true,100,c1,517,sample,63.4844,6,
run6-tbt-10s,1,regionale,10,none,true,100,c1,519,sample,63.2596,6,
run6-tbt-10s,1,regionale,10,none,true,100,c1,523,sample,63.0356,6,
run6-tbt-10s,1,regionale,10,none,true,100,c1,526,sample,62.8112,6,
run6-tbt-10s,1,regionale,10,none,true,100,c1,529,sample,62.6428,6,
run6-tbt-10s,1,regionale,10,none,true,100,c1,531,sample,62.418,6,
run6-tbt-10s,1,regionale,10,none,true,100,c1,533,sample,62.1932,6,
run6-tbt-10s,1,regionale,10,none,true,100,c1,536,sample,61.9684,6,
run6-tbt-10s,1,regionale,10,none,true,100,c1,539,sample,61.7998,6,
run6-tbt-10s,1,regionale,10,none,true,100,c1,542,sample,61.575,6,
run6-tbt-10s,1,regionale,10,none,true,100,c1,545,sample,61.3506,6,
run6-tbt-10s,1,regionale,10,none,true,100,c1,547,sample,61.126,6,
run6-tbt-10s,1,regionale,10,none,true,100,c1,550,sample,60.9576,6,
run6-tbt-10s,1,regionale,10,none,true,100,c1,552,sample,60.733,6,
run6-tbt-10s,1,regionale,10,none,true,100,c1,555,sample,60.5084,6,
run6-tbt-10s,1,regionale,10,none,true,100,c1,559,sample,60.2838,6,
run6-tbt-10s,1,regionale,10,none,true,100,c1,561,sample,60.0594,6,
run6-tbt-10s,1,regionale,10,none,true,100,c1,564,sample,59.8912,6,
run6-tbt-10s,1,regionale,10,none,true,100,c1,567,sample,59.6664,6,
run6-tbt-10s,1,regionale,10,none,true,100,c1,569,sample,59.442,6,
run6-tbt-10s,1,regionale,10,none,true,100,c1,571,sample,59.2174,6,
run6-tbt-10s,1,regionale,10,none,true,100,c1,574,sample,59.049,6,
run6-tbt-10s,1,regionale,10,none,true,100,c1,576,sample,58.8244,6,
run6-tbt-10s,1,regionale,10,none,true,100,c1,578,sample,58.5996,6,
run6-tbt-10s,1,regionale,10,none,true,100,c1,581,sample,58.3748,6,
run6-tbt-10s,1,regionale,10,none,true,100,c1,584,sample,58.2062,6,
run6-tbt-10s,1,regionale,10,none,true,100,c1,587,sample,57.9818,6,
run6-tbt-10s,1,regionale,10,none,true,100,c1,590,sample,57.757,6,
run6-tbt-10s,1,regionale,10,none,true,100,c1,592,sample,57.5324,6,
run6-tbt-10s,1,regionale,10,none,true,100,c1,595,sample,57.3078,6,
run6-tbt-10s,1,regionale,10,none,true,100,c1,599,sample,57.1392,6,
run6-tbt-10s,1,regionale,10,none,true,100,c1,602,sample,56.9146,7,
run6-tbt-10s,1,regionale,10,none,true,100,c2,34,sample,99.8042,1,
run6-tbt-10s,1,regionale,10,none,true,100,c2,36,sample,99.6636,1,
run6-tbt-10s,1,regionale,10,none,true,100,c2,39,sample,99.4968,1,
run6-tbt-10s,1,regionale,10,none,true,100,c2,43,sample,99.3856,1,
run6-tbt-10s,1,regionale,10,none,true,100,c2,46,sample,99.2184,1,
run6-tbt-10s,1,regionale,10,none,true,100,c2,49,sample,99.107,1,
run6-tbt-10s,1,regionale,10,none,true,100,c2,52,sample,98.9396,1,
run6-tbt-10s,1,regionale,10,none,true,100,c2,55,sample,98.8282,1,
run6-tbt-10s,1,regionale,10,none,true,100,c2,57,sample,98.6608,1,
run6-tbt-10s,1,regionale,10,none,true,100,c2,61,sample,98.5492,1,
run6-tbt-10s,1,regionale,10,none,true,100,c2,64,sample,98.382,1,
run6-tbt-10s,1,regionale,10,none,true,100,c2,67,sample,98.2704,1,
run6-tbt-10s,1,regionale,10,none,true,100,c2,70,sample,98.1032,1,
run6-tbt-10s,1,regionale,10,none,true,100,c2,72,sample,97.9916,1,
run6-tbt-10s,1,regionale,10,none,true,100,c2,76,sample,97.8246,1,
run6-tbt-10s,1,regionale,10,none,true,100,c2,78,sample,97.713,1,
run6-tbt-10s,1,regionale,10,none,true,100,c2,82,sample,97.5456,1,
run6-tbt-10s,1,regionale,10,none,true,100,c2,85,sample,97.434,1,
run6-tbt-10s,1,regionale,10,none,true,100,c2,87,sample,97.2668,1,
run6-tbt-10s,1,regionale,10,none,true,100,c2,91,sample,97.1556,1,
run6-tbt-10s,1,regionale,10,none,true,100,c2,94,sample,96.9884,1,
run6-tbt-10s,1,regionale,10,none,true,100,c2,96,sample,96.8768,1,
run6-tbt-10s,1,regionale,10,none,true,100,c2,100,sample,96.7096,2,
run6-tbt-10s,1,regionale,10,none,true,100,c2,103,sample,96.5976,2,
run6-tbt-10s,1,regionale,10,none,true,100,c2,106,sample,96.4298,2,
run6-tbt-10s,1,regionale,10,none,true,100,c2,109,sample,96.3178,2,
run6-tbt-10s,1,regionale,10,none,true,100,c2,112,sample,96.1502,2,
run6-tbt-10s,1,regionale,10,none,true,100,c2,114,sample,96.0384,2,
run6-tbt-10s,1,regionale,10,none,true,100,c2,118,sample,95.8704,2,
run6-tbt-10s,1,regionale,10,none,true,100,c2,121,sample,95.7584,2,
run6-tbt-10s,1,regionale,10,none,true,100,c2,123,sample,95.5906,2,
run6-tbt-10s,1,regionale,10,none,true,100,c2,126,sample,95.4786,2,
run6-tbt-10s,1,regionale,10,none,true,100,c2,130,sample,95.3106,2,
run6-tbt-10s,1,regionale,10,none,true,100,c2,133,sample,95.1988,2,
run6-tbt-10s,1,regionale,10,none,true,100,c2,135,sample,95.0308,2,
run6-tbt-10s,1,regionale,10,none,true,100,c2,138,sample,94.919,2,
run6-tbt-10s,1,regionale,10,none,true,100,c2,142,sample,94.7512,2,
run6-tbt-10s,1,regionale,10,none,true,100,c2,145,sample,94.6392,2,
run6-tbt-10s,1,regionale,10,none,true,100,c2,148,sample,94.4714,2,
run6-tbt-10s,1,regionale,10,none,true,100,c2,151,sample,94.3594,2,
run6-tbt-10s,1,regionale,10,none,true,100,c2,153,sample,94.191,2,
run6-tbt-10s,1,regionale,10,none,true,100,c2,155,sample,94.0788,2,
run6-tbt-10s,1,regionale,10,none,true,100,c2,159,sample,93.9104,2,
run6-tbt-10s,1,regionale,10,none,true,100,c2,161,sample,93.798,2,
run6-tbt-10s,1,regionale,10,none,true,100,c2,163,sample,93.6294,2,
run6-tbt-10s,1,regionale,10,none,true,100,c2,166,sample,93.517,2,
run6-tbt-10s,1,regionale,10,none,true,100,c2,168,sample,93.3488,2,
run6-tbt-10s,1,regionale,10,none,true,100,c2,171,sample,93.2368,2,
run6-tbt-10s,1,regionale,10,none,true,100,c2,174,sample,93.0686,2,
run6-tbt-10s,1,regionale,10,none,true,100,c2,178,sample,92.9562,2,
run6-tbt-10s,1,regionale,10,none,true,100,c2,181,sample,92.7876,2,
run6-tbt-10s,1,regionale,10,none,true,100,c2,184,sample,92.6192,2,
run6-tbt-10s,1,regionale,10,none,true,100,c2,187,sample,92.5072,2,
run6-tbt-10s,1,regionale,10,none,true,100,c2,189,sample,92.3386,2,
run6-tbt-10s,1,regionale,10,none,true,100,c2,192,sample,92.2262,2,
run6-tbt-10s,1,regionale,10,none,true,100,c2,195,sample,92.0576,2,
run6-tbt-10s,1,regionale,10,none,true,100,c2,197,sample,91.9452,2,
run6-tbt-10s,1,regionale,10,none,true,100,c2,200,sample,91.7768,3,
run6-tbt-10s,1,regionale,10,none,true,100,c2,202,sample,91.6644,3,
run6-tbt-10s,1,regionale,10,none,true,100,c2,206,sample,91.4958,3,
run6-tbt-10s,1,regionale,10,none,true,100,c2,208,sample,91.3834,3,
run6-tbt-10s,1,regionale,10,none,true,100,c2,211,sample,91.215,3,
run6-tbt-10s,1,regionale,10,none,true,100,c2,214,sample,91.1028,3,
run6-tbt-10s,1,regionale,10,none,true,100,c2,218,sample,90.9344,3,
run6-tbt-10s,1,regionale,10,none,true,100,c2,221,sample,90.8224,3,
run6-tbt-10s,1,regionale,10,none,true,100,c2,223,sample,90.654,3,
run6-tbt-10s,1,regionale,10,none,true,100,c2,227,sample,90.5418,3,
run6-tbt-10s,1,regionale,10,none,true,100,c2,230,sample,90.3732,3,
run6-tbt-10s,1,regionale,10,none,true,100,c2,233,sample,90.261,3,
run6-tbt-10s,1,regionale,10,none,true,100,c2,236,sample,90.0928,3,
run6-tbt-10s,1,regionale,10,none,true,100,c2,239,sample,89.9806,3,
run6-tbt-10s,1,regionale,10,none,true,100,c2,241,sample,89.8124,3,
run6-tbt-10s,1,regionale,10,none,true,100,c2,244,sample,89.7004,3,
run6-tbt-10s,1,regionale,10,none,true,100,c2,246,sample,89.532,3,
run6-tbt-10s,1,regionale,10,none,true,100,c2,250,sample,89.4196,3,
run6-tbt-10s,1,regionale,10,none,true,100,c2,254,sample,89.251,3,
run6-tbt-10s,1,regionale,10,none,true,100,c2,256,sample,89.1386,3,
run6-tbt-10s,1,regionale,10,none,true,100,c2,259,sample,88.97,3,
run6-tbt-10s,1,regionale,10,none,true,100,c2,261,sample,88.8578,3,
run6-tbt-10s,1,regionale,10,none,true,100,c2,264,sample,88.6896,3,
run6-tbt-10s,1,regionale,10,none,true,100,c2,267,sample,88.5774,3,
run6-tbt-10s,1,regionale,10,none,true,100,c2,270,sample,88.409,3,
run6-tbt-10s,1,regionale,10,none,true,100,c2,272,sample,88.2968,3,
run6-tbt-10s,1,regionale,10,none,true,100,c2,275,sample,88.1284,3,
run6-tbt-10s,1,regionale,10,none,true,100,c2,277,sample,87.96,3,
run6-tbt-10s,1,regionale,10,none,true,100,c2,280,sample,87.8476,3,
run6-tbt-10s,1,regionale,10,none,true,100,c2,282,sample,87.6792,3,
run6-tbt-10s,1,regionale,10,none,true,100,c2,287,sample,87.5668,3,
run6-tbt-10s,1,regionale,10,none,true,100,c2,290,sample,87.3982,3,
run6-tbt-10s,1,regionale,10,none,true,100,c2,292,sample,87.286,3,
run6-tbt-10s,1,regionale,10,none,true,100,c2,294,sample,87.1176,3,
run6-tbt-10s,1,regionale,10,none,true,100,c2,297,sample,87.0052,3,
run6-tbt-10s,1,regionale,10,none,true,100,c2,300,sample,86.8372,4,
run6-tbt-10s,1,regionale,10,none,true,100,c2,302,sample,86.725,4,
run6-tbt-10s,1,regionale,10,none,true,100,c2,305,sample,86.5566,4,
run6-tbt-10s,1,regionale,10,none,true,100,c2,308,sample,86.4444,4,
run6-tbt-10s,1,regionale,10,none,true,100,c2,311,sample,86.276,4,
run6-tbt-10s,1,regionale,10,none,true,100,c2,314,sample,86.1636,4,
run6-tbt-10s,1,regionale,10,none,true,100,c2,316,sample,85.995,4,
run6-tbt-10s,1,regionale,10,none,true,100,c2,319,sample,85.8826,4,
run6-tbt-10s,1,regionale,10,none,true,100,c2,322,sample,85.7142,4,
run6-tbt-10s,1,regionale,10,none,true,100,c2,324,sample,85.6018,4,
run6-tbt-10s,1,regionale,10,none,true,100,c2,327,sample,85.4332,4,
run6-tbt-10s,1,regionale,10,none,true,100,c2,331,sample,85.321,4,
run6-tbt-10s,1,regionale,10,none,true,100,c2,333,sample,85.1524,4,
run6-tbt-10s,1,regionale,10,none,true,100,c2,335,sample,85.0402,4,
run6-tbt-10s,1,regionale,10,none,true,100,c2,339,sample,84.8716,4,
run6-tbt-10s,1,regionale,10,none,true,100,c2,342,sample,84.7594,4,
run6-tbt-10s,1,regionale,10,none,true,100,c2,344,sample,84.5908,4,
run6-tbt-10s,1,regionale,10,none,true,100,c2,347,sample,84.4784,4,
run6-tbt-10s,1,regionale,10,none,true,100,c2,350,sample,84.31,4,
run6-tbt-10s,1,regionale,10,none,true,100,c2,353,sample,84.1978,4,
run6-tbt-10s,1,regionale,10,none,true,100,c2,357,sample,84.0294,4,
run6-tbt-10s,1,regionale,10,none,true,100,c2,360,sample,83.917,4,
run6-tbt-10s,1,regionale,10,none,true,100,c2,362,sample,83.7484,4,
run6-tbt-10s,1,regionale,10,none,true,100,c2,365,sample,83.6362,4,
run6-tbt-10s,1,regionale,10,none,true,100,c2,368,sample,83.4678,4,
run6-tbt-10s,1,regionale,10,none,true,100,c2,370,sample,83.3558,4,
run6-tbt-10s,1,regionale,10,none,true,100,c2,373,sample,83.1874,4,
run6-tbt-10s,1,regionale,10,none,true,100,c2,375,sample,83.075,4,
run6-tbt-10s,1,regionale,10,none,true,100,c2,378,sample,82.9064,4,
run6-tbt-10s,1,regionale,10,none,true,100,c2,381,sample,82.794,4,
run6-tbt-10s,1,regionale,10,none,true,100,c2,385,sample,82.6254,4,
run6-tbt-10s,1,regionale,10,none,true,100,c2,387,sample,82.513,4,
run6-tbt-10s,1,regionale,10,none,true,100,c2,390,sample,82.3446,4,
run6-tbt-10s,1,regionale,10,none,true,100,c2,394,sample,82.2324,4,
run6-tbt-10s,1,regionale,10,none,true,100,c2,397,sample,82.064,4,
run6-tbt-10s,1,regionale,10,none,true,100,c2,399,sample,81.9518,4,
run6-tbt-10s,1,regionale,10,none,true,100,c2,401,sample,81.7836,5,
run6-tbt-10s,1,regionale,10,none,true,100,c2,404,sample,81.6712,5,
run6-tbt-10s,1,regionale,10,none,true,100,c2,407,sample,81.5028,5,
run6-tbt-10s,1,regionale,10,none,true,100,c2,409,sample,81.3904,5,
run6-tbt-10s,1,regionale,10,none,true,100,c2,411,sample,81.2218,5,
run6-tbt-10s,1,regionale,10,none,true,100,c2,414,sample,81.1094,5,
run6-tbt-10s,1,regionale,10,none,true,100,c2,416,sample,80.941,5,
run6-tbt-10s,1,regionale,10,none,true,100,c2,419,sample,80.7726,5,
run6-tbt-10s,1,regionale,10,none,true,100,c2,422,sample,80.6602,5,
run6-tbt-10s,1,regionale,10,none,true,100,c2,424,sample,80.4916,5,
run6-tbt-10s,1,regionale,10,none,true,100,c2,428,sample,80.3792,5,
run6-tbt-10s,1,regionale,10,none,true,100,c2,430,sample,80.2106,5,
run6-tbt-10s,1,regionale,10,none,true,100,c2,433,sample,80.0984,5,
run6-tbt-10s,1,regionale,10,none,true,100,c2,435,sample,79.93,5,
run6-tbt-10s,1,regionale,10,none,true,100,c2,438,sample,79.8176,5,
run6-tbt-10s,1,regionale,10,none,true,100,c2,440,sample,79.649,5,
run6-tbt-10s,1,regionale,10,none,true,100,c2,443,sample,79.5366,5,
run6-tbt-10s,1,regionale,10,none,true,100,c2,445,sample,79.368,5,
run6-tbt-10s,1,regionale,10,none,true,100,c2,448,sample,79.2558,5,
run6-tbt-10s,1,regionale,10,none,true,100,c2,451,sample,79.0874,5,
run6-tbt-10s,1,regionale,10,none,true,100,c2,453,sample,78.9752,5,
run6-tbt-10s,1,regionale,10,none,true,100,c2,456,sample,78.8068,5,
run6-tbt-10s,1,regionale,10,none,true,100,c2,458,sample,78.6946,5,
run6-tbt-10s,1,regionale,10,none,true,100,c2,460,sample,78.5262,5,
run6-tbt-10s,1,regionale,10,none,true,100,c2,463,sample,78.4138,5,
run6-tbt-10s,1,regionale,10,none,true,100,c2,466,sample,78.2454,5,
run6-tbt-10s,1,regionale,10,none,true,100,c2,468,sample,78.1332,5,
run6-tbt-10s,1,regionale,10,none,true,100,c2,471,sample,77.965,5,
run6-tbt-10s,1,regionale,10,none,true,100,c2,474,sample,77.8528,5,
run6-tbt-10s,1,regionale,10,none,true,100,c2,476,sample,77.6846,5,
run6-tbt-10s,1,regionale,10,none,true,100,c2,479,sample,77.5722,5,
run6-tbt-10s,1,regionale,10,none,true,100,c2,482,sample,77.4036,5,
run6-tbt-10s,1,regionale,10,none,true,100,c2,485,sample,77.2914,5,
run6-tbt-10s,1,regionale,10,none,true,100,c2,488,sample,77.123,5,
run6-tbt-10s,1,regionale,10,none,true,100,c2,491,sample,77.011,5,
run6-tbt-10s,1,regionale,10,none,true,100,c2,494,sample,76.8428,5,
run6-tbt-10s,1,regionale,10,none,true,100,c2,496,sample,76.7304,5,
run6-tbt-10s,1,regionale,10,none,true,100,c2,499,sample,76.562,5,
run6-tbt-10s,1,regionale,10,none,true,100,c2,502,sample,76.4498,6,
run6-tbt-10s,1,regionale,10,none,true,100,c2,504,sample,76.2814,6,
run6-tbt-10s,1,regionale,10,none,true,100,c2,507,sample,76.169,6,
run6-tbt-10s,1,regionale,10,none,true,100,c2,509,sample,76.0004,6,
run6-tbt-10s,1,regionale,10,none,true,100,c2,511,sample,75.8882,6,
run6-tbt-10s,1,regionale,10,none,true,100,c2,514,sample,75.7196,6,
run6-tbt-10s,1,regionale,10,none,true,100,c2,517,sample,75.6072,6,
run6-tbt-10s,1,regionale,10,none,true,100,c2,519,sample,75.4386,6,
run6-tbt-10s,1,regionale,10,none,true,100,c2,523,sample,75.3264,6,
run6-tbt-10s,1,regionale,10,none,true,100,c2,526,sample,75.1582,6,
run6-tbt-10s,1,regionale,10,none,true,100,c2,529,sample,75.0458,6,
run6-tbt-10s,1,regionale,10,none,true,100,c2,531,sample,74.8774,6,
run6-tbt-10s,1,regionale,10,none,true,100,c2,533,sample,74.7652,6,
run6-tbt-10s,1,regionale,10,none,true,100,c2,536,sample,74.5968,6,
run6-tbt-10s,1,regionale,10,none,true,100,c2,539,sample,74.4844,6,
run6-tbt-10s,1,regionale,10,none,true,100,c2,542,sample,74.3158,6,
run6-tbt-10s,1,regionale,10,none,true,100,c2,545,sample,74.2036,6,
run6-tbt-10s,1,regionale,10,none,true,100,c2,547,sample,74.0352,6,
run6-tbt-10s,1,regionale,10,none,true,100,c2,550,sample,73.923,6,
run6-tbt-10s,1,regionale,10,none,true,100,c2,552,sample,73.7548,6,
run6-tbt-10s,1,regionale,10,none,true,100,c2,555,sample,73.5862,6,
run6-tbt-10s,1,regionale,10,none,true,100,c2,559,sample,73.4742,6,
run6-tbt-10s,1,regionale,10,none,true,100,c2,561,sample,73.3058,6,
run6-tbt-10s,1,regionale,10,none,true,100,c2,564,sample,73.1934,6,
run6-tbt-10s,1,regionale,10,none,true,100,c2,567,sample,73.0252,6,
run6-tbt-10s,1,regionale,10,none,true,100,c2,569,sample,72.9128,6,
run6-tbt-10s,1,regionale,10,none,true,100,c2,571,sample,72.7444,6,
run6-tbt-10s,1,regionale,10,none,true,100,c2,574,sample,72.632,6,
run6-tbt-10s,1,regionale,10,none,true,100,c2,576,sample,72.4634,6,
run6-tbt-10s,1,regionale,10,none,true,100,c2,578,sample,72.3512,6,
run6-tbt-10s,1,regionale,10,none,true,100,c2,581,sample,72.1828,6,
run6-tbt-10s,1,regionale,10,none,true,100,c2,584,sample,72.0704,6,
run6-tbt-10s,1,regionale,10,none,true,100,c2,587,sample,71.9018,6,
run6-tbt-10s,1,regionale,10,none,true,100,c2,590,sample,71.7894,6,
run6-tbt-10s,1,regionale,10,none,true,100,c2,592,sample,71.6208,6,
run6-tbt-10s,1,regionale,10,none,true,100,c2,595,sample,71.5086,6,
run6-tbt-10s,1,regionale,10,none,true,100,c2,599,sample,71.3402,6,
run6-tbt-10s,1,regionale,10,none,true,100,c2,602,sample,71.228,7,
run6-tbt-10s,1,regionale,10,none,true,100,c3,34,sample,99.8042,1,
run6-tbt-10s,1,regionale,10,none,true,100,c3,36,sample,99.719,1,
run6-tbt-10s,1,regionale,10,none,true,100,c3,39,sample,99.608,1,
run6-tbt-10s,1,regionale,10,none,true,100,c3,43,sample,99.4968,1,
run6-tbt-10s,1,regionale,10,none,true,100,c3,46,sample,99.3858,1,
run6-tbt-10s,1,regionale,10,none,true,100,c3,49,sample,99.2746,1,
run6-tbt-10s,1,regionale,10,none,true,100,c3,52,sample,99.1632,1,
run6-tbt-10s,1,regionale,10,none,true,100,c3,55,sample,99.0516,1,
run6-tbt-10s,1,regionale,10,none,true,100,c3,57,sample,98.9402,1,
run6-tbt-10s,1,regionale,10,none,true,100,c3,61,sample,98.8844,1,
run6-tbt-10s,1,regionale,10,none,true,100,c3,64,sample,98.773,1,
run6-tbt-10s,1,regionale,10,none,true,100,c3,67,sample,98.6614,1,
run6-tbt-10s,1,regionale,10,none,true,100,c3,70,sample,98.5498,1,
run6-tbt-10s,1,regionale,10,none,true,100,c3,72,sample,98.4382,1,
run6-tbt-10s,1,regionale,10,none,true,100,c3,76,sample,98.3266,1,
run6-tbt-10s,1,regionale,10,none,true,100,c3,78,sample,98.2154,1,
run6-tbt-10s,1,regionale,10,none,true,100,c3,82,sample,98.1042,1,
run6-tbt-10s,1,regionale,10,none,true,100,c3,85,sample,97.9926,1,
run6-tbt-10s,1,regionale,10,none,true,100,c3,87,sample,97.9368,1,
run6-tbt-10s,1,regionale,10,none,true,100,c3,91,sample,97.8252,1,
run6-tbt-10s,1,regionale,10,none,true,100,c3,94,sample,97.714,1,
run6-tbt-10s,1,regionale,10,none,true,100,c3,96,sample,97.6026,1,
run6-tbt-10s,1,regionale,10,none,true,100,c3,100,sample,97.4914,2,
run6-tbt-10s,1,regionale,10,none,true,100,c3,103,sample,97.3794,2,
run6-tbt-10s,1,regionale,10,none,true,100,c3,106,sample,97.2674,2,
run6-tbt-10s,1,regionale,10,none,true,100,c3,109,sample,97.1558,2,
run6-tbt-10s,1,regionale,10,none,true,100,c3,112,sample,97.0998,2,
run6-tbt-10s,1,regionale,10,none,true,100,c3,114,sample,96.9878,2,
run6-tbt-10s,1,regionale,10,none,true,100,c3,118,sample,96.8758,2,
run6-tbt-10s,1,regionale,10,none,true,100,c3,121,sample,96.7638,2,
run6-tbt-10s,1,regionale,10,none,true,100,c3,123,sample,96.6518,2,
run6-tbt-10s,1,regionale,10,none,true,100,c3,126,sample,96.54,2,
run6-tbt-10s,1,regionale,10,none,true,100,c3,130,sample,96.428,2,
run6-tbt-10s,1,regionale,10,none,true,100,c3,133,sample,96.316,2,
run6-tbt-10s,1,regionale,10,none,true,100,c3,135,sample,96.204,2,
run6-tbt-10s,1,regionale,10,none,true,100,c3,138,sample,96.1482,2,
run6-tbt-10s,1,regionale,10,none,true,100,c3,142,sample,96.0364,2,
run6-tbt-10s,1,regionale,10,none,true,100,c3,145,sample,95.9246,2,
run6-tbt-10s,1,regionale,10,none,true,100,c3,148,sample,95.8126,2,
run6-tbt-10s,1,regionale,10,none,true,100,c3,151,sample,95.7008,2,
run6-tbt-10s,1,regionale,10,none,true,100,c3,153,sample,95.5888,2,
run6-tbt-10s,1,regionale,10,none,true,100,c3,155,sample,95.4772,2,
run6-tbt-10s,1,regionale,10,none,true,100,c3,159,sample,95.3652,2,
run6-tbt-10s,1,regionale,10,none,true,100,c3,161,sample,95.3094,2,
run6-tbt-10s,1,regionale,10,none,true,100,c3,163,sample,95.1976,2,
run6-tbt-10s,1,regionale,10,none,true,100,c3,166,sample,95.0858,2,
run6-tbt-10s,1,regionale,10,none,true,100,c3,168,sample,94.974,2,
run6-tbt-10s,1,regionale,10,none,true,100,c3,171,sample,94.8624,2,
run6-tbt-10s,1,regionale,10,none,true,100,c3,174,sample,94.7506,2,
run6-tbt-10s,1,regionale,10,none,true,100,c3,178,sample,94.6386,2,
run6-tbt-10s,1,regionale,10,none,true,100,c3,181,sample,94.5266,2,
run6-tbt-10s,1,regionale,10,none,true,100,c3,184,sample,94.4148,2,
run6-tbt-10s,1,regionale,10,none,true,100,c3,187,sample,94.3588,2,
run6-tbt-10s,1,regionale,10,none,true,100,c3,189,sample,94.2468,2,
run6-tbt-10s,1,regionale,10,none,true,100,c3,192,sample,94.1344,2,
run6-tbt-10s,1,regionale,10,none,true,100,c3,195,sample,94.0222,2,
run6-tbt-10s,1,regionale,10,none,true,100,c3,197,sample,93.9098,2,
run6-tbt-10s,1,regionale,10,none,true,100,c3,200,sample,93.7978,3,
run6-tbt-10s,1,regionale,10,none,true,100,c3,202,sample,93.6856,3,
run6-tbt-10s,1,regionale,10,none,true,100,c3,206,sample,93.5732,3,
run6-tbt-10s,1,regionale,10,none,true,100,c3,208,sample,93.5172,3,
run6-tbt-10s,1,regionale,10,none,true,100,c3,211,sample,93.4048,3,
run6-tbt-10s,1,regionale,10,none,true,100,c3,214,sample,93.2924,3,
run6-tbt-10s,1,regionale,10,none,true,100,c3,218,sample,93.1802,3,
run6-tbt-10s,1,regionale,10,none,true,100,c3,221,sample,93.0678,3,
run6-tbt-10s,1,regionale,10,none,true,100,c3,223,sample,92.9556,3,
run6-tbt-10s,1,regionale,10,none,true,100,c3,227,sample,92.8434,3,
run6-tbt-10s,1,regionale,10,none,true,100,c3,230,sample,92.731,3,
run6-tbt-10s,1,regionale,10,none,true,100,c3,233,sample,92.6188,3,
run6-tbt-10s,1,regionale,10,none,true,100,c3,236,sample,92.5626,3,
run6-tbt-10s,1,regionale,10,none,true,100,c3,239,sample,92.4504,3,
run6-tbt-10s,1,regionale,10,none,true,100,c3,241,sample,92.338,3,
run6-tbt-10s,1,regionale,10,none,true,100,c3,244,sample,92.2256,3,
run6-tbt-10s,1,regionale,10,none,true,100,c3,246,sample,92.1132,3,
run6-tbt-10s,1,regionale,10,none,true,100,c3,250,sample,92.0008,3,
run6-tbt-10s,1,regionale,10,none,true,100,c3,254,sample,91.8886,3,
run6-tbt-10s,1,regionale,10,none,true,100,c3,256,sample,91.7762,3,
run6-tbt-10s,1,regionale,10,none,true,100,c3,259,sample,91.664,3,
run6-tbt-10s,1,regionale,10,none,true,100,c3,261,sample,91.6078,3,
run6-tbt-10s,1,regionale,10,none,true,100,c3,264,sample,91.4954,3,
run6-tbt-10s,1,regionale,10,none,true,100,c3,267,sample,91.383,3,
run6-tbt-10s,1,regionale,10,none,true,100,c3,270,sample,91.2708,3,
run6-tbt-10s,1,regionale,10,none,true,100,c3,272,sample,91.1584,3,
run6-tbt-10s,1,regionale,10,none,true,100,c3,275,sample,91.046,3,
run6-tbt-10s,1,regionale,10,none,true,100,c3,277,sample,90.9336,3,
run6-tbt-10s,1,regionale,10,none,true,100,c3,280,sample,90.8214,3,
run6-tbt-10s,1,regionale,10,none,true,100,c3,282,sample,90.7092,3,
run6-tbt-10s,1,regionale,10,none,true,100,c3,287,sample,90.653,3,
run6-tbt-10s,1,regionale,10,none,true,100,c3,290,sample,90.5408,3,
run6-tbt-10s,1,regionale,10,none,true,100,c3,292,sample,90.4284,3,
run6-tbt-10s,1,regionale,10,none,true,100,c3,294,sample,90.3162,3,
run6-tbt-10s,1,regionale,10,none,true,100,c3,297,sample,90.2042,3,
run6-tbt-10s,1,regionale,10,none,true,100,c3,300,sample,90.092,4,
run6-tbt-10s,1,regionale,10,none,true,100,c3,302,sample,89.9798,4,
run6-tbt-10s,1,regionale,10,none,true,100,c3,305,sample,89.8674,4,
run6-tbt-10s,1,regionale,10,none,true,100,c3,308,sample,89.8112,4,
run6-tbt-10s,1,regionale,10,none,true,100,c3,311,sample,89.699,4,
run6-tbt-10s,1,regionale,10,none,true,100,c3,314,sample,89.587,4,
run6-tbt-10s,1,regionale,10,none,true,100,c3,316,sample,89.4748,4,
run6-tbt-10s,1,regionale,10,none,true,100,c3,319,sample,89.3624,4,
run6-tbt-10s,1,regionale,10,none,true,100,c3,322,sample,89.2502,4,
run6-tbt-10s,1,regionale,10,none,true,100,c3,324,sample,89.138,4,
run6-tbt-10s,1,regionale,10,none,true,100,c3,327,sample,89.026,4,
run6-tbt-10s,1,regionale,10,none,true,100,c3,331,sample,88.9136,4,
run6-tbt-10s,1,regionale,10,none,true,100,c3,333,sample,88.8574,4,
run6-tbt-10s,1,regionale,10,none,true,100,c3,335,sample,88.7452,4,
run6-tbt-10s,1,regionale,10,none,true,100,c3,339,sample,88.6328,4,
run6-tbt-10s,1,regionale,10,none,true,100,c3,342,sample,88.5204,4,
run6-tbt-10s,1,regionale,10,none,true,100,c3,344,sample,88.408,4,
run6-tbt-10s,1,regionale,10,none,true,100,c3,347,sample,88.2956,4,
run6-tbt-10s,1,regionale,10,none,true,100,c3,350,sample,88.1834,4,
run6-tbt-10s,1,regionale,10,none,true,100,c3,353,sample,88.071,4,
run6-tbt-10s,1,regionale,10,none,true,100,c3,357,sample,88.0148,4,
run6-tbt-10s,1,regionale,10,none,true,100,c3,360,sample,87.9024,4,
run6-tbt-10s,1,regionale,10,none,true,100,c3,362,sample,87.79,4,
run6-tbt-10s,1,regionale,10,none,true,100,c3,365,sample,87.678,4,
run6-tbt-10s,1,regionale,10,none,true,100,c3,368,sample,87.5658,4,
run6-tbt-10s,1,regionale,10,none,true,100,c3,370,sample,87.4536,4,
run6-tbt-10s,1,regionale,10,none,true,100,c3,373,sample,87.3412,4,
run6-tbt-10s,1,regionale,10,none,true,100,c3,375,sample,87.2288,4,
run6-tbt-10s,1,regionale,10,none,true,100,c3,378,sample,87.1164,4,
run6-tbt-10s,1,regionale,10,none,true,100,c3,381,sample,87.0602,4,
run6-tbt-10s,1,regionale,10,none,true,100,c3,385,sample,86.9478,4,
run6-tbt-10s,1,regionale,10,none,true,100,c3,387,sample,86.8356,4,
run6-tbt-10s,1,regionale,10,none,true,100,c3,390,sample,86.7232,4,
run6-tbt-10s,1,regionale,10,none,true,100,c3,394,sample,86.611,4,
run6-tbt-10s,1,regionale,10,none,true,100,c3,397,sample,86.4986,4,
run6-tbt-10s,1,regionale,10,none,true,100,c3,399,sample,86.3864,4,
run6-tbt-10s,1,regionale,10,none,true,100,c3,401,sample,86.274,5,
run6-tbt-10s,1,regionale,10,none,true,100,c3,404,sample,86.218,5,
run6-tbt-10s,1,regionale,10,none,true,100,c3,407,sample,86.1058,5,
run6-tbt-10s,1,regionale,10,none,true,100,c3,409,sample,85.9934,5,
run6-tbt-10s,1,regionale,10,none,true,100,c3,411,sample,85.8812,5,
run6-tbt-10s,1,regionale,10,none,true,100,c3,414,sample,85.769,5,
run6-tbt-10s,1,regionale,10,none,true,100,c3,416,sample,85.657,5,
run6-tbt-10s,1,regionale,10,none,true,100,c3,419,sample,85.5446,5,
run6-tbt-10s,1,regionale,10,none,true,100,c3,422,sample,85.4324,5,
run6-tbt-10s,1,regionale,10,none,true,100,c3,424,sample,85.32,5,
run6-tbt-10s,1,regionale,10,none,true,100,c3,428,sample,85.2638,5,
run6-tbt-10s,1,regionale,10,none,true,100,c3,430,sample,85.1514,5,
run6-tbt-10s,1,regionale,10,none,true,100,c3,433,sample,85.0392,5,
run6-tbt-10s,1,regionale,10,none,true,100,c3,435,sample,84.927,5,
run6-tbt-10s,1,regionale,10,none,true,100,c3,438,sample,84.8146,5,
run6-tbt-10s,1,regionale,10,none,true,100,c3,440,sample,84.7024,5,
run6-tbt-10s,1,regionale,10,none,true,100,c3,443,sample,84.59,5,
run6-tbt-10s,1,regionale,10,none,true,100,c3,445,sample,84.4776,5,
run6-tbt-10s,1,regionale,10,none,true,100,c3,448,sample,84.4214,5,
run6-tbt-10s,1,regionale,10,none,true,100,c3,451,sample,84.309,5,
run6-tbt-10s,1,regionale,10,none,true,100,c3,453,sample,84.1968,5,
run6-tbt-10s,1,regionale,10,none,true,100,c3,456,sample,84.0846,5,
run6-tbt-10s,1,regionale,10,none,true,100,c3,458,sample,83.9724,5,
run6-tbt-10s,1,regionale,10,none,true,100,c3,460,sample,83.86,5,
run6-tbt-10s,1,regionale,10,none,true,100,c3,463,sample,83.7476,5,
run6-tbt-10s,1,regionale,10,none,true,100,c3,466,sample,83.6352,5,
run6-tbt-10s,1,regionale,10,none,true,100,c3,468,sample,83.523,5,
run6-tbt-10s,1,regionale,10,none,true,100,c3,471,sample,83.4668,5,
run6-tbt-10s,1,regionale,10,none,true,100,c3,474,sample,83.3546,5,
run6-tbt-10s,1,regionale,10,none,true,100,c3,476,sample,83.2424,5,
run6-tbt-10s,1,regionale,10,none,true,100,c3,479,sample,83.1304,5,
run6-tbt-10s,1,regionale,10,none,true,100,c3,482,sample,83.018,5,
run6-tbt-10s,1,regionale,10,none,true,100,c3,485,sample,82.9056,5,
run6-tbt-10s,1,regionale,10,none,true,100,c3,488,sample,82.7934,5,
run6-tbt-10s,1,regionale,10,none,true,100,c3,491,sample,82.6812,5,
run6-tbt-10s,1,regionale,10,none,true,100,c3,494,sample,82.625,5,
run6-tbt-10s,1,regionale,10,none,true,100,c3,496,sample,82.5126,5,
run6-tbt-10s,1,regionale,10,none,true,100,c3,499,sample,82.4002,5,
run6-tbt-10s,1,regionale,10,none,true,100,c3,502,sample,82.288,6,
run6-tbt-10s,1,regionale,10,none,true,100,c3,504,sample,82.1756,6,
run6-tbt-10s,1,regionale,10,none,true,100,c3,507,sample,82.0632,6,
run6-tbt-10s,1,regionale,10,none,true,100,c3,509,sample,81.951,6,
run6-tbt-10s,1,regionale,10,none,true,100,c3,511,sample,81.8386,6,
run6-tbt-10s,1,regionale,10,none,true,100,c3,514,sample,81.7262,6,
run6-tbt-10s,1,regionale,10,none,true,100,c3,517,sample,81.67,6,
run6-tbt-10s,1,regionale,10,none,true,100,c3,519,sample,81.5576,6,
run6-tbt-10s,1,regionale,10,none,true,100,c3,523,sample,81.4452,6,
run6-tbt-10s,1,regionale,10,none,true,100,c3,526,sample,81.3328,6,
run6-tbt-10s,1,regionale,10,none,true,100,c3,529,sample,81.2204,6,
run6-tbt-10s,1,regionale,10,none,true,100,c3,531,sample,81.108,6,
run6-tbt-10s,1,regionale,10,none,true,100,c3,533,sample,80.996,6,
run6-tbt-10s,1,regionale,10,none,true,100,c3,536,sample,80.8838,6,
run6-tbt-10s,1,regionale,10,none,true,100,c3,539,sample,80.8276,6,
run6-tbt-10s,1,regionale,10,none,true,100,c3,542,sample,80.7152,6,
run6-tbt-10s,1,regionale,10,none,true,100,c3,545,sample,80.603,6,
run6-tbt-10s,1,regionale,10,none,true,100,c3,547,sample,80.4906,6,
run6-tbt-10s,1,regionale,10,none,true,100,c3,550,sample,80.3784,6,
run6-tbt-10s,1,regionale,10,none,true,100,c3,552,sample,80.2664,6,
run6-tbt-10s,1,regionale,10,none,true,100,c3,555,sample,80.154,6,
run6-tbt-10s,1,regionale,10,none,true,100,c3,559,sample,80.0418,6,
run6-tbt-10s,1,regionale,10,none,true,100,c3,561,sample,79.9296,6,
run6-tbt-10s,1,regionale,10,none,true,100,c3,564,sample,79.8736,6,
run6-tbt-10s,1,regionale,10,none,true,100,c3,567,sample,79.7612,6,
run6-tbt-10s,1,regionale,10,none,true,100,c3,569,sample,79.649,6,
run6-tbt-10s,1,regionale,10,none,true,100,c3,571,sample,79.5366,6,
run6-tbt-10s,1,regionale,10,none,true,100,c3,574,sample,79.4244,6,
run6-tbt-10s,1,regionale,10,none,true,100,c3,576,sample,79.312,6,
run6-tbt-10s,1,regionale,10,none,true,100,c3,578,sample,79.1996,6,
run6-tbt-10s,1,regionale,10,none,true,100,c3,581,sample,79.0872,6,
run6-tbt-10s,1,regionale,10,none,true,100,c3,584,sample,78.9752,6,
run6-tbt-10s,1,regionale,10,none,true,100,c3,587,sample,78.919,6,
run6-tbt-10s,1,regionale,10,none,true,100,c3,590,sample,78.8066,6,
run6-tbt-10s,1,regionale,10,none,true,100,c3,592,sample,78.6946,6,
run6-tbt-10s,1,regionale,10,none,true,100,c3,595,sample,78.5824,6,
run6-tbt-10s,1,regionale,10,none,true,100,c3,599,sample,78.47,6,
run6-tbt-10s,1,regionale,10,none,true,100,c3,602,sample,78.3578,7,
run6-tbt-10s,1,regionale,10,none,true,100,c4,34,sample,99.8042,1,
run6-tbt-10s,1,regionale,10,none,true,100,c4,36,sample,99.7194,1,
run6-tbt-10s,1,regionale,10,none,true,100,c4,39,sample,99.6084,1,
run6-tbt-10s,1,regionale,10,none,true,100,c4,43,sample,99.5528,1,
run6-tbt-10s,1,regionale,10,none,true,100,c4,46,sample,99.4416,1,
run6-tbt-10s,1,regionale,10,none,true,100,c4,49,sample,99.386,1,
run6-tbt-10s,1,regionale,10,none,true,100,c4,52,sample,99.2748,1,
run6-tbt-10s,1,regionale,10,none,true,100,c4,55,sample,99.219,1,
run6-tbt-10s,1,regionale,10,none,true,100,c4,57,sample,99.1076,1,
run6-tbt-10s,1,regionale,10,none,true,100,c4,61,sample,99.0518,1,
run6-tbt-10s,1,regionale,10,none,true,100,c4,64,sample,98.9402,1,
run6-tbt-10s,1,regionale,10,none,true,100,c4,67,sample,98.8846,1,
run6-tbt-10s,1,regionale,10,none,true,100,c4,70,sample,98.7732,1,
run6-tbt-10s,1,regionale,10,none,true,100,c4,72,sample,98.7174,1,
run6-tbt-10s,1,regionale,10,none,true,100,c4,76,sample,98.6058,1,
run6-tbt-10s,1,regionale,10,none,true,100,c4,78,sample,98.55,1,
run6-tbt-10s,1,regionale,10,none,true,100,c4,82,sample,98.4384,1,
run6-tbt-10s,1,regionale,10,none,true,100,c4,85,sample,98.3826,1,
run6-tbt-10s,1,regionale,10,none,true,100,c4,87,sample,98.2714,1,
run6-tbt-10s,1,regionale,10,none,true,100,c4,91,sample,98.2156,1,
run6-tbt-10s,1,regionale,10,none,true,100,c4,94,sample,98.1044,1,
run6-tbt-10s,1,regionale,10,none,true,100,c4,96,sample,98.0486,1,
run6-tbt-10s,1,regionale,10,none,true,100,c4,100,sample,97.9372,2,
run6-tbt-10s,1,regionale,10,none,true,100,c4,103,sample,97.8812,2,
run6-tbt-10s,1,regionale,10,none,true,100,c4,106,sample,97.7694,2,
run6-tbt-10s,1,regionale,10,none,true,100,c4,109,sample,97.7136,2,
run6-tbt-10s,1,regionale,10,none,true,100,c4,112,sample,97.6018,2,
run6-tbt-10s,1,regionale,10,none,true,100,c4,114,sample,97.5458,2,
run6-tbt-10s,1,regionale,10,none,true,100,c4,118,sample,97.4338,2,
run6-tbt-10s,1,regionale,10,none,true,100,c4,121,sample,97.3778,2,
run6-tbt-10s,1,regionale,10,none,true,100,c4,123,sample,97.266,2,
run6-tbt-10s,1,regionale,10,none,true,100,c4,126,sample,97.21,2,
run6-tbt-10s,1,regionale,10,none,true,100,c4,130,sample,97.0982,2,
run6-tbt-10s,1,regionale,10,none,true,100,c4,133,sample,97.0422,2,
run6-tbt-10s,1,regionale,10,none,true,100,c4,135,sample,96.9302,2,
run6-tbt-10s,1,regionale,10,none,true,100,c4,138,sample,96.8742,2,
run6-tbt-10s,1,regionale,10,none,true,100,c4,142,sample,96.7626,2,
run6-tbt-10s,1,regionale,10,none,true,100,c4,145,sample,96.7068,2,
run6-tbt-10s,1,regionale,10,none,true,100,c4,148,sample,96.5948,2,
run6-tbt-10s,1,regionale,10,none,true,100,c4,151,sample,96.5388,2,
run6-tbt-10s,1,regionale,10,none,true,100,c4,153,sample,96.4268,2,
run6-tbt-10s,1,regionale,10,none,true,100,c4,155,sample,96.3708,2,
run6-tbt-10s,1,regionale,10,none,true,100,c4,159,sample,96.2588,2,
run6-tbt-10s,1,regionale,10,none,true,100,c4,161,sample,96.2028,2,
run6-tbt-10s,1,regionale,10,none,true,100,c4,163,sample,96.091,2,
run6-tbt-10s,1,regionale,10,none,true,100,c4,166,sample,96.035,2,
run6-tbt-10s,1,regionale,10,none,true,100,c4,168,sample,95.9232,2,
run6-tbt-10s,1,regionale,10,none,true,100,c4,171,sample,95.8674,2,
run6-tbt-10s,1,regionale,10,none,true,100,c4,174,sample,95.7554,2,
run6-tbt-10s,1,regionale,10,none,true,100,c4,178,sample,95.6994,2,
run6-tbt-10s,1,regionale,10,none,true,100,c4,181,sample,95.5874,2,
run6-tbt-10s,1,regionale,10,none,true,100,c4,184,sample,95.5316,2,
run6-tbt-10s,1,regionale,10,none,true,100,c4,187,sample,95.4196,2,
run6-tbt-10s,1,regionale,10,none,true,100,c4,189,sample,95.3638,2,
run6-tbt-10s,1,regionale,10,none,true,100,c4,192,sample,95.252,2,
run6-tbt-10s,1,regionale,10,none,true,100,c4,195,sample,95.1962,2,
run6-tbt-10s,1,regionale,10,none,true,100,c4,197,sample,95.0846,2,
run6-tbt-10s,1,regionale,10,none,true,100,c4,200,sample,95.0288,3,
run6-tbt-10s,1,regionale,10,none,true,100,c4,202,sample,94.9168,3,
run6-tbt-10s,1,regionale,10,none,true,100,c4,206,sample,94.8608,3,
run6-tbt-10s,1,regionale,10,none,true,100,c4,208,sample,94.749,3,
run6-tbt-10s,1,regionale,10,none,true,100,c4,211,sample,94.693,3,
run6-tbt-10s,1,regionale,10,none,true,100,c4,214,sample,94.5812,3,
run6-tbt-10s,1,regionale,10,none,true,100,c4,218,sample,94.5252,3,
run6-tbt-10s,1,regionale,10,none,true,100,c4,221,sample,94.4132,3,
run6-tbt-10s,1,regionale,10,none,true,100,c4,223,sample,94.3572,3,
run6-tbt-10s,1,regionale,10,none,true,100,c4,227,sample,94.245,3,
run6-tbt-10s,1,regionale,10,none,true,100,c4,230,sample,94.1888,3,
run6-tbt-10s,1,regionale,10,none,true,100,c4,233,sample,94.0768,3,
run6-tbt-10s,1,regionale,10,none,true,100,c4,236,sample,94.0206,3,
run6-tbt-10s,1,regionale,10,none,true,100,c4,239,sample,93.9084,3,
run6-tbt-10s,1,regionale,10,none,true,100,c4,241,sample,93.8524,3,
run6-tbt-10s,1,regionale,10,none,true,100,c4,244,sample,93.74,3,
run6-tbt-10s,1,regionale,10,none,true,100,c4,246,sample,93.6276,3,
run6-tbt-10s,1,regionale,10,none,true,100,c4,250,sample,93.5714,3,
run6-tbt-10s,1,regionale,10,none,true,100,c4,254,sample,93.4592,3,
run6-tbt-10s,1,regionale,10,none,true,100,c4,256,sample,93.403,3,
run6-tbt-10s,1,regionale,10,none,true,100,c4,259,sample,93.2906,3,
run6-tbt-10s,1,regionale,10,none,true,100,c4,261,sample,93.2344,3,
run6-tbt-10s,1,regionale,10,none,true,100,c4,264,sample,93.1222,3,
run6-tbt-10s,1,regionale,10,none,true,100,c4,267,sample,93.066,3,
run6-tbt-10s,1,regionale,10,none,true,100,c4,270,sample,92.9536,3,
run6-tbt-10s,1,regionale,10,none,true,100,c4,272,sample,92.8976,3,
run6-tbt-10s,1,regionale,10,none,true,100,c4,275,sample,92.7852,3,
run6-tbt-10s,1,regionale,10,none,true,100,c4,277,sample,92.729,3,
run6-tbt-10s,1,regionale,10,none,true,100,c4,280,sample,92.6166,3,
run6-tbt-10s,1,regionale,10,none,true,100,c4,282,sample,92.5604,3,
run6-tbt-10s,1,regionale,10,none,true,100,c4,287,sample,92.4482,3,
run6-tbt-10s,1,regionale,10,none,true,100,c4,290,sample,92.3922,3,
run6-tbt-10s,1,regionale,10,none,true,100,c4,292,sample,92.28,3,
run6-tbt-10s,1,regionale,10,none,true,100,c4,294,sample,92.2238,3,
run6-tbt-10s,1,regionale,10,none,true,100,c4,297,sample,92.1114,3,
run6-tbt-10s,1,regionale,10,none,true,100,c4,300,sample,92.0554,4,
run6-tbt-10s,1,regionale,10,none,true,100,c4,302,sample,91.943,4,
run6-tbt-10s,1,regionale,10,none,true,100,c4,305,sample,91.8868,4,
run6-tbt-10s,1,regionale,10,none,true,100,c4,308,sample,91.7746,4,
run6-tbt-10s,1,regionale,10,none,true,100,c4,311,sample,91.7184,4,
run6-tbt-10s,1,regionale,10,none,true,100,c4,314,sample,91.606,4,
run6-tbt-10s,1,regionale,10,none,true,100,c4,316,sample,91.55,4,
run6-tbt-10s,1,regionale,10,none,true,100,c4,319,sample,91.438,4,
run6-tbt-10s,1,regionale,10,none,true,100,c4,322,sample,91.3818,4,
run6-tbt-10s,1,regionale,10,none,true,100,c4,324,sample,91.2694,4,
run6-tbt-10s,1,regionale,10,none,true,100,c4,327,sample,91.2132,4,
run6-tbt-10s,1,regionale,10,none,true,100,c4,331,sample,91.101,4,
run6-tbt-10s,1,regionale,10,none,true,100,c4,333,sample,91.0448,4,
run6-tbt-10s,1,regionale,10,none,true,100,c4,335,sample,90.9326,4,
run6-tbt-10s,1,regionale,10,none,true,100,c4,339,sample,90.8766,4,
run6-tbt-10s,1,regionale,10,none,true,100,c4,342,sample,90.7642,4,
run6-tbt-10s,1,regionale,10,none,true,100,c4,344,sample,90.7082,4,
run6-tbt-10s,1,regionale,10,none,true,100,c4,347,sample,90.596,4,
run6-tbt-10s,1,regionale,10,none,true,100,c4,350,sample,90.5398,4,
run6-tbt-10s,1,regionale,10,none,true,100,c4,353,sample,90.4274,4,
run6-tbt-10s,1,regionale,10,none,true,100,c4,357,sample,90.3712,4,
run6-tbt-10s,1,regionale,10,none,true,100,c4,360,sample,90.2588,4,
run6-tbt-10s,1,regionale,10,none,true,100,c4,362,sample,90.2026,4,
run6-tbt-10s,1,regionale,10,none,true,100,c4,365,sample,90.0904,4,
run6-tbt-10s,1,regionale,10,none,true,100,c4,368,sample,90.0342,4,
run6-tbt-10s,1,regionale,10,none,true,100,c4,370,sample,89.9218,4,
run6-tbt-10s,1,regionale,10,none,true,100,c4,373,sample,89.8656,4,
run6-tbt-10s,1,regionale,10,none,true,100,c4,375,sample,89.7532,4,
run6-tbt-10s,1,regionale,10,none,true,100,c4,378,sample,89.697,4,
run6-tbt-10s,1,regionale,10,none,true,100,c4,381,sample,89.5846,4,
run6-tbt-10s,1,regionale,10,none,true,100,c4,385,sample,89.5284,4,
run6-tbt-10s,1,regionale,10,none,true,100,c4,387,sample,89.4162,4,
run6-tbt-10s,1,regionale,10,none,true,100,c4,390,sample,89.36,4,
run6-tbt-10s,1,regionale,10,none,true,100,c4,394,sample,89.2476,4,
run6-tbt-10s,1,regionale,10,none,true,100,c4,397,sample,89.1914,4,
run6-tbt-10s,1,regionale,10,none,true,100,c4,399,sample,89.0792,4,
run6-tbt-10s,1,regionale,10,none,true,100,c4,401,sample,89.023,5,
run6-tbt-10s,1,regionale,10,none,true,100,c4,404,sample,88.9106,5,
run6-tbt-10s,1,regionale,10,none,true,100,c4,407,sample,88.8544,5,
run6-tbt-10s,1,regionale,10,none,true,100,c4,409,sample,88.7422,5,
run6-tbt-10s,1,regionale,10,none,true,100,c4,411,sample,88.6862,5,
run6-tbt-10s,1,regionale,10,none,true,100,c4,414,sample,88.5738,5,
run6-tbt-10s,1,regionale,10,none,true,100,c4,416,sample,88.5178,5,
run6-tbt-10s,1,regionale,10,none,true,100,c4,419,sample,88.4054,5,
run6-tbt-10s,1,regionale,10,none,true,100,c4,422,sample,88.3492,5,
run6-tbt-10s,1,regionale,10,none,true,100,c4,424,sample,88.237,5,
run6-tbt-10s,1,regionale,10,none,true,100,c4,428,sample,88.1808,5,
run6-tbt-10s,1,regionale,10,none,true,100,c4,430,sample,88.0688,5,
run6-tbt-10s,1,regionale,10,none,true,100,c4,433,sample,88.0126,5,
run6-tbt-10s,1,regionale,10,none,true,100,c4,435,sample,87.9002,5,
run6-tbt-10s,1,regionale,10,none,true,100,c4,438,sample,87.844,5,
run6-tbt-10s,1,regionale,10,none,true,100,c4,440,sample,87.7318,5,
run6-tbt-10s,1,regionale,10,none,true,100,c4,443,sample,87.6756,5,
run6-tbt-10s,1,regionale,10,none,true,100,c4,445,sample,87.5632,5,
run6-tbt-10s,1,regionale,10,none,true,100,c4,448,sample,87.5072,5,
run6-tbt-10s,1,regionale,10,none,true,100,c4,451,sample,87.395,5,
run6-tbt-10s,1,regionale,10,none,true,100,c4,453,sample,87.2828,5,
run6-tbt-10s,1,regionale,10,none,true,100,c4,456,sample,87.2266,5,
run6-tbt-10s,1,regionale,10,none,true,100,c4,458,sample,87.1142,5,
run6-tbt-10s,1,regionale,10,none,true,100,c4,460,sample,87.058,5,
run6-tbt-10s,1,regionale,10,none,true,100,c4,463,sample,86.9456,5,
run6-tbt-10s,1,regionale,10,none,true,100,c4,466,sample,86.8894,5,
run6-tbt-10s,1,regionale,10,none,true,100,c4,468,sample,86.7772,5,
run6-tbt-10s,1,regionale,10,none,true,100,c4,471,sample,86.721,5,
run6-tbt-10s,1,regionale,10,none,true,100,c4,474,sample,86.609,5,
run6-tbt-10s,1,regionale,10,none,true,100,c4,476,sample,86.5528,5,
run6-tbt-10s,1,regionale,10,none,true,100,c4,479,sample,86.4404,5,
run6-tbt-10s,1,regionale,10,none,true,100,c4,482,sample,86.3842,5,
run6-tbt-10s,1,regionale,10,none,true,100,c4,485,sample,86.272,5,
run6-tbt-10s,1,regionale,10,none,true,100,c4,488,sample,86.216,5,
run6-tbt-10s,1,regionale,10,none,true,100,c4,491,sample,86.104,5,
run6-tbt-10s,1,regionale,10,none,true,100,c4,494,sample,86.0478,5,
run6-tbt-10s,1,regionale,10,none,true,100,c4,496,sample,85.9354,5,
run6-tbt-10s,1,regionale,10,none,true,100,c4,499,sample,85.8792,5,
run6-tbt-10s,1,regionale,10,none,true,100,c4,502,sample,85.767,6,
run6-tbt-10s,1,regionale,10,none,true,100,c4,504,sample,85.711,6,
run6-tbt-10s,1,regionale,10,none,true,100,c4,507,sample,85.5988,6,
run6-tbt-10s,1,regionale,10,none,true,100,c4,509,sample,85.5426,6,
run6-tbt-10s,1,regionale,10,none,true,100,c4,511,sample,85.4302,6,
run6-tbt-10s,1,regionale,10,none,true,100,c4,514,sample,85.374,6,
run6-tbt-10s,1,regionale,10,none,true,100,c4,517,sample,85.2618,6,
run6-tbt-10s,1,regionale,10,none,true,100,c4,519,sample,85.2056,6,
run6-tbt-10s,1,regionale,10,none,true,100,c4,523,sample,85.0934,6,
run6-tbt-10s,1,regionale,10,none,true,100,c4,526,sample,85.0372,6,
run6-tbt-10s,1,regionale,10,none,true,100,c4,529,sample,84.925,6,
run6-tbt-10s,1,regionale,10,none,true,100,c4,531,sample,84.8688,6,
run6-tbt-10s,1,regionale,10,none,true,100,c4,533,sample,84.7564,6,
run6-tbt-10s,1,regionale,10,none,true,100,c4,536,sample,84.7004,6,
run6-tbt-10s,1,regionale,10,none,true,100,c4,539,sample,84.588,6,
run6-tbt-10s,1,regionale,10,none,true,100,c4,542,sample,84.5318,6,
run6-tbt-10s,1,regionale,10,none,true,100,c4,545,sample,84.4196,6,
run6-tbt-10s,1,regionale,10,none,true,100,c4,547,sample,84.3634,6,
run6-tbt-10s,1,regionale,10,none,true,100,c4,550,sample,84.251,6,
run6-tbt-10s,1,regionale,10,none,true,100,c4,552,sample,84.1948,6,
run6-tbt-10s,1,regionale,10,none,true,100,c4,555,sample,84.0824,6,
run6-tbt-10s,1,regionale,10,none,true,100,c4,559,sample,84.0262,6,
run6-tbt-10s,1,regionale,10,none,true,100,c4,561,sample,83.9138,6,
run6-tbt-10s,1,regionale,10,none,true,100,c4,564,sample,83.8578,6,
run6-tbt-10s,1,regionale,10,none,true,100,c4,567,sample,83.7454,6,
run6-tbt-10s,1,regionale,10,none,true,100,c4,569,sample,83.6892,6,
run6-tbt-10s,1,regionale,10,none,true,100,c4,571,sample,83.5768,6,
run6-tbt-10s,1,regionale,10,none,true,100,c4,574,sample,83.5206,6,
run6-tbt-10s,1,regionale,10,none,true,100,c4,576,sample,83.4082,6,
run6-tbt-10s,1,regionale,10,none,true,100,c4,578,sample,83.352,6,
run6-tbt-10s,1,regionale,10,none,true,100,c4,581,sample,83.2396,6,
run6-tbt-10s,1,regionale,10,none,true,100,c4,584,sample,83.1834,6,
run6-tbt-10s,1,regionale,10,none,true,100,c4,587,sample,83.071,6,
run6-tbt-10s,1,regionale,10,none,true,100,c4,590,sample,83.0148,6,
run6-tbt-10s,1,regionale,10,none,true,100,c4,592,sample,82.9026,6,
run6-tbt-10s,1,regionale,10,none,true,100,c4,595,sample,82.8466,6,
run6-tbt-10s,1,regionale,10,none,true,100,c4,599,sample,82.7342,6,
run6-tbt-10s,1,regionale,10,none,true,100,c4,602,sample,82.678,7,
run6-tbt-10s,1,regionale,10,none,true,100,c5,34,sample,99.804,1,
run6-tbt-10s,1,regionale,10,none,true,100,c5,36,sample,99.719,1,
run6-tbt-10s,1,regionale,10,none,true,100,c5,39,sample,99.6634,1,
run6-tbt-10s,1,regionale,10,none,true,100,c5,43,sample,99.608,1,
run6-tbt-10s,1,regionale,10,none,true,100,c5,46,sample,99.5526,1,
run6-tbt-10s,1,regionale,10,none,true,100,c5,49,sample,99.4414,1,
run6-tbt-10s,1,regionale,10,none,true,100,c5,52,sample,99.3858,1,
run6-tbt-10s,1,regionale,10,none,true,100,c5,55,sample,99.3302,1,
run6-tbt-10s,1,regionale,10,none,true,100,c5,57,sample,99.2744,1,
run6-tbt-10s,1,regionale,10,none,true,100,c5,61,sample,99.2186,1,
run6-tbt-10s,1,regionale,10,none,true,100,c5,64,sample,99.1072,1,
run6-tbt-10s,1,regionale,10,none,true,100,c5,67,sample,99.0514,1,
run6-tbt-10s,1,regionale,10,none,true,100,c5,70,sample,98.9956,1,
run6-tbt-10s,1,regionale,10,none,true,100,c5,72,sample,98.94,1,
run6-tbt-10s,1,regionale,10,none,true,100,c5,76,sample,98.8842,1,
run6-tbt-10s,1,regionale,10,none,true,100,c5,78,sample,98.7726,1,
run6-tbt-10s,1,regionale,10,none,true,100,c5,82,sample,98.7168,1,
run6-tbt-10s,1,regionale,10,none,true,100,c5,85,sample,98.6612,1,
run6-tbt-10s,1,regionale,10,none,true,100,c5,87,sample,98.6054,1,
run6-tbt-10s,1,regionale,10,none,true,100,c5,91,sample,98.5496,1,
run6-tbt-10s,1,regionale,10,none,true,100,c5,94,sample,98.4382,1,
run6-tbt-10s,1,regionale,10,none,true,100,c5,96,sample,98.3826,1,
run6-tbt-10s,1,regionale,10,none,true,100,c5,100,sample,98.3268,2,
run6-tbt-10s,1,regionale,10,none,true,100,c5,103,sample,98.2708,2,
run6-tbt-10s,1,regionale,10,none,true,100,c5,106,sample,98.2148,2,
run6-tbt-10s,1,regionale,10,none,true,100,c5,109,sample,98.1028,2,
run6-tbt-10s,1,regionale,10,none,true,100,c5,112,sample,98.0468,2,
run6-tbt-10s,1,regionale,10,none,true,100,c5,114,sample,97.991,2,
run6-tbt-10s,1,regionale,10,none,true,100,c5,118,sample,97.9352,2,
run6-tbt-10s,1,regionale,10,none,true,100,c5,121,sample,97.8794,2,
run6-tbt-10s,1,regionale,10,none,true,100,c5,123,sample,97.7676,2,
run6-tbt-10s,1,regionale,10,none,true,100,c5,126,sample,97.7116,2,
run6-tbt-10s,1,regionale,10,none,true,100,c5,130,sample,97.6558,2,
run6-tbt-10s,1,regionale,10,none,true,100,c5,133,sample,97.5998,2,
run6-tbt-10s,1,regionale,10,none,true,100,c5,135,sample,97.5438,2,
run6-tbt-10s,1,regionale,10,none,true,100,c5,138,sample,97.4318,2,
run6-tbt-10s,1,regionale,10,none,true,100,c5,142,sample,97.3758,2,
run6-tbt-10s,1,regionale,10,none,true,100,c5,145,sample,97.32,2,
run6-tbt-10s,1,regionale,10,none,true,100,c5,148,sample,97.2642,2,
run6-tbt-10s,1,regionale,10,none,true,100,c5,151,sample,97.2084,2,
run6-tbt-10s,1,regionale,10,none,true,100,c5,153,sample,97.0964,2,
run6-tbt-10s,1,regionale,10,none,true,100,c5,155,sample,97.0406,2,
run6-tbt-10s,1,regionale,10,none,true,100,c5,159,sample,96.9846,2,
run6-tbt-10s,1,regionale,10,none,true,100,c5,161,sample,96.9286,2,
run6-tbt-10s,1,regionale,10,none,true,100,c5,163,sample,96.8166,2,
run6-tbt-10s,1,regionale,10,none,true,100,c5,166,sample,96.7606,2,
run6-tbt-10s,1,regionale,10,none,true,100,c5,168,sample,96.7048,2,
run6-tbt-10s,1,regionale,10,none,true,100,c5,171,sample,96.6488,2,
run6-tbt-10s,1,regionale,10,none,true,100,c5,174,sample,96.5928,2,
run6-tbt-10s,1,regionale,10,none,true,100,c5,178,sample,96.4808,2,
run6-tbt-10s,1,regionale,10,none,true,100,c5,181,sample,96.4248,2,
run6-tbt-10s,1,regionale,10,none,true,100,c5,184,sample,96.3688,2,
run6-tbt-10s,1,regionale,10,none,true,100,c5,187,sample,96.3128,2,
run6-tbt-10s,1,regionale,10,none,true,100,c5,189,sample,96.2568,2,
run6-tbt-10s,1,regionale,10,none,true,100,c5,192,sample,96.145,2,
run6-tbt-10s,1,regionale,10,none,true,100,c5,195,sample,96.089,2,
run6-tbt-10s,1,regionale,10,none,true,100,c5,197,sample,96.033,2,
run6-tbt-10s,1,regionale,10,none,true,100,c5,200,sample,95.9772,3,
run6-tbt-10s,1,regionale,10,none,true,100,c5,202,sample,95.9212,3,
run6-tbt-10s,1,regionale,10,none,true,100,c5,206,sample,95.8092,3,
run6-tbt-10s,1,regionale,10,none,true,100,c5,208,sample,95.7532,3,
run6-tbt-10s,1,regionale,10,none,true,100,c5,211,sample,95.6972,3,
run6-tbt-10s,1,regionale,10,none,true,100,c5,214,sample,95.6412,3,
run6-tbt-10s,1,regionale,10,none,true,100,c5,218,sample,95.5854,3,
run6-tbt-10s,1,regionale,10,none,true,100,c5,221,sample,95.4734,3,
run6-tbt-10s,1,regionale,10,none,true,100,c5,223,sample,95.4176,3,
run6-tbt-10s,1,regionale,10,none,true,100,c5,227,sample,95.3616,3,
run6-tbt-10s,1,regionale,10,none,true,100,c5,230,sample,95.3056,3,
run6-tbt-10s,1,regionale,10,none,true,100,c5,233,sample,95.2496,3,
run6-tbt-10s,1,regionale,10,none,true,100,c5,236,sample,95.1376,3,
run6-tbt-10s,1,regionale,10,none,true,100,c5,239,sample,95.0816,3,
run6-tbt-10s,1,regionale,10,none,true,100,c5,241,sample,95.0258,3,
run6-tbt-10s,1,regionale,10,none,true,100,c5,244,sample,94.9698,3,
run6-tbt-10s,1,regionale,10,none,true,100,c5,246,sample,94.8578,3,
run6-tbt-10s,1,regionale,10,none,true,100,c5,250,sample,94.8018,3,
run6-tbt-10s,1,regionale,10,none,true,100,c5,254,sample,94.7458,3,
run6-tbt-10s,1,regionale,10,none,true,100,c5,256,sample,94.6898,3,
run6-tbt-10s,1,regionale,10,none,true,100,c5,259,sample,94.6338,3,
run6-tbt-10s,1,regionale,10,none,true,100,c5,261,sample,94.522,3,
run6-tbt-10s,1,regionale,10,none,true,100,c5,264,sample,94.466,3,
run6-tbt-10s,1,regionale,10,none,true,100,c5,267,sample,94.41,3,
run6-tbt-10s,1,regionale,10,none,true,100,c5,270,sample,94.354,3,
run6-tbt-10s,1,regionale,10,none,true,100,c5,272,sample,94.298,3,
run6-tbt-10s,1,regionale,10,none,true,100,c5,275,sample,94.1856,3,
run6-tbt-10s,1,regionale,10,none,true,100,c5,277,sample,94.1294,3,
run6-tbt-10s,1,regionale,10,none,true,100,c5,280,sample,94.0732,3,
run6-tbt-10s,1,regionale,10,none,true,100,c5,282,sample,94.017,3,
run6-tbt-10s,1,regionale,10,none,true,100,c5,287,sample,93.961,3,
run6-tbt-10s,1,regionale,10,none,true,100,c5,290,sample,93.8488,3,
run6-tbt-10s,1,regionale,10,none,true,100,c5,292,sample,93.7926,3,
run6-tbt-10s,1,regionale,10,none,true,100,c5,294,sample,93.7364,3,
run6-tbt-10s,1,regionale,10,none,true,100,c5,297,sample,93.6802,3,
run6-tbt-10s,1,regionale,10,none,true,100,c5,300,sample,93.624,4,
run6-tbt-10s,1,regionale,10,none,true,100,c5,302,sample,93.5116,4,
run6-tbt-10s,1,regionale,10,none,true,100,c5,305,sample,93.4554,4,
run6-tbt-10s,1,regionale,10,none,true,100,c5,308,sample,93.3992,4,
run6-tbt-10s,1,regionale,10,none,true,100,c5,311,sample,93.343,4,
run6-tbt-10s,1,regionale,10,none,true,100,c5,314,sample,93.2868,4,
run6-tbt-10s,1,regionale,10,none,true,100,c5,316,sample,93.1744,4,
run6-tbt-10s,1,regionale,10,none,true,100,c5,319,sample,93.1182,4,
run6-tbt-10s,1,regionale,10,none,true,100,c5,322,sample,93.0622,4,
run6-tbt-10s,1,regionale,10,none,true,100,c5,324,sample,93.006,4,
run6-tbt-10s,1,regionale,10,none,true,100,c5,327,sample,92.95,4,
run6-tbt-10s,1,regionale,10,none,true,100,c5,331,sample,92.8378,4,
run6-tbt-10s,1,regionale,10,none,true,100,c5,333,sample,92.7816,4,
run6-tbt-10s,1,regionale,10,none,true,100,c5,335,sample,92.7254,4,
run6-tbt-10s,1,regionale,10,none,true,100,c5,339,sample,92.6692,4,
run6-tbt-10s,1,regionale,10,none,true,100,c5,342,sample,92.5568,4,
run6-tbt-10s,1,regionale,10,none,true,100,c5,344,sample,92.5006,4,
run6-tbt-10s,1,regionale,10,none,true,100,c5,347,sample,92.4444,4,
run6-tbt-10s,1,regionale,10,none,true,100,c5,350,sample,92.3882,4,
run6-tbt-10s,1,regionale,10,none,true,100,c5,353,sample,92.3322,4,
run6-tbt-10s,1,regionale,10,none,true,100,c5,357,sample,92.2198,4,
run6-tbt-10s,1,regionale,10,none,true,100,c5,360,sample,92.1636,4,
run6-tbt-10s,1,regionale,10,none,true,100,c5,362,sample,92.1074,4,
run6-tbt-10s,1,regionale,10,none,true,100,c5,365,sample,92.0514,4,
run6-tbt-10s,1,regionale,10,none,true,100,c5,368,sample,91.9954,4,
run6-tbt-10s,1,regionale,10,none,true,100,c5,370,sample,91.8832,4,
run6-tbt-10s,1,regionale,10,none,true,100,c5,373,sample,91.827,4,
run6-tbt-10s,1,regionale,10,none,true,100,c5,375,sample,91.7708,4,
run6-tbt-10s,1,regionale,10,none,true,100,c5,378,sample,91.7146,4,
run6-tbt-10s,1,regionale,10,none,true,100,c5,381,sample,91.6584,4,
run6-tbt-10s,1,regionale,10,none,true,100,c5,385,sample,91.546,4,
run6-tbt-10s,1,regionale,10,none,true,100,c5,387,sample,91.4898,4,
run6-tbt-10s,1,regionale,10,none,true,100,c5,390,sample,91.4338,4,
run6-tbt-10s,1,regionale,10,none,true,100,c5,394,sample,91.3778,4,
run6-tbt-10s,1,regionale,10,none,true,100,c5,397,sample,91.3218,4,
run6-tbt-10s,1,regionale,10,none,true,100,c5,399,sample,91.2094,4,
run6-tbt-10s,1,regionale,10,none,true,100,c5,401,sample,91.1532,5,
run6-tbt-10s,1,regionale,10,none,true,100,c5,404,sample,91.097,5,
run6-tbt-10s,1,regionale,10,none,true,100,c5,407,sample,91.0408,5,
run6-tbt-10s,1,regionale,10,none,true,100,c5,409,sample,90.9846,5,
run6-tbt-10s,1,regionale,10,none,true,100,c5,411,sample,90.8724,5,
run6-tbt-10s,1,regionale,10,none,true,100,c5,414,sample,90.8162,5,
run6-tbt-10s,1,regionale,10,none,true,100,c5,416,sample,90.7602,5,
run6-tbt-10s,1,regionale,10,none,true,100,c5,419,sample,90.704,5,
run6-tbt-10s,1,regionale,10,none,true,100,c5,422,sample,90.6478,5,
run6-tbt-10s,1,regionale,10,none,true,100,c5,424,sample,90.5354,5,
run6-tbt-10s,1,regionale,10,none,true,100,c5,428,sample,90.4794,5,
run6-tbt-10s,1,regionale,10,none,true,100,c5,430,sample,90.4232,5,
run6-tbt-10s,1,regionale,10,none,true,100,c5,433,sample,90.367,5,
run6-tbt-10s,1,regionale,10,none,true,100,c5,435,sample,90.311,5,
run6-tbt-10s,1,regionale,10,none,true,100,c5,438,sample,90.1988,5,
run6-tbt-10s,1,regionale,10,none,true,100,c5,440,sample,90.1426,5,
run6-tbt-10s,1,regionale,10,none,true,100,c5,443,sample,90.0864,5,
run6-tbt-10s,1,regionale,10,none,true,100,c5,445,sample,90.0302,5,
run6-tbt-10s,1,regionale,10,none,true,100,c5,448,sample,89.918,5,
run6-tbt-10s,1,regionale,10,none,true,100,c5,451,sample,89.8618,5,
run6-tbt-10s,1,regionale,10,none,true,100,c5,453,sample,89.8056,5,
run6-tbt-10s,1,regionale,10,none,true,100,c5,456,sample,89.7494,5,
run6-tbt-10s,1,regionale,10,none,true,100,c5,458,sample,89.6932,5,
run6-tbt-10s,1,regionale,10,none,true,100,c5,460,sample,89.581,5,
run6-tbt-10s,1,regionale,10,none,true,100,c5,463,sample,89.525,5,
run6-tbt-10s,1,regionale,10,none,true,100,c5,466,sample,89.4688,5,
run6-tbt-10s,1,regionale,10,none,true,100,c5,468,sample,89.4128,5,
run6-tbt-10s,1,regionale,10,none,true,100,c5,471,sample,89.3566,5,
run6-tbt-10s,1,regionale,10,none,true,100,c5,474,sample,89.2442,5,
run6-tbt-10s,1,regionale,10,none,true,100,c5,476,sample,89.188,5,
run6-tbt-10s,1,regionale,10,none,true,100,c5,479,sample,89.1318,5,
run6-tbt-10s,1,regionale,10,none,true,100,c5,482,sample,89.0756,5,
run6-tbt-10s,1,regionale,10,none,true,100,c5,485,sample,89.0194,5,
run6-tbt-10s,1,regionale,10,none,true,100,c5,488,sample,88.907,5,
run6-tbt-10s,1,regionale,10,none,true,100,c5,491,sample,88.851,5,
run6-tbt-10s,1,regionale,10,none,true,100,c5,494,sample,88.7948,5,
run6-tbt-10s,1,regionale,10,none,true,100,c5,496,sample,88.7386,5,
run6-tbt-10s,1,regionale,10,none,true,100,c5,499,sample,88.6824,5,
run6-tbt-10s,1,regionale,10,none,true,100,c5,502,sample,88.57,6,
run6-tbt-10s,1,regionale,10,none,true,100,c5,504,sample,88.5138,6,
run6-tbt-10s,1,regionale,10,none,true,100,c5,507,sample,88.4578,6,
run6-tbt-10s,1,regionale,10,none,true,100,c5,509,sample,88.4016,6,
run6-tbt-10s,1,regionale,10,none,true,100,c5,511,sample,88.3454,6,
run6-tbt-10s,1,regionale,10,none,true,100,c5,514,sample,88.2332,6,
run6-tbt-10s,1,regionale,10,none,true,100,c5,517,sample,88.1772,6,
run6-tbt-10s,1,regionale,10,none,true,100,c5,519,sample,88.121,6,
run6-tbt-10s,1,regionale,10,none,true,100,c5,523,sample,88.065,6,
run6-tbt-10s,1,regionale,10,none,true,100,c5,526,sample,88.009,6,
run6-tbt-10s,1,regionale,10,none,true,100,c5,529,sample,87.8968,6,
run6-tbt-10s,1,regionale,10,none,true,100,c5,531,sample,87.8406,6,
run6-tbt-10s,1,regionale,10,none,true,100,c5,533,sample,87.7844,6,
run6-tbt-10s,1,regionale,10,none,true,100,c5,536,sample,87.7282,6,
run6-tbt-10s,1,regionale,10,none,true,100,c5,539,sample,87.672,6,
run6-tbt-10s,1,regionale,10,none,true,100,c5,542,sample,87.5596,6,
run6-tbt-10s,1,regionale,10,none,true,100,c5,545,sample,87.5034,6,
run6-tbt-10s,1,regionale,10,none,true,100,c5,547,sample,87.4472,6,
run6-tbt-10s,1,regionale,10,none,true,100,c5,550,sample,87.391,6,
run6-tbt-10s,1,regionale,10,none,true,100,c5,552,sample,87.2786,6,
run6-tbt-10s,1,regionale,10,none,true,100,c5,555,sample,87.2224,6,
run6-tbt-10s,1,regionale,10,none,true,100,c5,559,sample,87.1664,6,
run6-tbt-10s,1,regionale,10,none,true,100,c5,561,sample,87.1102,6,
run6-tbt-10s,1,regionale,10,none,true,100,c5,564,sample,87.054,6,
run6-tbt-10s,1,regionale,10,none,true,100,c5,567,sample,86.9418,6,
run6-tbt-10s,1,regionale,10,none,true,100,c5,569,sample,86.8856,6,
run6-tbt-10s,1,regionale,10,none,true,100,c5,571,sample,86.8294,6,
run6-tbt-10s,1,regionale,10,none,true,100,c5,574,sample,86.7732,6,
run6-tbt-10s,1,regionale,10,none,true,100,c5,576,sample,86.7172,6,
run6-tbt-10s,1,regionale,10,none,true,100,c5,578,sample,86.605,6,
run6-tbt-10s,1,regionale,10,none,true,100,c5,581,sample,86.5488,6,
run6-tbt-10s,1,regionale,10,none,true,100,c5,584,sample,86.4928,6,
run6-tbt-10s,1,regionale,10,none,true,100,c5,587,sample,86.4366,6,
run6-tbt-10s,1,regionale,10,none,true,100,c5,590,sample,86.3804,6,
run6-tbt-10s,1,regionale,10,none,true,100,c5,592,sample,86.268,6,
run6-tbt-10s,1,regionale,10,none,true,100,c5,595,sample,86.2118,6,
run6-tbt-10s,1,regionale,10,none,true,100,c5,599,sample,86.1556,6,
run6-tbt-10s,1,regionale,10,none,true,100,c5,602,sample,86.0994,7,
run6-tbt-10s,1,regionale,10,none,true,100,ca,34,sample,49.3568,1,
run6-tbt-10s,1,regionale,10,none,true,100,ca,36,sample,49.3568,1,
run6-tbt-10s,1,regionale,10,none,true,100,ca,39,sample,49.3568,1,
run6-tbt-10s,1,regionale,10,none,true,100,ca,43,sample,49.3568,1,
run6-tbt-10s,1,regionale,10,none,true,100,ca,46,sample,49.3568,1,
run6-tbt-10s,1,regionale,10,none,true,100,ca,49,sample,49.3568,1,
run6-tbt-10s,1,regionale,10,none,true,100,ca,52,sample,49.3568,1,
run6-tbt-10s,1,regionale,10,none,true,100,ca,55,sample,49.3568,1,
run6-tbt-10s,1,regionale,10,none,true,100,ca,57,sample,49.3568,1,
run6-tbt-10s,1,regionale,10,none,true,100,ca,61,sample,49.3568,1,
run6-tbt-10s,1,regionale,10,none,true,100,ca,64,sample,49.3568,1,
run6-tbt-10s,1,regionale,10,none,true,100,ca,67,sample,49.3568,1,
run6-tbt-10s,1,regionale,10,none,true,100,ca,70,sample,49.3568,1,
run6-tbt-10s,1,regionale,10,none,true,100,ca,72,sample,49.3568,1,
run6-tbt-10s,1,regionale,10,none,true,100,ca,76,sample,49.3568,1,
run6-tbt-10s,1,regionale,10,none,true,100,ca,78,sample,49.3568,1,
run6-tbt-10s,1,regionale,10,none,true,100,ca,82,sample,49.3568,1,
run6-tbt-10s,1,regionale,10,none,true,100,ca,85,sample,49.3568,1,
run6-tbt-10s,1,regionale,10,none,true,100,ca,87,sample,49.3568,1,
run6-tbt-10s,1,regionale,10,none,true,100,ca,91,sample,49.3568,1,
run6-tbt-10s,1,regionale,10,none,true,100,ca,94,sample,49.3568,1,
run6-tbt-10s,1,regionale,10,none,true,100,ca,96,sample,49.3568,1,
run6-tbt-10s,1,regionale,10,none,true,100,ca,100,sample,49.3568,2,
run6-tbt-10s,1,regionale,10,none,true,100,ca,103,sample,49.3568,2,
run6-tbt-10s,1,regionale,10,none,true,100,ca,106,sample,49.3568,2,
run6-tbt-10s,1,regionale,10,none,true,100,ca,109,sample,49.3568,2,
run6-tbt-10s,1,regionale,10,none,true,100,ca,112,sample,49.3568,2,
run6-tbt-10s,1,regionale,10,none,true,100,ca,114,sample,49.3568,2,
run6-tbt-10s,1,regionale,10,none,true,100,ca,118,sample,49.3568,2,
run6-tbt-10s,1,regionale,10,none,true,100,ca,121,sample,49.3568,2,
run6-tbt-10s,1,regionale,10,none,true,100,ca,123,sample,49.3568,2,
run6-tbt-10s,1,regionale,10,none,true,100,ca,126,sample,49.3568,2,
run6-tbt-10s,1,regionale,10,none,true,100,ca,130,sample,49.3568,2,
run6-tbt-10s,1,regionale,10,none,true,100,ca,133,sample,49.3568,2,
run6-tbt-10s,1,regionale,10,none,true,100,ca,135,sample,49.3568,2,
run6-tbt-10s,1,regionale,10,none,true,100,ca,138,sample,49.3568,2,
run6-tbt-10s,1,regionale,10,none,true,100,ca,142,sample,49.3568,2,
run6-tbt-10s,1,regionale,10,none,true,100,ca,145,sample,49.3568,2,
run6-tbt-10s,1,regionale,10,none,true,100,ca,148,sample,49.3568,2,
run6-tbt-10s,1,regionale,10,none,true,100,ca,151,sample,49.3568,2,
run6-tbt-10s,1,regionale,10,none,true,100,ca,153,sample,49.3568,2,
run6-tbt-10s,1,regionale,10,none,true,100,ca,155,sample,49.3568,2,
run6-tbt-10s,1,regionale,10,none,true,100,ca,159,sample,49.3568,2,
run6-tbt-10s,1,regionale,10,none,true,100,ca,161,sample,49.3568,2,
run6-tbt-10s,1,regionale,10,none,true,100,ca,163,sample,49.3568,2,
run6-tbt-10s,1,regionale,10,none,true,100,ca,166,sample,49.3568,2,
run6-tbt-10s,1,regionale,10,none,true,100,ca,168,sample,49.3568,2,
run6-tbt-10s,1,regionale,10,none,true,100,ca,171,sample,49.3568,2,
run6-tbt-10s,1,regionale,10,none,true,100,ca,174,sample,49.3568,2,
run6-tbt-10s,1,regionale,10,none,true,100,ca,178,sample,49.3568,2,
run6-tbt-10s,1,regionale,10,none,true,100,ca,181,sample,49.3568,2,
run6-tbt-10s,1,regionale,10,none,true,100,ca,184,sample,49.3568,2,
run6-tbt-10s,1,regionale,10,none,true,100,ca,187,sample,49.3568,2,
run6-tbt-10s,1,regionale,10,none,true,100,ca,189,sample,49.3568,2,
run6-tbt-10s,1,regionale,10,none,true,100,ca,192,sample,49.3568,2,
run6-tbt-10s,1,regionale,10,none,true,100,ca,195,sample,49.3568,2,
run6-tbt-10s,1,regionale,10,none,true,100,ca,197,sample,49.3568,2,
run6-tbt-10s,1,regionale,10,none,true,100,ca,200,sample,49.3568,3,
run6-tbt-10s,1,regionale,10,none,true,100,ca,202,sample,49.3568,3,
run6-tbt-10s,1,regionale,10,none,true,100,ca,206,sample,49.3568,3,
run6-tbt-10s,1,regionale,10,none,true,100,ca,208,sample,49.3568,3,
run6-tbt-10s,1,regionale,10,none,true,100,ca,211,sample,49.3568,3,
run6-tbt-10s,1,regionale,10,none,true,100,ca,214,sample,49.3568,3,
run6-tbt-10s,1,regionale,10,none,true,100,ca,218,sample,49.3568,3,
run6-tbt-10s,1,regionale,10,none,true,100,ca,221,sample,49.3568,3,
run6-tbt-10s,1,regionale,10,none,true,100,ca,223,sample,49.3568,3,
run6-tbt-10s,1,regionale,10,none,true,100,ca,227,sample,49.3568,3,
run6-tbt-10s,1,regionale,10,none,true,100,ca,230,sample,49.3568,3,
run6-tbt-10s,1,regionale,10,none,true,100,ca,233,sample,49.3568,3,
run6-tbt-10s,1,regionale,10,none,true,100,ca,236,sample,49.3568,3,
run6-tbt-10s,1,regionale,10,none,true,100,ca,239,sample,49.3568,3,
run6-tbt-10s,1,regionale,10,none,true,100,ca,241,sample,49.3568,3,
run6-tbt-10s,1,regionale,10,none,true,100,ca,244,sample,49.3568,3,
run6-tbt-10s,1,regionale,10,none,true,100,ca,246,sample,49.3568,3,
run6-tbt-10s,1,regionale,10,none,true,100,ca,250,sample,49.3568,3,
run6-tbt-10s,1,regionale,10,none,true,100,ca,254,sample,49.3568,3,
run6-tbt-10s,1,regionale,10,none,true,100,ca,256,sample,49.3568,3,
run6-tbt-10s,1,regionale,10,none,true,100,ca,259,sample,49.3568,3,
run6-tbt-10s,1,regionale,10,none,true,100,ca,261,sample,49.3568,3,
run6-tbt-10s,1,regionale,10,none,true,100,ca,264,sample,49.3568,3,
run6-tbt-10s,1,regionale,10,none,true,100,ca,267,sample,49.3568,3,
run6-tbt-10s,1,regionale,10,none,true,100,ca,270,sample,49.3568,3,
run6-tbt-10s,1,regionale,10,none,true,100,ca,272,sample,49.3568,3,
run6-tbt-10s,1,regionale,10,none,true,100,ca,275,sample,49.3568,3,
run6-tbt-10s,1,regionale,10,none,true,100,ca,277,sample,49.3568,3,
run6-tbt-10s,1,regionale,10,none,true,100,ca,280,sample,49.3568,3,
run6-tbt-10s,1,regionale,10,none,true,100,ca,282,sample,49.3568,3,
run6-tbt-10s,1,regionale,10,none,true,100,ca,287,sample,49.3568,3,
run6-tbt-10s,1,regionale,10,none,true,100,ca,290,sample,49.3568,3,
run6-tbt-10s,1,regionale,10,none,true,100,ca,292,sample,49.3568,3,
run6-tbt-10s,1,regionale,10,none,true,100,ca,294,sample,49.3568,3,
run6-tbt-10s,1,regionale,10,none,true,100,ca,297,sample,49.3568,3,
run6-tbt-10s,1,regionale,10,none,true,100,ca,300,sample,49.3568,4,
run6-tbt-10s,1,regionale,10,none,true,100,ca,302,sample,49.3568,4,
run6-tbt-10s,1,regionale,10,none,true,100,ca,305,sample,49.3568,4,
run6-tbt-10s,1,regionale,10,none,true,100,ca,308,sample,49.3568,4,
run6-tbt-10s,1,regionale,10,none,true,100,ca,311,sample,49.3568,4,
run6-tbt-10s,1,regionale,10,none,true,100,ca,314,sample,49.3568,4,
run6-tbt-10s,1,regionale,10,none,true,100,ca,316,sample,49.3568,4,
run6-tbt-10s,1,regionale,10,none,true,100,ca,319,sample,49.3568,4,
run6-tbt-10s,1,regionale,10,none,true,100,ca,322,sample,49.3568,4,
run6-tbt-10s,1,regionale,10,none,true,100,ca,324,sample,49.3568,4,
run6-tbt-10s,1,regionale,10,none,true,100,ca,327,sample,49.3568,4,
run6-tbt-10s,1,regionale,10,none,true,100,ca,331,sample,49.3568,4,
run6-tbt-10s,1,regionale,10,none,true,100,ca,333,sample,49.3568,4,
run6-tbt-10s,1,regionale,10,none,true,100,ca,335,sample,49.3568,4,
run6-tbt-10s,1,regionale,10,none,true,100,ca,339,sample,49.3568,4,
run6-tbt-10s,1,regionale,10,none,true,100,ca,342,sample,49.3568,4,
run6-tbt-10s,1,regionale,10,none,true,100,ca,344,sample,49.3568,4,
run6-tbt-10s,1,regionale,10,none,true,100,ca,347,sample,49.3568,4,
run6-tbt-10s,1,regionale,10,none,true,100,ca,350,sample,49.3568,4,
run6-tbt-10s,1,regionale,10,none,true,100,ca,353,sample,49.3568,4,
run6-tbt-10s,1,regionale,10,none,true,100,ca,357,sample,49.3568,4,
run6-tbt-10s,1,regionale,10,none,true,100,ca,360,sample,49.3568,4,
run6-tbt-10s,1,regionale,10,none,true,100,ca,362,sample,49.3568,4,
run6-tbt-10s,1,regionale,10,none,true,100,ca,365,sample,49.3568,4,
run6-tbt-10s,1,regionale,10,none,true,100,ca,368,sample,49.3568,4,
run6-tbt-10s,1,regionale,10,none,true,100,ca,370,sample,49.3568,4,
run6-tbt-10s,1,regionale,10,none,true,100,ca,373,sample,49.3568,4,
run6-tbt-10s,1,regionale,10,none,true,100,ca,375,sample,49.3568,4,
run6-tbt-10s,1,regionale,10,none,true,100,ca,378,sample,49.3568,4,
run6-tbt-10s,1,regionale,10,none,true,100,ca,381,sample,49.3568,4,
run6-tbt-10s,1,regionale,10,none,true,100,ca,385,sample,49.3568,4,
run6-tbt-10s,1,regionale,10,none,true,100,ca,387,sample,49.3568,4,
run6-tbt-10s,1,regionale,10,none,true,100,ca,390,sample,49.3568,4,
run6-tbt-10s,1,regionale,10,none,true,100,ca,394,sample,49.3568,4,
run6-tbt-10s,1,regionale,10,none,true,100,ca,397,sample,49.3568,4,
run6-tbt-10s,1,regionale,10,none,true,100,ca,399,sample,49.3568,4,
run6-tbt-10s,1,regionale,10,none,true,100,ca,401,sample,49.3568,5,
run6-tbt-10s,1,regionale,10,none,true,100,ca,404,sample,49.3568,5,
run6-tbt-10s,1,regionale,10,none,true,100,ca,407,sample,49.3568,5,
run6-tbt-10s,1,regionale,10,none,true,100,ca,409,sample,49.3568,5,
run6-tbt-10s,1,regionale,10,none,true,100,ca,411,sample,49.3568,5,
run6-tbt-10s,1,regionale,10,none,true,100,ca,414,sample,49.3568,5,
run6-tbt-10s,1,regionale,10,none,true,100,ca,416,sample,49.3568,5,
run6-tbt-10s,1,regionale,10,none,true,100,ca,419,sample,49.3568,5,
run6-tbt-10s,1,regionale,10,none,true,100,ca,422,sample,49.3568,5,
run6-tbt-10s,1,regionale,10,none,true,100,ca,424,sample,49.3568,5,
run6-tbt-10s,1,regionale,10,none,true,100,ca,428,sample,49.3568,5,
run6-tbt-10s,1,regionale,10,none,true,100,ca,430,sample,49.3568,5,
run6-tbt-10s,1,regionale,10,none,true,100,ca,433,sample,49.3568,5,
run6-tbt-10s,1,regionale,10,none,true,100,ca,435,sample,49.3568,5,
run6-tbt-10s,1,regionale,10,none,true,100,ca,438,sample,49.3568,5,
run6-tbt-10s,1,regionale,10,none,true,100,ca,440,sample,49.3568,5,
run6-tbt-10s,1,regionale,10,none,true,100,ca,443,sample,49.3568,5,
run6-tbt-10s,1,regionale,10,none,true,100,ca,445,sample,49.3568,5,
run6-tbt-10s,1,regionale,10,none,true,100,ca,448,sample,49.3568,5,
run6-tbt-10s,1,regionale,10,none,true,100,ca,451,sample,49.3568,5,
run6-tbt-10s,1,regionale,10,none,true,100,ca,453,sample,49.3568,5,
run6-tbt-10s,1,regionale,10,none,true,100,ca,456,sample,49.3568,5,
run6-tbt-10s,1,regionale,10,none,true,100,ca,458,sample,49.3568,5,
run6-tbt-10s,1,regionale,10,none,true,100,ca,460,sample,49.3568,5,
run6-tbt-10s,1,regionale,10,none,true,100,ca,463,sample,49.3568,5,
run6-tbt-10s,1,regionale,10,none,true,100,ca,466,sample,49.3568,5,
run6-tbt-10s,1,regionale,10,none,true,100,ca,468,sample,49.3568,5,
run6-tbt-10s,1,regionale,10,none,true,100,ca,471,sample,49.3568,5,
run6-tbt-10s,1,regionale,10,none,true,100,ca,474,sample,49.3568,5,
run6-tbt-10s,1,regionale,10,none,true,100,ca,476,sample,49.3568,5,
run6-tbt-10s,1,regionale,10,none,true,100,ca,479,sample,49.3568,5,
run6-tbt-10s,1,regionale,10,none,true,100,ca,482,sample,49.3568,5,
run6-tbt-10s,1,regionale,10,none,true,100,ca,485,sample,49.3568,5,
run6-tbt-10s,1,regionale,10,none,true,100,ca,488,sample,49.3568,5,
run6-tbt-10s,1,regionale,10,none,true,100,ca,491,sample,49.3568,5,
run6-tbt-10s,1,regionale,10,none,true,100,ca,494,sample,49.3568,5,
run6-tbt-10s,1,regionale,10,none,true,100,ca,496,sample,49.3568,5,
run6-tbt-10s,1,regionale,10,none,true,100,ca,499,sample,49.3568,5,
run6-tbt-10s,1,regionale,10,none,true,100,ca,502,sample,49.3568,6,
run6-tbt-10s,1,regionale,10,none,true,100,ca,504,sample,49.3568,6,
run6-tbt-10s,1,regionale,10,none,true,100,ca,507,sample,49.3568,6,
run6-tbt-10s,1,regionale,10,none,true,100,ca,509,sample,49.3568,6,
run6-tbt-10s,1,regionale,10,none,true,100,ca,511,sample,49.3568,6,
run6-tbt-10s,1,regionale,10,none,true,100,ca,514,sample,49.3568,6,
run6-tbt-10s,1,regionale,10,none,true,100,ca,517,sample,49.3568,6,
run6-tbt-10s,1,regionale,10,none,true,100,ca,519,sample,49.3568,6,
run6-tbt-10s,1,regionale,10,none,true,100,ca,523,sample,49.3568,6,
run6-tbt-10s,1,regionale,10,none,true,100,ca,526,sample,49.3568,6,
run6-tbt-10s,1,regionale,10,none,true,100,ca,529,sample,49.3568,6,
run6-tbt-10s,1,regionale,10,none,true,100,ca,531,sample,49.3568,6,
run6-tbt-10s,1,regionale,10,none,true,100,ca,533,sample,49.3568,6,
run6-tbt-10s,1,regionale,10,none,true,100,ca,536,sample,49.3568,6,
run6-tbt-10s,1,regionale,10,none,true,100,ca,539,sample,49.3568,6,
run6-tbt-10s,1,regionale,10,none,true,100,ca,542,sample,49.3568,6,
run6-tbt-10s,1,regionale,10,none,true,100,ca,545,sample,49.3568,6,
run6-tbt-10s,1,regionale,10,none,true,100,ca,547,sample,49.3568,6,
run6-tbt-10s,1,regionale,10,none,true,100,ca,550,sample,49.3568,6,
run6-tbt-10s,1,regionale,10,none,true,100,ca,552,sample,49.3568,6,
run6-tbt-10s,1,regionale,10,none,true,100,ca,555,sample,49.3568,6,
run6-tbt-10s,1,regionale,10,none,true,100,ca,559,sample,49.3568,6,
run6-tbt-10s,1,regionale,10,none,true,100,ca,561,sample,49.3568,6,
run6-tbt-10s,1,regionale,10,none,true,100,ca,564,sample,49.3568,6,
run6-tbt-10s,1,regionale,10,none,true,100,ca,567,sample,49.3568,6,
run6-tbt-10s,1,regionale,10,none,true,100,ca,569,sample,49.3568,6,
run6-tbt-10s,1,regionale,10,none,true,100,ca,571,sample,49.3568,6,
run6-tbt-10s,1,regionale,10,none,true,100,ca,574,sample,49.3568,6,
run6-tbt-10s,1,regionale,10,none,true,100,ca,576,sample,49.3568,6,
run6-tbt-10s,1,regionale,10,none,true,100,ca,578,sample,49.3568,6,
run6-tbt-10s,1,regionale,10,none,true,100,ca,581,sample,49.3568,6,
run6-tbt-10s,1,regionale,10,none,true,100,ca,584,sample,49.3568,6,
run6-tbt-10s,1,regionale,10,none,true,100,ca,587,sample,49.3568,6,
run6-tbt-10s,1,regionale,10,none,true,100,ca,590,sample,49.3568,6,
run6-tbt-10s,1,regionale,10,none,true,100,ca,592,sample,49.3568,6,
run6-tbt-10s,1,regionale,10,none,true,100,ca,595,sample,49.3568,6,
run6-tbt-10s,1,regionale,10,none,true,100,ca,599,sample,49.3568,6,
run6-tbt-10s,1,regionale,10,none,true,100,m1,34,reconcile_after,4.4709,1,46.9477
run6-tbt-10s,1,regionale,10,none,true,100,m1,34,reconcile_before,51.4186,1,46.9477
run6-tbt-10s,1,regionale,10,none,true,100,m1,34,sample,4.4259,1,
run6-tbt-10s,1,regionale,10,none,true,100,m1,36,sample,104.4259,1,
run6-tbt-10s,1,regionale,10,none,true,100,m1,39,sample,104.5925,1,
run6-tbt-10s,1,regionale,10,none,true,100,m1,43,sample,104.5925,1,
run6-tbt-10s,1,regionale,10,none,true,100,m1,46,sample,104.5925,1,
run6-tbt-10s,1,regionale,10,none,true,100,m1,49,sample,105.2053,1,
run6-tbt-10s,1,regionale,10,none,true,100,m1,52,sample,105.2053,1,
run6-tbt-10s,1,regionale,10,none,true,100,m1,55,sample,105.4837,1,
run6-tbt-10s,1,regionale,10,none,true,100,m1,57,sample,105.4837,1,
run6-tbt-10s,1,regionale,10,none,true,100,m1,61,sample,105.9855,1,
run6-tbt-10s,1,regionale,10,none,true,100,m1,64,sample,106.3757,1,
run6-tbt-10s,1,regionale,10,none,true,100,m1,67,sample,106.7659,1,
run6-tbt-10s,1,regionale,10,none,true,100,m1,70,sample,106.7659,1,
run6-tbt-10s,1,regionale,10,none,true,100,m1,72,sample,106.7659,1,
run6-tbt-10s,1,regionale,10,none,true,100,m1,76,sample,106.7659,1,
run6-tbt-10s,1,regionale,10,none,true,100,m1,78,sample,107.2121,1,
run6-tbt-10s,1,regionale,10,none,true,100,m1,82,sample,107.8811,1,
run6-tbt-10s,1,regionale,10,none,true,100,m1,85,sample,108.2715,1,
run6-tbt-10s,1,regionale,10,none,true,100,m1,87,sample,108.3831,1,
run6-tbt-10s,1,regionale,10,none,true,100,m1,91,sample,108.3831,1,
run6-tbt-10s,1,regionale,10,none,true,100,m1,94,sample,108.3831,1,
run6-tbt-10s,1,regionale,10,none,true,100,m1,96,sample,108.3831,1,
run6-tbt-10s,1,regionale,10,none,true,100,m1,100,reconcile_after,7.3192,2,101.0639
run6-tbt-10s,1,regionale,10,none,true,100,m1,100,reconcile_before,108.3831,2,101.0639
run6-tbt-10s,1,regionale,10,none,true,100,m1,100,sample,108.3831,2,
run6-tbt-10s,1,regionale,10,none,true,100,m1,103,sample,7.0968,2,
run6-tbt-10s,1,regionale,10,none,true,100,m1,106,sample,106.9908,2,
run6-tbt-10s,1,regionale,10,none,true,100,m1,109,sample,106.9908,2,
run6-tbt-10s,1,regionale,10,none,true,100,m1,112,sample,106.9908,2,
run6-tbt-10s,1,regionale,10,none,true,100,m1,114,sample,106.9908,2,
run6-tbt-10s,1,regionale,10,none,true,100,m1,118,sample,107.439,2,
run6-tbt-10s,1,regionale,10,none,true,100,m1,121,sample,107.775,2,
run6-tbt-10s,1,regionale,10,none,true,100,m1,123,sample,108.1112,2,
run6-tbt-10s,1,regionale,10,none,true,100,m1,126,sample,108.6158,2,
run6-tbt-10s,1,regionale,10,none,true,100,m1,130,sample,108.6158,2,
run6-tbt-10s,1,regionale,10,none,true,100,m1,133,sample,108.6158,2,
run6-tbt-10s,1,regionale,10,none,true,100,m1,135,sample,108.6158,2,
run6-tbt-10s,1,regionale,10,none,true,100,m1,138,sample,108.6158,2,
run6-tbt-10s,1,regionale,10,none,true,100,m1,142,sample,108.6158,2,
run6-tbt-10s,1,regionale,10,none,true,100,m1,145,sample,108.6158,2,
run6-tbt-10s,1,regionale,10,none,true,100,m1,148,sample,108.6158,2,
run6-tbt-10s,1,regionale,10,none,true,100,m1,151,sample,108.6158,2,
run6-tbt-10s,1,regionale,10,none,true,100,m1,153,sample,109.1202,2,
run6-tbt-10s,1,regionale,10,none,true,100,m1,155,sample,109.513,2,
run6-tbt-10s,1,regionale,10,none,true,100,m1,159,sample,109.9056,2,
run6-tbt-10s,1,regionale,10,none,true,100,m1,161,sample,110.2984,2,
run6-tbt-10s,1,regionale,10,none,true,100,m1,163,sample,110.579,2,
run6-tbt-10s,1,regionale,10,none,true,100,m1,166,sample,111.364,2,
run6-tbt-10s,1,regionale,10,none,true,100,m1,168,sample,111.8122,2,
run6-tbt-10s,1,regionale,10,none,true,100,m1,171,sample,112.316,2,
run6-tbt-10s,1,regionale,10,none,true,100,m1,174,sample,112.7082,2,
run6-tbt-10s,1,regionale,10,none,true,100,m1,178,sample,113.4374,2,
run6-tbt-10s,1,regionale,10,none,true,100,m1,181,sample,113.9422,2,
run6-tbt-10s,1,regionale,10,none,true,100,m1,184,sample,113.1864,2,
run6-tbt-10s,1,regionale,10,none,true,100,m1,187,sample,113.4104,2,
run6-tbt-10s,1,regionale,10,none,true,100,m1,189,sample,113.7466,2,
run6-tbt-10s,1,regionale,10,none,true,100,m1,192,sample,114.4196,2,
run6-tbt-10s,1,regionale,10,none,true,100,m1,195,sample,114.8684,2,
run6-tbt-10s,1,regionale,10,none,true,100,m1,197,sample,115.5418,2,
run6-tbt-10s,1,regionale,10,none,true,100,m1,200,reconcile_after,7.6883,3,108.0777
run6-tbt-10s,1,regionale,10,none,true,100,m1,200,reconcile_before,115.766,3,108.0777
run6-tbt-10s,1,regionale,10,none,true,100,m1,200,sample,115.766,3,
run6-tbt-10s,1,regionale,10,none,true,100,m1,202,sample,9.3987,3,
run6-tbt-10s,1,regionale,10,none,true,100,m1,206,sample,110.1535,3,
run6-tbt-10s,1,regionale,10,none,true,100,m1,208,sample,110.2657,3,
run6-tbt-10s,1,regionale,10,none,true,100,m1,211,sample,110.5463,3,
run6-tbt-10s,1,regionale,10,none,true,100,m1,214,sample,111.0511,3,
run6-tbt-10s,1,regionale,10,none,true,100,m1,218,sample,111.5559,3,
run6-tbt-10s,1,regionale,10,none,true,100,m1,221,sample,112.0609,3,
run6-tbt-10s,1,regionale,10,none,true,100,m1,223,sample,112.7341,3,
run6-tbt-10s,1,regionale,10,none,true,100,m1,227,sample,113.2385,3,
run6-tbt-10s,1,regionale,10,none,true,100,m1,230,sample,113.6877,3,
run6-tbt-10s,1,regionale,10,none,true,100,m1,233,sample,114.2491,3,
run6-tbt-10s,1,regionale,10,none,true,100,m1,236,sample,114.4175,3,
run6-tbt-10s,1,regionale,10,none,true,100,m1,239,sample,114.7539,3,
run6-tbt-10s,1,regionale,10,none,true,100,m1,241,sample,115.0905,3,
run6-tbt-10s,1,regionale,10,none,true,100,m1,244,sample,115.7637,3,
run6-tbt-10s,1,regionale,10,none,true,100,m1,246,sample,114.7271,3,
run6-tbt-10s,1,regionale,10,none,true,100,m1,250,sample,116.8307,3,
run6-tbt-10s,1,regionale,10,none,true,100,m1,254,sample,117.5039,3,
run6-tbt-10s,1,regionale,10,none,true,100,m1,256,sample,117.5039,3,
run6-tbt-10s,1,regionale,10,none,true,100,m1,259,sample,117.8969,3,
run6-tbt-10s,1,regionale,10,none,true,100,m1,261,sample,117.8969,3,
run6-tbt-10s,1,regionale,10,none,true,100,m1,264,sample,118.1775,3,
run6-tbt-10s,1,regionale,10,none,true,100,m1,267,sample,118.5703,3,
run6-tbt-10s,1,regionale,10,none,true,100,m1,270,sample,119.3561,3,
run6-tbt-10s,1,regionale,10,none,true,100,m1,272,sample,119.8615,3,
run6-tbt-10s,1,regionale,10,none,true,100,m1,275,sample,120.3105,3,
run6-tbt-10s,1,regionale,10,none,true,100,m1,277,sample,120.4791,3,
run6-tbt-10s,1,regionale,10,none,true,100,m1,280,sample,120.9845,3,
run6-tbt-10s,1,regionale,10,none,true,100,m1,282,sample,121.7707,3,
run6-tbt-10s,1,regionale,10,none,true,100,m1,287,sample,122.1069,3,
run6-tbt-10s,1,regionale,10,none,true,100,m1,290,sample,123.7045,3,
run6-tbt-10s,1,regionale,10,none,true,100,m1,292,sample,124.0413,3,
run6-tbt-10s,1,regionale,10,none,true,100,m1,294,sample,124.2661,3,
run6-tbt-10s,1,regionale,10,none,true,100,m1,297,sample,125.0519,3,
run6-tbt-10s,1,regionale,10,none,true,100,m1,300,reconcile_after,8.1863,4,117.5396
run6-tbt-10s,1,regionale,10,none,true,100,m1,300,reconcile_before,125.7259,4,117.5396
run6-tbt-10s,1,regionale,10,none,true,100,m1,300,sample,125.7259,4,
run6-tbt-10s,1,regionale,10,none,true,100,m1,302,sample,8.5011,4,
run6-tbt-10s,1,regionale,10,none,true,100,m1,305,sample,109.1635,4,
run6-tbt-10s,1,regionale,10,none,true,100,m1,308,sample,109.9935,4,
run6-tbt-10s,1,regionale,10,none,true,100,m1,311,sample,110.6107,4,
run6-tbt-10s,1,regionale,10,none,true,100,m1,314,sample,111.3409,4,
run6-tbt-10s,1,regionale,10,none,true,100,m1,316,sample,111.4531,4,
run6-tbt-10s,1,regionale,10,none,true,100,m1,319,sample,111.4531,4,
run6-tbt-10s,1,regionale,10,none,true,100,m1,322,sample,111.9017,4,
run6-tbt-10s,1,regionale,10,none,true,100,m1,324,sample,112.0701,4,
run6-tbt-10s,1,regionale,10,none,true,100,m1,327,sample,111.0919,4,
run6-tbt-10s,1,regionale,10,none,true,100,m1,331,sample,113.0245,4,
run6-tbt-10s,1,regionale,10,none,true,100,m1,333,sample,113.3055,4,
run6-tbt-10s,1,regionale,10,none,true,100,m1,335,sample,113.8109,4,
run6-tbt-10s,1,regionale,10,none,true,100,m1,339,sample,114.4843,4,
run6-tbt-10s,1,regionale,10,none,true,100,m1,342,sample,115.0457,4,
run6-tbt-10s,1,regionale,10,none,true,100,m1,344,sample,115.2141,4,
run6-tbt-10s,1,regionale,10,none,true,100,m1,347,sample,116.0005,4,
run6-tbt-10s,1,regionale,10,none,true,100,m1,350,sample,116.2249,4,
run6-tbt-10s,1,regionale,10,none,true,100,m1,353,sample,116.9549,4,
run6-tbt-10s,1,regionale,10,none,true,100,m1,357,sample,117.6289,4,
run6-tbt-10s,1,regionale,10,none,true,100,m1,360,sample,118.1907,4,
run6-tbt-10s,1,regionale,10,none,true,100,m1,362,sample,118.5841,4,
run6-tbt-10s,1,regionale,10,none,true,100,m1,365,sample,119.0897,4,
run6-tbt-10s,1,regionale,10,none,true,100,m1,368,sample,119.4821,4,
run6-tbt-10s,1,regionale,10,none,true,100,m1,370,sample,120.0993,4,
run6-tbt-10s,1,regionale,10,none,true,100,m1,373,sample,120.7729,4,
run6-tbt-10s,1,regionale,10,none,true,100,m1,375,sample,120.7729,4,
run6-tbt-10s,1,regionale,10,none,true,100,m1,378,sample,120.9977,4,
run6-tbt-10s,1,regionale,10,none,true,100,m1,381,sample,121.7279,4,
run6-tbt-10s,1,regionale,10,none,true,100,m1,385,sample,122.0649,4,
run6-tbt-10s,1,regionale,10,none,true,100,m1,387,sample,122.5705,4,
run6-tbt-10s,1,regionale,10,none,true,100,m1,390,sample,121.8165,4,
run6-tbt-10s,1,regionale,10,none,true,100,m1,394,sample,123.8619,4,
run6-tbt-10s,1,regionale,10,none,true,100,m1,397,sample,124.4795,4,
run6-tbt-10s,1,regionale,10,none,true,100,m1,399,sample,124.4795,4,
run6-tbt-10s,1,regionale,10,none,true,100,m1,400,reconcile_after,8.124,5,116.3555
run6-tbt-10s,1,regionale,10,none,true,100,m1,400,reconcile_before,124.4795,5,116.3555
run6-tbt-10s,1,regionale,10,none,true,100,m1,401,sample,8.3596,5,
run6-tbt-10s,1,regionale,10,none,true,100,m1,404,sample,109.2594,5,
run6-tbt-10s,1,regionale,10,none,true,100,m1,407,sample,109.6882,5,
run6-tbt-10s,1,regionale,10,none,true,100,m1,409,sample,109.6882,5,
run6-tbt-10s,1,regionale,10,none,true,100,m1,411,sample,110.1934,5,
run6-tbt-10s,1,regionale,10,none,true,100,m1,414,sample,110.9236,5,
run6-tbt-10s,1,regionale,10,none,true,100,m1,416,sample,111.2044,5,
run6-tbt-10s,1,regionale,10,none,true,100,m1,419,sample,112.046,5,
run6-tbt-10s,1,regionale,10,none,true,100,m1,422,sample,112.4388,5,
run6-tbt-10s,1,regionale,10,none,true,100,m1,424,sample,112.4388,5,
run6-tbt-10s,1,regionale,10,none,true,100,m1,428,sample,113.0008,5,
run6-tbt-10s,1,regionale,10,none,true,100,m1,430,sample,113.0008,5,
run6-tbt-10s,1,regionale,10,none,true,100,m1,433,sample,113.5062,5,
run6-tbt-10s,1,regionale,10,none,true,100,m1,435,sample,113.5062,5,
run6-tbt-10s,1,regionale,10,none,true,100,m1,438,sample,113.787,5,
run6-tbt-10s,1,regionale,10,none,true,100,m1,440,sample,113.899,5,
run6-tbt-10s,1,regionale,10,none,true,100,m1,443,sample,114.5166,5,
run6-tbt-10s,1,regionale,10,none,true,100,m1,445,sample,114.91,5,
run6-tbt-10s,1,regionale,10,none,true,100,m1,448,sample,115.5838,5,
run6-tbt-10s,1,regionale,10,none,true,100,m1,451,sample,116.1452,5,
run6-tbt-10s,1,regionale,10,none,true,100,m1,453,sample,116.3134,5,
run6-tbt-10s,1,regionale,10,none,true,100,m1,456,sample,116.6504,5,
run6-tbt-10s,1,regionale,10,none,true,100,m1,458,sample,117.0432,5,
run6-tbt-10s,1,regionale,10,none,true,100,m1,460,sample,117.5488,5,
run6-tbt-10s,1,regionale,10,none,true,100,m1,463,sample,116.7954,5,
run6-tbt-10s,1,regionale,10,none,true,100,m1,466,sample,118.8406,5,
run6-tbt-10s,1,regionale,10,none,true,100,m1,468,sample,118.8406,5,
run6-tbt-10s,1,regionale,10,none,true,100,m1,471,sample,119.682,5,
run6-tbt-10s,1,regionale,10,none,true,100,m1,474,sample,120.2994,5,
run6-tbt-10s,1,regionale,10,none,true,100,m1,476,sample,120.5798,5,
run6-tbt-10s,1,regionale,10,none,true,100,m1,479,sample,120.917,5,
run6-tbt-10s,1,regionale,10,none,true,100,m1,482,sample,121.1978,5,
run6-tbt-10s,1,regionale,10,none,true,100,m1,485,sample,121.7594,5,
run6-tbt-10s,1,regionale,10,none,true,100,m1,488,sample,122.0402,5,
run6-tbt-10s,1,regionale,10,none,true,100,m1,491,sample,122.4328,5,
run6-tbt-10s,1,regionale,10,none,true,100,m1,494,sample,123.2742,5,
run6-tbt-10s,1,regionale,10,none,true,100,m1,496,sample,123.6114,5,
run6-tbt-10s,1,regionale,10,none,true,100,m1,499,sample,124.173,5,
run6-tbt-10s,1,regionale,10,none,true,100,m1,500,reconcile_after,8.1199,6,116.2777
run6-tbt-10s,1,regionale,10,none,true,100,m1,500,reconcile_before,124.3976,6,116.2777
run6-tbt-10s,1,regionale,10,none,true,100,m1,502,sample,8.1871,6,
run6-tbt-10s,1,regionale,10,none,true,100,m1,504,sample,108.5019,6,
run6-tbt-10s,1,regionale,10,none,true,100,m1,507,sample,109.5001,6,
run6-tbt-10s,1,regionale,10,none,true,100,m1,509,sample,109.9495,6,
run6-tbt-10s,1,regionale,10,none,true,100,m1,511,sample,110.5109,6,
run6-tbt-10s,1,regionale,10,none,true,100,m1,514,sample,111.4099,6,
run6-tbt-10s,1,regionale,10,none,true,100,m1,517,sample,111.9153,6,
run6-tbt-10s,1,regionale,10,none,true,100,m1,519,sample,112.5331,6,
run6-tbt-10s,1,regionale,10,none,true,100,m1,523,sample,111.6655,6,
run6-tbt-10s,1,regionale,10,none,true,100,m1,526,sample,113.6551,6,
run6-tbt-10s,1,regionale,10,none,true,100,m1,529,sample,114.0477,6,
run6-tbt-10s,1,regionale,10,none,true,100,m1,531,sample,114.6657,6,
run6-tbt-10s,1,regionale,10,none,true,100,m1,533,sample,115.0591,6,
run6-tbt-10s,1,regionale,10,none,true,100,m1,536,sample,115.6205,6,
run6-tbt-10s,1,regionale,10,none,true,100,m1,539,sample,115.8451,6,
run6-tbt-10s,1,regionale,10,none,true,100,m1,542,sample,116.3509,6,
run6-tbt-10s,1,regionale,10,none,true,100,m1,545,sample,116.8561,6,
run6-tbt-10s,1,regionale,10,none,true,100,m1,547,sample,117.3613,6,
run6-tbt-10s,1,regionale,10,none,true,100,m1,550,sample,118.0355,6,
run6-tbt-10s,1,regionale,10,none,true,100,m1,552,sample,118.7649,6,
run6-tbt-10s,1,regionale,10,none,true,100,m1,555,sample,119.1019,6,
run6-tbt-10s,1,regionale,10,none,true,100,m1,559,sample,119.4953,6,
run6-tbt-10s,1,regionale,10,none,true,100,m1,561,sample,119.6637,6,
run6-tbt-10s,1,regionale,10,none,true,100,m1,564,sample,120.3373,6,
run6-tbt-10s,1,regionale,10,none,true,100,m1,567,sample,121.1233,6,
run6-tbt-10s,1,regionale,10,none,true,100,m1,569,sample,121.5721,6,
run6-tbt-10s,1,regionale,10,none,true,100,m1,571,sample,122.1337,6,
run6-tbt-10s,1,regionale,10,none,true,100,m1,574,sample,122.6953,6,
run6-tbt-10s,1,regionale,10,none,true,100,m1,576,sample,123.0321,6,
run6-tbt-10s,1,regionale,10,none,true,100,m1,578,sample,123.6499,6,
run6-tbt-10s,1,regionale,10,none,true,100,m1,581,sample,124.2679,6,
run6-tbt-10s,1,regionale,10,none,true,100,m1,584,sample,124.5489,6,
run6-tbt-10s,1,regionale,10,none,true,100,m1,587,sample,125.2225,6,
run6-tbt-10s,1,regionale,10,none,true,100,m1,590,sample,125.6721,6,
run6-tbt-10s,1,regionale,10,none,true,100,m1,592,sample,126.1213,6,
run6-tbt-10s,1,regionale,10,none,true,100,m1,595,sample,126.8511,6,
run6-tbt-10s,1,regionale,10,none,true,100,m1,599,sample,127.5249,6,
run6-tbt-10s,1,regionale,10,none,true,100,m1,600,reconcile_after,8.2847,7,119.4088
run6-tbt-10s,1,regionale,10,none,true,100,m1,600,reconcile_before,127.6935,7,119.4088
run6-tbt-10s,1,regionale,10,none,true,100,m1,602,sample,8.3519,7,
run6-tbt-10s,1,regionale,10,none,true,100,m2,34,reconcile_after,21.1557,1,28.7335
run6-tbt-10s,1,regionale,10,none,true,100,m2,34,reconcile_before,49.8892,1,28.7335
run6-tbt-10s,1,regionale,10,none,true,100,m2,34,sample,21.1107,1,
run6-tbt-10s,1,regionale,10,none,true,100,m2,36,sample,21.1107,1,
run6-tbt-10s,1,regionale,10,none,true,100,m2,39,sample,21.1107,1,
run6-tbt-10s,1,regionale,10,none,true,100,m2,43,sample,21.3887,1,
run6-tbt-10s,1,regionale,10,none,true,100,m2,46,sample,22.0007,1,
run6-tbt-10s,1,regionale,10,none,true,100,m2,49,sample,22.0007,1,
run6-tbt-10s,1,regionale,10,none,true,100,m2,52,sample,22.0007,1,
run6-tbt-10s,1,regionale,10,none,true,100,m2,55,sample,22.0007,1,
run6-tbt-10s,1,regionale,10,none,true,100,m2,57,sample,22.0007,1,
run6-tbt-10s,1,regionale,10,none,true,100,m2,61,sample,22.2797,1,
run6-tbt-10s,1,regionale,10,none,true,100,m2,64,sample,22.2797,1,
run6-tbt-10s,1,regionale,10,none,true,100,m2,67,sample,22.2797,1,
run6-tbt-10s,1,regionale,10,none,true,100,m2,70,sample,22.2797,1,
run6-tbt-10s,1,regionale,10,none,true,100,m2,72,sample,22.2797,1,
run6-tbt-10s,1,regionale,10,none,true,100,m2,76,sample,22.2797,1,
run6-tbt-10s,1,regionale,10,none,true,100,m2,78,sample,22.2797,1,
run6-tbt-10s,1,regionale,10,none,true,100,m2,82,sample,22.2797,1,
run6-tbt-10s,1,regionale,10,none,true,100,m2,85,sample,22.2797,1,
run6-tbt-10s,1,regionale,10,none,true,100,m2,87,sample,22.2797,1,
run6-tbt-10s,1,regionale,10,none,true,100,m2,91,sample,22.8371,1,
run6-tbt-10s,1,regionale,10,none,true,100,m2,94,sample,22.8371,1,
run6-tbt-10s,1,regionale,10,none,true,100,m2,96,sample,22.8371,1,
run6-tbt-10s,1,regionale,10,none,true,100,m2,100,reconcile_after,10.424,2,12.6359
run6-tbt-10s,1,regionale,10,none,true,100,m2,100,reconcile_before,23.0599,2,12.6359
run6-tbt-10s,1,regionale,10,none,true,100,m2,100,sample,23.0599,2,
run6-tbt-10s,1,regionale,10,none,true,100,m2,103,sample,10.9716,2,
run6-tbt-10s,1,regionale,10,none,true,100,m2,106,sample,111.4032,2,
run6-tbt-10s,1,regionale,10,none,true,100,m2,109,sample,111.4032,2,
run6-tbt-10s,1,regionale,10,none,true,100,m2,112,sample,111.683,2,
run6-tbt-10s,1,regionale,10,none,true,100,m2,114,sample,111.683,2,
run6-tbt-10s,1,regionale,10,none,true,100,m2,118,sample,111.683,2,
run6-tbt-10s,1,regionale,10,none,true,100,m2,121,sample,111.683,2,
run6-tbt-10s,1,regionale,10,none,true,100,m2,123,sample,111.683,2,
run6-tbt-10s,1,regionale,10,none,true,100,m2,126,sample,111.683,2,
run6-tbt-10s,1,regionale,10,none,true,100,m2,130,sample,111.683,2,
run6-tbt-10s,1,regionale,10,none,true,100,m2,133,sample,111.9632,2,
run6-tbt-10s,1,regionale,10,none,true,100,m2,135,sample,112.1874,2,
run6-tbt-10s,1,regionale,10,none,true,100,m2,138,sample,112.4114,2,
run6-tbt-10s,1,regionale,10,none,true,100,m2,142,sample,112.7472,2,
run6-tbt-10s,1,regionale,10,none,true,100,m2,145,sample,113.1954,2,
run6-tbt-10s,1,regionale,10,none,true,100,m2,148,sample,113.1954,2,
run6-tbt-10s,1,regionale,10,none,true,100,m2,151,sample,113.3072,2,
run6-tbt-10s,1,regionale,10,none,true,100,m2,153,sample,113.3072,2,
run6-tbt-10s,1,regionale,10,none,true,100,m2,155,sample,113.3072,2,
run6-tbt-10s,1,regionale,10,none,true,100,m2,159,sample,113.3072,2,
run6-tbt-10s,1,regionale,10,none,true,100,m2,161,sample,113.3072,2,
run6-tbt-10s,1,regionale,10,none,true,100,m2,163,sample,113.5312,2,
run6-tbt-10s,1,regionale,10,none,true,100,m2,166,sample,113.5312,2,
run6-tbt-10s,1,regionale,10,none,true,100,m2,168,sample,113.7552,2,
run6-tbt-10s,1,regionale,10,none,true,100,m2,171,sample,113.7552,2,
run6-tbt-10s,1,regionale,10,none,true,100,m2,174,sample,114.091,2,
run6-tbt-10s,1,regionale,10,none,true,100,m2,178,sample,114.091,2,
run6-tbt-10s,1,regionale,10,none,true,100,m2,181,sample,114.091,2,
run6-tbt-10s,1,regionale,10,none,true,100,m2,184,sample,114.091,2,
run6-tbt-10s,1,regionale,10,none,true,100,m2,187,sample,116.136,2,
run6-tbt-10s,1,regionale,10,none,true,100,m2,189,sample,115.912,2,
run6-tbt-10s,1,regionale,10,none,true,100,m2,192,sample,115.912,2,
run6-tbt-10s,1,regionale,10,none,true,100,m2,195,sample,116.1922,2,
run6-tbt-10s,1,regionale,10,none,true,100,m2,197,sample,116.1922,2,
run6-tbt-10s,1,regionale,10,none,true,100,m2,200,reconcile_after,47.7666,3,68.65
run6-tbt-10s,1,regionale,10,none,true,100,m2,200,reconcile_before,116.4166,3,68.65
run6-tbt-10s,1,regionale,10,none,true,100,m2,200,sample,116.4166,3,
run6-tbt-10s,1,regionale,10,none,true,100,m2,202,sample,47.7214,3,
run6-tbt-10s,1,regionale,10,none,true,100,m2,206,sample,47.5858,3,
run6-tbt-10s,1,regionale,10,none,true,100,m2,208,sample,48.1842,3,
run6-tbt-10s,1,regionale,10,none,true,100,m2,211,sample,48.5768,3,
run6-tbt-10s,1,regionale,10,none,true,100,m2,214,sample,48.5768,3,
run6-tbt-10s,1,regionale,10,none,true,100,m2,218,sample,48.5768,3,
run6-tbt-10s,1,regionale,10,none,true,100,m2,221,sample,48.5768,3,
run6-tbt-10s,1,regionale,10,none,true,100,m2,223,sample,48.5768,3,
run6-tbt-10s,1,regionale,10,none,true,100,m2,227,sample,48.5768,3,
run6-tbt-10s,1,regionale,10,none,true,100,m2,230,sample,48.8576,3,
run6-tbt-10s,1,regionale,10,none,true,100,m2,233,sample,48.8576,3,
run6-tbt-10s,1,regionale,10,none,true,100,m2,236,sample,49.082,3,
run6-tbt-10s,1,regionale,10,none,true,100,m2,239,sample,49.082,3,
run6-tbt-10s,1,regionale,10,none,true,100,m2,241,sample,49.082,3,
run6-tbt-10s,1,regionale,10,none,true,100,m2,244,sample,49.082,3,
run6-tbt-10s,1,regionale,10,none,true,100,m2,246,sample,49.3066,3,
run6-tbt-10s,1,regionale,10,none,true,100,m2,250,sample,49.3066,3,
run6-tbt-10s,1,regionale,10,none,true,100,m2,254,sample,49.3066,3,
run6-tbt-10s,1,regionale,10,none,true,100,m2,256,sample,49.756,3,
run6-tbt-10s,1,regionale,10,none,true,100,m2,259,sample,49.9246,3,
run6-tbt-10s,1,regionale,10,none,true,100,m2,261,sample,50.4294,3,
run6-tbt-10s,1,regionale,10,none,true,100,m2,264,sample,50.7662,3,
run6-tbt-10s,1,regionale,10,none,true,100,m2,267,sample,50.7662,3,
run6-tbt-10s,1,regionale,10,none,true,100,m2,270,sample,50.7662,3,
run6-tbt-10s,1,regionale,10,none,true,100,m2,272,sample,50.7662,3,
run6-tbt-10s,1,regionale,10,none,true,100,m2,275,sample,51.0468,3,
run6-tbt-10s,1,regionale,10,none,true,100,m2,277,sample,51.0468,3,
run6-tbt-10s,1,regionale,10,none,true,100,m2,280,sample,51.3276,3,
run6-tbt-10s,1,regionale,10,none,true,100,m2,282,sample,51.3276,3,
run6-tbt-10s,1,regionale,10,none,true,100,m2,287,sample,51.496,3,
run6-tbt-10s,1,regionale,10,none,true,100,m2,290,sample,50.3474,3,
run6-tbt-10s,1,regionale,10,none,true,100,m2,292,sample,50.572,3,
run6-tbt-10s,1,regionale,10,none,true,100,m2,294,sample,50.7964,3,
run6-tbt-10s,1,regionale,10,none,true,100,m2,297,sample,50.7964,3,
run6-tbt-10s,1,regionale,10,none,true,100,m2,300,reconcile_after,21.5186,4,29.2778
run6-tbt-10s,1,regionale,10,none,true,100,m2,300,reconcile_before,50.7964,4,29.2778
run6-tbt-10s,1,regionale,10,none,true,100,m2,300,sample,50.7964,4,
run6-tbt-10s,1,regionale,10,none,true,100,m2,302,sample,21.7536,4,
run6-tbt-10s,1,regionale,10,none,true,100,m2,305,sample,21.677,4,
run6-tbt-10s,1,regionale,10,none,true,100,m2,308,sample,21.677,4,
run6-tbt-10s,1,regionale,10,none,true,100,m2,311,sample,21.677,4,
run6-tbt-10s,1,regionale,10,none,true,100,m2,314,sample,21.677,4,
run6-tbt-10s,1,regionale,10,none,true,100,m2,316,sample,21.9578,4,
run6-tbt-10s,1,regionale,10,none,true,100,m2,319,sample,22.6316,4,
run6-tbt-10s,1,regionale,10,none,true,100,m2,322,sample,22.9124,4,
run6-tbt-10s,1,regionale,10,none,true,100,m2,324,sample,22.9124,4,
run6-tbt-10s,1,regionale,10,none,true,100,m2,327,sample,23.193,4,
run6-tbt-10s,1,regionale,10,none,true,100,m2,331,sample,23.193,4,
run6-tbt-10s,1,regionale,10,none,true,100,m2,333,sample,23.193,4,
run6-tbt-10s,1,regionale,10,none,true,100,m2,335,sample,23.4738,4,
run6-tbt-10s,1,regionale,10,none,true,100,m2,339,sample,23.4738,4,
run6-tbt-10s,1,regionale,10,none,true,100,m2,342,sample,23.4738,4,
run6-tbt-10s,1,regionale,10,none,true,100,m2,344,sample,23.6986,4,
run6-tbt-10s,1,regionale,10,none,true,100,m2,347,sample,23.6986,4,
run6-tbt-10s,1,regionale,10,none,true,100,m2,350,sample,24.0354,4,
run6-tbt-10s,1,regionale,10,none,true,100,m2,353,sample,24.0354,4,
run6-tbt-10s,1,regionale,10,none,true,100,m2,357,sample,24.0354,4,
run6-tbt-10s,1,regionale,10,none,true,100,m2,360,sample,24.0354,4,
run6-tbt-10s,1,regionale,10,none,true,100,m2,362,sample,24.0354,4,
run6-tbt-10s,1,regionale,10,none,true,100,m2,365,sample,24.0354,4,
run6-tbt-10s,1,regionale,10,none,true,100,m2,368,sample,24.3158,4,
run6-tbt-10s,1,regionale,10,none,true,100,m2,370,sample,24.3158,4,
run6-tbt-10s,1,regionale,10,none,true,100,m2,373,sample,24.3158,4,
run6-tbt-10s,1,regionale,10,none,true,100,m2,375,sample,24.653,4,
run6-tbt-10s,1,regionale,10,none,true,100,m2,378,sample,24.9902,4,
run6-tbt-10s,1,regionale,10,none,true,100,m2,381,sample,24.9902,4,
run6-tbt-10s,1,regionale,10,none,true,100,m2,385,sample,24.9902,4,
run6-tbt-10s,1,regionale,10,none,true,100,m2,387,sample,24.9902,4,
run6-tbt-10s,1,regionale,10,none,true,100,m2,390,sample,24.9902,4,
run6-tbt-10s,1,regionale,10,none,true,100,m2,394,sample,25.1024,4,
run6-tbt-10s,1,regionale,10,none,true,100,m2,397,sample,25.1024,4,
run6-tbt-10s,1,regionale,10,none,true,100,m2,399,sample,25.2708,4,
run6-tbt-10s,1,regionale,10,none,true,100,m2,400,reconcile_after,11.3083,5,13.9625
run6-tbt-10s,1,regionale,10,none,true,100,m2,400,reconcile_before,25.2708,5,13.9625
run6-tbt-10s,1,regionale,10,none,true,100,m2,401,sample,11.2631,5,
run6-tbt-10s,1,regionale,10,none,true,100,m2,404,sample,111.2631,5,
run6-tbt-10s,1,regionale,10,none,true,100,m2,407,sample,111.1865,5,
run6-tbt-10s,1,regionale,10,none,true,100,m2,409,sample,111.4111,5,
run6-tbt-10s,1,regionale,10,none,true,100,m2,411,sample,111.4111,5,
run6-tbt-10s,1,regionale,10,none,true,100,m2,414,sample,111.4111,5,
run6-tbt-10s,1,regionale,10,none,true,100,m2,416,sample,111.5235,5,
run6-tbt-10s,1,regionale,10,none,true,100,m2,419,sample,111.5235,5,
run6-tbt-10s,1,regionale,10,none,true,100,m2,422,sample,111.8045,5,
run6-tbt-10s,1,regionale,10,none,true,100,m2,424,sample,112.1415,5,
run6-tbt-10s,1,regionale,10,none,true,100,m2,428,sample,112.4785,5,
run6-tbt-10s,1,regionale,10,none,true,100,m2,430,sample,112.9273,5,
run6-tbt-10s,1,regionale,10,none,true,100,m2,433,sample,112.9273,5,
run6-tbt-10s,1,regionale,10,none,true,100,m2,435,sample,113.4317,5,
run6-tbt-10s,1,regionale,10,none,true,100,m2,438,sample,113.8807,5,
run6-tbt-10s,1,regionale,10,none,true,100,m2,440,sample,114.1055,5,
run6-tbt-10s,1,regionale,10,none,true,100,m2,443,sample,114.1055,5,
run6-tbt-10s,1,regionale,10,none,true,100,m2,445,sample,114.1055,5,
run6-tbt-10s,1,regionale,10,none,true,100,m2,448,sample,114.1055,5,
run6-tbt-10s,1,regionale,10,none,true,100,m2,451,sample,114.1055,5,
run6-tbt-10s,1,regionale,10,none,true,100,m2,453,sample,114.4427,5,
run6-tbt-10s,1,regionale,10,none,true,100,m2,456,sample,114.4427,5,
run6-tbt-10s,1,regionale,10,none,true,100,m2,458,sample,114.4427,5,
run6-tbt-10s,1,regionale,10,none,true,100,m2,460,sample,114.4427,5,
run6-tbt-10s,1,regionale,10,none,true,100,m2,463,sample,114.4427,5,
run6-tbt-10s,1,regionale,10,none,true,100,m2,466,sample,114.4427,5,
run6-tbt-10s,1,regionale,10,none,true,100,m2,468,sample,114.8919,5,
run6-tbt-10s,1,regionale,10,none,true,100,m2,471,sample,114.8919,5,
run6-tbt-10s,1,regionale,10,none,true,100,m2,474,sample,114.8919,5,
run6-tbt-10s,1,regionale,10,none,true,100,m2,476,sample,115.0605,5,
run6-tbt-10s,1,regionale,10,none,true,100,m2,479,sample,115.4533,5,
run6-tbt-10s,1,regionale,10,none,true,100,m2,482,sample,115.4533,5,
run6-tbt-10s,1,regionale,10,none,true,100,m2,485,sample,115.4533,5,
run6-tbt-10s,1,regionale,10,none,true,100,m2,488,sample,115.9027,5,
run6-tbt-10s,1,regionale,10,none,true,100,m2,491,sample,115.9027,5,
run6-tbt-10s,1,regionale,10,none,true,100,m2,494,sample,115.9027,5,
run6-tbt-10s,1,regionale,10,none,true,100,m2,496,sample,116.0149,5,
run6-tbt-10s,1,regionale,10,none,true,100,m2,499,sample,116.0149,5,
run6-tbt-10s,1,regionale,10,none,true,100,m2,500,reconcile_after,47.606,6,68.4089
run6-tbt-10s,1,regionale,10,none,true,100,m2,500,reconcile_before,116.0149,6,68.4089
run6-tbt-10s,1,regionale,10,none,true,100,m2,502,sample,48.6562,6,
run6-tbt-10s,1,regionale,10,none,true,100,m2,504,sample,48.881,6,
run6-tbt-10s,1,regionale,10,none,true,100,m2,507,sample,48.775,6,
run6-tbt-10s,1,regionale,10,none,true,100,m2,509,sample,48.775,6,
run6-tbt-10s,1,regionale,10,none,true,100,m2,511,sample,48.775,6,
run6-tbt-10s,1,regionale,10,none,true,100,m2,514,sample,48.775,6,
run6-tbt-10s,1,regionale,10,none,true,100,m2,517,sample,48.775,6,
run6-tbt-10s,1,regionale,10,none,true,100,m2,519,sample,48.775,6,
run6-tbt-10s,1,regionale,10,none,true,100,m2,523,sample,48.9998,6,
run6-tbt-10s,1,regionale,10,none,true,100,m2,526,sample,48.9998,6,
run6-tbt-10s,1,regionale,10,none,true,100,m2,529,sample,48.9998,6,
run6-tbt-10s,1,regionale,10,none,true,100,m2,531,sample,48.9998,6,
run6-tbt-10s,1,regionale,10,none,true,100,m2,533,sample,48.9998,6,
run6-tbt-10s,1,regionale,10,none,true,100,m2,536,sample,49.1684,6,
run6-tbt-10s,1,regionale,10,none,true,100,m2,539,sample,49.6176,6,
run6-tbt-10s,1,regionale,10,none,true,100,m2,542,sample,49.8424,6,
run6-tbt-10s,1,regionale,10,none,true,100,m2,545,sample,49.8424,6,
run6-tbt-10s,1,regionale,10,none,true,100,m2,547,sample,49.8424,6,
run6-tbt-10s,1,regionale,10,none,true,100,m2,550,sample,49.8424,6,
run6-tbt-10s,1,regionale,10,none,true,100,m2,552,sample,49.8424,6,
run6-tbt-10s,1,regionale,10,none,true,100,m2,555,sample,50.0668,6,
run6-tbt-10s,1,regionale,10,none,true,100,m2,559,sample,48.9756,6,
run6-tbt-10s,1,regionale,10,none,true,100,m2,561,sample,50.6278,6,
run6-tbt-10s,1,regionale,10,none,true,100,m2,564,sample,50.6278,6,
run6-tbt-10s,1,regionale,10,none,true,100,m2,567,sample,50.6278,6,
run6-tbt-10s,1,regionale,10,none,true,100,m2,569,sample,50.6278,6,
run6-tbt-10s,1,regionale,10,none,true,100,m2,571,sample,50.6278,6,
run6-tbt-10s,1,regionale,10,none,true,100,m2,574,sample,50.8526,6,
run6-tbt-10s,1,regionale,10,none,true,100,m2,576,sample,51.3578,6,
run6-tbt-10s,1,regionale,10,none,true,100,m2,578,sample,51.021,6,
run6-tbt-10s,1,regionale,10,none,true,100,m2,581,sample,51.021,6,
run6-tbt-10s,1,regionale,10,none,true,100,m2,584,sample,51.358,6,
run6-tbt-10s,1,regionale,10,none,true,100,m2,587,sample,51.358,6,
run6-tbt-10s,1,regionale,10,none,true,100,m2,590,sample,51.5266,6,
run6-tbt-10s,1,regionale,10,none,true,100,m2,592,sample,51.5266,6,
run6-tbt-10s,1,regionale,10,none,true,100,m2,595,sample,51.5266,6,
run6-tbt-10s,1,regionale,10,none,true,100,m2,599,sample,51.5266,6,
run6-tbt-10s,1,regionale,10,none,true,100,m2,600,reconcile_after,21.8106,7,29.716
run6-tbt-10s,1,regionale,10,none,true,100,m2,600,reconcile_before,51.5266,7,29.716
run6-tbt-10s,1,regionale,10,none,true,100,m3,34,reconcile_after,40.3114,1,9.5778
run6-tbt-10s,1,regionale,10,none,true,100,m3,34,reconcile_before,49.8892,1,9.5778
run6-tbt-10s,1,regionale,10,none,true,100,m3,34,sample,40.2662,1,
run6-tbt-10s,1,regionale,10,none,true,100,m3,36,sample,40.2662,1,
run6-tbt-10s,1,regionale,10,none,true,100,m3,39,sample,40.5472,1,
run6-tbt-10s,1,regionale,10,none,true,100,m3,43,sample,41.0472,1,
run6-tbt-10s,1,regionale,10,none,true,100,m3,46,sample,41.0472,1,
run6-tbt-10s,1,regionale,10,none,true,100,m3,49,sample,41.0472,1,
run6-tbt-10s,1,regionale,10,none,true,100,m3,52,sample,41.604,1,
run6-tbt-10s,1,regionale,10,none,true,100,m3,55,sample,41.9388,1,
run6-tbt-10s,1,regionale,10,none,true,100,m3,57,sample,42.4404,1,
run6-tbt-10s,1,regionale,10,none,true,100,m3,61,sample,42.4404,1,
run6-tbt-10s,1,regionale,10,none,true,100,m3,64,sample,42.4404,1,
run6-tbt-10s,1,regionale,10,none,true,100,m3,67,sample,42.4404,1,
run6-tbt-10s,1,regionale,10,none,true,100,m3,70,sample,42.4404,1,
run6-tbt-10s,1,regionale,10,none,true,100,m3,72,sample,42.775,1,
run6-tbt-10s,1,regionale,10,none,true,100,m3,76,sample,43.5556,1,
run6-tbt-10s,1,regionale,10,none,true,100,m3,78,sample,43.5556,1,
run6-tbt-10s,1,regionale,10,none,true,100,m3,82,sample,43.6672,1,
run6-tbt-10s,1,regionale,10,none,true,100,m3,85,sample,43.6672,1,
run6-tbt-10s,1,regionale,10,none,true,100,m3,87,sample,43.6672,1,
run6-tbt-10s,1,regionale,10,none,true,100,m3,91,sample,43.6672,1,
run6-tbt-10s,1,regionale,10,none,true,100,m3,94,sample,43.6672,1,
run6-tbt-10s,1,regionale,10,none,true,100,m3,96,sample,44.0568,1,
run6-tbt-10s,1,regionale,10,none,true,100,m3,100,reconcile_after,35.6454,2,8.4114
run6-tbt-10s,1,regionale,10,none,true,100,m3,100,reconcile_before,44.0568,2,8.4114
run6-tbt-10s,1,regionale,10,none,true,100,m3,100,sample,44.0568,2,
run6-tbt-10s,1,regionale,10,none,true,100,m3,103,sample,35.6002,2,
run6-tbt-10s,1,regionale,10,none,true,100,m3,106,sample,35.7742,2,
run6-tbt-10s,1,regionale,10,none,true,100,m3,109,sample,35.8862,2,
run6-tbt-10s,1,regionale,10,none,true,100,m3,112,sample,36.222,2,
run6-tbt-10s,1,regionale,10,none,true,100,m3,114,sample,36.5576,2,
run6-tbt-10s,1,regionale,10,none,true,100,m3,118,sample,37.0618,2,
run6-tbt-10s,1,regionale,10,none,true,100,m3,121,sample,37.23,2,
run6-tbt-10s,1,regionale,10,none,true,100,m3,123,sample,37.51,2,
run6-tbt-10s,1,regionale,10,none,true,100,m3,126,sample,37.51,2,
run6-tbt-10s,1,regionale,10,none,true,100,m3,130,sample,38.2382,2,
run6-tbt-10s,1,regionale,10,none,true,100,m3,133,sample,38.5744,2,
run6-tbt-10s,1,regionale,10,none,true,100,m3,135,sample,38.7986,2,
run6-tbt-10s,1,regionale,10,none,true,100,m3,138,sample,38.7986,2,
run6-tbt-10s,1,regionale,10,none,true,100,m3,142,sample,39.2464,2,
run6-tbt-10s,1,regionale,10,none,true,100,m3,145,sample,39.2464,2,
run6-tbt-10s,1,regionale,10,none,true,100,m3,148,sample,39.2464,2,
run6-tbt-10s,1,regionale,10,none,true,100,m3,151,sample,39.2464,2,
run6-tbt-10s,1,regionale,10,none,true,100,m3,153,sample,39.2464,2,
run6-tbt-10s,1,regionale,10,none,true,100,m3,155,sample,39.2464,2,
run6-tbt-10s,1,regionale,10,none,true,100,m3,159,sample,39.7506,2,
run6-tbt-10s,1,regionale,10,none,true,100,m3,161,sample,39.7506,2,
run6-tbt-10s,1,regionale,10,none,true,100,m3,163,sample,39.7506,2,
run6-tbt-10s,1,regionale,10,none,true,100,m3,166,sample,39.7506,2,
run6-tbt-10s,1,regionale,10,none,true,100,m3,168,sample,39.7506,2,
run6-tbt-10s,1,regionale,10,none,true,100,m3,171,sample,39.7506,2,
run6-tbt-10s,1,regionale,10,none,true,100,m3,174,sample,39.7506,2,
run6-tbt-10s,1,regionale,10,none,true,100,m3,178,sample,39.7506,2,
run6-tbt-10s,1,regionale,10,none,true,100,m3,181,sample,39.7506,2,
run6-tbt-10s,1,regionale,10,none,true,100,m3,184,sample,39.7506,2,
run6-tbt-10s,1,regionale,10,none,true,100,m3,187,sample,39.7506,2,
run6-tbt-10s,1,regionale,10,none,true,100,m3,189,sample,39.7506,2,
run6-tbt-10s,1,regionale,10,none,true,100,m3,192,sample,39.7506,2,
run6-tbt-10s,1,regionale,10,none,true,100,m3,195,sample,39.7506,2,
run6-tbt-10s,1,regionale,10,none,true,100,m3,197,sample,39.7506,2,
run6-tbt-10s,1,regionale,10,none,true,100,m3,200,reconcile_after,32.2005,3,7.5501
run6-tbt-10s,1,regionale,10,none,true,100,m3,200,reconcile_before,39.7506,3,7.5501
run6-tbt-10s,1,regionale,10,none,true,100,m3,200,sample,39.7506,3,
run6-tbt-10s,1,regionale,10,none,true,100,m3,202,sample,31.1517,3,
run6-tbt-10s,1,regionale,10,none,true,100,m3,206,sample,31.0459,3,
run6-tbt-10s,1,regionale,10,none,true,100,m3,208,sample,31.0459,3,
run6-tbt-10s,1,regionale,10,none,true,100,m3,211,sample,31.0459,3,
run6-tbt-10s,1,regionale,10,none,true,100,m3,214,sample,31.2141,3,
run6-tbt-10s,1,regionale,10,none,true,100,m3,218,sample,31.3263,3,
run6-tbt-10s,1,regionale,10,none,true,100,m3,221,sample,31.4385,3,
run6-tbt-10s,1,regionale,10,none,true,100,m3,223,sample,31.4385,3,
run6-tbt-10s,1,regionale,10,none,true,100,m3,227,sample,31.4385,3,
run6-tbt-10s,1,regionale,10,none,true,100,m3,230,sample,31.4385,3,
run6-tbt-10s,1,regionale,10,none,true,100,m3,233,sample,31.4385,3,
run6-tbt-10s,1,regionale,10,none,true,100,m3,236,sample,31.7193,3,
run6-tbt-10s,1,regionale,10,none,true,100,m3,239,sample,32.1119,3,
run6-tbt-10s,1,regionale,10,none,true,100,m3,241,sample,32.1119,3,
run6-tbt-10s,1,regionale,10,none,true,100,m3,244,sample,32.1119,3,
run6-tbt-10s,1,regionale,10,none,true,100,m3,246,sample,32.1119,3,
run6-tbt-10s,1,regionale,10,none,true,100,m3,250,sample,32.1119,3,
run6-tbt-10s,1,regionale,10,none,true,100,m3,254,sample,32.1119,3,
run6-tbt-10s,1,regionale,10,none,true,100,m3,256,sample,32.1119,3,
run6-tbt-10s,1,regionale,10,none,true,100,m3,259,sample,32.1119,3,
run6-tbt-10s,1,regionale,10,none,true,100,m3,261,sample,32.1119,3,
run6-tbt-10s,1,regionale,10,none,true,100,m3,264,sample,32.1119,3,
run6-tbt-10s,1,regionale,10,none,true,100,m3,267,sample,32.3929,3,
run6-tbt-10s,1,regionale,10,none,true,100,m3,270,sample,32.3929,3,
run6-tbt-10s,1,regionale,10,none,true,100,m3,272,sample,32.3929,3,
run6-tbt-10s,1,regionale,10,none,true,100,m3,275,sample,32.3929,3,
run6-tbt-10s,1,regionale,10,none,true,100,m3,277,sample,32.6175,3,
run6-tbt-10s,1,regionale,10,none,true,100,m3,280,sample,32.6175,3,
run6-tbt-10s,1,regionale,10,none,true,100,m3,282,sample,32.6175,3,
run6-tbt-10s,1,regionale,10,none,true,100,m3,287,sample,32.6175,3,
run6-tbt-10s,1,regionale,10,none,true,100,m3,290,sample,32.6175,3,
run6-tbt-10s,1,regionale,10,none,true,100,m3,292,sample,32.6175,3,
run6-tbt-10s,1,regionale,10,none,true,100,m3,294,sample,32.6175,3,
run6-tbt-10s,1,regionale,10,none,true,100,m3,297,sample,32.6175,3,
run6-tbt-10s,1,regionale,10,none,true,100,m3,300,reconcile_after,26.494,4,6.1235
run6-tbt-10s,1,regionale,10,none,true,100,m3,300,reconcile_before,32.6175,4,6.1235
run6-tbt-10s,1,regionale,10,none,true,100,m3,300,sample,32.6175,4,
run6-tbt-10s,1,regionale,10,none,true,100,m3,302,sample,26.449,4,
run6-tbt-10s,1,regionale,10,none,true,100,m3,305,sample,26.3134,4,
run6-tbt-10s,1,regionale,10,none,true,100,m3,308,sample,26.3134,4,
run6-tbt-10s,1,regionale,10,none,true,100,m3,311,sample,26.3134,4,
run6-tbt-10s,1,regionale,10,none,true,100,m3,314,sample,26.3134,4,
run6-tbt-10s,1,regionale,10,none,true,100,m3,316,sample,26.482,4,
run6-tbt-10s,1,regionale,10,none,true,100,m3,319,sample,26.482,4,
run6-tbt-10s,1,regionale,10,none,true,100,m3,322,sample,26.482,4,
run6-tbt-10s,1,regionale,10,none,true,100,m3,324,sample,26.5944,4,
run6-tbt-10s,1,regionale,10,none,true,100,m3,327,sample,26.5944,4,
run6-tbt-10s,1,regionale,10,none,true,100,m3,331,sample,26.819,4,
run6-tbt-10s,1,regionale,10,none,true,100,m3,333,sample,26.9312,4,
run6-tbt-10s,1,regionale,10,none,true,100,m3,335,sample,26.9312,4,
run6-tbt-10s,1,regionale,10,none,true,100,m3,339,sample,26.9312,4,
run6-tbt-10s,1,regionale,10,none,true,100,m3,342,sample,26.9312,4,
run6-tbt-10s,1,regionale,10,none,true,100,m3,344,sample,26.9312,4,
run6-tbt-10s,1,regionale,10,none,true,100,m3,347,sample,26.9312,4,
run6-tbt-10s,1,regionale,10,none,true,100,m3,350,sample,26.9312,4,
run6-tbt-10s,1,regionale,10,none,true,100,m3,353,sample,26.9312,4,
run6-tbt-10s,1,regionale,10,none,true,100,m3,357,sample,26.9312,4,
run6-tbt-10s,1,regionale,10,none,true,100,m3,360,sample,26.9312,4,
run6-tbt-10s,1,regionale,10,none,true,100,m3,362,sample,26.9312,4,
run6-tbt-10s,1,regionale,10,none,true,100,m3,365,sample,27.0998,4,
run6-tbt-10s,1,regionale,10,none,true,100,m3,368,sample,27.0998,4,
run6-tbt-10s,1,regionale,10,none,true,100,m3,370,sample,27.0998,4,
run6-tbt-10s,1,regionale,10,none,true,100,m3,373,sample,27.0998,4,
run6-tbt-10s,1,regionale,10,none,true,100,m3,375,sample,27.2122,4,
run6-tbt-10s,1,regionale,10,none,true,100,m3,378,sample,27.2122,4,
run6-tbt-10s,1,regionale,10,none,true,100,m3,381,sample,27.2122,4,
run6-tbt-10s,1,regionale,10,none,true,100,m3,385,sample,27.5492,4,
run6-tbt-10s,1,regionale,10,none,true,100,m3,387,sample,27.5492,4,
run6-tbt-10s,1,regionale,10,none,true,100,m3,390,sample,27.5492,4,
run6-tbt-10s,1,regionale,10,none,true,100,m3,394,sample,27.5492,4,
run6-tbt-10s,1,regionale,10,none,true,100,m3,397,sample,27.5492,4,
run6-tbt-10s,1,regionale,10,none,true,100,m3,399,sample,27.7736,4,
run6-tbt-10s,1,regionale,10,none,true,100,m3,400,reconcile_after,22.8435,5,5.2109
run6-tbt-10s,1,regionale,10,none,true,100,m3,400,reconcile_before,28.0544,5,5.2109
run6-tbt-10s,1,regionale,10,none,true,100,m3,401,sample,22.7983,5,
run6-tbt-10s,1,regionale,10,none,true,100,m3,404,sample,22.7983,5,
run6-tbt-10s,1,regionale,10,none,true,100,m3,407,sample,23.1761,5,
run6-tbt-10s,1,regionale,10,none,true,100,m3,409,sample,23.5131,5,
run6-tbt-10s,1,regionale,10,none,true,100,m3,411,sample,23.5131,5,
run6-tbt-10s,1,regionale,10,none,true,100,m3,414,sample,23.5131,5,
run6-tbt-10s,1,regionale,10,none,true,100,m3,416,sample,23.5131,5,
run6-tbt-10s,1,regionale,10,none,true,100,m3,419,sample,23.5131,5,
run6-tbt-10s,1,regionale,10,none,true,100,m3,422,sample,23.5131,5,
run6-tbt-10s,1,regionale,10,none,true,100,m3,424,sample,23.5131,5,
run6-tbt-10s,1,regionale,10,none,true,100,m3,428,sample,23.5131,5,
run6-tbt-10s,1,regionale,10,none,true,100,m3,430,sample,23.5131,5,
run6-tbt-10s,1,regionale,10,none,true,100,m3,433,sample,23.7375,5,
run6-tbt-10s,1,regionale,10,none,true,100,m3,435,sample,23.7375,5,
run6-tbt-10s,1,regionale,10,none,true,100,m3,438,sample,23.7375,5,
run6-tbt-10s,1,regionale,10,none,true,100,m3,440,sample,23.7375,5,
run6-tbt-10s,1,regionale,10,none,true,100,m3,443,sample,23.7375,5,
run6-tbt-10s,1,regionale,10,none,true,100,m3,445,sample,24.0745,5,
run6-tbt-10s,1,regionale,10,none,true,100,m3,448,sample,24.0745,5,
run6-tbt-10s,1,regionale,10,none,true,100,m3,451,sample,24.0745,5,
run6-tbt-10s,1,regionale,10,none,true,100,m3,453,sample,24.0745,5,
run6-tbt-10s,1,regionale,10,none,true,100,m3,456,sample,24.7483,5,
run6-tbt-10s,1,regionale,10,none,true,100,m3,458,sample,24.7483,5,
run6-tbt-10s,1,regionale,10,none,true,100,m3,460,sample,24.7483,5,
run6-tbt-10s,1,regionale,10,none,true,100,m3,463,sample,24.7483,5,
run6-tbt-10s,1,regionale,10,none,true,100,m3,466,sample,24.7483,5,
run6-tbt-10s,1,regionale,10,none,true,100,m3,468,sample,24.7483,5,
run6-tbt-10s,1,regionale,10,none,true,100,m3,471,sample,24.7483,5,
run6-tbt-10s,1,regionale,10,none,true,100,m3,474,sample,24.7483,5,
run6-tbt-10s,1,regionale,10,none,true,100,m3,476,sample,24.7483,5,
run6-tbt-10s,1,regionale,10,none,true,100,m3,479,sample,24.7483,5,
run6-tbt-10s,1,regionale,10,none,true,100,m3,482,sample,25.1413,5,
run6-tbt-10s,1,regionale,10,none,true,100,m3,485,sample,25.1413,5,
run6-tbt-10s,1,regionale,10,none,true,100,m3,488,sample,25.1413,5,
run6-tbt-10s,1,regionale,10,none,true,100,m3,491,sample,25.1413,5,
run6-tbt-10s,1,regionale,10,none,true,100,m3,494,sample,25.1413,5,
run6-tbt-10s,1,regionale,10,none,true,100,m3,496,sample,25.1413,5,
run6-tbt-10s,1,regionale,10,none,true,100,m3,499,sample,25.1413,5,
run6-tbt-10s,1,regionale,10,none,true,100,m3,500,reconcile_after,20.513,6,4.6283
run6-tbt-10s,1,regionale,10,none,true,100,m3,500,reconcile_before,25.1413,6,4.6283
run6-tbt-10s,1,regionale,10,none,true,100,m3,502,sample,19.7886,6,
run6-tbt-10s,1,regionale,10,none,true,100,m3,504,sample,119.7886,6,
run6-tbt-10s,1,regionale,10,none,true,100,m3,507,sample,119.6824,6,
run6-tbt-10s,1,regionale,10,none,true,100,m3,509,sample,119.6824,6,
run6-tbt-10s,1,regionale,10,none,true,100,m3,511,sample,119.6824,6,
run6-tbt-10s,1,regionale,10,none,true,100,m3,514,sample,119.6824,6,
run6-tbt-10s,1,regionale,10,none,true,100,m3,517,sample,119.6824,6,
run6-tbt-10s,1,regionale,10,none,true,100,m3,519,sample,119.6824,6,
run6-tbt-10s,1,regionale,10,none,true,100,m3,523,sample,119.6824,6,
run6-tbt-10s,1,regionale,10,none,true,100,m3,526,sample,119.6824,6,
run6-tbt-10s,1,regionale,10,none,true,100,m3,529,sample,119.7946,6,
run6-tbt-10s,1,regionale,10,none,true,100,m3,531,sample,119.7946,6,
run6-tbt-10s,1,regionale,10,none,true,100,m3,533,sample,119.7946,6,
run6-tbt-10s,1,regionale,10,none,true,100,m3,536,sample,119.7946,6,
run6-tbt-10s,1,regionale,10,none,true,100,m3,539,sample,119.7946,6,
run6-tbt-10s,1,regionale,10,none,true,100,m3,542,sample,119.7946,6,
run6-tbt-10s,1,regionale,10,none,true,100,m3,545,sample,119.7946,6,
run6-tbt-10s,1,regionale,10,none,true,100,m3,547,sample,119.7946,6,
run6-tbt-10s,1,regionale,10,none,true,100,m3,550,sample,119.7946,6,
run6-tbt-10s,1,regionale,10,none,true,100,m3,552,sample,119.7946,6,
run6-tbt-10s,1,regionale,10,none,true,100,m3,555,sample,119.7946,6,
run6-tbt-10s,1,regionale,10,none,true,100,m3,559,sample,119.7946,6,
run6-tbt-10s,1,regionale,10,none,true,100,m3,561,sample,119.7946,6,
run6-tbt-10s,1,regionale,10,none,true,100,m3,564,sample,119.7946,6,
run6-tbt-10s,1,regionale,10,none,true,100,m3,567,sample,119.7946,6,
run6-tbt-10s,1,regionale,10,none,true,100,m3,569,sample,119.7946,6,
run6-tbt-10s,1,regionale,10,none,true,100,m3,571,sample,119.7946,6,
run6-tbt-10s,1,regionale,10,none,true,100,m3,574,sample,119.7946,6,
run6-tbt-10s,1,regionale,10,none,true,100,m3,576,sample,119.7946,6,
run6-tbt-10s,1,regionale,10,none,true,100,m3,578,sample,119.7946,6,
run6-tbt-10s,1,regionale,10,none,true,100,m3,581,sample,119.7946,6,
run6-tbt-10s,1,regionale,10,none,true,100,m3,584,sample,119.7946,6,
run6-tbt-10s,1,regionale,10,none,true,100,m3,587,sample,119.7946,6,
run6-tbt-10s,1,regionale,10,none,true,100,m3,590,sample,119.7946,6,
run6-tbt-10s,1,regionale,10,none,true,100,m3,592,sample,119.7946,6,
run6-tbt-10s,1,regionale,10,none,true,100,m3,595,sample,119.7946,6,
run6-tbt-10s,1,regionale,10,none,true,100,m3,599,sample,119.7946,6,
run6-tbt-10s,1,regionale,10,none,true,100,m3,600,reconcile_after,96.2357,7,23.5589
run6-tbt-10s,1,regionale,10,none,true,100,m3,600,reconcile_before,119.7946,7,23.5589
