tip_height,round_height,host,window,mean_spacing_s,tblock_s,phi_s,phi_bound_s,log_timestamp,n_occurrences,source_file,source_line
63,64,admin,12,10.250,10.000,-0.250,5.000,2000-01-01 00:10:41,2,run/data/admin/debug.log,544
63,64,m1,12,10.250,10.000,-0.250,5.000,2000-01-01 00:10:32,3,run/data/m1/debug.log,461
63,64,m2,12,10.250,10.000,-0.250,5.000,2000-01-01 00:10:30,3,run/data/m2/debug.log,459
63,64,m3,12,10.250,10.000,-0.250,5.000,2000-01-01 00:10:31,3,run/data/m3/debug.log,471
64,65,admin,12,9.750,10.000,+0.250,5.000,2000-01-01 00:10:51,2,run/data/admin/debug.log,558
64,65,m1,12,9.750,10.000,+0.250,5.000,2000-01-01 00:10:40,3,run/data/m1/debug.log,493
64,65,m2,12,9.750,10.000,+0.250,5.000,2000-01-01 00:10:41,3,run/data/m2/debug.log,474
64,65,m3,12,9.750,10.000,+0.250,5.000,2000-01-01 00:10:41,3,run/data/m3/debug.log,486
65,66,admin,12,10.250,10.000,-0.250,5.000,2000-01-01 00:10:59,2,run/data/admin/debug.log,573
65,66,m1,12,10.250,10.000,-0.250,5.000,2000-01-01 00:10:50,3,run/data/m1/debug.log,511
65,66,m2,12,10.250,10.000,-0.250,5.000,2000-01-01 00:10:51,3,run/data/m2/debug.log,494
65,66,m3,12,10.250,10.000,-0.250,5.000,2000-01-01 00:10:51,3,run/data/m3/debug.log,501
66,67,admin,12,10.000,10.000,+0.000,5.000,2000-01-01 00:11:10,2,run/data/admin/debug.log,587
66,67,m1,12,10.000,10.000,+0.000,5.000,2000-01-01 00:10:58,3,run/data/m1/debug.log,883
66,67,m2,12,10.000,10.000,+0.000,5.000,2000-01-01 00:10:59,3,run/data/m2/debug.log,509
66,67,m3,12,10.000,10.000,+0.000,5.000,2000-01-01 00:10:59,3,run/data/m3/debug.log,520
67,68,admin,12,9.917,10.000,+0.083,5.000,2000-01-01 00:11:24,5,run/data/admin/debug.log,601
67,68,m1,12,9.917,10.000,+0.083,5.000,2000-01-01 00:11:10,6,run/data/m1/debug.log,915
67,68,m2,12,9.917,10.000,+0.083,5.000,2000-01-01 00:11:11,6,run/data/m2/debug.log,524
67,68,m3,12,9.917,10.000,+0.083,5.000,2000-01-01 00:11:11,6,run/data/m3/debug.log,535
68,69,admin,12,10.500,10.000,-0.500,5.000,2000-01-01 00:11:36,2,run/data/admin/debug.log,631
68,69,m1,12,10.500,10.000,-0.500,5.000,2000-01-01 00:11:23,3,run/data/m1/debug.log,1194
68,69,m2,12,10.500,10.000,-0.500,5.000,2000-01-01 00:11:24,3,run/data/m2/debug.log,555
68,69,m3,12,10.500,10.000,-0.500,5.000,2000-01-01 00:11:23,3,run/data/m3/debug.log,690
69,70,admin,12,10.333,10.000,-0.333,5.000,2000-01-01 00:11:47,2,run/data/admin/debug.log,649
69,70,m1,12,10.333,10.000,-0.333,5.000,2000-01-01 00:11:35,3,run/data/m1/debug.log,1374
69,70,m2,12,10.333,10.000,-0.333,5.000,2000-01-01 00:11:36,3,run/data/m2/debug.log,574
69,70,m3,12,10.333,10.000,-0.333,5.000,2000-01-01 00:11:36,3,run/data/m3/debug.log,725
70,71,admin,12,10.333,10.000,-0.333,5.000,2000-01-01 00:11:57,2,run/data/admin/debug.log,663
70,71,m1,12,10.333,10.000,-0.333,5.000,2000-01-01 00:11:46,3,run/data/m1/debug.log,1447
70,71,m2,12,10.333,10.000,-0.333,5.000,2000-01-01 00:11:47,3,run/data/m2/debug.log,589
70,71,m3,12,10.333,10.000,-0.333,5.000,2000-01-01 00:11:47,3,run/data/m3/debug.log,740
71,72,admin,12,10.333,10.000,-0.333,5.000,2000-01-01 00:12:05,2,run/data/admin/debug.log,680
71,72,m1,12,10.333,10.000,-0.333,5.000,2000-01-01 00:11:56,3,run/data/m1/debug.log,1673
71,72,m2,12,10.333,10.000,-0.333,5.000,2000-01-01 00:11:57,3,run/data/m2/debug.log,604
71,72,m3,12,10.333,10.000,-0.333,5.000,2000-01-01 00:11:58,3,run/data/m3/debug.log,755
72,73,admin,12,10.583,10.000,-0.583,5.000,2000-01-01 00:12:16,2,run/data/admin/debug.log,694
72,73,m1,12,10.583,10.000,-0.583,5.000,2000-01-01 00:12:05,3,run/data/m1/debug.log,1719
72,73,m2,12,10.583,10.000,-0.583,5.000,2000-01-01 00:12:06,3,run/data/m2/debug.log,619
72,73,m3,12,10.583,10.000,-0.583,5.000,2000-01-01 00:12:06,3,run/data/m3/debug.log,770
73,74,admin,12,10.167,10.000,-0.167,5.000,2000-01-01 00:12:32,5,run/data/admin/debug.log,710
73,74,m1,12,10.167,10.000,-0.167,5.000,2000-01-01 00:12:17,6,run/data/m1/debug.log,1735
73,74,m2,12,10.167,10.000,-0.167,5.000,2000-01-01 00:12:16,6,run/data/m2/debug.log,1447
73,74,m3,12,10.167,10.000,-0.167,5.000,2000-01-01 00:12:17,6,run/data/m3/debug.log,786
74,75,admin,12,10.750,10.000,-0.750,5.000,2000-01-01 00:12:40,2,run/data/admin/debug.log,740
74,75,m1,12,10.833,10.000,-0.833,5.000,2000-01-01 00:12:32,3,run/data/m1/debug.log,1910
74,75,m2,12,10.750,10.000,-0.750,5.000,2000-01-01 00:12:31,3,run/data/m2/debug.log,2031
74,75,m3,12,10.750,10.000,-0.750,5.000,2000-01-01 00:12:32,3,run/data/m3/debug.log,820
75,76,admin,12,10.750,10.000,-0.750,5.000,2000-01-01 00:12:49,2,run/data/admin/debug.log,754
75,76,m1,12,10.750,10.000,-0.750,5.000,2000-01-01 00:12:40,3,run/data/m1/debug.log,1945
75,76,m2,12,10.750,10.000,-0.750,5.000,2000-01-01 00:12:39,3,run/data/m2/debug.log,2430
75,76,m3,12,10.750,10.000,-0.750,5.000,2000-01-01 00:12:40,3,run/data/m3/debug.log,835
76,77,admin,12,10.750,10.000,-0.750,5.000,2000-01-01 00:13:02,2,run/data/admin/debug.log,768
76,77,m1,12,10.750,10.000,-0.750,5.000,2000-01-01 00:12:49,3,run/data/m1/debug.log,2165
76,77,m2,12,10.750,10.000,-0.750,5.000,2000-01-01 00:12:50,3,run/data/m2/debug.log,2445
76,77,m3,12,10.750,10.000,-0.750,5.000,2000-01-01 00:12:50,3,run/data/m3/debug.log,850
77,78,admin,12,10.917,10.000,-0.917,5.000,2000-01-01 00:13:10,2,run/data/admin/debug.log,783
77,78,m1,12,10.917,10.000,-0.917,5.000,2000-01-01 00:13:01,3,run/data/m1/debug.log,2518
77,78,m2,12,10.917,10.000,-0.917,5.000,2000-01-01 00:13:02,3,run/data/m2/debug.log,2460
77,78,m3,12,10.917,10.000,-0.917,5.000,2000-01-01 00:13:02,3,run/data/m3/debug.log,865
78,79,admin,12,11.000,10.000,-1.000,5.000,2000-01-01 00:13:19,2,run/data/admin/debug.log,797
78,79,m1,12,11.000,10.000,-1.000,5.000,2000-01-01 00:13:10,3,run/data/m1/debug.log,2845
78,79,m2,12,11.000,10.000,-1.000,5.000,2000-01-01 00:13:11,3,run/data/m2/debug.log,2480
78,79,m3,12,11.000,10.000,-1.000,5.000,2000-01-01 00:13:11,3,run/data/m3/debug.log,885
79,80,admin,12,10.750,10.000,-0.750,5.000,2000-01-01 00:13:27,2,run/data/admin/debug.log,811
79,80,m1,12,10.750,10.000,-0.750,5.000,2000-01-01 00:13:19,3,run/data/m1/debug.log,3195
79,80,m2,12,10.750,10.000,-0.750,5.000,2000-01-01 00:13:20,3,run/data/m2/debug.log,2495
79,80,m3,12,10.750,10.000,-0.750,5.000,2000-01-01 00:13:19,3,run/data/m3/debug.log,900
80,81,admin,12,10.333,10.000,-0.333,5.000,2000-01-01 00:13:40,5,run/data/admin/debug.log,825
80,81,m1,12,10.333,10.000,-0.333,5.000,2000-01-01 00:13:27,6,run/data/m1/debug.log,3328
80,81,m2,12,10.333,10.000,-0.333,5.000,2000-01-01 00:13:28,6,run/data/m2/debug.log,2510
80,81,m3,12,10.333,10.000,-0.333,5.000,2000-01-01 00:13:27,6,run/data/m3/debug.log,915
81,82,admin,12,10.417,10.000,-0.417,5.000,2000-01-01 00:13:53,2,run/data/admin/debug.log,855
81,82,m1,12,10.417,10.000,-0.417,5.000,2000-01-01 00:13:40,3,run/data/m1/debug.log,3454
81,82,m2,12,10.417,10.000,-0.417,5.000,2000-01-01 00:13:40,3,run/data/m2/debug.log,2624
81,82,m3,12,10.417,10.000,-0.417,5.000,2000-01-01 00:13:40,3,run/data/m3/debug.log,946
82,83,admin,12,10.583,10.000,-0.583,5.000,2000-01-01 00:14:01,2,run/data/admin/debug.log,872
82,83,m1,12,10.583,10.000,-0.583,5.000,2000-01-01 00:13:54,3,run/data/m1/debug.log,3489
82,83,m2,12,10.583,10.000,-0.583,5.000,2000-01-01 00:13:53,3,run/data/m2/debug.log,2672
82,83,m3,12,10.583,10.000,-0.583,5.000,2000-01-01 00:13:54,3,run/data/m3/debug.log,961
83,84,admin,12,10.417,10.000,-0.417,5.000,2000-01-01 00:14:10,5,run/data/admin/debug.log,886
83,84,m1,12,10.417,10.000,-0.417,5.000,2000-01-01 00:14:02,6,run/data/m1/debug.log,3504
83,84,m2,12,10.417,10.000,-0.417,5.000,2000-01-01 00:14:01,6,run/data/m2/debug.log,3019
83,84,m3,12,10.417,10.000,-0.417,5.000,2000-01-01 00:14:01,6,run/data/m3/debug.log,976
84,85,admin,12,10.333,10.000,-0.333,5.000,2000-01-01 00:14:25,5,run/data/admin/debug.log,917
84,85,m1,12,10.333,10.000,-0.333,5.000,2000-01-01 00:14:09,6,run/data/m1/debug.log,3765
84,85,m2,12,10.333,10.000,-0.333,5.000,2000-01-01 00:14:09,6,run/data/m2/debug.log,3043
84,85,m3,12,10.333,10.000,-0.333,5.000,2000-01-01 00:14:10,6,run/data/m3/debug.log,1007
85,86,admin,12,10.750,10.000,-0.750,5.000,2000-01-01 00:14:38,2,run/data/admin/debug.log,947
85,86,m1,12,10.750,10.000,-0.750,5.000,2000-01-01 00:14:25,3,run/data/m1/debug.log,4217
85,86,m2,12,10.750,10.000,-0.750,5.000,2000-01-01 00:14:25,3,run/data/m2/debug.log,3115
85,86,m3,12,10.750,10.000,-0.750,5.000,2000-01-01 00:14:25,3,run/data/m3/debug.log,1039
86,87,admin,12,10.583,10.000,-0.583,5.000,2000-01-01 00:14:52,2,run/data/admin/debug.log,968
86,87,m1,12,10.583,10.000,-0.583,5.000,2000-01-01 00:14:38,3,run/data/m1/debug.log,4761
86,87,m2,12,10.583,10.000,-0.583,5.000,2000-01-01 00:14:39,3,run/data/m2/debug.log,3156
86,87,m3,12,10.583,10.000,-0.583,5.000,2000-01-01 00:14:39,3,run/data/m3/debug.log,1064
87,88,admin,12,11.000,10.000,-1.000,5.000,2000-01-01 00:15:03,2,run/data/admin/debug.log,982
87,88,m1,12,11.000,10.000,-1.000,5.000,2000-01-01 00:14:52,3,run/data/m1/debug.log,4776
87,88,m2,12,11.000,10.000,-1.000,5.000,2000-01-01 00:14:51,3,run/data/m2/debug.log,3283
87,88,m3,12,11.000,10.000,-1.000,5.000,2000-01-01 00:14:52,3,run/data/m3/debug.log,1079
88,89,admin,12,11.083,10.000,-1.083,5.000,2000-01-01 00:15:09,2,run/data/admin/debug.log,996
88,89,m1,12,11.083,10.000,-1.083,5.000,2000-01-01 00:15:02,3,run/data/m1/debug.log,5122
88,89,m2,12,11.083,10.000,-1.083,5.000,2000-01-01 00:15:03,3,run/data/m2/debug.log,3298
88,89,m3,12,11.083,10.000,-1.083,5.000,2000-01-01 00:15:03,3,run/data/m3/debug.log,1094
89,90,admin,12,10.667,10.000,-0.667,5.000,2000-01-01 00:15:21,2,run/data/admin/debug.log,1011
89,90,m1,12,10.667,10.000,-0.667,5.000,2000-01-01 00:15:09,3,run/data/m1/debug.log,5167
89,90,m2,12,10.667,10.000,-0.667,5.000,2000-01-01 00:15:10,3,run/data/m2/debug.log,3313
89,90,m3,12,10.667,10.000,-0.667,5.000,2000-01-01 00:15:09,3,run/data/m3/debug.log,1109
90,91,admin,12,10.917,10.000,-0.917,5.000,2000-01-01 00:15:28,2,run/data/admin/debug.log,1025
90,91,m1,12,10.917,10.000,-0.917,5.000,2000-01-01 00:15:21,3,run/data/m1/debug.log,5307
90,91,m2,12,10.917,10.000,-0.917,5.000,2000-01-01 00:15:22,3,run/data/m2/debug.log,3333
90,91,m3,12,10.917,10.000,-0.917,5.000,2000-01-01 00:15:22,3,run/data/m3/debug.log,1129
91,92,admin,12,10.750,10.000,-0.750,5.000,2000-01-01 00:15:37,2,run/data/admin/debug.log,1039
91,92,m1,12,10.750,10.000,-0.750,5.000,2000-01-01 00:15:28,3,run/data/m1/debug.log,5452
91,92,m2,12,10.750,10.000,-0.750,5.000,2000-01-01 00:15:29,3,run/data/m2/debug.log,3348
91,92,m3,12,10.750,10.000,-0.750,5.000,2000-01-01 00:15:28,3,run/data/m3/debug.log,1144
92,93,admin,12,10.750,10.000,-0.750,5.000,2000-01-01 00:15:48,2,run/data/admin/debug.log,1053
92,93,m1,12,10.750,10.000,-0.750,5.000,2000-01-01 00:15:38,3,run/data/m1/debug.log,5467
92,93,m2,12,10.750,10.000,-0.750,5.000,2000-01-01 00:15:36,3,run/data/m2/debug.log,3421
92,93,m3,12,10.750,10.000,-0.750,5.000,2000-01-01 00:15:37,3,run/data/m3/debug.log,1159
93,94,admin,12,10.583,10.000,-0.583,5.000,2000-01-01 00:16:01,2,run/data/admin/debug.log,1070
93,94,m1,12,10.583,10.000,-0.583,5.000,2000-01-01 00:15:47,3,run/data/m1/debug.log,5514
93,94,m2,12,10.583,10.000,-0.583,5.000,2000-01-01 00:15:48,3,run/data/m2/debug.log,3436
93,94,m3,12,10.583,10.000,-0.583,5.000,2000-01-01 00:15:48,3,run/data/m3/debug.log,1174
94,95,admin,12,10.667,10.000,-0.667,5.000,2000-01-01 00:16:10,2,run/data/admin/debug.log,1084
94,95,m1,12,10.667,10.000,-0.667,5.000,2000-01-01 00:16:01,3,run/data/m1/debug.log,5595
94,95,m2,12,10.667,10.000,-0.667,5.000,2000-01-01 00:16:02,3,run/data/m2/debug.log,3451
94,95,m3,12,10.667,10.000,-0.667,5.000,2000-01-01 00:16:01,3,run/data/m3/debug.log,1189
95,96,admin,12,10.667,10.000,-0.667,5.000,2000-01-01 00:16:22,5,run/data/admin/debug.log,1098
95,96,m1,12,10.667,10.000,-0.667,5.000,2000-01-01 00:16:09,6,run/data/m1/debug.log,5680
95,96,m2,12,10.667,10.000,-0.667,5.000,2000-01-01 00:16:10,6,run/data/m2/debug.log,3466
95,96,m3,12,10.667,10.000,-0.667,5.000,2000-01-01 00:16:10,6,run/data/m3/debug.log,1204
96,97,admin,12,11.000,10.000,-1.000,5.000,2000-01-01 00:16:33,2,run/data/admin/debug.log,1128
96,97,m1,12,11.083,10.000,-1.083,5.000,2000-01-01 00:16:22,3,run/data/m1/debug.log,5717
96,97,m2,12,11.000,10.000,-1.000,5.000,2000-01-01 00:16:21,3,run/data/m2/debug.log,3755
96,97,m3,12,11.000,10.000,-1.000,5.000,2000-01-01 00:16:22,3,run/data/m3/debug.log,1235
97,98,admin,12,10.583,10.000,-0.583,5.000,2000-01-01 00:16:44,2,run/data/admin/debug.log,1142
97,98,m1,12,10.583,10.000,-0.583,5.000,2000-01-01 00:16:34,3,run/data/m1/debug.log,5756
97,98,m2,12,10.583,10.000,-0.583,5.000,2000-01-01 00:16:32,3,run/data/m2/debug.log,4206
97,98,m3,12,10.583,10.000,-0.583,5.000,2000-01-01 00:16:33,3,run/data/m3/debug.log,1254
98,99,admin,12,10.500,10.000,-0.500,5.000,2000-01-01 00:16:56,5,run/data/admin/debug.log,1156
98,99,m1,12,10.500,10.000,-0.500,5.000,2000-01-01 00:16:44,6,run/data/m1/debug.log,6249
98,99,m2,12,10.500,10.000,-0.500,5.000,2000-01-01 00:16:45,6,run/data/m2/debug.log,4221
98,99,m3,12,10.500,10.000,-0.500,5.000,2000-01-01 00:16:44,6,run/data/m3/debug.log,1269
99,100,admin,12,10.417,10.000,-0.417,5.000,2000-01-01 00:17:02,2,run/data/admin/debug.log,1188
99,100,m1,12,10.417,10.000,-0.417,5.000,2000-01-01 00:16:56,3,run/data/m1/debug.log,6325
99,100,m2,12,10.417,10.000,-0.417,5.000,2000-01-01 00:16:56,3,run/data/m2/debug.log,4339
99,100,m3,12,10.417,10.000,-0.417,5.000,2000-01-01 00:16:56,3,run/data/m3/debug.log,1300
100,101,admin,12,10.000,10.000,+0.000,5.000,2000-01-01 00:17:14,2,run/data/admin/debug.log,1206
100,101,m1,12,10.000,10.000,+0.000,5.000,2000-01-01 00:17:02,3,run/data/m1/debug.log,6788
100,101,m2,12,10.000,10.000,+0.000,5.000,2000-01-01 00:17:03,3,run/data/m2/debug.log,4374
100,101,m3,12,10.000,10.000,+0.000,5.000,2000-01-01 00:17:03,3,run/data/m3/debug.log,1319
101,102,admin,12,10.333,10.000,-0.333,5.000,2000-01-01 00:17:20,2,run/data/admin/debug.log,1221
101,102,m1,12,10.333,10.000,-0.333,5.000,2000-01-01 00:17:14,3,run/data/m1/debug.log,6803
101,102,m2,12,10.333,10.000,-0.333,5.000,2000-01-01 00:17:13,3,run/data/m2/debug.log,4508
101,102,m3,12,10.333,10.000,-0.333,5.000,2000-01-01 00:17:14,3,run/data/m3/debug.log,1334
102,103,admin,12,9.917,10.000,+0.083,5.000,2000-01-01 00:17:29,2,run/data/admin/debug.log,1235
102,103,m1,12,9.917,10.000,+0.083,5.000,2000-01-01 00:17:21,3,run/data/m1/debug.log,6823
102,103,m2,12,9.917,10.000,+0.083,5.000,2000-01-01 00:17:20,3,run/data/m2/debug.log,5035
102,103,m3,12,9.917,10.000,+0.083,5.000,2000-01-01 00:17:20,3,run/data/m3/debug.log,1353
103,104,admin,12,10.083,10.000,-0.083,5.000,2000-01-01 00:17:39,2,run/data/admin/debug.log,1249
103,104,m1,12,10.083,10.000,-0.083,5.000,2000-01-01 00:17:30,3,run/data/m1/debug.log,6838
103,104,m2,12,10.083,10.000,-0.083,5.000,2000-01-01 00:17:29,3,run/data/m2/debug.log,5322
103,104,m3,12,10.083,10.000,-0.083,5.000,2000-01-01 00:17:29,3,run/data/m3/debug.log,1368
104,105,admin,12,10.250,10.000,-0.250,5.000,2000-01-01 00:17:50,2,run/data/admin/debug.log,1263
104,105,m1,12,10.250,10.000,-0.250,5.000,2000-01-01 00:17:39,3,run/data/m1/debug.log,7283
104,105,m2,12,10.250,10.000,-0.250,5.000,2000-01-01 00:17:40,3,run/data/m2/debug.log,5337
104,105,m3,12,10.250,10.000,-0.250,5.000,2000-01-01 00:17:39,3,run/data/m3/debug.log,1383
105,106,admin,12,10.250,10.000,-0.250,5.000,2000-01-01 00:18:04,2,run/data/admin/debug.log,1280
105,106,m1,12,10.250,10.000,-0.250,5.000,2000-01-01 00:17:50,3,run/data/m1/debug.log,7333
105,106,m2,12,10.250,10.000,-0.250,5.000,2000-01-01 00:17:51,3,run/data/m2/debug.log,5352
105,106,m3,12,10.250,10.000,-0.250,5.000,2000-01-01 00:17:50,3,run/data/m3/debug.log,1398
106,107,admin,12,10.250,10.000,-0.250,5.000,2000-01-01 00:18:15,2,run/data/admin/debug.log,1294
106,107,m1,12,10.250,10.000,-0.250,5.000,2000-01-01 00:18:04,3,run/data/m1/debug.log,7701
106,107,m2,12,10.250,10.000,-0.250,5.000,2000-01-01 00:18:05,3,run/data/m2/debug.log,5367
106,107,m3,12,10.250,10.000,-0.250,5.000,2000-01-01 00:18:04,3,run/data/m3/debug.log,1413
107,108,admin,12,10.500,10.000,-0.500,5.000,2000-01-01 00:18:22,2,run/data/admin/debug.log,1308
107,108,m1,12,10.500,10.000,-0.500,5.000,2000-01-01 00:18:15,3,run/data/m1/debug.log,8141
107,108,m2,12,10.500,10.000,-0.500,5.000,2000-01-01 00:18:16,3,run/data/m2/debug.log,5382
107,108,m3,12,10.500,10.000,-0.500,5.000,2000-01-01 00:18:15,3,run/data/m3/debug.log,1428
108,109,admin,12,10.000,10.000,+0.000,5.000,2000-01-01 00:18:35,2,run/data/admin/debug.log,1322
108,109,m1,12,10.000,10.000,+0.000,5.000,2000-01-01 00:18:22,3,run/data/m1/debug.log,8187
108,109,m2,12,10.000,10.000,+0.000,5.000,2000-01-01 00:18:22,3,run/data/m2/debug.log,5397
108,109,m3,12,10.000,10.000,+0.000,5.000,2000-01-01 00:18:22,3,run/data/m3/debug.log,1443
109,110,admin,12,10.250,10.000,-0.250,5.000,2000-01-01 00:18:46,2,run/data/admin/debug.log,1336
109,110,m1,12,10.250,10.000,-0.250,5.000,2000-01-01 00:18:35,3,run/data/m1/debug.log,8529
109,110,m2,12,10.250,10.000,-0.250,5.000,2000-01-01 00:18:36,3,run/data/m2/debug.log,5416
109,110,m3,12,10.250,10.000,-0.250,5.000,2000-01-01 00:18:35,3,run/data/m3/debug.log,1462
110,111,admin,12,10.167,10.000,-0.167,5.000,2000-01-01 00:18:53,2,run/data/admin/debug.log,1350
110,111,m1,12,10.167,10.000,-0.167,5.000,2000-01-01 00:18:47,3,run/data/m1/debug.log,8544
110,111,m2,12,10.167,10.000,-0.167,5.000,2000-01-01 00:18:46,3,run/data/m2/debug.log,5591
110,111,m3,12,10.167,10.000,-0.167,5.000,2000-01-01 00:18:47,3,run/data/m3/debug.log,1477
111,112,admin,12,9.667,10.000,+0.333,5.000,2000-01-01 00:19:07,2,run/data/admin/debug.log,1365
111,112,m1,12,9.667,10.000,+0.333,5.000,2000-01-01 00:18:52,3,run/data/m1/debug.log,8570
111,112,m2,12,9.667,10.000,+0.333,5.000,2000-01-01 00:18:53,3,run/data/m2/debug.log,5606
111,112,m3,12,9.667,10.000,+0.333,5.000,2000-01-01 00:18:53,3,run/data/m3/debug.log,1492
112,113,admin,12,10.417,10.000,-0.417,5.000,2000-01-01 00:19:17,2,run/data/admin/debug.log,1379
112,113,m1,12,10.417,10.000,-0.417,5.000,2000-01-01 00:19:07,3,run/data/m1/debug.log,8733
112,113,m2,12,10.417,10.000,-0.417,5.000,2000-01-01 00:19:08,3,run/data/m2/debug.log,5621
112,113,m3,12,10.417,10.000,-0.417,5.000,2000-01-01 00:19:07,3,run/data/m3/debug.log,1507
113,114,admin,12,10.250,10.000,-0.250,5.000,2000-01-01 00:19:25,2,run/data/admin/debug.log,1394
113,114,m1,12,10.250,10.000,-0.250,5.000,2000-01-01 00:19:18,3,run/data/m1/debug.log,8748
113,114,m2,12,10.250,10.000,-0.250,5.000,2000-01-01 00:19:16,3,run/data/m2/debug.log,5892
113,114,m3,12,10.250,10.000,-0.250,5.000,2000-01-01 00:19:17,3,run/data/m3/debug.log,1522
114,115,admin,12,10.333,10.000,-0.333,5.000,2000-01-01 00:19:31,2,run/data/admin/debug.log,1408
114,115,m1,12,10.333,10.000,-0.333,5.000,2000-01-01 00:19:24,3,run/data/m1/debug.log,8970
114,115,m2,12,10.333,10.000,-0.333,5.000,2000-01-01 00:19:25,3,run/data/m2/debug.log,5911
114,115,m3,12,10.333,10.000,-0.333,5.000,2000-01-01 00:19:25,3,run/data/m3/debug.log,1542
115,116,admin,12,10.167,10.000,-0.167,5.000,2000-01-01 00:19:41,2,run/data/admin/debug.log,1422
115,116,m1,12,10.167,10.000,-0.167,5.000,2000-01-01 00:19:31,3,run/data/m1/debug.log,9952
115,116,m2,12,10.167,10.000,-0.167,5.000,2000-01-01 00:19:32,3,run/data/m2/debug.log,5926
115,116,m3,12,10.167,10.000,-0.167,5.000,2000-01-01 00:19:32,3,run/data/m3/debug.log,1557
116,117,admin,12,10.167,10.000,-0.167,5.000,2000-01-01 00:19:50,2,run/data/admin/debug.log,1436
116,117,m1,12,10.167,10.000,-0.167,5.000,2000-01-01 00:19:41,3,run/data/m1/debug.log,10183
116,117,m2,12,10.167,10.000,-0.167,5.000,2000-01-01 00:19:42,3,run/data/m2/debug.log,5941
116,117,m3,12,10.167,10.000,-0.167,5.000,2000-01-01 00:19:42,3,run/data/m3/debug.log,1572
117,118,admin,12,10.000,10.000,+0.000,5.000,2000-01-01 00:20:03,2,run/data/admin/debug.log,1453
117,118,m1,12,10.000,10.000,+0.000,5.000,2000-01-01 00:19:50,3,run/data/m1/debug.log,10227
117,118,m2,12,10.000,10.000,+0.000,5.000,2000-01-01 00:19:51,3,run/data/m2/debug.log,5956
117,118,m3,12,10.000,10.000,+0.000,5.000,2000-01-01 00:19:51,3,run/data/m3/debug.log,1587
118,119,admin,12,9.917,10.000,+0.083,5.000,2000-01-01 00:20:17,2,run/data/admin/debug.log,1467
118,119,m1,12,9.917,10.000,+0.083,5.000,2000-01-01 00:20:03,3,run/data/m1/debug.log,10334
118,119,m2,12,9.917,10.000,+0.083,5.000,2000-01-01 00:20:04,3,run/data/m2/debug.log,5971
118,119,m3,12,9.917,10.000,+0.083,5.000,2000-01-01 00:20:04,3,run/data/m3/debug.log,1602
119,120,admin,12,10.167,10.000,-0.167,5.000,2000-01-01 00:20:33,2,run/data/admin/debug.log,1481
119,120,m1,12,10.167,10.000,-0.167,5.000,2000-01-01 00:20:18,3,run/data/m1/debug.log,10349
119,120,m2,12,10.167,10.000,-0.167,5.000,2000-01-01 00:20:17,3,run/data/m2/debug.log,6436
119,120,m3,12,10.167,10.000,-0.167,5.000,2000-01-01 00:20:17,3,run/data/m3/debug.log,1617
120,121,admin,12,10.917,10.000,-0.917,5.000,2000-01-01 00:20:46,5,run/data/admin/debug.log,1495
120,121,m1,12,10.917,10.000,-0.917,5.000,2000-01-01 00:20:34,6,run/data/m1/debug.log,10367
120,121,m2,12,10.917,10.000,-0.917,5.000,2000-01-01 00:20:32,6,run/data/m2/debug.log,7421
120,121,m3,12,10.917,10.000,-0.917,5.000,2000-01-01 00:20:33,6,run/data/m3/debug.log,1635
121,122,admin,12,10.917,10.000,-0.917,5.000,2000-01-01 00:20:58,2,run/data/admin/debug.log,1525
121,122,m1,12,10.917,10.000,-0.917,5.000,2000-01-01 00:20:46,3,run/data/m1/debug.log,10461
121,122,m2,12,10.917,10.000,-0.917,5.000,2000-01-01 00:20:46,3,run/data/m2/debug.log,7587
121,122,m3,12,10.917,10.000,-0.917,5.000,2000-01-01 00:20:46,3,run/data/m3/debug.log,1651
122,123,admin,12,11.000,10.000,-1.000,5.000,2000-01-01 00:21:13,2,run/data/admin/debug.log,1540
122,123,m1,12,11.000,10.000,-1.000,5.000,2000-01-01 00:20:59,3,run/data/m1/debug.log,10496
122,123,m2,12,11.000,10.000,-1.000,5.000,2000-01-01 00:20:58,3,run/data/m2/debug.log,7646
122,123,m3,12,11.000,10.000,-1.000,5.000,2000-01-01 00:20:58,3,run/data/m3/debug.log,1682
123,124,admin,12,11.750,10.000,-1.750,5.000,2000-01-01 00:21:26,2,run/data/admin/debug.log,1554
123,124,m1,12,11.750,10.000,-1.750,5.000,2000-01-01 00:21:14,3,run/data/m1/debug.log,10511
123,124,m2,12,11.750,10.000,-1.750,5.000,2000-01-01 00:21:13,3,run/data/m2/debug.log,7739
123,124,m3,12,11.750,10.000,-1.750,5.000,2000-01-01 00:21:14,3,run/data/m3/debug.log,1697
124,125,admin,12,11.500,10.000,-1.500,5.000,2000-01-01 00:21:39,2,run/data/admin/debug.log,1568
124,125,m1,12,11.500,10.000,-1.500,5.000,2000-01-01 00:21:25,3,run/data/m1/debug.log,10635
124,125,m2,12,11.500,10.000,-1.500,5.000,2000-01-01 00:21:26,3,run/data/m2/debug.log,7754
124,125,m3,12,11.500,10.000,-1.500,5.000,2000-01-01 00:21:27,3,run/data/m3/debug.log,1712
125,126,admin,12,11.833,10.000,-1.833,5.000,2000-01-01 00:21:49,2,run/data/admin/debug.log,1583
125,126,m1,12,11.833,10.000,-1.833,5.000,2000-01-01 00:21:38,3,run/data/m1/debug.log,10722
125,126,m2,12,11.833,10.000,-1.833,5.000,2000-01-01 00:21:39,3,run/data/m2/debug.log,7774
125,126,m3,12,11.833,10.000,-1.833,5.000,2000-01-01 00:21:40,3,run/data/m3/debug.log,1732
126,127,admin,12,12.083,10.000,-2.083,5.000,2000-01-01 00:21:57,2,run/data/admin/debug.log,1597
126,127,m1,12,12.083,10.000,-2.083,5.000,2000-01-01 00:21:49,3,run/data/m1/debug.log,10742
126,127,m2,12,12.083,10.000,-2.083,5.000,2000-01-01 00:21:50,3,run/data/m2/debug.log,7789
126,127,m3,12,12.083,10.000,-2.083,5.000,2000-01-01 00:21:49,3,run/data/m3/debug.log,1885
127,128,admin,12,12.083,10.000,-2.083,5.000,2000-01-01 00:22:03,2,run/data/admin/debug.log,1614
127,128,m1,12,12.083,10.000,-2.083,5.000,2000-01-01 00:21:56,3,run/data/m1/debug.log,10809
127,128,m2,12,12.083,10.000,-2.083,5.000,2000-01-01 00:21:57,3,run/data/m2/debug.log,7804
127,128,m3,12,12.083,10.000,-2.083,5.000,2000-01-01 00:21:59,3,run/data/m3/debug.log,1900
128,129,admin,12,11.833,10.000,-1.833,5.000,2000-01-01 00:22:13,2,run/data/admin/debug.log,1628
128,129,m1,12,11.833,10.000,-1.833,5.000,2000-01-01 00:22:03,3,run/data/m1/debug.log,11820
128,129,m2,12,11.833,10.000,-1.833,5.000,2000-01-01 00:22:04,3,run/data/m2/debug.log,7819
128,129,m3,12,11.833,10.000,-1.833,5.000,2000-01-01 00:22:04,3,run/data/m3/debug.log,1915
129,130,admin,12,11.917,10.000,-1.917,5.000,2000-01-01 00:22:18,2,run/data/admin/debug.log,1642
129,130,m1,12,11.917,10.000,-1.917,5.000,2000-01-01 00:22:13,3,run/data/m1/debug.log,12124
129,130,m2,12,11.917,10.000,-1.917,5.000,2000-01-01 00:22:14,3,run/data/m2/debug.log,7834
129,130,m3,12,11.917,10.000,-1.917,5.000,2000-01-01 00:22:14,3,run/data/m3/debug.log,1930
130,131,admin,12,11.250,10.000,-1.250,5.000,2000-01-01 00:22:26,2,run/data/admin/debug.log,1656
130,131,m1,12,11.250,10.000,-1.250,5.000,2000-01-01 00:22:18,3,run/data/m1/debug.log,12208
130,131,m2,12,11.250,10.000,-1.250,5.000,2000-01-01 00:22:19,3,run/data/m2/debug.log,7849
130,131,m3,12,11.250,10.000,-1.250,5.000,2000-01-01 00:22:20,3,run/data/m3/debug.log,1945
131,132,admin,12,10.750,10.000,-0.750,5.000,2000-01-01 00:22:32,2,run/data/admin/debug.log,1670
131,132,m1,12,10.750,10.000,-0.750,5.000,2000-01-01 00:22:26,3,run/data/m1/debug.log,12261
131,132,m2,12,10.750,10.000,-0.750,5.000,2000-01-01 00:22:27,3,run/data/m2/debug.log,7864
131,132,m3,12,10.750,10.000,-0.750,5.000,2000-01-01 00:22:27,3,run/data/m3/debug.log,1960
132,133,admin,12,9.917,10.000,+0.083,5.000,2000-01-01 00:22:46,2,run/data/admin/debug.log,1684
132,133,m1,12,9.917,10.000,+0.083,5.000,2000-01-01 00:22:31,3,run/data/m1/debug.log,12859
132,133,m2,12,9.917,10.000,+0.083,5.000,2000-01-01 00:22:32,3,run/data/m2/debug.log,7882
132,133,m3,12,9.917,10.000,+0.083,5.000,2000-01-01 00:22:33,3,run/data/m3/debug.log,1978
133,134,admin,12,10.000,10.000,+0.000,5.000,2000-01-01 00:22:54,2,run/data/admin/debug.log,1698
133,134,m1,12,10.000,10.000,+0.000,5.000,2000-01-01 00:22:46,3,run/data/m1/debug.log,13269
133,134,m2,12,10.000,10.000,+0.000,5.000,2000-01-01 00:22:47,3,run/data/m2/debug.log,7898
133,134,m3,12,10.000,10.000,+0.000,5.000,2000-01-01 00:22:47,3,run/data/m3/debug.log,1994
134,135,admin,12,9.583,10.000,+0.417,5.000,2000-01-01 00:23:08,2,run/data/admin/debug.log,1714
134,135,m1,12,9.583,10.000,+0.417,5.000,2000-01-01 00:22:53,3,run/data/m1/debug.log,13429
134,135,m2,12,9.583,10.000,+0.417,5.000,2000-01-01 00:22:54,3,run/data/m2/debug.log,7913
134,135,m3,12,9.583,10.000,+0.417,5.000,2000-01-01 00:22:55,3,run/data/m3/debug.log,2009
135,136,admin,12,9.583,10.000,+0.417,5.000,2000-01-01 00:23:16,2,run/data/admin/debug.log,1728
135,136,m1,12,9.583,10.000,+0.417,5.000,2000-01-01 00:23:08,3,run/data/m1/debug.log,14208
135,136,m2,12,9.583,10.000,+0.417,5.000,2000-01-01 00:23:09,3,run/data/m2/debug.log,7928
135,136,m3,12,9.583,10.000,+0.417,5.000,2000-01-01 00:23:09,3,run/data/m3/debug.log,2024
136,137,admin,12,9.167,10.000,+0.833,5.000,2000-01-01 00:23:28,2,run/data/admin/debug.log,1742
136,137,m1,12,9.167,10.000,+0.833,5.000,2000-01-01 00:23:15,3,run/data/m1/debug.log,14238
136,137,m2,12,9.167,10.000,+0.833,5.000,2000-01-01 00:23:16,3,run/data/m2/debug.log,7943
136,137,m3,12,9.167,10.000,+0.833,5.000,2000-01-01 00:23:17,3,run/data/m3/debug.log,2039
137,138,admin,12,9.083,10.000,+0.917,5.000,2000-01-01 00:23:40,5,run/data/admin/debug.log,1757
137,138,m1,12,9.083,10.000,+0.917,5.000,2000-01-01 00:23:27,6,run/data/m1/debug.log,14395
137,138,m2,12,9.083,10.000,+0.917,5.000,2000-01-01 00:23:28,6,run/data/m2/debug.log,7958
137,138,m3,12,9.083,10.000,+0.917,5.000,2000-01-01 00:23:29,6,run/data/m3/debug.log,2054
138,139,admin,12,9.250,10.000,+0.750,5.000,2000-01-01 00:23:47,2,run/data/admin/debug.log,1787
138,139,m1,12,9.250,10.000,+0.750,5.000,2000-01-01 00:23:40,3,run/data/m1/debug.log,14601
138,139,m2,12,9.167,10.000,+0.833,5.000,2000-01-01 00:23:39,3,run/data/m2/debug.log,8232
138,139,m3,12,9.167,10.000,+0.833,5.000,2000-01-01 00:23:41,3,run/data/m3/debug.log,2089
139,140,admin,12,9.167,10.000,+0.833,5.000,2000-01-01 00:23:54,2,run/data/admin/debug.log,1805
139,140,m1,12,9.167,10.000,+0.833,5.000,2000-01-01 00:23:46,3,run/data/m1/debug.log,15164
139,140,m2,12,9.167,10.000,+0.833,5.000,2000-01-01 00:23:47,3,run/data/m2/debug.log,8267
139,140,m3,12,9.167,10.000,+0.833,5.000,2000-01-01 00:23:48,3,run/data/m3/debug.log,2108
140,141,admin,12,9.250,10.000,+0.750,5.000,2000-01-01 00:24:09,2,run/data/admin/debug.log,1822
140,141,m1,12,9.250,10.000,+0.750,5.000,2000-01-01 00:23:54,3,run/data/m1/debug.log,15239
140,141,m2,12,9.250,10.000,+0.750,5.000,2000-01-01 00:23:55,3,run/data/m2/debug.log,8282
140,141,m3,12,9.250,10.000,+0.750,5.000,2000-01-01 00:23:55,3,run/data/m3/debug.log,2123
141,142,admin,12,9.583,10.000,+0.417,5.000,2000-01-01 00:24:15,2,run/data/admin/debug.log,1836
141,142,m1,12,9.583,10.000,+0.417,5.000,2000-01-01 00:24:08,3,run/data/m1/debug.log,15373
141,142,m2,12,9.583,10.000,+0.417,5.000,2000-01-01 00:24:09,3,run/data/m2/debug.log,8297
141,142,m3,12,9.583,10.000,+0.417,5.000,2000-01-01 00:24:10,3,run/data/m3/debug.log,2138
142,143,admin,12,9.750,10.000,+0.250,5.000,2000-01-01 00:24:27,2,run/data/admin/debug.log,1850
142,143,m1,12,9.750,10.000,+0.250,5.000,2000-01-01 00:24:15,3,run/data/m1/debug.log,15639
142,143,m2,12,9.750,10.000,+0.250,5.000,2000-01-01 00:24:16,3,run/data/m2/debug.log,8312
142,143,m3,12,9.750,10.000,+0.250,5.000,2000-01-01 00:24:16,3,run/data/m3/debug.log,2153
143,144,admin,12,10.083,10.000,-0.083,5.000,2000-01-01 00:24:36,2,run/data/admin/debug.log,1864
143,144,m1,12,10.083,10.000,-0.083,5.000,2000-01-01 00:24:27,3,run/data/m1/debug.log,15905
143,144,m2,12,10.083,10.000,-0.083,5.000,2000-01-01 00:24:28,3,run/data/m2/debug.log,8327
143,144,m3,12,10.083,10.000,-0.083,5.000,2000-01-01 00:24:28,3,run/data/m3/debug.log,2168
144,145,admin,12,10.333,10.000,-0.333,5.000,2000-01-01 00:24:45,2,run/data/admin/debug.log,1878
144,145,m1,12,10.333,10.000,-0.333,5.000,2000-01-01 00:24:37,3,run/data/m1/debug.log,15923
144,145,m2,12,10.333,10.000,-0.333,5.000,2000-01-01 00:24:35,3,run/data/m2/debug.log,8421
144,145,m3,12,10.333,10.000,-0.333,5.000,2000-01-01 00:24:37,3,run/data/m3/debug.log,2186
145,146,admin,12,9.833,10.000,+0.167,5.000,2000-01-01 00:24:56,2,run/data/admin/debug.log,1892
145,146,m1,12,9.833,10.000,+0.167,5.000,2000-01-01 00:24:46,3,run/data/m1/debug.log,15939
145,146,m2,12,9.833,10.000,+0.167,5.000,2000-01-01 00:24:44,3,run/data/m2/debug.log,9072
145,146,m3,12,9.833,10.000,+0.167,5.000,2000-01-01 00:24:46,3,run/data/m3/debug.log,2202
146,147,admin,12,10.167,10.000,-0.167,5.000,2000-01-01 00:25:11,5,run/data/admin/debug.log,1907
146,147,m1,12,10.167,10.000,-0.167,5.000,2000-01-01 00:24:57,6,run/data/m1/debug.log,15954
146,147,m2,12,10.167,10.000,-0.167,5.000,2000-01-01 00:24:55,6,run/data/m2/debug.log,9184
146,147,m3,12,10.167,10.000,-0.167,5.000,2000-01-01 00:24:56,6,run/data/m3/debug.log,2217
147,148,admin,12,10.250,10.000,-0.250,5.000,2000-01-01 00:25:22,2,run/data/admin/debug.log,1937
147,148,m1,12,10.250,10.000,-0.250,5.000,2000-01-01 00:25:11,3,run/data/m1/debug.log,15982
147,148,m2,12,10.250,10.000,-0.250,5.000,2000-01-01 00:25:11,3,run/data/m2/debug.log,9366
147,148,m3,12,10.250,10.000,-0.250,5.000,2000-01-01 00:25:11,3,run/data/m3/debug.log,2232
148,149,admin,12,10.583,10.000,-0.583,5.000,2000-01-01 00:25:32,2,run/data/admin/debug.log,1955
148,149,m1,12,10.583,10.000,-0.583,5.000,2000-01-01 00:25:22,3,run/data/m1/debug.log,16277
148,149,m2,12,10.583,10.000,-0.583,5.000,2000-01-01 00:25:23,3,run/data/m2/debug.log,9401
148,149,m3,12,10.583,10.000,-0.583,5.000,2000-01-01 00:25:23,3,run/data/m3/debug.log,2267
149,150,admin,12,10.417,10.000,-0.417,5.000,2000-01-01 00:25:42,2,run/data/admin/debug.log,1970
149,150,m1,12,10.417,10.000,-0.417,5.000,2000-01-01 00:25:32,3,run/data/m1/debug.log,16720
149,150,m2,12,10.417,10.000,-0.417,5.000,2000-01-01 00:25:33,3,run/data/m2/debug.log,9416
149,150,m3,12,10.417,10.000,-0.417,5.000,2000-01-01 00:25:33,3,run/data/m3/debug.log,2282
150,151,admin,12,10.167,10.000,-0.167,5.000,2000-01-01 00:25:56,5,run/data/admin/debug.log,1984
150,151,m1,12,10.167,10.000,-0.167,5.000,2000-01-01 00:25:42,6,run/data/m1/debug.log,16783
150,151,m2,12,10.167,10.000,-0.167,5.000,2000-01-01 00:25:43,6,run/data/m2/debug.log,9436
150,151,m3,12,10.167,10.000,-0.167,5.000,2000-01-01 00:25:43,6,run/data/m3/debug.log,2302
151,152,admin,12,10.833,10.000,-0.833,5.000,2000-01-01 00:26:06,2,run/data/admin/debug.log,2017
151,152,m1,12,10.833,10.000,-0.833,5.000,2000-01-01 00:25:56,3,run/data/m1/debug.log,17146
151,152,m2,12,10.750,10.000,-0.750,5.000,2000-01-01 00:25:56,3,run/data/m2/debug.log,9451
151,152,m3,12,10.750,10.000,-0.750,5.000,2000-01-01 00:25:55,3,run/data/m3/debug.log,2652
152,153,admin,12,11.000,10.000,-1.000,5.000,2000-01-01 00:26:13,2,run/data/admin/debug.log,2035
152,153,m1,12,11.000,10.000,-1.000,5.000,2000-01-01 00:26:06,3,run/data/m1/debug.log,17201
152,153,m2,12,11.000,10.000,-1.000,5.000,2000-01-01 00:26:07,3,run/data/m2/debug.log,9486
152,153,m3,12,11.000,10.000,-1.000,5.000,2000-01-01 00:26:07,3,run/data/m3/debug.log,2687
153,154,admin,12,10.333,10.000,-0.333,5.000,2000-01-01 00:26:25,2,run/data/admin/debug.log,2049
153,154,m1,12,10.333,10.000,-0.333,5.000,2000-01-01 00:26:14,3,run/data/m1/debug.log,17216
153,154,m2,12,10.333,10.000,-0.333,5.000,2000-01-01 00:26:12,3,run/data/m2/debug.log,10147
153,154,m3,12,10.333,10.000,-0.333,5.000,2000-01-01 00:26:13,3,run/data/m3/debug.log,2702
154,155,admin,12,10.833,10.000,-0.833,5.000,2000-01-01 00:26:37,2,run/data/admin/debug.log,2063
154,155,m1,12,10.833,10.000,-0.833,5.000,2000-01-01 00:26:25,3,run/data/m1/debug.log,17241
154,155,m2,12,10.833,10.000,-0.833,5.000,2000-01-01 00:26:26,3,run/data/m2/debug.log,10162
154,155,m3,12,10.833,10.000,-0.833,5.000,2000-01-01 00:26:26,3,run/data/m3/debug.log,2717
155,156,admin,12,10.833,10.000,-0.833,5.000,2000-01-01 00:26:51,2,run/data/admin/debug.log,2077
155,156,m1,12,10.833,10.000,-0.833,5.000,2000-01-01 00:26:38,3,run/data/m1/debug.log,17259
155,156,m2,12,10.833,10.000,-0.833,5.000,2000-01-01 00:26:37,3,run/data/m2/debug.log,10461
155,156,m3,12,10.833,10.000,-0.833,5.000,2000-01-01 00:26:37,3,run/data/m3/debug.log,2735
156,157,admin,12,11.333,10.000,-1.333,5.000,2000-01-01 00:27:03,2,run/data/admin/debug.log,2091
156,157,m1,12,11.333,10.000,-1.333,5.000,2000-01-01 00:26:51,3,run/data/m1/debug.log,17354
156,157,m2,12,11.333,10.000,-1.333,5.000,2000-01-01 00:26:52,3,run/data/m2/debug.log,10476
156,157,m3,12,11.333,10.000,-1.333,5.000,2000-01-01 00:26:52,3,run/data/m3/debug.log,2750
157,158,admin,12,11.583,10.000,-1.583,5.000,2000-01-01 00:27:19,2,run/data/admin/debug.log,2107
157,158,m1,12,11.583,10.000,-1.583,5.000,2000-01-01 00:27:03,3,run/data/m1/debug.log,17504
157,158,m2,12,11.583,10.000,-1.583,5.000,2000-01-01 00:27:04,3,run/data/m2/debug.log,10492
157,158,m3,12,11.583,10.000,-1.583,5.000,2000-01-01 00:27:05,3,run/data/m3/debug.log,2766
158,159,admin,12,12.000,10.000,-2.000,5.000,2000-01-01 00:27:29,5,run/data/admin/debug.log,2121
158,159,m1,12,12.000,10.000,-2.000,5.000,2000-01-01 00:27:19,6,run/data/m1/debug.log,17637
158,159,m2,12,12.000,10.000,-2.000,5.000,2000-01-01 00:27:19,6,run/data/m2/debug.log,10507
158,159,m3,12,12.000,10.000,-2.000,5.000,2000-01-01 00:27:20,6,run/data/m3/debug.log,2781
159,160,admin,12,11.417,10.000,-1.417,5.000,2000-01-01 00:27:43,9,run/data/admin/debug.log,2151
159,160,m1,12,11.500,10.000,-1.500,5.000,2000-01-01 00:27:29,10,run/data/m1/debug.log,17863
159,160,m2,12,11.417,10.000,-1.417,5.000,2000-01-01 00:27:28,10,run/data/m2/debug.log,10678
159,160,m3,12,11.417,10.000,-1.417,5.000,2000-01-01 00:27:30,10,run/data/m3/debug.log,2812
160,161,admin,12,11.750,10.000,-1.750,5.000,2000-01-01 00:27:56,5,run/data/admin/debug.log,2202
160,161,m1,12,11.750,10.000,-1.750,5.000,2000-01-01 00:27:43,6,run/data/m1/debug.log,18575
160,161,m2,12,11.750,10.000,-1.750,5.000,2000-01-01 00:27:43,6,run/data/m2/debug.log,10882
160,161,m3,12,11.750,10.000,-1.750,5.000,2000-01-01 00:27:43,6,run/data/m3/debug.log,2880
161,162,admin,12,12.000,10.000,-2.000,5.000,2000-01-01 00:28:04,2,run/data/admin/debug.log,2236
161,162,m1,12,12.000,10.000,-2.000,5.000,2000-01-01 00:27:56,3,run/data/m1/debug.log,18847
161,162,m2,12,12.000,10.000,-2.000,5.000,2000-01-01 00:27:56,3,run/data/m2/debug.log,11146
161,162,m3,12,12.000,10.000,-2.000,5.000,2000-01-01 00:27:56,3,run/data/m3/debug.log,2936
162,163,admin,12,11.833,10.000,-1.833,5.000,2000-01-01 00:28:12,2,run/data/admin/debug.log,2260
162,163,m1,12,11.833,10.000,-1.833,5.000,2000-01-01 00:28:04,3,run/data/m1/debug.log,19267
162,163,m2,12,11.833,10.000,-1.833,5.000,2000-01-01 00:28:05,3,run/data/m2/debug.log,11191
162,163,m3,12,11.833,10.000,-1.833,5.000,2000-01-01 00:28:05,3,run/data/m3/debug.log,2982
163,164,admin,12,11.250,10.000,-1.250,5.000,2000-01-01 00:28:20,2,run/data/admin/debug.log,2274
163,164,m1,12,11.250,10.000,-1.250,5.000,2000-01-01 00:28:13,3,run/data/m1/debug.log,19282
163,164,m2,12,11.250,10.000,-1.250,5.000,2000-01-01 00:28:11,3,run/data/m2/debug.log,11866
163,164,m3,12,11.250,10.000,-1.250,5.000,2000-01-01 00:28:13,3,run/data/m3/debug.log,2997
164,165,admin,12,11.083,10.000,-1.083,5.000,2000-01-01 00:28:29,2,run/data/admin/debug.log,2288
164,165,m1,12,11.083,10.000,-1.083,5.000,2000-01-01 00:28:19,3,run/data/m1/debug.log,19467
164,165,m2,12,11.083,10.000,-1.083,5.000,2000-01-01 00:28:20,3,run/data/m2/debug.log,11881
164,165,m3,12,11.083,10.000,-1.083,5.000,2000-01-01 00:28:20,3,run/data/m3/debug.log,3012
165,166,admin,12,11.333,10.000,-1.333,5.000,2000-01-01 00:28:36,2,run/data/admin/debug.log,2302
165,166,m1,12,11.333,10.000,-1.333,5.000,2000-01-01 00:28:29,3,run/data/m1/debug.log,19482
165,166,m2,12,11.333,10.000,-1.333,5.000,2000-01-01 00:28:29,3,run/data/m2/debug.log,11896
165,166,m3,12,11.333,10.000,-1.333,5.000,2000-01-01 00:28:28,3,run/data/m3/debug.log,3559
166,167,admin,12,10.833,10.000,-0.833,5.000,2000-01-01 00:28:44,2,run/data/admin/debug.log,2316
166,167,m1,12,10.833,10.000,-0.833,5.000,2000-01-01 00:28:37,3,run/data/m1/debug.log,19500
166,167,m2,12,10.833,10.000,-0.833,5.000,2000-01-01 00:28:35,3,run/data/m2/debug.log,12022
166,167,m3,12,10.833,10.000,-0.833,5.000,2000-01-01 00:28:37,3,run/data/m3/debug.log,3577
167,168,admin,12,10.500,10.000,-0.500,5.000,2000-01-01 00:28:55,5,run/data/admin/debug.log,2330
167,168,m1,12,10.500,10.000,-0.500,5.000,2000-01-01 00:28:43,6,run/data/m1/debug.log,19576
167,168,m2,12,10.500,10.000,-0.500,5.000,2000-01-01 00:28:44,6,run/data/m2/debug.log,12037
167,168,m3,12,10.500,10.000,-0.500,5.000,2000-01-01 00:28:45,6,run/data/m3/debug.log,3592
168,169,admin,12,10.250,10.000,-0.250,5.000,2000-01-01 00:29:06,2,run/data/admin/debug.log,2360
168,169,m1,12,10.250,10.000,-0.250,5.000,2000-01-01 00:28:54,3,run/data/m1/debug.log,19851
168,169,m2,12,10.250,10.000,-0.250,5.000,2000-01-01 00:28:55,3,run/data/m2/debug.log,12068
168,169,m3,12,10.333,10.000,-0.333,5.000,2000-01-01 00:28:55,3,run/data/m3/debug.log,3655
169,170,admin,12,10.167,10.000,-0.167,5.000,2000-01-01 00:29:21,2,run/data/admin/debug.log,2375
169,170,m1,12,10.167,10.000,-0.167,5.000,2000-01-01 00:29:05,3,run/data/m1/debug.log,20794
169,170,m2,12,10.167,10.000,-0.167,5.000,2000-01-01 00:29:06,3,run/data/m2/debug.log,12084
169,170,m3,12,10.167,10.000,-0.167,5.000,2000-01-01 00:29:07,3,run/data/m3/debug.log,3691
170,171,admin,12,10.167,10.000,-0.167,5.000,2000-01-01 00:29:30,2,run/data/admin/debug.log,2389
170,171,m1,12,10.167,10.000,-0.167,5.000,2000-01-01 00:29:21,3,run/data/m1/debug.log,20892
170,171,m2,12,10.167,10.000,-0.167,5.000,2000-01-01 00:29:22,3,run/data/m2/debug.log,12099
170,171,m3,12,10.167,10.000,-0.167,5.000,2000-01-01 00:29:22,3,run/data/m3/debug.log,3706
171,172,admin,12,10.000,10.000,+0.000,5.000,2000-01-01 00:29:45,9,run/data/admin/debug.log,2403
171,172,m1,12,10.000,10.000,+0.000,5.000,2000-01-01 00:29:31,10,run/data/m1/debug.log,20907
171,172,m2,12,10.000,10.000,+0.000,5.000,2000-01-01 00:29:29,10,run/data/m2/debug.log,12593
171,172,m3,12,10.000,10.000,+0.000,5.000,2000-01-01 00:29:30,10,run/data/m3/debug.log,3721
172,173,admin,12,10.167,10.000,-0.167,5.000,2000-01-01 00:30:01,9,run/data/admin/debug.log,2457
172,173,m1,12,10.167,10.000,-0.167,5.000,2000-01-01 00:29:45,10,run/data/m1/debug.log,21129
172,173,m2,12,10.167,10.000,-0.167,5.000,2000-01-01 00:29:45,10,run/data/m2/debug.log,12946
172,173,m3,12,10.167,10.000,-0.167,5.000,2000-01-01 00:29:45,10,run/data/m3/debug.log,4044
173,174,admin,12,10.333,10.000,-0.333,5.000,2000-01-01 00:30:13,2,run/data/admin/debug.log,2509
173,174,m1,12,10.333,10.000,-0.333,5.000,2000-01-01 00:30:00,3,run/data/m1/debug.log,21225
173,174,m2,12,10.333,10.000,-0.333,5.000,2000-01-01 00:30:00,3,run/data/m2/debug.log,13877
173,174,m3,12,10.417,10.000,-0.417,5.000,2000-01-01 00:30:01,3,run/data/m3/debug.log,4232
174,175,admin,12,10.750,10.000,-0.750,5.000,2000-01-01 00:30:27,2,run/data/admin/debug.log,2530
174,175,m1,12,10.750,10.000,-0.750,5.000,2000-01-01 00:30:13,3,run/data/m1/debug.log,21855
174,175,m2,12,10.750,10.000,-0.750,5.000,2000-01-01 00:30:13,3,run/data/m2/debug.log,13941
174,175,m3,12,10.750,10.000,-0.750,5.000,2000-01-01 00:30:14,3,run/data/m3/debug.log,4295
175,176,admin,12,11.333,10.000,-1.333,5.000,2000-01-01 00:30:35,2,run/data/admin/debug.log,2544
175,176,m1,12,11.333,10.000,-1.333,5.000,2000-01-01 00:30:27,3,run/data/m1/debug.log,21925
175,176,m2,12,11.333,10.000,-1.333,5.000,2000-01-01 00:30:28,3,run/data/m2/debug.log,13956
175,176,m3,12,11.333,10.000,-1.333,5.000,2000-01-01 00:30:28,3,run/data/m3/debug.log,4310
176,177,admin,12,11.333,10.000,-1.333,5.000,2000-01-01 00:30:44,2,run/data/admin/debug.log,2558
176,177,m1,12,11.333,10.000,-1.333,5.000,2000-01-01 00:30:35,3,run/data/m1/debug.log,21977
176,177,m2,12,11.333,10.000,-1.333,5.000,2000-01-01 00:30:35,3,run/data/m2/debug.log,13974
176,177,m3,12,11.333,10.000,-1.333,5.000,2000-01-01 00:30:36,3,run/data/m3/debug.log,4328
177,178,admin,12,11.250,10.000,-1.250,5.000,2000-01-01 00:30:52,2,run/data/admin/debug.log,2572
177,178,m1,12,11.250,10.000,-1.250,5.000,2000-01-01 00:30:44,3,run/data/m1/debug.log,21992
177,178,m2,12,11.250,10.000,-1.250,5.000,2000-01-01 00:30:44,3,run/data/m2/debug.log,13989
177,178,m3,12,11.250,10.000,-1.250,5.000,2000-01-01 00:30:43,3,run/data/m3/debug.log,4383
178,179,admin,12,11.417,10.000,-1.417,5.000,2000-01-01 00:31:02,2,run/data/admin/debug.log,2586
178,179,m1,12,11.417,10.000,-1.417,5.000,2000-01-01 00:30:53,3,run/data/m1/debug.log,22007
178,179,m2,12,11.417,10.000,-1.417,5.000,2000-01-01 00:30:52,3,run/data/m2/debug.log,14146
178,179,m3,12,11.417,10.000,-1.417,5.000,2000-01-01 00:30:53,3,run/data/m3/debug.log,4398
179,180,admin,12,11.583,10.000,-1.583,5.000,2000-01-01 00:31:09,2,run/data/admin/debug.log,2600
179,180,m1,12,11.583,10.000,-1.583,5.000,2000-01-01 00:31:02,3,run/data/m1/debug.log,22116
179,180,m2,12,11.583,10.000,-1.583,5.000,2000-01-01 00:31:03,3,run/data/m2/debug.log,14161
179,180,m3,12,11.583,10.000,-1.583,5.000,2000-01-01 00:31:03,3,run/data/m3/debug.log,4413
180,181,admin,12,11.167,10.000,-1.167,5.000,2000-01-01 00:31:19,2,run/data/admin/debug.log,2616
180,181,m1,12,11.167,10.000,-1.167,5.000,2000-01-01 00:31:10,3,run/data/m1/debug.log,22131
180,181,m2,12,11.167,10.000,-1.167,5.000,2000-01-01 00:31:08,3,run/data/m2/debug.log,14391
180,181,m3,12,11.167,10.000,-1.167,5.000,2000-01-01 00:31:10,3,run/data/m3/debug.log,4429
181,182,admin,12,11.167,10.000,-1.167,5.000,2000-01-01 00:31:29,2,run/data/admin/debug.log,2630
181,182,m1,12,11.167,10.000,-1.167,5.000,2000-01-01 00:31:19,3,run/data/m1/debug.log,22173
181,182,m2,12,11.167,10.000,-1.167,5.000,2000-01-01 00:31:19,3,run/data/m2/debug.log,14407
181,182,m3,12,11.167,10.000,-1.167,5.000,2000-01-01 00:31:20,3,run/data/m3/debug.log,4444
182,183,admin,12,10.583,10.000,-0.583,5.000,2000-01-01 00:31:41,2,run/data/admin/debug.log,2644
182,183,m1,12,10.583,10.000,-0.583,5.000,2000-01-01 00:31:28,3,run/data/m1/debug.log,22512
182,183,m2,12,10.583,10.000,-0.583,5.000,2000-01-01 00:31:29,3,run/data/m2/debug.log,14422
182,183,m3,12,10.583,10.000,-0.583,5.000,2000-01-01 00:31:30,3,run/data/m3/debug.log,4459
183,184,admin,12,11.000,10.000,-1.000,5.000,2000-01-01 00:31:53,2,run/data/admin/debug.log,2658
183,184,m1,12,11.000,10.000,-1.000,5.000,2000-01-01 00:31:41,3,run/data/m1/debug.log,22539
183,184,m2,12,11.000,10.000,-1.000,5.000,2000-01-01 00:31:41,3,run/data/m2/debug.log,14437
183,184,m3,12,11.000,10.000,-1.000,5.000,2000-01-01 00:31:42,3,run/data/m3/debug.log,4474
184,185,admin,12,10.667,10.000,-0.667,5.000,2000-01-01 00:32:01,2,run/data/admin/debug.log,2675
184,185,m1,12,10.667,10.000,-0.667,5.000,2000-01-01 00:31:53,3,run/data/m1/debug.log,22629
184,185,m2,12,10.667,10.000,-0.667,5.000,2000-01-01 00:31:53,3,run/data/m2/debug.log,14452
184,185,m3,12,10.667,10.000,-0.667,5.000,2000-01-01 00:31:54,3,run/data/m3/debug.log,4489
185,186,admin,12,10.000,10.000,+0.000,5.000,2000-01-01 00:32:15,2,run/data/admin/debug.log,2690
185,186,m1,12,10.000,10.000,+0.000,5.000,2000-01-01 00:32:00,3,run/data/m1/debug.log,22787
185,186,m2,12,10.000,10.000,+0.000,5.000,2000-01-01 00:32:01,3,run/data/m2/debug.log,14467
185,186,m3,12,10.000,10.000,+0.000,5.000,2000-01-01 00:32:02,3,run/data/m3/debug.log,4504
186,187,admin,12,10.167,10.000,-0.167,5.000,2000-01-01 00:32:28,2,run/data/admin/debug.log,2704
186,187,m1,12,10.167,10.000,-0.167,5.000,2000-01-01 00:32:15,3,run/data/m1/debug.log,22946
186,187,m2,12,10.167,10.000,-0.167,5.000,2000-01-01 00:32:15,3,run/data/m2/debug.log,14487
186,187,m3,12,10.167,10.000,-0.167,5.000,2000-01-01 00:32:16,3,run/data/m3/debug.log,4524
187,188,admin,12,10.083,10.000,-0.083,5.000,2000-01-01 00:32:36,2,run/data/admin/debug.log,2718
187,188,m1,12,10.083,10.000,-0.083,5.000,2000-01-01 00:32:28,3,run/data/m1/debug.log,23084
187,188,m2,12,10.083,10.000,-0.083,5.000,2000-01-01 00:32:29,3,run/data/m2/debug.log,14502
187,188,m3,12,10.083,10.000,-0.083,5.000,2000-01-01 00:32:29,3,run/data/m3/debug.log,4539
188,189,admin,12,10.000,10.000,+0.000,5.000,2000-01-01 00:32:42,2,run/data/admin/debug.log,2732
188,189,m1,12,10.000,10.000,+0.000,5.000,2000-01-01 00:32:37,3,run/data/m1/debug.log,23102
188,189,m2,12,10.000,10.000,+0.000,5.000,2000-01-01 00:32:35,3,run/data/m2/debug.log,14650
188,189,m3,12,10.000,10.000,+0.000,5.000,2000-01-01 00:32:36,3,run/data/m3/debug.log,4557
189,190,admin,12,9.917,10.000,+0.083,5.000,2000-01-01 00:32:54,5,run/data/admin/debug.log,2746
189,190,m1,12,9.917,10.000,+0.083,5.000,2000-01-01 00:32:42,6,run/data/m1/debug.log,23191
189,190,m2,12,9.917,10.000,+0.083,5.000,2000-01-01 00:32:43,6,run/data/m2/debug.log,14665
189,190,m3,12,9.917,10.000,+0.083,5.000,2000-01-01 00:32:43,6,run/data/m3/debug.log,4572
190,191,admin,12,10.167,10.000,-0.167,5.000,2000-01-01 00:33:09,2,run/data/admin/debug.log,2776
190,191,m1,12,10.167,10.000,-0.167,5.000,2000-01-01 00:32:54,3,run/data/m1/debug.log,23259
190,191,m2,12,10.167,10.000,-0.167,5.000,2000-01-01 00:32:54,3,run/data/m2/debug.log,14716
190,191,m3,12,10.167,10.000,-0.167,5.000,2000-01-01 00:32:55,3,run/data/m3/debug.log,4603
191,192,admin,12,10.500,10.000,-0.500,5.000,2000-01-01 00:33:15,2,run/data/admin/debug.log,2790
191,192,m1,12,10.500,10.000,-0.500,5.000,2000-01-01 00:33:10,3,run/data/m1/debug.log,23294
191,192,m2,12,10.500,10.000,-0.500,5.000,2000-01-01 00:33:08,3,run/data/m2/debug.log,15097
191,192,m3,12,10.500,10.000,-0.500,5.000,2000-01-01 00:33:10,3,run/data/m3/debug.log,4618
192,193,admin,12,10.583,10.000,-0.583,5.000,2000-01-01 00:33:25,2,run/data/admin/debug.log,2804
192,193,m1,12,10.583,10.000,-0.583,5.000,2000-01-01 00:33:16,3,run/data/m1/debug.log,23309
192,193,m2,12,10.583,10.000,-0.583,5.000,2000-01-01 00:33:15,3,run/data/m2/debug.log,15256
192,193,m3,12,10.583,10.000,-0.583,5.000,2000-01-01 00:33:16,3,run/data/m3/debug.log,4633
193,194,admin,12,10.500,10.000,-0.500,5.000,2000-01-01 00:33:36,2,run/data/admin/debug.log,2818
193,194,m1,12,10.500,10.000,-0.500,5.000,2000-01-01 00:33:25,3,run/data/m1/debug.log,23383
193,194,m2,12,10.500,10.000,-0.500,5.000,2000-01-01 00:33:26,3,run/data/m2/debug.log,15272
193,194,m3,12,10.500,10.000,-0.500,5.000,2000-01-01 00:33:26,3,run/data/m3/debug.log,4649
194,195,admin,12,10.667,10.000,-0.667,5.000,2000-01-01 00:33:48,2,run/data/admin/debug.log,2832
194,195,m1,12,10.667,10.000,-0.667,5.000,2000-01-01 00:33:37,3,run/data/m1/debug.log,23398
194,195,m2,12,10.667,10.000,-0.667,5.000,2000-01-01 00:33:36,3,run/data/m2/debug.log,15397
194,195,m3,12,10.667,10.000,-0.667,5.000,2000-01-01 00:33:37,3,run/data/m3/debug.log,4664
195,196,admin,12,10.583,10.000,-0.583,5.000,2000-01-01 00:33:55,2,run/data/admin/debug.log,2848
195,196,m1,12,10.583,10.000,-0.583,5.000,2000-01-01 00:33:49,3,run/data/m1/debug.log,23413
195,196,m2,12,10.583,10.000,-0.583,5.000,2000-01-01 00:33:48,3,run/data/m2/debug.log,15868
195,196,m3,12,10.583,10.000,-0.583,5.000,2000-01-01 00:33:49,3,run/data/m3/debug.log,4679
196,197,admin,12,10.167,10.000,-0.167,5.000,2000-01-01 00:34:08,2,run/data/admin/debug.log,2865
196,197,m1,12,10.167,10.000,-0.167,5.000,2000-01-01 00:33:56,3,run/data/m1/debug.log,23428
196,197,m2,12,10.167,10.000,-0.167,5.000,2000-01-01 00:33:55,3,run/data/m2/debug.log,15922
196,197,m3,12,10.167,10.000,-0.167,5.000,2000-01-01 00:33:55,3,run/data/m3/debug.log,4694
197,198,admin,12,10.667,10.000,-0.667,5.000,2000-01-01 00:34:18,2,run/data/admin/debug.log,2880
197,198,m1,12,10.667,10.000,-0.667,5.000,2000-01-01 00:34:08,3,run/data/m1/debug.log,23508
197,198,m2,12,10.667,10.000,-0.667,5.000,2000-01-01 00:34:09,3,run/data/m2/debug.log,15937
197,198,m3,12,10.667,10.000,-0.667,5.000,2000-01-01 00:34:09,3,run/data/m3/debug.log,4709
198,199,admin,12,10.250,10.000,-0.250,5.000,2000-01-01 00:34:27,2,run/data/admin/debug.log,2894
198,199,m1,12,10.250,10.000,-0.250,5.000,2000-01-01 00:34:18,3,run/data/m1/debug.log,23640
198,199,m2,12,10.250,10.000,-0.250,5.000,2000-01-01 00:34:19,3,run/data/m2/debug.log,15957
198,199,m3,12,10.250,10.000,-0.250,5.000,2000-01-01 00:34:19,3,run/data/m3/debug.log,4729
199,200,admin,12,9.917,10.000,+0.083,5.000,2000-01-01 00:34:43,2,run/data/admin/debug.log,2908
199,200,m1,12,9.917,10.000,+0.083,5.000,2000-01-01 00:34:27,3,run/data/m1/debug.log,24242
199,200,m2,12,9.917,10.000,+0.083,5.000,2000-01-01 00:34:28,3,run/data/m2/debug.log,15972
199,200,m3,12,9.917,10.000,+0.083,5.000,2000-01-01 00:34:28,3,run/data/m3/debug.log,4744
200,201,admin,12,10.583,10.000,-0.583,5.000,2000-01-01 00:34:52,2,run/data/admin/debug.log,2922
200,201,m1,12,10.583,10.000,-0.583,5.000,2000-01-01 00:34:42,3,run/data/m1/debug.log,24269
200,201,m2,12,10.583,10.000,-0.583,5.000,2000-01-01 00:34:43,3,run/data/m2/debug.log,15990
200,201,m3,12,10.583,10.000,-0.583,5.000,2000-01-01 00:34:43,3,run/data/m3/debug.log,4762
201,202,admin,12,10.833,10.000,-0.833,5.000,2000-01-01 00:35:03,2,run/data/admin/debug.log,2936
201,202,m1,12,10.833,10.000,-0.833,5.000,2000-01-01 00:34:52,3,run/data/m1/debug.log,24673
201,202,m2,12,10.833,10.000,-0.833,5.000,2000-01-01 00:34:53,3,run/data/m2/debug.log,16005
201,202,m3,12,10.833,10.000,-0.833,5.000,2000-01-01 00:34:53,3,run/data/m3/debug.log,4777
202,203,admin,12,10.750,10.000,-0.750,5.000,2000-01-01 00:35:12,2,run/data/admin/debug.log,2950
202,203,m1,12,10.750,10.000,-0.750,5.000,2000-01-01 00:35:03,3,run/data/m1/debug.log,25054
202,203,m2,12,10.750,10.000,-0.750,5.000,2000-01-01 00:35:04,3,run/data/m2/debug.log,16020
202,203,m3,12,10.750,10.000,-0.750,5.000,2000-01-01 00:35:04,3,run/data/m3/debug.log,4792
203,204,admin,12,10.333,10.000,-0.333,5.000,2000-01-01 00:35:24,2,run/data/admin/debug.log,2964
203,204,m1,12,10.333,10.000,-0.333,5.000,2000-01-01 00:35:12,3,run/data/m1/debug.log,25271
203,204,m2,12,10.333,10.000,-0.333,5.000,2000-01-01 00:35:13,3,run/data/m2/debug.log,16035
203,204,m3,12,10.333,10.000,-0.333,5.000,2000-01-01 00:35:13,3,run/data/m3/debug.log,4807
204,205,admin,12,10.750,10.000,-0.750,5.000,2000-01-01 00:35:38,5,run/data/admin/debug.log,2978
204,205,m1,12,10.750,10.000,-0.750,5.000,2000-01-01 00:35:24,6,run/data/m1/debug.log,25827
204,205,m2,12,10.750,10.000,-0.750,5.000,2000-01-01 00:35:25,6,run/data/m2/debug.log,16050
204,205,m3,12,10.750,10.000,-0.750,5.000,2000-01-01 00:35:25,6,run/data/m3/debug.log,4822
205,206,admin,12,11.083,10.000,-1.083,5.000,2000-01-01 00:35:50,2,run/data/admin/debug.log,3008
205,206,m1,12,11.083,10.000,-1.083,5.000,2000-01-01 00:35:38,3,run/data/m1/debug.log,25843
205,206,m2,12,11.083,10.000,-1.083,5.000,2000-01-01 00:35:38,3,run/data/m2/debug.log,16508
205,206,m3,12,11.083,10.000,-1.083,5.000,2000-01-01 00:35:38,3,run/data/m3/debug.log,5437
206,207,admin,12,11.167,10.000,-1.167,5.000,2000-01-01 00:36:00,2,run/data/admin/debug.log,3026
206,207,m1,12,11.167,10.000,-1.167,5.000,2000-01-01 00:35:51,3,run/data/m1/debug.log,25874
206,207,m2,12,11.167,10.000,-1.167,5.000,2000-01-01 00:35:50,3,run/data/m2/debug.log,16944
206,207,m3,12,11.167,10.000,-1.167,5.000,2000-01-01 00:35:50,3,run/data/m3/debug.log,5472
207,208,admin,12,11.000,10.000,-1.000,5.000,2000-01-01 00:36:15,2,run/data/admin/debug.log,3040
207,208,m1,12,11.000,10.000,-1.000,5.000,2000-01-01 00:36:00,3,run/data/m1/debug.log,26087
207,208,m2,12,11.000,10.000,-1.000,5.000,2000-01-01 00:36:01,3,run/data/m2/debug.log,16959
207,208,m3,12,11.000,10.000,-1.000,5.000,2000-01-01 00:36:01,3,run/data/m3/debug.log,5487
208,209,admin,12,11.667,10.000,-1.667,5.000,2000-01-01 00:36:23,2,run/data/admin/debug.log,3054
208,209,m1,12,11.667,10.000,-1.667,5.000,2000-01-01 00:36:15,3,run/data/m1/debug.log,26346
208,209,m2,12,11.667,10.000,-1.667,5.000,2000-01-01 00:36:15,3,run/data/m2/debug.log,16974
208,209,m3,12,11.667,10.000,-1.667,5.000,2000-01-01 00:36:16,3,run/data/m3/debug.log,5502
209,210,admin,12,11.167,10.000,-1.167,5.000,2000-01-01 00:36:38,5,run/data/admin/debug.log,3069
209,210,m1,12,11.167,10.000,-1.167,5.000,2000-01-01 00:36:22,6,run/data/m1/debug.log,26363
209,210,m2,12,11.167,10.000,-1.167,5.000,2000-01-01 00:36:23,6,run/data/m2/debug.log,16989
209,210,m3,12,11.167,10.000,-1.167,5.000,2000-01-01 00:36:23,6,run/data/m3/debug.log,5517
210,211,admin,12,11.667,10.000,-1.667,5.000,2000-01-01 00:36:46,2,run/data/admin/debug.log,3099
210,211,m1,12,11.667,10.000,-1.667,5.000,2000-01-01 00:36:38,3,run/data/m1/debug.log,27050
210,211,m2,12,11.667,10.000,-1.667,5.000,2000-01-01 00:36:38,3,run/data/m2/debug.log,17028
210,211,m3,12,11.667,10.000,-1.667,5.000,2000-01-01 00:36:38,3,run/data/m3/debug.log,5605
211,212,admin,12,11.500,10.000,-1.500,5.000,2000-01-01 00:36:56,2,run/data/admin/debug.log,3113
211,212,m1,12,11.500,10.000,-1.500,5.000,2000-01-01 00:36:45,3,run/data/m1/debug.log,27203
211,212,m2,12,11.500,10.000,-1.500,5.000,2000-01-01 00:36:46,3,run/data/m2/debug.log,17043
211,212,m3,12,11.500,10.000,-1.500,5.000,2000-01-01 00:36:47,3,run/data/m3/debug.log,5640
212,213,admin,12,11.083,10.000,-1.083,5.000,2000-01-01 00:37:10,5,run/data/admin/debug.log,3127
212,213,m1,12,11.083,10.000,-1.083,5.000,2000-01-01 00:36:55,6,run/data/m1/debug.log,27602
212,213,m2,12,11.083,10.000,-1.083,5.000,2000-01-01 00:36:56,6,run/data/m2/debug.log,17058
212,213,m3,12,11.083,10.000,-1.083,5.000,2000-01-01 00:36:56,6,run/data/m3/debug.log,5655
213,214,admin,12,11.417,10.000,-1.417,5.000,2000-01-01 00:37:23,2,run/data/admin/debug.log,3157
213,214,m1,12,11.500,10.000,-1.500,5.000,2000-01-01 00:37:10,3,run/data/m1/debug.log,27755
213,214,m2,12,11.417,10.000,-1.417,5.000,2000-01-01 00:37:09,3,run/data/m2/debug.log,17111
213,214,m3,12,11.417,10.000,-1.417,5.000,2000-01-01 00:37:11,3,run/data/m3/debug.log,5686
214,215,admin,12,11.583,10.000,-1.583,5.000,2000-01-01 00:37:29,2,run/data/admin/debug.log,3171
214,215,m1,12,11.583,10.000,-1.583,5.000,2000-01-01 00:37:23,3,run/data/m1/debug.log,27790
214,215,m2,12,11.583,10.000,-1.583,5.000,2000-01-01 00:37:22,3,run/data/m2/debug.log,17220
214,215,m3,12,11.583,10.000,-1.583,5.000,2000-01-01 00:37:23,3,run/data/m3/debug.log,5701
215,216,admin,12,11.333,10.000,-1.333,5.000,2000-01-01 00:37:37,2,run/data/admin/debug.log,3185
215,216,m1,12,11.333,10.000,-1.333,5.000,2000-01-01 00:37:28,3,run/data/m1/debug.log,27812
215,216,m2,12,11.333,10.000,-1.333,5.000,2000-01-01 00:37:29,3,run/data/m2/debug.log,17235
215,216,m3,12,11.333,10.000,-1.333,5.000,2000-01-01 00:37:29,3,run/data/m3/debug.log,5716
216,217,admin,12,11.083,10.000,-1.083,5.000,2000-01-01 00:37:44,2,run/data/admin/debug.log,3199
216,217,m1,12,11.083,10.000,-1.083,5.000,2000-01-01 00:37:37,3,run/data/m1/debug.log,28092
216,217,m2,12,11.083,10.000,-1.083,5.000,2000-01-01 00:37:38,3,run/data/m2/debug.log,17250
216,217,m3,12,11.083,10.000,-1.083,5.000,2000-01-01 00:37:38,3,run/data/m3/debug.log,5731
217,218,admin,12,10.500,10.000,-0.500,5.000,2000-01-01 00:37:51,2,run/data/admin/debug.log,3213
217,218,m1,12,10.500,10.000,-0.500,5.000,2000-01-01 00:37:44,3,run/data/m1/debug.log,28481
217,218,m2,12,10.500,10.000,-0.500,5.000,2000-01-01 00:37:44,3,run/data/m2/debug.log,17266
217,218,m3,12,10.500,10.000,-0.500,5.000,2000-01-01 00:37:45,3,run/data/m3/debug.log,5747
218,219,admin,12,10.083,10.000,-0.083,5.000,2000-01-01 00:38:00,2,run/data/admin/debug.log,3229
218,219,m1,12,10.083,10.000,-0.083,5.000,2000-01-01 00:37:51,3,run/data/m1/debug.log,28496
218,219,m2,12,10.083,10.000,-0.083,5.000,2000-01-01 00:37:51,3,run/data/m2/debug.log,17911
218,219,m3,12,10.083,10.000,-0.083,5.000,2000-01-01 00:37:53,3,run/data/m3/debug.log,5762
219,220,admin,12,9.917,10.000,+0.083,5.000,2000-01-01 00:38:11,2,run/data/admin/debug.log,3246
219,220,m1,12,9.917,10.000,+0.083,5.000,2000-01-01 00:38:00,3,run/data/m1/debug.log,28511
219,220,m2,12,9.917,10.000,+0.083,5.000,2000-01-01 00:38:00,3,run/data/m2/debug.log,17926
219,220,m3,12,9.917,10.000,+0.083,5.000,2000-01-01 00:37:59,3,run/data/m3/debug.log,5852
220,221,admin,12,9.583,10.000,+0.417,5.000,2000-01-01 00:38:24,2,run/data/admin/debug.log,3260
220,221,m1,12,9.583,10.000,+0.417,5.000,2000-01-01 00:38:11,3,run/data/m1/debug.log,28526
220,221,m2,12,9.583,10.000,+0.417,5.000,2000-01-01 00:38:11,3,run/data/m2/debug.log,17941
220,221,m3,12,9.583,10.000,+0.417,5.000,2000-01-01 00:38:10,3,run/data/m3/debug.log,6155
221,222,admin,12,10.083,10.000,-0.083,5.000,2000-01-01 00:38:36,2,run/data/admin/debug.log,3275
221,222,m1,12,10.083,10.000,-0.083,5.000,2000-01-01 00:38:23,3,run/data/m1/debug.log,28680
221,222,m2,12,10.083,10.000,-0.083,5.000,2000-01-01 00:38:24,3,run/data/m2/debug.log,17956
221,222,m3,12,10.083,10.000,-0.083,5.000,2000-01-01 00:38:24,3,run/data/m3/debug.log,6175
222,223,admin,12,9.750,10.000,+0.250,5.000,2000-01-01 00:38:51,2,run/data/admin/debug.log,3289
222,223,m1,12,9.750,10.000,+0.250,5.000,2000-01-01 00:38:35,3,run/data/m1/debug.log,29384
222,223,m2,12,9.750,10.000,+0.250,5.000,2000-01-01 00:38:36,3,run/data/m2/debug.log,17979
222,223,m3,12,9.750,10.000,+0.250,5.000,2000-01-01 00:38:37,3,run/data/m3/debug.log,6193
223,224,admin,12,10.500,10.000,-0.500,5.000,2000-01-01 00:38:59,2,run/data/admin/debug.log,3303
223,224,m1,12,10.500,10.000,-0.500,5.000,2000-01-01 00:38:51,3,run/data/m1/debug.log,29583
223,224,m2,12,10.500,10.000,-0.500,5.000,2000-01-01 00:38:52,3,run/data/m2/debug.log,17994
223,224,m3,12,10.500,10.000,-0.500,5.000,2000-01-01 00:38:52,3,run/data/m3/debug.log,6208
224,225,admin,12,10.333,10.000,-0.333,5.000,2000-01-01 00:39:09,2,run/data/admin/debug.log,3317
224,225,m1,12,10.333,10.000,-0.333,5.000,2000-01-01 00:38:59,3,run/data/m1/debug.log,30514
224,225,m2,12,10.333,10.000,-0.333,5.000,2000-01-01 00:38:59,3,run/data/m2/debug.log,18009
224,225,m3,12,10.333,10.000,-0.333,5.000,2000-01-01 00:39:00,3,run/data/m3/debug.log,6223
225,226,admin,12,10.000,10.000,+0.000,5.000,2000-01-01 00:39:18,2,run/data/admin/debug.log,3331
225,226,m1,12,10.000,10.000,+0.000,5.000,2000-01-01 00:39:09,3,run/data/m1/debug.log,30709
225,226,m2,12,10.000,10.000,+0.000,5.000,2000-01-01 00:39:09,3,run/data/m2/debug.log,18024
225,226,m3,12,10.000,10.000,+0.000,5.000,2000-01-01 00:39:10,3,run/data/m3/debug.log,6238
226,227,admin,12,9.583,10.000,+0.417,5.000,2000-01-01 00:39:25,2,run/data/admin/debug.log,3345
226,227,m1,12,9.583,10.000,+0.417,5.000,2000-01-01 00:39:17,3,run/data/m1/debug.log,30768
226,227,m2,12,9.583,10.000,+0.417,5.000,2000-01-01 00:39:18,3,run/data/m2/debug.log,18039
226,227,m3,12,9.583,10.000,+0.417,5.000,2000-01-01 00:39:18,3,run/data/m3/debug.log,6253
227,228,admin,12,9.750,10.000,+0.250,5.000,2000-01-01 00:39:36,2,run/data/admin/debug.log,3359
227,228,m1,12,9.750,10.000,+0.250,5.000,2000-01-01 00:39:26,3,run/data/m1/debug.log,30783
227,228,m2,12,9.750,10.000,+0.250,5.000,2000-01-01 00:39:25,3,run/data/m2/debug.log,18122
227,228,m3,12,9.750,10.000,+0.250,5.000,2000-01-01 00:39:26,3,run/data/m3/debug.log,6268
228,229,admin,12,9.917,10.000,+0.083,5.000,2000-01-01 00:39:51,2,run/data/admin/debug.log,3373
228,229,m1,12,9.917,10.000,+0.083,5.000,2000-01-01 00:39:36,3,run/data/m1/debug.log,30858
228,229,m2,12,9.917,10.000,+0.083,5.000,2000-01-01 00:39:37,3,run/data/m2/debug.log,18137
228,229,m3,12,9.917,10.000,+0.083,5.000,2000-01-01 00:39:37,3,run/data/m3/debug.log,6283
229,230,admin,12,10.583,10.000,-0.583,5.000,2000-01-01 00:40:02,2,run/data/admin/debug.log,3391
229,230,m1,12,10.583,10.000,-0.583,5.000,2000-01-01 00:39:51,3,run/data/m1/debug.log,30874
229,230,m2,12,10.583,10.000,-0.583,5.000,2000-01-01 00:39:51,3,run/data/m2/debug.log,18162
229,230,m3,12,10.583,10.000,-0.583,5.000,2000-01-01 00:39:52,3,run/data/m3/debug.log,6299
230,231,admin,12,10.833,10.000,-0.833,5.000,2000-01-01 00:40:09,2,run/data/admin/debug.log,3405
230,231,m1,12,10.833,10.000,-0.833,5.000,2000-01-01 00:40:01,3,run/data/m1/debug.log,31047
230,231,m2,12,10.833,10.000,-0.833,5.000,2000-01-01 00:40:02,3,run/data/m2/debug.log,18177
230,231,m3,12,10.833,10.000,-0.833,5.000,2000-01-01 00:40:02,3,run/data/m3/debug.log,6314
231,232,admin,12,10.833,10.000,-0.833,5.000,2000-01-01 00:40:24,2,run/data/admin/debug.log,3419
231,232,m1,12,10.833,10.000,-0.833,5.000,2000-01-01 00:40:09,3,run/data/m1/debug.log,31204
231,232,m2,12,10.833,10.000,-0.833,5.000,2000-01-01 00:40:10,3,run/data/m2/debug.log,18192
231,232,m3,12,10.833,10.000,-0.833,5.000,2000-01-01 00:40:10,3,run/data/m3/debug.log,6329
232,233,admin,12,11.083,10.000,-1.083,5.000,2000-01-01 00:40:34,2,run/data/admin/debug.log,3433
232,233,m1,12,11.083,10.000,-1.083,5.000,2000-01-01 00:40:23,3,run/data/m1/debug.log,31238
232,233,m2,12,11.083,10.000,-1.083,5.000,2000-01-01 00:40:24,3,run/data/m2/debug.log,18207
232,233,m3,12,11.083,10.000,-1.083,5.000,2000-01-01 00:40:24,3,run/data/m3/debug.log,6344
233,234,admin,12,10.917,10.000,-0.917,5.000,2000-01-01 00:40:41,2,run/data/admin/debug.log,3448
233,234,m1,12,10.917,10.000,-0.917,5.000,2000-01-01 00:40:34,3,run/data/m1/debug.log,31256
233,234,m2,12,10.917,10.000,-0.917,5.000,2000-01-01 00:40:34,3,run/data/m2/debug.log,18374
233,234,m3,12,10.917,10.000,-0.917,5.000,2000-01-01 00:40:35,3,run/data/m3/debug.log,6362
234,235,admin,12,10.500,10.000,-0.500,5.000,2000-01-01 00:40:50,2,run/data/admin/debug.log,3462
234,235,m1,12,10.500,10.000,-0.500,5.000,2000-01-01 00:40:41,3,run/data/m1/debug.log,31495
234,235,m2,12,10.500,10.000,-0.500,5.000,2000-01-01 00:40:42,3,run/data/m2/debug.log,18394
234,235,m3,12,10.500,10.000,-0.500,5.000,2000-01-01 00:40:42,3,run/data/m3/debug.log,6382
235,236,admin,12,9.917,10.000,+0.083,5.000,2000-01-01 00:41:00,2,run/data/admin/debug.log,3476
235,236,m1,12,9.917,10.000,+0.083,5.000,2000-01-01 00:40:50,3,run/data/m1/debug.log,31801
235,236,m2,12,9.917,10.000,+0.083,5.000,2000-01-01 00:40:50,3,run/data/m2/debug.log,18409
235,236,m3,12,9.917,10.000,+0.083,5.000,2000-01-01 00:40:51,3,run/data/m3/debug.log,6397
236,237,admin,12,10.083,10.000,-0.083,5.000,2000-01-01 00:41:14,2,run/data/admin/debug.log,3490
236,237,m1,12,10.083,10.000,-0.083,5.000,2000-01-01 00:41:00,3,run/data/m1/debug.log,31990
236,237,m2,12,10.083,10.000,-0.083,5.000,2000-01-01 00:41:00,3,run/data/m2/debug.log,18424
236,237,m3,12,10.083,10.000,-0.083,5.000,2000-01-01 00:41:01,3,run/data/m3/debug.log,6412
237,238,admin,12,10.417,10.000,-0.417,5.000,2000-01-01 00:41:23,2,run/data/admin/debug.log,3504
237,238,m1,12,10.417,10.000,-0.417,5.000,2000-01-01 00:41:14,3,run/data/m1/debug.log,32278
237,238,m2,12,10.417,10.000,-0.417,5.000,2000-01-01 00:41:15,3,run/data/m2/debug.log,18439
237,238,m3,12,10.417,10.000,-0.417,5.000,2000-01-01 00:41:15,3,run/data/m3/debug.log,6427
238,239,admin,12,10.500,10.000,-0.500,5.000,2000-01-01 00:41:38,2,run/data/admin/debug.log,3518
238,239,m1,12,10.500,10.000,-0.500,5.000,2000-01-01 00:41:23,3,run/data/m1/debug.log,32406
238,239,m2,12,10.500,10.000,-0.500,5.000,2000-01-01 00:41:23,3,run/data/m2/debug.log,18454
238,239,m3,12,10.500,10.000,-0.500,5.000,2000-01-01 00:41:24,3,run/data/m3/debug.log,6442
239,240,admin,12,11.083,10.000,-1.083,5.000,2000-01-01 00:41:50,2,run/data/admin/debug.log,3532
239,240,m1,12,11.083,10.000,-1.083,5.000,2000-01-01 00:41:38,3,run/data/m1/debug.log,32533
239,240,m2,12,11.083,10.000,-1.083,5.000,2000-01-01 00:41:39,3,run/data/m2/debug.log,18469
239,240,m3,12,11.083,10.000,-1.083,5.000,2000-01-01 00:41:39,3,run/data/m3/debug.log,6457
240,241,admin,12,11.083,10.000,-1.083,5.000,2000-01-01 00:41:56,2,run/data/admin/debug.log,3546
240,241,m1,12,11.083,10.000,-1.083,5.000,2000-01-01 00:41:49,3,run/data/m1/debug.log,33164
240,241,m2,12,11.083,10.000,-1.083,5.000,2000-01-01 00:41:50,3,run/data/m2/debug.log,18484
240,241,m3,12,11.083,10.000,-1.083,5.000,2000-01-01 00:41:50,3,run/data/m3/debug.log,6473
241,242,admin,12,10.333,10.000,-0.333,5.000,2000-01-01 00:42:03,2,run/data/admin/debug.log,3564
241,242,m1,12,10.333,10.000,-0.333,5.000,2000-01-01 00:41:56,3,run/data/m1/debug.log,33180
241,242,m2,12,10.333,10.000,-0.333,5.000,2000-01-01 00:41:55,3,run/data/m2/debug.log,18659
241,242,m3,12,10.333,10.000,-0.333,5.000,2000-01-01 00:41:57,3,run/data/m3/debug.log,6488
242,243,admin,12,10.083,10.000,-0.083,5.000,2000-01-01 00:42:15,2,run/data/admin/debug.log,3578
242,243,m1,12,10.083,10.000,-0.083,5.000,2000-01-01 00:42:02,3,run/data/m1/debug.log,33413
242,243,m2,12,10.083,10.000,-0.083,5.000,2000-01-01 00:42:03,3,run/data/m2/debug.log,18674
242,243,m3,12,10.083,10.000,-0.083,5.000,2000-01-01 00:42:03,3,run/data/m3/debug.log,6503
243,244,admin,12,10.417,10.000,-0.417,5.000,2000-01-01 00:42:23,2,run/data/admin/debug.log,3592
243,244,m1,12,10.417,10.000,-0.417,5.000,2000-01-01 00:42:16,3,run/data/m1/debug.log,33428
243,244,m2,12,10.417,10.000,-0.417,5.000,2000-01-01 00:42:15,3,run/data/m2/debug.log,18689
243,244,m3,12,10.417,10.000,-0.417,5.000,2000-01-01 00:42:14,3,run/data/m3/debug.log,7489
244,245,admin,12,9.917,10.000,+0.083,5.000,2000-01-01 00:42:31,2,run/data/admin/debug.log,3606
244,245,m1,12,9.917,10.000,+0.083,5.000,2000-01-01 00:42:23,3,run/data/m1/debug.log,33443
244,245,m2,12,9.917,10.000,+0.083,5.000,2000-01-01 00:42:23,3,run/data/m2/debug.log,18704
244,245,m3,12,9.917,10.000,+0.083,5.000,2000-01-01 00:42:22,3,run/data/m3/debug.log,8709
245,246,admin,12,9.750,10.000,+0.250,5.000,2000-01-01 00:42:38,2,run/data/admin/debug.log,3621
245,246,m1,12,9.750,10.000,+0.250,5.000,2000-01-01 00:42:31,3,run/data/m1/debug.log,33746
245,246,m2,12,9.750,10.000,+0.250,5.000,2000-01-01 00:42:32,3,run/data/m2/debug.log,18722
245,246,m3,12,9.750,10.000,+0.250,5.000,2000-01-01 00:42:32,3,run/data/m3/debug.log,8727
246,247,admin,12,9.750,10.000,+0.250,5.000,2000-01-01 00:42:53,2,run/data/admin/debug.log,3635
246,247,m1,12,9.750,10.000,+0.250,5.000,2000-01-01 00:42:38,3,run/data/m1/debug.log,34751
246,247,m2,12,9.750,10.000,+0.250,5.000,2000-01-01 00:42:38,3,run/data/m2/debug.log,18742
246,247,m3,12,9.750,10.000,+0.250,5.000,2000-01-01 00:42:39,3,run/data/m3/debug.log,8747
247,248,admin,12,10.250,10.000,-0.250,5.000,2000-01-01 00:43:01,2,run/data/admin/debug.log,3649
247,248,m1,12,10.250,10.000,-0.250,5.000,2000-01-01 00:42:53,3,run/data/m1/debug.log,34766
247,248,m2,12,10.250,10.000,-0.250,5.000,2000-01-01 00:42:53,3,run/data/m2/debug.log,18845
247,248,m3,12,10.250,10.000,-0.250,5.000,2000-01-01 00:42:54,3,run/data/m3/debug.log,8762
248,249,admin,12,10.000,10.000,+0.000,5.000,2000-01-01 00:43:12,2,run/data/admin/debug.log,3663
248,249,m1,12,10.000,10.000,+0.000,5.000,2000-01-01 00:43:01,3,run/data/m1/debug.log,34781
248,249,m2,12,10.000,10.000,+0.000,5.000,2000-01-01 00:43:00,3,run/data/m2/debug.log,18903
248,249,m3,12,10.000,10.000,+0.000,5.000,2000-01-01 00:43:02,3,run/data/m3/debug.log,8777
249,250,admin,12,9.833,10.000,+0.167,5.000,2000-01-01 00:43:19,2,run/data/admin/debug.log,3677
249,250,m1,12,9.833,10.000,+0.167,5.000,2000-01-01 00:43:12,3,run/data/m1/debug.log,35082
249,250,m2,12,9.833,10.000,+0.167,5.000,2000-01-01 00:43:12,3,run/data/m2/debug.log,18918
249,250,m3,12,9.833,10.000,+0.167,5.000,2000-01-01 00:43:13,3,run/data/m3/debug.log,8792
250,251,admin,12,9.583,10.000,+0.417,5.000,2000-01-01 00:43:31,2,run/data/admin/debug.log,3691
250,251,m1,12,9.583,10.000,+0.417,5.000,2000-01-01 00:43:18,3,run/data/m1/debug.log,35229
250,251,m2,12,9.583,10.000,+0.417,5.000,2000-01-01 00:43:19,3,run/data/m2/debug.log,18933
250,251,m3,12,9.583,10.000,+0.417,5.000,2000-01-01 00:43:19,3,run/data/m3/debug.log,8807
251,252,admin,12,9.333,10.000,+0.667,5.000,2000-01-01 00:43:46,2,run/data/admin/debug.log,3705
251,252,m1,12,9.333,10.000,+0.667,5.000,2000-01-01 00:43:30,3,run/data/m1/debug.log,35427
251,252,m2,12,9.333,10.000,+0.667,5.000,2000-01-01 00:43:31,3,run/data/m2/debug.log,18948
251,252,m3,12,9.333,10.000,+0.667,5.000,2000-01-01 00:43:31,3,run/data/m3/debug.log,8822
252,253,admin,12,9.750,10.000,+0.250,5.000,2000-01-01 00:43:54,2,run/data/admin/debug.log,3719
252,253,m1,12,9.750,10.000,+0.250,5.000,2000-01-01 00:43:46,3,run/data/m1/debug.log,35719
252,253,m2,12,9.750,10.000,+0.250,5.000,2000-01-01 00:43:46,3,run/data/m2/debug.log,18963
252,253,m3,12,9.750,10.000,+0.250,5.000,2000-01-01 00:43:47,3,run/data/m3/debug.log,8837
253,254,admin,12,9.917,10.000,+0.083,5.000,2000-01-01 00:43:59,2,run/data/admin/debug.log,3733
253,254,m1,12,9.917,10.000,+0.083,5.000,2000-01-01 00:43:54,3,run/data/m1/debug.log,36318
253,254,m2,12,9.917,10.000,+0.083,5.000,2000-01-01 00:43:54,3,run/data/m2/debug.log,18979
253,254,m3,12,9.917,10.000,+0.083,5.000,2000-01-01 00:43:55,3,run/data/m3/debug.log,8853
254,255,admin,12,9.750,10.000,+0.250,5.000,2000-01-01 00:44:12,2,run/data/admin/debug.log,3752
254,255,m1,12,9.750,10.000,+0.250,5.000,2000-01-01 00:43:59,3,run/data/m1/debug.log,36707
254,255,m2,12,9.750,10.000,+0.250,5.000,2000-01-01 00:44:00,3,run/data/m2/debug.log,18994
254,255,m3,12,9.750,10.000,+0.250,5.000,2000-01-01 00:44:00,3,run/data/m3/debug.log,8868
255,256,admin,12,9.750,10.000,+0.250,5.000,2000-01-01 00:44:27,2,run/data/admin/debug.log,3766
255,256,m1,12,9.750,10.000,+0.250,5.000,2000-01-01 00:44:11,3,run/data/m1/debug.log,36885
255,256,m2,12,9.750,10.000,+0.250,5.000,2000-01-01 00:44:12,3,run/data/m2/debug.log,19009
255,256,m3,12,9.750,10.000,+0.250,5.000,2000-01-01 00:44:12,3,run/data/m3/debug.log,8883
256,257,admin,12,10.417,10.000,-0.417,5.000,2000-01-01 00:44:42,2,run/data/admin/debug.log,3780
256,257,m1,12,10.417,10.000,-0.417,5.000,2000-01-01 00:44:27,3,run/data/m1/debug.log,37023
256,257,m2,12,10.417,10.000,-0.417,5.000,2000-01-01 00:44:27,3,run/data/m2/debug.log,19024
256,257,m3,12,10.417,10.000,-0.417,5.000,2000-01-01 00:44:28,3,run/data/m3/debug.log,8898
257,258,admin,12,10.833,10.000,-0.833,5.000,2000-01-01 00:44:52,2,run/data/admin/debug.log,3795
257,258,m1,12,10.833,10.000,-0.833,5.000,2000-01-01 00:44:42,3,run/data/m1/debug.log,37041
257,258,m2,12,10.833,10.000,-0.833,5.000,2000-01-01 00:44:41,3,run/data/m2/debug.log,19170
257,258,m3,12,10.833,10.000,-0.833,5.000,2000-01-01 00:44:43,3,run/data/m3/debug.log,8921
258,259,admin,12,11.167,10.000,-1.167,5.000,2000-01-01 00:45:05,2,run/data/admin/debug.log,3809
258,259,m1,12,11.167,10.000,-1.167,5.000,2000-01-01 00:44:52,3,run/data/m1/debug.log,38752
258,259,m2,12,11.167,10.000,-1.167,5.000,2000-01-01 00:44:52,3,run/data/m2/debug.log,19190
258,259,m3,12,11.167,10.000,-1.167,5.000,2000-01-01 00:44:53,3,run/data/m3/debug.log,8936
259,260,admin,12,11.000,10.000,-1.000,5.000,2000-01-01 00:45:16,2,run/data/admin/debug.log,3823
259,260,m1,12,11.000,10.000,-1.000,5.000,2000-01-01 00:45:05,3,run/data/m1/debug.log,38784
259,260,m2,12,11.000,10.000,-1.000,5.000,2000-01-01 00:45:06,3,run/data/m2/debug.log,19205
259,260,m3,12,11.000,10.000,-1.000,5.000,2000-01-01 00:45:06,3,run/data/m3/debug.log,8951
260,261,admin,12,11.333,10.000,-1.333,5.000,2000-01-01 00:45:30,2,run/data/admin/debug.log,3837
260,261,m1,12,11.333,10.000,-1.333,5.000,2000-01-01 00:45:16,3,run/data/m1/debug.log,38799
260,261,m2,12,11.333,10.000,-1.333,5.000,2000-01-01 00:45:16,3,run/data/m2/debug.log,20069
260,261,m3,12,11.333,10.000,-1.333,5.000,2000-01-01 00:45:17,3,run/data/m3/debug.log,8966
261,262,admin,12,11.500,10.000,-1.500,5.000,2000-01-01 00:45:42,2,run/data/admin/debug.log,3851
261,262,m1,12,11.500,10.000,-1.500,5.000,2000-01-01 00:45:30,3,run/data/m1/debug.log,38814
261,262,m2,12,11.500,10.000,-1.500,5.000,2000-01-01 00:45:30,3,run/data/m2/debug.log,20181
261,262,m3,12,11.500,10.000,-1.500,5.000,2000-01-01 00:45:31,3,run/data/m3/debug.log,8981
262,263,admin,12,12.000,10.000,-2.000,5.000,2000-01-01 00:45:48,2,run/data/admin/debug.log,3865
262,263,m1,12,12.000,10.000,-2.000,5.000,2000-01-01 00:45:43,3,run/data/m1/debug.log,38829
262,263,m2,12,12.000,10.000,-2.000,5.000,2000-01-01 00:45:42,3,run/data/m2/debug.log,21053
262,263,m3,12,12.000,10.000,-2.000,5.000,2000-01-01 00:45:43,3,run/data/m3/debug.log,8996
263,264,admin,12,11.417,10.000,-1.417,5.000,2000-01-01 00:45:58,2,run/data/admin/debug.log,3879
263,264,m1,12,11.417,10.000,-1.417,5.000,2000-01-01 00:45:48,3,run/data/m1/debug.log,38844
263,264,m2,12,11.417,10.000,-1.417,5.000,2000-01-01 00:45:48,3,run/data/m2/debug.log,22398
263,264,m3,12,11.417,10.000,-1.417,5.000,2000-01-01 00:45:49,3,run/data/m3/debug.log,9011
264,265,admin,12,11.000,10.000,-1.000,5.000,2000-01-01 00:46:06,2,run/data/admin/debug.log,3896
264,265,m1,12,11.000,10.000,-1.000,5.000,2000-01-01 00:45:59,3,run/data/m1/debug.log,38859
264,265,m2,12,11.000,10.000,-1.000,5.000,2000-01-01 00:45:59,3,run/data/m2/debug.log,22413
264,265,m3,12,11.000,10.000,-1.000,5.000,2000-01-01 00:45:58,3,run/data/m3/debug.log,9717
265,266,admin,12,11.000,10.000,-1.000,5.000,2000-01-01 00:46:18,2,run/data/admin/debug.log,3911
265,266,m1,12,11.000,10.000,-1.000,5.000,2000-01-01 00:46:06,3,run/data/m1/debug.log,39043
265,266,m2,12,11.000,10.000,-1.000,5.000,2000-01-01 00:46:06,3,run/data/m2/debug.log,22429
265,266,m3,12,11.000,10.000,-1.000,5.000,2000-01-01 00:46:07,3,run/data/m3/debug.log,9733
266,267,admin,12,11.583,10.000,-1.583,5.000,2000-01-01 00:46:32,2,run/data/admin/debug.log,3925
266,267,m1,12,11.583,10.000,-1.583,5.000,2000-01-01 00:46:19,3,run/data/m1/debug.log,39058
266,267,m2,12,11.583,10.000,-1.583,5.000,2000-01-01 00:46:18,3,run/data/m2/debug.log,22444
266,267,m3,12,11.583,10.000,-1.583,5.000,2000-01-01 00:46:18,3,run/data/m3/debug.log,10114
267,268,admin,12,11.750,10.000,-1.750,5.000,2000-01-01 00:46:47,2,run/data/admin/debug.log,3939
267,268,m1,12,11.750,10.000,-1.750,5.000,2000-01-01 00:46:32,3,run/data/m1/debug.log,40067
267,268,m2,12,11.750,10.000,-1.750,5.000,2000-01-01 00:46:33,3,run/data/m2/debug.log,22462
267,268,m3,12,11.750,10.000,-1.750,5.000,2000-01-01 00:46:33,3,run/data/m3/debug.log,10132
268,269,admin,12,11.583,10.000,-1.583,5.000,2000-01-01 00:46:54,2,run/data/admin/debug.log,3953
268,269,m1,12,11.583,10.000,-1.583,5.000,2000-01-01 00:46:46,3,run/data/m1/debug.log,40138
268,269,m2,12,11.583,10.000,-1.583,5.000,2000-01-01 00:46:47,3,run/data/m2/debug.log,22477
268,269,m3,12,11.583,10.000,-1.583,5.000,2000-01-01 00:46:47,3,run/data/m3/debug.log,10147
269,270,admin,12,11.083,10.000,-1.083,5.000,2000-01-01 00:47:08,2,run/data/admin/debug.log,3968
269,270,m1,12,11.083,10.000,-1.083,5.000,2000-01-01 00:46:54,3,run/data/m1/debug.log,40153
269,270,m2,12,11.083,10.000,-1.083,5.000,2000-01-01 00:46:54,3,run/data/m2/debug.log,23401
269,270,m3,12,11.083,10.000,-1.083,5.000,2000-01-01 00:46:55,3,run/data/m3/debug.log,10167
270,271,admin,12,11.250,10.000,-1.250,5.000,2000-01-01 00:47:20,2,run/data/admin/debug.log,3982
270,271,m1,12,11.250,10.000,-1.250,5.000,2000-01-01 00:47:07,3,run/data/m1/debug.log,40374
270,271,m2,12,11.250,10.000,-1.250,5.000,2000-01-01 00:47:08,3,run/data/m2/debug.log,23421
270,271,m3,12,11.250,10.000,-1.250,5.000,2000-01-01 00:47:08,3,run/data/m3/debug.log,10182
271,272,admin,12,11.167,10.000,-1.167,5.000,2000-01-01 00:47:35,2,run/data/admin/debug.log,3996
271,272,m1,12,11.167,10.000,-1.167,5.000,2000-01-01 00:47:19,3,run/data/m1/debug.log,40475
271,272,m2,12,11.167,10.000,-1.167,5.000,2000-01-01 00:47:20,3,run/data/m2/debug.log,23436
271,272,m3,12,11.167,10.000,-1.167,5.000,2000-01-01 00:47:20,3,run/data/m3/debug.log,10197
272,273,admin,12,11.583,10.000,-1.583,5.000,2000-01-01 00:47:46,2,run/data/admin/debug.log,4010
272,273,m1,12,11.583,10.000,-1.583,5.000,2000-01-01 00:47:35,3,run/data/m1/debug.log,40804
272,273,m2,12,11.583,10.000,-1.583,5.000,2000-01-01 00:47:35,3,run/data/m2/debug.log,23451
272,273,m3,12,11.583,10.000,-1.583,5.000,2000-01-01 00:47:36,3,run/data/m3/debug.log,10212
273,274,admin,12,11.333,10.000,-1.333,5.000,2000-01-01 00:47:54,2,run/data/admin/debug.log,4024
273,274,m1,12,11.333,10.000,-1.333,5.000,2000-01-01 00:47:46,3,run/data/m1/debug.log,40869
273,274,m2,12,11.333,10.000,-1.333,5.000,2000-01-01 00:47:46,3,run/data/m2/debug.log,23466
273,274,m3,12,11.333,10.000,-1.333,5.000,2000-01-01 00:47:47,3,run/data/m3/debug.log,10227
274,275,admin,12,11.000,10.000,-1.000,5.000,2000-01-01 00:48:02,2,run/data/admin/debug.log,4041
274,275,m1,12,11.000,10.000,-1.000,5.000,2000-01-01 00:47:55,3,run/data/m1/debug.log,40884
274,275,m2,12,11.000,10.000,-1.000,5.000,2000-01-01 00:47:54,3,run/data/m2/debug.log,24232
274,275,m3,12,11.000,10.000,-1.000,5.000,2000-01-01 00:47:55,3,run/data/m3/debug.log,10242
275,276,admin,12,11.250,10.000,-1.250,5.000,2000-01-01 00:48:16,2,run/data/admin/debug.log,4055
275,276,m1,12,11.250,10.000,-1.250,5.000,2000-01-01 00:48:02,3,run/data/m1/debug.log,40899
275,276,m2,12,11.250,10.000,-1.250,5.000,2000-01-01 00:48:02,3,run/data/m2/debug.log,24306
275,276,m3,12,11.250,10.000,-1.250,5.000,2000-01-01 00:48:03,3,run/data/m3/debug.log,10257
276,277,admin,12,11.500,10.000,-1.500,5.000,2000-01-01 00:48:23,2,run/data/admin/debug.log,4069
276,277,m1,12,11.500,10.000,-1.500,5.000,2000-01-01 00:48:16,3,run/data/m1/debug.log,40932
276,277,m2,12,11.500,10.000,-1.500,5.000,2000-01-01 00:48:16,3,run/data/m2/debug.log,24321
276,277,m3,12,11.500,10.000,-1.500,5.000,2000-01-01 00:48:16,3,run/data/m3/debug.log,10272
277,278,admin,12,11.417,10.000,-1.417,5.000,2000-01-01 00:48:36,2,run/data/admin/debug.log,4083
277,278,m1,12,11.417,10.000,-1.417,5.000,2000-01-01 00:48:24,3,run/data/m1/debug.log,40948
277,278,m2,12,11.417,10.000,-1.417,5.000,2000-01-01 00:48:23,3,run/data/m2/debug.log,24343
277,278,m3,12,11.417,10.000,-1.417,5.000,2000-01-01 00:48:24,3,run/data/m3/debug.log,10288
278,279,admin,12,11.500,10.000,-1.500,5.000,2000-01-01 00:48:52,2,run/data/admin/debug.log,4098
278,279,m1,12,11.500,10.000,-1.500,5.000,2000-01-01 00:48:36,3,run/data/m1/debug.log,40966
278,279,m2,12,11.500,10.000,-1.500,5.000,2000-01-01 00:48:36,3,run/data/m2/debug.log,24647
278,279,m3,12,11.500,10.000,-1.500,5.000,2000-01-01 00:48:37,3,run/data/m3/debug.log,10306
279,280,admin,12,11.583,10.000,-1.583,5.000,2000-01-01 00:49:06,2,run/data/admin/debug.log,4112
279,280,m1,12,11.583,10.000,-1.583,5.000,2000-01-01 00:48:52,3,run/data/m1/debug.log,40981
279,280,m2,12,11.583,10.000,-1.583,5.000,2000-01-01 00:48:51,3,run/data/m2/debug.log,24939
279,280,m3,12,11.583,10.000,-1.583,5.000,2000-01-01 00:48:53,3,run/data/m3/debug.log,10321
280,281,admin,12,11.667,10.000,-1.667,5.000,2000-01-01 00:49:19,2,run/data/admin/debug.log,4126
280,281,m1,12,11.667,10.000,-1.667,5.000,2000-01-01 00:49:06,3,run/data/m1/debug.log,41167
280,281,m2,12,11.667,10.000,-1.667,5.000,2000-01-01 00:49:07,3,run/data/m2/debug.log,24954
280,281,m3,12,11.667,10.000,-1.667,5.000,2000-01-01 00:49:07,3,run/data/m3/debug.log,10336
281,282,admin,12,12.000,10.000,-2.000,5.000,2000-01-01 00:49:32,2,run/data/admin/debug.log,4141
281,282,m1,12,12.000,10.000,-2.000,5.000,2000-01-01 00:49:18,3,run/data/m1/debug.log,41206
281,282,m2,12,12.000,10.000,-2.000,5.000,2000-01-01 00:49:19,3,run/data/m2/debug.log,24969
281,282,m3,12,12.000,10.000,-2.000,5.000,2000-01-01 00:49:19,3,run/data/m3/debug.log,10351
282,283,admin,12,12.000,10.000,-2.000,5.000,2000-01-01 00:49:43,2,run/data/admin/debug.log,4155
282,283,m1,12,12.000,10.000,-2.000,5.000,2000-01-01 00:49:31,3,run/data/m1/debug.log,41402
282,283,m2,12,12.000,10.000,-2.000,5.000,2000-01-01 00:49:32,3,run/data/m2/debug.log,24989
282,283,m3,12,12.000,10.000,-2.000,5.000,2000-01-01 00:49:32,3,run/data/m3/debug.log,10371
283,284,admin,12,11.917,10.000,-1.917,5.000,2000-01-01 00:49:57,2,run/data/admin/debug.log,4169
283,284,m1,12,11.917,10.000,-1.917,5.000,2000-01-01 00:49:43,3,run/data/m1/debug.log,41894
283,284,m2,12,11.917,10.000,-1.917,5.000,2000-01-01 00:49:43,3,run/data/m2/debug.log,25004
283,284,m3,12,11.917,10.000,-1.917,5.000,2000-01-01 00:49:45,3,run/data/m3/debug.log,10386
284,285,admin,12,11.833,10.000,-1.833,5.000,2000-01-01 00:50:09,2,run/data/admin/debug.log,4186
284,285,m1,12,11.833,10.000,-1.833,5.000,2000-01-01 00:49:57,3,run/data/m1/debug.log,42009
284,285,m2,12,11.833,10.000,-1.833,5.000,2000-01-01 00:49:57,3,run/data/m2/debug.log,25019
284,285,m3,12,11.833,10.000,-1.833,5.000,2000-01-01 00:49:58,3,run/data/m3/debug.log,10401
285,286,admin,12,11.833,10.000,-1.833,5.000,2000-01-01 00:50:14,2,run/data/admin/debug.log,4200
285,286,m1,12,11.833,10.000,-1.833,5.000,2000-01-01 00:50:09,3,run/data/m1/debug.log,42024
285,286,m2,12,11.833,10.000,-1.833,5.000,2000-01-01 00:50:08,3,run/data/m2/debug.log,25074
285,286,m3,12,11.833,10.000,-1.833,5.000,2000-01-01 00:50:10,3,run/data/m3/debug.log,10416
286,287,admin,12,11.667,10.000,-1.667,5.000,2000-01-01 00:50:26,2,run/data/admin/debug.log,4214
286,287,m1,12,11.667,10.000,-1.667,5.000,2000-01-01 00:50:14,3,run/data/m1/debug.log,42039
286,287,m2,12,11.667,10.000,-1.667,5.000,2000-01-01 00:50:14,3,run/data/m2/debug.log,26042
286,287,m3,12,11.667,10.000,-1.667,5.000,2000-01-01 00:50:15,3,run/data/m3/debug.log,10431
287,288,admin,12,11.917,10.000,-1.917,5.000,2000-01-01 00:50:35,2,run/data/admin/debug.log,4228
287,288,m1,12,11.917,10.000,-1.917,5.000,2000-01-01 00:50:25,3,run/data/m1/debug.log,42069
287,288,m2,12,11.917,10.000,-1.917,5.000,2000-01-01 00:50:26,3,run/data/m2/debug.log,26057
287,288,m3,12,11.917,10.000,-1.917,5.000,2000-01-01 00:50:26,3,run/data/m3/debug.log,10446
288,289,admin,12,11.500,10.000,-1.500,5.000,2000-01-01 00:50:44,2,run/data/admin/debug.log,4245
288,289,m1,12,11.500,10.000,-1.500,5.000,2000-01-01 00:50:34,3,run/data/m1/debug.log,42109
288,289,m2,12,11.500,10.000,-1.500,5.000,2000-01-01 00:50:35,3,run/data/m2/debug.log,26075
288,289,m3,12,11.500,10.000,-1.500,5.000,2000-01-01 00:50:35,3,run/data/m3/debug.log,10464
289,290,admin,12,11.750,10.000,-1.750,5.000,2000-01-01 00:50:59,2,run/data/admin/debug.log,4259
289,290,m1,12,11.750,10.000,-1.750,5.000,2000-01-01 00:50:44,3,run/data/m1/debug.log,42269
289,290,m2,12,11.750,10.000,-1.750,5.000,2000-01-01 00:50:45,3,run/data/m2/debug.log,26091
289,290,m3,12,11.750,10.000,-1.750,5.000,2000-01-01 00:50:45,3,run/data/m3/debug.log,10480
290,291,admin,12,11.833,10.000,-1.833,5.000,2000-01-01 00:51:09,2,run/data/admin/debug.log,4273
290,291,m1,12,11.833,10.000,-1.833,5.000,2000-01-01 00:51:00,3,run/data/m1/debug.log,42284
290,291,m2,12,11.833,10.000,-1.833,5.000,2000-01-01 00:50:59,3,run/data/m2/debug.log,26106
290,291,m3,12,11.833,10.000,-1.833,5.000,2000-01-01 00:50:58,3,run/data/m3/debug.log,10679
291,292,admin,12,11.417,10.000,-1.417,5.000,2000-01-01 00:51:22,2,run/data/admin/debug.log,4287
291,292,m1,12,11.417,10.000,-1.417,5.000,2000-01-01 00:51:08,3,run/data/m1/debug.log,42405
291,292,m2,12,11.417,10.000,-1.417,5.000,2000-01-01 00:51:09,3,run/data/m2/debug.log,26121
291,292,m3,12,11.417,10.000,-1.417,5.000,2000-01-01 00:51:09,3,run/data/m3/debug.log,10694
292,293,admin,12,11.333,10.000,-1.333,5.000,2000-01-01 00:51:37,2,run/data/admin/debug.log,4301
292,293,m1,12,11.333,10.000,-1.333,5.000,2000-01-01 00:51:22,3,run/data/m1/debug.log,42700
292,293,m2,12,11.333,10.000,-1.333,5.000,2000-01-01 00:51:23,3,run/data/m2/debug.log,26136
292,293,m3,12,11.333,10.000,-1.333,5.000,2000-01-01 00:51:22,3,run/data/m3/debug.log,10709
293,294,admin,12,11.583,10.000,-1.583,5.000,2000-01-01 00:51:48,2,run/data/admin/debug.log,4316
293,294,m1,12,11.583,10.000,-1.583,5.000,2000-01-01 00:51:37,3,run/data/m1/debug.log,42876
293,294,m2,12,11.583,10.000,-1.583,5.000,2000-01-01 00:51:37,3,run/data/m2/debug.log,26151
293,294,m3,12,11.583,10.000,-1.583,5.000,2000-01-01 00:51:38,3,run/data/m3/debug.log,10724
294,295,admin,12,11.417,10.000,-1.417,5.000,2000-01-01 00:52:02,2,run/data/admin/debug.log,4333
294,295,m1,12,11.417,10.000,-1.417,5.000,2000-01-01 00:51:48,3,run/data/m1/debug.log,43419
294,295,m2,12,11.417,10.000,-1.417,5.000,2000-01-01 00:51:50,3,run/data/m2/debug.log,26171
294,295,m3,12,11.417,10.000,-1.417,5.000,2000-01-01 00:51:49,3,run/data/m3/debug.log,10744
295,296,admin,12,11.583,10.000,-1.583,5.000,2000-01-01 00:52:07,2,run/data/admin/debug.log,4347
295,296,m1,12,11.583,10.000,-1.583,5.000,2000-01-01 00:52:01,3,run/data/m1/debug.log,43536
295,296,m2,12,11.583,10.000,-1.583,5.000,2000-01-01 00:52:02,3,run/data/m2/debug.log,26186
295,296,m3,12,11.583,10.000,-1.583,5.000,2000-01-01 00:52:02,3,run/data/m3/debug.log,10759
296,297,admin,12,10.833,10.000,-0.833,5.000,2000-01-01 00:52:16,2,run/data/admin/debug.log,4361
296,297,m1,12,10.833,10.000,-0.833,5.000,2000-01-01 00:52:07,3,run/data/m1/debug.log,43650
296,297,m2,12,10.833,10.000,-0.833,5.000,2000-01-01 00:52:07,3,run/data/m2/debug.log,26201
296,297,m3,12,10.833,10.000,-0.833,5.000,2000-01-01 00:52:07,3,run/data/m3/debug.log,10774
297,298,admin,12,10.667,10.000,-0.667,5.000,2000-01-01 00:52:27,2,run/data/admin/debug.log,4375
297,298,m1,12,10.667,10.000,-0.667,5.000,2000-01-01 00:52:17,3,run/data/m1/debug.log,43665
297,298,m2,12,10.667,10.000,-0.667,5.000,2000-01-01 00:52:16,3,run/data/m2/debug.log,26260
297,298,m3,12,10.667,10.000,-0.667,5.000,2000-01-01 00:52:17,3,run/data/m3/debug.log,10789
298,299,admin,12,11.083,10.000,-1.083,5.000,2000-01-01 00:52:37,2,run/data/admin/debug.log,4389
298,299,m1,12,11.083,10.000,-1.083,5.000,2000-01-01 00:52:28,3,run/data/m1/debug.log,43680
298,299,m2,12,11.083,10.000,-1.083,5.000,2000-01-01 00:52:27,3,run/data/m2/debug.log,26694
298,299,m3,12,11.083,10.000,-1.083,5.000,2000-01-01 00:52:28,3,run/data/m3/debug.log,10804
299,300,admin,12,10.917,10.000,-0.917,5.000,2000-01-01 00:52:48,2,run/data/admin/debug.log,4403
299,300,m1,12,10.917,10.000,-0.917,5.000,2000-01-01 00:52:36,3,run/data/m1/debug.log,43927
299,300,m2,12,10.917,10.000,-0.917,5.000,2000-01-01 00:52:38,3,run/data/m2/debug.log,26712
299,300,m3,12,10.917,10.000,-0.917,5.000,2000-01-01 00:52:37,3,run/data/m3/debug.log,10822
300,301,admin,12,11.083,10.000,-1.083,5.000,2000-01-01 00:52:56,2,run/data/admin/debug.log,4417
300,301,m1,12,11.083,10.000,-1.083,5.000,2000-01-01 00:52:47,3,run/data/m1/debug.log,44172
300,301,m2,12,11.083,10.000,-1.083,5.000,2000-01-01 00:52:48,3,run/data/m2/debug.log,26727
300,301,m3,12,11.083,10.000,-1.083,5.000,2000-01-01 00:52:48,3,run/data/m3/debug.log,10837
301,302,admin,12,11.000,10.000,-1.000,5.000,2000-01-01 00:53:08,2,run/data/admin/debug.log,4431
301,302,m1,12,11.000,10.000,-1.000,5.000,2000-01-01 00:52:56,3,run/data/m1/debug.log,44323
301,302,m2,12,11.000,10.000,-1.000,5.000,2000-01-01 00:52:57,3,run/data/m2/debug.log,26743
301,302,m3,12,11.000,10.000,-1.000,5.000,2000-01-01 00:52:57,3,run/data/m3/debug.log,10853
302,303,admin,12,10.750,10.000,-0.750,5.000,2000-01-01 00:53:13,2,run/data/admin/debug.log,4445
302,303,m1,12,10.750,10.000,-0.750,5.000,2000-01-01 00:53:07,3,run/data/m1/debug.log,44573
302,303,m2,12,10.750,10.000,-0.750,5.000,2000-01-01 00:53:09,3,run/data/m2/debug.log,26758
302,303,m3,12,10.750,10.000,-0.750,5.000,2000-01-01 00:53:08,3,run/data/m3/debug.log,10868
303,304,admin,12,10.417,10.000,-0.417,5.000,2000-01-01 00:53:22,2,run/data/admin/debug.log,4460
303,304,m1,12,10.417,10.000,-0.417,5.000,2000-01-01 00:53:13,3,run/data/m1/debug.log,44735
303,304,m2,12,10.417,10.000,-0.417,5.000,2000-01-01 00:53:13,3,run/data/m2/debug.log,26773
303,304,m3,12,10.417,10.000,-0.417,5.000,2000-01-01 00:53:13,3,run/data/m3/debug.log,10883
304,305,admin,12,10.000,10.000,+0.000,5.000,2000-01-01 00:53:38,2,run/data/admin/debug.log,4474
304,305,m1,12,10.000,10.000,+0.000,5.000,2000-01-01 00:53:23,3,run/data/m1/debug.log,44750
304,305,m2,12,10.000,10.000,+0.000,5.000,2000-01-01 00:53:22,3,run/data/m2/debug.log,27078
304,305,m3,12,10.000,10.000,+0.000,5.000,2000-01-01 00:53:23,3,run/data/m3/debug.log,10898
305,306,admin,12,10.000,10.000,+0.000,5.000,2000-01-01 00:53:48,2,run/data/admin/debug.log,4489
305,306,m1,12,10.000,10.000,+0.000,5.000,2000-01-01 00:53:38,3,run/data/m1/debug.log,44765
305,306,m2,12,10.000,10.000,+0.000,5.000,2000-01-01 00:53:37,3,run/data/m2/debug.log,27140
305,306,m3,12,10.000,10.000,+0.000,5.000,2000-01-01 00:53:39,3,run/data/m3/debug.log,10913
306,307,admin,12,9.917,10.000,+0.083,5.000,2000-01-01 00:54:03,2,run/data/admin/debug.log,4506
306,307,m1,12,9.917,10.000,+0.083,5.000,2000-01-01 00:53:48,3,run/data/m1/debug.log,44785
306,307,m2,12,9.917,10.000,+0.083,5.000,2000-01-01 00:53:47,3,run/data/m2/debug.log,27220
306,307,m3,12,9.917,10.000,+0.083,5.000,2000-01-01 00:53:49,3,run/data/m3/debug.log,10933
307,308,admin,12,10.167,10.000,-0.167,5.000,2000-01-01 00:54:16,2,run/data/admin/debug.log,4520
307,308,m1,12,10.167,10.000,-0.167,5.000,2000-01-01 00:54:03,3,run/data/m1/debug.log,44800
307,308,m2,12,10.167,10.000,-0.167,5.000,2000-01-01 00:54:03,3,run/data/m2/debug.log,27957
307,308,m3,12,10.167,10.000,-0.167,5.000,2000-01-01 00:54:04,3,run/data/m3/debug.log,10948
308,309,admin,12,10.667,10.000,-0.667,5.000,2000-01-01 00:54:27,2,run/data/admin/debug.log,4534
308,309,m1,12,10.667,10.000,-0.667,5.000,2000-01-01 00:54:15,3,run/data/m1/debug.log,45059
308,309,m2,12,10.667,10.000,-0.667,5.000,2000-01-01 00:54:16,3,run/data/m2/debug.log,27972
308,309,m3,12,10.667,10.000,-0.667,5.000,2000-01-01 00:54:16,3,run/data/m3/debug.log,10963
309,310,admin,12,10.833,10.000,-0.833,5.000,2000-01-01 00:54:37,2,run/data/admin/debug.log,4548
309,310,m1,12,10.833,10.000,-0.833,5.000,2000-01-01 00:54:26,3,run/data/m1/debug.log,45124
309,310,m2,12,10.833,10.000,-0.833,5.000,2000-01-01 00:54:27,3,run/data/m2/debug.log,27987
309,310,m3,12,10.833,10.000,-0.833,5.000,2000-01-01 00:54:27,3,run/data/m3/debug.log,10978
310,311,admin,12,10.833,10.000,-0.833,5.000,2000-01-01 00:54:49,2,run/data/admin/debug.log,4562
310,311,m1,12,10.833,10.000,-0.833,5.000,2000-01-01 00:54:37,3,run/data/m1/debug.log,45142
310,311,m2,12,10.833,10.000,-0.833,5.000,2000-01-01 00:54:37,3,run/data/m2/debug.log,28221
310,311,m3,12,10.833,10.000,-0.833,5.000,2000-01-01 00:54:38,3,run/data/m3/debug.log,10996
311,312,admin,12,11.083,10.000,-1.083,5.000,2000-01-01 00:55:00,2,run/data/admin/debug.log,4576
311,312,m1,12,11.083,10.000,-1.083,5.000,2000-01-01 00:54:50,3,run/data/m1/debug.log,45157
311,312,m2,12,11.083,10.000,-1.083,5.000,2000-01-01 00:54:49,3,run/data/m2/debug.log,28249
311,312,m3,12,11.083,10.000,-1.083,5.000,2000-01-01 00:54:50,3,run/data/m3/debug.log,11011
312,313,admin,12,11.083,10.000,-1.083,5.000,2000-01-01 00:55:11,2,run/data/admin/debug.log,4590
312,313,m1,12,11.083,10.000,-1.083,5.000,2000-01-01 00:55:01,3,run/data/m1/debug.log,45172
312,313,m2,12,11.083,10.000,-1.083,5.000,2000-01-01 00:55:00,3,run/data/m2/debug.log,29138
312,313,m3,12,11.083,10.000,-1.083,5.000,2000-01-01 00:55:01,3,run/data/m3/debug.log,11026
313,314,admin,12,11.167,10.000,-1.167,5.000,2000-01-01 00:55:23,2,run/data/admin/debug.log,4606
313,314,m1,12,11.167,10.000,-1.167,5.000,2000-01-01 00:55:10,3,run/data/m1/debug.log,45594
313,314,m2,12,11.167,10.000,-1.167,5.000,2000-01-01 00:55:11,3,run/data/m2/debug.log,29154
313,314,m3,12,11.167,10.000,-1.167,5.000,2000-01-01 00:55:11,3,run/data/m3/debug.log,11042
314,315,admin,12,11.333,10.000,-1.333,5.000,2000-01-01 00:55:33,2,run/data/admin/debug.log,4620
314,315,m1,12,11.333,10.000,-1.333,5.000,2000-01-01 00:55:23,3,run/data/m1/debug.log,45767
314,315,m2,12,11.333,10.000,-1.333,5.000,2000-01-01 00:55:23,3,run/data/m2/debug.log,29169
314,315,m3,12,11.333,10.000,-1.333,5.000,2000-01-01 00:55:24,3,run/data/m3/debug.log,11057
315,316,admin,12,11.583,10.000,-1.583,5.000,2000-01-01 00:55:41,2,run/data/admin/debug.log,4634
315,316,m1,12,11.583,10.000,-1.583,5.000,2000-01-01 00:55:32,3,run/data/m1/debug.log,45996
315,316,m2,12,11.583,10.000,-1.583,5.000,2000-01-01 00:55:33,3,run/data/m2/debug.log,29184
315,316,m3,12,11.583,10.000,-1.583,5.000,2000-01-01 00:55:33,3,run/data/m3/debug.log,11072
316,317,admin,12,11.500,10.000,-1.500,5.000,2000-01-01 00:55:55,2,run/data/admin/debug.log,4648
316,317,m1,12,11.500,10.000,-1.500,5.000,2000-01-01 00:55:40,3,run/data/m1/debug.log,46075
316,317,m2,12,11.500,10.000,-1.500,5.000,2000-01-01 00:55:41,3,run/data/m2/debug.log,29199
316,317,m3,12,11.500,10.000,-1.500,5.000,2000-01-01 00:55:41,3,run/data/m3/debug.log,11087
317,318,admin,12,11.417,10.000,-1.417,5.000,2000-01-01 00:56:06,2,run/data/admin/debug.log,4666
317,318,m1,12,11.417,10.000,-1.417,5.000,2000-01-01 00:55:54,3,run/data/m1/debug.log,46197
317,318,m2,12,11.417,10.000,-1.417,5.000,2000-01-01 00:55:55,3,run/data/m2/debug.log,29214
317,318,m3,12,11.417,10.000,-1.417,5.000,2000-01-01 00:55:55,3,run/data/m3/debug.log,11102
318,319,admin,12,11.583,10.000,-1.583,5.000,2000-01-01 00:56:16,2,run/data/admin/debug.log,4680
318,319,m1,12,11.583,10.000,-1.583,5.000,2000-01-01 00:56:07,3,run/data/m1/debug.log,46217
318,319,m2,12,11.583,10.000,-1.583,5.000,2000-01-01 00:56:06,3,run/data/m2/debug.log,29896
318,319,m3,12,11.583,10.000,-1.583,5.000,2000-01-01 00:56:07,3,run/data/m3/debug.log,11121
319,320,admin,12,11.000,10.000,-1.000,5.000,2000-01-01 00:56:30,2,run/data/admin/debug.log,4694
319,320,m1,12,11.000,10.000,-1.000,5.000,2000-01-01 00:56:15,3,run/data/m1/debug.log,46359
319,320,m2,12,11.000,10.000,-1.000,5.000,2000-01-01 00:56:16,3,run/data/m2/debug.log,29911
319,320,m3,12,11.000,10.000,-1.000,5.000,2000-01-01 00:56:16,3,run/data/m3/debug.log,11136
320,321,admin,12,11.250,10.000,-1.250,5.000,2000-01-01 00:56:37,2,run/data/admin/debug.log,4708
320,321,m1,12,11.250,10.000,-1.250,5.000,2000-01-01 00:56:30,3,run/data/m1/debug.log,46394
320,321,m2,12,11.250,10.000,-1.250,5.000,2000-01-01 00:56:30,3,run/data/m2/debug.log,29929
320,321,m3,12,11.250,10.000,-1.250,5.000,2000-01-01 00:56:30,3,run/data/m3/debug.log,11151
321,322,admin,12,10.917,10.000,-0.917,5.000,2000-01-01 00:56:43,2,run/data/admin/debug.log,4722
321,322,m1,12,10.917,10.000,-0.917,5.000,2000-01-01 00:56:37,3,run/data/m1/debug.log,46412
321,322,m2,12,10.917,10.000,-0.917,5.000,2000-01-01 00:56:37,3,run/data/m2/debug.log,30187
321,322,m3,12,10.917,10.000,-0.917,5.000,2000-01-01 00:56:38,3,run/data/m3/debug.log,11169
322,323,admin,12,10.500,10.000,-0.500,5.000,2000-01-01 00:56:58,2,run/data/admin/debug.log,4736
322,323,m1,12,10.500,10.000,-0.500,5.000,2000-01-01 00:56:43,3,run/data/m1/debug.log,46856
322,323,m2,12,10.500,10.000,-0.500,5.000,2000-01-01 00:56:43,3,run/data/m2/debug.log,30202
322,323,m3,12,10.500,10.000,-0.500,5.000,2000-01-01 00:56:44,3,run/data/m3/debug.log,11184
323,324,admin,12,10.667,10.000,-0.667,5.000,2000-01-01 00:57:08,2,run/data/admin/debug.log,4750
323,324,m1,12,10.667,10.000,-0.667,5.000,2000-01-01 00:56:57,3,run/data/m1/debug.log,46988
323,324,m2,12,10.667,10.000,-0.667,5.000,2000-01-01 00:56:58,3,run/data/m2/debug.log,30217
323,324,m3,12,10.667,10.000,-0.667,5.000,2000-01-01 00:56:58,3,run/data/m3/debug.log,11199
324,325,admin,12,10.583,10.000,-0.583,5.000,2000-01-01 00:57:19,2,run/data/admin/debug.log,4764
324,325,m1,12,10.583,10.000,-0.583,5.000,2000-01-01 00:57:07,3,run/data/m1/debug.log,47075
324,325,m2,12,10.583,10.000,-0.583,5.000,2000-01-01 00:57:08,3,run/data/m2/debug.log,30232
324,325,m3,12,10.583,10.000,-0.583,5.000,2000-01-01 00:57:08,3,run/data/m3/debug.log,11214
325,326,admin,12,10.667,10.000,-0.667,5.000,2000-01-01 00:57:29,2,run/data/admin/debug.log,4779
325,326,m1,12,10.667,10.000,-0.667,5.000,2000-01-01 00:57:18,3,run/data/m1/debug.log,47247
325,326,m2,12,10.667,10.000,-0.667,5.000,2000-01-01 00:57:20,3,run/data/m2/debug.log,30248
325,326,m3,12,10.667,10.000,-0.667,5.000,2000-01-01 00:57:19,3,run/data/m3/debug.log,11230
326,327,admin,12,10.417,10.000,-0.417,5.000,2000-01-01 00:57:34,2,run/data/admin/debug.log,4793
326,327,m1,12,10.417,10.000,-0.417,5.000,2000-01-01 00:57:28,3,run/data/m1/debug.log,47561
326,327,m2,12,10.417,10.000,-0.417,5.000,2000-01-01 00:57:28,3,run/data/m2/debug.log,30263
326,327,m3,12,10.417,10.000,-0.417,5.000,2000-01-01 00:57:29,3,run/data/m3/debug.log,11245
327,328,admin,12,10.167,10.000,-0.167,5.000,2000-01-01 00:57:46,2,run/data/admin/debug.log,4808
327,328,m1,12,10.167,10.000,-0.167,5.000,2000-01-01 00:57:34,3,run/data/m1/debug.log,47777
327,328,m2,12,10.167,10.000,-0.167,5.000,2000-01-01 00:57:34,3,run/data/m2/debug.log,30278
327,328,m3,12,10.167,10.000,-0.167,5.000,2000-01-01 00:57:34,3,run/data/m3/debug.log,11260
328,329,admin,12,10.417,10.000,-0.417,5.000,2000-01-01 00:57:54,2,run/data/admin/debug.log,4822
328,329,m1,12,10.417,10.000,-0.417,5.000,2000-01-01 00:57:47,3,run/data/m1/debug.log,47792
328,329,m2,12,10.417,10.000,-0.417,5.000,2000-01-01 00:57:46,3,run/data/m2/debug.log,30293
328,329,m3,12,10.417,10.000,-0.417,5.000,2000-01-01 00:57:45,3,run/data/m3/debug.log,12607
329,330,admin,12,9.917,10.000,+0.083,5.000,2000-01-01 00:58:05,2,run/data/admin/debug.log,4840
329,330,m1,12,9.917,10.000,+0.083,5.000,2000-01-01 00:57:53,3,run/data/m1/debug.log,47882
329,330,m2,12,9.917,10.000,+0.083,5.000,2000-01-01 00:57:54,3,run/data/m2/debug.log,30308
329,330,m3,12,9.917,10.000,+0.083,5.000,2000-01-01 00:57:54,3,run/data/m3/debug.log,12622
330,331,admin,12,9.833,10.000,+0.167,5.000,2000-01-01 00:58:15,2,run/data/admin/debug.log,4854
330,331,m1,12,9.833,10.000,+0.167,5.000,2000-01-01 00:58:04,3,run/data/m1/debug.log,47910
330,331,m2,12,9.833,10.000,+0.167,5.000,2000-01-01 00:58:05,3,run/data/m2/debug.log,30328
330,331,m3,12,9.833,10.000,+0.167,5.000,2000-01-01 00:58:05,3,run/data/m3/debug.log,12642
331,332,admin,12,9.917,10.000,+0.083,5.000,2000-01-01 00:58:26,2,run/data/admin/debug.log,4868
331,332,m1,12,9.917,10.000,+0.083,5.000,2000-01-01 00:58:14,3,run/data/m1/debug.log,48524
331,332,m2,12,9.917,10.000,+0.083,5.000,2000-01-01 00:58:15,3,run/data/m2/debug.log,30343
331,332,m3,12,9.917,10.000,+0.083,5.000,2000-01-01 00:58:15,3,run/data/m3/debug.log,12657
332,333,admin,12,9.583,10.000,+0.417,5.000,2000-01-01 00:58:32,2,run/data/admin/debug.log,4882
332,333,m1,12,9.583,10.000,+0.417,5.000,2000-01-01 00:58:25,3,run/data/m1/debug.log,48734
332,333,m2,12,9.583,10.000,+0.417,5.000,2000-01-01 00:58:26,3,run/data/m2/debug.log,30358
332,333,m3,12,9.583,10.000,+0.417,5.000,2000-01-01 00:58:26,3,run/data/m3/debug.log,12672
333,334,admin,12,9.583,10.000,+0.417,5.000,2000-01-01 00:58:41,2,run/data/admin/debug.log,4896
333,334,m1,12,9.583,10.000,+0.417,5.000,2000-01-01 00:58:32,3,run/data/m1/debug.log,49194
333,334,m2,12,9.583,10.000,+0.417,5.000,2000-01-01 00:58:32,3,run/data/m2/debug.log,30376
333,334,m3,12,9.583,10.000,+0.417,5.000,2000-01-01 00:58:32,3,run/data/m3/debug.log,12690
334,335,admin,12,9.833,10.000,+0.167,5.000,2000-01-01 00:58:50,2,run/data/admin/debug.log,4910
334,335,m1,12,9.833,10.000,+0.167,5.000,2000-01-01 00:58:41,3,run/data/m1/debug.log,49690
334,335,m2,12,9.833,10.000,+0.167,5.000,2000-01-01 00:58:41,3,run/data/m2/debug.log,30391
334,335,m3,12,9.833,10.000,+0.167,5.000,2000-01-01 00:58:41,3,run/data/m3/debug.log,12705
335,336,admin,12,9.417,10.000,+0.583,5.000,2000-01-01 00:59:02,5,run/data/admin/debug.log,4924
335,336,m1,12,9.417,10.000,+0.583,5.000,2000-01-01 00:58:50,6,run/data/m1/debug.log,50411
335,336,m2,12,9.417,10.000,+0.583,5.000,2000-01-01 00:58:50,6,run/data/m2/debug.log,30406
335,336,m3,12,9.417,10.000,+0.583,5.000,2000-01-01 00:58:50,6,run/data/m3/debug.log,12720
336,337,admin,12,9.583,10.000,+0.417,5.000,2000-01-01 00:59:14,2,run/data/admin/debug.log,4954
336,337,m1,12,9.583,10.000,+0.417,5.000,2000-01-01 00:59:02,3,run/data/m1/debug.log,51036
336,337,m2,12,9.583,10.000,+0.417,5.000,2000-01-01 00:59:02,3,run/data/m2/debug.log,30421
336,337,m3,12,9.833,10.000,+0.167,5.000,2000-01-01 00:59:05,3,run/data/m3/debug.log,12892
337,338,admin,12,9.667,10.000,+0.333,5.000,2000-01-01 00:59:28,2,run/data/admin/debug.log,4969
337,338,m1,12,9.667,10.000,+0.333,5.000,2000-01-01 00:59:14,3,run/data/m1/debug.log,51371
337,338,m2,12,9.667,10.000,+0.333,5.000,2000-01-01 00:59:15,3,run/data/m2/debug.log,30453
337,338,m3,12,9.667,10.000,+0.333,5.000,2000-01-01 00:59:15,3,run/data/m3/debug.log,12928
338,339,admin,12,10.000,10.000,+0.000,5.000,2000-01-01 00:59:38,2,run/data/admin/debug.log,4983
338,339,m1,12,10.000,10.000,+0.000,5.000,2000-01-01 00:59:28,3,run/data/m1/debug.log,51655
338,339,m2,12,10.000,10.000,+0.000,5.000,2000-01-01 00:59:30,3,run/data/m2/debug.log,30468
338,339,m3,12,10.000,10.000,+0.000,5.000,2000-01-01 00:59:30,3,run/data/m3/debug.log,12943
339,340,m1,12,10.250,10.000,-0.250,5.000,2000-01-01 00:59:38,1,run/data/m1/debug.log,51670
339,340,m2,12,10.250,10.000,-0.250,5.000,2000-01-01 00:59:37,1,run/data/m2/debug.log,30641
339,340,m3,12,10.250,10.000,-0.250,5.000,2000-01-01 00:59:38,1,run/data/m3/debug.log,12958
