height,epoch,in_setup,host,address,score_raw,delay_logged_s,start_in_s,log_timestamp,duplicate_index,source_file,source_line
64,6,1,m1,1CoWuY4gZW7xVpsTregiYWuhnsmgnnBimpbDjx,2.88251476e-06,8.672,8.672,2000-01-01 00:10:32,0,run/data/m1/debug.log,462
64,6,1,m2,1U9k1edYTa5QzLkoar9sYbaRncvZGQCJ33agpc,1.91466022e-05,14.496,14.496,2000-01-01 00:10:30,0,run/data/m2/debug.log,460
64,6,1,m3,1H2ZSPhnLnBw6i2ghJ5DcHXH7AafiDkSkFdiq2,3.21588512e-05,14.894,14.894,2000-01-01 00:10:31,0,run/data/m3/debug.log,472
65,6,0,m1,1CoWuY4gZW7xVpsTregiYWuhnsmgnnBimpbDjx,3.53641882e-06,9.401,9.401,2000-01-01 00:10:40,0,run/data/m1/debug.log,494
65,6,0,m2,1U9k1edYTa5QzLkoar9sYbaRncvZGQCJ33agpc,3.11846266e-06,9.006,9.006,2000-01-01 00:10:41,0,run/data/m2/debug.log,475
65,6,0,m3,1H2ZSPhnLnBw6i2ghJ5DcHXH7AafiDkSkFdiq2,6.51033456e-05,15.050,15.050,2000-01-01 00:10:41,0,run/data/m3/debug.log,487
66,6,0,m1,1CoWuY4gZW7xVpsTregiYWuhnsmgnnBimpbDjx,1.5381764e-06,7.149,7.149,2000-01-01 00:10:50,0,run/data/m1/debug.log,512
66,6,0,m2,1U9k1edYTa5QzLkoar9sYbaRncvZGQCJ33agpc,2.04901779e-05,14.584,14.584,2000-01-01 00:10:51,0,run/data/m2/debug.log,495
66,6,0,m3,1H2ZSPhnLnBw6i2ghJ5DcHXH7AafiDkSkFdiq2,5.79237415e-05,14.949,14.949,2000-01-01 00:10:51,0,run/data/m3/debug.log,502
67,6,0,m1,1CoWuY4gZW7xVpsTregiYWuhnsmgnnBimpbDjx,6.77353104e-06,11.556,11.556,2000-01-01 00:10:58,0,run/data/m1/debug.log,884
67,6,0,m2,1U9k1edYTa5QzLkoar9sYbaRncvZGQCJ33agpc,6.90419926e-05,15.000,15.000,2000-01-01 00:10:59,0,run/data/m2/debug.log,510
67,6,0,m3,1H2ZSPhnLnBw6i2ghJ5DcHXH7AafiDkSkFdiq2,0.000127673527,15.000,15.000,2000-01-01 00:10:59,0,run/data/m3/debug.log,521
68,6,0,m1,1CoWuY4gZW7xVpsTregiYWuhnsmgnnBimpbDjx,9.32308317e-06,12.711,12.711,2000-01-01 00:11:10,0,run/data/m1/debug.log,916
68,6,0,m2,1U9k1edYTa5QzLkoar9sYbaRncvZGQCJ33agpc,3.25855941e-05,14.957,14.957,2000-01-01 00:11:11,0,run/data/m2/debug.log,525
68,6,0,m3,1H2ZSPhnLnBw6i2ghJ5DcHXH7AafiDkSkFdiq2,6.60446888e-06,11.479,11.479,2000-01-01 00:11:11,0,run/data/m3/debug.log,536
69,6,0,m1,1CoWuY4gZW7xVpsTregiYWuhnsmgnnBimpbDjx,6.60169358e-06,11.361,11.361,2000-01-01 00:11:23,0,run/data/m1/debug.log,1195
69,6,0,m2,1U9k1edYTa5QzLkoar9sYbaRncvZGQCJ33agpc,1.52214614e-05,13.988,13.988,2000-01-01 00:11:24,0,run/data/m2/debug.log,556
69,6,0,m3,1H2ZSPhnLnBw6i2ghJ5DcHXH7AafiDkSkFdiq2,4.16408275e-05,14.886,14.886,2000-01-01 00:11:23,0,run/data/m3/debug.log,691
70,6,0,m1,1CoWuY4gZW7xVpsTregiYWuhnsmgnnBimpbDjx,5.43254033e-06,10.680,10.680,2000-01-01 00:11:35,0,run/data/m1/debug.log,1375
70,6,0,m2,1U9k1edYTa5QzLkoar9sYbaRncvZGQCJ33agpc,4.59977715e-05,14.926,14.926,2000-01-01 00:11:36,0,run/data/m2/debug.log,575
70,6,0,m3,1H2ZSPhnLnBw6i2ghJ5DcHXH7AafiDkSkFdiq2,1.2462494e-05,13.526,13.526,2000-01-01 00:11:36,0,run/data/m3/debug.log,726
71,6,0,m1,1CoWuY4gZW7xVpsTregiYWuhnsmgnnBimpbDjx,3.27107021e-06,8.957,8.957,2000-01-01 00:11:46,0,run/data/m1/debug.log,1448
71,6,0,m2,1U9k1edYTa5QzLkoar9sYbaRncvZGQCJ33agpc,2.4006877e-05,14.705,14.705,2000-01-01 00:11:47,0,run/data/m2/debug.log,590
71,6,0,m3,1H2ZSPhnLnBw6i2ghJ5DcHXH7AafiDkSkFdiq2,8.31046015e-05,14.933,14.933,2000-01-01 00:11:47,0,run/data/m3/debug.log,741
72,7,0,m1,1CoWuY4gZW7xVpsTregiYWuhnsmgnnBimpbDjx,3.04077245e-06,8.736,8.736,2000-01-01 00:11:56,0,run/data/m1/debug.log,1674
72,7,0,m2,1U9k1edYTa5QzLkoar9sYbaRncvZGQCJ33agpc,2.55361391e-05,14.753,14.753,2000-01-01 00:11:57,0,run/data/m2/debug.log,605
72,7,0,m3,1H2ZSPhnLnBw6i2ghJ5DcHXH7AafiDkSkFdiq2,0.00019995171,14.933,14.933,2000-01-01 00:11:58,0,run/data/m3/debug.log,756
73,7,0,m1,1CoWuY4gZW7xVpsTregiYWuhnsmgnnBimpbDjx,2.03812817e-05,14.479,14.479,2000-01-01 00:12:05,0,run/data/m1/debug.log,1720
73,7,0,m2,1U9k1edYTa5QzLkoar9sYbaRncvZGQCJ33agpc,4.05266394e-06,9.598,9.598,2000-01-01 00:12:06,0,run/data/m2/debug.log,620
73,7,0,m3,1H2ZSPhnLnBw6i2ghJ5DcHXH7AafiDkSkFdiq2,3.30420059e-05,14.828,14.828,2000-01-01 00:12:06,0,run/data/m3/debug.log,771
74,7,0,m1,1CoWuY4gZW7xVpsTregiYWuhnsmgnnBimpbDjx,1.32589402e-05,13.725,13.725,2000-01-01 00:12:17,0,run/data/m1/debug.log,1736
74,7,0,m2,1U9k1edYTa5QzLkoar9sYbaRncvZGQCJ33agpc,8.80863966e-05,14.967,14.967,2000-01-01 00:12:16,0,run/data/m2/debug.log,1448
74,7,0,m3,1H2ZSPhnLnBw6i2ghJ5DcHXH7AafiDkSkFdiq2,7.85988651e-05,14.967,14.967,2000-01-01 00:12:17,0,run/data/m3/debug.log,787
75,7,0,m1,1CoWuY4gZW7xVpsTregiYWuhnsmgnnBimpbDjx,1.06526211e-05,12.963,12.963,2000-01-01 00:12:32,0,run/data/m1/debug.log,1911
75,7,0,m2,1U9k1edYTa5QzLkoar9sYbaRncvZGQCJ33agpc,1.9637107e-06,7.508,7.508,2000-01-01 00:12:31,0,run/data/m2/debug.log,2032
75,7,0,m3,1H2ZSPhnLnBw6i2ghJ5DcHXH7AafiDkSkFdiq2,4.69190323e-05,14.844,14.844,2000-01-01 00:12:32,0,run/data/m3/debug.log,821
76,7,0,m1,1CoWuY4gZW7xVpsTregiYWuhnsmgnnBimpbDjx,2.81270622e-06,8.426,8.426,2000-01-01 00:12:40,0,run/data/m1/debug.log,1946
76,7,0,m2,1U9k1edYTa5QzLkoar9sYbaRncvZGQCJ33agpc,3.42878663e-05,14.805,14.805,2000-01-01 00:12:39,0,run/data/m2/debug.log,2431
76,7,0,m3,1H2ZSPhnLnBw6i2ghJ5DcHXH7AafiDkSkFdiq2,4.10113921e-06,9.605,9.605,2000-01-01 00:12:40,0,run/data/m3/debug.log,836
77,7,0,m1,1CoWuY4gZW7xVpsTregiYWuhnsmgnnBimpbDjx,8.00763596e-06,12.014,12.014,2000-01-01 00:12:49,0,run/data/m1/debug.log,2166
77,7,0,m2,1U9k1edYTa5QzLkoar9sYbaRncvZGQCJ33agpc,5.43447232e-05,14.848,14.848,2000-01-01 00:12:50,0,run/data/m2/debug.log,2446
77,7,0,m3,1H2ZSPhnLnBw6i2ghJ5DcHXH7AafiDkSkFdiq2,2.90154858e-05,14.746,14.746,2000-01-01 00:12:50,0,run/data/m3/debug.log,851
78,7,0,m1,1CoWuY4gZW7xVpsTregiYWuhnsmgnnBimpbDjx,2.72736976e-06,8.306,8.306,2000-01-01 00:13:01,0,run/data/m1/debug.log,2519
78,7,0,m2,1U9k1edYTa5QzLkoar9sYbaRncvZGQCJ33agpc,2.1954418e-05,14.501,14.501,2000-01-01 00:13:02,0,run/data/m2/debug.log,2461
78,7,0,m3,1H2ZSPhnLnBw6i2ghJ5DcHXH7AafiDkSkFdiq2,3.28444708e-06,8.852,8.852,2000-01-01 00:13:02,0,run/data/m3/debug.log,866
79,7,0,m1,1CoWuY4gZW7xVpsTregiYWuhnsmgnnBimpbDjx,2.84787723e-06,8.561,8.561,2000-01-01 00:13:10,0,run/data/m1/debug.log,2846
79,7,0,m2,1U9k1edYTa5QzLkoar9sYbaRncvZGQCJ33agpc,3.20176355e-05,14.750,14.750,2000-01-01 00:13:11,0,run/data/m2/debug.log,2481
79,7,0,m3,1H2ZSPhnLnBw6i2ghJ5DcHXH7AafiDkSkFdiq2,5.1803766e-05,14.798,14.798,2000-01-01 00:13:11,0,run/data/m3/debug.log,886
80,7,0,m1,1CoWuY4gZW7xVpsTregiYWuhnsmgnnBimpbDjx,1.95916807e-06,7.622,7.622,2000-01-01 00:13:19,0,run/data/m1/debug.log,3196
80,7,0,m2,1U9k1edYTa5QzLkoar9sYbaRncvZGQCJ33agpc,4.51234458e-05,14.844,14.844,2000-01-01 00:13:20,0,run/data/m2/debug.log,2496
80,7,0,m3,1H2ZSPhnLnBw6i2ghJ5DcHXH7AafiDkSkFdiq2,0.000156785797,14.850,14.850,2000-01-01 00:13:19,0,run/data/m3/debug.log,901
81,7,0,m1,1CoWuY4gZW7xVpsTregiYWuhnsmgnnBimpbDjx,1.01128691e-05,13.061,13.061,2000-01-01 00:13:27,0,run/data/m1/debug.log,3329
81,7,0,m2,1U9k1edYTa5QzLkoar9sYbaRncvZGQCJ33agpc,7.28524047e-06,11.942,11.942,2000-01-01 00:13:28,0,run/data/m2/debug.log,2511
81,7,0,m3,1H2ZSPhnLnBw6i2ghJ5DcHXH7AafiDkSkFdiq2,7.76589776e-05,14.933,14.933,2000-01-01 00:13:27,0,run/data/m3/debug.log,916
82,7,0,m1,1CoWuY4gZW7xVpsTregiYWuhnsmgnnBimpbDjx,1.35615416e-05,13.859,13.859,2000-01-01 00:13:40,0,run/data/m1/debug.log,3455
82,7,0,m2,1U9k1edYTa5QzLkoar9sYbaRncvZGQCJ33agpc,7.66963697e-06,12.110,12.110,2000-01-01 00:13:40,0,run/data/m2/debug.log,2625
82,7,0,m3,1H2ZSPhnLnBw6i2ghJ5DcHXH7AafiDkSkFdiq2,0.000104553313,14.917,14.917,2000-01-01 00:13:40,0,run/data/m3/debug.log,947
83,7,0,m1,1CoWuY4gZW7xVpsTregiYWuhnsmgnnBimpbDjx,8.17920125e-06,12.304,12.304,2000-01-01 00:13:54,0,run/data/m1/debug.log,3490
83,7,0,m2,1U9k1edYTa5QzLkoar9sYbaRncvZGQCJ33agpc,1.72581366e-06,7.370,7.370,2000-01-01 00:13:53,0,run/data/m2/debug.log,2673
83,7,0,m3,1H2ZSPhnLnBw6i2ghJ5DcHXH7AafiDkSkFdiq2,5.40496215e-05,14.882,14.882,2000-01-01 00:13:54,0,run/data/m3/debug.log,962
84,8,0,m1,1CoWuY4gZW7xVpsTregiYWuhnsmgnnBimpbDjx,1.49788065e-06,7.114,7.114,2000-01-01 00:14:02,0,run/data/m1/debug.log,3505
84,8,0,m2,1U9k1edYTa5QzLkoar9sYbaRncvZGQCJ33agpc,2.82682271e-06,8.656,8.656,2000-01-01 00:14:01,0,run/data/m2/debug.log,3020
84,8,0,m3,1H2ZSPhnLnBw6i2ghJ5DcHXH7AafiDkSkFdiq2,1.90876844e-05,14.493,14.493,2000-01-01 00:14:01,0,run/data/m3/debug.log,977
85,8,0,m1,1CoWuY4gZW7xVpsTregiYWuhnsmgnnBimpbDjx,1.77749945e-05,14.407,14.407,2000-01-01 00:14:09,0,run/data/m1/debug.log,3766
85,8,0,m2,1U9k1edYTa5QzLkoar9sYbaRncvZGQCJ33agpc,2.60371956e-05,14.799,14.799,2000-01-01 00:14:09,0,run/data/m2/debug.log,3044
85,8,0,m3,1H2ZSPhnLnBw6i2ghJ5DcHXH7AafiDkSkFdiq2,8.13591327e-05,14.933,14.933,2000-01-01 00:14:10,0,run/data/m3/debug.log,1008
86,8,0,m1,1CoWuY4gZW7xVpsTregiYWuhnsmgnnBimpbDjx,9.73135709e-06,12.855,12.855,2000-01-01 00:14:25,0,run/data/m1/debug.log,4218
86,8,0,m2,1U9k1edYTa5QzLkoar9sYbaRncvZGQCJ33agpc,1.58931905e-05,14.131,14.131,2000-01-01 00:14:25,0,run/data/m2/debug.log,3116
86,8,0,m3,1H2ZSPhnLnBw6i2ghJ5DcHXH7AafiDkSkFdiq2,0.000479129912,14.850,14.850,2000-01-01 00:14:25,0,run/data/m3/debug.log,1040
87,8,0,m1,1CoWuY4gZW7xVpsTregiYWuhnsmgnnBimpbDjx,1.49172776e-05,14.038,14.038,2000-01-01 00:14:38,0,run/data/m1/debug.log,4762
87,8,0,m2,1U9k1edYTa5QzLkoar9sYbaRncvZGQCJ33agpc,7.3021724e-06,11.900,11.900,2000-01-01 00:14:39,0,run/data/m2/debug.log,3157
87,8,0,m3,1H2ZSPhnLnBw6i2ghJ5DcHXH7AafiDkSkFdiq2,0.0001122706,14.883,14.883,2000-01-01 00:14:39,0,run/data/m3/debug.log,1065
88,8,0,m1,1CoWuY4gZW7xVpsTregiYWuhnsmgnnBimpbDjx,3.46277706e-06,9.165,9.165,2000-01-01 00:14:52,0,run/data/m1/debug.log,4777
88,8,0,m2,1U9k1edYTa5QzLkoar9sYbaRncvZGQCJ33agpc,2.59025287e-05,14.663,14.663,2000-01-01 00:14:51,0,run/data/m2/debug.log,3284
88,8,0,m3,1H2ZSPhnLnBw6i2ghJ5DcHXH7AafiDkSkFdiq2,1.08156724e-05,13.133,13.133,2000-01-01 00:14:52,0,run/data/m3/debug.log,1080
89,8,0,m1,1CoWuY4gZW7xVpsTregiYWuhnsmgnnBimpbDjx,1.05377727e-06,6.385,6.385,2000-01-01 00:15:02,0,run/data/m1/debug.log,5123
89,8,0,m2,1U9k1edYTa5QzLkoar9sYbaRncvZGQCJ33agpc,1.56141291e-05,14.031,14.031,2000-01-01 00:15:03,0,run/data/m2/debug.log,3299
89,8,0,m3,1H2ZSPhnLnBw6i2ghJ5DcHXH7AafiDkSkFdiq2,2.82708015e-05,14.691,14.691,2000-01-01 00:15:03,0,run/data/m3/debug.log,1095
90,8,0,m1,1CoWuY4gZW7xVpsTregiYWuhnsmgnnBimpbDjx,5.79782501e-06,11.040,11.040,2000-01-01 00:15:09,0,run/data/m1/debug.log,5168
90,8,0,m2,1U9k1edYTa5QzLkoar9sYbaRncvZGQCJ33agpc,1.63643463e-05,14.202,14.202,2000-01-01 00:15:10,0,run/data/m2/debug.log,3314
90,8,0,m3,1H2ZSPhnLnBw6i2ghJ5DcHXH7AafiDkSkFdiq2,7.35912378e-05,14.867,14.867,2000-01-01 00:15:09,0,run/data/m3/debug.log,1110
91,8,0,m1,1CoWuY4gZW7xVpsTregiYWuhnsmgnnBimpbDjx,8.92884504e-07,6.167,6.167,2000-01-01 00:15:21,0,run/data/m1/debug.log,5308
91,8,0,m2,1U9k1edYTa5QzLkoar9sYbaRncvZGQCJ33agpc,6.44670349e-05,14.816,14.816,2000-01-01 00:15:22,0,run/data/m2/debug.log,3334
91,8,0,m3,1H2ZSPhnLnBw6i2ghJ5DcHXH7AafiDkSkFdiq2,7.14800199e-06,11.685,11.685,2000-01-01 00:15:22,0,run/data/m3/debug.log,1130
92,8,0,m1,1CoWuY4gZW7xVpsTregiYWuhnsmgnnBimpbDjx,7.10396974e-06,11.696,11.696,2000-01-01 00:15:28,0,run/data/m1/debug.log,5453
92,8,0,m2,1U9k1edYTa5QzLkoar9sYbaRncvZGQCJ33agpc,1.44595887e-06,6.943,6.943,2000-01-01 00:15:29,0,run/data/m2/debug.log,3349
92,8,0,m3,1H2ZSPhnLnBw6i2ghJ5DcHXH7AafiDkSkFdiq2,6.64681083e-05,14.850,14.850,2000-01-01 00:15:28,0,run/data/m3/debug.log,1145
93,8,0,m1,1CoWuY4gZW7xVpsTregiYWuhnsmgnnBimpbDjx,4.27526332e-06,9.856,9.856,2000-01-01 00:15:38,0,run/data/m1/debug.log,5468
93,8,0,m2,1U9k1edYTa5QzLkoar9sYbaRncvZGQCJ33agpc,7.92081396e-05,14.850,14.850,2000-01-01 00:15:36,0,run/data/m2/debug.log,3422
93,8,0,m3,1H2ZSPhnLnBw6i2ghJ5DcHXH7AafiDkSkFdiq2,0.000137345363,14.850,14.850,2000-01-01 00:15:37,0,run/data/m3/debug.log,1160
94,8,0,m1,1CoWuY4gZW7xVpsTregiYWuhnsmgnnBimpbDjx,8.54745853e-06,12.389,12.389,2000-01-01 00:15:47,0,run/data/m1/debug.log,5515
94,8,0,m2,1U9k1edYTa5QzLkoar9sYbaRncvZGQCJ33agpc,0.000102520381,14.883,14.883,2000-01-01 00:15:48,0,run/data/m2/debug.log,3437
94,8,0,m3,1H2ZSPhnLnBw6i2ghJ5DcHXH7AafiDkSkFdiq2,3.46918062e-05,14.848,14.848,2000-01-01 00:15:48,0,run/data/m3/debug.log,1175
95,8,0,m1,1CoWuY4gZW7xVpsTregiYWuhnsmgnnBimpbDjx,2.9572303e-06,8.681,8.681,2000-01-01 00:16:01,0,run/data/m1/debug.log,5596
95,8,0,m2,1U9k1edYTa5QzLkoar9sYbaRncvZGQCJ33agpc,1.25032798e-05,13.555,13.555,2000-01-01 00:16:02,0,run/data/m2/debug.log,3452
95,8,0,m3,1H2ZSPhnLnBw6i2ghJ5DcHXH7AafiDkSkFdiq2,5.88440282e-05,14.866,14.866,2000-01-01 00:16:01,0,run/data/m3/debug.log,1190
96,9,0,m1,1CoWuY4gZW7xVpsTregiYWuhnsmgnnBimpbDjx,5.96933052e-06,11.074,11.074,2000-01-01 00:16:09,0,run/data/m1/debug.log,5681
96,9,0,m2,1U9k1edYTa5QzLkoar9sYbaRncvZGQCJ33agpc,4.57467031e-06,10.110,10.110,2000-01-01 00:16:10,0,run/data/m2/debug.log,3467
96,9,0,m3,1H2ZSPhnLnBw6i2ghJ5DcHXH7AafiDkSkFdiq2,3.78060527e-05,14.845,14.845,2000-01-01 00:16:10,0,run/data/m3/debug.log,1205
97,9,0,m1,1CoWuY4gZW7xVpsTregiYWuhnsmgnnBimpbDjx,6.3490862e-06,11.218,11.218,2000-01-01 00:16:22,0,run/data/m1/debug.log,5718
97,9,0,m2,1U9k1edYTa5QzLkoar9sYbaRncvZGQCJ33agpc,5.12048385e-06,10.447,10.447,2000-01-01 00:16:21,0,run/data/m2/debug.log,3756
97,9,0,m3,1H2ZSPhnLnBw6i2ghJ5DcHXH7AafiDkSkFdiq2,0.000105901457,14.800,14.800,2000-01-01 00:16:22,0,run/data/m3/debug.log,1236
98,9,0,m1,1CoWuY4gZW7xVpsTregiYWuhnsmgnnBimpbDjx,3.15518185e-06,8.893,8.893,2000-01-01 00:16:34,0,run/data/m1/debug.log,5757
98,9,0,m2,1U9k1edYTa5QzLkoar9sYbaRncvZGQCJ33agpc,5.62159177e-05,14.882,14.882,2000-01-01 00:16:32,0,run/data/m2/debug.log,4207
98,9,0,m3,1H2ZSPhnLnBw6i2ghJ5DcHXH7AafiDkSkFdiq2,0.000169082028,14.883,14.883,2000-01-01 00:16:33,0,run/data/m3/debug.log,1255
99,9,0,m1,1CoWuY4gZW7xVpsTregiYWuhnsmgnnBimpbDjx,6.73642992e-06,11.552,11.552,2000-01-01 00:16:44,0,run/data/m1/debug.log,6250
99,9,0,m2,1U9k1edYTa5QzLkoar9sYbaRncvZGQCJ33agpc,5.43742129e-06,10.765,10.765,2000-01-01 00:16:45,0,run/data/m2/debug.log,4222
99,9,0,m3,1H2ZSPhnLnBw6i2ghJ5DcHXH7AafiDkSkFdiq2,0.00011826419,14.900,14.900,2000-01-01 00:16:44,0,run/data/m3/debug.log,1270
100,9,0,m1,1CoWuY4gZW7xVpsTregiYWuhnsmgnnBimpbDjx,6.21901255e-07,5.877,5.877,2000-01-01 00:16:56,0,run/data/m1/debug.log,6326
100,9,0,m2,1U9k1edYTa5QzLkoar9sYbaRncvZGQCJ33agpc,8.1571912e-06,12.259,12.259,2000-01-01 00:16:56,0,run/data/m2/debug.log,4340
100,9,0,m3,1H2ZSPhnLnBw6i2ghJ5DcHXH7AafiDkSkFdiq2,3.1378807e-05,14.856,14.856,2000-01-01 00:16:56,0,run/data/m3/debug.log,1301
101,9,0,m1,1CoWuY4gZW7xVpsTregiYWuhnsmgnnBimpbDjx,6.15070281e-06,11.318,11.318,2000-01-01 00:17:02,0,run/data/m1/debug.log,6789
101,9,0,m2,1U9k1edYTa5QzLkoar9sYbaRncvZGQCJ33agpc,3.09670448e-06,8.953,8.953,2000-01-01 00:17:03,0,run/data/m2/debug.log,4375
101,9,0,m3,1H2ZSPhnLnBw6i2ghJ5DcHXH7AafiDkSkFdiq2,3.12280755e-05,14.937,14.937,2000-01-01 00:17:03,0,run/data/m3/debug.log,1320
102,9,0,m1,1CoWuY4gZW7xVpsTregiYWuhnsmgnnBimpbDjx,4.98838105e-06,10.486,10.486,2000-01-01 00:17:14,0,run/data/m1/debug.log,6804
102,9,0,m2,1U9k1edYTa5QzLkoar9sYbaRncvZGQCJ33agpc,7.63905977e-07,6.100,6.100,2000-01-01 00:17:13,0,run/data/m2/debug.log,4509
102,9,0,m3,1H2ZSPhnLnBw6i2ghJ5DcHXH7AafiDkSkFdiq2,0.000132689604,14.933,14.933,2000-01-01 00:17:14,0,run/data/m3/debug.log,1335
103,9,0,m1,1CoWuY4gZW7xVpsTregiYWuhnsmgnnBimpbDjx,7.39008104e-06,12.129,12.129,2000-01-01 00:17:21,0,run/data/m1/debug.log,6824
103,9,0,m2,1U9k1edYTa5QzLkoar9sYbaRncvZGQCJ33agpc,2.18201043e-06,8.087,8.087,2000-01-01 00:17:20,0,run/data/m2/debug.log,5036
103,9,0,m3,1H2ZSPhnLnBw6i2ghJ5DcHXH7AafiDkSkFdiq2,9.32375277e-06,12.930,12.930,2000-01-01 00:17:20,0,run/data/m3/debug.log,1354
104,9,0,m1,1CoWuY4gZW7xVpsTregiYWuhnsmgnnBimpbDjx,2.12008632e-06,7.981,7.981,2000-01-01 00:17:30,0,run/data/m1/debug.log,6839
104,9,0,m2,1U9k1edYTa5QzLkoar9sYbaRncvZGQCJ33agpc,1.42711366e-05,14.075,14.075,2000-01-01 00:17:29,0,run/data/m2/debug.log,5323
104,9,0,m3,1H2ZSPhnLnBw6i2ghJ5DcHXH7AafiDkSkFdiq2,9.20413472e-05,14.983,14.983,2000-01-01 00:17:29,0,run/data/m3/debug.log,1369
105,9,0,m1,1CoWuY4gZW7xVpsTregiYWuhnsmgnnBimpbDjx,4.88729539e-06,10.552,10.552,2000-01-01 00:17:39,0,run/data/m1/debug.log,7284
105,9,0,m2,1U9k1edYTa5QzLkoar9sYbaRncvZGQCJ33agpc,1.32337339e-05,13.869,13.869,2000-01-01 00:17:40,0,run/data/m2/debug.log,5338
105,9,0,m3,1H2ZSPhnLnBw6i2ghJ5DcHXH7AafiDkSkFdiq2,8.91322176e-05,14.950,14.950,2000-01-01 00:17:39,0,run/data/m3/debug.log,1384
106,9,0,m1,1CoWuY4gZW7xVpsTregiYWuhnsmgnnBimpbDjx,1.20713492e-05,13.635,13.635,2000-01-01 00:17:50,0,run/data/m1/debug.log,7334
106,9,0,m2,1U9k1edYTa5QzLkoar9sYbaRncvZGQCJ33agpc,0.000100081542,14.950,14.950,2000-01-01 00:17:51,0,run/data/m2/debug.log,5353
106,9,0,m3,1H2ZSPhnLnBw6i2ghJ5DcHXH7AafiDkSkFdiq2,0.000115424854,14.950,14.950,2000-01-01 00:17:50,0,run/data/m3/debug.log,1399
107,9,0,m1,1CoWuY4gZW7xVpsTregiYWuhnsmgnnBimpbDjx,4.4449579e-06,10.213,10.213,2000-01-01 00:18:04,0,run/data/m1/debug.log,7702
107,9,0,m2,1U9k1edYTa5QzLkoar9sYbaRncvZGQCJ33agpc,1.865469e-05,14.515,14.515,2000-01-01 00:18:05,0,run/data/m2/debug.log,5368
107,9,0,m3,1H2ZSPhnLnBw6i2ghJ5DcHXH7AafiDkSkFdiq2,2.87689994e-05,14.871,14.871,2000-01-01 00:18:04,0,run/data/m3/debug.log,1414
108,10,0,m1,1CoWuY4gZW7xVpsTregiYWuhnsmgnnBimpbDjx,9.59176871e-07,6.389,6.389,2000-01-01 00:18:15,0,run/data/m1/debug.log,8142
108,10,0,m2,1U9k1edYTa5QzLkoar9sYbaRncvZGQCJ33agpc,1.75901594e-05,14.380,14.380,2000-01-01 00:18:16,0,run/data/m2/debug.log,5383
108,10,0,m3,1H2ZSPhnLnBw6i2ghJ5DcHXH7AafiDkSkFdiq2,3.74578082e-05,14.882,14.882,2000-01-01 00:18:15,0,run/data/m3/debug.log,1429
109,10,0,m1,1CoWuY4gZW7xVpsTregiYWuhnsmgnnBimpbDjx,1.01324135e-05,13.179,13.179,2000-01-01 00:18:22,0,run/data/m1/debug.log,8188
109,10,0,m2,1U9k1edYTa5QzLkoar9sYbaRncvZGQCJ33agpc,5.21398438e-05,14.998,14.998,2000-01-01 00:18:22,0,run/data/m2/debug.log,5398
109,10,0,m3,1H2ZSPhnLnBw6i2ghJ5DcHXH7AafiDkSkFdiq2,0.000140539212,15.000,15.000,2000-01-01 00:18:22,0,run/data/m3/debug.log,1444
110,10,0,m1,1CoWuY4gZW7xVpsTregiYWuhnsmgnnBimpbDjx,1.63347292e-05,14.308,14.308,2000-01-01 00:18:35,0,run/data/m1/debug.log,8530
110,10,0,m2,1U9k1edYTa5QzLkoar9sYbaRncvZGQCJ33agpc,3.38489595e-06,9.289,9.289,2000-01-01 00:18:36,0,run/data/m2/debug.log,5417
110,10,0,m3,1H2ZSPhnLnBw6i2ghJ5DcHXH7AafiDkSkFdiq2,0.000114884972,14.950,14.950,2000-01-01 00:18:35,0,run/data/m3/debug.log,1463
111,10,0,m1,1CoWuY4gZW7xVpsTregiYWuhnsmgnnBimpbDjx,1.30628332e-07,5.184,5.184,2000-01-01 00:18:47,0,run/data/m1/debug.log,8545
111,10,0,m2,1U9k1edYTa5QzLkoar9sYbaRncvZGQCJ33agpc,0.000139295208,14.967,14.967,2000-01-01 00:18:46,0,run/data/m2/debug.log,5592
111,10,0,m3,1H2ZSPhnLnBw6i2ghJ5DcHXH7AafiDkSkFdiq2,0.00054461509,14.967,14.967,2000-01-01 00:18:47,0,run/data/m3/debug.log,1478
112,10,0,m1,1CoWuY4gZW7xVpsTregiYWuhnsmgnnBimpbDjx,1.00068821e-05,13.207,13.207,2000-01-01 00:18:52,0,run/data/m1/debug.log,8571
112,10,0,m2,1U9k1edYTa5QzLkoar9sYbaRncvZGQCJ33agpc,1.66985847e-05,14.463,14.463,2000-01-01 00:18:53,0,run/data/m2/debug.log,5607
112,10,0,m3,1H2ZSPhnLnBw6i2ghJ5DcHXH7AafiDkSkFdiq2,9.12252772e-05,15.067,15.067,2000-01-01 00:18:53,0,run/data/m3/debug.log,1493
113,10,0,m1,1CoWuY4gZW7xVpsTregiYWuhnsmgnnBimpbDjx,1.37077261e-05,13.918,13.918,2000-01-01 00:19:07,0,run/data/m1/debug.log,8734
113,10,0,m2,1U9k1edYTa5QzLkoar9sYbaRncvZGQCJ33agpc,1.95121584e-06,7.713,7.713,2000-01-01 00:19:08,0,run/data/m2/debug.log,5622
113,10,0,m3,1H2ZSPhnLnBw6i2ghJ5DcHXH7AafiDkSkFdiq2,7.80457118e-05,14.917,14.917,2000-01-01 00:19:07,0,run/data/m3/debug.log,1508
114,10,0,m1,1CoWuY4gZW7xVpsTregiYWuhnsmgnnBimpbDjx,4.3465761e-07,5.655,5.655,2000-01-01 00:19:18,0,run/data/m1/debug.log,8749
114,10,0,m2,1U9k1edYTa5QzLkoar9sYbaRncvZGQCJ33agpc,2.17846492e-05,14.693,14.693,2000-01-01 00:19:16,0,run/data/m2/debug.log,5893
114,10,0,m3,1H2ZSPhnLnBw6i2ghJ5DcHXH7AafiDkSkFdiq2,7.79490091e-05,14.950,14.950,2000-01-01 00:19:17,0,run/data/m3/debug.log,1523
115,10,0,m1,1CoWuY4gZW7xVpsTregiYWuhnsmgnnBimpbDjx,4.8061078e-07,5.669,5.669,2000-01-01 00:19:24,0,run/data/m1/debug.log,8971
115,10,0,m2,1U9k1edYTa5QzLkoar9sYbaRncvZGQCJ33agpc,1.87519962e-05,14.427,14.427,2000-01-01 00:19:25,0,run/data/m2/debug.log,5912
115,10,0,m3,1H2ZSPhnLnBw6i2ghJ5DcHXH7AafiDkSkFdiq2,0.00013999353,14.933,14.933,2000-01-01 00:19:25,0,run/data/m3/debug.log,1543
116,10,0,m1,1CoWuY4gZW7xVpsTregiYWuhnsmgnnBimpbDjx,4.11969478e-06,9.774,9.774,2000-01-01 00:19:31,0,run/data/m1/debug.log,9953
116,10,0,m2,1U9k1edYTa5QzLkoar9sYbaRncvZGQCJ33agpc,1.70241869e-05,14.300,14.300,2000-01-01 00:19:32,0,run/data/m2/debug.log,5927
116,10,0,m3,1H2ZSPhnLnBw6i2ghJ5DcHXH7AafiDkSkFdiq2,0.000118995249,14.967,14.967,2000-01-01 00:19:32,0,run/data/m3/debug.log,1558
117,10,0,m1,1CoWuY4gZW7xVpsTregiYWuhnsmgnnBimpbDjx,2.10415373e-06,7.811,7.811,2000-01-01 00:19:41,0,run/data/m1/debug.log,10184
117,10,0,m2,1U9k1edYTa5QzLkoar9sYbaRncvZGQCJ33agpc,1.15103608e-05,13.364,13.364,2000-01-01 00:19:42,0,run/data/m2/debug.log,5942
117,10,0,m3,1H2ZSPhnLnBw6i2ghJ5DcHXH7AafiDkSkFdiq2,3.00376338e-05,14.883,14.883,2000-01-01 00:19:42,0,run/data/m3/debug.log,1573
118,10,0,m1,1CoWuY4gZW7xVpsTregiYWuhnsmgnnBimpbDjx,8.64889546e-06,12.473,12.473,2000-01-01 00:19:50,0,run/data/m1/debug.log,10228
118,10,0,m2,1U9k1edYTa5QzLkoar9sYbaRncvZGQCJ33agpc,2.54095474e-05,14.824,14.824,2000-01-01 00:19:51,0,run/data/m2/debug.log,5957
118,10,0,m3,1H2ZSPhnLnBw6i2ghJ5DcHXH7AafiDkSkFdiq2,0.000161786374,15.000,15.000,2000-01-01 00:19:51,0,run/data/m3/debug.log,1588
119,10,0,m1,1CoWuY4gZW7xVpsTregiYWuhnsmgnnBimpbDjx,3.78996413e-05,14.993,14.993,2000-01-01 00:20:03,0,run/data/m1/debug.log,10335
119,10,0,m2,1U9k1edYTa5QzLkoar9sYbaRncvZGQCJ33agpc,8.78619389e-06,12.545,12.545,2000-01-01 00:20:04,0,run/data/m2/debug.log,5972
119,10,0,m3,1H2ZSPhnLnBw6i2ghJ5DcHXH7AafiDkSkFdiq2,5.37164464e-05,15.015,15.015,2000-01-01 00:20:04,0,run/data/m3/debug.log,1603
120,11,0,m1,1CoWuY4gZW7xVpsTregiYWuhnsmgnnBimpbDjx,2.19944812e-05,14.664,14.664,2000-01-01 00:20:18,0,run/data/m1/debug.log,10350
120,11,0,m2,1U9k1edYTa5QzLkoar9sYbaRncvZGQCJ33agpc,2.37607454e-05,14.738,14.738,2000-01-01 00:20:17,0,run/data/m2/debug.log,6437
120,11,0,m3,1H2ZSPhnLnBw6i2ghJ5DcHXH7AafiDkSkFdiq2,2.5434241e-05,14.792,14.792,2000-01-01 00:20:17,0,run/data/m3/debug.log,1618
121,11,0,m1,1CoWuY4gZW7xVpsTregiYWuhnsmgnnBimpbDjx,6.58208373e-06,11.307,11.307,2000-01-01 00:20:34,0,run/data/m1/debug.log,10368
121,11,0,m2,1U9k1edYTa5QzLkoar9sYbaRncvZGQCJ33agpc,9.48896156e-06,12.606,12.606,2000-01-01 00:20:32,0,run/data/m2/debug.log,7422
121,11,0,m3,1H2ZSPhnLnBw6i2ghJ5DcHXH7AafiDkSkFdiq2,0.000102411479,14.817,14.817,2000-01-01 00:20:33,0,run/data/m3/debug.log,1636
122,11,0,m1,1CoWuY4gZW7xVpsTregiYWuhnsmgnnBimpbDjx,2.43486577e-05,14.609,14.609,2000-01-01 00:20:46,0,run/data/m1/debug.log,10462
122,11,0,m2,1U9k1edYTa5QzLkoar9sYbaRncvZGQCJ33agpc,6.71094579e-06,11.378,11.378,2000-01-01 00:20:46,0,run/data/m2/debug.log,7588
122,11,0,m3,1H2ZSPhnLnBw6i2ghJ5DcHXH7AafiDkSkFdiq2,2.72065406e-05,14.685,14.685,2000-01-01 00:20:46,0,run/data/m3/debug.log,1652
123,11,0,m1,1CoWuY4gZW7xVpsTregiYWuhnsmgnnBimpbDjx,2.37423229e-05,14.571,14.571,2000-01-01 00:20:59,0,run/data/m1/debug.log,10497
123,11,0,m2,1U9k1edYTa5QzLkoar9sYbaRncvZGQCJ33agpc,0.0001029981,14.800,14.800,2000-01-01 00:20:58,0,run/data/m2/debug.log,7647
123,11,0,m3,1H2ZSPhnLnBw6i2ghJ5DcHXH7AafiDkSkFdiq2,9.04595064e-05,14.800,14.800,2000-01-01 00:20:58,0,run/data/m3/debug.log,1683
124,11,0,m1,1CoWuY4gZW7xVpsTregiYWuhnsmgnnBimpbDjx,6.10226341e-06,10.861,10.861,2000-01-01 00:21:14,0,run/data/m1/debug.log,10512
124,11,0,m2,1U9k1edYTa5QzLkoar9sYbaRncvZGQCJ33agpc,9.57158003e-06,12.468,12.468,2000-01-01 00:21:13,0,run/data/m2/debug.log,7740
124,11,0,m3,1H2ZSPhnLnBw6i2ghJ5DcHXH7AafiDkSkFdiq2,0.000135012871,14.650,14.650,2000-01-01 00:21:14,0,run/data/m3/debug.log,1698
125,11,0,m1,1CoWuY4gZW7xVpsTregiYWuhnsmgnnBimpbDjx,9.98359324e-06,12.657,12.657,2000-01-01 00:21:25,0,run/data/m1/debug.log,10636
125,11,0,m2,1U9k1edYTa5QzLkoar9sYbaRncvZGQCJ33agpc,7.4335446e-05,14.700,14.700,2000-01-01 00:21:26,0,run/data/m2/debug.log,7755
125,11,0,m3,1H2ZSPhnLnBw6i2ghJ5DcHXH7AafiDkSkFdiq2,9.73903886e-05,14.700,14.700,2000-01-01 00:21:27,0,run/data/m3/debug.log,1713
126,11,0,m1,1CoWuY4gZW7xVpsTregiYWuhnsmgnnBimpbDjx,2.1872362e-05,14.325,14.325,2000-01-01 00:21:38,0,run/data/m1/debug.log,10723
126,11,0,m2,1U9k1edYTa5QzLkoar9sYbaRncvZGQCJ33agpc,5.65237572e-06,10.564,10.564,2000-01-01 00:21:39,0,run/data/m2/debug.log,7775
126,11,0,m3,1H2ZSPhnLnBw6i2ghJ5DcHXH7AafiDkSkFdiq2,3.06784636e-06,8.495,8.495,2000-01-01 00:21:40,0,run/data/m3/debug.log,1733
127,11,0,m1,1CoWuY4gZW7xVpsTregiYWuhnsmgnnBimpbDjx,9.18409271e-07,5.960,5.960,2000-01-01 00:21:49,0,run/data/m1/debug.log,10743
127,11,0,m2,1U9k1edYTa5QzLkoar9sYbaRncvZGQCJ33agpc,9.55060198e-06,12.441,12.441,2000-01-01 00:21:50,0,run/data/m2/debug.log,7790
127,11,0,m3,1H2ZSPhnLnBw6i2ghJ5DcHXH7AafiDkSkFdiq2,3.43914621e-05,14.544,14.544,2000-01-01 00:21:49,0,run/data/m3/debug.log,1886
128,11,0,m1,1CoWuY4gZW7xVpsTregiYWuhnsmgnnBimpbDjx,9.00349475e-07,5.935,5.935,2000-01-01 00:21:56,0,run/data/m1/debug.log,10810
128,11,0,m2,1U9k1edYTa5QzLkoar9sYbaRncvZGQCJ33agpc,8.73969782e-06,12.141,12.141,2000-01-01 00:21:57,0,run/data/m2/debug.log,7805
128,11,0,m3,1H2ZSPhnLnBw6i2ghJ5DcHXH7AafiDkSkFdiq2,0.0001461205,14.583,14.583,2000-01-01 00:21:59,0,run/data/m3/debug.log,1901
129,11,0,m1,1CoWuY4gZW7xVpsTregiYWuhnsmgnnBimpbDjx,3.50089931e-06,8.948,8.948,2000-01-01 00:22:03,0,run/data/m1/debug.log,11821
129,11,0,m2,1U9k1edYTa5QzLkoar9sYbaRncvZGQCJ33agpc,1.02256263e-05,12.712,12.712,2000-01-01 00:22:04,0,run/data/m2/debug.log,7820
129,11,0,m3,1H2ZSPhnLnBw6i2ghJ5DcHXH7AafiDkSkFdiq2,7.67662897e-05,14.633,14.633,2000-01-01 00:22:04,0,run/data/m3/debug.log,1916
130,11,0,m1,1CoWuY4gZW7xVpsTregiYWuhnsmgnnBimpbDjx,2.17726311e-08,4.652,4.652,2000-01-01 00:22:13,0,run/data/m1/debug.log,12125
130,11,0,m2,1U9k1edYTa5QzLkoar9sYbaRncvZGQCJ33agpc,3.22726175e-07,5.124,5.124,2000-01-01 00:22:14,0,run/data/m2/debug.log,7835
130,11,0,m3,1H2ZSPhnLnBw6i2ghJ5DcHXH7AafiDkSkFdiq2,1.44725789e-05,13.648,13.648,2000-01-01 00:22:14,0,run/data/m3/debug.log,1931
131,11,0,m1,1CoWuY4gZW7xVpsTregiYWuhnsmgnnBimpbDjx,2.15518067e-06,7.687,7.687,2000-01-01 00:22:18,0,run/data/m1/debug.log,12209
131,11,0,m2,1U9k1edYTa5QzLkoar9sYbaRncvZGQCJ33agpc,0.000111095612,14.750,14.750,2000-01-01 00:22:19,0,run/data/m2/debug.log,7850
131,11,0,m3,1H2ZSPhnLnBw6i2ghJ5DcHXH7AafiDkSkFdiq2,0.000249137613,14.750,14.750,2000-01-01 00:22:20,0,run/data/m3/debug.log,1946
132,12,0,m1,1CoWuY4gZW7xVpsTregiYWuhnsmgnnBimpbDjx,2.64604684e-08,4.893,4.893,2000-01-01 00:22:26,0,run/data/m1/debug.log,12262
132,12,0,m2,1U9k1edYTa5QzLkoar9sYbaRncvZGQCJ33agpc,0.000110218721,14.850,14.850,2000-01-01 00:22:27,0,run/data/m2/debug.log,7865
132,12,0,m3,1H2ZSPhnLnBw6i2ghJ5DcHXH7AafiDkSkFdiq2,0.000342488793,14.850,14.850,2000-01-01 00:22:27,0,run/data/m3/debug.log,1961
133,12,0,m1,1CoWuY4gZW7xVpsTregiYWuhnsmgnnBimpbDjx,1.56464082e-05,14.215,14.215,2000-01-01 00:22:31,0,run/data/m1/debug.log,12860
133,12,0,m2,1U9k1edYTa5QzLkoar9sYbaRncvZGQCJ33agpc,3.28850225e-05,14.967,14.967,2000-01-01 00:22:32,0,run/data/m2/debug.log,7883
133,12,0,m3,1H2ZSPhnLnBw6i2ghJ5DcHXH7AafiDkSkFdiq2,3.21405127e-05,14.961,14.961,2000-01-01 00:22:33,0,run/data/m3/debug.log,1979
134,12,0,m1,1CoWuY4gZW7xVpsTregiYWuhnsmgnnBimpbDjx,1.6842732e-06,7.379,7.379,2000-01-01 00:22:46,0,run/data/m1/debug.log,13270
134,12,0,m2,1U9k1edYTa5QzLkoar9sYbaRncvZGQCJ33agpc,5.81636845e-06,11.087,11.087,2000-01-01 00:22:47,0,run/data/m2/debug.log,7899
134,12,0,m3,1H2ZSPhnLnBw6i2ghJ5DcHXH7AafiDkSkFdiq2,8.46744412e-05,15.000,15.000,2000-01-01 00:22:47,0,run/data/m3/debug.log,1995
135,12,0,m1,1CoWuY4gZW7xVpsTregiYWuhnsmgnnBimpbDjx,1.39939084e-05,14.037,14.037,2000-01-01 00:22:53,0,run/data/m1/debug.log,13430
135,12,0,m2,1U9k1edYTa5QzLkoar9sYbaRncvZGQCJ33agpc,1.07310029e-05,13.312,13.312,2000-01-01 00:22:54,0,run/data/m2/debug.log,7914
135,12,0,m3,1H2ZSPhnLnBw6i2ghJ5DcHXH7AafiDkSkFdiq2,0.000161214581,15.083,15.083,2000-01-01 00:22:55,0,run/data/m3/debug.log,2010
136,12,0,m1,1CoWuY4gZW7xVpsTregiYWuhnsmgnnBimpbDjx,1.49430058e-06,7.225,7.225,2000-01-01 00:23:08,0,run/data/m1/debug.log,14209
136,12,0,m2,1U9k1edYTa5QzLkoar9sYbaRncvZGQCJ33agpc,8.71390153e-05,15.083,15.083,2000-01-01 00:23:09,0,run/data/m2/debug.log,7929
136,12,0,m3,1H2ZSPhnLnBw6i2ghJ5DcHXH7AafiDkSkFdiq2,0.000117883905,15.083,15.083,2000-01-01 00:23:09,0,run/data/m3/debug.log,2025
137,12,0,m1,1CoWuY4gZW7xVpsTregiYWuhnsmgnnBimpbDjx,6.25211141e-06,11.519,11.519,2000-01-01 00:23:15,0,run/data/m1/debug.log,14239
137,12,0,m2,1U9k1edYTa5QzLkoar9sYbaRncvZGQCJ33agpc,2.87634366e-05,15.070,15.070,2000-01-01 00:23:16,0,run/data/m2/debug.log,7944
137,12,0,m3,1H2ZSPhnLnBw6i2ghJ5DcHXH7AafiDkSkFdiq2,1.61561719e-05,14.428,14.428,2000-01-01 00:23:17,0,run/data/m3/debug.log,2040
138,12,0,m1,1CoWuY4gZW7xVpsTregiYWuhnsmgnnBimpbDjx,5.44701278e-06,11.030,11.030,2000-01-01 00:23:27,0,run/data/m1/debug.log,14396
138,12,0,m2,1U9k1edYTa5QzLkoar9sYbaRncvZGQCJ33agpc,5.14671615e-06,10.824,10.824,2000-01-01 00:23:28,0,run/data/m2/debug.log,7959
138,12,0,m3,1H2ZSPhnLnBw6i2ghJ5DcHXH7AafiDkSkFdiq2,6.22359282e-05,15.183,15.183,2000-01-01 00:23:29,0,run/data/m3/debug.log,2055
139,12,0,m1,1CoWuY4gZW7xVpsTregiYWuhnsmgnnBimpbDjx,3.90983689e-07,5.771,5.771,2000-01-01 00:23:40,0,run/data/m1/debug.log,14602
139,12,0,m2,1U9k1edYTa5QzLkoar9sYbaRncvZGQCJ33agpc,6.14176038e-05,15.166,15.166,2000-01-01 00:23:39,0,run/data/m2/debug.log,8233
139,12,0,m3,1H2ZSPhnLnBw6i2ghJ5DcHXH7AafiDkSkFdiq2,0.000390695146,15.167,15.167,2000-01-01 00:23:41,0,run/data/m3/debug.log,2090
140,12,0,m1,1CoWuY4gZW7xVpsTregiYWuhnsmgnnBimpbDjx,1.44943866e-06,7.282,7.282,2000-01-01 00:23:46,0,run/data/m1/debug.log,15165
140,12,0,m2,1U9k1edYTa5QzLkoar9sYbaRncvZGQCJ33agpc,1.24787587e-05,13.874,13.874,2000-01-01 00:23:47,0,run/data/m2/debug.log,8268
140,12,0,m3,1H2ZSPhnLnBw6i2ghJ5DcHXH7AafiDkSkFdiq2,7.74359225e-05,15.167,15.167,2000-01-01 00:23:48,0,run/data/m3/debug.log,2109
141,12,0,m1,1CoWuY4gZW7xVpsTregiYWuhnsmgnnBimpbDjx,1.02581311e-05,13.289,13.289,2000-01-01 00:23:54,0,run/data/m1/debug.log,15240
141,12,0,m2,1U9k1edYTa5QzLkoar9sYbaRncvZGQCJ33agpc,1.94056263e-05,14.735,14.735,2000-01-01 00:23:55,0,run/data/m2/debug.log,8283
141,12,0,m3,1H2ZSPhnLnBw6i2ghJ5DcHXH7AafiDkSkFdiq2,5.77603983e-05,15.149,15.149,2000-01-01 00:23:55,0,run/data/m3/debug.log,2124
142,12,0,m1,1CoWuY4gZW7xVpsTregiYWuhnsmgnnBimpbDjx,5.59202823e-07,5.959,5.959,2000-01-01 00:24:08,0,run/data/m1/debug.log,15374
142,12,0,m2,1U9k1edYTa5QzLkoar9sYbaRncvZGQCJ33agpc,7.54071378e-05,15.083,15.083,2000-01-01 00:24:09,0,run/data/m2/debug.log,8298
142,12,0,m3,1H2ZSPhnLnBw6i2ghJ5DcHXH7AafiDkSkFdiq2,7.76081489e-05,15.083,15.083,2000-01-01 00:24:10,0,run/data/m3/debug.log,2139
143,12,0,m1,1CoWuY4gZW7xVpsTregiYWuhnsmgnnBimpbDjx,6.75510582e-06,11.746,11.746,2000-01-01 00:24:15,0,run/data/m1/debug.log,15640
143,12,0,m2,1U9k1edYTa5QzLkoar9sYbaRncvZGQCJ33agpc,0.000106286048,15.050,15.050,2000-01-01 00:24:16,0,run/data/m2/debug.log,8313
143,12,0,m3,1H2ZSPhnLnBw6i2ghJ5DcHXH7AafiDkSkFdiq2,2.35468325e-05,14.839,14.839,2000-01-01 00:24:16,0,run/data/m3/debug.log,2154
144,13,0,m1,1CoWuY4gZW7xVpsTregiYWuhnsmgnnBimpbDjx,1.06846508e-05,13.248,13.248,2000-01-01 00:24:27,0,run/data/m1/debug.log,15906
144,13,0,m2,1U9k1edYTa5QzLkoar9sYbaRncvZGQCJ33agpc,1.34688547e-06,6.965,6.965,2000-01-01 00:24:28,0,run/data/m2/debug.log,8328
144,13,0,m3,1H2ZSPhnLnBw6i2ghJ5DcHXH7AafiDkSkFdiq2,8.53837514e-05,14.983,14.983,2000-01-01 00:24:28,0,run/data/m3/debug.log,2169
145,13,0,m1,1CoWuY4gZW7xVpsTregiYWuhnsmgnnBimpbDjx,6.56037772e-06,11.522,11.522,2000-01-01 00:24:37,0,run/data/m1/debug.log,15924
145,13,0,m2,1U9k1edYTa5QzLkoar9sYbaRncvZGQCJ33agpc,2.97077712e-06,8.789,8.789,2000-01-01 00:24:35,0,run/data/m2/debug.log,8422
145,13,0,m3,1H2ZSPhnLnBw6i2ghJ5DcHXH7AafiDkSkFdiq2,0.000100340822,14.933,14.933,2000-01-01 00:24:37,0,run/data/m3/debug.log,2187
146,13,0,m1,1CoWuY4gZW7xVpsTregiYWuhnsmgnnBimpbDjx,4.72115053e-06,10.421,10.421,2000-01-01 00:24:46,0,run/data/m1/debug.log,15940
146,13,0,m2,1U9k1edYTa5QzLkoar9sYbaRncvZGQCJ33agpc,4.24957737e-06,10.051,10.051,2000-01-01 00:24:44,0,run/data/m2/debug.log,9073
146,13,0,m3,1H2ZSPhnLnBw6i2ghJ5DcHXH7AafiDkSkFdiq2,3.53857036e-05,15.003,15.003,2000-01-01 00:24:46,0,run/data/m3/debug.log,2203
147,13,0,m1,1CoWuY4gZW7xVpsTregiYWuhnsmgnnBimpbDjx,1.58030285e-05,14.217,14.217,2000-01-01 00:24:57,0,run/data/m1/debug.log,15955
147,13,0,m2,1U9k1edYTa5QzLkoar9sYbaRncvZGQCJ33agpc,2.14668311e-05,14.670,14.670,2000-01-01 00:24:55,0,run/data/m2/debug.log,9185
147,13,0,m3,1H2ZSPhnLnBw6i2ghJ5DcHXH7AafiDkSkFdiq2,2.48348758e-05,14.796,14.796,2000-01-01 00:24:56,0,run/data/m3/debug.log,2218
148,13,0,m1,1CoWuY4gZW7xVpsTregiYWuhnsmgnnBimpbDjx,4.56984272e-06,10.222,10.222,2000-01-01 00:25:11,0,run/data/m1/debug.log,15983
148,13,0,m2,1U9k1edYTa5QzLkoar9sYbaRncvZGQCJ33agpc,1.14316247e-05,13.415,13.415,2000-01-01 00:25:11,0,run/data/m2/debug.log,9367
148,13,0,m3,1H2ZSPhnLnBw6i2ghJ5DcHXH7AafiDkSkFdiq2,5.20769563e-05,14.948,14.948,2000-01-01 00:25:11,0,run/data/m3/debug.log,2233
149,13,0,m1,1CoWuY4gZW7xVpsTregiYWuhnsmgnnBimpbDjx,3.28862134e-06,9.051,9.051,2000-01-01 00:25:22,0,run/data/m1/debug.log,16278
149,13,0,m2,1U9k1edYTa5QzLkoar9sYbaRncvZGQCJ33agpc,1.24729113e-05,13.589,13.589,2000-01-01 00:25:23,0,run/data/m2/debug.log,9402
149,13,0,m3,1H2ZSPhnLnBw6i2ghJ5DcHXH7AafiDkSkFdiq2,6.28348542e-05,14.883,14.883,2000-01-01 00:25:23,0,run/data/m3/debug.log,2268
150,13,0,m1,1CoWuY4gZW7xVpsTregiYWuhnsmgnnBimpbDjx,4.04983129e-06,9.768,9.768,2000-01-01 00:25:32,0,run/data/m1/debug.log,16721
150,13,0,m2,1U9k1edYTa5QzLkoar9sYbaRncvZGQCJ33agpc,1.61608799e-05,14.210,14.210,2000-01-01 00:25:33,0,run/data/m2/debug.log,9417
150,13,0,m3,1H2ZSPhnLnBw6i2ghJ5DcHXH7AafiDkSkFdiq2,6.08965069e-05,14.916,14.916,2000-01-01 00:25:33,0,run/data/m3/debug.log,2283
151,13,0,m1,1CoWuY4gZW7xVpsTregiYWuhnsmgnnBimpbDjx,1.35876717e-05,13.791,13.791,2000-01-01 00:25:42,0,run/data/m1/debug.log,16784
151,13,0,m2,1U9k1edYTa5QzLkoar9sYbaRncvZGQCJ33agpc,2.25572601e-05,14.681,14.681,2000-01-01 00:25:43,0,run/data/m2/debug.log,9437
151,13,0,m3,1H2ZSPhnLnBw6i2ghJ5DcHXH7AafiDkSkFdiq2,6.69511661e-06,11.484,11.484,2000-01-01 00:25:43,0,run/data/m3/debug.log,2303
152,13,0,m1,1CoWuY4gZW7xVpsTregiYWuhnsmgnnBimpbDjx,3.41335707e-06,8.993,8.993,2000-01-01 00:25:56,0,run/data/m1/debug.log,17147
152,13,0,m2,1U9k1edYTa5QzLkoar9sYbaRncvZGQCJ33agpc,1.87398649e-05,14.328,14.328,2000-01-01 00:25:56,0,run/data/m2/debug.log,9452
152,13,0,m3,1H2ZSPhnLnBw6i2ghJ5DcHXH7AafiDkSkFdiq2,1.77906205e-05,14.244,14.244,2000-01-01 00:25:55,0,run/data/m3/debug.log,2653
153,13,0,m1,1CoWuY4gZW7xVpsTregiYWuhnsmgnnBimpbDjx,2.71648664e-06,8.282,8.282,2000-01-01 00:26:06,0,run/data/m1/debug.log,17202
153,13,0,m2,1U9k1edYTa5QzLkoar9sYbaRncvZGQCJ33agpc,1.3129046e-07,5.005,5.005,2000-01-01 00:26:07,0,run/data/m2/debug.log,9487
153,13,0,m3,1H2ZSPhnLnBw6i2ghJ5DcHXH7AafiDkSkFdiq2,0.00019074023,14.800,14.800,2000-01-01 00:26:07,0,run/data/m3/debug.log,2688
154,13,0,m1,1CoWuY4gZW7xVpsTregiYWuhnsmgnnBimpbDjx,5.91875716e-06,10.998,10.998,2000-01-01 00:26:14,0,run/data/m1/debug.log,17217
154,13,0,m2,1U9k1edYTa5QzLkoar9sYbaRncvZGQCJ33agpc,3.77391516e-05,14.907,14.907,2000-01-01 00:26:12,0,run/data/m2/debug.log,10148
154,13,0,m3,1H2ZSPhnLnBw6i2ghJ5DcHXH7AafiDkSkFdiq2,0.000104830664,14.933,14.933,2000-01-01 00:26:13,0,run/data/m3/debug.log,2703
155,13,0,m1,1CoWuY4gZW7xVpsTregiYWuhnsmgnnBimpbDjx,2.35545242e-05,14.589,14.589,2000-01-01 00:26:25,0,run/data/m1/debug.log,17242
155,13,0,m2,1U9k1edYTa5QzLkoar9sYbaRncvZGQCJ33agpc,4.52423117e-06,9.931,9.931,2000-01-01 00:26:26,0,run/data/m2/debug.log,10163
155,13,0,m3,1H2ZSPhnLnBw6i2ghJ5DcHXH7AafiDkSkFdiq2,2.34844452e-05,14.586,14.586,2000-01-01 00:26:26,0,run/data/m3/debug.log,2718
156,14,0,m1,1CoWuY4gZW7xVpsTregiYWuhnsmgnnBimpbDjx,9.83223537e-06,12.709,12.709,2000-01-01 00:26:38,0,run/data/m1/debug.log,17260
156,14,0,m2,1U9k1edYTa5QzLkoar9sYbaRncvZGQCJ33agpc,5.91952292e-05,14.832,14.832,2000-01-01 00:26:37,0,run/data/m2/debug.log,10462
156,14,0,m3,1H2ZSPhnLnBw6i2ghJ5DcHXH7AafiDkSkFdiq2,4.83329474e-05,14.828,14.828,2000-01-01 00:26:37,0,run/data/m3/debug.log,2736
157,14,0,m1,1CoWuY4gZW7xVpsTregiYWuhnsmgnnBimpbDjx,7.31484196e-06,11.575,11.575,2000-01-01 00:26:51,0,run/data/m1/debug.log,17355
157,14,0,m2,1U9k1edYTa5QzLkoar9sYbaRncvZGQCJ33agpc,2.88037066e-05,14.626,14.626,2000-01-01 00:26:52,0,run/data/m2/debug.log,10477
157,14,0,m3,1H2ZSPhnLnBw6i2ghJ5DcHXH7AafiDkSkFdiq2,0.000123514968,14.733,14.733,2000-01-01 00:26:52,0,run/data/m3/debug.log,2751
158,14,0,m1,1CoWuY4gZW7xVpsTregiYWuhnsmgnnBimpbDjx,2.10117962e-05,14.318,14.318,2000-01-01 00:27:03,0,run/data/m1/debug.log,17505
158,14,0,m2,1U9k1edYTa5QzLkoar9sYbaRncvZGQCJ33agpc,3.39006686e-05,14.635,14.635,2000-01-01 00:27:04,0,run/data/m2/debug.log,10493
158,14,0,m3,1H2ZSPhnLnBw6i2ghJ5DcHXH7AafiDkSkFdiq2,0.000253273921,14.683,14.683,2000-01-01 00:27:05,0,run/data/m3/debug.log,2767
159,14,0,m1,1CoWuY4gZW7xVpsTregiYWuhnsmgnnBimpbDjx,4.25000741e-06,9.481,9.481,2000-01-01 00:27:19,0,run/data/m1/debug.log,17638
159,14,0,m2,1U9k1edYTa5QzLkoar9sYbaRncvZGQCJ33agpc,2.62303776e-06,7.985,7.985,2000-01-01 00:27:19,0,run/data/m2/debug.log,10508
159,14,0,m3,1H2ZSPhnLnBw6i2ghJ5DcHXH7AafiDkSkFdiq2,0.000173205114,14.600,14.600,2000-01-01 00:27:20,0,run/data/m3/debug.log,2782
160,14,0,m1,1CoWuY4gZW7xVpsTregiYWuhnsmgnnBimpbDjx,1.3408505e-05,13.491,13.491,2000-01-01 00:27:29,0,run/data/m1/debug.log,17864
160,14,0,m2,1U9k1edYTa5QzLkoar9sYbaRncvZGQCJ33agpc,1.26771174e-05,13.360,13.360,2000-01-01 00:27:28,0,run/data/m2/debug.log,10679
160,14,0,m3,1H2ZSPhnLnBw6i2ghJ5DcHXH7AafiDkSkFdiq2,9.47122846e-06,12.468,12.468,2000-01-01 00:27:30,0,run/data/m3/debug.log,2813
161,14,0,m1,1CoWuY4gZW7xVpsTregiYWuhnsmgnnBimpbDjx,9.17541737e-06,12.294,12.294,2000-01-01 00:27:43,0,run/data/m1/debug.log,18576
161,14,0,m2,1U9k1edYTa5QzLkoar9sYbaRncvZGQCJ33agpc,1.15517004e-05,13.030,13.030,2000-01-01 00:27:43,0,run/data/m2/debug.log,10883
161,14,0,m3,1H2ZSPhnLnBw6i2ghJ5DcHXH7AafiDkSkFdiq2,2.96576342e-05,14.557,14.557,2000-01-01 00:27:43,0,run/data/m3/debug.log,2881
162,14,0,m1,1CoWuY4gZW7xVpsTregiYWuhnsmgnnBimpbDjx,2.32132759e-06,7.663,7.663,2000-01-01 00:27:56,0,run/data/m1/debug.log,18848
162,14,0,m2,1U9k1edYTa5QzLkoar9sYbaRncvZGQCJ33agpc,5.8149817e-06,10.600,10.600,2000-01-01 00:27:56,0,run/data/m2/debug.log,11147
162,14,0,m3,1H2ZSPhnLnBw6i2ghJ5DcHXH7AafiDkSkFdiq2,1.76803426e-05,13.983,13.983,2000-01-01 00:27:56,0,run/data/m3/debug.log,2937
163,14,0,m1,1CoWuY4gZW7xVpsTregiYWuhnsmgnnBimpbDjx,5.2357737e-06,10.518,10.518,2000-01-01 00:28:04,0,run/data/m1/debug.log,19268
163,14,0,m2,1U9k1edYTa5QzLkoar9sYbaRncvZGQCJ33agpc,5.93456571e-07,5.591,5.591,2000-01-01 00:28:05,0,run/data/m2/debug.log,11192
163,14,0,m3,1H2ZSPhnLnBw6i2ghJ5DcHXH7AafiDkSkFdiq2,4.83058855e-05,14.631,14.631,2000-01-01 00:28:05,0,run/data/m3/debug.log,2983
164,14,0,m1,1CoWuY4gZW7xVpsTregiYWuhnsmgnnBimpbDjx,5.58106908e-07,5.653,5.653,2000-01-01 00:28:13,0,run/data/m1/debug.log,19283
164,14,0,m2,1U9k1edYTa5QzLkoar9sYbaRncvZGQCJ33agpc,2.77289823e-06,8.501,8.501,2000-01-01 00:28:11,0,run/data/m2/debug.log,11867
164,14,0,m3,1H2ZSPhnLnBw6i2ghJ5DcHXH7AafiDkSkFdiq2,0.000183893287,14.750,14.750,2000-01-01 00:28:13,0,run/data/m3/debug.log,2998
165,14,0,m1,1CoWuY4gZW7xVpsTregiYWuhnsmgnnBimpbDjx,3.01894502e-05,14.724,14.724,2000-01-01 00:28:19,0,run/data/m1/debug.log,19468
165,14,0,m2,1U9k1edYTa5QzLkoar9sYbaRncvZGQCJ33agpc,3.06543491e-05,14.728,14.728,2000-01-01 00:28:20,0,run/data/m2/debug.log,11882
165,14,0,m3,1H2ZSPhnLnBw6i2ghJ5DcHXH7AafiDkSkFdiq2,1.66777829e-06,7.247,7.247,2000-01-01 00:28:20,0,run/data/m3/debug.log,3013
166,14,0,m1,1CoWuY4gZW7xVpsTregiYWuhnsmgnnBimpbDjx,3.50617988e-06,9.215,9.215,2000-01-01 00:28:29,0,run/data/m1/debug.log,19483
166,14,0,m2,1U9k1edYTa5QzLkoar9sYbaRncvZGQCJ33agpc,5.43833687e-07,5.614,5.614,2000-01-01 00:28:29,0,run/data/m2/debug.log,11897
166,14,0,m3,1H2ZSPhnLnBw6i2ghJ5DcHXH7AafiDkSkFdiq2,4.61715397e-05,14.729,14.729,2000-01-01 00:28:28,0,run/data/m3/debug.log,3560
167,14,0,m1,1CoWuY4gZW7xVpsTregiYWuhnsmgnnBimpbDjx,7.07592457e-07,5.964,5.964,2000-01-01 00:28:37,0,run/data/m1/debug.log,19501
167,14,0,m2,1U9k1edYTa5QzLkoar9sYbaRncvZGQCJ33agpc,8.94412038e-06,12.639,12.639,2000-01-01 00:28:35,0,run/data/m2/debug.log,12023
167,14,0,m3,1H2ZSPhnLnBw6i2ghJ5DcHXH7AafiDkSkFdiq2,1.6277824e-06,7.245,7.245,2000-01-01 00:28:37,0,run/data/m3/debug.log,3578
168,15,0,m1,1CoWuY4gZW7xVpsTregiYWuhnsmgnnBimpbDjx,4.83652538e-06,10.496,10.496,2000-01-01 00:28:43,0,run/data/m1/debug.log,19577
168,15,0,m2,1U9k1edYTa5QzLkoar9sYbaRncvZGQCJ33agpc,2.32352179e-05,14.706,14.706,2000-01-01 00:28:44,0,run/data/m2/debug.log,12038
168,15,0,m3,1H2ZSPhnLnBw6i2ghJ5DcHXH7AafiDkSkFdiq2,3.95898633e-06,9.790,9.790,2000-01-01 00:28:45,0,run/data/m3/debug.log,3593
169,15,0,m1,1CoWuY4gZW7xVpsTregiYWuhnsmgnnBimpbDjx,4.19006756e-06,10.036,10.036,2000-01-01 00:28:54,0,run/data/m1/debug.log,19852
169,15,0,m2,1U9k1edYTa5QzLkoar9sYbaRncvZGQCJ33agpc,6.84445218e-06,11.817,11.817,2000-01-01 00:28:55,0,run/data/m2/debug.log,12069
169,15,0,m3,1H2ZSPhnLnBw6i2ghJ5DcHXH7AafiDkSkFdiq2,5.09833526e-05,14.932,14.932,2000-01-01 00:28:55,0,run/data/m3/debug.log,3656
170,15,0,m1,1CoWuY4gZW7xVpsTregiYWuhnsmgnnBimpbDjx,4.716179e-05,14.963,14.963,2000-01-01 00:29:05,0,run/data/m1/debug.log,20795
170,15,0,m2,1U9k1edYTa5QzLkoar9sYbaRncvZGQCJ33agpc,2.86943732e-05,14.890,14.890,2000-01-01 00:29:06,0,run/data/m2/debug.log,12085
170,15,0,m3,1H2ZSPhnLnBw6i2ghJ5DcHXH7AafiDkSkFdiq2,0.000308654981,14.967,14.967,2000-01-01 00:29:07,0,run/data/m3/debug.log,3692
171,15,0,m1,1CoWuY4gZW7xVpsTregiYWuhnsmgnnBimpbDjx,2.49913967e-05,14.822,14.822,2000-01-01 00:29:21,0,run/data/m1/debug.log,20893
171,15,0,m2,1U9k1edYTa5QzLkoar9sYbaRncvZGQCJ33agpc,1.46653129e-06,7.168,7.168,2000-01-01 00:29:22,0,run/data/m2/debug.log,12100
171,15,0,m3,1H2ZSPhnLnBw6i2ghJ5DcHXH7AafiDkSkFdiq2,4.19089164e-05,14.958,14.958,2000-01-01 00:29:22,0,run/data/m3/debug.log,3707
172,15,0,m1,1CoWuY4gZW7xVpsTregiYWuhnsmgnnBimpbDjx,1.26080926e-05,13.821,13.821,2000-01-01 00:29:31,0,run/data/m1/debug.log,20908
172,15,0,m2,1U9k1edYTa5QzLkoar9sYbaRncvZGQCJ33agpc,7.27558176e-05,15.000,15.000,2000-01-01 00:29:29,0,run/data/m2/debug.log,12594
172,15,0,m3,1H2ZSPhnLnBw6i2ghJ5DcHXH7AafiDkSkFdiq2,4.98271863e-05,14.998,14.998,2000-01-01 00:29:30,0,run/data/m3/debug.log,3722
173,15,0,m1,1CoWuY4gZW7xVpsTregiYWuhnsmgnnBimpbDjx,2.07190971e-05,14.669,14.669,2000-01-01 00:29:45,0,run/data/m1/debug.log,21130
173,15,0,m2,1U9k1edYTa5QzLkoar9sYbaRncvZGQCJ33agpc,9.43429123e-05,14.967,14.967,2000-01-01 00:29:45,0,run/data/m2/debug.log,12947
173,15,0,m3,1H2ZSPhnLnBw6i2ghJ5DcHXH7AafiDkSkFdiq2,9.52929118e-05,14.967,14.967,2000-01-01 00:29:45,0,run/data/m3/debug.log,4045
174,15,0,m1,1CoWuY4gZW7xVpsTregiYWuhnsmgnnBimpbDjx,6.13875205e-06,11.402,11.402,2000-01-01 00:30:00,0,run/data/m1/debug.log,21226
174,15,0,m2,1U9k1edYTa5QzLkoar9sYbaRncvZGQCJ33agpc,2.05730188e-05,14.628,14.628,2000-01-01 00:30:00,0,run/data/m2/debug.log,13878
174,15,0,m3,1H2ZSPhnLnBw6i2ghJ5DcHXH7AafiDkSkFdiq2,7.51686337e-05,14.917,14.917,2000-01-01 00:30:01,0,run/data/m3/debug.log,4233
175,15,0,m1,1CoWuY4gZW7xVpsTregiYWuhnsmgnnBimpbDjx,1.16466605e-05,13.410,13.410,2000-01-01 00:30:13,0,run/data/m1/debug.log,21856
175,15,0,m2,1U9k1edYTa5QzLkoar9sYbaRncvZGQCJ33agpc,2.34609195e-05,14.648,14.648,2000-01-01 00:30:13,0,run/data/m2/debug.log,13942
175,15,0,m3,1H2ZSPhnLnBw6i2ghJ5DcHXH7AafiDkSkFdiq2,1.95941662e-05,14.466,14.466,2000-01-01 00:30:14,0,run/data/m3/debug.log,4296
176,15,0,m1,1CoWuY4gZW7xVpsTregiYWuhnsmgnnBimpbDjx,1.99005596e-06,7.552,7.552,2000-01-01 00:30:27,0,run/data/m1/debug.log,21926
176,15,0,m2,1U9k1edYTa5QzLkoar9sYbaRncvZGQCJ33agpc,1.00720354e-05,12.862,12.862,2000-01-01 00:30:28,0,run/data/m2/debug.log,13957
176,15,0,m3,1H2ZSPhnLnBw6i2ghJ5DcHXH7AafiDkSkFdiq2,5.27168918e-05,14.732,14.732,2000-01-01 00:30:28,0,run/data/m3/debug.log,4311
177,15,0,m1,1CoWuY4gZW7xVpsTregiYWuhnsmgnnBimpbDjx,1.95799962e-05,14.349,14.349,2000-01-01 00:30:35,0,run/data/m1/debug.log,21978
177,15,0,m2,1U9k1edYTa5QzLkoar9sYbaRncvZGQCJ33agpc,4.64143872e-06,10.114,10.114,2000-01-01 00:30:35,0,run/data/m2/debug.log,13975
177,15,0,m3,1H2ZSPhnLnBw6i2ghJ5DcHXH7AafiDkSkFdiq2,1.72929639e-06,7.234,7.234,2000-01-01 00:30:36,0,run/data/m3/debug.log,4329
178,15,0,m1,1CoWuY4gZW7xVpsTregiYWuhnsmgnnBimpbDjx,3.41042395e-06,9.080,9.080,2000-01-01 00:30:44,0,run/data/m1/debug.log,21993
178,15,0,m2,1U9k1edYTa5QzLkoar9sYbaRncvZGQCJ33agpc,1.98851039e-06,7.567,7.567,2000-01-01 00:30:44,0,run/data/m2/debug.log,13990
178,15,0,m3,1H2ZSPhnLnBw6i2ghJ5DcHXH7AafiDkSkFdiq2,1.38756798e-05,13.756,13.756,2000-01-01 00:30:43,0,run/data/m3/debug.log,4384
179,15,0,m1,1CoWuY4gZW7xVpsTregiYWuhnsmgnnBimpbDjx,2.56043846e-06,8.186,8.186,2000-01-01 00:30:53,0,run/data/m1/debug.log,22008
179,15,0,m2,1U9k1edYTa5QzLkoar9sYbaRncvZGQCJ33agpc,2.07752019e-05,14.401,14.401,2000-01-01 00:30:52,0,run/data/m2/debug.log,14147
179,15,0,m3,1H2ZSPhnLnBw6i2ghJ5DcHXH7AafiDkSkFdiq2,3.06710157e-05,14.656,14.656,2000-01-01 00:30:53,0,run/data/m3/debug.log,4399
180,16,0,m1,1CoWuY4gZW7xVpsTregiYWuhnsmgnnBimpbDjx,1.5279171e-05,13.896,13.896,2000-01-01 00:31:02,0,run/data/m1/debug.log,22117
180,16,0,m2,1U9k1edYTa5QzLkoar9sYbaRncvZGQCJ33agpc,1.53004099e-07,4.935,4.935,2000-01-01 00:31:03,0,run/data/m2/debug.log,14162
180,16,0,m3,1H2ZSPhnLnBw6i2ghJ5DcHXH7AafiDkSkFdiq2,0.000113691719,14.683,14.683,2000-01-01 00:31:03,0,run/data/m3/debug.log,4414
181,16,0,m1,1CoWuY4gZW7xVpsTregiYWuhnsmgnnBimpbDjx,2.22900595e-06,7.865,7.865,2000-01-01 00:31:10,0,run/data/m1/debug.log,22132
181,16,0,m2,1U9k1edYTa5QzLkoar9sYbaRncvZGQCJ33agpc,2.33098908e-05,14.560,14.560,2000-01-01 00:31:08,0,run/data/m2/debug.log,14392
181,16,0,m3,1H2ZSPhnLnBw6i2ghJ5DcHXH7AafiDkSkFdiq2,0.000198494874,14.767,14.767,2000-01-01 00:31:10,0,run/data/m3/debug.log,4430
182,16,0,m1,1CoWuY4gZW7xVpsTregiYWuhnsmgnnBimpbDjx,4.04180506e-06,9.662,9.662,2000-01-01 00:31:19,0,run/data/m1/debug.log,22174
182,16,0,m2,1U9k1edYTa5QzLkoar9sYbaRncvZGQCJ33agpc,1.03264341e-05,12.973,12.973,2000-01-01 00:31:19,0,run/data/m2/debug.log,14408
182,16,0,m3,1H2ZSPhnLnBw6i2ghJ5DcHXH7AafiDkSkFdiq2,2.8372965e-05,14.678,14.678,2000-01-01 00:31:20,0,run/data/m3/debug.log,4445
183,16,0,m1,1CoWuY4gZW7xVpsTregiYWuhnsmgnnBimpbDjx,6.39421794e-06,11.432,11.432,2000-01-01 00:31:28,0,run/data/m1/debug.log,22513
183,16,0,m2,1U9k1edYTa5QzLkoar9sYbaRncvZGQCJ33agpc,7.82699029e-06,12.164,12.164,2000-01-01 00:31:29,0,run/data/m2/debug.log,14423
183,16,0,m3,1H2ZSPhnLnBw6i2ghJ5DcHXH7AafiDkSkFdiq2,7.57856338e-05,14.883,14.883,2000-01-01 00:31:30,0,run/data/m3/debug.log,4460
184,16,0,m1,1CoWuY4gZW7xVpsTregiYWuhnsmgnnBimpbDjx,7.06208433e-06,11.712,11.712,2000-01-01 00:31:41,0,run/data/m1/debug.log,22540
184,16,0,m2,1U9k1edYTa5QzLkoar9sYbaRncvZGQCJ33agpc,7.402037e-06,11.882,11.882,2000-01-01 00:31:41,0,run/data/m2/debug.log,14438
184,16,0,m3,1H2ZSPhnLnBw6i2ghJ5DcHXH7AafiDkSkFdiq2,4.45390235e-05,14.794,14.794,2000-01-01 00:31:42,0,run/data/m3/debug.log,4475
185,16,0,m1,1CoWuY4gZW7xVpsTregiYWuhnsmgnnBimpbDjx,1.35304006e-06,6.883,6.883,2000-01-01 00:31:53,0,run/data/m1/debug.log,22630
185,16,0,m2,1U9k1edYTa5QzLkoar9sYbaRncvZGQCJ33agpc,4.01985661e-06,9.744,9.744,2000-01-01 00:31:53,0,run/data/m2/debug.log,14453
185,16,0,m3,1H2ZSPhnLnBw6i2ghJ5DcHXH7AafiDkSkFdiq2,4.71918913e-05,14.863,14.863,2000-01-01 00:31:54,0,run/data/m3/debug.log,4490
186,16,0,m1,1CoWuY4gZW7xVpsTregiYWuhnsmgnnBimpbDjx,1.19273996e-05,13.626,13.626,2000-01-01 00:32:00,0,run/data/m1/debug.log,22788
186,16,0,m2,1U9k1edYTa5QzLkoar9sYbaRncvZGQCJ33agpc,2.07093262e-05,14.681,14.681,2000-01-01 00:32:01,0,run/data/m2/debug.log,14468
186,16,0,m3,1H2ZSPhnLnBw6i2ghJ5DcHXH7AafiDkSkFdiq2,1.63686599e-05,14.344,14.344,2000-01-01 00:32:02,0,run/data/m3/debug.log,4505
187,16,0,m1,1CoWuY4gZW7xVpsTregiYWuhnsmgnnBimpbDjx,7.33280167e-06,12.169,12.169,2000-01-01 00:32:15,0,run/data/m1/debug.log,22947
187,16,0,m2,1U9k1edYTa5QzLkoar9sYbaRncvZGQCJ33agpc,1.17544554e-05,13.669,13.669,2000-01-01 00:32:15,0,run/data/m2/debug.log,14488
187,16,0,m3,1H2ZSPhnLnBw6i2ghJ5DcHXH7AafiDkSkFdiq2,0.000292295568,14.967,14.967,2000-01-01 00:32:16,0,run/data/m3/debug.log,4525
188,16,0,m1,1CoWuY4gZW7xVpsTregiYWuhnsmgnnBimpbDjx,1.40167883e-05,14.108,14.108,2000-01-01 00:32:28,0,run/data/m1/debug.log,23085
188,16,0,m2,1U9k1edYTa5QzLkoar9sYbaRncvZGQCJ33agpc,3.07393746e-07,5.503,5.503,2000-01-01 00:32:29,0,run/data/m2/debug.log,14503
188,16,0,m3,1H2ZSPhnLnBw6i2ghJ5DcHXH7AafiDkSkFdiq2,2.25402619e-05,14.784,14.784,2000-01-01 00:32:29,0,run/data/m3/debug.log,4540
189,16,0,m1,1CoWuY4gZW7xVpsTregiYWuhnsmgnnBimpbDjx,2.38470697e-07,5.406,5.406,2000-01-01 00:32:37,0,run/data/m1/debug.log,23103
189,16,0,m2,1U9k1edYTa5QzLkoar9sYbaRncvZGQCJ33agpc,1.21045653e-05,13.779,13.779,2000-01-01 00:32:35,0,run/data/m2/debug.log,14651
189,16,0,m3,1H2ZSPhnLnBw6i2ghJ5DcHXH7AafiDkSkFdiq2,5.5770434e-05,14.999,14.999,2000-01-01 00:32:36,0,run/data/m3/debug.log,4558
190,16,0,m1,1CoWuY4gZW7xVpsTregiYWuhnsmgnnBimpbDjx,5.59208267e-06,11.232,11.232,2000-01-01 00:32:42,0,run/data/m1/debug.log,23192
190,16,0,m2,1U9k1edYTa5QzLkoar9sYbaRncvZGQCJ33agpc,4.45673922e-06,10.406,10.406,2000-01-01 00:32:43,0,run/data/m2/debug.log,14666
190,16,0,m3,1H2ZSPhnLnBw6i2ghJ5DcHXH7AafiDkSkFdiq2,8.4935392e-06,12.730,12.730,2000-01-01 00:32:43,0,run/data/m3/debug.log,4573
191,16,0,m1,1CoWuY4gZW7xVpsTregiYWuhnsmgnnBimpbDjx,2.56964402e-05,14.852,14.852,2000-01-01 00:32:54,0,run/data/m1/debug.log,23260
191,16,0,m2,1U9k1edYTa5QzLkoar9sYbaRncvZGQCJ33agpc,1.27806669e-05,13.881,13.881,2000-01-01 00:32:54,0,run/data/m2/debug.log,14717
191,16,0,m3,1H2ZSPhnLnBw6i2ghJ5DcHXH7AafiDkSkFdiq2,0.000218905585,14.967,14.967,2000-01-01 00:32:55,0,run/data/m3/debug.log,4604
192,17,0,m1,1CoWuY4gZW7xVpsTregiYWuhnsmgnnBimpbDjx,2.44266941e-05,14.756,14.756,2000-01-01 00:33:10,0,run/data/m1/debug.log,23295
192,17,0,m2,1U9k1edYTa5QzLkoar9sYbaRncvZGQCJ33agpc,5.51909988e-07,5.814,5.814,2000-01-01 00:33:08,0,run/data/m2/debug.log,15098
192,17,0,m3,1H2ZSPhnLnBw6i2ghJ5DcHXH7AafiDkSkFdiq2,6.34168189e-05,14.900,14.900,2000-01-01 00:33:10,0,run/data/m3/debug.log,4619
193,17,0,m1,1CoWuY4gZW7xVpsTregiYWuhnsmgnnBimpbDjx,2.80606754e-06,8.742,8.742,2000-01-01 00:33:16,0,run/data/m1/debug.log,23310
193,17,0,m2,1U9k1edYTa5QzLkoar9sYbaRncvZGQCJ33agpc,5.92081812e-05,14.883,14.883,2000-01-01 00:33:15,0,run/data/m2/debug.log,15257
193,17,0,m3,1H2ZSPhnLnBw6i2ghJ5DcHXH7AafiDkSkFdiq2,0.000130970662,14.883,14.883,2000-01-01 00:33:16,0,run/data/m3/debug.log,4634
194,17,0,m1,1CoWuY4gZW7xVpsTregiYWuhnsmgnnBimpbDjx,1.0411232e-05,13.261,13.261,2000-01-01 00:33:25,0,run/data/m1/debug.log,23384
194,17,0,m2,1U9k1edYTa5QzLkoar9sYbaRncvZGQCJ33agpc,3.27242684e-06,9.236,9.236,2000-01-01 00:33:26,0,run/data/m2/debug.log,15273
194,17,0,m3,1H2ZSPhnLnBw6i2ghJ5DcHXH7AafiDkSkFdiq2,4.26739277e-05,14.894,14.894,2000-01-01 00:33:26,0,run/data/m3/debug.log,4650
195,17,0,m1,1CoWuY4gZW7xVpsTregiYWuhnsmgnnBimpbDjx,9.03744253e-06,12.786,12.786,2000-01-01 00:33:37,0,run/data/m1/debug.log,23399
195,17,0,m2,1U9k1edYTa5QzLkoar9sYbaRncvZGQCJ33agpc,6.83105246e-06,11.815,11.815,2000-01-01 00:33:36,0,run/data/m2/debug.log,15398
195,17,0,m3,1H2ZSPhnLnBw6i2ghJ5DcHXH7AafiDkSkFdiq2,0.000164121829,14.867,14.867,2000-01-01 00:33:37,0,run/data/m3/debug.log,4665
196,17,0,m1,1CoWuY4gZW7xVpsTregiYWuhnsmgnnBimpbDjx,5.60921573e-06,11.110,11.110,2000-01-01 00:33:49,0,run/data/m1/debug.log,23414
196,17,0,m2,1U9k1edYTa5QzLkoar9sYbaRncvZGQCJ33agpc,1.04104346e-06,6.538,6.538,2000-01-01 00:33:48,0,run/data/m2/debug.log,15869
196,17,0,m3,1H2ZSPhnLnBw6i2ghJ5DcHXH7AafiDkSkFdiq2,0.000177245305,14.883,14.883,2000-01-01 00:33:49,0,run/data/m3/debug.log,4680
197,17,0,m1,1CoWuY4gZW7xVpsTregiYWuhnsmgnnBimpbDjx,6.39086938e-06,11.672,11.672,2000-01-01 00:33:56,0,run/data/m1/debug.log,23429
197,17,0,m2,1U9k1edYTa5QzLkoar9sYbaRncvZGQCJ33agpc,2.60707963e-05,14.859,14.859,2000-01-01 00:33:55,0,run/data/m2/debug.log,15923
197,17,0,m3,1H2ZSPhnLnBw6i2ghJ5DcHXH7AafiDkSkFdiq2,2.19620596e-05,14.746,14.746,2000-01-01 00:33:55,0,run/data/m3/debug.log,4695
198,17,0,m1,1CoWuY4gZW7xVpsTregiYWuhnsmgnnBimpbDjx,3.94959865e-06,9.832,9.832,2000-01-01 00:34:08,0,run/data/m1/debug.log,23509
198,17,0,m2,1U9k1edYTa5QzLkoar9sYbaRncvZGQCJ33agpc,4.49189e-06,10.284,10.284,2000-01-01 00:34:09,0,run/data/m2/debug.log,15938
198,17,0,m3,1H2ZSPhnLnBw6i2ghJ5DcHXH7AafiDkSkFdiq2,1.08515894e-05,13.349,13.349,2000-01-01 00:34:09,0,run/data/m3/debug.log,4710
199,17,0,m1,1CoWuY4gZW7xVpsTregiYWuhnsmgnnBimpbDjx,2.00144635e-06,7.785,7.785,2000-01-01 00:34:18,0,run/data/m1/debug.log,23641
199,17,0,m2,1U9k1edYTa5QzLkoar9sYbaRncvZGQCJ33agpc,5.06287994e-06,10.647,10.647,2000-01-01 00:34:19,0,run/data/m2/debug.log,15958
199,17,0,m3,1H2ZSPhnLnBw6i2ghJ5DcHXH7AafiDkSkFdiq2,5.40346343e-05,14.949,14.949,2000-01-01 00:34:19,0,run/data/m3/debug.log,4730
200,17,0,m1,1CoWuY4gZW7xVpsTregiYWuhnsmgnnBimpbDjx,5.1587157e-05,15.015,15.015,2000-01-01 00:34:27,0,run/data/m1/debug.log,24243
200,17,0,m2,1U9k1edYTa5QzLkoar9sYbaRncvZGQCJ33agpc,3.75862124e-05,14.998,14.998,2000-01-01 00:34:28,0,run/data/m2/debug.log,15973
200,17,0,m3,1H2ZSPhnLnBw6i2ghJ5DcHXH7AafiDkSkFdiq2,3.65899203e-05,14.994,14.994,2000-01-01 00:34:28,0,run/data/m3/debug.log,4745
201,17,0,m1,1CoWuY4gZW7xVpsTregiYWuhnsmgnnBimpbDjx,3.50967887e-06,9.310,9.310,2000-01-01 00:34:42,0,run/data/m1/debug.log,24270
201,17,0,m2,1U9k1edYTa5QzLkoar9sYbaRncvZGQCJ33agpc,5.17808786e-06,10.663,10.663,2000-01-01 00:34:43,0,run/data/m2/debug.log,15991
201,17,0,m3,1H2ZSPhnLnBw6i2ghJ5DcHXH7AafiDkSkFdiq2,1.09625252e-05,13.273,13.273,2000-01-01 00:34:43,0,run/data/m3/debug.log,4763
202,17,0,m1,1CoWuY4gZW7xVpsTregiYWuhnsmgnnBimpbDjx,5.19888569e-06,10.627,10.627,2000-01-01 00:34:52,0,run/data/m1/debug.log,24674
202,17,0,m2,1U9k1edYTa5QzLkoar9sYbaRncvZGQCJ33agpc,1.57758735e-05,14.111,14.111,2000-01-01 00:34:53,0,run/data/m2/debug.log,16006
202,17,0,m3,1H2ZSPhnLnBw6i2ghJ5DcHXH7AafiDkSkFdiq2,3.44414578e-05,14.801,14.801,2000-01-01 00:34:53,0,run/data/m3/debug.log,4778
203,17,0,m1,1CoWuY4gZW7xVpsTregiYWuhnsmgnnBimpbDjx,2.33028937e-06,8.067,8.067,2000-01-01 00:35:03,0,run/data/m1/debug.log,25055
203,17,0,m2,1U9k1edYTa5QzLkoar9sYbaRncvZGQCJ33agpc,4.9102643e-05,14.847,14.847,2000-01-01 00:35:04,0,run/data/m2/debug.log,16021
203,17,0,m3,1H2ZSPhnLnBw6i2ghJ5DcHXH7AafiDkSkFdiq2,0.000108570002,14.850,14.850,2000-01-01 00:35:04,0,run/data/m3/debug.log,4793
204,18,0,m1,1CoWuY4gZW7xVpsTregiYWuhnsmgnnBimpbDjx,6.62170338e-06,11.615,11.615,2000-01-01 00:35:12,0,run/data/m1/debug.log,25272
204,18,0,m2,1U9k1edYTa5QzLkoar9sYbaRncvZGQCJ33agpc,7.12734096e-05,14.933,14.933,2000-01-01 00:35:13,0,run/data/m2/debug.log,16036
204,18,0,m3,1H2ZSPhnLnBw6i2ghJ5DcHXH7AafiDkSkFdiq2,6.67177701e-05,14.933,14.933,2000-01-01 00:35:13,0,run/data/m3/debug.log,4808
205,18,0,m1,1CoWuY4gZW7xVpsTregiYWuhnsmgnnBimpbDjx,1.58649304e-05,14.138,14.138,2000-01-01 00:35:24,0,run/data/m1/debug.log,25828
205,18,0,m2,1U9k1edYTa5QzLkoar9sYbaRncvZGQCJ33agpc,8.88561557e-06,12.574,12.574,2000-01-01 00:35:25,0,run/data/m2/debug.log,16051
205,18,0,m3,1H2ZSPhnLnBw6i2ghJ5DcHXH7AafiDkSkFdiq2,8.57783219e-06,12.454,12.454,2000-01-01 00:35:25,0,run/data/m3/debug.log,4823
206,18,0,m1,1CoWuY4gZW7xVpsTregiYWuhnsmgnnBimpbDjx,2.53249898e-05,14.636,14.636,2000-01-01 00:35:38,0,run/data/m1/debug.log,25844
206,18,0,m2,1U9k1edYTa5QzLkoar9sYbaRncvZGQCJ33agpc,5.85090227e-06,11.010,11.010,2000-01-01 00:35:38,0,run/data/m2/debug.log,16509
206,18,0,m3,1H2ZSPhnLnBw6i2ghJ5DcHXH7AafiDkSkFdiq2,1.49043626e-05,13.948,13.948,2000-01-01 00:35:38,0,run/data/m3/debug.log,5438
207,18,0,m1,1CoWuY4gZW7xVpsTregiYWuhnsmgnnBimpbDjx,2.74758178e-06,8.439,8.439,2000-01-01 00:35:51,0,run/data/m1/debug.log,25875
207,18,0,m2,1U9k1edYTa5QzLkoar9sYbaRncvZGQCJ33agpc,8.32700137e-06,12.269,12.269,2000-01-01 00:35:50,0,run/data/m2/debug.log,16945
207,18,0,m3,1H2ZSPhnLnBw6i2ghJ5DcHXH7AafiDkSkFdiq2,3.77282266e-05,14.748,14.748,2000-01-01 00:35:50,0,run/data/m3/debug.log,5473
208,18,0,m1,1CoWuY4gZW7xVpsTregiYWuhnsmgnnBimpbDjx,1.23578292e-05,13.524,13.524,2000-01-01 00:36:00,0,run/data/m1/debug.log,26088
208,18,0,m2,1U9k1edYTa5QzLkoar9sYbaRncvZGQCJ33agpc,4.26250307e-05,14.792,14.792,2000-01-01 00:36:01,0,run/data/m2/debug.log,16960
208,18,0,m3,1H2ZSPhnLnBw6i2ghJ5DcHXH7AafiDkSkFdiq2,4.3604463e-05,14.793,14.793,2000-01-01 00:36:01,0,run/data/m3/debug.log,5488
209,18,0,m1,1CoWuY4gZW7xVpsTregiYWuhnsmgnnBimpbDjx,2.04851971e-06,7.558,7.558,2000-01-01 00:36:15,0,run/data/m1/debug.log,26347
209,18,0,m2,1U9k1edYTa5QzLkoar9sYbaRncvZGQCJ33agpc,3.20101923e-06,8.800,8.800,2000-01-01 00:36:15,0,run/data/m2/debug.log,16975
209,18,0,m3,1H2ZSPhnLnBw6i2ghJ5DcHXH7AafiDkSkFdiq2,1.42589546e-05,13.737,13.737,2000-01-01 00:36:16,0,run/data/m3/debug.log,5503
210,18,0,m1,1CoWuY4gZW7xVpsTregiYWuhnsmgnnBimpbDjx,2.52405963e-05,14.617,14.617,2000-01-01 00:36:22,0,run/data/m1/debug.log,26364
210,18,0,m2,1U9k1edYTa5QzLkoar9sYbaRncvZGQCJ33agpc,2.15564491e-05,14.491,14.491,2000-01-01 00:36:23,0,run/data/m2/debug.log,16990
210,18,0,m3,1H2ZSPhnLnBw6i2ghJ5DcHXH7AafiDkSkFdiq2,1.14428261e-05,13.280,13.280,2000-01-01 00:36:23,0,run/data/m3/debug.log,5518
211,18,0,m1,1CoWuY4gZW7xVpsTregiYWuhnsmgnnBimpbDjx,1.50169416e-06,6.789,6.789,2000-01-01 00:36:38,0,run/data/m1/debug.log,27051
211,18,0,m2,1U9k1edYTa5QzLkoar9sYbaRncvZGQCJ33agpc,3.52811438e-05,14.630,14.630,2000-01-01 00:36:38,0,run/data/m2/debug.log,17029
211,18,0,m3,1H2ZSPhnLnBw6i2ghJ5DcHXH7AafiDkSkFdiq2,5.3288274e-05,14.665,14.665,2000-01-01 00:36:38,0,run/data/m3/debug.log,5606
212,18,0,m1,1CoWuY4gZW7xVpsTregiYWuhnsmgnnBimpbDjx,3.3967745e-06,8.870,8.870,2000-01-01 00:36:45,0,run/data/m1/debug.log,27204
212,18,0,m2,1U9k1edYTa5QzLkoar9sYbaRncvZGQCJ33agpc,1.21931398e-05,13.258,13.258,2000-01-01 00:36:46,0,run/data/m2/debug.log,17044
212,18,0,m3,1H2ZSPhnLnBw6i2ghJ5DcHXH7AafiDkSkFdiq2,6.69923322e-06,11.250,11.250,2000-01-01 00:36:47,0,run/data/m3/debug.log,5641
213,18,0,m1,1CoWuY4gZW7xVpsTregiYWuhnsmgnnBimpbDjx,1.21722228e-05,13.337,13.337,2000-01-01 00:36:55,0,run/data/m1/debug.log,27603
213,18,0,m2,1U9k1edYTa5QzLkoar9sYbaRncvZGQCJ33agpc,1.14243643e-05,13.155,13.155,2000-01-01 00:36:56,0,run/data/m2/debug.log,17059
213,18,0,m3,1H2ZSPhnLnBw6i2ghJ5DcHXH7AafiDkSkFdiq2,0.000177965723,14.783,14.783,2000-01-01 00:36:56,0,run/data/m3/debug.log,5656
214,18,0,m1,1CoWuY4gZW7xVpsTregiYWuhnsmgnnBimpbDjx,1.53080592e-05,13.821,13.821,2000-01-01 00:37:10,0,run/data/m1/debug.log,27756
214,18,0,m2,1U9k1edYTa5QzLkoar9sYbaRncvZGQCJ33agpc,1.08281771e-05,12.926,12.926,2000-01-01 00:37:09,0,run/data/m2/debug.log,17112
214,18,0,m3,1H2ZSPhnLnBw6i2ghJ5DcHXH7AafiDkSkFdiq2,0.00019161334,14.717,14.717,2000-01-01 00:37:11,0,run/data/m3/debug.log,5687
215,18,0,m1,1CoWuY4gZW7xVpsTregiYWuhnsmgnnBimpbDjx,4.93691657e-07,5.438,5.438,2000-01-01 00:37:23,0,run/data/m1/debug.log,27791
215,18,0,m2,1U9k1edYTa5QzLkoar9sYbaRncvZGQCJ33agpc,7.40691032e-05,14.683,14.683,2000-01-01 00:37:22,0,run/data/m2/debug.log,17221
215,18,0,m3,1H2ZSPhnLnBw6i2ghJ5DcHXH7AafiDkSkFdiq2,1.8311455e-05,14.138,14.138,2000-01-01 00:37:23,0,run/data/m3/debug.log,5702
216,19,0,m1,1CoWuY4gZW7xVpsTregiYWuhnsmgnnBimpbDjx,2.27663731e-06,7.768,7.768,2000-01-01 00:37:28,0,run/data/m1/debug.log,27813
216,19,0,m2,1U9k1edYTa5QzLkoar9sYbaRncvZGQCJ33agpc,1.66899557e-05,14.028,14.028,2000-01-01 00:37:29,0,run/data/m2/debug.log,17236
216,19,0,m3,1H2ZSPhnLnBw6i2ghJ5DcHXH7AafiDkSkFdiq2,0.00011544201,14.733,14.733,2000-01-01 00:37:29,0,run/data/m3/debug.log,5717
217,19,0,m1,1CoWuY4gZW7xVpsTregiYWuhnsmgnnBimpbDjx,1.24346733e-06,6.576,6.576,2000-01-01 00:37:37,0,run/data/m1/debug.log,28093
217,19,0,m2,1U9k1edYTa5QzLkoar9sYbaRncvZGQCJ33agpc,2.9744672e-06,8.549,8.549,2000-01-01 00:37:38,0,run/data/m2/debug.log,17251
217,19,0,m3,1H2ZSPhnLnBw6i2ghJ5DcHXH7AafiDkSkFdiq2,7.50969453e-05,14.783,14.783,2000-01-01 00:37:38,0,run/data/m3/debug.log,5732
218,19,0,m1,1CoWuY4gZW7xVpsTregiYWuhnsmgnnBimpbDjx,2.44840053e-06,8.122,8.122,2000-01-01 00:37:44,0,run/data/m1/debug.log,28482
218,19,0,m2,1U9k1edYTa5QzLkoar9sYbaRncvZGQCJ33agpc,4.72947041e-07,5.624,5.624,2000-01-01 00:37:44,0,run/data/m2/debug.log,17267
218,19,0,m3,1H2ZSPhnLnBw6i2ghJ5DcHXH7AafiDkSkFdiq2,4.06028707e-05,14.884,14.884,2000-01-01 00:37:45,0,run/data/m3/debug.log,5748
219,19,0,m1,1CoWuY4gZW7xVpsTregiYWuhnsmgnnBimpbDjx,5.4847704e-06,10.799,10.799,2000-01-01 00:37:51,0,run/data/m1/debug.log,28497
219,19,0,m2,1U9k1edYTa5QzLkoar9sYbaRncvZGQCJ33agpc,7.0325778e-06,11.711,11.711,2000-01-01 00:37:51,0,run/data/m2/debug.log,17912
219,19,0,m3,1H2ZSPhnLnBw6i2ghJ5DcHXH7AafiDkSkFdiq2,6.15573912e-07,5.915,5.915,2000-01-01 00:37:53,0,run/data/m3/debug.log,5763
220,19,0,m1,1CoWuY4gZW7xVpsTregiYWuhnsmgnnBimpbDjx,9.1826007e-06,12.691,12.691,2000-01-01 00:38:00,0,run/data/m1/debug.log,28512
220,19,0,m2,1U9k1edYTa5QzLkoar9sYbaRncvZGQCJ33agpc,1.32590385e-05,13.800,13.800,2000-01-01 00:38:00,0,run/data/m2/debug.log,17927
220,19,0,m3,1H2ZSPhnLnBw6i2ghJ5DcHXH7AafiDkSkFdiq2,5.38504252e-06,10.766,10.766,2000-01-01 00:37:59,0,run/data/m3/debug.log,5853
221,19,0,m1,1CoWuY4gZW7xVpsTregiYWuhnsmgnnBimpbDjx,7.56941655e-06,12.079,12.079,2000-01-01 00:38:11,0,run/data/m1/debug.log,28527
221,19,0,m2,1U9k1edYTa5QzLkoar9sYbaRncvZGQCJ33agpc,4.1433333e-05,15.069,15.069,2000-01-01 00:38:11,0,run/data/m2/debug.log,17942
221,19,0,m3,1H2ZSPhnLnBw6i2ghJ5DcHXH7AafiDkSkFdiq2,5.49153953e-05,15.082,15.082,2000-01-01 00:38:10,0,run/data/m3/debug.log,6156
222,19,0,m1,1CoWuY4gZW7xVpsTregiYWuhnsmgnnBimpbDjx,6.58855266e-06,11.472,11.472,2000-01-01 00:38:23,0,run/data/m1/debug.log,28681
222,19,0,m2,1U9k1edYTa5QzLkoar9sYbaRncvZGQCJ33agpc,2.82622999e-05,14.871,14.871,2000-01-01 00:38:24,0,run/data/m2/debug.log,17957
222,19,0,m3,1H2ZSPhnLnBw6i2ghJ5DcHXH7AafiDkSkFdiq2,1.44765519e-05,13.980,13.980,2000-01-01 00:38:24,0,run/data/m3/debug.log,6176
223,19,0,m1,1CoWuY4gZW7xVpsTregiYWuhnsmgnnBimpbDjx,4.44638086e-05,15.046,15.046,2000-01-01 00:38:35,0,run/data/m1/debug.log,29385
223,19,0,m2,1U9k1edYTa5QzLkoar9sYbaRncvZGQCJ33agpc,2.56334989e-05,14.934,14.934,2000-01-01 00:38:36,0,run/data/m2/debug.log,17980
223,19,0,m3,1H2ZSPhnLnBw6i2ghJ5DcHXH7AafiDkSkFdiq2,0.000107293124,15.050,15.050,2000-01-01 00:38:37,0,run/data/m3/debug.log,6194
224,19,0,m1,1CoWuY4gZW7xVpsTregiYWuhnsmgnnBimpbDjx,1.59076181e-06,7.317,7.317,2000-01-01 00:38:51,0,run/data/m1/debug.log,29584
224,19,0,m2,1U9k1edYTa5QzLkoar9sYbaRncvZGQCJ33agpc,5.20543122e-06,10.856,10.856,2000-01-01 00:38:52,0,run/data/m2/debug.log,17995
224,19,0,m3,1H2ZSPhnLnBw6i2ghJ5DcHXH7AafiDkSkFdiq2,9.5931074e-05,14.900,14.900,2000-01-01 00:38:52,0,run/data/m3/debug.log,6209
225,19,0,m1,1CoWuY4gZW7xVpsTregiYWuhnsmgnnBimpbDjx,3.11761729e-06,9.119,9.119,2000-01-01 00:38:59,0,run/data/m1/debug.log,30515
225,19,0,m2,1U9k1edYTa5QzLkoar9sYbaRncvZGQCJ33agpc,1.89232449e-05,14.561,14.561,2000-01-01 00:38:59,0,run/data/m2/debug.log,18010
225,19,0,m3,1H2ZSPhnLnBw6i2ghJ5DcHXH7AafiDkSkFdiq2,4.78521779e-05,14.931,14.931,2000-01-01 00:39:00,0,run/data/m3/debug.log,6224
226,19,0,m1,1CoWuY4gZW7xVpsTregiYWuhnsmgnnBimpbDjx,2.26078393e-06,8.251,8.251,2000-01-01 00:39:09,0,run/data/m1/debug.log,30710
226,19,0,m2,1U9k1edYTa5QzLkoar9sYbaRncvZGQCJ33agpc,4.06072553e-06,10.065,10.065,2000-01-01 00:39:09,0,run/data/m2/debug.log,18025
226,19,0,m3,1H2ZSPhnLnBw6i2ghJ5DcHXH7AafiDkSkFdiq2,7.34692373e-06,12.214,12.214,2000-01-01 00:39:10,0,run/data/m3/debug.log,6239
227,19,0,m1,1CoWuY4gZW7xVpsTregiYWuhnsmgnnBimpbDjx,6.97689643e-06,12.112,12.112,2000-01-01 00:39:17,0,run/data/m1/debug.log,30769
227,19,0,m2,1U9k1edYTa5QzLkoar9sYbaRncvZGQCJ33agpc,8.68426829e-07,6.485,6.485,2000-01-01 00:39:18,0,run/data/m2/debug.log,18040
227,19,0,m3,1H2ZSPhnLnBw6i2ghJ5DcHXH7AafiDkSkFdiq2,1.63995128e-05,14.506,14.506,2000-01-01 00:39:18,0,run/data/m3/debug.log,6254
228,20,0,m1,1CoWuY4gZW7xVpsTregiYWuhnsmgnnBimpbDjx,3.68566164e-06,9.783,9.783,2000-01-01 00:39:26,0,run/data/m1/debug.log,30784
228,20,0,m2,1U9k1edYTa5QzLkoar9sYbaRncvZGQCJ33agpc,2.07867453e-05,14.781,14.781,2000-01-01 00:39:25,0,run/data/m2/debug.log,18123
228,20,0,m3,1H2ZSPhnLnBw6i2ghJ5DcHXH7AafiDkSkFdiq2,0.00051692739,15.050,15.050,2000-01-01 00:39:26,0,run/data/m3/debug.log,6269
229,20,0,m1,1CoWuY4gZW7xVpsTregiYWuhnsmgnnBimpbDjx,2.06085398e-05,14.739,14.739,2000-01-01 00:39:36,0,run/data/m1/debug.log,30859
229,20,0,m2,1U9k1edYTa5QzLkoar9sYbaRncvZGQCJ33agpc,1.51160082e-05,14.295,14.295,2000-01-01 00:39:37,0,run/data/m2/debug.log,18138
229,20,0,m3,1H2ZSPhnLnBw6i2ghJ5DcHXH7AafiDkSkFdiq2,0.000119424949,15.017,15.017,2000-01-01 00:39:37,0,run/data/m3/debug.log,6284
230,20,0,m1,1CoWuY4gZW7xVpsTregiYWuhnsmgnnBimpbDjx,3.34726217e-06,9.297,9.297,2000-01-01 00:39:51,0,run/data/m1/debug.log,30875
230,20,0,m2,1U9k1edYTa5QzLkoar9sYbaRncvZGQCJ33agpc,8.79982238e-06,12.719,12.719,2000-01-01 00:39:51,0,run/data/m2/debug.log,18163
230,20,0,m3,1H2ZSPhnLnBw6i2ghJ5DcHXH7AafiDkSkFdiq2,8.44715274e-05,14.883,14.883,2000-01-01 00:39:52,0,run/data/m3/debug.log,6300
231,20,0,m1,1CoWuY4gZW7xVpsTregiYWuhnsmgnnBimpbDjx,1.8929567e-06,7.639,7.639,2000-01-01 00:40:01,0,run/data/m1/debug.log,31048
231,20,0,m2,1U9k1edYTa5QzLkoar9sYbaRncvZGQCJ33agpc,1.17943563e-05,13.548,13.548,2000-01-01 00:40:02,0,run/data/m2/debug.log,18178
231,20,0,m3,1H2ZSPhnLnBw6i2ghJ5DcHXH7AafiDkSkFdiq2,2.5527029e-05,14.715,14.715,2000-01-01 00:40:02,0,run/data/m3/debug.log,6315
232,20,0,m1,1CoWuY4gZW7xVpsTregiYWuhnsmgnnBimpbDjx,1.09181879e-05,13.336,13.336,2000-01-01 00:40:09,0,run/data/m1/debug.log,31205
232,20,0,m2,1U9k1edYTa5QzLkoar9sYbaRncvZGQCJ33agpc,2.87338966e-05,14.766,14.766,2000-01-01 00:40:10,0,run/data/m2/debug.log,18193
232,20,0,m3,1H2ZSPhnLnBw6i2ghJ5DcHXH7AafiDkSkFdiq2,5.82967203e-05,14.833,14.833,2000-01-01 00:40:10,0,run/data/m3/debug.log,6330
233,20,0,m1,1CoWuY4gZW7xVpsTregiYWuhnsmgnnBimpbDjx,6.31620146e-06,11.450,11.450,2000-01-01 00:40:23,0,run/data/m1/debug.log,31239
233,20,0,m2,1U9k1edYTa5QzLkoar9sYbaRncvZGQCJ33agpc,3.20552007e-06,9.057,9.057,2000-01-01 00:40:24,0,run/data/m2/debug.log,18208
233,20,0,m3,1H2ZSPhnLnBw6i2ghJ5DcHXH7AafiDkSkFdiq2,1.7791796e-05,14.330,14.330,2000-01-01 00:40:24,0,run/data/m3/debug.log,6345
234,20,0,m1,1CoWuY4gZW7xVpsTregiYWuhnsmgnnBimpbDjx,4.90078571e-07,5.634,5.634,2000-01-01 00:40:34,0,run/data/m1/debug.log,31257
234,20,0,m2,1U9k1edYTa5QzLkoar9sYbaRncvZGQCJ33agpc,2.26024431e-05,14.621,14.621,2000-01-01 00:40:34,0,run/data/m2/debug.log,18375
234,20,0,m3,1H2ZSPhnLnBw6i2ghJ5DcHXH7AafiDkSkFdiq2,0.000171279438,14.817,14.817,2000-01-01 00:40:35,0,run/data/m3/debug.log,6363
235,20,0,m1,1CoWuY4gZW7xVpsTregiYWuhnsmgnnBimpbDjx,2.30623298e-06,7.892,7.892,2000-01-01 00:40:41,0,run/data/m1/debug.log,31496
235,20,0,m2,1U9k1edYTa5QzLkoar9sYbaRncvZGQCJ33agpc,2.42980816e-05,14.664,14.664,2000-01-01 00:40:42,0,run/data/m2/debug.log,18395
235,20,0,m3,1H2ZSPhnLnBw6i2ghJ5DcHXH7AafiDkSkFdiq2,9.84835253e-06,12.709,12.709,2000-01-01 00:40:42,0,run/data/m3/debug.log,6383
236,20,0,m1,1CoWuY4gZW7xVpsTregiYWuhnsmgnnBimpbDjx,3.36621371e-06,9.065,9.065,2000-01-01 00:40:50,0,run/data/m1/debug.log,31802
236,20,0,m2,1U9k1edYTa5QzLkoar9sYbaRncvZGQCJ33agpc,2.35838438e-05,14.753,14.753,2000-01-01 00:40:50,0,run/data/m2/debug.log,18410
236,20,0,m3,1H2ZSPhnLnBw6i2ghJ5DcHXH7AafiDkSkFdiq2,1.8761324e-05,14.462,14.462,2000-01-01 00:40:51,0,run/data/m3/debug.log,6398
237,20,0,m1,1CoWuY4gZW7xVpsTregiYWuhnsmgnnBimpbDjx,1.5838433e-05,14.113,14.113,2000-01-01 00:41:00,0,run/data/m1/debug.log,31991
237,20,0,m2,1U9k1edYTa5QzLkoar9sYbaRncvZGQCJ33agpc,2.84228007e-05,14.858,14.858,2000-01-01 00:41:00,0,run/data/m2/debug.log,18425
237,20,0,m3,1H2ZSPhnLnBw6i2ghJ5DcHXH7AafiDkSkFdiq2,0.000190227925,14.983,14.983,2000-01-01 00:41:01,0,run/data/m3/debug.log,6413
238,20,0,m1,1CoWuY4gZW7xVpsTregiYWuhnsmgnnBimpbDjx,2.11874518e-06,7.703,7.703,2000-01-01 00:41:14,0,run/data/m1/debug.log,32279
238,20,0,m2,1U9k1edYTa5QzLkoar9sYbaRncvZGQCJ33agpc,3.24920063e-05,14.850,14.850,2000-01-01 00:41:15,0,run/data/m2/debug.log,18440
238,20,0,m3,1H2ZSPhnLnBw6i2ghJ5DcHXH7AafiDkSkFdiq2,0.00026756088,14.917,14.917,2000-01-01 00:41:15,0,run/data/m3/debug.log,6428
239,20,0,m1,1CoWuY4gZW7xVpsTregiYWuhnsmgnnBimpbDjx,1.97148618e-05,14.421,14.421,2000-01-01 00:41:23,0,run/data/m1/debug.log,32407
239,20,0,m2,1U9k1edYTa5QzLkoar9sYbaRncvZGQCJ33agpc,2.66906415e-05,14.737,14.737,2000-01-01 00:41:23,0,run/data/m2/debug.log,18455
239,20,0,m3,1H2ZSPhnLnBw6i2ghJ5DcHXH7AafiDkSkFdiq2,9.39707088e-05,14.900,14.900,2000-01-01 00:41:24,0,run/data/m3/debug.log,6443
240,21,0,m1,1CoWuY4gZW7xVpsTregiYWuhnsmgnnBimpbDjx,5.80568455e-06,10.697,10.697,2000-01-01 00:41:38,0,run/data/m1/debug.log,32534
240,21,0,m2,1U9k1edYTa5QzLkoar9sYbaRncvZGQCJ33agpc,7.60208018e-06,11.685,11.685,2000-01-01 00:41:39,0,run/data/m2/debug.log,18470
240,21,0,m3,1H2ZSPhnLnBw6i2ghJ5DcHXH7AafiDkSkFdiq2,2.17389996e-05,14.433,14.433,2000-01-01 00:41:39,0,run/data/m3/debug.log,6458
241,21,0,m1,1CoWuY4gZW7xVpsTregiYWuhnsmgnnBimpbDjx,3.71665936e-06,9.145,9.145,2000-01-01 00:41:49,0,run/data/m1/debug.log,33165
241,21,0,m2,1U9k1edYTa5QzLkoar9sYbaRncvZGQCJ33agpc,1.47818558e-07,5.009,5.009,2000-01-01 00:41:50,0,run/data/m2/debug.log,18485
241,21,0,m3,1H2ZSPhnLnBw6i2ghJ5DcHXH7AafiDkSkFdiq2,4.72655059e-05,14.776,14.776,2000-01-01 00:41:50,0,run/data/m3/debug.log,6474
242,21,0,m1,1CoWuY4gZW7xVpsTregiYWuhnsmgnnBimpbDjx,5.42220344e-07,5.735,5.735,2000-01-01 00:41:56,0,run/data/m1/debug.log,33181
242,21,0,m2,1U9k1edYTa5QzLkoar9sYbaRncvZGQCJ33agpc,3.3612725e-06,8.977,8.977,2000-01-01 00:41:55,0,run/data/m2/debug.log,18660
242,21,0,m3,1H2ZSPhnLnBw6i2ghJ5DcHXH7AafiDkSkFdiq2,2.39494567e-05,14.684,14.684,2000-01-01 00:41:57,0,run/data/m3/debug.log,6489
243,21,0,m1,1CoWuY4gZW7xVpsTregiYWuhnsmgnnBimpbDjx,1.67457073e-05,14.227,14.227,2000-01-01 00:42:02,0,run/data/m1/debug.log,33414
243,21,0,m2,1U9k1edYTa5QzLkoar9sYbaRncvZGQCJ33agpc,2.10522087e-05,14.594,14.594,2000-01-01 00:42:03,0,run/data/m2/debug.log,18675
243,21,0,m3,1H2ZSPhnLnBw6i2ghJ5DcHXH7AafiDkSkFdiq2,5.71098338e-06,10.837,10.837,2000-01-01 00:42:03,0,run/data/m3/debug.log,6504
244,21,0,m1,1CoWuY4gZW7xVpsTregiYWuhnsmgnnBimpbDjx,2.4284711e-06,8.039,8.039,2000-01-01 00:42:16,0,run/data/m1/debug.log,33429
244,21,0,m2,1U9k1edYTa5QzLkoar9sYbaRncvZGQCJ33agpc,4.44868813e-06,9.880,9.880,2000-01-01 00:42:15,0,run/data/m2/debug.log,18690
244,21,0,m3,1H2ZSPhnLnBw6i2ghJ5DcHXH7AafiDkSkFdiq2,1.61144618e-06,7.116,7.116,2000-01-01 00:42:14,0,run/data/m3/debug.log,7490
245,21,0,m1,1CoWuY4gZW7xVpsTregiYWuhnsmgnnBimpbDjx,1.59529676e-06,7.197,7.197,2000-01-01 00:42:23,0,run/data/m1/debug.log,33444
245,21,0,m2,1U9k1edYTa5QzLkoar9sYbaRncvZGQCJ33agpc,6.61667389e-06,11.411,11.411,2000-01-01 00:42:23,0,run/data/m2/debug.log,18705
245,21,0,m3,1H2ZSPhnLnBw6i2ghJ5DcHXH7AafiDkSkFdiq2,7.29209228e-05,15.017,15.017,2000-01-01 00:42:22,0,run/data/m3/debug.log,8710
246,21,0,m1,1CoWuY4gZW7xVpsTregiYWuhnsmgnnBimpbDjx,7.80284487e-07,6.183,6.183,2000-01-01 00:42:31,0,run/data/m1/debug.log,33747
246,21,0,m2,1U9k1edYTa5QzLkoar9sYbaRncvZGQCJ33agpc,1.66607656e-05,14.283,14.283,2000-01-01 00:42:32,0,run/data/m2/debug.log,18723
246,21,0,m3,1H2ZSPhnLnBw6i2ghJ5DcHXH7AafiDkSkFdiq2,0.000198283398,15.050,15.050,2000-01-01 00:42:32,0,run/data/m3/debug.log,8728
247,21,0,m1,1CoWuY4gZW7xVpsTregiYWuhnsmgnnBimpbDjx,2.05935428e-05,14.756,14.756,2000-01-01 00:42:38,0,run/data/m1/debug.log,34752
247,21,0,m2,1U9k1edYTa5QzLkoar9sYbaRncvZGQCJ33agpc,9.91783726e-06,13.221,13.221,2000-01-01 00:42:38,0,run/data/m2/debug.log,18743
247,21,0,m3,1H2ZSPhnLnBw6i2ghJ5DcHXH7AafiDkSkFdiq2,3.97579695e-05,15.039,15.039,2000-01-01 00:42:39,0,run/data/m3/debug.log,8748
248,21,0,m1,1CoWuY4gZW7xVpsTregiYWuhnsmgnnBimpbDjx,6.2225724e-06,11.505,11.505,2000-01-01 00:42:53,0,run/data/m1/debug.log,34767
248,21,0,m2,1U9k1edYTa5QzLkoar9sYbaRncvZGQCJ33agpc,1.38620684e-06,7.063,7.063,2000-01-01 00:42:53,0,run/data/m2/debug.log,18846
248,21,0,m3,1H2ZSPhnLnBw6i2ghJ5DcHXH7AafiDkSkFdiq2,0.00012994106,14.950,14.950,2000-01-01 00:42:54,0,run/data/m3/debug.log,8763
249,21,0,m1,1CoWuY4gZW7xVpsTregiYWuhnsmgnnBimpbDjx,4.67133738e-06,10.507,10.507,2000-01-01 00:43:01,0,run/data/m1/debug.log,34782
249,21,0,m2,1U9k1edYTa5QzLkoar9sYbaRncvZGQCJ33agpc,1.30364783e-05,13.928,13.928,2000-01-01 00:43:00,0,run/data/m2/debug.log,18904
249,21,0,m3,1H2ZSPhnLnBw6i2ghJ5DcHXH7AafiDkSkFdiq2,1.14491405e-05,13.593,13.593,2000-01-01 00:43:02,0,run/data/m3/debug.log,8778
250,21,0,m1,1CoWuY4gZW7xVpsTregiYWuhnsmgnnBimpbDjx,4.57832797e-07,5.788,5.788,2000-01-01 00:43:12,0,run/data/m1/debug.log,35083
250,21,0,m2,1U9k1edYTa5QzLkoar9sYbaRncvZGQCJ33agpc,2.83165068e-06,8.876,8.876,2000-01-01 00:43:12,0,run/data/m2/debug.log,18919
250,21,0,m3,1H2ZSPhnLnBw6i2ghJ5DcHXH7AafiDkSkFdiq2,6.25031224e-05,15.033,15.033,2000-01-01 00:43:13,0,run/data/m3/debug.log,8793
251,21,0,m1,1CoWuY4gZW7xVpsTregiYWuhnsmgnnBimpbDjx,6.40165816e-06,11.743,11.743,2000-01-01 00:43:18,0,run/data/m1/debug.log,35230
251,21,0,m2,1U9k1edYTa5QzLkoar9sYbaRncvZGQCJ33agpc,4.18386111e-05,15.076,15.076,2000-01-01 00:43:19,0,run/data/m2/debug.log,18934
251,21,0,m3,1H2ZSPhnLnBw6i2ghJ5DcHXH7AafiDkSkFdiq2,0.000307023723,15.083,15.083,2000-01-01 00:43:19,0,run/data/m3/debug.log,8808
252,22,0,m1,1CoWuY4gZW7xVpsTregiYWuhnsmgnnBimpbDjx,1.58359847e-05,14.470,14.470,2000-01-01 00:43:30,0,run/data/m1/debug.log,35428
252,22,0,m2,1U9k1edYTa5QzLkoar9sYbaRncvZGQCJ33agpc,3.94420301e-05,15.122,15.122,2000-01-01 00:43:31,0,run/data/m2/debug.log,18949
252,22,0,m3,1H2ZSPhnLnBw6i2ghJ5DcHXH7AafiDkSkFdiq2,1.56768198e-05,14.451,14.451,2000-01-01 00:43:31,0,run/data/m3/debug.log,8823
253,22,0,m1,1CoWuY4gZW7xVpsTregiYWuhnsmgnnBimpbDjx,1.5587502e-06,7.393,7.393,2000-01-01 00:43:46,0,run/data/m1/debug.log,35720
253,22,0,m2,1U9k1edYTa5QzLkoar9sYbaRncvZGQCJ33agpc,5.99458334e-05,15.050,15.050,2000-01-01 00:43:46,0,run/data/m2/debug.log,18964
253,22,0,m3,1H2ZSPhnLnBw6i2ghJ5DcHXH7AafiDkSkFdiq2,3.76133241e-05,15.034,15.034,2000-01-01 00:43:47,0,run/data/m3/debug.log,8838
254,22,0,m1,1CoWuY4gZW7xVpsTregiYWuhnsmgnnBimpbDjx,1.58660769e-07,5.285,5.285,2000-01-01 00:43:54,0,run/data/m1/debug.log,36319
254,22,0,m2,1U9k1edYTa5QzLkoar9sYbaRncvZGQCJ33agpc,6.47785314e-05,15.017,15.017,2000-01-01 00:43:54,0,run/data/m2/debug.log,18980
254,22,0,m3,1H2ZSPhnLnBw6i2ghJ5DcHXH7AafiDkSkFdiq2,2.5850371e-06,8.594,8.594,2000-01-01 00:43:55,0,run/data/m3/debug.log,8854
255,22,0,m1,1CoWuY4gZW7xVpsTregiYWuhnsmgnnBimpbDjx,6.33069963e-06,11.669,11.669,2000-01-01 00:43:59,0,run/data/m1/debug.log,36708
255,22,0,m2,1U9k1edYTa5QzLkoar9sYbaRncvZGQCJ33agpc,7.34263949e-06,12.207,12.207,2000-01-01 00:44:00,0,run/data/m2/debug.log,18995
255,22,0,m3,1H2ZSPhnLnBw6i2ghJ5DcHXH7AafiDkSkFdiq2,7.52772148e-05,15.050,15.050,2000-01-01 00:44:00,0,run/data/m3/debug.log,8869
256,22,0,m1,1CoWuY4gZW7xVpsTregiYWuhnsmgnnBimpbDjx,2.47449017e-05,14.906,14.906,2000-01-01 00:44:11,0,run/data/m1/debug.log,36886
256,22,0,m2,1U9k1edYTa5QzLkoar9sYbaRncvZGQCJ33agpc,5.87462038e-05,15.050,15.050,2000-01-01 00:44:12,0,run/data/m2/debug.log,19010
256,22,0,m3,1H2ZSPhnLnBw6i2ghJ5DcHXH7AafiDkSkFdiq2,8.00501911e-05,15.050,15.050,2000-01-01 00:44:12,0,run/data/m3/debug.log,8884
257,22,0,m1,1CoWuY4gZW7xVpsTregiYWuhnsmgnnBimpbDjx,3.86538231e-05,14.903,14.903,2000-01-01 00:44:27,0,run/data/m1/debug.log,37024
257,22,0,m2,1U9k1edYTa5QzLkoar9sYbaRncvZGQCJ33agpc,1.38753443e-05,13.988,13.988,2000-01-01 00:44:27,0,run/data/m2/debug.log,19025
257,22,0,m3,1H2ZSPhnLnBw6i2ghJ5DcHXH7AafiDkSkFdiq2,6.25485415e-05,14.916,14.916,2000-01-01 00:44:28,0,run/data/m3/debug.log,8899
258,22,0,m1,1CoWuY4gZW7xVpsTregiYWuhnsmgnnBimpbDjx,3.12890515e-06,8.982,8.982,2000-01-01 00:44:42,0,run/data/m1/debug.log,37042
258,22,0,m2,1U9k1edYTa5QzLkoar9sYbaRncvZGQCJ33agpc,6.89927535e-05,14.833,14.833,2000-01-01 00:44:41,0,run/data/m2/debug.log,19171
258,22,0,m3,1H2ZSPhnLnBw6i2ghJ5DcHXH7AafiDkSkFdiq2,4.04972421e-05,14.824,14.824,2000-01-01 00:44:43,0,run/data/m3/debug.log,8922
259,22,0,m1,1CoWuY4gZW7xVpsTregiYWuhnsmgnnBimpbDjx,1.0647452e-05,12.829,12.829,2000-01-01 00:44:52,0,run/data/m1/debug.log,38753
259,22,0,m2,1U9k1edYTa5QzLkoar9sYbaRncvZGQCJ33agpc,3.59577566e-05,14.728,14.728,2000-01-01 00:44:52,0,run/data/m2/debug.log,19191
259,22,0,m3,1H2ZSPhnLnBw6i2ghJ5DcHXH7AafiDkSkFdiq2,0.000101785882,14.767,14.767,2000-01-01 00:44:53,0,run/data/m3/debug.log,8937
260,22,0,m1,1CoWuY4gZW7xVpsTregiYWuhnsmgnnBimpbDjx,5.00477269e-06,10.177,10.177,2000-01-01 00:45:05,0,run/data/m1/debug.log,38785
260,22,0,m2,1U9k1edYTa5QzLkoar9sYbaRncvZGQCJ33agpc,3.35699487e-06,8.840,8.840,2000-01-01 00:45:06,0,run/data/m2/debug.log,19206
260,22,0,m3,1H2ZSPhnLnBw6i2ghJ5DcHXH7AafiDkSkFdiq2,7.22728301e-05,14.800,14.800,2000-01-01 00:45:06,0,run/data/m3/debug.log,8952
261,22,0,m1,1CoWuY4gZW7xVpsTregiYWuhnsmgnnBimpbDjx,2.1661598e-05,14.379,14.379,2000-01-01 00:45:16,0,run/data/m1/debug.log,38800
261,22,0,m2,1U9k1edYTa5QzLkoar9sYbaRncvZGQCJ33agpc,1.76500051e-05,14.075,14.075,2000-01-01 00:45:16,0,run/data/m2/debug.log,20070
261,22,0,m3,1H2ZSPhnLnBw6i2ghJ5DcHXH7AafiDkSkFdiq2,8.72302597e-05,14.733,14.733,2000-01-01 00:45:17,0,run/data/m3/debug.log,8967
262,22,0,m1,1CoWuY4gZW7xVpsTregiYWuhnsmgnnBimpbDjx,1.77625085e-05,14.053,14.053,2000-01-01 00:45:30,0,run/data/m1/debug.log,38815
262,22,0,m2,1U9k1edYTa5QzLkoar9sYbaRncvZGQCJ33agpc,8.62664627e-06,12.055,12.055,2000-01-01 00:45:30,0,run/data/m2/debug.log,20182
262,22,0,m3,1H2ZSPhnLnBw6i2ghJ5DcHXH7AafiDkSkFdiq2,0.00014003756,14.700,14.700,2000-01-01 00:45:31,0,run/data/m3/debug.log,8982
263,22,0,m1,1CoWuY4gZW7xVpsTregiYWuhnsmgnnBimpbDjx,3.33634378e-06,8.621,8.621,2000-01-01 00:45:43,0,run/data/m1/debug.log,38830
263,22,0,m2,1U9k1edYTa5QzLkoar9sYbaRncvZGQCJ33agpc,2.2338588e-09,4.603,4.603,2000-01-01 00:45:42,0,run/data/m2/debug.log,21054
263,22,0,m3,1H2ZSPhnLnBw6i2ghJ5DcHXH7AafiDkSkFdiq2,0.000637738594,14.600,14.600,2000-01-01 00:45:43,0,run/data/m3/debug.log,8997
264,23,0,m1,1CoWuY4gZW7xVpsTregiYWuhnsmgnnBimpbDjx,2.14655521e-05,14.351,14.351,2000-01-01 00:45:48,0,run/data/m1/debug.log,38845
264,23,0,m2,1U9k1edYTa5QzLkoar9sYbaRncvZGQCJ33agpc,1.26614492e-05,13.296,13.296,2000-01-01 00:45:48,0,run/data/m2/debug.log,22399
264,23,0,m3,1H2ZSPhnLnBw6i2ghJ5DcHXH7AafiDkSkFdiq2,2.75305429e-06,8.175,8.175,2000-01-01 00:45:49,0,run/data/m3/debug.log,9012
265,23,0,m1,1CoWuY4gZW7xVpsTregiYWuhnsmgnnBimpbDjx,8.15502437e-07,5.981,5.981,2000-01-01 00:45:59,0,run/data/m1/debug.log,38860
265,23,0,m2,1U9k1edYTa5QzLkoar9sYbaRncvZGQCJ33agpc,5.04990703e-06,10.209,10.209,2000-01-01 00:45:59,0,run/data/m2/debug.log,22414
265,23,0,m3,1H2ZSPhnLnBw6i2ghJ5DcHXH7AafiDkSkFdiq2,9.21580413e-06,12.384,12.384,2000-01-01 00:45:58,0,run/data/m3/debug.log,9718
266,23,0,m1,1CoWuY4gZW7xVpsTregiYWuhnsmgnnBimpbDjx,1.62947837e-05,13.989,13.989,2000-01-01 00:46:06,0,run/data/m1/debug.log,39044
266,23,0,m2,1U9k1edYTa5QzLkoar9sYbaRncvZGQCJ33agpc,2.57931812e-05,14.612,14.612,2000-01-01 00:46:06,0,run/data/m2/debug.log,22430
266,23,0,m3,1H2ZSPhnLnBw6i2ghJ5DcHXH7AafiDkSkFdiq2,5.85759677e-06,10.746,10.746,2000-01-01 00:46:07,0,run/data/m3/debug.log,9734
267,23,0,m1,1CoWuY4gZW7xVpsTregiYWuhnsmgnnBimpbDjx,1.1445465e-05,12.970,12.970,2000-01-01 00:46:19,0,run/data/m1/debug.log,39059
267,23,0,m2,1U9k1edYTa5QzLkoar9sYbaRncvZGQCJ33agpc,1.75633615e-05,14.016,14.016,2000-01-01 00:46:18,0,run/data/m2/debug.log,22445
267,23,0,m3,1H2ZSPhnLnBw6i2ghJ5DcHXH7AafiDkSkFdiq2,2.68641789e-05,14.524,14.524,2000-01-01 00:46:18,0,run/data/m3/debug.log,10115
268,23,0,m1,1CoWuY4gZW7xVpsTregiYWuhnsmgnnBimpbDjx,1.49515873e-05,13.652,13.652,2000-01-01 00:46:32,0,run/data/m1/debug.log,40068
268,23,0,m2,1U9k1edYTa5QzLkoar9sYbaRncvZGQCJ33agpc,5.77127249e-05,14.649,14.649,2000-01-01 00:46:33,0,run/data/m2/debug.log,22463
268,23,0,m3,1H2ZSPhnLnBw6i2ghJ5DcHXH7AafiDkSkFdiq2,7.58399436e-05,14.650,14.650,2000-01-01 00:46:33,0,run/data/m3/debug.log,10133
269,23,0,m1,1CoWuY4gZW7xVpsTregiYWuhnsmgnnBimpbDjx,8.69268129e-06,12.065,12.065,2000-01-01 00:46:46,0,run/data/m1/debug.log,40139
269,23,0,m2,1U9k1edYTa5QzLkoar9sYbaRncvZGQCJ33agpc,1.05025714e-06,6.178,6.178,2000-01-01 00:46:47,0,run/data/m2/debug.log,22478
269,23,0,m3,1H2ZSPhnLnBw6i2ghJ5DcHXH7AafiDkSkFdiq2,6.4524295e-05,14.683,14.683,2000-01-01 00:46:47,0,run/data/m3/debug.log,10148
270,23,0,m1,1CoWuY4gZW7xVpsTregiYWuhnsmgnnBimpbDjx,9.09868151e-06,12.324,12.324,2000-01-01 00:46:54,0,run/data/m1/debug.log,40154
270,23,0,m2,1U9k1edYTa5QzLkoar9sYbaRncvZGQCJ33agpc,1.96778246e-05,14.302,14.302,2000-01-01 00:46:54,0,run/data/m2/debug.log,23402
270,23,0,m3,1H2ZSPhnLnBw6i2ghJ5DcHXH7AafiDkSkFdiq2,8.38675681e-05,14.783,14.783,2000-01-01 00:46:55,0,run/data/m3/debug.log,10168
271,23,0,m1,1CoWuY4gZW7xVpsTregiYWuhnsmgnnBimpbDjx,7.22300702e-06,11.952,11.952,2000-01-01 00:47:07,0,run/data/m1/debug.log,40375
271,23,0,m2,1U9k1edYTa5QzLkoar9sYbaRncvZGQCJ33agpc,4.62448677e-05,14.747,14.747,2000-01-01 00:47:08,0,run/data/m2/debug.log,23422
271,23,0,m3,1H2ZSPhnLnBw6i2ghJ5DcHXH7AafiDkSkFdiq2,4.95081941e-05,14.748,14.748,2000-01-01 00:47:08,0,run/data/m3/debug.log,10183
272,23,0,m1,1CoWuY4gZW7xVpsTregiYWuhnsmgnnBimpbDjx,5.35086944e-05,14.766,14.766,2000-01-01 00:47:19,0,run/data/m1/debug.log,40476
272,23,0,m2,1U9k1edYTa5QzLkoar9sYbaRncvZGQCJ33agpc,4.93868909e-05,14.765,14.765,2000-01-01 00:47:20,0,run/data/m2/debug.log,23437
272,23,0,m3,1H2ZSPhnLnBw6i2ghJ5DcHXH7AafiDkSkFdiq2,3.04474216e-05,14.720,14.720,2000-01-01 00:47:20,0,run/data/m3/debug.log,10198
273,23,0,m1,1CoWuY4gZW7xVpsTregiYWuhnsmgnnBimpbDjx,4.54134328e-06,10.194,10.194,2000-01-01 00:47:35,0,run/data/m1/debug.log,40805
273,23,0,m2,1U9k1edYTa5QzLkoar9sYbaRncvZGQCJ33agpc,6.2722377e-06,11.375,11.375,2000-01-01 00:47:35,0,run/data/m2/debug.log,23452
273,23,0,m3,1H2ZSPhnLnBw6i2ghJ5DcHXH7AafiDkSkFdiq2,9.79909147e-05,14.683,14.683,2000-01-01 00:47:36,0,run/data/m3/debug.log,10213
274,23,0,m1,1CoWuY4gZW7xVpsTregiYWuhnsmgnnBimpbDjx,2.84486485e-06,8.678,8.678,2000-01-01 00:47:46,0,run/data/m1/debug.log,40870
274,23,0,m2,1U9k1edYTa5QzLkoar9sYbaRncvZGQCJ33agpc,1.70642683e-06,7.332,7.332,2000-01-01 00:47:46,0,run/data/m2/debug.log,23467
274,23,0,m3,1H2ZSPhnLnBw6i2ghJ5DcHXH7AafiDkSkFdiq2,3.21891634e-05,14.699,14.699,2000-01-01 00:47:47,0,run/data/m3/debug.log,10228
275,23,0,m1,1CoWuY4gZW7xVpsTregiYWuhnsmgnnBimpbDjx,1.33237192e-05,13.846,13.846,2000-01-01 00:47:55,0,run/data/m1/debug.log,40885
275,23,0,m2,1U9k1edYTa5QzLkoar9sYbaRncvZGQCJ33agpc,1.79796418e-06,7.517,7.517,2000-01-01 00:47:54,0,run/data/m2/debug.log,24233
275,23,0,m3,1H2ZSPhnLnBw6i2ghJ5DcHXH7AafiDkSkFdiq2,4.29880762e-05,14.795,14.795,2000-01-01 00:47:55,0,run/data/m3/debug.log,10243
276,24,0,m1,1CoWuY4gZW7xVpsTregiYWuhnsmgnnBimpbDjx,9.15820423e-06,12.761,12.761,2000-01-01 00:48:02,0,run/data/m1/debug.log,40900
276,24,0,m2,1U9k1edYTa5QzLkoar9sYbaRncvZGQCJ33agpc,5.15676076e-05,14.749,14.749,2000-01-01 00:48:02,0,run/data/m2/debug.log,24307
276,24,0,m3,1H2ZSPhnLnBw6i2ghJ5DcHXH7AafiDkSkFdiq2,4.1794897e-05,14.744,14.744,2000-01-01 00:48:03,0,run/data/m3/debug.log,10258
277,24,0,m1,1CoWuY4gZW7xVpsTregiYWuhnsmgnnBimpbDjx,8.89698796e-06,12.618,12.618,2000-01-01 00:48:16,0,run/data/m1/debug.log,40933
277,24,0,m2,1U9k1edYTa5QzLkoar9sYbaRncvZGQCJ33agpc,9.07168363e-07,6.178,6.178,2000-01-01 00:48:16,0,run/data/m2/debug.log,24322
277,24,0,m3,1H2ZSPhnLnBw6i2ghJ5DcHXH7AafiDkSkFdiq2,4.36316443e-05,14.695,14.695,2000-01-01 00:48:16,0,run/data/m3/debug.log,10273
278,24,0,m1,1CoWuY4gZW7xVpsTregiYWuhnsmgnnBimpbDjx,1.48670784e-05,13.990,13.990,2000-01-01 00:48:24,0,run/data/m1/debug.log,40949
278,24,0,m2,1U9k1edYTa5QzLkoar9sYbaRncvZGQCJ33agpc,1.06752393e-05,13.195,13.195,2000-01-01 00:48:23,0,run/data/m2/debug.log,24344
278,24,0,m3,1H2ZSPhnLnBw6i2ghJ5DcHXH7AafiDkSkFdiq2,7.1011871e-05,14.717,14.717,2000-01-01 00:48:24,0,run/data/m3/debug.log,10289
279,24,0,m1,1CoWuY4gZW7xVpsTregiYWuhnsmgnnBimpbDjx,4.77579638e-05,14.698,14.698,2000-01-01 00:48:36,0,run/data/m1/debug.log,40967
279,24,0,m2,1U9k1edYTa5QzLkoar9sYbaRncvZGQCJ33agpc,4.58683982e-05,14.697,14.697,2000-01-01 00:48:36,0,run/data/m2/debug.log,24648
279,24,0,m3,1H2ZSPhnLnBw6i2ghJ5DcHXH7AafiDkSkFdiq2,6.49134203e-05,14.700,14.700,2000-01-01 00:48:37,0,run/data/m3/debug.log,10307
280,24,0,m1,1CoWuY4gZW7xVpsTregiYWuhnsmgnnBimpbDjx,1.74023011e-05,14.219,14.219,2000-01-01 00:48:52,0,run/data/m1/debug.log,40982
280,24,0,m2,1U9k1edYTa5QzLkoar9sYbaRncvZGQCJ33agpc,2.00462597e-05,14.392,14.392,2000-01-01 00:48:51,0,run/data/m2/debug.log,24940
280,24,0,m3,1H2ZSPhnLnBw6i2ghJ5DcHXH7AafiDkSkFdiq2,7.10676211e-05,14.683,14.683,2000-01-01 00:48:53,0,run/data/m3/debug.log,10322
281,24,0,m1,1CoWuY4gZW7xVpsTregiYWuhnsmgnnBimpbDjx,6.86028162e-06,11.684,11.684,2000-01-01 00:49:06,0,run/data/m1/debug.log,41168
281,24,0,m2,1U9k1edYTa5QzLkoar9sYbaRncvZGQCJ33agpc,1.52333878e-05,13.986,13.986,2000-01-01 00:49:07,0,run/data/m2/debug.log,24955
281,24,0,m3,1H2ZSPhnLnBw6i2ghJ5DcHXH7AafiDkSkFdiq2,1.84743358e-05,14.282,14.282,2000-01-01 00:49:07,0,run/data/m3/debug.log,10337
282,24,0,m1,1CoWuY4gZW7xVpsTregiYWuhnsmgnnBimpbDjx,8.77901495e-06,12.474,12.474,2000-01-01 00:49:18,0,run/data/m1/debug.log,41207
282,24,0,m2,1U9k1edYTa5QzLkoar9sYbaRncvZGQCJ33agpc,2.54960917e-05,14.489,14.489,2000-01-01 00:49:19,0,run/data/m2/debug.log,24970
282,24,0,m3,1H2ZSPhnLnBw6i2ghJ5DcHXH7AafiDkSkFdiq2,5.07125733e-05,14.599,14.599,2000-01-01 00:49:19,0,run/data/m3/debug.log,10352
283,24,0,m1,1CoWuY4gZW7xVpsTregiYWuhnsmgnnBimpbDjx,5.44371455e-06,10.680,10.680,2000-01-01 00:49:31,0,run/data/m1/debug.log,41403
283,24,0,m2,1U9k1edYTa5QzLkoar9sYbaRncvZGQCJ33agpc,1.57819409e-05,13.938,13.938,2000-01-01 00:49:32,0,run/data/m2/debug.log,24990
283,24,0,m3,1H2ZSPhnLnBw6i2ghJ5DcHXH7AafiDkSkFdiq2,0.000259306098,14.600,14.600,2000-01-01 00:49:32,0,run/data/m3/debug.log,10372
284,24,0,m1,1CoWuY4gZW7xVpsTregiYWuhnsmgnnBimpbDjx,1.545746e-05,13.917,13.917,2000-01-01 00:49:43,0,run/data/m1/debug.log,41895
284,24,0,m2,1U9k1edYTa5QzLkoar9sYbaRncvZGQCJ33agpc,2.56764443e-05,14.496,14.496,2000-01-01 00:49:43,0,run/data/m2/debug.log,25005
284,24,0,m3,1H2ZSPhnLnBw6i2ghJ5DcHXH7AafiDkSkFdiq2,4.94065187e-05,14.615,14.615,2000-01-01 00:49:45,0,run/data/m3/debug.log,10387
285,24,0,m1,1CoWuY4gZW7xVpsTregiYWuhnsmgnnBimpbDjx,1.50785697e-05,13.886,13.886,2000-01-01 00:49:57,0,run/data/m1/debug.log,42010
285,24,0,m2,1U9k1edYTa5QzLkoar9sYbaRncvZGQCJ33agpc,4.39853149e-06,9.941,9.941,2000-01-01 00:49:57,0,run/data/m2/debug.log,25020
285,24,0,m3,1H2ZSPhnLnBw6i2ghJ5DcHXH7AafiDkSkFdiq2,0.000124145006,14.633,14.633,2000-01-01 00:49:58,0,run/data/m3/debug.log,10402
286,24,0,m1,1CoWuY4gZW7xVpsTregiYWuhnsmgnnBimpbDjx,8.54968225e-06,12.336,12.336,2000-01-01 00:50:09,0,run/data/m1/debug.log,42025
286,24,0,m2,1U9k1edYTa5QzLkoar9sYbaRncvZGQCJ33agpc,1.47067394e-07,4.883,4.883,2000-01-01 00:50:08,0,run/data/m2/debug.log,25075
286,24,0,m3,1H2ZSPhnLnBw6i2ghJ5DcHXH7AafiDkSkFdiq2,7.42945853e-05,14.633,14.633,2000-01-01 00:50:10,0,run/data/m3/debug.log,10417
287,24,0,m1,1CoWuY4gZW7xVpsTregiYWuhnsmgnnBimpbDjx,4.37185596e-06,9.953,9.953,2000-01-01 00:50:14,0,run/data/m1/debug.log,42040
287,24,0,m2,1U9k1edYTa5QzLkoar9sYbaRncvZGQCJ33agpc,1.29884624e-05,13.596,13.596,2000-01-01 00:50:14,0,run/data/m2/debug.log,26043
287,24,0,m3,1H2ZSPhnLnBw6i2ghJ5DcHXH7AafiDkSkFdiq2,5.7866799e-05,14.666,14.666,2000-01-01 00:50:15,0,run/data/m3/debug.log,10432
288,25,0,m1,1CoWuY4gZW7xVpsTregiYWuhnsmgnnBimpbDjx,2.47233818e-06,8.081,8.081,2000-01-01 00:50:25,0,run/data/m1/debug.log,42070
288,25,0,m2,1U9k1edYTa5QzLkoar9sYbaRncvZGQCJ33agpc,1.61261587e-05,13.993,13.993,2000-01-01 00:50:26,0,run/data/m2/debug.log,26058
288,25,0,m3,1H2ZSPhnLnBw6i2ghJ5DcHXH7AafiDkSkFdiq2,7.32897442e-05,14.617,14.617,2000-01-01 00:50:26,0,run/data/m3/debug.log,10447
289,25,0,m1,1CoWuY4gZW7xVpsTregiYWuhnsmgnnBimpbDjx,3.23666327e-06,8.970,8.970,2000-01-01 00:50:34,0,run/data/m1/debug.log,42110
289,25,0,m2,1U9k1edYTa5QzLkoar9sYbaRncvZGQCJ33agpc,1.81492965e-05,14.259,14.259,2000-01-01 00:50:35,0,run/data/m2/debug.log,26076
289,25,0,m3,1H2ZSPhnLnBw6i2ghJ5DcHXH7AafiDkSkFdiq2,0.000136014314,14.700,14.700,2000-01-01 00:50:35,0,run/data/m3/debug.log,10465
290,25,0,m1,1CoWuY4gZW7xVpsTregiYWuhnsmgnnBimpbDjx,3.01323147e-05,14.594,14.594,2000-01-01 00:50:44,0,run/data/m1/debug.log,42270
290,25,0,m2,1U9k1edYTa5QzLkoar9sYbaRncvZGQCJ33agpc,1.29997725e-05,13.581,13.581,2000-01-01 00:50:45,0,run/data/m2/debug.log,26092
290,25,0,m3,1H2ZSPhnLnBw6i2ghJ5DcHXH7AafiDkSkFdiq2,1.08804167e-05,13.111,13.111,2000-01-01 00:50:45,0,run/data/m3/debug.log,10481
291,25,0,m1,1CoWuY4gZW7xVpsTregiYWuhnsmgnnBimpbDjx,2.85243067e-06,8.511,8.511,2000-01-01 00:51:00,0,run/data/m1/debug.log,42285
291,25,0,m2,1U9k1edYTa5QzLkoar9sYbaRncvZGQCJ33agpc,2.72077503e-05,14.541,14.541,2000-01-01 00:50:59,0,run/data/m2/debug.log,26107
291,25,0,m3,1H2ZSPhnLnBw6i2ghJ5DcHXH7AafiDkSkFdiq2,0.000247477427,14.633,14.633,2000-01-01 00:50:58,0,run/data/m3/debug.log,10680
292,25,0,m1,1CoWuY4gZW7xVpsTregiYWuhnsmgnnBimpbDjx,8.95013098e-06,12.572,12.572,2000-01-01 00:51:08,0,run/data/m1/debug.log,42406
292,25,0,m2,1U9k1edYTa5QzLkoar9sYbaRncvZGQCJ33agpc,0.000221707869,14.717,14.717,2000-01-01 00:51:09,0,run/data/m2/debug.log,26122
292,25,0,m3,1H2ZSPhnLnBw6i2ghJ5DcHXH7AafiDkSkFdiq2,1.13707185e-05,13.303,13.303,2000-01-01 00:51:09,0,run/data/m3/debug.log,10695
293,25,0,m1,1CoWuY4gZW7xVpsTregiYWuhnsmgnnBimpbDjx,2.50882166e-05,14.600,14.600,2000-01-01 00:51:22,0,run/data/m1/debug.log,42701
293,25,0,m2,1U9k1edYTa5QzLkoar9sYbaRncvZGQCJ33agpc,2.43122783e-05,14.581,14.581,2000-01-01 00:51:23,0,run/data/m2/debug.log,26137
293,25,0,m3,1H2ZSPhnLnBw6i2ghJ5DcHXH7AafiDkSkFdiq2,7.82802374e-05,14.733,14.733,2000-01-01 00:51:22,0,run/data/m3/debug.log,10710
294,25,0,m1,1CoWuY4gZW7xVpsTregiYWuhnsmgnnBimpbDjx,5.77491768e-06,10.980,10.980,2000-01-01 00:51:37,0,run/data/m1/debug.log,42877
294,25,0,m2,1U9k1edYTa5QzLkoar9sYbaRncvZGQCJ33agpc,1.47421005e-05,13.892,13.892,2000-01-01 00:51:37,0,run/data/m2/debug.log,26152
294,25,0,m3,1H2ZSPhnLnBw6i2ghJ5DcHXH7AafiDkSkFdiq2,1.76497279e-05,14.203,14.203,2000-01-01 00:51:38,0,run/data/m3/debug.log,10725
295,25,0,m1,1CoWuY4gZW7xVpsTregiYWuhnsmgnnBimpbDjx,9.0780858e-06,12.691,12.691,2000-01-01 00:51:48,0,run/data/m1/debug.log,43420
295,25,0,m2,1U9k1edYTa5QzLkoar9sYbaRncvZGQCJ33agpc,3.38855475e-05,14.691,14.691,2000-01-01 00:51:50,0,run/data/m2/debug.log,26172
295,25,0,m3,1H2ZSPhnLnBw6i2ghJ5DcHXH7AafiDkSkFdiq2,8.28128938e-05,14.717,14.717,2000-01-01 00:51:49,0,run/data/m3/debug.log,10745
296,25,0,m1,1CoWuY4gZW7xVpsTregiYWuhnsmgnnBimpbDjx,8.83520291e-08,4.838,4.838,2000-01-01 00:52:01,0,run/data/m1/debug.log,43537
296,25,0,m2,1U9k1edYTa5QzLkoar9sYbaRncvZGQCJ33agpc,2.84759442e-06,8.623,8.623,2000-01-01 00:52:02,0,run/data/m2/debug.log,26187
296,25,0,m3,1H2ZSPhnLnBw6i2ghJ5DcHXH7AafiDkSkFdiq2,1.02031063e-05,13.022,13.022,2000-01-01 00:52:02,0,run/data/m3/debug.log,10760
297,25,0,m1,1CoWuY4gZW7xVpsTregiYWuhnsmgnnBimpbDjx,9.7735927e-06,13.041,13.041,2000-01-01 00:52:07,0,run/data/m1/debug.log,43651
297,25,0,m2,1U9k1edYTa5QzLkoar9sYbaRncvZGQCJ33agpc,2.71058443e-06,8.626,8.626,2000-01-01 00:52:07,0,run/data/m2/debug.log,26202
297,25,0,m3,1H2ZSPhnLnBw6i2ghJ5DcHXH7AafiDkSkFdiq2,8.37242334e-05,14.833,14.833,2000-01-01 00:52:07,0,run/data/m3/debug.log,10775
298,25,0,m1,1CoWuY4gZW7xVpsTregiYWuhnsmgnnBimpbDjx,1.39255711e-05,14.003,14.003,2000-01-01 00:52:17,0,run/data/m1/debug.log,43666
298,25,0,m2,1U9k1edYTa5QzLkoar9sYbaRncvZGQCJ33agpc,5.20722527e-06,10.865,10.865,2000-01-01 00:52:16,0,run/data/m2/debug.log,26261
298,25,0,m3,1H2ZSPhnLnBw6i2ghJ5DcHXH7AafiDkSkFdiq2,0.000440779879,14.867,14.867,2000-01-01 00:52:17,0,run/data/m3/debug.log,10790
299,25,0,m1,1CoWuY4gZW7xVpsTregiYWuhnsmgnnBimpbDjx,2.75469432e-06,8.624,8.624,2000-01-01 00:52:28,0,run/data/m1/debug.log,43681
299,25,0,m2,1U9k1edYTa5QzLkoar9sYbaRncvZGQCJ33agpc,2.19521726e-05,14.573,14.573,2000-01-01 00:52:27,0,run/data/m2/debug.log,26695
299,25,0,m3,1H2ZSPhnLnBw6i2ghJ5DcHXH7AafiDkSkFdiq2,4.7032635e-05,14.781,14.781,2000-01-01 00:52:28,0,run/data/m3/debug.log,10805
300,26,0,m1,1CoWuY4gZW7xVpsTregiYWuhnsmgnnBimpbDjx,4.79923697e-06,10.518,10.518,2000-01-01 00:52:36,0,run/data/m1/debug.log,43928
300,26,0,m2,1U9k1edYTa5QzLkoar9sYbaRncvZGQCJ33agpc,3.85021129e-05,14.805,14.805,2000-01-01 00:52:38,0,run/data/m2/debug.log,26713
300,26,0,m3,1H2ZSPhnLnBw6i2ghJ5DcHXH7AafiDkSkFdiq2,1.22690866e-05,13.661,13.661,2000-01-01 00:52:37,0,run/data/m3/debug.log,10823
301,26,0,m1,1CoWuY4gZW7xVpsTregiYWuhnsmgnnBimpbDjx,2.78054925e-06,8.652,8.652,2000-01-01 00:52:47,0,run/data/m1/debug.log,44173
301,26,0,m2,1U9k1edYTa5QzLkoar9sYbaRncvZGQCJ33agpc,6.28336951e-06,11.472,11.472,2000-01-01 00:52:48,0,run/data/m2/debug.log,26728
301,26,0,m3,1H2ZSPhnLnBw6i2ghJ5DcHXH7AafiDkSkFdiq2,7.34266934e-05,14.783,14.783,2000-01-01 00:52:48,0,run/data/m3/debug.log,10838
302,26,0,m1,1CoWuY4gZW7xVpsTregiYWuhnsmgnnBimpbDjx,5.18194422e-06,10.781,10.781,2000-01-01 00:52:56,0,run/data/m1/debug.log,44324
302,26,0,m2,1U9k1edYTa5QzLkoar9sYbaRncvZGQCJ33agpc,2.65997529e-05,14.707,14.707,2000-01-01 00:52:57,0,run/data/m2/debug.log,26744
302,26,0,m3,1H2ZSPhnLnBw6i2ghJ5DcHXH7AafiDkSkFdiq2,5.76319137e-05,14.800,14.800,2000-01-01 00:52:57,0,run/data/m3/debug.log,10854
303,26,0,m1,1CoWuY4gZW7xVpsTregiYWuhnsmgnnBimpbDjx,2.20347473e-07,5.230,5.230,2000-01-01 00:53:07,0,run/data/m1/debug.log,44574
303,26,0,m2,1U9k1edYTa5QzLkoar9sYbaRncvZGQCJ33agpc,3.76789151e-05,14.837,14.837,2000-01-01 00:53:09,0,run/data/m2/debug.log,26759
303,26,0,m3,1H2ZSPhnLnBw6i2ghJ5DcHXH7AafiDkSkFdiq2,0.00015345034,14.850,14.850,2000-01-01 00:53:08,0,run/data/m3/debug.log,10869
304,26,0,m1,1CoWuY4gZW7xVpsTregiYWuhnsmgnnBimpbDjx,1.13830779e-05,13.566,13.566,2000-01-01 00:53:13,0,run/data/m1/debug.log,44736
304,26,0,m2,1U9k1edYTa5QzLkoar9sYbaRncvZGQCJ33agpc,2.13007321e-06,8.042,8.042,2000-01-01 00:53:13,0,run/data/m2/debug.log,26774
304,26,0,m3,1H2ZSPhnLnBw6i2ghJ5DcHXH7AafiDkSkFdiq2,2.13022734e-05,14.681,14.681,2000-01-01 00:53:13,0,run/data/m3/debug.log,10884
305,26,0,m1,1CoWuY4gZW7xVpsTregiYWuhnsmgnnBimpbDjx,2.03960434e-05,14.723,14.723,2000-01-01 00:53:23,0,run/data/m1/debug.log,44751
305,26,0,m2,1U9k1edYTa5QzLkoar9sYbaRncvZGQCJ33agpc,2.05004994e-05,14.728,14.728,2000-01-01 00:53:22,0,run/data/m2/debug.log,27079
305,26,0,m3,1H2ZSPhnLnBw6i2ghJ5DcHXH7AafiDkSkFdiq2,5.71414601e-05,15.000,15.000,2000-01-01 00:53:23,0,run/data/m3/debug.log,10899
306,26,0,m1,1CoWuY4gZW7xVpsTregiYWuhnsmgnnBimpbDjx,1.03420115e-05,13.378,13.378,2000-01-01 00:53:38,0,run/data/m1/debug.log,44766
306,26,0,m2,1U9k1edYTa5QzLkoar9sYbaRncvZGQCJ33agpc,3.0575314e-06,9.160,9.160,2000-01-01 00:53:37,0,run/data/m2/debug.log,27141
306,26,0,m3,1H2ZSPhnLnBw6i2ghJ5DcHXH7AafiDkSkFdiq2,0.000174267494,15.000,15.000,2000-01-01 00:53:39,0,run/data/m3/debug.log,10914
307,26,0,m1,1CoWuY4gZW7xVpsTregiYWuhnsmgnnBimpbDjx,3.56767042e-05,14.992,14.992,2000-01-01 00:53:48,0,run/data/m1/debug.log,44786
307,26,0,m2,1U9k1edYTa5QzLkoar9sYbaRncvZGQCJ33agpc,4.32632126e-05,15.010,15.010,2000-01-01 00:53:47,0,run/data/m2/debug.log,27221
307,26,0,m3,1H2ZSPhnLnBw6i2ghJ5DcHXH7AafiDkSkFdiq2,3.01378942e-05,14.954,14.954,2000-01-01 00:53:49,0,run/data/m3/debug.log,10934
308,26,0,m1,1CoWuY4gZW7xVpsTregiYWuhnsmgnnBimpbDjx,7.40808973e-06,12.088,12.088,2000-01-01 00:54:03,0,run/data/m1/debug.log,44801
308,26,0,m2,1U9k1edYTa5QzLkoar9sYbaRncvZGQCJ33agpc,4.68801958e-05,14.963,14.963,2000-01-01 00:54:03,0,run/data/m2/debug.log,27958
308,26,0,m3,1H2ZSPhnLnBw6i2ghJ5DcHXH7AafiDkSkFdiq2,1.16919301e-05,13.565,13.565,2000-01-01 00:54:04,0,run/data/m3/debug.log,10949
309,26,0,m1,1CoWuY4gZW7xVpsTregiYWuhnsmgnnBimpbDjx,4.3984683e-06,10.092,10.092,2000-01-01 00:54:15,0,run/data/m1/debug.log,45060
309,26,0,m2,1U9k1edYTa5QzLkoar9sYbaRncvZGQCJ33agpc,1.34390019e-05,13.822,13.822,2000-01-01 00:54:16,0,run/data/m2/debug.log,27973
309,26,0,m3,1H2ZSPhnLnBw6i2ghJ5DcHXH7AafiDkSkFdiq2,9.77500714e-05,14.867,14.867,2000-01-01 00:54:16,0,run/data/m3/debug.log,10964
310,26,0,m1,1CoWuY4gZW7xVpsTregiYWuhnsmgnnBimpbDjx,4.4583689e-06,10.107,10.107,2000-01-01 00:54:26,0,run/data/m1/debug.log,45125
310,26,0,m2,1U9k1edYTa5QzLkoar9sYbaRncvZGQCJ33agpc,3.03034396e-06,8.824,8.824,2000-01-01 00:54:27,0,run/data/m2/debug.log,27988
310,26,0,m3,1H2ZSPhnLnBw6i2ghJ5DcHXH7AafiDkSkFdiq2,0.00014044424,14.833,14.833,2000-01-01 00:54:27,0,run/data/m3/debug.log,10979
311,26,0,m1,1CoWuY4gZW7xVpsTregiYWuhnsmgnnBimpbDjx,1.96830669e-05,14.468,14.468,2000-01-01 00:54:37,0,run/data/m1/debug.log,45143
311,26,0,m2,1U9k1edYTa5QzLkoar9sYbaRncvZGQCJ33agpc,5.70983327e-06,11.003,11.003,2000-01-01 00:54:37,0,run/data/m2/debug.log,28222
311,26,0,m3,1H2ZSPhnLnBw6i2ghJ5DcHXH7AafiDkSkFdiq2,0.000145797915,14.833,14.833,2000-01-01 00:54:38,0,run/data/m3/debug.log,10997
312,27,0,m1,1CoWuY4gZW7xVpsTregiYWuhnsmgnnBimpbDjx,6.80040103e-06,11.595,11.595,2000-01-01 00:54:50,0,run/data/m1/debug.log,45158
312,27,0,m2,1U9k1edYTa5QzLkoar9sYbaRncvZGQCJ33agpc,4.74424527e-06,10.278,10.278,2000-01-01 00:54:49,0,run/data/m2/debug.log,28250
312,27,0,m3,1H2ZSPhnLnBw6i2ghJ5DcHXH7AafiDkSkFdiq2,2.65515011e-05,14.668,14.668,2000-01-01 00:54:50,0,run/data/m3/debug.log,11012
313,27,0,m1,1CoWuY4gZW7xVpsTregiYWuhnsmgnnBimpbDjx,4.242836e-06,9.882,9.882,2000-01-01 00:55:01,0,run/data/m1/debug.log,45173
313,27,0,m2,1U9k1edYTa5QzLkoar9sYbaRncvZGQCJ33agpc,5.96247746e-06,11.112,11.112,2000-01-01 00:55:00,0,run/data/m2/debug.log,29139
313,27,0,m3,1H2ZSPhnLnBw6i2ghJ5DcHXH7AafiDkSkFdiq2,0.000266827867,14.783,14.783,2000-01-01 00:55:01,0,run/data/m3/debug.log,11027
314,27,0,m1,1CoWuY4gZW7xVpsTregiYWuhnsmgnnBimpbDjx,7.64393702e-06,12.000,12.000,2000-01-01 00:55:10,0,run/data/m1/debug.log,45595
314,27,0,m2,1U9k1edYTa5QzLkoar9sYbaRncvZGQCJ33agpc,7.02067897e-06,11.694,11.694,2000-01-01 00:55:11,0,run/data/m2/debug.log,29155
314,27,0,m3,1H2ZSPhnLnBw6i2ghJ5DcHXH7AafiDkSkFdiq2,8.78583282e-06,12.483,12.483,2000-01-01 00:55:11,0,run/data/m3/debug.log,11043
315,27,0,m1,1CoWuY4gZW7xVpsTregiYWuhnsmgnnBimpbDjx,4.06015635e-06,9.679,9.679,2000-01-01 00:55:23,0,run/data/m1/debug.log,45768
315,27,0,m2,1U9k1edYTa5QzLkoar9sYbaRncvZGQCJ33agpc,9.02515757e-06,12.539,12.539,2000-01-01 00:55:23,0,run/data/m2/debug.log,29170
315,27,0,m3,1H2ZSPhnLnBw6i2ghJ5DcHXH7AafiDkSkFdiq2,0.000114459283,14.733,14.733,2000-01-01 00:55:24,0,run/data/m3/debug.log,11058
316,27,0,m1,1CoWuY4gZW7xVpsTregiYWuhnsmgnnBimpbDjx,1.67250765e-06,7.134,7.134,2000-01-01 00:55:32,0,run/data/m1/debug.log,45997
316,27,0,m2,1U9k1edYTa5QzLkoar9sYbaRncvZGQCJ33agpc,1.66842126e-05,14.078,14.078,2000-01-01 00:55:33,0,run/data/m2/debug.log,29185
316,27,0,m3,1H2ZSPhnLnBw6i2ghJ5DcHXH7AafiDkSkFdiq2,7.15268462e-06,11.678,11.678,2000-01-01 00:55:33,0,run/data/m3/debug.log,11073
317,27,0,m1,1CoWuY4gZW7xVpsTregiYWuhnsmgnnBimpbDjx,1.13428588e-05,13.214,13.214,2000-01-01 00:55:40,0,run/data/m1/debug.log,46076
317,27,0,m2,1U9k1edYTa5QzLkoar9sYbaRncvZGQCJ33agpc,9.21533006e-05,14.700,14.700,2000-01-01 00:55:41,0,run/data/m2/debug.log,29200
317,27,0,m3,1H2ZSPhnLnBw6i2ghJ5DcHXH7AafiDkSkFdiq2,3.23074297e-05,14.656,14.656,2000-01-01 00:55:41,0,run/data/m3/debug.log,11088
318,27,0,m1,1CoWuY4gZW7xVpsTregiYWuhnsmgnnBimpbDjx,7.36771286e-06,11.818,11.818,2000-01-01 00:55:54,0,run/data/m1/debug.log,46198
318,27,0,m2,1U9k1edYTa5QzLkoar9sYbaRncvZGQCJ33agpc,4.82252452e-06,10.271,10.271,2000-01-01 00:55:55,0,run/data/m2/debug.log,29215
318,27,0,m3,1H2ZSPhnLnBw6i2ghJ5DcHXH7AafiDkSkFdiq2,2.43090801e-05,14.549,14.549,2000-01-01 00:55:55,0,run/data/m3/debug.log,11103
319,27,0,m1,1CoWuY4gZW7xVpsTregiYWuhnsmgnnBimpbDjx,2.53737227e-06,8.263,8.263,2000-01-01 00:56:07,0,run/data/m1/debug.log,46218
319,27,0,m2,1U9k1edYTa5QzLkoar9sYbaRncvZGQCJ33agpc,1.45678371e-05,13.898,13.898,2000-01-01 00:56:06,0,run/data/m2/debug.log,29897
319,27,0,m3,1H2ZSPhnLnBw6i2ghJ5DcHXH7AafiDkSkFdiq2,7.2838402e-05,14.683,14.683,2000-01-01 00:56:07,0,run/data/m3/debug.log,11122
320,27,0,m1,1CoWuY4gZW7xVpsTregiYWuhnsmgnnBimpbDjx,1.26016061e-05,13.693,13.693,2000-01-01 00:56:15,0,run/data/m1/debug.log,46360
320,27,0,m2,1U9k1edYTa5QzLkoar9sYbaRncvZGQCJ33agpc,1.76245652e-05,14.340,14.340,2000-01-01 00:56:16,0,run/data/m2/debug.log,29912
320,27,0,m3,1H2ZSPhnLnBw6i2ghJ5DcHXH7AafiDkSkFdiq2,0.000114169025,14.800,14.800,2000-01-01 00:56:16,0,run/data/m3/debug.log,11137
321,27,0,m1,1CoWuY4gZW7xVpsTregiYWuhnsmgnnBimpbDjx,1.47022972e-05,13.983,13.983,2000-01-01 00:56:30,0,run/data/m1/debug.log,46395
321,27,0,m2,1U9k1edYTa5QzLkoar9sYbaRncvZGQCJ33agpc,7.59512447e-07,5.992,5.992,2000-01-01 00:56:30,0,run/data/m2/debug.log,29930
321,27,0,m3,1H2ZSPhnLnBw6i2ghJ5DcHXH7AafiDkSkFdiq2,7.17288937e-05,14.750,14.750,2000-01-01 00:56:30,0,run/data/m3/debug.log,11152
322,27,0,m1,1CoWuY4gZW7xVpsTregiYWuhnsmgnnBimpbDjx,5.3162479e-08,4.909,4.909,2000-01-01 00:56:37,0,run/data/m1/debug.log,46413
322,27,0,m2,1U9k1edYTa5QzLkoar9sYbaRncvZGQCJ33agpc,6.90767997e-06,11.824,11.824,2000-01-01 00:56:37,0,run/data/m2/debug.log,30188
322,27,0,m3,1H2ZSPhnLnBw6i2ghJ5DcHXH7AafiDkSkFdiq2,3.16627737e-07,5.355,5.355,2000-01-01 00:56:38,0,run/data/m3/debug.log,11170
323,27,0,m1,1CoWuY4gZW7xVpsTregiYWuhnsmgnnBimpbDjx,1.55361702e-05,14.237,14.237,2000-01-01 00:56:43,0,run/data/m1/debug.log,46857
323,27,0,m2,1U9k1edYTa5QzLkoar9sYbaRncvZGQCJ33agpc,1.91006639e-05,14.544,14.544,2000-01-01 00:56:43,0,run/data/m2/debug.log,30203
323,27,0,m3,1H2ZSPhnLnBw6i2ghJ5DcHXH7AafiDkSkFdiq2,2.86068578e-05,14.832,14.832,2000-01-01 00:56:44,0,run/data/m3/debug.log,11185
324,28,0,m1,1CoWuY4gZW7xVpsTregiYWuhnsmgnnBimpbDjx,3.67961372e-06,9.608,9.608,2000-01-01 00:56:57,0,run/data/m1/debug.log,46989
324,28,0,m2,1U9k1edYTa5QzLkoar9sYbaRncvZGQCJ33agpc,3.86011817e-05,14.855,14.855,2000-01-01 00:56:58,0,run/data/m2/debug.log,30218
324,28,0,m3,1H2ZSPhnLnBw6i2ghJ5DcHXH7AafiDkSkFdiq2,7.89100783e-06,12.346,12.346,2000-01-01 00:56:58,0,run/data/m3/debug.log,11200
325,28,0,m1,1CoWuY4gZW7xVpsTregiYWuhnsmgnnBimpbDjx,5.06713989e-06,10.756,10.756,2000-01-01 00:57:07,0,run/data/m1/debug.log,47076
325,28,0,m2,1U9k1edYTa5QzLkoar9sYbaRncvZGQCJ33agpc,1.60753793e-05,14.280,14.280,2000-01-01 00:57:08,0,run/data/m2/debug.log,30233
325,28,0,m3,1H2ZSPhnLnBw6i2ghJ5DcHXH7AafiDkSkFdiq2,4.43187131e-05,14.879,14.879,2000-01-01 00:57:08,0,run/data/m3/debug.log,11215
326,28,0,m1,1CoWuY4gZW7xVpsTregiYWuhnsmgnnBimpbDjx,3.8581069e-06,9.769,9.769,2000-01-01 00:57:18,0,run/data/m1/debug.log,47248
326,28,0,m2,1U9k1edYTa5QzLkoar9sYbaRncvZGQCJ33agpc,5.41904329e-06,10.986,10.986,2000-01-01 00:57:20,0,run/data/m2/debug.log,30249
326,28,0,m3,1H2ZSPhnLnBw6i2ghJ5DcHXH7AafiDkSkFdiq2,3.57787824e-05,14.847,14.847,2000-01-01 00:57:19,0,run/data/m3/debug.log,11231
327,28,0,m1,1CoWuY4gZW7xVpsTregiYWuhnsmgnnBimpbDjx,3.23570574e-07,5.466,5.466,2000-01-01 00:57:28,0,run/data/m1/debug.log,47562
327,28,0,m2,1U9k1edYTa5QzLkoar9sYbaRncvZGQCJ33agpc,1.28879536e-05,13.864,13.864,2000-01-01 00:57:28,0,run/data/m2/debug.log,30264
327,28,0,m3,1H2ZSPhnLnBw6i2ghJ5DcHXH7AafiDkSkFdiq2,1.24937728e-05,13.789,13.789,2000-01-01 00:57:29,0,run/data/m3/debug.log,11246
328,28,0,m1,1CoWuY4gZW7xVpsTregiYWuhnsmgnnBimpbDjx,8.71487247e-06,12.784,12.784,2000-01-01 00:57:34,0,run/data/m1/debug.log,47778
328,28,0,m2,1U9k1edYTa5QzLkoar9sYbaRncvZGQCJ33agpc,1.75142372e-05,14.497,14.497,2000-01-01 00:57:34,0,run/data/m2/debug.log,30279
328,28,0,m3,1H2ZSPhnLnBw6i2ghJ5DcHXH7AafiDkSkFdiq2,4.20608033e-06,10.170,10.170,2000-01-01 00:57:34,0,run/data/m3/debug.log,11261
329,28,0,m1,1CoWuY4gZW7xVpsTregiYWuhnsmgnnBimpbDjx,6.66614145e-07,6.016,6.016,2000-01-01 00:57:47,0,run/data/m1/debug.log,47793
329,28,0,m2,1U9k1edYTa5QzLkoar9sYbaRncvZGQCJ33agpc,4.72332253e-06,10.534,10.534,2000-01-01 00:57:46,0,run/data/m2/debug.log,30294
329,28,0,m3,1H2ZSPhnLnBw6i2ghJ5DcHXH7AafiDkSkFdiq2,4.13751062e-05,14.909,14.909,2000-01-01 00:57:45,0,run/data/m3/debug.log,12608
330,28,0,m1,1CoWuY4gZW7xVpsTregiYWuhnsmgnnBimpbDjx,4.90395891e-06,10.770,10.770,2000-01-01 00:57:53,0,run/data/m1/debug.log,47883
330,28,0,m2,1U9k1edYTa5QzLkoar9sYbaRncvZGQCJ33agpc,4.97861936e-05,15.015,15.015,2000-01-01 00:57:54,0,run/data/m2/debug.log,30309
330,28,0,m3,1H2ZSPhnLnBw6i2ghJ5DcHXH7AafiDkSkFdiq2,6.41896741e-05,15.017,15.017,2000-01-01 00:57:54,0,run/data/m3/debug.log,12623
331,28,0,m1,1CoWuY4gZW7xVpsTregiYWuhnsmgnnBimpbDjx,3.35075613e-06,9.326,9.326,2000-01-01 00:58:04,0,run/data/m1/debug.log,47911
331,28,0,m2,1U9k1edYTa5QzLkoar9sYbaRncvZGQCJ33agpc,1.7704375e-05,14.517,14.517,2000-01-01 00:58:05,0,run/data/m2/debug.log,30329
331,28,0,m3,1H2ZSPhnLnBw6i2ghJ5DcHXH7AafiDkSkFdiq2,4.04850664e-05,15.022,15.022,2000-01-01 00:58:05,0,run/data/m3/debug.log,12643
332,28,0,m1,1CoWuY4gZW7xVpsTregiYWuhnsmgnnBimpbDjx,4.62058142e-06,10.402,10.402,2000-01-01 00:58:14,0,run/data/m1/debug.log,48525
332,28,0,m2,1U9k1edYTa5QzLkoar9sYbaRncvZGQCJ33agpc,5.47424924e-05,15.016,15.016,2000-01-01 00:58:15,0,run/data/m2/debug.log,30344
332,28,0,m3,1H2ZSPhnLnBw6i2ghJ5DcHXH7AafiDkSkFdiq2,3.62270903e-05,14.993,14.993,2000-01-01 00:58:15,0,run/data/m3/debug.log,12658
333,28,0,m1,1CoWuY4gZW7xVpsTregiYWuhnsmgnnBimpbDjx,9.09722748e-07,6.496,6.496,2000-01-01 00:58:25,0,run/data/m1/debug.log,48735
333,28,0,m2,1U9k1edYTa5QzLkoar9sYbaRncvZGQCJ33agpc,6.39859098e-06,11.656,11.656,2000-01-01 00:58:26,0,run/data/m2/debug.log,30359
333,28,0,m3,1H2ZSPhnLnBw6i2ghJ5DcHXH7AafiDkSkFdiq2,0.000105543812,15.083,15.083,2000-01-01 00:58:26,0,run/data/m3/debug.log,12673
334,28,0,m1,1CoWuY4gZW7xVpsTregiYWuhnsmgnnBimpbDjx,2.25298885e-06,8.225,8.225,2000-01-01 00:58:32,0,run/data/m1/debug.log,49195
334,28,0,m2,1U9k1edYTa5QzLkoar9sYbaRncvZGQCJ33agpc,2.47613107e-05,14.925,14.925,2000-01-01 00:58:32,0,run/data/m2/debug.log,30377
334,28,0,m3,1H2ZSPhnLnBw6i2ghJ5DcHXH7AafiDkSkFdiq2,0.000108480688,15.083,15.083,2000-01-01 00:58:32,0,run/data/m3/debug.log,12691
335,28,0,m1,1CoWuY4gZW7xVpsTregiYWuhnsmgnnBimpbDjx,2.70583519e-06,8.675,8.675,2000-01-01 00:58:41,0,run/data/m1/debug.log,49691
335,28,0,m2,1U9k1edYTa5QzLkoar9sYbaRncvZGQCJ33agpc,5.33770172e-05,15.032,15.032,2000-01-01 00:58:41,0,run/data/m2/debug.log,30392
335,28,0,m3,1H2ZSPhnLnBw6i2ghJ5DcHXH7AafiDkSkFdiq2,9.28659788e-05,15.033,15.033,2000-01-01 00:58:41,0,run/data/m3/debug.log,12706
336,29,0,m1,1CoWuY4gZW7xVpsTregiYWuhnsmgnnBimpbDjx,7.12873263e-06,12.084,12.084,2000-01-01 00:58:50,0,run/data/m1/debug.log,50412
336,29,0,m2,1U9k1edYTa5QzLkoar9sYbaRncvZGQCJ33agpc,1.28393338e-05,13.950,13.950,2000-01-01 00:58:50,0,run/data/m2/debug.log,30407
336,29,0,m3,1H2ZSPhnLnBw6i2ghJ5DcHXH7AafiDkSkFdiq2,9.20589978e-05,15.117,15.117,2000-01-01 00:58:50,0,run/data/m3/debug.log,12721
337,29,0,m1,1CoWuY4gZW7xVpsTregiYWuhnsmgnnBimpbDjx,6.56568465e-06,11.751,11.751,2000-01-01 00:59:02,0,run/data/m1/debug.log,51037
337,29,0,m2,1U9k1edYTa5QzLkoar9sYbaRncvZGQCJ33agpc,8.28775451e-05,15.083,15.083,2000-01-01 00:59:02,0,run/data/m2/debug.log,30422
337,29,0,m3,1H2ZSPhnLnBw6i2ghJ5DcHXH7AafiDkSkFdiq2,1.58218211e-05,14.325,14.325,2000-01-01 00:59:05,0,run/data/m3/debug.log,12893
338,29,0,m1,1CoWuY4gZW7xVpsTregiYWuhnsmgnnBimpbDjx,1.32297604e-05,13.974,13.974,2000-01-01 00:59:14,0,run/data/m1/debug.log,51372
338,29,0,m2,1U9k1edYTa5QzLkoar9sYbaRncvZGQCJ33agpc,1.46877453e-05,14.211,14.211,2000-01-01 00:59:15,0,run/data/m2/debug.log,30454
338,29,0,m3,1H2ZSPhnLnBw6i2ghJ5DcHXH7AafiDkSkFdiq2,0.000183023136,15.067,15.067,2000-01-01 00:59:15,0,run/data/m3/debug.log,12929
339,29,0,m1,1CoWuY4gZW7xVpsTregiYWuhnsmgnnBimpbDjx,3.40901714e-06,9.348,9.348,2000-01-01 00:59:28,0,run/data/m1/debug.log,51656
339,29,0,m2,1U9k1edYTa5QzLkoar9sYbaRncvZGQCJ33agpc,1.55327198e-06,7.289,7.289,2000-01-01 00:59:30,0,run/data/m2/debug.log,30469
339,29,0,m3,1H2ZSPhnLnBw6i2ghJ5DcHXH7AafiDkSkFdiq2,8.37687773e-05,15.000,15.000,2000-01-01 00:59:30,0,run/data/m3/debug.log,12944
340,29,0,m1,1CoWuY4gZW7xVpsTregiYWuhnsmgnnBimpbDjx,1.44590301e-05,14.061,14.061,2000-01-01 00:59:38,0,run/data/m1/debug.log,51671
340,29,0,m2,1U9k1edYTa5QzLkoar9sYbaRncvZGQCJ33agpc,3.81471862e-06,9.669,9.669,2000-01-01 00:59:37,0,run/data/m2/debug.log,30642
340,29,0,m3,1H2ZSPhnLnBw6i2ghJ5DcHXH7AafiDkSkFdiq2,1.43095242e-05,14.038,14.038,2000-01-01 00:59:38,0,run/data/m3/debug.log,12959
