tip_height,round_height,host,window,mean_spacing_s,tblock_s,phi_s,phi_bound_s,log_timestamp,n_occurrences,source_file,source_line
151,152,admin,12,9.667,10.000,+0.333,5.000,2000-01-01 00:25:26,5,run/data/admin/debug.log,704
151,152,m1,12,9.667,10.000,+0.333,5.000,2000-01-01 00:25:13,6,run/data/m1/debug.log,637
151,152,m2,12,9.667,10.000,+0.333,5.000,2000-01-01 00:25:12,6,run/data/m2/debug.log,616
151,152,m3,12,9.667,10.000,+0.333,5.000,2000-01-01 00:25:13,6,run/data/m3/debug.log,616
152,153,admin,12,9.917,10.000,+0.083,5.000,2000-01-01 00:25:42,5,run/data/admin/debug.log,734
152,153,m1,12,9.917,10.000,+0.083,5.000,2000-01-01 00:25:26,6,run/data/m1/debug.log,1247
152,153,m2,12,9.917,10.000,+0.083,5.000,2000-01-01 00:25:26,6,run/data/m2/debug.log,643
152,153,m3,12,9.917,10.000,+0.083,5.000,2000-01-01 00:25:27,6,run/data/m3/debug.log,647
153,154,admin,12,10.833,10.000,-0.833,5.000,2000-01-01 00:25:50,2,run/data/admin/debug.log,764
153,154,m1,12,10.833,10.000,-0.833,5.000,2000-01-01 00:25:41,3,run/data/m1/debug.log,1684
153,154,m2,12,10.833,10.000,-0.833,5.000,2000-01-01 00:25:41,3,run/data/m2/debug.log,911
153,154,m3,12,10.833,10.000,-0.833,5.000,2000-01-01 00:25:43,3,run/data/m3/debug.log,678
154,155,admin,12,10.500,10.000,-0.500,5.000,2000-01-01 00:25:58,2,run/data/admin/debug.log,785
154,155,m1,12,10.500,10.000,-0.500,5.000,2000-01-01 00:25:49,3,run/data/m1/debug.log,1931
154,155,m2,12,10.500,10.000,-0.500,5.000,2000-01-01 00:25:50,3,run/data/m2/debug.log,949
154,155,m3,12,10.500,10.000,-0.500,5.000,2000-01-01 00:25:50,3,run/data/m3/debug.log,693
155,156,admin,12,10.500,10.000,-0.500,5.000,2000-01-01 00:26:09,2,run/data/admin/debug.log,802
155,156,m1,12,10.500,10.000,-0.500,5.000,2000-01-01 00:25:58,3,run/data/m1/debug.log,2205
155,156,m2,12,10.500,10.000,-0.500,5.000,2000-01-01 00:25:59,3,run/data/m2/debug.log,964
155,156,m3,12,10.500,10.000,-0.500,5.000,2000-01-01 00:25:59,3,run/data/m3/debug.log,708
156,157,admin,12,10.583,10.000,-0.583,5.000,2000-01-01 00:26:21,2,run/data/admin/debug.log,816
156,157,m1,12,10.583,10.000,-0.583,5.000,2000-01-01 00:26:09,3,run/data/m1/debug.log,2776
156,157,m2,12,10.583,10.000,-0.583,5.000,2000-01-01 00:26:10,3,run/data/m2/debug.log,979
156,157,m3,12,10.583,10.000,-0.583,5.000,2000-01-01 00:26:10,3,run/data/m3/debug.log,723
157,158,admin,12,10.917,10.000,-0.917,5.000,2000-01-01 00:26:32,5,run/data/admin/debug.log,830
157,158,m1,12,10.917,10.000,-0.917,5.000,2000-01-01 00:26:21,6,run/data/m1/debug.log,2799
157,158,m2,12,10.917,10.000,-0.917,5.000,2000-01-01 00:26:22,6,run/data/m2/debug.log,994
157,158,m3,12,10.917,10.000,-0.917,5.000,2000-01-01 00:26:22,6,run/data/m3/debug.log,738
158,159,admin,12,10.833,10.000,-0.833,5.000,2000-01-01 00:26:48,5,run/data/admin/debug.log,860
158,159,m1,12,10.833,10.000,-0.833,5.000,2000-01-01 00:26:32,6,run/data/m1/debug.log,2824
158,159,m2,12,10.833,10.000,-0.833,5.000,2000-01-01 00:26:33,6,run/data/m2/debug.log,1028
158,159,m3,12,10.833,10.000,-0.833,5.000,2000-01-01 00:26:32,6,run/data/m3/debug.log,1010
159,160,admin,12,11.167,10.000,-1.167,5.000,2000-01-01 00:27:00,2,run/data/admin/debug.log,890
159,160,m1,12,11.167,10.000,-1.167,5.000,2000-01-01 00:26:47,3,run/data/m1/debug.log,2895
159,160,m2,12,11.167,10.000,-1.167,5.000,2000-01-01 00:26:48,3,run/data/m2/debug.log,1059
159,160,m3,12,11.250,10.000,-1.250,5.000,2000-01-01 00:26:48,3,run/data/m3/debug.log,1162
160,161,admin,12,11.333,10.000,-1.333,5.000,2000-01-01 00:27:11,2,run/data/admin/debug.log,904
160,161,m1,12,11.333,10.000,-1.333,5.000,2000-01-01 00:27:01,3,run/data/m1/debug.log,2926
160,161,m2,12,11.333,10.000,-1.333,5.000,2000-01-01 00:26:59,3,run/data/m2/debug.log,1091
160,161,m3,12,11.333,10.000,-1.333,5.000,2000-01-01 00:27:01,3,run/data/m3/debug.log,1200
161,162,admin,12,11.500,10.000,-1.500,5.000,2000-01-01 00:27:19,2,run/data/admin/debug.log,918
161,162,m1,12,11.500,10.000,-1.500,5.000,2000-01-01 00:27:12,3,run/data/m1/debug.log,2941
161,162,m2,12,11.500,10.000,-1.500,5.000,2000-01-01 00:27:10,3,run/data/m2/debug.log,2535
161,162,m3,12,11.500,10.000,-1.500,5.000,2000-01-01 00:27:12,3,run/data/m3/debug.log,1215
162,163,admin,12,11.250,10.000,-1.250,5.000,2000-01-01 00:27:34,5,run/data/admin/debug.log,932
162,163,m1,12,11.250,10.000,-1.250,5.000,2000-01-01 00:27:19,6,run/data/m1/debug.log,2956
162,163,m2,12,11.250,10.000,-1.250,5.000,2000-01-01 00:27:18,6,run/data/m2/debug.log,2762
162,163,m3,12,11.250,10.000,-1.250,5.000,2000-01-01 00:27:20,6,run/data/m3/debug.log,1230
163,164,admin,12,11.833,10.000,-1.833,5.000,2000-01-01 00:27:47,5,run/data/admin/debug.log,962
163,164,m1,12,11.833,10.000,-1.833,5.000,2000-01-01 00:27:34,6,run/data/m1/debug.log,3188
163,164,m2,12,11.833,10.000,-1.833,5.000,2000-01-01 00:27:34,6,run/data/m2/debug.log,2786
163,164,m3,12,11.833,10.000,-1.833,5.000,2000-01-01 00:27:35,6,run/data/m3/debug.log,1261
164,165,admin,12,11.750,10.000,-1.750,5.000,2000-01-01 00:27:54,2,run/data/admin/debug.log,992
164,165,m1,12,11.750,10.000,-1.750,5.000,2000-01-01 00:27:47,3,run/data/m1/debug.log,3352
164,165,m2,12,11.750,10.000,-1.750,5.000,2000-01-01 00:27:47,3,run/data/m2/debug.log,3102
164,165,m3,12,11.750,10.000,-1.750,5.000,2000-01-01 00:27:48,3,run/data/m3/debug.log,1292
165,166,admin,12,11.000,10.000,-1.000,5.000,2000-01-01 00:28:09,2,run/data/admin/debug.log,1009
165,166,m1,12,11.000,10.000,-1.000,5.000,2000-01-01 00:27:54,3,run/data/m1/debug.log,3390
165,166,m2,12,11.000,10.000,-1.000,5.000,2000-01-01 00:27:53,3,run/data/m2/debug.log,3162
165,166,m3,12,11.000,10.000,-1.000,5.000,2000-01-01 00:27:55,3,run/data/m3/debug.log,1314
166,167,admin,12,11.667,10.000,-1.667,5.000,2000-01-01 00:28:22,2,run/data/admin/debug.log,1023
166,167,m1,12,11.667,10.000,-1.667,5.000,2000-01-01 00:28:10,3,run/data/m1/debug.log,3405
166,167,m2,12,11.667,10.000,-1.667,5.000,2000-01-01 00:28:09,3,run/data/m2/debug.log,3287
166,167,m3,12,11.667,10.000,-1.667,5.000,2000-01-01 00:28:10,3,run/data/m3/debug.log,1329
167,168,admin,12,12.000,10.000,-2.000,5.000,2000-01-01 00:28:34,2,run/data/admin/debug.log,1037
167,168,m1,12,12.000,10.000,-2.000,5.000,2000-01-01 00:28:22,3,run/data/m1/debug.log,3788
167,168,m2,12,12.000,10.000,-2.000,5.000,2000-01-01 00:28:23,3,run/data/m2/debug.log,3302
167,168,m3,12,12.000,10.000,-2.000,5.000,2000-01-01 00:28:23,3,run/data/m3/debug.log,1344
168,169,admin,12,12.083,10.000,-2.083,5.000,2000-01-01 00:28:43,2,run/data/admin/debug.log,1051
168,169,m1,12,12.083,10.000,-2.083,5.000,2000-01-01 00:28:34,3,run/data/m1/debug.log,3858
168,169,m2,12,12.083,10.000,-2.083,5.000,2000-01-01 00:28:35,3,run/data/m2/debug.log,3320
168,169,m3,12,12.083,10.000,-2.083,5.000,2000-01-01 00:28:35,3,run/data/m3/debug.log,1362
169,170,admin,12,11.833,10.000,-1.833,5.000,2000-01-01 00:28:53,2,run/data/admin/debug.log,1065
169,170,m1,12,11.833,10.000,-1.833,5.000,2000-01-01 00:28:43,3,run/data/m1/debug.log,4243
169,170,m2,12,11.833,10.000,-1.833,5.000,2000-01-01 00:28:44,3,run/data/m2/debug.log,3335
169,170,m3,12,11.833,10.000,-1.833,5.000,2000-01-01 00:28:44,3,run/data/m3/debug.log,1377
170,171,admin,12,11.750,10.000,-1.750,5.000,2000-01-01 00:29:02,2,run/data/admin/debug.log,1079
170,171,m1,12,11.750,10.000,-1.750,5.000,2000-01-01 00:28:53,3,run/data/m1/debug.log,4415
170,171,m2,12,11.750,10.000,-1.750,5.000,2000-01-01 00:28:54,3,run/data/m2/debug.log,3350
170,171,m3,12,11.750,10.000,-1.750,5.000,2000-01-01 00:28:54,3,run/data/m3/debug.log,1392
171,172,admin,12,11.250,10.000,-1.250,5.000,2000-01-01 00:29:11,2,run/data/admin/debug.log,1093
171,172,m1,12,11.250,10.000,-1.250,5.000,2000-01-01 00:29:02,3,run/data/m1/debug.log,4510
171,172,m2,12,11.250,10.000,-1.250,5.000,2000-01-01 00:29:03,3,run/data/m2/debug.log,3365
171,172,m3,12,11.250,10.000,-1.250,5.000,2000-01-01 00:29:03,3,run/data/m3/debug.log,1407
172,173,admin,12,10.917,10.000,-0.917,5.000,2000-01-01 00:29:16,2,run/data/admin/debug.log,1107
172,173,m1,12,10.917,10.000,-0.917,5.000,2000-01-01 00:29:10,3,run/data/m1/debug.log,4833
172,173,m2,12,10.917,10.000,-0.917,5.000,2000-01-01 00:29:11,3,run/data/m2/debug.log,3380
172,173,m3,12,10.917,10.000,-0.917,5.000,2000-01-01 00:29:12,3,run/data/m3/debug.log,1422
173,174,admin,12,10.500,10.000,-0.500,5.000,2000-01-01 00:29:25,2,run/data/admin/debug.log,1121
173,174,m1,12,10.500,10.000,-0.500,5.000,2000-01-01 00:29:16,3,run/data/m1/debug.log,5465
173,174,m2,12,10.500,10.000,-0.500,5.000,2000-01-01 00:29:17,3,run/data/m2/debug.log,3395
173,174,m3,12,10.500,10.000,-0.500,5.000,2000-01-01 00:29:17,3,run/data/m3/debug.log,1437
174,175,admin,12,10.583,10.000,-0.583,5.000,2000-01-01 00:29:41,5,run/data/admin/debug.log,1135
174,175,m1,12,10.583,10.000,-0.583,5.000,2000-01-01 00:29:26,6,run/data/m1/debug.log,5480
174,175,m2,12,10.583,10.000,-0.583,5.000,2000-01-01 00:29:25,6,run/data/m2/debug.log,3588
174,175,m3,12,10.583,10.000,-0.583,5.000,2000-01-01 00:29:26,6,run/data/m3/debug.log,1452
175,176,admin,12,10.500,10.000,-0.500,5.000,2000-01-01 00:29:55,2,run/data/admin/debug.log,1165
175,176,m1,12,10.500,10.000,-0.500,5.000,2000-01-01 00:29:40,3,run/data/m1/debug.log,5903
175,176,m2,12,10.500,10.000,-0.500,5.000,2000-01-01 00:29:40,3,run/data/m2/debug.log,4082
175,176,m3,12,10.500,10.000,-0.500,5.000,2000-01-01 00:29:41,3,run/data/m3/debug.log,1483
176,177,admin,12,10.583,10.000,-0.583,5.000,2000-01-01 00:30:09,2,run/data/admin/debug.log,1182
176,177,m1,12,10.583,10.000,-0.583,5.000,2000-01-01 00:29:56,3,run/data/m1/debug.log,5938
176,177,m2,12,10.583,10.000,-0.583,5.000,2000-01-01 00:29:54,3,run/data/m2/debug.log,4138
176,177,m3,12,10.583,10.000,-0.583,5.000,2000-01-01 00:29:56,3,run/data/m3/debug.log,1502
177,178,admin,12,11.333,10.000,-1.333,5.000,2000-01-01 00:30:25,2,run/data/admin/debug.log,1196
177,178,m1,12,11.333,10.000,-1.333,5.000,2000-01-01 00:30:09,3,run/data/m1/debug.log,6076
177,178,m2,12,11.333,10.000,-1.333,5.000,2000-01-01 00:30:10,3,run/data/m2/debug.log,4153
177,178,m3,12,11.333,10.000,-1.333,5.000,2000-01-01 00:30:10,3,run/data/m3/debug.log,1517
178,179,admin,12,11.250,10.000,-1.250,5.000,2000-01-01 00:30:30,2,run/data/admin/debug.log,1210
178,179,m1,12,11.250,10.000,-1.250,5.000,2000-01-01 00:30:24,3,run/data/m1/debug.log,6323
178,179,m2,12,11.250,10.000,-1.250,5.000,2000-01-01 00:30:25,3,run/data/m2/debug.log,4168
178,179,m3,12,11.250,10.000,-1.250,5.000,2000-01-01 00:30:25,3,run/data/m3/debug.log,1532
179,180,admin,12,10.667,10.000,-0.667,5.000,2000-01-01 00:30:38,2,run/data/admin/debug.log,1224
179,180,m1,12,10.667,10.000,-0.667,5.000,2000-01-01 00:30:30,3,run/data/m1/debug.log,6416
179,180,m2,12,10.667,10.000,-0.667,5.000,2000-01-01 00:30:31,3,run/data/m2/debug.log,4186
179,180,m3,12,10.667,10.000,-0.667,5.000,2000-01-01 00:30:31,3,run/data/m3/debug.log,1550
180,181,admin,12,10.250,10.000,-0.250,5.000,2000-01-01 00:30:47,2,run/data/admin/debug.log,1238
180,181,m1,12,10.250,10.000,-0.250,5.000,2000-01-01 00:30:37,3,run/data/m1/debug.log,6753
180,181,m2,12,10.250,10.000,-0.250,5.000,2000-01-01 00:30:38,3,run/data/m2/debug.log,4201
180,181,m3,12,10.250,10.000,-0.250,5.000,2000-01-01 00:30:39,3,run/data/m3/debug.log,1565
181,182,admin,12,10.250,10.000,-0.250,5.000,2000-01-01 00:30:56,2,run/data/admin/debug.log,1252
181,182,m1,12,10.250,10.000,-0.250,5.000,2000-01-01 00:30:46,3,run/data/m1/debug.log,6878
181,182,m2,12,10.250,10.000,-0.250,5.000,2000-01-01 00:30:47,3,run/data/m2/debug.log,4216
181,182,m3,12,10.250,10.000,-0.250,5.000,2000-01-01 00:30:47,3,run/data/m3/debug.log,1580
182,183,admin,12,10.250,10.000,-0.250,5.000,2000-01-01 00:31:09,2,run/data/admin/debug.log,1266
182,183,m1,12,10.250,10.000,-0.250,5.000,2000-01-01 00:30:57,3,run/data/m1/debug.log,6893
182,183,m2,12,10.250,10.000,-0.250,5.000,2000-01-01 00:30:56,3,run/data/m2/debug.log,4438
182,183,m3,12,10.250,10.000,-0.250,5.000,2000-01-01 00:30:57,3,run/data/m3/debug.log,1595
183,184,admin,12,10.500,10.000,-0.500,5.000,2000-01-01 00:31:16,2,run/data/admin/debug.log,1280
183,184,m1,12,10.500,10.000,-0.500,5.000,2000-01-01 00:31:08,3,run/data/m1/debug.log,7321
183,184,m2,12,10.500,10.000,-0.500,5.000,2000-01-01 00:31:09,3,run/data/m2/debug.log,4453
183,184,m3,12,10.500,10.000,-0.500,5.000,2000-01-01 00:31:09,3,run/data/m3/debug.log,1610
184,185,admin,12,10.500,10.000,-0.500,5.000,2000-01-01 00:31:28,2,run/data/admin/debug.log,1294
184,185,m1,12,10.500,10.000,-0.500,5.000,2000-01-01 00:31:17,3,run/data/m1/debug.log,7336
184,185,m2,12,10.500,10.000,-0.500,5.000,2000-01-01 00:31:16,3,run/data/m2/debug.log,4561
184,185,m3,12,10.500,10.000,-0.500,5.000,2000-01-01 00:31:17,3,run/data/m3/debug.log,1625
185,186,admin,12,11.000,10.000,-1.000,5.000,2000-01-01 00:31:36,2,run/data/admin/debug.log,1308
185,186,m1,12,11.000,10.000,-1.000,5.000,2000-01-01 00:31:28,3,run/data/m1/debug.log,7612
185,186,m2,12,11.000,10.000,-1.000,5.000,2000-01-01 00:31:29,3,run/data/m2/debug.log,4576
185,186,m3,12,11.000,10.000,-1.000,5.000,2000-01-01 00:31:29,3,run/data/m3/debug.log,1640
186,187,admin,12,10.917,10.000,-0.917,5.000,2000-01-01 00:31:49,2,run/data/admin/debug.log,1322
186,187,m1,12,10.917,10.000,-0.917,5.000,2000-01-01 00:31:37,3,run/data/m1/debug.log,7627
186,187,m2,12,10.917,10.000,-0.917,5.000,2000-01-01 00:31:36,3,run/data/m2/debug.log,4953
186,187,m3,12,10.917,10.000,-0.917,5.000,2000-01-01 00:31:37,3,run/data/m3/debug.log,1655
187,188,admin,12,10.750,10.000,-0.750,5.000,2000-01-01 00:31:56,2,run/data/admin/debug.log,1336
187,188,m1,12,10.750,10.000,-0.750,5.000,2000-01-01 00:31:49,3,run/data/m1/debug.log,8189
187,188,m2,12,10.750,10.000,-0.750,5.000,2000-01-01 00:31:50,3,run/data/m2/debug.log,4968
187,188,m3,12,10.750,10.000,-0.750,5.000,2000-01-01 00:31:50,3,run/data/m3/debug.log,1670
188,189,admin,12,10.167,10.000,-0.167,5.000,2000-01-01 00:32:04,2,run/data/admin/debug.log,1353
188,189,m1,12,10.167,10.000,-0.167,5.000,2000-01-01 00:31:56,3,run/data/m1/debug.log,8221
188,189,m2,12,10.167,10.000,-0.167,5.000,2000-01-01 00:31:57,3,run/data/m2/debug.log,4983
188,189,m3,12,10.167,10.000,-0.167,5.000,2000-01-01 00:31:57,3,run/data/m3/debug.log,1685
189,190,admin,12,9.500,10.000,+0.500,5.000,2000-01-01 00:32:13,2,run/data/admin/debug.log,1367
189,190,m1,12,9.500,10.000,+0.500,5.000,2000-01-01 00:32:03,3,run/data/m1/debug.log,8309
189,190,m2,12,9.500,10.000,+0.500,5.000,2000-01-01 00:32:04,3,run/data/m2/debug.log,4998
189,190,m3,12,9.500,10.000,+0.500,5.000,2000-01-01 00:32:04,3,run/data/m3/debug.log,1700
190,191,admin,12,9.083,10.000,+0.917,5.000,2000-01-01 00:32:21,2,run/data/admin/debug.log,1381
190,191,m1,12,9.083,10.000,+0.917,5.000,2000-01-01 00:32:13,3,run/data/m1/debug.log,8635
190,191,m2,12,9.083,10.000,+0.917,5.000,2000-01-01 00:32:14,3,run/data/m2/debug.log,5013
190,191,m3,12,9.083,10.000,+0.917,5.000,2000-01-01 00:32:14,3,run/data/m3/debug.log,1715
191,192,admin,12,9.250,10.000,+0.750,5.000,2000-01-01 00:32:31,2,run/data/admin/debug.log,1395
191,192,m1,12,9.250,10.000,+0.750,5.000,2000-01-01 00:32:21,3,run/data/m1/debug.log,8922
191,192,m2,12,9.250,10.000,+0.750,5.000,2000-01-01 00:32:22,3,run/data/m2/debug.log,5028
191,192,m3,12,9.250,10.000,+0.750,5.000,2000-01-01 00:32:22,3,run/data/m3/debug.log,1730
192,193,admin,12,9.500,10.000,+0.500,5.000,2000-01-01 00:32:40,2,run/data/admin/debug.log,1409
192,193,m1,12,9.500,10.000,+0.500,5.000,2000-01-01 00:32:31,3,run/data/m1/debug.log,9107
192,193,m2,12,9.500,10.000,+0.500,5.000,2000-01-01 00:32:32,3,run/data/m2/debug.log,5046
192,193,m3,12,9.500,10.000,+0.500,5.000,2000-01-01 00:32:32,3,run/data/m3/debug.log,1748
193,194,admin,12,9.500,10.000,+0.500,5.000,2000-01-01 00:32:50,2,run/data/admin/debug.log,1423
193,194,m1,12,9.500,10.000,+0.500,5.000,2000-01-01 00:32:40,3,run/data/m1/debug.log,9549
193,194,m2,12,9.500,10.000,+0.500,5.000,2000-01-01 00:32:41,3,run/data/m2/debug.log,5061
193,194,m3,12,9.500,10.000,+0.500,5.000,2000-01-01 00:32:41,3,run/data/m3/debug.log,1763
194,195,admin,12,9.417,10.000,+0.583,5.000,2000-01-01 00:32:58,2,run/data/admin/debug.log,1437
194,195,m1,12,9.417,10.000,+0.583,5.000,2000-01-01 00:32:49,3,run/data/m1/debug.log,10199
194,195,m2,12,9.417,10.000,+0.583,5.000,2000-01-01 00:32:50,3,run/data/m2/debug.log,5076
194,195,m3,12,9.417,10.000,+0.583,5.000,2000-01-01 00:32:51,3,run/data/m3/debug.log,1778
195,196,admin,12,9.083,10.000,+0.917,5.000,2000-01-01 00:33:07,2,run/data/admin/debug.log,1451
195,196,m1,12,9.083,10.000,+0.917,5.000,2000-01-01 00:32:57,3,run/data/m1/debug.log,10775
195,196,m2,12,9.083,10.000,+0.917,5.000,2000-01-01 00:32:58,3,run/data/m2/debug.log,5091
195,196,m3,12,9.083,10.000,+0.917,5.000,2000-01-01 00:32:58,3,run/data/m3/debug.log,1793
196,197,admin,12,9.250,10.000,+0.750,5.000,2000-01-01 00:33:14,2,run/data/admin/debug.log,1465
196,197,m1,12,9.250,10.000,+0.750,5.000,2000-01-01 00:33:08,3,run/data/m1/debug.log,10790
196,197,m2,12,9.250,10.000,+0.750,5.000,2000-01-01 00:33:07,3,run/data/m2/debug.log,5808
196,197,m3,12,9.250,10.000,+0.750,5.000,2000-01-01 00:33:08,3,run/data/m3/debug.log,1808
197,198,admin,12,8.833,10.000,+1.167,5.000,2000-01-01 00:33:21,2,run/data/admin/debug.log,1479
197,198,m1,12,8.833,10.000,+1.167,5.000,2000-01-01 00:33:14,3,run/data/m1/debug.log,10837
197,198,m2,12,8.833,10.000,+1.167,5.000,2000-01-01 00:33:15,3,run/data/m2/debug.log,5823
197,198,m3,12,8.833,10.000,+1.167,5.000,2000-01-01 00:33:15,3,run/data/m3/debug.log,1823
198,199,admin,12,8.667,10.000,+1.333,5.000,2000-01-01 00:33:31,2,run/data/admin/debug.log,1493
198,199,m1,12,8.667,10.000,+1.333,5.000,2000-01-01 00:33:20,3,run/data/m1/debug.log,11193
198,199,m2,12,8.667,10.000,+1.333,5.000,2000-01-01 00:33:21,3,run/data/m2/debug.log,5838
198,199,m3,12,8.667,10.000,+1.333,5.000,2000-01-01 00:33:21,3,run/data/m3/debug.log,1838
199,200,admin,12,8.417,10.000,+1.583,5.000,2000-01-01 00:33:46,2,run/data/admin/debug.log,1507
199,200,m1,12,8.417,10.000,+1.583,5.000,2000-01-01 00:33:30,3,run/data/m1/debug.log,11310
199,200,m2,12,8.417,10.000,+1.583,5.000,2000-01-01 00:33:31,3,run/data/m2/debug.log,5853
199,200,m3,12,8.417,10.000,+1.583,5.000,2000-01-01 00:33:31,3,run/data/m3/debug.log,1853
200,201,admin,12,9.167,10.000,+0.833,5.000,2000-01-01 00:33:55,2,run/data/admin/debug.log,1521
200,201,m1,12,9.167,10.000,+0.833,5.000,2000-01-01 00:33:46,3,run/data/m1/debug.log,11822
200,201,m2,12,9.167,10.000,+0.833,5.000,2000-01-01 00:33:47,3,run/data/m2/debug.log,5868
200,201,m3,12,9.167,10.000,+0.833,5.000,2000-01-01 00:33:47,3,run/data/m3/debug.log,1868
201,202,admin,12,9.250,10.000,+0.750,5.000,2000-01-01 00:34:10,2,run/data/admin/debug.log,1539
201,202,m1,12,9.250,10.000,+0.750,5.000,2000-01-01 00:33:54,3,run/data/m1/debug.log,12441
201,202,m2,12,9.250,10.000,+0.750,5.000,2000-01-01 00:33:55,3,run/data/m2/debug.log,5884
201,202,m3,12,9.250,10.000,+0.750,5.000,2000-01-01 00:33:56,3,run/data/m3/debug.log,1884
202,203,admin,12,9.750,10.000,+0.250,5.000,2000-01-01 00:34:18,2,run/data/admin/debug.log,1553
202,203,m1,12,9.750,10.000,+0.250,5.000,2000-01-01 00:34:10,3,run/data/m1/debug.log,12571
202,203,m2,12,9.750,10.000,+0.250,5.000,2000-01-01 00:34:11,3,run/data/m2/debug.log,5899
202,203,m3,12,9.750,10.000,+0.250,5.000,2000-01-01 00:34:11,3,run/data/m3/debug.log,1899
203,204,admin,12,9.667,10.000,+0.333,5.000,2000-01-01 00:34:33,2,run/data/admin/debug.log,1567
203,204,m1,12,9.667,10.000,+0.333,5.000,2000-01-01 00:34:19,3,run/data/m1/debug.log,12586
203,204,m2,12,9.667,10.000,+0.333,5.000,2000-01-01 00:34:17,3,run/data/m2/debug.log,6163
203,204,m3,12,9.667,10.000,+0.333,5.000,2000-01-01 00:34:19,3,run/data/m3/debug.log,1914
204,205,admin,12,10.167,10.000,-0.167,5.000,2000-01-01 00:34:47,5,run/data/admin/debug.log,1581
204,205,m1,12,10.167,10.000,-0.167,5.000,2000-01-01 00:34:34,6,run/data/m1/debug.log,12604
204,205,m2,12,10.167,10.000,-0.167,5.000,2000-01-01 00:34:33,6,run/data/m2/debug.log,6414
204,205,m3,12,10.167,10.000,-0.167,5.000,2000-01-01 00:34:34,6,run/data/m3/debug.log,1932
205,206,admin,12,10.583,10.000,-0.583,5.000,2000-01-01 00:34:56,2,run/data/admin/debug.log,1612
205,206,m1,12,10.583,10.000,-0.583,5.000,2000-01-01 00:34:48,3,run/data/m1/debug.log,12640
205,206,m2,12,10.583,10.000,-0.583,5.000,2000-01-01 00:34:47,3,run/data/m2/debug.log,6829
205,206,m3,12,10.583,10.000,-0.583,5.000,2000-01-01 00:34:47,3,run/data/m3/debug.log,2705
206,207,admin,12,10.583,10.000,-0.583,5.000,2000-01-01 00:35:07,2,run/data/admin/debug.log,1630
206,207,m1,12,10.583,10.000,-0.583,5.000,2000-01-01 00:34:57,3,run/data/m1/debug.log,12659
206,207,m2,12,10.583,10.000,-0.583,5.000,2000-01-01 00:34:57,3,run/data/m2/debug.log,6869
206,207,m3,12,10.583,10.000,-0.583,5.000,2000-01-01 00:34:56,3,run/data/m3/debug.log,2765
207,208,admin,12,10.833,10.000,-0.833,5.000,2000-01-01 00:35:16,2,run/data/admin/debug.log,1644
207,208,m1,12,10.833,10.000,-0.833,5.000,2000-01-01 00:35:08,3,run/data/m1/debug.log,12674
207,208,m2,12,10.833,10.000,-0.833,5.000,2000-01-01 00:35:07,3,run/data/m2/debug.log,7063
207,208,m3,12,10.833,10.000,-0.833,5.000,2000-01-01 00:35:08,3,run/data/m3/debug.log,2780
208,209,admin,12,10.750,10.000,-0.750,5.000,2000-01-01 00:35:27,2,run/data/admin/debug.log,1658
208,209,m1,12,10.750,10.000,-0.750,5.000,2000-01-01 00:35:16,3,run/data/m1/debug.log,13241
208,209,m2,12,10.750,10.000,-0.750,5.000,2000-01-01 00:35:17,3,run/data/m2/debug.log,7078
208,209,m3,12,10.750,10.000,-0.750,5.000,2000-01-01 00:35:17,3,run/data/m3/debug.log,2795
209,210,admin,12,11.083,10.000,-1.083,5.000,2000-01-01 00:35:43,2,run/data/admin/debug.log,1672
209,210,m1,12,11.083,10.000,-1.083,5.000,2000-01-01 00:35:27,3,run/data/m1/debug.log,13740
209,210,m2,12,11.083,10.000,-1.083,5.000,2000-01-01 00:35:28,3,run/data/m2/debug.log,7093
209,210,m3,12,11.083,10.000,-1.083,5.000,2000-01-01 00:35:28,3,run/data/m3/debug.log,2810
210,211,admin,12,11.833,10.000,-1.833,5.000,2000-01-01 00:35:57,2,run/data/admin/debug.log,1686
210,211,m1,12,11.833,10.000,-1.833,5.000,2000-01-01 00:35:42,3,run/data/m1/debug.log,14070
210,211,m2,12,11.833,10.000,-1.833,5.000,2000-01-01 00:35:43,3,run/data/m2/debug.log,7108
210,211,m3,12,11.833,10.000,-1.833,5.000,2000-01-01 00:35:43,3,run/data/m3/debug.log,2825
211,212,admin,12,12.250,10.000,-2.250,5.000,2000-01-01 00:36:07,2,run/data/admin/debug.log,1703
211,212,m1,12,12.250,10.000,-2.250,5.000,2000-01-01 00:35:57,3,run/data/m1/debug.log,14807
211,212,m2,12,12.250,10.000,-2.250,5.000,2000-01-01 00:35:57,3,run/data/m2/debug.log,7123
211,212,m3,12,12.250,10.000,-2.250,5.000,2000-01-01 00:35:58,3,run/data/m3/debug.log,2840
212,213,admin,12,11.750,10.000,-1.750,5.000,2000-01-01 00:36:20,2,run/data/admin/debug.log,1717
212,213,m1,12,11.750,10.000,-1.750,5.000,2000-01-01 00:36:07,3,run/data/m1/debug.log,14835
212,213,m2,12,11.750,10.000,-1.750,5.000,2000-01-01 00:36:07,3,run/data/m2/debug.log,7138
212,213,m3,12,11.750,10.000,-1.750,5.000,2000-01-01 00:36:08,3,run/data/m3/debug.log,2855
213,214,admin,12,12.167,10.000,-2.167,5.000,2000-01-01 00:36:34,2,run/data/admin/debug.log,1731
213,214,m1,12,12.167,10.000,-2.167,5.000,2000-01-01 00:36:20,3,run/data/m1/debug.log,15336
213,214,m2,12,12.167,10.000,-2.167,5.000,2000-01-01 00:36:21,3,run/data/m2/debug.log,7153
213,214,m3,12,12.167,10.000,-2.167,5.000,2000-01-01 00:36:21,3,run/data/m3/debug.log,2870
214,215,admin,12,12.000,10.000,-2.000,5.000,2000-01-01 00:36:41,2,run/data/admin/debug.log,1745
214,215,m1,12,12.000,10.000,-2.000,5.000,2000-01-01 00:36:34,3,run/data/m1/debug.log,15621
214,215,m2,12,12.000,10.000,-2.000,5.000,2000-01-01 00:36:35,3,run/data/m2/debug.log,7171
214,215,m3,12,12.000,10.000,-2.000,5.000,2000-01-01 00:36:35,3,run/data/m3/debug.log,2888
215,216,admin,12,12.000,10.000,-2.000,5.000,2000-01-01 00:36:49,2,run/data/admin/debug.log,1759
215,216,m1,12,12.000,10.000,-2.000,5.000,2000-01-01 00:36:41,3,run/data/m1/debug.log,15848
215,216,m2,12,12.000,10.000,-2.000,5.000,2000-01-01 00:36:41,3,run/data/m2/debug.log,7186
215,216,m3,12,12.000,10.000,-2.000,5.000,2000-01-01 00:36:42,3,run/data/m3/debug.log,2903
216,217,admin,12,11.250,10.000,-1.250,5.000,2000-01-01 00:36:58,5,run/data/admin/debug.log,1773
216,217,m1,12,11.250,10.000,-1.250,5.000,2000-01-01 00:36:48,6,run/data/m1/debug.log,15891
216,217,m2,12,11.250,10.000,-1.250,5.000,2000-01-01 00:36:49,6,run/data/m2/debug.log,7201
216,217,m3,12,11.250,10.000,-1.250,5.000,2000-01-01 00:36:49,6,run/data/m3/debug.log,2918
217,218,admin,12,10.917,10.000,-0.917,5.000,2000-01-01 00:37:07,2,run/data/admin/debug.log,1803
217,218,m1,12,10.917,10.000,-0.917,5.000,2000-01-01 00:36:58,3,run/data/m1/debug.log,15997
217,218,m2,12,10.917,10.000,-0.917,5.000,2000-01-01 00:36:58,3,run/data/m2/debug.log,7621
217,218,m3,12,10.917,10.000,-0.917,5.000,2000-01-01 00:36:59,3,run/data/m3/debug.log,2949
218,219,admin,12,10.917,10.000,-0.917,5.000,2000-01-01 00:37:15,2,run/data/admin/debug.log,1817
218,219,m1,12,10.917,10.000,-0.917,5.000,2000-01-01 00:37:08,3,run/data/m1/debug.log,16032
218,219,m2,12,10.917,10.000,-0.917,5.000,2000-01-01 00:37:07,3,run/data/m2/debug.log,7690
218,219,m3,12,10.917,10.000,-0.917,5.000,2000-01-01 00:37:08,3,run/data/m3/debug.log,2964
219,220,admin,12,10.667,10.000,-0.667,5.000,2000-01-01 00:37:29,2,run/data/admin/debug.log,1831
219,220,m1,12,10.667,10.000,-0.667,5.000,2000-01-01 00:37:15,3,run/data/m1/debug.log,16058
219,220,m2,12,10.667,10.000,-0.667,5.000,2000-01-01 00:37:16,3,run/data/m2/debug.log,7707
219,220,m3,12,10.667,10.000,-0.667,5.000,2000-01-01 00:37:16,3,run/data/m3/debug.log,2979
220,221,admin,12,11.083,10.000,-1.083,5.000,2000-01-01 00:37:36,2,run/data/admin/debug.log,1845
220,221,m1,12,11.083,10.000,-1.083,5.000,2000-01-01 00:37:29,3,run/data/m1/debug.log,16129
220,221,m2,12,11.083,10.000,-1.083,5.000,2000-01-01 00:37:30,3,run/data/m2/debug.log,7722
220,221,m3,12,11.083,10.000,-1.083,5.000,2000-01-01 00:37:30,3,run/data/m3/debug.log,2994
221,222,admin,12,10.750,10.000,-0.750,5.000,2000-01-01 00:37:51,2,run/data/admin/debug.log,1859
221,222,m1,12,10.750,10.000,-0.750,5.000,2000-01-01 00:37:36,3,run/data/m1/debug.log,16270
221,222,m2,12,10.750,10.000,-0.750,5.000,2000-01-01 00:37:37,3,run/data/m2/debug.log,7737
221,222,m3,12,10.750,10.000,-0.750,5.000,2000-01-01 00:37:37,3,run/data/m3/debug.log,3009
222,223,admin,12,10.750,10.000,-0.750,5.000,2000-01-01 00:38:03,2,run/data/admin/debug.log,1876
222,223,m1,12,10.750,10.000,-0.750,5.000,2000-01-01 00:37:51,3,run/data/m1/debug.log,16738
222,223,m2,12,10.750,10.000,-0.750,5.000,2000-01-01 00:37:52,3,run/data/m2/debug.log,7752
222,223,m3,12,10.750,10.000,-0.750,5.000,2000-01-01 00:37:52,3,run/data/m3/debug.log,3024
223,224,admin,12,10.417,10.000,-0.417,5.000,2000-01-01 00:38:12,2,run/data/admin/debug.log,1890
223,224,m1,12,10.417,10.000,-0.417,5.000,2000-01-01 00:38:02,3,run/data/m1/debug.log,16896
223,224,m2,12,10.417,10.000,-0.417,5.000,2000-01-01 00:38:03,3,run/data/m2/debug.log,7767
223,224,m3,12,10.417,10.000,-0.417,5.000,2000-01-01 00:38:03,3,run/data/m3/debug.log,3039
224,225,admin,12,10.417,10.000,-0.417,5.000,2000-01-01 00:38:24,2,run/data/admin/debug.log,1904
224,225,m1,12,10.417,10.000,-0.417,5.000,2000-01-01 00:38:12,3,run/data/m1/debug.log,16961
224,225,m2,12,10.417,10.000,-0.417,5.000,2000-01-01 00:38:13,3,run/data/m2/debug.log,7782
224,225,m3,12,10.417,10.000,-0.417,5.000,2000-01-01 00:38:13,3,run/data/m3/debug.log,3054
225,226,admin,12,10.333,10.000,-0.333,5.000,2000-01-01 00:38:30,2,run/data/admin/debug.log,1918
225,226,m1,12,10.333,10.000,-0.333,5.000,2000-01-01 00:38:24,3,run/data/m1/debug.log,16976
225,226,m2,12,10.333,10.000,-0.333,5.000,2000-01-01 00:38:24,3,run/data/m2/debug.log,8008
225,226,m3,12,10.333,10.000,-0.333,5.000,2000-01-01 00:38:25,3,run/data/m3/debug.log,3069
226,227,admin,12,9.667,10.000,+0.333,5.000,2000-01-01 00:38:45,2,run/data/admin/debug.log,1932
226,227,m1,12,9.667,10.000,+0.333,5.000,2000-01-01 00:38:30,3,run/data/m1/debug.log,17069
226,227,m2,12,9.667,10.000,+0.333,5.000,2000-01-01 00:38:30,3,run/data/m2/debug.log,8026
226,227,m3,12,9.667,10.000,+0.333,5.000,2000-01-01 00:38:31,3,run/data/m3/debug.log,3087
227,228,admin,12,10.167,10.000,-0.167,5.000,2000-01-01 00:38:52,2,run/data/admin/debug.log,1946
227,228,m1,12,10.167,10.000,-0.167,5.000,2000-01-01 00:38:43,3,run/data/m1/debug.log,17390
227,228,m2,12,10.167,10.000,-0.167,5.000,2000-01-01 00:38:44,3,run/data/m2/debug.log,8041
227,228,m3,12,10.167,10.000,-0.167,5.000,2000-01-01 00:38:44,3,run/data/m3/debug.log,3102
228,229,admin,12,10.333,10.000,-0.333,5.000,2000-01-01 00:39:01,5,run/data/admin/debug.log,1960
228,229,m1,12,10.333,10.000,-0.333,5.000,2000-01-01 00:38:52,6,run/data/m1/debug.log,17808
228,229,m2,12,10.333,10.000,-0.333,5.000,2000-01-01 00:38:52,6,run/data/m2/debug.log,8056
228,229,m3,12,10.333,10.000,-0.333,5.000,2000-01-01 00:38:53,6,run/data/m3/debug.log,3117
229,230,admin,12,10.167,10.000,-0.167,5.000,2000-01-01 00:39:08,2,run/data/admin/debug.log,1990
229,230,m1,12,10.167,10.000,-0.167,5.000,2000-01-01 00:39:00,3,run/data/m1/debug.log,18055
229,230,m2,12,10.167,10.000,-0.167,5.000,2000-01-01 00:39:01,3,run/data/m2/debug.log,8087
229,230,m3,12,10.167,10.000,-0.167,5.000,2000-01-01 00:39:00,3,run/data/m3/debug.log,3310
230,231,admin,12,10.083,10.000,-0.083,5.000,2000-01-01 00:39:18,2,run/data/admin/debug.log,2004
230,231,m1,12,10.083,10.000,-0.083,5.000,2000-01-01 00:39:09,3,run/data/m1/debug.log,18090
230,231,m2,12,10.083,10.000,-0.083,5.000,2000-01-01 00:39:08,3,run/data/m2/debug.log,8128
230,231,m3,12,10.083,10.000,-0.083,5.000,2000-01-01 00:39:09,3,run/data/m3/debug.log,3341
231,232,admin,12,10.250,10.000,-0.250,5.000,2000-01-01 00:39:28,2,run/data/admin/debug.log,2018
231,232,m1,12,10.250,10.000,-0.250,5.000,2000-01-01 00:39:18,3,run/data/m1/debug.log,18281
231,232,m2,12,10.250,10.000,-0.250,5.000,2000-01-01 00:39:19,3,run/data/m2/debug.log,8143
231,232,m3,12,10.250,10.000,-0.250,5.000,2000-01-01 00:39:19,3,run/data/m3/debug.log,3356
232,233,admin,12,9.917,10.000,+0.083,5.000,2000-01-01 00:39:43,5,run/data/admin/debug.log,2032
232,233,m1,12,9.917,10.000,+0.083,5.000,2000-01-01 00:39:29,6,run/data/m1/debug.log,18296
232,233,m2,12,9.917,10.000,+0.083,5.000,2000-01-01 00:39:28,6,run/data/m2/debug.log,8526
232,233,m3,12,9.917,10.000,+0.083,5.000,2000-01-01 00:39:29,6,run/data/m3/debug.log,3371
233,234,admin,12,10.583,10.000,-0.583,5.000,2000-01-01 00:39:52,2,run/data/admin/debug.log,2062
233,234,m1,12,10.583,10.000,-0.583,5.000,2000-01-01 00:39:43,3,run/data/m1/debug.log,18933
233,234,m2,12,10.583,10.000,-0.583,5.000,2000-01-01 00:39:43,3,run/data/m2/debug.log,8595
233,234,m3,12,10.583,10.000,-0.583,5.000,2000-01-01 00:39:44,3,run/data/m3/debug.log,3402
234,235,admin,12,10.083,10.000,-0.083,5.000,2000-01-01 00:40:02,2,run/data/admin/debug.log,2083
234,235,m1,12,10.083,10.000,-0.083,5.000,2000-01-01 00:39:52,3,run/data/m1/debug.log,19059
234,235,m2,12,10.083,10.000,-0.083,5.000,2000-01-01 00:39:53,3,run/data/m2/debug.log,8630
234,235,m3,12,10.083,10.000,-0.083,5.000,2000-01-01 00:39:53,3,run/data/m3/debug.log,3421
235,236,admin,12,10.000,10.000,+0.000,5.000,2000-01-01 00:40:17,2,run/data/admin/debug.log,2097
235,236,m1,12,10.000,10.000,+0.000,5.000,2000-01-01 00:40:03,3,run/data/m1/debug.log,19074
235,236,m2,12,10.000,10.000,+0.000,5.000,2000-01-01 00:40:02,3,run/data/m2/debug.log,8903
235,236,m3,12,10.000,10.000,+0.000,5.000,2000-01-01 00:40:03,3,run/data/m3/debug.log,3436
236,237,admin,12,10.417,10.000,-0.417,5.000,2000-01-01 00:40:32,2,run/data/admin/debug.log,2111
236,237,m1,12,10.417,10.000,-0.417,5.000,2000-01-01 00:40:19,3,run/data/m1/debug.log,19089
236,237,m2,12,10.417,10.000,-0.417,5.000,2000-01-01 00:40:17,3,run/data/m2/debug.log,9810
236,237,m3,12,10.417,10.000,-0.417,5.000,2000-01-01 00:40:18,3,run/data/m3/debug.log,3451
237,238,admin,12,10.583,10.000,-0.583,5.000,2000-01-01 00:40:40,2,run/data/admin/debug.log,2125
237,238,m1,12,10.583,10.000,-0.583,5.000,2000-01-01 00:40:33,3,run/data/m1/debug.log,19107
237,238,m2,12,10.583,10.000,-0.583,5.000,2000-01-01 00:40:31,3,run/data/m2/debug.log,9833
237,238,m3,12,10.583,10.000,-0.583,5.000,2000-01-01 00:40:33,3,run/data/m3/debug.log,3469
238,239,admin,12,10.750,10.000,-0.750,5.000,2000-01-01 00:40:51,2,run/data/admin/debug.log,2139
238,239,m1,12,10.750,10.000,-0.750,5.000,2000-01-01 00:40:41,3,run/data/m1/debug.log,19122
238,239,m2,12,10.750,10.000,-0.750,5.000,2000-01-01 00:40:39,3,run/data/m2/debug.log,9876
238,239,m3,12,10.750,10.000,-0.750,5.000,2000-01-01 00:40:40,3,run/data/m3/debug.log,3484
239,240,admin,12,10.667,10.000,-0.667,5.000,2000-01-01 00:41:01,2,run/data/admin/debug.log,2153
239,240,m1,12,10.667,10.000,-0.667,5.000,2000-01-01 00:40:53,3,run/data/m1/debug.log,19137
239,240,m2,12,10.667,10.000,-0.667,5.000,2000-01-01 00:40:51,3,run/data/m2/debug.log,10015
239,240,m3,12,10.667,10.000,-0.667,5.000,2000-01-01 00:40:53,3,run/data/m3/debug.log,3499
240,241,admin,12,10.667,10.000,-0.667,5.000,2000-01-01 00:41:16,2,run/data/admin/debug.log,2167
240,241,m1,12,10.667,10.000,-0.667,5.000,2000-01-01 00:41:00,3,run/data/m1/debug.log,19165
240,241,m2,12,10.667,10.000,-0.667,5.000,2000-01-01 00:41:01,3,run/data/m2/debug.log,10030
240,241,m3,12,10.667,10.000,-0.667,5.000,2000-01-01 00:41:01,3,run/data/m3/debug.log,3514
241,242,admin,12,11.333,10.000,-1.333,5.000,2000-01-01 00:41:23,2,run/data/admin/debug.log,2181
241,242,m1,12,11.333,10.000,-1.333,5.000,2000-01-01 00:41:16,3,run/data/m1/debug.log,19869
241,242,m2,12,11.333,10.000,-1.333,5.000,2000-01-01 00:41:17,3,run/data/m2/debug.log,10045
241,242,m3,12,11.333,10.000,-1.333,5.000,2000-01-01 00:41:17,3,run/data/m3/debug.log,3529
242,243,admin,12,11.250,10.000,-1.250,5.000,2000-01-01 00:41:37,2,run/data/admin/debug.log,2195
242,243,m1,12,11.250,10.000,-1.250,5.000,2000-01-01 00:41:25,3,run/data/m1/debug.log,19884
242,243,m2,12,11.250,10.000,-1.250,5.000,2000-01-01 00:41:23,3,run/data/m2/debug.log,10790
242,243,m3,12,11.250,10.000,-1.250,5.000,2000-01-01 00:41:24,3,run/data/m3/debug.log,3544
243,244,admin,12,11.500,10.000,-1.500,5.000,2000-01-01 00:41:46,2,run/data/admin/debug.log,2209
243,244,m1,12,11.500,10.000,-1.500,5.000,2000-01-01 00:41:38,3,run/data/m1/debug.log,19899
243,244,m2,12,11.500,10.000,-1.500,5.000,2000-01-01 00:41:36,3,run/data/m2/debug.log,10897
243,244,m3,12,11.500,10.000,-1.500,5.000,2000-01-01 00:41:38,3,run/data/m3/debug.log,3559
244,245,admin,12,11.417,10.000,-1.417,5.000,2000-01-01 00:41:52,2,run/data/admin/debug.log,2223
244,245,m1,12,11.417,10.000,-1.417,5.000,2000-01-01 00:41:47,3,run/data/m1/debug.log,19914
244,245,m2,12,11.417,10.000,-1.417,5.000,2000-01-01 00:41:46,3,run/data/m2/debug.log,10912
244,245,m3,12,11.417,10.000,-1.417,5.000,2000-01-01 00:41:45,3,run/data/m3/debug.log,3789
245,246,admin,12,10.750,10.000,-0.750,5.000,2000-01-01 00:42:03,2,run/data/admin/debug.log,2240
245,246,m1,12,10.750,10.000,-0.750,5.000,2000-01-01 00:41:53,3,run/data/m1/debug.log,19929
245,246,m2,12,10.750,10.000,-0.750,5.000,2000-01-01 00:41:53,3,run/data/m2/debug.log,10927
245,246,m3,12,10.750,10.000,-0.750,5.000,2000-01-01 00:41:52,3,run/data/m3/debug.log,3844
246,247,admin,12,10.917,10.000,-0.917,5.000,2000-01-01 00:42:16,2,run/data/admin/debug.log,2254
246,247,m1,12,10.917,10.000,-0.917,5.000,2000-01-01 00:42:03,3,run/data/m1/debug.log,20201
246,247,m2,12,10.917,10.000,-0.917,5.000,2000-01-01 00:42:04,3,run/data/m2/debug.log,10942
246,247,m3,12,10.917,10.000,-0.917,5.000,2000-01-01 00:42:04,3,run/data/m3/debug.log,3859
247,248,admin,12,11.083,10.000,-1.083,5.000,2000-01-01 00:42:29,2,run/data/admin/debug.log,2268
247,248,m1,12,11.083,10.000,-1.083,5.000,2000-01-01 00:42:15,3,run/data/m1/debug.log,20453
247,248,m2,12,11.083,10.000,-1.083,5.000,2000-01-01 00:42:16,3,run/data/m2/debug.log,10957
247,248,m3,12,11.083,10.000,-1.083,5.000,2000-01-01 00:42:16,3,run/data/m3/debug.log,3874
248,249,admin,12,10.917,10.000,-0.917,5.000,2000-01-01 00:42:41,2,run/data/admin/debug.log,2282
248,249,m1,12,10.917,10.000,-0.917,5.000,2000-01-01 00:42:28,3,run/data/m1/debug.log,20864
248,249,m2,12,10.917,10.000,-0.917,5.000,2000-01-01 00:42:29,3,run/data/m2/debug.log,10972
248,249,m3,12,10.917,10.000,-0.917,5.000,2000-01-01 00:42:29,3,run/data/m3/debug.log,3889
249,250,admin,12,10.750,10.000,-0.750,5.000,2000-01-01 00:42:55,2,run/data/admin/debug.log,2296
249,250,m1,12,10.750,10.000,-0.750,5.000,2000-01-01 00:42:40,3,run/data/m1/debug.log,20885
249,250,m2,12,10.750,10.000,-0.750,5.000,2000-01-01 00:42:41,3,run/data/m2/debug.log,10990
249,250,m3,12,10.750,10.000,-0.750,5.000,2000-01-01 00:42:41,3,run/data/m3/debug.log,3907
250,251,admin,12,11.333,10.000,-1.333,5.000,2000-01-01 00:43:09,2,run/data/admin/debug.log,2310
250,251,m1,12,11.333,10.000,-1.333,5.000,2000-01-01 00:42:55,3,run/data/m1/debug.log,21430
250,251,m2,12,11.333,10.000,-1.333,5.000,2000-01-01 00:42:56,3,run/data/m2/debug.log,11005
250,251,m3,12,11.333,10.000,-1.333,5.000,2000-01-01 00:42:56,3,run/data/m3/debug.log,3922
251,252,admin,12,11.500,10.000,-1.500,5.000,2000-01-01 00:43:24,2,run/data/admin/debug.log,2324
251,252,m1,12,11.500,10.000,-1.500,5.000,2000-01-01 00:43:10,3,run/data/m1/debug.log,21445
251,252,m2,12,11.500,10.000,-1.500,5.000,2000-01-01 00:43:09,3,run/data/m2/debug.log,11145
251,252,m3,12,11.500,10.000,-1.500,5.000,2000-01-01 00:43:10,3,run/data/m3/debug.log,3937
252,253,admin,12,11.917,10.000,-1.917,5.000,2000-01-01 00:43:29,2,run/data/admin/debug.log,2338
252,253,m1,12,11.917,10.000,-1.917,5.000,2000-01-01 00:43:23,3,run/data/m1/debug.log,21532
252,253,m2,12,11.917,10.000,-1.917,5.000,2000-01-01 00:43:24,3,run/data/m2/debug.log,11160
252,253,m3,12,11.917,10.000,-1.917,5.000,2000-01-01 00:43:24,3,run/data/m3/debug.log,3952
253,254,admin,12,11.083,10.000,-1.083,5.000,2000-01-01 00:43:38,2,run/data/admin/debug.log,2352
253,254,m1,12,11.083,10.000,-1.083,5.000,2000-01-01 00:43:29,3,run/data/m1/debug.log,21629
253,254,m2,12,11.083,10.000,-1.083,5.000,2000-01-01 00:43:30,3,run/data/m2/debug.log,11175
253,254,m3,12,11.083,10.000,-1.083,5.000,2000-01-01 00:43:30,3,run/data/m3/debug.log,3967
254,255,admin,12,11.167,10.000,-1.167,5.000,2000-01-01 00:43:45,2,run/data/admin/debug.log,2366
254,255,m1,12,11.167,10.000,-1.167,5.000,2000-01-01 00:43:39,3,run/data/m1/debug.log,21644
254,255,m2,12,11.167,10.000,-1.167,5.000,2000-01-01 00:43:37,3,run/data/m2/debug.log,11332
254,255,m3,12,11.167,10.000,-1.167,5.000,2000-01-01 00:43:39,3,run/data/m3/debug.log,3982
255,256,admin,12,10.667,10.000,-0.667,5.000,2000-01-01 00:43:56,2,run/data/admin/debug.log,2380
255,256,m1,12,10.667,10.000,-0.667,5.000,2000-01-01 00:43:44,3,run/data/m1/debug.log,22310
255,256,m2,12,10.667,10.000,-0.667,5.000,2000-01-01 00:43:45,3,run/data/m2/debug.log,11347
255,256,m3,12,10.667,10.000,-0.667,5.000,2000-01-01 00:43:45,3,run/data/m3/debug.log,3997
256,257,admin,12,10.833,10.000,-0.833,5.000,2000-01-01 00:44:11,5,run/data/admin/debug.log,2397
256,257,m1,12,10.833,10.000,-0.833,5.000,2000-01-01 00:43:55,6,run/data/m1/debug.log,22378
256,257,m2,12,10.833,10.000,-0.833,5.000,2000-01-01 00:43:56,6,run/data/m2/debug.log,11362
256,257,m3,12,10.833,10.000,-0.833,5.000,2000-01-01 00:43:56,6,run/data/m3/debug.log,4012
257,258,admin,12,11.500,10.000,-1.500,5.000,2000-01-01 00:44:24,2,run/data/admin/debug.log,2427
257,258,m1,12,11.500,10.000,-1.500,5.000,2000-01-01 00:44:11,3,run/data/m1/debug.log,22393
257,258,m2,12,11.500,10.000,-1.500,5.000,2000-01-01 00:44:10,3,run/data/m2/debug.log,11511
257,258,m3,12,11.583,10.000,-1.583,5.000,2000-01-01 00:44:11,3,run/data/m3/debug.log,4406
258,259,admin,12,11.750,10.000,-1.750,5.000,2000-01-01 00:44:36,2,run/data/admin/debug.log,2441
258,259,m1,12,11.750,10.000,-1.750,5.000,2000-01-01 00:44:25,3,run/data/m1/debug.log,22424
258,259,m2,12,11.750,10.000,-1.750,5.000,2000-01-01 00:44:24,3,run/data/m2/debug.log,12126
258,259,m3,12,11.750,10.000,-1.750,5.000,2000-01-01 00:44:25,3,run/data/m3/debug.log,4441
259,260,admin,12,11.750,10.000,-1.750,5.000,2000-01-01 00:44:46,2,run/data/admin/debug.log,2455
259,260,m1,12,11.750,10.000,-1.750,5.000,2000-01-01 00:44:36,3,run/data/m1/debug.log,22499
259,260,m2,12,11.750,10.000,-1.750,5.000,2000-01-01 00:44:37,3,run/data/m2/debug.log,12144
259,260,m3,12,11.750,10.000,-1.750,5.000,2000-01-01 00:44:37,3,run/data/m3/debug.log,4459
260,261,admin,12,11.500,10.000,-1.500,5.000,2000-01-01 00:44:59,2,run/data/admin/debug.log,2469
260,261,m1,12,11.500,10.000,-1.500,5.000,2000-01-01 00:44:46,3,run/data/m1/debug.log,22930
260,261,m2,12,11.500,10.000,-1.500,5.000,2000-01-01 00:44:47,3,run/data/m2/debug.log,12159
260,261,m3,12,11.500,10.000,-1.500,5.000,2000-01-01 00:44:47,3,run/data/m3/debug.log,4474
261,262,admin,12,11.583,10.000,-1.583,5.000,2000-01-01 00:45:14,2,run/data/admin/debug.log,2483
261,262,m1,12,11.583,10.000,-1.583,5.000,2000-01-01 00:44:59,3,run/data/m1/debug.log,22958
261,262,m2,12,11.583,10.000,-1.583,5.000,2000-01-01 00:45:00,3,run/data/m2/debug.log,12174
261,262,m3,12,11.583,10.000,-1.583,5.000,2000-01-01 00:45:00,3,run/data/m3/debug.log,4489
262,263,admin,12,11.250,10.000,-1.250,5.000,2000-01-01 00:45:17,2,run/data/admin/debug.log,2497
262,263,m1,12,11.250,10.000,-1.250,5.000,2000-01-01 00:45:10,3,run/data/m1/debug.log,23228
262,263,m2,12,11.250,10.000,-1.250,5.000,2000-01-01 00:45:11,3,run/data/m2/debug.log,12189
262,263,m3,12,11.250,10.000,-1.250,5.000,2000-01-01 00:45:11,3,run/data/m3/debug.log,4504
263,264,admin,12,10.667,10.000,-0.667,5.000,2000-01-01 00:45:27,2,run/data/admin/debug.log,2511
263,264,m1,12,10.667,10.000,-0.667,5.000,2000-01-01 00:45:17,3,run/data/m1/debug.log,23288
263,264,m2,12,10.667,10.000,-0.667,5.000,2000-01-01 00:45:18,3,run/data/m2/debug.log,12204
263,264,m3,12,10.667,10.000,-0.667,5.000,2000-01-01 00:45:18,3,run/data/m3/debug.log,4519
264,265,admin,12,10.333,10.000,-0.333,5.000,2000-01-01 00:45:41,2,run/data/admin/debug.log,2525
264,265,m1,12,10.333,10.000,-0.333,5.000,2000-01-01 00:45:27,3,run/data/m1/debug.log,23581
264,265,m2,12,10.333,10.000,-0.333,5.000,2000-01-01 00:45:27,3,run/data/m2/debug.log,12219
264,265,m3,12,10.333,10.000,-0.333,5.000,2000-01-01 00:45:28,3,run/data/m3/debug.log,4534
265,266,admin,12,11.000,10.000,-1.000,5.000,2000-01-01 00:45:56,2,run/data/admin/debug.log,2539
265,266,m1,12,11.000,10.000,-1.000,5.000,2000-01-01 00:45:41,3,run/data/m1/debug.log,23788
265,266,m2,12,11.000,10.000,-1.000,5.000,2000-01-01 00:45:42,3,run/data/m2/debug.log,12234
265,266,m3,12,11.000,10.000,-1.000,5.000,2000-01-01 00:45:42,3,run/data/m3/debug.log,4549
266,267,admin,12,11.500,10.000,-1.500,5.000,2000-01-01 00:46:05,2,run/data/admin/debug.log,2556
266,267,m1,12,11.500,10.000,-1.500,5.000,2000-01-01 00:45:55,3,run/data/m1/debug.log,24283
266,267,m2,12,11.500,10.000,-1.500,5.000,2000-01-01 00:45:56,3,run/data/m2/debug.log,12249
266,267,m3,12,11.500,10.000,-1.500,5.000,2000-01-01 00:45:56,3,run/data/m3/debug.log,4564
267,268,admin,12,11.750,10.000,-1.750,5.000,2000-01-01 00:46:15,2,run/data/admin/debug.log,2570
267,268,m1,12,11.750,10.000,-1.750,5.000,2000-01-01 00:46:05,3,run/data/m1/debug.log,24665
267,268,m2,12,11.750,10.000,-1.750,5.000,2000-01-01 00:46:06,3,run/data/m2/debug.log,12264
267,268,m3,12,11.750,10.000,-1.750,5.000,2000-01-01 00:46:06,3,run/data/m3/debug.log,4579
268,269,admin,12,11.667,10.000,-1.667,5.000,2000-01-01 00:46:24,2,run/data/admin/debug.log,2584
268,269,m1,12,11.667,10.000,-1.667,5.000,2000-01-01 00:46:15,3,run/data/m1/debug.log,24781
268,269,m2,12,11.667,10.000,-1.667,5.000,2000-01-01 00:46:16,3,run/data/m2/debug.log,12279
268,269,m3,12,11.667,10.000,-1.667,5.000,2000-01-01 00:46:16,3,run/data/m3/debug.log,4594
269,270,admin,12,11.167,10.000,-1.167,5.000,2000-01-01 00:46:38,2,run/data/admin/debug.log,2598
269,270,m1,12,11.167,10.000,-1.167,5.000,2000-01-01 00:46:24,3,run/data/m1/debug.log,24832
269,270,m2,12,11.167,10.000,-1.167,5.000,2000-01-01 00:46:25,3,run/data/m2/debug.log,12294
269,270,m3,12,11.167,10.000,-1.167,5.000,2000-01-01 00:46:25,3,run/data/m3/debug.log,4609
270,271,admin,12,11.083,10.000,-1.083,5.000,2000-01-01 00:46:43,2,run/data/admin/debug.log,2612
270,271,m1,12,11.083,10.000,-1.083,5.000,2000-01-01 00:46:37,3,run/data/m1/debug.log,24916
270,271,m2,12,11.083,10.000,-1.083,5.000,2000-01-01 00:46:38,3,run/data/m2/debug.log,12312
270,271,m3,12,11.083,10.000,-1.083,5.000,2000-01-01 00:46:38,3,run/data/m3/debug.log,4627
271,272,admin,12,10.583,10.000,-0.583,5.000,2000-01-01 00:46:50,2,run/data/admin/debug.log,2626
271,272,m1,12,10.583,10.000,-0.583,5.000,2000-01-01 00:46:43,3,run/data/m1/debug.log,25088
271,272,m2,12,10.583,10.000,-0.583,5.000,2000-01-01 00:46:43,3,run/data/m2/debug.log,12327
271,272,m3,12,10.583,10.000,-0.583,5.000,2000-01-01 00:46:43,3,run/data/m3/debug.log,4642
272,273,admin,12,10.250,10.000,-0.250,5.000,2000-01-01 00:47:03,2,run/data/admin/debug.log,2640
272,273,m1,12,10.250,10.000,-0.250,5.000,2000-01-01 00:46:49,3,run/data/m1/debug.log,25334
272,273,m2,12,10.250,10.000,-0.250,5.000,2000-01-01 00:46:50,3,run/data/m2/debug.log,12342
272,273,m3,12,10.250,10.000,-0.250,5.000,2000-01-01 00:46:50,3,run/data/m3/debug.log,4657
273,274,admin,12,10.250,10.000,-0.250,5.000,2000-01-01 00:47:17,5,run/data/admin/debug.log,2654
273,274,m1,12,10.250,10.000,-0.250,5.000,2000-01-01 00:47:02,6,run/data/m1/debug.log,25380
273,274,m2,12,10.250,10.000,-0.250,5.000,2000-01-01 00:47:03,6,run/data/m2/debug.log,12357
273,274,m3,12,10.250,10.000,-0.250,5.000,2000-01-01 00:47:03,6,run/data/m3/debug.log,4672
274,275,admin,12,10.500,10.000,-0.500,5.000,2000-01-01 00:47:23,2,run/data/admin/debug.log,2684
274,275,m1,12,10.583,10.000,-0.583,5.000,2000-01-01 00:47:17,3,run/data/m1/debug.log,25526
274,275,m2,12,10.500,10.000,-0.500,5.000,2000-01-01 00:47:16,3,run/data/m2/debug.log,12645
274,275,m3,12,10.500,10.000,-0.500,5.000,2000-01-01 00:47:18,3,run/data/m3/debug.log,4703
275,276,admin,12,10.500,10.000,-0.500,5.000,2000-01-01 00:47:30,2,run/data/admin/debug.log,2698
275,276,m1,12,10.500,10.000,-0.500,5.000,2000-01-01 00:47:23,3,run/data/m1/debug.log,25561
275,276,m2,12,10.500,10.000,-0.500,5.000,2000-01-01 00:47:23,3,run/data/m2/debug.log,13538
275,276,m3,12,10.500,10.000,-0.500,5.000,2000-01-01 00:47:24,3,run/data/m3/debug.log,4718
276,277,admin,12,10.250,10.000,-0.250,5.000,2000-01-01 00:47:41,2,run/data/admin/debug.log,2712
276,277,m1,12,10.250,10.000,-0.250,5.000,2000-01-01 00:47:30,3,run/data/m1/debug.log,25726
276,277,m2,12,10.250,10.000,-0.250,5.000,2000-01-01 00:47:31,3,run/data/m2/debug.log,13553
276,277,m3,12,10.250,10.000,-0.250,5.000,2000-01-01 00:47:31,3,run/data/m3/debug.log,4733
277,278,admin,12,10.000,10.000,+0.000,5.000,2000-01-01 00:47:54,2,run/data/admin/debug.log,2726
277,278,m1,12,10.000,10.000,+0.000,5.000,2000-01-01 00:47:41,3,run/data/m1/debug.log,26460
277,278,m2,12,10.000,10.000,+0.000,5.000,2000-01-01 00:47:42,3,run/data/m2/debug.log,13568
277,278,m3,12,10.000,10.000,+0.000,5.000,2000-01-01 00:47:42,3,run/data/m3/debug.log,4748
278,279,admin,12,9.917,10.000,+0.083,5.000,2000-01-01 00:48:06,2,run/data/admin/debug.log,2743
278,279,m1,12,9.917,10.000,+0.083,5.000,2000-01-01 00:47:55,3,run/data/m1/debug.log,26475
278,279,m2,12,9.917,10.000,+0.083,5.000,2000-01-01 00:47:55,3,run/data/m2/debug.log,13583
278,279,m3,12,9.917,10.000,+0.083,5.000,2000-01-01 00:47:54,3,run/data/m3/debug.log,5335
279,280,admin,12,10.000,10.000,+0.000,5.000,2000-01-01 00:48:12,2,run/data/admin/debug.log,2757
279,280,m1,12,10.000,10.000,+0.000,5.000,2000-01-01 00:48:05,3,run/data/m1/debug.log,26530
279,280,m2,12,10.000,10.000,+0.000,5.000,2000-01-01 00:48:06,3,run/data/m2/debug.log,13598
279,280,m3,12,10.000,10.000,+0.000,5.000,2000-01-01 00:48:06,3,run/data/m3/debug.log,5350
280,281,admin,12,9.750,10.000,+0.250,5.000,2000-01-01 00:48:21,2,run/data/admin/debug.log,2771
280,281,m1,12,9.750,10.000,+0.250,5.000,2000-01-01 00:48:12,3,run/data/m1/debug.log,26577
280,281,m2,12,9.750,10.000,+0.250,5.000,2000-01-01 00:48:12,3,run/data/m2/debug.log,13613
280,281,m3,12,9.750,10.000,+0.250,5.000,2000-01-01 00:48:13,3,run/data/m3/debug.log,5365
281,282,admin,12,9.750,10.000,+0.250,5.000,2000-01-01 00:48:29,2,run/data/admin/debug.log,2785
281,282,m1,12,9.750,10.000,+0.250,5.000,2000-01-01 00:48:21,3,run/data/m1/debug.log,26895
281,282,m2,12,9.750,10.000,+0.250,5.000,2000-01-01 00:48:21,3,run/data/m2/debug.log,13628
281,282,m3,12,9.750,10.000,+0.250,5.000,2000-01-01 00:48:21,3,run/data/m3/debug.log,5380
282,283,admin,12,9.250,10.000,+0.750,5.000,2000-01-01 00:48:38,2,run/data/admin/debug.log,2799
282,283,m1,12,9.250,10.000,+0.750,5.000,2000-01-01 00:48:28,3,run/data/m1/debug.log,27244
282,283,m2,12,9.250,10.000,+0.750,5.000,2000-01-01 00:48:29,3,run/data/m2/debug.log,13643
282,283,m3,12,9.250,10.000,+0.750,5.000,2000-01-01 00:48:29,3,run/data/m3/debug.log,5395
283,284,admin,12,9.583,10.000,+0.417,5.000,2000-01-01 00:48:48,2,run/data/admin/debug.log,2813
283,284,m1,12,9.583,10.000,+0.417,5.000,2000-01-01 00:48:39,3,run/data/m1/debug.log,27262
283,284,m2,12,9.583,10.000,+0.417,5.000,2000-01-01 00:48:39,3,run/data/m2/debug.log,13661
283,284,m3,12,9.583,10.000,+0.417,5.000,2000-01-01 00:48:38,3,run/data/m3/debug.log,5812
284,285,admin,12,9.917,10.000,+0.083,5.000,2000-01-01 00:48:59,2,run/data/admin/debug.log,2827
284,285,m1,12,9.917,10.000,+0.083,5.000,2000-01-01 00:48:48,3,run/data/m1/debug.log,27420
284,285,m2,12,9.917,10.000,+0.083,5.000,2000-01-01 00:48:49,3,run/data/m2/debug.log,13676
284,285,m3,12,9.917,10.000,+0.083,5.000,2000-01-01 00:48:49,3,run/data/m3/debug.log,5827
285,286,admin,12,9.750,10.000,+0.250,5.000,2000-01-01 00:49:11,2,run/data/admin/debug.log,2841
285,286,m1,12,9.750,10.000,+0.250,5.000,2000-01-01 00:48:59,3,run/data/m1/debug.log,27435
285,286,m2,12,9.750,10.000,+0.250,5.000,2000-01-01 00:48:59,3,run/data/m2/debug.log,13751
285,286,m3,12,9.750,10.000,+0.250,5.000,2000-01-01 00:49:00,3,run/data/m3/debug.log,5842
286,287,admin,12,9.500,10.000,+0.500,5.000,2000-01-01 00:49:20,2,run/data/admin/debug.log,2855
286,287,m1,12,9.500,10.000,+0.500,5.000,2000-01-01 00:49:10,3,run/data/m1/debug.log,27701
286,287,m2,12,9.500,10.000,+0.500,5.000,2000-01-01 00:49:11,3,run/data/m2/debug.log,13766
286,287,m3,12,9.500,10.000,+0.500,5.000,2000-01-01 00:49:11,3,run/data/m3/debug.log,5857
287,288,admin,12,9.750,10.000,+0.250,5.000,2000-01-01 00:49:36,2,run/data/admin/debug.log,2869
287,288,m1,12,9.750,10.000,+0.250,5.000,2000-01-01 00:49:20,3,run/data/m1/debug.log,27745
287,288,m2,12,9.750,10.000,+0.250,5.000,2000-01-01 00:49:21,3,run/data/m2/debug.log,13781
287,288,m3,12,9.750,10.000,+0.250,5.000,2000-01-01 00:49:21,3,run/data/m3/debug.log,5872
288,289,admin,12,10.417,10.000,-0.417,5.000,2000-01-01 00:49:43,2,run/data/admin/debug.log,2883
288,289,m1,12,10.417,10.000,-0.417,5.000,2000-01-01 00:49:35,3,run/data/m1/debug.log,27823
288,289,m2,12,10.417,10.000,-0.417,5.000,2000-01-01 00:49:36,3,run/data/m2/debug.log,13796
288,289,m3,12,10.417,10.000,-0.417,5.000,2000-01-01 00:49:36,3,run/data/m3/debug.log,5887
289,290,admin,12,10.167,10.000,-0.167,5.000,2000-01-01 00:49:59,2,run/data/admin/debug.log,2897
289,290,m1,12,10.167,10.000,-0.167,5.000,2000-01-01 00:49:43,3,run/data/m1/debug.log,28110
289,290,m2,12,10.167,10.000,-0.167,5.000,2000-01-01 00:49:44,3,run/data/m2/debug.log,13811
289,290,m3,12,10.167,10.000,-0.167,5.000,2000-01-01 00:49:44,3,run/data/m3/debug.log,5902
290,291,admin,12,10.417,10.000,-0.417,5.000,2000-01-01 00:50:04,2,run/data/admin/debug.log,2914
290,291,m1,12,10.417,10.000,-0.417,5.000,2000-01-01 00:49:59,3,run/data/m1/debug.log,29378
290,291,m2,12,10.417,10.000,-0.417,5.000,2000-01-01 00:49:59,3,run/data/m2/debug.log,13826
290,291,m3,12,10.417,10.000,-0.417,5.000,2000-01-01 00:49:59,3,run/data/m3/debug.log,5917
291,292,admin,12,9.917,10.000,+0.083,5.000,2000-01-01 00:50:14,2,run/data/admin/debug.log,2928
291,292,m1,12,9.917,10.000,+0.083,5.000,2000-01-01 00:50:04,3,run/data/m1/debug.log,29693
291,292,m2,12,9.917,10.000,+0.083,5.000,2000-01-01 00:50:05,3,run/data/m2/debug.log,13841
291,292,m3,12,9.917,10.000,+0.083,5.000,2000-01-01 00:50:05,3,run/data/m3/debug.log,5932
292,293,admin,12,10.167,10.000,-0.167,5.000,2000-01-01 00:50:26,2,run/data/admin/debug.log,2942
292,293,m1,12,10.167,10.000,-0.167,5.000,2000-01-01 00:50:14,3,run/data/m1/debug.log,29730
292,293,m2,12,10.167,10.000,-0.167,5.000,2000-01-01 00:50:15,3,run/data/m2/debug.log,13856
292,293,m3,12,10.167,10.000,-0.167,5.000,2000-01-01 00:50:15,3,run/data/m3/debug.log,5947
293,294,admin,12,10.417,10.000,-0.417,5.000,2000-01-01 00:50:34,2,run/data/admin/debug.log,2956
293,294,m1,12,10.417,10.000,-0.417,5.000,2000-01-01 00:50:26,3,run/data/m1/debug.log,29745
293,294,m2,12,10.417,10.000,-0.417,5.000,2000-01-01 00:50:26,3,run/data/m2/debug.log,14083
293,294,m3,12,10.417,10.000,-0.417,5.000,2000-01-01 00:50:27,3,run/data/m3/debug.log,5962
294,295,admin,12,10.417,10.000,-0.417,5.000,2000-01-01 00:50:47,2,run/data/admin/debug.log,2970
294,295,m1,12,10.417,10.000,-0.417,5.000,2000-01-01 00:50:34,3,run/data/m1/debug.log,29763
294,295,m2,12,10.417,10.000,-0.417,5.000,2000-01-01 00:50:33,3,run/data/m2/debug.log,14277
294,295,m3,12,10.417,10.000,-0.417,5.000,2000-01-01 00:50:34,3,run/data/m3/debug.log,5980
295,296,admin,12,10.750,10.000,-0.750,5.000,2000-01-01 00:50:57,2,run/data/admin/debug.log,2984
295,296,m1,12,10.750,10.000,-0.750,5.000,2000-01-01 00:50:47,3,run/data/m1/debug.log,29778
295,296,m2,12,10.750,10.000,-0.750,5.000,2000-01-01 00:50:47,3,run/data/m2/debug.log,14702
295,296,m3,12,10.750,10.000,-0.750,5.000,2000-01-01 00:50:48,3,run/data/m3/debug.log,5995
296,297,admin,12,10.750,10.000,-0.750,5.000,2000-01-01 00:51:11,2,run/data/admin/debug.log,2998
296,297,m1,12,10.750,10.000,-0.750,5.000,2000-01-01 00:50:57,3,run/data/m1/debug.log,29983
296,297,m2,12,10.750,10.000,-0.750,5.000,2000-01-01 00:50:58,3,run/data/m2/debug.log,14717
296,297,m3,12,10.750,10.000,-0.750,5.000,2000-01-01 00:50:58,3,run/data/m3/debug.log,6010
297,298,admin,12,10.917,10.000,-0.917,5.000,2000-01-01 00:51:24,2,run/data/admin/debug.log,3012
297,298,m1,12,10.917,10.000,-0.917,5.000,2000-01-01 00:51:10,3,run/data/m1/debug.log,30203
297,298,m2,12,10.917,10.000,-0.917,5.000,2000-01-01 00:51:11,3,run/data/m2/debug.log,14732
297,298,m3,12,10.917,10.000,-0.917,5.000,2000-01-01 00:51:11,3,run/data/m3/debug.log,6025
298,299,admin,12,11.167,10.000,-1.167,5.000,2000-01-01 00:51:40,2,run/data/admin/debug.log,3026
298,299,m1,12,11.167,10.000,-1.167,5.000,2000-01-01 00:51:24,3,run/data/m1/debug.log,30218
298,299,m2,12,11.167,10.000,-1.167,5.000,2000-01-01 00:51:24,3,run/data/m2/debug.log,14996
298,299,m3,12,11.167,10.000,-1.167,5.000,2000-01-01 00:51:26,3,run/data/m3/debug.log,6040
299,300,admin,12,11.583,10.000,-1.583,5.000,2000-01-01 00:51:47,2,run/data/admin/debug.log,3040
299,300,m1,12,11.583,10.000,-1.583,5.000,2000-01-01 00:51:40,3,run/data/m1/debug.log,30233
299,300,m2,12,11.583,10.000,-1.583,5.000,2000-01-01 00:51:39,3,run/data/m2/debug.log,15122
299,300,m3,12,11.583,10.000,-1.583,5.000,2000-01-01 00:51:40,3,run/data/m3/debug.log,6055
300,301,admin,12,11.000,10.000,-1.000,5.000,2000-01-01 00:52:01,2,run/data/admin/debug.log,3058
300,301,m1,12,11.000,10.000,-1.000,5.000,2000-01-01 00:51:47,3,run/data/m1/debug.log,30248
300,301,m2,12,11.000,10.000,-1.000,5.000,2000-01-01 00:51:47,3,run/data/m2/debug.log,15149
300,301,m3,12,11.000,10.000,-1.000,5.000,2000-01-01 00:51:48,3,run/data/m3/debug.log,6070
301,302,admin,12,11.417,10.000,-1.417,5.000,2000-01-01 00:52:12,2,run/data/admin/debug.log,3072
301,302,m1,12,11.417,10.000,-1.417,5.000,2000-01-01 00:52:02,3,run/data/m1/debug.log,30264
301,302,m2,12,11.417,10.000,-1.417,5.000,2000-01-01 00:52:01,3,run/data/m2/debug.log,15165
301,302,m3,12,11.417,10.000,-1.417,5.000,2000-01-01 00:52:00,3,run/data/m3/debug.log,6127
302,303,admin,12,11.083,10.000,-1.083,5.000,2000-01-01 00:52:25,2,run/data/admin/debug.log,3086
302,303,m1,12,11.083,10.000,-1.083,5.000,2000-01-01 00:52:12,3,run/data/m1/debug.log,30420
302,303,m2,12,11.083,10.000,-1.083,5.000,2000-01-01 00:52:12,3,run/data/m2/debug.log,15180
302,303,m3,12,11.083,10.000,-1.083,5.000,2000-01-01 00:52:12,3,run/data/m3/debug.log,6142
303,304,admin,12,11.750,10.000,-1.750,5.000,2000-01-01 00:52:32,2,run/data/admin/debug.log,3100
303,304,m1,12,11.750,10.000,-1.750,5.000,2000-01-01 00:52:25,3,run/data/m1/debug.log,30565
303,304,m2,12,11.750,10.000,-1.750,5.000,2000-01-01 00:52:26,3,run/data/m2/debug.log,15195
303,304,m3,12,11.750,10.000,-1.750,5.000,2000-01-01 00:52:26,3,run/data/m3/debug.log,6157
304,305,admin,12,11.417,10.000,-1.417,5.000,2000-01-01 00:52:46,2,run/data/admin/debug.log,3114
304,305,m1,12,11.417,10.000,-1.417,5.000,2000-01-01 00:52:31,3,run/data/m1/debug.log,30875
304,305,m2,12,11.417,10.000,-1.417,5.000,2000-01-01 00:52:32,3,run/data/m2/debug.log,15213
304,305,m3,12,11.417,10.000,-1.417,5.000,2000-01-01 00:52:32,3,run/data/m3/debug.log,6175
305,306,admin,12,11.667,10.000,-1.667,5.000,2000-01-01 00:52:58,2,run/data/admin/debug.log,3129
305,306,m1,12,11.667,10.000,-1.667,5.000,2000-01-01 00:52:46,3,run/data/m1/debug.log,30934
305,306,m2,12,11.667,10.000,-1.667,5.000,2000-01-01 00:52:46,3,run/data/m2/debug.log,15228
305,306,m3,12,11.667,10.000,-1.667,5.000,2000-01-01 00:52:46,3,run/data/m3/debug.log,6190
306,307,admin,12,12.000,10.000,-2.000,5.000,2000-01-01 00:53:10,2,run/data/admin/debug.log,3143
306,307,m1,12,12.000,10.000,-2.000,5.000,2000-01-01 00:52:58,3,run/data/m1/debug.log,30954
306,307,m2,12,12.000,10.000,-2.000,5.000,2000-01-01 00:52:57,3,run/data/m2/debug.log,16541
306,307,m3,12,12.000,10.000,-2.000,5.000,2000-01-01 00:52:59,3,run/data/m3/debug.log,6210
307,308,admin,12,11.917,10.000,-1.917,5.000,2000-01-01 00:53:21,2,run/data/admin/debug.log,3157
307,308,m1,12,11.917,10.000,-1.917,5.000,2000-01-01 00:53:10,3,run/data/m1/debug.log,31042
307,308,m2,12,11.917,10.000,-1.917,5.000,2000-01-01 00:53:11,3,run/data/m2/debug.log,16556
307,308,m3,12,11.917,10.000,-1.917,5.000,2000-01-01 00:53:11,3,run/data/m3/debug.log,6225
308,309,admin,12,12.000,10.000,-2.000,5.000,2000-01-01 00:53:32,2,run/data/admin/debug.log,3171
308,309,m1,12,12.000,10.000,-2.000,5.000,2000-01-01 00:53:21,3,run/data/m1/debug.log,31057
308,309,m2,12,12.000,10.000,-2.000,5.000,2000-01-01 00:53:21,3,run/data/m2/debug.log,16735
308,309,m3,12,12.000,10.000,-2.000,5.000,2000-01-01 00:53:22,3,run/data/m3/debug.log,6240
309,310,admin,12,11.833,10.000,-1.833,5.000,2000-01-01 00:53:38,2,run/data/admin/debug.log,3185
309,310,m1,12,11.833,10.000,-1.833,5.000,2000-01-01 00:53:32,3,run/data/m1/debug.log,31100
309,310,m2,12,11.833,10.000,-1.833,5.000,2000-01-01 00:53:33,3,run/data/m2/debug.log,16750
309,310,m3,12,11.833,10.000,-1.833,5.000,2000-01-01 00:53:33,3,run/data/m3/debug.log,6255
310,311,admin,12,11.167,10.000,-1.167,5.000,2000-01-01 00:53:46,2,run/data/admin/debug.log,3199
310,311,m1,12,11.167,10.000,-1.167,5.000,2000-01-01 00:53:38,3,run/data/m1/debug.log,31223
310,311,m2,12,11.167,10.000,-1.167,5.000,2000-01-01 00:53:38,3,run/data/m2/debug.log,16765
310,311,m3,12,11.167,10.000,-1.167,5.000,2000-01-01 00:53:38,3,run/data/m3/debug.log,6270
311,312,admin,12,10.583,10.000,-0.583,5.000,2000-01-01 00:53:56,2,run/data/admin/debug.log,3213
311,312,m1,12,10.583,10.000,-0.583,5.000,2000-01-01 00:53:46,3,run/data/m1/debug.log,31238
311,312,m2,12,10.583,10.000,-0.583,5.000,2000-01-01 00:53:46,3,run/data/m2/debug.log,17049
311,312,m3,12,10.583,10.000,-0.583,5.000,2000-01-01 00:53:47,3,run/data/m3/debug.log,6285
312,313,admin,12,10.750,10.000,-0.750,5.000,2000-01-01 00:54:12,2,run/data/admin/debug.log,3230
312,313,m1,12,10.750,10.000,-0.750,5.000,2000-01-01 00:53:56,3,run/data/m1/debug.log,31723
312,313,m2,12,10.750,10.000,-0.750,5.000,2000-01-01 00:53:57,3,run/data/m2/debug.log,17064
312,313,m3,12,10.750,10.000,-0.750,5.000,2000-01-01 00:53:57,3,run/data/m3/debug.log,6300
313,314,admin,12,11.000,10.000,-1.000,5.000,2000-01-01 00:54:25,2,run/data/admin/debug.log,3244
313,314,m1,12,11.000,10.000,-1.000,5.000,2000-01-01 00:54:12,3,run/data/m1/debug.log,32388
313,314,m2,12,11.000,10.000,-1.000,5.000,2000-01-01 00:54:12,3,run/data/m2/debug.log,17079
313,314,m3,12,11.000,10.000,-1.000,5.000,2000-01-01 00:54:12,3,run/data/m3/debug.log,6315
314,315,admin,12,11.083,10.000,-1.083,5.000,2000-01-01 00:54:34,2,run/data/admin/debug.log,3258
314,315,m1,12,11.083,10.000,-1.083,5.000,2000-01-01 00:54:25,3,run/data/m1/debug.log,32434
314,315,m2,12,11.083,10.000,-1.083,5.000,2000-01-01 00:54:25,3,run/data/m2/debug.log,17094
314,315,m3,12,11.083,10.000,-1.083,5.000,2000-01-01 00:54:26,3,run/data/m3/debug.log,6330
315,316,admin,12,10.667,10.000,-0.667,5.000,2000-01-01 00:54:42,2,run/data/admin/debug.log,3272
315,316,m1,12,10.667,10.000,-0.667,5.000,2000-01-01 00:54:34,3,run/data/m1/debug.log,32452
315,316,m2,12,10.667,10.000,-0.667,5.000,2000-01-01 00:54:33,3,run/data/m2/debug.log,17249
315,316,m3,12,10.667,10.000,-0.667,5.000,2000-01-01 00:54:34,3,run/data/m3/debug.log,6348
316,317,admin,12,10.917,10.000,-0.917,5.000,2000-01-01 00:54:55,2,run/data/admin/debug.log,3286
316,317,m1,12,10.917,10.000,-0.917,5.000,2000-01-01 00:54:42,3,run/data/m1/debug.log,32467
316,317,m2,12,10.917,10.000,-0.917,5.000,2000-01-01 00:54:42,3,run/data/m2/debug.log,17409
316,317,m3,12,10.917,10.000,-0.917,5.000,2000-01-01 00:54:43,3,run/data/m3/debug.log,6363
317,318,admin,12,10.750,10.000,-0.750,5.000,2000-01-01 00:55:01,2,run/data/admin/debug.log,3300
317,318,m1,12,10.750,10.000,-0.750,5.000,2000-01-01 00:54:55,3,run/data/m1/debug.log,32567
317,318,m2,12,10.750,10.000,-0.750,5.000,2000-01-01 00:54:55,3,run/data/m2/debug.log,17424
317,318,m3,12,10.750,10.000,-0.750,5.000,2000-01-01 00:54:55,3,run/data/m3/debug.log,6378
318,319,admin,12,10.333,10.000,-0.333,5.000,2000-01-01 00:55:12,2,run/data/admin/debug.log,3314
318,319,m1,12,10.333,10.000,-0.333,5.000,2000-01-01 00:55:02,3,run/data/m1/debug.log,32582
318,319,m2,12,10.333,10.000,-0.333,5.000,2000-01-01 00:55:02,3,run/data/m2/debug.log,17439
318,319,m3,12,10.333,10.000,-0.333,5.000,2000-01-01 00:55:01,3,run/data/m3/debug.log,6651
319,320,admin,12,10.083,10.000,-0.083,5.000,2000-01-01 00:55:19,2,run/data/admin/debug.log,3328
319,320,m1,12,10.083,10.000,-0.083,5.000,2000-01-01 00:55:11,3,run/data/m1/debug.log,32797
319,320,m2,12,10.083,10.000,-0.083,5.000,2000-01-01 00:55:12,3,run/data/m2/debug.log,17454
319,320,m3,12,10.083,10.000,-0.083,5.000,2000-01-01 00:55:12,3,run/data/m3/debug.log,6666
320,321,admin,12,9.750,10.000,+0.250,5.000,2000-01-01 00:55:33,2,run/data/admin/debug.log,3342
320,321,m1,12,9.750,10.000,+0.250,5.000,2000-01-01 00:55:20,3,run/data/m1/debug.log,32812
320,321,m2,12,9.750,10.000,+0.250,5.000,2000-01-01 00:55:19,3,run/data/m2/debug.log,17469
320,321,m3,12,9.750,10.000,+0.250,5.000,2000-01-01 00:55:18,3,run/data/m3/debug.log,7227
321,322,admin,12,10.083,10.000,-0.083,5.000,2000-01-01 00:55:40,2,run/data/admin/debug.log,3356
321,322,m1,12,10.083,10.000,-0.083,5.000,2000-01-01 00:55:33,3,run/data/m1/debug.log,32827
321,322,m2,12,10.083,10.000,-0.083,5.000,2000-01-01 00:55:33,3,run/data/m2/debug.log,18099
321,322,m3,12,10.083,10.000,-0.083,5.000,2000-01-01 00:55:34,3,run/data/m3/debug.log,7242
322,323,admin,12,10.167,10.000,-0.167,5.000,2000-01-01 00:55:48,2,run/data/admin/debug.log,3370
322,323,m1,12,10.167,10.000,-0.167,5.000,2000-01-01 00:55:40,3,run/data/m1/debug.log,33094
322,323,m2,12,10.167,10.000,-0.167,5.000,2000-01-01 00:55:40,3,run/data/m2/debug.log,18114
322,323,m3,12,10.167,10.000,-0.167,5.000,2000-01-01 00:55:40,3,run/data/m3/debug.log,7257
323,324,admin,12,10.083,10.000,-0.083,5.000,2000-01-01 00:56:01,2,run/data/admin/debug.log,3387
323,324,m1,12,10.083,10.000,-0.083,5.000,2000-01-01 00:55:47,3,run/data/m1/debug.log,33291
323,324,m2,12,10.083,10.000,-0.083,5.000,2000-01-01 00:55:48,3,run/data/m2/debug.log,18129
323,324,m3,12,10.083,10.000,-0.083,5.000,2000-01-01 00:55:48,3,run/data/m3/debug.log,7272
324,325,admin,12,10.417,10.000,-0.417,5.000,2000-01-01 00:56:14,2,run/data/admin/debug.log,3401
324,325,m1,12,10.417,10.000,-0.417,5.000,2000-01-01 00:56:01,3,run/data/m1/debug.log,33472
324,325,m2,12,10.417,10.000,-0.417,5.000,2000-01-01 00:56:01,3,run/data/m2/debug.log,18144
324,325,m3,12,10.417,10.000,-0.417,5.000,2000-01-01 00:56:01,3,run/data/m3/debug.log,7287
325,326,admin,12,10.167,10.000,-0.167,5.000,2000-01-01 00:56:25,2,run/data/admin/debug.log,3415
325,326,m1,12,10.167,10.000,-0.167,5.000,2000-01-01 00:56:14,3,run/data/m1/debug.log,33840
325,326,m2,12,10.167,10.000,-0.167,5.000,2000-01-01 00:56:14,3,run/data/m2/debug.log,18159
325,326,m3,12,10.167,10.000,-0.167,5.000,2000-01-01 00:56:14,3,run/data/m3/debug.log,7302
326,327,admin,12,10.000,10.000,+0.000,5.000,2000-01-01 00:56:37,2,run/data/admin/debug.log,3429
326,327,m1,12,10.000,10.000,+0.000,5.000,2000-01-01 00:56:25,3,run/data/m1/debug.log,34327
326,327,m2,12,10.000,10.000,+0.000,5.000,2000-01-01 00:56:25,3,run/data/m2/debug.log,18174
326,327,m3,12,10.000,10.000,+0.000,5.000,2000-01-01 00:56:25,3,run/data/m3/debug.log,7317
327,328,admin,12,10.333,10.000,-0.333,5.000,2000-01-01 00:56:46,2,run/data/admin/debug.log,3443
327,328,m1,12,10.333,10.000,-0.333,5.000,2000-01-01 00:56:37,3,run/data/m1/debug.log,34434
327,328,m2,12,10.333,10.000,-0.333,5.000,2000-01-01 00:56:38,3,run/data/m2/debug.log,18192
327,328,m3,12,10.333,10.000,-0.333,5.000,2000-01-01 00:56:38,3,run/data/m3/debug.log,7335
328,329,admin,12,10.333,10.000,-0.333,5.000,2000-01-01 00:56:53,2,run/data/admin/debug.log,3457
328,329,m1,12,10.333,10.000,-0.333,5.000,2000-01-01 00:56:46,3,run/data/m1/debug.log,35051
328,329,m2,12,10.333,10.000,-0.333,5.000,2000-01-01 00:56:46,3,run/data/m2/debug.log,18207
328,329,m3,12,10.333,10.000,-0.333,5.000,2000-01-01 00:56:46,3,run/data/m3/debug.log,7350
329,330,admin,12,9.750,10.000,+0.250,5.000,2000-01-01 00:57:06,2,run/data/admin/debug.log,3471
329,330,m1,12,9.750,10.000,+0.250,5.000,2000-01-01 00:56:52,3,run/data/m1/debug.log,35395
329,330,m2,12,9.750,10.000,+0.250,5.000,2000-01-01 00:56:53,3,run/data/m2/debug.log,18222
329,330,m3,12,9.750,10.000,+0.250,5.000,2000-01-01 00:56:53,3,run/data/m3/debug.log,7365
330,331,admin,12,10.417,10.000,-0.417,5.000,2000-01-01 00:57:20,2,run/data/admin/debug.log,3485
330,331,m1,12,10.417,10.000,-0.417,5.000,2000-01-01 00:57:06,3,run/data/m1/debug.log,35508
330,331,m2,12,10.417,10.000,-0.417,5.000,2000-01-01 00:57:06,3,run/data/m2/debug.log,18237
330,331,m3,12,10.417,10.000,-0.417,5.000,2000-01-01 00:57:06,3,run/data/m3/debug.log,7380
331,332,admin,12,10.667,10.000,-0.667,5.000,2000-01-01 00:57:31,2,run/data/admin/debug.log,3499
331,332,m1,12,10.667,10.000,-0.667,5.000,2000-01-01 00:57:20,3,run/data/m1/debug.log,35523
331,332,m2,12,10.667,10.000,-0.667,5.000,2000-01-01 00:57:19,3,run/data/m2/debug.log,18601
331,332,m3,12,10.667,10.000,-0.667,5.000,2000-01-01 00:57:20,3,run/data/m3/debug.log,7395
332,333,admin,12,11.083,10.000,-1.083,5.000,2000-01-01 00:57:45,2,run/data/admin/debug.log,3513
332,333,m1,12,11.083,10.000,-1.083,5.000,2000-01-01 00:57:31,3,run/data/m1/debug.log,35801
332,333,m2,12,11.083,10.000,-1.083,5.000,2000-01-01 00:57:31,3,run/data/m2/debug.log,18616
332,333,m3,12,11.083,10.000,-1.083,5.000,2000-01-01 00:57:31,3,run/data/m3/debug.log,7410
333,334,admin,12,10.917,10.000,-0.917,5.000,2000-01-01 00:57:54,2,run/data/admin/debug.log,3527
333,334,m1,12,10.917,10.000,-0.917,5.000,2000-01-01 00:57:44,3,run/data/m1/debug.log,35929
333,334,m2,12,10.917,10.000,-0.917,5.000,2000-01-01 00:57:45,3,run/data/m2/debug.log,18631
333,334,m3,12,10.917,10.000,-0.917,5.000,2000-01-01 00:57:45,3,run/data/m3/debug.log,7425
334,335,admin,12,11.167,10.000,-1.167,5.000,2000-01-01 00:58:09,2,run/data/admin/debug.log,3544
334,335,m1,12,11.167,10.000,-1.167,5.000,2000-01-01 00:57:54,3,run/data/m1/debug.log,36002
334,335,m2,12,11.167,10.000,-1.167,5.000,2000-01-01 00:57:55,3,run/data/m2/debug.log,18646
334,335,m3,12,11.167,10.000,-1.167,5.000,2000-01-01 00:57:55,3,run/data/m3/debug.log,7440
335,336,admin,12,11.750,10.000,-1.750,5.000,2000-01-01 00:58:20,2,run/data/admin/debug.log,3558
335,336,m1,12,11.750,10.000,-1.750,5.000,2000-01-01 00:58:08,3,run/data/m1/debug.log,36059
335,336,m2,12,11.750,10.000,-1.750,5.000,2000-01-01 00:58:09,3,run/data/m2/debug.log,18661
335,336,m3,12,11.750,10.000,-1.750,5.000,2000-01-01 00:58:09,3,run/data/m3/debug.log,7455
336,337,admin,12,11.500,10.000,-1.500,5.000,2000-01-01 00:58:27,2,run/data/admin/debug.log,3572
336,337,m1,12,11.500,10.000,-1.500,5.000,2000-01-01 00:58:19,3,run/data/m1/debug.log,36925
336,337,m2,12,11.500,10.000,-1.500,5.000,2000-01-01 00:58:20,3,run/data/m2/debug.log,18676
336,337,m3,12,11.500,10.000,-1.500,5.000,2000-01-01 00:58:20,3,run/data/m3/debug.log,7470
337,338,admin,12,11.083,10.000,-1.083,5.000,2000-01-01 00:58:38,2,run/data/admin/debug.log,3586
337,338,m1,12,11.083,10.000,-1.083,5.000,2000-01-01 00:58:27,3,run/data/m1/debug.log,37553
337,338,m2,12,11.083,10.000,-1.083,5.000,2000-01-01 00:58:28,3,run/data/m2/debug.log,18691
337,338,m3,12,11.083,10.000,-1.083,5.000,2000-01-01 00:58:28,3,run/data/m3/debug.log,7485
338,339,admin,12,11.083,10.000,-1.083,5.000,2000-01-01 00:58:54,2,run/data/admin/debug.log,3600
338,339,m1,12,11.083,10.000,-1.083,5.000,2000-01-01 00:58:38,3,run/data/m1/debug.log,37939
338,339,m2,12,11.083,10.000,-1.083,5.000,2000-01-01 00:58:39,3,run/data/m2/debug.log,18709
338,339,m3,12,11.083,10.000,-1.083,5.000,2000-01-01 00:58:39,3,run/data/m3/debug.log,7503
339,340,admin,12,11.333,10.000,-1.333,5.000,2000-01-01 00:59:00,2,run/data/admin/debug.log,3614
339,340,m1,12,11.333,10.000,-1.333,5.000,2000-01-01 00:58:53,3,run/data/m1/debug.log,38494
339,340,m2,12,11.333,10.000,-1.333,5.000,2000-01-01 00:58:54,3,run/data/m2/debug.log,18724
339,340,m3,12,11.333,10.000,-1.333,5.000,2000-01-01 00:58:54,3,run/data/m3/debug.log,7518
340,341,admin,12,11.167,10.000,-1.167,5.000,2000-01-01 00:59:09,2,run/data/admin/debug.log,3628
340,341,m1,12,11.167,10.000,-1.167,5.000,2000-01-01 00:59:00,3,run/data/m1/debug.log,38662
340,341,m2,12,11.167,10.000,-1.167,5.000,2000-01-01 00:59:01,3,run/data/m2/debug.log,18739
340,341,m3,12,11.167,10.000,-1.167,5.000,2000-01-01 00:59:01,3,run/data/m3/debug.log,7533
341,342,admin,12,11.417,10.000,-1.417,5.000,2000-01-01 00:59:21,2,run/data/admin/debug.log,3642
341,342,m1,12,11.417,10.000,-1.417,5.000,2000-01-01 00:59:09,3,run/data/m1/debug.log,39309
341,342,m2,12,11.417,10.000,-1.417,5.000,2000-01-01 00:59:09,3,run/data/m2/debug.log,18754
341,342,m3,12,11.417,10.000,-1.417,5.000,2000-01-01 00:59:09,3,run/data/m3/debug.log,7548
342,343,admin,12,11.250,10.000,-1.250,5.000,2000-01-01 00:59:35,2,run/data/admin/debug.log,3656
342,343,m1,12,11.250,10.000,-1.250,5.000,2000-01-01 00:59:21,3,run/data/m1/debug.log,39402
342,343,m2,12,11.250,10.000,-1.250,5.000,2000-01-01 00:59:21,3,run/data/m2/debug.log,18769
342,343,m3,12,11.250,10.000,-1.250,5.000,2000-01-01 00:59:21,3,run/data/m3/debug.log,7563
343,344,admin,12,11.333,10.000,-1.333,5.000,2000-01-01 00:59:41,2,run/data/admin/debug.log,3670
343,344,m1,12,11.333,10.000,-1.333,5.000,2000-01-01 00:59:35,3,run/data/m1/debug.log,39417
343,344,m2,12,11.333,10.000,-1.333,5.000,2000-01-01 00:59:36,3,run/data/m2/debug.log,18784
343,344,m3,12,11.333,10.000,-1.333,5.000,2000-01-01 00:59:35,3,run/data/m3/debug.log,7833
344,345,admin,12,10.833,10.000,-0.833,5.000,2000-01-01 00:59:53,2,run/data/admin/debug.log,3684
344,345,m1,12,10.833,10.000,-0.833,5.000,2000-01-01 00:59:41,3,run/data/m1/debug.log,39724
344,345,m2,12,10.833,10.000,-0.833,5.000,2000-01-01 00:59:41,3,run/data/m2/debug.log,18799
344,345,m3,12,10.833,10.000,-0.833,5.000,2000-01-01 00:59:41,3,run/data/m3/debug.log,7848
345,346,admin,12,10.750,10.000,-0.750,5.000,2000-01-01 01:00:01,2,run/data/admin/debug.log,3701
345,346,m1,12,10.750,10.000,-0.750,5.000,2000-01-01 00:59:53,3,run/data/m1/debug.log,39786
345,346,m2,12,10.750,10.000,-0.750,5.000,2000-01-01 00:59:53,3,run/data/m2/debug.log,18814
345,346,m3,12,10.750,10.000,-0.750,5.000,2000-01-01 00:59:53,3,run/data/m3/debug.log,7863
346,347,admin,12,10.583,10.000,-0.583,5.000,2000-01-01 01:00:14,2,run/data/admin/debug.log,3715
346,347,m1,12,10.583,10.000,-0.583,5.000,2000-01-01 01:00:01,3,run/data/m1/debug.log,40001
346,347,m2,12,10.583,10.000,-0.583,5.000,2000-01-01 01:00:02,3,run/data/m2/debug.log,18829
346,347,m3,12,10.583,10.000,-0.583,5.000,2000-01-01 01:00:01,3,run/data/m3/debug.log,7878
347,348,admin,12,10.500,10.000,-0.500,5.000,2000-01-01 01:00:28,2,run/data/admin/debug.log,3729
347,348,m1,12,10.500,10.000,-0.500,5.000,2000-01-01 01:00:14,3,run/data/m1/debug.log,40112
347,348,m2,12,10.500,10.000,-0.500,5.000,2000-01-01 01:00:14,3,run/data/m2/debug.log,18844
347,348,m3,12,10.500,10.000,-0.500,5.000,2000-01-01 01:00:14,3,run/data/m3/debug.log,7893
348,349,admin,12,10.750,10.000,-0.750,5.000,2000-01-01 01:00:43,2,run/data/admin/debug.log,3743
348,349,m1,12,10.750,10.000,-0.750,5.000,2000-01-01 01:00:28,3,run/data/m1/debug.log,40377
348,349,m2,12,10.750,10.000,-0.750,5.000,2000-01-01 01:00:29,3,run/data/m2/debug.log,18859
348,349,m3,12,10.750,10.000,-0.750,5.000,2000-01-01 01:00:29,3,run/data/m3/debug.log,7908
349,350,admin,12,11.250,10.000,-1.250,5.000,2000-01-01 01:00:54,2,run/data/admin/debug.log,3757
349,350,m1,12,11.250,10.000,-1.250,5.000,2000-01-01 01:00:42,3,run/data/m1/debug.log,40454
349,350,m2,12,11.250,10.000,-1.250,5.000,2000-01-01 01:00:43,3,run/data/m2/debug.log,18877
349,350,m3,12,11.250,10.000,-1.250,5.000,2000-01-01 01:00:43,3,run/data/m3/debug.log,7926
350,351,admin,12,11.250,10.000,-1.250,5.000,2000-01-01 01:01:01,2,run/data/admin/debug.log,3771
350,351,m1,12,11.250,10.000,-1.250,5.000,2000-01-01 01:00:53,3,run/data/m1/debug.log,40538
350,351,m2,12,11.250,10.000,-1.250,5.000,2000-01-01 01:00:54,3,run/data/m2/debug.log,18892
350,351,m3,12,11.250,10.000,-1.250,5.000,2000-01-01 01:00:54,3,run/data/m3/debug.log,7941
351,352,admin,12,10.667,10.000,-0.667,5.000,2000-01-01 01:01:10,2,run/data/admin/debug.log,3785
351,352,m1,12,10.667,10.000,-0.667,5.000,2000-01-01 01:01:01,3,run/data/m1/debug.log,40689
351,352,m2,12,10.667,10.000,-0.667,5.000,2000-01-01 01:01:02,3,run/data/m2/debug.log,18907
351,352,m3,12,10.667,10.000,-0.667,5.000,2000-01-01 01:01:02,3,run/data/m3/debug.log,7956
352,353,admin,12,10.833,10.000,-0.833,5.000,2000-01-01 01:01:20,2,run/data/admin/debug.log,3799
352,353,m1,12,10.833,10.000,-0.833,5.000,2000-01-01 01:01:10,3,run/data/m1/debug.log,40760
352,353,m2,12,10.833,10.000,-0.833,5.000,2000-01-01 01:01:10,3,run/data/m2/debug.log,18922
352,353,m3,12,10.833,10.000,-0.833,5.000,2000-01-01 01:01:10,3,run/data/m3/debug.log,7971
353,354,admin,12,10.917,10.000,-0.917,5.000,2000-01-01 01:01:33,2,run/data/admin/debug.log,3813
353,354,m1,12,10.917,10.000,-0.917,5.000,2000-01-01 01:01:20,3,run/data/m1/debug.log,41104
353,354,m2,12,10.917,10.000,-0.917,5.000,2000-01-01 01:01:20,3,run/data/m2/debug.log,18937
353,354,m3,12,10.917,10.000,-0.917,5.000,2000-01-01 01:01:20,3,run/data/m3/debug.log,7986
354,355,admin,12,11.000,10.000,-1.000,5.000,2000-01-01 01:01:40,2,run/data/admin/debug.log,3827
354,355,m1,12,11.000,10.000,-1.000,5.000,2000-01-01 01:01:33,3,run/data/m1/debug.log,41750
354,355,m2,12,11.000,10.000,-1.000,5.000,2000-01-01 01:01:33,3,run/data/m2/debug.log,18952
354,355,m3,12,11.000,10.000,-1.000,5.000,2000-01-01 01:01:33,3,run/data/m3/debug.log,8001
355,356,admin,12,10.417,10.000,-0.417,5.000,2000-01-01 01:01:48,2,run/data/admin/debug.log,3841
355,356,m1,12,10.417,10.000,-0.417,5.000,2000-01-01 01:01:41,3,run/data/m1/debug.log,41765
355,356,m2,12,10.417,10.000,-0.417,5.000,2000-01-01 01:01:40,3,run/data/m2/debug.log,19069
355,356,m3,12,10.417,10.000,-0.417,5.000,2000-01-01 01:01:41,3,run/data/m3/debug.log,8016
356,357,admin,12,10.500,10.000,-0.500,5.000,2000-01-01 01:01:56,2,run/data/admin/debug.log,3855
356,357,m1,12,10.500,10.000,-0.500,5.000,2000-01-01 01:01:47,3,run/data/m1/debug.log,42148
356,357,m2,12,10.500,10.000,-0.500,5.000,2000-01-01 01:01:49,3,run/data/m2/debug.log,19084
356,357,m3,12,10.500,10.000,-0.500,5.000,2000-01-01 01:01:48,3,run/data/m3/debug.log,8031
357,358,admin,12,10.167,10.000,-0.167,5.000,2000-01-01 01:02:04,2,run/data/admin/debug.log,3872
357,358,m1,12,10.167,10.000,-0.167,5.000,2000-01-01 01:01:56,3,run/data/m1/debug.log,42163
357,358,m2,12,10.167,10.000,-0.167,5.000,2000-01-01 01:01:57,3,run/data/m2/debug.log,19099
357,358,m3,12,10.167,10.000,-0.167,5.000,2000-01-01 01:01:55,3,run/data/m3/debug.log,8101
358,359,admin,12,10.167,10.000,-0.167,5.000,2000-01-01 01:02:14,2,run/data/admin/debug.log,3886
358,359,m1,12,10.167,10.000,-0.167,5.000,2000-01-01 01:02:04,3,run/data/m1/debug.log,42178
358,359,m2,12,10.167,10.000,-0.167,5.000,2000-01-01 01:02:04,3,run/data/m2/debug.log,19114
358,359,m3,12,10.167,10.000,-0.167,5.000,2000-01-01 01:02:03,3,run/data/m3/debug.log,8325
359,360,admin,12,10.000,10.000,+0.000,5.000,2000-01-01 01:02:28,2,run/data/admin/debug.log,3900
359,360,m1,12,10.000,10.000,+0.000,5.000,2000-01-01 01:02:14,3,run/data/m1/debug.log,42452
359,360,m2,12,10.000,10.000,+0.000,5.000,2000-01-01 01:02:15,3,run/data/m2/debug.log,19129
359,360,m3,12,10.000,10.000,+0.000,5.000,2000-01-01 01:02:15,3,run/data/m3/debug.log,8340
360,361,admin,12,9.917,10.000,+0.083,5.000,2000-01-01 01:02:42,2,run/data/admin/debug.log,3914
360,361,m1,12,9.917,10.000,+0.083,5.000,2000-01-01 01:02:28,3,run/data/m1/debug.log,42467
360,361,m2,12,9.917,10.000,+0.083,5.000,2000-01-01 01:02:27,3,run/data/m2/debug.log,19198
360,361,m3,12,9.917,10.000,+0.083,5.000,2000-01-01 01:02:28,3,run/data/m3/debug.log,8355
361,362,admin,12,10.000,10.000,+0.000,5.000,2000-01-01 01:02:57,2,run/data/admin/debug.log,3928
361,362,m1,12,10.000,10.000,+0.000,5.000,2000-01-01 01:02:42,3,run/data/m1/debug.log,42485
361,362,m2,12,10.000,10.000,+0.000,5.000,2000-01-01 01:02:42,3,run/data/m2/debug.log,19231
361,362,m3,12,10.000,10.000,+0.000,5.000,2000-01-01 01:02:43,3,run/data/m3/debug.log,8373
362,363,admin,12,10.333,10.000,-0.333,5.000,2000-01-01 01:03:08,2,run/data/admin/debug.log,3942
362,363,m1,12,10.333,10.000,-0.333,5.000,2000-01-01 01:02:57,3,run/data/m1/debug.log,42572
362,363,m2,12,10.333,10.000,-0.333,5.000,2000-01-01 01:02:57,3,run/data/m2/debug.log,19246
362,363,m3,12,10.333,10.000,-0.333,5.000,2000-01-01 01:02:57,3,run/data/m3/debug.log,8388
363,364,admin,12,10.583,10.000,-0.583,5.000,2000-01-01 01:03:23,2,run/data/admin/debug.log,3956
363,364,m1,12,10.583,10.000,-0.583,5.000,2000-01-01 01:03:08,3,run/data/m1/debug.log,42841
363,364,m2,12,10.583,10.000,-0.583,5.000,2000-01-01 01:03:09,3,run/data/m2/debug.log,19261
363,364,m3,12,10.583,10.000,-0.583,5.000,2000-01-01 01:03:08,3,run/data/m3/debug.log,8403
364,365,admin,12,11.083,10.000,-1.083,5.000,2000-01-01 01:03:33,2,run/data/admin/debug.log,3970
364,365,m1,12,11.083,10.000,-1.083,5.000,2000-01-01 01:03:23,3,run/data/m1/debug.log,42940
364,365,m2,12,11.083,10.000,-1.083,5.000,2000-01-01 01:03:25,3,run/data/m2/debug.log,19276
364,365,m3,12,11.083,10.000,-1.083,5.000,2000-01-01 01:03:23,3,run/data/m3/debug.log,8418
365,366,admin,12,11.000,10.000,-1.000,5.000,2000-01-01 01:03:40,5,run/data/admin/debug.log,3984
365,366,m1,12,11.000,10.000,-1.000,5.000,2000-01-01 01:03:33,6,run/data/m1/debug.log,42955
365,366,m2,12,11.000,10.000,-1.000,5.000,2000-01-01 01:03:32,6,run/data/m2/debug.log,19502
365,366,m3,12,11.000,10.000,-1.000,5.000,2000-01-01 01:03:33,6,run/data/m3/debug.log,8433
366,367,admin,12,10.583,10.000,-0.583,5.000,2000-01-01 01:03:48,2,run/data/admin/debug.log,4014
366,367,m1,12,10.583,10.000,-0.583,5.000,2000-01-01 01:03:40,3,run/data/m1/debug.log,43049
366,367,m2,12,10.583,10.000,-0.583,5.000,2000-01-01 01:03:40,3,run/data/m2/debug.log,19609
366,367,m3,12,10.583,10.000,-0.583,5.000,2000-01-01 01:03:40,3,run/data/m3/debug.log,8448
367,368,admin,12,10.583,10.000,-0.583,5.000,2000-01-01 01:03:54,2,run/data/admin/debug.log,4028
367,368,m1,12,10.583,10.000,-0.583,5.000,2000-01-01 01:03:47,3,run/data/m1/debug.log,43468
367,368,m2,12,10.583,10.000,-0.583,5.000,2000-01-01 01:03:49,3,run/data/m2/debug.log,19644
367,368,m3,12,10.583,10.000,-0.583,5.000,2000-01-01 01:03:48,3,run/data/m3/debug.log,8479
368,369,admin,12,10.583,10.000,-0.583,5.000,2000-01-01 01:04:05,2,run/data/admin/debug.log,4045
368,369,m1,12,10.583,10.000,-0.583,5.000,2000-01-01 01:03:54,3,run/data/m1/debug.log,43734
368,369,m2,12,10.583,10.000,-0.583,5.000,2000-01-01 01:03:54,3,run/data/m2/debug.log,19659
368,369,m3,12,10.583,10.000,-0.583,5.000,2000-01-01 01:03:54,3,run/data/m3/debug.log,8494
369,370,admin,12,10.833,10.000,-0.833,5.000,2000-01-01 01:04:21,2,run/data/admin/debug.log,4059
369,370,m1,12,10.833,10.000,-0.833,5.000,2000-01-01 01:04:05,3,run/data/m1/debug.log,43814
369,370,m2,12,10.833,10.000,-0.833,5.000,2000-01-01 01:04:06,3,run/data/m2/debug.log,19674
369,370,m3,12,10.833,10.000,-0.833,5.000,2000-01-01 01:04:05,3,run/data/m3/debug.log,8509
370,371,admin,12,11.417,10.000,-1.417,5.000,2000-01-01 01:04:31,2,run/data/admin/debug.log,4073
370,371,m1,12,11.417,10.000,-1.417,5.000,2000-01-01 01:04:20,3,run/data/m1/debug.log,43867
370,371,m2,12,11.417,10.000,-1.417,5.000,2000-01-01 01:04:22,3,run/data/m2/debug.log,19689
370,371,m3,12,11.417,10.000,-1.417,5.000,2000-01-01 01:04:21,3,run/data/m3/debug.log,8524
371,372,admin,12,11.333,10.000,-1.333,5.000,2000-01-01 01:04:37,2,run/data/admin/debug.log,4087
371,372,m1,12,11.333,10.000,-1.333,5.000,2000-01-01 01:04:30,3,run/data/m1/debug.log,44094
371,372,m2,12,11.333,10.000,-1.333,5.000,2000-01-01 01:04:32,3,run/data/m2/debug.log,19707
371,372,m3,12,11.333,10.000,-1.333,5.000,2000-01-01 01:04:31,3,run/data/m3/debug.log,8542
372,373,admin,12,10.833,10.000,-0.833,5.000,2000-01-01 01:04:45,2,run/data/admin/debug.log,4101
372,373,m1,12,10.833,10.000,-0.833,5.000,2000-01-01 01:04:37,3,run/data/m1/debug.log,44218
372,373,m2,12,10.833,10.000,-0.833,5.000,2000-01-01 01:04:38,3,run/data/m2/debug.log,19722
372,373,m3,12,10.833,10.000,-0.833,5.000,2000-01-01 01:04:37,3,run/data/m3/debug.log,8557
373,374,admin,12,10.250,10.000,-0.250,5.000,2000-01-01 01:04:53,2,run/data/admin/debug.log,4115
373,374,m1,12,10.250,10.000,-0.250,5.000,2000-01-01 01:04:45,3,run/data/m1/debug.log,44966
373,374,m2,12,10.250,10.000,-0.250,5.000,2000-01-01 01:04:46,3,run/data/m2/debug.log,19737
373,374,m3,12,10.250,10.000,-0.250,5.000,2000-01-01 01:04:46,3,run/data/m3/debug.log,8572
374,375,admin,12,9.583,10.000,+0.417,5.000,2000-01-01 01:05:02,2,run/data/admin/debug.log,4129
374,375,m1,12,9.583,10.000,+0.417,5.000,2000-01-01 01:04:52,3,run/data/m1/debug.log,45228
374,375,m2,12,9.583,10.000,+0.417,5.000,2000-01-01 01:04:54,3,run/data/m2/debug.log,19752
374,375,m3,12,9.583,10.000,+0.417,5.000,2000-01-01 01:04:54,3,run/data/m3/debug.log,8587
375,376,admin,12,9.500,10.000,+0.500,5.000,2000-01-01 01:05:09,2,run/data/admin/debug.log,4143
375,376,m1,12,9.500,10.000,+0.500,5.000,2000-01-01 01:05:02,3,run/data/m1/debug.log,45268
375,376,m2,12,9.500,10.000,+0.500,5.000,2000-01-01 01:05:04,3,run/data/m2/debug.log,19767
375,376,m3,12,9.500,10.000,+0.500,5.000,2000-01-01 01:05:02,3,run/data/m3/debug.log,8602
376,377,admin,12,8.833,10.000,+1.167,5.000,2000-01-01 01:05:18,2,run/data/admin/debug.log,4157
376,377,m1,12,8.833,10.000,+1.167,5.000,2000-01-01 01:05:09,3,run/data/m1/debug.log,45631
376,377,m2,12,8.833,10.000,+1.167,5.000,2000-01-01 01:05:10,3,run/data/m2/debug.log,19782
376,377,m3,12,8.833,10.000,+1.167,5.000,2000-01-01 01:05:10,3,run/data/m3/debug.log,8617
377,378,admin,12,8.833,10.000,+1.167,5.000,2000-01-01 01:05:28,2,run/data/admin/debug.log,4171
377,378,m1,12,8.833,10.000,+1.167,5.000,2000-01-01 01:05:18,3,run/data/m1/debug.log,45826
377,378,m2,12,8.833,10.000,+1.167,5.000,2000-01-01 01:05:19,3,run/data/m2/debug.log,19797
377,378,m3,12,8.833,10.000,+1.167,5.000,2000-01-01 01:05:19,3,run/data/m3/debug.log,8632
378,379,admin,12,8.917,10.000,+1.083,5.000,2000-01-01 01:05:43,2,run/data/admin/debug.log,4185
378,379,m1,12,8.917,10.000,+1.083,5.000,2000-01-01 01:05:27,3,run/data/m1/debug.log,45916
378,379,m2,12,8.917,10.000,+1.083,5.000,2000-01-01 01:05:29,3,run/data/m2/debug.log,19812
378,379,m3,12,8.917,10.000,+1.083,5.000,2000-01-01 01:05:29,3,run/data/m3/debug.log,8647
379,380,admin,12,9.667,10.000,+0.333,5.000,2000-01-01 01:05:57,2,run/data/admin/debug.log,4199
379,380,m1,12,9.667,10.000,+0.333,5.000,2000-01-01 01:05:43,3,run/data/m1/debug.log,46546
379,380,m2,12,9.667,10.000,+0.333,5.000,2000-01-01 01:05:44,3,run/data/m2/debug.log,19827
379,380,m3,12,9.667,10.000,+0.333,5.000,2000-01-01 01:05:44,3,run/data/m3/debug.log,8662
380,381,admin,12,10.167,10.000,-0.167,5.000,2000-01-01 01:06:08,2,run/data/admin/debug.log,4216
380,381,m1,12,10.167,10.000,-0.167,5.000,2000-01-01 01:05:57,3,run/data/m1/debug.log,46561
380,381,m2,12,10.167,10.000,-0.167,5.000,2000-01-01 01:05:56,3,run/data/m2/debug.log,20165
380,381,m3,12,10.167,10.000,-0.167,5.000,2000-01-01 01:05:57,3,run/data/m3/debug.log,8677
381,382,admin,12,10.167,10.000,-0.167,5.000,2000-01-01 01:06:20,2,run/data/admin/debug.log,4230
381,382,m1,12,10.167,10.000,-0.167,5.000,2000-01-01 01:06:07,3,run/data/m1/debug.log,46807
381,382,m2,12,10.167,10.000,-0.167,5.000,2000-01-01 01:06:08,3,run/data/m2/debug.log,20180
381,382,m3,12,10.167,10.000,-0.167,5.000,2000-01-01 01:06:08,3,run/data/m3/debug.log,8692
382,383,admin,12,10.000,10.000,+0.000,5.000,2000-01-01 01:06:33,2,run/data/admin/debug.log,4244
382,383,m1,12,10.000,10.000,+0.000,5.000,2000-01-01 01:06:20,3,run/data/m1/debug.log,46865
382,383,m2,12,10.000,10.000,+0.000,5.000,2000-01-01 01:06:22,3,run/data/m2/debug.log,20195
382,383,m3,12,10.000,10.000,+0.000,5.000,2000-01-01 01:06:22,3,run/data/m3/debug.log,8707
383,384,admin,12,10.167,10.000,-0.167,5.000,2000-01-01 01:06:43,2,run/data/admin/debug.log,4258
383,384,m1,12,10.167,10.000,-0.167,5.000,2000-01-01 01:06:32,3,run/data/m1/debug.log,47055
383,384,m2,12,10.167,10.000,-0.167,5.000,2000-01-01 01:06:34,3,run/data/m2/debug.log,20213
383,384,m3,12,10.167,10.000,-0.167,5.000,2000-01-01 01:06:34,3,run/data/m3/debug.log,8725
384,385,admin,12,10.500,10.000,-0.500,5.000,2000-01-01 01:06:49,2,run/data/admin/debug.log,4272
384,385,m1,12,10.500,10.000,-0.500,5.000,2000-01-01 01:06:43,3,run/data/m1/debug.log,47070
384,385,m2,12,10.500,10.000,-0.500,5.000,2000-01-01 01:06:43,3,run/data/m2/debug.log,20652
384,385,m3,12,10.500,10.000,-0.500,5.000,2000-01-01 01:06:44,3,run/data/m3/debug.log,8740
385,386,admin,12,10.333,10.000,-0.333,5.000,2000-01-01 01:07:04,2,run/data/admin/debug.log,4286
385,386,m1,12,10.333,10.000,-0.333,5.000,2000-01-01 01:06:49,3,run/data/m1/debug.log,47173
385,386,m2,12,10.333,10.000,-0.333,5.000,2000-01-01 01:06:50,3,run/data/m2/debug.log,20667
385,386,m3,12,10.333,10.000,-0.333,5.000,2000-01-01 01:06:50,3,run/data/m3/debug.log,8755
386,387,admin,12,10.917,10.000,-0.917,5.000,2000-01-01 01:07:16,2,run/data/admin/debug.log,4300
386,387,m1,12,10.917,10.000,-0.917,5.000,2000-01-01 01:07:03,3,run/data/m1/debug.log,47275
386,387,m2,12,10.917,10.000,-0.917,5.000,2000-01-01 01:07:05,3,run/data/m2/debug.log,20682
386,387,m3,12,10.917,10.000,-0.917,5.000,2000-01-01 01:07:05,3,run/data/m3/debug.log,8770
387,388,admin,12,11.167,10.000,-1.167,5.000,2000-01-01 01:07:27,2,run/data/admin/debug.log,4314
387,388,m1,12,11.167,10.000,-1.167,5.000,2000-01-01 01:07:16,3,run/data/m1/debug.log,47290
387,388,m2,12,11.167,10.000,-1.167,5.000,2000-01-01 01:07:16,3,run/data/m2/debug.log,21553
387,388,m3,12,11.167,10.000,-1.167,5.000,2000-01-01 01:07:17,3,run/data/m3/debug.log,8785
388,389,admin,12,11.417,10.000,-1.417,5.000,2000-01-01 01:07:40,2,run/data/admin/debug.log,4328
388,389,m1,12,11.417,10.000,-1.417,5.000,2000-01-01 01:07:26,3,run/data/m1/debug.log,47412
388,389,m2,12,11.417,10.000,-1.417,5.000,2000-01-01 01:07:28,3,run/data/m2/debug.log,21568
388,389,m3,12,11.417,10.000,-1.417,5.000,2000-01-01 01:07:28,3,run/data/m3/debug.log,8800
389,390,admin,12,11.833,10.000,-1.833,5.000,2000-01-01 01:07:48,2,run/data/admin/debug.log,4342
389,390,m1,12,11.833,10.000,-1.833,5.000,2000-01-01 01:07:41,3,run/data/m1/debug.log,47427
389,390,m2,12,11.833,10.000,-1.833,5.000,2000-01-01 01:07:41,3,run/data/m2/debug.log,21583
389,390,m3,12,11.833,10.000,-1.833,5.000,2000-01-01 01:07:40,3,run/data/m3/debug.log,9269
390,391,admin,12,11.667,10.000,-1.667,5.000,2000-01-01 01:08:00,2,run/data/admin/debug.log,4359
390,391,m1,12,11.667,10.000,-1.667,5.000,2000-01-01 01:07:47,3,run/data/m1/debug.log,47585
390,391,m2,12,11.667,10.000,-1.667,5.000,2000-01-01 01:07:49,3,run/data/m2/debug.log,21598
390,391,m3,12,11.667,10.000,-1.667,5.000,2000-01-01 01:07:49,3,run/data/m3/debug.log,9284
391,392,admin,12,11.333,10.000,-1.333,5.000,2000-01-01 01:08:13,2,run/data/admin/debug.log,4373
391,392,m1,12,11.333,10.000,-1.333,5.000,2000-01-01 01:07:59,3,run/data/m1/debug.log,47880
391,392,m2,12,11.333,10.000,-1.333,5.000,2000-01-01 01:08:01,3,run/data/m2/debug.log,21613
391,392,m3,12,11.333,10.000,-1.333,5.000,2000-01-01 01:08:01,3,run/data/m3/debug.log,9299
392,393,admin,12,11.417,10.000,-1.417,5.000,2000-01-01 01:08:20,2,run/data/admin/debug.log,4387
392,393,m1,12,11.417,10.000,-1.417,5.000,2000-01-01 01:08:13,3,run/data/m1/debug.log,48490
392,393,m2,12,11.417,10.000,-1.417,5.000,2000-01-01 01:08:13,3,run/data/m2/debug.log,21628
392,393,m3,12,11.417,10.000,-1.417,5.000,2000-01-01 01:08:14,3,run/data/m3/debug.log,9314
393,394,admin,12,11.083,10.000,-1.083,5.000,2000-01-01 01:08:27,5,run/data/admin/debug.log,4401
393,394,m1,12,11.083,10.000,-1.083,5.000,2000-01-01 01:08:20,6,run/data/m1/debug.log,49234
393,394,m2,12,11.083,10.000,-1.083,5.000,2000-01-01 01:08:22,6,run/data/m2/debug.log,21716
393,394,m3,12,11.083,10.000,-1.083,5.000,2000-01-01 01:08:22,6,run/data/m3/debug.log,9329
394,395,admin,12,10.583,10.000,-0.583,5.000,2000-01-01 01:08:42,2,run/data/admin/debug.log,4431
394,395,m1,12,10.583,10.000,-0.583,5.000,2000-01-01 01:08:27,3,run/data/m1/debug.log,49621
394,395,m2,12,10.583,10.000,-0.583,5.000,2000-01-01 01:08:27,3,run/data/m2/debug.log,22144
394,395,m3,12,10.583,10.000,-0.583,5.000,2000-01-01 01:08:28,3,run/data/m3/debug.log,9360
395,396,admin,12,10.750,10.000,-0.750,5.000,2000-01-01 01:08:54,2,run/data/admin/debug.log,4445
395,396,m1,12,10.750,10.000,-0.750,5.000,2000-01-01 01:08:41,3,run/data/m1/debug.log,50084
395,396,m2,12,10.750,10.000,-0.750,5.000,2000-01-01 01:08:42,3,run/data/m2/debug.log,22182
395,396,m3,12,10.750,10.000,-0.750,5.000,2000-01-01 01:08:42,3,run/data/m3/debug.log,9378
396,397,admin,12,10.833,10.000,-0.833,5.000,2000-01-01 01:09:07,2,run/data/admin/debug.log,4459
396,397,m1,12,10.833,10.000,-0.833,5.000,2000-01-01 01:08:53,3,run/data/m1/debug.log,50737
396,397,m2,12,10.833,10.000,-0.833,5.000,2000-01-01 01:08:55,3,run/data/m2/debug.log,22197
396,397,m3,12,10.833,10.000,-0.833,5.000,2000-01-01 01:08:55,3,run/data/m3/debug.log,9393
397,398,admin,12,11.417,10.000,-1.417,5.000,2000-01-01 01:09:21,2,run/data/admin/debug.log,4473
397,398,m1,12,11.417,10.000,-1.417,5.000,2000-01-01 01:09:07,3,run/data/m1/debug.log,51107
397,398,m2,12,11.417,10.000,-1.417,5.000,2000-01-01 01:09:08,3,run/data/m2/debug.log,22212
397,398,m3,12,11.417,10.000,-1.417,5.000,2000-01-01 01:09:08,3,run/data/m3/debug.log,9408
398,399,admin,12,11.500,10.000,-1.500,5.000,2000-01-01 01:09:32,2,run/data/admin/debug.log,4487
398,399,m1,12,11.500,10.000,-1.500,5.000,2000-01-01 01:09:21,3,run/data/m1/debug.log,51624
398,399,m2,12,11.500,10.000,-1.500,5.000,2000-01-01 01:09:22,3,run/data/m2/debug.log,22227
398,399,m3,12,11.500,10.000,-1.500,5.000,2000-01-01 01:09:22,3,run/data/m3/debug.log,9423
399,400,admin,12,11.333,10.000,-1.333,5.000,2000-01-01 01:09:46,2,run/data/admin/debug.log,4501
399,400,m1,12,11.333,10.000,-1.333,5.000,2000-01-01 01:09:32,3,run/data/m1/debug.log,51731
399,400,m2,12,11.333,10.000,-1.333,5.000,2000-01-01 01:09:33,3,run/data/m2/debug.log,22242
399,400,m3,12,11.333,10.000,-1.333,5.000,2000-01-01 01:09:33,3,run/data/m3/debug.log,9438
400,401,admin,12,11.583,10.000,-1.583,5.000,2000-01-01 01:10:01,2,run/data/admin/debug.log,4518
400,401,m1,12,11.583,10.000,-1.583,5.000,2000-01-01 01:09:46,3,run/data/m1/debug.log,51746
400,401,m2,12,11.583,10.000,-1.583,5.000,2000-01-01 01:09:46,3,run/data/m2/debug.log,22257
400,401,m3,12,11.583,10.000,-1.583,5.000,2000-01-01 01:09:45,3,run/data/m3/debug.log,9754
401,402,admin,12,11.750,10.000,-1.750,5.000,2000-01-01 01:10:12,2,run/data/admin/debug.log,4534
401,402,m1,12,11.750,10.000,-1.750,5.000,2000-01-01 01:10:02,3,run/data/m1/debug.log,51762
401,402,m2,12,11.750,10.000,-1.750,5.000,2000-01-01 01:10:02,3,run/data/m2/debug.log,22273
401,402,m3,12,11.750,10.000,-1.750,5.000,2000-01-01 01:10:01,3,run/data/m3/debug.log,9829
402,403,admin,12,12.000,10.000,-2.000,5.000,2000-01-01 01:10:26,5,run/data/admin/debug.log,4548
402,403,m1,12,12.000,10.000,-2.000,5.000,2000-01-01 01:10:11,6,run/data/m1/debug.log,51796
402,403,m2,12,12.000,10.000,-2.000,5.000,2000-01-01 01:10:13,6,run/data/m2/debug.log,22288
402,403,m3,12,12.000,10.000,-2.000,5.000,2000-01-01 01:10:13,6,run/data/m3/debug.log,9844
403,404,admin,12,12.250,10.000,-2.250,5.000,2000-01-01 01:10:33,2,run/data/admin/debug.log,4578
403,404,m1,12,12.250,10.000,-2.250,5.000,2000-01-01 01:10:26,3,run/data/m1/debug.log,51816
403,404,m2,12,12.250,10.000,-2.250,5.000,2000-01-01 01:10:26,3,run/data/m2/debug.log,22815
403,404,m3,12,12.250,10.000,-2.250,5.000,2000-01-01 01:10:27,3,run/data/m3/debug.log,9875
404,405,admin,12,11.583,10.000,-1.583,5.000,2000-01-01 01:10:47,2,run/data/admin/debug.log,4592
404,405,m1,12,11.583,10.000,-1.583,5.000,2000-01-01 01:10:32,3,run/data/m1/debug.log,51879
404,405,m2,12,11.583,10.000,-1.583,5.000,2000-01-01 01:10:34,3,run/data/m2/debug.log,22853
404,405,m3,12,11.583,10.000,-1.583,5.000,2000-01-01 01:10:34,3,run/data/m3/debug.log,9893
405,406,admin,12,12.250,10.000,-2.250,5.000,2000-01-01 01:10:59,2,run/data/admin/debug.log,4607
405,406,m1,12,12.250,10.000,-2.250,5.000,2000-01-01 01:10:47,3,run/data/m1/debug.log,52498
405,406,m2,12,12.250,10.000,-2.250,5.000,2000-01-01 01:10:48,3,run/data/m2/debug.log,22868
405,406,m3,12,12.250,10.000,-2.250,5.000,2000-01-01 01:10:48,3,run/data/m3/debug.log,9908
406,407,admin,12,12.667,10.000,-2.667,5.000,2000-01-01 01:11:06,2,run/data/admin/debug.log,4621
406,407,m1,12,12.667,10.000,-2.667,5.000,2000-01-01 01:10:59,3,run/data/m1/debug.log,52891
406,407,m2,12,12.667,10.000,-2.667,5.000,2000-01-01 01:11:00,3,run/data/m2/debug.log,22888
406,407,m3,12,12.667,10.000,-2.667,5.000,2000-01-01 01:11:00,3,run/data/m3/debug.log,9928
407,408,admin,12,12.083,10.000,-2.083,5.000,2000-01-01 01:11:16,5,run/data/admin/debug.log,4635
407,408,m1,12,12.083,10.000,-2.083,5.000,2000-01-01 01:11:06,6,run/data/m1/debug.log,52906
407,408,m2,12,12.083,10.000,-2.083,5.000,2000-01-01 01:11:07,6,run/data/m2/debug.log,22903
407,408,m3,12,12.083,10.000,-2.083,5.000,2000-01-01 01:11:06,6,run/data/m3/debug.log,10010
408,409,admin,12,11.833,10.000,-1.833,5.000,2000-01-01 01:11:30,5,run/data/admin/debug.log,4665
408,409,m1,12,11.833,10.000,-1.833,5.000,2000-01-01 01:11:15,6,run/data/m1/debug.log,53079
408,409,m2,12,11.833,10.000,-1.833,5.000,2000-01-01 01:11:15,6,run/data/m2/debug.log,23068
408,409,m3,12,11.833,10.000,-1.833,5.000,2000-01-01 01:11:17,6,run/data/m3/debug.log,10041
409,410,admin,12,12.000,10.000,-2.000,5.000,2000-01-01 01:11:41,2,run/data/admin/debug.log,4695
409,410,m1,12,12.000,10.000,-2.000,5.000,2000-01-01 01:11:30,3,run/data/m1/debug.log,53863
409,410,m2,12,12.000,10.000,-2.000,5.000,2000-01-01 01:11:30,3,run/data/m2/debug.log,23584
409,410,m3,12,12.000,10.000,-2.000,5.000,2000-01-01 01:11:31,3,run/data/m3/debug.log,10072
410,411,admin,12,11.667,10.000,-1.667,5.000,2000-01-01 01:11:52,5,run/data/admin/debug.log,4709
410,411,m1,12,11.667,10.000,-1.667,5.000,2000-01-01 01:11:41,6,run/data/m1/debug.log,54817
410,411,m2,12,11.667,10.000,-1.667,5.000,2000-01-01 01:11:42,6,run/data/m2/debug.log,23622
410,411,m3,12,11.667,10.000,-1.667,5.000,2000-01-01 01:11:42,6,run/data/m3/debug.log,10087
411,412,admin,12,11.667,10.000,-1.667,5.000,2000-01-01 01:12:01,2,run/data/admin/debug.log,4742
411,412,m1,12,11.667,10.000,-1.667,5.000,2000-01-01 01:11:52,3,run/data/m1/debug.log,55019
411,412,m2,12,11.667,10.000,-1.667,5.000,2000-01-01 01:11:52,3,run/data/m2/debug.log,23671
411,412,m3,12,11.667,10.000,-1.667,5.000,2000-01-01 01:11:53,3,run/data/m3/debug.log,10118
412,413,admin,12,11.250,10.000,-1.250,5.000,2000-01-01 01:12:15,5,run/data/admin/debug.log,4756
412,413,m1,12,11.250,10.000,-1.250,5.000,2000-01-01 01:12:00,6,run/data/m1/debug.log,55188
412,413,m2,12,11.250,10.000,-1.250,5.000,2000-01-01 01:12:02,6,run/data/m2/debug.log,23706
412,413,m3,12,11.250,10.000,-1.250,5.000,2000-01-01 01:12:02,6,run/data/m3/debug.log,10133
413,414,admin,12,11.167,10.000,-1.167,5.000,2000-01-01 01:12:21,2,run/data/admin/debug.log,4786
413,414,m1,12,11.167,10.000,-1.167,5.000,2000-01-01 01:12:15,3,run/data/m1/debug.log,56411
413,414,m2,12,11.167,10.000,-1.167,5.000,2000-01-01 01:12:15,3,run/data/m2/debug.log,23734
413,414,m3,12,11.167,10.000,-1.167,5.000,2000-01-01 01:12:16,3,run/data/m3/debug.log,10164
414,415,admin,12,10.750,10.000,-0.750,5.000,2000-01-01 01:12:36,5,run/data/admin/debug.log,4804
414,415,m1,12,10.750,10.000,-0.750,5.000,2000-01-01 01:12:21,6,run/data/m1/debug.log,56446
414,415,m2,12,10.750,10.000,-0.750,5.000,2000-01-01 01:12:20,6,run/data/m2/debug.log,23808
414,415,m3,12,10.750,10.000,-0.750,5.000,2000-01-01 01:12:21,6,run/data/m3/debug.log,10183
415,416,admin,12,10.833,10.000,-0.833,5.000,2000-01-01 01:12:49,5,run/data/admin/debug.log,4834
415,416,m1,12,10.833,10.000,-0.833,5.000,2000-01-01 01:12:36,6,run/data/m1/debug.log,56565
415,416,m2,12,10.833,10.000,-0.833,5.000,2000-01-01 01:12:36,6,run/data/m2/debug.log,24153
415,416,m3,12,10.833,10.000,-0.833,5.000,2000-01-01 01:12:37,6,run/data/m3/debug.log,10217
416,417,admin,12,11.417,10.000,-1.417,5.000,2000-01-01 01:12:59,2,run/data/admin/debug.log,4868
416,417,m1,12,11.417,10.000,-1.417,5.000,2000-01-01 01:12:49,3,run/data/m1/debug.log,56625
416,417,m2,12,11.417,10.000,-1.417,5.000,2000-01-01 01:12:49,3,run/data/m2/debug.log,24227
416,417,m3,12,11.417,10.000,-1.417,5.000,2000-01-01 01:12:50,3,run/data/m3/debug.log,10248
417,418,admin,12,11.000,10.000,-1.000,5.000,2000-01-01 01:13:14,2,run/data/admin/debug.log,4889
417,418,m1,12,11.000,10.000,-1.000,5.000,2000-01-01 01:13:00,3,run/data/m1/debug.log,56663
417,418,m2,12,11.000,10.000,-1.000,5.000,2000-01-01 01:12:59,3,run/data/m2/debug.log,24273
417,418,m3,12,11.000,10.000,-1.000,5.000,2000-01-01 01:13:00,3,run/data/m3/debug.log,10270
418,419,admin,12,11.250,10.000,-1.250,5.000,2000-01-01 01:13:26,2,run/data/admin/debug.log,4903
418,419,m1,12,11.250,10.000,-1.250,5.000,2000-01-01 01:13:15,3,run/data/m1/debug.log,56678
418,419,m2,12,11.250,10.000,-1.250,5.000,2000-01-01 01:13:14,3,run/data/m2/debug.log,24367
418,419,m3,12,11.250,10.000,-1.250,5.000,2000-01-01 01:13:15,3,run/data/m3/debug.log,10285
419,420,admin,12,11.583,10.000,-1.583,5.000,2000-01-01 01:13:39,2,run/data/admin/debug.log,4917
419,420,m1,12,11.583,10.000,-1.583,5.000,2000-01-01 01:13:25,3,run/data/m1/debug.log,56878
419,420,m2,12,11.583,10.000,-1.583,5.000,2000-01-01 01:13:26,3,run/data/m2/debug.log,24382
419,420,m3,12,11.583,10.000,-1.583,5.000,2000-01-01 01:13:26,3,run/data/m3/debug.log,10300
420,421,admin,12,11.917,10.000,-1.917,5.000,2000-01-01 01:13:48,2,run/data/admin/debug.log,4931
420,421,m1,12,11.917,10.000,-1.917,5.000,2000-01-01 01:13:39,3,run/data/m1/debug.log,56893
420,421,m2,12,11.917,10.000,-1.917,5.000,2000-01-01 01:13:38,3,run/data/m2/debug.log,24777
420,421,m3,12,11.917,10.000,-1.917,5.000,2000-01-01 01:13:40,3,run/data/m3/debug.log,10315
421,422,admin,12,11.417,10.000,-1.417,5.000,2000-01-01 01:13:59,2,run/data/admin/debug.log,4945
421,422,m1,12,11.417,10.000,-1.417,5.000,2000-01-01 01:13:48,3,run/data/m1/debug.log,56908
421,422,m2,12,11.417,10.000,-1.417,5.000,2000-01-01 01:13:47,3,run/data/m2/debug.log,25005
421,422,m3,12,11.417,10.000,-1.417,5.000,2000-01-01 01:13:48,3,run/data/m3/debug.log,10330
422,423,admin,12,11.417,10.000,-1.417,5.000,2000-01-01 01:14:04,2,run/data/admin/debug.log,4962
422,423,m1,12,11.417,10.000,-1.417,5.000,2000-01-01 01:13:58,3,run/data/m1/debug.log,57409
422,423,m2,12,11.417,10.000,-1.417,5.000,2000-01-01 01:13:59,3,run/data/m2/debug.log,25020
422,423,m3,12,11.417,10.000,-1.417,5.000,2000-01-01 01:13:59,3,run/data/m3/debug.log,10345
423,424,admin,12,11.000,10.000,-1.000,5.000,2000-01-01 01:14:12,2,run/data/admin/debug.log,4976
423,424,m1,12,11.000,10.000,-1.000,5.000,2000-01-01 01:14:04,3,run/data/m1/debug.log,57444
423,424,m2,12,11.000,10.000,-1.000,5.000,2000-01-01 01:14:05,3,run/data/m2/debug.log,25035
423,424,m3,12,11.000,10.000,-1.000,5.000,2000-01-01 01:14:05,3,run/data/m3/debug.log,10360
424,425,admin,12,10.917,10.000,-0.917,5.000,2000-01-01 01:14:26,5,run/data/admin/debug.log,4990
424,425,m1,12,10.917,10.000,-0.917,5.000,2000-01-01 01:14:11,6,run/data/m1/debug.log,58020
424,425,m2,12,10.917,10.000,-0.917,5.000,2000-01-01 01:14:13,6,run/data/m2/debug.log,25050
424,425,m3,12,10.917,10.000,-0.917,5.000,2000-01-01 01:14:13,6,run/data/m3/debug.log,10375
425,426,admin,12,10.917,10.000,-0.917,5.000,2000-01-01 01:14:33,2,run/data/admin/debug.log,5020
425,426,m1,12,10.917,10.000,-0.917,5.000,2000-01-01 01:14:26,3,run/data/m1/debug.log,58111
425,426,m2,12,10.917,10.000,-0.917,5.000,2000-01-01 01:14:26,3,run/data/m2/debug.log,25230
425,426,m3,12,10.917,10.000,-0.917,5.000,2000-01-01 01:14:27,3,run/data/m3/debug.log,10406
426,427,admin,12,11.000,10.000,-1.000,5.000,2000-01-01 01:14:48,2,run/data/admin/debug.log,5038
426,427,m1,12,11.000,10.000,-1.000,5.000,2000-01-01 01:14:32,3,run/data/m1/debug.log,58357
426,427,m2,12,11.000,10.000,-1.000,5.000,2000-01-01 01:14:33,3,run/data/m2/debug.log,25268
426,427,m3,12,11.000,10.000,-1.000,5.000,2000-01-01 01:14:33,3,run/data/m3/debug.log,10424
427,428,admin,12,11.000,10.000,-1.000,5.000,2000-01-01 01:14:59,2,run/data/admin/debug.log,5052
427,428,m1,12,11.000,10.000,-1.000,5.000,2000-01-01 01:14:48,3,run/data/m1/debug.log,58604
427,428,m2,12,11.000,10.000,-1.000,5.000,2000-01-01 01:14:49,3,run/data/m2/debug.log,25283
427,428,m3,12,11.000,10.000,-1.000,5.000,2000-01-01 01:14:49,3,run/data/m3/debug.log,10439
428,429,admin,12,10.833,10.000,-0.833,5.000,2000-01-01 01:15:14,5,run/data/admin/debug.log,5066
428,429,m1,12,10.833,10.000,-0.833,5.000,2000-01-01 01:15:00,6,run/data/m1/debug.log,58619
428,429,m2,12,10.833,10.000,-0.833,5.000,2000-01-01 01:14:59,6,run/data/m2/debug.log,25453
428,429,m3,12,10.833,10.000,-0.833,5.000,2000-01-01 01:15:00,6,run/data/m3/debug.log,10454
429,430,admin,12,11.250,10.000,-1.250,5.000,2000-01-01 01:15:25,2,run/data/admin/debug.log,5096
429,430,m1,12,11.250,10.000,-1.250,5.000,2000-01-01 01:15:14,3,run/data/m1/debug.log,58736
429,430,m2,12,11.250,10.000,-1.250,5.000,2000-01-01 01:15:14,3,run/data/m2/debug.log,25561
429,430,m3,12,11.250,10.000,-1.250,5.000,2000-01-01 01:15:15,3,run/data/m3/debug.log,10485
430,431,admin,12,10.833,10.000,-0.833,5.000,2000-01-01 01:15:30,2,run/data/admin/debug.log,5114
430,431,m1,12,10.833,10.000,-0.833,5.000,2000-01-01 01:15:24,3,run/data/m1/debug.log,58937
430,431,m2,12,10.833,10.000,-0.833,5.000,2000-01-01 01:15:25,3,run/data/m2/debug.log,25596
430,431,m3,12,10.833,10.000,-0.833,5.000,2000-01-01 01:15:25,3,run/data/m3/debug.log,10500
431,432,admin,12,10.417,10.000,-0.417,5.000,2000-01-01 01:15:44,2,run/data/admin/debug.log,5128
431,432,m1,12,10.417,10.000,-0.417,5.000,2000-01-01 01:15:30,3,run/data/m1/debug.log,59008
431,432,m2,12,10.417,10.000,-0.417,5.000,2000-01-01 01:15:31,3,run/data/m2/debug.log,25611
431,432,m3,12,10.417,10.000,-0.417,5.000,2000-01-01 01:15:31,3,run/data/m3/debug.log,10515
432,433,admin,12,10.500,10.000,-0.500,5.000,2000-01-01 01:15:52,2,run/data/admin/debug.log,5142
432,433,m1,12,10.500,10.000,-0.500,5.000,2000-01-01 01:15:44,3,run/data/m1/debug.log,59063
432,433,m2,12,10.500,10.000,-0.500,5.000,2000-01-01 01:15:45,3,run/data/m2/debug.log,25626
432,433,m3,12,10.500,10.000,-0.500,5.000,2000-01-01 01:15:45,3,run/data/m3/debug.log,10530
433,434,admin,12,10.417,10.000,-0.417,5.000,2000-01-01 01:16:04,2,run/data/admin/debug.log,5159
433,434,m1,12,10.417,10.000,-0.417,5.000,2000-01-01 01:15:52,3,run/data/m1/debug.log,59103
433,434,m2,12,10.417,10.000,-0.417,5.000,2000-01-01 01:15:53,3,run/data/m2/debug.log,25641
433,434,m3,12,10.417,10.000,-0.417,5.000,2000-01-01 01:15:53,3,run/data/m3/debug.log,10545
434,435,admin,12,10.500,10.000,-0.500,5.000,2000-01-01 01:16:15,2,run/data/admin/debug.log,5173
434,435,m1,12,10.500,10.000,-0.500,5.000,2000-01-01 01:16:04,3,run/data/m1/debug.log,59218
434,435,m2,12,10.500,10.000,-0.500,5.000,2000-01-01 01:16:05,3,run/data/m2/debug.log,25656
434,435,m3,12,10.500,10.000,-0.500,5.000,2000-01-01 01:16:05,3,run/data/m3/debug.log,10560
435,436,admin,12,10.917,10.000,-0.917,5.000,2000-01-01 01:16:26,2,run/data/admin/debug.log,5187
435,436,m1,12,10.917,10.000,-0.917,5.000,2000-01-01 01:16:15,3,run/data/m1/debug.log,59507
435,436,m2,12,10.917,10.000,-0.917,5.000,2000-01-01 01:16:16,3,run/data/m2/debug.log,25671
435,436,m3,12,10.917,10.000,-0.917,5.000,2000-01-01 01:16:16,3,run/data/m3/debug.log,10575
436,437,admin,12,11.250,10.000,-1.250,5.000,2000-01-01 01:16:39,2,run/data/admin/debug.log,5201
436,437,m1,12,11.250,10.000,-1.250,5.000,2000-01-01 01:16:26,3,run/data/m1/debug.log,59580
436,437,m2,12,11.250,10.000,-1.250,5.000,2000-01-01 01:16:27,3,run/data/m2/debug.log,25686
436,437,m3,12,11.250,10.000,-1.250,5.000,2000-01-01 01:16:27,3,run/data/m3/debug.log,10590
437,438,admin,12,11.083,10.000,-1.083,5.000,2000-01-01 01:16:45,2,run/data/admin/debug.log,5215
437,438,m1,12,11.083,10.000,-1.083,5.000,2000-01-01 01:16:39,3,run/data/m1/debug.log,59633
437,438,m2,12,11.083,10.000,-1.083,5.000,2000-01-01 01:16:40,3,run/data/m2/debug.log,25704
437,438,m3,12,11.083,10.000,-1.083,5.000,2000-01-01 01:16:40,3,run/data/m3/debug.log,10608
438,439,admin,12,11.000,10.000,-1.000,5.000,2000-01-01 01:16:55,2,run/data/admin/debug.log,5229
438,439,m1,12,11.000,10.000,-1.000,5.000,2000-01-01 01:16:44,3,run/data/m1/debug.log,59768
438,439,m2,12,11.000,10.000,-1.000,5.000,2000-01-01 01:16:45,3,run/data/m2/debug.log,25719
438,439,m3,12,11.000,10.000,-1.000,5.000,2000-01-01 01:16:45,3,run/data/m3/debug.log,10623
439,440,admin,12,10.500,10.000,-0.500,5.000,2000-01-01 01:17:01,2,run/data/admin/debug.log,5243
439,440,m1,12,10.500,10.000,-0.500,5.000,2000-01-01 01:16:54,3,run/data/m1/debug.log,59967
439,440,m2,12,10.500,10.000,-0.500,5.000,2000-01-01 01:16:55,3,run/data/m2/debug.log,25734
439,440,m3,12,10.500,10.000,-0.500,5.000,2000-01-01 01:16:55,3,run/data/m3/debug.log,10638
440,441,admin,12,10.167,10.000,-0.167,5.000,2000-01-01 01:17:08,2,run/data/admin/debug.log,5257
440,441,m1,12,10.167,10.000,-0.167,5.000,2000-01-01 01:17:01,3,run/data/m1/debug.log,60183
440,441,m2,12,10.167,10.000,-0.167,5.000,2000-01-01 01:17:02,3,run/data/m2/debug.log,25749
440,441,m3,12,10.167,10.000,-0.167,5.000,2000-01-01 01:17:02,3,run/data/m3/debug.log,10653
441,442,admin,12,9.417,10.000,+0.583,5.000,2000-01-01 01:17:19,2,run/data/admin/debug.log,5271
441,442,m1,12,9.417,10.000,+0.583,5.000,2000-01-01 01:17:07,3,run/data/m1/debug.log,60304
441,442,m2,12,9.417,10.000,+0.583,5.000,2000-01-01 01:17:09,3,run/data/m2/debug.log,25764
441,442,m3,12,9.417,10.000,+0.583,5.000,2000-01-01 01:17:09,3,run/data/m3/debug.log,10668
442,443,admin,12,9.500,10.000,+0.500,5.000,2000-01-01 01:17:34,2,run/data/admin/debug.log,5285
442,443,m1,12,9.500,10.000,+0.500,5.000,2000-01-01 01:17:20,3,run/data/m1/debug.log,60319
442,443,m2,12,9.500,10.000,+0.500,5.000,2000-01-01 01:17:18,3,run/data/m2/debug.log,25782
442,443,m3,12,9.500,10.000,+0.500,5.000,2000-01-01 01:17:20,3,run/data/m3/debug.log,10683
443,444,admin,12,10.333,10.000,-0.333,5.000,2000-01-01 01:17:45,2,run/data/admin/debug.log,5299
443,444,m1,12,10.333,10.000,-0.333,5.000,2000-01-01 01:17:35,3,run/data/m1/debug.log,60334
443,444,m2,12,10.333,10.000,-0.333,5.000,2000-01-01 01:17:34,3,run/data/m2/debug.log,25911
443,444,m3,12,10.333,10.000,-0.333,5.000,2000-01-01 01:17:35,3,run/data/m3/debug.log,10698
444,445,admin,12,10.083,10.000,-0.083,5.000,2000-01-01 01:17:53,2,run/data/admin/debug.log,5313
444,445,m1,12,10.083,10.000,-0.083,5.000,2000-01-01 01:17:46,3,run/data/m1/debug.log,60349
444,445,m2,12,10.083,10.000,-0.083,5.000,2000-01-01 01:17:45,3,run/data/m2/debug.log,26033
444,445,m3,12,10.083,10.000,-0.083,5.000,2000-01-01 01:17:46,3,run/data/m3/debug.log,10713
445,446,admin,12,10.083,10.000,-0.083,5.000,2000-01-01 01:18:06,2,run/data/admin/debug.log,5330
445,446,m1,12,10.083,10.000,-0.083,5.000,2000-01-01 01:17:53,3,run/data/m1/debug.log,60396
445,446,m2,12,10.083,10.000,-0.083,5.000,2000-01-01 01:17:54,3,run/data/m2/debug.log,26050
445,446,m3,12,10.083,10.000,-0.083,5.000,2000-01-01 01:17:54,3,run/data/m3/debug.log,10728
446,447,admin,12,10.167,10.000,-0.167,5.000,2000-01-01 01:18:12,2,run/data/admin/debug.log,5344
446,447,m1,12,10.167,10.000,-0.167,5.000,2000-01-01 01:18:06,3,run/data/m1/debug.log,61001
446,447,m2,12,10.167,10.000,-0.167,5.000,2000-01-01 01:18:07,3,run/data/m2/debug.log,26065
446,447,m3,12,10.167,10.000,-0.167,5.000,2000-01-01 01:18:07,3,run/data/m3/debug.log,10743
447,448,admin,12,9.667,10.000,+0.333,5.000,2000-01-01 01:18:20,2,run/data/admin/debug.log,5358
447,448,m1,12,9.667,10.000,+0.333,5.000,2000-01-01 01:18:11,3,run/data/m1/debug.log,61170
447,448,m2,12,9.667,10.000,+0.333,5.000,2000-01-01 01:18:12,3,run/data/m2/debug.log,26080
447,448,m3,12,9.667,10.000,+0.333,5.000,2000-01-01 01:18:12,3,run/data/m3/debug.log,10758
448,449,admin,12,9.417,10.000,+0.583,5.000,2000-01-01 01:18:26,2,run/data/admin/debug.log,5372
448,449,m1,12,9.417,10.000,+0.583,5.000,2000-01-01 01:18:19,3,run/data/m1/debug.log,61192
448,449,m2,12,9.417,10.000,+0.583,5.000,2000-01-01 01:18:20,3,run/data/m2/debug.log,26095
448,449,m3,12,9.417,10.000,+0.583,5.000,2000-01-01 01:18:20,3,run/data/m3/debug.log,10773
449,450,admin,12,8.917,10.000,+1.083,5.000,2000-01-01 01:18:33,5,run/data/admin/debug.log,5386
449,450,m1,12,8.917,10.000,+1.083,5.000,2000-01-01 01:18:26,6,run/data/m1/debug.log,61726
449,450,m2,12,8.917,10.000,+1.083,5.000,2000-01-01 01:18:27,6,run/data/m2/debug.log,26110
449,450,m3,12,8.917,10.000,+1.083,5.000,2000-01-01 01:18:27,6,run/data/m3/debug.log,10788
450,451,admin,12,9.000,10.000,+1.000,5.000,2000-01-01 01:18:42,2,run/data/admin/debug.log,5416
450,451,m1,12,9.000,10.000,+1.000,5.000,2000-01-01 01:18:32,3,run/data/m1/debug.log,61811
450,451,m2,12,9.000,10.000,+1.000,5.000,2000-01-01 01:18:32,3,run/data/m2/debug.log,26355
450,451,m3,12,9.000,10.000,+1.000,5.000,2000-01-01 01:18:33,3,run/data/m3/debug.log,10822
451,452,admin,12,9.000,10.000,+1.000,5.000,2000-01-01 01:18:54,2,run/data/admin/debug.log,5430
451,452,m1,12,9.000,10.000,+1.000,5.000,2000-01-01 01:18:43,3,run/data/m1/debug.log,61846
451,452,m2,12,9.000,10.000,+1.000,5.000,2000-01-01 01:18:42,3,run/data/m2/debug.log,26582
451,452,m3,12,9.000,10.000,+1.000,5.000,2000-01-01 01:18:43,3,run/data/m3/debug.log,10837
452,453,admin,12,9.417,10.000,+0.583,5.000,2000-01-01 01:19:06,2,run/data/admin/debug.log,5444
452,453,m1,12,9.417,10.000,+0.583,5.000,2000-01-01 01:18:54,3,run/data/m1/debug.log,62023
452,453,m2,12,9.417,10.000,+0.583,5.000,2000-01-01 01:18:55,3,run/data/m2/debug.log,26597
452,453,m3,12,9.417,10.000,+0.583,5.000,2000-01-01 01:18:55,3,run/data/m3/debug.log,10852
453,454,admin,12,9.833,10.000,+0.167,5.000,2000-01-01 01:19:14,2,run/data/admin/debug.log,5458
453,454,m1,12,9.833,10.000,+0.167,5.000,2000-01-01 01:19:05,3,run/data/m1/debug.log,62312
453,454,m2,12,9.833,10.000,+0.167,5.000,2000-01-01 01:19:06,3,run/data/m2/debug.log,26612
453,454,m3,12,9.833,10.000,+0.167,5.000,2000-01-01 01:19:06,3,run/data/m3/debug.log,10867
454,455,admin,12,9.667,10.000,+0.333,5.000,2000-01-01 01:19:28,2,run/data/admin/debug.log,5472
454,455,m1,12,9.667,10.000,+0.333,5.000,2000-01-01 01:19:15,3,run/data/m1/debug.log,62327
454,455,m2,12,9.667,10.000,+0.333,5.000,2000-01-01 01:19:14,3,run/data/m2/debug.log,26735
454,455,m3,12,9.667,10.000,+0.333,5.000,2000-01-01 01:19:15,3,run/data/m3/debug.log,10882
455,456,admin,12,9.417,10.000,+0.583,5.000,2000-01-01 01:19:42,2,run/data/admin/debug.log,5486
455,456,m1,12,9.417,10.000,+0.583,5.000,2000-01-01 01:19:28,3,run/data/m1/debug.log,62342
455,456,m2,12,9.417,10.000,+0.583,5.000,2000-01-01 01:19:27,3,run/data/m2/debug.log,26944
455,456,m3,12,9.417,10.000,+0.583,5.000,2000-01-01 01:19:28,3,run/data/m3/debug.log,10897
456,457,admin,12,9.750,10.000,+0.250,5.000,2000-01-01 01:19:57,5,run/data/admin/debug.log,5500
456,457,m1,12,9.750,10.000,+0.250,5.000,2000-01-01 01:19:42,6,run/data/m1/debug.log,62494
456,457,m2,12,9.750,10.000,+0.250,5.000,2000-01-01 01:19:43,6,run/data/m2/debug.log,26959
456,457,m3,12,9.750,10.000,+0.250,5.000,2000-01-01 01:19:43,6,run/data/m3/debug.log,10912
457,458,admin,12,10.333,10.000,-0.333,5.000,2000-01-01 01:20:07,2,run/data/admin/debug.log,5533
457,458,m1,12,10.333,10.000,-0.333,5.000,2000-01-01 01:19:57,3,run/data/m1/debug.log,62557
457,458,m2,12,10.333,10.000,-0.333,5.000,2000-01-01 01:19:57,3,run/data/m2/debug.log,26993
457,458,m3,12,10.333,10.000,-0.333,5.000,2000-01-01 01:19:58,3,run/data/m3/debug.log,10943
458,459,admin,12,10.083,10.000,-0.083,5.000,2000-01-01 01:20:15,2,run/data/admin/debug.log,5547
458,459,m1,12,10.083,10.000,-0.083,5.000,2000-01-01 01:20:08,3,run/data/m1/debug.log,62592
458,459,m2,12,10.083,10.000,-0.083,5.000,2000-01-01 01:20:07,3,run/data/m2/debug.log,27101
458,459,m3,12,10.083,10.000,-0.083,5.000,2000-01-01 01:20:08,3,run/data/m3/debug.log,10958
459,460,admin,12,10.333,10.000,-0.333,5.000,2000-01-01 01:20:21,2,run/data/admin/debug.log,5561
459,460,m1,12,10.333,10.000,-0.333,5.000,2000-01-01 01:20:15,3,run/data/m1/debug.log,62795
459,460,m2,12,10.333,10.000,-0.333,5.000,2000-01-01 01:20:16,3,run/data/m2/debug.log,27116
459,460,m3,12,10.333,10.000,-0.333,5.000,2000-01-01 01:20:16,3,run/data/m3/debug.log,10973
460,461,admin,12,10.083,10.000,-0.083,5.000,2000-01-01 01:20:34,2,run/data/admin/debug.log,5575
460,461,m1,12,10.083,10.000,-0.083,5.000,2000-01-01 01:20:20,3,run/data/m1/debug.log,62839
460,461,m2,12,10.083,10.000,-0.083,5.000,2000-01-01 01:20:21,3,run/data/m2/debug.log,27131
460,461,m3,12,10.083,10.000,-0.083,5.000,2000-01-01 01:20:21,3,run/data/m3/debug.log,10988
461,462,admin,12,10.583,10.000,-0.583,5.000,2000-01-01 01:20:44,2,run/data/admin/debug.log,5589
461,462,m1,12,10.583,10.000,-0.583,5.000,2000-01-01 01:20:33,3,run/data/m1/debug.log,63005
461,462,m2,12,10.583,10.000,-0.583,5.000,2000-01-01 01:20:34,3,run/data/m2/debug.log,27149
461,462,m3,12,10.583,10.000,-0.583,5.000,2000-01-01 01:20:34,3,run/data/m3/debug.log,11006
462,463,admin,12,10.917,10.000,-0.917,5.000,2000-01-01 01:20:58,2,run/data/admin/debug.log,5603
462,463,m1,12,10.917,10.000,-0.917,5.000,2000-01-01 01:20:43,3,run/data/m1/debug.log,63761
462,463,m2,12,10.917,10.000,-0.917,5.000,2000-01-01 01:20:44,3,run/data/m2/debug.log,27164
462,463,m3,12,10.917,10.000,-0.917,5.000,2000-01-01 01:20:44,3,run/data/m3/debug.log,11021
463,464,admin,12,11.250,10.000,-1.250,5.000,2000-01-01 01:21:12,2,run/data/admin/debug.log,5617
463,464,m1,12,11.250,10.000,-1.250,5.000,2000-01-01 01:20:57,3,run/data/m1/debug.log,64127
463,464,m2,12,11.250,10.000,-1.250,5.000,2000-01-01 01:20:58,3,run/data/m2/debug.log,27179
463,464,m3,12,11.250,10.000,-1.250,5.000,2000-01-01 01:20:58,3,run/data/m3/debug.log,11036
464,465,admin,12,11.500,10.000,-1.500,5.000,2000-01-01 01:21:20,2,run/data/admin/debug.log,5631
464,465,m1,12,11.500,10.000,-1.500,5.000,2000-01-01 01:21:13,3,run/data/m1/debug.log,64142
464,465,m2,12,11.500,10.000,-1.500,5.000,2000-01-01 01:21:12,3,run/data/m2/debug.log,27223
464,465,m3,12,11.500,10.000,-1.500,5.000,2000-01-01 01:21:13,3,run/data/m3/debug.log,11051
465,466,admin,12,11.250,10.000,-1.250,5.000,2000-01-01 01:21:30,2,run/data/admin/debug.log,5645
465,466,m1,12,11.250,10.000,-1.250,5.000,2000-01-01 01:21:20,3,run/data/m1/debug.log,64332
465,466,m2,12,11.250,10.000,-1.250,5.000,2000-01-01 01:21:20,3,run/data/m2/debug.log,27238
465,466,m3,12,11.250,10.000,-1.250,5.000,2000-01-01 01:21:20,3,run/data/m3/debug.log,11066
466,467,admin,12,11.250,10.000,-1.250,5.000,2000-01-01 01:21:43,2,run/data/admin/debug.log,5659
466,467,m1,12,11.250,10.000,-1.250,5.000,2000-01-01 01:21:31,3,run/data/m1/debug.log,64347
466,467,m2,12,11.250,10.000,-1.250,5.000,2000-01-01 01:21:29,3,run/data/m2/debug.log,27877
466,467,m3,12,11.250,10.000,-1.250,5.000,2000-01-01 01:21:30,3,run/data/m3/debug.log,11081
467,468,admin,12,11.333,10.000,-1.333,5.000,2000-01-01 01:21:51,2,run/data/admin/debug.log,5673
467,468,m1,12,11.333,10.000,-1.333,5.000,2000-01-01 01:21:43,3,run/data/m1/debug.log,64534
467,468,m2,12,11.333,10.000,-1.333,5.000,2000-01-01 01:21:44,3,run/data/m2/debug.log,27892
467,468,m3,12,11.333,10.000,-1.333,5.000,2000-01-01 01:21:44,3,run/data/m3/debug.log,11096
468,469,admin,12,10.667,10.000,-0.667,5.000,2000-01-01 01:22:03,2,run/data/admin/debug.log,5690
468,469,m1,12,10.667,10.000,-0.667,5.000,2000-01-01 01:21:51,3,run/data/m1/debug.log,64549
468,469,m2,12,10.667,10.000,-0.667,5.000,2000-01-01 01:21:51,3,run/data/m2/debug.log,27907
468,469,m3,12,10.667,10.000,-0.667,5.000,2000-01-01 01:21:50,3,run/data/m3/debug.log,11259
469,470,admin,12,10.417,10.000,-0.417,5.000,2000-01-01 01:22:13,2,run/data/admin/debug.log,5704
469,470,m1,12,10.417,10.000,-0.417,5.000,2000-01-01 01:22:02,3,run/data/m1/debug.log,64692
469,470,m2,12,10.417,10.000,-0.417,5.000,2000-01-01 01:22:03,3,run/data/m2/debug.log,27922
469,470,m3,12,10.417,10.000,-0.417,5.000,2000-01-01 01:22:03,3,run/data/m3/debug.log,11274
470,471,admin,12,10.417,10.000,-0.417,5.000,2000-01-01 01:22:27,2,run/data/admin/debug.log,5718
470,471,m1,12,10.417,10.000,-0.417,5.000,2000-01-01 01:22:13,3,run/data/m1/debug.log,64707
470,471,m2,12,10.417,10.000,-0.417,5.000,2000-01-01 01:22:12,3,run/data/m2/debug.log,28364
470,471,m3,12,10.417,10.000,-0.417,5.000,2000-01-01 01:22:13,3,run/data/m3/debug.log,11289
471,472,admin,12,11.000,10.000,-1.000,5.000,2000-01-01 01:22:35,2,run/data/admin/debug.log,5732
471,472,m1,12,11.000,10.000,-1.000,5.000,2000-01-01 01:22:27,3,run/data/m1/debug.log,64893
471,472,m2,12,11.000,10.000,-1.000,5.000,2000-01-01 01:22:28,3,run/data/m2/debug.log,28379
471,472,m3,12,11.000,10.000,-1.000,5.000,2000-01-01 01:22:28,3,run/data/m3/debug.log,11304
472,473,admin,12,11.167,10.000,-1.167,5.000,2000-01-01 01:22:41,2,run/data/admin/debug.log,5746
472,473,m1,12,11.167,10.000,-1.167,5.000,2000-01-01 01:22:35,3,run/data/m1/debug.log,64911
472,473,m2,12,11.167,10.000,-1.167,5.000,2000-01-01 01:22:34,3,run/data/m2/debug.log,28448
472,473,m3,12,11.167,10.000,-1.167,5.000,2000-01-01 01:22:35,3,run/data/m3/debug.log,11322
473,474,admin,12,10.667,10.000,-0.667,5.000,2000-01-01 01:22:53,2,run/data/admin/debug.log,5760
473,474,m1,12,10.667,10.000,-0.667,5.000,2000-01-01 01:22:41,3,run/data/m1/debug.log,65138
473,474,m2,12,10.667,10.000,-0.667,5.000,2000-01-01 01:22:42,3,run/data/m2/debug.log,28463
473,474,m3,12,10.667,10.000,-0.667,5.000,2000-01-01 01:22:42,3,run/data/m3/debug.log,11337
474,475,admin,12,10.833,10.000,-0.833,5.000,2000-01-01 01:23:07,2,run/data/admin/debug.log,5774
474,475,m1,12,10.833,10.000,-0.833,5.000,2000-01-01 01:22:54,3,run/data/m1/debug.log,65153
474,475,m2,12,10.833,10.000,-0.833,5.000,2000-01-01 01:22:53,3,run/data/m2/debug.log,28668
474,475,m3,12,10.833,10.000,-0.833,5.000,2000-01-01 01:22:54,3,run/data/m3/debug.log,11352
475,476,admin,12,10.750,10.000,-0.750,5.000,2000-01-01 01:23:18,2,run/data/admin/debug.log,5788
475,476,m1,12,10.750,10.000,-0.750,5.000,2000-01-01 01:23:07,3,run/data/m1/debug.log,65168
475,476,m2,12,10.750,10.000,-0.750,5.000,2000-01-01 01:23:06,3,run/data/m2/debug.log,29369
475,476,m3,12,10.750,10.000,-0.750,5.000,2000-01-01 01:23:07,3,run/data/m3/debug.log,11367
476,477,admin,12,10.417,10.000,-0.417,5.000,2000-01-01 01:23:30,5,run/data/admin/debug.log,5802
476,477,m1,12,10.417,10.000,-0.417,5.000,2000-01-01 01:23:18,6,run/data/m1/debug.log,65183
476,477,m2,12,10.417,10.000,-0.417,5.000,2000-01-01 01:23:17,6,run/data/m2/debug.log,30199
476,477,m3,12,10.417,10.000,-0.417,5.000,2000-01-01 01:23:18,6,run/data/m3/debug.log,11382
477,478,admin,12,10.750,10.000,-0.750,5.000,2000-01-01 01:23:42,2,run/data/admin/debug.log,5832
477,478,m1,12,10.750,10.000,-0.750,5.000,2000-01-01 01:23:29,3,run/data/m1/debug.log,65483
477,478,m2,12,10.750,10.000,-0.750,5.000,2000-01-01 01:23:29,3,run/data/m2/debug.log,30383
477,478,m3,12,10.750,10.000,-0.750,5.000,2000-01-01 01:23:30,3,run/data/m3/debug.log,11413
478,479,admin,12,11.000,10.000,-1.000,5.000,2000-01-01 01:23:49,2,run/data/admin/debug.log,5850
478,479,m1,12,11.000,10.000,-1.000,5.000,2000-01-01 01:23:41,3,run/data/m1/debug.log,66098
478,479,m2,12,11.000,10.000,-1.000,5.000,2000-01-01 01:23:42,3,run/data/m2/debug.log,30418
478,479,m3,12,11.000,10.000,-1.000,5.000,2000-01-01 01:23:42,3,run/data/m3/debug.log,11432
479,480,admin,12,10.500,10.000,-0.500,5.000,2000-01-01 01:24:04,2,run/data/admin/debug.log,5867
479,480,m1,12,10.500,10.000,-0.500,5.000,2000-01-01 01:23:50,3,run/data/m1/debug.log,66113
479,480,m2,12,10.500,10.000,-0.500,5.000,2000-01-01 01:23:50,3,run/data/m2/debug.log,30433
479,480,m3,12,10.500,10.000,-0.500,5.000,2000-01-01 01:23:49,3,run/data/m3/debug.log,11539
480,481,admin,12,11.083,10.000,-1.083,5.000,2000-01-01 01:24:18,2,run/data/admin/debug.log,5881
480,481,m1,12,11.083,10.000,-1.083,5.000,2000-01-01 01:24:03,3,run/data/m1/debug.log,66175
480,481,m2,12,11.083,10.000,-1.083,5.000,2000-01-01 01:24:04,3,run/data/m2/debug.log,30448
480,481,m3,12,11.083,10.000,-1.083,5.000,2000-01-01 01:24:04,3,run/data/m3/debug.log,11554
481,482,admin,12,11.333,10.000,-1.333,5.000,2000-01-01 01:24:25,2,run/data/admin/debug.log,5895
481,482,m1,12,11.333,10.000,-1.333,5.000,2000-01-01 01:24:18,3,run/data/m1/debug.log,66411
481,482,m2,12,11.333,10.000,-1.333,5.000,2000-01-01 01:24:19,3,run/data/m2/debug.log,30463
481,482,m3,12,11.333,10.000,-1.333,5.000,2000-01-01 01:24:19,3,run/data/m3/debug.log,11569
482,483,admin,12,11.000,10.000,-1.000,5.000,2000-01-01 01:24:35,2,run/data/admin/debug.log,5909
482,483,m1,12,11.000,10.000,-1.000,5.000,2000-01-01 01:24:25,3,run/data/m1/debug.log,66426
482,483,m2,12,11.000,10.000,-1.000,5.000,2000-01-01 01:24:24,3,run/data/m2/debug.log,30521
482,483,m3,12,11.000,10.000,-1.000,5.000,2000-01-01 01:24:25,3,run/data/m3/debug.log,11584
483,484,admin,12,10.583,10.000,-0.583,5.000,2000-01-01 01:24:46,2,run/data/admin/debug.log,5923
483,484,m1,12,10.583,10.000,-0.583,5.000,2000-01-01 01:24:34,3,run/data/m1/debug.log,66513
483,484,m2,12,10.583,10.000,-0.583,5.000,2000-01-01 01:24:35,3,run/data/m2/debug.log,30539
483,484,m3,12,10.583,10.000,-0.583,5.000,2000-01-01 01:24:35,3,run/data/m3/debug.log,11602
484,485,admin,12,10.917,10.000,-0.917,5.000,2000-01-01 01:24:52,2,run/data/admin/debug.log,5937
484,485,m1,12,10.917,10.000,-0.917,5.000,2000-01-01 01:24:46,3,run/data/m1/debug.log,66528
484,485,m2,12,10.917,10.000,-0.917,5.000,2000-01-01 01:24:45,3,run/data/m2/debug.log,30774
484,485,m3,12,10.917,10.000,-0.917,5.000,2000-01-01 01:24:46,3,run/data/m3/debug.log,11617
485,486,admin,12,10.917,10.000,-0.917,5.000,2000-01-01 01:25:04,2,run/data/admin/debug.log,5951
485,486,m1,12,10.917,10.000,-0.917,5.000,2000-01-01 01:24:52,3,run/data/m1/debug.log,66682
485,486,m2,12,10.917,10.000,-0.917,5.000,2000-01-01 01:24:53,3,run/data/m2/debug.log,30789
485,486,m3,12,10.917,10.000,-0.917,5.000,2000-01-01 01:24:53,3,run/data/m3/debug.log,11632
486,487,admin,12,10.917,10.000,-0.917,5.000,2000-01-01 01:25:18,2,run/data/admin/debug.log,5965
486,487,m1,12,10.917,10.000,-0.917,5.000,2000-01-01 01:25:05,3,run/data/m1/debug.log,66697
486,487,m2,12,10.917,10.000,-0.917,5.000,2000-01-01 01:25:05,3,run/data/m2/debug.log,30804
486,487,m3,12,10.917,10.000,-0.917,5.000,2000-01-01 01:25:04,3,run/data/m3/debug.log,11808
487,488,admin,12,10.917,10.000,-0.917,5.000,2000-01-01 01:25:27,2,run/data/admin/debug.log,5979
487,488,m1,12,10.917,10.000,-0.917,5.000,2000-01-01 01:25:17,3,run/data/m1/debug.log,66855
487,488,m2,12,10.917,10.000,-0.917,5.000,2000-01-01 01:25:18,3,run/data/m2/debug.log,30819
487,488,m3,12,10.917,10.000,-0.917,5.000,2000-01-01 01:25:18,3,run/data/m3/debug.log,11823
488,489,admin,12,10.833,10.000,-0.833,5.000,2000-01-01 01:25:43,2,run/data/admin/debug.log,5993
488,489,m1,12,10.833,10.000,-0.833,5.000,2000-01-01 01:25:28,3,run/data/m1/debug.log,66870
488,489,m2,12,10.833,10.000,-0.833,5.000,2000-01-01 01:25:28,3,run/data/m2/debug.log,30834
488,489,m3,12,10.833,10.000,-0.833,5.000,2000-01-01 01:25:27,3,run/data/m3/debug.log,12620
489,490,admin,12,11.083,10.000,-1.083,5.000,2000-01-01 01:25:58,2,run/data/admin/debug.log,6007
489,490,m1,12,11.083,10.000,-1.083,5.000,2000-01-01 01:25:44,3,run/data/m1/debug.log,66885
489,490,m2,12,11.083,10.000,-1.083,5.000,2000-01-01 01:25:43,3,run/data/m2/debug.log,30849
489,490,m3,12,11.083,10.000,-1.083,5.000,2000-01-01 01:25:42,3,run/data/m3/debug.log,12699
490,491,admin,12,11.417,10.000,-1.417,5.000,2000-01-01 01:26:13,9,run/data/admin/debug.log,6024
490,491,m1,12,11.417,10.000,-1.417,5.000,2000-01-01 01:25:59,10,run/data/m1/debug.log,66900
490,491,m2,12,11.417,10.000,-1.417,5.000,2000-01-01 01:25:59,10,run/data/m2/debug.log,30864
490,491,m3,12,11.417,10.000,-1.417,5.000,2000-01-01 01:25:58,10,run/data/m3/debug.log,13517
491,492,admin,12,12.000,10.000,-2.000,5.000,2000-01-01 01:26:28,5,run/data/admin/debug.log,6075
491,492,m1,12,12.000,10.000,-2.000,5.000,2000-01-01 01:26:13,6,run/data/m1/debug.log,66945
491,492,m2,12,12.000,10.000,-2.000,5.000,2000-01-01 01:26:13,6,run/data/m2/debug.log,31225
491,492,m3,12,12.000,10.000,-2.000,5.000,2000-01-01 01:26:13,6,run/data/m3/debug.log,13732
492,493,admin,12,12.083,10.000,-2.083,5.000,2000-01-01 01:26:42,2,run/data/admin/debug.log,6109
492,493,m1,12,12.083,10.000,-2.083,5.000,2000-01-01 01:26:28,3,run/data/m1/debug.log,67352
492,493,m2,12,12.083,10.000,-2.083,5.000,2000-01-01 01:26:28,3,run/data/m2/debug.log,31491
492,493,m3,12,12.083,10.000,-2.083,5.000,2000-01-01 01:26:29,3,run/data/m3/debug.log,13804
493,494,admin,12,12.000,10.000,-2.000,5.000,2000-01-01 01:26:51,2,run/data/admin/debug.log,6130
493,494,m1,12,12.000,10.000,-2.000,5.000,2000-01-01 01:26:42,3,run/data/m1/debug.log,67478
493,494,m2,12,12.000,10.000,-2.000,5.000,2000-01-01 01:26:43,3,run/data/m2/debug.log,31532
493,494,m3,12,12.000,10.000,-2.000,5.000,2000-01-01 01:26:43,3,run/data/m3/debug.log,13829
494,495,admin,12,12.250,10.000,-2.250,5.000,2000-01-01 01:27:05,2,run/data/admin/debug.log,6144
494,495,m1,12,12.250,10.000,-2.250,5.000,2000-01-01 01:26:51,3,run/data/m1/debug.log,67614
494,495,m2,12,12.250,10.000,-2.250,5.000,2000-01-01 01:26:52,3,run/data/m2/debug.log,31547
494,495,m3,12,12.250,10.000,-2.250,5.000,2000-01-01 01:26:52,3,run/data/m3/debug.log,13844
495,496,admin,12,12.583,10.000,-2.583,5.000,2000-01-01 01:27:17,2,run/data/admin/debug.log,6158
495,496,m1,12,12.583,10.000,-2.583,5.000,2000-01-01 01:27:05,3,run/data/m1/debug.log,68507
495,496,m2,12,12.583,10.000,-2.583,5.000,2000-01-01 01:27:06,3,run/data/m2/debug.log,31562
495,496,m3,12,12.583,10.000,-2.583,5.000,2000-01-01 01:27:06,3,run/data/m3/debug.log,13859
496,497,admin,12,12.667,10.000,-2.667,5.000,2000-01-01 01:27:27,2,run/data/admin/debug.log,6172
496,497,m1,12,12.667,10.000,-2.667,5.000,2000-01-01 01:27:18,3,run/data/m1/debug.log,68522
496,497,m2,12,12.667,10.000,-2.667,5.000,2000-01-01 01:27:17,3,run/data/m2/debug.log,31600
496,497,m3,12,12.667,10.000,-2.667,5.000,2000-01-01 01:27:19,3,run/data/m3/debug.log,13874
497,498,admin,12,12.917,10.000,-2.917,5.000,2000-01-01 01:27:38,2,run/data/admin/debug.log,6186
497,498,m1,12,12.917,10.000,-2.917,5.000,2000-01-01 01:27:27,3,run/data/m1/debug.log,68817
497,498,m2,12,12.917,10.000,-2.917,5.000,2000-01-01 01:27:28,3,run/data/m2/debug.log,31615
497,498,m3,12,12.917,10.000,-2.917,5.000,2000-01-01 01:27:28,3,run/data/m3/debug.log,13889
498,499,admin,12,12.833,10.000,-2.833,5.000,2000-01-01 01:27:54,5,run/data/admin/debug.log,6200
498,499,m1,12,12.833,10.000,-2.833,5.000,2000-01-01 01:27:39,6,run/data/m1/debug.log,68832
498,499,m2,12,12.833,10.000,-2.833,5.000,2000-01-01 01:27:38,6,run/data/m2/debug.log,31920
498,499,m3,12,12.833,10.000,-2.833,5.000,2000-01-01 01:27:39,6,run/data/m3/debug.log,13904
499,500,admin,12,13.000,10.000,-3.000,5.000,2000-01-01 01:28:04,2,run/data/admin/debug.log,6233
499,500,m1,12,13.000,10.000,-3.000,5.000,2000-01-01 01:27:53,3,run/data/m1/debug.log,69293
499,500,m2,12,13.000,10.000,-3.000,5.000,2000-01-01 01:27:53,3,run/data/m2/debug.log,32022
499,500,m3,12,13.000,10.000,-3.000,5.000,2000-01-01 01:27:54,3,run/data/m3/debug.log,13935
500,501,admin,12,13.000,10.000,-3.000,5.000,2000-01-01 01:28:16,5,run/data/admin/debug.log,6251
500,501,m1,12,13.000,10.000,-3.000,5.000,2000-01-01 01:28:03,6,run/data/m1/debug.log,69607
500,501,m2,12,13.000,10.000,-3.000,5.000,2000-01-01 01:28:04,6,run/data/m2/debug.log,32057
500,501,m3,12,13.000,10.000,-3.000,5.000,2000-01-01 01:28:04,6,run/data/m3/debug.log,13950
501,502,admin,12,12.750,10.000,-2.750,5.000,2000-01-01 01:28:27,2,run/data/admin/debug.log,6282
501,502,m1,12,12.750,10.000,-2.750,5.000,2000-01-01 01:28:15,3,run/data/m1/debug.log,69753
501,502,m2,12,12.750,10.000,-2.750,5.000,2000-01-01 01:28:16,3,run/data/m2/debug.log,32089
501,502,m3,12,12.750,10.000,-2.750,5.000,2000-01-01 01:28:15,3,run/data/m3/debug.log,14137
502,503,admin,12,12.333,10.000,-2.333,5.000,2000-01-01 01:28:32,2,run/data/admin/debug.log,6300
502,503,m1,12,12.333,10.000,-2.333,5.000,2000-01-01 01:28:26,3,run/data/m1/debug.log,70110
502,503,m2,12,12.333,10.000,-2.333,5.000,2000-01-01 01:28:27,3,run/data/m2/debug.log,32108
502,503,m3,12,12.333,10.000,-2.333,5.000,2000-01-01 01:28:27,3,run/data/m3/debug.log,14172
503,504,admin,12,11.583,10.000,-1.583,5.000,2000-01-01 01:28:40,2,run/data/admin/debug.log,6314
503,504,m1,12,11.583,10.000,-1.583,5.000,2000-01-01 01:28:32,3,run/data/m1/debug.log,70207
503,504,m2,12,11.583,10.000,-1.583,5.000,2000-01-01 01:28:33,3,run/data/m2/debug.log,32126
503,504,m3,12,11.583,10.000,-1.583,5.000,2000-01-01 01:28:33,3,run/data/m3/debug.log,14190
504,505,admin,12,11.000,10.000,-1.000,5.000,2000-01-01 01:28:51,2,run/data/admin/debug.log,6328
504,505,m1,12,11.000,10.000,-1.000,5.000,2000-01-01 01:28:40,3,run/data/m1/debug.log,70241
504,505,m2,12,11.000,10.000,-1.000,5.000,2000-01-01 01:28:41,3,run/data/m2/debug.log,32141
504,505,m3,12,11.000,10.000,-1.000,5.000,2000-01-01 01:28:41,3,run/data/m3/debug.log,14205
505,506,admin,12,10.750,10.000,-0.750,5.000,2000-01-01 01:29:05,2,run/data/admin/debug.log,6343
505,506,m1,12,10.750,10.000,-0.750,5.000,2000-01-01 01:28:51,3,run/data/m1/debug.log,70406
505,506,m2,12,10.750,10.000,-0.750,5.000,2000-01-01 01:28:52,3,run/data/m2/debug.log,32161
505,506,m3,12,10.750,10.000,-0.750,5.000,2000-01-01 01:28:52,3,run/data/m3/debug.log,14225
506,507,admin,12,11.167,10.000,-1.167,5.000,2000-01-01 01:29:15,2,run/data/admin/debug.log,6357
506,507,m1,12,11.167,10.000,-1.167,5.000,2000-01-01 01:29:05,3,run/data/m1/debug.log,70523
506,507,m2,12,11.167,10.000,-1.167,5.000,2000-01-01 01:29:06,3,run/data/m2/debug.log,32176
506,507,m3,12,11.167,10.000,-1.167,5.000,2000-01-01 01:29:06,3,run/data/m3/debug.log,14240
507,508,admin,12,10.833,10.000,-0.833,5.000,2000-01-01 01:29:30,2,run/data/admin/debug.log,6371
507,508,m1,12,10.833,10.000,-0.833,5.000,2000-01-01 01:29:15,3,run/data/m1/debug.log,71208
507,508,m2,12,10.833,10.000,-0.833,5.000,2000-01-01 01:29:16,3,run/data/m2/debug.log,32191
507,508,m3,12,10.833,10.000,-0.833,5.000,2000-01-01 01:29:16,3,run/data/m3/debug.log,14255
508,509,admin,12,11.000,10.000,-1.000,5.000,2000-01-01 01:29:42,2,run/data/admin/debug.log,6385
508,509,m1,12,11.000,10.000,-1.000,5.000,2000-01-01 01:29:29,3,run/data/m1/debug.log,71297
508,509,m2,12,11.000,10.000,-1.000,5.000,2000-01-01 01:29:30,3,run/data/m2/debug.log,32206
508,509,m3,12,11.000,10.000,-1.000,5.000,2000-01-01 01:29:30,3,run/data/m3/debug.log,14270
509,510,admin,12,11.167,10.000,-1.167,5.000,2000-01-01 01:29:56,2,run/data/admin/debug.log,6399
509,510,m1,12,11.167,10.000,-1.167,5.000,2000-01-01 01:29:41,3,run/data/m1/debug.log,72041
509,510,m2,12,11.167,10.000,-1.167,5.000,2000-01-01 01:29:42,3,run/data/m2/debug.log,32221
509,510,m3,12,11.167,10.000,-1.167,5.000,2000-01-01 01:29:42,3,run/data/m3/debug.log,14285
510,511,admin,12,11.500,10.000,-1.500,5.000,2000-01-01 01:30:08,2,run/data/admin/debug.log,6416
510,511,m1,12,11.500,10.000,-1.500,5.000,2000-01-01 01:29:56,3,run/data/m1/debug.log,72252
510,511,m2,12,11.500,10.000,-1.500,5.000,2000-01-01 01:29:57,3,run/data/m2/debug.log,32236
510,511,m3,12,11.500,10.000,-1.500,5.000,2000-01-01 01:29:56,3,run/data/m3/debug.log,14300
511,512,admin,12,11.250,10.000,-1.250,5.000,2000-01-01 01:30:18,2,run/data/admin/debug.log,6430
511,512,m1,12,11.250,10.000,-1.250,5.000,2000-01-01 01:30:09,3,run/data/m1/debug.log,72267
511,512,m2,12,11.250,10.000,-1.250,5.000,2000-01-01 01:30:08,3,run/data/m2/debug.log,32608
511,512,m3,12,11.250,10.000,-1.250,5.000,2000-01-01 01:30:09,3,run/data/m3/debug.log,14315
512,513,admin,12,11.167,10.000,-1.167,5.000,2000-01-01 01:30:33,5,run/data/admin/debug.log,6444
512,513,m1,12,11.167,10.000,-1.167,5.000,2000-01-01 01:30:19,6,run/data/m1/debug.log,72282
512,513,m2,12,11.167,10.000,-1.167,5.000,2000-01-01 01:30:19,6,run/data/m2/debug.log,32623
512,513,m3,12,11.167,10.000,-1.167,5.000,2000-01-01 01:30:17,6,run/data/m3/debug.log,14399
513,514,admin,12,11.500,10.000,-1.500,5.000,2000-01-01 01:30:42,2,run/data/admin/debug.log,6474
513,514,m1,12,11.500,10.000,-1.500,5.000,2000-01-01 01:30:33,3,run/data/m1/debug.log,72831
513,514,m2,12,11.500,10.000,-1.500,5.000,2000-01-01 01:30:34,3,run/data/m2/debug.log,32657
513,514,m3,12,11.500,10.000,-1.500,5.000,2000-01-01 01:30:33,3,run/data/m3/debug.log,14468
514,515,admin,12,11.333,10.000,-1.333,5.000,2000-01-01 01:30:56,2,run/data/admin/debug.log,6492
514,515,m1,12,11.333,10.000,-1.333,5.000,2000-01-01 01:30:42,3,run/data/m1/debug.log,72986
514,515,m2,12,11.333,10.000,-1.333,5.000,2000-01-01 01:30:43,3,run/data/m2/debug.log,32676
514,515,m3,12,11.333,10.000,-1.333,5.000,2000-01-01 01:30:43,3,run/data/m3/debug.log,14503
515,516,admin,12,12.000,10.000,-2.000,5.000,2000-01-01 01:31:06,2,run/data/admin/debug.log,6506
515,516,m1,12,12.000,10.000,-2.000,5.000,2000-01-01 01:30:56,3,run/data/m1/debug.log,73018
515,516,m2,12,12.000,10.000,-2.000,5.000,2000-01-01 01:30:57,3,run/data/m2/debug.log,32691
515,516,m3,12,12.000,10.000,-2.000,5.000,2000-01-01 01:30:57,3,run/data/m3/debug.log,14518
516,517,admin,12,12.167,10.000,-2.167,5.000,2000-01-01 01:31:15,2,run/data/admin/debug.log,6520
516,517,m1,12,12.167,10.000,-2.167,5.000,2000-01-01 01:31:06,3,run/data/m1/debug.log,73069
516,517,m2,12,12.167,10.000,-2.167,5.000,2000-01-01 01:31:07,3,run/data/m2/debug.log,32706
516,517,m3,12,12.167,10.000,-2.167,5.000,2000-01-01 01:31:07,3,run/data/m3/debug.log,14533
517,518,admin,12,12.000,10.000,-2.000,5.000,2000-01-01 01:31:26,2,run/data/admin/debug.log,6534
517,518,m1,12,12.000,10.000,-2.000,5.000,2000-01-01 01:31:15,3,run/data/m1/debug.log,73725
517,518,m2,12,12.000,10.000,-2.000,5.000,2000-01-01 01:31:16,3,run/data/m2/debug.log,32721
517,518,m3,12,12.000,10.000,-2.000,5.000,2000-01-01 01:31:16,3,run/data/m3/debug.log,14548
518,519,admin,12,11.750,10.000,-1.750,5.000,2000-01-01 01:31:33,2,run/data/admin/debug.log,6548
518,519,m1,12,11.750,10.000,-1.750,5.000,2000-01-01 01:31:26,3,run/data/m1/debug.log,73791
518,519,m2,12,11.750,10.000,-1.750,5.000,2000-01-01 01:31:27,3,run/data/m2/debug.log,32736
518,519,m3,12,11.750,10.000,-1.750,5.000,2000-01-01 01:31:27,3,run/data/m3/debug.log,14563
519,520,admin,12,11.417,10.000,-1.417,5.000,2000-01-01 01:31:47,2,run/data/admin/debug.log,6562
519,520,m1,12,11.417,10.000,-1.417,5.000,2000-01-01 01:31:33,3,run/data/m1/debug.log,74303
519,520,m2,12,11.417,10.000,-1.417,5.000,2000-01-01 01:31:33,3,run/data/m2/debug.log,32751
519,520,m3,12,11.417,10.000,-1.417,5.000,2000-01-01 01:31:33,3,run/data/m3/debug.log,14578
520,521,admin,12,11.500,10.000,-1.500,5.000,2000-01-01 01:31:58,2,run/data/admin/debug.log,6576
520,521,m1,12,11.500,10.000,-1.500,5.000,2000-01-01 01:31:47,3,run/data/m1/debug.log,74336
520,521,m2,12,11.500,10.000,-1.500,5.000,2000-01-01 01:31:48,3,run/data/m2/debug.log,32766
520,521,m3,12,11.500,10.000,-1.500,5.000,2000-01-01 01:31:48,3,run/data/m3/debug.log,14593
521,522,admin,12,11.417,10.000,-1.417,5.000,2000-01-01 01:32:13,2,run/data/admin/debug.log,6593
521,522,m1,12,11.417,10.000,-1.417,5.000,2000-01-01 01:31:58,3,run/data/m1/debug.log,74427
521,522,m2,12,11.417,10.000,-1.417,5.000,2000-01-01 01:31:59,3,run/data/m2/debug.log,32781
521,522,m3,12,11.417,10.000,-1.417,5.000,2000-01-01 01:31:59,3,run/data/m3/debug.log,14608
522,523,admin,12,11.333,10.000,-1.333,5.000,2000-01-01 01:32:20,2,run/data/admin/debug.log,6607
522,523,m1,12,11.333,10.000,-1.333,5.000,2000-01-01 01:32:12,3,run/data/m1/debug.log,75007
522,523,m2,12,11.333,10.000,-1.333,5.000,2000-01-01 01:32:13,3,run/data/m2/debug.log,32796
522,523,m3,12,11.333,10.000,-1.333,5.000,2000-01-01 01:32:13,3,run/data/m3/debug.log,14623
523,524,admin,12,11.000,10.000,-1.000,5.000,2000-01-01 01:32:29,2,run/data/admin/debug.log,6621
523,524,m1,12,11.000,10.000,-1.000,5.000,2000-01-01 01:32:20,3,run/data/m1/debug.log,76176
523,524,m2,12,11.000,10.000,-1.000,5.000,2000-01-01 01:32:21,3,run/data/m2/debug.log,32811
523,524,m3,12,11.000,10.000,-1.000,5.000,2000-01-01 01:32:21,3,run/data/m3/debug.log,14638
524,525,admin,12,11.000,10.000,-1.000,5.000,2000-01-01 01:32:42,2,run/data/admin/debug.log,6635
524,525,m1,12,11.000,10.000,-1.000,5.000,2000-01-01 01:32:29,3,run/data/m1/debug.log,76900
524,525,m2,12,11.000,10.000,-1.000,5.000,2000-01-01 01:32:29,3,run/data/m2/debug.log,32826
524,525,m3,12,11.000,10.000,-1.000,5.000,2000-01-01 01:32:29,3,run/data/m3/debug.log,14653
525,526,admin,12,10.750,10.000,-0.750,5.000,2000-01-01 01:32:56,2,run/data/admin/debug.log,6649
525,526,m1,12,10.750,10.000,-0.750,5.000,2000-01-01 01:32:42,3,run/data/m1/debug.log,77129
525,526,m2,12,10.750,10.000,-0.750,5.000,2000-01-01 01:32:43,3,run/data/m2/debug.log,32844
525,526,m3,12,10.750,10.000,-0.750,5.000,2000-01-01 01:32:43,3,run/data/m3/debug.log,14671
526,527,admin,12,11.167,10.000,-1.167,5.000,2000-01-01 01:33:07,2,run/data/admin/debug.log,6663
526,527,m1,12,11.167,10.000,-1.167,5.000,2000-01-01 01:32:56,3,run/data/m1/debug.log,77144
526,527,m2,12,11.167,10.000,-1.167,5.000,2000-01-01 01:32:56,3,run/data/m2/debug.log,32874
526,527,m3,12,11.167,10.000,-1.167,5.000,2000-01-01 01:32:57,3,run/data/m3/debug.log,14686
527,528,admin,12,10.917,10.000,-0.917,5.000,2000-01-01 01:33:20,2,run/data/admin/debug.log,6677
527,528,m1,12,10.917,10.000,-0.917,5.000,2000-01-01 01:33:07,3,run/data/m1/debug.log,77159
527,528,m2,12,10.917,10.000,-0.917,5.000,2000-01-01 01:33:07,3,run/data/m2/debug.log,33683
527,528,m3,12,10.917,10.000,-0.917,5.000,2000-01-01 01:33:08,3,run/data/m3/debug.log,14701
528,529,admin,12,11.083,10.000,-1.083,5.000,2000-01-01 01:33:27,2,run/data/admin/debug.log,6691
528,529,m1,12,11.083,10.000,-1.083,5.000,2000-01-01 01:33:19,3,run/data/m1/debug.log,77762
528,529,m2,12,11.083,10.000,-1.083,5.000,2000-01-01 01:33:20,3,run/data/m2/debug.log,33698
528,529,m3,12,11.083,10.000,-1.083,5.000,2000-01-01 01:33:20,3,run/data/m3/debug.log,14716
529,530,admin,12,11.000,10.000,-1.000,5.000,2000-01-01 01:33:42,2,run/data/admin/debug.log,6705
529,530,m1,12,11.000,10.000,-1.000,5.000,2000-01-01 01:33:27,3,run/data/m1/debug.log,77777
529,530,m2,12,11.000,10.000,-1.000,5.000,2000-01-01 01:33:28,3,run/data/m2/debug.log,33713
529,530,m3,12,11.000,10.000,-1.000,5.000,2000-01-01 01:33:27,3,run/data/m3/debug.log,14751
530,531,admin,12,11.333,10.000,-1.333,5.000,2000-01-01 01:33:52,2,run/data/admin/debug.log,6719
530,531,m1,12,11.333,10.000,-1.333,5.000,2000-01-01 01:33:42,3,run/data/m1/debug.log,77792
530,531,m2,12,11.333,10.000,-1.333,5.000,2000-01-01 01:33:43,3,run/data/m2/debug.log,33728
530,531,m3,12,11.333,10.000,-1.333,5.000,2000-01-01 01:33:42,3,run/data/m3/debug.log,14833
531,532,admin,12,11.583,10.000,-1.583,5.000,2000-01-01 01:34:05,2,run/data/admin/debug.log,6736
531,532,m1,12,11.583,10.000,-1.583,5.000,2000-01-01 01:33:51,3,run/data/m1/debug.log,78829
531,532,m2,12,11.583,10.000,-1.583,5.000,2000-01-01 01:33:52,3,run/data/m2/debug.log,33743
531,532,m3,12,11.583,10.000,-1.583,5.000,2000-01-01 01:33:52,3,run/data/m3/debug.log,14848
532,533,admin,12,11.417,10.000,-1.417,5.000,2000-01-01 01:34:15,2,run/data/admin/debug.log,6750
532,533,m1,12,11.417,10.000,-1.417,5.000,2000-01-01 01:34:04,3,run/data/m1/debug.log,79025
532,533,m2,12,11.417,10.000,-1.417,5.000,2000-01-01 01:34:05,3,run/data/m2/debug.log,33758
532,533,m3,12,11.417,10.000,-1.417,5.000,2000-01-01 01:34:05,3,run/data/m3/debug.log,14863
533,534,admin,12,11.333,10.000,-1.333,5.000,2000-01-01 01:34:30,2,run/data/admin/debug.log,6764
533,534,m1,12,11.333,10.000,-1.333,5.000,2000-01-01 01:34:14,3,run/data/m1/debug.log,79229
533,534,m2,12,11.333,10.000,-1.333,5.000,2000-01-01 01:34:15,3,run/data/m2/debug.log,33773
533,534,m3,12,11.333,10.000,-1.333,5.000,2000-01-01 01:34:15,3,run/data/m3/debug.log,14878
534,535,admin,12,11.500,10.000,-1.500,5.000,2000-01-01 01:34:38,2,run/data/admin/debug.log,6778
534,535,m1,12,11.500,10.000,-1.500,5.000,2000-01-01 01:34:30,3,run/data/m1/debug.log,79384
534,535,m2,12,11.500,10.000,-1.500,5.000,2000-01-01 01:34:30,3,run/data/m2/debug.log,33791
534,535,m3,12,11.500,10.000,-1.500,5.000,2000-01-01 01:34:30,3,run/data/m3/debug.log,14896
535,536,admin,12,11.417,10.000,-1.417,5.000,2000-01-01 01:34:47,2,run/data/admin/debug.log,6792
535,536,m1,12,11.417,10.000,-1.417,5.000,2000-01-01 01:34:37,3,run/data/m1/debug.log,79567
535,536,m2,12,11.417,10.000,-1.417,5.000,2000-01-01 01:34:38,3,run/data/m2/debug.log,33806
535,536,m3,12,11.417,10.000,-1.417,5.000,2000-01-01 01:34:38,3,run/data/m3/debug.log,14911
536,537,admin,12,11.417,10.000,-1.417,5.000,2000-01-01 01:34:57,2,run/data/admin/debug.log,6806
536,537,m1,12,11.417,10.000,-1.417,5.000,2000-01-01 01:34:46,3,run/data/m1/debug.log,79738
536,537,m2,12,11.417,10.000,-1.417,5.000,2000-01-01 01:34:47,3,run/data/m2/debug.log,33821
536,537,m3,12,11.417,10.000,-1.417,5.000,2000-01-01 01:34:47,3,run/data/m3/debug.log,14926
537,538,admin,12,11.250,10.000,-1.250,5.000,2000-01-01 01:35:04,2,run/data/admin/debug.log,6820
537,538,m1,12,11.250,10.000,-1.250,5.000,2000-01-01 01:34:58,3,run/data/m1/debug.log,79753
537,538,m2,12,11.250,10.000,-1.250,5.000,2000-01-01 01:34:57,3,run/data/m2/debug.log,33843
537,538,m3,12,11.250,10.000,-1.250,5.000,2000-01-01 01:34:58,3,run/data/m3/debug.log,14941
538,539,admin,12,10.667,10.000,-0.667,5.000,2000-01-01 01:35:15,2,run/data/admin/debug.log,6834
538,539,m1,12,10.667,10.000,-0.667,5.000,2000-01-01 01:35:04,3,run/data/m1/debug.log,80308
538,539,m2,12,10.667,10.000,-0.667,5.000,2000-01-01 01:35:05,3,run/data/m2/debug.log,33858
538,539,m3,12,10.667,10.000,-0.667,5.000,2000-01-01 01:35:04,3,run/data/m3/debug.log,14956
539,540,admin,12,10.667,10.000,-0.667,5.000,2000-01-01 01:35:29,2,run/data/admin/debug.log,6848
539,540,m1,12,10.667,10.000,-0.667,5.000,2000-01-01 01:35:15,3,run/data/m1/debug.log,80784
539,540,m2,12,10.667,10.000,-0.667,5.000,2000-01-01 01:35:16,3,run/data/m2/debug.log,33873
539,540,m3,12,10.667,10.000,-0.667,5.000,2000-01-01 01:35:15,3,run/data/m3/debug.log,14971
540,541,admin,12,10.833,10.000,-0.833,5.000,2000-01-01 01:35:37,2,run/data/admin/debug.log,6862
540,541,m1,12,10.833,10.000,-0.833,5.000,2000-01-01 01:35:29,3,run/data/m1/debug.log,80841
540,541,m2,12,10.833,10.000,-0.833,5.000,2000-01-01 01:35:30,3,run/data/m2/debug.log,33888
540,541,m3,12,10.833,10.000,-0.833,5.000,2000-01-01 01:35:30,3,run/data/m3/debug.log,14986
541,542,admin,12,10.833,10.000,-0.833,5.000,2000-01-01 01:35:44,2,run/data/admin/debug.log,6876
541,542,m1,12,10.833,10.000,-0.833,5.000,2000-01-01 01:35:37,3,run/data/m1/debug.log,80971
541,542,m2,12,10.833,10.000,-0.833,5.000,2000-01-01 01:35:38,3,run/data/m2/debug.log,33903
541,542,m3,12,10.833,10.000,-0.833,5.000,2000-01-01 01:35:37,3,run/data/m3/debug.log,15001
542,543,admin,12,10.167,10.000,-0.167,5.000,2000-01-01 01:35:59,2,run/data/admin/debug.log,6890
542,543,m1,12,10.167,10.000,-0.167,5.000,2000-01-01 01:35:44,3,run/data/m1/debug.log,81079
542,543,m2,12,10.167,10.000,-0.167,5.000,2000-01-01 01:35:44,3,run/data/m2/debug.log,33918
542,543,m3,12,10.167,10.000,-0.167,5.000,2000-01-01 01:35:44,3,run/data/m3/debug.log,15016
543,544,admin,12,10.667,10.000,-0.667,5.000,2000-01-01 01:36:10,2,run/data/admin/debug.log,6907
543,544,m1,12,10.667,10.000,-0.667,5.000,2000-01-01 01:35:59,3,run/data/m1/debug.log,81549
543,544,m2,12,10.667,10.000,-0.667,5.000,2000-01-01 01:36:00,3,run/data/m2/debug.log,33933
543,544,m3,12,10.667,10.000,-0.667,5.000,2000-01-01 01:35:59,3,run/data/m3/debug.log,15031
544,545,admin,12,10.417,10.000,-0.417,5.000,2000-01-01 01:36:23,2,run/data/admin/debug.log,6921
544,545,m1,12,10.417,10.000,-0.417,5.000,2000-01-01 01:36:11,3,run/data/m1/debug.log,81564
544,545,m2,12,10.417,10.000,-0.417,5.000,2000-01-01 01:36:09,3,run/data/m2/debug.log,33974
544,545,m3,12,10.417,10.000,-0.417,5.000,2000-01-01 01:36:10,3,run/data/m3/debug.log,15046
545,546,admin,12,10.750,10.000,-0.750,5.000,2000-01-01 01:36:33,2,run/data/admin/debug.log,6935
545,546,m1,12,10.750,10.000,-0.750,5.000,2000-01-01 01:36:23,3,run/data/m1/debug.log,81606
545,546,m2,12,10.750,10.000,-0.750,5.000,2000-01-01 01:36:24,3,run/data/m2/debug.log,33989
545,546,m3,12,10.750,10.000,-0.750,5.000,2000-01-01 01:36:24,3,run/data/m3/debug.log,15061
546,547,admin,12,10.250,10.000,-0.250,5.000,2000-01-01 01:36:47,2,run/data/admin/debug.log,6949
546,547,m1,12,10.250,10.000,-0.250,5.000,2000-01-01 01:36:33,3,run/data/m1/debug.log,81624
546,547,m2,12,10.250,10.000,-0.250,5.000,2000-01-01 01:36:33,3,run/data/m2/debug.log,34429
546,547,m3,12,10.250,10.000,-0.250,5.000,2000-01-01 01:36:34,3,run/data/m3/debug.log,15079
547,548,admin,12,10.750,10.000,-0.750,5.000,2000-01-01 01:36:56,2,run/data/admin/debug.log,6963
547,548,m1,12,10.750,10.000,-0.750,5.000,2000-01-01 01:36:46,3,run/data/m1/debug.log,81696
547,548,m2,12,10.750,10.000,-0.750,5.000,2000-01-01 01:36:47,3,run/data/m2/debug.log,34444
547,548,m3,12,10.750,10.000,-0.750,5.000,2000-01-01 01:36:47,3,run/data/m3/debug.log,15094
548,549,admin,12,10.833,10.000,-0.833,5.000,2000-01-01 01:37:04,2,run/data/admin/debug.log,6977
548,549,m1,12,10.833,10.000,-0.833,5.000,2000-01-01 01:36:56,3,run/data/m1/debug.log,81794
548,549,m2,12,10.833,10.000,-0.833,5.000,2000-01-01 01:36:57,3,run/data/m2/debug.log,34459
548,549,m3,12,10.833,10.000,-0.833,5.000,2000-01-01 01:36:57,3,run/data/m3/debug.log,15109
549,550,admin,12,10.500,10.000,-0.500,5.000,2000-01-01 01:37:11,2,run/data/admin/debug.log,6991
549,550,m1,12,10.500,10.000,-0.500,5.000,2000-01-01 01:37:04,3,run/data/m1/debug.log,81809
549,550,m2,12,10.500,10.000,-0.500,5.000,2000-01-01 01:37:05,3,run/data/m2/debug.log,34474
549,550,m3,12,10.500,10.000,-0.500,5.000,2000-01-01 01:37:03,3,run/data/m3/debug.log,15566
550,551,admin,12,10.500,10.000,-0.500,5.000,2000-01-01 01:37:25,2,run/data/admin/debug.log,7005
550,551,m1,12,10.500,10.000,-0.500,5.000,2000-01-01 01:37:10,3,run/data/m1/debug.log,81905
550,551,m2,12,10.500,10.000,-0.500,5.000,2000-01-01 01:37:11,3,run/data/m2/debug.log,34489
550,551,m3,12,10.500,10.000,-0.500,5.000,2000-01-01 01:37:11,3,run/data/m3/debug.log,15581
551,552,admin,12,10.833,10.000,-0.833,5.000,2000-01-01 01:37:35,2,run/data/admin/debug.log,7019
551,552,m1,12,10.833,10.000,-0.833,5.000,2000-01-01 01:37:25,3,run/data/m1/debug.log,82171
551,552,m2,12,10.833,10.000,-0.833,5.000,2000-01-01 01:37:25,3,run/data/m2/debug.log,34504
551,552,m3,12,10.833,10.000,-0.833,5.000,2000-01-01 01:37:25,3,run/data/m3/debug.log,15596
552,553,admin,12,10.417,10.000,-0.417,5.000,2000-01-01 01:37:46,2,run/data/admin/debug.log,7033
552,553,m1,12,10.417,10.000,-0.417,5.000,2000-01-01 01:37:35,3,run/data/m1/debug.log,82186
552,553,m2,12,10.417,10.000,-0.417,5.000,2000-01-01 01:37:34,3,run/data/m2/debug.log,34660
552,553,m3,12,10.417,10.000,-0.417,5.000,2000-01-01 01:37:35,3,run/data/m3/debug.log,15611
553,554,admin,12,10.750,10.000,-0.750,5.000,2000-01-01 01:37:57,2,run/data/admin/debug.log,7047
553,554,m1,12,10.750,10.000,-0.750,5.000,2000-01-01 01:37:46,3,run/data/m1/debug.log,82327
553,554,m2,12,10.750,10.000,-0.750,5.000,2000-01-01 01:37:46,3,run/data/m2/debug.log,34675
553,554,m3,12,10.750,10.000,-0.750,5.000,2000-01-01 01:37:46,3,run/data/m3/debug.log,15626
554,555,admin,12,11.083,10.000,-1.083,5.000,2000-01-01 01:38:07,2,run/data/admin/debug.log,7064
554,555,m1,12,11.083,10.000,-1.083,5.000,2000-01-01 01:37:57,3,run/data/m1/debug.log,82632
554,555,m2,12,11.083,10.000,-1.083,5.000,2000-01-01 01:37:57,3,run/data/m2/debug.log,34690
554,555,m3,12,11.083,10.000,-1.083,5.000,2000-01-01 01:37:57,3,run/data/m3/debug.log,15641
555,556,admin,12,10.667,10.000,-0.667,5.000,2000-01-01 01:38:19,2,run/data/admin/debug.log,7078
555,556,m1,12,10.667,10.000,-0.667,5.000,2000-01-01 01:38:07,3,run/data/m1/debug.log,83012
555,556,m2,12,10.667,10.000,-0.667,5.000,2000-01-01 01:38:07,3,run/data/m2/debug.log,34705
555,556,m3,12,10.667,10.000,-0.667,5.000,2000-01-01 01:38:07,3,run/data/m3/debug.log,15656
556,557,admin,12,10.833,10.000,-0.833,5.000,2000-01-01 01:38:33,2,run/data/admin/debug.log,7092
556,557,m1,12,10.833,10.000,-0.833,5.000,2000-01-01 01:38:19,3,run/data/m1/debug.log,83082
556,557,m2,12,10.833,10.000,-0.833,5.000,2000-01-01 01:38:19,3,run/data/m2/debug.log,34720
556,557,m3,12,10.833,10.000,-0.833,5.000,2000-01-01 01:38:19,3,run/data/m3/debug.log,15671
557,558,admin,12,10.833,10.000,-0.833,5.000,2000-01-01 01:38:44,2,run/data/admin/debug.log,7106
557,558,m1,12,10.833,10.000,-0.833,5.000,2000-01-01 01:38:33,3,run/data/m1/debug.log,83100
557,558,m2,12,10.833,10.000,-0.833,5.000,2000-01-01 01:38:33,3,run/data/m2/debug.log,35055
557,558,m3,12,10.833,10.000,-0.833,5.000,2000-01-01 01:38:33,3,run/data/m3/debug.log,15689
558,559,admin,12,10.917,10.000,-0.917,5.000,2000-01-01 01:38:52,2,run/data/admin/debug.log,7120
558,559,m1,12,10.917,10.000,-0.917,5.000,2000-01-01 01:38:44,3,run/data/m1/debug.log,83569
558,559,m2,12,10.917,10.000,-0.917,5.000,2000-01-01 01:38:45,3,run/data/m2/debug.log,35070
558,559,m3,12,10.917,10.000,-0.917,5.000,2000-01-01 01:38:46,3,run/data/m3/debug.log,15704
559,560,admin,12,10.500,10.000,-0.500,5.000,2000-01-01 01:39:06,2,run/data/admin/debug.log,7134
559,560,m1,12,10.500,10.000,-0.500,5.000,2000-01-01 01:38:52,3,run/data/m1/debug.log,84006
559,560,m2,12,10.500,10.000,-0.500,5.000,2000-01-01 01:38:52,3,run/data/m2/debug.log,35085
559,560,m3,12,10.500,10.000,-0.500,5.000,2000-01-01 01:38:53,3,run/data/m3/debug.log,15719
560,561,admin,12,10.833,10.000,-0.833,5.000,2000-01-01 01:39:12,2,run/data/admin/debug.log,7148
560,561,m1,12,10.833,10.000,-0.833,5.000,2000-01-01 01:39:06,3,run/data/m1/debug.log,84148
560,561,m2,12,10.833,10.000,-0.833,5.000,2000-01-01 01:39:07,3,run/data/m2/debug.log,35100
560,561,m3,12,10.833,10.000,-0.833,5.000,2000-01-01 01:39:06,3,run/data/m3/debug.log,15734
561,562,admin,12,10.750,10.000,-0.750,5.000,2000-01-01 01:39:25,5,run/data/admin/debug.log,7162
561,562,m1,12,10.750,10.000,-0.750,5.000,2000-01-01 01:39:12,6,run/data/m1/debug.log,84368
561,562,m2,12,10.750,10.000,-0.750,5.000,2000-01-01 01:39:12,6,run/data/m2/debug.log,35115
561,562,m3,12,10.750,10.000,-0.750,5.000,2000-01-01 01:39:12,6,run/data/m3/debug.log,15749
562,563,admin,12,11.250,10.000,-1.250,5.000,2000-01-01 01:39:34,2,run/data/admin/debug.log,7192
562,563,m1,12,11.250,10.000,-1.250,5.000,2000-01-01 01:39:25,3,run/data/m1/debug.log,84488
562,563,m2,12,11.250,10.000,-1.250,5.000,2000-01-01 01:39:25,3,run/data/m2/debug.log,35130
562,563,m3,12,11.250,10.000,-1.250,5.000,2000-01-01 01:39:25,3,run/data/m3/debug.log,16043
563,564,admin,12,10.750,10.000,-0.750,5.000,2000-01-01 01:39:46,2,run/data/admin/debug.log,7206
563,564,m1,12,10.750,10.000,-0.750,5.000,2000-01-01 01:39:34,3,run/data/m1/debug.log,84644
563,564,m2,12,10.750,10.000,-0.750,5.000,2000-01-01 01:39:34,3,run/data/m2/debug.log,35161
563,564,m3,12,10.750,10.000,-0.750,5.000,2000-01-01 01:39:35,3,run/data/m3/debug.log,16077
564,565,admin,12,11.000,10.000,-1.000,5.000,2000-01-01 01:39:58,2,run/data/admin/debug.log,7220
564,565,m1,12,11.000,10.000,-1.000,5.000,2000-01-01 01:39:46,3,run/data/m1/debug.log,84910
564,565,m2,12,11.000,10.000,-1.000,5.000,2000-01-01 01:39:46,3,run/data/m2/debug.log,35176
564,565,m3,12,11.000,10.000,-1.000,5.000,2000-01-01 01:39:46,3,run/data/m3/debug.log,16092
565,566,admin,12,11.000,10.000,-1.000,5.000,2000-01-01 01:40:09,2,run/data/admin/debug.log,7237
565,566,m1,12,11.000,10.000,-1.000,5.000,2000-01-01 01:39:58,3,run/data/m1/debug.log,84963
565,566,m2,12,11.000,10.000,-1.000,5.000,2000-01-01 01:39:58,3,run/data/m2/debug.log,35191
565,566,m3,12,11.000,10.000,-1.000,5.000,2000-01-01 01:39:59,3,run/data/m3/debug.log,16107
566,567,admin,12,11.000,10.000,-1.000,5.000,2000-01-01 01:40:23,2,run/data/admin/debug.log,7251
566,567,m1,12,11.000,10.000,-1.000,5.000,2000-01-01 01:40:09,3,run/data/m1/debug.log,85110
566,567,m2,12,11.000,10.000,-1.000,5.000,2000-01-01 01:40:09,3,run/data/m2/debug.log,35206
566,567,m3,12,11.000,10.000,-1.000,5.000,2000-01-01 01:40:09,3,run/data/m3/debug.log,16122
567,568,admin,12,11.333,10.000,-1.333,5.000,2000-01-01 01:40:31,2,run/data/admin/debug.log,7265
567,568,m1,12,11.333,10.000,-1.333,5.000,2000-01-01 01:40:23,3,run/data/m1/debug.log,85241
567,568,m2,12,11.333,10.000,-1.333,5.000,2000-01-01 01:40:24,3,run/data/m2/debug.log,35221
567,568,m3,12,11.333,10.000,-1.333,5.000,2000-01-01 01:40:23,3,run/data/m3/debug.log,16137
568,569,admin,12,11.000,10.000,-1.000,5.000,2000-01-01 01:40:46,2,run/data/admin/debug.log,7279
568,569,m1,12,11.000,10.000,-1.000,5.000,2000-01-01 01:40:31,3,run/data/m1/debug.log,85348
568,569,m2,12,11.000,10.000,-1.000,5.000,2000-01-01 01:40:31,3,run/data/m2/debug.log,35239
568,569,m3,12,11.000,10.000,-1.000,5.000,2000-01-01 01:40:31,3,run/data/m3/debug.log,16155
569,570,admin,12,11.083,10.000,-1.083,5.000,2000-01-01 01:41:01,2,run/data/admin/debug.log,7293
569,570,m1,12,11.083,10.000,-1.083,5.000,2000-01-01 01:40:46,3,run/data/m1/debug.log,85363
569,570,m2,12,11.083,10.000,-1.083,5.000,2000-01-01 01:40:46,3,run/data/m2/debug.log,35436
569,570,m3,12,11.083,10.000,-1.083,5.000,2000-01-01 01:40:47,3,run/data/m3/debug.log,16170
570,571,admin,12,11.417,10.000,-1.417,5.000,2000-01-01 01:41:09,2,run/data/admin/debug.log,7307
570,571,m1,12,11.417,10.000,-1.417,5.000,2000-01-01 01:41:02,3,run/data/m1/debug.log,85378
570,571,m2,12,11.417,10.000,-1.417,5.000,2000-01-01 01:41:01,3,run/data/m2/debug.log,35463
570,571,m3,12,11.417,10.000,-1.417,5.000,2000-01-01 01:41:02,3,run/data/m3/debug.log,16185
571,572,admin,12,11.333,10.000,-1.333,5.000,2000-01-01 01:41:23,2,run/data/admin/debug.log,7321
571,572,m1,12,11.333,10.000,-1.333,5.000,2000-01-01 01:41:08,3,run/data/m1/debug.log,85402
571,572,m2,12,11.333,10.000,-1.333,5.000,2000-01-01 01:41:09,3,run/data/m2/debug.log,35478
571,572,m3,12,11.333,10.000,-1.333,5.000,2000-01-01 01:41:10,3,run/data/m3/debug.log,16200
572,573,admin,12,11.333,10.000,-1.333,5.000,2000-01-01 01:41:36,2,run/data/admin/debug.log,7335
572,573,m1,12,11.333,10.000,-1.333,5.000,2000-01-01 01:41:22,3,run/data/m1/debug.log,85493
572,573,m2,12,11.333,10.000,-1.333,5.000,2000-01-01 01:41:23,3,run/data/m2/debug.log,35493
572,573,m3,12,11.333,10.000,-1.333,5.000,2000-01-01 01:41:23,3,run/data/m3/debug.log,16215
573,574,admin,12,12.000,10.000,-2.000,5.000,2000-01-01 01:41:42,2,run/data/admin/debug.log,7349
573,574,m1,12,12.000,10.000,-2.000,5.000,2000-01-01 01:41:36,3,run/data/m1/debug.log,85829
573,574,m2,12,12.000,10.000,-2.000,5.000,2000-01-01 01:41:36,3,run/data/m2/debug.log,35508
573,574,m3,12,12.000,10.000,-2.000,5.000,2000-01-01 01:41:36,3,run/data/m3/debug.log,16230
574,575,admin,12,11.417,10.000,-1.417,5.000,2000-01-01 01:41:51,2,run/data/admin/debug.log,7363
574,575,m1,12,11.417,10.000,-1.417,5.000,2000-01-01 01:41:42,3,run/data/m1/debug.log,85844
574,575,m2,12,11.417,10.000,-1.417,5.000,2000-01-01 01:41:42,3,run/data/m2/debug.log,35657
574,575,m3,12,11.417,10.000,-1.417,5.000,2000-01-01 01:41:43,3,run/data/m3/debug.log,16245
575,576,admin,12,11.417,10.000,-1.417,5.000,2000-01-01 01:42:00,2,run/data/admin/debug.log,7380
575,576,m1,12,11.417,10.000,-1.417,5.000,2000-01-01 01:41:51,3,run/data/m1/debug.log,85906
575,576,m2,12,11.417,10.000,-1.417,5.000,2000-01-01 01:41:52,3,run/data/m2/debug.log,35672
575,576,m3,12,11.417,10.000,-1.417,5.000,2000-01-01 01:41:51,3,run/data/m3/debug.log,16260
576,577,admin,12,11.167,10.000,-1.167,5.000,2000-01-01 01:42:15,2,run/data/admin/debug.log,7394
576,577,m1,12,11.167,10.000,-1.167,5.000,2000-01-01 01:42:00,3,run/data/m1/debug.log,86004
576,577,m2,12,11.167,10.000,-1.167,5.000,2000-01-01 01:42:00,3,run/data/m2/debug.log,35687
576,577,m3,12,11.167,10.000,-1.167,5.000,2000-01-01 01:42:00,3,run/data/m3/debug.log,16275
577,578,admin,12,11.333,10.000,-1.333,5.000,2000-01-01 01:42:24,2,run/data/admin/debug.log,7408
577,578,m1,12,11.333,10.000,-1.333,5.000,2000-01-01 01:42:14,3,run/data/m1/debug.log,86678
577,578,m2,12,11.333,10.000,-1.333,5.000,2000-01-01 01:42:15,3,run/data/m2/debug.log,35702
577,578,m3,12,11.333,10.000,-1.333,5.000,2000-01-01 01:42:16,3,run/data/m3/debug.log,16290
578,579,admin,12,11.250,10.000,-1.250,5.000,2000-01-01 01:42:32,2,run/data/admin/debug.log,7422
578,579,m1,12,11.250,10.000,-1.250,5.000,2000-01-01 01:42:24,3,run/data/m1/debug.log,86693
578,579,m2,12,11.250,10.000,-1.250,5.000,2000-01-01 01:42:24,3,run/data/m2/debug.log,35826
578,579,m3,12,11.250,10.000,-1.250,5.000,2000-01-01 01:42:24,3,run/data/m3/debug.log,16305
579,580,admin,12,10.750,10.000,-0.750,5.000,2000-01-01 01:42:42,2,run/data/admin/debug.log,7436
579,580,m1,12,10.750,10.000,-0.750,5.000,2000-01-01 01:42:32,3,run/data/m1/debug.log,87690
579,580,m2,12,10.750,10.000,-0.750,5.000,2000-01-01 01:42:32,3,run/data/m2/debug.log,35844
579,580,m3,12,10.750,10.000,-0.750,5.000,2000-01-01 01:42:33,3,run/data/m3/debug.log,16323
580,581,admin,12,10.833,10.000,-0.833,5.000,2000-01-01 01:42:57,2,run/data/admin/debug.log,7450
580,581,m1,12,10.833,10.000,-0.833,5.000,2000-01-01 01:42:42,3,run/data/m1/debug.log,87705
580,581,m2,12,10.833,10.000,-0.833,5.000,2000-01-01 01:42:41,3,run/data/m2/debug.log,36698
580,581,m3,12,10.833,10.000,-0.833,5.000,2000-01-01 01:42:42,3,run/data/m3/debug.log,16338
581,582,admin,12,10.917,10.000,-0.917,5.000,2000-01-01 01:43:04,2,run/data/admin/debug.log,7464
581,582,m1,12,10.917,10.000,-0.917,5.000,2000-01-01 01:42:57,3,run/data/m1/debug.log,87720
581,582,m2,12,10.917,10.000,-0.917,5.000,2000-01-01 01:42:57,3,run/data/m2/debug.log,37219
581,582,m3,12,10.917,10.000,-0.917,5.000,2000-01-01 01:42:57,3,run/data/m3/debug.log,16353
582,583,admin,12,10.250,10.000,-0.250,5.000,2000-01-01 01:43:16,2,run/data/admin/debug.log,7478
582,583,m1,12,10.250,10.000,-0.250,5.000,2000-01-01 01:43:04,3,run/data/m1/debug.log,87879
582,583,m2,12,10.250,10.000,-0.250,5.000,2000-01-01 01:43:04,3,run/data/m2/debug.log,37234
582,583,m3,12,10.250,10.000,-0.250,5.000,2000-01-01 01:43:05,3,run/data/m3/debug.log,16368
583,584,admin,12,10.667,10.000,-0.667,5.000,2000-01-01 01:43:26,2,run/data/admin/debug.log,7492
583,584,m1,12,10.667,10.000,-0.667,5.000,2000-01-01 01:43:16,3,run/data/m1/debug.log,88112
583,584,m2,12,10.667,10.000,-0.667,5.000,2000-01-01 01:43:16,3,run/data/m2/debug.log,37249
583,584,m3,12,10.667,10.000,-0.667,5.000,2000-01-01 01:43:16,3,run/data/m3/debug.log,16383
584,585,admin,12,10.250,10.000,-0.250,5.000,2000-01-01 01:43:31,2,run/data/admin/debug.log,7506
584,585,m1,12,10.250,10.000,-0.250,5.000,2000-01-01 01:43:26,3,run/data/m1/debug.log,88127
584,585,m2,12,10.250,10.000,-0.250,5.000,2000-01-01 01:43:25,3,run/data/m2/debug.log,37540
584,585,m3,12,10.250,10.000,-0.250,5.000,2000-01-01 01:43:26,3,run/data/m3/debug.log,16398
585,586,admin,12,9.583,10.000,+0.417,5.000,2000-01-01 01:43:43,2,run/data/admin/debug.log,7520
585,586,m1,12,9.583,10.000,+0.417,5.000,2000-01-01 01:43:31,3,run/data/m1/debug.log,88142
585,586,m2,12,9.583,10.000,+0.417,5.000,2000-01-01 01:43:31,3,run/data/m2/debug.log,38017
585,586,m3,12,9.583,10.000,+0.417,5.000,2000-01-01 01:43:32,3,run/data/m3/debug.log,16413
586,587,admin,12,9.583,10.000,+0.417,5.000,2000-01-01 01:43:43,2,run/data/admin/debug.log,7531
586,587,m1,12,9.583,10.000,+0.417,5.000,2000-01-01 01:43:37,3,run/data/m1/debug.log,88175
586,587,m2,12,9.583,10.000,+0.417,5.000,2000-01-01 01:43:37,3,run/data/m2/debug.log,38032
586,587,m3,12,9.583,10.000,+0.417,5.000,2000-01-01 01:43:38,3,run/data/m3/debug.log,16428
587,588,admin,12,9.250,10.000,+0.750,5.000,2000-01-01 01:43:55,2,run/data/admin/debug.log,7545
587,588,m1,12,9.250,10.000,+0.750,5.000,2000-01-01 01:43:42,3,run/data/m1/debug.log,88213
587,588,m2,12,9.250,10.000,+0.750,5.000,2000-01-01 01:43:43,3,run/data/m2/debug.log,38047
587,588,m3,12,9.250,10.000,+0.750,5.000,2000-01-01 01:43:44,3,run/data/m3/debug.log,16443
588,589,admin,12,9.500,10.000,+0.500,5.000,2000-01-01 01:44:03,2,run/data/admin/debug.log,7562
588,589,m1,12,9.500,10.000,+0.500,5.000,2000-01-01 01:43:54,3,run/data/m1/debug.log,89098
588,589,m2,12,9.500,10.000,+0.500,5.000,2000-01-01 01:43:55,3,run/data/m2/debug.log,38062
588,589,m3,12,9.500,10.000,+0.500,5.000,2000-01-01 01:43:56,3,run/data/m3/debug.log,16458
589,590,admin,12,9.083,10.000,+0.917,5.000,2000-01-01 01:44:18,2,run/data/admin/debug.log,7576
589,590,m1,12,9.083,10.000,+0.917,5.000,2000-01-01 01:44:03,3,run/data/m1/debug.log,89113
589,590,m2,12,9.083,10.000,+0.917,5.000,2000-01-01 01:44:03,3,run/data/m2/debug.log,38305
589,590,m3,12,9.083,10.000,+0.917,5.000,2000-01-01 01:44:03,3,run/data/m3/debug.log,16473
590,591,admin,12,9.417,10.000,+0.583,5.000,2000-01-01 01:44:30,5,run/data/admin/debug.log,7590
590,591,m1,12,9.417,10.000,+0.583,5.000,2000-01-01 01:44:17,6,run/data/m1/debug.log,89695
590,591,m2,12,9.417,10.000,+0.583,5.000,2000-01-01 01:44:18,6,run/data/m2/debug.log,38320
590,591,m3,12,9.417,10.000,+0.583,5.000,2000-01-01 01:44:19,6,run/data/m3/debug.log,16488
591,592,admin,12,9.833,10.000,+0.167,5.000,2000-01-01 01:44:44,2,run/data/admin/debug.log,7620
591,592,m1,12,9.833,10.000,+0.167,5.000,2000-01-01 01:44:31,3,run/data/m1/debug.log,89729
591,592,m2,12,9.833,10.000,+0.167,5.000,2000-01-01 01:44:30,3,run/data/m2/debug.log,38472
591,592,m3,12,9.833,10.000,+0.167,5.000,2000-01-01 01:44:30,3,run/data/m3/debug.log,16702
592,593,admin,12,10.250,10.000,-0.250,5.000,2000-01-01 01:44:50,2,run/data/admin/debug.log,7634
592,593,m1,12,10.250,10.000,-0.250,5.000,2000-01-01 01:44:44,3,run/data/m1/debug.log,89763
592,593,m2,12,10.250,10.000,-0.250,5.000,2000-01-01 01:44:44,3,run/data/m2/debug.log,38510
592,593,m3,12,10.250,10.000,-0.250,5.000,2000-01-01 01:44:45,3,run/data/m3/debug.log,16736
593,594,admin,12,9.333,10.000,+0.667,5.000,2000-01-01 01:44:58,2,run/data/admin/debug.log,7648
593,594,m1,12,9.333,10.000,+0.667,5.000,2000-01-01 01:44:49,3,run/data/m1/debug.log,90091
593,594,m2,12,9.333,10.000,+0.667,5.000,2000-01-01 01:44:50,3,run/data/m2/debug.log,38525
593,594,m3,12,9.333,10.000,+0.667,5.000,2000-01-01 01:44:51,3,run/data/m3/debug.log,16751
594,595,admin,12,9.500,10.000,+0.500,5.000,2000-01-01 01:45:10,2,run/data/admin/debug.log,7662
594,595,m1,12,9.500,10.000,+0.500,5.000,2000-01-01 01:44:58,3,run/data/m1/debug.log,90168
594,595,m2,12,9.500,10.000,+0.500,5.000,2000-01-01 01:44:59,3,run/data/m2/debug.log,38540
594,595,m3,12,9.500,10.000,+0.500,5.000,2000-01-01 01:45:00,3,run/data/m3/debug.log,16766
595,596,admin,12,9.500,10.000,+0.500,5.000,2000-01-01 01:45:23,2,run/data/admin/debug.log,7676
595,596,m1,12,9.500,10.000,+0.500,5.000,2000-01-01 01:45:10,3,run/data/m1/debug.log,90183
595,596,m2,12,9.500,10.000,+0.500,5.000,2000-01-01 01:45:10,3,run/data/m2/debug.log,38696
595,596,m3,12,9.500,10.000,+0.500,5.000,2000-01-01 01:45:11,3,run/data/m3/debug.log,16781
596,597,admin,12,9.833,10.000,+0.167,5.000,2000-01-01 01:45:33,2,run/data/admin/debug.log,7690
596,597,m1,12,9.833,10.000,+0.167,5.000,2000-01-01 01:45:23,3,run/data/m1/debug.log,90198
596,597,m2,12,9.833,10.000,+0.167,5.000,2000-01-01 01:45:24,3,run/data/m2/debug.log,38711
596,597,m3,12,9.833,10.000,+0.167,5.000,2000-01-01 01:45:23,3,run/data/m3/debug.log,17067
597,598,admin,12,10.083,10.000,-0.083,5.000,2000-01-01 01:45:40,2,run/data/admin/debug.log,7705
597,598,m1,12,10.083,10.000,-0.083,5.000,2000-01-01 01:45:32,3,run/data/m1/debug.log,90223
597,598,m2,12,10.083,10.000,-0.083,5.000,2000-01-01 01:45:33,3,run/data/m2/debug.log,38726
597,598,m3,12,10.083,10.000,-0.083,5.000,2000-01-01 01:45:34,3,run/data/m3/debug.log,17082
598,599,admin,12,10.250,10.000,-0.250,5.000,2000-01-01 01:45:53,2,run/data/admin/debug.log,7719
598,599,m1,12,10.250,10.000,-0.250,5.000,2000-01-01 01:45:40,3,run/data/m1/debug.log,90591
598,599,m2,12,10.250,10.000,-0.250,5.000,2000-01-01 01:45:41,3,run/data/m2/debug.log,38741
598,599,m3,12,10.250,10.000,-0.250,5.000,2000-01-01 01:45:41,3,run/data/m3/debug.log,17097
599,600,admin,12,10.917,10.000,-0.917,5.000,2000-01-01 01:46:09,2,run/data/admin/debug.log,7736
599,600,m1,12,10.917,10.000,-0.917,5.000,2000-01-01 01:45:53,3,run/data/m1/debug.log,90650
599,600,m2,12,10.917,10.000,-0.917,5.000,2000-01-01 01:45:54,3,run/data/m2/debug.log,38756
599,600,m3,12,10.917,10.000,-0.917,5.000,2000-01-01 01:45:55,3,run/data/m3/debug.log,17112
600,601,admin,12,11.250,10.000,-1.250,5.000,2000-01-01 01:46:16,2,run/data/admin/debug.log,7750
600,601,m1,12,11.250,10.000,-1.250,5.000,2000-01-01 01:46:09,3,run/data/m1/debug.log,91415
600,601,m2,12,11.250,10.000,-1.250,5.000,2000-01-01 01:46:09,3,run/data/m2/debug.log,38771
600,601,m3,12,11.250,10.000,-1.250,5.000,2000-01-01 01:46:10,3,run/data/m3/debug.log,17127
601,602,admin,12,11.083,10.000,-1.083,5.000,2000-01-01 01:46:31,2,run/data/admin/debug.log,7764
601,602,m1,12,11.083,10.000,-1.083,5.000,2000-01-01 01:46:16,3,run/data/m1/debug.log,91431
601,602,m2,12,11.083,10.000,-1.083,5.000,2000-01-01 01:46:16,3,run/data/m2/debug.log,38945
601,602,m3,12,11.083,10.000,-1.083,5.000,2000-01-01 01:46:17,3,run/data/m3/debug.log,17143
602,603,admin,12,11.167,10.000,-1.167,5.000,2000-01-01 01:46:45,5,run/data/admin/debug.log,7780
602,603,m1,12,11.167,10.000,-1.167,5.000,2000-01-01 01:46:31,6,run/data/m1/debug.log,91489
602,603,m2,12,11.167,10.000,-1.167,5.000,2000-01-01 01:46:31,6,run/data/m2/debug.log,38963
602,603,m3,12,11.167,10.000,-1.167,5.000,2000-01-01 01:46:32,6,run/data/m3/debug.log,17161
603,604,admin,12,11.250,10.000,-1.250,5.000,2000-01-01 01:46:58,2,run/data/admin/debug.log,7810
603,604,m1,12,11.250,10.000,-1.250,5.000,2000-01-01 01:46:45,3,run/data/m1/debug.log,91615
603,604,m2,12,11.250,10.000,-1.250,5.000,2000-01-01 01:46:45,3,run/data/m2/debug.log,38978
603,604,m3,12,11.250,10.000,-1.250,5.000,2000-01-01 01:46:45,3,run/data/m3/debug.log,17246
604,605,admin,12,11.167,10.000,-1.167,5.000,2000-01-01 01:47:06,2,run/data/admin/debug.log,7824
604,605,m1,12,11.167,10.000,-1.167,5.000,2000-01-01 01:46:58,3,run/data/m1/debug.log,92097
604,605,m2,12,11.167,10.000,-1.167,5.000,2000-01-01 01:46:59,3,run/data/m2/debug.log,39009
604,605,m3,12,11.167,10.000,-1.167,5.000,2000-01-01 01:47:00,3,run/data/m3/debug.log,17281
605,606,admin,12,11.417,10.000,-1.417,5.000,2000-01-01 01:47:22,2,run/data/admin/debug.log,7839
605,606,m1,12,11.417,10.000,-1.417,5.000,2000-01-01 01:47:06,3,run/data/m1/debug.log,92179
605,606,m2,12,11.417,10.000,-1.417,5.000,2000-01-01 01:47:06,3,run/data/m2/debug.log,39024
605,606,m3,12,11.417,10.000,-1.417,5.000,2000-01-01 01:47:07,3,run/data/m3/debug.log,17301
606,607,admin,12,11.917,10.000,-1.917,5.000,2000-01-01 01:47:37,2,run/data/admin/debug.log,7853
606,607,m1,12,11.917,10.000,-1.917,5.000,2000-01-01 01:47:21,3,run/data/m1/debug.log,92362
606,607,m2,12,11.917,10.000,-1.917,5.000,2000-01-01 01:47:22,3,run/data/m2/debug.log,39044
606,607,m3,12,11.917,10.000,-1.917,5.000,2000-01-01 01:47:23,3,run/data/m3/debug.log,17316
607,608,m1,12,12.250,10.000,-2.250,5.000,2000-01-01 01:47:37,1,run/data/m1/debug.log,92473
607,608,m2,12,12.250,10.000,-2.250,5.000,2000-01-01 01:47:37,1,run/data/m2/debug.log,39059
607,608,m3,12,12.250,10.000,-2.250,5.000,2000-01-01 01:47:38,1,run/data/m3/debug.log,17331
