run_id,livello,tbt,height_invio,height_conferma,epoca,nodo_publisher,indirizzo,miner_cluster,seq,esito,dettaglio_errore,txid
run4-tbt-3s/intercontinentale,intercontinentale,3,110,111,10,c4,1TFFyiBbp1YeJiDAG9heTHahno55ikaZcom68e,m2,1,ok,,9b8a323e1aa1de1070a89829968799afa0bb4b320f2e46cefbc4e2a50d48b66c
run4-tbt-3s/intercontinentale,intercontinentale,3,110,111,10,c3,14pmjhAXKHStX1ymPpwvt7n9i412fia61DZFdB,m2,1,ok,,64372ef3d34b3b4e3b3653793ce77ed084c7062ebb4e24da63b180a1d3abf57d
run4-tbt-3s/intercontinentale,intercontinentale,3,110,111,10,c1,1MZ34BZBycanzV6MQpn4kGo3igKxDeCFHrm4ys,m1,1,ok,,c62bbd6673b03cc55e35b0df3e9079b40e42855faa535ed73b1881a4bf391cfc
run4-tbt-3s/intercontinentale,intercontinentale,3,110,111,10,c5,1Zf6vhjhrZjDD8A5EitQbbxXVqtZKz5YEQ5i7C,m3,1,ok,,778dd0e57e545595b30088f206fcf7c8464c70ec296c7ef8665b0d24b97ad89e
run4-tbt-3s/intercontinentale,intercontinentale,3,110,111,10,c2,1LB6qUDEtPSL1cXPypZpfPq4jGZRpZVJ3UzARx,m1,1,ok,,144fa562529b876902d6629e08270865f6ec7d88cb948938cf00e47004d123cb
run4-tbt-3s/intercontinentale,intercontinentale,3,112,114,10,c1,1MZ34BZBycanzV6MQpn4kGo3igKxDeCFHrm4ys,m1,2,ok,,942d2543b3cebe1c5762b869e473588f248726e1391c98bd8de5df82cd605e9c
run4-tbt-3s/intercontinentale,intercontinentale,3,114,115,10,c2,1LB6qUDEtPSL1cXPypZpfPq4jGZRpZVJ3UzARx,m1,2,ok,,f9e6ef68382e71db4ff8d7282780f7a2beae070150591dcf79d38d11a2347dbf
run4-tbt-3s/intercontinentale,intercontinentale,3,115,116,10,c3,14pmjhAXKHStX1ymPpwvt7n9i412fia61DZFdB,m2,2,ok,,aa1820a593bea113c4b42f4d96b3af67bd0ff4c997ab661a90c7373080ea9f82
run4-tbt-3s/intercontinentale,intercontinentale,3,115,116,10,c1,1MZ34BZBycanzV6MQpn4kGo3igKxDeCFHrm4ys,m1,3,ok,,c694aaadd3f11b7ba355041e35719ab60d218111bc80a42855d993a89d4c85c1
run4-tbt-3s/intercontinentale,intercontinentale,3,116,117,10,c4,1TFFyiBbp1YeJiDAG9heTHahno55ikaZcom68e,m2,2,ok,,0c38a8a7d1dfbff7a62f5a07f698ba0185edf110d28e3fd5d4d5e77c081aff77
run4-tbt-3s/intercontinentale,intercontinentale,3,117,119,10,c2,1LB6qUDEtPSL1cXPypZpfPq4jGZRpZVJ3UzARx,m1,3,ok,,053b3c53740837b305acd7fe9756f2b98f52dfb4699989318a46344d60552bc5
run4-tbt-3s/intercontinentale,intercontinentale,3,117,119,10,c1,1MZ34BZBycanzV6MQpn4kGo3igKxDeCFHrm4ys,m1,4,ok,,dadc9436c768514dac51cd115d1f5b9bd43b09fbaa0e8b558e23876c3ff8d5b2
run4-tbt-3s/intercontinentale,intercontinentale,3,118,119,10,c5,1Zf6vhjhrZjDD8A5EitQbbxXVqtZKz5YEQ5i7C,m3,2,ok,,f8a41809ad6410433735c472deafe8da4ca0be86baa3c8d25afa4b9d0acf1674
run4-tbt-3s/intercontinentale,intercontinentale,3,119,121,11,c3,14pmjhAXKHStX1ymPpwvt7n9i412fia61DZFdB,m2,3,ok,,cecebd39b53a3c83833d15b4c40e2b9b01f35cd174b5053cffd78d6b372ffee3
run4-tbt-3s/intercontinentale,intercontinentale,3,119,121,11,c1,1MZ34BZBycanzV6MQpn4kGo3igKxDeCFHrm4ys,m1,5,ok,,dcb2aeea41634a425de0fd109775b6b8a78c681d84640c00cdee944b9e5e4db8
run4-tbt-3s/intercontinentale,intercontinentale,3,121,122,11,c2,1LB6qUDEtPSL1cXPypZpfPq4jGZRpZVJ3UzARx,m1,4,ok,,26536ca8b41b3de9d05356847914bd05c77de7c636964def1d38354ffd7d7b6d
run4-tbt-3s/intercontinentale,intercontinentale,3,122,124,11,c4,1TFFyiBbp1YeJiDAG9heTHahno55ikaZcom68e,m2,3,ok,,cd1407502661dc044bf3080a523b0f5172b84f4925e7c61c41e12ec836c7f641
run4-tbt-3s/intercontinentale,intercontinentale,3,122,124,11,c1,1MZ34BZBycanzV6MQpn4kGo3igKxDeCFHrm4ys,m1,6,ok,,0fdf95450034882a30173a07512eea08262ace34e0a5f5c47dde85e3922dea89
run4-tbt-3s/intercontinentale,intercontinentale,3,125,126,11,c3,14pmjhAXKHStX1ymPpwvt7n9i412fia61DZFdB,m2,4,ok,,5bb11c4e14ead45600be9c253de61c6c1a6d454702f3dd265e1f39f25a7755e4
run4-tbt-3s/intercontinentale,intercontinentale,3,125,126,11,c2,1LB6qUDEtPSL1cXPypZpfPq4jGZRpZVJ3UzARx,m1,5,ok,,96b0a9ad8630996d543d5fc71e87889f43e944aaca29aa9b0c76830c26261ad1
run4-tbt-3s/intercontinentale,intercontinentale,3,125,126,11,c1,1MZ34BZBycanzV6MQpn4kGo3igKxDeCFHrm4ys,m1,7,ok,,ff56e0d76a77242effb51138d0260b7677024ab1356e42ddde5bffdda0e1509d
run4-tbt-3s/intercontinentale,intercontinentale,3,126,127,11,c5,1Zf6vhjhrZjDD8A5EitQbbxXVqtZKz5YEQ5i7C,m3,3,ok,,0b29cc90a74ea2b5b966078832ee339ee516d61fb478f10136bbfd30be230db3
run4-tbt-3s/intercontinentale,intercontinentale,3,128,129,11,c1,1MZ34BZBycanzV6MQpn4kGo3igKxDeCFHrm4ys,m1,8,ok,,0e8cd26558dd61af14013a4bca273c5d08b61c6205dde2464145a211bea574b0
run4-tbt-3s/intercontinentale,intercontinentale,3,129,130,11,c4,1TFFyiBbp1YeJiDAG9heTHahno55ikaZcom68e,m2,4,ok,,17e08701ff6f304498eb27a9cf8d162c6ca59c6f217747d47351e7c14eabaf75
run4-tbt-3s/intercontinentale,intercontinentale,3,129,130,11,c2,1LB6qUDEtPSL1cXPypZpfPq4jGZRpZVJ3UzARx,m1,6,ok,,f50b4e27a52cc1c6c8fd9c7e4e1cc1241e8a5f85f37b2596ecc109384db410a1
run4-tbt-3s/intercontinentale,intercontinentale,3,130,132,12,c3,14pmjhAXKHStX1ymPpwvt7n9i412fia61DZFdB,m2,5,ok,,d2ad74f6892db6cc8702962502b545e676bacf9e5ef5f625830645cdec088d50
run4-tbt-3s/intercontinentale,intercontinentale,3,130,132,12,c1,1MZ34BZBycanzV6MQpn4kGo3igKxDeCFHrm4ys,m1,9,ok,,d5f7040deb09c400b14e3e8dc0f3abb487627149b1d5b38c09940661e6d85d4e
run4-tbt-3s/intercontinentale,intercontinentale,3,133,134,12,c2,1LB6qUDEtPSL1cXPypZpfPq4jGZRpZVJ3UzARx,m1,7,ok,,592ff7065ff703bc681fe52b4231e28a2c70cfe02fcf1fd12be6b8a44766c33f
run4-tbt-3s/intercontinentale,intercontinentale,3,133,134,12,c1,1MZ34BZBycanzV6MQpn4kGo3igKxDeCFHrm4ys,m1,10,ok,,52b35e3741dd24d362b14157946f5a76f8ac3566a0bb4ade5543cc1703241ed1
run4-tbt-3s/intercontinentale,intercontinentale,3,134,135,12,c5,1Zf6vhjhrZjDD8A5EitQbbxXVqtZKz5YEQ5i7C,m3,4,ok,,45a216103648200c650389c383ffaa954b7401eb77ce0783c993f4e391979a6c
run4-tbt-3s/intercontinentale,intercontinentale,3,135,136,12,c4,1TFFyiBbp1YeJiDAG9heTHahno55ikaZcom68e,m2,5,ok,,85f7dd840426641e47894e65293f424286f677a7a9f54cc8339ad9ac5dba77f5
run4-tbt-3s/intercontinentale,intercontinentale,3,135,136,12,c3,14pmjhAXKHStX1ymPpwvt7n9i412fia61DZFdB,m2,6,ok,,578e7e45f24dde137ca878a2237e262572caf0f97361228f0d5bdae7c412a2e5
run4-tbt-3s/intercontinentale,intercontinentale,3,135,136,12,c1,1MZ34BZBycanzV6MQpn4kGo3igKxDeCFHrm4ys,m1,11,ok,,dd6347062557b37950ca8e6429765e6fc33b268b27ae2f681181f2503d029dd7
run4-tbt-3s/intercontinentale,intercontinentale,3,136,138,12,c2,1LB6qUDEtPSL1cXPypZpfPq4jGZRpZVJ3UzARx,m1,8,ok,,fcf9488cc7b8365612f07c4ef65b74e85867d6e2033883ee9afd8997d5065b42
run4-tbt-3s/intercontinentale,intercontinentale,3,138,139,12,c1,1MZ34BZBycanzV6MQpn4kGo3igKxDeCFHrm4ys,m1,12,ok,,8b5e6701fee619a21af684c5f54c3f619979fc61debe484c5a6996338c42b541
run4-tbt-3s/intercontinentale,intercontinentale,3,140,142,12,c3,14pmjhAXKHStX1ymPpwvt7n9i412fia61DZFdB,m2,7,ok,,fd61a182005d19c2e06eea47b9a0c978664c8a03b486b35ca1fa60a3ef284681
run4-tbt-3s/intercontinentale,intercontinentale,3,140,142,12,c2,1LB6qUDEtPSL1cXPypZpfPq4jGZRpZVJ3UzARx,m1,9,ok,,6e2a28b7306704ca49362cb58707531bea4c62308bcde5d4885eb81487e0db5c
run4-tbt-3s/intercontinentale,intercontinentale,3,140,142,12,c1,1MZ34BZBycanzV6MQpn4kGo3igKxDeCFHrm4ys,m1,13,ok,,18298658a1cd6d64a8c0f205f396f74279411d75ae81c453d82f797c7f69d61a
run4-tbt-3s/intercontinentale,intercontinentale,3,142,143,12,c5,1Zf6vhjhrZjDD8A5EitQbbxXVqtZKz5YEQ5i7C,m3,5,ok,,574ab2be9a254d33ea6748b700a2b930a5dd129cbfaf15822c3c2a5db868aa28
run4-tbt-3s/intercontinentale,intercontinentale,3,142,143,12,c4,1TFFyiBbp1YeJiDAG9heTHahno55ikaZcom68e,m2,6,ok,,b998bce2cafe619c3d78b274f8d43b60dfe2f15f869769ceda3dd8b1d1860f92
run4-tbt-3s/intercontinentale,intercontinentale,3,143,144,13,c1,1MZ34BZBycanzV6MQpn4kGo3igKxDeCFHrm4ys,m1,14,ok,,9da32665d840521fd8750baa99632e8e7f6c60bb95196ead780483c6ab0d88f9
run4-tbt-3s/intercontinentale,intercontinentale,3,144,145,13,c2,1LB6qUDEtPSL1cXPypZpfPq4jGZRpZVJ3UzARx,m1,10,ok,,7a05fc0890c590e59e4b55e2d3d51b4bc19d4d37dabd38539486dc3cdf7ce52f
run4-tbt-3s/intercontinentale,intercontinentale,3,145,146,13,c3,14pmjhAXKHStX1ymPpwvt7n9i412fia61DZFdB,m2,8,ok,,866a1337546ba67b74499bee221530a4450090c29ceffa3d45eddace71900ba3
run4-tbt-3s/intercontinentale,intercontinentale,3,145,146,13,c1,1MZ34BZBycanzV6MQpn4kGo3igKxDeCFHrm4ys,m1,15,ok,,b079bcc982a56b236d98fa47ea1ce6b565ca7099cd2af751470fcf0d0d39215d
run4-tbt-3s/intercontinentale,intercontinentale,3,147,148,13,c4,1TFFyiBbp1YeJiDAG9heTHahno55ikaZcom68e,m2,7,ok,,ccf1f8e1f1dcbc48b9b426d399e13aa4a5e0628ed54aa179109e5a69dbb1e733
run4-tbt-3s/intercontinentale,intercontinentale,3,147,148,13,c2,1LB6qUDEtPSL1cXPypZpfPq4jGZRpZVJ3UzARx,m1,11,ok,,bfec84918471a2c33bbf6aff10e146a225f130baf639b3f0f35bd8ca81fa914c
run4-tbt-3s/intercontinentale,intercontinentale,3,147,148,13,c1,1MZ34BZBycanzV6MQpn4kGo3igKxDeCFHrm4ys,m1,16,ok,,45c16681c18124ce9ca99da6b539734d7398e628178e45bc70e047ea8188c6e4
run4-tbt-3s/intercontinentale,intercontinentale,3,148,150,13,c5,1Zf6vhjhrZjDD8A5EitQbbxXVqtZKz5YEQ5i7C,m3,6,ok,,61d0acc0bed2c25cbf405201ea1204d4e0cc2173085eb5470e03d0e85d060c26
run4-tbt-3s/intercontinentale,intercontinentale,3,150,151,13,c3,14pmjhAXKHStX1ymPpwvt7n9i412fia61DZFdB,m2,9,ok,,23e90470cb0048bd40140cf53dbd81b6114efba2fdd2dba0384fa31654f53adc
run4-tbt-3s/intercontinentale,intercontinentale,3,150,151,13,c1,1MZ34BZBycanzV6MQpn4kGo3igKxDeCFHrm4ys,m1,17,ok,,91388ecbc6a8946702ebe52e03f7cb6e99b69ee6b512b334d3ac005b4cfe57b0
run4-tbt-3s/intercontinentale,intercontinentale,3,151,152,13,c2,1LB6qUDEtPSL1cXPypZpfPq4jGZRpZVJ3UzARx,m1,12,ok,,aa7542ed4214000703e856be20c5b65008a09ad6fbee4703d9aab5bc8ae89a52
run4-tbt-3s/intercontinentale,intercontinentale,3,152,153,13,c1,1MZ34BZBycanzV6MQpn4kGo3igKxDeCFHrm4ys,m1,18,ok,,930633f1724c93b99199de0d242187ed7c307947aca7e65ea62dd24e28445e47
run4-tbt-3s/intercontinentale,intercontinentale,3,153,154,13,c4,1TFFyiBbp1YeJiDAG9heTHahno55ikaZcom68e,m2,8,ok,,cbe647d3d52756ead3ff51ab82549d5f9bda55b3fed2645c9729ae589d0ae0a1
run4-tbt-3s/intercontinentale,intercontinentale,3,154,155,13,c3,14pmjhAXKHStX1ymPpwvt7n9i412fia61DZFdB,m2,10,ok,,3da6ff7012a007ce91801eb301d2aaca949b1b804e2bdc95c4c1d9824b04b013
run4-tbt-3s/intercontinentale,intercontinentale,3,154,155,13,c2,1LB6qUDEtPSL1cXPypZpfPq4jGZRpZVJ3UzARx,m1,13,ok,,75752f0f2667d34a94d1304706d73c4a5e328e3ba8f6ddbdc5307afe1abb4b2e
run4-tbt-3s/intercontinentale,intercontinentale,3,154,155,13,c1,1MZ34BZBycanzV6MQpn4kGo3igKxDeCFHrm4ys,m1,19,ok,,39b235533545381ddcc603d3a2eae358dda019f4125eadff9cbee2d3cbf938b1
run4-tbt-3s/intercontinentale,intercontinentale,3,155,157,14,c5,1Zf6vhjhrZjDD8A5EitQbbxXVqtZKz5YEQ5i7C,m3,7,ok,,24a8f8ba3ab0dab3b844cf624aadc413fee87ebae7d7413426e27cff7f25e6a7
run4-tbt-3s/intercontinentale,intercontinentale,3,156,157,14,c1,1MZ34BZBycanzV6MQpn4kGo3igKxDeCFHrm4ys,m1,20,ok,,e6954362973b22594d11e5818c05e3800f5d5ca12f779141d69f77f4c292afff
run4-tbt-3s/intercontinentale,intercontinentale,3,157,158,14,c2,1LB6qUDEtPSL1cXPypZpfPq4jGZRpZVJ3UzARx,m1,14,ok,,20e63418f26dff9d72bd7dab94477c9a5f9f2de8571a8ef9ceb7d9a6ada9d421
run4-tbt-3s/intercontinentale,intercontinentale,3,159,160,14,c4,1TFFyiBbp1YeJiDAG9heTHahno55ikaZcom68e,m2,9,ok,,466e26ca8011cbe9c460b5fbfc332e8d3a200a4218e7a5d6fffdc1aa8c8db739
run4-tbt-3s/intercontinentale,intercontinentale,3,159,160,14,c3,14pmjhAXKHStX1ymPpwvt7n9i412fia61DZFdB,m2,11,ok,,d7c4f92058d6146128cc75d39b58069ba99cc9cc8f40fce90e2852500c9e745c
run4-tbt-3s/intercontinentale,intercontinentale,3,159,160,14,c1,1MZ34BZBycanzV6MQpn4kGo3igKxDeCFHrm4ys,m1,21,ok,,10bda0f922e454eeb93f0ed339fd54f6e7b046f7e1dc5143b18b0af6666585d8
run4-tbt-3s/intercontinentale,intercontinentale,3,161,162,14,c2,1LB6qUDEtPSL1cXPypZpfPq4jGZRpZVJ3UzARx,m1,15,ok,,6581be09fcd5b69435eb0062fc91fef235151672ffc48e93fe6492070102c193
run4-tbt-3s/intercontinentale,intercontinentale,3,161,162,14,c1,1MZ34BZBycanzV6MQpn4kGo3igKxDeCFHrm4ys,m1,22,ok,,6edc5f0a383a07a1397e3a00a7cabab07f19f95e882017c8249e349356e57e8c
run4-tbt-3s/intercontinentale,intercontinentale,3,163,164,14,c5,1Zf6vhjhrZjDD8A5EitQbbxXVqtZKz5YEQ5i7C,m3,8,ok,,3845d9ba946cd416d89e7f048b2d05fe9006f8ec70ad5928d64b7e0cd03b53df
run4-tbt-3s/intercontinentale,intercontinentale,3,164,165,14,c3,14pmjhAXKHStX1ymPpwvt7n9i412fia61DZFdB,m2,12,ok,,ebc98f7d08e6dcd864da74191e777073b19bbe12450d6513325a79af6fe50e78
run4-tbt-3s/intercontinentale,intercontinentale,3,164,165,14,c1,1MZ34BZBycanzV6MQpn4kGo3igKxDeCFHrm4ys,m1,23,ok,,14f931e6093263d584b710d4d0ae3ba76eb136c41d9b864cf1c6915cfd2523f0
run4-tbt-3s/intercontinentale,intercontinentale,3,164,166,14,c4,1TFFyiBbp1YeJiDAG9heTHahno55ikaZcom68e,m2,10,ok,,041f44a9857c947f34c045493fd5f97b741621954b5297e50a5b66e27d859285
run4-tbt-3s/intercontinentale,intercontinentale,3,164,166,14,c2,1LB6qUDEtPSL1cXPypZpfPq4jGZRpZVJ3UzARx,m1,16,ok,,934da65ae8a62f08b120d464fff5ddca43787d46c6e8a4135ce50ecd809b3815
run4-tbt-3s/intercontinentale,intercontinentale,3,165,167,14,c1,1MZ34BZBycanzV6MQpn4kGo3igKxDeCFHrm4ys,m1,24,ok,,98abf09b76d65dc543dc7ac833232c450425667a82eb821243b9a413e3452edf
run4-tbt-3s/intercontinentale,intercontinentale,3,168,169,15,c3,14pmjhAXKHStX1ymPpwvt7n9i412fia61DZFdB,m2,13,ok,,270efe536c3af9c272a6d2e895d5a77f822841760af9a79e583e1ee0202c8f9b
run4-tbt-3s/intercontinentale,intercontinentale,3,168,169,15,c2,1LB6qUDEtPSL1cXPypZpfPq4jGZRpZVJ3UzARx,m1,17,ok,,7c09d7b1ba8e93dc58f208a19dc508ba866870559f9d701181dc9e796edacee2
run4-tbt-3s/intercontinentale,intercontinentale,3,168,169,15,c1,1MZ34BZBycanzV6MQpn4kGo3igKxDeCFHrm4ys,m1,25,ok,,b65480eba54937ece73e354f286c1eec992c7b6a21775b74a211a8eb837d4b29
run4-tbt-3s/intercontinentale,intercontinentale,3,170,171,15,c5,1Zf6vhjhrZjDD8A5EitQbbxXVqtZKz5YEQ5i7C,m3,9,ok,,9798adb773d5d65c7cada319e00707870e864e6069e55bc22d2fba7c38fc024a
run4-tbt-3s/intercontinentale,intercontinentale,3,170,171,15,c4,1TFFyiBbp1YeJiDAG9heTHahno55ikaZcom68e,m2,11,ok,,a29bb7bdfef94e2afdc2061d889ca346b93190aaba150dcfb602c6e2a4989247
run4-tbt-3s/intercontinentale,intercontinentale,3,170,171,15,c1,1MZ34BZBycanzV6MQpn4kGo3igKxDeCFHrm4ys,m1,26,ok,,6a8b38164ae9c89743d2b2cb120e0aca53303ae66f57f5c9c7bed6f7e17a7c9d
run4-tbt-3s/intercontinentale,intercontinentale,3,171,172,15,c2,1LB6qUDEtPSL1cXPypZpfPq4jGZRpZVJ3UzARx,m1,18,ok,,d02727e0407a0ffc6aca3e6a32c523f251f7a657c5cf0908792d8472507283d3
run4-tbt-3s/intercontinentale,intercontinentale,3,172,173,15,c3,14pmjhAXKHStX1ymPpwvt7n9i412fia61DZFdB,m2,14,ok,,1c47d9eb62e39bc5e3af4b2a0446fa0a5c27d3af6c55facd13f40b411063ca7b
run4-tbt-3s/intercontinentale,intercontinentale,3,172,173,15,c1,1MZ34BZBycanzV6MQpn4kGo3igKxDeCFHrm4ys,m1,27,ok,,1ae258aace7b00596f5fb825238d6471b8c3c7158718e5c610aac18091ec6edd
run4-tbt-3s/intercontinentale,intercontinentale,3,174,175,15,c2,1LB6qUDEtPSL1cXPypZpfPq4jGZRpZVJ3UzARx,m1,19,ok,,829a03ee84ce8eb0bd49fffd58da8d41633589819a5c1e5645dff59dea22227b
run4-tbt-3s/intercontinentale,intercontinentale,3,174,175,15,c1,1MZ34BZBycanzV6MQpn4kGo3igKxDeCFHrm4ys,m1,28,ok,,26517a8f91901c6aa0f4ddeb0e9afccd86bbb37952cee58bcb756dc599c48b9b
run4-tbt-3s/intercontinentale,intercontinentale,3,175,176,15,c4,1TFFyiBbp1YeJiDAG9heTHahno55ikaZcom68e,m2,12,ok,,46638d3a311847711038d8c6b509edea00bfc1d83e1f7b0e9d9cb5e64b8ddd31
run4-tbt-3s/intercontinentale,intercontinentale,3,176,177,15,c3,14pmjhAXKHStX1ymPpwvt7n9i412fia61DZFdB,m2,15,ok,,a4883192b58e78e4b92e35ee52872c098a39c3081b5dc1ac1344a05261caba00
run4-tbt-3s/intercontinentale,intercontinentale,3,176,177,15,c1,1MZ34BZBycanzV6MQpn4kGo3igKxDeCFHrm4ys,m1,29,ok,,833d4f62e133a0947cfee80c59b9fd18073a8145cbf5fb63ae8274a119dda9ba
run4-tbt-3s/intercontinentale,intercontinentale,3,176,178,15,c5,1Zf6vhjhrZjDD8A5EitQbbxXVqtZKz5YEQ5i7C,m3,10,ok,,ea2ad377021f1eee8d0d4b6e290b3ced5e126c3eab38aca436ced7b3f90c0713
run4-tbt-3s/intercontinentale,intercontinentale,3,177,178,15,c2,1LB6qUDEtPSL1cXPypZpfPq4jGZRpZVJ3UzARx,m1,20,ok,,d15a8246b9dc87fc9e3b1c856d8d95d169f74eb6a5e4159818487481eaccf5d3
run4-tbt-3s/intercontinentale,intercontinentale,3,178,180,16,c1,1MZ34BZBycanzV6MQpn4kGo3igKxDeCFHrm4ys,m1,30,ok,,68793ac4381107405d352d32fc21187c31838a24df8d9e9b882d4e3279b3bec5
run4-tbt-3s/intercontinentale,intercontinentale,3,181,182,16,c4,1TFFyiBbp1YeJiDAG9heTHahno55ikaZcom68e,m2,13,ok,,800b45fc4e51dd9c0c36bdd5e1116f61db5e45210b3af6d15329f9d385289883
run4-tbt-3s/intercontinentale,intercontinentale,3,181,182,16,c3,14pmjhAXKHStX1ymPpwvt7n9i412fia61DZFdB,m2,16,ok,,eda5319d355c84ba3eaac315a1519ba2b5fe3f836026836ec91f93f492dd812c
run4-tbt-3s/intercontinentale,intercontinentale,3,181,182,16,c2,1LB6qUDEtPSL1cXPypZpfPq4jGZRpZVJ3UzARx,m1,21,ok,,f56a8275b1bb4b75f58f109c5c5771f024c169c22720b77623fc1b61efc68c39
run4-tbt-3s/intercontinentale,intercontinentale,3,181,182,16,c1,1MZ34BZBycanzV6MQpn4kGo3igKxDeCFHrm4ys,m1,31,ok,,83e2f5d46269b1d87e3d5da13c8ce143b1e7c6bad9d9d2953f38e719dcd1fd7f
run4-tbt-3s/intercontinentale,intercontinentale,3,183,184,16,c1,1MZ34BZBycanzV6MQpn4kGo3igKxDeCFHrm4ys,m1,32,ok,,d6fb4626abbf1b765b3e0bf14de7ceb0d17869fa6c02e34b9fca4c79780ba853
run4-tbt-3s/intercontinentale,intercontinentale,3,183,185,16,c5,1Zf6vhjhrZjDD8A5EitQbbxXVqtZKz5YEQ5i7C,m3,11,ok,,1a78b9561d0b2dda5f9e7d31e4187c2f6b56c205629a97e51f26b4ee11aa569a
run4-tbt-3s/intercontinentale,intercontinentale,3,184,185,16,c2,1LB6qUDEtPSL1cXPypZpfPq4jGZRpZVJ3UzARx,m1,22,ok,,3b6d9776b592116c09701390b147e28c6ed76cdfef0c08f820fd5569510196dc
run4-tbt-3s/intercontinentale,intercontinentale,3,185,186,16,c3,14pmjhAXKHStX1ymPpwvt7n9i412fia61DZFdB,m2,17,ok,,09abbd763a69a9798c0849ac6afb4ce8f75c2f4b122149b849aa6e8d452df799
run4-tbt-3s/intercontinentale,intercontinentale,3,185,186,16,c1,1MZ34BZBycanzV6MQpn4kGo3igKxDeCFHrm4ys,m1,33,ok,,478941a484fd74e7bd9393f8e97e3e58536215d45496bf7184fbaa7a8464be9c
run4-tbt-3s/intercontinentale,intercontinentale,3,186,187,16,c4,1TFFyiBbp1YeJiDAG9heTHahno55ikaZcom68e,m2,14,ok,,c57e998c2bc4c39bf2628ede31a2b21f82279711881a63f32785854c14ea5f38
run4-tbt-3s/intercontinentale,intercontinentale,3,187,188,16,c2,1LB6qUDEtPSL1cXPypZpfPq4jGZRpZVJ3UzARx,m1,23,ok,,98ce1730a0a4b8a925334f26b2c66fb7181454e70d294af22a01efd8753d95db
run4-tbt-3s/intercontinentale,intercontinentale,3,187,188,16,c1,1MZ34BZBycanzV6MQpn4kGo3igKxDeCFHrm4ys,m1,34,ok,,f36af19ba06ff3fb769b35d168d3bf6f018d4ebda6594f2b11d7ff5fad02e937
run4-tbt-3s/intercontinentale,intercontinentale,3,189,191,16,c3,14pmjhAXKHStX1ymPpwvt7n9i412fia61DZFdB,m2,18,ok,,54d143bd370d2408cebd88f6a527c10d20380c3be70c545f78361e28130c05c4
run4-tbt-3s/intercontinentale,intercontinentale,3,189,191,16,c1,1MZ34BZBycanzV6MQpn4kGo3igKxDeCFHrm4ys,m1,35,ok,,21abb26f8e165e33883be6d4cbe36c5e6cb02789eb9d80d272c66f8e4fddfe76
run4-tbt-3s/intercontinentale,intercontinentale,3,190,191,16,c5,1Zf6vhjhrZjDD8A5EitQbbxXVqtZKz5YEQ5i7C,m3,12,ok,,20ac1180d79d0d53e4b82c5683e81793d920e44ddf85285f4e1d53655b9dd4f8
run4-tbt-3s/intercontinentale,intercontinentale,3,190,192,17,c2,1LB6qUDEtPSL1cXPypZpfPq4jGZRpZVJ3UzARx,m1,24,ok,,420f6a1c41b45c999d00a3b5c2f2f2697f8c76c495e2a02f7cd76d2706e32a01
run4-tbt-3s/intercontinentale,intercontinentale,3,191,193,17,c4,1TFFyiBbp1YeJiDAG9heTHahno55ikaZcom68e,m2,15,ok,,5865c3acb6ae72f63332e135eb74cae36444e5a49bb864e11d8eb5a6a7f66251
run4-tbt-3s/intercontinentale,intercontinentale,3,191,193,17,c1,1MZ34BZBycanzV6MQpn4kGo3igKxDeCFHrm4ys,m1,36,ok,,9bbae9de2b7aeca449f6cb80760c4566e7b9a81e6f14a00e4d79e4f07fa346df
run4-tbt-3s/intercontinentale,intercontinentale,3,193,194,17,c3,14pmjhAXKHStX1ymPpwvt7n9i412fia61DZFdB,m2,19,ok,,7cce15a35a1e75f716000beb53f9b15d28172b53abf5c800ef05ec64c4a49d20
run4-tbt-3s/intercontinentale,intercontinentale,3,193,194,17,c2,1LB6qUDEtPSL1cXPypZpfPq4jGZRpZVJ3UzARx,m1,25,ok,,cfeae1414b752f28834211e2b505a74ca1a1081127fa073599270732cdc4e2cb
run4-tbt-3s/intercontinentale,intercontinentale,3,193,194,17,c1,1MZ34BZBycanzV6MQpn4kGo3igKxDeCFHrm4ys,m1,37,ok,,85dec82b7e7a0848bc99aaf55a8ccce0ef270546bf253e2dc306a23aa315768d
run4-tbt-3s/intercontinentale,intercontinentale,3,195,196,17,c1,1MZ34BZBycanzV6MQpn4kGo3igKxDeCFHrm4ys,m1,38,ok,,2b4462dc48030dea83c4943296f2e1db836fb59f23d9aec75e702c05e9db275b
run4-tbt-3s/intercontinentale,intercontinentale,3,196,197,17,c5,1Zf6vhjhrZjDD8A5EitQbbxXVqtZKz5YEQ5i7C,m3,13,ok,,519a5bd781007b2e8a4637c275db8ed7ed855603326a3f66d462bfa86b57cad0
run4-tbt-3s/intercontinentale,intercontinentale,3,196,197,17,c4,1TFFyiBbp1YeJiDAG9heTHahno55ikaZcom68e,m2,16,ok,,f2c222befe969d01574918476e0aa4f06aa3bd2b021c725b9a6ff51d925722ed
run4-tbt-3s/intercontinentale,intercontinentale,3,196,197,17,c2,1LB6qUDEtPSL1cXPypZpfPq4jGZRpZVJ3UzARx,m1,26,ok,,f4aa0391ca5e832e1d6c62bf906a1fb4d5e1a362be07f6a5014ca68acda6fc3c
run4-tbt-3s/intercontinentale,intercontinentale,3,197,198,17,c3,14pmjhAXKHStX1ymPpwvt7n9i412fia61DZFdB,m2,20,ok,,276e7d089b5d3173d0223cae2ca01613e8ae9b4837119a29a3a8a63a74e9533d
run4-tbt-3s/intercontinentale,intercontinentale,3,197,198,17,c1,1MZ34BZBycanzV6MQpn4kGo3igKxDeCFHrm4ys,m1,39,ok,,af314fa1a1533c0d08754d8e53acc69e2d9bd42cae54b0f507bb1b294a045e61
run4-tbt-3s/intercontinentale,intercontinentale,3,199,200,17,c2,1LB6qUDEtPSL1cXPypZpfPq4jGZRpZVJ3UzARx,m1,27,ok,,0aa2c86012a9f2c939a4d1ae3d40bfac0584d45e8c6c02b28e4392821c7dc27e
run4-tbt-3s/intercontinentale,intercontinentale,3,199,200,17,c1,1MZ34BZBycanzV6MQpn4kGo3igKxDeCFHrm4ys,m1,40,ok,,bb7cc6b68bc55170bda7f2f28b6b12b2626d34dfbf25da569c8a338e812d0fd9
run4-tbt-3s/intercontinentale,intercontinentale,3,201,203,17,c4,1TFFyiBbp1YeJiDAG9heTHahno55ikaZcom68e,m2,17,ok,,eda8ae02020ecd3ff769876ea298681affc88459a8a99b87132b4e3b64eecbe7
run4-tbt-3s/intercontinentale,intercontinentale,3,201,203,17,c3,14pmjhAXKHStX1ymPpwvt7n9i412fia61DZFdB,m2,21,ok,,6765aa4f8fb762ead308befd950b4e1c4d80f20c63adbfff9ca336ef5db35879
run4-tbt-3s/intercontinentale,intercontinentale,3,201,203,17,c1,1MZ34BZBycanzV6MQpn4kGo3igKxDeCFHrm4ys,m1,41,ok,,ebe3b63364d946db3aba2670a5596a1a564f4ca17ec03c242a517157eda402a7
run4-tbt-3s/intercontinentale,intercontinentale,3,202,204,18,c2,1LB6qUDEtPSL1cXPypZpfPq4jGZRpZVJ3UzARx,m1,28,ok,,0aaffc99b932bd5c62b4e5b756d98a4d3cc8d73c07e751b98d50af759143f4fd
run4-tbt-3s/intercontinentale,intercontinentale,3,203,204,18,c5,1Zf6vhjhrZjDD8A5EitQbbxXVqtZKz5YEQ5i7C,m3,14,ok,,a3ee7da09781646b2ae7bae31f0ae05d08936c05436beb1dfae2a07d4c0bf67a
run4-tbt-3s/intercontinentale,intercontinentale,3,204,205,18,c1,1MZ34BZBycanzV6MQpn4kGo3igKxDeCFHrm4ys,m1,42,ok,,985bc668468695fc189b250273294844b9921ff7d5cbfa57021e156a116457d4
run4-tbt-3s/intercontinentale,intercontinentale,3,206,207,18,c3,14pmjhAXKHStX1ymPpwvt7n9i412fia61DZFdB,m2,22,ok,,6c3bd03cfc37f37f72fe07b118fe4bc42f8769e52de25d7ea5422e3f5af58355
run4-tbt-3s/intercontinentale,intercontinentale,3,206,207,18,c2,1LB6qUDEtPSL1cXPypZpfPq4jGZRpZVJ3UzARx,m1,29,ok,,407dc7b7f93cf5e3d34e9f90789a5c3b0651c34aee0432e60bb96a5913b2a16e
run4-tbt-3s/intercontinentale,intercontinentale,3,206,207,18,c1,1MZ34BZBycanzV6MQpn4kGo3igKxDeCFHrm4ys,m1,43,ok,,2cdd580cfb352889a57368e17e77bbaac07c33af88cd8cd5e9044849fa554c9c
run4-tbt-3s/intercontinentale,intercontinentale,3,207,208,18,c4,1TFFyiBbp1YeJiDAG9heTHahno55ikaZcom68e,m2,18,ok,,a34535a1c5efb2435e16cc87a49974120e782db7fe6aeb6c1d0891a0628faecc
run4-tbt-3s/intercontinentale,intercontinentale,3,208,209,18,c1,1MZ34BZBycanzV6MQpn4kGo3igKxDeCFHrm4ys,m1,44,ok,,591f13736432e85f8b59ef0020cbbe310e23c4e9696a3dbb3a9df987e42dc50c
run4-tbt-3s/intercontinentale,intercontinentale,3,209,210,18,c2,1LB6qUDEtPSL1cXPypZpfPq4jGZRpZVJ3UzARx,m1,30,ok,,ef1078e592cccafcf1efb6155668dcc852d2f87da40f6e1213de3f40d7c9a67c
run4-tbt-3s/intercontinentale,intercontinentale,3,209,211,18,c5,1Zf6vhjhrZjDD8A5EitQbbxXVqtZKz5YEQ5i7C,m3,15,ok,,995ae97f8d750c25c53f467bf511563353bcd16c4fdebb183647b311f9e89ce4
run4-tbt-3s/intercontinentale,intercontinentale,3,210,212,18,c3,14pmjhAXKHStX1ymPpwvt7n9i412fia61DZFdB,m2,23,ok,,449820d8766d621def64ce2ccc07cf4ff23c0a167bea776f5574c752208154af
run4-tbt-3s/intercontinentale,intercontinentale,3,210,212,18,c1,1MZ34BZBycanzV6MQpn4kGo3igKxDeCFHrm4ys,m1,45,ok,,bbef6fd3df8520228923605a1224d3b78467fd45f75f73399cdefc3d05703087
run4-tbt-3s/intercontinentale,intercontinentale,3,213,214,18,c4,1TFFyiBbp1YeJiDAG9heTHahno55ikaZcom68e,m2,19,ok,,7ae9ca934de99298c9c590e7556de7aed4ee11fcf06c4de790aa84fbe7059fb0
run4-tbt-3s/intercontinentale,intercontinentale,3,213,214,18,c2,1LB6qUDEtPSL1cXPypZpfPq4jGZRpZVJ3UzARx,m1,31,ok,,3f34171a096a8da17f07349b98ebfbdd7767a62552cf67a3a93b135c0fa6b7fe
run4-tbt-3s/intercontinentale,intercontinentale,3,213,214,18,c1,1MZ34BZBycanzV6MQpn4kGo3igKxDeCFHrm4ys,m1,46,ok,,98a43d27f06453fdd55687e9105754c00473d564efa937eba03dcad9c207e112
run4-tbt-3s/intercontinentale,intercontinentale,3,215,216,19,c3,14pmjhAXKHStX1ymPpwvt7n9i412fia61DZFdB,m2,24,ok,,d2972345aa634459c7f7717c428fb735a62988b2e922323b217e11b9a8bfca50
run4-tbt-3s/intercontinentale,intercontinentale,3,215,216,19,c1,1MZ34BZBycanzV6MQpn4kGo3igKxDeCFHrm4ys,m1,47,ok,,25c9de9bc2479c94fa10e3a9a44c06eaef665ecf9638ce5a2623c1a8bedc01ac
run4-tbt-3s/intercontinentale,intercontinentale,3,216,217,19,c2,1LB6qUDEtPSL1cXPypZpfPq4jGZRpZVJ3UzARx,m1,32,ok,,c8446e9ded867785c6578ee96d37eef681f94420ab68ba870c5c126596c9abd2
run4-tbt-3s/intercontinentale,intercontinentale,3,216,218,19,c5,1Zf6vhjhrZjDD8A5EitQbbxXVqtZKz5YEQ5i7C,m3,16,ok,,f6d99c07c8848823c01916111800da84319e86b6a9c87b84ffabf36ad8b8d7d5
run4-tbt-3s/intercontinentale,intercontinentale,3,217,218,19,c1,1MZ34BZBycanzV6MQpn4kGo3igKxDeCFHrm4ys,m1,48,ok,,5d9a5f96744617eb899515f6c9d0f37381d0ae28857a020db7f003dfc80514fb
run4-tbt-3s/intercontinentale,intercontinentale,3,218,219,19,c4,1TFFyiBbp1YeJiDAG9heTHahno55ikaZcom68e,m2,20,ok,,b318bb875af6d6e7b5ce0dbecfa9526847f9a2dea94209b4410fb7e63b8d6d44
run4-tbt-3s/intercontinentale,intercontinentale,3,219,220,19,c3,14pmjhAXKHStX1ymPpwvt7n9i412fia61DZFdB,m2,25,ok,,5df7a2fe770a248e52c2801be7991dad0e39506ea7e613ba13bfe31ce69bc075
run4-tbt-3s/intercontinentale,intercontinentale,3,219,220,19,c2,1LB6qUDEtPSL1cXPypZpfPq4jGZRpZVJ3UzARx,m1,33,ok,,b94c19be760c65bb5535137a0417557558645550b6fc41e55a11349b573cb38c
run4-tbt-3s/intercontinentale,intercontinentale,3,219,220,19,c1,1MZ34BZBycanzV6MQpn4kGo3igKxDeCFHrm4ys,m1,49,ok,,4e5263bd8b582ef00575121903b0528207cfd0b07a9053e7bdea444a892aed59
run4-tbt-3s/intercontinentale,intercontinentale,3,221,222,19,c1,1MZ34BZBycanzV6MQpn4kGo3igKxDeCFHrm4ys,m1,50,ok,,6c2de2bb30e334badaeddd71a13da51bab48e637556c63738e818d6c7f9dbe7d
run4-tbt-3s/intercontinentale,intercontinentale,3,222,224,19,c2,1LB6qUDEtPSL1cXPypZpfPq4jGZRpZVJ3UzARx,m1,34,ok,,2783194ce817706ee26141a04fcaee7b18e827a9082e3ee93ca7e8c672d7746b
run4-tbt-3s/intercontinentale,intercontinentale,3,224,225,19,c5,1Zf6vhjhrZjDD8A5EitQbbxXVqtZKz5YEQ5i7C,m3,17,ok,,2678c0d06d465abffd49359be333907e84261faac00bb49f4c3fc44d251f946f
run4-tbt-3s/intercontinentale,intercontinentale,3,224,225,19,c4,1TFFyiBbp1YeJiDAG9heTHahno55ikaZcom68e,m2,21,ok,,a7f42db807414f33d69393a959488b7216bf22b2b9de27888ee2d2687c076dbd
run4-tbt-3s/intercontinentale,intercontinentale,3,224,225,19,c3,14pmjhAXKHStX1ymPpwvt7n9i412fia61DZFdB,m2,26,ok,,49457826a97e899787b5c66834a4bf5ac35cab5efde9d29bd68ca8edc4b7baba
run4-tbt-3s/intercontinentale,intercontinentale,3,224,225,19,c1,1MZ34BZBycanzV6MQpn4kGo3igKxDeCFHrm4ys,m1,51,ok,,4b7d49262c62cce059866a380cf8567b354c9985fa016814db4c9e32c02020b9
run4-tbt-3s/intercontinentale,intercontinentale,3,226,228,20,c2,1LB6qUDEtPSL1cXPypZpfPq4jGZRpZVJ3UzARx,m1,35,ok,,7dd9af466f75ff494729043aee79d4de2cae16dc84440f0f2cc83ebc1fd3f723
run4-tbt-3s/intercontinentale,intercontinentale,3,226,228,20,c1,1MZ34BZBycanzV6MQpn4kGo3igKxDeCFHrm4ys,m1,52,ok,,8a2b0d1b39a0ee0dd5cfd13c0ccc433a514eaa55cda88913b8eb0e54b0889eac
run4-tbt-3s/intercontinentale,intercontinentale,3,229,230,20,c3,14pmjhAXKHStX1ymPpwvt7n9i412fia61DZFdB,m2,27,ok,,060719f9d093e0310c0ca6426e606ac1af752b19e1134984ab98ce3315feb51f
run4-tbt-3s/intercontinentale,intercontinentale,3,229,230,20,c1,1MZ34BZBycanzV6MQpn4kGo3igKxDeCFHrm4ys,m1,53,ok,,e7bff5ebe3fcdec20cee23b93d0f031dae3c39660038d232cfaa0d95b0852166
run4-tbt-3s/intercontinentale,intercontinentale,3,230,231,20,c4,1TFFyiBbp1YeJiDAG9heTHahno55ikaZcom68e,m2,22,ok,,dadc20641329a9aac2080c44278b2b8a9ebcacf574c9ba0a2da0dfb31374a0ba
run4-tbt-3s/intercontinentale,intercontinentale,3,230,231,20,c2,1LB6qUDEtPSL1cXPypZpfPq4jGZRpZVJ3UzARx,m1,36,ok,,b670e4870af2c5ba60625e46aad1a66e4669fd4ea95c4bbb861b1920972562b6
run4-tbt-3s/intercontinentale,intercontinentale,3,231,232,20,c1,1MZ34BZBycanzV6MQpn4kGo3igKxDeCFHrm4ys,m1,54,ok,,e55ce7275cb8acb45af1f94e97bda851052fe117aefbf38972a332d6acac9beb
run4-tbt-3s/intercontinentale,intercontinentale,3,231,232,20,c5,1Zf6vhjhrZjDD8A5EitQbbxXVqtZKz5YEQ5i7C,m3,18,ok,,9d6e39216ce4c867939eec64fa1eb9b455da7abf5029acbb85bf00792f332a4c
run4-tbt-3s/intercontinentale,intercontinentale,3,233,235,20,c3,14pmjhAXKHStX1ymPpwvt7n9i412fia61DZFdB,m2,28,ok,,6502521914d8e1bb68c3b3218aa9649e82a01e4c43d5c274e1e47cd755be4105
run4-tbt-3s/intercontinentale,intercontinentale,3,233,235,20,c2,1LB6qUDEtPSL1cXPypZpfPq4jGZRpZVJ3UzARx,m1,37,ok,,371221af2085227a95dd20a95c7a7697e6c07c0fc1ba0a51c779c57745b640a2
run4-tbt-3s/intercontinentale,intercontinentale,3,233,235,20,c1,1MZ34BZBycanzV6MQpn4kGo3igKxDeCFHrm4ys,m1,55,ok,,4cbb9424d7888d6589a4b885c2d84521cf876ba6b45cb9a29d41996c4720555b
run4-tbt-3s/intercontinentale,intercontinentale,3,236,237,20,c4,1TFFyiBbp1YeJiDAG9heTHahno55ikaZcom68e,m2,23,ok,,77b76bdc24335e2953ba72e1ee2341cd20e81176864210cbbfd568088f97d459
run4-tbt-3s/intercontinentale,intercontinentale,3,236,237,20,c1,1MZ34BZBycanzV6MQpn4kGo3igKxDeCFHrm4ys,m1,56,ok,,8ace29d06c0d22b0d97f4842b76c4ccb6b28d0659f85a930d9ac7319e680aa2d
run4-tbt-3s/intercontinentale,intercontinentale,3,237,238,20,c2,1LB6qUDEtPSL1cXPypZpfPq4jGZRpZVJ3UzARx,m1,38,ok,,98439108a53c80b7e26788afc7feaaab1def803a7695ca6ca8af860746d80378
run4-tbt-3s/intercontinentale,intercontinentale,3,238,240,21,c3,14pmjhAXKHStX1ymPpwvt7n9i412fia61DZFdB,m2,29,ok,,8c86822a3a44104bbfd3a4ef1ec2c1498c10bc9e6f70eb152b03caaa75e16701
run4-tbt-3s/intercontinentale,intercontinentale,3,238,240,21,c1,1MZ34BZBycanzV6MQpn4kGo3igKxDeCFHrm4ys,m1,57,ok,,8d5336f1ef36c8da7bbe3e2c74f07f3001e5c34d55fd85ce1a5c7fc045c2ebaa
run4-tbt-3s/intercontinentale,intercontinentale,3,239,240,21,c5,1Zf6vhjhrZjDD8A5EitQbbxXVqtZKz5YEQ5i7C,m3,19,ok,,38c94d7607c38dede44d12d0dbb7f2b9b2801bed3a89fe9bc4bdd67e81ee5aa4
run4-tbt-3s/intercontinentale,intercontinentale,3,240,241,21,c2,1LB6qUDEtPSL1cXPypZpfPq4jGZRpZVJ3UzARx,m1,39,ok,,76b288ce1667f52bba85033cc86e3ea8a6f543228ae41d8c444d4218c8f32bc7
run4-tbt-3s/intercontinentale,intercontinentale,3,240,241,21,c1,1MZ34BZBycanzV6MQpn4kGo3igKxDeCFHrm4ys,m1,58,ok,,185b2d2a804c964e2b5137f7b99af0459a583d5d97a94a91f2faba648ec0b4d6
run4-tbt-3s/intercontinentale,intercontinentale,3,241,242,21,c4,1TFFyiBbp1YeJiDAG9heTHahno55ikaZcom68e,m2,24,ok,,0eca88b3d865ebf18ce7f27c0216694354b99de041be901eb51decd350d03105
run4-tbt-3s/intercontinentale,intercontinentale,3,243,244,21,c3,14pmjhAXKHStX1ymPpwvt7n9i412fia61DZFdB,m2,30,ok,,bf701ee5f38f4cc8864b81c907309fc5d6cd5fddc6c0c3bd9a1630295fc325cb
run4-tbt-3s/intercontinentale,intercontinentale,3,243,244,21,c1,1MZ34BZBycanzV6MQpn4kGo3igKxDeCFHrm4ys,m1,59,ok,,8ddbb415d74aca0dec95fe762c2ee31539b527d5fd49e487a1277b8984c923a4
run4-tbt-3s/intercontinentale,intercontinentale,3,244,245,21,c2,1LB6qUDEtPSL1cXPypZpfPq4jGZRpZVJ3UzARx,m1,40,ok,,d4680c6e78acb24292fb6058c2ed79f7cbf8a835c16227b1d9e8b59079b5d269
run4-tbt-3s/intercontinentale,intercontinentale,3,245,246,21,c1,1MZ34BZBycanzV6MQpn4kGo3igKxDeCFHrm4ys,m1,60,ok,,82ed12eeeff1f80c499eec53a4bbbac2f0315a83f59293ce2638084d71594fe1
run4-tbt-3s/intercontinentale,intercontinentale,3,246,248,21,c5,1Zf6vhjhrZjDD8A5EitQbbxXVqtZKz5YEQ5i7C,m3,20,ok,,7f7833ce54b9d78d72d9753ae4fecf60444f10372967b18cb5a74a90e91ce32e
run4-tbt-3s/intercontinentale,intercontinentale,3,248,249,21,c4,1TFFyiBbp1YeJiDAG9heTHahno55ikaZcom68e,m2,25,ok,,ad59ea092b35ee2d757453105ed09130f1c25143e93fc6cf35deefaa84a0f9ac
run4-tbt-3s/intercontinentale,intercontinentale,3,248,249,21,c3,14pmjhAXKHStX1ymPpwvt7n9i412fia61DZFdB,m2,31,ok,,43b444234f26d23ce7a354dfb710af856df79844ad3e5447c1fd685f28b5e4a0
run4-tbt-3s/intercontinentale,intercontinentale,3,248,249,21,c2,1LB6qUDEtPSL1cXPypZpfPq4jGZRpZVJ3UzARx,m1,41,ok,,5a2384c10546e817e7c28e8c2f7a8eaba6071dc8860d66d44ff234c5efea8940
run4-tbt-3s/intercontinentale,intercontinentale,3,248,249,21,c1,1MZ34BZBycanzV6MQpn4kGo3igKxDeCFHrm4ys,m1,61,ok,,9e078ac52caeeeef084ca4d6765533df4a9d90689cc0001b6207dd38cf699a90
run4-tbt-3s/intercontinentale,intercontinentale,3,250,251,21,c1,1MZ34BZBycanzV6MQpn4kGo3igKxDeCFHrm4ys,m1,62,ok,,d9b01d6ef39e8ae7c6506bb6df80d244df46afe191e1acca44790790884e4ec1
run4-tbt-3s/intercontinentale,intercontinentale,3,251,252,22,c2,1LB6qUDEtPSL1cXPypZpfPq4jGZRpZVJ3UzARx,m1,42,ok,,708060b95ec82759744889eb51297ed4ae36b5db20f62a0d0c20922585976441
run4-tbt-3s/intercontinentale,intercontinentale,3,252,253,22,c3,14pmjhAXKHStX1ymPpwvt7n9i412fia61DZFdB,m2,32,ok,,b4de2a22df6c4d395236dd0ca1033f5b8a498bad4ab0ce2f5a168def62c3009b
run4-tbt-3s/intercontinentale,intercontinentale,3,252,253,22,c1,1MZ34BZBycanzV6MQpn4kGo3igKxDeCFHrm4ys,m1,63,ok,,ef8f4d8742dff9c357fdf90bcac41f5310cd78fb0953c91e9fa938c7ee36e577
run4-tbt-3s/intercontinentale,intercontinentale,3,253,254,22,c5,1Zf6vhjhrZjDD8A5EitQbbxXVqtZKz5YEQ5i7C,m3,21,ok,,eceb6b218bf54c306a9e9f701579d73f312ec81e1dca389c0a5b9136070ce77a
run4-tbt-3s/intercontinentale,intercontinentale,3,253,254,22,c4,1TFFyiBbp1YeJiDAG9heTHahno55ikaZcom68e,m2,26,ok,,ec954dcd06f1cff9de2f1c529e19f3ae5a5ceb1a9c05465ce7e1df76bf683357
run4-tbt-3s/intercontinentale,intercontinentale,3,254,255,22,c2,1LB6qUDEtPSL1cXPypZpfPq4jGZRpZVJ3UzARx,m1,43,ok,,717a1abdad3047df186801040ee215e2b365f146611ff05a6a42d0fd8f8b6d9a
run4-tbt-3s/intercontinentale,intercontinentale,3,254,255,22,c1,1MZ34BZBycanzV6MQpn4kGo3igKxDeCFHrm4ys,m1,64,ok,,1fb20231209b489532b267274388a76a9ceef081d88f134e8d0b55f63337af22
run4-tbt-3s/intercontinentale,intercontinentale,3,256,257,22,c3,14pmjhAXKHStX1ymPpwvt7n9i412fia61DZFdB,m2,33,ok,,4a5c5d03480c0a7c3521e005b1be15858073387d0372acc7e4189fce6528170b
run4-tbt-3s/intercontinentale,intercontinentale,3,256,257,22,c1,1MZ34BZBycanzV6MQpn4kGo3igKxDeCFHrm4ys,m1,65,ok,,483543c039746098de53d7846c0e373beb52fdec6ee3e6ff33238458cff74ecf
run4-tbt-3s/intercontinentale,intercontinentale,3,257,258,22,c2,1LB6qUDEtPSL1cXPypZpfPq4jGZRpZVJ3UzARx,m1,44,ok,,1dda0e52ad6d7975061eb7ab1ba3f62b0c2892750865b6b23f4bfc825d3c4cec
run4-tbt-3s/intercontinentale,intercontinentale,3,258,259,22,c4,1TFFyiBbp1YeJiDAG9heTHahno55ikaZcom68e,m2,27,ok,,91726c1049bbfd19782d03ffac61a042d670134bebc2234ce9c2b8b434aca4d0
run4-tbt-3s/intercontinentale,intercontinentale,3,258,259,22,c1,1MZ34BZBycanzV6MQpn4kGo3igKxDeCFHrm4ys,m1,66,ok,,652473f26cde0cb26d236ac21484b6c448e64f8c510c5d27fcffeb7d3981225b
run4-tbt-3s/intercontinentale,intercontinentale,3,260,261,22,c5,1Zf6vhjhrZjDD8A5EitQbbxXVqtZKz5YEQ5i7C,m3,22,ok,,d76d9ea36c34e15f316aaf862ccd592ab148c547c7509a958728ec20a480d000
run4-tbt-3s/intercontinentale,intercontinentale,3,261,262,22,c3,14pmjhAXKHStX1ymPpwvt7n9i412fia61DZFdB,m2,34,ok,,88b3b270d0fd7e8ab0dec120e3cb2cd62c3911a5bf7f2a29b9dbf8c757e15ae7
run4-tbt-3s/intercontinentale,intercontinentale,3,261,262,22,c2,1LB6qUDEtPSL1cXPypZpfPq4jGZRpZVJ3UzARx,m1,45,ok,,31e7a57eac49880f2d94eb42e7380933ee0845f6c19756950b3d5a9f21fad2a8
run4-tbt-3s/intercontinentale,intercontinentale,3,261,262,22,c1,1MZ34BZBycanzV6MQpn4kGo3igKxDeCFHrm4ys,m1,67,ok,,34a145bc3548cff24223db6d10f7e4dd9a0c448c7584beb415037e20bdb6543a
run4-tbt-3s/intercontinentale,intercontinentale,3,263,264,23,c1,1MZ34BZBycanzV6MQpn4kGo3igKxDeCFHrm4ys,m1,68,ok,,00173b1a4e7090c1b69836dd3a837f0e568d4991c70847ee86c06fc3e00297cd
run4-tbt-3s/intercontinentale,intercontinentale,3,264,265,23,c4,1TFFyiBbp1YeJiDAG9heTHahno55ikaZcom68e,m2,28,ok,,a523955af44cdda750d8863ffe6c49808adefab4b4dd982e004620a9498f0cfe
run4-tbt-3s/intercontinentale,intercontinentale,3,264,265,23,c2,1LB6qUDEtPSL1cXPypZpfPq4jGZRpZVJ3UzARx,m1,46,ok,,d6ffa71233733103b3a773f5ebcfe42c04efb8be490b0681445cb3f9f56a79f9
run4-tbt-3s/intercontinentale,intercontinentale,3,265,266,23,c3,14pmjhAXKHStX1ymPpwvt7n9i412fia61DZFdB,m2,35,ok,,10ff93025a36fea3cf8b3dcaf82be42de55a495a73cdd8a3b87dd85af67d463f
run4-tbt-3s/intercontinentale,intercontinentale,3,265,266,23,c1,1MZ34BZBycanzV6MQpn4kGo3igKxDeCFHrm4ys,m1,69,ok,,5108792ae5203078560b7aeaf092b5990d7a410ce2406ff7d8f913e28c703050
run4-tbt-3s/intercontinentale,intercontinentale,3,267,268,23,c5,1Zf6vhjhrZjDD8A5EitQbbxXVqtZKz5YEQ5i7C,m3,23,ok,,0f15d044b8ac98526b7de283b8b45d926b8811ab10d3fa29c031c1b34aace42e
run4-tbt-3s/intercontinentale,intercontinentale,3,267,269,23,c2,1LB6qUDEtPSL1cXPypZpfPq4jGZRpZVJ3UzARx,m1,47,ok,,5760cec08bb9d111f027724d92e3e4de01bee4e99595e0c9d15fc43d4fd78386
run4-tbt-3s/intercontinentale,intercontinentale,3,267,269,23,c1,1MZ34BZBycanzV6MQpn4kGo3igKxDeCFHrm4ys,m1,70,ok,,f02140fe720a8ed0e79a1135aa2b5a252182e0ce26f1eea0711388c7002d34b7
run4-tbt-3s/intercontinentale,intercontinentale,3,269,270,23,c4,1TFFyiBbp1YeJiDAG9heTHahno55ikaZcom68e,m2,29,ok,,11849c43d6bbeb4f67901ce2b06fa8960f672decdc6f9ee397e5741628151e31
run4-tbt-3s/intercontinentale,intercontinentale,3,269,270,23,c3,14pmjhAXKHStX1ymPpwvt7n9i412fia61DZFdB,m2,36,ok,,39d7cec234069f2de776e1ef8de8c715a2513278233870e645d2d7b1df9c70a9
run4-tbt-3s/intercontinentale,intercontinentale,3,269,270,23,c1,1MZ34BZBycanzV6MQpn4kGo3igKxDeCFHrm4ys,m1,71,ok,,3501d2dd4e6b0269cd1a1ae7a6adddf6d4d51b87508e3c2f4a9a0476f27b4fab
run4-tbt-3s/intercontinentale,intercontinentale,3,270,271,23,c2,1LB6qUDEtPSL1cXPypZpfPq4jGZRpZVJ3UzARx,m1,48,ok,,489d394918eece741f015c878b0c2cb28382e567ee92e0a496d10b5788c3bb69
run4-tbt-3s/intercontinentale,intercontinentale,3,272,273,23,c1,1MZ34BZBycanzV6MQpn4kGo3igKxDeCFHrm4ys,m1,72,ok,,b0f2375f7016589d07fbbb2abbc7c4e47752c9c70a48b09582caeb336273cf37
run4-tbt-3s/intercontinentale,intercontinentale,3,274,275,23,c5,1Zf6vhjhrZjDD8A5EitQbbxXVqtZKz5YEQ5i7C,m3,24,ok,,40c2de297d3dce377e3ba1d3102ebac3054e19358dc6f8cc9eb2d79e5c0c4e2f
run4-tbt-3s/intercontinentale,intercontinentale,3,274,275,23,c3,14pmjhAXKHStX1ymPpwvt7n9i412fia61DZFdB,m2,37,ok,,904e84f6941b699bec1e6048b6bb6bbcb879b9a3eeaf4d6d1ce9d13a6b473fdc
run4-tbt-3s/intercontinentale,intercontinentale,3,274,275,23,c2,1LB6qUDEtPSL1cXPypZpfPq4jGZRpZVJ3UzARx,m1,49,ok,,9d1cb78ef4b51e3797545838a6b4cdc8343838b968406652e1704e43fe1f6052
run4-tbt-3s/intercontinentale,intercontinentale,3,274,275,23,c1,1MZ34BZBycanzV6MQpn4kGo3igKxDeCFHrm4ys,m1,73,ok,,c39fddd1e0f0ad26e3371d1dde790da5fcae43e2c90d454403239d7be6a0df26
run4-tbt-3s/intercontinentale,intercontinentale,3,275,277,24,c4,1TFFyiBbp1YeJiDAG9heTHahno55ikaZcom68e,m2,30,ok,,b63e2a5c5115187acac6b5b56b48e6a76963fa4fcd822ca0810075bb9e4f24e2
run4-tbt-3s/intercontinentale,intercontinentale,3,277,278,24,c1,1MZ34BZBycanzV6MQpn4kGo3igKxDeCFHrm4ys,m1,74,ok,,96a727cd344b3e992d6396ffda4b0bd7c45335524d76f016d3c0d2fd8ed67abc
run4-tbt-3s/intercontinentale,intercontinentale,3,277,279,24,c2,1LB6qUDEtPSL1cXPypZpfPq4jGZRpZVJ3UzARx,m1,50,ok,,a37613ffa07f06560d71fbd7d8292ffb2f709999ae7833fd091ae5456dfc4a8e
run4-tbt-3s/intercontinentale,intercontinentale,3,279,280,24,c3,14pmjhAXKHStX1ymPpwvt7n9i412fia61DZFdB,m2,38,ok,,92124b3dc54d40e4c83a3b327ac0e08571706ac55a1548530a23687f6c1fb868
run4-tbt-3s/intercontinentale,intercontinentale,3,279,280,24,c1,1MZ34BZBycanzV6MQpn4kGo3igKxDeCFHrm4ys,m1,75,ok,,e5819a86e69ee7089676da7a93466e102125d34a30cb5433f2684eb0f1f3e92c
run4-tbt-3s/intercontinentale,intercontinentale,3,281,282,24,c5,1Zf6vhjhrZjDD8A5EitQbbxXVqtZKz5YEQ5i7C,m3,25,ok,,d575efd1af01c23b1a1d6bb3fd0e5bc2429946c9e13af3a5b072b2a16a995709
run4-tbt-3s/intercontinentale,intercontinentale,3,281,282,24,c4,1TFFyiBbp1YeJiDAG9heTHahno55ikaZcom68e,m2,31,ok,,9561b05e1a1f77058920d9bf38434dcdfefef8aed7d621c1aa87601f5768e05f
run4-tbt-3s/intercontinentale,intercontinentale,3,281,282,24,c2,1LB6qUDEtPSL1cXPypZpfPq4jGZRpZVJ3UzARx,m1,51,ok,,4cdca84e5781e0d334a563c35a3f9bfaef4bf8fbcb55485be6918e7d9667aded
run4-tbt-3s/intercontinentale,intercontinentale,3,281,282,24,c1,1MZ34BZBycanzV6MQpn4kGo3igKxDeCFHrm4ys,m1,76,ok,,1176cf05d7f0f2a1c184945caed1eb1b89da989b0d5b8c74ae52b05fd8bd59de
run4-tbt-3s/intercontinentale,intercontinentale,3,284,285,24,c3,14pmjhAXKHStX1ymPpwvt7n9i412fia61DZFdB,m2,39,ok,,31a71bb9ade1b4a6ff41114f220b86c40d7ce943d337928572ba3c6fe924f2ae
run4-tbt-3s/intercontinentale,intercontinentale,3,284,285,24,c1,1MZ34BZBycanzV6MQpn4kGo3igKxDeCFHrm4ys,m1,77,ok,,8482a265ee268c199252b08aa9fde317f1d7900a74ac1b5ea24d8eee7a5c5ca3
run4-tbt-3s/intercontinentale,intercontinentale,3,285,287,24,c2,1LB6qUDEtPSL1cXPypZpfPq4jGZRpZVJ3UzARx,m1,52,ok,,bf040b661ae7ca8831ddc37a1f9505cb989ef3ba177aafe3050392709d6eb0c3
run4-tbt-3s/intercontinentale,intercontinentale,3,287,288,25,c1,1MZ34BZBycanzV6MQpn4kGo3igKxDeCFHrm4ys,m1,78,ok,,178a34fc4832cff69d77cbe28ffae80082952a9e4a421ca2b4dcf67f027a5593
run4-tbt-3s/intercontinentale,intercontinentale,3,288,289,25,c4,1TFFyiBbp1YeJiDAG9heTHahno55ikaZcom68e,m2,32,ok,,ed3580470d3ddae60ad26f4dd3082c49e037dd05999f3ff03ef26c220d1e39a4
run4-tbt-3s/intercontinentale,intercontinentale,3,289,290,25,c3,14pmjhAXKHStX1ymPpwvt7n9i412fia61DZFdB,m2,40,ok,,57f3ce600e6adf2ce1dc1e629dbbe147671312f35ad847d59fa739f9a4712690
run4-tbt-3s/intercontinentale,intercontinentale,3,289,290,25,c2,1LB6qUDEtPSL1cXPypZpfPq4jGZRpZVJ3UzARx,m1,53,ok,,d3fef852254042acd66efb1ecc619a2b70869005543faa72974ab2fd111f4efa
run4-tbt-3s/intercontinentale,intercontinentale,3,289,290,25,c1,1MZ34BZBycanzV6MQpn4kGo3igKxDeCFHrm4ys,m1,79,ok,,40dd528f8aaa1893336f64c33309cacac62ff181651f8ffda147c6bb3278e0b7
run4-tbt-3s/intercontinentale,intercontinentale,3,289,290,25,c5,1Zf6vhjhrZjDD8A5EitQbbxXVqtZKz5YEQ5i7C,m3,26,ok,,0929d0087dc907acc3d35fb1f7d9c9ad4d41b2cbdee42eab7087e95a3e541f0b
run4-tbt-3s/intercontinentale,intercontinentale,3,291,292,25,c1,1MZ34BZBycanzV6MQpn4kGo3igKxDeCFHrm4ys,m1,80,ok,,322030823de9ef16ef427fe467e377c1069104fe1d866712ab6fdc008a57118f
run4-tbt-3s/intercontinentale,intercontinentale,3,292,293,25,c2,1LB6qUDEtPSL1cXPypZpfPq4jGZRpZVJ3UzARx,m1,54,ok,,fe2f17683ef2e8aaf72805a4d34a16ecb93ac639b5c88f9fbc1347f5b90e904b
run4-tbt-3s/intercontinentale,intercontinentale,3,294,295,25,c4,1TFFyiBbp1YeJiDAG9heTHahno55ikaZcom68e,m2,33,ok,,ac72b9bfdb998789e973e5f60c206fbf47906fe01ccd8f38a76f670b24b07649
run4-tbt-3s/intercontinentale,intercontinentale,3,294,295,25,c3,14pmjhAXKHStX1ymPpwvt7n9i412fia61DZFdB,m2,41,ok,,b009cc3acf35e9ad6ea5d5ae6492432c03076779c707163c85c72351e9ac66ab
run4-tbt-3s/intercontinentale,intercontinentale,3,294,295,25,c1,1MZ34BZBycanzV6MQpn4kGo3igKxDeCFHrm4ys,m1,81,ok,,e1898ad4324ba957053a1adeaf9d236954ddec62241ba97dcce61a7a4dd25441
run4-tbt-3s/intercontinentale,intercontinentale,3,296,298,25,c2,1LB6qUDEtPSL1cXPypZpfPq4jGZRpZVJ3UzARx,m1,55,ok,,02c29846714402eb3845a5faf948c457e959f5d18deb3dcc205ec54b0d76d774
run4-tbt-3s/intercontinentale,intercontinentale,3,296,298,25,c1,1MZ34BZBycanzV6MQpn4kGo3igKxDeCFHrm4ys,m1,82,ok,,65fd283dc29b34c698e879f478675c8aaf255e03fabd07a0add3bb6e6a756511
run4-tbt-3s/intercontinentale,intercontinentale,3,297,298,25,c5,1Zf6vhjhrZjDD8A5EitQbbxXVqtZKz5YEQ5i7C,m3,27,ok,,f4410c71b466cf38bf944ab385636f85829000f708dd8de1c8bc31baacab3217
run4-tbt-3s/intercontinentale,intercontinentale,3,299,300,26,c3,14pmjhAXKHStX1ymPpwvt7n9i412fia61DZFdB,m2,42,ok,,8c448ce72217231ca69e7e5daed5634e70b485fc979ba529afeead3a762fb170
run4-tbt-3s/intercontinentale,intercontinentale,3,299,300,26,c1,1MZ34BZBycanzV6MQpn4kGo3igKxDeCFHrm4ys,m1,83,ok,,6cd2703f0715f600a67676e2e27290fa486714ca28744e5ae3d3886c08f44454
run4-tbt-3s/intercontinentale,intercontinentale,3,300,302,26,c4,1TFFyiBbp1YeJiDAG9heTHahno55ikaZcom68e,m2,34,ok,,a4c0864801c794a9845ef48327a883e797c6d342fd8b9a45e8736379db53a4f8
run4-tbt-3s/intercontinentale,intercontinentale,3,300,302,26,c2,1LB6qUDEtPSL1cXPypZpfPq4jGZRpZVJ3UzARx,m1,56,ok,,5a377042fc3651c05a666e0361dc5960b707a8e76ef04b5c73e2a33015231902
run4-tbt-3s/intercontinentale,intercontinentale,3,301,303,26,c1,1MZ34BZBycanzV6MQpn4kGo3igKxDeCFHrm4ys,m1,84,ok,,f49ba372b37b1921a682541d6b4d94ec7ae19b0fff63ee201da9543709465a35
run4-tbt-3s/intercontinentale,intercontinentale,3,304,305,26,c3,14pmjhAXKHStX1ymPpwvt7n9i412fia61DZFdB,m2,43,ok,,6e21434ab6336cc3c2bd096e18fb0f1ec2da982812c24b35f48ecaaa4b21b08f
run4-tbt-3s/intercontinentale,intercontinentale,3,304,305,26,c2,1LB6qUDEtPSL1cXPypZpfPq4jGZRpZVJ3UzARx,m1,57,ok,,42084512f9041b03060a0ab976c444395ece056def7ef94348fd86749994174a
run4-tbt-3s/intercontinentale,intercontinentale,3,304,305,26,c1,1MZ34BZBycanzV6MQpn4kGo3igKxDeCFHrm4ys,m1,85,ok,,5ca320eec3979f16c7ac58568c4f70488630f36c7bf571e1bbd5841fdc3e566b
run4-tbt-3s/intercontinentale,intercontinentale,3,305,306,26,c5,1Zf6vhjhrZjDD8A5EitQbbxXVqtZKz5YEQ5i7C,m3,28,ok,,e473467712e8ee8be338c9d6fb1d4e2c094681d2b5be20118b4328a874253f9b
run4-tbt-3s/intercontinentale,intercontinentale,3,306,308,26,c4,1TFFyiBbp1YeJiDAG9heTHahno55ikaZcom68e,m2,35,ok,,824df86b04b1e163f1439ebe9f442db82bf3aa9d13bc9cd1444c6655bd398c04
run4-tbt-3s/intercontinentale,intercontinentale,3,306,308,26,c1,1MZ34BZBycanzV6MQpn4kGo3igKxDeCFHrm4ys,m1,86,ok,,0bb80ed1aa324ca6ff6d55db16e2f726bd56f9f0ce796120c4062f569972737a
run4-tbt-3s/intercontinentale,intercontinentale,3,308,309,26,c2,1LB6qUDEtPSL1cXPypZpfPq4jGZRpZVJ3UzARx,m1,58,ok,,643b4ec020f3118cbda52e08ffe4c77597c83f7deec32d6771db7fd5cb7d404f
run4-tbt-3s/intercontinentale,intercontinentale,3,309,310,26,c3,14pmjhAXKHStX1ymPpwvt7n9i412fia61DZFdB,m2,44,ok,,43946116598a45410de2a10724ef1aa465947dc849951a773d9bbad75535fd1f
run4-tbt-3s/intercontinentale,intercontinentale,3,309,310,26,c1,1MZ34BZBycanzV6MQpn4kGo3igKxDeCFHrm4ys,m1,87,ok,,d6287460614321d0cd463146b76432de07e81a97685dd538b166a938907b949e
run4-tbt-3s/intercontinentale,intercontinentale,3,311,312,27,c2,1LB6qUDEtPSL1cXPypZpfPq4jGZRpZVJ3UzARx,m1,59,ok,,8df55a16212ade5bedc779928c4c0f0e1817cf34e208549703207ce98148d8e3
run4-tbt-3s/intercontinentale,intercontinentale,3,311,312,27,c1,1MZ34BZBycanzV6MQpn4kGo3igKxDeCFHrm4ys,m1,88,ok,,719eaf669e5633714c8772e0b61750c7115dfc5467f95a08016e7e989c1ce6dd
run4-tbt-3s/intercontinentale,intercontinentale,3,312,313,27,c5,1Zf6vhjhrZjDD8A5EitQbbxXVqtZKz5YEQ5i7C,m3,29,ok,,100dedd40326e62ddde6912d577293a4d9f55709d95e49b0fc26bc9004ab3828
run4-tbt-3s/intercontinentale,intercontinentale,3,312,313,27,c4,1TFFyiBbp1YeJiDAG9heTHahno55ikaZcom68e,m2,36,ok,,dce22285337612c02bec5c06929fa08dcddc95250d0edca6787341d4d409165e
run4-tbt-3s/intercontinentale,intercontinentale,3,313,314,27,c3,14pmjhAXKHStX1ymPpwvt7n9i412fia61DZFdB,m2,45,ok,,f336e857d17f010fe3a3b4c1b32a7664d4c4b9f8e459a238c33409cf8100cc9a
run4-tbt-3s/intercontinentale,intercontinentale,3,313,314,27,c1,1MZ34BZBycanzV6MQpn4kGo3igKxDeCFHrm4ys,m1,89,ok,,7ed22d8b2980099195578fb8f7724e1a1c5d25a9f78eb1d9dc10de2cb35636bb
run4-tbt-3s/intercontinentale,intercontinentale,3,315,316,27,c2,1LB6qUDEtPSL1cXPypZpfPq4jGZRpZVJ3UzARx,m1,60,ok,,55612da662842438883b6abe9474e2a5837a843b9bc9555d9782b32d3acae800
run4-tbt-3s/intercontinentale,intercontinentale,3,316,317,27,c1,1MZ34BZBycanzV6MQpn4kGo3igKxDeCFHrm4ys,m1,90,ok,,68cc29b380fad2220959d3947be0579a730c2d0e43603bbfe101710d418ca292
run4-tbt-3s/intercontinentale,intercontinentale,3,317,319,27,c4,1TFFyiBbp1YeJiDAG9heTHahno55ikaZcom68e,m2,37,ok,,17cab9b9e2d440d9febd8c0c02b018a1c8370716c06d001c20966cd233a8b53e
run4-tbt-3s/intercontinentale,intercontinentale,3,317,319,27,c3,14pmjhAXKHStX1ymPpwvt7n9i412fia61DZFdB,m2,46,ok,,3a5d932853098b3dc4832a4f5bb78684cdc7598f8504a4959b2c7c62c1052d42
run4-tbt-3s/intercontinentale,intercontinentale,3,317,319,27,c2,1LB6qUDEtPSL1cXPypZpfPq4jGZRpZVJ3UzARx,m1,61,ok,,a40dd2427fecf12eebb3b0b08a6a062ba38cf2765aff875753982659b43a6dc0
run4-tbt-3s/intercontinentale,intercontinentale,3,317,319,27,c1,1MZ34BZBycanzV6MQpn4kGo3igKxDeCFHrm4ys,m1,91,ok,,9cbd293ae7c13f9db2d766acb9d0c4cb35976a28df03e197d5fc0f8edef38786
run4-tbt-3s/intercontinentale,intercontinentale,3,319,320,27,c5,1Zf6vhjhrZjDD8A5EitQbbxXVqtZKz5YEQ5i7C,m3,30,ok,,1b66660948dc7e51d2f51c2a448e7d55e0ba6ea3a51c7150b8d66fa34e073031
run4-tbt-3s/intercontinentale,intercontinentale,3,320,321,27,c1,1MZ34BZBycanzV6MQpn4kGo3igKxDeCFHrm4ys,m1,92,ok,,8c5dff88065a307bf51a02b5c9617601834df70390d4cd135ef5c069fbf740a5
run4-tbt-3s/intercontinentale,intercontinentale,3,321,322,27,c2,1LB6qUDEtPSL1cXPypZpfPq4jGZRpZVJ3UzARx,m1,62,ok,,336a610f50ea6a37f7508277b33876f8f0a5c6d6b65d206efc39e40cc6a7fbbf
run4-tbt-3s/intercontinentale,intercontinentale,3,322,323,27,c3,14pmjhAXKHStX1ymPpwvt7n9i412fia61DZFdB,m2,47,ok,,5d582271b99d3731af6f9378df2df6c8762623739258ebad7fa423c8b3cd528a
run4-tbt-3s/intercontinentale,intercontinentale,3,322,323,27,c1,1MZ34BZBycanzV6MQpn4kGo3igKxDeCFHrm4ys,m1,93,ok,,4b79c06c25368f23f7cd7858d6dcdeb44fc19a5cf5b127cebb0e9048c53d68f9
run4-tbt-3s/intercontinentale,intercontinentale,3,322,324,28,c4,1TFFyiBbp1YeJiDAG9heTHahno55ikaZcom68e,m2,38,ok,,8493f62fa648158cfed6d6d8eeb5843d033d0babe644892047e3beb932e63330
run4-tbt-3s/intercontinentale,intercontinentale,3,324,325,28,c2,1LB6qUDEtPSL1cXPypZpfPq4jGZRpZVJ3UzARx,m1,63,ok,,872795a8e0d442ee0a009f5443d9e34607865ef8edf6911f17cdf162acf8825c
run4-tbt-3s/intercontinentale,intercontinentale,3,324,325,28,c1,1MZ34BZBycanzV6MQpn4kGo3igKxDeCFHrm4ys,m1,94,ok,,dc6431da39d8f0e4044ac13ebb0f2fa0fa8786c9009d8369b25ac7f3d051426d
run4-tbt-3s/intercontinentale,intercontinentale,3,325,326,28,c5,1Zf6vhjhrZjDD8A5EitQbbxXVqtZKz5YEQ5i7C,m3,31,ok,,4bfeeb68cc8586ff786f5bea022a61f74042c1513385e6a003c710feb84595a6
run4-tbt-3s/intercontinentale,intercontinentale,3,326,327,28,c3,14pmjhAXKHStX1ymPpwvt7n9i412fia61DZFdB,m2,48,ok,,e5a3b3b42b5df56d05da8a4f0a06230d672babcd848fd6a9448080c70ebd8008
run4-tbt-3s/intercontinentale,intercontinentale,3,326,327,28,c1,1MZ34BZBycanzV6MQpn4kGo3igKxDeCFHrm4ys,m1,95,ok,,6496d8490c87c8bdfc499ecd5e4e893c2b8f9c1e5abd64856ebf7cf79f00edc9
run4-tbt-3s/intercontinentale,intercontinentale,3,327,328,28,c2,1LB6qUDEtPSL1cXPypZpfPq4jGZRpZVJ3UzARx,m1,64,ok,,fd4bbd47e565c347d488e18c48ec87760db54fc0f1c3fc0eb007a23ba6716a92
run4-tbt-3s/intercontinentale,intercontinentale,3,328,329,28,c4,1TFFyiBbp1YeJiDAG9heTHahno55ikaZcom68e,m2,39,ok,,a775361d1f1fa48d0d8fa997ee311b9767080456e0f549ac2fbf4792f4e567cd
run4-tbt-3s/intercontinentale,intercontinentale,3,328,329,28,c1,1MZ34BZBycanzV6MQpn4kGo3igKxDeCFHrm4ys,m1,96,ok,,aedfcd3814999603d6a60ad5c21419634fdf91ad51c0a40d8923325974677ebc
run4-tbt-3s/intercontinentale,intercontinentale,3,329,330,28,c3,14pmjhAXKHStX1ymPpwvt7n9i412fia61DZFdB,m2,49,ok,,3504b401756b84e7489169b0f2e78d68c02a58e54e9b03cac15fc3634a79149a
run4-tbt-3s/intercontinentale,intercontinentale,3,329,330,28,c2,1LB6qUDEtPSL1cXPypZpfPq4jGZRpZVJ3UzARx,m1,65,ok,,b352f52fdbb512f0bf08ee9fa969f81f47c86167d98e58f57f04d48b77bd6f9b
run4-tbt-3s/intercontinentale,intercontinentale,3,329,331,28,c1,1MZ34BZBycanzV6MQpn4kGo3igKxDeCFHrm4ys,m1,97,ok,,5608447229fed74271e82309dc60d0976ef889fe3f711ddbfca76c87e9ea7fb7
run4-tbt-3s/intercontinentale,intercontinentale,3,331,333,28,c5,1Zf6vhjhrZjDD8A5EitQbbxXVqtZKz5YEQ5i7C,m3,32,ok,,37aafa2d03bc5888d30140a2ed27337e90267cbf3bfbdfbc1f4c51497a0ddd75
run4-tbt-3s/intercontinentale,intercontinentale,3,332,333,28,c1,1MZ34BZBycanzV6MQpn4kGo3igKxDeCFHrm4ys,m1,98,ok,,ffab9eb4bab75113d759337ff98dea9aafa2a2b248d008424a8d517556333584
run4-tbt-3s/intercontinentale,intercontinentale,3,332,334,28,c4,1TFFyiBbp1YeJiDAG9heTHahno55ikaZcom68e,m2,40,ok,,b1ce7e043e967583af75915d8b8503656686f68515873e061aa483674c28e062
run4-tbt-3s/intercontinentale,intercontinentale,3,333,334,28,c2,1LB6qUDEtPSL1cXPypZpfPq4jGZRpZVJ3UzARx,m1,66,ok,,fc3b4fbf954b8073e107592585f19d20ac1a8d6f25840173145dcfb671988e89
run4-tbt-3s/intercontinentale,intercontinentale,3,334,335,28,c3,14pmjhAXKHStX1ymPpwvt7n9i412fia61DZFdB,m2,50,ok,,05129c3f21cc358ed6992342a2290dbcb3b652a3f97b1faaf64216e65ee2f467
run4-tbt-3s/intercontinentale,intercontinentale,3,334,335,28,c1,1MZ34BZBycanzV6MQpn4kGo3igKxDeCFHrm4ys,m1,99,ok,,c51634a5df2af814afd8effd31856aed7e37c57ce16642ac4fbaa96972b268f8
run4-tbt-3s/intercontinentale,intercontinentale,3,336,337,29,c2,1LB6qUDEtPSL1cXPypZpfPq4jGZRpZVJ3UzARx,m1,67,ok,,224ff3c9bdf165438d615e4010ebc358fe8aeca60d4e5eca7140748f44e03226
run4-tbt-3s/intercontinentale,intercontinentale,3,336,337,29,c1,1MZ34BZBycanzV6MQpn4kGo3igKxDeCFHrm4ys,m1,100,ok,,edccc39cf2515ce5fe79c0ddb3aff6572e69cd68b080effe89fcee55d7f3baa3
run4-tbt-3s/intercontinentale,intercontinentale,3,338,340,29,c5,1Zf6vhjhrZjDD8A5EitQbbxXVqtZKz5YEQ5i7C,m3,33,ok,,501dc953d148da9e1726d1ad421ed927a10e011eeefa90922b03da553e579446
run4-tbt-3s/intercontinentale,intercontinentale,3,338,339,29,c4,1TFFyiBbp1YeJiDAG9heTHahno55ikaZcom68e,m2,41,ok,,0469b016405c52aaecfb5ba3fe48b4478a1baca3a05b80e3ffef232bb711206f
run4-tbt-3s/intercontinentale,intercontinentale,3,338,339,29,c3,14pmjhAXKHStX1ymPpwvt7n9i412fia61DZFdB,m2,51,ok,,4dba2cc6a1a9826c124a53de835276611d8d66ddfb5d3e76400ef8593c74b752
run4-tbt-3s/intercontinentale,intercontinentale,3,338,340,29,c1,1MZ34BZBycanzV6MQpn4kGo3igKxDeCFHrm4ys,m1,101,ok,,9e01abb7c4927a3d3332f244dfe0b4161a49b838065c6d70fcfd8e2af6775867
run4-tbt-3s/intercontinentale,intercontinentale,3,339,340,29,c2,1LB6qUDEtPSL1cXPypZpfPq4jGZRpZVJ3UzARx,m1,68,ok,,616822ea752677dc053f29ad4784037d5da65be2ae0bce40bb99b2140a4b7703
run4-tbt-3s/intercontinentale,intercontinentale,3,341,342,29,c1,1MZ34BZBycanzV6MQpn4kGo3igKxDeCFHrm4ys,m1,102,ok,,64a23eeb5751dab8ec538a61797b6f1521c22a9af12fc8f9ceea1b9b8d3c04e4
run4-tbt-3s/intercontinentale,intercontinentale,3,343,344,29,c3,14pmjhAXKHStX1ymPpwvt7n9i412fia61DZFdB,m2,52,ok,,10e0f904c30a11581b9cf19d82419afb55c3520a6626e783796232afacb8196e
run4-tbt-3s/intercontinentale,intercontinentale,3,343,344,29,c2,1LB6qUDEtPSL1cXPypZpfPq4jGZRpZVJ3UzARx,m1,69,ok,,b7e058ba7ade91b5920cbf2eac2025b08c354c52d22a2778d8bffe31d0bdbfb3
run4-tbt-3s/intercontinentale,intercontinentale,3,343,344,29,c1,1MZ34BZBycanzV6MQpn4kGo3igKxDeCFHrm4ys,m1,103,ok,,47e0ba671455c0ffc118936496415fa869c43cd45913b716f51dadb28cdfde8b
run4-tbt-3s/intercontinentale,intercontinentale,3,344,345,29,c4,1TFFyiBbp1YeJiDAG9heTHahno55ikaZcom68e,m2,42,ok,,8aa6c9eac691b6d3c18737f3916dbd637907bc345c1ec8f9a2121722482671d9
run4-tbt-3s/intercontinentale,intercontinentale,3,345,346,29,c1,1MZ34BZBycanzV6MQpn4kGo3igKxDeCFHrm4ys,m1,104,ok,,31d6aab03471bd3751473c0ff6bd41efc29fc75055556f3f98e66700cc4e4233
run4-tbt-3s/intercontinentale,intercontinentale,3,345,346,29,c5,1Zf6vhjhrZjDD8A5EitQbbxXVqtZKz5YEQ5i7C,m3,34,ok,,b39efb4652c754ace8219a9777071de955931ddf6480db8bfd2e7fe0dfab56d5
run4-tbt-3s/intercontinentale,intercontinentale,3,346,347,29,c2,1LB6qUDEtPSL1cXPypZpfPq4jGZRpZVJ3UzARx,m1,70,ok,,335f6b566ca5a9ccc4a35c4143ccd21b76f35ce320e48ed2adfccc4f2eb391a4
run4-tbt-3s/intercontinentale,intercontinentale,3,346,347,29,c3,14pmjhAXKHStX1ymPpwvt7n9i412fia61DZFdB,m2,53,ok,,57ec5a0697c4f9b55637666f123fd40df831f3835b4254e25c4613379b6c3e2f
run4-tbt-3s/intercontinentale,intercontinentale,3,346,348,30,c1,1MZ34BZBycanzV6MQpn4kGo3igKxDeCFHrm4ys,m1,105,ok,,8a7a9ad70f6404c23ffae26e59d09beba0e38417f616de1fa4134d59d7679179
run4-tbt-3s/intercontinentale,intercontinentale,3,349,350,30,c4,1TFFyiBbp1YeJiDAG9heTHahno55ikaZcom68e,m2,43,ok,,46e12f59fa908ac9969448ad1b7e674ca730bfb5d50cb117de6d07d49467d71f
run4-tbt-3s/intercontinentale,intercontinentale,3,349,350,30,c2,1LB6qUDEtPSL1cXPypZpfPq4jGZRpZVJ3UzARx,m1,71,ok,,e2e6c04c76728e783d9964d6a6a93064f08d7586c1cc7b42f0469baf45fc6193
run4-tbt-3s/intercontinentale,intercontinentale,3,349,350,30,c1,1MZ34BZBycanzV6MQpn4kGo3igKxDeCFHrm4ys,m1,106,ok,,ca9cc1aaa8db890f4da31a1cffb59a7ce7a3f08ad2100a218e91103d3fb0d901
run4-tbt-3s/intercontinentale,intercontinentale,3,351,352,30,c3,14pmjhAXKHStX1ymPpwvt7n9i412fia61DZFdB,m2,54,ok,,5a6ddd4d325aefbfed5f2ff048b059fd029edb5a7707b8806db63c79cd79a274
run4-tbt-3s/intercontinentale,intercontinentale,3,351,352,30,c1,1MZ34BZBycanzV6MQpn4kGo3igKxDeCFHrm4ys,m1,107,ok,,f465a8fd2e6e910b476d5b70ae4867d381d5358201196d314c60cf4d8d0fdbd5
run4-tbt-3s/intercontinentale,intercontinentale,3,351,353,30,c5,1Zf6vhjhrZjDD8A5EitQbbxXVqtZKz5YEQ5i7C,m3,35,ok,,f502fb0bfe4bd508b14f863a8f544b8d386233e214ce77c548d77347a9a8589f
run4-tbt-3s/intercontinentale,intercontinentale,3,352,353,30,c2,1LB6qUDEtPSL1cXPypZpfPq4jGZRpZVJ3UzARx,m1,72,ok,,9548dac655443967f0998a862d810289ef956e8365dd70acde4cdf41dfc51b92
run4-tbt-3s/intercontinentale,intercontinentale,3,353,354,30,c1,1MZ34BZBycanzV6MQpn4kGo3igKxDeCFHrm4ys,m1,108,ok,,22eab6542476f134fe8102b2fb8dec1911bc60e9b0f70c3c196452fc8e3f9c56
run4-tbt-3s/intercontinentale,intercontinentale,3,354,356,30,c4,1TFFyiBbp1YeJiDAG9heTHahno55ikaZcom68e,m2,44,ok,,d515a24b7fd759ada17343812b1bb1edde4a6c26ca1ffefabb7f62e40897528f
run4-tbt-3s/intercontinentale,intercontinentale,3,356,357,30,c3,14pmjhAXKHStX1ymPpwvt7n9i412fia61DZFdB,m2,55,ok,,dcbe1a9580dea594d1e890e1947623421ac8cc67a747fb09ada2ed64c837b0e2
run4-tbt-3s/intercontinentale,intercontinentale,3,356,357,30,c2,1LB6qUDEtPSL1cXPypZpfPq4jGZRpZVJ3UzARx,m1,73,ok,,05afc40789e020a63ea3ba60ee204c4ac60f7e125214d0d436f2b71f4a846b9a
run4-tbt-3s/intercontinentale,intercontinentale,3,356,357,30,c1,1MZ34BZBycanzV6MQpn4kGo3igKxDeCFHrm4ys,m1,109,ok,,251063bf0a53b0120313570a58cfe5c9730c8c6f08d1e791284f959a00a829b7
run4-tbt-3s/intercontinentale,intercontinentale,3,358,359,30,c1,1MZ34BZBycanzV6MQpn4kGo3igKxDeCFHrm4ys,m1,110,ok,,8c768c27b47b593d7502ad78ddd58644a8cda51d69f99f709628bb6a0e04cc52
run4-tbt-3s/intercontinentale,intercontinentale,3,359,360,31,c5,1Zf6vhjhrZjDD8A5EitQbbxXVqtZKz5YEQ5i7C,m3,36,ok,,b0b48e0a7ff2bf256a8d4447eca8d5c6dcad0c93567d76fe6371ec52a81ebe20
run4-tbt-3s/intercontinentale,intercontinentale,3,359,361,31,c2,1LB6qUDEtPSL1cXPypZpfPq4jGZRpZVJ3UzARx,m1,74,ok,,2a479dacf7eb2b5f4a903caaf8f04350e02be1eaff1bf74385aa3f1df426099c
run4-tbt-3s/intercontinentale,intercontinentale,3,360,361,31,c4,1TFFyiBbp1YeJiDAG9heTHahno55ikaZcom68e,m2,45,ok,,d423c5495382b0a0b6c5539989e2e1372a7f0b6691f7a5c6ec9c04a0d47b16d8
run4-tbt-3s/intercontinentale,intercontinentale,3,360,361,31,c3,14pmjhAXKHStX1ymPpwvt7n9i412fia61DZFdB,m2,56,ok,,b7b14ca9b77926b4c7ccf61c899774ed9c0ad57c038698f16925bb057d548e0c
run4-tbt-3s/intercontinentale,intercontinentale,3,360,361,31,c1,1MZ34BZBycanzV6MQpn4kGo3igKxDeCFHrm4ys,m1,111,ok,,0a6248ea40ccd68c834d24e7918fe70743eac7e723152fa437e24721bcdf34ba
run4-tbt-3s/intercontinentale,intercontinentale,3,363,364,31,c2,1LB6qUDEtPSL1cXPypZpfPq4jGZRpZVJ3UzARx,m1,75,ok,,5efc572134703124d126bf1e72fe70d12c01777cbe6228df7c6a52fb0917f31e
run4-tbt-3s/intercontinentale,intercontinentale,3,363,364,31,c1,1MZ34BZBycanzV6MQpn4kGo3igKxDeCFHrm4ys,m1,112,ok,,eb7a03eb27691b009e14de344d59cf6eeecddfa38ea2e6fabc0d5562f22a65b8
run4-tbt-3s/intercontinentale,intercontinentale,3,365,366,31,c3,14pmjhAXKHStX1ymPpwvt7n9i412fia61DZFdB,m2,57,ok,,e213eb6652497921f9e1dbc301c8c47a0a2a268d4c9f17267e3cfb7af5d9d51c
run4-tbt-3s/intercontinentale,intercontinentale,3,365,366,31,c1,1MZ34BZBycanzV6MQpn4kGo3igKxDeCFHrm4ys,m1,113,ok,,af81be5f4e43c10bc238e4bcbf88095edf8b57c1e7c8eead840bf3768d70aae4
run4-tbt-3s/intercontinentale,intercontinentale,3,365,367,31,c5,1Zf6vhjhrZjDD8A5EitQbbxXVqtZKz5YEQ5i7C,m3,37,ok,,3cd4b0841e88b8f02771837ebee30a2699eb0d9a37ee6e19c8b36b300ec71e20
run4-tbt-3s/intercontinentale,intercontinentale,3,366,367,31,c4,1TFFyiBbp1YeJiDAG9heTHahno55ikaZcom68e,m2,46,ok,,e5a7d685ae3c4bcec68e6724e9009eb3fcb23be068332471da81ecbe2cc497cd
run4-tbt-3s/intercontinentale,intercontinentale,3,366,367,31,c2,1LB6qUDEtPSL1cXPypZpfPq4jGZRpZVJ3UzARx,m1,76,ok,,b682090d4faad05a930d2ca9aa5f587c5bce5c597f9eae1937bc2be274bf4ab0
run4-tbt-3s/intercontinentale,intercontinentale,3,366,368,31,c1,1MZ34BZBycanzV6MQpn4kGo3igKxDeCFHrm4ys,m1,114,ok,,d9825960211f0b679b7621157a98423714c7d5c45ce1e0d292aaccf4a1fbd0e3
run4-tbt-3s/intercontinentale,intercontinentale,3,369,370,31,c3,14pmjhAXKHStX1ymPpwvt7n9i412fia61DZFdB,m2,58,ok,,571d3e9585c4c8ba1ac76b166d1b89bb817184f7207d246e44099b2c76f5499d
run4-tbt-3s/intercontinentale,intercontinentale,3,369,370,31,c2,1LB6qUDEtPSL1cXPypZpfPq4jGZRpZVJ3UzARx,m1,77,ok,,7f010b534b2a73ba867054c3f70d164256760d13947790c4670813ce6b8420ed
run4-tbt-3s/intercontinentale,intercontinentale,3,369,370,31,c1,1MZ34BZBycanzV6MQpn4kGo3igKxDeCFHrm4ys,m1,115,ok,,22e17f0aca6eaf3a0d42409da5c0a3e1b72c8caae52aa377bfb3046af88639bb
run4-tbt-3s/intercontinentale,intercontinentale,3,371,372,32,c4,1TFFyiBbp1YeJiDAG9heTHahno55ikaZcom68e,m2,47,ok,,e81271283d0da4e11e9822d5b2b5c9ef95ea098993885e084384196e190d42d9
run4-tbt-3s/intercontinentale,intercontinentale,3,371,372,32,c1,1MZ34BZBycanzV6MQpn4kGo3igKxDeCFHrm4ys,m1,116,ok,,088e97a68dcf0bbd47627c41a8287dec56c081d28811cc2d34d4fd091f10367f
run4-tbt-3s/intercontinentale,intercontinentale,3,372,374,32,c2,1LB6qUDEtPSL1cXPypZpfPq4jGZRpZVJ3UzARx,m1,78,ok,,37c28c8756481077780f73edffe0bbd914890e1299c9e85bcb1d739c2fcc997b
run4-tbt-3s/intercontinentale,intercontinentale,3,373,374,32,c5,1Zf6vhjhrZjDD8A5EitQbbxXVqtZKz5YEQ5i7C,m3,38,ok,,621f137079a03e50a5475927ced4695c33f085c1976f8d9601f9e985b3700839
run4-tbt-3s/intercontinentale,intercontinentale,3,374,375,32,c3,14pmjhAXKHStX1ymPpwvt7n9i412fia61DZFdB,m2,59,ok,,a240fd06cb929eb59d93a7b0bc4946588584f078bc5ab78169128b001d167a2d
run4-tbt-3s/intercontinentale,intercontinentale,3,374,375,32,c1,1MZ34BZBycanzV6MQpn4kGo3igKxDeCFHrm4ys,m1,117,ok,,1070538aabbc7ff2121fa85ec2fc6f94a8630763f2fddd4f9149927c9e8c2e89
run4-tbt-3s/intercontinentale,intercontinentale,3,376,377,32,c2,1LB6qUDEtPSL1cXPypZpfPq4jGZRpZVJ3UzARx,m1,79,ok,,c6e703a449f50cd585e4eb76ad4bd34a7dd51bc6d2a730f46af702d58159220a
run4-tbt-3s/intercontinentale,intercontinentale,3,376,377,32,c1,1MZ34BZBycanzV6MQpn4kGo3igKxDeCFHrm4ys,m1,118,ok,,cd99e10159c23cb0a8e9f5b2abff38466274624eb876741f07e79c614f863b59
run4-tbt-3s/intercontinentale,intercontinentale,3,376,378,32,c4,1TFFyiBbp1YeJiDAG9heTHahno55ikaZcom68e,m2,48,ok,,87072663cd66085a77ab0ccdcd8b63c57f9f604628b7bf75e44686d8a4e066c8
run4-tbt-3s/intercontinentale,intercontinentale,3,378,379,32,c3,14pmjhAXKHStX1ymPpwvt7n9i412fia61DZFdB,m2,60,ok,,b306ca9f4395de7d97edb97dea075bfefd02da2eac681bbf978bd34c0e7c7e96
run4-tbt-3s/intercontinentale,intercontinentale,3,378,379,32,c1,1MZ34BZBycanzV6MQpn4kGo3igKxDeCFHrm4ys,m1,119,ok,,2531536c12feb98608c9aab4aab421509204cc2c2031cd9c0ad29d7cfc9b5b01
run4-tbt-3s/intercontinentale,intercontinentale,3,379,381,32,c2,1LB6qUDEtPSL1cXPypZpfPq4jGZRpZVJ3UzARx,m1,80,ok,,cc696b4c2e23a3ec510198f7ddc85c398a901874d74ebe7060515cae2486edd1
run4-tbt-3s/intercontinentale,intercontinentale,3,380,381,32,c5,1Zf6vhjhrZjDD8A5EitQbbxXVqtZKz5YEQ5i7C,m3,39,ok,,faf329168b31dc33f945223572ce2df6729fbfda3d252560a41ef4ba442ae27f
run4-tbt-3s/intercontinentale,intercontinentale,3,380,381,32,c1,1MZ34BZBycanzV6MQpn4kGo3igKxDeCFHrm4ys,m1,120,ok,,3f6a93da4d8431998f96ef28520255b305553e3dbb443746c7835b793abda13f
run4-tbt-3s/intercontinentale,intercontinentale,3,383,384,33,c4,1TFFyiBbp1YeJiDAG9heTHahno55ikaZcom68e,m2,49,ok,,d325968b39d48e4d52a4215b6089646bdd4130cd50edafea3811aeb453162d73
run4-tbt-3s/intercontinentale,intercontinentale,3,383,384,33,c3,14pmjhAXKHStX1ymPpwvt7n9i412fia61DZFdB,m2,61,ok,,c003ca492da5c442e394ffdee15a37b890f344f7f3944e05d72364e95317d19c
run4-tbt-3s/intercontinentale,intercontinentale,3,383,384,33,c2,1LB6qUDEtPSL1cXPypZpfPq4jGZRpZVJ3UzARx,m1,81,ok,,a46b090c4e5f4384d7671574592a2f25aa7b63b15fea572e8b70e6a2a1286a83
run4-tbt-3s/intercontinentale,intercontinentale,3,383,384,33,c1,1MZ34BZBycanzV6MQpn4kGo3igKxDeCFHrm4ys,m1,121,ok,,3685ec7822a44af802917f5928c5b2ad0187ead8af56dafe69cb77825b9ba363
run4-tbt-3s/intercontinentale,intercontinentale,3,385,386,33,c1,1MZ34BZBycanzV6MQpn4kGo3igKxDeCFHrm4ys,m1,122,ok,,bb368d38b0c12bce9f652e0a560f640360c7e42ea021793e4cedb328ea3b9c8f
run4-tbt-3s/intercontinentale,intercontinentale,3,386,387,33,c2,1LB6qUDEtPSL1cXPypZpfPq4jGZRpZVJ3UzARx,m1,82,ok,,4443e980143efc6b8b1d6caa4a9c4087413f10b683efa357bc9c50d35e85a34a
run4-tbt-3s/intercontinentale,intercontinentale,3,387,388,33,c5,1Zf6vhjhrZjDD8A5EitQbbxXVqtZKz5YEQ5i7C,m3,40,ok,,546ee179cd5c209c025110ddb68f77929365ffa959d4c0e02ad05777c186f873
run4-tbt-3s/intercontinentale,intercontinentale,3,387,388,33,c3,14pmjhAXKHStX1ymPpwvt7n9i412fia61DZFdB,m2,62,ok,,a555f389a00bc6d1df7f5effad24d3128c2191ad7b2edd51ebc5f8941c5bf2c4
run4-tbt-3s/intercontinentale,intercontinentale,3,387,388,33,c1,1MZ34BZBycanzV6MQpn4kGo3igKxDeCFHrm4ys,m1,123,ok,,afea7622ea75826bd4329fbbd8e8e37787e12e7ee885c856b0918f112603ff63
run4-tbt-3s/intercontinentale,intercontinentale,3,388,389,33,c4,1TFFyiBbp1YeJiDAG9heTHahno55ikaZcom68e,m2,50,ok,,b078db50bca552ef3140e4592e846a6941bda4ecf5edc6971038a3aeaa61caa8
run4-tbt-3s/intercontinentale,intercontinentale,3,389,390,33,c2,1LB6qUDEtPSL1cXPypZpfPq4jGZRpZVJ3UzARx,m1,83,ok,,939cba7d2ad0e6f72263c723a112ce08684640559c829f957c7233cafc48995a
run4-tbt-3s/intercontinentale,intercontinentale,3,389,390,33,c1,1MZ34BZBycanzV6MQpn4kGo3igKxDeCFHrm4ys,m1,124,ok,,a75fb316badf86f17fa750ee4008e3409c5e7b68b7a2f256192a7a824dbaf788
run4-tbt-3s/intercontinentale,intercontinentale,3,392,393,33,c3,14pmjhAXKHStX1ymPpwvt7n9i412fia61DZFdB,m2,63,ok,,45f6607d3b14c3e983bd3131d8cc56db67561491b1fa11ba9aee0fb16974b291
run4-tbt-3s/intercontinentale,intercontinentale,3,392,393,33,c1,1MZ34BZBycanzV6MQpn4kGo3igKxDeCFHrm4ys,m1,125,ok,,225c3c6f5efeccefd42cf5467c6bc8fce538a3f975115aad34a17652fc7b1e1d
run4-tbt-3s/intercontinentale,intercontinentale,3,393,394,33,c2,1LB6qUDEtPSL1cXPypZpfPq4jGZRpZVJ3UzARx,m1,84,ok,,20dd8453c66c02fd692107408b0d844d3916df1640edc9127952fee9df0f03fe
run4-tbt-3s/intercontinentale,intercontinentale,3,394,395,33,c5,1Zf6vhjhrZjDD8A5EitQbbxXVqtZKz5YEQ5i7C,m3,41,ok,,6cf5fbed6edfb51f3e73ba1f3491850eff7a8ed8374e25045b62a2def0501618
run4-tbt-3s/intercontinentale,intercontinentale,3,394,395,33,c4,1TFFyiBbp1YeJiDAG9heTHahno55ikaZcom68e,m2,51,ok,,4c4f74cc153495dfc43ee8fefde4a27f7def60b8d395824e134315ec980348cd
run4-tbt-3s/intercontinentale,intercontinentale,3,394,395,33,c1,1MZ34BZBycanzV6MQpn4kGo3igKxDeCFHrm4ys,m1,126,ok,,0f3d707805d1649c53112987db03deb3d86cb5d06ef7c02d8a9c4bd163704820
run4-tbt-3s/intercontinentale,intercontinentale,3,397,398,34,c3,14pmjhAXKHStX1ymPpwvt7n9i412fia61DZFdB,m2,64,ok,,2fbbe66fd9cfa1358972f91d2a0f9ac179eafcd98597105d9f9e209797665d2c
run4-tbt-3s/intercontinentale,intercontinentale,3,397,398,34,c2,1LB6qUDEtPSL1cXPypZpfPq4jGZRpZVJ3UzARx,m1,85,ok,,afb58cdc17b057cc2ab7fe5f4335ac966d31e51967373f8e34fdd7becc39de9b
run4-tbt-3s/intercontinentale,intercontinentale,3,397,398,34,c1,1MZ34BZBycanzV6MQpn4kGo3igKxDeCFHrm4ys,m1,127,ok,,328981e1b8be7a88c834328ada92fbf1843bf678b385fb4228040766d35f0b07
run4-tbt-3s/intercontinentale,intercontinentale,3,400,401,34,c1,1MZ34BZBycanzV6MQpn4kGo3igKxDeCFHrm4ys,m1,128,ok,,6f34b252a5e3c50b528c035fd720406db882cc4b57d86478bee52d59d95012a3
run4-tbt-3s/intercontinentale,intercontinentale,3,401,402,34,c4,1TFFyiBbp1YeJiDAG9heTHahno55ikaZcom68e,m2,52,ok,,f7adf14bf1b055f39f1b50ac137a6039924b12f2e0dd5d656615b606df8d1437
run4-tbt-3s/intercontinentale,intercontinentale,3,401,402,34,c2,1LB6qUDEtPSL1cXPypZpfPq4jGZRpZVJ3UzARx,m1,86,ok,,f9fa41fa99a5420f00d0101aa874bbbad2e9b5be452a8783fe63e5d0421c8d17
run4-tbt-3s/intercontinentale,intercontinentale,3,403,404,34,c3,14pmjhAXKHStX1ymPpwvt7n9i412fia61DZFdB,m2,65,ok,,6b0d79efac2c1a19393de87a361dce5bd76d67e63ce6ebdddfafa8ad98a7bc7a
run4-tbt-3s/intercontinentale,intercontinentale,3,403,404,34,c1,1MZ34BZBycanzV6MQpn4kGo3igKxDeCFHrm4ys,m1,129,ok,,db608d50571e767587a0e102343c561a4b28e6e4625d63d14e885eee440ab748
run4-tbt-3s/intercontinentale,intercontinentale,3,403,404,34,c5,1Zf6vhjhrZjDD8A5EitQbbxXVqtZKz5YEQ5i7C,m3,42,ok,,16e6ec73dd3c991e0548ebf8d58a70555468a0a13f2074ed4d14bfb537319f3a
run4-tbt-3s/intercontinentale,intercontinentale,3,405,406,34,c2,1LB6qUDEtPSL1cXPypZpfPq4jGZRpZVJ3UzARx,m1,87,ok,,8143ce8b3ab6d44441d3cc3e516d34865dce22a5b67434c24d7adb3996d759ab
run4-tbt-3s/intercontinentale,intercontinentale,3,405,406,34,c1,1MZ34BZBycanzV6MQpn4kGo3igKxDeCFHrm4ys,m1,130,ok,,630599cbff0f6e05ee1c36936cb164175dc5ade93907e3e17b8d2bf17bb46bb8
run4-tbt-3s/intercontinentale,intercontinentale,3,406,408,35,c4,1TFFyiBbp1YeJiDAG9heTHahno55ikaZcom68e,m2,53,ok,,cdda11f7c1007a8867e4f6009d06973eb5f9581c77af6c25835eae0cc7983235
run4-tbt-3s/intercontinentale,intercontinentale,3,406,408,35,c3,14pmjhAXKHStX1ymPpwvt7n9i412fia61DZFdB,m2,66,ok,,c02bae12bdccdd87ad55c7a3ad6abc5137ab3b6307c571184e691ed4c5177af0
run4-tbt-3s/intercontinentale,intercontinentale,3,406,408,35,c1,1MZ34BZBycanzV6MQpn4kGo3igKxDeCFHrm4ys,m1,131,ok,,b736067bfe4115f90bd5725c2c12a8df198a3e422e7f4a8f73c74e496349adaa
run4-tbt-3s/intercontinentale,intercontinentale,3,407,408,35,c2,1LB6qUDEtPSL1cXPypZpfPq4jGZRpZVJ3UzARx,m1,88,ok,,1e5c8dc6a5105a2860f8e8ccbce7ebce0951958470c0c58565f0ee0230bbb57a
run4-tbt-3s/intercontinentale,intercontinentale,3,408,410,35,c1,1MZ34BZBycanzV6MQpn4kGo3igKxDeCFHrm4ys,m1,132,ok,,0aafcf7a166163ba12debcecaf11f4bc52d19c7d6ba0592287f80bbbd96585b6
run4-tbt-3s/intercontinentale,intercontinentale,3,409,410,35,c5,1Zf6vhjhrZjDD8A5EitQbbxXVqtZKz5YEQ5i7C,m3,43,ok,,043a074bc4f8ed8a443836f21acf5d0660ee058d23b1b2a51647bb3f15894c2c
run4-tbt-3s/intercontinentale,intercontinentale,3,410,412,35,c3,14pmjhAXKHStX1ymPpwvt7n9i412fia61DZFdB,m2,67,ok,,0cb7b13ebc5f89a3d4123173e4a769589ef4c750eac3c232220c122715322b0e
run4-tbt-3s/intercontinentale,intercontinentale,3,410,412,35,c2,1LB6qUDEtPSL1cXPypZpfPq4jGZRpZVJ3UzARx,m1,89,ok,,2904a64fe58bd1ded3ae9533907d49b19e9435701c294b4f0f29fdc6e9591e25
run4-tbt-3s/intercontinentale,intercontinentale,3,410,412,35,c1,1MZ34BZBycanzV6MQpn4kGo3igKxDeCFHrm4ys,m1,133,ok,,8ba7b6a8314d892cd4aa7749405b2a578c84819d0a6f84406974d8efd25d4fb4
run4-tbt-3s/intercontinentale,intercontinentale,3,411,412,35,c4,1TFFyiBbp1YeJiDAG9heTHahno55ikaZcom68e,m2,54,ok,,9350032d352e5ca3ee7868eb1f9921a52ac1a4502c0303930953979669e992c0
run4-tbt-3s/intercontinentale,intercontinentale,3,413,414,35,c1,1MZ34BZBycanzV6MQpn4kGo3igKxDeCFHrm4ys,m1,134,ok,,ccdc1855a44f7f2d02b860a76bde4d09702342452c0f7153a56933002d1d50d3
run4-tbt-3s/intercontinentale,intercontinentale,3,414,415,35,c2,1LB6qUDEtPSL1cXPypZpfPq4jGZRpZVJ3UzARx,m1,90,ok,,9d4c859dfcf991d3eae9bc9b0560c4aeda1123955446a4e04a1b2a22b75807b2
run4-tbt-3s/intercontinentale,intercontinentale,3,415,416,35,c3,14pmjhAXKHStX1ymPpwvt7n9i412fia61DZFdB,m2,68,ok,,9a568253efffc5ffab0a5004d16f8332ea1dea524c67890860394985ceba7ce5
run4-tbt-3s/intercontinentale,intercontinentale,3,415,416,35,c1,1MZ34BZBycanzV6MQpn4kGo3igKxDeCFHrm4ys,m1,135,ok,,604688446fcbc07395a0717e2377237a1dfc739b956d1e8e6faa7da1f6002c7f
run4-tbt-3s/intercontinentale,intercontinentale,3,416,417,35,c5,1Zf6vhjhrZjDD8A5EitQbbxXVqtZKz5YEQ5i7C,m3,44,ok,,216580cd1835519726815fbed3b1f0a9e7b532c3f59b3029390c04b36cfc7737
run4-tbt-3s/intercontinentale,intercontinentale,3,417,418,35,c4,1TFFyiBbp1YeJiDAG9heTHahno55ikaZcom68e,m2,55,ok,,c0749f6ad4db772f30c1ea19163b97184d162ed7966b403d525ffb1e79b8efbe
run4-tbt-3s/intercontinentale,intercontinentale,3,417,418,35,c2,1LB6qUDEtPSL1cXPypZpfPq4jGZRpZVJ3UzARx,m1,91,ok,,7707a5067e6261bcb8704d6c65c1348e5a51c301f1a2cc507f2bb8c3da12cfaf
run4-tbt-3s/intercontinentale,intercontinentale,3,417,418,35,c1,1MZ34BZBycanzV6MQpn4kGo3igKxDeCFHrm4ys,m1,136,ok,,064d43cd89fb91b55610eae5cb0f47c1637d61ac465dbdf96341eb8354847e77
run4-tbt-3s/intercontinentale,intercontinentale,3,420,421,36,c3,14pmjhAXKHStX1ymPpwvt7n9i412fia61DZFdB,m2,69,ok,,59c258d216934fa56d414d4382dbcba79934757ae8945a056d523a07933ffc51
run4-tbt-3s/intercontinentale,intercontinentale,3,420,421,36,c1,1MZ34BZBycanzV6MQpn4kGo3igKxDeCFHrm4ys,m1,137,ok,,ea9cd2c5d65ff06481ffc9ee085935d2867b9e2f9e107a9262117c37c06e03e5
run4-tbt-3s/intercontinentale,intercontinentale,3,421,422,36,c2,1LB6qUDEtPSL1cXPypZpfPq4jGZRpZVJ3UzARx,m1,92,ok,,421db508b86a5330edf2859c1126f5661a1534a5c6470313593600c21130df03
run4-tbt-3s/intercontinentale,intercontinentale,3,421,423,36,c1,1MZ34BZBycanzV6MQpn4kGo3igKxDeCFHrm4ys,m1,138,ok,,9632f22acca3d74cb773e0f907fc0524a63fac03405a81a36cabaf7d0b95bc0b
run4-tbt-3s/intercontinentale,intercontinentale,3,423,425,36,c5,1Zf6vhjhrZjDD8A5EitQbbxXVqtZKz5YEQ5i7C,m3,45,ok,,1b85b2ee595caf3f404e4f1eada9bf3844bb9f70b15178a65684d6dc2b57337b
run4-tbt-3s/intercontinentale,intercontinentale,3,423,425,36,c4,1TFFyiBbp1YeJiDAG9heTHahno55ikaZcom68e,m2,56,ok,,7176c0c704c8a62410b9cc3c241fa7aaad2b3d8b8bfec6618d28bb6328e500b3
run4-tbt-3s/intercontinentale,intercontinentale,3,425,426,36,c3,14pmjhAXKHStX1ymPpwvt7n9i412fia61DZFdB,m2,70,ok,,ad9a2852c904d6489ac0c178a3c416b21e87894559d99015d3f1f274bf4e3789
run4-tbt-3s/intercontinentale,intercontinentale,3,425,426,36,c2,1LB6qUDEtPSL1cXPypZpfPq4jGZRpZVJ3UzARx,m1,93,ok,,f8486ddc5b41b5a794b0d84a2ea58bb1cc1e31f15fe2216ba69e359bb8c78f00
run4-tbt-3s/intercontinentale,intercontinentale,3,425,426,36,c1,1MZ34BZBycanzV6MQpn4kGo3igKxDeCFHrm4ys,m1,139,ok,,cec761e71bec8e6bfe094798a8678b4d50a8153ae6170eea55d98208aaaefcae
run4-tbt-3s/intercontinentale,intercontinentale,3,426,428,36,c1,1MZ34BZBycanzV6MQpn4kGo3igKxDeCFHrm4ys,m1,140,ok,,4aeca12c4cf657203760ab7e1a0dc10596c32c360d4f73d1618ecb49fa24874d
run4-tbt-3s/intercontinentale,intercontinentale,3,427,429,36,c2,1LB6qUDEtPSL1cXPypZpfPq4jGZRpZVJ3UzARx,m1,94,ok,,03747a611f5e2a8ddb2848ad450f05a954aa60627d6ef0db1a69757636c15d1c
run4-tbt-3s/intercontinentale,intercontinentale,3,428,430,36,c4,1TFFyiBbp1YeJiDAG9heTHahno55ikaZcom68e,m2,57,ok,,a3710f305fcf195003f99f3b823e8dde92c7ba3217426df39dad4c22b5236133
run4-tbt-3s/intercontinentale,intercontinentale,3,428,430,36,c3,14pmjhAXKHStX1ymPpwvt7n9i412fia61DZFdB,m2,71,ok,,95a933559a3d9f4f39fde233d53f09e7767f9ca444d2ceeb786a7b25a960c641
run4-tbt-3s/intercontinentale,intercontinentale,3,428,430,36,c1,1MZ34BZBycanzV6MQpn4kGo3igKxDeCFHrm4ys,m1,141,ok,,c2e48cddad1e4f2cab09b5077693fe60eff0d707ae62a4aecb214034a3830107
run4-tbt-3s/intercontinentale,intercontinentale,3,429,431,36,c5,1Zf6vhjhrZjDD8A5EitQbbxXVqtZKz5YEQ5i7C,m3,46,ok,,471ab0897ff05ebb8da338a9ec1266b9e0e892ecc1d0251199afc68dea93cb9e
run4-tbt-3s/intercontinentale,intercontinentale,3,430,431,36,c2,1LB6qUDEtPSL1cXPypZpfPq4jGZRpZVJ3UzARx,m1,95,ok,,62ab45cb8e17de4bace2f48a5031eedbad36abbd8ba1d58af0a5242fb5d7156b
run4-tbt-3s/intercontinentale,intercontinentale,3,430,431,36,c1,1MZ34BZBycanzV6MQpn4kGo3igKxDeCFHrm4ys,m1,142,ok,,813397a154bf956c42c3920210f6af0baf15f4b88735988da8fd514d752c276b
run4-tbt-3s/intercontinentale,intercontinentale,3,432,433,37,c3,14pmjhAXKHStX1ymPpwvt7n9i412fia61DZFdB,m2,72,ok,,96b47b19650ace7e398c5adf51bb484186b8feec920701f39331287b55949e31
run4-tbt-3s/intercontinentale,intercontinentale,3,432,433,37,c1,1MZ34BZBycanzV6MQpn4kGo3igKxDeCFHrm4ys,m1,143,ok,,ee4a4603ab1b35d448481c695cf92f969d084e091d3ba4164e74ca11ce1aca3e
run4-tbt-3s/intercontinentale,intercontinentale,3,433,434,37,c4,1TFFyiBbp1YeJiDAG9heTHahno55ikaZcom68e,m2,58,ok,,f17aed965ff6b847785d435e24c1e134a893cf5ad0a05a1f92c5d39625007c21
run4-tbt-3s/intercontinentale,intercontinentale,3,433,434,37,c2,1LB6qUDEtPSL1cXPypZpfPq4jGZRpZVJ3UzARx,m1,96,ok,,13e32a03361c6bb1189b3d092a6046254409644e908407d22eac9d1b589ea551
run4-tbt-3s/intercontinentale,intercontinentale,3,434,436,37,c1,1MZ34BZBycanzV6MQpn4kGo3igKxDeCFHrm4ys,m1,144,ok,,b523ae95f4a0dfe74a5c67495a63194b0c90c7e9b2a399ac13a8d68a4d0653a2
run4-tbt-3s/intercontinentale,intercontinentale,3,436,438,37,c5,1Zf6vhjhrZjDD8A5EitQbbxXVqtZKz5YEQ5i7C,m3,47,ok,,6a45f3643a548a617cd9219368719ca05ffb29cf891b0b2cff31f8fee08911c9
run4-tbt-3s/intercontinentale,intercontinentale,3,435,438,37,c3,14pmjhAXKHStX1ymPpwvt7n9i412fia61DZFdB,m2,73,ok,,5bc2f82f883af26c17324f03098d58e45d1bacf61063e59f2293076b3734d94d
run4-tbt-3s/intercontinentale,intercontinentale,3,437,438,37,c2,1LB6qUDEtPSL1cXPypZpfPq4jGZRpZVJ3UzARx,m1,97,ok,,8e66db89463901a358ba43a9a0189cece32580bf3c8e72303c3d43ab62d00ebc
run4-tbt-3s/intercontinentale,intercontinentale,3,437,438,37,c1,1MZ34BZBycanzV6MQpn4kGo3igKxDeCFHrm4ys,m1,145,ok,,f9a1bb76a84030f7945396a244e0b8add100635f336eef3e507c82b4f94f44d5
run4-tbt-3s/intercontinentale,intercontinentale,3,439,441,37,c4,1TFFyiBbp1YeJiDAG9heTHahno55ikaZcom68e,m2,59,ok,,9cfb9c2f5adf280e5815fe9d3d00cff4beb521e6aca698aa88b9f2767566cf81
run4-tbt-3s/intercontinentale,intercontinentale,3,440,441,37,c1,1MZ34BZBycanzV6MQpn4kGo3igKxDeCFHrm4ys,m1,146,ok,,2dbd102f69af4c06da47d4bd52ff13e7ccf24e6e5bf5b39917329d6bd5e05fe1
run4-tbt-3s/intercontinentale,intercontinentale,3,440,442,37,c2,1LB6qUDEtPSL1cXPypZpfPq4jGZRpZVJ3UzARx,m1,98,ok,,6435dbbec120bfa17dfedb31c9314b5ab3df72e87736e94ce43359faa49fdac7
run4-tbt-3s/intercontinentale,intercontinentale,3,441,442,37,c3,14pmjhAXKHStX1ymPpwvt7n9i412fia61DZFdB,m2,74,ok,,94df3421c8dc80aaaa1029843cea108491234ab2e26df789026a820ac2dcf5ae
run4-tbt-3s/intercontinentale,intercontinentale,3,441,442,37,c1,1MZ34BZBycanzV6MQpn4kGo3igKxDeCFHrm4ys,m1,147,ok,,9f5f7ce3a63f6d2919a3b9bcc050855b93b730ff77bf8792f9521b8911348408
run4-tbt-3s/intercontinentale,intercontinentale,3,443,444,38,c5,1Zf6vhjhrZjDD8A5EitQbbxXVqtZKz5YEQ5i7C,m3,48,ok,,79244322d679d502288100c194c7a546815463d00a00bfcf8925f1912757f364
run4-tbt-3s/intercontinentale,intercontinentale,3,443,444,38,c2,1LB6qUDEtPSL1cXPypZpfPq4jGZRpZVJ3UzARx,m1,99,ok,,fafdcfc0a87c25ed1a738353aeb799ceed832b6c86ab359f2c1f88db046e5528
run4-tbt-3s/intercontinentale,intercontinentale,3,443,444,38,c1,1MZ34BZBycanzV6MQpn4kGo3igKxDeCFHrm4ys,m1,148,ok,,0aea42952b93a800163c156bda87f8556757305db40e2d8938b69319bd47ba12
run4-tbt-3s/intercontinentale,intercontinentale,3,444,445,38,c4,1TFFyiBbp1YeJiDAG9heTHahno55ikaZcom68e,m2,60,ok,,c42c8863f873bdbdffd506addac04014d9d8472e2876fb7adb0db940769e829b
run4-tbt-3s/intercontinentale,intercontinentale,3,445,446,38,c3,14pmjhAXKHStX1ymPpwvt7n9i412fia61DZFdB,m2,75,ok,,9da56942c4557237a8e2e181baea86153fe3a23904916e49728e002ffbfacb31
run4-tbt-3s/intercontinentale,intercontinentale,3,445,446,38,c1,1MZ34BZBycanzV6MQpn4kGo3igKxDeCFHrm4ys,m1,149,ok,,3b6a4e6e78eaed86c2d05cc09bbacf3a8f67af7720fb1b7d9b0a5b9143314877
run4-tbt-3s/intercontinentale,intercontinentale,3,446,447,38,c2,1LB6qUDEtPSL1cXPypZpfPq4jGZRpZVJ3UzARx,m1,100,ok,,b793b3c7ee9f64a489b73aaf631c14ba3d11e9f8a4f8ee9b951be02a97a2346d
run4-tbt-3s/intercontinentale,intercontinentale,3,447,448,38,c1,1MZ34BZBycanzV6MQpn4kGo3igKxDeCFHrm4ys,m1,150,ok,,9dd1c91747c27f9630a9e12ae4df191d1f78c69cd5a56644ec61413ad31171c0
run4-tbt-3s/intercontinentale,intercontinentale,3,449,450,38,c5,1Zf6vhjhrZjDD8A5EitQbbxXVqtZKz5YEQ5i7C,m3,49,ok,,7e077e84c2b942e0c33f5167a2b1b342c4895bc6a9e09d40fbbc4bd2f3976b38
run4-tbt-3s/intercontinentale,intercontinentale,3,449,450,38,c4,1TFFyiBbp1YeJiDAG9heTHahno55ikaZcom68e,m2,61,ok,,afdd9dcc52b2521066b8b6e4cb6c25e7ead095419aae654edbeeb67afd4ca24f
run4-tbt-3s/intercontinentale,intercontinentale,3,449,450,38,c3,14pmjhAXKHStX1ymPpwvt7n9i412fia61DZFdB,m2,76,ok,,abce0cc55156b0c78d2a55dc82a01ce8f55a527e73e88f2b9d629fe8a544b7de
run4-tbt-3s/intercontinentale,intercontinentale,3,449,450,38,c2,1LB6qUDEtPSL1cXPypZpfPq4jGZRpZVJ3UzARx,m1,101,ok,,6754551de00f6188c76d0373dd17f5f020c874fa64bd967979387052faf96d0a
run4-tbt-3s/intercontinentale,intercontinentale,3,449,451,38,c1,1MZ34BZBycanzV6MQpn4kGo3igKxDeCFHrm4ys,m1,151,ok,,2308695afd544ec96cdddfb5b05959d7d90f40cad44a879e21d4eed638b47fc4
run4-tbt-3s/intercontinentale,intercontinentale,3,452,453,38,c1,1MZ34BZBycanzV6MQpn4kGo3igKxDeCFHrm4ys,m1,152,ok,,f5b3b954d45cb601bc4a8385bd28a6a7738b6a7cbca4d3304fb2418d1cc16f2e
run4-tbt-3s/intercontinentale,intercontinentale,3,453,454,38,c2,1LB6qUDEtPSL1cXPypZpfPq4jGZRpZVJ3UzARx,m1,102,ok,,d1132fdf4b3438bcf07513bdebfc42a670d4de2b298bd2db50198a5b6bc5193a
run4-tbt-3s/intercontinentale,intercontinentale,3,453,455,38,c3,14pmjhAXKHStX1ymPpwvt7n9i412fia61DZFdB,m2,77,ok,,ede8f317a43717ca54fa5aeb79cfc20014e7e70d0af8bcb5955418580a4ac8df
run4-tbt-3s/intercontinentale,intercontinentale,3,453,455,38,c1,1MZ34BZBycanzV6MQpn4kGo3igKxDeCFHrm4ys,m1,153,ok,,8db4347120092737b3e4f1908ea1c17396c30b4beb94b611026dccc6d302dc94
run4-tbt-3s/intercontinentale,intercontinentale,3,455,456,39,c4,1TFFyiBbp1YeJiDAG9heTHahno55ikaZcom68e,m2,62,ok,,4448e3dba1ff83f63c50b4e9a504240fd3f7347f37696d7486d4e1f63b905bd6
run4-tbt-3s/intercontinentale,intercontinentale,3,456,457,39,c2,1LB6qUDEtPSL1cXPypZpfPq4jGZRpZVJ3UzARx,m1,103,ok,,97c6d86fe863fa7423722276bba0e9f43661327be9a4e4713cd4782be6f7e4e7
run4-tbt-3s/intercontinentale,intercontinentale,3,456,457,39,c1,1MZ34BZBycanzV6MQpn4kGo3igKxDeCFHrm4ys,m1,154,ok,,10a2c1c1d533af63aaa9badf5b9b1b60664739d9b92ad8face803daeee4ef065
run4-tbt-3s/intercontinentale,intercontinentale,3,456,457,39,c5,1Zf6vhjhrZjDD8A5EitQbbxXVqtZKz5YEQ5i7C,m3,50,ok,,7cf22afb0e9f721bc767f4bf24aa2c115c764983ad166056d0f339d665f04a75
run4-tbt-3s/intercontinentale,intercontinentale,3,458,459,39,c3,14pmjhAXKHStX1ymPpwvt7n9i412fia61DZFdB,m2,78,ok,,6b38ba057deceaef15f6cecb582106d75034bdc3cf3d9ab79169e1ed4b08e38e
run4-tbt-3s/intercontinentale,intercontinentale,3,458,459,39,c1,1MZ34BZBycanzV6MQpn4kGo3igKxDeCFHrm4ys,m1,155,ok,,0f7ea0f0728e428dfb0d251b3fc5caec4a8b491321ec0e0079bbca6413a6557d
run4-tbt-3s/intercontinentale,intercontinentale,3,459,460,39,c2,1LB6qUDEtPSL1cXPypZpfPq4jGZRpZVJ3UzARx,m1,104,ok,,c1035557c81457a8a5cbb8f761068cc823423d3b834e7c655e7332d854bf7427
run4-tbt-3s/intercontinentale,intercontinentale,3,460,461,39,c4,1TFFyiBbp1YeJiDAG9heTHahno55ikaZcom68e,m2,63,ok,,4735b43c09e888c548fc87169dce5d8516a9f929d44a3a8a154c579ff82668df
run4-tbt-3s/intercontinentale,intercontinentale,3,460,461,39,c1,1MZ34BZBycanzV6MQpn4kGo3igKxDeCFHrm4ys,m1,156,ok,,604d2c8df05993e372de04b84f459724c2565c49bd96066a2eb4aa1ed2fe0b22
run4-tbt-3s/intercontinentale,intercontinentale,3,462,463,39,c3,14pmjhAXKHStX1ymPpwvt7n9i412fia61DZFdB,m2,79,ok,,3e456adbcb51d44c0ff8631796c9140754dafa77ba0d9cba3b5bc8a205060541
run4-tbt-3s/intercontinentale,intercontinentale,3,462,463,39,c2,1LB6qUDEtPSL1cXPypZpfPq4jGZRpZVJ3UzARx,m1,105,ok,,18cdffe0e73893d2dd4435726f1e5ef2db0fac9c89c52da6ebe78ebd96b03434
run4-tbt-3s/intercontinentale,intercontinentale,3,462,463,39,c1,1MZ34BZBycanzV6MQpn4kGo3igKxDeCFHrm4ys,m1,157,ok,,6e6ee741dd6db5310f40faeebab0fcb081085652053ef989748af8cb7ddd3c5b
run4-tbt-3s/intercontinentale,intercontinentale,3,462,464,39,c5,1Zf6vhjhrZjDD8A5EitQbbxXVqtZKz5YEQ5i7C,m3,51,ok,,1be967f56e864bb92e9b78cce7ddfa55f688cfc14781f9a78da0580a2374c815
run4-tbt-3s/intercontinentale,intercontinentale,3,464,465,39,c1,1MZ34BZBycanzV6MQpn4kGo3igKxDeCFHrm4ys,m1,158,ok,,5d8f260d61df741dfb6f73c5b34f7691d2ea027e5d0e4fa399fc1d31a2910cd7
run4-tbt-3s/intercontinentale,intercontinentale,3,466,467,39,c4,1TFFyiBbp1YeJiDAG9heTHahno55ikaZcom68e,m2,64,ok,,f8a3dc3fd5f16cc2fc60e1ffa27ed6600ed274e202eb55cdccb005609ea70ce5
run4-tbt-3s/intercontinentale,intercontinentale,3,466,467,39,c2,1LB6qUDEtPSL1cXPypZpfPq4jGZRpZVJ3UzARx,m1,106,ok,,0bdfdb3d6719603e313108ae7f892f001d6784a5d5b5e65e2279f9f9cdbf9c0f
run4-tbt-3s/intercontinentale,intercontinentale,3,467,468,40,c3,14pmjhAXKHStX1ymPpwvt7n9i412fia61DZFdB,m2,80,ok,,8eadc0405978eb7818d40c9aaf34e53821ef76816c35a375a72a04378ed8b22b
run4-tbt-3s/intercontinentale,intercontinentale,3,467,468,40,c1,1MZ34BZBycanzV6MQpn4kGo3igKxDeCFHrm4ys,m1,159,ok,,adfe5681e3b836f5cb7b200e4ac046c62b71da76d1ff2b0f3988d26976accd7d
run4-tbt-3s/intercontinentale,intercontinentale,3,469,470,40,c2,1LB6qUDEtPSL1cXPypZpfPq4jGZRpZVJ3UzARx,m1,107,ok,,e30244537e3459fa176788784e8d1866e4c3e41c9deac7d2c3afb69faeafa0a8
run4-tbt-3s/intercontinentale,intercontinentale,3,469,470,40,c1,1MZ34BZBycanzV6MQpn4kGo3igKxDeCFHrm4ys,m1,160,ok,,7d6bd32adc7b98720802b5958be28ba1e84c6da8def583d901d5e79e58ed90b7
run4-tbt-3s/intercontinentale,intercontinentale,3,470,471,40,c5,1Zf6vhjhrZjDD8A5EitQbbxXVqtZKz5YEQ5i7C,m3,52,ok,,18b297fa906d5706681d84c1615f3d30467f396deeea827e205f268badccfba4
run4-tbt-3s/intercontinentale,intercontinentale,3,471,473,40,c4,1TFFyiBbp1YeJiDAG9heTHahno55ikaZcom68e,m2,65,ok,,3af85121567d39188d3cc6b619883a248a7e38aeffbbcac972614ff44d260e57
run4-tbt-3s/intercontinentale,intercontinentale,3,471,473,40,c3,14pmjhAXKHStX1ymPpwvt7n9i412fia61DZFdB,m2,81,ok,,6308994f9b5c0fa64515ffadfdd980029e0024ac1b5edb793e8e253293e3ca0a
run4-tbt-3s/intercontinentale,intercontinentale,3,471,473,40,c1,1MZ34BZBycanzV6MQpn4kGo3igKxDeCFHrm4ys,m1,161,ok,,8a9152036046e7779139570b0e6f2d5bdb9fac88527c9c3bfe2dc055a5433c0b
run4-tbt-3s/intercontinentale,intercontinentale,3,473,474,40,c2,1LB6qUDEtPSL1cXPypZpfPq4jGZRpZVJ3UzARx,m1,108,ok,,b1dd193e9a9617ff367ad46b34e37c5f11aaf16c1a0b5f45e02fa6f614a2b99a
run4-tbt-3s/intercontinentale,intercontinentale,3,475,476,40,c1,1MZ34BZBycanzV6MQpn4kGo3igKxDeCFHrm4ys,m1,162,ok,,72c1ee5672489bcc1c4929bd73ab545be60135597211293705ae1b7f1e114fee
run4-tbt-3s/intercontinentale,intercontinentale,3,477,478,40,c3,14pmjhAXKHStX1ymPpwvt7n9i412fia61DZFdB,m2,82,ok,,d7acc0efbd2bf02298661c974d98053ddea1cf8758ac4608fb42fa8cd9b42889
run4-tbt-3s/intercontinentale,intercontinentale,3,477,478,40,c2,1LB6qUDEtPSL1cXPypZpfPq4jGZRpZVJ3UzARx,m1,109,ok,,77b4f81fde63bf946891024c0ff9d8a9e4031c17432d28485d1eb751671ce527
run4-tbt-3s/intercontinentale,intercontinentale,3,477,478,40,c1,1MZ34BZBycanzV6MQpn4kGo3igKxDeCFHrm4ys,m1,163,ok,,1da78c2987fcfc083d262093262b37e1757cd0311fe1bdebb1177364ed71ec24
run4-tbt-3s/intercontinentale,intercontinentale,3,477,479,40,c5,1Zf6vhjhrZjDD8A5EitQbbxXVqtZKz5YEQ5i7C,m3,53,ok,,2adda2a360050f4a6838d31f647d0d2487c868f1e1a676afe5cfeb1dd4458ec2
run4-tbt-3s/intercontinentale,intercontinentale,3,477,479,40,c4,1TFFyiBbp1YeJiDAG9heTHahno55ikaZcom68e,m2,66,ok,,73f0410da2debb022877d66b52ec787fe6ed34f631d15e702e4a230a71b40235
run4-tbt-3s/intercontinentale,intercontinentale,3,478,480,41,c1,1MZ34BZBycanzV6MQpn4kGo3igKxDeCFHrm4ys,m1,164,ok,,beb7b9458101ecf19e6d02cc49c2a98fe661c4b62a7e13bb02ef6b88d1fe1db5
run4-tbt-3s/intercontinentale,intercontinentale,3,480,481,41,c2,1LB6qUDEtPSL1cXPypZpfPq4jGZRpZVJ3UzARx,m1,110,ok,,d8f56bbecddeec8d0fa482044dc4fe1e80a34eb5731b7d14dd95372f378b5aee
run4-tbt-3s/intercontinentale,intercontinentale,3,480,482,41,c3,14pmjhAXKHStX1ymPpwvt7n9i412fia61DZFdB,m2,83,ok,,e5017cb47a13120d88242dda2fe557d6e8e17cd4e3e50abfa90694ec6fb711e9
run4-tbt-3s/intercontinentale,intercontinentale,3,480,482,41,c1,1MZ34BZBycanzV6MQpn4kGo3igKxDeCFHrm4ys,m1,165,ok,,99873ca2e0702d142c5456f277ea3372f9631b14b0920a7599fc04b6138c9ba2
run4-tbt-3s/intercontinentale,intercontinentale,3,483,484,41,c4,1TFFyiBbp1YeJiDAG9heTHahno55ikaZcom68e,m2,67,ok,,c8b064869bbe33a051d9d9eb01dcfdfe006539b59333d313e01bb4a594675ac2
run4-tbt-3s/intercontinentale,intercontinentale,3,483,484,41,c2,1LB6qUDEtPSL1cXPypZpfPq4jGZRpZVJ3UzARx,m1,111,ok,,513a00ca8a4c8a3097e3e13e32eeb1733ca57c829c9bdec2d410eb5174711aae
run4-tbt-3s/intercontinentale,intercontinentale,3,483,484,41,c1,1MZ34BZBycanzV6MQpn4kGo3igKxDeCFHrm4ys,m1,166,ok,,2d102780739411276209c0a5dc9e0ec3b31d9ead8f51fdf414c15d0636099323
run4-tbt-3s/intercontinentale,intercontinentale,3,484,486,41,c5,1Zf6vhjhrZjDD8A5EitQbbxXVqtZKz5YEQ5i7C,m3,54,ok,,c0385bc2b246d936b986c4f243a0a9604c20f625a1345facf502b7b32ab2aea2
run4-tbt-3s/intercontinentale,intercontinentale,3,485,486,41,c3,14pmjhAXKHStX1ymPpwvt7n9i412fia61DZFdB,m2,84,ok,,0ff462d4a6039032c463178b1c60e6ec5c4d1b72771f7b543ebd5503fa6e3575
run4-tbt-3s/intercontinentale,intercontinentale,3,485,486,41,c1,1MZ34BZBycanzV6MQpn4kGo3igKxDeCFHrm4ys,m1,167,ok,,80a3ff7cdb9d9dd05f22a27b79f8eee769cc33b3cf521a68189bca21666d2554
run4-tbt-3s/intercontinentale,intercontinentale,3,486,488,41,c2,1LB6qUDEtPSL1cXPypZpfPq4jGZRpZVJ3UzARx,m1,112,ok,,5b82a7de2230baab48c2288dd813f400f1366d5d0a904f59d0371fb9aaadf70f
run4-tbt-3s/intercontinentale,intercontinentale,3,487,489,41,c1,1MZ34BZBycanzV6MQpn4kGo3igKxDeCFHrm4ys,m1,168,ok,,ea261318fd2860588ef26c9531017dc6b07a218f16aa6dcd504e4574b80bcd2a
run4-tbt-3s/intercontinentale,intercontinentale,3,489,490,41,c4,1TFFyiBbp1YeJiDAG9heTHahno55ikaZcom68e,m2,68,ok,,7dabab1a23e825f2f037c9125b444b5619813760c4a53f018bd56d0dfc0b0423
run4-tbt-3s/intercontinentale,intercontinentale,3,490,491,41,c3,14pmjhAXKHStX1ymPpwvt7n9i412fia61DZFdB,m2,85,ok,,dedb227ed039b0022e9dbbe78eb01d971d6909c68ad3355d84eadcea47a21182
run4-tbt-3s/intercontinentale,intercontinentale,3,490,491,41,c2,1LB6qUDEtPSL1cXPypZpfPq4jGZRpZVJ3UzARx,m1,113,ok,,8203285de9c4f30539e7ef2487940411983359587a7b1a0405a39f05f1438d89
run4-tbt-3s/intercontinentale,intercontinentale,3,490,491,41,c1,1MZ34BZBycanzV6MQpn4kGo3igKxDeCFHrm4ys,m1,169,ok,,8ae2dd526bb5490846de9f9ff1eaaea122929008a8cf1e6183d2b2d4acd0091b
run4-tbt-3s/intercontinentale,intercontinentale,3,492,493,42,c5,1Zf6vhjhrZjDD8A5EitQbbxXVqtZKz5YEQ5i7C,m3,55,ok,,a7b833d37472ffd56f9755aff0c429d882f13a049b21ef502dc9b096d1c300ec
run4-tbt-3s/intercontinentale,intercontinentale,3,492,494,42,c1,1MZ34BZBycanzV6MQpn4kGo3igKxDeCFHrm4ys,m1,170,ok,,42289f83574f6325583b466741ac35a414c57294c977aaf1e609e6b19f8109fc
run4-tbt-3s/intercontinentale,intercontinentale,3,493,494,42,c2,1LB6qUDEtPSL1cXPypZpfPq4jGZRpZVJ3UzARx,m1,114,ok,,6e799a2190ae487396087934e5138008a692b727ad15df1e8d63744927486025
run4-tbt-3s/intercontinentale,intercontinentale,3,495,496,42,c4,1TFFyiBbp1YeJiDAG9heTHahno55ikaZcom68e,m2,69,ok,,d401b4ec3f89d6fdc84bd6841f34daa0aa1b66b2c0d42180ec8134c526fb40a2
run4-tbt-3s/intercontinentale,intercontinentale,3,495,496,42,c3,14pmjhAXKHStX1ymPpwvt7n9i412fia61DZFdB,m2,86,ok,,4917dd83f5cf5fef451cc88f88b9ba249bf6e83861f0abfdd6906aa0c1fdd2b2
run4-tbt-3s/intercontinentale,intercontinentale,3,495,496,42,c1,1MZ34BZBycanzV6MQpn4kGo3igKxDeCFHrm4ys,m1,171,ok,,ed9f8b924f62c051e12093541a6913ac493d55f1bd5f223c3d66a36acd76e36b
run4-tbt-3s/intercontinentale,intercontinentale,3,497,498,42,c2,1LB6qUDEtPSL1cXPypZpfPq4jGZRpZVJ3UzARx,m1,115,ok,,9502cca6940f72d6f6424e6b1b9cf94a20a6a3ce13ba407f8bf4ddf0811087e8
run4-tbt-3s/intercontinentale,intercontinentale,3,497,498,42,c1,1MZ34BZBycanzV6MQpn4kGo3igKxDeCFHrm4ys,m1,172,ok,,efa54bed7601e59aec1df23c3879b4bf26ae935e502bf4b1318ed7efbfccd48c
run4-tbt-3s/intercontinentale,intercontinentale,3,499,500,42,c5,1Zf6vhjhrZjDD8A5EitQbbxXVqtZKz5YEQ5i7C,m3,56,ok,,cbc3084d0e2e19d28e468562efbd6e36310d584ded16cb5fbb319b0c1ef8eb54
run4-tbt-3s/intercontinentale,intercontinentale,3,499,500,42,c3,14pmjhAXKHStX1ymPpwvt7n9i412fia61DZFdB,m2,87,ok,,6648917da2a2f7d9b2b3d802ccc57ea15e462875e061f395cf5fea2ba628d7b8
run4-tbt-3s/intercontinentale,intercontinentale,3,499,500,42,c1,1MZ34BZBycanzV6MQpn4kGo3igKxDeCFHrm4ys,m1,173,ok,,dc649879c63d003cbbf5eaf65a8071368cf24375fcd55ceca71c206fe194af1c
run4-tbt-3s/intercontinentale,intercontinentale,3,500,502,42,c4,1TFFyiBbp1YeJiDAG9heTHahno55ikaZcom68e,m2,70,ok,,efffbef47b121fc2f3471be7290ea92187f0fb111ac364a23cf3f7ea46d5962f
run4-tbt-3s/intercontinentale,intercontinentale,3,500,502,42,c2,1LB6qUDEtPSL1cXPypZpfPq4jGZRpZVJ3UzARx,m1,116,ok,,14ba32fc329f4f1e2ea1a496cb76f9b4058a1976f62f7d9b0f22439c5e836f2c
run4-tbt-3s/intercontinentale,intercontinentale,3,501,503,42,c1,1MZ34BZBycanzV6MQpn4kGo3igKxDeCFHrm4ys,m1,174,ok,,a7e1c2708c07a83d57e7b8c47c2e3a34cee8b5b6daead32c46b78b1dd0529a3d
run4-tbt-3s/intercontinentale,intercontinentale,3,503,504,43,c3,14pmjhAXKHStX1ymPpwvt7n9i412fia61DZFdB,m2,88,ok,,e52f486838e992cd43350014a42155933d66c8bf6a5754d02f31d77f2948a6ef
run4-tbt-3s/intercontinentale,intercontinentale,3,503,504,43,c2,1LB6qUDEtPSL1cXPypZpfPq4jGZRpZVJ3UzARx,m1,117,ok,,516a0b21f2b5e52eda08e468d9f1741ceab0ce817c31f4b84ce6609241be5da1
run4-tbt-3s/intercontinentale,intercontinentale,3,503,504,43,c1,1MZ34BZBycanzV6MQpn4kGo3igKxDeCFHrm4ys,m1,175,ok,,4939d483c038505cf9be473e5a83427302d27b3e601d914f162c064dbb07a738
run4-tbt-3s/intercontinentale,intercontinentale,3,505,507,43,c5,1Zf6vhjhrZjDD8A5EitQbbxXVqtZKz5YEQ5i7C,m3,57,ok,,6bc4df2acc8fcb142791e89bbd072d7da973622cc5940c89a393e7566a66c51d
run4-tbt-3s/intercontinentale,intercontinentale,3,505,507,43,c4,1TFFyiBbp1YeJiDAG9heTHahno55ikaZcom68e,m2,71,ok,,7445c1595df0a57848605b86dfd7c129a14f917225aaf8dc14c35bf64731387c
run4-tbt-3s/intercontinentale,intercontinentale,3,505,507,43,c1,1MZ34BZBycanzV6MQpn4kGo3igKxDeCFHrm4ys,m1,176,ok,,713538024a4329ddedfbafca0f9502c5f4f4e4be5c0afdf75ea6bceb5e7e342b
run4-tbt-3s/intercontinentale,intercontinentale,3,507,508,43,c2,1LB6qUDEtPSL1cXPypZpfPq4jGZRpZVJ3UzARx,m1,118,ok,,ed8c6dd186a5870b36f00cb4564cfebf1cb35abc59e9b1f434ffe035d71ec7a0
run4-tbt-3s/intercontinentale,intercontinentale,3,507,509,43,c3,14pmjhAXKHStX1ymPpwvt7n9i412fia61DZFdB,m2,89,ok,,9750b73d94aad15b46e6e617de5aedfec13f6845ac3a582d7893d6f9f1ceb661
run4-tbt-3s/intercontinentale,intercontinentale,3,508,509,43,c1,1MZ34BZBycanzV6MQpn4kGo3igKxDeCFHrm4ys,m1,177,ok,,21c9c5d7b3fe5d19f58bb42dc4772b9894fcd47e03fe0af9c4b070a0510e8c40
run4-tbt-3s/intercontinentale,intercontinentale,3,510,511,43,c2,1LB6qUDEtPSL1cXPypZpfPq4jGZRpZVJ3UzARx,m1,119,ok,,06739515165d91956f3e84d2fa295b02e74eeb6555a85d05822b03d4a23f0fd5
run4-tbt-3s/intercontinentale,intercontinentale,3,510,511,43,c1,1MZ34BZBycanzV6MQpn4kGo3igKxDeCFHrm4ys,m1,178,ok,,f2e48e113089c4c50f1c717f156254751dcf527108986ccdbaf07f3295c76998
run4-tbt-3s/intercontinentale,intercontinentale,3,511,512,43,c4,1TFFyiBbp1YeJiDAG9heTHahno55ikaZcom68e,m2,72,ok,,8328eff49830b8aa6f15804551f5bc518d9ee31f9bedf331c7c154b0772e90c0
run4-tbt-3s/intercontinentale,intercontinentale,3,512,513,43,c3,14pmjhAXKHStX1ymPpwvt7n9i412fia61DZFdB,m2,90,ok,,3d845e57b24f7efc850b95ac976fa0bf8e0866c32f226a60b75620604bf376b4
run4-tbt-3s/intercontinentale,intercontinentale,3,512,513,43,c1,1MZ34BZBycanzV6MQpn4kGo3igKxDeCFHrm4ys,m1,179,ok,,1e4aedb436585fd18293210793d2de72979b59961debd78cf650e46292134fc3
run4-tbt-3s/intercontinentale,intercontinentale,3,512,513,43,c5,1Zf6vhjhrZjDD8A5EitQbbxXVqtZKz5YEQ5i7C,m3,58,ok,,f07c344e6226ea6ad21db208319a733e7569143b835cdc1f10c3c0e261c940b3
run4-tbt-3s/intercontinentale,intercontinentale,3,513,514,43,c2,1LB6qUDEtPSL1cXPypZpfPq4jGZRpZVJ3UzARx,m1,120,ok,,2b2a2b8fbe78312480f741dbde0210b94d78e707ed04eff48f70ae9cade04b61
run4-tbt-3s/intercontinentale,intercontinentale,3,514,515,43,c1,1MZ34BZBycanzV6MQpn4kGo3igKxDeCFHrm4ys,m1,180,ok,,247e27d06f78cf0f0ffd5fbe316eaca28ccf43f0d40c73bb247f314d609f3da1
run4-tbt-3s/intercontinentale,intercontinentale,3,516,517,44,c4,1TFFyiBbp1YeJiDAG9heTHahno55ikaZcom68e,m2,73,ok,,bb355fc56abaf5a3001224432f69e257df9180eca52958fed224c0612ff630cf
run4-tbt-3s/intercontinentale,intercontinentale,3,516,517,44,c3,14pmjhAXKHStX1ymPpwvt7n9i412fia61DZFdB,m2,91,ok,,bdaeefd69f361fd2ec3517c0fac12fb2c2a3cd77cfe48a5221db4ae393fcb1c8
run4-tbt-3s/intercontinentale,intercontinentale,3,516,517,44,c2,1LB6qUDEtPSL1cXPypZpfPq4jGZRpZVJ3UzARx,m1,121,ok,,d916b44814f5b0cf8dcc97e7de163105f0cd0271351794f0d5172cc6a07b1c86
run4-tbt-3s/intercontinentale,intercontinentale,3,516,517,44,c1,1MZ34BZBycanzV6MQpn4kGo3igKxDeCFHrm4ys,m1,181,ok,,29150d68a14e6112c6cd51267cde471c667825c0407c181b2fe15b402a8a4190
run4-tbt-3s/intercontinentale,intercontinentale,3,518,519,44,c1,1MZ34BZBycanzV6MQpn4kGo3igKxDeCFHrm4ys,m1,182,ok,,22f32916dab70c93e0b5e7b7f95a92035af25d7e49b2f3dfc532921eec846d61
run4-tbt-3s/intercontinentale,intercontinentale,3,518,520,44,c5,1Zf6vhjhrZjDD8A5EitQbbxXVqtZKz5YEQ5i7C,m3,59,ok,,5ca8fa13c925e7403454721a54a3e5370fac0047d98ef382213f99659ceb7a25
run4-tbt-3s/intercontinentale,intercontinentale,3,519,521,44,c2,1LB6qUDEtPSL1cXPypZpfPq4jGZRpZVJ3UzARx,m1,122,ok,,85830056e5ae089b4e4063e7a84efbf087fa8edeae76662a8f873d1844991670
run4-tbt-3s/intercontinentale,intercontinentale,3,520,522,44,c3,14pmjhAXKHStX1ymPpwvt7n9i412fia61DZFdB,m2,92,ok,,f810e8d6f83b89e6bd289127551e6d97972d78eef7f7e1315445a3949e7eaf25
run4-tbt-3s/intercontinentale,intercontinentale,3,520,522,44,c1,1MZ34BZBycanzV6MQpn4kGo3igKxDeCFHrm4ys,m1,183,ok,,e5387ace3a503d84142844bffdb0898196d2f5867f0d8aa9330c838d87bccd5a
run4-tbt-3s/intercontinentale,intercontinentale,3,522,523,44,c4,1TFFyiBbp1YeJiDAG9heTHahno55ikaZcom68e,m2,74,ok,,1fded78cb8d0912e85cacdac6e04446a158559ecbbe088106579cc01d44e4b46
run4-tbt-3s/intercontinentale,intercontinentale,3,523,524,44,c2,1LB6qUDEtPSL1cXPypZpfPq4jGZRpZVJ3UzARx,m1,123,ok,,4f2f76bc47acac4bb86fe3f90675f726b2b192d112690f8843c54df12dce9b06
run4-tbt-3s/intercontinentale,intercontinentale,3,523,524,44,c1,1MZ34BZBycanzV6MQpn4kGo3igKxDeCFHrm4ys,m1,184,ok,,6791716033d21c5370b90bf5a334a21dae64a898fccb0f4d700b89ebde3ed8f0
run4-tbt-3s/intercontinentale,intercontinentale,3,524,526,44,c3,14pmjhAXKHStX1ymPpwvt7n9i412fia61DZFdB,m2,93,ok,,972d58c57dd06832f58197fd0a044fc8ab77d0ed1dae82a1e290d9eea483b3c3
run4-tbt-3s/intercontinentale,intercontinentale,3,524,526,44,c1,1MZ34BZBycanzV6MQpn4kGo3igKxDeCFHrm4ys,m1,185,ok,,41e07175e1f2f3af1304e5efa9c3ac1654762096bb506625b3ed43a20495dbf0
run4-tbt-3s/intercontinentale,intercontinentale,3,525,526,44,c5,1Zf6vhjhrZjDD8A5EitQbbxXVqtZKz5YEQ5i7C,m3,60,ok,,13876c3a3121f49cbe21755df604bea0cbb5467aea50689a0c8ba288a8679400
run4-tbt-3s/intercontinentale,intercontinentale,3,525,527,44,c2,1LB6qUDEtPSL1cXPypZpfPq4jGZRpZVJ3UzARx,m1,124,ok,,ceba479295e081c213105f327d0ba6ae53f30b85ad7e5d39b1f8e985e3ba5a33
run4-tbt-3s/intercontinentale,intercontinentale,3,526,527,44,c4,1TFFyiBbp1YeJiDAG9heTHahno55ikaZcom68e,m2,75,ok,,f95421ff8e26b67be2d58775138e0cdc9fed85dc8846494624958b6f7a2c829d
run4-tbt-3s/intercontinentale,intercontinentale,3,526,528,45,c1,1MZ34BZBycanzV6MQpn4kGo3igKxDeCFHrm4ys,m1,186,ok,,22cd2b561979f35fab903110f0f3405cb0e8cf2cb9cecb56c2dbc1de3b1b95dc
run4-tbt-3s/intercontinentale,intercontinentale,3,529,531,45,c3,14pmjhAXKHStX1ymPpwvt7n9i412fia61DZFdB,m2,94,ok,,90210159d126fb7c57a4a2e6c7a66a258728834f28c457e3a74203befe2315a2
run4-tbt-3s/intercontinentale,intercontinentale,3,529,531,45,c2,1LB6qUDEtPSL1cXPypZpfPq4jGZRpZVJ3UzARx,m1,125,ok,,9b11023b4201a384c94aa17afc8cba6c378fd6bcd6245c8f37c5614cfaddaa09
run4-tbt-3s/intercontinentale,intercontinentale,3,529,531,45,c1,1MZ34BZBycanzV6MQpn4kGo3igKxDeCFHrm4ys,m1,187,ok,,9cb0e29a1de11f3ae55bffd4a92b939ab85458632795b270484693c9d6610514
run4-tbt-3s/intercontinentale,intercontinentale,3,531,532,45,c1,1MZ34BZBycanzV6MQpn4kGo3igKxDeCFHrm4ys,m1,188,ok,,08e49a1b41cc9934c2eb186e886028cefc951071ff8c8e0a1dac7b4589b3e94c
run4-tbt-3s/intercontinentale,intercontinentale,3,533,534,45,c5,1Zf6vhjhrZjDD8A5EitQbbxXVqtZKz5YEQ5i7C,m3,61,ok,,d3c6c6c46ec2644c67c8ed79c69d81a22327b0f8ee9f1733857313369a1a04fb
run4-tbt-3s/intercontinentale,intercontinentale,3,533,534,45,c4,1TFFyiBbp1YeJiDAG9heTHahno55ikaZcom68e,m2,76,ok,,4282bba0fef618fbf7fd118195725e49a0673390d1f081c874053d4438edbbde
run4-tbt-3s/intercontinentale,intercontinentale,3,533,534,45,c2,1LB6qUDEtPSL1cXPypZpfPq4jGZRpZVJ3UzARx,m1,126,ok,,45ed7084a59b2f785aa0c10a95159d902de451d44e43186fd2f33f9dd12f7d7c
run4-tbt-3s/intercontinentale,intercontinentale,3,533,535,45,c3,14pmjhAXKHStX1ymPpwvt7n9i412fia61DZFdB,m2,95,ok,,1c79a9ed59f09b8687fc85f3bd5da1ec5f1cc7c65d7d09e70effc001f1bd998e
run4-tbt-3s/intercontinentale,intercontinentale,3,534,535,45,c1,1MZ34BZBycanzV6MQpn4kGo3igKxDeCFHrm4ys,m1,189,ok,,aea379e17a8cc347c975fc0fb561dcd15f6f741ccd46cb82bec4492f88afb20b
run4-tbt-3s/intercontinentale,intercontinentale,3,535,536,45,c2,1LB6qUDEtPSL1cXPypZpfPq4jGZRpZVJ3UzARx,m1,127,ok,,23c47b9152c796b0e9be87486af3450546be1744a6fbfe405b1c929d86530a75
run4-tbt-3s/intercontinentale,intercontinentale,3,535,537,45,c1,1MZ34BZBycanzV6MQpn4kGo3igKxDeCFHrm4ys,m1,190,ok,,051d63163b57e18811480d7b0c6057d5927f89e85566b017f506ce6a2645e072
run4-tbt-3s/intercontinentale,intercontinentale,3,538,539,45,c4,1TFFyiBbp1YeJiDAG9heTHahno55ikaZcom68e,m2,77,ok,,5d7b3a6958851fcbd25e5094ceb182212e931e3c19594e7c392f77f50dbd550d
run4-tbt-3s/intercontinentale,intercontinentale,3,538,539,45,c3,14pmjhAXKHStX1ymPpwvt7n9i412fia61DZFdB,m2,96,ok,,36e9619e12db528b32a5c4f2059400fa0813e7312e053b11b766b21adc436721
run4-tbt-3s/intercontinentale,intercontinentale,3,538,539,45,c1,1MZ34BZBycanzV6MQpn4kGo3igKxDeCFHrm4ys,m1,191,ok,,c8c36df402e8df9ec7ee74e8217a5334f18ea4bc89b8675c14f2e18b6bbed028
run4-tbt-3s/intercontinentale,intercontinentale,3,539,540,46,c2,1LB6qUDEtPSL1cXPypZpfPq4jGZRpZVJ3UzARx,m1,128,ok,,7f76fea516facbea483dc3b174758181c583f43578ee4e91d40c85d368fa6d4b
run4-tbt-3s/intercontinentale,intercontinentale,3,539,540,46,c5,1Zf6vhjhrZjDD8A5EitQbbxXVqtZKz5YEQ5i7C,m3,62,ok,,24ed84a0c8b28be9ab27e37f7726b2bd5f91483e41e38aac6e355349e7e1e85f
run4-tbt-3s/intercontinentale,intercontinentale,3,540,541,46,c1,1MZ34BZBycanzV6MQpn4kGo3igKxDeCFHrm4ys,m1,192,ok,,0238715a37670eff2d48a1d4a301560792b287f1090a255636508b560fecf846
run4-tbt-3s/intercontinentale,intercontinentale,3,542,543,46,c3,14pmjhAXKHStX1ymPpwvt7n9i412fia61DZFdB,m2,97,ok,,ed97785147379cd5cb9fb2a1b7b58f7e695dd4b93ad92994f8214ed943431511
run4-tbt-3s/intercontinentale,intercontinentale,3,542,543,46,c2,1LB6qUDEtPSL1cXPypZpfPq4jGZRpZVJ3UzARx,m1,129,ok,,1914088f3aaef53cf7f0241baa87fef322d6579b30bc79a711788b6a56c14c8b
run4-tbt-3s/intercontinentale,intercontinentale,3,542,543,46,c1,1MZ34BZBycanzV6MQpn4kGo3igKxDeCFHrm4ys,m1,193,ok,,9eaaa376e770b9a2454124cc3bed5899f594c8dbda5c1ed44c922266e6f18976
run4-tbt-3s/intercontinentale,intercontinentale,3,543,544,46,c4,1TFFyiBbp1YeJiDAG9heTHahno55ikaZcom68e,m2,78,ok,,474276e47fdfeeaae4cd024578abc8c98970ae49093e4cfb3c72f23d6e0e150f
run4-tbt-3s/intercontinentale,intercontinentale,3,544,545,46,c1,1MZ34BZBycanzV6MQpn4kGo3igKxDeCFHrm4ys,m1,194,ok,,2bc728294b06eb7bfffbe434435a31f9fef11693692eda6a7753c06211a06014
run4-tbt-3s/intercontinentale,intercontinentale,3,545,547,46,c2,1LB6qUDEtPSL1cXPypZpfPq4jGZRpZVJ3UzARx,m1,130,ok,,d62e801135150a67d0f8b855a2ecde51cd6c0873884cdba2a562122718fb7f84
run4-tbt-3s/intercontinentale,intercontinentale,3,546,547,46,c5,1Zf6vhjhrZjDD8A5EitQbbxXVqtZKz5YEQ5i7C,m3,63,ok,,76383fb1d52ac4c741852b51c64d9c1d5850717228215090b16b6455db012930
run4-tbt-3s/intercontinentale,intercontinentale,3,546,548,46,c3,14pmjhAXKHStX1ymPpwvt7n9i412fia61DZFdB,m2,98,ok,,c9957275f98adee4e97eb0d42950108f2144b94bd280f2e7a368850c2337e11a
run4-tbt-3s/intercontinentale,intercontinentale,3,546,548,46,c1,1MZ34BZBycanzV6MQpn4kGo3igKxDeCFHrm4ys,m1,195,ok,,ec324dd82c0a9c7261a1de37f2f1ec2208a2b2cee9c6651eb7447fb705f19569
run4-tbt-3s/intercontinentale,intercontinentale,3,548,549,46,c4,1TFFyiBbp1YeJiDAG9heTHahno55ikaZcom68e,m2,79,ok,,c74499a3100d14c5610cd2cc7e9a4318a90d33fd9bffbbffb98b50277def078e
run4-tbt-3s/intercontinentale,intercontinentale,3,548,549,46,c2,1LB6qUDEtPSL1cXPypZpfPq4jGZRpZVJ3UzARx,m1,131,ok,,74a7f672ef8998125cc77f029cbd5cdc3bf55df2d5fd5408c77c005871aac69c
run4-tbt-3s/intercontinentale,intercontinentale,3,548,549,46,c1,1MZ34BZBycanzV6MQpn4kGo3igKxDeCFHrm4ys,m1,196,ok,,5a89ad6056fb6f64119be698268cc15589fa3f00cbd2258f828a144da2fbcd0d
run4-tbt-3s/intercontinentale,intercontinentale,3,550,552,47,c3,14pmjhAXKHStX1ymPpwvt7n9i412fia61DZFdB,m2,99,ok,,ecf4fd34d3cd3e75745dfd6664f3da01f9b2cfda2e432b6aae0aadc2a838aeec
run4-tbt-3s/intercontinentale,intercontinentale,3,551,552,47,c1,1MZ34BZBycanzV6MQpn4kGo3igKxDeCFHrm4ys,m1,197,ok,,4add2c25a79848a91dd61fffe37c6b1db952c1748017fc3a0a489fa436d77718
run4-tbt-3s/intercontinentale,intercontinentale,3,552,553,47,c2,1LB6qUDEtPSL1cXPypZpfPq4jGZRpZVJ3UzARx,m1,132,ok,,98009e26165e46cc7dffa7cb794d3c58db168f9c91e4bac3f1a679f118e2c5b2
run4-tbt-3s/intercontinentale,intercontinentale,3,553,554,47,c5,1Zf6vhjhrZjDD8A5EitQbbxXVqtZKz5YEQ5i7C,m3,64,ok,,2b30853534d5a7952ee34aad27e699fc2f5293d11e7f8a11f3102a6459cfdfe0
run4-tbt-3s/intercontinentale,intercontinentale,3,553,555,47,c1,1MZ34BZBycanzV6MQpn4kGo3igKxDeCFHrm4ys,m1,198,ok,,cee71bcd4e871d1f8654d2c8508907e85aabb8868fa191ef3e1c082ce29d4a6f
run4-tbt-3s/intercontinentale,intercontinentale,3,554,555,47,c4,1TFFyiBbp1YeJiDAG9heTHahno55ikaZcom68e,m2,80,ok,,32318636be573c18b5f20627b726d341d4af299f82896e28770f7fe4d63a8d9f
run4-tbt-3s/intercontinentale,intercontinentale,3,555,556,47,c3,14pmjhAXKHStX1ymPpwvt7n9i412fia61DZFdB,m2,100,ok,,4c23996a64d9a992f76e12c32af6e4a336a501c13b5a137d5f74ba87b6311648
run4-tbt-3s/intercontinentale,intercontinentale,3,555,556,47,c2,1LB6qUDEtPSL1cXPypZpfPq4jGZRpZVJ3UzARx,m1,133,ok,,b5aea08fe61732ed09a75fbeb22525f00cb4c4ba47ee1d2d3eb76c9c2ed4533e
run4-tbt-3s/intercontinentale,intercontinentale,3,555,556,47,c1,1MZ34BZBycanzV6MQpn4kGo3igKxDeCFHrm4ys,m1,199,ok,,a776c8ab2b79de9e5c805986621a4423c0c34de9bf08d0921e2dc7cd0f77fcd9
run4-tbt-3s/intercontinentale,intercontinentale,3,557,559,47,c1,1MZ34BZBycanzV6MQpn4kGo3igKxDeCFHrm4ys,m1,200,ok,,94f145a0f6d6af013c8ecad3a79ed63a0197267ac24b30844568c6092843944b
run4-tbt-3s/intercontinentale,intercontinentale,3,558,560,47,c2,1LB6qUDEtPSL1cXPypZpfPq4jGZRpZVJ3UzARx,m1,134,ok,,b77bb7f3fbc51b998f94e26551949936d97d47e15f6d31eca27352eec65b58da
run4-tbt-3s/intercontinentale,intercontinentale,3,559,560,47,c5,1Zf6vhjhrZjDD8A5EitQbbxXVqtZKz5YEQ5i7C,m3,65,ok,,d1e1f0c49f59512dfc4325a59c57608d25b0e7af80d59ad80ddeb1a6b285067f
run4-tbt-3s/intercontinentale,intercontinentale,3,559,560,47,c4,1TFFyiBbp1YeJiDAG9heTHahno55ikaZcom68e,m2,81,ok,,9e762679d6aae106d2f1f362a360594fdb27376065917896563c9f45fe02d32e
run4-tbt-3s/intercontinentale,intercontinentale,3,559,560,47,c3,14pmjhAXKHStX1ymPpwvt7n9i412fia61DZFdB,m2,101,ok,,9b429735656e0991464170992a4a48fb533789918261422440359a0d5f1a4ddc
run4-tbt-3s/intercontinentale,intercontinentale,3,559,560,47,c1,1MZ34BZBycanzV6MQpn4kGo3igKxDeCFHrm4ys,m1,201,ok,,3c31a60cf87472fed9eb6d19dc7d162f5f14126ec9636d1a68c1ae2120bc6a83
run4-tbt-3s/intercontinentale,intercontinentale,3,562,563,47,c2,1LB6qUDEtPSL1cXPypZpfPq4jGZRpZVJ3UzARx,m1,135,ok,,8328aa8d7c613fe3b748782ce3d8f1f1679beda1d347ad5c30c4fef61aa61e95
run4-tbt-3s/intercontinentale,intercontinentale,3,562,563,47,c1,1MZ34BZBycanzV6MQpn4kGo3igKxDeCFHrm4ys,m1,202,ok,,2eb4d615b9c19c7dfb9687d05ab76912ec43b644efbfecff04af2e9213eb51af
run4-tbt-3s/intercontinentale,intercontinentale,3,563,565,48,c3,14pmjhAXKHStX1ymPpwvt7n9i412fia61DZFdB,m2,102,ok,,28719fff1277453d14e677729f22a2f5f5279af9dfc6adcf7e7288aeb5ad7331
run4-tbt-3s/intercontinentale,intercontinentale,3,564,565,48,c1,1MZ34BZBycanzV6MQpn4kGo3igKxDeCFHrm4ys,m1,203,ok,,cd5471292408b9e551223452d60b82b55d7713f9d91fc9fb739ef469f1c49792
run4-tbt-3s/intercontinentale,intercontinentale,3,565,566,48,c4,1TFFyiBbp1YeJiDAG9heTHahno55ikaZcom68e,m2,82,ok,,dfe97b40870a6dcfaca694b7fa394cc86e84e364cb0ef4807ba201dbd2ae4d5d
run4-tbt-3s/intercontinentale,intercontinentale,3,565,566,48,c2,1LB6qUDEtPSL1cXPypZpfPq4jGZRpZVJ3UzARx,m1,136,ok,,21179e5fd12c4473cd9b4fed75ce78f28b0ab3bd1c3480bbaf3dbc2cd8d66ce0
run4-tbt-3s/intercontinentale,intercontinentale,3,566,567,48,c1,1MZ34BZBycanzV6MQpn4kGo3igKxDeCFHrm4ys,m1,204,ok,,9f7e941ae923be3e5f2d50d7320786de01e11456ee238688ac8d16df8fd887e4
run4-tbt-3s/intercontinentale,intercontinentale,3,566,567,48,c5,1Zf6vhjhrZjDD8A5EitQbbxXVqtZKz5YEQ5i7C,m3,66,ok,,dcd55134c5f93e8a426409ccf333123cadbeb2cd4fab01522e55893351141b07
