experiment_id,replication_id,area,target_block_time,dumpfunction,malus_enabled,weight_epoch_length,height,epoch,epoch_buried,candidate_host,candidate_address,weight_raw_inforce,weight_record_epoch_tag,weight_record_confirm_height,psi,weight_effective,W_tot_effective,p_theoretical,score_raw,E_i,u_i,score_norm,phi_s,phi_bound_s,delay_logged_s,delay_recomputed_s,delay_mismatch_s,delay_recompute_ok,W_tot_implied_by_logged_delay,is_winner,rank_by_delay,rank_by_score,is_theoretical_argmin_delay,is_theoretical_argmin_score,actual_proposer_host,actual_proposer_address,block_hash,block_time,parent_time,verify_delay_floor_s,time_bar_ok,fork_detected,n_competing_blocks,balance_gas_sample,balance_sample_height,streak_position
run4-tbt-3s,1,continentale,3,none,true,12,145,13,1,m1,1PJJAyxet5ARk1XH3GjK9tVTPH3keFUewkjkfi,44404,11,138,1.0,44404.0,69023.0,0.643322,1.67993576e-06,0.07459587,0.92811849,0.109484,-0.417,1.500,1.745,1.7451,0.0001,1,,1,1,1,1,1,m1,1PJJAyxet5ARk1XH3GjK9tVTPH3keFUewkjkfi,0056cc6efc3633c25ca365e13b6065864a50c96aba97f5403142ea1cc2e2c9d1,946685249,946685247,1,1,0,0,7.1304,139,1
run4-tbt-3s,1,continentale,3,none,true,12,145,13,1,m2,1VAcJXZ4zmVYXXG3RSh25pvJNoJdBeVy9ChdT6,18080,11,138,1.0,18080.0,69023.0,0.261942,2.48206606e-05,0.44875754,0.63842087,0.81971141,-0.417,1.500,3.876,3.8757,-0.0003,1,,0,2,2,0,0,m1,1PJJAyxet5ARk1XH3GjK9tVTPH3keFUewkjkfi,0056cc6efc3633c25ca365e13b6065864a50c96aba97f5403142ea1cc2e2c9d1,946685249,946685247,1,1,0,0,44.9808,139,
run4-tbt-3s,1,continentale,3,none,true,12,145,13,1,m3,1VuBTTQVFkVMQoHen4dKPJgUfqJY1ta899xaf7,6539,11,138,1.0,6539.0,69023.0,0.094737,0.000174542299,1.14133209,0.31939328,0.99999414,-0.417,1.500,4.417,4.4166,-0.0004,1,,0,3,3,0,0,m1,1PJJAyxet5ARk1XH3GjK9tVTPH3keFUewkjkfi,0056cc6efc3633c25ca365e13b6065864a50c96aba97f5403142ea1cc2e2c9d1,946685249,946685247,1,1,0,0,27.1336,139,
run4-tbt-3s,1,continentale,3,none,true,12,146,13,1,m1,1PJJAyxet5ARk1XH3GjK9tVTPH3keFUewkjkfi,44404,11,138,1.0,44404.0,69023.0,0.643322,1.92089207e-05,0.85295291,0.42615467,0.73442483,-0.25,1.500,3.653,3.6533,0.0003,1,,0,2,2,0,0,m2,1VAcJXZ4zmVYXXG3RSh25pvJNoJdBeVy9ChdT6,0086c3232257560084a58afdedf28b16148b34e9eb2778d7ae0159c58c5e3d62,946685252,946685249,1,1,0,0,7.1304,139,
run4-tbt-3s,1,continentale,3,none,true,12,146,13,1,m2,1VAcJXZ4zmVYXXG3RSh25pvJNoJdBeVy9ChdT6,18080,11,138,1.0,18080.0,69023.0,0.261942,2.48556532e-06,0.04493902,0.95605578,0.15765126,-0.25,1.500,1.923,1.923,-0.0,1,,1,1,1,1,1,m2,1VAcJXZ4zmVYXXG3RSh25pvJNoJdBeVy9ChdT6,0086c3232257560084a58afdedf28b16148b34e9eb2778d7ae0159c58c5e3d62,946685252,946685249,1,1,0,0,44.9808,139,1
run4-tbt-3s,1,continentale,3,none,true,12,146,13,1,m3,1VuBTTQVFkVMQoHen4dKPJgUfqJY1ta899xaf7,6539,11,138,1.0,6539.0,69023.0,0.094737,6.70405815e-05,0.43837836,0.64508166,0.99021928,-0.25,1.500,4.421,4.4207,-0.0003,1,,0,3,3,0,0,m2,1VAcJXZ4zmVYXXG3RSh25pvJNoJdBeVy9ChdT6,0086c3232257560084a58afdedf28b16148b34e9eb2778d7ae0159c58c5e3d62,946685252,946685249,1,1,0,0,27.1336,139,
run4-tbt-3s,1,continentale,3,none,true,12,147,13,1,m1,1PJJAyxet5ARk1XH3GjK9tVTPH3keFUewkjkfi,44404,11,138,1.0,44404.0,69023.0,0.643322,2.7874388e-05,1.23773432,0.29004061,0.85397448,-0.333,1.500,3.995,3.9953,0.0003,1,,0,3,3,0,0,m2,1VAcJXZ4zmVYXXG3RSh25pvJNoJdBeVy9ChdT6,00f99f839b5a68650bb8060625e58ae840bb682954c09edeee467bde4f2ec376,946685257,946685252,3,1,0,0,7.2189,147,
run4-tbt-3s,1,continentale,3,none,true,12,147,13,1,m2,1VAcJXZ4zmVYXXG3RSh25pvJNoJdBeVy9ChdT6,18080,11,138,1.0,18080.0,69023.0,0.261942,1.75756938e-05,0.31776854,0.72777122,0.70273376,-0.333,1.500,3.542,3.5416,-0.0004,1,,1,1,1,1,1,m2,1VAcJXZ4zmVYXXG3RSh25pvJNoJdBeVy9ChdT6,00f99f839b5a68650bb8060625e58ae840bb682954c09edeee467bde4f2ec376,946685257,946685252,3,1,0,0,19.5428,147,2
run4-tbt-3s,1,continentale,3,none,true,12,147,13,1,m3,1VuBTTQVFkVMQoHen4dKPJgUfqJY1ta899xaf7,6539,11,138,1.0,6539.0,69023.0,0.094737,2.69112998e-05,0.17597299,0.83864064,0.84393749,-0.333,1.500,3.965,3.9652,0.0002,1,,0,2,2,0,0,m2,1VAcJXZ4zmVYXXG3RSh25pvJNoJdBeVy9ChdT6,00f99f839b5a68650bb8060625e58ae840bb682954c09edeee467bde4f2ec376,946685257,946685252,3,1,0,0,22.0619,147,
run4-tbt-3s,1,continentale,3,none,true,12,148,13,1,m1,1PJJAyxet5ARk1XH3GjK9tVTPH3keFUewkjkfi,44404,11,138,1.0,44404.0,69023.0,0.643322,3.03340179e-05,1.34695173,0.2600317,0.8767752,-0.417,1.500,4.047,4.0469,-0.0001,1,,0,1,1,1,1,m2,1VAcJXZ4zmVYXXG3RSh25pvJNoJdBeVy9ChdT6,00abff86a54bd918e67110d29cd7abe72a63c54a0d2656661404d2b095808269,946685262,946685257,4,1,1,2,7.2189,147,
run4-tbt-3s,1,continentale,3,none,true,12,148,13,1,m2,1VAcJXZ4zmVYXXG3RSh25pvJNoJdBeVy9ChdT6,18080,11,138,1.0,18080.0,69023.0,0.261942,0.000148876278,2.69168311,0.06776678,0.99996555,-0.417,1.500,4.417,4.4165,-0.0005,1,,1,3,3,0,0,m2,1VAcJXZ4zmVYXXG3RSh25pvJNoJdBeVy9ChdT6,00abff86a54bd918e67110d29cd7abe72a63c54a0d2656661404d2b095808269,946685262,946685257,4,1,1,2,19.5428,147,3
run4-tbt-3s,1,continentale,3,none,true,12,148,13,1,m3,1VuBTTQVFkVMQoHen4dKPJgUfqJY1ta899xaf7,6539,11,138,1.0,6539.0,69023.0,0.094737,4.93572139e-05,0.32274682,0.72415717,0.96685233,-0.417,1.500,4.317,4.3172,0.0002,1,,0,2,2,0,0,m2,1VAcJXZ4zmVYXXG3RSh25pvJNoJdBeVy9ChdT6,00abff86a54bd918e67110d29cd7abe72a63c54a0d2656661404d2b095808269,946685262,946685257,4,1,1,2,22.0619,147,
run4-tbt-3s,1,continentale,3,none,true,12,149,13,1,m1,1PJJAyxet5ARk1XH3GjK9tVTPH3keFUewkjkfi,44404,11,138,1.0,44404.0,69023.0,0.643322,2.52673894e-05,1.12197316,0.32563663,0.8251857,-0.5,1.500,3.876,3.8756,-0.0004,1,,0,2,2,0,0,m2,1VAcJXZ4zmVYXXG3RSh25pvJNoJdBeVy9ChdT6,00acfa3d1833e454d16f3f173403d171d71358ba787e1a4712cf27bcc799c82d,946685264,946685262,2,1,0,0,7.2189,147,
run4-tbt-3s,1,continentale,3,none,true,12,149,13,1,m2,1VAcJXZ4zmVYXXG3RSh25pvJNoJdBeVy9ChdT6,18080,11,138,1.0,18080.0,69023.0,0.261942,3.51426461e-06,0.0635379,0.93843855,0.21538732,-0.5,1.500,2.046,2.0462,0.0002,1,,1,1,1,1,1,m2,1VAcJXZ4zmVYXXG3RSh25pvJNoJdBeVy9ChdT6,00acfa3d1833e454d16f3f173403d171d71358ba787e1a4712cf27bcc799c82d,946685264,946685262,2,1,0,0,19.5428,147,4
run4-tbt-3s,1,continentale,3,none,true,12,149,13,1,m3,1VuBTTQVFkVMQoHen4dKPJgUfqJY1ta899xaf7,6539,11,138,1.0,6539.0,69023.0,0.094737,0.000660188876,4.31697506,0.01334018,1.0,-0.5,1.500,4.4,4.4,0.0,1,,0,3,3,0,0,m2,1VAcJXZ4zmVYXXG3RSh25pvJNoJdBeVy9ChdT6,00acfa3d1833e454d16f3f173403d171d71358ba787e1a4712cf27bcc799c82d,946685264,946685262,2,1,0,0,22.0619,147,
run4-tbt-3s,1,continentale,3,none,true,12,150,13,1,m1,1PJJAyxet5ARk1XH3GjK9tVTPH3keFUewkjkfi,44404,11,138,1.0,44404.0,69023.0,0.643322,4.03001849e-06,0.17894894,0.83614859,0.24282734,-0.5,1.500,2.128,2.1285,0.0005,1,,1,1,1,1,1,m1,1PJJAyxet5ARk1XH3GjK9tVTPH3keFUewkjkfi,005e4329690fa757c8a351124dcd0b009001f9d8ebefa5479635536837915097,946685268,946685264,2,1,0,0,7.2189,147,1
run4-tbt-3s,1,continentale,3,none,true,12,150,13,1,m2,1VAcJXZ4zmVYXXG3RSh25pvJNoJdBeVy9ChdT6,18080,11,138,1.0,18080.0,69023.0,0.261942,0.000196034029,3.54429524,0.02888898,0.99999867,-0.5,1.500,4.4,4.4,-0.0,1,,0,3,3,0,0,m1,1PJJAyxet5ARk1XH3GjK9tVTPH3keFUewkjkfi,005e4329690fa757c8a351124dcd0b009001f9d8ebefa5479635536837915097,946685268,946685264,2,1,0,0,19.5428,147,
run4-tbt-3s,1,continentale,3,none,true,12,150,13,1,m3,1VuBTTQVFkVMQoHen4dKPJgUfqJY1ta899xaf7,6539,11,138,1.0,6539.0,69023.0,0.094737,9.50512987e-05,0.62154044,0.5371164,0.99858514,-0.5,1.500,4.396,4.3958,-0.0002,1,,0,2,2,0,0,m1,1PJJAyxet5ARk1XH3GjK9tVTPH3keFUewkjkfi,005e4329690fa757c8a351124dcd0b009001f9d8ebefa5479635536837915097,946685268,946685264,2,1,0,0,22.0619,147,
run4-tbt-3s,1,continentale,3,none,true,12,151,13,1,m1,1PJJAyxet5ARk1XH3GjK9tVTPH3keFUewkjkfi,42907,12,150,1.0,42907.0,66604.0,0.644211,1.00270221e-05,0.43022944,0.65035986,0.48718482,-0.583,1.500,2.845,2.845,-0.0,1,,1,1,1,1,1,m1,1PJJAyxet5ARk1XH3GjK9tVTPH3keFUewkjkfi,00dea2e71ee0acdca835a57581a31426ce04424cc887e332a695db101051b3e0,946685271,946685268,2,1,0,0,7.2189,147,2
run4-tbt-3s,1,continentale,3,none,true,12,151,13,1,m2,1VAcJXZ4zmVYXXG3RSh25pvJNoJdBeVy9ChdT6,15454,12,150,1.0,15454.0,66604.0,0.232028,3.47965306e-05,0.53774558,0.58406349,0.9014891,-0.583,1.500,4.088,4.0879,-0.0001,1,,0,2,2,0,0,m1,1PJJAyxet5ARk1XH3GjK9tVTPH3keFUewkjkfi,00dea2e71ee0acdca835a57581a31426ce04424cc887e332a695db101051b3e0,946685271,946685268,2,1,0,0,19.5428,147,
run4-tbt-3s,1,continentale,3,none,true,12,151,13,1,m3,1VuBTTQVFkVMQoHen4dKPJgUfqJY1ta899xaf7,8243,12,150,1.0,8243.0,66604.0,0.123761,3.69852427e-05,0.30486936,0.73721968,0.91485206,-0.583,1.500,4.128,4.128,-0.0,1,,0,3,3,0,0,m1,1PJJAyxet5ARk1XH3GjK9tVTPH3keFUewkjkfi,00dea2e71ee0acdca835a57581a31426ce04424cc887e332a695db101051b3e0,946685271,946685268,2,1,0,0,22.0619,147,
run4-tbt-3s,1,continentale,3,none,true,12,152,13,1,m1,1PJJAyxet5ARk1XH3GjK9tVTPH3keFUewkjkfi,42907,12,150,1.0,42907.0,66604.0,0.644211,5.55254748e-05,2.38243155,0.09232581,0.97523239,-0.5,1.500,4.326,4.3257,-0.0003,1,,1,1,1,1,1,m1,1PJJAyxet5ARk1XH3GjK9tVTPH3keFUewkjkfi,004502d88a5831db990579c148707937bdc23b74277adc45fbfeb75a07ace60b,946685275,946685271,4,1,0,0,7.2189,147,3
run4-tbt-3s,1,continentale,3,none,true,12,152,13,1,m2,1VAcJXZ4zmVYXXG3RSh25pvJNoJdBeVy9ChdT6,15454,12,150,1.0,15454.0,66604.0,0.232028,0.000154077533,2.38111419,0.09244752,0.99996507,-0.5,1.500,4.4,4.3999,-0.0001,1,,0,2,3,0,0,m1,1PJJAyxet5ARk1XH3GjK9tVTPH3keFUewkjkfi,004502d88a5831db990579c148707937bdc23b74277adc45fbfeb75a07ace60b,946685275,946685271,4,1,0,0,19.5428,147,
run4-tbt-3s,1,continentale,3,none,true,12,152,13,1,m3,1VuBTTQVFkVMQoHen4dKPJgUfqJY1ta899xaf7,8243,12,150,1.0,8243.0,66604.0,0.123761,0.00015120109,1.24635058,0.28755228,0.99995769,-0.5,1.500,4.4,4.3999,-0.0001,1,,0,3,2,0,0,m1,1PJJAyxet5ARk1XH3GjK9tVTPH3keFUewkjkfi,004502d88a5831db990579c148707937bdc23b74277adc45fbfeb75a07ace60b,946685275,946685271,4,1,0,0,22.0619,147,
run4-tbt-3s,1,continentale,3,none,true,12,153,13,1,m1,1PJJAyxet5ARk1XH3GjK9tVTPH3keFUewkjkfi,42907,12,150,1.0,42907.0,66604.0,0.644211,1.43762115e-05,0.61684011,0.53964697,0.61615375,-0.583,1.500,3.232,3.2319,-0.0001,1,,1,2,2,0,0,m1,1PJJAyxet5ARk1XH3GjK9tVTPH3keFUewkjkfi,0073e06d793c5867f65e7c4cd663b13fa23b6b1be5eaa40e4fa221ff3cb50465,946685279,946685275,3,1,0,0,7.2189,147,4
run4-tbt-3s,1,continentale,3,none,true,12,153,13,1,m2,1VAcJXZ4zmVYXXG3RSh25pvJNoJdBeVy9ChdT6,15454,12,150,1.0,15454.0,66604.0,0.232028,7.75319236e-06,0.11981783,0.88708202,0.40333152,-0.583,1.500,2.593,2.5934,0.0004,1,,0,1,1,1,1,m1,1PJJAyxet5ARk1XH3GjK9tVTPH3keFUewkjkfi,0073e06d793c5867f65e7c4cd663b13fa23b6b1be5eaa40e4fa221ff3cb50465,946685279,946685275,3,1,0,0,19.5428,147,
run4-tbt-3s,1,continentale,3,none,true,12,153,13,1,m3,1VuBTTQVFkVMQoHen4dKPJgUfqJY1ta899xaf7,8243,12,150,1.0,8243.0,66604.0,0.123761,1.50933891e-05,0.12441481,0.88301349,0.63405788,-0.583,1.500,3.286,3.2856,-0.0004,1,,0,3,3,0,0,m1,1PJJAyxet5ARk1XH3GjK9tVTPH3keFUewkjkfi,0073e06d793c5867f65e7c4cd663b13fa23b6b1be5eaa40e4fa221ff3cb50465,946685279,946685275,3,1,0,0,22.0619,147,
run4-tbt-3s,1,continentale,3,none,true,12,154,13,1,m1,1PJJAyxet5ARk1XH3GjK9tVTPH3keFUewkjkfi,42907,12,150,1.0,42907.0,66604.0,0.644211,3.38410966e-05,1.45201993,0.23409695,0.89501653,-0.583,1.500,4.068,4.0684,0.0004,1,,1,2,2,0,0,m1,1PJJAyxet5ARk1XH3GjK9tVTPH3keFUewkjkfi,006ec3db6530f80ed5cf63aa2de3d9466823b70a3a6359881c2a47ec12ef3ce1,946685283,946685279,4,1,0,0,7.2189,147,5
run4-tbt-3s,1,continentale,3,none,true,12,154,13,1,m2,1VAcJXZ4zmVYXXG3RSh25pvJNoJdBeVy9ChdT6,15454,12,150,1.0,15454.0,66604.0,0.232028,2.60458947e-05,0.40251326,0.66863747,0.82355759,-0.583,1.500,3.854,3.8541,0.0001,1,,0,1,1,1,1,m1,1PJJAyxet5ARk1XH3GjK9tVTPH3keFUewkjkfi,006ec3db6530f80ed5cf63aa2de3d9466823b70a3a6359881c2a47ec12ef3ce1,946685283,946685279,4,1,0,0,19.5428,147,
run4-tbt-3s,1,continentale,3,none,true,12,154,13,1,m3,1VuBTTQVFkVMQoHen4dKPJgUfqJY1ta899xaf7,8243,12,150,1.0,8243.0,66604.0,0.123761,0.000134219727,1.10637321,0.33075637,0.9998689,-0.583,1.500,4.383,4.383,0.0,1,,0,3,3,0,0,m1,1PJJAyxet5ARk1XH3GjK9tVTPH3keFUewkjkfi,006ec3db6530f80ed5cf63aa2de3d9466823b70a3a6359881c2a47ec12ef3ce1,946685283,946685279,4,1,0,0,22.0619,147,
run4-tbt-3s,1,continentale,3,none,true,12,155,13,1,m1,1PJJAyxet5ARk1XH3GjK9tVTPH3keFUewkjkfi,42907,12,150,1.0,42907.0,66604.0,0.644211,3.15895707e-05,1.35541371,0.2578406,0.87803141,-0.667,1.500,4.001,4.0007,-0.0003,1,,0,2,2,0,0,m2,1VAcJXZ4zmVYXXG3RSh25pvJNoJdBeVy9ChdT6,002a4f9709720bbd47715a52a3ea07611891241d136fed8ca2e28fb18c7d4925,946685288,946685283,2,1,1,1,7.2189,147,
run4-tbt-3s,1,continentale,3,none,true,12,155,13,1,m2,1VAcJXZ4zmVYXXG3RSh25pvJNoJdBeVy9ChdT6,15454,12,150,1.0,15454.0,66604.0,0.232028,5.86199574e-06,0.09059128,0.91339095,0.3232358,-0.667,1.500,2.336,2.3363,0.0003,1,,1,1,1,1,1,m2,1VAcJXZ4zmVYXXG3RSh25pvJNoJdBeVy9ChdT6,002a4f9709720bbd47715a52a3ea07611891241d136fed8ca2e28fb18c7d4925,946685288,946685283,2,1,1,1,19.5428,147,1
run4-tbt-3s,1,continentale,3,none,true,12,155,13,1,m3,1VuBTTQVFkVMQoHen4dKPJgUfqJY1ta899xaf7,8243,12,150,1.0,8243.0,66604.0,0.123761,7.45671659e-05,0.61465715,0.54082629,0.99303231,-0.667,1.500,4.346,4.3457,-0.0003,1,,0,3,3,0,0,m2,1VAcJXZ4zmVYXXG3RSh25pvJNoJdBeVy9ChdT6,002a4f9709720bbd47715a52a3ea07611891241d136fed8ca2e28fb18c7d4925,946685288,946685283,2,1,1,1,22.0619,147,
run4-tbt-3s,1,continentale,3,none,true,12,156,14,1,m1,1PJJAyxet5ARk1XH3GjK9tVTPH3keFUewkjkfi,42907,12,150,1.0,42907.0,66604.0,0.644211,7.10762207e-05,3.0496674,0.04737468,0.99120842,-0.833,1.500,4.307,4.307,0.0,1,,0,2,2,0,0,m2,1VAcJXZ4zmVYXXG3RSh25pvJNoJdBeVy9ChdT6,004d62fdae273fd1fd5b7bd48bb20b4b42a92ae96010d09e22f1a0009b019655,946685290,946685288,1,1,0,0,107.7357,156,
run4-tbt-3s,1,continentale,3,none,true,12,156,14,1,m2,1VAcJXZ4zmVYXXG3RSh25pvJNoJdBeVy9ChdT6,15454,12,150,1.0,15454.0,66604.0,0.232028,6.49143285e-07,0.01003186,0.99001829,0.04231421,-0.833,1.500,1.46,1.4603,0.0003,1,,1,1,1,1,1,m2,1VAcJXZ4zmVYXXG3RSh25pvJNoJdBeVy9ChdT6,004d62fdae273fd1fd5b7bd48bb20b4b42a92ae96010d09e22f1a0009b019655,946685290,946685288,1,1,0,0,119.8632,156,2
run4-tbt-3s,1,continentale,3,none,true,12,156,14,1,m3,1VuBTTQVFkVMQoHen4dKPJgUfqJY1ta899xaf7,8243,12,150,1.0,8243.0,66604.0,0.123761,0.000262674491,2.16522583,0.11472402,0.99999997,-0.833,1.500,4.333,4.3334,0.0004,1,,0,3,3,0,0,m2,1VAcJXZ4zmVYXXG3RSh25pvJNoJdBeVy9ChdT6,004d62fdae273fd1fd5b7bd48bb20b4b42a92ae96010d09e22f1a0009b019655,946685290,946685288,1,1,0,0,21.9861,156,
run4-tbt-3s,1,continentale,3,none,true,12,157,14,1,m1,1PJJAyxet5ARk1XH3GjK9tVTPH3keFUewkjkfi,42907,12,150,1.0,42907.0,66604.0,0.644211,4.98982172e-06,0.21409828,0.80726904,0.28275808,-0.583,1.500,2.232,2.2317,-0.0003,1,,0,1,1,1,1,m2,1VAcJXZ4zmVYXXG3RSh25pvJNoJdBeVy9ChdT6,00504445b346f8a214a7cc16bfbe715397da5bff865b067654d76792406f8414,946685293,946685290,3,1,0,0,107.7357,156,
run4-tbt-3s,1,continentale,3,none,true,12,157,14,1,m2,1VAcJXZ4zmVYXXG3RSh25pvJNoJdBeVy9ChdT6,15454,12,150,1.0,15454.0,66604.0,0.232028,1.36397538e-05,0.21078876,0.80994515,0.59685628,-0.583,1.500,3.174,3.174,-0.0,1,,1,2,2,0,0,m2,1VAcJXZ4zmVYXXG3RSh25pvJNoJdBeVy9ChdT6,00504445b346f8a214a7cc16bfbe715397da5bff865b067654d76792406f8414,946685293,946685290,3,1,0,0,119.8632,156,3
run4-tbt-3s,1,continentale,3,none,true,12,157,14,1,m3,1VuBTTQVFkVMQoHen4dKPJgUfqJY1ta899xaf7,8243,12,150,1.0,8243.0,66604.0,0.123761,0.000215921774,1.77984318,0.16866459,0.99999943,-0.583,1.500,4.383,4.3834,0.0004,1,,0,3,3,0,0,m2,1VAcJXZ4zmVYXXG3RSh25pvJNoJdBeVy9ChdT6,00504445b346f8a214a7cc16bfbe715397da5bff865b067654d76792406f8414,946685293,946685290,3,1,0,0,21.9861,156,
run4-tbt-3s,1,continentale,3,none,true,12,158,14,1,m1,1PJJAyxet5ARk1XH3GjK9tVTPH3keFUewkjkfi,42907,12,150,1.0,42907.0,66604.0,0.644211,5.92791519e-05,2.54349057,0.07859159,0.98071116,-0.667,1.500,4.309,4.3087,-0.0003,1,,0,2,2,0,0,m2,1VAcJXZ4zmVYXXG3RSh25pvJNoJdBeVy9ChdT6,005c2303aec6762dec5e52d91c065c79ae50cbdad590b4c5055f0447a752e12c,946685297,946685293,4,1,0,0,107.7357,156,
run4-tbt-3s,1,continentale,3,none,true,12,158,14,1,m2,1VAcJXZ4zmVYXXG3RSh25pvJNoJdBeVy9ChdT6,15454,12,150,1.0,15454.0,66604.0,0.232028,5.38175352e-05,0.83169619,0.43531029,0.97224844,-0.667,1.500,4.283,4.2833,0.0003,1,,1,1,1,1,1,m2,1VAcJXZ4zmVYXXG3RSh25pvJNoJdBeVy9ChdT6,005c2303aec6762dec5e52d91c065c79ae50cbdad590b4c5055f0447a752e12c,946685297,946685293,4,1,0,0,119.8632,156,4
run4-tbt-3s,1,continentale,3,none,true,12,158,14,1,m3,1VuBTTQVFkVMQoHen4dKPJgUfqJY1ta899xaf7,8243,12,150,1.0,8243.0,66604.0,0.123761,0.000153416709,1.26461393,0.28234828,0.9999635,-0.667,1.500,4.367,4.3665,-0.0005,1,,0,3,3,0,0,m2,1VAcJXZ4zmVYXXG3RSh25pvJNoJdBeVy9ChdT6,005c2303aec6762dec5e52d91c065c79ae50cbdad590b4c5055f0447a752e12c,946685297,946685293,4,1,0,0,21.9861,156,
run4-tbt-3s,1,continentale,3,none,true,12,159,14,1,m1,1PJJAyxet5ARk1XH3GjK9tVTPH3keFUewkjkfi,42907,12,150,1.0,42907.0,66604.0,0.644211,1.45660395e-05,0.62498506,0.53526943,0.62097628,-0.75,1.500,3.213,3.2129,-0.0001,1,,1,1,1,1,1,m1,1PJJAyxet5ARk1XH3GjK9tVTPH3keFUewkjkfi,00c66ea8709e8699f9fc59de69872d490c1e95aff934209da848a410f663f990,946685302,946685297,3,1,1,1,107.7357,156,1
run4-tbt-3s,1,continentale,3,none,true,12,159,14,1,m2,1VAcJXZ4zmVYXXG3RSh25pvJNoJdBeVy9ChdT6,15454,12,150,1.0,15454.0,66604.0,0.232028,8.10160575e-05,1.25202215,0.28592603,0.99546529,-0.75,1.500,4.336,4.3364,0.0004,1,,0,2,2,0,0,m1,1PJJAyxet5ARk1XH3GjK9tVTPH3keFUewkjkfi,00c66ea8709e8699f9fc59de69872d490c1e95aff934209da848a410f663f990,946685302,946685297,3,1,1,1,119.8632,156,
run4-tbt-3s,1,continentale,3,none,true,12,159,14,1,m3,1VuBTTQVFkVMQoHen4dKPJgUfqJY1ta899xaf7,8243,12,150,1.0,8243.0,66604.0,0.123761,0.000178784473,1.47372041,0.22907166,0.99999326,-0.75,1.500,4.35,4.35,-0.0,1,,0,3,3,0,0,m1,1PJJAyxet5ARk1XH3GjK9tVTPH3keFUewkjkfi,00c66ea8709e8699f9fc59de69872d490c1e95aff934209da848a410f663f990,946685302,946685297,3,1,1,1,21.9861,156,
run4-tbt-3s,1,continentale,3,none,true,12,160,14,1,m1,1PJJAyxet5ARk1XH3GjK9tVTPH3keFUewkjkfi,42907,12,150,1.0,42907.0,66604.0,0.644211,1.51137888e-06,0.06484873,0.93720922,0.09576309,-0.75,1.500,1.637,1.6373,0.0003,1,,1,1,1,1,1,m1,1PJJAyxet5ARk1XH3GjK9tVTPH3keFUewkjkfi,00cc8ef9b9f8cd334abdb8b352ccbc5960ba56ecdd766eeb842f94f6ed4234ab,946685304,946685302,1,1,0,0,107.7357,156,2
run4-tbt-3s,1,continentale,3,none,true,12,160,14,1,m2,1VAcJXZ4zmVYXXG3RSh25pvJNoJdBeVy9ChdT6,15454,12,150,1.0,15454.0,66604.0,0.232028,0.000110405569,1.70620766,0.181553,0.99935962,-0.75,1.500,4.348,4.3481,0.0001,1,,0,3,3,0,0,m1,1PJJAyxet5ARk1XH3GjK9tVTPH3keFUewkjkfi,00cc8ef9b9f8cd334abdb8b352ccbc5960ba56ecdd766eeb842f94f6ed4234ab,946685304,946685302,1,1,0,0,119.8632,156,
run4-tbt-3s,1,continentale,3,none,true,12,160,14,1,m3,1VuBTTQVFkVMQoHen4dKPJgUfqJY1ta899xaf7,8243,12,150,1.0,8243.0,66604.0,0.123761,1.71101061e-05,0.1410386,0.86845578,0.68005351,-0.75,1.500,3.39,3.3902,0.0002,1,,0,2,2,0,0,m1,1PJJAyxet5ARk1XH3GjK9tVTPH3keFUewkjkfi,00cc8ef9b9f8cd334abdb8b352ccbc5960ba56ecdd766eeb842f94f6ed4234ab,946685304,946685302,1,1,0,0,21.9861,156,
run4-tbt-3s,1,continentale,3,none,true,12,161,14,1,m1,1PJJAyxet5ARk1XH3GjK9tVTPH3keFUewkjkfi,42907,12,150,1.0,42907.0,66604.0,0.644211,4.09712149e-05,1.75795192,0.17239759,0.93470546,-0.5,1.500,4.204,4.2041,0.0001,1,,1,1,1,1,1,m1,1PJJAyxet5ARk1XH3GjK9tVTPH3keFUewkjkfi,005211610ce4c38e66fba1a9ff5f747834ea4d18d072bbb837a8560c6ed21411,946685308,946685304,4,1,0,0,107.7357,156,3
run4-tbt-3s,1,continentale,3,none,true,12,161,14,1,m2,1VAcJXZ4zmVYXXG3RSh25pvJNoJdBeVy9ChdT6,15454,12,150,1.0,15454.0,66604.0,0.232028,5.71499323e-05,0.88319505,0.41345977,0.97777226,-0.5,1.500,4.333,4.3333,0.0003,1,,0,2,2,0,0,m1,1PJJAyxet5ARk1XH3GjK9tVTPH3keFUewkjkfi,005211610ce4c38e66fba1a9ff5f747834ea4d18d072bbb837a8560c6ed21411,946685308,946685304,4,1,0,0,119.8632,156,
run4-tbt-3s,1,continentale,3,none,true,12,161,14,1,m3,1VuBTTQVFkVMQoHen4dKPJgUfqJY1ta899xaf7,8243,12,150,1.0,8243.0,66604.0,0.123761,0.000139187585,1.14732326,0.31748546,0.99990583,-0.5,1.500,4.4,4.3997,-0.0003,1,,0,3,3,0,0,m1,1PJJAyxet5ARk1XH3GjK9tVTPH3keFUewkjkfi,005211610ce4c38e66fba1a9ff5f747834ea4d18d072bbb837a8560c6ed21411,946685308,946685304,4,1,0,0,21.9861,156,
run4-tbt-3s,1,continentale,3,none,true,12,162,14,1,m1,1PJJAyxet5ARk1XH3GjK9tVTPH3keFUewkjkfi,42907,12,150,1.0,42907.0,66604.0,0.644211,1.74934287e-05,0.75059055,0.47208768,0.68811861,-0.667,1.500,3.431,3.431,-0.0,1,,1,1,1,1,1,m1,1PJJAyxet5ARk1XH3GjK9tVTPH3keFUewkjkfi,004d26a237dc48776fedbcd5416a41b5269f26b5c2882e2bc305ed6651b70067,946685313,946685308,3,1,0,0,107.7357,156,4
run4-tbt-3s,1,continentale,3,none,true,12,162,14,1,m2,1VAcJXZ4zmVYXXG3RSh25pvJNoJdBeVy9ChdT6,15454,12,150,1.0,15454.0,66604.0,0.232028,8.15451171e-05,1.26019824,0.2835978,0.9956223,-0.667,1.500,4.354,4.3535,-0.0005,1,,0,2,2,0,0,m1,1PJJAyxet5ARk1XH3GjK9tVTPH3keFUewkjkfi,004d26a237dc48776fedbcd5416a41b5269f26b5c2882e2bc305ed6651b70067,946685313,946685308,3,1,0,0,119.8632,156,
run4-tbt-3s,1,continentale,3,none,true,12,162,14,1,m3,1VuBTTQVFkVMQoHen4dKPJgUfqJY1ta899xaf7,8243,12,150,1.0,8243.0,66604.0,0.123761,0.000231656499,1.90954452,0.14814785,0.9999998,-0.667,1.500,4.367,4.3666,-0.0004,1,,0,3,3,0,0,m1,1PJJAyxet5ARk1XH3GjK9tVTPH3keFUewkjkfi,004d26a237dc48776fedbcd5416a41b5269f26b5c2882e2bc305ed6651b70067,946685313,946685308,3,1,0,0,21.9861,156,
run4-tbt-3s,1,continentale,3,none,true,12,163,14,1,m1,1PJJAyxet5ARk1XH3GjK9tVTPH3keFUewkjkfi,52503,13,162,1.0,52503.0,77122.0,0.680779,8.78494011e-06,0.46123571,0.63050404,0.49212105,-0.75,1.500,2.826,2.8264,0.0004,1,,1,1,1,1,1,m1,1PJJAyxet5ARk1XH3GjK9tVTPH3keFUewkjkfi,00e02ba666ec73090e0443f2872a1e1a6a7d11f3b5893980a7e3d7c9f3dedfcb,946685316,946685313,2,1,0,0,107.7357,156,5
run4-tbt-3s,1,continentale,3,none,true,12,163,14,1,m2,1VAcJXZ4zmVYXXG3RSh25pvJNoJdBeVy9ChdT6,18080,13,162,1.0,18080.0,77122.0,0.234434,0.00010507269,1.89971424,0.14961137,0.9996975,-0.75,1.500,4.349,4.3491,0.0001,1,,0,3,3,0,0,m1,1PJJAyxet5ARk1XH3GjK9tVTPH3keFUewkjkfi,00e02ba666ec73090e0443f2872a1e1a6a7d11f3b5893980a7e3d7c9f3dedfcb,946685316,946685313,2,1,0,0,119.8632,156,
run4-tbt-3s,1,continentale,3,none,true,12,163,14,1,m3,1VuBTTQVFkVMQoHen4dKPJgUfqJY1ta899xaf7,6539,13,162,1.0,6539.0,77122.0,0.084788,6.63892745e-05,0.43411947,0.64783486,0.99402442,-0.75,1.500,4.332,4.3321,0.0001,1,,0,2,2,0,0,m1,1PJJAyxet5ARk1XH3GjK9tVTPH3keFUewkjkfi,00e02ba666ec73090e0443f2872a1e1a6a7d11f3b5893980a7e3d7c9f3dedfcb,946685316,946685313,2,1,0,0,21.9861,156,
run4-tbt-3s,1,continentale,3,none,true,12,164,14,1,m1,1PJJAyxet5ARk1XH3GjK9tVTPH3keFUewkjkfi,52503,13,162,1.0,52503.0,77122.0,0.680779,3.75096052e-06,0.19693668,0.82124263,0.25119867,-0.75,1.500,2.104,2.1036,-0.0004,1,,1,2,2,0,0,m1,1PJJAyxet5ARk1XH3GjK9tVTPH3keFUewkjkfi,002c3c94d4f68a4d28b5eb45fbe87c4152a271fe87e952146e8a47aaa9f49070,946685318,946685316,2,1,0,0,8.0058,164,6
run4-tbt-3s,1,continentale,3,none,true,12,164,14,1,m2,1VAcJXZ4zmVYXXG3RSh25pvJNoJdBeVy9ChdT6,18080,13,162,1.0,18080.0,77122.0,0.234434,1.73596083e-06,0.03138617,0.96910126,0.12530565,-0.75,1.500,1.726,1.7259,-0.0001,1,,0,1,1,1,1,m1,1PJJAyxet5ARk1XH3GjK9tVTPH3keFUewkjkfi,002c3c94d4f68a4d28b5eb45fbe87c4152a271fe87e952146e8a47aaa9f49070,946685318,946685316,2,1,0,0,49.0954,164,
run4-tbt-3s,1,continentale,3,none,true,12,164,14,1,m3,1VuBTTQVFkVMQoHen4dKPJgUfqJY1ta899xaf7,6539,13,162,1.0,6539.0,77122.0,0.084788,0.000280861135,1.83655096,0.15936614,1.0,-0.75,1.500,4.35,4.35,-0.0,1,,0,3,3,0,0,m1,1PJJAyxet5ARk1XH3GjK9tVTPH3keFUewkjkfi,002c3c94d4f68a4d28b5eb45fbe87c4152a271fe87e952146e8a47aaa9f49070,946685318,946685316,2,1,0,0,17.8679,164,
run4-tbt-3s,1,continentale,3,none,true,12,165,14,1,m1,1PJJAyxet5ARk1XH3GjK9tVTPH3keFUewkjkfi,52503,13,162,1.0,52503.0,77122.0,0.680779,9.21257579e-06,0.48368787,0.6165056,0.50859776,-0.583,1.500,2.909,2.9092,0.0002,1,,1,1,1,1,1,m1,1PJJAyxet5ARk1XH3GjK9tVTPH3keFUewkjkfi,00d2d51bb37a3f0e0c4303e759761ea6548496496bcc5266c8bba31a9a65de09,946685322,946685318,2,1,0,0,8.0058,164,7
run4-tbt-3s,1,continentale,3,none,true,12,165,14,1,m2,1VAcJXZ4zmVYXXG3RSh25pvJNoJdBeVy9ChdT6,18080,13,162,1.0,18080.0,77122.0,0.234434,2.20046719e-05,0.39784447,0.6717665,0.81677572,-0.583,1.500,3.834,3.8337,-0.0003,1,,0,2,2,0,0,m1,1PJJAyxet5ARk1XH3GjK9tVTPH3keFUewkjkfi,00d2d51bb37a3f0e0c4303e759761ea6548496496bcc5266c8bba31a9a65de09,946685322,946685318,2,1,0,0,49.0954,164,
run4-tbt-3s,1,continentale,3,none,true,12,165,14,1,m3,1VuBTTQVFkVMQoHen4dKPJgUfqJY1ta899xaf7,6539,13,162,1.0,6539.0,77122.0,0.084788,2.26777219e-05,0.14828962,0.86218137,0.82604372,-0.583,1.500,3.861,3.8615,0.0005,1,,0,3,3,0,0,m1,1PJJAyxet5ARk1XH3GjK9tVTPH3keFUewkjkfi,00d2d51bb37a3f0e0c4303e759761ea6548496496bcc5266c8bba31a9a65de09,946685322,946685318,2,1,0,0,17.8679,164,
run4-tbt-3s,1,continentale,3,none,true,12,166,14,1,m1,1PJJAyxet5ARk1XH3GjK9tVTPH3keFUewkjkfi,52503,13,162,1.0,52503.0,77122.0,0.680779,4.79685866e-06,0.25184947,0.77736175,0.30922653,-0.583,1.500,2.311,2.3111,0.0001,1,,1,1,1,1,1,m1,1PJJAyxet5ARk1XH3GjK9tVTPH3keFUewkjkfi,002f3159018b7551eddcb322a8c589297fb0324ae80995616ae60ec02be6d352,946685325,946685322,2,1,0,0,8.0058,164,8
run4-tbt-3s,1,continentale,3,none,true,12,166,14,1,m2,1VAcJXZ4zmVYXXG3RSh25pvJNoJdBeVy9ChdT6,18080,13,162,1.0,18080.0,77122.0,0.234434,2.2804332e-05,0.41230232,0.66212407,0.82773404,-0.583,1.500,3.867,3.8666,-0.0004,1,,0,2,2,0,0,m1,1PJJAyxet5ARk1XH3GjK9tVTPH3keFUewkjkfi,002f3159018b7551eddcb322a8c589297fb0324ae80995616ae60ec02be6d352,946685325,946685322,2,1,0,0,49.0954,164,
run4-tbt-3s,1,continentale,3,none,true,12,166,14,1,m3,1VuBTTQVFkVMQoHen4dKPJgUfqJY1ta899xaf7,6539,13,162,1.0,6539.0,77122.0,0.084788,7.47995398e-05,0.48911419,0.6131693,0.99687615,-0.583,1.500,4.374,4.374,0.0,1,,0,3,3,0,0,m1,1PJJAyxet5ARk1XH3GjK9tVTPH3keFUewkjkfi,002f3159018b7551eddcb322a8c589297fb0324ae80995616ae60ec02be6d352,946685325,946685322,2,1,0,0,17.8679,164,
run4-tbt-3s,1,continentale,3,none,true,12,167,14,1,m1,1PJJAyxet5ARk1XH3GjK9tVTPH3keFUewkjkfi,52503,13,162,1.0,52503.0,77122.0,0.680779,1.19999604e-05,0.63003392,0.53257374,0.60365132,-0.5,1.500,3.211,3.211,-0.0,1,,1,2,2,0,0,m1,1PJJAyxet5ARk1XH3GjK9tVTPH3keFUewkjkfi,00e55a512fbbe2dcc6f0e6000cd061c199a690be30b0007dbec36c70a4a7bd1f,946685328,946685325,3,1,0,0,8.0058,164,9
run4-tbt-3s,1,continentale,3,none,true,12,167,14,1,m2,1VAcJXZ4zmVYXXG3RSh25pvJNoJdBeVy9ChdT6,18080,13,162,1.0,18080.0,77122.0,0.234434,6.53053554e-05,1.18072083,0.30705732,0.99350342,-0.5,1.500,4.381,4.3805,-0.0005,1,,0,3,3,0,0,m1,1PJJAyxet5ARk1XH3GjK9tVTPH3keFUewkjkfi,00e55a512fbbe2dcc6f0e6000cd061c199a690be30b0007dbec36c70a4a7bd1f,946685328,946685325,3,1,0,0,49.0954,164,
run4-tbt-3s,1,continentale,3,none,true,12,167,14,1,m3,1VuBTTQVFkVMQoHen4dKPJgUfqJY1ta899xaf7,6539,13,162,1.0,6539.0,77122.0,0.084788,1.15858578e-05,0.07575992,0.92703874,0.59078907,-0.5,1.500,3.172,3.1724,0.0004,1,,0,1,1,1,1,m1,1PJJAyxet5ARk1XH3GjK9tVTPH3keFUewkjkfi,00e55a512fbbe2dcc6f0e6000cd061c199a690be30b0007dbec36c70a4a7bd1f,946685328,946685325,3,1,0,0,17.8679,164,
run4-tbt-3s,1,continentale,3,none,true,12,168,15,1,m1,1PJJAyxet5ARk1XH3GjK9tVTPH3keFUewkjkfi,52503,13,162,1.0,52503.0,77122.0,0.680779,8.68916783e-06,0.45620738,0.63368241,0.48835589,-0.333,1.500,2.898,2.8985,0.0005,1,,1,1,1,1,1,m1,1PJJAyxet5ARk1XH3GjK9tVTPH3keFUewkjkfi,00387e6cb802dc67d038ec91a6743ca0547a4be13f49b3ef5b2f8c4b6c9b0197,946685332,946685328,2,1,0,0,8.0058,164,10
run4-tbt-3s,1,continentale,3,none,true,12,168,15,1,m2,1VAcJXZ4zmVYXXG3RSh25pvJNoJdBeVy9ChdT6,18080,13,162,1.0,18080.0,77122.0,0.234434,3.79220181e-05,0.68563009,0.50377271,0.94631501,-0.333,1.500,4.272,4.2723,0.0003,1,,0,2,2,0,0,m1,1PJJAyxet5ARk1XH3GjK9tVTPH3keFUewkjkfi,00387e6cb802dc67d038ec91a6743ca0547a4be13f49b3ef5b2f8c4b6c9b0197,946685332,946685328,2,1,0,0,49.0954,164,
run4-tbt-3s,1,continentale,3,none,true,12,168,15,1,m3,1VuBTTQVFkVMQoHen4dKPJgUfqJY1ta899xaf7,6539,13,162,1.0,6539.0,77122.0,0.084788,0.000509971038,3.33470062,0.03562525,1.0,-0.333,1.500,4.433,4.4334,0.0004,1,,0,3,3,0,0,m1,1PJJAyxet5ARk1XH3GjK9tVTPH3keFUewkjkfi,00387e6cb802dc67d038ec91a6743ca0547a4be13f49b3ef5b2f8c4b6c9b0197,946685332,946685328,2,1,0,0,17.8679,164,
run4-tbt-3s,1,continentale,3,none,true,12,169,15,1,m1,1PJJAyxet5ARk1XH3GjK9tVTPH3keFUewkjkfi,52503,13,162,1.0,52503.0,77122.0,0.680779,2.12629399e-05,1.11636813,0.32746695,0.80598901,-0.5,1.500,3.818,3.818,-0.0,1,,1,1,1,1,1,m1,1PJJAyxet5ARk1XH3GjK9tVTPH3keFUewkjkfi,00543f808dd6467099a0ba53cd1fe9c652eac79f401e652ad46a476cca24c5d6,946685336,946685332,3,1,0,0,8.0058,164,11
run4-tbt-3s,1,continentale,3,none,true,12,169,15,1,m2,1VAcJXZ4zmVYXXG3RSh25pvJNoJdBeVy9ChdT6,18080,13,162,1.0,18080.0,77122.0,0.234434,4.61993071e-05,0.83528347,0.43375151,0.97164588,-0.5,1.500,4.315,4.3149,-0.0001,1,,0,2,2,0,0,m1,1PJJAyxet5ARk1XH3GjK9tVTPH3keFUewkjkfi,00543f808dd6467099a0ba53cd1fe9c652eac79f401e652ad46a476cca24c5d6,946685336,946685332,3,1,0,0,49.0954,164,
run4-tbt-3s,1,continentale,3,none,true,12,169,15,1,m3,1VuBTTQVFkVMQoHen4dKPJgUfqJY1ta899xaf7,6539,13,162,1.0,6539.0,77122.0,0.084788,7.8203602e-05,0.51137335,0.59967145,0.99759743,-0.5,1.500,4.393,4.3928,-0.0002,1,,0,3,3,0,0,m1,1PJJAyxet5ARk1XH3GjK9tVTPH3keFUewkjkfi,00543f808dd6467099a0ba53cd1fe9c652eac79f401e652ad46a476cca24c5d6,946685336,946685332,3,1,0,0,17.8679,164,
run4-tbt-3s,1,continentale,3,none,true,12,170,15,1,m1,1PJJAyxet5ARk1XH3GjK9tVTPH3keFUewkjkfi,52503,13,162,1.0,52503.0,77122.0,0.680779,1.22443564e-06,0.06428654,0.93773626,0.09010942,-0.583,1.500,1.654,1.6537,-0.0003,1,,1,1,1,1,1,m1,1PJJAyxet5ARk1XH3GjK9tVTPH3keFUewkjkfi,00d1ecec6cb09a31007219f223f456a3e913cc145e7a19298aba7e13ad4b6c48,946685338,946685336,1,1,0,0,8.0058,164,12
run4-tbt-3s,1,continentale,3,none,true,12,170,15,1,m2,1VAcJXZ4zmVYXXG3RSh25pvJNoJdBeVy9ChdT6,18080,13,162,1.0,18080.0,77122.0,0.234434,8.87635385e-06,0.16048448,0.85173104,0.49568901,-0.583,1.500,2.87,2.8705,0.0005,1,,0,2,2,0,0,m1,1PJJAyxet5ARk1XH3GjK9tVTPH3keFUewkjkfi,00d1ecec6cb09a31007219f223f456a3e913cc145e7a19298aba7e13ad4b6c48,946685338,946685336,1,1,0,0,49.0954,164,
run4-tbt-3s,1,continentale,3,none,true,12,170,15,1,m3,1VuBTTQVFkVMQoHen4dKPJgUfqJY1ta899xaf7,6539,13,162,1.0,6539.0,77122.0,0.084788,0.000166084137,1.08602417,0.33755589,0.99999726,-0.583,1.500,4.383,4.3834,0.0004,1,,0,3,3,0,0,m1,1PJJAyxet5ARk1XH3GjK9tVTPH3keFUewkjkfi,00d1ecec6cb09a31007219f223f456a3e913cc145e7a19298aba7e13ad4b6c48,946685338,946685336,1,1,0,0,17.8679,164,
run4-tbt-3s,1,continentale,3,none,true,12,171,15,1,m1,1PJJAyxet5ARk1XH3GjK9tVTPH3keFUewkjkfi,52503,13,162,1.0,52503.0,77122.0,0.680779,5.18123185e-05,2.72030216,0.06585485,0.98160855,-0.417,1.500,4.361,4.3614,0.0004,1,,0,3,3,0,0,m2,1VAcJXZ4zmVYXXG3RSh25pvJNoJdBeVy9ChdT6,00dc39559e994cc9e5f3b05624fff5c1650206dd53abe6a5f3a17861efe101aa,946685343,946685338,2,1,1,1,8.0058,164,
run4-tbt-3s,1,continentale,3,none,true,12,171,15,1,m2,1VAcJXZ4zmVYXXG3RSh25pvJNoJdBeVy9ChdT6,18080,13,162,1.0,18080.0,77122.0,0.234434,4.83398212e-06,0.0873984,0.91631197,0.31120141,-0.417,1.500,2.35,2.3502,0.0002,1,,1,1,1,1,1,m2,1VAcJXZ4zmVYXXG3RSh25pvJNoJdBeVy9ChdT6,00dc39559e994cc9e5f3b05624fff5c1650206dd53abe6a5f3a17861efe101aa,946685343,946685338,2,1,1,1,49.0954,164,1
run4-tbt-3s,1,continentale,3,none,true,12,171,15,1,m3,1VuBTTQVFkVMQoHen4dKPJgUfqJY1ta899xaf7,6539,13,162,1.0,6539.0,77122.0,0.084788,3.05530134e-05,0.19978615,0.81890585,0.90523068,-0.417,1.500,4.132,4.1323,0.0003,1,,0,2,2,0,0,m2,1VAcJXZ4zmVYXXG3RSh25pvJNoJdBeVy9ChdT6,00dc39559e994cc9e5f3b05624fff5c1650206dd53abe6a5f3a17861efe101aa,946685343,946685338,2,1,1,1,17.8679,164,
run4-tbt-3s,1,continentale,3,none,true,12,172,15,1,m1,1PJJAyxet5ARk1XH3GjK9tVTPH3keFUewkjkfi,52503,13,162,1.0,52503.0,77122.0,0.680779,2.10645649e-05,1.10595285,0.33089544,0.802998,-0.417,1.500,3.826,3.8256,-0.0004,1,,0,1,1,1,1,m2,1VAcJXZ4zmVYXXG3RSh25pvJNoJdBeVy9ChdT6,003bf0a6e5af2ad0247539c12ac0b00db210787511c2734f7762376872146801,946685347,946685343,4,1,1,1,8.0058,164,
run4-tbt-3s,1,continentale,3,none,true,12,172,15,1,m2,1VAcJXZ4zmVYXXG3RSh25pvJNoJdBeVy9ChdT6,18080,13,162,1.0,18080.0,77122.0,0.234434,2.9353957e-05,0.53071954,0.5881816,0.89604902,-0.417,1.500,4.105,4.1047,-0.0003,1,,1,2,2,0,0,m2,1VAcJXZ4zmVYXXG3RSh25pvJNoJdBeVy9ChdT6,003bf0a6e5af2ad0247539c12ac0b00db210787511c2734f7762376872146801,946685347,946685343,4,1,1,1,49.0954,164,2
run4-tbt-3s,1,continentale,3,none,true,12,172,15,1,m3,1VuBTTQVFkVMQoHen4dKPJgUfqJY1ta899xaf7,6539,13,162,1.0,6539.0,77122.0,0.084788,0.000199095477,1.30188532,0.27201847,0.99999979,-0.417,1.500,4.417,4.4166,-0.0004,1,,0,3,3,0,0,m2,1VAcJXZ4zmVYXXG3RSh25pvJNoJdBeVy9ChdT6,003bf0a6e5af2ad0247539c12ac0b00db210787511c2734f7762376872146801,946685347,946685343,4,1,1,1,17.8679,164,
run4-tbt-3s,1,continentale,3,none,true,12,173,15,1,m1,1PJJAyxet5ARk1XH3GjK9tVTPH3keFUewkjkfi,52503,13,162,1.0,52503.0,77122.0,0.680779,2.29884639e-05,1.20696332,0.29910419,0.83016303,-0.583,1.500,3.874,3.8739,-0.0001,1,,0,2,2,0,0,m2,1VAcJXZ4zmVYXXG3RSh25pvJNoJdBeVy9ChdT6,0000dd3f2cdb11a153b8c6169c696eaab54b7ada508a35b0338a31ca259f1a32,946685350,946685347,3,1,0,0,6.9348,173,
run4-tbt-3s,1,continentale,3,none,true,12,173,15,1,m2,1VAcJXZ4zmVYXXG3RSh25pvJNoJdBeVy9ChdT6,18080,13,162,1.0,18080.0,77122.0,0.234434,1.07306951e-05,0.19401097,0.82364887,0.56289099,-0.583,1.500,3.072,3.0721,0.0001,1,,1,1,1,1,1,m2,1VAcJXZ4zmVYXXG3RSh25pvJNoJdBeVy9ChdT6,0000dd3f2cdb11a153b8c6169c696eaab54b7ada508a35b0338a31ca259f1a32,946685350,946685347,3,1,0,0,21.2824,173,3
run4-tbt-3s,1,continentale,3,none,true,12,173,15,1,m3,1VuBTTQVFkVMQoHen4dKPJgUfqJY1ta899xaf7,6539,13,162,1.0,6539.0,77122.0,0.084788,0.000288893253,1.88907298,0.15121192,1.0,-0.583,1.500,4.383,4.3834,0.0004,1,,0,3,3,0,0,m2,1VAcJXZ4zmVYXXG3RSh25pvJNoJdBeVy9ChdT6,0000dd3f2cdb11a153b8c6169c696eaab54b7ada508a35b0338a31ca259f1a32,946685350,946685347,3,1,0,0,94.5437,173,
run4-tbt-3s,1,continentale,3,none,true,12,174,15,1,m1,1PJJAyxet5ARk1XH3GjK9tVTPH3keFUewkjkfi,52503,13,162,1.0,52503.0,77122.0,0.680779,1.69245036e-05,0.88858721,0.41123633,0.72889567,-0.5,1.500,3.587,3.5867,-0.0003,1,,0,1,1,1,1,m2,1VAcJXZ4zmVYXXG3RSh25pvJNoJdBeVy9ChdT6,00028d8104523e264b7206a51026cc6f85d470a1495b39c06d29077a1b30fc12,946685355,946685350,3,1,0,0,6.9348,173,
run4-tbt-3s,1,continentale,3,none,true,12,174,15,1,m2,1VAcJXZ4zmVYXXG3RSh25pvJNoJdBeVy9ChdT6,18080,13,162,1.0,18080.0,77122.0,0.234434,2.47207436e-05,0.44695104,0.63957522,0.85140238,-0.5,1.500,3.954,3.9542,0.0002,1,,1,2,2,0,0,m2,1VAcJXZ4zmVYXXG3RSh25pvJNoJdBeVy9ChdT6,00028d8104523e264b7206a51026cc6f85d470a1495b39c06d29077a1b30fc12,946685355,946685350,3,1,0,0,21.2824,173,4
run4-tbt-3s,1,continentale,3,none,true,12,174,15,1,m3,1VuBTTQVFkVMQoHen4dKPJgUfqJY1ta899xaf7,6539,13,162,1.0,6539.0,77122.0,0.084788,6.71888513e-05,0.4393479,0.64445654,0.99438177,-0.5,1.500,4.383,4.3831,0.0001,1,,0,3,3,0,0,m2,1VAcJXZ4zmVYXXG3RSh25pvJNoJdBeVy9ChdT6,00028d8104523e264b7206a51026cc6f85d470a1495b39c06d29077a1b30fc12,946685355,946685350,3,1,0,0,94.5437,173,
run4-tbt-3s,1,continentale,3,none,true,12,175,15,1,m1,1PJJAyxet5ARk1XH3GjK9tVTPH3keFUewkjkfi,44404,14,174,1.0,44404.0,68101.0,0.652032,6.33315952e-05,2.81217615,0.06007412,0.98660595,-0.5,1.500,4.36,4.3598,-0.0002,1,,0,1,1,1,1,m2,1VAcJXZ4zmVYXXG3RSh25pvJNoJdBeVy9ChdT6,00001906d78c7baf0ad4396155f24dbea58ba4c50a5a61160c3933d587c27ad1,946685359,946685355,4,1,0,0,6.9348,173,
run4-tbt-3s,1,continentale,3,none,true,12,175,15,1,m2,1VAcJXZ4zmVYXXG3RSh25pvJNoJdBeVy9ChdT6,15454,14,174,1.0,15454.0,68101.0,0.226928,0.000174692337,2.69969538,0.06722599,0.99999319,-0.5,1.500,4.4,4.4,-0.0,1,,1,3,3,0,0,m2,1VAcJXZ4zmVYXXG3RSh25pvJNoJdBeVy9ChdT6,00001906d78c7baf0ad4396155f24dbea58ba4c50a5a61160c3933d587c27ad1,946685359,946685355,4,1,0,0,21.2824,173,5
run4-tbt-3s,1,continentale,3,none,true,12,175,15,1,m3,1VuBTTQVFkVMQoHen4dKPJgUfqJY1ta899xaf7,8243,14,174,1.0,8243.0,68101.0,0.121041,8.33833197e-05,0.6873287,0.50291772,0.99658127,-0.5,1.500,4.39,4.3897,-0.0003,1,,0,2,2,0,0,m2,1VAcJXZ4zmVYXXG3RSh25pvJNoJdBeVy9ChdT6,00001906d78c7baf0ad4396155f24dbea58ba4c50a5a61160c3933d587c27ad1,946685359,946685355,4,1,0,0,94.5437,173,
run4-tbt-3s,1,continentale,3,none,true,12,176,15,1,m1,1PJJAyxet5ARk1XH3GjK9tVTPH3keFUewkjkfi,44404,14,174,1.0,44404.0,68101.0,0.652032,1.79045821e-05,0.79503506,0.4515654,0.70456899,-0.583,1.500,3.497,3.4971,0.0001,1,,0,1,1,1,1,m2,1VAcJXZ4zmVYXXG3RSh25pvJNoJdBeVy9ChdT6,00a4ebf8227b98337d5e211e7155264ec5dfe8a8c689f39420fc0767e67acd2f,946685364,946685359,3,1,0,0,6.9348,173,
run4-tbt-3s,1,continentale,3,none,true,12,176,15,1,m2,1VAcJXZ4zmVYXXG3RSh25pvJNoJdBeVy9ChdT6,15454,14,174,1.0,15454.0,68101.0,0.226928,2.24351296e-05,0.34671249,0.70700857,0.78299931,-0.583,1.500,3.732,3.7324,0.0004,1,,1,2,2,0,0,m2,1VAcJXZ4zmVYXXG3RSh25pvJNoJdBeVy9ChdT6,00a4ebf8227b98337d5e211e7155264ec5dfe8a8c689f39420fc0767e67acd2f,946685364,946685359,3,1,0,0,21.2824,173,6
run4-tbt-3s,1,continentale,3,none,true,12,176,15,1,m3,1VuBTTQVFkVMQoHen4dKPJgUfqJY1ta899xaf7,8243,14,174,1.0,8243.0,68101.0,0.121041,3.15657537e-05,0.26019651,0.77090008,0.88347616,-0.583,1.500,4.034,4.0338,-0.0002,1,,0,3,3,0,0,m2,1VAcJXZ4zmVYXXG3RSh25pvJNoJdBeVy9ChdT6,00a4ebf8227b98337d5e211e7155264ec5dfe8a8c689f39420fc0767e67acd2f,946685364,946685359,3,1,0,0,94.5437,173,
run4-tbt-3s,1,continentale,3,none,true,12,177,15,1,m1,1PJJAyxet5ARk1XH3GjK9tVTPH3keFUewkjkfi,44404,14,174,1.0,44404.0,68101.0,0.652032,7.07036799e-06,0.31395262,0.73055364,0.38214355,-0.833,1.500,2.48,2.4798,-0.0002,1,,0,1,1,1,1,m2,1VAcJXZ4zmVYXXG3RSh25pvJNoJdBeVy9ChdT6,003a38ab634bfaf68ba481bb1daaf92f44f231ae70fc0e5547e6ca776033a9c0,946685368,946685364,4,1,1,1,6.9348,173,
run4-tbt-3s,1,continentale,3,none,true,12,177,15,1,m2,1VAcJXZ4zmVYXXG3RSh25pvJNoJdBeVy9ChdT6,15454,14,174,1.0,15454.0,68101.0,0.226928,4.38065869e-05,0.67698699,0.50814573,0.94937311,-0.833,1.500,4.181,4.1815,0.0005,1,,1,3,3,0,0,m2,1VAcJXZ4zmVYXXG3RSh25pvJNoJdBeVy9ChdT6,003a38ab634bfaf68ba481bb1daaf92f44f231ae70fc0e5547e6ca776033a9c0,946685368,946685364,4,1,1,1,21.2824,173,7
run4-tbt-3s,1,continentale,3,none,true,12,177,15,1,m3,1VuBTTQVFkVMQoHen4dKPJgUfqJY1ta899xaf7,8243,14,174,1.0,8243.0,68101.0,0.121041,2.52237765e-05,0.20791959,0.81227235,0.82053308,-0.833,1.500,3.795,3.795,-0.0,1,,0,2,2,0,0,m2,1VAcJXZ4zmVYXXG3RSh25pvJNoJdBeVy9ChdT6,003a38ab634bfaf68ba481bb1daaf92f44f231ae70fc0e5547e6ca776033a9c0,946685368,946685364,4,1,1,1,94.5437,173,
run4-tbt-3s,1,continentale,3,none,true,12,178,15,1,m1,1PJJAyxet5ARk1XH3GjK9tVTPH3keFUewkjkfi,44404,14,174,1.0,44404.0,68101.0,0.652032,4.52718801e-05,2.01025256,0.13395484,0.95418118,-0.833,1.500,4.196,4.1959,-0.0001,1,,0,2,2,0,0,m2,1VAcJXZ4zmVYXXG3RSh25pvJNoJdBeVy9ChdT6,00346879d20656f5c03a996beb32ebe8ff73d61999ad0d145d34a7ece3405d2e,946685371,946685368,3,1,0,0,6.9348,173,
run4-tbt-3s,1,continentale,3,none,true,12,178,15,1,m2,1VAcJXZ4zmVYXXG3RSh25pvJNoJdBeVy9ChdT6,15454,14,174,1.0,15454.0,68101.0,0.226928,1.52597371e-05,0.23582398,0.78991971,0.64626363,-0.833,1.500,3.272,3.2722,0.0002,1,,1,1,1,1,1,m2,1VAcJXZ4zmVYXXG3RSh25pvJNoJdBeVy9ChdT6,00346879d20656f5c03a996beb32ebe8ff73d61999ad0d145d34a7ece3405d2e,946685371,946685368,3,1,0,0,21.2824,173,8
run4-tbt-3s,1,continentale,3,none,true,12,178,15,1,m3,1VuBTTQVFkVMQoHen4dKPJgUfqJY1ta899xaf7,8243,14,174,1.0,8243.0,68101.0,0.121041,0.000211661744,1.74472776,0.17469254,0.99999945,-0.833,1.500,4.333,4.3334,0.0004,1,,0,3,3,0,0,m2,1VAcJXZ4zmVYXXG3RSh25pvJNoJdBeVy9ChdT6,00346879d20656f5c03a996beb32ebe8ff73d61999ad0d145d34a7ece3405d2e,946685371,946685368,3,1,0,0,94.5437,173,
run4-tbt-3s,1,continentale,3,none,true,12,179,15,1,m1,1PJJAyxet5ARk1XH3GjK9tVTPH3keFUewkjkfi,44404,14,174,1.0,44404.0,68101.0,0.652032,3.81736696e-05,1.69506362,0.18358755,0.92570154,-0.833,1.500,4.11,4.1105,0.0005,1,,0,2,2,0,0,m2,1VAcJXZ4zmVYXXG3RSh25pvJNoJdBeVy9ChdT6,00b8943a45da8d3cfc84206793688178cbb5fd82761401be5854198dcbe12584,946685376,946685371,4,1,0,0,6.9348,173,
run4-tbt-3s,1,continentale,3,none,true,12,179,15,1,m2,1VAcJXZ4zmVYXXG3RSh25pvJNoJdBeVy9ChdT6,15454,14,174,1.0,15454.0,68101.0,0.226928,3.23213317e-05,0.49949386,0.60683773,0.88932032,-0.833,1.500,4.001,4.0014,0.0004,1,,1,1,1,1,1,m2,1VAcJXZ4zmVYXXG3RSh25pvJNoJdBeVy9ChdT6,00b8943a45da8d3cfc84206793688178cbb5fd82761401be5854198dcbe12584,946685376,946685371,4,1,0,0,21.2824,173,9
run4-tbt-3s,1,continentale,3,none,true,12,179,15,1,m3,1VuBTTQVFkVMQoHen4dKPJgUfqJY1ta899xaf7,8243,14,174,1.0,8243.0,68101.0,0.121041,4.17518052e-05,0.34416013,0.70881542,0.94176913,-0.833,1.500,4.159,4.1587,-0.0003,1,,0,3,3,0,0,m2,1VAcJXZ4zmVYXXG3RSh25pvJNoJdBeVy9ChdT6,00b8943a45da8d3cfc84206793688178cbb5fd82761401be5854198dcbe12584,946685376,946685371,4,1,0,0,94.5437,173,
run4-tbt-3s,1,continentale,3,none,true,12,180,16,1,m1,1PJJAyxet5ARk1XH3GjK9tVTPH3keFUewkjkfi,44404,14,174,1.0,44404.0,68101.0,0.652032,4.94040935e-06,0.21937394,0.80302138,0.28569613,-1.0,1.500,2.157,2.1571,0.0001,1,,1,1,1,1,1,m1,1PJJAyxet5ARk1XH3GjK9tVTPH3keFUewkjkfi,009857b6333b761020202b98e0545908eb3e11f14e060d947951fdcded856ec7,946685379,946685376,2,1,0,0,7.2015,180,1
run4-tbt-3s,1,continentale,3,none,true,12,180,16,1,m2,1VAcJXZ4zmVYXXG3RSh25pvJNoJdBeVy9ChdT6,15454,14,174,1.0,15454.0,68101.0,0.226928,4.91532731e-05,0.75961468,0.46784666,0.96482385,-1.0,1.500,4.194,4.1945,0.0005,1,,0,2,2,0,0,m1,1PJJAyxet5ARk1XH3GjK9tVTPH3keFUewkjkfi,009857b6333b761020202b98e0545908eb3e11f14e060d947951fdcded856ec7,946685379,946685376,2,1,0,0,9.7706,180,
run4-tbt-3s,1,continentale,3,none,true,12,180,16,1,m3,1VuBTTQVFkVMQoHen4dKPJgUfqJY1ta899xaf7,8243,14,174,1.0,8243.0,68101.0,0.121041,7.6613962e-05,0.63152889,0.53177815,0.99457907,-1.0,1.500,4.284,4.2837,-0.0003,1,,0,3,3,0,0,m1,1PJJAyxet5ARk1XH3GjK9tVTPH3keFUewkjkfi,009857b6333b761020202b98e0545908eb3e11f14e060d947951fdcded856ec7,946685379,946685376,2,1,0,0,75.99,180,
run4-tbt-3s,1,continentale,3,none,true,12,181,16,1,m1,1PJJAyxet5ARk1XH3GjK9tVTPH3keFUewkjkfi,44404,14,174,1.0,44404.0,68101.0,0.652032,2.82801397e-05,1.25575132,0.28486174,0.85425632,-0.917,1.500,3.879,3.8794,0.0004,1,,1,1,1,1,1,m1,1PJJAyxet5ARk1XH3GjK9tVTPH3keFUewkjkfi,00039418ca43b38b4a29c0ce5bce0afdfad7dd7402fa36d2ae4eac5ad5a8b84f,946685383,946685379,3,1,0,0,7.2015,180,2
run4-tbt-3s,1,continentale,3,none,true,12,181,16,1,m2,1VAcJXZ4zmVYXXG3RSh25pvJNoJdBeVy9ChdT6,15454,14,174,1.0,15454.0,68101.0,0.226928,5.47548268e-05,0.84618109,0.42905031,0.97597976,-0.917,1.500,4.245,4.2445,-0.0005,1,,0,2,2,0,0,m1,1PJJAyxet5ARk1XH3GjK9tVTPH3keFUewkjkfi,00039418ca43b38b4a29c0ce5bce0afdfad7dd7402fa36d2ae4eac5ad5a8b84f,946685383,946685379,3,1,0,0,9.7706,180,
run4-tbt-3s,1,continentale,3,none,true,12,181,16,1,m3,1VuBTTQVFkVMQoHen4dKPJgUfqJY1ta899xaf7,8243,14,174,1.0,8243.0,68101.0,0.121041,7.1287896e-05,0.58762613,0.55564475,0.99220893,-0.917,1.500,4.293,4.2932,0.0002,1,,0,3,3,0,0,m1,1PJJAyxet5ARk1XH3GjK9tVTPH3keFUewkjkfi,00039418ca43b38b4a29c0ce5bce0afdfad7dd7402fa36d2ae4eac5ad5a8b84f,946685383,946685379,3,1,0,0,75.99,180,
run4-tbt-3s,1,continentale,3,none,true,12,182,16,1,m1,1PJJAyxet5ARk1XH3GjK9tVTPH3keFUewkjkfi,44404,14,174,1.0,44404.0,68101.0,0.652032,3.5652909e-06,0.15831318,0.85358242,0.21557152,-0.917,1.500,1.963,1.9633,0.0003,1,,1,1,1,1,1,m1,1PJJAyxet5ARk1XH3GjK9tVTPH3keFUewkjkfi,00fb490604da8c5d3c6620630224752f601f1857f3f8ba6dcc808a3327cac393,946685386,946685383,1,1,0,0,7.2015,180,3
run4-tbt-3s,1,continentale,3,none,true,12,182,16,1,m2,1VAcJXZ4zmVYXXG3RSh25pvJNoJdBeVy9ChdT6,15454,14,174,1.0,15454.0,68101.0,0.226928,2.15350415e-05,0.33280253,0.71691175,0.76928172,-0.917,1.500,3.625,3.6244,-0.0006,1,,0,2,2,0,0,m1,1PJJAyxet5ARk1XH3GjK9tVTPH3keFUewkjkfi,00fb490604da8c5d3c6620630224752f601f1857f3f8ba6dcc808a3327cac393,946685386,946685383,1,1,0,0,9.7706,180,
run4-tbt-3s,1,continentale,3,none,true,12,182,16,1,m3,1VuBTTQVFkVMQoHen4dKPJgUfqJY1ta899xaf7,8243,14,174,1.0,8243.0,68101.0,0.121041,0.000195305113,1.60990005,0.19990759,0.99999833,-0.917,1.500,4.317,4.3166,-0.0004,1,,0,3,3,0,0,m1,1PJJAyxet5ARk1XH3GjK9tVTPH3keFUewkjkfi,00fb490604da8c5d3c6620630224752f601f1857f3f8ba6dcc808a3327cac393,946685386,946685383,1,1,0,0,75.99,180,
run4-tbt-3s,1,continentale,3,none,true,12,183,16,1,m1,1PJJAyxet5ARk1XH3GjK9tVTPH3keFUewkjkfi,44404,14,174,1.0,44404.0,68101.0,0.652032,2.18498091e-06,0.09702189,0.90753614,0.13825802,-1.0,1.500,1.715,1.7148,-0.0002,1,,1,1,1,1,1,m1,1PJJAyxet5ARk1XH3GjK9tVTPH3keFUewkjkfi,00b76a2ef88ceec8fec45e0c7a53beca8f1a0c7c4cae74430359ba84411cda7d,946685388,946685386,1,1,0,0,7.2015,180,4
run4-tbt-3s,1,continentale,3,none,true,12,183,16,1,m2,1VAcJXZ4zmVYXXG3RSh25pvJNoJdBeVy9ChdT6,15454,14,174,1.0,15454.0,68101.0,0.226928,7.59372215e-05,1.17353382,0.3092721,0.99432339,-1.0,1.500,4.283,4.283,-0.0,1,,0,2,2,0,0,m1,1PJJAyxet5ARk1XH3GjK9tVTPH3keFUewkjkfi,00b76a2ef88ceec8fec45e0c7a53beca8f1a0c7c4cae74430359ba84411cda7d,946685388,946685386,1,1,0,0,9.7706,180,
run4-tbt-3s,1,continentale,3,none,true,12,183,16,1,m3,1VuBTTQVFkVMQoHen4dKPJgUfqJY1ta899xaf7,8243,14,174,1.0,8243.0,68101.0,0.121041,0.000118627787,0.97784885,0.37611932,0.99968992,-1.0,1.500,4.299,4.2991,0.0001,1,,0,3,3,0,0,m1,1PJJAyxet5ARk1XH3GjK9tVTPH3keFUewkjkfi,00b76a2ef88ceec8fec45e0c7a53beca8f1a0c7c4cae74430359ba84411cda7d,946685388,946685386,1,1,0,0,75.99,180,
run4-tbt-3s,1,continentale,3,none,true,12,184,16,1,m1,1PJJAyxet5ARk1XH3GjK9tVTPH3keFUewkjkfi,44404,14,174,1.0,44404.0,68101.0,0.652032,4.34216229e-06,0.19280937,0.82463916,0.25599356,-0.75,1.500,2.118,2.118,-0.0,1,,1,1,1,1,1,m1,1PJJAyxet5ARk1XH3GjK9tVTPH3keFUewkjkfi,0054e3cec2a7ac258fb9de8344aa6b6ecb59dd9279968477661d170d426c3a83,946685390,946685388,2,1,0,0,7.2015,180,5
run4-tbt-3s,1,continentale,3,none,true,12,184,16,1,m2,1VAcJXZ4zmVYXXG3RSh25pvJNoJdBeVy9ChdT6,15454,14,174,1.0,15454.0,68101.0,0.226928,2.02720179e-05,0.31328376,0.73104244,0.74855844,-0.75,1.500,3.596,3.5957,-0.0003,1,,0,2,2,0,0,m1,1PJJAyxet5ARk1XH3GjK9tVTPH3keFUewkjkfi,0054e3cec2a7ac258fb9de8344aa6b6ecb59dd9279968477661d170d426c3a83,946685390,946685388,2,1,0,0,9.7706,180,
run4-tbt-3s,1,continentale,3,none,true,12,184,16,1,m3,1VuBTTQVFkVMQoHen4dKPJgUfqJY1ta899xaf7,8243,14,174,1.0,8243.0,68101.0,0.121041,7.45409861e-05,0.61444135,0.54094301,0.99375713,-0.75,1.500,4.331,4.3313,0.0003,1,,0,3,3,0,0,m1,1PJJAyxet5ARk1XH3GjK9tVTPH3keFUewkjkfi,0054e3cec2a7ac258fb9de8344aa6b6ecb59dd9279968477661d170d426c3a83,946685390,946685388,2,1,0,0,75.99,180,
run4-tbt-3s,1,continentale,3,none,true,12,185,16,1,m1,1PJJAyxet5ARk1XH3GjK9tVTPH3keFUewkjkfi,44404,14,174,1.0,44404.0,68101.0,0.652032,4.38772258e-05,1.94832433,0.14251268,0.94961607,-0.583,1.500,4.232,4.2322,0.0002,1,,1,1,1,1,1,m1,1PJJAyxet5ARk1XH3GjK9tVTPH3keFUewkjkfi,00bd56b6ad0bad3988eaa7bc1f1fd3909d1ad292396c652c9f732c269b2a72cf,946685394,946685390,4,1,0,0,7.2015,180,6
run4-tbt-3s,1,continentale,3,none,true,12,185,16,1,m2,1VAcJXZ4zmVYXXG3RSh25pvJNoJdBeVy9ChdT6,15454,14,174,1.0,15454.0,68101.0,0.226928,8.50143816e-05,1.31381225,0.26879339,0.99694069,-0.583,1.500,4.374,4.3742,0.0002,1,,0,2,3,0,0,m1,1PJJAyxet5ARk1XH3GjK9tVTPH3keFUewkjkfi,00bd56b6ad0bad3988eaa7bc1f1fd3909d1ad292396c652c9f732c269b2a72cf,946685394,946685390,4,1,0,0,9.7706,180,
run4-tbt-3s,1,continentale,3,none,true,12,185,16,1,m3,1VuBTTQVFkVMQoHen4dKPJgUfqJY1ta899xaf7,8243,14,174,1.0,8243.0,68101.0,0.121041,8.47708359e-05,0.698766,0.49719847,0.99688952,-0.583,1.500,4.374,4.3741,0.0001,1,,0,3,2,0,0,m1,1PJJAyxet5ARk1XH3GjK9tVTPH3keFUewkjkfi,00bd56b6ad0bad3988eaa7bc1f1fd3909d1ad292396c652c9f732c269b2a72cf,946685394,946685390,4,1,0,0,75.99,180,
run4-tbt-3s,1,continentale,3,none,true,12,186,16,1,m1,1PJJAyxet5ARk1XH3GjK9tVTPH3keFUewkjkfi,44404,14,174,1.0,44404.0,68101.0,0.652032,1.77415672e-05,0.78779655,0.45484592,0.701271,-0.667,1.500,3.47,3.4704,0.0004,1,,1,2,2,0,0,m1,1PJJAyxet5ARk1XH3GjK9tVTPH3keFUewkjkfi,000380e7fe30930d23dcf9d56a0294fbd5c3fc957674e793b8769bc5ef4cfe76,946685399,946685394,3,1,1,1,7.2015,180,7
run4-tbt-3s,1,continentale,3,none,true,12,186,16,1,m2,1VAcJXZ4zmVYXXG3RSh25pvJNoJdBeVy9ChdT6,15454,14,174,1.0,15454.0,68101.0,0.226928,1.39211903e-05,0.21513807,0.80643008,0.61250293,-0.667,1.500,3.204,3.2041,0.0001,1,,0,1,1,1,1,m1,1PJJAyxet5ARk1XH3GjK9tVTPH3keFUewkjkfi,000380e7fe30930d23dcf9d56a0294fbd5c3fc957674e793b8769bc5ef4cfe76,946685399,946685394,3,1,1,1,9.7706,180,
run4-tbt-3s,1,continentale,3,none,true,12,186,16,1,m3,1VuBTTQVFkVMQoHen4dKPJgUfqJY1ta899xaf7,8243,14,174,1.0,8243.0,68101.0,0.121041,0.000103863157,0.856144,0.42479694,0.99915247,-0.667,1.500,4.364,4.3641,0.0001,1,,0,3,3,0,0,m1,1PJJAyxet5ARk1XH3GjK9tVTPH3keFUewkjkfi,000380e7fe30930d23dcf9d56a0294fbd5c3fc957674e793b8769bc5ef4cfe76,946685399,946685394,3,1,1,1,75.99,180,
run4-tbt-3s,1,continentale,3,none,true,12,187,16,1,m1,1PJJAyxet5ARk1XH3GjK9tVTPH3keFUewkjkfi,52503,15,186,1.0,52503.0,78826.0,0.666062,6.61498551e-06,0.34730658,0.70658867,0.4063307,-0.667,1.500,2.586,2.5856,-0.0004,1,,1,1,1,1,1,m1,1PJJAyxet5ARk1XH3GjK9tVTPH3keFUewkjkfi,00ba00d320318612425b9921cceb1d9c7883b4722af25ed2744a851cf5e9912c,946685402,946685399,2,1,0,0,7.2015,180,8
run4-tbt-3s,1,continentale,3,none,true,12,187,16,1,m2,1VAcJXZ4zmVYXXG3RSh25pvJNoJdBeVy9ChdT6,18080,15,186,1.0,18080.0,78826.0,0.229366,1.51614546e-05,0.2741191,0.76024153,0.69733141,-0.667,1.500,3.459,3.4586,-0.0004,1,,0,2,2,0,0,m1,1PJJAyxet5ARk1XH3GjK9tVTPH3keFUewkjkfi,00ba00d320318612425b9921cceb1d9c7883b4722af25ed2744a851cf5e9912c,946685402,946685399,2,1,0,0,9.7706,180,
run4-tbt-3s,1,continentale,3,none,true,12,187,16,1,m3,1VuBTTQVFkVMQoHen4dKPJgUfqJY1ta899xaf7,8243,14,174,1.0,8243.0,78826.0,0.104572,2.42249128e-05,0.19968596,0.81898791,0.8518534,-0.667,1.500,3.922,3.9222,0.0002,1,,0,3,3,0,0,m1,1PJJAyxet5ARk1XH3GjK9tVTPH3keFUewkjkfi,00ba00d320318612425b9921cceb1d9c7883b4722af25ed2744a851cf5e9912c,946685402,946685399,2,1,0,0,75.99,180,
run4-tbt-3s,1,continentale,3,none,true,12,188,16,1,m1,1PJJAyxet5ARk1XH3GjK9tVTPH3keFUewkjkfi,52503,15,186,1.0,52503.0,78826.0,0.666062,2.12950989e-06,0.11180566,0.89421802,0.15452844,-0.583,1.500,1.847,1.847,-0.0,1,,1,1,1,1,1,m1,1PJJAyxet5ARk1XH3GjK9tVTPH3keFUewkjkfi,00a22f7a4c917efaa779a698772db7b5ba6874bc7ca78d10f2e036a16ca9cf64,946685404,946685402,1,1,0,0,7.2015,180,9
run4-tbt-3s,1,continentale,3,none,true,12,188,16,1,m2,1VAcJXZ4zmVYXXG3RSh25pvJNoJdBeVy9ChdT6,18080,15,186,1.0,18080.0,78826.0,0.229366,4.32181163e-05,0.78138354,0.45777223,0.96684996,-0.583,1.500,4.284,4.2839,-0.0001,1,,0,2,2,0,0,m1,1PJJAyxet5ARk1XH3GjK9tVTPH3keFUewkjkfi,00a22f7a4c917efaa779a698772db7b5ba6874bc7ca78d10f2e036a16ca9cf64,946685404,946685402,1,1,0,0,9.7706,180,
run4-tbt-3s,1,continentale,3,none,true,12,188,16,1,m3,1VuBTTQVFkVMQoHen4dKPJgUfqJY1ta899xaf7,8243,14,174,1.0,8243.0,78826.0,0.104572,0.000156344817,1.28875033,0.275615,0.99999556,-0.583,1.500,4.383,4.3834,0.0004,1,,0,3,3,0,0,m1,1PJJAyxet5ARk1XH3GjK9tVTPH3keFUewkjkfi,00a22f7a4c917efaa779a698772db7b5ba6874bc7ca78d10f2e036a16ca9cf64,946685404,946685402,1,1,0,0,75.99,180,
run4-tbt-3s,1,continentale,3,none,true,12,189,16,1,m1,1PJJAyxet5ARk1XH3GjK9tVTPH3keFUewkjkfi,52503,15,186,1.0,52503.0,78826.0,0.666062,7.25024589e-06,0.38065966,0.68341044,0.43532666,-0.333,1.500,2.739,2.7394,0.0004,1,,1,2,2,0,0,m1,1PJJAyxet5ARk1XH3GjK9tVTPH3keFUewkjkfi,00047216e39997d24dfa9f3463853c505a1ef9d7dc7edd7f8aa0c1b9f1c2af82,946685408,946685404,2,1,0,0,7.2015,180,10
run4-tbt-3s,1,continentale,3,none,true,12,189,16,1,m2,1VAcJXZ4zmVYXXG3RSh25pvJNoJdBeVy9ChdT6,18080,15,186,1.0,18080.0,78826.0,0.229366,4.15420238e-05,0.75107979,0.47185677,0.96216768,-0.333,1.500,4.32,4.3199,-0.0001,1,,0,3,3,0,0,m1,1PJJAyxet5ARk1XH3GjK9tVTPH3keFUewkjkfi,00047216e39997d24dfa9f3463853c505a1ef9d7dc7edd7f8aa0c1b9f1c2af82,946685408,946685404,2,1,0,0,9.7706,180,
run4-tbt-3s,1,continentale,3,none,true,12,189,16,1,m3,1VuBTTQVFkVMQoHen4dKPJgUfqJY1ta899xaf7,8243,14,174,1.0,8243.0,78826.0,0.104572,5.34236591e-06,0.04403712,0.95691843,0.34368691,-0.333,1.500,2.464,2.4645,0.0005,1,,0,1,1,1,1,m1,1PJJAyxet5ARk1XH3GjK9tVTPH3keFUewkjkfi,00047216e39997d24dfa9f3463853c505a1ef9d7dc7edd7f8aa0c1b9f1c2af82,946685408,946685404,2,1,0,0,75.99,180,
run4-tbt-3s,1,continentale,3,none,true,12,190,16,1,m1,1PJJAyxet5ARk1XH3GjK9tVTPH3keFUewkjkfi,52503,15,186,1.0,52503.0,78826.0,0.666062,1.67275054e-05,0.87824422,0.41551182,0.73248037,-0.333,1.500,3.631,3.6308,-0.0002,1,,1,2,2,0,0,m1,1PJJAyxet5ARk1XH3GjK9tVTPH3keFUewkjkfi,00fc22b3d81113b4f35cdd91ced34ace66048e1b40eb53ab3a099276c41946ca,946685412,946685408,3,1,1,1,108.4697,190,11
run4-tbt-3s,1,continentale,3,none,true,12,190,16,1,m2,1VAcJXZ4zmVYXXG3RSh25pvJNoJdBeVy9ChdT6,18080,15,186,1.0,18080.0,78826.0,0.229366,8.63347193e-06,0.15609317,0.85547948,0.49365755,-0.333,1.500,2.914,2.9144,0.0004,1,,0,1,1,1,1,m1,1PJJAyxet5ARk1XH3GjK9tVTPH3keFUewkjkfi,00fc22b3d81113b4f35cdd91ced34ace66048e1b40eb53ab3a099276c41946ca,946685412,946685408,3,1,1,1,109.665,190,
run4-tbt-3s,1,continentale,3,none,true,12,190,16,1,m3,1VuBTTQVFkVMQoHen4dKPJgUfqJY1ta899xaf7,8243,14,174,1.0,8243.0,78826.0,0.104572,8.08820173e-05,0.66671047,0.51339463,0.99829741,-0.333,1.500,4.428,4.4283,0.0003,1,,0,3,3,0,0,m1,1PJJAyxet5ARk1XH3GjK9tVTPH3keFUewkjkfi,00fc22b3d81113b4f35cdd91ced34ace66048e1b40eb53ab3a099276c41946ca,946685412,946685408,3,1,1,1,75.99,190,
run4-tbt-3s,1,continentale,3,none,true,12,191,16,1,m1,1PJJAyxet5ARk1XH3GjK9tVTPH3keFUewkjkfi,52503,15,186,1.0,52503.0,78826.0,0.666062,2.34807533e-05,1.23280999,0.29147239,0.84290332,-0.417,1.500,3.945,3.9453,0.0003,1,,1,1,1,1,1,m1,1PJJAyxet5ARk1XH3GjK9tVTPH3keFUewkjkfi,0078ec96e01cf755bcb7dee76e3cb280f1114b3c1729f67e8b4fbccc3060a70c,946685417,946685412,3,1,0,0,108.4697,190,12
run4-tbt-3s,1,continentale,3,none,true,12,191,16,1,m2,1VAcJXZ4zmVYXXG3RSh25pvJNoJdBeVy9ChdT6,18080,15,186,1.0,18080.0,78826.0,0.229366,6.68447052e-05,1.20855227,0.2986293,0.99485176,-0.417,1.500,4.401,4.4012,0.0002,1,,0,3,3,0,0,m1,1PJJAyxet5ARk1XH3GjK9tVTPH3keFUewkjkfi,0078ec96e01cf755bcb7dee76e3cb280f1114b3c1729f67e8b4fbccc3060a70c,946685417,946685412,3,1,0,0,109.665,190,
run4-tbt-3s,1,continentale,3,none,true,12,191,16,1,m3,1VuBTTQVFkVMQoHen4dKPJgUfqJY1ta899xaf7,8243,14,174,1.0,8243.0,78826.0,0.104572,5.27710904e-05,0.4349921,0.64726978,0.98438829,-0.417,1.500,4.37,4.3698,-0.0002,1,,0,2,2,0,0,m1,1PJJAyxet5ARk1XH3GjK9tVTPH3keFUewkjkfi,0078ec96e01cf755bcb7dee76e3cb280f1114b3c1729f67e8b4fbccc3060a70c,946685417,946685412,3,1,0,0,75.99,190,
run4-tbt-3s,1,continentale,3,none,true,12,192,17,1,m1,1PJJAyxet5ARk1XH3GjK9tVTPH3keFUewkjkfi,52503,15,186,1.0,52503.0,78826.0,0.666062,1.08552112e-05,0.56993115,0.56556437,0.57500288,-0.417,1.500,3.142,3.1416,-0.0004,1,,1,1,1,1,1,m1,1PJJAyxet5ARk1XH3GjK9tVTPH3keFUewkjkfi,007ba656ac22ce0ceeea8c2bc58d2b74cc4146673b62f391da799be9f632ff17,946685420,946685417,3,1,0,0,108.4697,190,13
run4-tbt-3s,1,continentale,3,none,true,12,192,17,1,m2,1VAcJXZ4zmVYXXG3RSh25pvJNoJdBeVy9ChdT6,18080,15,186,1.0,18080.0,78826.0,0.229366,6.86974536e-05,1.24204996,0.2887916,0.99555131,-0.417,1.500,4.403,4.4033,0.0003,1,,0,3,3,0,0,m1,1PJJAyxet5ARk1XH3GjK9tVTPH3keFUewkjkfi,007ba656ac22ce0ceeea8c2bc58d2b74cc4146673b62f391da799be9f632ff17,946685420,946685417,3,1,0,0,109.665,190,
run4-tbt-3s,1,continentale,3,none,true,12,192,17,1,m3,1VuBTTQVFkVMQoHen4dKPJgUfqJY1ta899xaf7,8243,14,174,1.0,8243.0,78826.0,0.104572,2.28622354e-05,0.18845341,0.82823909,0.83505424,-0.417,1.500,3.922,3.9218,-0.0002,1,,0,2,2,0,0,m1,1PJJAyxet5ARk1XH3GjK9tVTPH3keFUewkjkfi,007ba656ac22ce0ceeea8c2bc58d2b74cc4146673b62f391da799be9f632ff17,946685420,946685417,3,1,0,0,75.99,190,
run4-tbt-3s,1,continentale,3,none,true,12,193,17,1,m1,1PJJAyxet5ARk1XH3GjK9tVTPH3keFUewkjkfi,52503,15,186,1.0,52503.0,78826.0,0.666062,1.82125187e-05,0.95621187,0.38434608,0.76203222,-0.417,1.500,3.703,3.7027,-0.0003,1,,1,1,1,1,1,m1,1PJJAyxet5ARk1XH3GjK9tVTPH3keFUewkjkfi,00774a016be81b41e969397ba5e61dc1876d278f8b7afc503ad4cb0f92bb1fbf,946685424,946685420,3,1,0,0,108.4697,190,14
run4-tbt-3s,1,continentale,3,none,true,12,193,17,1,m2,1VAcJXZ4zmVYXXG3RSh25pvJNoJdBeVy9ChdT6,18080,15,186,1.0,18080.0,78826.0,0.229366,0.000109905515,1.98709171,0.13709355,0.99982721,-0.417,1.500,4.416,4.4161,0.0001,1,,0,3,3,0,0,m1,1PJJAyxet5ARk1XH3GjK9tVTPH3keFUewkjkfi,00774a016be81b41e969397ba5e61dc1876d278f8b7afc503ad4cb0f92bb1fbf,946685424,946685420,3,1,0,0,109.665,190,
run4-tbt-3s,1,continentale,3,none,true,12,193,17,1,m3,1VuBTTQVFkVMQoHen4dKPJgUfqJY1ta899xaf7,8243,14,174,1.0,8243.0,78826.0,0.104572,8.62818972e-05,0.71122168,0.49104393,0.99888762,-0.417,1.500,4.413,4.4133,0.0003,1,,0,2,2,0,0,m1,1PJJAyxet5ARk1XH3GjK9tVTPH3keFUewkjkfi,00774a016be81b41e969397ba5e61dc1876d278f8b7afc503ad4cb0f92bb1fbf,946685424,946685420,3,1,0,0,75.99,190,
run4-tbt-3s,1,continentale,3,none,true,12,194,17,1,m1,1PJJAyxet5ARk1XH3GjK9tVTPH3keFUewkjkfi,52503,15,186,1.0,52503.0,78826.0,0.666062,2.23002973e-05,1.17083251,0.31010867,0.82758368,-0.417,1.500,3.899,3.8994,0.0004,1,,1,2,2,0,0,m1,1PJJAyxet5ARk1XH3GjK9tVTPH3keFUewkjkfi,00bb97470cdb62ae89d604ae960d21a779852e097d9bfb2c8160fbfe7d9e7159,946685429,946685424,3,1,0,0,108.4697,190,15
run4-tbt-3s,1,continentale,3,none,true,12,194,17,1,m2,1VAcJXZ4zmVYXXG3RSh25pvJNoJdBeVy9ChdT6,18080,15,186,1.0,18080.0,78826.0,0.229366,5.64279846e-05,1.02021796,0.36051635,0.98829796,-0.417,1.500,4.382,4.3815,-0.0005,1,,0,3,3,0,0,m1,1PJJAyxet5ARk1XH3GjK9tVTPH3keFUewkjkfi,00bb97470cdb62ae89d604ae960d21a779852e097d9bfb2c8160fbfe7d9e7159,946685429,946685424,3,1,0,0,109.665,190,
run4-tbt-3s,1,continentale,3,none,true,12,194,17,1,m3,1VuBTTQVFkVMQoHen4dKPJgUfqJY1ta899xaf7,8243,14,174,1.0,8243.0,78826.0,0.104572,1.85443351e-05,0.15286095,0.85824905,0.76817575,-0.417,1.500,3.721,3.7211,0.0001,1,,0,1,1,1,1,m1,1PJJAyxet5ARk1XH3GjK9tVTPH3keFUewkjkfi,00bb97470cdb62ae89d604ae960d21a779852e097d9bfb2c8160fbfe7d9e7159,946685429,946685424,3,1,0,0,75.99,190,
run4-tbt-3s,1,continentale,3,none,true,12,195,17,1,m1,1PJJAyxet5ARk1XH3GjK9tVTPH3keFUewkjkfi,52503,15,186,1.0,52503.0,78826.0,0.666062,3.15995379e-05,1.65907054,0.19031579,0.91716173,-0.583,1.500,4.135,4.1349,-0.0001,1,,1,1,1,1,1,m1,1PJJAyxet5ARk1XH3GjK9tVTPH3keFUewkjkfi,00fbf4cde415812e92cd14cd9f1d74ad07e84763122dbd8afd330c4820d6134b,946685433,946685429,4,1,0,0,108.4697,190,16
run4-tbt-3s,1,continentale,3,none,true,12,195,17,1,m2,1VAcJXZ4zmVYXXG3RSh25pvJNoJdBeVy9ChdT6,18080,15,186,1.0,18080.0,78826.0,0.229366,4.38733735e-05,0.79323059,0.45238097,0.96851873,-0.583,1.500,4.289,4.289,-0.0,1,,0,2,2,0,0,m1,1PJJAyxet5ARk1XH3GjK9tVTPH3keFUewkjkfi,00fbf4cde415812e92cd14cd9f1d74ad07e84763122dbd8afd330c4820d6134b,946685433,946685429,4,1,0,0,109.665,190,
run4-tbt-3s,1,continentale,3,none,true,12,195,17,1,m3,1VuBTTQVFkVMQoHen4dKPJgUfqJY1ta899xaf7,8243,14,174,1.0,8243.0,78826.0,0.104572,9.73546883e-05,0.8024947,0.44820942,0.99953528,-0.583,1.500,4.382,4.382,0.0,1,,0,3,3,0,0,m1,1PJJAyxet5ARk1XH3GjK9tVTPH3keFUewkjkfi,00fbf4cde415812e92cd14cd9f1d74ad07e84763122dbd8afd330c4820d6134b,946685433,946685429,4,1,0,0,75.99,190,
run4-tbt-3s,1,continentale,3,none,true,12,196,17,1,m1,1PJJAyxet5ARk1XH3GjK9tVTPH3keFUewkjkfi,52503,15,186,1.0,52503.0,78826.0,0.666062,2.56536213e-05,1.34689208,0.26004721,0.8676324,-0.75,1.500,3.953,3.9529,-0.0001,1,,1,1,1,1,1,m1,1PJJAyxet5ARk1XH3GjK9tVTPH3keFUewkjkfi,00a3e6fc587aac9b7e71280fc9ab084ffa354f26c4b977f3168d70f4f6786644,946685437,946685433,3,1,0,0,108.4697,190,17
run4-tbt-3s,1,continentale,3,none,true,12,196,17,1,m2,1VAcJXZ4zmVYXXG3RSh25pvJNoJdBeVy9ChdT6,18080,15,186,1.0,18080.0,78826.0,0.229366,2.66811508e-05,0.48239521,0.61730305,0.87793095,-0.75,1.500,3.984,3.9838,-0.0002,1,,0,2,2,0,0,m1,1PJJAyxet5ARk1XH3GjK9tVTPH3keFUewkjkfi,00a3e6fc587aac9b7e71280fc9ab084ffa354f26c4b977f3168d70f4f6786644,946685437,946685433,3,1,0,0,109.665,190,
run4-tbt-3s,1,continentale,3,none,true,12,196,17,1,m3,1VuBTTQVFkVMQoHen4dKPJgUfqJY1ta899xaf7,8243,14,174,1.0,8243.0,78826.0,0.104572,5.7903979e-05,0.4773025,0.62045481,0.98958324,-0.75,1.500,4.319,4.3187,-0.0003,1,,0,3,3,0,0,m1,1PJJAyxet5ARk1XH3GjK9tVTPH3keFUewkjkfi,00a3e6fc587aac9b7e71280fc9ab084ffa354f26c4b977f3168d70f4f6786644,946685437,946685433,3,1,0,0,75.99,190,
run4-tbt-3s,1,continentale,3,none,true,12,197,17,1,m1,1PJJAyxet5ARk1XH3GjK9tVTPH3keFUewkjkfi,52503,15,186,1.0,52503.0,78826.0,0.666062,3.47570901e-05,1.8248515,0.16124159,0.93541431,-0.917,1.500,4.123,4.1228,-0.0002,1,,1,2,2,0,0,m1,1PJJAyxet5ARk1XH3GjK9tVTPH3keFUewkjkfi,00fbdcf0a10cd12a126c7270e044ab7cbc844ba520fc9c54107ce5d5373387fd,946685442,946685437,4,1,0,0,7.5483,197,18
run4-tbt-3s,1,continentale,3,none,true,12,197,17,1,m2,1VAcJXZ4zmVYXXG3RSh25pvJNoJdBeVy9ChdT6,18080,15,186,1.0,18080.0,78826.0,0.229366,2.49135774e-05,0.45043748,0.63734926,0.85968111,-0.917,1.500,3.896,3.8956,-0.0004,1,,0,1,1,1,1,m1,1PJJAyxet5ARk1XH3GjK9tVTPH3keFUewkjkfi,00fbdcf0a10cd12a126c7270e044ab7cbc844ba520fc9c54107ce5d5373387fd,946685442,946685437,4,1,0,0,45.0208,197,
run4-tbt-3s,1,continentale,3,none,true,12,197,17,1,m3,1VuBTTQVFkVMQoHen4dKPJgUfqJY1ta899xaf7,8243,14,174,1.0,8243.0,78826.0,0.104572,0.000593120526,4.8890925,0.00752825,1.0,-0.917,1.500,4.317,4.3166,-0.0004,1,,0,3,3,0,0,m1,1PJJAyxet5ARk1XH3GjK9tVTPH3keFUewkjkfi,00fbdcf0a10cd12a126c7270e044ab7cbc844ba520fc9c54107ce5d5373387fd,946685442,946685437,4,1,0,0,61.147,197,
run4-tbt-3s,1,continentale,3,none,true,12,198,17,1,m1,1PJJAyxet5ARk1XH3GjK9tVTPH3keFUewkjkfi,52503,15,186,1.0,52503.0,78826.0,0.666062,1.6351924e-05,0.85852507,0.42378668,0.72444189,-1.0,1.500,3.473,3.4733,0.0003,1,,1,2,2,0,0,m1,1PJJAyxet5ARk1XH3GjK9tVTPH3keFUewkjkfi,00f82fedce0641faaabad2c1c34195fe6d0aa17ccd30a5f731f7f6f233313227,946685446,946685442,3,1,0,0,7.5483,197,19
run4-tbt-3s,1,continentale,3,none,true,12,198,17,1,m2,1VAcJXZ4zmVYXXG3RSh25pvJNoJdBeVy9ChdT6,18080,15,186,1.0,18080.0,78826.0,0.229366,1.41875577e-05,0.25651104,0.77374645,0.67318088,-1.0,1.500,3.32,3.3195,-0.0005,1,,0,1,1,1,1,m1,1PJJAyxet5ARk1XH3GjK9tVTPH3keFUewkjkfi,00f82fedce0641faaabad2c1c34195fe6d0aa17ccd30a5f731f7f6f233313227,946685446,946685442,3,1,0,0,45.0208,197,
run4-tbt-3s,1,continentale,3,none,true,12,198,17,1,m3,1VuBTTQVFkVMQoHen4dKPJgUfqJY1ta899xaf7,8243,14,174,1.0,8243.0,78826.0,0.104572,0.000551315139,4.54449069,0.01062558,1.0,-1.0,1.500,4.3,4.3,0.0,1,,0,3,3,0,0,m1,1PJJAyxet5ARk1XH3GjK9tVTPH3keFUewkjkfi,00f82fedce0641faaabad2c1c34195fe6d0aa17ccd30a5f731f7f6f233313227,946685446,946685442,3,1,0,0,61.147,197,
run4-tbt-3s,1,continentale,3,none,true,12,199,17,1,m1,1PJJAyxet5ARk1XH3GjK9tVTPH3keFUewkjkfi,51006,16,198,1.0,51006.0,74912.0,0.680879,1.85815325e-05,0.94776965,0.38760456,0.75141732,-0.917,1.500,3.571,3.5709,-0.0001,1,,1,2,2,0,0,m1,1PJJAyxet5ARk1XH3GjK9tVTPH3keFUewkjkfi,00fd62680ec02575f03293762108626b892954225de547cd9aecf6330c481439,946685451,946685446,3,1,1,1,7.5483,197,20
run4-tbt-3s,1,continentale,3,none,true,12,199,17,1,m2,1VAcJXZ4zmVYXXG3RSh25pvJNoJdBeVy9ChdT6,18080,15,186,1.0,18080.0,74912.0,0.24135,4.82036414e-06,0.08715218,0.9165376,0.30309287,-0.917,1.500,2.226,2.2259,-0.0001,1,,0,1,1,1,1,m1,1PJJAyxet5ARk1XH3GjK9tVTPH3keFUewkjkfi,00fd62680ec02575f03293762108626b892954225de547cd9aecf6330c481439,946685451,946685446,3,1,1,1,45.0208,197,
run4-tbt-3s,1,continentale,3,none,true,12,199,17,1,m3,1VuBTTQVFkVMQoHen4dKPJgUfqJY1ta899xaf7,5826,16,198,1.0,5826.0,74912.0,0.077771,0.00022691354,1.32199828,0.26660202,0.99999996,-0.917,1.500,4.317,4.3166,-0.0004,1,,0,3,3,0,0,m1,1PJJAyxet5ARk1XH3GjK9tVTPH3keFUewkjkfi,00fd62680ec02575f03293762108626b892954225de547cd9aecf6330c481439,946685451,946685446,3,1,1,1,61.147,197,
run4-tbt-3s,1,continentale,3,none,true,12,200,17,1,m1,1PJJAyxet5ARk1XH3GjK9tVTPH3keFUewkjkfi,51006,16,198,1.0,51006.0,74912.0,0.680879,4.21335724e-05,2.14906499,0.11659312,0.95741743,-1.083,1.500,4.156,4.1557,-0.0003,1,,1,2,2,0,0,m1,1PJJAyxet5ARk1XH3GjK9tVTPH3keFUewkjkfi,004cf8d2bf5826ed496f5874c596d576c3fe73ab830cb3d9e048662f4f6ce628,946685455,946685451,4,1,1,1,7.5483,197,21
run4-tbt-3s,1,continentale,3,none,true,12,200,17,1,m2,1VAcJXZ4zmVYXXG3RSh25pvJNoJdBeVy9ChdT6,18080,15,186,1.0,18080.0,74912.0,0.24135,3.70036208e-05,0.66902546,0.5122075,0.93746415,-1.083,1.500,4.096,4.0958,-0.0002,1,,0,1,1,1,1,m1,1PJJAyxet5ARk1XH3GjK9tVTPH3keFUewkjkfi,004cf8d2bf5826ed496f5874c596d576c3fe73ab830cb3d9e048662f4f6ce628,946685455,946685451,4,1,1,1,45.0208,197,
run4-tbt-3s,1,continentale,3,none,true,12,200,17,1,m3,1VuBTTQVFkVMQoHen4dKPJgUfqJY1ta899xaf7,5826,16,198,1.0,5826.0,74912.0,0.077771,0.000102210305,0.59547724,0.5512994,0.99952717,-1.083,1.500,4.282,4.282,-0.0,1,,0,3,3,0,0,m1,1PJJAyxet5ARk1XH3GjK9tVTPH3keFUewkjkfi,004cf8d2bf5826ed496f5874c596d576c3fe73ab830cb3d9e048662f4f6ce628,946685455,946685451,4,1,1,1,61.147,197,
run4-tbt-3s,1,continentale,3,none,true,12,201,17,1,m1,1PJJAyxet5ARk1XH3GjK9tVTPH3keFUewkjkfi,51006,16,198,1.0,51006.0,74912.0,0.680879,2.09046939e-05,1.06626482,0.34429211,0.79112357,-1.25,1.500,3.623,3.6234,0.0004,1,,1,1,1,1,1,m1,1PJJAyxet5ARk1XH3GjK9tVTPH3keFUewkjkfi,0062ef9f5f29790dfa2e3c7770395ff7c50f5e37c1648f2e86e0633fb4ef1b66,946685460,946685455,3,1,1,1,7.5483,197,22
run4-tbt-3s,1,continentale,3,none,true,12,201,17,1,m2,1VAcJXZ4zmVYXXG3RSh25pvJNoJdBeVy9ChdT6,18080,15,186,1.0,18080.0,74912.0,0.24135,0.000111442936,2.01488828,0.1333353,0.99976323,-1.25,1.500,4.249,4.2493,0.0003,1,,0,3,3,0,0,m1,1PJJAyxet5ARk1XH3GjK9tVTPH3keFUewkjkfi,0062ef9f5f29790dfa2e3c7770395ff7c50f5e37c1648f2e86e0633fb4ef1b66,946685460,946685455,3,1,1,1,45.0208,197,
run4-tbt-3s,1,continentale,3,none,true,12,201,17,1,m3,1VuBTTQVFkVMQoHen4dKPJgUfqJY1ta899xaf7,5826,16,198,1.0,5826.0,74912.0,0.077771,4.85231286e-05,0.28269575,0.75374908,0.97361513,-1.25,1.500,4.171,4.1708,-0.0002,1,,0,2,2,0,0,m1,1PJJAyxet5ARk1XH3GjK9tVTPH3keFUewkjkfi,0062ef9f5f29790dfa2e3c7770395ff7c50f5e37c1648f2e86e0633fb4ef1b66,946685460,946685455,3,1,1,1,61.147,197,
run4-tbt-3s,1,continentale,3,none,true,12,202,17,1,m1,1PJJAyxet5ARk1XH3GjK9tVTPH3keFUewkjkfi,51006,16,198,1.0,51006.0,74912.0,0.680879,3.72163601e-05,1.89825766,0.14982945,0.93845286,-1.333,1.500,4.049,4.0488,-0.0002,1,,1,2,2,0,0,m1,1PJJAyxet5ARk1XH3GjK9tVTPH3keFUewkjkfi,00a11cbe62340704bcac69b2acf73b485586cb3ec75d2ca442846864bbf6f152,946685464,946685460,4,1,1,2,7.5483,197,23
run4-tbt-3s,1,continentale,3,none,true,12,202,17,1,m2,1VAcJXZ4zmVYXXG3RSh25pvJNoJdBeVy9ChdT6,18080,15,186,1.0,18080.0,74912.0,0.24135,0.000179150229,3.23903614,0.03920166,0.99999852,-1.25,1.500,4.25,4.25,-0.0,1,,0,3,3,0,0,m1,1PJJAyxet5ARk1XH3GjK9tVTPH3keFUewkjkfi,00a11cbe62340704bcac69b2acf73b485586cb3ec75d2ca442846864bbf6f152,946685464,946685460,4,1,1,2,45.0208,197,
run4-tbt-3s,1,continentale,3,none,true,12,202,17,1,m3,1VuBTTQVFkVMQoHen4dKPJgUfqJY1ta899xaf7,5826,16,198,1.0,5826.0,74912.0,0.077771,8.73672528e-06,0.05090016,0.95037355,0.48029065,-1.25,1.500,2.691,2.6909,-0.0001,1,,0,1,1,1,1,m1,1PJJAyxet5ARk1XH3GjK9tVTPH3keFUewkjkfi,00a11cbe62340704bcac69b2acf73b485586cb3ec75d2ca442846864bbf6f152,946685464,946685460,4,1,1,2,61.147,197,
run4-tbt-3s,1,continentale,3,none,true,12,203,17,1,m1,1PJJAyxet5ARk1XH3GjK9tVTPH3keFUewkjkfi,51006,16,198,1.0,51006.0,74912.0,0.680879,1.45547749e-05,0.74238085,0.47597933,0.66389353,-1.333,1.500,3.225,3.2251,0.0001,1,,1,2,2,0,0,m1,1PJJAyxet5ARk1XH3GjK9tVTPH3keFUewkjkfi,00b0d78f248a2ab4c90eb2dc552bf602bcade162d0dfe130d829a651794279b0,946685467,946685464,3,1,1,1,7.5483,197,24
run4-tbt-3s,1,continentale,3,none,true,12,203,17,1,m2,1VAcJXZ4zmVYXXG3RSh25pvJNoJdBeVy9ChdT6,18080,15,186,1.0,18080.0,74912.0,0.24135,9.02564842e-06,0.16318372,0.84943511,0.49141828,-1.333,1.500,2.708,2.7077,-0.0003,1,,0,1,1,1,1,m1,1PJJAyxet5ARk1XH3GjK9tVTPH3keFUewkjkfi,00b0d78f248a2ab4c90eb2dc552bf602bcade162d0dfe130d829a651794279b0,946685467,946685464,3,1,1,1,45.0208,197,
run4-tbt-3s,1,continentale,3,none,true,12,203,17,1,m3,1VuBTTQVFkVMQoHen4dKPJgUfqJY1ta899xaf7,5826,16,198,1.0,5826.0,74912.0,0.077771,0.000166941649,0.97260205,0.37809793,0.9999963,-1.333,1.500,4.233,4.2334,0.0004,1,,0,3,3,0,0,m1,1PJJAyxet5ARk1XH3GjK9tVTPH3keFUewkjkfi,00b0d78f248a2ab4c90eb2dc552bf602bcade162d0dfe130d829a651794279b0,946685467,946685464,3,1,1,1,61.147,197,
run4-tbt-3s,1,continentale,3,none,true,12,204,18,1,m1,1PJJAyxet5ARk1XH3GjK9tVTPH3keFUewkjkfi,51006,16,198,1.0,51006.0,74912.0,0.680879,1.04857525e-05,0.53483629,0.58576518,0.54411226,-1.167,1.500,2.899,2.8989,-0.0001,1,,1,1,1,1,1,m1,1PJJAyxet5ARk1XH3GjK9tVTPH3keFUewkjkfi,00c9c9eca5d7091ddfc910ea97913268c5770390c55b2d31d5da3cbd87fa477f,946685471,946685467,2,1,0,0,7.5483,197,25
run4-tbt-3s,1,continentale,3,none,true,12,204,18,1,m2,1VAcJXZ4zmVYXXG3RSh25pvJNoJdBeVy9ChdT6,18080,15,186,1.0,18080.0,74912.0,0.24135,3.17138063e-05,0.57338562,0.56361402,0.90705475,-1.167,1.500,3.988,3.9878,-0.0002,1,,0,2,2,0,0,m1,1PJJAyxet5ARk1XH3GjK9tVTPH3keFUewkjkfi,00c9c9eca5d7091ddfc910ea97913268c5770390c55b2d31d5da3cbd87fa477f,946685471,946685467,2,1,0,0,45.0208,197,
run4-tbt-3s,1,continentale,3,none,true,12,204,18,1,m3,1VuBTTQVFkVMQoHen4dKPJgUfqJY1ta899xaf7,5826,16,198,1.0,5826.0,74912.0,0.077771,0.000120353857,0.70118157,0.4959989,0.99987854,-1.167,1.500,4.266,4.2662,0.0002,1,,0,3,3,0,0,m1,1PJJAyxet5ARk1XH3GjK9tVTPH3keFUewkjkfi,00c9c9eca5d7091ddfc910ea97913268c5770390c55b2d31d5da3cbd87fa477f,946685471,946685467,2,1,0,0,61.147,197,
run4-tbt-3s,1,continentale,3,none,true,12,205,18,1,m1,1PJJAyxet5ARk1XH3GjK9tVTPH3keFUewkjkfi,51006,16,198,1.0,51006.0,74912.0,0.680879,3.68207314e-06,0.18780782,0.82877396,0.24105917,-1.25,1.500,1.973,1.9732,0.0002,1,,1,1,1,1,1,m1,1PJJAyxet5ARk1XH3GjK9tVTPH3keFUewkjkfi,00458e364c542df5ead005bb7440a5df2191502b737655fc9d200bc36fffef0b,946685473,946685471,1,1,0,0,108.5033,205,26
run4-tbt-3s,1,continentale,3,none,true,12,205,18,1,m2,1VAcJXZ4zmVYXXG3RSh25pvJNoJdBeVy9ChdT6,18080,15,186,1.0,18080.0,74912.0,0.24135,5.94132252e-05,1.07419111,0.34157394,0.98833035,-1.25,1.500,4.215,4.215,-0.0,1,,0,3,3,0,0,m1,1PJJAyxet5ARk1XH3GjK9tVTPH3keFUewkjkfi,00458e364c542df5ead005bb7440a5df2191502b737655fc9d200bc36fffef0b,946685473,946685471,1,1,0,0,45.0208,205,
run4-tbt-3s,1,continentale,3,none,true,12,205,18,1,m3,1VuBTTQVFkVMQoHen4dKPJgUfqJY1ta899xaf7,5826,16,198,1.0,5826.0,74912.0,0.077771,4.70222506e-05,0.27395163,0.76036885,0.97047538,-1.25,1.500,4.161,4.1614,0.0004,1,,0,2,2,0,0,m1,1PJJAyxet5ARk1XH3GjK9tVTPH3keFUewkjkfi,00458e364c542df5ead005bb7440a5df2191502b737655fc9d200bc36fffef0b,946685473,946685471,1,1,0,0,61.071,205,
run4-tbt-3s,1,continentale,3,none,true,12,206,18,1,m1,1PJJAyxet5ARk1XH3GjK9tVTPH3keFUewkjkfi,51006,16,198,1.0,51006.0,74912.0,0.680879,2.08968461e-05,1.06586453,0.34442996,0.79100073,-1.083,1.500,3.656,3.6564,0.0004,1,,1,1,1,1,1,m1,1PJJAyxet5ARk1XH3GjK9tVTPH3keFUewkjkfi,00d7471b1c0ace0465fa5b7e4ed7a4904cbeb609e37c4f34d60ce0c5caa1db96,946685477,946685473,3,1,0,0,108.5033,205,27
run4-tbt-3s,1,continentale,3,none,true,12,206,18,1,m2,1VAcJXZ4zmVYXXG3RSh25pvJNoJdBeVy9ChdT6,18080,15,186,1.0,18080.0,74912.0,0.24135,6.8369056e-05,1.23611253,0.29051138,0.99403391,-1.083,1.500,4.265,4.2655,0.0005,1,,0,2,2,0,0,m1,1PJJAyxet5ARk1XH3GjK9tVTPH3keFUewkjkfi,00d7471b1c0ace0465fa5b7e4ed7a4904cbeb609e37c4f34d60ce0c5caa1db96,946685477,946685473,3,1,0,0,45.0208,205,
run4-tbt-3s,1,continentale,3,none,true,12,206,18,1,m3,1VuBTTQVFkVMQoHen4dKPJgUfqJY1ta899xaf7,5826,16,198,1.0,5826.0,74912.0,0.077771,7.98834631e-05,0.46540106,0.62788324,0.99748185,-1.083,1.500,4.276,4.2758,-0.0002,1,,0,3,3,0,0,m1,1PJJAyxet5ARk1XH3GjK9tVTPH3keFUewkjkfi,00d7471b1c0ace0465fa5b7e4ed7a4904cbeb609e37c4f34d60ce0c5caa1db96,946685477,946685473,3,1,0,0,61.071,205,
run4-tbt-3s,1,continentale,3,none,true,12,207,18,1,m1,1PJJAyxet5ARk1XH3GjK9tVTPH3keFUewkjkfi,51006,16,198,1.0,51006.0,74912.0,0.680879,1.72354616e-05,0.87911195,0.41515142,0.72504364,-1.0,1.500,3.475,3.4751,0.0001,1,,0,2,2,0,0,m2,1VAcJXZ4zmVYXXG3RSh25pvJNoJdBeVy9ChdT6,00d4b6ad6c1778e76cda56f1681aaa23daff91eb1643ffb277802753ecb50b7d,946685480,946685477,1,1,0,0,108.5033,205,
run4-tbt-3s,1,continentale,3,none,true,12,207,18,1,m2,1VAcJXZ4zmVYXXG3RSh25pvJNoJdBeVy9ChdT6,18080,15,186,1.0,18080.0,74912.0,0.24135,1.17945318e-06,0.02132451,0.97890125,0.08456434,-1.0,1.500,1.554,1.5537,-0.0003,1,,1,1,1,1,1,m2,1VAcJXZ4zmVYXXG3RSh25pvJNoJdBeVy9ChdT6,00d4b6ad6c1778e76cda56f1681aaa23daff91eb1643ffb277802753ecb50b7d,946685480,946685477,1,1,0,0,45.0208,205,1
run4-tbt-3s,1,continentale,3,none,true,12,207,18,1,m3,1VuBTTQVFkVMQoHen4dKPJgUfqJY1ta899xaf7,5826,16,198,1.0,5826.0,74912.0,0.077771,0.000172731268,1.00633237,0.36555725,0.9999976,-1.0,1.500,4.3,4.3,-0.0,1,,0,3,3,0,0,m2,1VAcJXZ4zmVYXXG3RSh25pvJNoJdBeVy9ChdT6,00d4b6ad6c1778e76cda56f1681aaa23daff91eb1643ffb277802753ecb50b7d,946685480,946685477,1,1,0,0,61.071,205,
run4-tbt-3s,1,continentale,3,none,true,12,208,18,1,m1,1PJJAyxet5ARk1XH3GjK9tVTPH3keFUewkjkfi,51006,16,198,1.0,51006.0,74912.0,0.680879,3.50819052e-06,0.17893877,0.8361571,0.23110862,-0.917,1.500,2.01,2.0099,-0.0001,1,,1,1,1,1,1,m1,1PJJAyxet5ARk1XH3GjK9tVTPH3keFUewkjkfi,0039782ac02a3ad619c5fff9f015212b099fe62373ea33ca0fd86b423c5d9f58,946685484,946685480,2,1,0,0,108.5033,205,1
run4-tbt-3s,1,continentale,3,none,true,12,208,18,1,m2,1VAcJXZ4zmVYXXG3RSh25pvJNoJdBeVy9ChdT6,18080,15,186,1.0,18080.0,74912.0,0.24135,0.000186620327,3.37409551,0.03424908,0.99999915,-0.917,1.500,4.317,4.3166,-0.0004,1,,0,3,3,0,0,m1,1PJJAyxet5ARk1XH3GjK9tVTPH3keFUewkjkfi,0039782ac02a3ad619c5fff9f015212b099fe62373ea33ca0fd86b423c5d9f58,946685484,946685480,2,1,0,0,45.0208,205,
run4-tbt-3s,1,continentale,3,none,true,12,208,18,1,m3,1VuBTTQVFkVMQoHen4dKPJgUfqJY1ta899xaf7,5826,16,198,1.0,5826.0,74912.0,0.077771,8.1466438e-05,0.47462347,0.62211926,0.99776343,-0.917,1.500,4.31,4.3099,-0.0001,1,,0,2,2,0,0,m1,1PJJAyxet5ARk1XH3GjK9tVTPH3keFUewkjkfi,0039782ac02a3ad619c5fff9f015212b099fe62373ea33ca0fd86b423c5d9f58,946685484,946685480,2,1,0,0,61.071,205,
run4-tbt-3s,1,continentale,3,none,true,12,209,18,1,m1,1PJJAyxet5ARk1XH3GjK9tVTPH3keFUewkjkfi,51006,16,198,1.0,51006.0,74912.0,0.680879,2.36350753e-07,0.01205531,0.98801707,0.01754969,-0.917,1.500,1.369,1.3692,0.0002,1,,1,1,1,1,1,m1,1PJJAyxet5ARk1XH3GjK9tVTPH3keFUewkjkfi,00d10bcf0fff98a28abc34a00a975450a9dc0c96bdb5b0c41e4e9ce4a93d0c24,946685486,946685484,1,1,0,0,108.5033,205,2
run4-tbt-3s,1,continentale,3,none,true,12,209,18,1,m2,1VAcJXZ4zmVYXXG3RSh25pvJNoJdBeVy9ChdT6,18080,15,186,1.0,18080.0,74912.0,0.24135,6.80976304e-05,1.23120516,0.29194053,0.99391135,-0.917,1.500,4.298,4.2983,0.0003,1,,0,2,2,0,0,m1,1PJJAyxet5ARk1XH3GjK9tVTPH3keFUewkjkfi,00d10bcf0fff98a28abc34a00a975450a9dc0c96bdb5b0c41e4e9ce4a93d0c24,946685486,946685484,1,1,0,0,45.0208,205,
run4-tbt-3s,1,continentale,3,none,true,12,209,18,1,m3,1VuBTTQVFkVMQoHen4dKPJgUfqJY1ta899xaf7,5826,16,198,1.0,5826.0,74912.0,0.077771,0.000218962817,1.27567737,0.27924175,0.99999992,-0.917,1.500,4.317,4.3166,-0.0004,1,,0,3,3,0,0,m1,1PJJAyxet5ARk1XH3GjK9tVTPH3keFUewkjkfi,00d10bcf0fff98a28abc34a00a975450a9dc0c96bdb5b0c41e4e9ce4a93d0c24,946685486,946685484,1,1,0,0,61.071,205,
run4-tbt-3s,1,continentale,3,none,true,12,210,18,1,m1,1PJJAyxet5ARk1XH3GjK9tVTPH3keFUewkjkfi,51006,16,198,1.0,51006.0,74912.0,0.680879,3.42970305e-06,0.17493543,0.83951122,0.22657449,-0.667,1.500,2.046,2.0463,0.0003,1,,1,1,1,1,1,m1,1PJJAyxet5ARk1XH3GjK9tVTPH3keFUewkjkfi,007b76996c37cfe17db6a8193f577e24b8236791ad59db228bafe220b4eca654,946685488,946685486,2,1,0,0,108.5033,205,3
run4-tbt-3s,1,continentale,3,none,true,12,210,18,1,m2,1VAcJXZ4zmVYXXG3RSh25pvJNoJdBeVy9ChdT6,18080,15,186,1.0,18080.0,74912.0,0.24135,3.63524887e-05,0.657253,0.51827308,0.93433818,-0.667,1.500,4.17,4.1696,-0.0004,1,,0,2,2,0,0,m1,1PJJAyxet5ARk1XH3GjK9tVTPH3keFUewkjkfi,007b76996c37cfe17db6a8193f577e24b8236791ad59db228bafe220b4eca654,946685488,946685486,2,1,0,0,45.0208,205,
run4-tbt-3s,1,continentale,3,none,true,12,210,18,1,m3,1VuBTTQVFkVMQoHen4dKPJgUfqJY1ta899xaf7,5826,16,198,1.0,5826.0,74912.0,0.077771,0.000724562939,4.22130368,0.01467949,1.0,-0.667,1.500,4.367,4.3666,-0.0004,1,,0,3,3,0,0,m1,1PJJAyxet5ARk1XH3GjK9tVTPH3keFUewkjkfi,007b76996c37cfe17db6a8193f577e24b8236791ad59db228bafe220b4eca654,946685488,946685486,2,1,0,0,61.071,205,
run4-tbt-3s,1,continentale,3,none,true,12,211,18,1,m1,1PJJAyxet5ARk1XH3GjK9tVTPH3keFUewkjkfi,52503,17,210,1.0,52503.0,78635.0,0.66768,2.67828994e-05,1.40618257,0.24507706,0.87828503,-0.5,1.500,4.035,4.0349,-0.0001,1,,1,2,2,0,0,m1,1PJJAyxet5ARk1XH3GjK9tVTPH3keFUewkjkfi,00236f409216098797ed4975f7bfda7deb994b1434015705a1bad20ced9fcf60,946685493,946685488,4,1,0,0,108.5033,205,4
run4-tbt-3s,1,continentale,3,none,true,12,211,18,1,m2,1VAcJXZ4zmVYXXG3RSh25pvJNoJdBeVy9ChdT6,17889,17,210,1.0,17889.0,78635.0,0.227494,5.53713934e-05,0.99053886,0.37137652,0.98714638,-0.5,1.500,4.361,4.3614,0.0004,1,,0,3,3,0,0,m1,1PJJAyxet5ARk1XH3GjK9tVTPH3keFUewkjkfi,00236f409216098797ed4975f7bfda7deb994b1434015705a1bad20ced9fcf60,946685493,946685488,4,1,0,0,45.0208,205,
run4-tbt-3s,1,continentale,3,none,true,12,211,18,1,m3,1VuBTTQVFkVMQoHen4dKPJgUfqJY1ta899xaf7,8243,17,210,1.0,8243.0,78635.0,0.104826,2.66080271e-05,0.21932997,0.80305669,0.87659976,-0.5,1.500,4.03,4.0298,-0.0002,1,,0,1,1,1,1,m1,1PJJAyxet5ARk1XH3GjK9tVTPH3keFUewkjkfi,00236f409216098797ed4975f7bfda7deb994b1434015705a1bad20ced9fcf60,946685493,946685488,4,1,0,0,61.071,205,
run4-tbt-3s,1,continentale,3,none,true,12,212,18,1,m1,1PJJAyxet5ARk1XH3GjK9tVTPH3keFUewkjkfi,52503,17,210,1.0,52503.0,78635.0,0.66768,3.37338268e-05,1.77112711,0.17014111,0.92953643,-0.5,1.500,4.189,4.1886,-0.0004,1,,1,1,1,1,1,m1,1PJJAyxet5ARk1XH3GjK9tVTPH3keFUewkjkfi,0015a4d128ceb2f180afbd12995409e281b993f00a8652707e36cb8cc7f3a2d9,946685497,946685493,4,1,0,0,108.5033,205,5
run4-tbt-3s,1,continentale,3,none,true,12,212,18,1,m2,1VAcJXZ4zmVYXXG3RSh25pvJNoJdBeVy9ChdT6,17889,17,210,1.0,17889.0,78635.0,0.227494,0.000180399176,3.22716086,0.03966997,0.99999931,-0.5,1.500,4.4,4.4,-0.0,1,,0,2,3,0,0,m1,1PJJAyxet5ARk1XH3GjK9tVTPH3keFUewkjkfi,0015a4d128ceb2f180afbd12995409e281b993f00a8652707e36cb8cc7f3a2d9,946685497,946685493,4,1,0,0,45.0208,205,
run4-tbt-3s,1,continentale,3,none,true,12,212,18,1,m3,1VuBTTQVFkVMQoHen4dKPJgUfqJY1ta899xaf7,8243,17,210,1.0,8243.0,78635.0,0.104826,0.000113417324,0.934899,0.39262552,0.99986612,-0.5,1.500,4.4,4.3996,-0.0004,1,,0,3,2,0,0,m1,1PJJAyxet5ARk1XH3GjK9tVTPH3keFUewkjkfi,0015a4d128ceb2f180afbd12995409e281b993f00a8652707e36cb8cc7f3a2d9,946685497,946685493,4,1,0,0,61.071,205,
run4-tbt-3s,1,continentale,3,none,true,12,213,18,1,m1,1PJJAyxet5ARk1XH3GjK9tVTPH3keFUewkjkfi,52503,17,210,1.0,52503.0,78635.0,0.66768,7.18829552e-06,0.37740708,0.68563691,0.43178285,-0.5,1.500,2.695,2.6953,0.0003,1,,1,1,1,1,1,m1,1PJJAyxet5ARk1XH3GjK9tVTPH3keFUewkjkfi,00871f3eb915091b09c353a0ed9627329ae52faba154e1ee14e3dadc171af162,946685500,946685497,2,1,0,0,108.5033,205,6
run4-tbt-3s,1,continentale,3,none,true,12,213,18,1,m2,1VAcJXZ4zmVYXXG3RSh25pvJNoJdBeVy9ChdT6,17889,17,210,1.0,17889.0,78635.0,0.227494,4.89579991e-05,0.87580965,0.41652465,0.97871627,-0.5,1.500,4.336,4.3361,0.0001,1,,0,2,2,0,0,m1,1PJJAyxet5ARk1XH3GjK9tVTPH3keFUewkjkfi,00871f3eb915091b09c353a0ed9627329ae52faba154e1ee14e3dadc171af162,946685500,946685497,2,1,0,0,45.0208,205,
run4-tbt-3s,1,continentale,3,none,true,12,213,18,1,m3,1VuBTTQVFkVMQoHen4dKPJgUfqJY1ta899xaf7,8243,17,210,1.0,8243.0,78635.0,0.104826,0.000209182423,1.72429071,0.17829947,0.99999993,-0.5,1.500,4.4,4.4,-0.0,1,,0,3,3,0,0,m1,1PJJAyxet5ARk1XH3GjK9tVTPH3keFUewkjkfi,00871f3eb915091b09c353a0ed9627329ae52faba154e1ee14e3dadc171af162,946685500,946685497,2,1,0,0,61.071,205,
run4-tbt-3s,1,continentale,3,none,true,12,214,18,1,m1,1PJJAyxet5ARk1XH3GjK9tVTPH3keFUewkjkfi,52503,17,210,1.0,52503.0,78635.0,0.66768,1.08643539e-05,0.57041117,0.56529296,0.57442687,-0.333,1.500,3.157,3.1567,-0.0003,1,,1,1,1,1,1,m1,1PJJAyxet5ARk1XH3GjK9tVTPH3keFUewkjkfi,0054114eb933e854adf2970343c1b314d052d51e73bccf9270dafede03ba3912,946685504,946685500,3,1,0,0,7.81,214,7
run4-tbt-3s,1,continentale,3,none,true,12,214,18,1,m2,1VAcJXZ4zmVYXXG3RSh25pvJNoJdBeVy9ChdT6,17889,17,210,1.0,17889.0,78635.0,0.227494,2.48687483e-05,0.44487704,0.64090308,0.85851393,-0.333,1.500,4.009,4.0089,-0.0001,1,,0,2,2,0,0,m1,1PJJAyxet5ARk1XH3GjK9tVTPH3keFUewkjkfi,0054114eb933e854adf2970343c1b314d052d51e73bccf9270dafede03ba3912,946685504,946685500,3,1,0,0,19.5441,214,
run4-tbt-3s,1,continentale,3,none,true,12,214,18,1,m3,1VuBTTQVFkVMQoHen4dKPJgUfqJY1ta899xaf7,8243,17,210,1.0,8243.0,78635.0,0.104826,0.000302177496,2.4908491,0.0828396,1.0,-0.333,1.500,4.433,4.4334,0.0004,1,,0,3,3,0,0,m1,1PJJAyxet5ARk1XH3GjK9tVTPH3keFUewkjkfi,0054114eb933e854adf2970343c1b314d052d51e73bccf9270dafede03ba3912,946685504,946685500,3,1,0,0,49.1062,214,
run4-tbt-3s,1,continentale,3,none,true,12,215,18,1,m1,1PJJAyxet5ARk1XH3GjK9tVTPH3keFUewkjkfi,52503,17,210,1.0,52503.0,78635.0,0.66768,4.05278186e-06,0.21278321,0.80833136,0.27289945,-0.333,1.500,2.252,2.2521,0.0001,1,,1,1,1,1,1,m1,1PJJAyxet5ARk1XH3GjK9tVTPH3keFUewkjkfi,00f6bc88d95901b374d80e6b41b0c9fcb0a27a0def368db11776bf73713ecacc,946685507,946685504,2,1,0,0,7.81,214,8
run4-tbt-3s,1,continentale,3,none,true,12,215,18,1,m2,1VAcJXZ4zmVYXXG3RSh25pvJNoJdBeVy9ChdT6,17889,17,210,1.0,17889.0,78635.0,0.227494,2.1733286e-05,0.38878675,0.67787881,0.8189527,-0.333,1.500,3.89,3.8903,0.0003,1,,0,2,2,0,0,m1,1PJJAyxet5ARk1XH3GjK9tVTPH3keFUewkjkfi,00f6bc88d95901b374d80e6b41b0c9fcb0a27a0def368db11776bf73713ecacc,946685507,946685504,2,1,0,0,19.5441,214,
run4-tbt-3s,1,continentale,3,none,true,12,215,18,1,m3,1VuBTTQVFkVMQoHen4dKPJgUfqJY1ta899xaf7,8243,17,210,1.0,8243.0,78635.0,0.104826,0.000290782604,2.396921,0.0909977,1.0,-0.333,1.500,4.433,4.4334,0.0004,1,,0,3,3,0,0,m1,1PJJAyxet5ARk1XH3GjK9tVTPH3keFUewkjkfi,00f6bc88d95901b374d80e6b41b0c9fcb0a27a0def368db11776bf73713ecacc,946685507,946685504,2,1,0,0,49.1062,214,
run4-tbt-3s,1,continentale,3,none,true,12,216,19,1,m1,1PJJAyxet5ARk1XH3GjK9tVTPH3keFUewkjkfi,52503,17,210,1.0,52503.0,78635.0,0.66768,3.17068231e-05,1.66470333,0.18924679,0.91736038,-0.333,1.500,4.185,4.1855,0.0005,1,,0,2,2,0,0,m2,1VAcJXZ4zmVYXXG3RSh25pvJNoJdBeVy9ChdT6,000dedbc8670a2bfb60d2453606cdee4b58df656de6aea85bc626b73c2964f8a,946685510,946685507,2,1,0,0,7.81,214,
run4-tbt-3s,1,continentale,3,none,true,12,216,19,1,m2,1VAcJXZ4zmVYXXG3RSh25pvJNoJdBeVy9ChdT6,17889,17,210,1.0,17889.0,78635.0,0.227494,2.74533153e-06,0.04911124,0.95207522,0.19416731,-0.333,1.500,2.016,2.0159,-0.0001,1,,1,1,1,1,1,m2,1VAcJXZ4zmVYXXG3RSh25pvJNoJdBeVy9ChdT6,000dedbc8670a2bfb60d2453606cdee4b58df656de6aea85bc626b73c2964f8a,946685510,946685507,2,1,0,0,19.5441,214,1
run4-tbt-3s,1,continentale,3,none,true,12,216,19,1,m3,1VuBTTQVFkVMQoHen4dKPJgUfqJY1ta899xaf7,8243,17,210,1.0,8243.0,78635.0,0.104826,6.74389804e-05,0.55589952,0.57355611,0.99502368,-0.333,1.500,4.418,4.4185,0.0005,1,,0,3,3,0,0,m2,1VAcJXZ4zmVYXXG3RSh25pvJNoJdBeVy9ChdT6,000dedbc8670a2bfb60d2453606cdee4b58df656de6aea85bc626b73c2964f8a,946685510,946685507,2,1,0,0,49.1062,214,
run4-tbt-3s,1,continentale,3,none,true,12,217,19,1,m1,1PJJAyxet5ARk1XH3GjK9tVTPH3keFUewkjkfi,52503,17,210,1.0,52503.0,78635.0,0.66768,5.0931775e-06,0.2674071,0.76536143,0.33001638,-0.25,1.500,2.44,2.44,0.0,1,,0,1,1,1,1,m2,1VAcJXZ4zmVYXXG3RSh25pvJNoJdBeVy9ChdT6,008daa021d46837b4f67ff0bbbe51d010b0d684f297ba1f5dc7b132c23ad6394,946685513,946685510,3,1,0,0,7.81,214,
run4-tbt-3s,1,continentale,3,none,true,12,217,19,1,m2,1VAcJXZ4zmVYXXG3RSh25pvJNoJdBeVy9ChdT6,17889,17,210,1.0,17889.0,78635.0,0.227494,9.46570362e-06,0.16933197,0.8442286,0.52495018,-0.25,1.500,3.025,3.0249,-0.0001,1,,1,2,2,0,0,m2,1VAcJXZ4zmVYXXG3RSh25pvJNoJdBeVy9ChdT6,008daa021d46837b4f67ff0bbbe51d010b0d684f297ba1f5dc7b132c23ad6394,946685513,946685510,3,1,0,0,19.5441,214,2
run4-tbt-3s,1,continentale,3,none,true,12,217,19,1,m3,1VuBTTQVFkVMQoHen4dKPJgUfqJY1ta899xaf7,8243,17,210,1.0,8243.0,78635.0,0.104826,0.000103872594,0.85622179,0.4247639,0.99971642,-0.25,1.500,4.449,4.4491,0.0001,1,,0,3,3,0,0,m2,1VAcJXZ4zmVYXXG3RSh25pvJNoJdBeVy9ChdT6,008daa021d46837b4f67ff0bbbe51d010b0d684f297ba1f5dc7b132c23ad6394,946685513,946685510,3,1,0,0,49.1062,214,
run4-tbt-3s,1,continentale,3,none,true,12,218,19,1,m1,1PJJAyxet5ARk1XH3GjK9tVTPH3keFUewkjkfi,52503,17,210,1.0,52503.0,78635.0,0.66768,8.02081047e-05,4.21116612,0.01482907,0.9981768,-0.333,1.500,4.428,4.4279,-0.0001,1,,0,2,2,0,0,m2,1VAcJXZ4zmVYXXG3RSh25pvJNoJdBeVy9ChdT6,00c0868660aedb73ef5f3737aa528e0da440f641f724242b028a950f548a8632,946685515,946685513,1,1,0,0,7.81,214,
run4-tbt-3s,1,continentale,3,none,true,12,218,19,1,m2,1VAcJXZ4zmVYXXG3RSh25pvJNoJdBeVy9ChdT6,17889,17,210,1.0,17889.0,78635.0,0.227494,2.25239906e-06,0.04029317,0.96050781,0.16231857,-0.333,1.500,1.92,1.9204,0.0004,1,,1,1,1,1,1,m2,1VAcJXZ4zmVYXXG3RSh25pvJNoJdBeVy9ChdT6,00c0868660aedb73ef5f3737aa528e0da440f641f724242b028a950f548a8632,946685515,946685513,1,1,0,0,19.5441,214,3
run4-tbt-3s,1,continentale,3,none,true,12,218,19,1,m3,1VuBTTQVFkVMQoHen4dKPJgUfqJY1ta899xaf7,8243,17,210,1.0,8243.0,78635.0,0.104826,0.000218717438,1.80288784,0.16482222,0.99999997,-0.333,1.500,4.433,4.4334,0.0004,1,,0,3,3,0,0,m2,1VAcJXZ4zmVYXXG3RSh25pvJNoJdBeVy9ChdT6,00c0868660aedb73ef5f3737aa528e0da440f641f724242b028a950f548a8632,946685515,946685513,1,1,0,0,49.1062,214,
run4-tbt-3s,1,continentale,3,none,true,12,219,19,1,m1,1PJJAyxet5ARk1XH3GjK9tVTPH3keFUewkjkfi,52503,17,210,1.0,52503.0,78635.0,0.66768,6.80563231e-06,0.35731611,0.69955133,0.41442493,-0.167,1.500,2.71,2.7099,-0.0001,1,,1,1,1,1,1,m1,1PJJAyxet5ARk1XH3GjK9tVTPH3keFUewkjkfi,00a2b8150fa4d303a2e8170feb11dd3c66614dda084ad2d0334620d34d5eca63,946685520,946685515,2,1,1,1,7.81,214,1
run4-tbt-3s,1,continentale,3,none,true,12,219,19,1,m2,1VAcJXZ4zmVYXXG3RSh25pvJNoJdBeVy9ChdT6,17889,17,210,1.0,17889.0,78635.0,0.227494,2.48765354e-05,0.44501634,0.6408138,0.85860054,-0.167,1.500,4.042,4.0424,0.0004,1,,0,3,3,0,0,m1,1PJJAyxet5ARk1XH3GjK9tVTPH3keFUewkjkfi,00a2b8150fa4d303a2e8170feb11dd3c66614dda084ad2d0334620d34d5eca63,946685520,946685515,2,1,1,1,19.5441,214,
run4-tbt-3s,1,continentale,3,none,true,12,219,19,1,m3,1VuBTTQVFkVMQoHen4dKPJgUfqJY1ta899xaf7,8243,17,210,1.0,8243.0,78635.0,0.104826,1.2939197e-05,0.1066578,0.8988332,0.63849296,-0.167,1.500,3.382,3.3821,0.0001,1,,0,2,2,0,0,m1,1PJJAyxet5ARk1XH3GjK9tVTPH3keFUewkjkfi,00a2b8150fa4d303a2e8170feb11dd3c66614dda084ad2d0334620d34d5eca63,946685520,946685515,2,1,1,1,49.1062,214,
run4-tbt-3s,1,continentale,3,none,true,12,220,19,1,m1,1PJJAyxet5ARk1XH3GjK9tVTPH3keFUewkjkfi,52503,17,210,1.0,52503.0,78635.0,0.66768,6.43281106e-06,0.33774188,0.7133794,0.39700363,-0.333,1.500,2.624,2.6244,0.0004,1,,1,1,1,1,1,m1,1PJJAyxet5ARk1XH3GjK9tVTPH3keFUewkjkfi,00fac19f2a9fc3dd540a306800a43261a409b7e39b648faad9f6c5c9a80b839a,946685523,946685520,2,1,1,1,7.81,214,2
run4-tbt-3s,1,continentale,3,none,true,12,220,19,1,m2,1VAcJXZ4zmVYXXG3RSh25pvJNoJdBeVy9ChdT6,17889,17,210,1.0,17889.0,78635.0,0.227494,1.07242054e-05,0.19184531,0.82543454,0.56971087,-0.333,1.500,3.142,3.1425,0.0005,1,,0,2,2,0,0,m1,1PJJAyxet5ARk1XH3GjK9tVTPH3keFUewkjkfi,00fac19f2a9fc3dd540a306800a43261a409b7e39b648faad9f6c5c9a80b839a,946685523,946685520,2,1,1,1,19.5441,214,
run4-tbt-3s,1,continentale,3,none,true,12,220,19,1,m3,1VuBTTQVFkVMQoHen4dKPJgUfqJY1ta899xaf7,8243,17,210,1.0,8243.0,78635.0,0.104826,0.000342037728,2.81941699,0.0596407,1.0,-0.333,1.500,4.433,4.4334,0.0004,1,,0,3,3,0,0,m1,1PJJAyxet5ARk1XH3GjK9tVTPH3keFUewkjkfi,00fac19f2a9fc3dd540a306800a43261a409b7e39b648faad9f6c5c9a80b839a,946685523,946685520,2,1,1,1,49.1062,214,
run4-tbt-3s,1,continentale,3,none,true,12,221,19,1,m1,1PJJAyxet5ARk1XH3GjK9tVTPH3keFUewkjkfi,52503,17,210,1.0,52503.0,78635.0,0.66768,4.8889076e-06,0.25668232,0.77361394,0.31916769,-0.25,1.500,2.408,2.4075,-0.0005,1,,1,1,1,1,1,m1,1PJJAyxet5ARk1XH3GjK9tVTPH3keFUewkjkfi,00b1e7411aa8ad674af09b4de40777f25ddb0b07c4b8eaa49f38e7b26e601a16,946685527,946685523,2,1,0,0,7.81,214,3
run4-tbt-3s,1,continentale,3,none,true,12,221,19,1,m2,1VAcJXZ4zmVYXXG3RSh25pvJNoJdBeVy9ChdT6,17889,17,210,1.0,17889.0,78635.0,0.227494,9.96953249e-05,1.78344967,0.1680574,0.99960615,-0.25,1.500,4.449,4.4488,-0.0002,1,,0,2,2,0,0,m1,1PJJAyxet5ARk1XH3GjK9tVTPH3keFUewkjkfi,00b1e7411aa8ad674af09b4de40777f25ddb0b07c4b8eaa49f38e7b26e601a16,946685527,946685523,2,1,0,0,19.5441,214,
run4-tbt-3s,1,continentale,3,none,true,12,221,19,1,m3,1VuBTTQVFkVMQoHen4dKPJgUfqJY1ta899xaf7,8243,17,210,1.0,8243.0,78635.0,0.104826,0.000178761462,1.47353073,0.22911511,0.99999921,-0.25,1.500,4.45,4.45,-0.0,1,,0,3,3,0,0,m1,1PJJAyxet5ARk1XH3GjK9tVTPH3keFUewkjkfi,00b1e7411aa8ad674af09b4de40777f25ddb0b07c4b8eaa49f38e7b26e601a16,946685527,946685523,2,1,0,0,49.1062,214,
run4-tbt-3s,1,continentale,3,none,true,12,222,19,1,m1,1PJJAyxet5ARk1XH3GjK9tVTPH3keFUewkjkfi,52503,17,210,1.0,52503.0,78635.0,0.66768,1.42633881e-05,0.74887067,0.47290031,0.67424233,-0.417,1.500,3.439,3.4393,0.0003,1,,1,1,1,1,1,m1,1PJJAyxet5ARk1XH3GjK9tVTPH3keFUewkjkfi,00c10171259101bb08168f445e16f7528859f7eb5a2b2c2b0528b1e4ae831c85,946685531,946685527,3,1,0,0,7.53,222,4
run4-tbt-3s,1,continentale,3,none,true,12,222,19,1,m2,1VAcJXZ4zmVYXXG3RSh25pvJNoJdBeVy9ChdT6,17889,17,210,1.0,17889.0,78635.0,0.227494,8.61764966e-05,1.54161135,0.21403594,0.99885973,-0.417,1.500,4.413,4.4132,0.0002,1,,0,3,3,0,0,m1,1PJJAyxet5ARk1XH3GjK9tVTPH3keFUewkjkfi,00c10171259101bb08168f445e16f7528859f7eb5a2b2c2b0528b1e4ae831c85,946685531,946685527,3,1,0,0,48.9902,222,
run4-tbt-3s,1,continentale,3,none,true,12,222,19,1,m3,1VuBTTQVFkVMQoHen4dKPJgUfqJY1ta899xaf7,8243,17,210,1.0,8243.0,78635.0,0.104826,2.38763222e-05,0.19681252,0.8213446,0.84703017,-0.417,1.500,3.958,3.9577,-0.0003,1,,0,2,2,0,0,m1,1PJJAyxet5ARk1XH3GjK9tVTPH3keFUewkjkfi,00c10171259101bb08168f445e16f7528859f7eb5a2b2c2b0528b1e4ae831c85,946685531,946685527,3,1,0,0,39.5638,222,
run4-tbt-3s,1,continentale,3,none,true,12,223,19,1,m1,1PJJAyxet5ARk1XH3GjK9tVTPH3keFUewkjkfi,44404,18,222,1.0,44404.0,66397.0,0.668765,2.22567325e-05,0.98828795,0.37221339,0.77185646,-0.583,1.500,3.699,3.699,-0.0,1,,1,1,1,1,1,m1,1PJJAyxet5ARk1XH3GjK9tVTPH3keFUewkjkfi,007a650a09f307b1a0f345685bfa816a2625acc6acc4081c7a545c5db8c5bcd0,946685536,946685531,3,1,0,0,7.53,222,5
run4-tbt-3s,1,continentale,3,none,true,12,223,19,1,m2,1VAcJXZ4zmVYXXG3RSh25pvJNoJdBeVy9ChdT6,15454,18,222,1.0,15454.0,66397.0,0.232751,0.000144162139,2.2278817,0.10775645,0.99993034,-0.583,1.500,4.383,4.3832,0.0002,1,,0,3,3,0,0,m1,1PJJAyxet5ARk1XH3GjK9tVTPH3keFUewkjkfi,007a650a09f307b1a0f345685bfa816a2625acc6acc4081c7a545c5db8c5bcd0,946685536,946685531,3,1,0,0,48.9902,222,
run4-tbt-3s,1,continentale,3,none,true,12,223,19,1,m3,1VuBTTQVFkVMQoHen4dKPJgUfqJY1ta899xaf7,6539,18,222,1.0,6539.0,66397.0,0.098483,9.33777891e-05,0.61059736,0.54302639,0.99797058,-0.583,1.500,4.377,4.3773,0.0003,1,,0,2,2,0,0,m1,1PJJAyxet5ARk1XH3GjK9tVTPH3keFUewkjkfi,007a650a09f307b1a0f345685bfa816a2625acc6acc4081c7a545c5db8c5bcd0,946685536,946685531,3,1,0,0,39.5638,222,
run4-tbt-3s,1,continentale,3,none,true,12,224,19,1,m1,1PJJAyxet5ARk1XH3GjK9tVTPH3keFUewkjkfi,44404,18,222,1.0,44404.0,66397.0,0.668765,3.27501215e-06,0.14542364,0.86465591,0.19543296,-0.583,1.500,1.97,1.9697,-0.0003,1,,1,2,2,0,0,m1,1PJJAyxet5ARk1XH3GjK9tVTPH3keFUewkjkfi,005adc6ace4c3b89d813f8cc57ec6aade1f5b32abc802328b4d0d96719d64eb8,946685538,946685536,1,1,0,0,7.53,222,6
run4-tbt-3s,1,continentale,3,none,true,12,224,19,1,m2,1VAcJXZ4zmVYXXG3RSh25pvJNoJdBeVy9ChdT6,15454,18,222,1.0,15454.0,66397.0,0.232751,2.36355867e-06,0.03652644,0.96413261,0.14523885,-0.583,1.500,1.819,1.8191,0.0001,1,,0,1,1,1,1,m1,1PJJAyxet5ARk1XH3GjK9tVTPH3keFUewkjkfi,005adc6ace4c3b89d813f8cc57ec6aade1f5b32abc802328b4d0d96719d64eb8,946685538,946685536,1,1,0,0,48.9902,222,
run4-tbt-3s,1,continentale,3,none,true,12,224,19,1,m3,1VuBTTQVFkVMQoHen4dKPJgUfqJY1ta899xaf7,6539,18,222,1.0,6539.0,66397.0,0.098483,4.50481366e-05,0.29456977,0.74485198,0.9497659,-0.583,1.500,4.233,4.2327,-0.0003,1,,0,3,3,0,0,m1,1PJJAyxet5ARk1XH3GjK9tVTPH3keFUewkjkfi,005adc6ace4c3b89d813f8cc57ec6aade1f5b32abc802328b4d0d96719d64eb8,946685538,946685536,1,1,0,0,39.5638,222,
run4-tbt-3s,1,continentale,3,none,true,12,225,19,1,m1,1PJJAyxet5ARk1XH3GjK9tVTPH3keFUewkjkfi,44404,18,222,1.0,44404.0,66397.0,0.668765,7.48206786e-06,0.33223374,0.71731964,0.39151734,-0.417,1.500,2.591,2.5912,0.0002,1,,1,1,1,1,1,m1,1PJJAyxet5ARk1XH3GjK9tVTPH3keFUewkjkfi,0080460107e1920a964640fc21330b88086d341831a285027553686d223db537,946685541,946685538,2,1,0,0,7.53,222,7
run4-tbt-3s,1,continentale,3,none,true,12,225,19,1,m2,1VAcJXZ4zmVYXXG3RSh25pvJNoJdBeVy9ChdT6,15454,18,222,1.0,15454.0,66397.0,0.232751,2.73272581e-05,0.42231545,0.65552722,0.83707217,-0.417,1.500,3.928,3.9278,-0.0002,1,,0,3,3,0,0,m1,1PJJAyxet5ARk1XH3GjK9tVTPH3keFUewkjkfi,0080460107e1920a964640fc21330b88086d341831a285027553686d223db537,946685541,946685538,2,1,0,0,48.9902,222,
run4-tbt-3s,1,continentale,3,none,true,12,225,19,1,m3,1VuBTTQVFkVMQoHen4dKPJgUfqJY1ta899xaf7,6539,18,222,1.0,6539.0,66397.0,0.098483,2.40791648e-05,0.15745366,0.8543164,0.79785789,-0.417,1.500,3.81,3.8102,0.0002,1,,0,2,2,0,0,m1,1PJJAyxet5ARk1XH3GjK9tVTPH3keFUewkjkfi,0080460107e1920a964640fc21330b88086d341831a285027553686d223db537,946685541,946685538,2,1,0,0,39.5638,222,
run4-tbt-3s,1,continentale,3,none,true,12,226,19,1,m1,1PJJAyxet5ARk1XH3GjK9tVTPH3keFUewkjkfi,44404,18,222,1.0,44404.0,66397.0,0.668765,6.30133476e-06,0.27980447,0.75593154,0.3418943,-0.417,1.500,2.442,2.4423,0.0003,1,,1,1,1,1,1,m1,1PJJAyxet5ARk1XH3GjK9tVTPH3keFUewkjkfi,00ecd7823fa0f027523486413100eb55ccd732da65b8af1203f04e58d2850625,946685544,946685541,2,1,0,0,7.53,222,8
run4-tbt-3s,1,continentale,3,none,true,12,226,19,1,m2,1VAcJXZ4zmVYXXG3RSh25pvJNoJdBeVy9ChdT6,15454,18,222,1.0,15454.0,66397.0,0.232751,0.000472980824,7.30944565,0.00066919,1.0,-0.417,1.500,4.417,4.4166,-0.0004,1,,0,2,3,0,0,m1,1PJJAyxet5ARk1XH3GjK9tVTPH3keFUewkjkfi,00ecd7823fa0f027523486413100eb55ccd732da65b8af1203f04e58d2850625,946685544,946685541,2,1,0,0,48.9902,222,
run4-tbt-3s,1,continentale,3,none,true,12,226,19,1,m3,1VuBTTQVFkVMQoHen4dKPJgUfqJY1ta899xaf7,6539,18,222,1.0,6539.0,66397.0,0.098483,0.000159725023,1.04444193,0.35188814,0.99997521,-0.417,1.500,4.417,4.4165,-0.0005,1,,0,3,2,0,0,m1,1PJJAyxet5ARk1XH3GjK9tVTPH3keFUewkjkfi,00ecd7823fa0f027523486413100eb55ccd732da65b8af1203f04e58d2850625,946685544,946685541,2,1,0,0,39.5638,222,
run4-tbt-3s,1,continentale,3,none,true,12,227,19,1,m1,1PJJAyxet5ARk1XH3GjK9tVTPH3keFUewkjkfi,44404,18,222,1.0,44404.0,66397.0,0.668765,4.21949609e-06,0.1873625,0.82914311,0.2443386,-0.333,1.500,2.166,2.1664,0.0004,1,,1,1,1,1,1,m1,1PJJAyxet5ARk1XH3GjK9tVTPH3keFUewkjkfi,008bd3beb323d67a2a3adc9147932c699c3114cbf17251511df168049933a57a,946685547,946685544,2,1,0,0,7.53,222,9
run4-tbt-3s,1,continentale,3,none,true,12,227,19,1,m2,1VAcJXZ4zmVYXXG3RSh25pvJNoJdBeVy9ChdT6,15454,18,222,1.0,15454.0,66397.0,0.232751,0.000158916016,2.45588811,0.08578697,0.99997385,-0.333,1.500,4.433,4.4333,0.0003,1,,0,3,3,0,0,m1,1PJJAyxet5ARk1XH3GjK9tVTPH3keFUewkjkfi,008bd3beb323d67a2a3adc9147932c699c3114cbf17251511df168049933a57a,946685547,946685544,2,1,0,0,48.9902,222,
run4-tbt-3s,1,continentale,3,none,true,12,227,19,1,m3,1VuBTTQVFkVMQoHen4dKPJgUfqJY1ta899xaf7,6539,18,222,1.0,6539.0,66397.0,0.098483,1.09348704e-05,0.07150312,0.93099338,0.51618012,-0.333,1.500,2.982,2.9819,-0.0001,1,,0,2,2,0,0,m1,1PJJAyxet5ARk1XH3GjK9tVTPH3keFUewkjkfi,008bd3beb323d67a2a3adc9147932c699c3114cbf17251511df168049933a57a,946685547,946685544,2,1,0,0,39.5638,222,
run4-tbt-3s,1,continentale,3,none,true,12,228,20,1,m1,1PJJAyxet5ARk1XH3GjK9tVTPH3keFUewkjkfi,44404,18,222,1.0,44404.0,66397.0,0.668765,1.17909982e-05,0.52356748,0.59240338,0.54291546,-0.333,1.500,3.062,3.0621,0.0001,1,,1,2,2,0,0,m1,1PJJAyxet5ARk1XH3GjK9tVTPH3keFUewkjkfi,00f0c204f0786e2e0ec67cd0eda868da4465f8e6251c469c59cef3099d522d86,946685550,946685547,3,1,0,0,7.53,222,10
run4-tbt-3s,1,continentale,3,none,true,12,228,20,1,m2,1VAcJXZ4zmVYXXG3RSh25pvJNoJdBeVy9ChdT6,15454,18,222,1.0,15454.0,66397.0,0.232751,8.61940021e-06,0.13320421,0.87528633,0.43577508,-0.333,1.500,2.741,2.7407,-0.0003,1,,0,1,1,1,1,m1,1PJJAyxet5ARk1XH3GjK9tVTPH3keFUewkjkfi,00f0c204f0786e2e0ec67cd0eda868da4465f8e6251c469c59cef3099d522d86,946685550,946685547,3,1,0,0,48.9902,222,
run4-tbt-3s,1,continentale,3,none,true,12,228,20,1,m3,1VuBTTQVFkVMQoHen4dKPJgUfqJY1ta899xaf7,6539,18,222,1.0,6539.0,66397.0,0.098483,0.000134143073,0.87716155,0.41596192,0.99986452,-0.333,1.500,4.433,4.433,-0.0,1,,0,3,3,0,0,m1,1PJJAyxet5ARk1XH3GjK9tVTPH3keFUewkjkfi,00f0c204f0786e2e0ec67cd0eda868da4465f8e6251c469c59cef3099d522d86,946685550,946685547,3,1,0,0,39.5638,222,
run4-tbt-3s,1,continentale,3,none,true,12,229,20,1,m1,1PJJAyxet5ARk1XH3GjK9tVTPH3keFUewkjkfi,44404,18,222,1.0,44404.0,66397.0,0.668765,1.06552509e-05,0.47313576,0.62304548,0.50711367,-0.333,1.500,2.955,2.9547,-0.0003,1,,1,1,1,1,1,m1,1PJJAyxet5ARk1XH3GjK9tVTPH3keFUewkjkfi,00b139df81cdde0586927b5bd8b6662fbb2afc203dfac9e20597be2f6a19b9d1,946685553,946685550,2,1,0,0,7.53,222,11
run4-tbt-3s,1,continentale,3,none,true,12,229,20,1,m2,1VAcJXZ4zmVYXXG3RSh25pvJNoJdBeVy9ChdT6,15454,18,222,1.0,15454.0,66397.0,0.232751,7.00430561e-05,1.08244539,0.3387661,0.9904446,-0.333,1.500,4.405,4.4047,-0.0003,1,,0,2,2,0,0,m1,1PJJAyxet5ARk1XH3GjK9tVTPH3keFUewkjkfi,00b139df81cdde0586927b5bd8b6662fbb2afc203dfac9e20597be2f6a19b9d1,946685553,946685550,2,1,0,0,48.9902,222,
run4-tbt-3s,1,continentale,3,none,true,12,229,20,1,m3,1VuBTTQVFkVMQoHen4dKPJgUfqJY1ta899xaf7,6539,18,222,1.0,6539.0,66397.0,0.098483,8.13276006e-05,0.53180118,0.58754574,0.99548301,-0.333,1.500,4.42,4.4198,-0.0002,1,,0,3,3,0,0,m1,1PJJAyxet5ARk1XH3GjK9tVTPH3keFUewkjkfi,00b139df81cdde0586927b5bd8b6662fbb2afc203dfac9e20597be2f6a19b9d1,946685553,946685550,2,1,0,0,39.5638,222,
run4-tbt-3s,1,continentale,3,none,true,12,230,20,1,m1,1PJJAyxet5ARk1XH3GjK9tVTPH3keFUewkjkfi,44404,18,222,1.0,44404.0,66397.0,0.668765,4.60858888e-05,2.04639781,0.12919947,0.95311065,-0.333,1.500,4.293,4.2927,-0.0003,1,,1,1,1,1,1,m1,1PJJAyxet5ARk1XH3GjK9tVTPH3keFUewkjkfi,007fc71adaf830483ffcd18a5028243687f49c7f66fc78d17fc1767c5fe99c1b,946685558,946685553,4,1,0,0,7.53,222,12
run4-tbt-3s,1,continentale,3,none,true,12,230,20,1,m2,1VAcJXZ4zmVYXXG3RSh25pvJNoJdBeVy9ChdT6,15454,18,222,1.0,15454.0,66397.0,0.232751,6.79420571e-05,1.04997655,0.34994596,0.98901417,-0.333,1.500,4.4,4.4004,0.0004,1,,0,2,2,0,0,m1,1PJJAyxet5ARk1XH3GjK9tVTPH3keFUewkjkfi,007fc71adaf830483ffcd18a5028243687f49c7f66fc78d17fc1767c5fe99c1b,946685558,946685553,4,1,0,0,48.9902,222,
run4-tbt-3s,1,continentale,3,none,true,12,230,20,1,m3,1VuBTTQVFkVMQoHen4dKPJgUfqJY1ta899xaf7,6539,18,222,1.0,6539.0,66397.0,0.098483,0.00018839801,1.23193459,0.29172766,0.99999631,-0.333,1.500,4.433,4.4334,0.0004,1,,0,3,3,0,0,m1,1PJJAyxet5ARk1XH3GjK9tVTPH3keFUewkjkfi,007fc71adaf830483ffcd18a5028243687f49c7f66fc78d17fc1767c5fe99c1b,946685558,946685553,4,1,0,0,39.5638,222,
run4-tbt-3s,1,continentale,3,none,true,12,231,20,1,m1,1PJJAyxet5ARk1XH3GjK9tVTPH3keFUewkjkfi,44404,18,222,1.0,44404.0,66397.0,0.668765,1.9294392e-05,0.85674818,0.42454037,0.72226552,-0.583,1.500,3.55,3.5502,0.0002,1,,1,1,1,1,1,m1,1PJJAyxet5ARk1XH3GjK9tVTPH3keFUewkjkfi,00fa34b191720c3bfa373fb44eb56f2347b983d8d0a3e0e5d0011e5e5465c1d6,946685562,946685558,3,1,0,0,7.6314,231,13
run4-tbt-3s,1,continentale,3,none,true,12,231,20,1,m2,1VAcJXZ4zmVYXXG3RSh25pvJNoJdBeVy9ChdT6,15454,18,222,1.0,15454.0,66397.0,0.232751,3.79432292e-05,0.58637466,0.55634055,0.91948539,-0.583,1.500,4.142,4.1419,-0.0001,1,,0,2,2,0,0,m1,1PJJAyxet5ARk1XH3GjK9tVTPH3keFUewkjkfi,00fa34b191720c3bfa373fb44eb56f2347b983d8d0a3e0e5d0011e5e5465c1d6,946685562,946685558,3,1,0,0,20.7509,231,
run4-tbt-3s,1,continentale,3,none,true,12,231,20,1,m3,1VuBTTQVFkVMQoHen4dKPJgUfqJY1ta899xaf7,6539,18,222,1.0,6539.0,66397.0,0.098483,0.000452414735,2.95833995,0.05190501,1.0,-0.583,1.500,4.383,4.3834,0.0004,1,,0,3,3,0,0,m1,1PJJAyxet5ARk1XH3GjK9tVTPH3keFUewkjkfi,00fa34b191720c3bfa373fb44eb56f2347b983d8d0a3e0e5d0011e5e5465c1d6,946685562,946685558,3,1,0,0,32.0058,231,
run4-tbt-3s,1,continentale,3,none,true,12,232,20,1,m1,1PJJAyxet5ARk1XH3GjK9tVTPH3keFUewkjkfi,44404,18,222,1.0,44404.0,66397.0,0.668765,7.36948875e-06,0.32723478,0.72091447,0.38695194,-0.5,1.500,2.561,2.5609,-0.0001,1,,1,1,1,1,1,m1,1PJJAyxet5ARk1XH3GjK9tVTPH3keFUewkjkfi,0011b9cbc89bfb401a1ad2a32a45b9732ebba5f9c33bc411aa6f3452cf453ec1,946685565,946685562,2,1,0,0,7.6314,231,14
run4-tbt-3s,1,continentale,3,none,true,12,232,20,1,m2,1VAcJXZ4zmVYXXG3RSh25pvJNoJdBeVy9ChdT6,15454,18,222,1.0,15454.0,66397.0,0.232751,0.000128748576,1.98968049,0.13673911,0.99980617,-0.5,1.500,4.399,4.3994,0.0004,1,,0,3,3,0,0,m1,1PJJAyxet5ARk1XH3GjK9tVTPH3keFUewkjkfi,0011b9cbc89bfb401a1ad2a32a45b9732ebba5f9c33bc411aa6f3452cf453ec1,946685565,946685562,2,1,0,0,20.7509,231,
run4-tbt-3s,1,continentale,3,none,true,12,232,20,1,m3,1VuBTTQVFkVMQoHen4dKPJgUfqJY1ta899xaf7,6539,18,222,1.0,6539.0,66397.0,0.098483,2.26084967e-05,0.14783696,0.86257174,0.77712325,-0.5,1.500,3.731,3.7314,0.0004,1,,0,2,2,0,0,m1,1PJJAyxet5ARk1XH3GjK9tVTPH3keFUewkjkfi,0011b9cbc89bfb401a1ad2a32a45b9732ebba5f9c33bc411aa6f3452cf453ec1,946685565,946685562,2,1,0,0,32.0058,231,
run4-tbt-3s,1,continentale,3,none,true,12,233,20,1,m1,1PJJAyxet5ARk1XH3GjK9tVTPH3keFUewkjkfi,44404,18,222,1.0,44404.0,66397.0,0.668765,6.13547165e-06,0.27243948,0.76151951,0.33460665,-0.5,1.500,2.404,2.4038,-0.0002,1,,1,1,1,1,1,m1,1PJJAyxet5ARk1XH3GjK9tVTPH3keFUewkjkfi,00731bf9812ebe9f38bf01518ff76f8512d4ac93a5f839bf3042fdebe8548b86,946685569,946685565,2,1,0,0,7.6314,231,15
run4-tbt-3s,1,continentale,3,none,true,12,233,20,1,m2,1VAcJXZ4zmVYXXG3RSh25pvJNoJdBeVy9ChdT6,15454,18,222,1.0,15454.0,66397.0,0.232751,2.18620687e-05,0.33785641,0.7132977,0.76579905,-0.5,1.500,3.697,3.6974,0.0004,1,,0,2,2,0,0,m1,1PJJAyxet5ARk1XH3GjK9tVTPH3keFUewkjkfi,00731bf9812ebe9f38bf01518ff76f8512d4ac93a5f839bf3042fdebe8548b86,946685569,946685565,2,1,0,0,20.7509,231,
run4-tbt-3s,1,continentale,3,none,true,12,233,20,1,m3,1VuBTTQVFkVMQoHen4dKPJgUfqJY1ta899xaf7,6539,18,222,1.0,6539.0,66397.0,0.098483,0.000104740192,0.68489612,0.5041426,0.99904561,-0.5,1.500,4.397,4.3971,0.0001,1,,0,3,3,0,0,m1,1PJJAyxet5ARk1XH3GjK9tVTPH3keFUewkjkfi,00731bf9812ebe9f38bf01518ff76f8512d4ac93a5f839bf3042fdebe8548b86,946685569,946685565,2,1,0,0,32.0058,231,
run4-tbt-3s,1,continentale,3,none,true,12,234,20,1,m1,1PJJAyxet5ARk1XH3GjK9tVTPH3keFUewkjkfi,44404,18,222,1.0,44404.0,66397.0,0.668765,7.25282536e-06,0.32205446,0.72465873,0.38218477,-0.5,1.500,2.547,2.5466,-0.0004,1,,1,1,1,1,1,m1,1PJJAyxet5ARk1XH3GjK9tVTPH3keFUewkjkfi,0034c7343fd32476102c68f9deaae5067712dfc823375a3e39e966b990372b11,946685572,946685569,2,1,0,0,7.6314,231,16
run4-tbt-3s,1,continentale,3,none,true,12,234,20,1,m2,1VAcJXZ4zmVYXXG3RSh25pvJNoJdBeVy9ChdT6,15454,18,222,1.0,15454.0,66397.0,0.232751,4.43783349e-05,0.68582279,0.50367564,0.94748142,-0.5,1.500,4.242,4.2424,0.0004,1,,0,2,2,0,0,m1,1PJJAyxet5ARk1XH3GjK9tVTPH3keFUewkjkfi,0034c7343fd32476102c68f9deaae5067712dfc823375a3e39e966b990372b11,946685572,946685569,2,1,0,0,20.7509,231,
run4-tbt-3s,1,continentale,3,none,true,12,234,20,1,m3,1VuBTTQVFkVMQoHen4dKPJgUfqJY1ta899xaf7,6539,18,222,1.0,6539.0,66397.0,0.098483,0.000129151834,0.84452384,0.42976194,0.99981129,-0.5,1.500,4.399,4.3994,0.0004,1,,0,3,3,0,0,m1,1PJJAyxet5ARk1XH3GjK9tVTPH3keFUewkjkfi,0034c7343fd32476102c68f9deaae5067712dfc823375a3e39e966b990372b11,946685572,946685569,2,1,0,0,32.0058,231,
run4-tbt-3s,1,continentale,3,none,true,12,235,20,1,m1,1PJJAyxet5ARk1XH3GjK9tVTPH3keFUewkjkfi,44404,18,222,1.0,44404.0,70727.0,0.627822,9.70332467e-07,0.04308664,0.9578284,0.06632672,-0.417,1.500,1.616,1.6156,-0.0004,1,,1,1,1,1,1,m1,1PJJAyxet5ARk1XH3GjK9tVTPH3keFUewkjkfi,0057a3b95849db579575cf108a543e6865d796d2e9246bae6d240055d8833f0c,946685574,946685572,1,1,0,0,7.6314,231,17
run4-tbt-3s,1,continentale,3,none,true,12,235,20,1,m2,1VAcJXZ4zmVYXXG3RSh25pvJNoJdBeVy9ChdT6,18080,19,234,1.0,18080.0,70727.0,0.255631,0.000133617395,2.4158025,0.08929565,0.99992134,-0.417,1.500,4.416,4.4164,0.0004,1,,0,3,3,0,0,m1,1PJJAyxet5ARk1XH3GjK9tVTPH3keFUewkjkfi,0057a3b95849db579575cf108a543e6865d796d2e9246bae6d240055d8833f0c,946685574,946685572,1,1,0,0,20.7509,231,
run4-tbt-3s,1,continentale,3,none,true,12,235,20,1,m3,1VuBTTQVFkVMQoHen4dKPJgUfqJY1ta899xaf7,8243,19,234,1.0,8243.0,70727.0,0.116547,3.08126486e-05,0.25398866,0.7757006,0.88687775,-0.417,1.500,4.077,4.0772,0.0002,1,,0,2,2,0,0,m1,1PJJAyxet5ARk1XH3GjK9tVTPH3keFUewkjkfi,0057a3b95849db579575cf108a543e6865d796d2e9246bae6d240055d8833f0c,946685574,946685572,1,1,0,0,32.0058,231,
run4-tbt-3s,1,continentale,3,none,true,12,236,20,1,m1,1PJJAyxet5ARk1XH3GjK9tVTPH3keFUewkjkfi,44404,18,222,1.0,44404.0,70727.0,0.627822,6.45616087e-06,0.28667937,0.75075241,0.3665821,-0.167,1.500,2.566,2.5663,0.0003,1,,1,1,1,1,1,m1,1PJJAyxet5ARk1XH3GjK9tVTPH3keFUewkjkfi,009fcabbe6d43df2c36d5b08acc17397556eb08f413bf6b31b9ec5f0eba8937e,946685577,946685574,2,1,0,0,7.6314,231,18
run4-tbt-3s,1,continentale,3,none,true,12,236,20,1,m2,1VAcJXZ4zmVYXXG3RSh25pvJNoJdBeVy9ChdT6,18080,19,234,1.0,18080.0,70727.0,0.255631,0.00013190824,2.38490098,0.0920981,0.99991123,-0.167,1.500,4.466,4.4663,0.0003,1,,0,2,2,0,0,m1,1PJJAyxet5ARk1XH3GjK9tVTPH3keFUewkjkfi,009fcabbe6d43df2c36d5b08acc17397556eb08f413bf6b31b9ec5f0eba8937e,946685577,946685574,2,1,0,0,20.7509,231,
run4-tbt-3s,1,continentale,3,none,true,12,236,20,1,m3,1VuBTTQVFkVMQoHen4dKPJgUfqJY1ta899xaf7,8243,19,234,1.0,8243.0,70727.0,0.116547,0.000173849362,1.43304029,0.23858246,0.99999543,-0.167,1.500,4.467,4.4666,-0.0004,1,,0,3,3,0,0,m1,1PJJAyxet5ARk1XH3GjK9tVTPH3keFUewkjkfi,009fcabbe6d43df2c36d5b08acc17397556eb08f413bf6b31b9ec5f0eba8937e,946685577,946685574,2,1,0,0,32.0058,231,
run4-tbt-3s,1,continentale,3,none,true,12,237,20,1,m1,1PJJAyxet5ARk1XH3GjK9tVTPH3keFUewkjkfi,44404,18,222,1.0,44404.0,70727.0,0.627822,1.34241987e-05,0.59608812,0.55096273,0.61304749,-0.25,1.500,3.289,3.2891,0.0001,1,,1,2,2,0,0,m1,1PJJAyxet5ARk1XH3GjK9tVTPH3keFUewkjkfi,001e9c602588023c2e1572db7a71c6f4fef321afcedc23f6f9d15f25b2c59a03,946685581,946685577,3,1,1,1,7.6314,231,19
run4-tbt-3s,1,continentale,3,none,true,12,237,20,1,m2,1VAcJXZ4zmVYXXG3RSh25pvJNoJdBeVy9ChdT6,18080,19,234,1.0,18080.0,70727.0,0.255631,1.69776095e-06,0.03069552,0.96977081,0.11314833,-0.25,1.500,1.789,1.7894,0.0004,1,,0,1,1,1,1,m1,1PJJAyxet5ARk1XH3GjK9tVTPH3keFUewkjkfi,001e9c602588023c2e1572db7a71c6f4fef321afcedc23f6f9d15f25b2c59a03,946685581,946685577,3,1,1,1,20.7509,231,
run4-tbt-3s,1,continentale,3,none,true,12,237,20,1,m3,1VuBTTQVFkVMQoHen4dKPJgUfqJY1ta899xaf7,8243,19,234,1.0,8243.0,70727.0,0.116547,9.88445039e-05,0.81477525,0.44273882,0.99907985,-0.25,1.500,4.447,4.4472,0.0002,1,,0,3,3,0,0,m1,1PJJAyxet5ARk1XH3GjK9tVTPH3keFUewkjkfi,001e9c602588023c2e1572db7a71c6f4fef321afcedc23f6f9d15f25b2c59a03,946685581,946685577,3,1,1,1,32.0058,231,
run4-tbt-3s,1,continentale,3,none,true,12,238,20,1,m1,1PJJAyxet5ARk1XH3GjK9tVTPH3keFUewkjkfi,44404,18,222,1.0,44404.0,70727.0,0.627822,3.0889118e-06,0.13716004,0.87183069,0.19625198,-0.333,1.500,2.022,2.0222,0.0002,1,,1,1,1,1,1,m1,1PJJAyxet5ARk1XH3GjK9tVTPH3keFUewkjkfi,00733f806ff6b45c2e1363bc3892e02bf2b15d0f7bd5eba363d04985b92b2bb8,946685583,946685581,2,1,0,0,7.6314,231,20
run4-tbt-3s,1,continentale,3,none,true,12,238,20,1,m2,1VAcJXZ4zmVYXXG3RSh25pvJNoJdBeVy9ChdT6,18080,19,234,1.0,18080.0,70727.0,0.255631,2.3537913e-05,0.42556547,0.6534002,0.81076506,-0.25,1.500,3.882,3.8823,0.0003,1,,0,2,2,0,0,m1,1PJJAyxet5ARk1XH3GjK9tVTPH3keFUewkjkfi,00733f806ff6b45c2e1363bc3892e02bf2b15d0f7bd5eba363d04985b92b2bb8,946685583,946685581,2,1,0,0,20.7509,231,
run4-tbt-3s,1,continentale,3,none,true,12,238,20,1,m3,1VuBTTQVFkVMQoHen4dKPJgUfqJY1ta899xaf7,8243,19,234,1.0,8243.0,70727.0,0.116547,0.000293101317,2.41603416,0.08927497,1.0,-0.25,1.500,4.45,4.45,-0.0,1,,0,3,3,0,0,m1,1PJJAyxet5ARk1XH3GjK9tVTPH3keFUewkjkfi,00733f806ff6b45c2e1363bc3892e02bf2b15d0f7bd5eba363d04985b92b2bb8,946685583,946685581,2,1,0,0,32.0058,231,
run4-tbt-3s,1,continentale,3,none,true,12,239,20,1,m1,1PJJAyxet5ARk1XH3GjK9tVTPH3keFUewkjkfi,44404,18,222,1.0,44404.0,70727.0,0.627822,4.51920766e-06,0.2006709,0.81818165,0.27358224,-0.25,1.500,2.271,2.2707,-0.0003,1,,1,1,1,1,1,m1,1PJJAyxet5ARk1XH3GjK9tVTPH3keFUewkjkfi,0042729c9e4f54714a2222b6cf9a1795c990187b8a02674ecf8f0213bc376409,946685586,946685583,2,1,0,0,7.6314,231,21
run4-tbt-3s,1,continentale,3,none,true,12,239,20,1,m2,1VAcJXZ4zmVYXXG3RSh25pvJNoJdBeVy9ChdT6,18080,19,234,1.0,18080.0,70727.0,0.255631,0.00010482331,1.89520544,0.15028746,0.99939715,-0.25,1.500,4.448,4.4482,0.0002,1,,0,3,3,0,0,m1,1PJJAyxet5ARk1XH3GjK9tVTPH3keFUewkjkfi,0042729c9e4f54714a2222b6cf9a1795c990187b8a02674ecf8f0213bc376409,946685586,946685583,2,1,0,0,20.7509,231,
run4-tbt-3s,1,continentale,3,none,true,12,239,20,1,m3,1VuBTTQVFkVMQoHen4dKPJgUfqJY1ta899xaf7,8243,19,234,1.0,8243.0,70727.0,0.116547,1.36737853e-05,0.11271301,0.89340702,0.61981824,-0.25,1.500,3.309,3.3095,0.0005,1,,0,2,2,0,0,m1,1PJJAyxet5ARk1XH3GjK9tVTPH3keFUewkjkfi,0042729c9e4f54714a2222b6cf9a1795c990187b8a02674ecf8f0213bc376409,946685586,946685583,2,1,0,0,32.0058,231,
run4-tbt-3s,1,continentale,3,none,true,12,240,21,1,m1,1PJJAyxet5ARk1XH3GjK9tVTPH3keFUewkjkfi,44404,18,222,1.0,44404.0,70727.0,0.627822,4.67198055e-05,2.07454624,0.12561341,0.96327699,-0.25,1.500,4.34,4.3398,-0.0002,1,,0,2,2,0,0,m3,1VuBTTQVFkVMQoHen4dKPJgUfqJY1ta899xaf7,00d02aae8ebed4b81377663dc5287f2cefac02e252a0d209fbf6257de7e2c2ec,946685590,946685586,3,1,0,0,7.6314,231,
run4-tbt-3s,1,continentale,3,none,true,12,240,21,1,m2,1VAcJXZ4zmVYXXG3RSh25pvJNoJdBeVy9ChdT6,18080,19,234,1.0,18080.0,70727.0,0.255631,5.42147151e-05,0.98020205,0.37523528,0.97838665,-0.25,1.500,4.385,4.3852,0.0002,1,,0,3,3,0,0,m3,1VuBTTQVFkVMQoHen4dKPJgUfqJY1ta899xaf7,00d02aae8ebed4b81377663dc5287f2cefac02e252a0d209fbf6257de7e2c2ec,946685590,946685586,3,1,0,0,20.7509,231,
run4-tbt-3s,1,continentale,3,none,true,12,240,21,1,m3,1VuBTTQVFkVMQoHen4dKPJgUfqJY1ta899xaf7,8243,19,234,1.0,8243.0,70727.0,0.116547,1.23453243e-05,0.10176251,0.90324404,0.58236513,-0.25,1.500,3.197,3.1971,0.0001,1,,1,1,1,1,1,m3,1VuBTTQVFkVMQoHen4dKPJgUfqJY1ta899xaf7,00d02aae8ebed4b81377663dc5287f2cefac02e252a0d209fbf6257de7e2c2ec,946685590,946685586,3,1,0,0,32.0058,231,1
run4-tbt-3s,1,continentale,3,none,true,12,241,21,1,m1,1PJJAyxet5ARk1XH3GjK9tVTPH3keFUewkjkfi,44404,18,222,1.0,44404.0,70727.0,0.627822,3.52919953e-05,1.56710576,0.20864819,0.91759399,-0.333,1.500,4.186,4.1862,0.0002,1,,0,2,2,0,0,m3,1VuBTTQVFkVMQoHen4dKPJgUfqJY1ta899xaf7,00ffc5aa0231f126b2eb2e62a3966ddfa03f65915171ac726f85057603e538ab,946685595,946685590,4,1,0,0,108.3054,241,
run4-tbt-3s,1,continentale,3,none,true,12,241,21,1,m2,1VAcJXZ4zmVYXXG3RSh25pvJNoJdBeVy9ChdT6,18080,19,234,1.0,18080.0,70727.0,0.255631,0.000116655745,2.10913587,0.12134278,0.99973893,-0.333,1.500,4.433,4.4326,-0.0004,1,,0,3,3,0,0,m3,1VuBTTQVFkVMQoHen4dKPJgUfqJY1ta899xaf7,00ffc5aa0231f126b2eb2e62a3966ddfa03f65915171ac726f85057603e538ab,946685595,946685590,4,1,0,0,20.6455,241,
run4-tbt-3s,1,continentale,3,none,true,12,241,21,1,m3,1VuBTTQVFkVMQoHen4dKPJgUfqJY1ta899xaf7,8243,19,234,1.0,8243.0,70727.0,0.116547,2.88565123e-05,0.23786423,0.78830971,0.87009275,-0.333,1.500,4.044,4.0437,-0.0003,1,,1,1,1,1,1,m3,1VuBTTQVFkVMQoHen4dKPJgUfqJY1ta899xaf7,00ffc5aa0231f126b2eb2e62a3966ddfa03f65915171ac726f85057603e538ab,946685595,946685590,4,1,0,0,32.0978,241,2
run4-tbt-3s,1,continentale,3,none,true,12,242,21,1,m1,1PJJAyxet5ARk1XH3GjK9tVTPH3keFUewkjkfi,44404,18,222,1.0,44404.0,70727.0,0.627822,9.67425104e-06,0.42957544,0.65078533,0.49552185,-0.5,1.500,2.887,2.8866,-0.0004,1,,0,2,2,0,0,m2,1VAcJXZ4zmVYXXG3RSh25pvJNoJdBeVy9ChdT6,00f91786a886d7b54094c2c3e57dd485c02691b417f1afc0aed9d5d5bdf8bc64,946685598,946685595,1,1,0,0,108.3054,241,
run4-tbt-3s,1,continentale,3,none,true,12,242,21,1,m2,1VAcJXZ4zmVYXXG3RSh25pvJNoJdBeVy9ChdT6,18080,19,234,1.0,18080.0,70727.0,0.255631,1.15339667e-06,0.02085341,0.97936252,0.0783376,-0.5,1.500,1.635,1.635,0.0,1,,1,1,1,1,1,m2,1VAcJXZ4zmVYXXG3RSh25pvJNoJdBeVy9ChdT6,00f91786a886d7b54094c2c3e57dd485c02691b417f1afc0aed9d5d5bdf8bc64,946685598,946685595,1,1,0,0,20.6455,241,1
run4-tbt-3s,1,continentale,3,none,true,12,242,21,1,m3,1VuBTTQVFkVMQoHen4dKPJgUfqJY1ta899xaf7,8243,19,234,1.0,8243.0,70727.0,0.116547,2.94387914e-05,0.24266396,0.78453511,0.87533404,-0.5,1.500,4.026,4.026,0.0,1,,0,3,3,0,0,m2,1VAcJXZ4zmVYXXG3RSh25pvJNoJdBeVy9ChdT6,00f91786a886d7b54094c2c3e57dd485c02691b417f1afc0aed9d5d5bdf8bc64,946685598,946685595,1,1,0,0,32.0978,241,
run4-tbt-3s,1,continentale,3,none,true,12,243,21,1,m1,1PJJAyxet5ARk1XH3GjK9tVTPH3keFUewkjkfi,44404,18,222,1.0,44404.0,70727.0,0.627822,2.69976511e-05,1.1988037,0.30155475,0.85184005,-0.333,1.500,3.989,3.9889,-0.0001,1,,0,1,1,1,1,m2,1VAcJXZ4zmVYXXG3RSh25pvJNoJdBeVy9ChdT6,00c3044b839767a2a9b0546bd50fa46eeec171bbabd179088b836757fc293bd6,946685602,946685598,4,1,0,0,108.3054,241,
run4-tbt-3s,1,continentale,3,none,true,12,243,21,1,m2,1VAcJXZ4zmVYXXG3RSh25pvJNoJdBeVy9ChdT6,18080,19,234,1.0,18080.0,70727.0,0.255631,3.02755188e-05,0.54738138,0.5784626,0.88249761,-0.333,1.500,4.081,4.0809,-0.0001,1,,1,2,2,0,0,m2,1VAcJXZ4zmVYXXG3RSh25pvJNoJdBeVy9ChdT6,00c3044b839767a2a9b0546bd50fa46eeec171bbabd179088b836757fc293bd6,946685602,946685598,4,1,0,0,20.6455,241,2
run4-tbt-3s,1,continentale,3,none,true,12,243,21,1,m3,1VuBTTQVFkVMQoHen4dKPJgUfqJY1ta899xaf7,8243,19,234,1.0,8243.0,70727.0,0.116547,0.000354321367,2.92067103,0.05389751,1.0,-0.333,1.500,4.433,4.4334,0.0004,1,,0,3,3,0,0,m2,1VAcJXZ4zmVYXXG3RSh25pvJNoJdBeVy9ChdT6,00c3044b839767a2a9b0546bd50fa46eeec171bbabd179088b836757fc293bd6,946685602,946685598,4,1,0,0,32.0978,241,
run4-tbt-3s,1,continentale,3,none,true,12,244,21,1,m1,1PJJAyxet5ARk1XH3GjK9tVTPH3keFUewkjkfi,44404,18,222,1.0,44404.0,70727.0,0.627822,1.35409373e-05,0.60127178,0.54811411,0.61622924,-0.333,1.500,3.282,3.2821,0.0001,1,,1,1,1,1,1,m1,1PJJAyxet5ARk1XH3GjK9tVTPH3keFUewkjkfi,00b44094459e44712b7427e81499da70b80120f7a34ff404026841d3c00df9a3,946685606,946685602,3,1,0,0,108.3054,241,1
run4-tbt-3s,1,continentale,3,none,true,12,244,21,1,m2,1VAcJXZ4zmVYXXG3RSh25pvJNoJdBeVy9ChdT6,18080,19,234,1.0,18080.0,70727.0,0.255631,0.000108326271,1.95853898,0.14106437,0.99952944,-0.333,1.500,4.432,4.432,-0.0,1,,0,2,2,0,0,m1,1PJJAyxet5ARk1XH3GjK9tVTPH3keFUewkjkfi,00b44094459e44712b7427e81499da70b80120f7a34ff404026841d3c00df9a3,946685606,946685602,3,1,0,0,20.6455,241,
run4-tbt-3s,1,continentale,3,none,true,12,244,21,1,m3,1VuBTTQVFkVMQoHen4dKPJgUfqJY1ta899xaf7,8243,19,234,1.0,8243.0,70727.0,0.116547,0.000148652473,1.22534233,0.29365715,0.99997284,-0.333,1.500,4.433,4.4333,0.0003,1,,0,3,3,0,0,m1,1PJJAyxet5ARk1XH3GjK9tVTPH3keFUewkjkfi,00b44094459e44712b7427e81499da70b80120f7a34ff404026841d3c00df9a3,946685606,946685602,3,1,0,0,32.0978,241,
run4-tbt-3s,1,continentale,3,none,true,12,245,21,1,m1,1PJJAyxet5ARk1XH3GjK9tVTPH3keFUewkjkfi,44404,18,222,1.0,44404.0,70727.0,0.627822,4.00007265e-06,0.17761923,0.83726117,0.24641476,-0.417,1.500,2.156,2.1558,-0.0002,1,,1,1,1,1,1,m1,1PJJAyxet5ARk1XH3GjK9tVTPH3keFUewkjkfi,007170379590e5974ebb930e929022920fa849acb40b4c1d0a82d7c127099239,946685608,946685606,2,1,0,0,108.3054,241,2
run4-tbt-3s,1,continentale,3,none,true,12,245,21,1,m2,1VAcJXZ4zmVYXXG3RSh25pvJNoJdBeVy9ChdT6,18080,19,234,1.0,18080.0,70727.0,0.255631,2.22006566e-05,0.40138787,0.66939037,0.79199348,-0.417,1.500,3.793,3.7926,-0.0004,1,,0,2,2,0,0,m1,1PJJAyxet5ARk1XH3GjK9tVTPH3keFUewkjkfi,007170379590e5974ebb930e929022920fa849acb40b4c1d0a82d7c127099239,946685608,946685606,2,1,0,0,20.6455,241,
run4-tbt-3s,1,continentale,3,none,true,12,245,21,1,m3,1VuBTTQVFkVMQoHen4dKPJgUfqJY1ta899xaf7,8243,19,234,1.0,8243.0,70727.0,0.116547,0.000215698225,1.77800047,0.16897568,0.99999976,-0.417,1.500,4.417,4.4166,-0.0004,1,,0,3,3,0,0,m1,1PJJAyxet5ARk1XH3GjK9tVTPH3keFUewkjkfi,007170379590e5974ebb930e929022920fa849acb40b4c1d0a82d7c127099239,946685608,946685606,2,1,0,0,32.0978,241,
run4-tbt-3s,1,continentale,3,none,true,12,246,21,1,m1,1PJJAyxet5ARk1XH3GjK9tVTPH3keFUewkjkfi,44404,18,222,1.0,44404.0,70727.0,0.627822,7.12918218e-05,3.16564206,0.04218705,0.99354084,-0.25,1.500,4.431,4.4306,-0.0004,1,,0,2,2,0,0,m2,1VAcJXZ4zmVYXXG3RSh25pvJNoJdBeVy9ChdT6,006de2429eb868eccf4fb4fe3797a739b3b785ee2af64f5a77f59080c510bbe1,946685613,946685608,4,1,0,0,108.3054,241,
run4-tbt-3s,1,continentale,3,none,true,12,246,21,1,m2,1VAcJXZ4zmVYXXG3RSh25pvJNoJdBeVy9ChdT6,18080,19,234,1.0,18080.0,70727.0,0.255631,5.60008954e-05,1.01249619,0.36331095,0.98095166,-0.25,1.500,4.393,4.3929,-0.0001,1,,1,1,1,1,1,m2,1VAcJXZ4zmVYXXG3RSh25pvJNoJdBeVy9ChdT6,006de2429eb868eccf4fb4fe3797a739b3b785ee2af64f5a77f59080c510bbe1,946685613,946685608,4,1,0,0,20.6455,241,1
run4-tbt-3s,1,continentale,3,none,true,12,246,21,1,m3,1VuBTTQVFkVMQoHen4dKPJgUfqJY1ta899xaf7,8243,19,234,1.0,8243.0,70727.0,0.116547,0.000311388746,2.56677743,0.07678258,1.0,-0.25,1.500,4.45,4.45,-0.0,1,,0,3,3,0,0,m2,1VAcJXZ4zmVYXXG3RSh25pvJNoJdBeVy9ChdT6,006de2429eb868eccf4fb4fe3797a739b3b785ee2af64f5a77f59080c510bbe1,946685613,946685608,4,1,0,0,32.0978,241,
run4-tbt-3s,1,continentale,3,none,true,12,247,21,1,m1,1PJJAyxet5ARk1XH3GjK9tVTPH3keFUewkjkfi,42450,20,246,1.0,42450.0,64443.0,0.658722,0.000114124753,4.84459576,0.0078708,0.99936032,-0.417,1.500,4.415,4.4147,-0.0003,1,,0,3,3,0,0,m2,1VAcJXZ4zmVYXXG3RSh25pvJNoJdBeVy9ChdT6,0030b1e9b9f876c33cbff1543b04c86f4bce572c361783be6871590071c72583,946685618,946685613,3,1,0,0,108.3054,241,
run4-tbt-3s,1,continentale,3,none,true,12,247,21,1,m2,1VAcJXZ4zmVYXXG3RSh25pvJNoJdBeVy9ChdT6,15454,20,246,1.0,15454.0,64443.0,0.239809,2.43904644e-05,0.37693024,0.68596393,0.79232786,-0.417,1.500,3.794,3.7936,-0.0004,1,,1,1,1,1,1,m2,1VAcJXZ4zmVYXXG3RSh25pvJNoJdBeVy9ChdT6,0030b1e9b9f876c33cbff1543b04c86f4bce572c361783be6871590071c72583,946685618,946685613,3,1,0,0,20.6455,241,2
run4-tbt-3s,1,continentale,3,none,true,12,247,21,1,m3,1VuBTTQVFkVMQoHen4dKPJgUfqJY1ta899xaf7,6539,20,246,1.0,6539.0,64443.0,0.10147,5.30005772e-05,0.34657077,0.70710877,0.96714056,-0.417,1.500,4.318,4.318,0.0,1,,0,2,2,0,0,m2,1VAcJXZ4zmVYXXG3RSh25pvJNoJdBeVy9ChdT6,0030b1e9b9f876c33cbff1543b04c86f4bce572c361783be6871590071c72583,946685618,946685613,3,1,0,0,32.0978,241,
run4-tbt-3s,1,continentale,3,none,true,12,248,21,1,m1,1PJJAyxet5ARk1XH3GjK9tVTPH3keFUewkjkfi,42450,20,246,1.0,42450.0,64443.0,0.658722,8.54012463e-05,3.62528291,0.02664156,0.99592756,-0.667,1.500,4.354,4.3544,0.0004,1,,0,2,2,0,0,m2,1VAcJXZ4zmVYXXG3RSh25pvJNoJdBeVy9ChdT6,002a4c501f6dfa4ff1351d14f68abe5809f74c5b064aa637457a69c9676a6ef2,946685621,946685618,2,1,0,0,108.3054,241,
run4-tbt-3s,1,continentale,3,none,true,12,248,21,1,m2,1VAcJXZ4zmVYXXG3RSh25pvJNoJdBeVy9ChdT6,15454,20,246,1.0,15454.0,64443.0,0.239809,1.19711715e-05,0.18500248,0.83110222,0.53766161,-0.667,1.500,2.98,2.9796,-0.0004,1,,1,1,1,1,1,m2,1VAcJXZ4zmVYXXG3RSh25pvJNoJdBeVy9ChdT6,002a4c501f6dfa4ff1351d14f68abe5809f74c5b064aa637457a69c9676a6ef2,946685621,946685618,2,1,0,0,20.6455,241,3
run4-tbt-3s,1,continentale,3,none,true,12,248,21,1,m3,1VuBTTQVFkVMQoHen4dKPJgUfqJY1ta899xaf7,6539,20,246,1.0,6539.0,64443.0,0.10147,0.000247344331,1.61738458,0.19841696,0.99999988,-0.667,1.500,4.367,4.3666,-0.0004,1,,0,3,3,0,0,m2,1VAcJXZ4zmVYXXG3RSh25pvJNoJdBeVy9ChdT6,002a4c501f6dfa4ff1351d14f68abe5809f74c5b064aa637457a69c9676a6ef2,946685621,946685618,2,1,0,0,32.0978,241,
run4-tbt-3s,1,continentale,3,none,true,12,249,21,1,m1,1PJJAyxet5ARk1XH3GjK9tVTPH3keFUewkjkfi,42450,20,246,1.0,42450.0,64443.0,0.658722,5.42139376e-05,2.30138165,0.10012042,0.96961204,-0.667,1.500,4.276,4.2754,-0.0006,1,,0,1,1,1,1,m2,1VAcJXZ4zmVYXXG3RSh25pvJNoJdBeVy9ChdT6,00b410bf201b8f6fabf40cc0d9d6d9b57b75fb9a3b39a1c1ce2bbd33e618c021,946685626,946685621,4,1,0,0,7.0669,249,
run4-tbt-3s,1,continentale,3,none,true,12,249,21,1,m2,1VAcJXZ4zmVYXXG3RSh25pvJNoJdBeVy9ChdT6,15454,20,246,1.0,15454.0,64443.0,0.239809,8.31004179e-05,1.28423386,0.27686262,0.99527667,-0.667,1.500,4.352,4.3524,0.0004,1,,1,2,2,0,0,m2,1VAcJXZ4zmVYXXG3RSh25pvJNoJdBeVy9ChdT6,00b410bf201b8f6fabf40cc0d9d6d9b57b75fb9a3b39a1c1ce2bbd33e618c021,946685626,946685621,4,1,0,0,10.4988,249,4
run4-tbt-3s,1,continentale,3,none,true,12,249,21,1,m3,1VuBTTQVFkVMQoHen4dKPJgUfqJY1ta899xaf7,6539,20,246,1.0,6539.0,64443.0,0.10147,0.000494947533,3.23646192,0.03930271,1.0,-0.667,1.500,4.367,4.3666,-0.0004,1,,0,3,3,0,0,m2,1VAcJXZ4zmVYXXG3RSh25pvJNoJdBeVy9ChdT6,00b410bf201b8f6fabf40cc0d9d6d9b57b75fb9a3b39a1c1ce2bbd33e618c021,946685626,946685621,4,1,0,0,25.9574,249,
run4-tbt-3s,1,continentale,3,none,true,12,250,21,1,m1,1PJJAyxet5ARk1XH3GjK9tVTPH3keFUewkjkfi,42450,20,246,1.0,42450.0,64443.0,0.658722,3.75713032e-06,0.15949018,0.85257834,0.21503861,-0.75,1.500,1.995,1.9951,0.0001,1,,1,1,1,1,1,m1,1PJJAyxet5ARk1XH3GjK9tVTPH3keFUewkjkfi,00216717871b0d52e428d20b82160fcff413112c1dc321771e2f841ffb8ce1ed,946685629,946685626,1,1,0,0,7.0669,249,1
run4-tbt-3s,1,continentale,3,none,true,12,250,21,1,m2,1VAcJXZ4zmVYXXG3RSh25pvJNoJdBeVy9ChdT6,15454,20,246,1.0,15454.0,64443.0,0.239809,5.94689422e-05,0.91903303,0.39890458,0.97834149,-0.75,1.500,4.285,4.285,0.0,1,,0,2,2,0,0,m1,1PJJAyxet5ARk1XH3GjK9tVTPH3keFUewkjkfi,00216717871b0d52e428d20b82160fcff413112c1dc321771e2f841ffb8ce1ed,946685629,946685626,1,1,0,0,10.4988,249,
run4-tbt-3s,1,continentale,3,none,true,12,250,21,1,m3,1VuBTTQVFkVMQoHen4dKPJgUfqJY1ta899xaf7,6539,20,246,1.0,6539.0,64443.0,0.10147,0.000104411489,0.68274673,0.50522736,0.99880378,-0.75,1.500,4.346,4.3464,0.0004,1,,0,3,3,0,0,m1,1PJJAyxet5ARk1XH3GjK9tVTPH3keFUewkjkfi,00216717871b0d52e428d20b82160fcff413112c1dc321771e2f841ffb8ce1ed,946685629,946685626,1,1,0,0,25.9574,249,
run4-tbt-3s,1,continentale,3,none,true,12,251,21,1,m1,1PJJAyxet5ARk1XH3GjK9tVTPH3keFUewkjkfi,42450,20,246,1.0,42450.0,64443.0,0.658722,1.3792263e-05,0.58548156,0.55683764,0.58885725,-0.833,1.500,3.1,3.1,-0.0,1,,1,1,1,1,1,m1,1PJJAyxet5ARk1XH3GjK9tVTPH3keFUewkjkfi,00ae41321d8641543d0a32dc64ef73c83fac7641fe29b536c972809e3c90127a,946685633,946685629,3,1,0,0,7.0669,249,2
run4-tbt-3s,1,continentale,3,none,true,12,251,21,1,m2,1VAcJXZ4zmVYXXG3RSh25pvJNoJdBeVy9ChdT6,15454,20,246,1.0,15454.0,64443.0,0.239809,0.000102160457,1.5787877,0.20622495,0.99861704,-0.833,1.500,4.329,4.3293,0.0003,1,,0,3,3,0,0,m1,1PJJAyxet5ARk1XH3GjK9tVTPH3keFUewkjkfi,00ae41321d8641543d0a32dc64ef73c83fac7641fe29b536c972809e3c90127a,946685633,946685629,3,1,0,0,10.4988,249,
run4-tbt-3s,1,continentale,3,none,true,12,251,21,1,m3,1VuBTTQVFkVMQoHen4dKPJgUfqJY1ta899xaf7,6539,20,246,1.0,6539.0,64443.0,0.10147,9.89669197e-05,0.64714469,0.52353851,0.99830102,-0.833,1.500,4.328,4.3283,0.0003,1,,0,2,2,0,0,m1,1PJJAyxet5ARk1XH3GjK9tVTPH3keFUewkjkfi,00ae41321d8641543d0a32dc64ef73c83fac7641fe29b536c972809e3c90127a,946685633,946685629,3,1,0,0,25.9574,249,
run4-tbt-3s,1,continentale,3,none,true,12,252,22,1,m1,1PJJAyxet5ARk1XH3GjK9tVTPH3keFUewkjkfi,42450,20,246,1.0,42450.0,64443.0,0.658722,1.12462291e-05,0.47740243,0.62039282,0.51554985,-0.917,1.500,2.863,2.8632,0.0002,1,,1,1,1,1,1,m1,1PJJAyxet5ARk1XH3GjK9tVTPH3keFUewkjkfi,00630576f3c4fc068ef9b1055be8c0654b8f80bfa56a8c7389c170d162402b5b,946685636,946685633,2,1,0,0,7.0669,249,3
run4-tbt-3s,1,continentale,3,none,true,12,252,22,1,m2,1VAcJXZ4zmVYXXG3RSh25pvJNoJdBeVy9ChdT6,15454,20,246,1.0,15454.0,64443.0,0.239809,2.94952919e-05,0.45582024,0.63392778,0.85054577,-0.917,1.500,3.868,3.8682,0.0002,1,,0,2,2,0,0,m1,1PJJAyxet5ARk1XH3GjK9tVTPH3keFUewkjkfi,00630576f3c4fc068ef9b1055be8c0654b8f80bfa56a8c7389c170d162402b5b,946685636,946685633,2,1,0,0,10.4988,249,
run4-tbt-3s,1,continentale,3,none,true,12,252,22,1,m3,1VuBTTQVFkVMQoHen4dKPJgUfqJY1ta899xaf7,6539,20,246,1.0,6539.0,64443.0,0.10147,0.000287047981,1.87700675,0.15304753,0.99999999,-0.917,1.500,4.317,4.3166,-0.0004,1,,0,3,3,0,0,m1,1PJJAyxet5ARk1XH3GjK9tVTPH3keFUewkjkfi,00630576f3c4fc068ef9b1055be8c0654b8f80bfa56a8c7389c170d162402b5b,946685636,946685633,2,1,0,0,25.9574,249,
run4-tbt-3s,1,continentale,3,none,true,12,253,22,1,m1,1PJJAyxet5ARk1XH3GjK9tVTPH3keFUewkjkfi,42450,20,246,1.0,42450.0,64443.0,0.658722,1.06155214e-05,0.45062888,0.63722728,0.49545389,-0.833,1.500,2.82,2.8198,-0.0002,1,,1,1,1,1,1,m1,1PJJAyxet5ARk1XH3GjK9tVTPH3keFUewkjkfi,00d71c60ca45a55a57617946712b8e08766fb8e8d7cd089dcfa1dcac328084b9,946685639,946685636,2,1,0,0,7.0669,249,4
run4-tbt-3s,1,continentale,3,none,true,12,253,22,1,m2,1VAcJXZ4zmVYXXG3RSh25pvJNoJdBeVy9ChdT6,15454,20,246,1.0,15454.0,64443.0,0.239809,0.000121359394,1.87548807,0.15328014,0.99959868,-0.833,1.500,4.332,4.3322,0.0002,1,,0,2,2,0,0,m1,1PJJAyxet5ARk1XH3GjK9tVTPH3keFUewkjkfi,00d71c60ca45a55a57617946712b8e08766fb8e8d7cd089dcfa1dcac328084b9,946685639,946685636,2,1,0,0,10.4988,249,
run4-tbt-3s,1,continentale,3,none,true,12,253,22,1,m3,1VuBTTQVFkVMQoHen4dKPJgUfqJY1ta899xaf7,6539,20,246,1.0,6539.0,64443.0,0.10147,0.000258515468,1.69043265,0.18443971,0.99999994,-0.833,1.500,4.333,4.3334,0.0004,1,,0,3,3,0,0,m1,1PJJAyxet5ARk1XH3GjK9tVTPH3keFUewkjkfi,00d71c60ca45a55a57617946712b8e08766fb8e8d7cd089dcfa1dcac328084b9,946685639,946685636,2,1,0,0,25.9574,249,
run4-tbt-3s,1,continentale,3,none,true,12,254,22,1,m1,1PJJAyxet5ARk1XH3GjK9tVTPH3keFUewkjkfi,42450,20,246,1.0,42450.0,64443.0,0.658722,3.4655375e-05,1.47112067,0.22966796,0.89282544,-0.667,1.500,4.045,4.0451,0.0001,1,,0,2,2,0,0,m2,1VAcJXZ4zmVYXXG3RSh25pvJNoJdBeVy9ChdT6,0075976a45e2758b854a5a13df1563274e7563de6a5ff8e6515b384f5e81bf1e,946685643,946685639,2,1,0,0,7.0669,249,
run4-tbt-3s,1,continentale,3,none,true,12,254,22,1,m2,1VAcJXZ4zmVYXXG3RSh25pvJNoJdBeVy9ChdT6,15454,20,246,1.0,15454.0,64443.0,0.239809,7.03686462e-06,0.10874771,0.89695669,0.36458482,-0.667,1.500,2.46,2.4604,0.0004,1,,1,1,1,1,1,m2,1VAcJXZ4zmVYXXG3RSh25pvJNoJdBeVy9ChdT6,0075976a45e2758b854a5a13df1563274e7563de6a5ff8e6515b384f5e81bf1e,946685643,946685639,2,1,0,0,10.4988,249,1
run4-tbt-3s,1,continentale,3,none,true,12,254,22,1,m3,1VuBTTQVFkVMQoHen4dKPJgUfqJY1ta899xaf7,6539,20,246,1.0,6539.0,64443.0,0.10147,5.16497476e-05,0.3377377,0.71338238,0.9641519,-0.667,1.500,4.259,4.2591,0.0001,1,,0,3,3,0,0,m2,1VAcJXZ4zmVYXXG3RSh25pvJNoJdBeVy9ChdT6,0075976a45e2758b854a5a13df1563274e7563de6a5ff8e6515b384f5e81bf1e,946685643,946685639,2,1,0,0,25.9574,249,
run4-tbt-3s,1,continentale,3,none,true,12,255,22,1,m2,1VAcJXZ4zmVYXXG3RSh25pvJNoJdBeVy9ChdT6,15454,20,246,1.0,15454.0,64443.0,0.239809,0.000136326521,2.10679006,0.12162776,0.99984703,-0.75,1.500,4.35,4.3495,-0.0005,1,,0,1,1,1,1,m1,1PJJAyxet5ARk1XH3GjK9tVTPH3keFUewkjkfi,00a8ed197139710ad856442e8b9de54148f02bca9dfe93986fd93cd370331ea6,946685644,946685643,1,1,0,0,10.4988,249,
run4-tbt-3s,1,continentale,3,none,true,12,256,22,1,m1,1PJJAyxet5ARk1XH3GjK9tVTPH3keFUewkjkfi,42450,20,246,1.0,42450.0,64443.0,0.658722,2.14916025e-06,0.09123185,0.91280605,0.1293353,-0.5,1.500,1.788,1.788,0.0,1,,1,1,1,1,1,m1,1PJJAyxet5ARk1XH3GjK9tVTPH3keFUewkjkfi,00edc2990fd96d297c3abb91aae8bf6b0b7582a7900dce234f20af2f9b9db310,946685646,946685644,1,1,0,0,7.0669,249,2
run4-tbt-3s,1,continentale,3,none,true,12,256,22,1,m2,1VAcJXZ4zmVYXXG3RSh25pvJNoJdBeVy9ChdT6,15454,20,246,1.0,15454.0,64443.0,0.239809,5.69503029e-05,0.88010998,0.4147373,0.97452476,-0.5,1.500,4.324,4.3236,-0.0004,1,,0,3,3,0,0,m1,1PJJAyxet5ARk1XH3GjK9tVTPH3keFUewkjkfi,00edc2990fd96d297c3abb91aae8bf6b0b7582a7900dce234f20af2f9b9db310,946685646,946685644,1,1,0,0,10.4988,249,
run4-tbt-3s,1,continentale,3,none,true,12,256,22,1,m3,1VuBTTQVFkVMQoHen4dKPJgUfqJY1ta899xaf7,6539,20,246,1.0,6539.0,64443.0,0.10147,4.42242972e-05,0.28918268,0.74887539,0.94215258,-0.5,1.500,4.226,4.2265,0.0005,1,,0,2,2,0,0,m1,1PJJAyxet5ARk1XH3GjK9tVTPH3keFUewkjkfi,00edc2990fd96d297c3abb91aae8bf6b0b7582a7900dce234f20af2f9b9db310,946685646,946685644,1,1,0,0,25.9574,249,
run4-tbt-3s,1,continentale,3,none,true,12,257,22,1,m1,1PJJAyxet5ARk1XH3GjK9tVTPH3keFUewkjkfi,42450,20,246,1.0,42450.0,64443.0,0.658722,3.02816004e-05,1.28545394,0.27652503,0.85793025,-0.333,1.500,4.007,4.0072,0.0002,1,,1,1,1,1,1,m1,1PJJAyxet5ARk1XH3GjK9tVTPH3keFUewkjkfi,0096ee8a1ddda95a16001874db4169be4e850492b6c9ecc125cd5912b1140697,946685650,946685646,4,1,0,0,7.0669,249,3
run4-tbt-3s,1,continentale,3,none,true,12,257,22,1,m2,1VAcJXZ4zmVYXXG3RSh25pvJNoJdBeVy9ChdT6,15454,20,246,1.0,15454.0,64443.0,0.239809,9.2760575e-05,1.43352193,0.23846758,0.99746553,-0.333,1.500,4.426,4.4258,-0.0002,1,,0,2,2,0,0,m1,1PJJAyxet5ARk1XH3GjK9tVTPH3keFUewkjkfi,0096ee8a1ddda95a16001874db4169be4e850492b6c9ecc125cd5912b1140697,946685650,946685646,4,1,0,0,10.4988,249,
run4-tbt-3s,1,continentale,3,none,true,12,257,22,1,m3,1VuBTTQVFkVMQoHen4dKPJgUfqJY1ta899xaf7,6539,20,246,1.0,6539.0,64443.0,0.10147,0.000164318384,1.07447791,0.34147599,0.99997481,-0.333,1.500,4.433,4.4333,0.0003,1,,0,3,3,0,0,m1,1PJJAyxet5ARk1XH3GjK9tVTPH3keFUewkjkfi,0096ee8a1ddda95a16001874db4169be4e850492b6c9ecc125cd5912b1140697,946685650,946685646,4,1,0,0,25.9574,249,
run4-tbt-3s,1,continentale,3,none,true,12,258,22,1,m1,1PJJAyxet5ARk1XH3GjK9tVTPH3keFUewkjkfi,42450,20,246,1.0,42450.0,64443.0,0.658722,1.78655883e-05,0.75839422,0.468418,0.68377842,-0.5,1.500,3.451,3.4513,0.0003,1,,1,1,1,1,1,m1,1PJJAyxet5ARk1XH3GjK9tVTPH3keFUewkjkfi,007d4203f65876fc65aa7cfcf6a697c4784bd7796c0c23573d6adf4a88249be7,946685655,946685650,3,1,0,0,7.2474,258,4
run4-tbt-3s,1,continentale,3,none,true,12,258,22,1,m2,1VAcJXZ4zmVYXXG3RSh25pvJNoJdBeVy9ChdT6,15454,20,246,1.0,15454.0,64443.0,0.239809,2.59232248e-05,0.40061752,0.66990624,0.81186028,-0.5,1.500,3.836,3.8356,-0.0004,1,,0,2,2,0,0,m1,1PJJAyxet5ARk1XH3GjK9tVTPH3keFUewkjkfi,007d4203f65876fc65aa7cfcf6a697c4784bd7796c0c23573d6adf4a88249be7,946685655,946685650,3,1,0,0,45.5849,258,
run4-tbt-3s,1,continentale,3,none,true,12,258,22,1,m3,1VuBTTQVFkVMQoHen4dKPJgUfqJY1ta899xaf7,6539,20,246,1.0,6539.0,64443.0,0.10147,0.000548556904,3.5870136,0.02768087,1.0,-0.5,1.500,4.4,4.4,-0.0,1,,0,3,3,0,0,m1,1PJJAyxet5ARk1XH3GjK9tVTPH3keFUewkjkfi,007d4203f65876fc65aa7cfcf6a697c4784bd7796c0c23573d6adf4a88249be7,946685655,946685650,3,1,0,0,21.0149,258,
run4-tbt-3s,1,continentale,3,none,true,12,259,22,1,m1,1PJJAyxet5ARk1XH3GjK9tVTPH3keFUewkjkfi,52503,21,258,1.0,52503.0,78826.0,0.666062,9.62596259e-06,0.50539191,0.6032691,0.53176086,-0.5,1.500,2.995,2.9953,0.0003,1,,1,1,1,1,1,m1,1PJJAyxet5ARk1XH3GjK9tVTPH3keFUewkjkfi,0082b27f4cc31c874529e12725198d392084da885fb35a487301d61f0ae43e08,946685658,946685655,2,1,0,0,7.2474,258,5
run4-tbt-3s,1,continentale,3,none,true,12,259,22,1,m2,1VAcJXZ4zmVYXXG3RSh25pvJNoJdBeVy9ChdT6,18080,21,258,1.0,18080.0,78826.0,0.229366,2.25699087e-05,0.40806395,0.66493636,0.83120927,-0.5,1.500,3.894,3.8936,-0.0004,1,,0,3,3,0,0,m1,1PJJAyxet5ARk1XH3GjK9tVTPH3keFUewkjkfi,0082b27f4cc31c874529e12725198d392084da885fb35a487301d61f0ae43e08,946685658,946685655,2,1,0,0,45.5849,258,
run4-tbt-3s,1,continentale,3,none,true,12,259,22,1,m3,1VuBTTQVFkVMQoHen4dKPJgUfqJY1ta899xaf7,8243,21,258,1.0,8243.0,78826.0,0.104572,1.56563517e-05,0.12905531,0.87892535,0.7089114,-0.5,1.500,3.527,3.5267,-0.0003,1,,0,2,2,0,0,m1,1PJJAyxet5ARk1XH3GjK9tVTPH3keFUewkjkfi,0082b27f4cc31c874529e12725198d392084da885fb35a487301d61f0ae43e08,946685658,946685655,2,1,0,0,21.0149,258,
run4-tbt-3s,1,continentale,3,none,true,12,260,22,1,m1,1PJJAyxet5ARk1XH3GjK9tVTPH3keFUewkjkfi,52503,21,258,1.0,52503.0,78826.0,0.666062,3.67154964e-06,0.19276737,0.8246738,0.2512975,-0.333,1.500,2.187,2.1873,0.0003,1,,1,1,1,1,1,m1,1PJJAyxet5ARk1XH3GjK9tVTPH3keFUewkjkfi,007262842c5f37e170f4e7715bbe4f42a6e68f4dfe942d9194bae36050ae7a5c,946685660,946685658,2,1,0,0,7.2474,258,6
run4-tbt-3s,1,continentale,3,none,true,12,260,22,1,m2,1VAcJXZ4zmVYXXG3RSh25pvJNoJdBeVy9ChdT6,18080,21,258,1.0,18080.0,78826.0,0.229366,1.37710116e-05,0.24897989,0.77959565,0.66227177,-0.333,1.500,3.42,3.4202,0.0002,1,,0,2,2,0,0,m1,1PJJAyxet5ARk1XH3GjK9tVTPH3keFUewkjkfi,007262842c5f37e170f4e7715bbe4f42a6e68f4dfe942d9194bae36050ae7a5c,946685660,946685658,2,1,0,0,45.5849,258,
run4-tbt-3s,1,continentale,3,none,true,12,260,22,1,m3,1VuBTTQVFkVMQoHen4dKPJgUfqJY1ta899xaf7,8243,21,258,1.0,8243.0,78826.0,0.104572,4.39311417e-05,0.3621244,0.69619575,0.96866176,-0.333,1.500,4.339,4.3394,0.0004,1,,0,3,3,0,0,m1,1PJJAyxet5ARk1XH3GjK9tVTPH3keFUewkjkfi,007262842c5f37e170f4e7715bbe4f42a6e68f4dfe942d9194bae36050ae7a5c,946685660,946685658,2,1,0,0,21.0149,258,
run4-tbt-3s,1,continentale,3,none,true,12,261,22,1,m1,1PJJAyxet5ARk1XH3GjK9tVTPH3keFUewkjkfi,52503,21,258,1.0,52503.0,78826.0,0.666062,6.95668826e-06,0.365247,0.6940252,0.42210779,-0.25,1.500,2.716,2.7163,0.0003,1,,1,1,1,1,1,m1,1PJJAyxet5ARk1XH3GjK9tVTPH3keFUewkjkfi,001177299dd87bd48dc3faa5de0f5d07469fdb252c8607b8d3152c05c3af5572,946685663,946685660,2,1,0,0,7.2474,258,7
run4-tbt-3s,1,continentale,3,none,true,12,261,22,1,m2,1VAcJXZ4zmVYXXG3RSh25pvJNoJdBeVy9ChdT6,18080,21,258,1.0,18080.0,78826.0,0.229366,0.000115407676,2.08657078,0.12411201,0.99988801,-0.25,1.500,4.45,4.4497,-0.0003,1,,0,2,3,0,0,m1,1PJJAyxet5ARk1XH3GjK9tVTPH3keFUewkjkfi,001177299dd87bd48dc3faa5de0f5d07469fdb252c8607b8d3152c05c3af5572,946685663,946685660,2,1,0,0,45.5849,258,
run4-tbt-3s,1,continentale,3,none,true,12,261,22,1,m3,1VuBTTQVFkVMQoHen4dKPJgUfqJY1ta899xaf7,8243,21,258,1.0,8243.0,78826.0,0.104572,0.000112056189,0.92367917,0.39705552,0.99985415,-0.25,1.500,4.45,4.4496,-0.0004,1,,0,3,2,0,0,m1,1PJJAyxet5ARk1XH3GjK9tVTPH3keFUewkjkfi,001177299dd87bd48dc3faa5de0f5d07469fdb252c8607b8d3152c05c3af5572,946685663,946685660,2,1,0,0,21.0149,258,
run4-tbt-3s,1,continentale,3,none,true,12,262,22,1,m1,1PJJAyxet5ARk1XH3GjK9tVTPH3keFUewkjkfi,52503,21,258,1.0,52503.0,78826.0,0.666062,2.2690211e-06,0.11913041,0.88769203,0.16377525,-0.083,1.500,1.975,1.9747,-0.0003,1,,1,1,1,1,1,m1,1PJJAyxet5ARk1XH3GjK9tVTPH3keFUewkjkfi,00e780a1dfcdda6cc7a5f383b6b04dea29f38df090c4b2ea5f01fb4e881afb76,946685666,946685663,1,1,0,0,7.2474,258,8
run4-tbt-3s,1,continentale,3,none,true,12,262,22,1,m2,1VAcJXZ4zmVYXXG3RSh25pvJNoJdBeVy9ChdT6,18080,21,258,1.0,18080.0,78826.0,0.229366,0.000114419487,2.06870432,0.12634938,0.99987894,-0.083,1.500,4.483,4.483,0.0,1,,0,2,2,0,0,m1,1PJJAyxet5ARk1XH3GjK9tVTPH3keFUewkjkfi,00e780a1dfcdda6cc7a5f383b6b04dea29f38df090c4b2ea5f01fb4e881afb76,946685666,946685663,1,1,0,0,45.5849,258,
run4-tbt-3s,1,continentale,3,none,true,12,262,22,1,m3,1VuBTTQVFkVMQoHen4dKPJgUfqJY1ta899xaf7,8243,21,258,1.0,8243.0,78826.0,0.104572,0.000124117285,1.02309878,0.35947927,0.99994364,-0.083,1.500,4.483,4.4832,0.0002,1,,0,3,3,0,0,m1,1PJJAyxet5ARk1XH3GjK9tVTPH3keFUewkjkfi,00e780a1dfcdda6cc7a5f383b6b04dea29f38df090c4b2ea5f01fb4e881afb76,946685666,946685663,1,1,0,0,21.0149,258,
run4-tbt-3s,1,continentale,3,none,true,12,263,22,1,m1,1PJJAyxet5ARk1XH3GjK9tVTPH3keFUewkjkfi,52503,21,258,1.0,52503.0,78826.0,0.666062,5.83515098e-06,0.30636293,0.73611941,0.36869212,-0.083,1.500,2.589,2.5895,0.0005,1,,1,1,1,1,1,m1,1PJJAyxet5ARk1XH3GjK9tVTPH3keFUewkjkfi,00e954ef2d6a60a46112034f6b2309b2c8f25240ec32f0be8b3aa585ce62b941,946685669,946685666,2,1,0,0,7.2474,258,9
run4-tbt-3s,1,continentale,3,none,true,12,263,22,1,m2,1VAcJXZ4zmVYXXG3RSh25pvJNoJdBeVy9ChdT6,18080,21,258,1.0,18080.0,78826.0,0.229366,0.000120681877,2.18192834,0.11282376,0.99992611,-0.083,1.500,4.483,4.4832,0.0002,1,,0,2,3,0,0,m1,1PJJAyxet5ARk1XH3GjK9tVTPH3keFUewkjkfi,00e954ef2d6a60a46112034f6b2309b2c8f25240ec32f0be8b3aa585ce62b941,946685669,946685666,2,1,0,0,45.5849,258,
run4-tbt-3s,1,continentale,3,none,true,12,263,22,1,m3,1VuBTTQVFkVMQoHen4dKPJgUfqJY1ta899xaf7,8243,21,258,1.0,8243.0,78826.0,0.104572,0.000118071689,0.97326493,0.37784738,0.99990922,-0.083,1.500,4.483,4.4831,0.0001,1,,0,3,2,0,0,m1,1PJJAyxet5ARk1XH3GjK9tVTPH3keFUewkjkfi,00e954ef2d6a60a46112034f6b2309b2c8f25240ec32f0be8b3aa585ce62b941,946685669,946685666,2,1,0,0,21.0149,258,
run4-tbt-3s,1,continentale,3,none,true,12,264,23,1,m1,1PJJAyxet5ARk1XH3GjK9tVTPH3keFUewkjkfi,52503,21,258,1.0,52503.0,78826.0,0.666062,1.4970475e-05,0.78599485,0.45566616,0.69274052,0.0,1.500,3.578,3.5782,0.0002,1,,1,1,1,1,1,m1,1PJJAyxet5ARk1XH3GjK9tVTPH3keFUewkjkfi,0007978be13781612c2a42f68ae02698639c5c60e4e1a9f14f6df8d029e53cf7,946685673,946685669,3,1,0,0,7.2474,258,10
run4-tbt-3s,1,continentale,3,none,true,12,264,23,1,m2,1VAcJXZ4zmVYXXG3RSh25pvJNoJdBeVy9ChdT6,18080,21,258,1.0,18080.0,78826.0,0.229366,3.38074518e-05,0.61123873,0.54267822,0.93039412,0.0,1.500,4.291,4.2912,0.0002,1,,0,2,2,0,0,m1,1PJJAyxet5ARk1XH3GjK9tVTPH3keFUewkjkfi,0007978be13781612c2a42f68ae02698639c5c60e4e1a9f14f6df8d029e53cf7,946685673,946685669,3,1,0,0,45.5849,258,
run4-tbt-3s,1,continentale,3,none,true,12,264,23,1,m3,1VuBTTQVFkVMQoHen4dKPJgUfqJY1ta899xaf7,8243,21,258,1.0,8243.0,78826.0,0.104572,0.000120884457,0.99645058,0.36918752,0.99992728,0.0,1.500,4.5,4.4998,-0.0002,1,,0,3,3,0,0,m1,1PJJAyxet5ARk1XH3GjK9tVTPH3keFUewkjkfi,0007978be13781612c2a42f68ae02698639c5c60e4e1a9f14f6df8d029e53cf7,946685673,946685669,3,1,0,0,21.0149,258,
run4-tbt-3s,1,continentale,3,none,true,12,265,23,1,m1,1PJJAyxet5ARk1XH3GjK9tVTPH3keFUewkjkfi,52503,21,258,1.0,52503.0,78826.0,0.666062,2.76322993e-06,0.14507786,0.86495494,0.19572527,-0.083,1.500,2.071,2.0706,-0.0004,1,,1,1,1,1,1,m1,1PJJAyxet5ARk1XH3GjK9tVTPH3keFUewkjkfi,00d7e1a4c4a807ab07e56ac38cd10294a94a1edbe704795325e4ed3b1d2ffba6,946685676,946685673,2,1,0,0,7.2474,258,11
run4-tbt-3s,1,continentale,3,none,true,12,265,23,1,m2,1VAcJXZ4zmVYXXG3RSh25pvJNoJdBeVy9ChdT6,18080,21,258,1.0,18080.0,78826.0,0.229366,8.01281859e-05,1.4487176,0.23487129,0.99819318,-0.083,1.500,4.478,4.478,-0.0,1,,0,2,2,0,0,m1,1PJJAyxet5ARk1XH3GjK9tVTPH3keFUewkjkfi,00d7e1a4c4a807ab07e56ac38cd10294a94a1edbe704795325e4ed3b1d2ffba6,946685676,946685673,2,1,0,0,45.5849,258,
run4-tbt-3s,1,continentale,3,none,true,12,265,23,1,m3,1VuBTTQVFkVMQoHen4dKPJgUfqJY1ta899xaf7,8243,21,258,1.0,8243.0,78826.0,0.104572,8.40376164e-05,0.69272207,0.5002126,0.99867236,-0.083,1.500,4.479,4.4794,0.0004,1,,0,3,3,0,0,m1,1PJJAyxet5ARk1XH3GjK9tVTPH3keFUewkjkfi,00d7e1a4c4a807ab07e56ac38cd10294a94a1edbe704795325e4ed3b1d2ffba6,946685676,946685673,2,1,0,0,21.0149,258,
run4-tbt-3s,1,continentale,3,none,true,12,266,23,1,m1,1PJJAyxet5ARk1XH3GjK9tVTPH3keFUewkjkfi,52503,21,258,1.0,52503.0,78826.0,0.666062,1.41884969e-05,0.74493865,0.47476342,0.67320508,-0.083,1.500,3.503,3.503,0.0,1,,1,1,1,1,1,m1,1PJJAyxet5ARk1XH3GjK9tVTPH3keFUewkjkfi,00af4a97b0a5b9624289090f1deda28a2622a99d0a9c537ed4509cfda1ba7dc4,946685680,946685676,3,1,0,0,7.2474,258,12
run4-tbt-3s,1,continentale,3,none,true,12,266,23,1,m2,1VAcJXZ4zmVYXXG3RSh25pvJNoJdBeVy9ChdT6,18080,21,258,1.0,18080.0,78826.0,0.229366,2.97490005e-05,0.53786193,0.58399554,0.90415229,-0.083,1.500,4.196,4.1959,-0.0001,1,,0,2,2,0,0,m1,1PJJAyxet5ARk1XH3GjK9tVTPH3keFUewkjkfi,00af4a97b0a5b9624289090f1deda28a2622a99d0a9c537ed4509cfda1ba7dc4,946685680,946685676,3,1,0,0,45.5849,258,
run4-tbt-3s,1,continentale,3,none,true,12,266,23,1,m3,1VuBTTQVFkVMQoHen4dKPJgUfqJY1ta899xaf7,8243,21,258,1.0,8243.0,78826.0,0.104572,3.96051492e-05,0.32646524,0.72146945,0.95592733,-0.083,1.500,4.351,4.3512,0.0002,1,,0,3,3,0,0,m1,1PJJAyxet5ARk1XH3GjK9tVTPH3keFUewkjkfi,00af4a97b0a5b9624289090f1deda28a2622a99d0a9c537ed4509cfda1ba7dc4,946685680,946685676,3,1,0,0,21.0149,258,
run4-tbt-3s,1,continentale,3,none,true,12,267,23,1,m1,1PJJAyxet5ARk1XH3GjK9tVTPH3keFUewkjkfi,52503,21,258,1.0,52503.0,78826.0,0.666062,6.02972575e-07,0.03165787,0.96883799,0.04641805,-0.083,1.500,1.623,1.6227,-0.0003,1,,1,1,1,1,1,m1,1PJJAyxet5ARk1XH3GjK9tVTPH3keFUewkjkfi,002ced2359099ce54a4185a8f6dd611b1eaf2f9f880f9bd03b620c6e2e4ea879,946685682,946685680,1,1,0,0,7.2474,258,13
run4-tbt-3s,1,continentale,3,none,true,12,267,23,1,m2,1VAcJXZ4zmVYXXG3RSh25pvJNoJdBeVy9ChdT6,18080,21,258,1.0,18080.0,78826.0,0.229366,6.72485786e-05,1.2158543,0.29645664,0.99501308,-0.083,1.500,4.468,4.4684,0.0004,1,,0,3,3,0,0,m1,1PJJAyxet5ARk1XH3GjK9tVTPH3keFUewkjkfi,002ced2359099ce54a4185a8f6dd611b1eaf2f9f880f9bd03b620c6e2e4ea879,946685682,946685680,1,1,0,0,45.5849,258,
run4-tbt-3s,1,continentale,3,none,true,12,267,23,1,m3,1VuBTTQVFkVMQoHen4dKPJgUfqJY1ta899xaf7,8243,21,258,1.0,8243.0,78826.0,0.104572,2.31263141e-05,0.19063021,0.82643814,0.8384523,-0.083,1.500,3.999,3.9988,-0.0002,1,,0,2,2,0,0,m1,1PJJAyxet5ARk1XH3GjK9tVTPH3keFUewkjkfi,002ced2359099ce54a4185a8f6dd611b1eaf2f9f880f9bd03b620c6e2e4ea879,946685682,946685680,1,1,0,0,21.0149,258,
run4-tbt-3s,1,continentale,3,none,true,12,268,23,1,m1,1PJJAyxet5ARk1XH3GjK9tVTPH3keFUewkjkfi,52503,21,258,1.0,52503.0,78826.0,0.666062,1.2303711e-06,0.06459817,0.93744408,0.09243059,-0.167,1.500,1.744,1.7439,-0.0001,1,,1,1,1,1,1,m1,1PJJAyxet5ARk1XH3GjK9tVTPH3keFUewkjkfi,00abfd6d0a41de947f560ddf01b6f53e9da43e1f40593f0526b258c612e432f9,946685684,946685682,1,1,0,0,7.5639,268,14
run4-tbt-3s,1,continentale,3,none,true,12,268,23,1,m2,1VAcJXZ4zmVYXXG3RSh25pvJNoJdBeVy9ChdT6,18080,21,258,1.0,18080.0,78826.0,0.229366,8.47886486e-05,1.53297877,0.21589162,0.99874867,-0.167,1.500,4.463,4.4628,-0.0002,1,,0,2,2,0,0,m1,1PJJAyxet5ARk1XH3GjK9tVTPH3keFUewkjkfi,00abfd6d0a41de947f560ddf01b6f53e9da43e1f40593f0526b258c612e432f9,946685684,946685682,1,1,0,0,19.3888,268,
run4-tbt-3s,1,continentale,3,none,true,12,268,23,1,m3,1VuBTTQVFkVMQoHen4dKPJgUfqJY1ta899xaf7,8243,21,258,1.0,8243.0,78826.0,0.104572,0.000145998582,1.20346631,0.30015199,0.99998996,-0.167,1.500,4.467,4.4666,-0.0004,1,,0,3,3,0,0,m1,1PJJAyxet5ARk1XH3GjK9tVTPH3keFUewkjkfi,00abfd6d0a41de947f560ddf01b6f53e9da43e1f40593f0526b258c612e432f9,946685684,946685682,1,1,0,0,17.1669,268,
run4-tbt-3s,1,continentale,3,none,true,12,269,23,1,m1,1PJJAyxet5ARk1XH3GjK9tVTPH3keFUewkjkfi,52503,21,258,1.0,52503.0,78826.0,0.666062,8.7067993e-06,0.45713308,0.63309608,0.49657582,-0.167,1.500,2.956,2.9563,0.0003,1,,1,1,1,1,1,m1,1PJJAyxet5ARk1XH3GjK9tVTPH3keFUewkjkfi,00a2dc4e08ebac6f423d885024e468881a2368f3e1423626c142c65a56c945b1,946685688,946685684,2,1,0,0,7.5639,268,15
run4-tbt-3s,1,continentale,3,none,true,12,269,23,1,m2,1VAcJXZ4zmVYXXG3RSh25pvJNoJdBeVy9ChdT6,18080,21,258,1.0,18080.0,78826.0,0.229366,9.51017687e-06,0.171944,0.84202633,0.52746771,-0.167,1.500,3.049,3.049,0.0,1,,0,2,2,0,0,m1,1PJJAyxet5ARk1XH3GjK9tVTPH3keFUewkjkfi,00a2dc4e08ebac6f423d885024e468881a2368f3e1423626c142c65a56c945b1,946685688,946685684,2,1,0,0,19.3888,268,
run4-tbt-3s,1,continentale,3,none,true,12,269,23,1,m3,1VuBTTQVFkVMQoHen4dKPJgUfqJY1ta899xaf7,8243,21,258,1.0,8243.0,78826.0,0.104572,5.77887054e-05,0.4763523,0.62104465,0.98948815,-0.167,1.500,4.435,4.4351,0.0001,1,,0,3,3,0,0,m1,1PJJAyxet5ARk1XH3GjK9tVTPH3keFUewkjkfi,00a2dc4e08ebac6f423d885024e468881a2368f3e1423626c142c65a56c945b1,946685688,946685684,2,1,0,0,17.1669,268,
run4-tbt-3s,1,continentale,3,none,true,12,270,23,1,m1,1PJJAyxet5ARk1XH3GjK9tVTPH3keFUewkjkfi,52503,21,258,1.0,52503.0,78826.0,0.666062,1.14656127e-05,0.60197906,0.54772658,0.59496767,-0.167,1.500,3.252,3.2515,-0.0005,1,,1,1,1,1,1,m1,1PJJAyxet5ARk1XH3GjK9tVTPH3keFUewkjkfi,003ed86ec0465e2125685baf61229d606301feddf0c8c10e9f82867eaa8af6c0,946685691,946685688,3,1,0,0,7.5639,268,16
run4-tbt-3s,1,continentale,3,none,true,12,270,23,1,m2,1VAcJXZ4zmVYXXG3RSh25pvJNoJdBeVy9ChdT6,18080,21,258,1.0,18080.0,78826.0,0.229366,6.80810753e-05,1.23090584,0.29202793,0.99532983,-0.167,1.500,4.453,4.4526,-0.0004,1,,0,2,2,0,0,m1,1PJJAyxet5ARk1XH3GjK9tVTPH3keFUewkjkfi,003ed86ec0465e2125685baf61229d606301feddf0c8c10e9f82867eaa8af6c0,946685691,946685688,3,1,0,0,19.3888,268,
run4-tbt-3s,1,continentale,3,none,true,12,270,23,1,m3,1VuBTTQVFkVMQoHen4dKPJgUfqJY1ta899xaf7,8243,21,258,1.0,8243.0,78826.0,0.104572,0.000335500877,2.76553373,0.0629425,1.0,-0.167,1.500,4.467,4.4666,-0.0004,1,,0,3,3,0,0,m1,1PJJAyxet5ARk1XH3GjK9tVTPH3keFUewkjkfi,003ed86ec0465e2125685baf61229d606301feddf0c8c10e9f82867eaa8af6c0,946685691,946685688,3,1,0,0,17.1669,268,
run4-tbt-3s,1,continentale,3,none,true,12,271,23,1,m1,1PJJAyxet5ARk1XH3GjK9tVTPH3keFUewkjkfi,44404,22,270,1.0,44404.0,70727.0,0.627822,3.64683742e-05,1.61934169,0.19802902,0.92417284,0.0,1.500,4.273,4.2725,-0.0005,1,,1,1,1,1,1,m1,1PJJAyxet5ARk1XH3GjK9tVTPH3keFUewkjkfi,006f0a28d2863e03d5e16e1779a9408414356913837f3e56f8d73fa37a3e1976,946685695,946685691,4,1,0,0,7.5639,268,17
run4-tbt-3s,1,continentale,3,none,true,12,271,23,1,m2,1VAcJXZ4zmVYXXG3RSh25pvJNoJdBeVy9ChdT6,18080,21,258,1.0,18080.0,70727.0,0.255631,0.000151496834,2.73906276,0.06463089,0.99997779,0.0,1.500,4.5,4.4999,-0.0001,1,,0,2,2,0,0,m1,1PJJAyxet5ARk1XH3GjK9tVTPH3keFUewkjkfi,006f0a28d2863e03d5e16e1779a9408414356913837f3e56f8d73fa37a3e1976,946685695,946685691,4,1,0,0,19.3888,268,
run4-tbt-3s,1,continentale,3,none,true,12,271,23,1,m3,1VuBTTQVFkVMQoHen4dKPJgUfqJY1ta899xaf7,8243,21,258,1.0,8243.0,70727.0,0.116547,0.000296472865,2.44382583,0.08682803,1.0,0.0,1.500,4.5,4.5,-0.0,1,,0,3,3,0,0,m1,1PJJAyxet5ARk1XH3GjK9tVTPH3keFUewkjkfi,006f0a28d2863e03d5e16e1779a9408414356913837f3e56f8d73fa37a3e1976,946685695,946685691,4,1,0,0,17.1669,268,
run4-tbt-3s,1,continentale,3,none,true,12,272,23,1,m1,1PJJAyxet5ARk1XH3GjK9tVTPH3keFUewkjkfi,44404,22,270,1.0,44404.0,70727.0,0.627822,1.66083847e-05,0.73747871,0.47831837,0.69107638,-0.083,1.500,3.557,3.5566,-0.0004,1,,1,1,1,1,1,m1,1PJJAyxet5ARk1XH3GjK9tVTPH3keFUewkjkfi,00e18f02429b806f17bc9da777bdfe97d1e8f171c77d12732f4555c33dbf329f,946685700,946685695,3,1,0,0,7.5639,268,18
run4-tbt-3s,1,continentale,3,none,true,12,272,23,1,m2,1VAcJXZ4zmVYXXG3RSh25pvJNoJdBeVy9ChdT6,18080,21,258,1.0,18080.0,70727.0,0.255631,5.56050705e-05,1.00533967,0.36592032,0.98041086,-0.083,1.500,4.425,4.4246,-0.0004,1,,0,3,3,0,0,m1,1PJJAyxet5ARk1XH3GjK9tVTPH3keFUewkjkfi,00e18f02429b806f17bc9da777bdfe97d1e8f171c77d12732f4555c33dbf329f,946685700,946685695,3,1,0,0,19.3888,268,
run4-tbt-3s,1,continentale,3,none,true,12,272,23,1,m3,1VuBTTQVFkVMQoHen4dKPJgUfqJY1ta899xaf7,8243,21,258,1.0,8243.0,70727.0,0.116547,3.61645494e-05,0.29810438,0.74222386,0.92252578,-0.083,1.500,4.251,4.251,-0.0,1,,0,2,2,0,0,m1,1PJJAyxet5ARk1XH3GjK9tVTPH3keFUewkjkfi,00e18f02429b806f17bc9da777bdfe97d1e8f171c77d12732f4555c33dbf329f,946685700,946685695,3,1,0,0,17.1669,268,
run4-tbt-3s,1,continentale,3,none,true,12,273,23,1,m1,1PJJAyxet5ARk1XH3GjK9tVTPH3keFUewkjkfi,44404,22,270,1.0,44404.0,70727.0,0.627822,4.27285528e-05,1.89731866,0.1499702,0.95129932,-0.333,1.500,4.287,4.2873,0.0003,1,,1,2,2,0,0,m1,1PJJAyxet5ARk1XH3GjK9tVTPH3keFUewkjkfi,003fac753d328d75f94fe206d54b5ce3439990d01a992ec085d760d952554a09,946685704,946685700,4,1,0,0,7.5639,268,19
run4-tbt-3s,1,continentale,3,none,true,12,273,23,1,m2,1VAcJXZ4zmVYXXG3RSh25pvJNoJdBeVy9ChdT6,18080,21,258,1.0,18080.0,70727.0,0.255631,2.25854598e-05,0.40834511,0.66474943,0.79757824,-0.333,1.500,3.826,3.8261,0.0001,1,,0,1,1,1,1,m1,1PJJAyxet5ARk1XH3GjK9tVTPH3keFUewkjkfi,003fac753d328d75f94fe206d54b5ce3439990d01a992ec085d760d952554a09,946685704,946685700,4,1,0,0,19.3888,268,
run4-tbt-3s,1,continentale,3,none,true,12,273,23,1,m3,1VuBTTQVFkVMQoHen4dKPJgUfqJY1ta899xaf7,8243,21,258,1.0,8243.0,70727.0,0.116547,9.72687245e-05,0.8017861,0.44852714,0.99897137,-0.333,1.500,4.43,4.4303,0.0003,1,,0,3,3,0,0,m1,1PJJAyxet5ARk1XH3GjK9tVTPH3keFUewkjkfi,003fac753d328d75f94fe206d54b5ce3439990d01a992ec085d760d952554a09,946685704,946685700,4,1,0,0,17.1669,268,
run4-tbt-3s,1,continentale,3,none,true,12,274,23,1,m1,1PJJAyxet5ARk1XH3GjK9tVTPH3keFUewkjkfi,44404,22,270,1.0,44404.0,70727.0,0.627822,1.12578713e-05,0.49989452,0.60659464,0.54897633,-0.417,1.500,3.064,3.0635,-0.0005,1,,1,1,1,1,1,m1,1PJJAyxet5ARk1XH3GjK9tVTPH3keFUewkjkfi,002050d68b0ba611fceec56026b846fd81dbf645631526b24edc80b24df6bfea,946685707,946685704,3,1,0,0,7.5639,268,20
run4-tbt-3s,1,continentale,3,none,true,12,274,23,1,m2,1VAcJXZ4zmVYXXG3RSh25pvJNoJdBeVy9ChdT6,18080,21,258,1.0,18080.0,70727.0,0.255631,9.24091905e-05,1.67075816,0.1881044,0.99854947,-0.417,1.500,4.412,4.4122,0.0002,1,,0,2,2,0,0,m1,1PJJAyxet5ARk1XH3GjK9tVTPH3keFUewkjkfi,002050d68b0ba611fceec56026b846fd81dbf645631526b24edc80b24df6bfea,946685707,946685704,3,1,0,0,19.3888,268,
run4-tbt-3s,1,continentale,3,none,true,12,274,23,1,m3,1VuBTTQVFkVMQoHen4dKPJgUfqJY1ta899xaf7,8243,21,258,1.0,8243.0,70727.0,0.116547,0.000257569794,2.12314781,0.11965439,0.99999999,-0.417,1.500,4.417,4.4166,-0.0004,1,,0,3,3,0,0,m1,1PJJAyxet5ARk1XH3GjK9tVTPH3keFUewkjkfi,002050d68b0ba611fceec56026b846fd81dbf645631526b24edc80b24df6bfea,946685707,946685704,3,1,0,0,17.1669,268,
run4-tbt-3s,1,continentale,3,none,true,12,275,23,1,m1,1PJJAyxet5ARk1XH3GjK9tVTPH3keFUewkjkfi,44404,22,270,1.0,44404.0,70727.0,0.627822,4.23355222e-06,0.18798665,0.82862577,0.25875676,-0.417,1.500,2.193,2.1929,-0.0001,1,,1,1,1,1,1,m1,1PJJAyxet5ARk1XH3GjK9tVTPH3keFUewkjkfi,00cbea6d5c17c0ce80c026917960d0e1e3f9159b7b8689824ded4ffdbdcfa40f,946685710,946685707,2,1,0,0,7.5639,268,21
run4-tbt-3s,1,continentale,3,none,true,12,275,23,1,m2,1VAcJXZ4zmVYXXG3RSh25pvJNoJdBeVy9ChdT6,18080,21,258,1.0,18080.0,70727.0,0.255631,4.07462199e-05,0.73669166,0.47869499,0.94396943,-0.417,1.500,4.249,4.2485,-0.0005,1,,0,3,3,0,0,m1,1PJJAyxet5ARk1XH3GjK9tVTPH3keFUewkjkfi,00cbea6d5c17c0ce80c026917960d0e1e3f9159b7b8689824ded4ffdbdcfa40f,946685710,946685707,2,1,0,0,19.3888,268,
run4-tbt-3s,1,continentale,3,none,true,12,275,23,1,m3,1VuBTTQVFkVMQoHen4dKPJgUfqJY1ta899xaf7,8243,21,258,1.0,8243.0,70727.0,0.116547,1.22505019e-05,0.10098089,0.90395031,0.57955485,-0.417,1.500,3.155,3.1553,0.0003,1,,0,2,2,0,0,m1,1PJJAyxet5ARk1XH3GjK9tVTPH3keFUewkjkfi,00cbea6d5c17c0ce80c026917960d0e1e3f9159b7b8689824ded4ffdbdcfa40f,946685710,946685707,2,1,0,0,17.1669,268,
run4-tbt-3s,1,continentale,3,none,true,12,276,24,1,m1,1PJJAyxet5ARk1XH3GjK9tVTPH3keFUewkjkfi,44404,22,270,1.0,44404.0,70727.0,0.627822,1.87416169e-05,0.83220276,0.43508983,0.73434009,-0.417,1.500,3.62,3.6196,-0.0004,1,,1,1,1,1,1,m1,1PJJAyxet5ARk1XH3GjK9tVTPH3keFUewkjkfi,00940d9741d0c8b52d65ea691b0ae5cf3bef45d9b8f86309c2d0534580e1c60d,946685714,946685710,3,1,0,0,7.5639,268,22
run4-tbt-3s,1,continentale,3,none,true,12,276,24,1,m2,1VAcJXZ4zmVYXXG3RSh25pvJNoJdBeVy9ChdT6,18080,21,258,1.0,18080.0,70727.0,0.255631,4.84900382e-05,0.87669989,0.416154,0.96759864,-0.417,1.500,4.319,4.3194,0.0004,1,,0,3,3,0,0,m1,1PJJAyxet5ARk1XH3GjK9tVTPH3keFUewkjkfi,00940d9741d0c8b52d65ea691b0ae5cf3bef45d9b8f86309c2d0534580e1c60d,946685714,946685710,3,1,0,0,19.3888,268,
run4-tbt-3s,1,continentale,3,none,true,12,276,24,1,m3,1VuBTTQVFkVMQoHen4dKPJgUfqJY1ta899xaf7,8243,21,258,1.0,8243.0,70727.0,0.116547,3.93968417e-05,0.32474817,0.72270933,0.93835853,-0.417,1.500,4.232,4.2317,-0.0003,1,,0,2,2,0,0,m1,1PJJAyxet5ARk1XH3GjK9tVTPH3keFUewkjkfi,00940d9741d0c8b52d65ea691b0ae5cf3bef45d9b8f86309c2d0534580e1c60d,946685714,946685710,3,1,0,0,17.1669,268,
run4-tbt-3s,1,continentale,3,none,true,12,277,24,1,m1,1PJJAyxet5ARk1XH3GjK9tVTPH3keFUewkjkfi,44404,22,270,1.0,44404.0,70727.0,0.627822,4.04510646e-06,0.17961891,0.83558859,0.24881119,-0.417,1.500,2.163,2.163,0.0,1,,1,1,1,1,1,m1,1PJJAyxet5ARk1XH3GjK9tVTPH3keFUewkjkfi,007101509a5ae2f3c99c93a9ccd5ac7216f995219a64e7ca8dc416c20b4d421a,946685716,946685714,2,1,0,0,108.2585,277,23
run4-tbt-3s,1,continentale,3,none,true,12,277,24,1,m2,1VAcJXZ4zmVYXXG3RSh25pvJNoJdBeVy9ChdT6,18080,21,258,1.0,18080.0,70727.0,0.255631,3.33732842e-05,0.60338898,0.54695487,0.90561681,-0.417,1.500,4.134,4.1335,-0.0005,1,,0,2,2,0,0,m1,1PJJAyxet5ARk1XH3GjK9tVTPH3keFUewkjkfi,007101509a5ae2f3c99c93a9ccd5ac7216f995219a64e7ca8dc416c20b4d421a,946685716,946685714,2,1,0,0,119.3888,277,
run4-tbt-3s,1,continentale,3,none,true,12,277,24,1,m3,1VuBTTQVFkVMQoHen4dKPJgUfqJY1ta899xaf7,8243,21,258,1.0,8243.0,70727.0,0.116547,7.5953409e-05,0.62608395,0.53468155,0.99535497,-0.417,1.500,4.403,4.4027,-0.0003,1,,0,3,3,0,0,m1,1PJJAyxet5ARk1XH3GjK9tVTPH3keFUewkjkfi,007101509a5ae2f3c99c93a9ccd5ac7216f995219a64e7ca8dc416c20b4d421a,946685716,946685714,2,1,0,0,117.1669,277,
run4-tbt-3s,1,continentale,3,none,true,12,278,24,1,m1,1PJJAyxet5ARk1XH3GjK9tVTPH3keFUewkjkfi,44404,22,270,1.0,44404.0,70727.0,0.627822,2.60903589e-05,1.1585163,0.31395165,0.84202094,-0.333,1.500,3.959,3.9595,0.0005,1,,1,2,2,0,0,m1,1PJJAyxet5ARk1XH3GjK9tVTPH3keFUewkjkfi,008f8a9191d8207ac60f29a7f05c8e2007e80f9c700dcadb7e33e4acdcb626a2,946685721,946685716,3,1,0,0,108.2585,277,24
run4-tbt-3s,1,continentale,3,none,true,12,278,24,1,m2,1VAcJXZ4zmVYXXG3RSh25pvJNoJdBeVy9ChdT6,18080,21,258,1.0,18080.0,70727.0,0.255631,2.21456039e-05,0.40039252,0.67005698,0.79118198,-0.333,1.500,3.807,3.8069,-0.0001,1,,0,1,1,1,1,m1,1PJJAyxet5ARk1XH3GjK9tVTPH3keFUewkjkfi,008f8a9191d8207ac60f29a7f05c8e2007e80f9c700dcadb7e33e4acdcb626a2,946685721,946685716,3,1,0,0,119.3888,277,
run4-tbt-3s,1,continentale,3,none,true,12,278,24,1,m3,1VuBTTQVFkVMQoHen4dKPJgUfqJY1ta899xaf7,8243,21,258,1.0,8243.0,70727.0,0.116547,7.34576451e-05,0.60551137,0.54579525,0.99445822,-0.333,1.500,4.417,4.4168,-0.0002,1,,0,3,3,0,0,m1,1PJJAyxet5ARk1XH3GjK9tVTPH3keFUewkjkfi,008f8a9191d8207ac60f29a7f05c8e2007e80f9c700dcadb7e33e4acdcb626a2,946685721,946685716,3,1,0,0,117.1669,277,
run4-tbt-3s,1,continentale,3,none,true,12,279,24,1,m1,1PJJAyxet5ARk1XH3GjK9tVTPH3keFUewkjkfi,44404,22,270,1.0,44404.0,70727.0,0.627822,9.11209792e-06,0.4046136,0.66723458,0.47506002,-0.417,1.500,2.842,2.8418,-0.0002,1,,1,1,1,1,1,m1,1PJJAyxet5ARk1XH3GjK9tVTPH3keFUewkjkfi,00e37ae31b7f1b24783281df908daf0489becc602045bde852ded93b18fdb10d,946685724,946685721,2,1,0,0,108.2585,277,25
run4-tbt-3s,1,continentale,3,none,true,12,279,24,1,m2,1VAcJXZ4zmVYXXG3RSh25pvJNoJdBeVy9ChdT6,18080,21,258,1.0,18080.0,70727.0,0.255631,4.42624397e-05,0.80026491,0.44920995,0.95630622,-0.417,1.500,4.286,4.2855,-0.0005,1,,0,2,2,0,0,m1,1PJJAyxet5ARk1XH3GjK9tVTPH3keFUewkjkfi,00e37ae31b7f1b24783281df908daf0489becc602045bde852ded93b18fdb10d,946685724,946685721,2,1,0,0,119.3888,277,
run4-tbt-3s,1,continentale,3,none,true,12,279,24,1,m3,1VuBTTQVFkVMQoHen4dKPJgUfqJY1ta899xaf7,8243,21,258,1.0,8243.0,70727.0,0.116547,0.000161301504,1.3296083,0.26458088,0.9999889,-0.417,1.500,4.417,4.4166,-0.0004,1,,0,3,3,0,0,m1,1PJJAyxet5ARk1XH3GjK9tVTPH3keFUewkjkfi,00e37ae31b7f1b24783281df908daf0489becc602045bde852ded93b18fdb10d,946685724,946685721,2,1,0,0,117.1669,277,
run4-tbt-3s,1,continentale,3,none,true,12,280,24,1,m1,1PJJAyxet5ARk1XH3GjK9tVTPH3keFUewkjkfi,44404,22,270,1.0,44404.0,70727.0,0.627822,9.64192609e-07,0.04281401,0.95808957,0.06592118,-0.5,1.500,1.598,1.5978,-0.0002,1,,1,1,1,1,1,m1,1PJJAyxet5ARk1XH3GjK9tVTPH3keFUewkjkfi,00efae09a26fccf7efe368ec4c2314881932e3ab05af20284ed03653e1c76d9a,946685726,946685724,1,1,0,0,108.2585,277,26
run4-tbt-3s,1,continentale,3,none,true,12,280,24,1,m2,1VAcJXZ4zmVYXXG3RSh25pvJNoJdBeVy9ChdT6,18080,21,258,1.0,18080.0,70727.0,0.255631,0.000147053968,2.65873574,0.07003671,0.99996959,-0.5,1.500,4.4,4.3999,-0.0001,1,,0,3,3,0,0,m1,1PJJAyxet5ARk1XH3GjK9tVTPH3keFUewkjkfi,00efae09a26fccf7efe368ec4c2314881932e3ab05af20284ed03653e1c76d9a,946685726,946685724,1,1,0,0,119.3888,277,
run4-tbt-3s,1,continentale,3,none,true,12,280,24,1,m3,1VuBTTQVFkVMQoHen4dKPJgUfqJY1ta899xaf7,8243,21,258,1.0,8243.0,70727.0,0.116547,9.65064546e-05,0.79550271,0.45135428,0.99891439,-0.5,1.500,4.397,4.3967,-0.0003,1,,0,2,2,0,0,m1,1PJJAyxet5ARk1XH3GjK9tVTPH3keFUewkjkfi,00efae09a26fccf7efe368ec4c2314881932e3ab05af20284ed03653e1c76d9a,946685726,946685724,1,1,0,0,117.1669,277,
run4-tbt-3s,1,continentale,3,none,true,12,281,24,1,m1,1PJJAyxet5ARk1XH3GjK9tVTPH3keFUewkjkfi,44404,22,270,1.0,44404.0,70727.0,0.627822,2.64448681e-05,1.17425792,0.30904823,0.84593277,-0.5,1.500,3.938,3.9378,-0.0002,1,,1,2,2,0,0,m1,1PJJAyxet5ARk1XH3GjK9tVTPH3keFUewkjkfi,00435ce635748327e605b445162efc435da6548299d650c68729d6664ac40b50,946685731,946685726,3,1,0,0,108.2585,277,27
run4-tbt-3s,1,continentale,3,none,true,12,281,24,1,m2,1VAcJXZ4zmVYXXG3RSh25pvJNoJdBeVy9ChdT6,18080,21,258,1.0,18080.0,70727.0,0.255631,1.62148488e-05,0.29316447,0.74589946,0.68235714,-0.5,1.500,3.447,3.4471,0.0001,1,,0,1,1,1,1,m1,1PJJAyxet5ARk1XH3GjK9tVTPH3keFUewkjkfi,00435ce635748327e605b445162efc435da6548299d650c68729d6664ac40b50,946685731,946685726,3,1,0,0,119.3888,277,
run4-tbt-3s,1,continentale,3,none,true,12,281,24,1,m3,1VuBTTQVFkVMQoHen4dKPJgUfqJY1ta899xaf7,8243,21,258,1.0,8243.0,70727.0,0.116547,0.000238849821,1.96883907,0.13961885,0.99999995,-0.5,1.500,4.4,4.4,-0.0,1,,0,3,3,0,0,m1,1PJJAyxet5ARk1XH3GjK9tVTPH3keFUewkjkfi,00435ce635748327e605b445162efc435da6548299d650c68729d6664ac40b50,946685731,946685726,3,1,0,0,117.1669,277,
run4-tbt-3s,1,continentale,3,none,true,12,282,24,1,m1,1PJJAyxet5ARk1XH3GjK9tVTPH3keFUewkjkfi,44404,22,270,1.0,44404.0,70727.0,0.627822,3.74853602e-05,1.66449993,0.18928529,0.92943543,-0.583,1.500,4.172,4.1717,-0.0003,1,,0,2,2,0,0,m3,1VuBTTQVFkVMQoHen4dKPJgUfqJY1ta899xaf7,00df6a200b2fd035b253ba8ea0acee0308906a2abf347cea975f807d08f5b8ef,946685733,946685731,1,1,0,0,108.2585,277,
run4-tbt-3s,1,continentale,3,none,true,12,282,24,1,m2,1VAcJXZ4zmVYXXG3RSh25pvJNoJdBeVy9ChdT6,18080,21,258,1.0,18080.0,70727.0,0.255631,5.62944898e-05,1.01780438,0.36138754,0.98134312,-0.583,1.500,4.327,4.3274,0.0004,1,,0,3,3,0,0,m3,1VuBTTQVFkVMQoHen4dKPJgUfqJY1ta899xaf7,00df6a200b2fd035b253ba8ea0acee0308906a2abf347cea975f807d08f5b8ef,946685733,946685731,1,1,0,0,119.3888,277,
run4-tbt-3s,1,continentale,3,none,true,12,282,24,1,m3,1VuBTTQVFkVMQoHen4dKPJgUfqJY1ta899xaf7,8243,21,258,1.0,8243.0,70727.0,0.116547,1.54726324e-06,0.01275409,0.9873269,0.10365804,-0.583,1.500,1.694,1.6944,0.0004,1,,1,1,1,1,1,m3,1VuBTTQVFkVMQoHen4dKPJgUfqJY1ta899xaf7,00df6a200b2fd035b253ba8ea0acee0308906a2abf347cea975f807d08f5b8ef,946685733,946685731,1,1,0,0,117.1669,277,1
run4-tbt-3s,1,continentale,3,none,true,12,283,24,1,m1,1PJJAyxet5ARk1XH3GjK9tVTPH3keFUewkjkfi,44404,22,270,1.0,44404.0,70727.0,0.627822,1.89070254e-06,0.08395476,0.91947286,0.12516827,-0.5,1.500,1.776,1.7755,-0.0005,1,,1,1,1,1,1,m1,1PJJAyxet5ARk1XH3GjK9tVTPH3keFUewkjkfi,009e9ae5bb3ec7063b39175770a39aa489aafc3a49c9483f2b2f2d2ada97a6a3,946685736,946685733,1,1,0,0,108.2585,277,1
run4-tbt-3s,1,continentale,3,none,true,12,283,24,1,m2,1VAcJXZ4zmVYXXG3RSh25pvJNoJdBeVy9ChdT6,18080,21,258,1.0,18080.0,70727.0,0.255631,0.000100622856,1.81926124,0.16214549,0.9991886,-0.5,1.500,4.398,4.3976,-0.0004,1,,0,2,2,0,0,m1,1PJJAyxet5ARk1XH3GjK9tVTPH3keFUewkjkfi,009e9ae5bb3ec7063b39175770a39aa489aafc3a49c9483f2b2f2d2ada97a6a3,946685736,946685733,1,1,0,0,119.3888,277,
run4-tbt-3s,1,continentale,3,none,true,12,283,24,1,m3,1VuBTTQVFkVMQoHen4dKPJgUfqJY1ta899xaf7,8243,21,258,1.0,8243.0,70727.0,0.116547,0.000134312356,1.10713675,0.33050392,0.99992511,-0.5,1.500,4.4,4.3998,-0.0002,1,,0,3,3,0,0,m1,1PJJAyxet5ARk1XH3GjK9tVTPH3keFUewkjkfi,009e9ae5bb3ec7063b39175770a39aa489aafc3a49c9483f2b2f2d2ada97a6a3,946685736,946685733,1,1,0,0,117.1669,277,
run4-tbt-3s,1,continentale,3,none,true,12,284,24,1,m1,1PJJAyxet5ARk1XH3GjK9tVTPH3keFUewkjkfi,44404,22,270,1.0,44404.0,61334.0,0.72397,5.36421373e-05,2.38192546,0.09237255,0.96274939,-0.417,1.500,4.305,4.3048,-0.0002,1,,1,2,2,0,0,m1,1PJJAyxet5ARk1XH3GjK9tVTPH3keFUewkjkfi,001eb935a28b52899740be1ab58368fb7f625e4284a9f771e4112695f3e288cb,946685741,946685736,4,1,0,0,108.2585,277,2
run4-tbt-3s,1,continentale,3,none,true,12,284,24,1,m2,1VAcJXZ4zmVYXXG3RSh25pvJNoJdBeVy9ChdT6,12808,23,283,1.0,12808.0,61334.0,0.208824,2.21128383e-05,0.28322123,0.7533531,0.74237979,-0.417,1.500,3.644,3.6437,-0.0003,1,,0,1,1,1,1,m1,1PJJAyxet5ARk1XH3GjK9tVTPH3keFUewkjkfi,001eb935a28b52899740be1ab58368fb7f625e4284a9f771e4112695f3e288cb,946685741,946685736,4,1,0,0,119.3888,277,
run4-tbt-3s,1,continentale,3,none,true,12,284,24,1,m3,1VuBTTQVFkVMQoHen4dKPJgUfqJY1ta899xaf7,4122,23,283,1.0,4122.0,61334.0,0.067206,0.000147811804,0.60928026,0.54374208,0.99988446,-0.417,1.500,4.416,4.4163,0.0003,1,,0,3,3,0,0,m1,1PJJAyxet5ARk1XH3GjK9tVTPH3keFUewkjkfi,001eb935a28b52899740be1ab58368fb7f625e4284a9f771e4112695f3e288cb,946685741,946685736,4,1,0,0,117.1669,277,
run4-tbt-3s,1,continentale,3,none,true,12,285,24,1,m1,1PJJAyxet5ARk1XH3GjK9tVTPH3keFUewkjkfi,44404,22,270,1.0,44404.0,61334.0,0.72397,1.21044352e-06,0.05374853,0.94767038,0.07155241,-0.417,1.500,1.631,1.6313,0.0003,1,,1,1,1,1,1,m1,1PJJAyxet5ARk1XH3GjK9tVTPH3keFUewkjkfi,004511bdb6aabfcf10946a6996dc2d542f733c4a887b7dee25d6f76ef4529fb2,946685743,946685741,1,1,0,0,108.2585,277,3
run4-tbt-3s,1,continentale,3,none,true,12,285,24,1,m2,1VAcJXZ4zmVYXXG3RSh25pvJNoJdBeVy9ChdT6,12808,23,283,1.0,12808.0,61334.0,0.208824,0.000168654104,2.16012176,0.11531108,0.99996782,-0.417,1.500,4.417,4.4165,-0.0005,1,,0,2,2,0,0,m1,1PJJAyxet5ARk1XH3GjK9tVTPH3keFUewkjkfi,004511bdb6aabfcf10946a6996dc2d542f733c4a887b7dee25d6f76ef4529fb2,946685743,946685741,1,1,0,0,119.3888,277,
run4-tbt-3s,1,continentale,3,none,true,12,285,24,1,m3,1VuBTTQVFkVMQoHen4dKPJgUfqJY1ta899xaf7,4122,23,283,1.0,4122.0,61334.0,0.067206,0.000304728474,1.25609077,0.28476507,0.99999999,-0.417,1.500,4.417,4.4166,-0.0004,1,,0,3,3,0,0,m1,1PJJAyxet5ARk1XH3GjK9tVTPH3keFUewkjkfi,004511bdb6aabfcf10946a6996dc2d542f733c4a887b7dee25d6f76ef4529fb2,946685743,946685741,1,1,0,0,117.1669,277,
run4-tbt-3s,1,continentale,3,none,true,12,286,24,1,m1,1PJJAyxet5ARk1XH3GjK9tVTPH3keFUewkjkfi,44404,22,270,1.0,44404.0,61334.0,0.72397,1.33172735e-05,0.59134021,0.55358487,0.55815744,-0.25,1.500,3.124,3.1245,0.0005,1,,1,1,1,1,1,m1,1PJJAyxet5ARk1XH3GjK9tVTPH3keFUewkjkfi,003a11b3352f81971cf0c9d21b0f199e69c8e6b7037a189f7e9cff97c3ffc9a6,946685746,946685743,3,1,0,0,8.2003,286,4
run4-tbt-3s,1,continentale,3,none,true,12,286,24,1,m2,1VAcJXZ4zmVYXXG3RSh25pvJNoJdBeVy9ChdT6,12808,23,283,1.0,12808.0,61334.0,0.208824,0.000259910332,3.32893153,0.03583137,0.99999988,-0.25,1.500,4.45,4.45,-0.0,1,,0,2,2,0,0,m1,1PJJAyxet5ARk1XH3GjK9tVTPH3keFUewkjkfi,003a11b3352f81971cf0c9d21b0f199e69c8e6b7037a189f7e9cff97c3ffc9a6,946685746,946685743,3,1,0,0,48.8047,286,
run4-tbt-3s,1,continentale,3,none,true,12,286,24,1,m3,1VuBTTQVFkVMQoHen4dKPJgUfqJY1ta899xaf7,4122,23,283,1.0,4122.0,61334.0,0.067206,0.000419151289,1.72774161,0.17768524,1.0,-0.25,1.500,4.45,4.45,-0.0,1,,0,3,3,0,0,m1,1PJJAyxet5ARk1XH3GjK9tVTPH3keFUewkjkfi,003a11b3352f81971cf0c9d21b0f199e69c8e6b7037a189f7e9cff97c3ffc9a6,946685746,946685743,3,1,0,0,94.1243,286,
run4-tbt-3s,1,continentale,3,none,true,12,287,24,1,m1,1PJJAyxet5ARk1XH3GjK9tVTPH3keFUewkjkfi,44404,22,270,1.0,44404.0,61334.0,0.72397,4.17324539e-06,0.18530879,0.83084769,0.22582848,-0.25,1.500,2.127,2.1275,0.0005,1,,1,1,1,1,1,m1,1PJJAyxet5ARk1XH3GjK9tVTPH3keFUewkjkfi,00227e02fdc5bb35f4bfdc6aa565a2d2e98d24983d920427366c158d7180d57e,946685748,946685746,2,1,0,0,8.2003,286,5
run4-tbt-3s,1,continentale,3,none,true,12,287,24,1,m2,1VAcJXZ4zmVYXXG3RSh25pvJNoJdBeVy9ChdT6,12808,23,283,1.0,12808.0,61334.0,0.208824,9.27687235e-05,1.18818181,0.3047749,0.99661999,-0.25,1.500,4.44,4.4399,-0.0001,1,,0,2,2,0,0,m1,1PJJAyxet5ARk1XH3GjK9tVTPH3keFUewkjkfi,00227e02fdc5bb35f4bfdc6aa565a2d2e98d24983d920427366c158d7180d57e,946685748,946685746,2,1,0,0,48.8047,286,
run4-tbt-3s,1,continentale,3,none,true,12,287,24,1,m3,1VuBTTQVFkVMQoHen4dKPJgUfqJY1ta899xaf7,4122,23,283,1.0,4122.0,61334.0,0.067206,0.000152183061,0.62729858,0.5340325,0.99991163,-0.25,1.500,4.45,4.4497,-0.0003,1,,0,3,3,0,0,m1,1PJJAyxet5ARk1XH3GjK9tVTPH3keFUewkjkfi,00227e02fdc5bb35f4bfdc6aa565a2d2e98d24983d920427366c158d7180d57e,946685748,946685746,2,1,0,0,94.1243,286,
run4-tbt-3s,1,continentale,3,none,true,12,288,25,1,m1,1PJJAyxet5ARk1XH3GjK9tVTPH3keFUewkjkfi,44404,22,270,1.0,44404.0,61334.0,0.72397,1.79683989e-05,0.79786878,0.4502876,0.6678185,-0.167,1.500,3.47,3.4701,0.0001,1,,1,1,1,1,1,m1,1PJJAyxet5ARk1XH3GjK9tVTPH3keFUewkjkfi,00b3aa2f3e2eadb75fd3d5c5dbc6ac56412aff07301873739b55d1ff3e07ec39,946685753,946685748,3,1,0,0,8.2003,286,6
run4-tbt-3s,1,continentale,3,none,true,12,288,25,1,m2,1VAcJXZ4zmVYXXG3RSh25pvJNoJdBeVy9ChdT6,12808,23,283,1.0,12808.0,61334.0,0.208824,8.86915799e-05,1.13596176,0.32111314,0.99565969,-0.167,1.500,4.454,4.4536,-0.0004,1,,0,2,2,0,0,m1,1PJJAyxet5ARk1XH3GjK9tVTPH3keFUewkjkfi,00b3aa2f3e2eadb75fd3d5c5dbc6ac56412aff07301873739b55d1ff3e07ec39,946685753,946685748,3,1,0,0,48.8047,286,
run4-tbt-3s,1,continentale,3,none,true,12,288,25,1,m3,1VuBTTQVFkVMQoHen4dKPJgUfqJY1ta899xaf7,4122,23,283,1.0,4122.0,61334.0,0.067206,0.000314551077,1.29657954,0.27346557,1.0,-0.167,1.500,4.467,4.4666,-0.0004,1,,0,3,3,0,0,m1,1PJJAyxet5ARk1XH3GjK9tVTPH3keFUewkjkfi,00b3aa2f3e2eadb75fd3d5c5dbc6ac56412aff07301873739b55d1ff3e07ec39,946685753,946685748,3,1,0,0,94.1243,286,
run4-tbt-3s,1,continentale,3,none,true,12,289,25,1,m1,1PJJAyxet5ARk1XH3GjK9tVTPH3keFUewkjkfi,44404,22,270,1.0,44404.0,61334.0,0.72397,1.14446189e-05,0.50818686,0.60158535,0.50437925,-0.25,1.500,2.963,2.9631,0.0001,1,,1,1,1,1,1,m1,1PJJAyxet5ARk1XH3GjK9tVTPH3keFUewkjkfi,0079bc8504c8cfacef480efc6114e0696cd6a197550ee3932425227edce9648a,946685756,946685753,2,1,0,0,8.2003,286,7
run4-tbt-3s,1,continentale,3,none,true,12,289,25,1,m2,1VAcJXZ4zmVYXXG3RSh25pvJNoJdBeVy9ChdT6,12808,23,283,1.0,12808.0,61334.0,0.208824,0.00010401861,1.33227036,0.26387748,0.99830467,-0.25,1.500,4.445,4.4449,-0.0001,1,,0,2,2,0,0,m1,1PJJAyxet5ARk1XH3GjK9tVTPH3keFUewkjkfi,0079bc8504c8cfacef480efc6114e0696cd6a197550ee3932425227edce9648a,946685756,946685753,2,1,0,0,48.8047,286,
run4-tbt-3s,1,continentale,3,none,true,12,289,25,1,m3,1VuBTTQVFkVMQoHen4dKPJgUfqJY1ta899xaf7,4122,23,283,1.0,4122.0,61334.0,0.067206,0.000414080736,1.70684079,0.18143809,1.0,-0.25,1.500,4.45,4.45,-0.0,1,,0,3,3,0,0,m1,1PJJAyxet5ARk1XH3GjK9tVTPH3keFUewkjkfi,0079bc8504c8cfacef480efc6114e0696cd6a197550ee3932425227edce9648a,946685756,946685753,2,1,0,0,94.1243,286,
run4-tbt-3s,1,continentale,3,none,true,12,290,25,1,m1,1PJJAyxet5ARk1XH3GjK9tVTPH3keFUewkjkfi,44404,22,270,1.0,44404.0,61334.0,0.72397,2.24061207e-08,0.00099492,0.99900557,0.00137331,-0.333,1.500,1.437,1.4375,0.0005,1,,1,1,1,1,1,m1,1PJJAyxet5ARk1XH3GjK9tVTPH3keFUewkjkfi,0069ea17428c2a861bbbec0a1097ec1762f78a2af4e56dad6f6ac76cdb2e78ac,946685758,946685756,1,1,0,0,8.2003,286,8
run4-tbt-3s,1,continentale,3,none,true,12,290,25,1,m2,1VAcJXZ4zmVYXXG3RSh25pvJNoJdBeVy9ChdT6,12808,23,283,1.0,12808.0,61334.0,0.208824,0.000112200118,1.43705911,0.23762556,0.99897358,-0.333,1.500,4.43,4.4303,0.0003,1,,0,3,3,0,0,m1,1PJJAyxet5ARk1XH3GjK9tVTPH3keFUewkjkfi,0069ea17428c2a861bbbec0a1097ec1762f78a2af4e56dad6f6ac76cdb2e78ac,946685758,946685756,1,1,0,0,48.8047,286,
run4-tbt-3s,1,continentale,3,none,true,12,290,25,1,m3,1VuBTTQVFkVMQoHen4dKPJgUfqJY1ta899xaf7,4122,23,283,1.0,4122.0,61334.0,0.067206,0.000103447344,0.42640995,0.65284865,0.99824422,-0.333,1.500,4.428,4.4281,0.0001,1,,0,2,2,0,0,m1,1PJJAyxet5ARk1XH3GjK9tVTPH3keFUewkjkfi,0069ea17428c2a861bbbec0a1097ec1762f78a2af4e56dad6f6ac76cdb2e78ac,946685758,946685756,1,1,0,0,94.1243,286,
run4-tbt-3s,1,continentale,3,none,true,12,291,25,1,m1,1PJJAyxet5ARk1XH3GjK9tVTPH3keFUewkjkfi,44404,22,270,1.0,44404.0,61334.0,0.72397,9.62658435e-05,4.27458851,0.01391777,0.9972725,-0.083,1.500,4.475,4.4752,0.0002,1,,0,3,3,0,0,m3,1VuBTTQVFkVMQoHen4dKPJgUfqJY1ta899xaf7,00c24ec0a88249f18aa967aa878a36dcf588c42433bc01512817a5e0364cce89,946685762,946685758,2,1,1,1,8.2003,286,
run4-tbt-3s,1,continentale,3,none,true,12,291,25,1,m2,1VAcJXZ4zmVYXXG3RSh25pvJNoJdBeVy9ChdT6,12808,23,283,1.0,12808.0,61334.0,0.208824,5.17323184e-06,0.06625875,0.93588867,0.27188407,-0.083,1.500,2.299,2.2991,0.0001,1,,0,1,1,1,1,m3,1VuBTTQVFkVMQoHen4dKPJgUfqJY1ta899xaf7,00c24ec0a88249f18aa967aa878a36dcf588c42433bc01512817a5e0364cce89,946685762,946685758,2,1,1,1,48.8047,286,
run4-tbt-3s,1,continentale,3,none,true,12,291,25,1,m3,1VuBTTQVFkVMQoHen4dKPJgUfqJY1ta899xaf7,4122,23,283,1.0,4122.0,61334.0,0.067206,9.64326621e-06,0.03974954,0.96103011,0.44648149,-0.083,1.500,2.823,2.8228,-0.0002,1,,1,2,2,0,0,m3,1VuBTTQVFkVMQoHen4dKPJgUfqJY1ta899xaf7,00c24ec0a88249f18aa967aa878a36dcf588c42433bc01512817a5e0364cce89,946685762,946685758,2,1,1,1,94.1243,286,1
run4-tbt-3s,1,continentale,3,none,true,12,292,25,1,m1,1PJJAyxet5ARk1XH3GjK9tVTPH3keFUewkjkfi,44404,22,270,1.0,44404.0,61334.0,0.72397,4.53311687e-05,2.01288521,0.13360265,0.9379827,-0.167,1.500,4.281,4.2805,-0.0005,1,,0,2,2,0,0,m3,1VuBTTQVFkVMQoHen4dKPJgUfqJY1ta899xaf7,00e2f2b19caf271c2466293215d47bc0446670747d84d57862a203d591fd7402,946685766,946685762,4,1,0,0,8.2003,286,
run4-tbt-3s,1,continentale,3,none,true,12,292,25,1,m2,1VAcJXZ4zmVYXXG3RSh25pvJNoJdBeVy9ChdT6,12808,23,283,1.0,12808.0,61334.0,0.208824,0.000108332163,1.38751834,0.24969419,0.99869877,-0.167,1.500,4.463,4.4627,-0.0003,1,,0,3,3,0,0,m3,1VuBTTQVFkVMQoHen4dKPJgUfqJY1ta899xaf7,00e2f2b19caf271c2466293215d47bc0446670747d84d57862a203d591fd7402,946685766,946685762,4,1,0,0,48.8047,286,
run4-tbt-3s,1,continentale,3,none,true,12,292,25,1,m3,1VuBTTQVFkVMQoHen4dKPJgUfqJY1ta899xaf7,4122,23,283,1.0,4122.0,61334.0,0.067206,4.45849378e-05,0.18377911,0.83211959,0.93507825,-0.167,1.500,4.272,4.2718,-0.0002,1,,1,1,1,1,1,m3,1VuBTTQVFkVMQoHen4dKPJgUfqJY1ta899xaf7,00e2f2b19caf271c2466293215d47bc0446670747d84d57862a203d591fd7402,946685766,946685762,4,1,0,0,94.1243,286,2
run4-tbt-3s,1,continentale,3,none,true,12,293,25,1,m1,1PJJAyxet5ARk1XH3GjK9tVTPH3keFUewkjkfi,44404,22,270,1.0,44404.0,61334.0,0.72397,1.97717825e-07,0.00877946,0.99125896,0.01205359,-0.333,1.500,1.469,1.4696,0.0006,1,,1,1,1,1,1,m1,1PJJAyxet5ARk1XH3GjK9tVTPH3keFUewkjkfi,007213ba3beacb07033d9a483fd200302faddbc0ea1f1d2727a79b0e1ce89dfb,946685769,946685766,1,1,0,0,8.2003,286,1
run4-tbt-3s,1,continentale,3,none,true,12,293,25,1,m2,1VAcJXZ4zmVYXXG3RSh25pvJNoJdBeVy9ChdT6,12808,23,283,1.0,12808.0,61334.0,0.208824,1.91000717e-05,0.24463372,0.78299128,0.69009324,-0.333,1.500,3.504,3.5037,-0.0003,1,,0,2,2,0,0,m1,1PJJAyxet5ARk1XH3GjK9tVTPH3keFUewkjkfi,007213ba3beacb07033d9a483fd200302faddbc0ea1f1d2727a79b0e1ce89dfb,946685769,946685766,1,1,0,0,48.8047,286,
run4-tbt-3s,1,continentale,3,none,true,12,293,25,1,m3,1VuBTTQVFkVMQoHen4dKPJgUfqJY1ta899xaf7,4122,23,283,1.0,4122.0,61334.0,0.067206,0.000116913621,0.48191795,0.61759774,0.99923128,-0.333,1.500,4.431,4.4311,0.0001,1,,0,3,3,0,0,m1,1PJJAyxet5ARk1XH3GjK9tVTPH3keFUewkjkfi,007213ba3beacb07033d9a483fd200302faddbc0ea1f1d2727a79b0e1ce89dfb,946685769,946685766,1,1,0,0,94.1243,286,
run4-tbt-3s,1,continentale,3,none,true,12,294,25,1,m1,1PJJAyxet5ARk1XH3GjK9tVTPH3keFUewkjkfi,44404,22,270,1.0,44404.0,61334.0,0.72397,2.59053326e-05,1.15030039,0.31654167,0.79584539,-0.167,1.500,3.854,3.8541,0.0001,1,,1,2,2,0,0,m1,1PJJAyxet5ARk1XH3GjK9tVTPH3keFUewkjkfi,00547f9e54b78ef16d08dd4093da4e159313adbb12156009dbe1bceaf95618c5,946685774,946685769,3,1,0,0,7.3618,294,2
run4-tbt-3s,1,continentale,3,none,true,12,294,25,1,m2,1VAcJXZ4zmVYXXG3RSh25pvJNoJdBeVy9ChdT6,12808,23,283,1.0,12808.0,61334.0,0.208824,1.63721608e-05,0.20969464,0.81083181,0.63365146,-0.167,1.500,3.368,3.3676,-0.0004,1,,0,1,1,1,1,m1,1PJJAyxet5ARk1XH3GjK9tVTPH3keFUewkjkfi,00547f9e54b78ef16d08dd4093da4e159313adbb12156009dbe1bceaf95618c5,946685774,946685769,3,1,0,0,20.6009,294,
run4-tbt-3s,1,continentale,3,none,true,12,294,25,1,m3,1VuBTTQVFkVMQoHen4dKPJgUfqJY1ta899xaf7,4122,23,283,1.0,4122.0,61334.0,0.067206,0.00016576821,0.68329656,0.50494965,0.99996159,-0.167,1.500,4.467,4.4665,-0.0005,1,,0,3,3,0,0,m1,1PJJAyxet5ARk1XH3GjK9tVTPH3keFUewkjkfi,00547f9e54b78ef16d08dd4093da4e159313adbb12156009dbe1bceaf95618c5,946685774,946685769,3,1,0,0,76.1704,294,
run4-tbt-3s,1,continentale,3,none,true,12,295,25,1,m1,1PJJAyxet5ARk1XH3GjK9tVTPH3keFUewkjkfi,35848,24,294,1.0,35848.0,62171.0,0.576603,2.69078318e-05,0.96459195,0.38113869,0.81229558,-0.417,1.500,3.854,3.8535,-0.0005,1,,1,1,1,1,1,m1,1PJJAyxet5ARk1XH3GjK9tVTPH3keFUewkjkfi,00de859932aacb8ed30d1aee6885493c06966540480b70bcbe84d5bd5b680109,946685778,946685774,3,1,0,0,7.3618,294,3
run4-tbt-3s,1,continentale,3,none,true,12,295,25,1,m2,1VAcJXZ4zmVYXXG3RSh25pvJNoJdBeVy9ChdT6,18080,24,294,1.0,18080.0,62171.0,0.290811,5.79387677e-05,1.04753292,0.35080214,0.9727339,-0.417,1.500,4.335,4.3348,-0.0002,1,,0,3,3,0,0,m1,1PJJAyxet5ARk1XH3GjK9tVTPH3keFUewkjkfi,00de859932aacb8ed30d1aee6885493c06966540480b70bcbe84d5bd5b680109,946685778,946685774,3,1,0,0,20.6009,294,
run4-tbt-3s,1,continentale,3,none,true,12,295,25,1,m3,1VuBTTQVFkVMQoHen4dKPJgUfqJY1ta899xaf7,8243,24,294,1.0,8243.0,62171.0,0.132586,5.59132422e-05,0.46089286,0.63072025,0.96907475,-0.417,1.500,4.324,4.3238,-0.0002,1,,0,2,2,0,0,m1,1PJJAyxet5ARk1XH3GjK9tVTPH3keFUewkjkfi,00de859932aacb8ed30d1aee6885493c06966540480b70bcbe84d5bd5b680109,946685778,946685774,3,1,0,0,76.1704,294,
run4-tbt-3s,1,continentale,3,none,true,12,296,25,1,m1,1PJJAyxet5ARk1XH3GjK9tVTPH3keFUewkjkfi,35848,24,294,1.0,35848.0,62171.0,0.576603,1.01152642e-06,0.0362612,0.96438836,0.06095099,-0.5,1.500,1.583,1.5829,-0.0001,1,,1,1,1,1,1,m1,1PJJAyxet5ARk1XH3GjK9tVTPH3keFUewkjkfi,00d0846d7e02a04ce9dd226aa5383a09704a97b5e21300c2701e86f54129222a,946685780,946685778,1,1,0,0,7.3618,294,4
run4-tbt-3s,1,continentale,3,none,true,12,296,25,1,m2,1VAcJXZ4zmVYXXG3RSh25pvJNoJdBeVy9ChdT6,18080,24,294,1.0,18080.0,62171.0,0.290811,1.14367521e-05,0.20677648,0.8132014,0.50886405,-0.5,1.500,2.927,2.9266,-0.0004,1,,0,2,2,0,0,m1,1PJJAyxet5ARk1XH3GjK9tVTPH3keFUewkjkfi,00d0846d7e02a04ce9dd226aa5383a09704a97b5e21300c2701e86f54129222a,946685780,946685778,1,1,0,0,20.6009,294,
run4-tbt-3s,1,continentale,3,none,true,12,296,25,1,m3,1VuBTTQVFkVMQoHen4dKPJgUfqJY1ta899xaf7,8243,24,294,1.0,8243.0,62171.0,0.132586,6.09987488e-05,0.50281269,0.60482708,0.97745751,-0.5,1.500,4.332,4.3324,0.0004,1,,0,3,3,0,0,m1,1PJJAyxet5ARk1XH3GjK9tVTPH3keFUewkjkfi,00d0846d7e02a04ce9dd226aa5383a09704a97b5e21300c2701e86f54129222a,946685780,946685778,1,1,0,0,76.1704,294,
run4-tbt-3s,1,continentale,3,none,true,12,297,25,1,m1,1PJJAyxet5ARk1XH3GjK9tVTPH3keFUewkjkfi,35848,24,294,1.0,35848.0,62171.0,0.576603,1.22629653e-06,0.04396028,0.95699197,0.07340628,-0.25,1.500,1.67,1.6702,0.0002,1,,1,1,1,1,1,m1,1PJJAyxet5ARk1XH3GjK9tVTPH3keFUewkjkfi,00ebee95d88db7b9b05e378db4bc55138e62a815dcb835fe4583fa7f176627fc,946685782,946685780,1,1,0,0,7.3618,294,5
run4-tbt-3s,1,continentale,3,none,true,12,297,25,1,m2,1VAcJXZ4zmVYXXG3RSh25pvJNoJdBeVy9ChdT6,18080,24,294,1.0,18080.0,62171.0,0.290811,4.02612608e-05,0.7279236,0.48291067,0.91816767,-0.25,1.500,4.205,4.2045,-0.0005,1,,0,2,2,0,0,m1,1PJJAyxet5ARk1XH3GjK9tVTPH3keFUewkjkfi,00ebee95d88db7b9b05e378db4bc55138e62a815dcb835fe4583fa7f176627fc,946685782,946685780,1,1,0,0,20.6009,294,
run4-tbt-3s,1,continentale,3,none,true,12,297,25,1,m3,1VuBTTQVFkVMQoHen4dKPJgUfqJY1ta899xaf7,8243,24,294,1.0,8243.0,62171.0,0.132586,8.35331692e-05,0.68856391,0.50229689,0.99444658,-0.25,1.500,4.433,4.4333,0.0003,1,,0,3,3,0,0,m1,1PJJAyxet5ARk1XH3GjK9tVTPH3keFUewkjkfi,00ebee95d88db7b9b05e378db4bc55138e62a815dcb835fe4583fa7f176627fc,946685782,946685780,1,1,0,0,76.1704,294,
run4-tbt-3s,1,continentale,3,none,true,12,298,25,1,m1,1PJJAyxet5ARk1XH3GjK9tVTPH3keFUewkjkfi,35848,24,294,1.0,35848.0,62171.0,0.576603,5.72232704e-06,0.20513398,0.81453818,0.2993612,-0.25,1.500,2.348,2.3481,0.0001,1,,1,1,1,1,1,m1,1PJJAyxet5ARk1XH3GjK9tVTPH3keFUewkjkfi,0038af12625b253965ee342c076f2bb800827fbffff7adc0a2a67b58de4b8e3d,946685786,946685782,2,1,0,0,7.3618,294,6
run4-tbt-3s,1,continentale,3,none,true,12,298,25,1,m2,1VAcJXZ4zmVYXXG3RSh25pvJNoJdBeVy9ChdT6,18080,24,294,1.0,18080.0,62171.0,0.290811,1.21399479e-05,0.21949026,0.80292798,0.52987314,-0.25,1.500,3.04,3.0396,-0.0004,1,,0,2,2,0,0,m1,1PJJAyxet5ARk1XH3GjK9tVTPH3keFUewkjkfi,0038af12625b253965ee342c076f2bb800827fbffff7adc0a2a67b58de4b8e3d,946685786,946685782,2,1,0,0,20.6009,294,
run4-tbt-3s,1,continentale,3,none,true,12,298,25,1,m3,1VuBTTQVFkVMQoHen4dKPJgUfqJY1ta899xaf7,8243,24,294,1.0,8243.0,62171.0,0.132586,2.00096396e-05,0.16493946,0.84794504,0.71177657,-0.25,1.500,3.585,3.5853,0.0003,1,,0,3,3,0,0,m1,1PJJAyxet5ARk1XH3GjK9tVTPH3keFUewkjkfi,0038af12625b253965ee342c076f2bb800827fbffff7adc0a2a67b58de4b8e3d,946685786,946685782,2,1,0,0,76.1704,294,
run4-tbt-3s,1,continentale,3,none,true,12,299,25,1,m1,1PJJAyxet5ARk1XH3GjK9tVTPH3keFUewkjkfi,35848,24,294,1.0,35848.0,62171.0,0.576603,3.15214763e-05,1.12998188,0.32303911,0.85910237,-0.333,1.500,4.011,4.0107,-0.0003,1,,1,1,1,1,1,m1,1PJJAyxet5ARk1XH3GjK9tVTPH3keFUewkjkfi,005c5ef17267fe1c442d2733729578ea77be3d12ffeee138deb95a7e4f5dbf23,946685790,946685786,4,1,0,0,7.3618,294,7
run4-tbt-3s,1,continentale,3,none,true,12,299,25,1,m2,1VAcJXZ4zmVYXXG3RSh25pvJNoJdBeVy9ChdT6,18080,24,294,1.0,18080.0,62171.0,0.290811,6.79195707e-05,1.22798584,0.2928819,0.98533993,-0.333,1.500,4.389,4.3894,0.0004,1,,0,2,2,0,0,m1,1PJJAyxet5ARk1XH3GjK9tVTPH3keFUewkjkfi,005c5ef17267fe1c442d2733729578ea77be3d12ffeee138deb95a7e4f5dbf23,946685790,946685786,4,1,0,0,20.6009,294,
run4-tbt-3s,1,continentale,3,none,true,12,299,25,1,m3,1VuBTTQVFkVMQoHen4dKPJgUfqJY1ta899xaf7,8243,24,294,1.0,8243.0,62171.0,0.132586,0.000194037472,1.59945088,0.20200741,0.99999423,-0.333,1.500,4.433,4.4334,0.0004,1,,0,3,3,0,0,m1,1PJJAyxet5ARk1XH3GjK9tVTPH3keFUewkjkfi,005c5ef17267fe1c442d2733729578ea77be3d12ffeee138deb95a7e4f5dbf23,946685790,946685786,4,1,0,0,76.1704,294,
run4-tbt-3s,1,continentale,3,none,true,12,300,26,1,m1,1PJJAyxet5ARk1XH3GjK9tVTPH3keFUewkjkfi,35848,24,294,1.0,35848.0,62171.0,0.576603,8.52167682e-06,0.30548507,0.7367659,0.41127799,-0.5,1.500,2.634,2.6338,-0.0002,1,,1,1,1,1,1,m1,1PJJAyxet5ARk1XH3GjK9tVTPH3keFUewkjkfi,000822a9825a5f29e88caa6447017f49c485ecb103cb001cc8d6dab31c978804,946685793,946685790,2,1,0,0,7.3618,294,8
run4-tbt-3s,1,continentale,3,none,true,12,300,26,1,m2,1VAcJXZ4zmVYXXG3RSh25pvJNoJdBeVy9ChdT6,18080,24,294,1.0,18080.0,62171.0,0.290811,0.000306407549,5.53984849,0.00392712,0.99999999,-0.5,1.500,4.4,4.4,-0.0,1,,0,2,3,0,0,m1,1PJJAyxet5ARk1XH3GjK9tVTPH3keFUewkjkfi,000822a9825a5f29e88caa6447017f49c485ecb103cb001cc8d6dab31c978804,946685793,946685790,2,1,0,0,20.6009,294,
run4-tbt-3s,1,continentale,3,none,true,12,300,26,1,m3,1VuBTTQVFkVMQoHen4dKPJgUfqJY1ta899xaf7,8243,24,294,1.0,8243.0,62171.0,0.132586,0.000172552754,1.42235235,0.24114609,0.99997807,-0.5,1.500,4.4,4.3999,-0.0001,1,,0,3,2,0,0,m1,1PJJAyxet5ARk1XH3GjK9tVTPH3keFUewkjkfi,000822a9825a5f29e88caa6447017f49c485ecb103cb001cc8d6dab31c978804,946685793,946685790,2,1,0,0,76.1704,294,
run4-tbt-3s,1,continentale,3,none,true,12,301,26,1,m1,1PJJAyxet5ARk1XH3GjK9tVTPH3keFUewkjkfi,35848,24,294,1.0,35848.0,62171.0,0.576603,3.11651979e-06,0.111721,0.89429373,0.17614205,-0.333,1.500,1.962,1.9618,-0.0002,1,,1,1,1,1,1,m1,1PJJAyxet5ARk1XH3GjK9tVTPH3keFUewkjkfi,003bbabed288411f157489384da12edb411b3b2fc773b604e22c4ea6c6ccab0d,946685796,946685793,1,1,0,0,7.3618,294,9
run4-tbt-3s,1,continentale,3,none,true,12,301,26,1,m2,1VAcJXZ4zmVYXXG3RSh25pvJNoJdBeVy9ChdT6,18080,24,294,1.0,18080.0,62171.0,0.290811,3.23182125e-05,0.58431328,0.55748857,0.86591155,-0.333,1.500,4.031,4.0311,0.0001,1,,0,2,2,0,0,m1,1PJJAyxet5ARk1XH3GjK9tVTPH3keFUewkjkfi,003bbabed288411f157489384da12edb411b3b2fc773b604e22c4ea6c6ccab0d,946685796,946685793,1,1,0,0,20.6009,294,
run4-tbt-3s,1,continentale,3,none,true,12,301,26,1,m3,1VuBTTQVFkVMQoHen4dKPJgUfqJY1ta899xaf7,8243,24,294,1.0,8243.0,62171.0,0.132586,0.000261874938,2.15863511,0.11548263,0.99999992,-0.333,1.500,4.433,4.4334,0.0004,1,,0,3,3,0,0,m1,1PJJAyxet5ARk1XH3GjK9tVTPH3keFUewkjkfi,003bbabed288411f157489384da12edb411b3b2fc773b604e22c4ea6c6ccab0d,946685796,946685793,1,1,0,0,76.1704,294,
run4-tbt-3s,1,continentale,3,none,true,12,302,26,1,m1,1PJJAyxet5ARk1XH3GjK9tVTPH3keFUewkjkfi,35848,24,294,1.0,35848.0,62171.0,0.576603,1.07618694e-05,0.38579149,0.67991228,0.48781848,-0.333,1.500,2.897,2.8969,-0.0001,1,,1,1,1,1,1,m1,1PJJAyxet5ARk1XH3GjK9tVTPH3keFUewkjkfi,006dac83f570c7fdfa45c5411b621ec89a3d5776a1aa22f2ab645a69b73e8c77,946685799,946685796,2,1,0,0,7.3618,294,10
run4-tbt-3s,1,continentale,3,none,true,12,302,26,1,m2,1VAcJXZ4zmVYXXG3RSh25pvJNoJdBeVy9ChdT6,18080,24,294,1.0,18080.0,62171.0,0.290811,1.61531021e-05,0.29204809,0.74673263,0.63368238,-0.333,1.500,3.334,3.3344,0.0004,1,,0,2,2,0,0,m1,1PJJAyxet5ARk1XH3GjK9tVTPH3keFUewkjkfi,006dac83f570c7fdfa45c5411b621ec89a3d5776a1aa22f2ab645a69b73e8c77,946685799,946685796,2,1,0,0,20.6009,294,
run4-tbt-3s,1,continentale,3,none,true,12,302,26,1,m3,1VuBTTQVFkVMQoHen4dKPJgUfqJY1ta899xaf7,8243,24,294,1.0,8243.0,62171.0,0.132586,6.98244952e-05,0.57556331,0.56238798,0.98697727,-0.333,1.500,4.394,4.3943,0.0003,1,,0,3,3,0,0,m1,1PJJAyxet5ARk1XH3GjK9tVTPH3keFUewkjkfi,006dac83f570c7fdfa45c5411b621ec89a3d5776a1aa22f2ab645a69b73e8c77,946685799,946685796,2,1,0,0,76.1704,294,
run4-tbt-3s,1,continentale,3,none,true,12,303,26,1,m1,1PJJAyxet5ARk1XH3GjK9tVTPH3keFUewkjkfi,35848,24,294,1.0,35848.0,62171.0,0.576603,2.48868343e-05,0.89214324,0.40977656,0.78716528,-0.417,1.500,3.778,3.7781,0.0001,1,,1,1,1,1,1,m1,1PJJAyxet5ARk1XH3GjK9tVTPH3keFUewkjkfi,00bdfe25d3fba46131f8a9153145654eb50c7a9a21df5cf16752497639894f51,946685803,946685799,3,1,0,0,7.3618,294,11
run4-tbt-3s,1,continentale,3,none,true,12,303,26,1,m2,1VAcJXZ4zmVYXXG3RSh25pvJNoJdBeVy9ChdT6,18080,24,294,1.0,18080.0,62171.0,0.290811,3.38381384e-05,0.61179354,0.54237722,0.87800203,-0.417,1.500,4.051,4.0506,-0.0004,1,,0,2,2,0,0,m1,1PJJAyxet5ARk1XH3GjK9tVTPH3keFUewkjkfi,00bdfe25d3fba46131f8a9153145654eb50c7a9a21df5cf16752497639894f51,946685803,946685799,3,1,0,0,20.6009,294,
run4-tbt-3s,1,continentale,3,none,true,12,303,26,1,m3,1VuBTTQVFkVMQoHen4dKPJgUfqJY1ta899xaf7,8243,24,294,1.0,8243.0,62171.0,0.132586,0.000220308641,1.81600413,0.16267448,0.99999887,-0.417,1.500,4.417,4.4166,-0.0004,1,,0,3,3,0,0,m1,1PJJAyxet5ARk1XH3GjK9tVTPH3keFUewkjkfi,00bdfe25d3fba46131f8a9153145654eb50c7a9a21df5cf16752497639894f51,946685803,946685799,3,1,0,0,76.1704,294,
run4-tbt-3s,1,continentale,3,none,true,12,304,26,1,m1,1PJJAyxet5ARk1XH3GjK9tVTPH3keFUewkjkfi,35848,24,294,1.0,35848.0,62171.0,0.576603,2.34355506e-05,0.84011762,0.43165975,0.76706868,-0.417,1.500,3.718,3.7178,-0.0002,1,,1,1,1,1,1,m1,1PJJAyxet5ARk1XH3GjK9tVTPH3keFUewkjkfi,00ab90bec1b96a670c4cfb3dc54d7b6bee928fa32e24262fb2b671a1ac668466,946685808,946685803,3,1,0,0,7.8405,304,12
run4-tbt-3s,1,continentale,3,none,true,12,304,26,1,m2,1VAcJXZ4zmVYXXG3RSh25pvJNoJdBeVy9ChdT6,18080,24,294,1.0,18080.0,62171.0,0.290811,0.000123591869,2.23454099,0.10704125,0.99953979,-0.417,1.500,4.415,4.4152,0.0002,1,,0,3,3,0,0,m1,1PJJAyxet5ARk1XH3GjK9tVTPH3keFUewkjkfi,00ab90bec1b96a670c4cfb3dc54d7b6bee928fa32e24262fb2b671a1ac668466,946685808,946685803,3,1,0,0,9.2476,304,
run4-tbt-3s,1,continentale,3,none,true,12,304,26,1,m3,1VuBTTQVFkVMQoHen4dKPJgUfqJY1ta899xaf7,8243,24,294,1.0,8243.0,62171.0,0.132586,3.52140928e-05,0.29026977,0.74806174,0.88800436,-0.417,1.500,4.081,4.0806,-0.0004,1,,0,2,2,0,0,m1,1PJJAyxet5ARk1XH3GjK9tVTPH3keFUewkjkfi,00ab90bec1b96a670c4cfb3dc54d7b6bee928fa32e24262fb2b671a1ac668466,946685808,946685803,3,1,0,0,61.2025,304,
run4-tbt-3s,1,continentale,3,none,true,12,305,26,1,m1,1PJJAyxet5ARk1XH3GjK9tVTPH3keFUewkjkfi,35848,24,294,1.0,35848.0,62171.0,0.576603,2.98252153e-05,1.06917432,0.34329185,0.84343178,-0.5,1.500,3.93,3.9303,0.0003,1,,0,3,3,0,0,m2,1VAcJXZ4zmVYXXG3RSh25pvJNoJdBeVy9ChdT6,00bc6a0427a5c608e64c3b621523562c35b595dbf33a3faf143558a4f03f08af,946685812,946685808,3,1,0,0,7.8405,304,
run4-tbt-3s,1,continentale,3,none,true,12,305,26,1,m2,1VAcJXZ4zmVYXXG3RSh25pvJNoJdBeVy9ChdT6,18080,24,294,1.0,18080.0,62171.0,0.290811,1.54902168e-05,0.28006312,0.75573604,0.61827021,-0.5,1.500,3.255,3.2548,-0.0002,1,,1,1,1,1,1,m2,1VAcJXZ4zmVYXXG3RSh25pvJNoJdBeVy9ChdT6,00bc6a0427a5c608e64c3b621523562c35b595dbf33a3faf143558a4f03f08af,946685812,946685808,3,1,0,0,9.2476,304,1
run4-tbt-3s,1,continentale,3,none,true,12,305,26,1,m3,1VuBTTQVFkVMQoHen4dKPJgUfqJY1ta899xaf7,8243,24,294,1.0,8243.0,62171.0,0.132586,1.85975886e-05,0.15329992,0.85787239,0.68532996,-0.5,1.500,3.456,3.456,-0.0,1,,0,2,2,0,0,m2,1VAcJXZ4zmVYXXG3RSh25pvJNoJdBeVy9ChdT6,00bc6a0427a5c608e64c3b621523562c35b595dbf33a3faf143558a4f03f08af,946685812,946685808,3,1,0,0,61.2025,304,
run4-tbt-3s,1,continentale,3,none,true,12,306,26,1,m1,1PJJAyxet5ARk1XH3GjK9tVTPH3keFUewkjkfi,35848,24,294,1.0,35848.0,62171.0,0.576603,1.71515363e-06,0.06148483,0.94036721,0.10114434,-0.583,1.500,1.687,1.6868,-0.0002,1,,1,1,1,1,1,m1,1PJJAyxet5ARk1XH3GjK9tVTPH3keFUewkjkfi,00d423581195196c1e8ee7506b463cc99e3c7726e422d878aac3d7da901be6d7,946685814,946685812,1,1,0,0,7.8405,304,1
run4-tbt-3s,1,continentale,3,none,true,12,306,26,1,m2,1VAcJXZ4zmVYXXG3RSh25pvJNoJdBeVy9ChdT6,18080,24,294,1.0,18080.0,62171.0,0.290811,1.50652609e-05,0.27237992,0.76156487,0.60805052,-0.583,1.500,3.207,3.2076,0.0006,1,,0,2,2,0,0,m1,1PJJAyxet5ARk1XH3GjK9tVTPH3keFUewkjkfi,00d423581195196c1e8ee7506b463cc99e3c7726e422d878aac3d7da901be6d7,946685814,946685812,1,1,0,0,9.2476,304,
run4-tbt-3s,1,continentale,3,none,true,12,306,26,1,m3,1VuBTTQVFkVMQoHen4dKPJgUfqJY1ta899xaf7,8243,24,294,1.0,8243.0,62171.0,0.132586,0.000153625775,1.26633726,0.28186212,0.99992887,-0.583,1.500,4.383,4.3832,0.0002,1,,0,3,3,0,0,m1,1PJJAyxet5ARk1XH3GjK9tVTPH3keFUewkjkfi,00d423581195196c1e8ee7506b463cc99e3c7726e422d878aac3d7da901be6d7,946685814,946685812,1,1,0,0,61.2025,304,
run4-tbt-3s,1,continentale,3,none,true,12,307,26,1,m1,1PJJAyxet5ARk1XH3GjK9tVTPH3keFUewkjkfi,51006,25,306,1.0,51006.0,77329.0,0.659597,2.61706195e-06,0.13348586,0.87503984,0.18321125,-0.333,1.500,1.983,1.983,0.0,1,,1,1,1,1,1,m1,1PJJAyxet5ARk1XH3GjK9tVTPH3keFUewkjkfi,0046bec4338553f654b6d365de8e609dd786fcaa9bdce1646abca5c98bc50042,946685817,946685814,1,1,0,0,7.8405,304,2
run4-tbt-3s,1,continentale,3,none,true,12,307,26,1,m2,1VAcJXZ4zmVYXXG3RSh25pvJNoJdBeVy9ChdT6,18080,24,294,1.0,18080.0,77329.0,0.233806,7.65905591e-05,1.38475731,0.25038456,0.99732196,-0.333,1.500,4.425,4.4254,0.0004,1,,0,2,2,0,0,m1,1PJJAyxet5ARk1XH3GjK9tVTPH3keFUewkjkfi,0046bec4338553f654b6d365de8e609dd786fcaa9bdce1646abca5c98bc50042,946685817,946685814,1,1,0,0,9.2476,304,
run4-tbt-3s,1,continentale,3,none,true,12,307,26,1,m3,1VuBTTQVFkVMQoHen4dKPJgUfqJY1ta899xaf7,8243,24,294,1.0,8243.0,77329.0,0.106596,0.000452707107,3.73166468,0.02395293,1.0,-0.333,1.500,4.433,4.4334,0.0004,1,,0,3,3,0,0,m1,1PJJAyxet5ARk1XH3GjK9tVTPH3keFUewkjkfi,0046bec4338553f654b6d365de8e609dd786fcaa9bdce1646abca5c98bc50042,946685817,946685814,1,1,0,0,61.2025,304,
run4-tbt-3s,1,continentale,3,none,true,12,308,26,1,m1,1PJJAyxet5ARk1XH3GjK9tVTPH3keFUewkjkfi,51006,25,306,1.0,51006.0,74703.0,0.682784,1.58217455e-05,0.80700395,0.44619288,0.69331431,-0.25,1.500,3.53,3.5299,-0.0001,1,,1,1,1,1,1,m1,1PJJAyxet5ARk1XH3GjK9tVTPH3keFUewkjkfi,0086c9aa05fd10a5395569a15a6a4f06c21edcd53a560c29dd5a5e66ac562883,946685821,946685817,3,1,0,0,7.8405,304,3
run4-tbt-3s,1,continentale,3,none,true,12,308,26,1,m2,1VAcJXZ4zmVYXXG3RSh25pvJNoJdBeVy9ChdT6,15454,25,307,1.0,15454.0,74703.0,0.206873,6.37422968e-05,0.98507345,0.3734118,0.99144929,-0.25,1.500,4.424,4.4243,0.0003,1,,0,2,2,0,0,m1,1PJJAyxet5ARk1XH3GjK9tVTPH3keFUewkjkfi,0086c9aa05fd10a5395569a15a6a4f06c21edcd53a560c29dd5a5e66ac562883,946685821,946685817,3,1,0,0,9.2476,304,
run4-tbt-3s,1,continentale,3,none,true,12,308,26,1,m3,1VuBTTQVFkVMQoHen4dKPJgUfqJY1ta899xaf7,8243,24,294,1.0,8243.0,74703.0,0.110344,8.66328049e-05,0.71411421,0.48962562,0.99845345,-0.25,1.500,4.445,4.4454,0.0004,1,,0,3,3,0,0,m1,1PJJAyxet5ARk1XH3GjK9tVTPH3keFUewkjkfi,0086c9aa05fd10a5395569a15a6a4f06c21edcd53a560c29dd5a5e66ac562883,946685821,946685817,3,1,0,0,61.2025,304,
run4-tbt-3s,1,continentale,3,none,true,12,309,26,1,m1,1PJJAyxet5ARk1XH3GjK9tVTPH3keFUewkjkfi,51006,25,306,1.0,51006.0,74703.0,0.682784,3.83821368e-05,1.95771927,0.14118005,0.94314555,-0.417,1.500,4.246,4.246,0.0,1,,1,1,1,1,1,m1,1PJJAyxet5ARk1XH3GjK9tVTPH3keFUewkjkfi,0043e220d8c40d1a81be8396b940a006abd89d3f618015cc838ce2c6325558f0,946685825,946685821,4,1,0,0,7.8405,304,4
run4-tbt-3s,1,continentale,3,none,true,12,309,26,1,m2,1VAcJXZ4zmVYXXG3RSh25pvJNoJdBeVy9ChdT6,15454,25,307,1.0,15454.0,74703.0,0.206873,3.93833858e-05,0.60863084,0.54409531,0.94724291,-0.417,1.500,4.258,4.2583,0.0003,1,,0,2,2,0,0,m1,1PJJAyxet5ARk1XH3GjK9tVTPH3keFUewkjkfi,0043e220d8c40d1a81be8396b940a006abd89d3f618015cc838ce2c6325558f0,946685825,946685821,4,1,0,0,9.2476,304,
run4-tbt-3s,1,continentale,3,none,true,12,309,26,1,m3,1VuBTTQVFkVMQoHen4dKPJgUfqJY1ta899xaf7,8243,24,294,1.0,8243.0,74703.0,0.110344,0.000380847745,3.13932796,0.0433119,1.0,-0.417,1.500,4.417,4.4166,-0.0004,1,,0,3,3,0,0,m1,1PJJAyxet5ARk1XH3GjK9tVTPH3keFUewkjkfi,0043e220d8c40d1a81be8396b940a006abd89d3f618015cc838ce2c6325558f0,946685825,946685821,4,1,0,0,61.2025,304,
run4-tbt-3s,1,continentale,3,none,true,12,310,26,1,m1,1PJJAyxet5ARk1XH3GjK9tVTPH3keFUewkjkfi,51006,25,306,1.0,51006.0,74703.0,0.682784,1.14410249e-05,0.58356092,0.55790816,0.57458022,-0.583,1.500,3.107,3.1071,0.0001,1,,1,1,1,1,1,m1,1PJJAyxet5ARk1XH3GjK9tVTPH3keFUewkjkfi,00549e6a6eacdd50a9c28a065f06cfd14e79c48a1a228946d5e2b7e48eb9d378,946685829,946685825,3,1,0,0,7.8405,304,5
run4-tbt-3s,1,continentale,3,none,true,12,310,26,1,m2,1VAcJXZ4zmVYXXG3RSh25pvJNoJdBeVy9ChdT6,15454,25,307,1.0,15454.0,74703.0,0.206873,2.41022522e-05,0.37247621,0.68902605,0.83478548,-0.583,1.500,3.888,3.8878,-0.0002,1,,0,2,2,0,0,m1,1PJJAyxet5ARk1XH3GjK9tVTPH3keFUewkjkfi,00549e6a6eacdd50a9c28a065f06cfd14e79c48a1a228946d5e2b7e48eb9d378,946685829,946685825,3,1,0,0,9.2476,304,
run4-tbt-3s,1,continentale,3,none,true,12,310,26,1,m3,1VuBTTQVFkVMQoHen4dKPJgUfqJY1ta899xaf7,8243,24,294,1.0,8243.0,74703.0,0.110344,5.19974236e-05,0.42861476,0.65141083,0.97943909,-0.583,1.500,4.322,4.3217,-0.0003,1,,0,3,3,0,0,m1,1PJJAyxet5ARk1XH3GjK9tVTPH3keFUewkjkfi,00549e6a6eacdd50a9c28a065f06cfd14e79c48a1a228946d5e2b7e48eb9d378,946685829,946685825,3,1,0,0,61.2025,304,
run4-tbt-3s,1,continentale,3,none,true,12,311,26,1,m1,1PJJAyxet5ARk1XH3GjK9tVTPH3keFUewkjkfi,51006,25,306,1.0,51006.0,74703.0,0.682784,1.89361029e-05,0.96585486,0.38065765,0.75697323,-0.583,1.500,3.654,3.6543,0.0003,1,,1,1,1,1,1,m1,1PJJAyxet5ARk1XH3GjK9tVTPH3keFUewkjkfi,007e0507bdf3d19600d0425724335e737d7c3f1475bca280b203ac803adb93bc,946685833,946685829,3,1,0,0,7.8405,304,6
run4-tbt-3s,1,continentale,3,none,true,12,311,26,1,m2,1VAcJXZ4zmVYXXG3RSh25pvJNoJdBeVy9ChdT6,15454,25,307,1.0,15454.0,74703.0,0.206873,3.65463351e-05,0.56478706,0.56848118,0.93478859,-0.583,1.500,4.188,4.1878,-0.0002,1,,0,2,2,0,0,m1,1PJJAyxet5ARk1XH3GjK9tVTPH3keFUewkjkfi,007e0507bdf3d19600d0425724335e737d7c3f1475bca280b203ac803adb93bc,946685833,946685829,3,1,0,0,9.2476,304,
run4-tbt-3s,1,continentale,3,none,true,12,311,26,1,m3,1VuBTTQVFkVMQoHen4dKPJgUfqJY1ta899xaf7,8243,24,294,1.0,8243.0,74703.0,0.110344,4.02334418e-05,0.33164426,0.71774261,0.95048892,-0.583,1.500,4.235,4.2349,-0.0001,1,,0,3,3,0,0,m1,1PJJAyxet5ARk1XH3GjK9tVTPH3keFUewkjkfi,007e0507bdf3d19600d0425724335e737d7c3f1475bca280b203ac803adb93bc,946685833,946685829,3,1,0,0,61.2025,304,
run4-tbt-3s,1,continentale,3,none,true,12,312,27,1,m1,1PJJAyxet5ARk1XH3GjK9tVTPH3keFUewkjkfi,51006,25,306,1.0,51006.0,74703.0,0.682784,1.59679167e-05,0.81445956,0.44287861,0.69664492,-0.583,1.500,3.473,3.4733,0.0003,1,,1,1,1,1,1,m1,1PJJAyxet5ARk1XH3GjK9tVTPH3keFUewkjkfi,009b1d03bab388d36f56f46c315998d0d4d63561e50ec30854e7c57d148bb4a3,946685838,946685833,3,1,1,2,108.4761,312,7
run4-tbt-3s,1,continentale,3,none,true,12,312,27,1,m2,1VAcJXZ4zmVYXXG3RSh25pvJNoJdBeVy9ChdT6,15454,25,307,1.0,15454.0,74703.0,0.206873,2.55794593e-05,0.39530496,0.67347462,0.85204726,-0.583,1.500,3.939,3.9395,0.0005,1,,0,2,2,0,0,m1,1PJJAyxet5ARk1XH3GjK9tVTPH3keFUewkjkfi,009b1d03bab388d36f56f46c315998d0d4d63561e50ec30854e7c57d148bb4a3,946685838,946685833,3,1,1,2,109.262,312,
run4-tbt-3s,1,continentale,3,none,true,12,312,27,1,m3,1VuBTTQVFkVMQoHen4dKPJgUfqJY1ta899xaf7,8243,24,294,1.0,8243.0,74703.0,0.110344,7.09389257e-05,0.58474956,0.5572454,0.99500516,-0.583,1.500,4.368,4.3684,0.0004,1,,0,3,3,0,0,m1,1PJJAyxet5ARk1XH3GjK9tVTPH3keFUewkjkfi,009b1d03bab388d36f56f46c315998d0d4d63561e50ec30854e7c57d148bb4a3,946685838,946685833,3,1,1,2,61.2025,312,
run4-tbt-3s,1,continentale,3,none,true,12,313,27,1,m1,1PJJAyxet5ARk1XH3GjK9tVTPH3keFUewkjkfi,51006,25,306,1.0,51006.0,74703.0,0.682784,4.53249176e-06,0.23118427,0.79359321,0.28722589,-0.75,1.500,2.212,2.2117,-0.0003,1,,1,1,1,1,1,m1,1PJJAyxet5ARk1XH3GjK9tVTPH3keFUewkjkfi,00b269a5cff1ba1c8fc1b4c69431bf71d474d0ce05a3f3019e15c309b556ad54,946685841,946685838,2,1,0,0,108.4761,312,8
run4-tbt-3s,1,continentale,3,none,true,12,313,27,1,m2,1VAcJXZ4zmVYXXG3RSh25pvJNoJdBeVy9ChdT6,15454,25,307,1.0,15454.0,74703.0,0.206873,0.00012940218,1.99978129,0.13536489,0.99993664,-0.75,1.500,4.35,4.3498,-0.0002,1,,0,3,3,0,0,m1,1PJJAyxet5ARk1XH3GjK9tVTPH3keFUewkjkfi,00b269a5cff1ba1c8fc1b4c69431bf71d474d0ce05a3f3019e15c309b556ad54,946685841,946685838,2,1,0,0,109.262,312,
run4-tbt-3s,1,continentale,3,none,true,12,313,27,1,m3,1VuBTTQVFkVMQoHen4dKPJgUfqJY1ta899xaf7,8243,24,294,1.0,8243.0,74703.0,0.110344,3.76895209e-05,0.31067472,0.73295225,0.94012644,-0.75,1.500,4.17,4.1704,0.0004,1,,0,2,2,0,0,m1,1PJJAyxet5ARk1XH3GjK9tVTPH3keFUewkjkfi,00b269a5cff1ba1c8fc1b4c69431bf71d474d0ce05a3f3019e15c309b556ad54,946685841,946685838,2,1,0,0,61.2025,312,
run4-tbt-3s,1,continentale,3,none,true,12,314,27,1,m1,1PJJAyxet5ARk1XH3GjK9tVTPH3keFUewkjkfi,51006,25,306,1.0,51006.0,74703.0,0.682784,6.95164926e-06,0.35457582,0.70147093,0.40506853,-0.75,1.500,2.565,2.5652,0.0002,1,,1,1,1,1,1,m1,1PJJAyxet5ARk1XH3GjK9tVTPH3keFUewkjkfi,009fb07e9f3a4f1420f43647010da8e1470254156b9963be8e3c374f2a4b3c9f,946685844,946685841,2,1,0,0,108.4761,312,9
run4-tbt-3s,1,continentale,3,none,true,12,314,27,1,m2,1VAcJXZ4zmVYXXG3RSh25pvJNoJdBeVy9ChdT6,15454,25,307,1.0,15454.0,74703.0,0.206873,5.02925975e-05,0.7772218,0.45968132,0.97664649,-0.75,1.500,4.28,4.2799,-0.0001,1,,0,2,2,0,0,m1,1PJJAyxet5ARk1XH3GjK9tVTPH3keFUewkjkfi,009fb07e9f3a4f1420f43647010da8e1470254156b9963be8e3c374f2a4b3c9f,946685844,946685841,2,1,0,0,109.262,312,
run4-tbt-3s,1,continentale,3,none,true,12,314,27,1,m3,1VuBTTQVFkVMQoHen4dKPJgUfqJY1ta899xaf7,8243,24,294,1.0,8243.0,74703.0,0.110344,0.000284266275,2.3432069,0.09601922,1.0,-0.75,1.500,4.35,4.35,-0.0,1,,0,3,3,0,0,m1,1PJJAyxet5ARk1XH3GjK9tVTPH3keFUewkjkfi,009fb07e9f3a4f1420f43647010da8e1470254156b9963be8e3c374f2a4b3c9f,946685844,946685841,2,1,0,0,61.2025,312,
run4-tbt-3s,1,continentale,3,none,true,12,315,27,1,m1,1PJJAyxet5ARk1XH3GjK9tVTPH3keFUewkjkfi,51006,25,306,1.0,51006.0,74703.0,0.682784,1.20126711e-05,0.6127183,0.54187588,0.59236478,-0.75,1.500,3.127,3.1271,0.0001,1,,1,2,2,0,0,m1,1PJJAyxet5ARk1XH3GjK9tVTPH3keFUewkjkfi,004280eb28829ff2a7614cd96ccae61d2c562bfc2c87ee0ad63a2e132be24e03,946685847,946685844,3,1,1,1,108.4761,312,10
run4-tbt-3s,1,continentale,3,none,true,12,315,27,1,m2,1VAcJXZ4zmVYXXG3RSh25pvJNoJdBeVy9ChdT6,15454,25,307,1.0,15454.0,74703.0,0.206873,9.71391105e-06,0.15011878,0.86060575,0.51599416,-0.75,1.500,2.898,2.898,-0.0,1,,0,1,1,1,1,m1,1PJJAyxet5ARk1XH3GjK9tVTPH3keFUewkjkfi,004280eb28829ff2a7614cd96ccae61d2c562bfc2c87ee0ad63a2e132be24e03,946685847,946685844,3,1,1,1,109.262,312,
run4-tbt-3s,1,continentale,3,none,true,12,315,27,1,m3,1VuBTTQVFkVMQoHen4dKPJgUfqJY1ta899xaf7,8243,24,294,1.0,8243.0,74703.0,0.110344,0.000156480547,1.28986915,0.2753068,0.99999162,-0.75,1.500,4.35,4.35,-0.0,1,,0,3,3,0,0,m1,1PJJAyxet5ARk1XH3GjK9tVTPH3keFUewkjkfi,004280eb28829ff2a7614cd96ccae61d2c562bfc2c87ee0ad63a2e132be24e03,946685847,946685844,3,1,1,1,61.2025,312,
run4-tbt-3s,1,continentale,3,none,true,12,316,27,1,m1,1PJJAyxet5ARk1XH3GjK9tVTPH3keFUewkjkfi,51006,25,306,1.0,51006.0,74703.0,0.682784,3.28755787e-05,1.67685177,0.18696165,0.91421442,-0.667,1.500,4.109,4.1092,0.0002,1,,1,3,3,0,0,m1,1PJJAyxet5ARk1XH3GjK9tVTPH3keFUewkjkfi,00e254b166172bce3bbf7c9870569194944b53c8fea8d4a13c4d87ca6b8bd987,946685852,946685847,4,1,0,0,108.4761,312,11
run4-tbt-3s,1,continentale,3,none,true,12,316,27,1,m2,1VAcJXZ4zmVYXXG3RSh25pvJNoJdBeVy9ChdT6,15454,25,307,1.0,15454.0,74703.0,0.206873,1.48497318e-05,0.22948776,0.7949407,0.6702167,-0.75,1.500,3.361,3.3607,-0.0003,1,,0,1,1,1,1,m1,1PJJAyxet5ARk1XH3GjK9tVTPH3keFUewkjkfi,00e254b166172bce3bbf7c9870569194944b53c8fea8d4a13c4d87ca6b8bd987,946685852,946685847,4,1,0,0,109.262,312,
run4-tbt-3s,1,continentale,3,none,true,12,316,27,1,m3,1VuBTTQVFkVMQoHen4dKPJgUfqJY1ta899xaf7,8243,24,294,1.0,8243.0,74703.0,0.110344,2.02998384e-05,0.16733157,0.84591909,0.78051224,-0.667,1.500,3.708,3.7081,0.0001,1,,0,2,2,0,0,m1,1PJJAyxet5ARk1XH3GjK9tVTPH3keFUewkjkfi,00e254b166172bce3bbf7c9870569194944b53c8fea8d4a13c4d87ca6b8bd987,946685852,946685847,4,1,0,0,61.2025,312,
run4-tbt-3s,1,continentale,3,none,true,12,317,27,1,m1,1PJJAyxet5ARk1XH3GjK9tVTPH3keFUewkjkfi,51006,25,306,1.0,51006.0,74703.0,0.682784,1.92099619e-05,0.97982332,0.37537742,0.76189459,-0.667,1.500,3.652,3.6523,0.0003,1,,0,2,2,0,0,m3,1VuBTTQVFkVMQoHen4dKPJgUfqJY1ta899xaf7,00dc6e1519dc9e36b368bb700e5b8511c602b01b38c081947c4c26dc1afbb282,946685854,946685852,2,1,0,0,108.4761,312,
run4-tbt-3s,1,continentale,3,none,true,12,317,27,1,m2,1VAcJXZ4zmVYXXG3RSh25pvJNoJdBeVy9ChdT6,15454,25,307,1.0,15454.0,74703.0,0.206873,0.000177264543,2.73944625,0.06460611,0.99999823,-0.667,1.500,4.367,4.3666,-0.0004,1,,0,3,3,0,0,m3,1VuBTTQVFkVMQoHen4dKPJgUfqJY1ta899xaf7,00dc6e1519dc9e36b368bb700e5b8511c602b01b38c081947c4c26dc1afbb282,946685854,946685852,2,1,0,0,109.262,312,
run4-tbt-3s,1,continentale,3,none,true,12,317,27,1,m3,1VuBTTQVFkVMQoHen4dKPJgUfqJY1ta899xaf7,8243,24,294,1.0,8243.0,74703.0,0.110344,3.83845512e-06,0.03164039,0.96885493,0.2492962,-0.667,1.500,2.115,2.1145,-0.0005,1,,1,1,1,1,1,m3,1VuBTTQVFkVMQoHen4dKPJgUfqJY1ta899xaf7,00dc6e1519dc9e36b368bb700e5b8511c602b01b38c081947c4c26dc1afbb282,946685854,946685852,2,1,0,0,61.2025,312,1
run4-tbt-3s,1,continentale,3,none,true,12,318,27,1,m1,1PJJAyxet5ARk1XH3GjK9tVTPH3keFUewkjkfi,51006,25,306,1.0,51006.0,74703.0,0.682784,1.29609403e-05,0.66108572,0.51629048,0.62024202,-0.5,1.500,3.261,3.2607,-0.0003,1,,1,1,1,1,1,m1,1PJJAyxet5ARk1XH3GjK9tVTPH3keFUewkjkfi,0084b9a74f78ebd9bc80b89b2fa21bb476639862b684080603e1f1ace4c7ba6d,946685858,946685854,3,1,0,0,108.4761,312,1
run4-tbt-3s,1,continentale,3,none,true,12,318,27,1,m2,1VAcJXZ4zmVYXXG3RSh25pvJNoJdBeVy9ChdT6,15454,25,307,1.0,15454.0,74703.0,0.206873,0.000145556135,2.24942451,0.1054599,0.99998105,-0.5,1.500,4.4,4.3999,-0.0001,1,,0,3,3,0,0,m1,1PJJAyxet5ARk1XH3GjK9tVTPH3keFUewkjkfi,0084b9a74f78ebd9bc80b89b2fa21bb476639862b684080603e1f1ace4c7ba6d,946685858,946685854,3,1,0,0,109.262,312,
run4-tbt-3s,1,continentale,3,none,true,12,318,27,1,m3,1VuBTTQVFkVMQoHen4dKPJgUfqJY1ta899xaf7,8243,24,294,1.0,8243.0,74703.0,0.110344,2.71557852e-05,0.22384514,0.79943893,0.86848293,-0.5,1.500,4.005,4.0054,0.0004,1,,0,2,2,0,0,m1,1PJJAyxet5ARk1XH3GjK9tVTPH3keFUewkjkfi,0084b9a74f78ebd9bc80b89b2fa21bb476639862b684080603e1f1ace4c7ba6d,946685858,946685854,3,1,0,0,61.2025,312,
run4-tbt-3s,1,continentale,3,none,true,12,319,27,1,m1,1PJJAyxet5ARk1XH3GjK9tVTPH3keFUewkjkfi,44404,26,318,1.0,44404.0,66606.0,0.666667,4.1245624e-06,0.18314707,0.83264569,0.24021563,-0.667,1.500,2.087,2.0872,0.0002,1,,1,1,1,1,1,m1,1PJJAyxet5ARk1XH3GjK9tVTPH3keFUewkjkfi,00ce1ff50c7d836562c805f243d3d7773827d9c7f8816309469573bb87ea1376,946685861,946685858,2,1,0,0,108.4761,312,2
run4-tbt-3s,1,continentale,3,none,true,12,319,27,1,m2,1VAcJXZ4zmVYXXG3RSh25pvJNoJdBeVy9ChdT6,18080,26,318,1.0,18080.0,66606.0,0.271447,4.22168543e-05,0.76328073,0.46613466,0.93990904,-0.667,1.500,4.186,4.1863,0.0003,1,,0,2,2,0,0,m1,1PJJAyxet5ARk1XH3GjK9tVTPH3keFUewkjkfi,00ce1ff50c7d836562c805f243d3d7773827d9c7f8816309469573bb87ea1376,946685861,946685858,2,1,0,0,109.262,312,
run4-tbt-3s,1,continentale,3,none,true,12,319,27,1,m3,1VuBTTQVFkVMQoHen4dKPJgUfqJY1ta899xaf7,4122,26,318,1.0,4122.0,66606.0,0.061886,0.000156035908,0.64318001,0.52561829,0.99996935,-0.667,1.500,4.367,4.3665,-0.0005,1,,0,3,3,0,0,m1,1PJJAyxet5ARk1XH3GjK9tVTPH3keFUewkjkfi,00ce1ff50c7d836562c805f243d3d7773827d9c7f8816309469573bb87ea1376,946685861,946685858,2,1,0,0,61.2025,312,
run4-tbt-3s,1,continentale,3,none,true,12,320,27,1,m1,1PJJAyxet5ARk1XH3GjK9tVTPH3keFUewkjkfi,44404,26,318,1.0,44404.0,66606.0,0.666667,2.72813511e-05,1.21140111,0.29777976,0.83750396,-0.667,1.500,3.879,3.8791,0.0001,1,,0,3,3,0,0,m2,1VAcJXZ4zmVYXXG3RSh25pvJNoJdBeVy9ChdT6,00cf2c2f5707b7495bddda8ec2ff639f8e3a947710d8cae8d137080aa5d65031,946685863,946685861,1,1,0,0,108.4761,312,
run4-tbt-3s,1,continentale,3,none,true,12,320,27,1,m2,1VAcJXZ4zmVYXXG3RSh25pvJNoJdBeVy9ChdT6,18080,26,318,1.0,18080.0,66606.0,0.271447,9.88399947e-07,0.01787027,0.98228846,0.06371313,-0.667,1.500,1.558,1.5577,-0.0003,1,,1,1,1,1,1,m2,1VAcJXZ4zmVYXXG3RSh25pvJNoJdBeVy9ChdT6,00cf2c2f5707b7495bddda8ec2ff639f8e3a947710d8cae8d137080aa5d65031,946685863,946685861,1,1,0,0,109.262,312,1
run4-tbt-3s,1,continentale,3,none,true,12,320,27,1,m3,1VuBTTQVFkVMQoHen4dKPJgUfqJY1ta899xaf7,4122,26,318,1.0,4122.0,66606.0,0.061886,2.18285567e-06,0.00899773,0.99104263,0.13531611,-0.667,1.500,1.773,1.7725,-0.0005,1,,0,2,2,0,0,m2,1VAcJXZ4zmVYXXG3RSh25pvJNoJdBeVy9ChdT6,00cf2c2f5707b7495bddda8ec2ff639f8e3a947710d8cae8d137080aa5d65031,946685863,946685861,1,1,0,0,61.2025,312,
run4-tbt-3s,1,continentale,3,none,true,12,321,27,1,m1,1PJJAyxet5ARk1XH3GjK9tVTPH3keFUewkjkfi,44404,26,318,1.0,44404.0,66606.0,0.666667,7.18149701e-05,3.18887193,0.04121834,0.99163173,-0.5,1.500,4.375,4.3749,-0.0001,1,,0,2,2,0,0,m2,1VAcJXZ4zmVYXXG3RSh25pvJNoJdBeVy9ChdT6,00357bcdf5b32a7442c4743f80f02d5ec0cda3392e4342a81ced9116f7f3a666,946685866,946685863,2,1,0,0,8.1814,321,
run4-tbt-3s,1,continentale,3,none,true,12,321,27,1,m2,1VAcJXZ4zmVYXXG3RSh25pvJNoJdBeVy9ChdT6,18080,26,318,1.0,18080.0,66606.0,0.271447,4.25263782e-06,0.07688769,0.92599384,0.24666947,-0.5,1.500,2.14,2.14,0.0,1,,1,1,1,1,1,m2,1VAcJXZ4zmVYXXG3RSh25pvJNoJdBeVy9ChdT6,00357bcdf5b32a7442c4743f80f02d5ec0cda3392e4342a81ced9116f7f3a666,946685866,946685863,2,1,0,0,44.7834,321,2
run4-tbt-3s,1,continentale,3,none,true,12,321,27,1,m3,1VuBTTQVFkVMQoHen4dKPJgUfqJY1ta899xaf7,4122,26,318,1.0,4122.0,66606.0,0.061886,0.000146319753,0.60313002,0.54709653,0.99994146,-0.5,1.500,4.4,4.3998,-0.0002,1,,0,3,3,0,0,m2,1VAcJXZ4zmVYXXG3RSh25pvJNoJdBeVy9ChdT6,00357bcdf5b32a7442c4743f80f02d5ec0cda3392e4342a81ced9116f7f3a666,946685866,946685863,2,1,0,0,49.297,321,
run4-tbt-3s,1,continentale,3,none,true,12,322,27,1,m1,1PJJAyxet5ARk1XH3GjK9tVTPH3keFUewkjkfi,44404,26,318,1.0,44404.0,66606.0,0.666667,3.16269198e-05,1.40436175,0.24552371,0.87834214,-0.417,1.500,4.052,4.0516,-0.0004,1,,0,1,1,1,1,m2,1VAcJXZ4zmVYXXG3RSh25pvJNoJdBeVy9ChdT6,00db0682c8bb233869382cb2878bded1014619438aa8753b482d4b966c7b1865,946685870,946685866,4,1,0,0,8.1814,321,
run4-tbt-3s,1,continentale,3,none,true,12,322,27,1,m2,1VAcJXZ4zmVYXXG3RSh25pvJNoJdBeVy9ChdT6,18080,26,318,1.0,18080.0,66606.0,0.271447,4.11509603e-05,0.74400936,0.47520482,0.9354878,-0.417,1.500,4.223,4.2231,0.0001,1,,1,2,2,0,0,m2,1VAcJXZ4zmVYXXG3RSh25pvJNoJdBeVy9ChdT6,00db0682c8bb233869382cb2878bded1014619438aa8753b482d4b966c7b1865,946685870,946685866,4,1,0,0,44.7834,321,3
run4-tbt-3s,1,continentale,3,none,true,12,322,27,1,m3,1VuBTTQVFkVMQoHen4dKPJgUfqJY1ta899xaf7,4122,26,318,1.0,4122.0,66606.0,0.061886,0.000110234448,0.45438639,0.63483739,0.99935242,-0.417,1.500,4.415,4.4147,-0.0003,1,,0,3,3,0,0,m2,1VAcJXZ4zmVYXXG3RSh25pvJNoJdBeVy9ChdT6,00db0682c8bb233869382cb2878bded1014619438aa8753b482d4b966c7b1865,946685870,946685866,4,1,0,0,49.297,321,
run4-tbt-3s,1,continentale,3,none,true,12,323,27,1,m1,1PJJAyxet5ARk1XH3GjK9tVTPH3keFUewkjkfi,44404,26,318,1.0,44404.0,66606.0,0.666667,9.41503222e-05,4.18065091,0.01528855,0.99810962,-0.417,1.500,4.411,4.4109,-0.0001,1,,0,2,2,0,0,m2,1VAcJXZ4zmVYXXG3RSh25pvJNoJdBeVy9ChdT6,0065312298e4956cd46a815ede6412fecb5768cc401852c0ca5f2c6caa5c1cb6,946685874,946685870,3,1,0,0,8.1814,321,
run4-tbt-3s,1,continentale,3,none,true,12,323,27,1,m2,1VAcJXZ4zmVYXXG3RSh25pvJNoJdBeVy9ChdT6,18080,26,318,1.0,18080.0,66606.0,0.271447,2.57966418e-05,0.46640328,0.62725427,0.82061324,-0.417,1.500,3.879,3.8784,-0.0006,1,,1,1,1,1,1,m2,1VAcJXZ4zmVYXXG3RSh25pvJNoJdBeVy9ChdT6,0065312298e4956cd46a815ede6412fecb5768cc401852c0ca5f2c6caa5c1cb6,946685874,946685870,3,1,0,0,44.7834,321,4
run4-tbt-3s,1,continentale,3,none,true,12,323,27,1,m3,1VuBTTQVFkVMQoHen4dKPJgUfqJY1ta899xaf7,4122,26,318,1.0,4122.0,66606.0,0.061886,0.000154037867,0.63494409,0.52996512,0.99996499,-0.417,1.500,4.417,4.4165,-0.0005,1,,0,3,3,0,0,m2,1VAcJXZ4zmVYXXG3RSh25pvJNoJdBeVy9ChdT6,0065312298e4956cd46a815ede6412fecb5768cc401852c0ca5f2c6caa5c1cb6,946685874,946685870,3,1,0,0,49.297,321,
run4-tbt-3s,1,continentale,3,none,true,12,324,28,1,m1,1PJJAyxet5ARk1XH3GjK9tVTPH3keFUewkjkfi,44404,26,318,1.0,44404.0,66606.0,0.666667,3.2993272e-05,1.46503325,0.23107031,0.88892503,-0.417,1.500,4.083,4.0834,0.0004,1,,1,2,2,0,0,m1,1PJJAyxet5ARk1XH3GjK9tVTPH3keFUewkjkfi,00bb0184fd24a23290bcea4a830c89b71f50d531741c63f47983ef52671de14d,946685879,946685874,4,1,1,2,8.1814,321,1
run4-tbt-3s,1,continentale,3,none,true,12,324,28,1,m2,1VAcJXZ4zmVYXXG3RSh25pvJNoJdBeVy9ChdT6,18080,26,318,1.0,18080.0,66606.0,0.271447,0.000107949134,1.95172034,0.14202952,0.99924596,-0.417,1.500,4.414,4.4143,0.0003,1,,0,3,3,0,0,m1,1PJJAyxet5ARk1XH3GjK9tVTPH3keFUewkjkfi,00bb0184fd24a23290bcea4a830c89b71f50d531741c63f47983ef52671de14d,946685879,946685874,4,1,1,2,44.7834,321,
run4-tbt-3s,1,continentale,3,none,true,12,324,28,1,m3,1VuBTTQVFkVMQoHen4dKPJgUfqJY1ta899xaf7,4122,26,318,1.0,4122.0,66606.0,0.061886,3.17405987e-05,0.13083475,0.87736275,0.87925982,-0.417,1.500,4.054,4.0544,0.0004,1,,0,1,1,1,1,m1,1PJJAyxet5ARk1XH3GjK9tVTPH3keFUewkjkfi,00bb0184fd24a23290bcea4a830c89b71f50d531741c63f47983ef52671de14d,946685879,946685874,4,1,1,2,49.297,321,
run4-tbt-3s,1,continentale,3,none,true,12,325,28,1,m1,1PJJAyxet5ARk1XH3GjK9tVTPH3keFUewkjkfi,44404,26,318,1.0,44404.0,66606.0,0.666667,3.9841041e-05,1.76910158,0.17048609,0.92960636,-0.417,1.500,4.205,4.2054,0.0004,1,,1,2,2,0,0,m1,1PJJAyxet5ARk1XH3GjK9tVTPH3keFUewkjkfi,00ac089bc5f7c2bdeff4e9ff33b7d6f4ec4efc5e114bccbb1f7996420dbcdc69,946685884,946685879,4,1,0,0,8.1814,321,2
run4-tbt-3s,1,continentale,3,none,true,12,325,28,1,m2,1VAcJXZ4zmVYXXG3RSh25pvJNoJdBeVy9ChdT6,18080,26,318,1.0,18080.0,66606.0,0.271447,2.69925071e-05,0.48802453,0.61383782,0.83434748,-0.5,1.500,3.903,3.903,0.0,1,,0,1,1,1,1,m1,1PJJAyxet5ARk1XH3GjK9tVTPH3keFUewkjkfi,00ac089bc5f7c2bdeff4e9ff33b7d6f4ec4efc5e114bccbb1f7996420dbcdc69,946685884,946685879,4,1,0,0,44.7834,321,
run4-tbt-3s,1,continentale,3,none,true,12,325,28,1,m3,1VuBTTQVFkVMQoHen4dKPJgUfqJY1ta899xaf7,4122,26,318,1.0,4122.0,66606.0,0.061886,0.000344577866,1.42034996,0.24162944,1.0,-0.5,1.500,4.4,4.4,-0.0,1,,0,3,3,0,0,m1,1PJJAyxet5ARk1XH3GjK9tVTPH3keFUewkjkfi,00ac089bc5f7c2bdeff4e9ff33b7d6f4ec4efc5e114bccbb1f7996420dbcdc69,946685884,946685879,4,1,0,0,49.297,321,
run4-tbt-3s,1,continentale,3,none,true,12,326,28,1,m1,1PJJAyxet5ARk1XH3GjK9tVTPH3keFUewkjkfi,44404,26,318,1.0,44404.0,66606.0,0.666667,5.18618569e-06,0.23028739,0.79430529,0.29208488,-0.583,1.500,2.26,2.2597,-0.0003,1,,1,1,1,1,1,m1,1PJJAyxet5ARk1XH3GjK9tVTPH3keFUewkjkfi,0089346bc8e524a27993ad19fed76990573290318d9cc71d9a56f85f5d8107f9,946685887,946685884,2,1,0,0,8.1814,321,3
run4-tbt-3s,1,continentale,3,none,true,12,326,28,1,m2,1VAcJXZ4zmVYXXG3RSh25pvJNoJdBeVy9ChdT6,18080,26,318,1.0,18080.0,66606.0,0.271447,4.6960804e-05,0.84905134,0.4278206,0.95618904,-0.583,1.500,4.252,4.252,-0.0,1,,0,3,3,0,0,m1,1PJJAyxet5ARk1XH3GjK9tVTPH3keFUewkjkfi,0089346bc8e524a27993ad19fed76990573290318d9cc71d9a56f85f5d8107f9,946685887,946685884,2,1,0,0,44.7834,321,
run4-tbt-3s,1,continentale,3,none,true,12,326,28,1,m3,1VuBTTQVFkVMQoHen4dKPJgUfqJY1ta899xaf7,4122,26,318,1.0,4122.0,66606.0,0.061886,2.59931404e-05,0.10714372,0.89839654,0.82294575,-0.583,1.500,3.852,3.8522,0.0002,1,,0,2,2,0,0,m1,1PJJAyxet5ARk1XH3GjK9tVTPH3keFUewkjkfi,0089346bc8e524a27993ad19fed76990573290318d9cc71d9a56f85f5d8107f9,946685887,946685884,2,1,0,0,49.297,321,
run4-tbt-3s,1,continentale,3,none,true,12,327,28,1,m1,1PJJAyxet5ARk1XH3GjK9tVTPH3keFUewkjkfi,44404,26,318,1.0,44404.0,66606.0,0.666667,3.56502957e-05,1.58301573,0.20535487,0.90694119,-0.583,1.500,4.104,4.1042,0.0002,1,,1,2,2,0,0,m1,1PJJAyxet5ARk1XH3GjK9tVTPH3keFUewkjkfi,004a68162b15d2c0f72d3931e682ced1ad1a0773b4f00564073b0dfa49ca1224,946685892,946685887,4,1,0,0,8.1814,321,4
run4-tbt-3s,1,continentale,3,none,true,12,327,28,1,m2,1VAcJXZ4zmVYXXG3RSh25pvJNoJdBeVy9ChdT6,18080,26,318,1.0,18080.0,66606.0,0.271447,2.91278663e-05,0.52663182,0.59059084,0.85630908,-0.583,1.500,3.952,3.9523,0.0003,1,,0,1,1,1,1,m1,1PJJAyxet5ARk1XH3GjK9tVTPH3keFUewkjkfi,004a68162b15d2c0f72d3931e682ced1ad1a0773b4f00564073b0dfa49ca1224,946685892,946685887,4,1,0,0,44.7834,321,
run4-tbt-3s,1,continentale,3,none,true,12,327,28,1,m3,1VuBTTQVFkVMQoHen4dKPJgUfqJY1ta899xaf7,4122,26,318,1.0,4122.0,66606.0,0.061886,0.000158307325,0.65254279,0.52072001,0.99997365,-0.583,1.500,4.383,4.3833,0.0003,1,,0,3,3,0,0,m1,1PJJAyxet5ARk1XH3GjK9tVTPH3keFUewkjkfi,004a68162b15d2c0f72d3931e682ced1ad1a0773b4f00564073b0dfa49ca1224,946685892,946685887,4,1,0,0,49.297,321,
run4-tbt-3s,1,continentale,3,none,true,12,328,28,1,m1,1PJJAyxet5ARk1XH3GjK9tVTPH3keFUewkjkfi,44404,26,318,1.0,44404.0,66606.0,0.666667,1.84171727e-06,0.08177961,0.92147502,0.11544397,-0.75,1.500,1.696,1.6963,0.0003,1,,1,1,1,1,1,m1,1PJJAyxet5ARk1XH3GjK9tVTPH3keFUewkjkfi,00ee44a0a77c6eb88612f1b921d3d81ac218b8ecd217ffac53a3c13b078ccb32,946685894,946685892,1,1,0,0,8.1814,321,5
run4-tbt-3s,1,continentale,3,none,true,12,328,28,1,m2,1VAcJXZ4zmVYXXG3RSh25pvJNoJdBeVy9ChdT6,18080,26,318,1.0,18080.0,66606.0,0.271447,3.5295348e-05,0.63813989,0.52827416,0.90471491,-0.75,1.500,4.064,4.0641,0.0001,1,,0,2,2,0,0,m1,1PJJAyxet5ARk1XH3GjK9tVTPH3keFUewkjkfi,00ee44a0a77c6eb88612f1b921d3d81ac218b8ecd217ffac53a3c13b078ccb32,946685894,946685892,1,1,0,0,44.7834,321,
run4-tbt-3s,1,continentale,3,none,true,12,328,28,1,m3,1VuBTTQVFkVMQoHen4dKPJgUfqJY1ta899xaf7,4122,26,318,1.0,4122.0,66606.0,0.061886,0.000102360523,0.42193008,0.65577989,0.9989059,-0.75,1.500,4.347,4.3467,-0.0003,1,,0,3,3,0,0,m1,1PJJAyxet5ARk1XH3GjK9tVTPH3keFUewkjkfi,00ee44a0a77c6eb88612f1b921d3d81ac218b8ecd217ffac53a3c13b078ccb32,946685894,946685892,1,1,0,0,49.297,321,
run4-tbt-3s,1,continentale,3,none,true,12,329,28,1,m1,1PJJAyxet5ARk1XH3GjK9tVTPH3keFUewkjkfi,44404,26,318,1.0,44404.0,66606.0,0.666667,3.54521065e-05,1.57421534,0.20717005,0.90570461,-0.5,1.500,4.117,4.1171,0.0001,1,,0,2,2,0,0,m2,1VAcJXZ4zmVYXXG3RSh25pvJNoJdBeVy9ChdT6,002551dc76ff4d208cee0d66366d1b38f0f91f1e01e18fde63bb35e4c6855792,946685897,946685894,2,1,0,0,7.6821,329,
run4-tbt-3s,1,continentale,3,none,true,12,329,28,1,m2,1VAcJXZ4zmVYXXG3RSh25pvJNoJdBeVy9ChdT6,18080,26,318,1.0,18080.0,66606.0,0.271447,1.08947326e-05,0.19697677,0.82120971,0.51599235,-0.5,1.500,2.948,2.948,-0.0,1,,1,1,1,1,1,m2,1VAcJXZ4zmVYXXG3RSh25pvJNoJdBeVy9ChdT6,002551dc76ff4d208cee0d66366d1b38f0f91f1e01e18fde63bb35e4c6855792,946685897,946685894,2,1,0,0,18.9592,329,1
run4-tbt-3s,1,continentale,3,none,true,12,329,28,1,m3,1VuBTTQVFkVMQoHen4dKPJgUfqJY1ta899xaf7,4122,26,318,1.0,4122.0,66606.0,0.061886,0.000186369097,0.76821342,0.46384102,0.99999594,-0.5,1.500,4.4,4.4,-0.0,1,,0,3,3,0,0,m2,1VAcJXZ4zmVYXXG3RSh25pvJNoJdBeVy9ChdT6,002551dc76ff4d208cee0d66366d1b38f0f91f1e01e18fde63bb35e4c6855792,946685897,946685894,2,1,0,0,39.6868,329,
run4-tbt-3s,1,continentale,3,none,true,12,330,28,1,m1,1PJJAyxet5ARk1XH3GjK9tVTPH3keFUewkjkfi,44404,26,318,1.0,44404.0,66606.0,0.666667,6.84849108e-05,3.04100398,0.04778689,0.98955368,-0.583,1.500,4.352,4.3521,0.0001,1,,0,3,3,0,0,m2,1VAcJXZ4zmVYXXG3RSh25pvJNoJdBeVy9ChdT6,00827a70e65895a5ea98d617b3b2ec7f2b9e6cb38318d1a6daa40616f12b9ab3,946685902,946685897,3,1,0,0,7.6821,329,
run4-tbt-3s,1,continentale,3,none,true,12,330,28,1,m2,1VAcJXZ4zmVYXXG3RSh25pvJNoJdBeVy9ChdT6,18080,26,318,1.0,18080.0,66606.0,0.271447,1.62721904e-05,0.2942012,0.74512656,0.66170112,-0.583,1.500,3.368,3.3685,0.0005,1,,1,1,1,1,1,m2,1VAcJXZ4zmVYXXG3RSh25pvJNoJdBeVy9ChdT6,00827a70e65895a5ea98d617b3b2ec7f2b9e6cb38318d1a6daa40616f12b9ab3,946685902,946685897,3,1,0,0,18.9592,329,2
run4-tbt-3s,1,continentale,3,none,true,12,330,28,1,m3,1VuBTTQVFkVMQoHen4dKPJgUfqJY1ta899xaf7,4122,26,318,1.0,4122.0,66606.0,0.061886,4.95331382e-05,0.2041756,0.81531919,0.96308747,-0.583,1.500,4.273,4.2727,-0.0003,1,,0,2,2,0,0,m2,1VAcJXZ4zmVYXXG3RSh25pvJNoJdBeVy9ChdT6,00827a70e65895a5ea98d617b3b2ec7f2b9e6cb38318d1a6daa40616f12b9ab3,946685902,946685897,3,1,0,0,39.6868,329,
run4-tbt-3s,1,continentale,3,none,true,12,331,28,1,m1,1PJJAyxet5ARk1XH3GjK9tVTPH3keFUewkjkfi,51006,27,330,1.0,51006.0,74703.0,0.682784,1.6913257e-05,0.86267759,0.42203054,0.71732884,-0.667,1.500,3.519,3.5186,-0.0004,1,,0,1,1,1,1,m2,1VAcJXZ4zmVYXXG3RSh25pvJNoJdBeVy9ChdT6,008c51e361e590286b277f2d1561b164d29e053bca1a3fabcf43457309836510,946685906,946685902,4,1,0,0,7.6821,329,
run4-tbt-3s,1,continentale,3,none,true,12,331,28,1,m2,1VAcJXZ4zmVYXXG3RSh25pvJNoJdBeVy9ChdT6,15454,27,330,1.0,15454.0,74703.0,0.206873,3.27689896e-05,0.50641197,0.60265405,0.91352862,-0.667,1.500,4.107,4.1072,0.0002,1,,1,2,2,0,0,m2,1VAcJXZ4zmVYXXG3RSh25pvJNoJdBeVy9ChdT6,008c51e361e590286b277f2d1561b164d29e053bca1a3fabcf43457309836510,946685906,946685902,4,1,0,0,18.9592,329,3
run4-tbt-3s,1,continentale,3,none,true,12,331,28,1,m3,1VuBTTQVFkVMQoHen4dKPJgUfqJY1ta899xaf7,8243,27,330,1.0,8243.0,74703.0,0.110344,5.51658982e-05,0.4547325,0.63461771,0.98377266,-0.667,1.500,4.318,4.3179,-0.0001,1,,0,3,3,0,0,m2,1VAcJXZ4zmVYXXG3RSh25pvJNoJdBeVy9ChdT6,008c51e361e590286b277f2d1561b164d29e053bca1a3fabcf43457309836510,946685906,946685902,4,1,0,0,39.6868,329,
run4-tbt-3s,1,continentale,3,none,true,12,332,28,1,m1,1PJJAyxet5ARk1XH3GjK9tVTPH3keFUewkjkfi,51006,27,330,1.0,51006.0,74703.0,0.682784,1.68351558e-05,0.85869396,0.42371511,0.71567481,-0.75,1.500,3.497,3.497,0.0,1,,0,2,2,0,0,m2,1VAcJXZ4zmVYXXG3RSh25pvJNoJdBeVy9ChdT6,002de0b254532814b37ad4d3369d33744d8f40c26f9e716a035f9163c806aa8f,946685910,946685906,2,1,0,0,7.6821,329,
run4-tbt-3s,1,continentale,3,none,true,12,332,28,1,m2,1VAcJXZ4zmVYXXG3RSh25pvJNoJdBeVy9ChdT6,15454,27,330,1.0,15454.0,74703.0,0.206873,7.77098965e-06,0.12009287,0.88683807,0.4403906,-0.75,1.500,2.671,2.6712,0.0002,1,,1,1,1,1,1,m2,1VAcJXZ4zmVYXXG3RSh25pvJNoJdBeVy9ChdT6,002de0b254532814b37ad4d3369d33744d8f40c26f9e716a035f9163c806aa8f,946685910,946685906,2,1,0,0,18.9592,329,4
run4-tbt-3s,1,continentale,3,none,true,12,332,28,1,m3,1VuBTTQVFkVMQoHen4dKPJgUfqJY1ta899xaf7,8243,27,330,1.0,8243.0,74703.0,0.110344,1.82998335e-05,0.15084553,0.85998053,0.74514295,-0.75,1.500,3.585,3.5854,0.0004,1,,0,3,3,0,0,m2,1VAcJXZ4zmVYXXG3RSh25pvJNoJdBeVy9ChdT6,002de0b254532814b37ad4d3369d33744d8f40c26f9e716a035f9163c806aa8f,946685910,946685906,2,1,0,0,39.6868,329,
run4-tbt-3s,1,continentale,3,none,true,12,333,28,1,m1,1PJJAyxet5ARk1XH3GjK9tVTPH3keFUewkjkfi,51006,27,330,1.0,51006.0,74703.0,0.682784,3.25710343e-05,1.66131818,0.18988851,0.9122404,-0.917,1.500,4.053,4.0533,0.0003,1,,0,2,2,0,0,m2,1VAcJXZ4zmVYXXG3RSh25pvJNoJdBeVy9ChdT6,00f376a99ce263cb3757ec891cab73b3d740ffeae1595e71b622882020f02dfd,946685913,946685910,3,1,0,0,7.6821,329,
run4-tbt-3s,1,continentale,3,none,true,12,333,28,1,m2,1VAcJXZ4zmVYXXG3RSh25pvJNoJdBeVy9ChdT6,15454,27,330,1.0,15454.0,74703.0,0.206873,1.23073088e-05,0.19019715,0.82679611,0.60123894,-0.917,1.500,3.12,3.1203,0.0003,1,,1,1,1,1,1,m2,1VAcJXZ4zmVYXXG3RSh25pvJNoJdBeVy9ChdT6,00f376a99ce263cb3757ec891cab73b3d740ffeae1595e71b622882020f02dfd,946685913,946685910,3,1,0,0,18.9592,329,5
run4-tbt-3s,1,continentale,3,none,true,12,333,28,1,m3,1VuBTTQVFkVMQoHen4dKPJgUfqJY1ta899xaf7,8243,27,330,1.0,8243.0,74703.0,0.110344,6.73816147e-05,0.55542665,0.57382739,0.99348474,-0.917,1.500,4.297,4.2971,0.0001,1,,0,3,3,0,0,m2,1VAcJXZ4zmVYXXG3RSh25pvJNoJdBeVy9ChdT6,00f376a99ce263cb3757ec891cab73b3d740ffeae1595e71b622882020f02dfd,946685913,946685910,3,1,0,0,39.6868,329,
run4-tbt-3s,1,continentale,3,none,true,12,334,28,1,m1,1PJJAyxet5ARk1XH3GjK9tVTPH3keFUewkjkfi,51006,27,330,1.0,51006.0,74703.0,0.682784,7.20279996e-05,3.67386015,0.02537832,0.99539544,-0.917,1.500,4.303,4.3028,-0.0002,1,,0,3,3,0,0,m2,1VAcJXZ4zmVYXXG3RSh25pvJNoJdBeVy9ChdT6,00e0d2b77fdab89dbd81035ebd5bfeb89a69a73d98a9213e14a1fb62ef33d1f7,946685916,946685913,2,1,0,0,7.6821,329,
run4-tbt-3s,1,continentale,3,none,true,12,334,28,1,m2,1VAcJXZ4zmVYXXG3RSh25pvJNoJdBeVy9ChdT6,15454,27,330,1.0,15454.0,74703.0,0.206873,9.38217453e-06,0.14499213,0.86502911,0.5038498,-0.917,1.500,2.828,2.8281,0.0001,1,,1,1,1,1,1,m2,1VAcJXZ4zmVYXXG3RSh25pvJNoJdBeVy9ChdT6,00e0d2b77fdab89dbd81035ebd5bfeb89a69a73d98a9213e14a1fb62ef33d1f7,946685916,946685913,2,1,0,0,18.9592,329,6
run4-tbt-3s,1,continentale,3,none,true,12,334,28,1,m3,1VuBTTQVFkVMQoHen4dKPJgUfqJY1ta899xaf7,8243,27,330,1.0,8243.0,74703.0,0.110344,6.43632792e-05,0.53054651,0.58828338,0.99183689,-0.917,1.500,4.292,4.2921,0.0001,1,,0,2,2,0,0,m2,1VAcJXZ4zmVYXXG3RSh25pvJNoJdBeVy9ChdT6,00e0d2b77fdab89dbd81035ebd5bfeb89a69a73d98a9213e14a1fb62ef33d1f7,946685916,946685913,2,1,0,0,39.6868,329,
run4-tbt-3s,1,continentale,3,none,true,12,335,28,1,m1,1PJJAyxet5ARk1XH3GjK9tVTPH3keFUewkjkfi,51006,27,330,1.0,51006.0,74703.0,0.682784,9.73526059e-06,0.4965567,0.60862273,0.51676547,-0.833,1.500,2.884,2.8837,-0.0003,1,,1,1,1,1,1,m1,1PJJAyxet5ARk1XH3GjK9tVTPH3keFUewkjkfi,00e0a7c96e54df8f1bd44de2a2802c2d990f9eab53cfdd150c213db9b40986fb,946685920,946685916,2,1,0,0,7.6821,329,1
run4-tbt-3s,1,continentale,3,none,true,12,335,28,1,m2,1VAcJXZ4zmVYXXG3RSh25pvJNoJdBeVy9ChdT6,15454,27,330,1.0,15454.0,74703.0,0.206873,9.72586759e-05,1.50303558,0.22245386,0.99930076,-0.833,1.500,4.331,4.3313,0.0003,1,,0,2,2,0,0,m1,1PJJAyxet5ARk1XH3GjK9tVTPH3keFUewkjkfi,00e0a7c96e54df8f1bd44de2a2802c2d990f9eab53cfdd150c213db9b40986fb,946685920,946685916,2,1,0,0,18.9592,329,
run4-tbt-3s,1,continentale,3,none,true,12,335,28,1,m3,1VuBTTQVFkVMQoHen4dKPJgUfqJY1ta899xaf7,8243,27,330,1.0,8243.0,74703.0,0.110344,0.000173545424,1.43053493,0.23918094,0.99999766,-0.833,1.500,4.333,4.3334,0.0004,1,,0,3,3,0,0,m1,1PJJAyxet5ARk1XH3GjK9tVTPH3keFUewkjkfi,00e0a7c96e54df8f1bd44de2a2802c2d990f9eab53cfdd150c213db9b40986fb,946685920,946685916,2,1,0,0,39.6868,329,
run4-tbt-3s,1,continentale,3,none,true,12,336,29,1,m1,1PJJAyxet5ARk1XH3GjK9tVTPH3keFUewkjkfi,51006,27,330,1.0,51006.0,74703.0,0.682784,2.56156121e-05,1.30654991,0.27075257,0.8524463,-0.833,1.500,3.891,3.8907,-0.0003,1,,1,1,1,1,1,m1,1PJJAyxet5ARk1XH3GjK9tVTPH3keFUewkjkfi,00922bffb3fdec048af3bf28f2ea84bdeaa898380e91254a645b13952c94fe49,946685925,946685920,3,1,0,0,7.6821,329,2
run4-tbt-3s,1,continentale,3,none,true,12,336,29,1,m2,1VAcJXZ4zmVYXXG3RSh25pvJNoJdBeVy9ChdT6,15454,27,330,1.0,15454.0,74703.0,0.206873,5.16822632e-05,0.7986977,0.44991451,0.97894927,-0.833,1.500,4.27,4.2702,0.0002,1,,0,2,2,0,0,m1,1PJJAyxet5ARk1XH3GjK9tVTPH3keFUewkjkfi,00922bffb3fdec048af3bf28f2ea84bdeaa898380e91254a645b13952c94fe49,946685925,946685920,3,1,0,0,18.9592,329,
run4-tbt-3s,1,continentale,3,none,true,12,336,29,1,m3,1VuBTTQVFkVMQoHen4dKPJgUfqJY1ta899xaf7,8243,27,330,1.0,8243.0,74703.0,0.110344,0.000341155082,2.81214134,0.06007621,1.0,-0.833,1.500,4.333,4.3334,0.0004,1,,0,3,3,0,0,m1,1PJJAyxet5ARk1XH3GjK9tVTPH3keFUewkjkfi,00922bffb3fdec048af3bf28f2ea84bdeaa898380e91254a645b13952c94fe49,946685925,946685920,3,1,0,0,39.6868,329,
run4-tbt-3s,1,continentale,3,none,true,12,337,29,1,m1,1PJJAyxet5ARk1XH3GjK9tVTPH3keFUewkjkfi,51006,27,330,1.0,51006.0,74703.0,0.682784,2.51165565e-05,1.28109508,0.27773299,0.84684153,-0.833,1.500,3.874,3.8739,-0.0001,1,,1,1,1,1,1,m1,1PJJAyxet5ARk1XH3GjK9tVTPH3keFUewkjkfi,0041f24c1de74ff865e5620d7c7e059a59472aa0a28908e6852a3064173492a2,946685929,946685925,3,1,0,0,7.0167,337,3
run4-tbt-3s,1,continentale,3,none,true,12,337,29,1,m2,1VAcJXZ4zmVYXXG3RSh25pvJNoJdBeVy9ChdT6,15454,27,330,1.0,15454.0,74703.0,0.206873,0.000221401048,3.4215318,0.03266236,0.99999993,-0.833,1.500,4.333,4.3334,0.0004,1,,0,3,3,0,0,m1,1PJJAyxet5ARk1XH3GjK9tVTPH3keFUewkjkfi,0041f24c1de74ff865e5620d7c7e059a59472aa0a28908e6852a3064173492a2,946685929,946685925,3,1,0,0,49.1174,337,
run4-tbt-3s,1,continentale,3,none,true,12,337,29,1,m3,1VuBTTQVFkVMQoHen4dKPJgUfqJY1ta899xaf7,8243,27,330,1.0,8243.0,74703.0,0.110344,9.15893894e-05,0.75497134,0.47002409,0.99893204,-0.833,1.500,4.33,4.3302,0.0002,1,,0,2,2,0,0,m1,1PJJAyxet5ARk1XH3GjK9tVTPH3keFUewkjkfi,0041f24c1de74ff865e5620d7c7e059a59472aa0a28908e6852a3064173492a2,946685929,946685925,3,1,0,0,32.1044,337,
run4-tbt-3s,1,continentale,3,none,true,12,338,29,1,m1,1PJJAyxet5ARk1XH3GjK9tVTPH3keFUewkjkfi,51006,27,330,1.0,51006.0,74703.0,0.682784,1.92509686e-05,0.9819149,0.3745931,0.76262286,-0.75,1.500,3.638,3.6379,-0.0001,1,,0,2,2,0,0,m2,1VAcJXZ4zmVYXXG3RSh25pvJNoJdBeVy9ChdT6,00728b70155a595c18c826b6269da06001402efdefe04d4904e252f71c3c2cce,946685933,946685929,2,1,0,0,7.0167,337,
run4-tbt-3s,1,continentale,3,none,true,12,338,29,1,m2,1VAcJXZ4zmVYXXG3RSh25pvJNoJdBeVy9ChdT6,15454,27,330,1.0,15454.0,74703.0,0.206873,8.37743226e-06,0.12946484,0.87856548,0.46517694,-0.75,1.500,2.746,2.7455,-0.0005,1,,1,1,1,1,1,m2,1VAcJXZ4zmVYXXG3RSh25pvJNoJdBeVy9ChdT6,00728b70155a595c18c826b6269da06001402efdefe04d4904e252f71c3c2cce,946685933,946685929,2,1,0,0,49.1174,337,1
run4-tbt-3s,1,continentale,3,none,true,12,338,29,1,m3,1VuBTTQVFkVMQoHen4dKPJgUfqJY1ta899xaf7,8243,27,330,1.0,8243.0,74703.0,0.110344,6.59287775e-05,0.54345091,0.5807407,0.99273784,-0.75,1.500,4.328,4.3282,0.0002,1,,0,3,3,0,0,m2,1VAcJXZ4zmVYXXG3RSh25pvJNoJdBeVy9ChdT6,00728b70155a595c18c826b6269da06001402efdefe04d4904e252f71c3c2cce,946685933,946685929,2,1,0,0,32.1044,337,
run4-tbt-3s,1,continentale,3,none,true,12,339,29,1,m1,1PJJAyxet5ARk1XH3GjK9tVTPH3keFUewkjkfi,51006,27,330,1.0,51006.0,74703.0,0.682784,5.19548071e-06,0.26500069,0.76720542,0.3216677,-0.833,1.500,2.298,2.2984,0.0004,1,,1,1,1,1,1,m1,1PJJAyxet5ARk1XH3GjK9tVTPH3keFUewkjkfi,004a5682bbb151c7846442f1bfda937caee52a8ea8d9706369d5114ffe84d096,946685937,946685933,2,1,0,0,7.0167,337,1
run4-tbt-3s,1,continentale,3,none,true,12,339,29,1,m2,1VAcJXZ4zmVYXXG3RSh25pvJNoJdBeVy9ChdT6,15454,27,330,1.0,15454.0,74703.0,0.206873,5.00408699e-05,0.7733316,0.46147306,0.97620317,-0.833,1.500,4.262,4.262,0.0,1,,0,2,2,0,0,m1,1PJJAyxet5ARk1XH3GjK9tVTPH3keFUewkjkfi,004a5682bbb151c7846442f1bfda937caee52a8ea8d9706369d5114ffe84d096,946685937,946685933,2,1,0,0,49.1174,337,
run4-tbt-3s,1,continentale,3,none,true,12,339,29,1,m3,1VuBTTQVFkVMQoHen4dKPJgUfqJY1ta899xaf7,8243,27,330,1.0,8243.0,74703.0,0.110344,0.000513185357,4.2301869,0.01454967,1.0,-0.833,1.500,4.333,4.3334,0.0004,1,,0,3,3,0,0,m1,1PJJAyxet5ARk1XH3GjK9tVTPH3keFUewkjkfi,004a5682bbb151c7846442f1bfda937caee52a8ea8d9706369d5114ffe84d096,946685937,946685933,2,1,0,0,32.1044,337,
run4-tbt-3s,1,continentale,3,none,true,12,340,29,1,m1,1PJJAyxet5ARk1XH3GjK9tVTPH3keFUewkjkfi,51006,27,330,1.0,51006.0,74703.0,0.682784,6.50600363e-06,0.33184522,0.71759838,0.38492926,-0.75,1.500,2.505,2.5048,-0.0002,1,,1,1,1,1,1,m1,1PJJAyxet5ARk1XH3GjK9tVTPH3keFUewkjkfi,0006809d0703e4ff6c114d0270a03017e1f399440217701e5c6048879e7d8354,946685940,946685937,2,1,0,0,7.0167,337,2
run4-tbt-3s,1,continentale,3,none,true,12,340,29,1,m2,1VAcJXZ4zmVYXXG3RSh25pvJNoJdBeVy9ChdT6,15454,27,330,1.0,15454.0,74703.0,0.206873,1.43378365e-05,0.22157693,0.80125428,0.65736153,-0.75,1.500,3.322,3.3221,0.0001,1,,0,2,2,0,0,m1,1PJJAyxet5ARk1XH3GjK9tVTPH3keFUewkjkfi,0006809d0703e4ff6c114d0270a03017e1f399440217701e5c6048879e7d8354,946685940,946685937,2,1,0,0,49.1174,337,
run4-tbt-3s,1,continentale,3,none,true,12,340,29,1,m3,1VuBTTQVFkVMQoHen4dKPJgUfqJY1ta899xaf7,8243,27,330,1.0,8243.0,74703.0,0.110344,4.99919774e-05,0.41208387,0.66226873,0.9761161,-0.75,1.500,4.278,4.2783,0.0003,1,,0,3,3,0,0,m1,1PJJAyxet5ARk1XH3GjK9tVTPH3keFUewkjkfi,0006809d0703e4ff6c114d0270a03017e1f399440217701e5c6048879e7d8354,946685940,946685937,2,1,0,0,32.1044,337,
run4-tbt-3s,1,continentale,3,none,true,12,341,29,1,m1,1PJJAyxet5ARk1XH3GjK9tVTPH3keFUewkjkfi,51006,27,330,1.0,51006.0,74703.0,0.682784,1.82943607e-05,0.93312216,0.39332377,0.74503873,-0.833,1.500,3.568,3.5685,0.0005,1,,1,1,1,1,1,m1,1PJJAyxet5ARk1XH3GjK9tVTPH3keFUewkjkfi,009d5e5aa6f8799ef3ced90313fead873905a7c8ea0b83b5819cb07ce3ef7863,946685944,946685940,3,1,0,0,7.0167,337,3
run4-tbt-3s,1,continentale,3,none,true,12,341,29,1,m2,1VAcJXZ4zmVYXXG3RSh25pvJNoJdBeVy9ChdT6,15454,27,330,1.0,15454.0,74703.0,0.206873,0.000174310043,2.6937874,0.06762433,0.99999779,-0.833,1.500,4.333,4.3334,0.0004,1,,0,2,3,0,0,m1,1PJJAyxet5ARk1XH3GjK9tVTPH3keFUewkjkfi,009d5e5aa6f8799ef3ced90313fead873905a7c8ea0b83b5819cb07ce3ef7863,946685944,946685940,3,1,0,0,49.1174,337,
run4-tbt-3s,1,continentale,3,none,true,12,341,29,1,m3,1VuBTTQVFkVMQoHen4dKPJgUfqJY1ta899xaf7,8243,27,330,1.0,8243.0,74703.0,0.110344,0.000173155136,1.42731779,0.23995166,0.99999759,-0.833,1.500,4.333,4.3334,0.0004,1,,0,3,2,0,0,m1,1PJJAyxet5ARk1XH3GjK9tVTPH3keFUewkjkfi,009d5e5aa6f8799ef3ced90313fead873905a7c8ea0b83b5819cb07ce3ef7863,946685944,946685940,3,1,0,0,32.1044,337,
run4-tbt-3s,1,continentale,3,none,true,12,342,29,1,m1,1PJJAyxet5ARk1XH3GjK9tVTPH3keFUewkjkfi,51006,27,330,1.0,51006.0,74703.0,0.682784,2.36937274e-06,0.12085223,0.8861649,0.16221959,-0.917,1.500,1.803,1.8033,0.0003,1,,1,1,1,1,1,m1,1PJJAyxet5ARk1XH3GjK9tVTPH3keFUewkjkfi,006a6f205c92896fb2922310f7711f82b5aad9320a0a5f6f6a4b8667bfa773b5,946685947,946685944,1,1,0,0,7.0167,337,4
run4-tbt-3s,1,continentale,3,none,true,12,342,29,1,m2,1VAcJXZ4zmVYXXG3RSh25pvJNoJdBeVy9ChdT6,15454,27,330,1.0,15454.0,74703.0,0.206873,4.5330715e-05,0.70054087,0.49631679,0.96616774,-0.917,1.500,4.215,4.2151,0.0001,1,,0,3,3,0,0,m1,1PJJAyxet5ARk1XH3GjK9tVTPH3keFUewkjkfi,006a6f205c92896fb2922310f7711f82b5aad9320a0a5f6f6a4b8667bfa773b5,946685947,946685944,1,1,0,0,49.1174,337,
run4-tbt-3s,1,continentale,3,none,true,12,342,29,1,m3,1VuBTTQVFkVMQoHen4dKPJgUfqJY1ta899xaf7,8243,27,330,1.0,8243.0,74703.0,0.110344,2.24113707e-05,0.18473693,0.83132295,0.81254128,-0.917,1.500,3.754,3.7542,0.0002,1,,0,2,2,0,0,m1,1PJJAyxet5ARk1XH3GjK9tVTPH3keFUewkjkfi,006a6f205c92896fb2922310f7711f82b5aad9320a0a5f6f6a4b8667bfa773b5,946685947,946685944,1,1,0,0,32.1044,337,
run4-tbt-3s,1,continentale,3,none,true,12,343,29,1,m1,1PJJAyxet5ARk1XH3GjK9tVTPH3keFUewkjkfi,52503,28,342,1.0,52503.0,76200.0,0.689016,1.57439509e-05,0.82660465,0.43753234,0.69871212,-0.75,1.500,3.446,3.4461,0.0001,1,,1,1,1,1,1,m1,1PJJAyxet5ARk1XH3GjK9tVTPH3keFUewkjkfi,00c067866cb309e58b840c8fcd729b3d1e2e267c0a2cb21d11a382966c94c8f6,946685951,946685947,3,1,0,0,7.0167,337,5
run4-tbt-3s,1,continentale,3,none,true,12,343,29,1,m2,1VAcJXZ4zmVYXXG3RSh25pvJNoJdBeVy9ChdT6,15454,27,330,1.0,15454.0,76200.0,0.202808,0.000158211614,2.44500228,0.08672594,0.99999419,-0.75,1.500,4.35,4.35,-0.0,1,,0,3,3,0,0,m1,1PJJAyxet5ARk1XH3GjK9tVTPH3keFUewkjkfi,00c067866cb309e58b840c8fcd729b3d1e2e267c0a2cb21d11a382966c94c8f6,946685951,946685947,3,1,0,0,49.1174,337,
run4-tbt-3s,1,continentale,3,none,true,12,343,29,1,m3,1VuBTTQVFkVMQoHen4dKPJgUfqJY1ta899xaf7,8243,27,330,1.0,8243.0,76200.0,0.108176,4.159235e-05,0.34284574,0.70974769,0.95796855,-0.75,1.500,4.224,4.2239,-0.0001,1,,0,2,2,0,0,m1,1PJJAyxet5ARk1XH3GjK9tVTPH3keFUewkjkfi,00c067866cb309e58b840c8fcd729b3d1e2e267c0a2cb21d11a382966c94c8f6,946685951,946685947,3,1,0,0,32.1044,337,
run4-tbt-3s,1,continentale,3,none,true,12,344,29,1,m1,1PJJAyxet5ARk1XH3GjK9tVTPH3keFUewkjkfi,52503,28,342,1.0,52503.0,81281.0,0.645944,3.64533775e-05,1.91391168,0.14750228,0.9483346,-0.75,1.500,4.195,4.195,0.0,1,,0,3,3,0,0,m2,1VAcJXZ4zmVYXXG3RSh25pvJNoJdBeVy9ChdT6,00ab1b071f01cf036fc73579f01ceb68cec90a73a69acf903c5fb09b64c49bd7,946685954,946685951,2,1,0,0,7.0167,337,
run4-tbt-3s,1,continentale,3,none,true,12,344,29,1,m2,1VAcJXZ4zmVYXXG3RSh25pvJNoJdBeVy9ChdT6,20535,28,343,1.0,20535.0,81281.0,0.252642,3.34694704e-06,0.06872956,0.93357913,0.23817865,-0.75,1.500,2.065,2.0645,-0.0005,1,,1,2,2,0,0,m2,1VAcJXZ4zmVYXXG3RSh25pvJNoJdBeVy9ChdT6,00ab1b071f01cf036fc73579f01ceb68cec90a73a69acf903c5fb09b64c49bd7,946685954,946685951,2,1,0,0,49.1174,337,1
run4-tbt-3s,1,continentale,3,none,true,12,344,29,1,m3,1VuBTTQVFkVMQoHen4dKPJgUfqJY1ta899xaf7,8243,27,330,1.0,8243.0,81281.0,0.101414,2.43275041e-06,0.02005316,0.98014657,0.17941386,-0.75,1.500,1.888,1.8882,0.0002,1,,0,1,1,1,1,m2,1VAcJXZ4zmVYXXG3RSh25pvJNoJdBeVy9ChdT6,00ab1b071f01cf036fc73579f01ceb68cec90a73a69acf903c5fb09b64c49bd7,946685954,946685951,2,1,0,0,32.1044,337,
run4-tbt-3s,1,continentale,3,none,true,12,345,29,1,m1,1PJJAyxet5ARk1XH3GjK9tVTPH3keFUewkjkfi,52503,28,342,1.0,52503.0,81281.0,0.645944,2.95656849e-05,1.55228715,0.21176308,0.90956541,-0.667,1.500,4.095,4.0953,0.0003,1,,0,2,2,0,0,m2,1VAcJXZ4zmVYXXG3RSh25pvJNoJdBeVy9ChdT6,00e903c4867020b63ea3612b868564833cc1acf2b22d407465e8f1974c0326c0,946685958,946685954,4,1,0,0,107.4587,345,
run4-tbt-3s,1,continentale,3,none,true,12,345,29,1,m2,1VAcJXZ4zmVYXXG3RSh25pvJNoJdBeVy9ChdT6,20535,28,343,1.0,20535.0,81281.0,0.252642,3.28836181e-05,0.6752651,0.50902146,0.93094233,-0.667,1.500,4.159,4.1594,0.0004,1,,1,3,3,0,0,m2,1VAcJXZ4zmVYXXG3RSh25pvJNoJdBeVy9ChdT6,00e903c4867020b63ea3612b868564833cc1acf2b22d407465e8f1974c0326c0,946685958,946685954,4,1,0,0,49.5404,345,2
run4-tbt-3s,1,continentale,3,none,true,12,345,29,1,m3,1VuBTTQVFkVMQoHen4dKPJgUfqJY1ta899xaf7,8243,27,330,1.0,8243.0,81281.0,0.101414,1.88374275e-05,0.15527691,0.85617806,0.78370779,-0.667,1.500,3.718,3.7177,-0.0003,1,,0,1,1,1,1,m2,1VAcJXZ4zmVYXXG3RSh25pvJNoJdBeVy9ChdT6,00e903c4867020b63ea3612b868564833cc1acf2b22d407465e8f1974c0326c0,946685958,946685954,4,1,0,0,32.1044,345,
run4-tbt-3s,1,continentale,3,none,true,12,346,29,1,m1,1PJJAyxet5ARk1XH3GjK9tVTPH3keFUewkjkfi,52503,28,342,1.0,52503.0,81281.0,0.645944,9.69639782e-06,0.50908997,0.60104229,0.54530704,-0.75,1.500,2.986,2.9859,-0.0001,1,,1,1,1,1,1,m1,1PJJAyxet5ARk1XH3GjK9tVTPH3keFUewkjkfi,00d51633057584e0b502ba811d87b8e962390aa0e2b770f7d1a87535646ae2c8,946685962,946685958,2,1,0,0,107.4587,345,1
run4-tbt-3s,1,continentale,3,none,true,12,346,29,1,m2,1VAcJXZ4zmVYXXG3RSh25pvJNoJdBeVy9ChdT6,20535,28,343,1.0,20535.0,81281.0,0.252642,1.60993987e-05,0.33060115,0.71849168,0.72979524,-0.75,1.500,3.539,3.5394,0.0004,1,,0,2,2,0,0,m1,1PJJAyxet5ARk1XH3GjK9tVTPH3keFUewkjkfi,00d51633057584e0b502ba811d87b8e962390aa0e2b770f7d1a87535646ae2c8,946685962,946685958,2,1,0,0,49.5404,345,
run4-tbt-3s,1,continentale,3,none,true,12,346,29,1,m3,1VuBTTQVFkVMQoHen4dKPJgUfqJY1ta899xaf7,8243,27,330,1.0,8243.0,81281.0,0.101414,4.71785475e-05,0.38889277,0.67780695,0.9783926,-0.75,1.500,4.285,4.2852,0.0002,1,,0,3,3,0,0,m1,1PJJAyxet5ARk1XH3GjK9tVTPH3keFUewkjkfi,00d51633057584e0b502ba811d87b8e962390aa0e2b770f7d1a87535646ae2c8,946685962,946685958,2,1,0,0,32.1044,345,
run4-tbt-3s,1,continentale,3,none,true,12,347,29,1,m1,1PJJAyxet5ARk1XH3GjK9tVTPH3keFUewkjkfi,52503,28,342,1.0,52503.0,81281.0,0.645944,2.0588574e-05,1.0809619,0.33926903,0.81240312,-0.833,1.500,3.771,3.7706,-0.0004,1,,1,1,1,1,1,m1,1PJJAyxet5ARk1XH3GjK9tVTPH3keFUewkjkfi,00533e342bb986331820cd56e28c77c4b250d5a1b1c801b3fc027c9579ac739c,946685966,946685962,3,1,0,0,107.4587,345,2
run4-tbt-3s,1,continentale,3,none,true,12,347,29,1,m2,1VAcJXZ4zmVYXXG3RSh25pvJNoJdBeVy9ChdT6,20535,28,343,1.0,20535.0,81281.0,0.252642,3.77947092e-05,0.77611435,0.46019068,0.95367121,-0.833,1.500,4.194,4.1944,0.0004,1,,0,2,2,0,0,m1,1PJJAyxet5ARk1XH3GjK9tVTPH3keFUewkjkfi,00533e342bb986331820cd56e28c77c4b250d5a1b1c801b3fc027c9579ac739c,946685966,946685962,3,1,0,0,49.5404,345,
run4-tbt-3s,1,continentale,3,none,true,12,347,29,1,m3,1VuBTTQVFkVMQoHen4dKPJgUfqJY1ta899xaf7,8243,27,330,1.0,8243.0,81281.0,0.101414,0.000144811431,1.19368063,0.3031036,0.99999227,-0.833,1.500,4.333,4.3334,0.0004,1,,0,3,3,0,0,m1,1PJJAyxet5ARk1XH3GjK9tVTPH3keFUewkjkfi,00533e342bb986331820cd56e28c77c4b250d5a1b1c801b3fc027c9579ac739c,946685966,946685962,3,1,0,0,32.1044,345,
run4-tbt-3s,1,continentale,3,none,true,12,348,30,1,m1,1PJJAyxet5ARk1XH3GjK9tVTPH3keFUewkjkfi,52503,28,342,1.0,52503.0,81281.0,0.645944,1.84312546e-05,0.96769616,0.37995739,0.77644791,-0.833,1.500,3.663,3.6627,-0.0003,1,,0,2,2,0,0,m2,1VAcJXZ4zmVYXXG3RSh25pvJNoJdBeVy9ChdT6,006a1ccc3b63c648c1533dcd6d1ee869b203a9744720f95f90d2e42a00ba2d2e,946685969,946685966,1,1,0,0,107.4587,345,
run4-tbt-3s,1,continentale,3,none,true,12,348,30,1,m2,1VAcJXZ4zmVYXXG3RSh25pvJNoJdBeVy9ChdT6,20535,28,343,1.0,20535.0,81281.0,0.252642,1.31741404e-06,0.0270531,0.97330956,0.10154686,-0.833,1.500,1.638,1.638,0.0,1,,1,1,1,1,1,m2,1VAcJXZ4zmVYXXG3RSh25pvJNoJdBeVy9ChdT6,006a1ccc3b63c648c1533dcd6d1ee869b203a9744720f95f90d2e42a00ba2d2e,946685969,946685966,1,1,0,0,49.5404,345,1
run4-tbt-3s,1,continentale,3,none,true,12,348,30,1,m3,1VuBTTQVFkVMQoHen4dKPJgUfqJY1ta899xaf7,8243,27,330,1.0,8243.0,81281.0,0.101414,0.000237657683,1.95901228,0.14099762,1.0,-0.833,1.500,4.333,4.3334,0.0004,1,,0,3,3,0,0,m2,1VAcJXZ4zmVYXXG3RSh25pvJNoJdBeVy9ChdT6,006a1ccc3b63c648c1533dcd6d1ee869b203a9744720f95f90d2e42a00ba2d2e,946685969,946685966,1,1,0,0,32.1044,345,
run4-tbt-3s,1,continentale,3,none,true,12,349,30,1,m1,1PJJAyxet5ARk1XH3GjK9tVTPH3keFUewkjkfi,52503,28,342,1.0,52503.0,81281.0,0.645944,9.40222501e-05,4.9364502,0.00718004,0.99952024,-0.667,1.500,4.365,4.3652,0.0002,1,,0,2,2,0,0,m2,1VAcJXZ4zmVYXXG3RSh25pvJNoJdBeVy9ChdT6,005d7432324a2ae80900cb5b9b6a11e2c511896a74f639b481d54be2b7673d77,946685973,946685969,4,1,0,0,107.4587,345,
run4-tbt-3s,1,continentale,3,none,true,12,349,30,1,m2,1VAcJXZ4zmVYXXG3RSh25pvJNoJdBeVy9ChdT6,20535,28,343,1.0,20535.0,81281.0,0.252642,3.71141966e-05,0.76214003,0.46666668,0.95103644,-0.667,1.500,4.22,4.2197,-0.0003,1,,1,1,1,1,1,m2,1VAcJXZ4zmVYXXG3RSh25pvJNoJdBeVy9ChdT6,005d7432324a2ae80900cb5b9b6a11e2c511896a74f639b481d54be2b7673d77,946685973,946685969,4,1,0,0,49.5404,345,2
run4-tbt-3s,1,continentale,3,none,true,12,349,30,1,m3,1VuBTTQVFkVMQoHen4dKPJgUfqJY1ta899xaf7,8243,27,330,1.0,8243.0,81281.0,0.101414,0.000246215717,2.02955616,0.13139383,1.0,-0.667,1.500,4.367,4.3666,-0.0004,1,,0,3,3,0,0,m2,1VAcJXZ4zmVYXXG3RSh25pvJNoJdBeVy9ChdT6,005d7432324a2ae80900cb5b9b6a11e2c511896a74f639b481d54be2b7673d77,946685973,946685969,4,1,0,0,32.1044,345,
run4-tbt-3s,1,continentale,3,none,true,12,350,30,1,m1,1PJJAyxet5ARk1XH3GjK9tVTPH3keFUewkjkfi,52503,28,342,1.0,52503.0,81281.0,0.645944,2.83389915e-05,1.48788207,0.22585048,0.90008361,-0.667,1.500,4.067,4.0669,-0.0001,1,,0,1,1,1,1,m2,1VAcJXZ4zmVYXXG3RSh25pvJNoJdBeVy9ChdT6,00117dc425ad631554123ce89aca67160609a116ec41606cfb19a6f0ff2ab4e8,946685978,946685973,4,1,0,0,107.4587,345,
run4-tbt-3s,1,continentale,3,none,true,12,350,30,1,m2,1VAcJXZ4zmVYXXG3RSh25pvJNoJdBeVy9ChdT6,20535,28,343,1.0,20535.0,81281.0,0.252642,7.98248577e-05,1.63920345,0.19413462,0.99847878,-0.667,1.500,4.362,4.362,0.0,1,,1,2,2,0,0,m2,1VAcJXZ4zmVYXXG3RSh25pvJNoJdBeVy9ChdT6,00117dc425ad631554123ce89aca67160609a116ec41606cfb19a6f0ff2ab4e8,946685978,946685973,4,1,0,0,49.5404,345,3
run4-tbt-3s,1,continentale,3,none,true,12,350,30,1,m3,1VuBTTQVFkVMQoHen4dKPJgUfqJY1ta899xaf7,8243,27,330,1.0,8243.0,81281.0,0.101414,0.000201159199,1.65815528,0.19049006,0.99999992,-0.667,1.500,4.367,4.3666,-0.0004,1,,0,3,3,0,0,m2,1VAcJXZ4zmVYXXG3RSh25pvJNoJdBeVy9ChdT6,00117dc425ad631554123ce89aca67160609a116ec41606cfb19a6f0ff2ab4e8,946685978,946685973,4,1,0,0,32.1044,345,
run4-tbt-3s,1,continentale,3,none,true,12,351,30,1,m1,1PJJAyxet5ARk1XH3GjK9tVTPH3keFUewkjkfi,52503,28,342,1.0,52503.0,81281.0,0.645944,1.18728398e-05,0.62335971,0.53614013,0.61903063,-0.75,1.500,3.207,3.2071,0.0001,1,,1,1,1,1,1,m1,1PJJAyxet5ARk1XH3GjK9tVTPH3keFUewkjkfi,00f626439a86493eaef93a3375fcbef5d236df9470f98b3778d27c39eca786aa,946685982,946685978,3,1,0,0,107.4587,345,1
run4-tbt-3s,1,continentale,3,none,true,12,351,30,1,m2,1VAcJXZ4zmVYXXG3RSh25pvJNoJdBeVy9ChdT6,20535,28,343,1.0,20535.0,81281.0,0.252642,4.74414928e-05,0.97421105,0.37749006,0.97884951,-0.75,1.500,4.287,4.2865,-0.0005,1,,0,2,2,0,0,m1,1PJJAyxet5ARk1XH3GjK9tVTPH3keFUewkjkfi,00f626439a86493eaef93a3375fcbef5d236df9470f98b3778d27c39eca786aa,946685982,946685978,3,1,0,0,49.5404,345,
run4-tbt-3s,1,continentale,3,none,true,12,351,30,1,m3,1VuBTTQVFkVMQoHen4dKPJgUfqJY1ta899xaf7,8243,27,330,1.0,8243.0,81281.0,0.101414,8.55491642e-05,0.70518176,0.49401877,0.99904473,-0.75,1.500,4.347,4.3471,0.0001,1,,0,3,3,0,0,m1,1PJJAyxet5ARk1XH3GjK9tVTPH3keFUewkjkfi,00f626439a86493eaef93a3375fcbef5d236df9470f98b3778d27c39eca786aa,946685982,946685978,3,1,0,0,32.1044,345,
run4-tbt-3s,1,continentale,3,none,true,12,352,30,1,m1,1PJJAyxet5ARk1XH3GjK9tVTPH3keFUewkjkfi,52503,28,342,1.0,52503.0,81281.0,0.645944,1.41091427e-06,0.07407723,0.92859997,0.10834904,-0.75,1.500,1.675,1.675,0.0,1,,1,1,1,1,1,m1,1PJJAyxet5ARk1XH3GjK9tVTPH3keFUewkjkfi,00ac9ddc25bf5e4035d78be01814d8850ee0e613c77449aa10c08f64ff23c9c1,946685984,946685982,1,1,0,0,107.4587,345,2
run4-tbt-3s,1,continentale,3,none,true,12,352,30,1,m2,1VAcJXZ4zmVYXXG3RSh25pvJNoJdBeVy9ChdT6,20535,28,343,1.0,20535.0,81281.0,0.252642,6.87728715e-05,1.41225092,0.24359436,0.9962647,-0.75,1.500,4.339,4.3388,-0.0002,1,,0,2,2,0,0,m1,1PJJAyxet5ARk1XH3GjK9tVTPH3keFUewkjkfi,00ac9ddc25bf5e4035d78be01814d8850ee0e613c77449aa10c08f64ff23c9c1,946685984,946685982,1,1,0,0,49.5404,345,
run4-tbt-3s,1,continentale,3,none,true,12,352,30,1,m3,1VuBTTQVFkVMQoHen4dKPJgUfqJY1ta899xaf7,8243,27,330,1.0,8243.0,81281.0,0.101414,0.000265965958,2.19235739,0.11165323,1.0,-0.75,1.500,4.35,4.35,-0.0,1,,0,3,3,0,0,m1,1PJJAyxet5ARk1XH3GjK9tVTPH3keFUewkjkfi,00ac9ddc25bf5e4035d78be01814d8850ee0e613c77449aa10c08f64ff23c9c1,946685984,946685982,1,1,0,0,32.1044,345,
run4-tbt-3s,1,continentale,3,none,true,12,353,30,1,m1,1PJJAyxet5ARk1XH3GjK9tVTPH3keFUewkjkfi,52503,28,342,1.0,52503.0,81281.0,0.645944,1.03795423e-05,0.54495711,0.57986665,0.56986647,-0.667,1.500,3.076,3.0762,0.0002,1,,1,1,1,1,1,m1,1PJJAyxet5ARk1XH3GjK9tVTPH3keFUewkjkfi,000e346482c3d3a44945ea8e1fd80e47d760888bb35af5ee07221132656a4ec9,946685987,946685984,3,1,0,0,7.1503,353,3
run4-tbt-3s,1,continentale,3,none,true,12,353,30,1,m2,1VAcJXZ4zmVYXXG3RSh25pvJNoJdBeVy9ChdT6,20535,28,343,1.0,20535.0,81281.0,0.252642,1.79205478e-05,0.36799845,0.69211826,0.76697279,-0.667,1.500,3.668,3.6675,-0.0005,1,,0,2,2,0,0,m1,1PJJAyxet5ARk1XH3GjK9tVTPH3keFUewkjkfi,000e346482c3d3a44945ea8e1fd80e47d760888bb35af5ee07221132656a4ec9,946685987,946685984,3,1,0,0,21.2658,353,
run4-tbt-3s,1,continentale,3,none,true,12,353,30,1,m3,1VuBTTQVFkVMQoHen4dKPJgUfqJY1ta899xaf7,8243,27,330,1.0,8243.0,81281.0,0.101414,8.59621021e-05,0.70858561,0.49234007,0.99907627,-0.667,1.500,4.364,4.3638,-0.0002,1,,0,3,3,0,0,m1,1PJJAyxet5ARk1XH3GjK9tVTPH3keFUewkjkfi,000e346482c3d3a44945ea8e1fd80e47d760888bb35af5ee07221132656a4ec9,946685987,946685984,3,1,0,0,25.9623,353,
run4-tbt-3s,1,continentale,3,none,true,12,354,30,1,m1,1PJJAyxet5ARk1XH3GjK9tVTPH3keFUewkjkfi,52503,28,342,1.0,52503.0,81281.0,0.645944,3.33513455e-05,1.75104569,0.17359232,0.93351844,-0.583,1.500,4.184,4.184,-0.0,1,,1,2,2,0,0,m1,1PJJAyxet5ARk1XH3GjK9tVTPH3keFUewkjkfi,00cf0f2d61557735ed5c61ff157480cc0128e1ba2571626c38aea6cbf2bd62c6,946685992,946685987,4,1,0,0,7.1503,353,4
run4-tbt-3s,1,continentale,3,none,true,12,354,30,1,m2,1VAcJXZ4zmVYXXG3RSh25pvJNoJdBeVy9ChdT6,20535,28,343,1.0,20535.0,81281.0,0.252642,0.000121848669,2.50216242,0.08190769,0.99995002,-0.583,1.500,4.383,4.3833,0.0003,1,,0,3,3,0,0,m1,1PJJAyxet5ARk1XH3GjK9tVTPH3keFUewkjkfi,00cf0f2d61557735ed5c61ff157480cc0128e1ba2571626c38aea6cbf2bd62c6,946685992,946685987,4,1,0,0,21.2658,353,
run4-tbt-3s,1,continentale,3,none,true,12,354,30,1,m3,1VuBTTQVFkVMQoHen4dKPJgUfqJY1ta899xaf7,8243,27,330,1.0,8243.0,81281.0,0.101414,1.49112585e-05,0.1229135,0.88434015,0.70239911,-0.583,1.500,3.491,3.4906,-0.0004,1,,0,1,1,1,1,m1,1PJJAyxet5ARk1XH3GjK9tVTPH3keFUewkjkfi,00cf0f2d61557735ed5c61ff157480cc0128e1ba2571626c38aea6cbf2bd62c6,946685992,946685987,4,1,0,0,25.9623,353,
run4-tbt-3s,1,continentale,3,none,true,12,355,30,1,m1,1PJJAyxet5ARk1XH3GjK9tVTPH3keFUewkjkfi,45901,29,354,1.0,45901.0,69807.0,0.657542,3.49955829e-05,1.60633225,0.2006221,0.91309473,-0.75,1.500,4.089,4.0893,0.0003,1,,0,2,2,0,0,m2,1VAcJXZ4zmVYXXG3RSh25pvJNoJdBeVy9ChdT6,00591266d8e61ea83b30cde401814c985238d3c3bb32b30d53229076292532bc,946685994,946685992,1,1,0,0,7.1503,353,
run4-tbt-3s,1,continentale,3,none,true,12,355,30,1,m2,1VAcJXZ4zmVYXXG3RSh25pvJNoJdBeVy9ChdT6,18080,29,354,1.0,18080.0,69807.0,0.259,2.62014718e-06,0.04737226,0.95373229,0.16715241,-0.75,1.500,1.851,1.8515,0.0005,1,,1,1,1,1,1,m2,1VAcJXZ4zmVYXXG3RSh25pvJNoJdBeVy9ChdT6,00591266d8e61ea83b30cde401814c985238d3c3bb32b30d53229076292532bc,946685994,946685992,1,1,0,0,21.2658,353,1
run4-tbt-3s,1,continentale,3,none,true,12,355,30,1,m3,1VuBTTQVFkVMQoHen4dKPJgUfqJY1ta899xaf7,5826,29,354,1.0,5826.0,69807.0,0.083459,0.000159566887,0.92963668,0.39469708,0.99998546,-0.75,1.500,4.35,4.35,-0.0,1,,0,3,3,0,0,m2,1VAcJXZ4zmVYXXG3RSh25pvJNoJdBeVy9ChdT6,00591266d8e61ea83b30cde401814c985238d3c3bb32b30d53229076292532bc,946685994,946685992,1,1,0,0,25.9623,353,
run4-tbt-3s,1,continentale,3,none,true,12,356,30,1,m1,1PJJAyxet5ARk1XH3GjK9tVTPH3keFUewkjkfi,45901,29,354,1.0,45901.0,69807.0,0.657542,2.63054914e-05,1.20744836,0.29895914,0.84059505,-0.583,1.500,3.905,3.9052,0.0002,1,,0,1,1,1,1,m2,1VAcJXZ4zmVYXXG3RSh25pvJNoJdBeVy9ChdT6,00714a8ecdc5b58493fdc708dcf7b655baea520eb00cffb6df3c58140aad00dc,946685999,946685994,4,1,0,0,7.1503,353,
run4-tbt-3s,1,continentale,3,none,true,12,356,30,1,m2,1VAcJXZ4zmVYXXG3RSh25pvJNoJdBeVy9ChdT6,18080,29,354,1.0,18080.0,69807.0,0.259,0.000120681043,2.18191326,0.11282546,0.99978055,-0.583,1.500,4.383,4.3827,-0.0003,1,,1,2,2,0,0,m2,1VAcJXZ4zmVYXXG3RSh25pvJNoJdBeVy9ChdT6,00714a8ecdc5b58493fdc708dcf7b655baea520eb00cffb6df3c58140aad00dc,946685999,946685994,4,1,0,0,21.2658,353,2
run4-tbt-3s,1,continentale,3,none,true,12,356,30,1,m3,1VuBTTQVFkVMQoHen4dKPJgUfqJY1ta899xaf7,5826,29,354,1.0,5826.0,69807.0,0.083459,0.000129862089,0.75657653,0.46927021,0.99988439,-0.583,1.500,4.383,4.3831,0.0001,1,,0,3,3,0,0,m2,1VAcJXZ4zmVYXXG3RSh25pvJNoJdBeVy9ChdT6,00714a8ecdc5b58493fdc708dcf7b655baea520eb00cffb6df3c58140aad00dc,946685999,946685994,4,1,0,0,25.9623,353,
run4-tbt-3s,1,continentale,3,none,true,12,357,30,1,m1,1PJJAyxet5ARk1XH3GjK9tVTPH3keFUewkjkfi,45901,29,354,1.0,45901.0,69807.0,0.657542,4.17214362e-06,0.19150556,0.82571503,0.25266731,-0.75,1.500,2.108,2.108,0.0,1,,1,1,1,1,1,m1,1PJJAyxet5ARk1XH3GjK9tVTPH3keFUewkjkfi,00dce4ab499d6d7a03a001dcb94c0b9956fb670b31f86dc4cd5a8827f50c9595,946686002,946685999,2,1,0,0,7.1503,353,1
run4-tbt-3s,1,continentale,3,none,true,12,357,30,1,m2,1VAcJXZ4zmVYXXG3RSh25pvJNoJdBeVy9ChdT6,18080,29,354,1.0,18080.0,69807.0,0.259,4.12652788e-05,0.74607624,0.47422365,0.94389921,-0.75,1.500,4.182,4.1817,-0.0003,1,,0,2,2,0,0,m1,1PJJAyxet5ARk1XH3GjK9tVTPH3keFUewkjkfi,00dce4ab499d6d7a03a001dcb94c0b9956fb670b31f86dc4cd5a8827f50c9595,946686002,946685999,2,1,0,0,21.2658,353,
run4-tbt-3s,1,continentale,3,none,true,12,357,30,1,m3,1VuBTTQVFkVMQoHen4dKPJgUfqJY1ta899xaf7,5826,29,354,1.0,5826.0,69807.0,0.083459,6.11321986e-05,0.35615619,0.70036322,0.98598259,-0.75,1.500,4.308,4.3079,-0.0001,1,,0,3,3,0,0,m1,1PJJAyxet5ARk1XH3GjK9tVTPH3keFUewkjkfi,00dce4ab499d6d7a03a001dcb94c0b9956fb670b31f86dc4cd5a8827f50c9595,946686002,946685999,2,1,0,0,25.9623,353,
run4-tbt-3s,1,continentale,3,none,true,12,358,30,1,m1,1PJJAyxet5ARk1XH3GjK9tVTPH3keFUewkjkfi,45901,29,354,1.0,45901.0,69807.0,0.657542,3.67222135e-05,1.68558632,0.18533573,0.92296285,-0.667,1.500,4.136,4.1355,-0.0005,1,,1,1,1,1,1,m1,1PJJAyxet5ARk1XH3GjK9tVTPH3keFUewkjkfi,001ee251e598a865de4ae01a1be6ec4179b64527e0f091354262fe374e66b256,946686006,946686002,4,1,0,0,7.1503,353,2
run4-tbt-3s,1,continentale,3,none,true,12,358,30,1,m2,1VAcJXZ4zmVYXXG3RSh25pvJNoJdBeVy9ChdT6,18080,29,354,1.0,18080.0,69807.0,0.259,7.64063732e-05,1.38142723,0.25121975,0.99517382,-0.667,1.500,4.352,4.3521,0.0001,1,,0,3,3,0,0,m1,1PJJAyxet5ARk1XH3GjK9tVTPH3keFUewkjkfi,001ee251e598a865de4ae01a1be6ec4179b64527e0f091354262fe374e66b256,946686006,946686002,4,1,0,0,21.2658,353,
run4-tbt-3s,1,continentale,3,none,true,12,358,30,1,m3,1VuBTTQVFkVMQoHen4dKPJgUfqJY1ta899xaf7,5826,29,354,1.0,5826.0,69807.0,0.083459,6.95575745e-05,0.40524243,0.66681514,0.99221538,-0.667,1.500,4.343,4.3432,0.0002,1,,0,2,2,0,0,m1,1PJJAyxet5ARk1XH3GjK9tVTPH3keFUewkjkfi,001ee251e598a865de4ae01a1be6ec4179b64527e0f091354262fe374e66b256,946686006,946686002,4,1,0,0,25.9623,353,
run4-tbt-3s,1,continentale,3,none,true,12,359,30,1,m1,1PJJAyxet5ARk1XH3GjK9tVTPH3keFUewkjkfi,45901,29,354,1.0,45901.0,69807.0,0.657542,1.0116088e-05,0.46433856,0.62855072,0.50647105,-0.667,1.500,2.886,2.886,0.0,1,,1,1,1,1,1,m1,1PJJAyxet5ARk1XH3GjK9tVTPH3keFUewkjkfi,000eb569f80d45ae6e278c0dcad4da59a0340a8e61f9b2cf8f9c40cd5ce7c1d6,946686009,946686006,2,1,0,0,7.1503,353,3
run4-tbt-3s,1,continentale,3,none,true,12,359,30,1,m2,1VAcJXZ4zmVYXXG3RSh25pvJNoJdBeVy9ChdT6,18080,29,354,1.0,18080.0,69807.0,0.259,4.69776305e-05,0.84935556,0.42769046,0.96234793,-0.667,1.500,4.254,4.2536,-0.0004,1,,0,2,2,0,0,m1,1PJJAyxet5ARk1XH3GjK9tVTPH3keFUewkjkfi,000eb569f80d45ae6e278c0dcad4da59a0340a8e61f9b2cf8f9c40cd5ce7c1d6,946686009,946686006,2,1,0,0,21.2658,353,
run4-tbt-3s,1,continentale,3,none,true,12,359,30,1,m3,1VuBTTQVFkVMQoHen4dKPJgUfqJY1ta899xaf7,5826,29,354,1.0,5826.0,69807.0,0.083459,7.59868557e-05,0.44269942,0.64230024,0.99503039,-0.667,1.500,4.352,4.3517,-0.0003,1,,0,3,3,0,0,m1,1PJJAyxet5ARk1XH3GjK9tVTPH3keFUewkjkfi,000eb569f80d45ae6e278c0dcad4da59a0340a8e61f9b2cf8f9c40cd5ce7c1d6,946686009,946686006,2,1,0,0,25.9623,353,
run4-tbt-3s,1,continentale,3,none,true,12,360,31,1,m1,1PJJAyxet5ARk1XH3GjK9tVTPH3keFUewkjkfi,45901,29,354,1.0,45901.0,69807.0,0.657542,2.62009162e-05,1.20264825,0.30039763,0.83942712,-0.583,1.500,3.902,3.9017,-0.0003,1,,1,1,1,1,1,m1,1PJJAyxet5ARk1XH3GjK9tVTPH3keFUewkjkfi,0077d972f7860891c3475c731142c6764d69e62c11d9552738b172a30181c20d,946686014,946686009,3,1,1,1,7.1503,353,4
run4-tbt-3s,1,continentale,3,none,true,12,360,31,1,m2,1VAcJXZ4zmVYXXG3RSh25pvJNoJdBeVy9ChdT6,18080,29,354,1.0,18080.0,69807.0,0.259,4.23198995e-05,0.76514378,0.46526703,0.94788097,-0.583,1.500,4.227,4.227,0.0,1,,0,2,2,0,0,m1,1PJJAyxet5ARk1XH3GjK9tVTPH3keFUewkjkfi,0077d972f7860891c3475c731142c6764d69e62c11d9552738b172a30181c20d,946686014,946686009,3,1,1,1,21.2658,353,
run4-tbt-3s,1,continentale,3,none,true,12,360,31,1,m3,1VuBTTQVFkVMQoHen4dKPJgUfqJY1ta899xaf7,5826,29,354,1.0,5826.0,69807.0,0.083459,0.00039593984,2.30674551,0.09958482,1.0,-0.583,1.500,4.383,4.3834,0.0004,1,,0,3,3,0,0,m1,1PJJAyxet5ARk1XH3GjK9tVTPH3keFUewkjkfi,0077d972f7860891c3475c731142c6764d69e62c11d9552738b172a30181c20d,946686014,946686009,3,1,1,1,25.9623,353,
run4-tbt-3s,1,continentale,3,none,true,12,361,31,1,m1,1PJJAyxet5ARk1XH3GjK9tVTPH3keFUewkjkfi,45901,29,354,1.0,45901.0,69807.0,0.657542,1.82681388e-05,0.83852584,0.4323474,0.72063719,-0.75,1.500,3.512,3.5119,-0.0001,1,,1,1,1,1,1,m1,1PJJAyxet5ARk1XH3GjK9tVTPH3keFUewkjkfi,0047dd6ddc9bc606e0f3ad999fde6f4c8832ded28475e7b0e73d850738a08d94,946686018,946686014,3,1,0,0,7.1925,361,5
run4-tbt-3s,1,continentale,3,none,true,12,361,31,1,m2,1VAcJXZ4zmVYXXG3RSh25pvJNoJdBeVy9ChdT6,18080,29,354,1.0,18080.0,69807.0,0.259,0.000105015845,1.89868648,0.14976521,0.99934498,-0.75,1.500,4.348,4.348,0.0,1,,0,2,2,0,0,m1,1PJJAyxet5ARk1XH3GjK9tVTPH3keFUewkjkfi,0047dd6ddc9bc606e0f3ad999fde6f4c8832ded28475e7b0e73d850738a08d94,946686018,946686014,3,1,0,0,9.4406,361,
run4-tbt-3s,1,continentale,3,none,true,12,361,31,1,m3,1VuBTTQVFkVMQoHen4dKPJgUfqJY1ta899xaf7,5826,29,354,1.0,5826.0,69807.0,0.083459,0.00022418644,1.3061102,0.27087165,0.99999984,-0.75,1.500,4.35,4.35,-0.0,1,,0,3,3,0,0,m1,1PJJAyxet5ARk1XH3GjK9tVTPH3keFUewkjkfi,0047dd6ddc9bc606e0f3ad999fde6f4c8832ded28475e7b0e73d850738a08d94,946686018,946686014,3,1,0,0,21.1246,361,
run4-tbt-3s,1,continentale,3,none,true,12,362,31,1,m1,1PJJAyxet5ARk1XH3GjK9tVTPH3keFUewkjkfi,45901,29,354,1.0,45901.0,69807.0,0.657542,5.42136717e-06,0.24884617,0.7796999,0.31507736,-0.75,1.500,2.295,2.2952,0.0002,1,,1,1,1,1,1,m1,1PJJAyxet5ARk1XH3GjK9tVTPH3keFUewkjkfi,009e48305b7e824932616868d6b6130037bc711a113baf1d5d8327d4dd705cfb,946686022,946686018,2,1,0,0,7.1925,361,6
run4-tbt-3s,1,continentale,3,none,true,12,362,31,1,m2,1VAcJXZ4zmVYXXG3RSh25pvJNoJdBeVy9ChdT6,18080,29,354,1.0,18080.0,69807.0,0.259,0.000109873575,1.98651424,0.13717274,0.99953336,-0.75,1.500,4.349,4.3486,-0.0004,1,,0,2,2,0,0,m1,1PJJAyxet5ARk1XH3GjK9tVTPH3keFUewkjkfi,009e48305b7e824932616868d6b6130037bc711a113baf1d5d8327d4dd705cfb,946686022,946686018,2,1,0,0,9.4406,361,
run4-tbt-3s,1,continentale,3,none,true,12,362,31,1,m3,1VuBTTQVFkVMQoHen4dKPJgUfqJY1ta899xaf7,5826,29,354,1.0,5826.0,69807.0,0.083459,0.000326131897,1.90004443,0.14956197,1.0,-0.75,1.500,4.35,4.35,-0.0,1,,0,3,3,0,0,m1,1PJJAyxet5ARk1XH3GjK9tVTPH3keFUewkjkfi,009e48305b7e824932616868d6b6130037bc711a113baf1d5d8327d4dd705cfb,946686022,946686018,2,1,0,0,21.1246,361,
run4-tbt-3s,1,continentale,3,none,true,12,363,31,1,m1,1PJJAyxet5ARk1XH3GjK9tVTPH3keFUewkjkfi,45901,29,354,1.0,45901.0,69807.0,0.657542,4.88902133e-05,2.24410968,0.10602189,0.96705379,-0.667,1.500,4.268,4.2678,-0.0002,1,,1,2,2,0,0,m1,1PJJAyxet5ARk1XH3GjK9tVTPH3keFUewkjkfi,0082ae4ec5bb51fe1659e74fef831ff94efe2100259dbf0ca033344c83647da7,946686026,946686022,4,1,0,0,7.1925,361,7
run4-tbt-3s,1,continentale,3,none,true,12,363,31,1,m2,1VAcJXZ4zmVYXXG3RSh25pvJNoJdBeVy9ChdT6,18080,29,354,1.0,18080.0,69807.0,0.259,7.2623327e-06,0.13130298,0.87695204,0.39767714,-0.667,1.500,2.56,2.5596,-0.0004,1,,0,1,1,1,1,m1,1PJJAyxet5ARk1XH3GjK9tVTPH3keFUewkjkfi,0082ae4ec5bb51fe1659e74fef831ff94efe2100259dbf0ca033344c83647da7,946686026,946686022,4,1,0,0,9.4406,361,
run4-tbt-3s,1,continentale,3,none,true,12,363,31,1,m3,1VuBTTQVFkVMQoHen4dKPJgUfqJY1ta899xaf7,5826,29,354,1.0,5826.0,69807.0,0.083459,6.26228676e-05,0.36484083,0.69430716,0.98736791,-0.667,1.500,4.329,4.3287,-0.0003,1,,0,3,3,0,0,m1,1PJJAyxet5ARk1XH3GjK9tVTPH3keFUewkjkfi,0082ae4ec5bb51fe1659e74fef831ff94efe2100259dbf0ca033344c83647da7,946686026,946686022,4,1,0,0,21.1246,361,
run4-tbt-3s,1,continentale,3,none,true,12,364,31,1,m1,1PJJAyxet5ARk1XH3GjK9tVTPH3keFUewkjkfi,45901,29,354,1.0,45901.0,69807.0,0.657542,1.61341525e-05,0.74057373,0.47684026,0.67576178,-0.667,1.500,3.394,3.3939,-0.0001,1,,1,1,1,1,1,m1,1PJJAyxet5ARk1XH3GjK9tVTPH3keFUewkjkfi,00139b76da13dc871d17ed377195fa6b0573954147be4a5eb4579f54e88037e4,946686030,946686026,3,1,1,1,7.1925,361,8
run4-tbt-3s,1,continentale,3,none,true,12,364,31,1,m2,1VAcJXZ4zmVYXXG3RSh25pvJNoJdBeVy9ChdT6,18080,29,354,1.0,18080.0,69807.0,0.259,6.64562599e-05,1.20152918,0.30073398,0.99033372,-0.667,1.500,4.338,4.3376,-0.0004,1,,0,2,2,0,0,m1,1PJJAyxet5ARk1XH3GjK9tVTPH3keFUewkjkfi,00139b76da13dc871d17ed377195fa6b0573954147be4a5eb4579f54e88037e4,946686030,946686026,3,1,1,1,9.4406,361,
run4-tbt-3s,1,continentale,3,none,true,12,364,31,1,m3,1VuBTTQVFkVMQoHen4dKPJgUfqJY1ta899xaf7,5826,29,354,1.0,5826.0,69807.0,0.083459,0.000324386543,1.889876,0.15109054,1.0,-0.667,1.500,4.367,4.3666,-0.0004,1,,0,3,3,0,0,m1,1PJJAyxet5ARk1XH3GjK9tVTPH3keFUewkjkfi,00139b76da13dc871d17ed377195fa6b0573954147be4a5eb4579f54e88037e4,946686030,946686026,3,1,1,1,21.1246,361,
run4-tbt-3s,1,continentale,3,none,true,12,365,31,1,m1,1PJJAyxet5ARk1XH3GjK9tVTPH3keFUewkjkfi,45901,29,354,1.0,45901.0,69807.0,0.657542,0.000119956633,5.50612941,0.0040618,0.99976917,-0.833,1.500,4.333,4.3327,-0.0003,1,,1,2,2,0,0,m1,1PJJAyxet5ARk1XH3GjK9tVTPH3keFUewkjkfi,00dbabdcfa00d27bba7441eeae67632c7fa56633dee69f95a6550d20543629c3,946686035,946686030,4,1,0,0,7.1925,361,9
run4-tbt-3s,1,continentale,3,none,true,12,365,31,1,m2,1VAcJXZ4zmVYXXG3RSh25pvJNoJdBeVy9ChdT6,18080,29,354,1.0,18080.0,69807.0,0.259,1.61765965e-05,0.29247286,0.7464155,0.67672104,-0.917,1.500,3.347,3.3468,-0.0002,1,,0,1,1,1,1,m1,1PJJAyxet5ARk1XH3GjK9tVTPH3keFUewkjkfi,00dbabdcfa00d27bba7441eeae67632c7fa56633dee69f95a6550d20543629c3,946686035,946686030,4,1,0,0,9.4406,361,
run4-tbt-3s,1,continentale,3,none,true,12,365,31,1,m3,1VuBTTQVFkVMQoHen4dKPJgUfqJY1ta899xaf7,5826,29,354,1.0,5826.0,69807.0,0.083459,0.000465612828,2.71266034,0.06636003,1.0,-0.833,1.500,4.333,4.3334,0.0004,1,,0,3,3,0,0,m1,1PJJAyxet5ARk1XH3GjK9tVTPH3keFUewkjkfi,00dbabdcfa00d27bba7441eeae67632c7fa56633dee69f95a6550d20543629c3,946686035,946686030,4,1,0,0,21.1246,361,
run4-tbt-3s,1,continentale,3,none,true,12,366,31,1,m1,1PJJAyxet5ARk1XH3GjK9tVTPH3keFUewkjkfi,45901,29,354,1.0,45901.0,69807.0,0.657542,1.55096907e-05,0.71191031,0.4907059,0.66131506,-1.0,1.500,3.284,3.2839,-0.0001,1,,1,1,1,1,1,m1,1PJJAyxet5ARk1XH3GjK9tVTPH3keFUewkjkfi,004014283b6baa5fee92acc88a64b68df401a6cf2f36a2f81bc0dbde74c2cfc1,946686038,946686035,3,1,0,0,7.1925,361,10
run4-tbt-3s,1,continentale,3,none,true,12,366,31,1,m2,1VAcJXZ4zmVYXXG3RSh25pvJNoJdBeVy9ChdT6,18080,29,354,1.0,18080.0,69807.0,0.259,2.53161388e-05,0.45771579,0.63272728,0.82919687,-1.0,1.500,3.788,3.7876,-0.0004,1,,0,2,2,0,0,m1,1PJJAyxet5ARk1XH3GjK9tVTPH3keFUewkjkfi,004014283b6baa5fee92acc88a64b68df401a6cf2f36a2f81bc0dbde74c2cfc1,946686038,946686035,3,1,0,0,9.4406,361,
run4-tbt-3s,1,continentale,3,none,true,12,366,31,1,m3,1VuBTTQVFkVMQoHen4dKPJgUfqJY1ta899xaf7,5826,29,354,1.0,5826.0,69807.0,0.083459,0.000431449099,2.51362245,0.08097438,1.0,-1.0,1.500,4.3,4.3,-0.0,1,,0,3,3,0,0,m1,1PJJAyxet5ARk1XH3GjK9tVTPH3keFUewkjkfi,004014283b6baa5fee92acc88a64b68df401a6cf2f36a2f81bc0dbde74c2cfc1,946686038,946686035,3,1,0,0,21.1246,361,
run4-tbt-3s,1,continentale,3,none,true,12,367,31,1,m1,1PJJAyxet5ARk1XH3GjK9tVTPH3keFUewkjkfi,51006,30,366,1.0,51006.0,75625.0,0.67446,1.3296901e-05,0.67822173,0.50751869,0.63416693,-0.833,1.500,3.236,3.2359,-0.0001,1,,1,1,1,1,1,m1,1PJJAyxet5ARk1XH3GjK9tVTPH3keFUewkjkfi,00b786962c8566e60b4736f48b50cf5646a16e4e45d7a202c66c0a02e2eb155a,946686041,946686038,3,1,0,0,7.1925,361,11
run4-tbt-3s,1,continentale,3,none,true,12,367,31,1,m2,1VAcJXZ4zmVYXXG3RSh25pvJNoJdBeVy9ChdT6,18080,29,354,1.0,18080.0,75625.0,0.239074,4.40733349e-05,0.79684589,0.45074843,0.96431575,-0.833,1.500,4.226,4.2263,0.0003,1,,0,2,2,0,0,m1,1PJJAyxet5ARk1XH3GjK9tVTPH3keFUewkjkfi,00b786962c8566e60b4736f48b50cf5646a16e4e45d7a202c66c0a02e2eb155a,946686041,946686038,3,1,0,0,9.4406,361,
run4-tbt-3s,1,continentale,3,none,true,12,367,31,1,m3,1VuBTTQVFkVMQoHen4dKPJgUfqJY1ta899xaf7,6539,30,366,1.0,6539.0,75625.0,0.086466,0.000134875171,0.88194874,0.41397539,0.99996283,-0.833,1.500,4.333,4.3333,0.0003,1,,0,3,3,0,0,m1,1PJJAyxet5ARk1XH3GjK9tVTPH3keFUewkjkfi,00b786962c8566e60b4736f48b50cf5646a16e4e45d7a202c66c0a02e2eb155a,946686041,946686038,3,1,0,0,21.1246,361,
run4-tbt-3s,1,continentale,3,none,true,12,368,31,1,m1,1PJJAyxet5ARk1XH3GjK9tVTPH3keFUewkjkfi,51006,30,366,1.0,51006.0,75625.0,0.67446,1.57044963e-05,0.80102354,0.44886929,0.69506375,-0.917,1.500,3.402,3.4018,-0.0002,1,,0,2,2,0,0,m2,1VAcJXZ4zmVYXXG3RSh25pvJNoJdBeVy9ChdT6,00d5139dd8cb6aa4e9f1b8f02343236ea788e9a0385f9ee121562f62d34c3716,946686044,946686041,1,1,0,0,7.1925,361,
run4-tbt-3s,1,continentale,3,none,true,12,368,31,1,m2,1VAcJXZ4zmVYXXG3RSh25pvJNoJdBeVy9ChdT6,18080,29,354,1.0,18080.0,75625.0,0.239074,3.24159349e-06,0.05860801,0.94307637,0.21740934,-0.917,1.500,1.969,1.9688,-0.0002,1,,1,1,1,1,1,m2,1VAcJXZ4zmVYXXG3RSh25pvJNoJdBeVy9ChdT6,00d5139dd8cb6aa4e9f1b8f02343236ea788e9a0385f9ee121562f62d34c3716,946686044,946686041,1,1,0,0,9.4406,361,1
run4-tbt-3s,1,continentale,3,none,true,12,368,31,1,m3,1VuBTTQVFkVMQoHen4dKPJgUfqJY1ta899xaf7,6539,30,366,1.0,6539.0,75625.0,0.086466,9.54445247e-05,0.62411175,0.53573709,0.99926673,-0.917,1.500,4.314,4.3144,0.0004,1,,0,3,3,0,0,m2,1VAcJXZ4zmVYXXG3RSh25pvJNoJdBeVy9ChdT6,00d5139dd8cb6aa4e9f1b8f02343236ea788e9a0385f9ee121562f62d34c3716,946686044,946686041,1,1,0,0,21.1246,361,
run4-tbt-3s,1,continentale,3,none,true,12,369,31,1,m1,1PJJAyxet5ARk1XH3GjK9tVTPH3keFUewkjkfi,51006,30,366,1.0,51006.0,75625.0,0.67446,3.88656927e-06,0.19823835,0.82017434,0.25466523,-0.75,1.500,2.114,2.114,-0.0,1,,1,1,1,1,1,m1,1PJJAyxet5ARk1XH3GjK9tVTPH3keFUewkjkfi,00b1f6adfdbc943e3b8a7f7b68e7fc9b57c66ddc32f8591714a27ab31eabde71,946686047,946686044,2,1,0,0,7.1925,361,1
run4-tbt-3s,1,continentale,3,none,true,12,369,31,1,m2,1VAcJXZ4zmVYXXG3RSh25pvJNoJdBeVy9ChdT6,18080,29,354,1.0,18080.0,75625.0,0.239074,1.63204113e-05,0.29507304,0.74447721,0.70894153,-0.75,1.500,3.477,3.4768,-0.0002,1,,0,2,2,0,0,m1,1PJJAyxet5ARk1XH3GjK9tVTPH3keFUewkjkfi,00b1f6adfdbc943e3b8a7f7b68e7fc9b57c66ddc32f8591714a27ab31eabde71,946686047,946686044,2,1,0,0,9.4406,361,
run4-tbt-3s,1,continentale,3,none,true,12,369,31,1,m3,1VuBTTQVFkVMQoHen4dKPJgUfqJY1ta899xaf7,6539,30,366,1.0,6539.0,75625.0,0.086466,8.45433904e-05,0.55282923,0.57531979,0.99832776,-0.75,1.500,4.345,4.345,-0.0,1,,0,3,3,0,0,m1,1PJJAyxet5ARk1XH3GjK9tVTPH3keFUewkjkfi,00b1f6adfdbc943e3b8a7f7b68e7fc9b57c66ddc32f8591714a27ab31eabde71,946686047,946686044,2,1,0,0,21.1246,361,
run4-tbt-3s,1,continentale,3,none,true,12,370,31,1,m1,1PJJAyxet5ARk1XH3GjK9tVTPH3keFUewkjkfi,51006,30,366,1.0,51006.0,75625.0,0.67446,3.54221785e-05,1.80674364,0.16418792,0.93135468,-0.75,1.500,4.144,4.1441,0.0001,1,,1,1,1,1,1,m1,1PJJAyxet5ARk1XH3GjK9tVTPH3keFUewkjkfi,007c54665aca23006bbce177b42b5a475207d9542b563d50d8b4186dd8b10419,946686051,946686047,4,1,0,0,108.5823,370,2
run4-tbt-3s,1,continentale,3,none,true,12,370,31,1,m2,1VAcJXZ4zmVYXXG3RSh25pvJNoJdBeVy9ChdT6,18080,29,354,1.0,18080.0,75625.0,0.239074,6.18654225e-05,1.11852684,0.32676081,0.99070773,-0.75,1.500,4.322,4.3221,0.0001,1,,0,2,2,0,0,m1,1PJJAyxet5ARk1XH3GjK9tVTPH3keFUewkjkfi,007c54665aca23006bbce177b42b5a475207d9542b563d50d8b4186dd8b10419,946686051,946686047,4,1,0,0,109.4406,370,
run4-tbt-3s,1,continentale,3,none,true,12,370,31,1,m3,1VuBTTQVFkVMQoHen4dKPJgUfqJY1ta899xaf7,6539,30,366,1.0,6539.0,75625.0,0.086466,0.000631668977,4.13048344,0.01607511,1.0,-0.75,1.500,4.35,4.35,0.0,1,,0,3,3,0,0,m1,1PJJAyxet5ARk1XH3GjK9tVTPH3keFUewkjkfi,007c54665aca23006bbce177b42b5a475207d9542b563d50d8b4186dd8b10419,946686051,946686047,4,1,0,0,21.019,370,
run4-tbt-3s,1,continentale,3,none,true,12,371,31,1,m1,1PJJAyxet5ARk1XH3GjK9tVTPH3keFUewkjkfi,51006,30,366,1.0,51006.0,75625.0,0.67446,3.99822606e-05,2.03933518,0.13011518,0.95137699,-0.75,1.500,4.204,4.2041,0.0001,1,,1,2,2,0,0,m1,1PJJAyxet5ARk1XH3GjK9tVTPH3keFUewkjkfi,00f0010157a25671b23b28dfd9d00ca6362384790093a0c06d646c48ad800efc,946686056,946686051,4,1,0,0,108.5823,370,3
run4-tbt-3s,1,continentale,3,none,true,12,371,31,1,m2,1VAcJXZ4zmVYXXG3RSh25pvJNoJdBeVy9ChdT6,18080,29,354,1.0,18080.0,75625.0,0.239074,3.86178007e-05,0.69820984,0.49747507,0.94609172,-0.75,1.500,4.188,4.1883,0.0003,1,,0,1,1,1,1,m1,1PJJAyxet5ARk1XH3GjK9tVTPH3keFUewkjkfi,00f0010157a25671b23b28dfd9d00ca6362384790093a0c06d646c48ad800efc,946686056,946686051,4,1,0,0,109.4406,370,
run4-tbt-3s,1,continentale,3,none,true,12,371,31,1,m3,1VuBTTQVFkVMQoHen4dKPJgUfqJY1ta899xaf7,6539,30,366,1.0,6539.0,75625.0,0.086466,0.000163848782,1.07140719,0.34252618,0.99999584,-0.75,1.500,4.35,4.35,-0.0,1,,0,3,3,0,0,m1,1PJJAyxet5ARk1XH3GjK9tVTPH3keFUewkjkfi,00f0010157a25671b23b28dfd9d00ca6362384790093a0c06d646c48ad800efc,946686056,946686051,4,1,0,0,21.019,370,
run4-tbt-3s,1,continentale,3,none,true,12,372,32,1,m1,1PJJAyxet5ARk1XH3GjK9tVTPH3keFUewkjkfi,51006,30,366,1.0,51006.0,75625.0,0.67446,1.77176421e-05,0.90370605,0.40506568,0.73812728,-0.917,1.500,3.531,3.531,-0.0,1,,1,1,1,1,1,m1,1PJJAyxet5ARk1XH3GjK9tVTPH3keFUewkjkfi,009275c52debcbc23e27c96b10986f6c3f555fafc1ad4f34f8c506a2c75b9d39,946686060,946686056,3,1,1,1,108.5823,370,4
run4-tbt-3s,1,continentale,3,none,true,12,372,32,1,m2,1VAcJXZ4zmVYXXG3RSh25pvJNoJdBeVy9ChdT6,18080,29,354,1.0,18080.0,75625.0,0.239074,0.000108654232,1.96446851,0.1402304,0.99972997,-0.917,1.500,4.316,4.3158,-0.0002,1,,0,2,2,0,0,m1,1PJJAyxet5ARk1XH3GjK9tVTPH3keFUewkjkfi,009275c52debcbc23e27c96b10986f6c3f555fafc1ad4f34f8c506a2c75b9d39,946686060,946686056,3,1,1,1,109.4406,370,
run4-tbt-3s,1,continentale,3,none,true,12,372,32,1,m3,1VuBTTQVFkVMQoHen4dKPJgUfqJY1ta899xaf7,6539,30,366,1.0,6539.0,75625.0,0.086466,0.000417301683,2.72873571,0.0653018,1.0,-0.917,1.500,4.317,4.3166,-0.0004,1,,0,3,3,0,0,m1,1PJJAyxet5ARk1XH3GjK9tVTPH3keFUewkjkfi,009275c52debcbc23e27c96b10986f6c3f555fafc1ad4f34f8c506a2c75b9d39,946686060,946686056,3,1,1,1,21.019,370,
run4-tbt-3s,1,continentale,3,none,true,12,373,32,1,m1,1PJJAyxet5ARk1XH3GjK9tVTPH3keFUewkjkfi,51006,30,366,1.0,51006.0,75625.0,0.67446,4.15464993e-07,0.02119121,0.97903175,0.03093108,-0.833,1.500,1.426,1.4262,0.0002,1,,1,1,1,1,1,m1,1PJJAyxet5ARk1XH3GjK9tVTPH3keFUewkjkfi,00bf6c4edff50f10359858198b23b9ba77d293d9adac6b7eb74ebb59b9c14b8b,946686062,946686060,1,1,0,0,108.5823,370,5
run4-tbt-3s,1,continentale,3,none,true,12,373,32,1,m2,1VAcJXZ4zmVYXXG3RSh25pvJNoJdBeVy9ChdT6,18080,29,354,1.0,18080.0,75625.0,0.239074,6.04741805e-05,1.09337318,0.33508428,0.98967678,-0.833,1.500,4.302,4.3024,0.0004,1,,0,2,2,0,0,m1,1PJJAyxet5ARk1XH3GjK9tVTPH3keFUewkjkfi,00bf6c4edff50f10359858198b23b9ba77d293d9adac6b7eb74ebb59b9c14b8b,946686062,946686060,1,1,0,0,109.4406,370,
run4-tbt-3s,1,continentale,3,none,true,12,373,32,1,m3,1VuBTTQVFkVMQoHen4dKPJgUfqJY1ta899xaf7,6539,30,366,1.0,6539.0,75625.0,0.086466,0.00016883967,1.1040426,0.33152813,0.99999715,-0.833,1.500,4.333,4.3334,0.0004,1,,0,3,3,0,0,m1,1PJJAyxet5ARk1XH3GjK9tVTPH3keFUewkjkfi,00bf6c4edff50f10359858198b23b9ba77d293d9adac6b7eb74ebb59b9c14b8b,946686062,946686060,1,1,0,0,21.019,370,
run4-tbt-3s,1,continentale,3,none,true,12,374,32,1,m1,1PJJAyxet5ARk1XH3GjK9tVTPH3keFUewkjkfi,51006,30,366,1.0,51006.0,75625.0,0.67446,2.92109638e-05,1.48993442,0.22538744,0.89019829,-0.667,1.500,4.037,4.0372,0.0002,1,,1,2,2,0,0,m1,1PJJAyxet5ARk1XH3GjK9tVTPH3keFUewkjkfi,00931f0445d8554e0eca5e5b1b5e3e74a7da79842491a7472cc8bf6aa99ca8a3,946686067,946686062,4,1,0,0,108.5823,370,6
run4-tbt-3s,1,continentale,3,none,true,12,374,32,1,m2,1VAcJXZ4zmVYXXG3RSh25pvJNoJdBeVy9ChdT6,18080,29,354,1.0,18080.0,75625.0,0.239074,1.31172516e-05,0.23715991,0.78886513,0.62916281,-0.667,1.500,3.254,3.2541,0.0001,1,,0,1,1,1,1,m1,1PJJAyxet5ARk1XH3GjK9tVTPH3keFUewkjkfi,00931f0445d8554e0eca5e5b1b5e3e74a7da79842491a7472cc8bf6aa99ca8a3,946686067,946686062,4,1,0,0,109.4406,370,
run4-tbt-3s,1,continentale,3,none,true,12,374,32,1,m3,1VuBTTQVFkVMQoHen4dKPJgUfqJY1ta899xaf7,6539,30,366,1.0,6539.0,75625.0,0.086466,8.73301393e-05,0.57105178,0.56493094,0.99864553,-0.667,1.500,4.363,4.3625,-0.0005,1,,0,3,3,0,0,m1,1PJJAyxet5ARk1XH3GjK9tVTPH3keFUewkjkfi,00931f0445d8554e0eca5e5b1b5e3e74a7da79842491a7472cc8bf6aa99ca8a3,946686067,946686062,4,1,0,0,21.019,370,
run4-tbt-3s,1,continentale,3,none,true,12,375,32,1,m1,1PJJAyxet5ARk1XH3GjK9tVTPH3keFUewkjkfi,51006,30,366,1.0,51006.0,75625.0,0.67446,3.54916933e-05,1.81028931,0.1636068,0.9317146,-0.75,1.500,4.145,4.1451,0.0001,1,,0,2,2,0,0,m2,1VAcJXZ4zmVYXXG3RSh25pvJNoJdBeVy9ChdT6,00b9a0a4be26585b8b2d6ed3ff1e58bf42b49741d519d6c359172d63ea0dcb44,946686070,946686067,2,1,0,0,108.5823,370,
run4-tbt-3s,1,continentale,3,none,true,12,375,32,1,m2,1VAcJXZ4zmVYXXG3RSh25pvJNoJdBeVy9ChdT6,18080,29,354,1.0,18080.0,75625.0,0.239074,5.9234102e-06,0.10709526,0.89844009,0.36106842,-0.75,1.500,2.433,2.4332,0.0002,1,,1,1,1,1,1,m2,1VAcJXZ4zmVYXXG3RSh25pvJNoJdBeVy9ChdT6,00b9a0a4be26585b8b2d6ed3ff1e58bf42b49741d519d6c359172d63ea0dcb44,946686070,946686067,2,1,0,0,109.4406,370,1
run4-tbt-3s,1,continentale,3,none,true,12,375,32,1,m3,1VuBTTQVFkVMQoHen4dKPJgUfqJY1ta899xaf7,6539,30,366,1.0,6539.0,75625.0,0.086466,7.60319058e-05,0.49717263,0.60824797,0.99681694,-0.75,1.500,4.34,4.3405,0.0005,1,,0,3,3,0,0,m2,1VAcJXZ4zmVYXXG3RSh25pvJNoJdBeVy9ChdT6,00b9a0a4be26585b8b2d6ed3ff1e58bf42b49741d519d6c359172d63ea0dcb44,946686070,946686067,2,1,0,0,21.019,370,
run4-tbt-3s,1,continentale,3,none,true,12,376,32,1,m1,1PJJAyxet5ARk1XH3GjK9tVTPH3keFUewkjkfi,51006,30,366,1.0,51006.0,75625.0,0.67446,8.3019126e-07,0.04234474,0.95853928,0.06085295,-0.667,1.500,1.549,1.5492,0.0002,1,,1,1,1,1,1,m1,1PJJAyxet5ARk1XH3GjK9tVTPH3keFUewkjkfi,0045ca338fbe352590d2f4c04622a379ea40d972a25a92695f77d59f642adefa,946686073,946686070,1,1,0,0,108.5823,370,1
run4-tbt-3s,1,continentale,3,none,true,12,376,32,1,m2,1VAcJXZ4zmVYXXG3RSh25pvJNoJdBeVy9ChdT6,18080,29,354,1.0,18080.0,75625.0,0.239074,9.46294687e-05,1.71090079,0.18070294,0.99922011,-0.667,1.500,4.364,4.3643,0.0003,1,,0,2,2,0,0,m1,1PJJAyxet5ARk1XH3GjK9tVTPH3keFUewkjkfi,0045ca338fbe352590d2f4c04622a379ea40d972a25a92695f77d59f642adefa,946686073,946686070,1,1,0,0,109.4406,370,
run4-tbt-3s,1,continentale,3,none,true,12,376,32,1,m3,1VuBTTQVFkVMQoHen4dKPJgUfqJY1ta899xaf7,6539,30,366,1.0,6539.0,75625.0,0.086466,0.000368103163,2.40702658,0.09008275,1.0,-0.667,1.500,4.367,4.3666,-0.0004,1,,0,3,3,0,0,m1,1PJJAyxet5ARk1XH3GjK9tVTPH3keFUewkjkfi,0045ca338fbe352590d2f4c04622a379ea40d972a25a92695f77d59f642adefa,946686073,946686070,1,1,0,0,21.019,370,
run4-tbt-3s,1,continentale,3,none,true,12,377,32,1,m1,1PJJAyxet5ARk1XH3GjK9tVTPH3keFUewkjkfi,51006,30,366,1.0,51006.0,75625.0,0.67446,4.29822093e-05,2.19235057,0.11165399,0.96124632,-0.583,1.500,4.267,4.2671,0.0001,1,,0,2,2,0,0,m2,1VAcJXZ4zmVYXXG3RSh25pvJNoJdBeVy9ChdT6,0027db60c3bd36a0e78a59704488d6d3fc9cf851b333df8251929efb1bc4775c,946686077,946686073,2,1,0,0,108.5823,370,
run4-tbt-3s,1,continentale,3,none,true,12,377,32,1,m2,1VAcJXZ4zmVYXXG3RSh25pvJNoJdBeVy9ChdT6,18080,29,354,1.0,18080.0,75625.0,0.239074,7.80118504e-06,0.14104543,0.86844986,0.4456531,-0.583,1.500,2.72,2.7204,0.0004,1,,1,1,1,1,1,m2,1VAcJXZ4zmVYXXG3RSh25pvJNoJdBeVy9ChdT6,0027db60c3bd36a0e78a59704488d6d3fc9cf851b333df8251929efb1bc4775c,946686077,946686073,2,1,0,0,109.4406,370,1
run4-tbt-3s,1,continentale,3,none,true,12,377,32,1,m3,1VuBTTQVFkVMQoHen4dKPJgUfqJY1ta899xaf7,6539,30,366,1.0,6539.0,75625.0,0.086466,0.000168131745,1.09941348,0.33306638,0.99999699,-0.583,1.500,4.383,4.3834,0.0004,1,,0,3,3,0,0,m2,1VAcJXZ4zmVYXXG3RSh25pvJNoJdBeVy9ChdT6,0027db60c3bd36a0e78a59704488d6d3fc9cf851b333df8251929efb1bc4775c,946686077,946686073,2,1,0,0,21.019,370,
run4-tbt-3s,1,continentale,3,none,true,12,378,32,1,m1,1PJJAyxet5ARk1XH3GjK9tVTPH3keFUewkjkfi,51006,30,366,1.0,51006.0,75625.0,0.67446,5.13831465e-05,2.62084877,0.0727411,0.97946964,-0.5,1.500,4.338,4.3384,0.0004,1,,0,2,2,0,0,m2,1VAcJXZ4zmVYXXG3RSh25pvJNoJdBeVy9ChdT6,00d26ed1a82834a5720b52ae129714b3774997de04d5622fb5524232a8693174,946686081,946686077,3,1,0,0,7.0677,378,
run4-tbt-3s,1,continentale,3,none,true,12,378,32,1,m2,1VAcJXZ4zmVYXXG3RSh25pvJNoJdBeVy9ChdT6,18080,29,354,1.0,18080.0,75625.0,0.239074,1.41120719e-05,0.25514626,0.77480317,0.65603846,-0.5,1.500,3.368,3.3681,0.0001,1,,1,1,1,1,1,m2,1VAcJXZ4zmVYXXG3RSh25pvJNoJdBeVy9ChdT6,00d26ed1a82834a5720b52ae129714b3774997de04d5622fb5524232a8693174,946686081,946686077,3,1,0,0,45.4208,378,2
run4-tbt-3s,1,continentale,3,none,true,12,378,32,1,m3,1VuBTTQVFkVMQoHen4dKPJgUfqJY1ta899xaf7,6539,30,366,1.0,6539.0,75625.0,0.086466,9.05605963e-05,0.59217574,0.55312252,0.99893911,-0.5,1.500,4.397,4.3968,-0.0002,1,,0,3,3,0,0,m2,1VAcJXZ4zmVYXXG3RSh25pvJNoJdBeVy9ChdT6,00d26ed1a82834a5720b52ae129714b3774997de04d5622fb5524232a8693174,946686081,946686077,3,1,0,0,17.0938,378,
run4-tbt-3s,1,continentale,3,none,true,12,379,32,1,m1,1PJJAyxet5ARk1XH3GjK9tVTPH3keFUewkjkfi,52503,31,378,1.0,52503.0,76180.0,0.689197,4.59241749e-06,0.2411157,0.78575071,0.29520646,-0.583,1.500,2.269,2.269,0.0,1,,0,2,2,0,0,m3,1VuBTTQVFkVMQoHen4dKPJgUfqJY1ta899xaf7,00c2e786cf16a1e6c4d37cb539f4a9ce473bc2e63eaab401b4ffddce791c72d3,946686084,946686081,1,1,0,0,7.0677,378,
run4-tbt-3s,1,continentale,3,none,true,12,379,32,1,m2,1VAcJXZ4zmVYXXG3RSh25pvJNoJdBeVy9ChdT6,15434,31,378,1.0,15434.0,76180.0,0.202599,0.000107158468,1.6538838,0.19130547,0.99971509,-0.583,1.500,4.382,4.3825,0.0005,1,,0,3,3,0,0,m3,1VuBTTQVFkVMQoHen4dKPJgUfqJY1ta899xaf7,00c2e786cf16a1e6c4d37cb539f4a9ce473bc2e63eaab401b4ffddce791c72d3,946686084,946686081,1,1,0,0,45.4208,378,
run4-tbt-3s,1,continentale,3,none,true,12,379,32,1,m3,1VuBTTQVFkVMQoHen4dKPJgUfqJY1ta899xaf7,8243,31,378,1.0,8243.0,76180.0,0.108204,2.88546752e-06,0.02378491,0.97649572,0.19733265,-0.583,1.500,1.975,1.9754,0.0004,1,,1,1,1,1,1,m3,1VuBTTQVFkVMQoHen4dKPJgUfqJY1ta899xaf7,00c2e786cf16a1e6c4d37cb539f4a9ce473bc2e63eaab401b4ffddce791c72d3,946686084,946686081,1,1,0,0,17.0938,378,1
run4-tbt-3s,1,continentale,3,none,true,12,380,32,1,m1,1PJJAyxet5ARk1XH3GjK9tVTPH3keFUewkjkfi,52503,31,378,1.0,52503.0,76180.0,0.689197,8.12773722e-06,0.42673059,0.65263936,0.46160943,-0.583,1.500,2.768,2.7682,0.0002,1,,1,1,1,1,1,m1,1PJJAyxet5ARk1XH3GjK9tVTPH3keFUewkjkfi,0028a1bb527598845b8b4b86810f0de63be761056ff4d59bad2919ecfcf2aa3f,946686089,946686084,2,1,1,1,7.0677,378,1
run4-tbt-3s,1,continentale,3,none,true,12,380,32,1,m2,1VAcJXZ4zmVYXXG3RSh25pvJNoJdBeVy9ChdT6,15434,31,378,1.0,15434.0,76180.0,0.202599,2.79351505e-05,0.43115111,0.64976072,0.88093667,-0.583,1.500,4.026,4.0262,0.0002,1,,0,2,2,0,0,m1,1PJJAyxet5ARk1XH3GjK9tVTPH3keFUewkjkfi,0028a1bb527598845b8b4b86810f0de63be761056ff4d59bad2919ecfcf2aa3f,946686089,946686084,2,1,1,1,45.4208,378,
run4-tbt-3s,1,continentale,3,none,true,12,380,32,1,m3,1VuBTTQVFkVMQoHen4dKPJgUfqJY1ta899xaf7,8243,31,378,1.0,8243.0,76180.0,0.108204,8.61886359e-05,0.71045293,0.49142157,0.99859237,-0.583,1.500,4.379,4.3792,0.0002,1,,0,3,3,0,0,m1,1PJJAyxet5ARk1XH3GjK9tVTPH3keFUewkjkfi,0028a1bb527598845b8b4b86810f0de63be761056ff4d59bad2919ecfcf2aa3f,946686089,946686084,2,1,1,1,17.0938,378,
run4-tbt-3s,1,continentale,3,none,true,12,381,32,1,m1,1PJJAyxet5ARk1XH3GjK9tVTPH3keFUewkjkfi,52503,31,378,1.0,52503.0,76180.0,0.689197,1.272587e-06,0.06681464,0.93536857,0.09239469,-0.75,1.500,1.627,1.6272,0.0002,1,,1,1,1,1,1,m1,1PJJAyxet5ARk1XH3GjK9tVTPH3keFUewkjkfi,00c408d810efc6ac86ee5b67cd31dc9643e1fb3b0c72060fe132b15259740f83,946686091,946686089,1,1,0,0,7.0677,378,2
run4-tbt-3s,1,continentale,3,none,true,12,381,32,1,m2,1VAcJXZ4zmVYXXG3RSh25pvJNoJdBeVy9ChdT6,15434,31,378,1.0,15434.0,76180.0,0.202599,6.85570599e-05,1.05810966,0.34711135,0.99460713,-0.75,1.500,4.334,4.3338,-0.0002,1,,0,3,3,0,0,m1,1PJJAyxet5ARk1XH3GjK9tVTPH3keFUewkjkfi,00c408d810efc6ac86ee5b67cd31dc9643e1fb3b0c72060fe132b15259740f83,946686091,946686089,1,1,0,0,45.4208,378,
run4-tbt-3s,1,continentale,3,none,true,12,381,32,1,m3,1VuBTTQVFkVMQoHen4dKPJgUfqJY1ta899xaf7,8243,31,378,1.0,8243.0,76180.0,0.108204,4.03042586e-05,0.332228,0.71732375,0.95359641,-0.75,1.500,4.211,4.2108,-0.0002,1,,0,2,2,0,0,m1,1PJJAyxet5ARk1XH3GjK9tVTPH3keFUewkjkfi,00c408d810efc6ac86ee5b67cd31dc9643e1fb3b0c72060fe132b15259740f83,946686091,946686089,1,1,0,0,17.0938,378,
run4-tbt-3s,1,continentale,3,none,true,12,382,32,1,m1,1PJJAyxet5ARk1XH3GjK9tVTPH3keFUewkjkfi,52503,31,378,1.0,52503.0,76180.0,0.689197,5.07775449e-05,2.66597344,0.06953164,0.97910475,-0.667,1.500,4.304,4.3039,-0.0001,1,,1,2,2,0,0,m1,1PJJAyxet5ARk1XH3GjK9tVTPH3keFUewkjkfi,00aed5cdeacc7f86460b875a8c86c04c3f8ff65059fe7f0c72a684e79269edf2,946686095,946686091,4,1,1,1,7.0677,378,3
run4-tbt-3s,1,continentale,3,none,true,12,382,32,1,m2,1VAcJXZ4zmVYXXG3RSh25pvJNoJdBeVy9ChdT6,15434,31,378,1.0,15434.0,76180.0,0.202599,0.000103560528,1.59835319,0.20222928,0.99962525,-0.667,1.500,4.366,4.3655,-0.0005,1,,0,3,3,0,0,m1,1PJJAyxet5ARk1XH3GjK9tVTPH3keFUewkjkfi,00aed5cdeacc7f86460b875a8c86c04c3f8ff65059fe7f0c72a684e79269edf2,946686095,946686091,4,1,1,1,45.4208,378,
run4-tbt-3s,1,continentale,3,none,true,12,382,32,1,m3,1VuBTTQVFkVMQoHen4dKPJgUfqJY1ta899xaf7,8243,31,378,1.0,8243.0,76180.0,0.108204,2.03315532e-05,0.16759299,0.84569797,0.78750944,-0.667,1.500,3.729,3.7291,0.0001,1,,0,1,1,1,1,m1,1PJJAyxet5ARk1XH3GjK9tVTPH3keFUewkjkfi,00aed5cdeacc7f86460b875a8c86c04c3f8ff65059fe7f0c72a684e79269edf2,946686095,946686091,4,1,1,1,17.0938,378,
run4-tbt-3s,1,continentale,3,none,true,12,383,32,1,m1,1PJJAyxet5ARk1XH3GjK9tVTPH3keFUewkjkfi,52503,31,378,1.0,52503.0,76180.0,0.689197,2.63424437e-06,0.13830573,0.87083241,0.18182312,-0.667,1.500,1.912,1.9121,0.0001,1,,1,1,1,1,1,m1,1PJJAyxet5ARk1XH3GjK9tVTPH3keFUewkjkfi,00d4c1a0c921fbe1a37b91b5b04dc15ad95e540e492bff2c9c6e0e05fc68db42,946686098,946686095,1,1,0,0,7.0677,378,4
run4-tbt-3s,1,continentale,3,none,true,12,383,32,1,m2,1VAcJXZ4zmVYXXG3RSh25pvJNoJdBeVy9ChdT6,15434,31,378,1.0,15434.0,76180.0,0.202599,0.000193898382,2.99262763,0.05015547,0.99999962,-0.75,1.500,4.35,4.35,-0.0,1,,0,2,2,0,0,m1,1PJJAyxet5ARk1XH3GjK9tVTPH3keFUewkjkfi,00d4c1a0c921fbe1a37b91b5b04dc15ad95e540e492bff2c9c6e0e05fc68db42,946686098,946686095,1,1,0,0,45.4208,378,
run4-tbt-3s,1,continentale,3,none,true,12,383,32,1,m3,1VuBTTQVFkVMQoHen4dKPJgUfqJY1ta899xaf7,8243,31,378,1.0,8243.0,76180.0,0.108204,0.000235462715,1.94091916,0.14357192,0.99999998,-0.667,1.500,4.367,4.3666,-0.0004,1,,0,3,3,0,0,m1,1PJJAyxet5ARk1XH3GjK9tVTPH3keFUewkjkfi,00d4c1a0c921fbe1a37b91b5b04dc15ad95e540e492bff2c9c6e0e05fc68db42,946686098,946686095,1,1,0,0,17.0938,378,
run4-tbt-3s,1,continentale,3,none,true,12,384,33,1,m1,1PJJAyxet5ARk1XH3GjK9tVTPH3keFUewkjkfi,52503,31,378,1.0,52503.0,76180.0,0.689197,4.86544189e-05,2.55450296,0.07773086,0.9754365,-0.5,1.500,4.326,4.3263,0.0003,1,,1,1,1,1,1,m1,1PJJAyxet5ARk1XH3GjK9tVTPH3keFUewkjkfi,00b38a1b46424412ad3b255f75beb2cd49a843f71cb5d53f8d1e45bd5f154574,946686102,946686098,4,1,1,1,7.0677,378,5
run4-tbt-3s,1,continentale,3,none,true,12,384,33,1,m2,1VAcJXZ4zmVYXXG3RSh25pvJNoJdBeVy9ChdT6,15434,31,378,1.0,15434.0,76180.0,0.202599,0.000115644967,1.78486442,0.16781981,0.99985074,-0.5,1.500,4.4,4.3996,-0.0004,1,,0,3,3,0,0,m1,1PJJAyxet5ARk1XH3GjK9tVTPH3keFUewkjkfi,00b38a1b46424412ad3b255f75beb2cd49a843f71cb5d53f8d1e45bd5f154574,946686102,946686098,4,1,1,1,45.4208,378,
run4-tbt-3s,1,continentale,3,none,true,12,384,33,1,m3,1VuBTTQVFkVMQoHen4dKPJgUfqJY1ta899xaf7,8243,31,378,1.0,8243.0,76180.0,0.108204,5.04555655e-05,0.41590523,0.65974279,0.97858588,-0.5,1.500,4.336,4.3358,-0.0002,1,,0,2,2,0,0,m1,1PJJAyxet5ARk1XH3GjK9tVTPH3keFUewkjkfi,00b38a1b46424412ad3b255f75beb2cd49a843f71cb5d53f8d1e45bd5f154574,946686102,946686098,4,1,1,1,17.0938,378,
run4-tbt-3s,1,continentale,3,none,true,12,385,33,1,m1,1PJJAyxet5ARk1XH3GjK9tVTPH3keFUewkjkfi,52503,31,378,1.0,52503.0,76180.0,0.689197,2.56756226e-05,1.34804721,0.259747,0.85857262,-0.5,1.500,3.976,3.9757,-0.0003,1,,1,1,1,1,1,m1,1PJJAyxet5ARk1XH3GjK9tVTPH3keFUewkjkfi,0096fb1a3dfedb969333da652ccffada8fb703d4acaf5c38b37d047eda185e93,946686106,946686102,3,1,0,0,7.0677,378,6
run4-tbt-3s,1,continentale,3,none,true,12,385,33,1,m2,1VAcJXZ4zmVYXXG3RSh25pvJNoJdBeVy9ChdT6,15434,31,378,1.0,15434.0,76180.0,0.202599,7.20806386e-05,1.11249258,0.32873853,0.99587671,-0.5,1.500,4.388,4.3876,-0.0004,1,,0,2,2,0,0,m1,1PJJAyxet5ARk1XH3GjK9tVTPH3keFUewkjkfi,0096fb1a3dfedb969333da652ccffada8fb703d4acaf5c38b37d047eda185e93,946686106,946686102,3,1,0,0,45.4208,378,
run4-tbt-3s,1,continentale,3,none,true,12,385,33,1,m3,1VuBTTQVFkVMQoHen4dKPJgUfqJY1ta899xaf7,8243,31,378,1.0,8243.0,76180.0,0.108204,0.000491835846,4.05420288,0.0173493,1.0,-0.5,1.500,4.4,4.4,0.0,1,,0,3,3,0,0,m1,1PJJAyxet5ARk1XH3GjK9tVTPH3keFUewkjkfi,0096fb1a3dfedb969333da652ccffada8fb703d4acaf5c38b37d047eda185e93,946686106,946686102,3,1,0,0,17.0938,378,
run4-tbt-3s,1,continentale,3,none,true,12,386,33,1,m1,1PJJAyxet5ARk1XH3GjK9tVTPH3keFUewkjkfi,52503,31,378,1.0,52503.0,76180.0,0.689197,1.79038122e-05,0.94000385,0.39062633,0.74434142,-0.667,1.500,3.6,3.5996,-0.0004,1,,1,1,1,1,1,m1,1PJJAyxet5ARk1XH3GjK9tVTPH3keFUewkjkfi,009d432fba43624e25d67a8cf4fd23729c611442a0d4f210628b3b57ab2a32cc,946686111,946686106,3,1,1,1,7.4224,386,7
run4-tbt-3s,1,continentale,3,none,true,12,386,33,1,m2,1VAcJXZ4zmVYXXG3RSh25pvJNoJdBeVy9ChdT6,15434,31,378,1.0,15434.0,76180.0,0.202599,0.000336143884,5.18804471,0.00558291,1.0,-0.667,1.500,4.367,4.3666,-0.0004,1,,0,2,2,0,0,m1,1PJJAyxet5ARk1XH3GjK9tVTPH3keFUewkjkfi,009d432fba43624e25d67a8cf4fd23729c611442a0d4f210628b3b57ab2a32cc,946686111,946686106,3,1,1,1,19.4608,386,
run4-tbt-3s,1,continentale,3,none,true,12,386,33,1,m3,1VuBTTQVFkVMQoHen4dKPJgUfqJY1ta899xaf7,8243,31,378,1.0,8243.0,76180.0,0.108204,0.000739351703,6.09447609,0.00225529,1.0,-0.667,1.500,4.367,4.3666,-0.0004,1,,0,3,3,0,0,m1,1PJJAyxet5ARk1XH3GjK9tVTPH3keFUewkjkfi,009d432fba43624e25d67a8cf4fd23729c611442a0d4f210628b3b57ab2a32cc,946686111,946686106,3,1,1,1,94.1466,386,
run4-tbt-3s,1,continentale,3,none,true,12,387,33,1,m1,1PJJAyxet5ARk1XH3GjK9tVTPH3keFUewkjkfi,52503,31,378,1.0,52503.0,76180.0,0.689197,4.02193202e-07,0.02111635,0.97910504,0.03017446,-0.667,1.500,1.457,1.4571,0.0001,1,,1,1,1,1,1,m1,1PJJAyxet5ARk1XH3GjK9tVTPH3keFUewkjkfi,00e87bae6842ef9ff81bac1f8e5563d89e834108ad8b016a9b119e094e8992cc,946686113,946686111,1,1,0,0,7.4224,386,8
run4-tbt-3s,1,continentale,3,none,true,12,387,33,1,m2,1VAcJXZ4zmVYXXG3RSh25pvJNoJdBeVy9ChdT6,15434,31,378,1.0,15434.0,76180.0,0.202599,5.8174325e-05,0.89786253,0.40743962,0.98810599,-0.667,1.500,4.331,4.3309,-0.0001,1,,0,2,2,0,0,m1,1PJJAyxet5ARk1XH3GjK9tVTPH3keFUewkjkfi,00e87bae6842ef9ff81bac1f8e5563d89e834108ad8b016a9b119e094e8992cc,946686113,946686111,1,1,0,0,19.4608,386,
run4-tbt-3s,1,continentale,3,none,true,12,387,33,1,m3,1VuBTTQVFkVMQoHen4dKPJgUfqJY1ta899xaf7,8243,31,378,1.0,8243.0,76180.0,0.108204,9.68178377e-05,0.79806944,0.45019726,0.99937364,-0.667,1.500,4.365,4.3647,-0.0003,1,,0,3,3,0,0,m1,1PJJAyxet5ARk1XH3GjK9tVTPH3keFUewkjkfi,00e87bae6842ef9ff81bac1f8e5563d89e834108ad8b016a9b119e094e8992cc,946686113,946686111,1,1,0,0,94.1466,386,
run4-tbt-3s,1,continentale,3,none,true,12,388,33,1,m1,1PJJAyxet5ARk1XH3GjK9tVTPH3keFUewkjkfi,52503,31,378,1.0,52503.0,76180.0,0.689197,3.89843525e-05,2.04679546,0.1291481,0.94868786,-0.583,1.500,4.229,4.2295,0.0005,1,,1,2,2,0,0,m1,1PJJAyxet5ARk1XH3GjK9tVTPH3keFUewkjkfi,00b7684066ea152c00ed17cd14dcd8eac023818ef96f961cbd936d75688268d4,946686117,946686113,4,1,0,0,7.4224,386,9
run4-tbt-3s,1,continentale,3,none,true,12,388,33,1,m2,1VAcJXZ4zmVYXXG3RSh25pvJNoJdBeVy9ChdT6,15434,31,378,1.0,15434.0,76180.0,0.202599,3.53481236e-05,0.54556294,0.57951546,0.93231022,-0.583,1.500,4.18,4.1803,0.0003,1,,0,1,1,1,1,m1,1PJJAyxet5ARk1XH3GjK9tVTPH3keFUewkjkfi,00b7684066ea152c00ed17cd14dcd8eac023818ef96f961cbd936d75688268d4,946686117,946686113,4,1,0,0,19.4608,386,
run4-tbt-3s,1,continentale,3,none,true,12,388,33,1,m3,1VuBTTQVFkVMQoHen4dKPJgUfqJY1ta899xaf7,8243,31,378,1.0,8243.0,76180.0,0.108204,5.8788956e-05,0.48459736,0.61594515,0.98865006,-0.583,1.500,4.349,4.3494,0.0004,1,,0,3,3,0,0,m1,1PJJAyxet5ARk1XH3GjK9tVTPH3keFUewkjkfi,00b7684066ea152c00ed17cd14dcd8eac023818ef96f961cbd936d75688268d4,946686117,946686113,4,1,0,0,94.1466,386,
run4-tbt-3s,1,continentale,3,none,true,12,389,33,1,m1,1PJJAyxet5ARk1XH3GjK9tVTPH3keFUewkjkfi,52503,31,378,1.0,52503.0,76180.0,0.689197,6.49338486e-06,0.34092219,0.71111424,0.3902255,-0.667,1.500,2.537,2.5373,0.0003,1,,1,1,1,1,1,m1,1PJJAyxet5ARk1XH3GjK9tVTPH3keFUewkjkfi,00aaa1ef9f9e01fa00037cf29e71d71328869bc98f4f0e0a993b6911cfcb02fc,946686121,946686117,2,1,0,0,7.4224,386,10
run4-tbt-3s,1,continentale,3,none,true,12,389,33,1,m2,1VAcJXZ4zmVYXXG3RSh25pvJNoJdBeVy9ChdT6,15434,31,378,1.0,15434.0,76180.0,0.202599,6.33617566e-05,0.97792535,0.37609055,0.99198867,-0.667,1.500,4.343,4.3426,-0.0004,1,,0,3,3,0,0,m1,1PJJAyxet5ARk1XH3GjK9tVTPH3keFUewkjkfi,00aaa1ef9f9e01fa00037cf29e71d71328869bc98f4f0e0a993b6911cfcb02fc,946686121,946686117,2,1,0,0,19.4608,386,
run4-tbt-3s,1,continentale,3,none,true,12,389,33,1,m3,1VuBTTQVFkVMQoHen4dKPJgUfqJY1ta899xaf7,8243,31,378,1.0,8243.0,76180.0,0.108204,5.12751526e-05,0.42266108,0.65530069,0.97988202,-0.667,1.500,4.306,4.3062,0.0002,1,,0,2,2,0,0,m1,1PJJAyxet5ARk1XH3GjK9tVTPH3keFUewkjkfi,00aaa1ef9f9e01fa00037cf29e71d71328869bc98f4f0e0a993b6911cfcb02fc,946686121,946686117,2,1,0,0,94.1466,386,
run4-tbt-3s,1,continentale,3,none,true,12,390,33,1,m1,1PJJAyxet5ARk1XH3GjK9tVTPH3keFUewkjkfi,52503,31,378,1.0,52503.0,76180.0,0.689197,1.52130736e-05,0.798732,0.44989907,0.68617882,-0.667,1.500,3.425,3.4251,0.0001,1,,1,1,1,1,1,m1,1PJJAyxet5ARk1XH3GjK9tVTPH3keFUewkjkfi,00447d0123ee0c9980c284ee46c08f85e1d02ce3beb35a95fe445b48ff874275,946686125,946686121,3,1,0,0,7.4224,386,11
run4-tbt-3s,1,continentale,3,none,true,12,390,33,1,m2,1VAcJXZ4zmVYXXG3RSh25pvJNoJdBeVy9ChdT6,15434,31,378,1.0,15434.0,76180.0,0.202599,6.56101486e-05,1.01262703,0.36326342,0.99324979,-0.667,1.500,4.346,4.3463,0.0003,1,,0,2,2,0,0,m1,1PJJAyxet5ARk1XH3GjK9tVTPH3keFUewkjkfi,00447d0123ee0c9980c284ee46c08f85e1d02ce3beb35a95fe445b48ff874275,946686125,946686121,3,1,0,0,19.4608,386,
run4-tbt-3s,1,continentale,3,none,true,12,390,33,1,m3,1VuBTTQVFkVMQoHen4dKPJgUfqJY1ta899xaf7,8243,31,378,1.0,8243.0,76180.0,0.108204,0.000262113746,2.16060361,0.11525553,1.0,-0.667,1.500,4.367,4.3666,-0.0004,1,,0,3,3,0,0,m1,1PJJAyxet5ARk1XH3GjK9tVTPH3keFUewkjkfi,00447d0123ee0c9980c284ee46c08f85e1d02ce3beb35a95fe445b48ff874275,946686125,946686121,3,1,0,0,94.1466,386,
run4-tbt-3s,1,continentale,3,none,true,12,391,33,1,m1,1PJJAyxet5ARk1XH3GjK9tVTPH3keFUewkjkfi,44404,32,390,1.0,44404.0,68101.0,0.652032,8.99431718e-06,0.39938366,0.67073332,0.45801773,-0.667,1.500,2.741,2.7407,-0.0003,1,,1,1,1,1,1,m1,1PJJAyxet5ARk1XH3GjK9tVTPH3keFUewkjkfi,0023735aed2c56d2d4be81de731f3c552de9e89576ad929645ce5350b2bac600,946686128,946686125,2,1,0,0,7.4224,386,12
run4-tbt-3s,1,continentale,3,none,true,12,391,33,1,m2,1VAcJXZ4zmVYXXG3RSh25pvJNoJdBeVy9ChdT6,15454,32,390,1.0,15454.0,68101.0,0.226928,3.97792135e-05,0.61474797,0.54077717,0.9333969,-0.667,1.500,4.167,4.1668,-0.0002,1,,0,2,2,0,0,m1,1PJJAyxet5ARk1XH3GjK9tVTPH3keFUewkjkfi,0023735aed2c56d2d4be81de731f3c552de9e89576ad929645ce5350b2bac600,946686128,946686125,2,1,0,0,19.4608,386,
run4-tbt-3s,1,continentale,3,none,true,12,391,33,1,m3,1VuBTTQVFkVMQoHen4dKPJgUfqJY1ta899xaf7,8243,31,378,1.0,8243.0,68101.0,0.121041,0.000147758863,1.21797631,0.29582823,0.99995735,-0.667,1.500,4.367,4.3665,-0.0005,1,,0,3,3,0,0,m1,1PJJAyxet5ARk1XH3GjK9tVTPH3keFUewkjkfi,0023735aed2c56d2d4be81de731f3c552de9e89576ad929645ce5350b2bac600,946686128,946686125,2,1,0,0,94.1466,386,
run4-tbt-3s,1,continentale,3,none,true,12,392,33,1,m1,1PJJAyxet5ARk1XH3GjK9tVTPH3keFUewkjkfi,44404,32,390,1.0,44404.0,68101.0,0.652032,4.10522752e-05,1.82288523,0.16155894,0.93892795,-0.667,1.500,4.183,4.1834,0.0004,1,,1,1,1,1,1,m1,1PJJAyxet5ARk1XH3GjK9tVTPH3keFUewkjkfi,00ce9df8a703fc17917f4467e3365e9a9acb359a625718dfbc1b7722e21d3642,946686133,946686128,4,1,0,0,7.4224,386,13
run4-tbt-3s,1,continentale,3,none,true,12,392,33,1,m2,1VAcJXZ4zmVYXXG3RSh25pvJNoJdBeVy9ChdT6,15454,32,390,1.0,15454.0,68101.0,0.226928,0.000108287888,1.67348102,0.18759291,0.99937297,-0.667,1.500,4.365,4.3647,-0.0003,1,,0,3,3,0,0,m1,1PJJAyxet5ARk1XH3GjK9tVTPH3keFUewkjkfi,00ce9df8a703fc17917f4467e3365e9a9acb359a625718dfbc1b7722e21d3642,946686133,946686128,4,1,0,0,19.4608,386,
run4-tbt-3s,1,continentale,3,none,true,12,392,33,1,m3,1VuBTTQVFkVMQoHen4dKPJgUfqJY1ta899xaf7,8243,31,378,1.0,8243.0,68101.0,0.121041,0.000102243287,0.84279141,0.43050712,0.99905362,-0.667,1.500,4.364,4.3638,-0.0002,1,,0,2,2,0,0,m1,1PJJAyxet5ARk1XH3GjK9tVTPH3keFUewkjkfi,00ce9df8a703fc17917f4467e3365e9a9acb359a625718dfbc1b7722e21d3642,946686133,946686128,4,1,0,0,94.1466,386,
run4-tbt-3s,1,continentale,3,none,true,12,393,33,1,m1,1PJJAyxet5ARk1XH3GjK9tVTPH3keFUewkjkfi,44404,32,390,1.0,44404.0,68101.0,0.652032,1.79029504e-05,0.79496261,0.45159812,0.70453616,-0.667,1.500,3.48,3.4802,0.0002,1,,1,1,1,1,1,m1,1PJJAyxet5ARk1XH3GjK9tVTPH3keFUewkjkfi,006ab85f13e727921cf538053184458d41c6f0c9b3dcf0a1476c5e25ec816f92,946686137,946686133,3,1,0,0,7.4224,386,14
run4-tbt-3s,1,continentale,3,none,true,12,393,33,1,m2,1VAcJXZ4zmVYXXG3RSh25pvJNoJdBeVy9ChdT6,15454,32,390,1.0,15454.0,68101.0,0.226928,7.934047e-05,1.22612762,0.29342664,0.99549769,-0.667,1.500,4.353,4.3531,0.0001,1,,0,3,3,0,0,m1,1PJJAyxet5ARk1XH3GjK9tVTPH3keFUewkjkfi,006ab85f13e727921cf538053184458d41c6f0c9b3dcf0a1476c5e25ec816f92,946686137,946686133,3,1,0,0,19.4608,386,
run4-tbt-3s,1,continentale,3,none,true,12,393,33,1,m3,1VuBTTQVFkVMQoHen4dKPJgUfqJY1ta899xaf7,8243,31,378,1.0,8243.0,68101.0,0.121041,3.65043854e-05,0.30090565,0.7401476,0.91675649,-0.667,1.500,4.117,4.1169,-0.0001,1,,0,2,2,0,0,m1,1PJJAyxet5ARk1XH3GjK9tVTPH3keFUewkjkfi,006ab85f13e727921cf538053184458d41c6f0c9b3dcf0a1476c5e25ec816f92,946686137,946686133,3,1,0,0,94.1466,386,
run4-tbt-3s,1,continentale,3,none,true,12,394,33,1,m1,1PJJAyxet5ARk1XH3GjK9tVTPH3keFUewkjkfi,44404,32,390,1.0,44404.0,68101.0,0.652032,4.40187718e-06,0.19546095,0.82245546,0.25901303,-0.833,1.500,2.11,2.1104,0.0004,1,,1,1,1,1,1,m1,1PJJAyxet5ARk1XH3GjK9tVTPH3keFUewkjkfi,00d35d1ddad324e37ccdf25bb0a89f7dc4eed4cc41a16c0df7d45d52815ed07a,946686140,946686137,2,1,0,0,108.149,394,15
run4-tbt-3s,1,continentale,3,none,true,12,394,33,1,m2,1VAcJXZ4zmVYXXG3RSh25pvJNoJdBeVy9ChdT6,15454,32,390,1.0,15454.0,68101.0,0.226928,8.19528454e-05,1.26649927,0.28181646,0.99623147,-0.833,1.500,4.322,4.3221,0.0001,1,,0,2,2,0,0,m1,1PJJAyxet5ARk1XH3GjK9tVTPH3keFUewkjkfi,00d35d1ddad324e37ccdf25bb0a89f7dc4eed4cc41a16c0df7d45d52815ed07a,946686140,946686137,2,1,0,0,119.3846,394,
run4-tbt-3s,1,continentale,3,none,true,12,394,33,1,m3,1VuBTTQVFkVMQoHen4dKPJgUfqJY1ta899xaf7,8243,31,378,1.0,8243.0,68101.0,0.121041,0.000108514379,0.89448403,0.40881848,0.99938257,-0.833,1.500,4.331,4.3315,0.0005,1,,0,3,3,0,0,m1,1PJJAyxet5ARk1XH3GjK9tVTPH3keFUewkjkfi,00d35d1ddad324e37ccdf25bb0a89f7dc4eed4cc41a16c0df7d45d52815ed07a,946686140,946686137,2,1,0,0,94.1466,394,
run4-tbt-3s,1,continentale,3,none,true,12,395,33,1,m1,1PJJAyxet5ARk1XH3GjK9tVTPH3keFUewkjkfi,44404,32,390,1.0,44404.0,68101.0,0.652032,5.46062003e-05,2.42473372,0.08850168,0.9757354,-0.75,1.500,4.277,4.2772,0.0002,1,,1,1,1,1,1,m1,1PJJAyxet5ARk1XH3GjK9tVTPH3keFUewkjkfi,00c80fd8998c85fd02e66a8a649baf9e63fa493d657fe9b0b335ec4b7557f772,946686144,946686140,4,1,0,0,108.149,394,16
run4-tbt-3s,1,continentale,3,none,true,12,395,33,1,m2,1VAcJXZ4zmVYXXG3RSh25pvJNoJdBeVy9ChdT6,15454,32,390,1.0,15454.0,68101.0,0.226928,0.000334139358,5.16378964,0.00571998,1.0,-0.75,1.500,4.35,4.35,-0.0,1,,0,2,3,0,0,m1,1PJJAyxet5ARk1XH3GjK9tVTPH3keFUewkjkfi,00c80fd8998c85fd02e66a8a649baf9e63fa493d657fe9b0b335ec4b7557f772,946686144,946686140,4,1,0,0,119.3846,394,
run4-tbt-3s,1,continentale,3,none,true,12,395,33,1,m3,1VuBTTQVFkVMQoHen4dKPJgUfqJY1ta899xaf7,8243,31,378,1.0,8243.0,68101.0,0.121041,0.000140168325,1.1554075,0.31492918,0.99992848,-0.75,1.500,4.35,4.3498,-0.0002,1,,0,3,2,0,0,m1,1PJJAyxet5ARk1XH3GjK9tVTPH3keFUewkjkfi,00c80fd8998c85fd02e66a8a649baf9e63fa493d657fe9b0b335ec4b7557f772,946686144,946686140,4,1,0,0,94.1466,394,
run4-tbt-3s,1,continentale,3,none,true,12,396,34,1,m1,1PJJAyxet5ARk1XH3GjK9tVTPH3keFUewkjkfi,44404,32,390,1.0,44404.0,68101.0,0.652032,2.55314156e-05,1.13369698,0.32184121,0.8242539,-0.833,1.500,3.806,3.8062,0.0002,1,,0,2,2,0,0,m2,1VAcJXZ4zmVYXXG3RSh25pvJNoJdBeVy9ChdT6,00fbd8ea9a40bd8dc45c33becba98719c0eefd2c99af31e305ae64f795252e6c,946686147,946686144,1,1,0,0,108.149,394,
run4-tbt-3s,1,continentale,3,none,true,12,396,34,1,m2,1VAcJXZ4zmVYXXG3RSh25pvJNoJdBeVy9ChdT6,15454,32,390,1.0,15454.0,68101.0,0.226928,2.11105928e-07,0.00326243,0.99674288,0.01427368,-0.833,1.500,1.376,1.3762,0.0002,1,,1,1,1,1,1,m2,1VAcJXZ4zmVYXXG3RSh25pvJNoJdBeVy9ChdT6,00fbd8ea9a40bd8dc45c33becba98719c0eefd2c99af31e305ae64f795252e6c,946686147,946686144,1,1,0,0,119.3846,394,1
run4-tbt-3s,1,continentale,3,none,true,12,396,34,1,m3,1VuBTTQVFkVMQoHen4dKPJgUfqJY1ta899xaf7,8243,31,378,1.0,8243.0,68101.0,0.121041,0.00010392926,0.85668889,0.42456554,0.99915628,-0.833,1.500,4.331,4.3309,-0.0001,1,,0,3,3,0,0,m2,1VAcJXZ4zmVYXXG3RSh25pvJNoJdBeVy9ChdT6,00fbd8ea9a40bd8dc45c33becba98719c0eefd2c99af31e305ae64f795252e6c,946686147,946686144,1,1,0,0,94.1466,394,
run4-tbt-3s,1,continentale,3,none,true,12,397,34,1,m1,1PJJAyxet5ARk1XH3GjK9tVTPH3keFUewkjkfi,44404,32,390,1.0,44404.0,68101.0,0.652032,4.75276537e-06,0.21104179,0.80974022,0.27650965,-0.75,1.500,2.18,2.1795,-0.0005,1,,1,1,1,1,1,m1,1PJJAyxet5ARk1XH3GjK9tVTPH3keFUewkjkfi,00da5590c9a0138bcb8c76f9b56df6dd7c74687b23116b2f70c717c47ea64405,946686151,946686147,2,1,0,0,108.149,394,1
run4-tbt-3s,1,continentale,3,none,true,12,397,34,1,m2,1VAcJXZ4zmVYXXG3RSh25pvJNoJdBeVy9ChdT6,15454,32,390,1.0,15454.0,68101.0,0.226928,8.27843861e-05,1.2793499,0.27821811,0.99643895,-0.75,1.500,4.339,4.3393,0.0003,1,,0,2,2,0,0,m1,1PJJAyxet5ARk1XH3GjK9tVTPH3keFUewkjkfi,00da5590c9a0138bcb8c76f9b56df6dd7c74687b23116b2f70c717c47ea64405,946686151,946686147,2,1,0,0,119.3846,394,
run4-tbt-3s,1,continentale,3,none,true,12,397,34,1,m3,1VuBTTQVFkVMQoHen4dKPJgUfqJY1ta899xaf7,8243,31,378,1.0,8243.0,68101.0,0.121041,8.30011703e-05,0.68417865,0.50450444,0.99649114,-0.75,1.500,4.339,4.3395,0.0005,1,,0,3,3,0,0,m1,1PJJAyxet5ARk1XH3GjK9tVTPH3keFUewkjkfi,00da5590c9a0138bcb8c76f9b56df6dd7c74687b23116b2f70c717c47ea64405,946686151,946686147,2,1,0,0,94.1466,394,
run4-tbt-3s,1,continentale,3,none,true,12,398,34,1,m1,1PJJAyxet5ARk1XH3GjK9tVTPH3keFUewkjkfi,44404,32,390,1.0,44404.0,68101.0,0.652032,7.81728724e-06,0.34711882,0.70672135,0.41278548,-0.75,1.500,2.588,2.5884,0.0004,1,,1,1,1,1,1,m1,1PJJAyxet5ARk1XH3GjK9tVTPH3keFUewkjkfi,00df231cd2c1507b51264257ad85e99721bf2e3b40079c24e924c657dd199e89,946686154,946686151,2,1,0,0,108.149,394,2
run4-tbt-3s,1,continentale,3,none,true,12,398,34,1,m2,1VAcJXZ4zmVYXXG3RSh25pvJNoJdBeVy9ChdT6,15454,32,390,1.0,15454.0,68101.0,0.226928,0.000124718861,1.92740528,0.14552531,0.9997952,-0.75,1.500,4.349,4.3494,0.0004,1,,0,3,3,0,0,m1,1PJJAyxet5ARk1XH3GjK9tVTPH3keFUewkjkfi,00df231cd2c1507b51264257ad85e99721bf2e3b40079c24e924c657dd199e89,946686154,946686151,2,1,0,0,119.3846,394,
run4-tbt-3s,1,continentale,3,none,true,12,398,34,1,m3,1VuBTTQVFkVMQoHen4dKPJgUfqJY1ta899xaf7,8243,31,378,1.0,8243.0,68101.0,0.121041,9.80292441e-05,0.80805506,0.44572413,0.99873905,-0.75,1.500,4.346,4.3462,0.0002,1,,0,2,2,0,0,m1,1PJJAyxet5ARk1XH3GjK9tVTPH3keFUewkjkfi,00df231cd2c1507b51264257ad85e99721bf2e3b40079c24e924c657dd199e89,946686154,946686151,2,1,0,0,94.1466,394,
run4-tbt-3s,1,continentale,3,none,true,12,399,34,1,m1,1PJJAyxet5ARk1XH3GjK9tVTPH3keFUewkjkfi,44404,32,390,1.0,44404.0,68101.0,0.652032,1.32310553e-05,0.58751178,0.55570829,0.59385624,-0.583,1.500,3.165,3.165,-0.0,1,,1,1,1,1,1,m1,1PJJAyxet5ARk1XH3GjK9tVTPH3keFUewkjkfi,0065b649b2afed52422c36f978f92c4ca82dc66b5c5915fc054c2ba68df14fc6,946686157,946686154,3,1,0,0,108.149,394,3
run4-tbt-3s,1,continentale,3,none,true,12,399,34,1,m2,1VAcJXZ4zmVYXXG3RSh25pvJNoJdBeVy9ChdT6,15454,32,390,1.0,15454.0,68101.0,0.226928,3.95144397e-05,0.61065615,0.54299447,0.93218507,-0.583,1.500,4.18,4.18,-0.0,1,,0,2,2,0,0,m1,1PJJAyxet5ARk1XH3GjK9tVTPH3keFUewkjkfi,0065b649b2afed52422c36f978f92c4ca82dc66b5c5915fc054c2ba68df14fc6,946686157,946686154,3,1,0,0,119.3846,394,
run4-tbt-3s,1,continentale,3,none,true,12,399,34,1,m3,1VuBTTQVFkVMQoHen4dKPJgUfqJY1ta899xaf7,8243,31,378,1.0,8243.0,68101.0,0.121041,0.000139272572,1.14802381,0.31726312,0.99992399,-0.583,1.500,4.383,4.3832,0.0002,1,,0,3,3,0,0,m1,1PJJAyxet5ARk1XH3GjK9tVTPH3keFUewkjkfi,0065b649b2afed52422c36f978f92c4ca82dc66b5c5915fc054c2ba68df14fc6,946686157,946686154,3,1,0,0,94.1466,394,
run4-tbt-3s,1,continentale,3,none,true,12,400,34,1,m1,1PJJAyxet5ARk1XH3GjK9tVTPH3keFUewkjkfi,44404,32,390,1.0,44404.0,68101.0,0.652032,1.53211993e-05,0.68032253,0.50645362,0.64774115,-0.667,1.500,3.31,3.3098,-0.0002,1,,1,1,1,1,1,m1,1PJJAyxet5ARk1XH3GjK9tVTPH3keFUewkjkfi,00b2ccae715c320074d380ba3cdbf5d2e23ae46269ef72d4fdd2113305c1967f,946686162,946686157,3,1,0,0,108.149,394,4
run4-tbt-3s,1,continentale,3,none,true,12,400,34,1,m2,1VAcJXZ4zmVYXXG3RSh25pvJNoJdBeVy9ChdT6,15454,32,390,1.0,15454.0,68101.0,0.226928,6.863954e-05,1.06075545,0.34619418,0.99066908,-0.667,1.500,4.339,4.3386,-0.0004,1,,0,2,2,0,0,m1,1PJJAyxet5ARk1XH3GjK9tVTPH3keFUewkjkfi,00b2ccae715c320074d380ba3cdbf5d2e23ae46269ef72d4fdd2113305c1967f,946686162,946686157,3,1,0,0,119.3846,394,
run4-tbt-3s,1,continentale,3,none,true,12,400,34,1,m3,1VuBTTQVFkVMQoHen4dKPJgUfqJY1ta899xaf7,8243,31,378,1.0,8243.0,68101.0,0.121041,0.000154280677,1.27173562,0.28034463,0.99997265,-0.667,1.500,4.367,4.3665,-0.0005,1,,0,3,3,0,0,m1,1PJJAyxet5ARk1XH3GjK9tVTPH3keFUewkjkfi,00b2ccae715c320074d380ba3cdbf5d2e23ae46269ef72d4fdd2113305c1967f,946686162,946686157,3,1,0,0,94.1466,394,
run4-tbt-3s,1,continentale,3,none,true,12,401,34,1,m1,1PJJAyxet5ARk1XH3GjK9tVTPH3keFUewkjkfi,44404,32,390,1.0,44404.0,68101.0,0.652032,1.2046027e-05,0.53489178,0.58573267,0.55972092,-0.75,1.500,3.029,3.0292,0.0002,1,,1,1,1,1,1,m1,1PJJAyxet5ARk1XH3GjK9tVTPH3keFUewkjkfi,00dd79c4e4594a9e702ce8865d731fc8cfa51b6954ef0d0e51f0a1fe86169e5c,946686165,946686162,3,1,0,0,108.149,394,5
run4-tbt-3s,1,continentale,3,none,true,12,401,34,1,m2,1VAcJXZ4zmVYXXG3RSh25pvJNoJdBeVy9ChdT6,15454,32,390,1.0,15454.0,68101.0,0.226928,1.93067912e-05,0.29836715,0.74202885,0.73147514,-0.75,1.500,3.544,3.5444,0.0004,1,,0,2,2,0,0,m1,1PJJAyxet5ARk1XH3GjK9tVTPH3keFUewkjkfi,00dd79c4e4594a9e702ce8865d731fc8cfa51b6954ef0d0e51f0a1fe86169e5c,946686165,946686162,3,1,0,0,119.3846,394,
run4-tbt-3s,1,continentale,3,none,true,12,401,34,1,m3,1VuBTTQVFkVMQoHen4dKPJgUfqJY1ta899xaf7,8243,31,378,1.0,8243.0,68101.0,0.121041,4.05857804e-05,0.33454859,0.71566107,0.93695662,-0.75,1.500,4.161,4.1609,-0.0001,1,,0,3,3,0,0,m1,1PJJAyxet5ARk1XH3GjK9tVTPH3keFUewkjkfi,00dd79c4e4594a9e702ce8865d731fc8cfa51b6954ef0d0e51f0a1fe86169e5c,946686165,946686162,3,1,0,0,94.1466,394,
run4-tbt-3s,1,continentale,3,none,true,12,402,34,1,m1,1PJJAyxet5ARk1XH3GjK9tVTPH3keFUewkjkfi,44404,32,390,1.0,44404.0,68101.0,0.652032,3.42005718e-05,1.51864219,0.21900906,0.90261598,-0.667,1.500,4.075,4.0744,-0.0006,1,,1,2,2,0,0,m1,1PJJAyxet5ARk1XH3GjK9tVTPH3keFUewkjkfi,00c8510f8c6296d2b7f7eec95461b9e290c84e4bd00f4a334f6cebf774591dd0,946686169,946686165,4,1,0,0,108.149,394,6
run4-tbt-3s,1,continentale,3,none,true,12,402,34,1,m2,1VAcJXZ4zmVYXXG3RSh25pvJNoJdBeVy9ChdT6,15454,32,390,1.0,15454.0,68101.0,0.226928,2.90701629e-05,0.4492503,0.63810636,0.86189033,-0.667,1.500,3.952,3.9523,0.0003,1,,0,1,1,1,1,m1,1PJJAyxet5ARk1XH3GjK9tVTPH3keFUewkjkfi,00c8510f8c6296d2b7f7eec95461b9e290c84e4bd00f4a334f6cebf774591dd0,946686169,946686165,4,1,0,0,119.3846,394,
run4-tbt-3s,1,continentale,3,none,true,12,402,34,1,m3,1VuBTTQVFkVMQoHen4dKPJgUfqJY1ta899xaf7,8243,31,378,1.0,8243.0,68101.0,0.121041,3.56082953e-05,0.29351918,0.74563492,0.91151839,-0.667,1.500,4.101,4.1012,0.0002,1,,0,3,3,0,0,m1,1PJJAyxet5ARk1XH3GjK9tVTPH3keFUewkjkfi,00c8510f8c6296d2b7f7eec95461b9e290c84e4bd00f4a334f6cebf774591dd0,946686169,946686165,4,1,0,0,94.1466,394,
run4-tbt-3s,1,continentale,3,none,true,12,403,34,1,m1,1PJJAyxet5ARk1XH3GjK9tVTPH3keFUewkjkfi,52503,33,402,1.0,52503.0,78864.0,0.665741,3.34446492e-05,1.75594442,0.17274402,0.92846574,-0.667,1.500,4.152,4.152,-0.0,1,,0,3,3,0,0,m3,1VuBTTQVFkVMQoHen4dKPJgUfqJY1ta899xaf7,0050c66e65f61889e8976d17716cb08f80f5dae6fb895db32fb85a0da63e4273,946686172,946686169,2,1,0,0,8.0923,403,
run4-tbt-3s,1,continentale,3,none,true,12,403,34,1,m2,1VAcJXZ4zmVYXXG3RSh25pvJNoJdBeVy9ChdT6,20535,33,402,1.0,20535.0,78864.0,0.260385,3.10035976e-05,0.63665888,0.52905712,0.91327974,-0.667,1.500,4.107,4.1064,-0.0006,1,,0,2,2,0,0,m3,1VuBTTQVFkVMQoHen4dKPJgUfqJY1ta899xaf7,0050c66e65f61889e8976d17716cb08f80f5dae6fb895db32fb85a0da63e4273,946686172,946686169,2,1,0,0,48.8028,403,
run4-tbt-3s,1,continentale,3,none,true,12,403,34,1,m3,1VuBTTQVFkVMQoHen4dKPJgUfqJY1ta899xaf7,5826,33,402,1.0,5826.0,78864.0,0.073874,3.61149463e-06,0.02104057,0.97917924,0.24784805,-0.667,1.500,2.11,2.1101,0.0001,1,,1,1,1,1,1,m3,1VuBTTQVFkVMQoHen4dKPJgUfqJY1ta899xaf7,0050c66e65f61889e8976d17716cb08f80f5dae6fb895db32fb85a0da63e4273,946686172,946686169,2,1,0,0,75.5961,403,1
run4-tbt-3s,1,continentale,3,none,true,12,404,34,1,m1,1PJJAyxet5ARk1XH3GjK9tVTPH3keFUewkjkfi,52503,33,402,1.0,52503.0,78864.0,0.665741,8.31228147e-05,4.36419714,0.01272487,0.99857758,-0.667,1.500,4.362,4.3623,0.0003,1,,0,2,2,0,0,m3,1VuBTTQVFkVMQoHen4dKPJgUfqJY1ta899xaf7,00bc0432e618c2314ee4f15d3cec0bad417683e7679c056e6cc0ebca5681c872,946686177,946686172,4,1,0,0,8.0923,403,
run4-tbt-3s,1,continentale,3,none,true,12,404,34,1,m2,1VAcJXZ4zmVYXXG3RSh25pvJNoJdBeVy9ChdT6,20535,33,402,1.0,20535.0,78864.0,0.260385,5.1069147e-05,1.04870493,0.35039124,0.98218149,-0.667,1.500,4.313,4.3131,0.0001,1,,0,1,1,1,1,m3,1VuBTTQVFkVMQoHen4dKPJgUfqJY1ta899xaf7,00bc0432e618c2314ee4f15d3cec0bad417683e7679c056e6cc0ebca5681c872,946686177,946686172,4,1,0,0,48.8028,403,
run4-tbt-3s,1,continentale,3,none,true,12,404,34,1,m3,1VuBTTQVFkVMQoHen4dKPJgUfqJY1ta899xaf7,5826,33,402,1.0,5826.0,78864.0,0.073874,0.000321422351,1.87260662,0.15372244,1.0,-0.667,1.500,4.367,4.3666,-0.0004,1,,1,3,3,0,0,m3,1VuBTTQVFkVMQoHen4dKPJgUfqJY1ta899xaf7,00bc0432e618c2314ee4f15d3cec0bad417683e7679c056e6cc0ebca5681c872,946686177,946686172,4,1,0,0,75.5961,403,2
run4-tbt-3s,1,continentale,3,none,true,12,405,34,1,m1,1PJJAyxet5ARk1XH3GjK9tVTPH3keFUewkjkfi,52503,33,402,1.0,52503.0,78864.0,0.665741,2.01850674e-06,0.10597766,0.89944474,0.14716358,-0.667,1.500,1.808,1.8081,0.0001,1,,1,1,1,1,1,m1,1PJJAyxet5ARk1XH3GjK9tVTPH3keFUewkjkfi,00bb571fa1ae9d9327b3b6425511010e4add530153af6c3634b2aca6cf1e7979,946686180,946686177,1,1,0,0,8.0923,403,1
run4-tbt-3s,1,continentale,3,none,true,12,405,34,1,m2,1VAcJXZ4zmVYXXG3RSh25pvJNoJdBeVy9ChdT6,20535,33,402,1.0,20535.0,78864.0,0.260385,1.32104017e-05,0.2712756,0.76240635,0.64718983,-0.667,1.500,3.308,3.3082,0.0002,1,,0,2,2,0,0,m1,1PJJAyxet5ARk1XH3GjK9tVTPH3keFUewkjkfi,00bb571fa1ae9d9327b3b6425511010e4add530153af6c3634b2aca6cf1e7979,946686180,946686177,1,1,0,0,48.8028,403,
run4-tbt-3s,1,continentale,3,none,true,12,405,34,1,m3,1VuBTTQVFkVMQoHen4dKPJgUfqJY1ta899xaf7,5826,33,402,1.0,5826.0,78864.0,0.073874,0.000209283194,1.21928389,0.29544166,0.99999993,-0.667,1.500,4.367,4.3666,-0.0004,1,,0,3,3,0,0,m1,1PJJAyxet5ARk1XH3GjK9tVTPH3keFUewkjkfi,00bb571fa1ae9d9327b3b6425511010e4add530153af6c3634b2aca6cf1e7979,946686180,946686177,1,1,0,0,75.5961,403,
run4-tbt-3s,1,continentale,3,none,true,12,406,34,1,m1,1PJJAyxet5ARk1XH3GjK9tVTPH3keFUewkjkfi,52503,33,402,1.0,52503.0,78864.0,0.665741,3.50910264e-05,1.84238416,0.15843923,0.93717604,-0.583,1.500,4.195,4.1949,-0.0001,1,,1,2,2,0,0,m1,1PJJAyxet5ARk1XH3GjK9tVTPH3keFUewkjkfi,0019557e99881f8b0510941d56d8f94374b0dc301226981fd11633a5cadb1db3,946686185,946686180,4,1,0,0,8.0923,403,2
run4-tbt-3s,1,continentale,3,none,true,12,406,34,1,m2,1VAcJXZ4zmVYXXG3RSh25pvJNoJdBeVy9ChdT6,20535,33,402,1.0,20535.0,78864.0,0.260385,2.21105417e-05,0.45403997,0.63505735,0.82513233,-0.583,1.500,3.859,3.8588,-0.0002,1,,0,1,1,1,1,m1,1PJJAyxet5ARk1XH3GjK9tVTPH3keFUewkjkfi,0019557e99881f8b0510941d56d8f94374b0dc301226981fd11633a5cadb1db3,946686185,946686180,4,1,0,0,48.8028,403,
run4-tbt-3s,1,continentale,3,none,true,12,406,34,1,m3,1VuBTTQVFkVMQoHen4dKPJgUfqJY1ta899xaf7,5826,33,402,1.0,5826.0,78864.0,0.073874,0.000150263965,0.87543786,0.41667953,0.99999286,-0.583,1.500,4.383,4.3834,0.0004,1,,0,3,3,0,0,m1,1PJJAyxet5ARk1XH3GjK9tVTPH3keFUewkjkfi,0019557e99881f8b0510941d56d8f94374b0dc301226981fd11633a5cadb1db3,946686185,946686180,4,1,0,0,75.5961,403,
run4-tbt-3s,1,continentale,3,none,true,12,407,34,1,m1,1PJJAyxet5ARk1XH3GjK9tVTPH3keFUewkjkfi,52503,33,402,1.0,52503.0,78864.0,0.665741,1.01593485e-05,0.53339627,0.5866093,0.55121299,-0.75,1.500,3.004,3.0036,-0.0004,1,,1,1,1,1,1,m1,1PJJAyxet5ARk1XH3GjK9tVTPH3keFUewkjkfi,002f02116b920d445761e903d2b70e0f660f7faebe62fa53cc80f4623b15de51,946686188,946686185,3,1,0,0,8.0923,403,3
run4-tbt-3s,1,continentale,3,none,true,12,407,34,1,m2,1VAcJXZ4zmVYXXG3RSh25pvJNoJdBeVy9ChdT6,20535,33,402,1.0,20535.0,78864.0,0.260385,4.32151253e-05,0.8874226,0.41171554,0.96689655,-0.75,1.500,4.251,4.2507,-0.0003,1,,0,2,2,0,0,m1,1PJJAyxet5ARk1XH3GjK9tVTPH3keFUewkjkfi,002f02116b920d445761e903d2b70e0f660f7faebe62fa53cc80f4623b15de51,946686188,946686185,3,1,0,0,48.8028,403,
run4-tbt-3s,1,continentale,3,none,true,12,407,34,1,m3,1VuBTTQVFkVMQoHen4dKPJgUfqJY1ta899xaf7,5826,33,402,1.0,5826.0,78864.0,0.073874,7.20220078e-05,0.41960022,0.65730955,0.99658625,-0.75,1.500,4.34,4.3398,-0.0002,1,,0,3,3,0,0,m1,1PJJAyxet5ARk1XH3GjK9tVTPH3keFUewkjkfi,002f02116b920d445761e903d2b70e0f660f7faebe62fa53cc80f4623b15de51,946686188,946686185,3,1,0,0,75.5961,403,
run4-tbt-3s,1,continentale,3,none,true,12,408,35,1,m1,1PJJAyxet5ARk1XH3GjK9tVTPH3keFUewkjkfi,52503,33,402,1.0,52503.0,78864.0,0.665741,4.39167848e-05,2.30576295,0.09968272,0.96867859,-0.667,1.500,4.273,4.2726,-0.0004,1,,1,2,2,0,0,m1,1PJJAyxet5ARk1XH3GjK9tVTPH3keFUewkjkfi,008727ac1d865252e8f39a158655190086205ac594f003be42bf91ded648da81,946686192,946686188,4,1,0,0,8.0923,403,4
run4-tbt-3s,1,continentale,3,none,true,12,408,35,1,m2,1VAcJXZ4zmVYXXG3RSh25pvJNoJdBeVy9ChdT6,20535,33,402,1.0,20535.0,78864.0,0.260385,3.0664331e-05,0.62969204,0.53275584,0.91092814,-0.667,1.500,4.099,4.0994,0.0004,1,,0,1,1,1,1,m1,1PJJAyxet5ARk1XH3GjK9tVTPH3keFUewkjkfi,008727ac1d865252e8f39a158655190086205ac594f003be42bf91ded648da81,946686192,946686188,4,1,0,0,48.8028,403,
run4-tbt-3s,1,continentale,3,none,true,12,408,35,1,m3,1VuBTTQVFkVMQoHen4dKPJgUfqJY1ta899xaf7,5826,33,402,1.0,5826.0,78864.0,0.073874,0.000102318503,0.5961076,0.55095199,0.99968698,-0.667,1.500,4.366,4.3657,-0.0003,1,,0,3,3,0,0,m1,1PJJAyxet5ARk1XH3GjK9tVTPH3keFUewkjkfi,008727ac1d865252e8f39a158655190086205ac594f003be42bf91ded648da81,946686192,946686188,4,1,0,0,75.5961,403,
run4-tbt-3s,1,continentale,3,none,true,12,409,35,1,m1,1PJJAyxet5ARk1XH3GjK9tVTPH3keFUewkjkfi,52503,33,402,1.0,52503.0,78864.0,0.665741,3.06126888e-06,0.1607258,0.85152553,0.21449143,-0.75,1.500,1.993,1.9935,0.0005,1,,1,1,1,1,1,m1,1PJJAyxet5ARk1XH3GjK9tVTPH3keFUewkjkfi,00e41808f2fb69c4eef0fbb05b0c61ef3db8d74886c20182dc2284b00a0c03f7,946686195,946686192,1,1,0,0,8.0923,403,5
run4-tbt-3s,1,continentale,3,none,true,12,409,35,1,m2,1VAcJXZ4zmVYXXG3RSh25pvJNoJdBeVy9ChdT6,20535,33,402,1.0,20535.0,78864.0,0.260385,6.12397373e-06,0.1257558,0.88183016,0.38304616,-0.75,1.500,2.499,2.4991,0.0001,1,,0,2,2,0,0,m1,1PJJAyxet5ARk1XH3GjK9tVTPH3keFUewkjkfi,00e41808f2fb69c4eef0fbb05b0c61ef3db8d74886c20182dc2284b00a0c03f7,946686195,946686192,1,1,0,0,48.8028,403,
run4-tbt-3s,1,continentale,3,none,true,12,409,35,1,m3,1VuBTTQVFkVMQoHen4dKPJgUfqJY1ta899xaf7,5826,33,402,1.0,5826.0,78864.0,0.073874,2.49089695e-05,0.14511966,0.86491879,0.85976294,-0.75,1.500,3.929,3.9293,0.0003,1,,0,3,3,0,0,m1,1PJJAyxet5ARk1XH3GjK9tVTPH3keFUewkjkfi,00e41808f2fb69c4eef0fbb05b0c61ef3db8d74886c20182dc2284b00a0c03f7,946686195,946686192,1,1,0,0,75.5961,403,
run4-tbt-3s,1,continentale,3,none,true,12,410,35,1,m1,1PJJAyxet5ARk1XH3GjK9tVTPH3keFUewkjkfi,52503,33,402,1.0,52503.0,78864.0,0.665741,1.64776685e-06,0.0865127,0.9171239,0.12186021,-0.667,1.500,1.732,1.7322,0.0002,1,,1,1,1,1,1,m1,1PJJAyxet5ARk1XH3GjK9tVTPH3keFUewkjkfi,0052542fdacb777c807da3681ad9871a309a894cd06a5e67d128370017eed637,946686197,946686195,1,1,0,0,8.0923,403,6
run4-tbt-3s,1,continentale,3,none,true,12,410,35,1,m2,1VAcJXZ4zmVYXXG3RSh25pvJNoJdBeVy9ChdT6,20535,33,402,1.0,20535.0,78864.0,0.260385,1.32060873e-05,0.271187,0.7624739,0.64706976,-0.667,1.500,3.308,3.3078,-0.0002,1,,0,2,2,0,0,m1,1PJJAyxet5ARk1XH3GjK9tVTPH3keFUewkjkfi,0052542fdacb777c807da3681ad9871a309a894cd06a5e67d128370017eed637,946686197,946686195,1,1,0,0,48.8028,403,
run4-tbt-3s,1,continentale,3,none,true,12,410,35,1,m3,1VuBTTQVFkVMQoHen4dKPJgUfqJY1ta899xaf7,5826,33,402,1.0,5826.0,78864.0,0.073874,0.000174858134,1.01872349,0.36105554,0.99999897,-0.667,1.500,4.367,4.3666,-0.0004,1,,0,3,3,0,0,m1,1PJJAyxet5ARk1XH3GjK9tVTPH3keFUewkjkfi,0052542fdacb777c807da3681ad9871a309a894cd06a5e67d128370017eed637,946686197,946686195,1,1,0,0,75.5961,403,
run4-tbt-3s,1,continentale,3,none,true,12,411,35,1,m1,1PJJAyxet5ARk1XH3GjK9tVTPH3keFUewkjkfi,52503,33,402,1.0,52503.0,78864.0,0.665741,3.84306464e-05,2.01772423,0.1329577,0.95172273,-0.583,1.500,4.239,4.2386,-0.0004,1,,0,2,2,0,0,m2,1VAcJXZ4zmVYXXG3RSh25pvJNoJdBeVy9ChdT6,00f5f8053db1c09fa96382e67bd472cd13b95baff965a26751a98e0de5b977a5,946686200,946686197,2,1,0,0,8.0923,403,
run4-tbt-3s,1,continentale,3,none,true,12,411,35,1,m2,1VAcJXZ4zmVYXXG3RSh25pvJNoJdBeVy9ChdT6,20535,33,402,1.0,20535.0,78864.0,0.260385,3.4582701e-06,0.07101558,0.93144738,0.23870398,-0.583,1.500,2.099,2.0995,0.0005,1,,1,1,1,1,1,m2,1VAcJXZ4zmVYXXG3RSh25pvJNoJdBeVy9ChdT6,00f5f8053db1c09fa96382e67bd472cd13b95baff965a26751a98e0de5b977a5,946686200,946686197,2,1,0,0,48.8028,403,1
run4-tbt-3s,1,continentale,3,none,true,12,411,35,1,m3,1VuBTTQVFkVMQoHen4dKPJgUfqJY1ta899xaf7,5826,33,402,1.0,5826.0,78864.0,0.073874,0.00024910599,1.4512915,0.23426754,1.0,-0.583,1.500,4.383,4.3834,0.0004,1,,0,3,3,0,0,m2,1VAcJXZ4zmVYXXG3RSh25pvJNoJdBeVy9ChdT6,00f5f8053db1c09fa96382e67bd472cd13b95baff965a26751a98e0de5b977a5,946686200,946686197,2,1,0,0,75.5961,403,
run4-tbt-3s,1,continentale,3,none,true,12,412,35,1,m1,1PJJAyxet5ARk1XH3GjK9tVTPH3keFUewkjkfi,52503,33,402,1.0,52503.0,78864.0,0.665741,4.3835272e-05,2.30148329,0.10011024,0.96847659,-0.583,1.500,4.289,4.2888,-0.0002,1,,0,2,2,0,0,m2,1VAcJXZ4zmVYXXG3RSh25pvJNoJdBeVy9ChdT6,004cd7150d59649251a48276855e1c0fdcb8270fbd3b4c51264cacecb644e4da,946686202,946686200,2,1,0,0,7.1198,412,
run4-tbt-3s,1,continentale,3,none,true,12,412,35,1,m2,1VAcJXZ4zmVYXXG3RSh25pvJNoJdBeVy9ChdT6,20535,33,402,1.0,20535.0,78864.0,0.260385,3.54729476e-06,0.0728437,0.92974614,0.2440302,-0.583,1.500,2.115,2.1155,0.0005,1,,1,1,1,1,1,m2,1VAcJXZ4zmVYXXG3RSh25pvJNoJdBeVy9ChdT6,004cd7150d59649251a48276855e1c0fdcb8270fbd3b4c51264cacecb644e4da,946686202,946686200,2,1,0,0,21.1469,412,2
run4-tbt-3s,1,continentale,3,none,true,12,412,35,1,m3,1VuBTTQVFkVMQoHen4dKPJgUfqJY1ta899xaf7,5826,33,402,1.0,5826.0,78864.0,0.073874,0.000315790914,1.83979786,0.15884953,1.0,-0.583,1.500,4.383,4.3834,0.0004,1,,0,3,3,0,0,m2,1VAcJXZ4zmVYXXG3RSh25pvJNoJdBeVy9ChdT6,004cd7150d59649251a48276855e1c0fdcb8270fbd3b4c51264cacecb644e4da,946686202,946686200,2,1,0,0,60.8984,412,
run4-tbt-3s,1,continentale,3,none,true,12,413,35,1,m1,1PJJAyxet5ARk1XH3GjK9tVTPH3keFUewkjkfi,52503,33,402,1.0,52503.0,78864.0,0.665741,1.94973525e-06,0.10236695,0.90269825,0.14252557,-0.333,1.500,1.861,1.861,-0.0,1,,1,1,1,1,1,m1,1PJJAyxet5ARk1XH3GjK9tVTPH3keFUewkjkfi,00722801becf26195a35b72c1f0a96b76896632797045b95c7560fe000bf142e,946686206,946686202,1,1,0,0,7.1198,412,1
run4-tbt-3s,1,continentale,3,none,true,12,413,35,1,m2,1VAcJXZ4zmVYXXG3RSh25pvJNoJdBeVy9ChdT6,20535,33,402,1.0,20535.0,78864.0,0.260385,6.88831407e-05,1.41451529,0.24304339,0.99562741,-0.333,1.500,4.42,4.4203,0.0003,1,,0,2,2,0,0,m1,1PJJAyxet5ARk1XH3GjK9tVTPH3keFUewkjkfi,00722801becf26195a35b72c1f0a96b76896632797045b95c7560fe000bf142e,946686206,946686202,1,1,0,0,21.1469,412,
run4-tbt-3s,1,continentale,3,none,true,12,413,35,1,m3,1VuBTTQVFkVMQoHen4dKPJgUfqJY1ta899xaf7,5826,33,402,1.0,5826.0,78864.0,0.073874,7.5246155e-05,0.4383841,0.64507796,0.99735269,-0.333,1.500,4.425,4.4255,0.0005,1,,0,3,3,0,0,m1,1PJJAyxet5ARk1XH3GjK9tVTPH3keFUewkjkfi,00722801becf26195a35b72c1f0a96b76896632797045b95c7560fe000bf142e,946686206,946686202,1,1,0,0,60.8984,412,
run4-tbt-3s,1,continentale,3,none,true,12,414,35,1,m1,1PJJAyxet5ARk1XH3GjK9tVTPH3keFUewkjkfi,52503,33,402,1.0,52503.0,78864.0,0.665741,7.50933114e-06,0.39426241,0.67417712,0.44689968,-0.417,1.500,2.757,2.7573,0.0003,1,,1,1,1,1,1,m1,1PJJAyxet5ARk1XH3GjK9tVTPH3keFUewkjkfi,00a3f24126d32b536aa7372d6729181be0d73acbb45f52ab145d34f215c0887c,946686209,946686206,2,1,0,0,7.1198,412,2
run4-tbt-3s,1,continentale,3,none,true,12,414,35,1,m2,1VAcJXZ4zmVYXXG3RSh25pvJNoJdBeVy9ChdT6,20535,33,402,1.0,20535.0,78864.0,0.260385,2.45586651e-05,0.50431219,0.60392082,0.85583468,-0.417,1.500,3.984,3.9841,0.0001,1,,0,2,2,0,0,m1,1PJJAyxet5ARk1XH3GjK9tVTPH3keFUewkjkfi,00a3f24126d32b536aa7372d6729181be0d73acbb45f52ab145d34f215c0887c,946686209,946686206,2,1,0,0,21.1469,412,
run4-tbt-3s,1,continentale,3,none,true,12,414,35,1,m3,1VuBTTQVFkVMQoHen4dKPJgUfqJY1ta899xaf7,5826,33,402,1.0,5826.0,78864.0,0.073874,9.37365865e-05,0.54610935,0.57919889,0.99938411,-0.417,1.500,4.415,4.4148,-0.0002,1,,0,3,3,0,0,m1,1PJJAyxet5ARk1XH3GjK9tVTPH3keFUewkjkfi,00a3f24126d32b536aa7372d6729181be0d73acbb45f52ab145d34f215c0887c,946686209,946686206,2,1,0,0,60.8984,412,
run4-tbt-3s,1,continentale,3,none,true,12,415,35,1,m1,1PJJAyxet5ARk1XH3GjK9tVTPH3keFUewkjkfi,51006,34,414,1.0,51006.0,75625.0,0.67446,3.23948184e-05,1.65233011,0.19160293,0.91369417,-0.333,1.500,4.174,4.1745,0.0005,1,,1,2,2,0,0,m1,1PJJAyxet5ARk1XH3GjK9tVTPH3keFUewkjkfi,00ac5487fd9e83d6d75c5802fbca548916b9190c282c4b0be9c9bb9a7cb5f1c6,946686213,946686209,4,1,0,0,7.1198,412,3
run4-tbt-3s,1,continentale,3,none,true,12,415,35,1,m2,1VAcJXZ4zmVYXXG3RSh25pvJNoJdBeVy9ChdT6,18080,34,414,1.0,18080.0,75625.0,0.239074,2.09188739e-05,0.37821324,0.6850844,0.79443435,-0.333,1.500,3.817,3.8167,-0.0003,1,,0,1,1,1,1,m1,1PJJAyxet5ARk1XH3GjK9tVTPH3keFUewkjkfi,00ac5487fd9e83d6d75c5802fbca548916b9190c282c4b0be9c9bb9a7cb5f1c6,946686213,946686209,4,1,0,0,21.1469,412,
run4-tbt-3s,1,continentale,3,none,true,12,415,35,1,m3,1VuBTTQVFkVMQoHen4dKPJgUfqJY1ta899xaf7,6539,34,414,1.0,6539.0,75625.0,0.086466,9.3616297e-05,0.61215697,0.54218014,0.999158,-0.333,1.500,4.431,4.4309,-0.0001,1,,0,3,3,0,0,m1,1PJJAyxet5ARk1XH3GjK9tVTPH3keFUewkjkfi,00ac5487fd9e83d6d75c5802fbca548916b9190c282c4b0be9c9bb9a7cb5f1c6,946686213,946686209,4,1,0,0,60.8984,412,
run4-tbt-3s,1,continentale,3,none,true,12,416,35,1,m1,1PJJAyxet5ARk1XH3GjK9tVTPH3keFUewkjkfi,51006,34,414,1.0,51006.0,75625.0,0.67446,2.44942585e-05,1.24935415,0.2866899,0.84313635,-0.417,1.500,3.946,3.946,0.0,1,,1,2,2,0,0,m1,1PJJAyxet5ARk1XH3GjK9tVTPH3keFUewkjkfi,003f10083630e3811f7150e34df479602278c2356833598a3a351792c06efd02,946686218,946686213,3,1,0,0,7.1198,412,4
run4-tbt-3s,1,continentale,3,none,true,12,416,35,1,m2,1VAcJXZ4zmVYXXG3RSh25pvJNoJdBeVy9ChdT6,18080,34,414,1.0,18080.0,75625.0,0.239074,1.45626111e-05,0.26329201,0.76851745,0.66756052,-0.417,1.500,3.419,3.4193,0.0003,1,,0,1,1,1,1,m1,1PJJAyxet5ARk1XH3GjK9tVTPH3keFUewkjkfi,003f10083630e3811f7150e34df479602278c2356833598a3a351792c06efd02,946686218,946686213,3,1,0,0,21.1469,412,
run4-tbt-3s,1,continentale,3,none,true,12,416,35,1,m3,1VuBTTQVFkVMQoHen4dKPJgUfqJY1ta899xaf7,6539,34,414,1.0,6539.0,75625.0,0.086466,0.000202968398,1.32721035,0.26521609,0.99999978,-0.417,1.500,4.417,4.4166,-0.0004,1,,0,3,3,0,0,m1,1PJJAyxet5ARk1XH3GjK9tVTPH3keFUewkjkfi,003f10083630e3811f7150e34df479602278c2356833598a3a351792c06efd02,946686218,946686213,3,1,0,0,60.8984,412,
run4-tbt-3s,1,continentale,3,none,true,12,417,35,1,m1,1PJJAyxet5ARk1XH3GjK9tVTPH3keFUewkjkfi,51006,34,414,1.0,51006.0,75625.0,0.67446,1.30923639e-05,0.66778911,0.51284116,0.62846419,-0.417,1.500,3.302,3.302,-0.0,1,,1,1,1,1,1,m1,1PJJAyxet5ARk1XH3GjK9tVTPH3keFUewkjkfi,00f18777081eda78f1549f576cf3fec76ef5e770547fbbd20d5f8f5ce8ee1bb1,946686222,946686218,3,1,0,0,7.1198,412,5
run4-tbt-3s,1,continentale,3,none,true,12,417,35,1,m2,1VAcJXZ4zmVYXXG3RSh25pvJNoJdBeVy9ChdT6,18080,34,414,1.0,18080.0,75625.0,0.239074,6.88259322e-05,1.24437285,0.28812155,0.99451074,-0.417,1.500,4.4,4.4001,0.0001,1,,0,3,3,0,0,m1,1PJJAyxet5ARk1XH3GjK9tVTPH3keFUewkjkfi,00f18777081eda78f1549f576cf3fec76ef5e770547fbbd20d5f8f5ce8ee1bb1,946686222,946686218,3,1,0,0,21.1469,412,
run4-tbt-3s,1,continentale,3,none,true,12,417,35,1,m3,1VuBTTQVFkVMQoHen4dKPJgUfqJY1ta899xaf7,6539,34,414,1.0,6539.0,75625.0,0.086466,1.64760891e-05,0.10773715,0.89786357,0.71234811,-0.417,1.500,3.554,3.5536,-0.0004,1,,0,2,2,0,0,m1,1PJJAyxet5ARk1XH3GjK9tVTPH3keFUewkjkfi,00f18777081eda78f1549f576cf3fec76ef5e770547fbbd20d5f8f5ce8ee1bb1,946686222,946686218,3,1,0,0,60.8984,412,
run4-tbt-3s,1,continentale,3,none,true,12,418,35,1,m1,1PJJAyxet5ARk1XH3GjK9tVTPH3keFUewkjkfi,51006,34,414,1.0,51006.0,75625.0,0.67446,9.98819587e-08,0.00509458,0.99491838,0.00752512,-0.5,1.500,1.423,1.4226,-0.0004,1,,1,1,1,1,1,m1,1PJJAyxet5ARk1XH3GjK9tVTPH3keFUewkjkfi,00c49bc7cd179e92b021b1c6a66658b6d377f7aefdfdaaa0087adcfdf6838480,946686224,946686222,1,1,0,0,7.1198,412,6
run4-tbt-3s,1,continentale,3,none,true,12,418,35,1,m2,1VAcJXZ4zmVYXXG3RSh25pvJNoJdBeVy9ChdT6,18080,34,414,1.0,18080.0,75625.0,0.239074,6.13678374e-06,0.11095305,0.89498077,0.37129572,-0.5,1.500,2.514,2.5139,-0.0001,1,,0,2,2,0,0,m1,1PJJAyxet5ARk1XH3GjK9tVTPH3keFUewkjkfi,00c49bc7cd179e92b021b1c6a66658b6d377f7aefdfdaaa0087adcfdf6838480,946686224,946686222,1,1,0,0,21.1469,412,
run4-tbt-3s,1,continentale,3,none,true,12,418,35,1,m3,1VuBTTQVFkVMQoHen4dKPJgUfqJY1ta899xaf7,6539,34,414,1.0,6539.0,75625.0,0.086466,0.000255771202,1.67248789,0.18777931,1.0,-0.5,1.500,4.4,4.4,-0.0,1,,0,3,3,0,0,m1,1PJJAyxet5ARk1XH3GjK9tVTPH3keFUewkjkfi,00c49bc7cd179e92b021b1c6a66658b6d377f7aefdfdaaa0087adcfdf6838480,946686224,946686222,1,1,0,0,60.8984,412,
run4-tbt-3s,1,continentale,3,none,true,12,419,35,1,m1,1PJJAyxet5ARk1XH3GjK9tVTPH3keFUewkjkfi,51006,34,414,1.0,51006.0,75625.0,0.67446,2.33564369e-06,0.11913184,0.88769076,0.16191274,-0.25,1.500,1.936,1.9357,-0.0003,1,,1,1,1,1,1,m1,1PJJAyxet5ARk1XH3GjK9tVTPH3keFUewkjkfi,005c56567334054ab1860e988769c40943caef1c710fb94225f846ddb59d536d,946686227,946686224,1,1,0,0,7.1198,412,7
run4-tbt-3s,1,continentale,3,none,true,12,419,35,1,m2,1VAcJXZ4zmVYXXG3RSh25pvJNoJdBeVy9ChdT6,18080,34,414,1.0,18080.0,75625.0,0.239074,3.58121499e-06,0.06474837,0.93730329,0.23725338,-0.25,1.500,2.162,2.1618,-0.0002,1,,0,2,2,0,0,m1,1PJJAyxet5ARk1XH3GjK9tVTPH3keFUewkjkfi,005c56567334054ab1860e988769c40943caef1c710fb94225f846ddb59d536d,946686227,946686224,1,1,0,0,21.1469,412,
run4-tbt-3s,1,continentale,3,none,true,12,419,35,1,m3,1VuBTTQVFkVMQoHen4dKPJgUfqJY1ta899xaf7,6539,34,414,1.0,6539.0,75625.0,0.086466,0.000113243488,0.74049917,0.47687581,0.99980915,-0.25,1.500,4.449,4.4494,0.0004,1,,0,3,3,0,0,m1,1PJJAyxet5ARk1XH3GjK9tVTPH3keFUewkjkfi,005c56567334054ab1860e988769c40943caef1c710fb94225f846ddb59d536d,946686227,946686224,1,1,0,0,60.8984,412,
run4-tbt-3s,1,continentale,3,none,true,12,420,36,1,m1,1PJJAyxet5ARk1XH3GjK9tVTPH3keFUewkjkfi,51006,34,414,1.0,51006.0,75625.0,0.67446,2.18979654e-05,1.11692762,0.32728379,0.80910536,-0.25,1.500,3.877,3.8773,0.0003,1,,1,1,1,1,1,m1,1PJJAyxet5ARk1XH3GjK9tVTPH3keFUewkjkfi,00e7d2e82a5ac32cf69598ca88c6c4f1ff4ecae8af5801b676013bc3bb3b72cb,946686231,946686227,3,1,0,0,107.8836,420,8
run4-tbt-3s,1,continentale,3,none,true,12,420,36,1,m2,1VAcJXZ4zmVYXXG3RSh25pvJNoJdBeVy9ChdT6,18080,34,414,1.0,18080.0,75625.0,0.239074,4.44080095e-05,0.80289681,0.44802923,0.96520758,-0.25,1.500,4.346,4.3456,-0.0004,1,,0,2,2,0,0,m1,1PJJAyxet5ARk1XH3GjK9tVTPH3keFUewkjkfi,00e7d2e82a5ac32cf69598ca88c6c4f1ff4ecae8af5801b676013bc3bb3b72cb,946686231,946686227,3,1,0,0,21.1457,420,
run4-tbt-3s,1,continentale,3,none,true,12,420,36,1,m3,1VuBTTQVFkVMQoHen4dKPJgUfqJY1ta899xaf7,6539,34,414,1.0,6539.0,75625.0,0.086466,0.00015542128,1.01629975,0.3619317,0.99999214,-0.25,1.500,4.45,4.45,-0.0,1,,0,3,3,0,0,m1,1PJJAyxet5ARk1XH3GjK9tVTPH3keFUewkjkfi,00e7d2e82a5ac32cf69598ca88c6c4f1ff4ecae8af5801b676013bc3bb3b72cb,946686231,946686227,3,1,0,0,60.7338,420,
run4-tbt-3s,1,continentale,3,none,true,12,421,36,1,m1,1PJJAyxet5ARk1XH3GjK9tVTPH3keFUewkjkfi,51006,34,414,1.0,51006.0,75625.0,0.67446,1.31523242e-05,0.67084745,0.51127511,0.6301451,-0.25,1.500,3.34,3.3404,0.0004,1,,1,1,1,1,1,m1,1PJJAyxet5ARk1XH3GjK9tVTPH3keFUewkjkfi,008f04c8df0fc03bd6b1e3395655e7bb6406b0efddea602a310f0773d51f422f,946686235,946686231,3,1,0,0,107.8836,420,9
run4-tbt-3s,1,continentale,3,none,true,12,421,36,1,m2,1VAcJXZ4zmVYXXG3RSh25pvJNoJdBeVy9ChdT6,18080,34,414,1.0,18080.0,75625.0,0.239074,3.15116113e-05,0.56972993,0.56567819,0.90773271,-0.25,1.500,4.173,4.1732,0.0002,1,,0,2,2,0,0,m1,1PJJAyxet5ARk1XH3GjK9tVTPH3keFUewkjkfi,008f04c8df0fc03bd6b1e3395655e7bb6406b0efddea602a310f0773d51f422f,946686235,946686231,3,1,0,0,21.1457,420,
run4-tbt-3s,1,continentale,3,none,true,12,421,36,1,m3,1VuBTTQVFkVMQoHen4dKPJgUfqJY1ta899xaf7,6539,34,414,1.0,6539.0,75625.0,0.086466,0.000263651265,1.72401562,0.17834853,1.0,-0.25,1.500,4.45,4.45,-0.0,1,,0,3,3,0,0,m1,1PJJAyxet5ARk1XH3GjK9tVTPH3keFUewkjkfi,008f04c8df0fc03bd6b1e3395655e7bb6406b0efddea602a310f0773d51f422f,946686235,946686231,3,1,0,0,60.7338,420,
run4-tbt-3s,1,continentale,3,none,true,12,422,36,1,m1,1PJJAyxet5ARk1XH3GjK9tVTPH3keFUewkjkfi,51006,34,414,1.0,51006.0,75625.0,0.67446,8.04482487e-06,0.41033434,0.6634284,0.45577357,-0.333,1.500,2.801,2.8007,-0.0003,1,,1,1,1,1,1,m1,1PJJAyxet5ARk1XH3GjK9tVTPH3keFUewkjkfi,006163be8fb9a65f4e557e104725352241c9825b979ca816196ceb865d3f636b,946686239,946686235,2,1,0,0,107.8836,420,10
run4-tbt-3s,1,continentale,3,none,true,12,422,36,1,m2,1VAcJXZ4zmVYXXG3RSh25pvJNoJdBeVy9ChdT6,18080,34,414,1.0,18080.0,75625.0,0.239074,5.13685678e-05,0.92874371,0.3950497,0.97944699,-0.333,1.500,4.372,4.3717,-0.0003,1,,0,2,2,0,0,m1,1PJJAyxet5ARk1XH3GjK9tVTPH3keFUewkjkfi,006163be8fb9a65f4e557e104725352241c9825b979ca816196ceb865d3f636b,946686239,946686235,2,1,0,0,21.1457,420,
run4-tbt-3s,1,continentale,3,none,true,12,422,36,1,m3,1VuBTTQVFkVMQoHen4dKPJgUfqJY1ta899xaf7,6539,34,414,1.0,6539.0,75625.0,0.086466,6.41408991e-05,0.41941734,0.65742977,0.99217675,-0.333,1.500,4.41,4.4099,-0.0001,1,,0,3,3,0,0,m1,1PJJAyxet5ARk1XH3GjK9tVTPH3keFUewkjkfi,006163be8fb9a65f4e557e104725352241c9825b979ca816196ceb865d3f636b,946686239,946686235,2,1,0,0,60.7338,420,
run4-tbt-3s,1,continentale,3,none,true,12,423,36,1,m1,1PJJAyxet5ARk1XH3GjK9tVTPH3keFUewkjkfi,51006,34,414,1.0,51006.0,75625.0,0.67446,1.16886783e-05,0.59619273,0.5509051,0.58685485,-0.5,1.500,3.161,3.1606,-0.0004,1,,1,2,2,0,0,m1,1PJJAyxet5ARk1XH3GjK9tVTPH3keFUewkjkfi,00667825d5f6d84be12eb362b22a5188a82f1a0bbabc486d2b0056735dbeb12a,946686242,946686239,3,1,0,0,107.8836,420,11
run4-tbt-3s,1,continentale,3,none,true,12,423,36,1,m2,1VAcJXZ4zmVYXXG3RSh25pvJNoJdBeVy9ChdT6,18080,34,414,1.0,18080.0,75625.0,0.239074,5.79553883e-06,0.10478334,0.90051961,0.3548598,-0.5,1.500,2.465,2.4646,-0.0004,1,,0,1,1,1,1,m1,1PJJAyxet5ARk1XH3GjK9tVTPH3keFUewkjkfi,00667825d5f6d84be12eb362b22a5188a82f1a0bbabc486d2b0056735dbeb12a,946686242,946686239,3,1,0,0,21.1457,420,
run4-tbt-3s,1,continentale,3,none,true,12,423,36,1,m3,1VuBTTQVFkVMQoHen4dKPJgUfqJY1ta899xaf7,6539,34,414,1.0,6539.0,75625.0,0.086466,7.43562e-05,0.48621519,0.61494946,0.99638689,-0.5,1.500,4.389,4.3892,0.0002,1,,0,3,3,0,0,m1,1PJJAyxet5ARk1XH3GjK9tVTPH3keFUewkjkfi,00667825d5f6d84be12eb362b22a5188a82f1a0bbabc486d2b0056735dbeb12a,946686242,946686239,3,1,0,0,60.7338,420,
run4-tbt-3s,1,continentale,3,none,true,12,424,36,1,m1,1PJJAyxet5ARk1XH3GjK9tVTPH3keFUewkjkfi,51006,34,414,1.0,51006.0,75625.0,0.67446,3.50541949e-05,1.78797427,0.16729873,0.92941753,-0.5,1.500,4.188,4.1883,0.0003,1,,1,1,1,1,1,m1,1PJJAyxet5ARk1XH3GjK9tVTPH3keFUewkjkfi,00ae73f5c61a9d661fc349656e3995d8452d89176345ecbbe72293c83b41e478,946686247,946686242,4,1,0,0,107.8836,420,12
run4-tbt-3s,1,continentale,3,none,true,12,424,36,1,m2,1VAcJXZ4zmVYXXG3RSh25pvJNoJdBeVy9ChdT6,18080,34,414,1.0,18080.0,75625.0,0.239074,3.69162363e-05,0.66744555,0.51301738,0.93868865,-0.5,1.500,4.216,4.2161,0.0001,1,,0,2,2,0,0,m1,1PJJAyxet5ARk1XH3GjK9tVTPH3keFUewkjkfi,00ae73f5c61a9d661fc349656e3995d8452d89176345ecbbe72293c83b41e478,946686247,946686242,4,1,0,0,21.1457,420,
run4-tbt-3s,1,continentale,3,none,true,12,424,36,1,m3,1VuBTTQVFkVMQoHen4dKPJgUfqJY1ta899xaf7,6539,34,414,1.0,6539.0,75625.0,0.086466,4.33717551e-05,0.28360791,0.75306186,0.96237133,-0.5,1.500,4.287,4.2871,0.0001,1,,0,3,3,0,0,m1,1PJJAyxet5ARk1XH3GjK9tVTPH3keFUewkjkfi,00ae73f5c61a9d661fc349656e3995d8452d89176345ecbbe72293c83b41e478,946686247,946686242,4,1,0,0,60.7338,420,
run4-tbt-3s,1,continentale,3,none,true,12,425,36,1,m1,1PJJAyxet5ARk1XH3GjK9tVTPH3keFUewkjkfi,51006,34,414,1.0,51006.0,75625.0,0.67446,4.48005341e-06,0.2285096,0.79571865,0.28737792,-0.75,1.500,2.212,2.2121,0.0001,1,,1,1,1,1,1,m1,1PJJAyxet5ARk1XH3GjK9tVTPH3keFUewkjkfi,0008314e040cc29d5953c897f55a05c43dc2a150def5141432abf14be323d06f,946686250,946686247,2,1,0,0,107.8836,420,13
run4-tbt-3s,1,continentale,3,none,true,12,425,36,1,m2,1VAcJXZ4zmVYXXG3RSh25pvJNoJdBeVy9ChdT6,18080,34,414,1.0,18080.0,75625.0,0.239074,8.3568837e-05,1.51092457,0.22070582,0.99819986,-0.75,1.500,4.345,4.3446,-0.0004,1,,0,2,2,0,0,m1,1PJJAyxet5ARk1XH3GjK9tVTPH3keFUewkjkfi,0008314e040cc29d5953c897f55a05c43dc2a150def5141432abf14be323d06f,946686250,946686247,2,1,0,0,21.1457,420,
run4-tbt-3s,1,continentale,3,none,true,12,425,36,1,m3,1VuBTTQVFkVMQoHen4dKPJgUfqJY1ta899xaf7,6539,34,414,1.0,6539.0,75625.0,0.086466,0.000100392211,0.65646467,0.51868181,0.99949561,-0.75,1.500,4.348,4.3485,0.0005,1,,0,3,3,0,0,m1,1PJJAyxet5ARk1XH3GjK9tVTPH3keFUewkjkfi,0008314e040cc29d5953c897f55a05c43dc2a150def5141432abf14be323d06f,946686250,946686247,2,1,0,0,60.7338,420,
run4-tbt-3s,1,continentale,3,none,true,12,426,36,1,m1,1PJJAyxet5ARk1XH3GjK9tVTPH3keFUewkjkfi,51006,34,414,1.0,51006.0,75625.0,0.67446,7.29178555e-06,0.37192481,0.68940607,0.42388114,-0.667,1.500,2.638,2.6382,0.0002,1,,1,1,1,1,1,m1,1PJJAyxet5ARk1XH3GjK9tVTPH3keFUewkjkfi,0060cef65196b8f84f8b5aff90dfbb68b4db0d866df8bc22fca05388867b824b,946686253,946686250,2,1,0,0,107.8836,420,14
run4-tbt-3s,1,continentale,3,none,true,12,426,36,1,m2,1VAcJXZ4zmVYXXG3RSh25pvJNoJdBeVy9ChdT6,18080,34,414,1.0,18080.0,75625.0,0.239074,3.41377638e-05,0.61721077,0.53944698,0.92435231,-0.667,1.500,4.14,4.1397,-0.0003,1,,0,2,2,0,0,m1,1PJJAyxet5ARk1XH3GjK9tVTPH3keFUewkjkfi,0060cef65196b8f84f8b5aff90dfbb68b4db0d866df8bc22fca05388867b824b,946686253,946686250,2,1,0,0,21.1457,420,
run4-tbt-3s,1,continentale,3,none,true,12,426,36,1,m3,1VuBTTQVFkVMQoHen4dKPJgUfqJY1ta899xaf7,6539,34,414,1.0,6539.0,75625.0,0.086466,7.12607638e-05,0.46597413,0.62752352,0.9954339,-0.667,1.500,4.353,4.3529,-0.0001,1,,0,3,3,0,0,m1,1PJJAyxet5ARk1XH3GjK9tVTPH3keFUewkjkfi,0060cef65196b8f84f8b5aff90dfbb68b4db0d866df8bc22fca05388867b824b,946686253,946686250,2,1,0,0,60.7338,420,
run4-tbt-3s,1,continentale,3,none,true,12,427,36,1,m1,1PJJAyxet5ARk1XH3GjK9tVTPH3keFUewkjkfi,44404,35,426,1.0,44404.0,68101.0,0.652032,0.000104034505,4.61954816,0.00985725,0.9991623,-0.667,1.500,4.364,4.3641,0.0001,1,,1,2,2,0,0,m1,1PJJAyxet5ARk1XH3GjK9tVTPH3keFUewkjkfi,00c61f97817357cb64276903dc786de9870b4c72a638c8e91c046cf8133e73b9,946686258,946686253,4,1,0,0,107.8836,420,15
run4-tbt-3s,1,continentale,3,none,true,12,427,36,1,m2,1VAcJXZ4zmVYXXG3RSh25pvJNoJdBeVy9ChdT6,15454,35,426,1.0,15454.0,68101.0,0.226928,0.000222110487,3.43249547,0.03230622,0.99999973,-0.667,1.500,4.367,4.3666,-0.0004,1,,0,3,3,0,0,m1,1PJJAyxet5ARk1XH3GjK9tVTPH3keFUewkjkfi,00c61f97817357cb64276903dc786de9870b4c72a638c8e91c046cf8133e73b9,946686258,946686253,4,1,0,0,21.1457,420,
run4-tbt-3s,1,continentale,3,none,true,12,427,36,1,m3,1VuBTTQVFkVMQoHen4dKPJgUfqJY1ta899xaf7,8243,35,426,1.0,8243.0,68101.0,0.121041,5.45845807e-05,0.4499407,0.63766596,0.97569965,-0.667,1.500,4.294,4.2937,-0.0003,1,,0,1,1,1,1,m1,1PJJAyxet5ARk1XH3GjK9tVTPH3keFUewkjkfi,00c61f97817357cb64276903dc786de9870b4c72a638c8e91c046cf8133e73b9,946686258,946686253,4,1,0,0,60.7338,420,
run4-tbt-3s,1,continentale,3,none,true,12,428,36,1,m1,1PJJAyxet5ARk1XH3GjK9tVTPH3keFUewkjkfi,44404,35,426,1.0,44404.0,68101.0,0.652032,5.14502272e-05,2.28459589,0.1018152,0.96991751,-0.75,1.500,4.26,4.2598,-0.0002,1,,0,2,2,0,0,m3,1VuBTTQVFkVMQoHen4dKPJgUfqJY1ta899xaf7,00c74eeb90d2aff44fde519f2cd8280cda6bbfb02a1d55ba1d359f9f0c7ec4fc,946686262,946686258,3,1,0,0,8.1708,428,
run4-tbt-3s,1,continentale,3,none,true,12,428,36,1,m2,1VAcJXZ4zmVYXXG3RSh25pvJNoJdBeVy9ChdT6,15454,35,426,1.0,15454.0,68101.0,0.226928,0.000102809564,1.588819,0.20416659,0.99908942,-0.75,1.500,4.347,4.3473,0.0003,1,,0,3,3,0,0,m3,1VuBTTQVFkVMQoHen4dKPJgUfqJY1ta899xaf7,00c74eeb90d2aff44fde519f2cd8280cda6bbfb02a1d55ba1d359f9f0c7ec4fc,946686262,946686258,3,1,0,0,9.3893,428,
run4-tbt-3s,1,continentale,3,none,true,12,428,36,1,m3,1VuBTTQVFkVMQoHen4dKPJgUfqJY1ta899xaf7,8243,35,426,1.0,8243.0,68101.0,0.121041,1.45678324e-05,0.12008264,0.88684714,0.62919685,-0.75,1.500,3.238,3.2376,-0.0004,1,,1,1,1,1,1,m3,1VuBTTQVFkVMQoHen4dKPJgUfqJY1ta899xaf7,00c74eeb90d2aff44fde519f2cd8280cda6bbfb02a1d55ba1d359f9f0c7ec4fc,946686262,946686258,3,1,0,0,48.8362,428,1
run4-tbt-3s,1,continentale,3,none,true,12,429,36,1,m1,1PJJAyxet5ARk1XH3GjK9tVTPH3keFUewkjkfi,44404,35,426,1.0,44404.0,68101.0,0.652032,6.26380412e-06,0.27813796,0.75719235,0.34725669,-0.667,1.500,2.408,2.4084,0.0004,1,,1,1,1,1,1,m1,1PJJAyxet5ARk1XH3GjK9tVTPH3keFUewkjkfi,002e517058b6c98de010bb38a25e4927f311b125d1d11ff2d4da6eb6030485df,946686265,946686262,2,1,0,0,8.1708,428,1
run4-tbt-3s,1,continentale,3,none,true,12,429,36,1,m2,1VAcJXZ4zmVYXXG3RSh25pvJNoJdBeVy9ChdT6,15454,35,426,1.0,15454.0,68101.0,0.226928,6.52817293e-05,1.00886384,0.36463302,0.98827171,-0.667,1.500,4.331,4.3314,0.0004,1,,0,2,2,0,0,m1,1PJJAyxet5ARk1XH3GjK9tVTPH3keFUewkjkfi,002e517058b6c98de010bb38a25e4927f311b125d1d11ff2d4da6eb6030485df,946686265,946686262,2,1,0,0,9.3893,428,
run4-tbt-3s,1,continentale,3,none,true,12,429,36,1,m3,1VuBTTQVFkVMQoHen4dKPJgUfqJY1ta899xaf7,8243,35,426,1.0,8243.0,68101.0,0.121041,0.000140831821,1.1608767,0.31321147,0.99993164,-0.667,1.500,4.366,4.3664,0.0004,1,,0,3,3,0,0,m1,1PJJAyxet5ARk1XH3GjK9tVTPH3keFUewkjkfi,002e517058b6c98de010bb38a25e4927f311b125d1d11ff2d4da6eb6030485df,946686265,946686262,2,1,0,0,48.8362,428,
run4-tbt-3s,1,continentale,3,none,true,12,430,36,1,m1,1PJJAyxet5ARk1XH3GjK9tVTPH3keFUewkjkfi,44404,35,426,1.0,44404.0,68101.0,0.652032,2.63607066e-05,1.17052082,0.31020534,0.83390419,-0.583,1.500,3.885,3.8851,0.0001,1,,1,1,1,1,1,m1,1PJJAyxet5ARk1XH3GjK9tVTPH3keFUewkjkfi,007c5a5eb7bd57200f0e6dd3a8f33a87973fc542b404c17b53c61c753f7090e9,946686270,946686265,3,1,0,0,8.1708,428,2
run4-tbt-3s,1,continentale,3,none,true,12,430,36,1,m2,1VAcJXZ4zmVYXXG3RSh25pvJNoJdBeVy9ChdT6,15454,35,426,1.0,15454.0,68101.0,0.226928,2.67368282e-05,0.41319094,0.66153596,0.83810458,-0.583,1.500,3.898,3.8977,-0.0003,1,,0,2,2,0,0,m1,1PJJAyxet5ARk1XH3GjK9tVTPH3keFUewkjkfi,007c5a5eb7bd57200f0e6dd3a8f33a87973fc542b404c17b53c61c753f7090e9,946686270,946686265,3,1,0,0,9.3893,428,
run4-tbt-3s,1,continentale,3,none,true,12,430,36,1,m3,1VuBTTQVFkVMQoHen4dKPJgUfqJY1ta899xaf7,8243,35,426,1.0,8243.0,68101.0,0.121041,0.000106657244,0.87917566,0.41512497,0.99929932,-0.583,1.500,4.381,4.3813,0.0003,1,,0,3,3,0,0,m1,1PJJAyxet5ARk1XH3GjK9tVTPH3keFUewkjkfi,007c5a5eb7bd57200f0e6dd3a8f33a87973fc542b404c17b53c61c753f7090e9,946686270,946686265,3,1,0,0,48.8362,428,
run4-tbt-3s,1,continentale,3,none,true,12,431,36,1,m1,1PJJAyxet5ARk1XH3GjK9tVTPH3keFUewkjkfi,44404,35,426,1.0,44404.0,68101.0,0.652032,2.14855507e-06,0.09540444,0.90900522,0.1361177,-0.833,1.500,1.742,1.7418,-0.0002,1,,1,1,1,1,1,m1,1PJJAyxet5ARk1XH3GjK9tVTPH3keFUewkjkfi,0030ef862bd5a4d933b985c079206c0dbbae43614f4412beb3026d62ae229cfe,946686272,946686270,1,1,0,0,8.1708,428,3
run4-tbt-3s,1,continentale,3,none,true,12,431,36,1,m2,1VAcJXZ4zmVYXXG3RSh25pvJNoJdBeVy9ChdT6,15454,35,426,1.0,15454.0,68101.0,0.226928,0.00023823519,3.68168663,0.02518047,0.99999991,-0.833,1.500,4.333,4.3334,0.0004,1,,0,2,3,0,0,m1,1PJJAyxet5ARk1XH3GjK9tVTPH3keFUewkjkfi,0030ef862bd5a4d933b985c079206c0dbbae43614f4412beb3026d62ae229cfe,946686272,946686270,1,1,0,0,9.3893,428,
run4-tbt-3s,1,continentale,3,none,true,12,431,36,1,m3,1VuBTTQVFkVMQoHen4dKPJgUfqJY1ta899xaf7,8243,35,426,1.0,8243.0,68101.0,0.121041,0.000133638162,1.10157937,0.33234577,0.99988843,-0.833,1.500,4.333,4.3331,0.0001,1,,0,3,2,0,0,m1,1PJJAyxet5ARk1XH3GjK9tVTPH3keFUewkjkfi,0030ef862bd5a4d933b985c079206c0dbbae43614f4412beb3026d62ae229cfe,946686272,946686270,1,1,0,0,48.8362,428,
run4-tbt-3s,1,continentale,3,none,true,12,432,37,1,m1,1PJJAyxet5ARk1XH3GjK9tVTPH3keFUewkjkfi,44404,35,426,1.0,44404.0,68101.0,0.652032,3.66713124e-06,0.1628353,0.84973113,0.22099304,-0.75,1.500,2.013,2.013,-0.0,1,,1,2,2,0,0,m1,1PJJAyxet5ARk1XH3GjK9tVTPH3keFUewkjkfi,00d7e80ad87e4c0c2d3b1ba278ff1c3d78336ff495b7f8e63fe6c9634e56a7db,946686274,946686272,2,1,0,0,8.1708,428,4
run4-tbt-3s,1,continentale,3,none,true,12,432,37,1,m2,1VAcJXZ4zmVYXXG3RSh25pvJNoJdBeVy9ChdT6,15454,35,426,1.0,15454.0,68101.0,0.226928,1.55710487e-06,0.0240635,0.97622372,0.10061169,-0.75,1.500,1.652,1.6518,-0.0002,1,,0,1,1,1,1,m1,1PJJAyxet5ARk1XH3GjK9tVTPH3keFUewkjkfi,00d7e80ad87e4c0c2d3b1ba278ff1c3d78336ff495b7f8e63fe6c9634e56a7db,946686274,946686272,2,1,0,0,9.3893,428,
run4-tbt-3s,1,continentale,3,none,true,12,432,37,1,m3,1VuBTTQVFkVMQoHen4dKPJgUfqJY1ta899xaf7,8243,35,426,1.0,8243.0,68101.0,0.121041,0.000165605626,1.36508718,0.25535841,0.99998735,-0.75,1.500,4.35,4.35,-0.0,1,,0,3,3,0,0,m1,1PJJAyxet5ARk1XH3GjK9tVTPH3keFUewkjkfi,00d7e80ad87e4c0c2d3b1ba278ff1c3d78336ff495b7f8e63fe6c9634e56a7db,946686274,946686272,2,1,0,0,48.8362,428,
run4-tbt-3s,1,continentale,3,none,true,12,433,37,1,m1,1PJJAyxet5ARk1XH3GjK9tVTPH3keFUewkjkfi,44404,35,426,1.0,44404.0,68101.0,0.652032,4.08341794e-07,0.01813201,0.98203139,0.02742539,-0.583,1.500,1.466,1.4657,-0.0003,1,,1,2,2,0,0,m1,1PJJAyxet5ARk1XH3GjK9tVTPH3keFUewkjkfi,00c1498ae115cf85d508c8515c2b9488c533d4aee966a172bdbaea0ef48ef3b7,946686276,946686274,1,1,0,0,8.1708,428,5
run4-tbt-3s,1,continentale,3,none,true,12,433,37,1,m2,1VAcJXZ4zmVYXXG3RSh25pvJNoJdBeVy9ChdT6,15454,35,426,1.0,15454.0,68101.0,0.226928,0.000117369778,1.81383255,0.16302812,0.99966218,-0.583,1.500,4.382,4.3824,0.0004,1,,0,3,3,0,0,m1,1PJJAyxet5ARk1XH3GjK9tVTPH3keFUewkjkfi,00c1498ae115cf85d508c8515c2b9488c533d4aee966a172bdbaea0ef48ef3b7,946686276,946686274,1,1,0,0,9.3893,428,
run4-tbt-3s,1,continentale,3,none,true,12,433,37,1,m3,1VuBTTQVFkVMQoHen4dKPJgUfqJY1ta899xaf7,8243,35,426,1.0,8243.0,68101.0,0.121041,2.02857862e-07,0.00167216,0.99832924,0.01371984,-0.583,1.500,1.424,1.4246,0.0006,1,,0,1,1,1,1,m1,1PJJAyxet5ARk1XH3GjK9tVTPH3keFUewkjkfi,00c1498ae115cf85d508c8515c2b9488c533d4aee966a172bdbaea0ef48ef3b7,946686276,946686274,1,1,0,0,48.8362,428,
run4-tbt-3s,1,continentale,3,none,true,12,434,37,1,m1,1PJJAyxet5ARk1XH3GjK9tVTPH3keFUewkjkfi,44404,35,426,1.0,44404.0,68101.0,0.652032,7.0338099e-05,3.12329295,0.044012,0.99168833,-0.417,1.500,4.392,4.3917,-0.0003,1,,1,2,3,0,0,m1,1PJJAyxet5ARk1XH3GjK9tVTPH3keFUewkjkfi,00b90790234400875cf1a8e25bda3b3a51eb65bb687d1d896945141402e44367,946686281,946686276,4,1,0,0,8.1708,428,6
run4-tbt-3s,1,continentale,3,none,true,12,434,37,1,m2,1VAcJXZ4zmVYXXG3RSh25pvJNoJdBeVy9ChdT6,15454,35,426,1.0,15454.0,68101.0,0.226928,1.54724914e-05,0.23911188,0.78732679,0.65135189,-0.417,1.500,3.371,3.3707,-0.0003,1,,0,1,1,1,1,m1,1PJJAyxet5ARk1XH3GjK9tVTPH3keFUewkjkfi,00b90790234400875cf1a8e25bda3b3a51eb65bb687d1d896945141402e44367,946686281,946686276,4,1,0,0,9.3893,428,
run4-tbt-3s,1,continentale,3,none,true,12,434,37,1,m3,1VuBTTQVFkVMQoHen4dKPJgUfqJY1ta899xaf7,8243,35,426,1.0,8243.0,68101.0,0.121041,7.0256481e-05,0.57912417,0.56038896,0.991642,-0.417,1.500,4.392,4.3915,-0.0005,1,,0,3,2,0,0,m1,1PJJAyxet5ARk1XH3GjK9tVTPH3keFUewkjkfi,00b90790234400875cf1a8e25bda3b3a51eb65bb687d1d896945141402e44367,946686281,946686276,4,1,0,0,48.8362,428,
run4-tbt-3s,1,continentale,3,none,true,12,435,37,1,m1,1PJJAyxet5ARk1XH3GjK9tVTPH3keFUewkjkfi,44404,35,426,1.0,44404.0,68101.0,0.652032,2.42110595e-05,1.07506789,0.34127459,0.80771899,-0.5,1.500,3.823,3.8232,0.0002,1,,1,1,1,1,1,m1,1PJJAyxet5ARk1XH3GjK9tVTPH3keFUewkjkfi,00b2840820c20866133eb35583bda3199fcc0ddcfee9ad4032c5cf951e3ef1c7,946686285,946686281,3,1,0,0,8.1708,428,7
run4-tbt-3s,1,continentale,3,none,true,12,435,37,1,m2,1VAcJXZ4zmVYXXG3RSh25pvJNoJdBeVy9ChdT6,15454,35,426,1.0,15454.0,68101.0,0.226928,7.55266743e-05,1.16718922,0.31124054,0.99416244,-0.5,1.500,4.382,4.3825,0.0005,1,,0,2,2,0,0,m1,1PJJAyxet5ARk1XH3GjK9tVTPH3keFUewkjkfi,00b2840820c20866133eb35583bda3199fcc0ddcfee9ad4032c5cf951e3ef1c7,946686285,946686281,3,1,0,0,9.3893,428,
run4-tbt-3s,1,continentale,3,none,true,12,435,37,1,m3,1VuBTTQVFkVMQoHen4dKPJgUfqJY1ta899xaf7,8243,35,426,1.0,8243.0,68101.0,0.121041,7.93723448e-05,0.65426624,0.51982335,0.99550746,-0.5,1.500,4.387,4.3865,-0.0005,1,,0,3,3,0,0,m1,1PJJAyxet5ARk1XH3GjK9tVTPH3keFUewkjkfi,00b2840820c20866133eb35583bda3199fcc0ddcfee9ad4032c5cf951e3ef1c7,946686285,946686281,3,1,0,0,48.8362,428,
run4-tbt-3s,1,continentale,3,none,true,12,436,37,1,m1,1PJJAyxet5ARk1XH3GjK9tVTPH3keFUewkjkfi,44404,35,426,1.0,44404.0,68101.0,0.652032,5.85719769e-06,0.26008301,0.77098759,0.32892946,-0.583,1.500,2.37,2.3702,0.0002,1,,1,2,2,0,0,m1,1PJJAyxet5ARk1XH3GjK9tVTPH3keFUewkjkfi,00dbc3cf47d82a805d49c477243e504b5d368495a7a11132b647522cff42fcf3,946686288,946686285,2,1,0,0,8.1708,428,8
run4-tbt-3s,1,continentale,3,none,true,12,436,37,1,m2,1VAcJXZ4zmVYXXG3RSh25pvJNoJdBeVy9ChdT6,15454,35,426,1.0,15454.0,68101.0,0.226928,4.67767309e-06,0.07228876,0.93026223,0.27280035,-0.583,1.500,2.202,2.2018,-0.0002,1,,0,1,1,1,1,m1,1PJJAyxet5ARk1XH3GjK9tVTPH3keFUewkjkfi,00dbc3cf47d82a805d49c477243e504b5d368495a7a11132b647522cff42fcf3,946686288,946686285,2,1,0,0,9.3893,428,
run4-tbt-3s,1,continentale,3,none,true,12,436,37,1,m3,1VuBTTQVFkVMQoHen4dKPJgUfqJY1ta899xaf7,8243,35,426,1.0,8243.0,68101.0,0.121041,5.82609949e-05,0.48024538,0.61863157,0.98108182,-0.583,1.500,4.327,4.3266,-0.0004,1,,0,3,3,0,0,m1,1PJJAyxet5ARk1XH3GjK9tVTPH3keFUewkjkfi,00dbc3cf47d82a805d49c477243e504b5d368495a7a11132b647522cff42fcf3,946686288,946686285,2,1,0,0,48.8362,428,
run4-tbt-3s,1,continentale,3,none,true,12,437,37,1,m1,1PJJAyxet5ARk1XH3GjK9tVTPH3keFUewkjkfi,44404,35,426,1.0,44404.0,68101.0,0.652032,2.70960963e-05,1.20317506,0.30023942,0.84201754,-0.417,1.500,3.943,3.9427,-0.0003,1,,1,2,2,0,0,m1,1PJJAyxet5ARk1XH3GjK9tVTPH3keFUewkjkfi,00288f78b48f7d28dc522bbb4bf7762fb6f1e02dbd1b5cc0f57df8696f2e9726,946686293,946686288,3,1,0,0,7.5561,437,9
run4-tbt-3s,1,continentale,3,none,true,12,437,37,1,m2,1VAcJXZ4zmVYXXG3RSh25pvJNoJdBeVy9ChdT6,15454,35,426,1.0,15454.0,68101.0,0.226928,2.0758664e-05,0.32080439,0.72556516,0.75675492,-0.417,1.500,3.687,3.6869,-0.0001,1,,0,1,1,1,1,m1,1PJJAyxet5ARk1XH3GjK9tVTPH3keFUewkjkfi,00288f78b48f7d28dc522bbb4bf7762fb6f1e02dbd1b5cc0f57df8696f2e9726,946686293,946686288,3,1,0,0,44.8049,437,
run4-tbt-3s,1,continentale,3,none,true,12,437,37,1,m3,1VuBTTQVFkVMQoHen4dKPJgUfqJY1ta899xaf7,8243,35,426,1.0,8243.0,68101.0,0.121041,0.000309117421,2.5480549,0.07823369,1.0,-0.417,1.500,4.417,4.4166,-0.0004,1,,0,3,3,0,0,m1,1PJJAyxet5ARk1XH3GjK9tVTPH3keFUewkjkfi,00288f78b48f7d28dc522bbb4bf7762fb6f1e02dbd1b5cc0f57df8696f2e9726,946686293,946686288,3,1,0,0,39.5583,437,
run4-tbt-3s,1,continentale,3,none,true,12,438,37,1,m1,1PJJAyxet5ARk1XH3GjK9tVTPH3keFUewkjkfi,44404,35,426,1.0,44404.0,68101.0,0.652032,8.37914534e-06,0.37206757,0.68930766,0.4348297,-0.583,1.500,2.688,2.6879,-0.0001,1,,1,1,1,1,1,m1,1PJJAyxet5ARk1XH3GjK9tVTPH3keFUewkjkfi,007b4bf8e1f0e5893b2ee26d9c4979667d95d358d39c5504f1169253624e9bf4,946686296,946686293,2,1,0,0,7.5561,437,10
run4-tbt-3s,1,continentale,3,none,true,12,438,37,1,m2,1VAcJXZ4zmVYXXG3RSh25pvJNoJdBeVy9ChdT6,15454,35,426,1.0,15454.0,68101.0,0.226928,1.45304664e-05,0.22455383,0.79887257,0.62825208,-0.583,1.500,3.268,3.2682,0.0002,1,,0,2,2,0,0,m1,1PJJAyxet5ARk1XH3GjK9tVTPH3keFUewkjkfi,007b4bf8e1f0e5893b2ee26d9c4979667d95d358d39c5504f1169253624e9bf4,946686296,946686293,2,1,0,0,44.8049,437,
run4-tbt-3s,1,continentale,3,none,true,12,438,37,1,m3,1VuBTTQVFkVMQoHen4dKPJgUfqJY1ta899xaf7,8243,35,426,1.0,8243.0,68101.0,0.121041,9.67316832e-05,0.79735926,0.45051709,0.99862255,-0.583,1.500,4.379,4.3793,0.0003,1,,0,3,3,0,0,m1,1PJJAyxet5ARk1XH3GjK9tVTPH3keFUewkjkfi,007b4bf8e1f0e5893b2ee26d9c4979667d95d358d39c5504f1169253624e9bf4,946686296,946686293,2,1,0,0,39.5583,437,
run4-tbt-3s,1,continentale,3,none,true,12,439,37,1,m1,1PJJAyxet5ARk1XH3GjK9tVTPH3keFUewkjkfi,52503,36,438,1.0,52503.0,78826.0,0.666062,3.59883117e-06,0.18894943,0.82782837,0.24699354,-0.583,1.500,2.124,2.1244,0.0004,1,,1,2,2,0,0,m1,1PJJAyxet5ARk1XH3GjK9tVTPH3keFUewkjkfi,00eea143bdca353f15b520c29c1ff6e92edeed939ab5482efd254c6224377118,946686298,946686296,2,1,0,0,7.5561,437,11
run4-tbt-3s,1,continentale,3,none,true,12,439,37,1,m2,1VAcJXZ4zmVYXXG3RSh25pvJNoJdBeVy9ChdT6,18080,36,438,1.0,18080.0,78826.0,0.229366,5.22483825e-05,0.94465076,0.38881534,0.9837316,-0.583,1.500,4.335,4.3346,-0.0004,1,,0,3,3,0,0,m1,1PJJAyxet5ARk1XH3GjK9tVTPH3keFUewkjkfi,00eea143bdca353f15b520c29c1ff6e92edeed939ab5482efd254c6224377118,946686298,946686296,2,1,0,0,44.8049,437,
run4-tbt-3s,1,continentale,3,none,true,12,439,37,1,m3,1VuBTTQVFkVMQoHen4dKPJgUfqJY1ta899xaf7,8243,35,426,1.0,8243.0,78826.0,0.104572,7.87901402e-07,0.00649467,0.99352637,0.06021778,-0.583,1.500,1.564,1.5641,0.0001,1,,0,1,1,1,1,m1,1PJJAyxet5ARk1XH3GjK9tVTPH3keFUewkjkfi,00eea143bdca353f15b520c29c1ff6e92edeed939ab5482efd254c6224377118,946686298,946686296,2,1,0,0,39.5583,437,
run4-tbt-3s,1,continentale,3,none,true,12,440,37,1,m1,1PJJAyxet5ARk1XH3GjK9tVTPH3keFUewkjkfi,52503,36,438,1.0,52503.0,78826.0,0.666062,4.14628617e-05,2.17692463,0.11338971,0.96193087,-0.333,1.500,4.319,4.3192,0.0002,1,,1,2,2,0,0,m1,1PJJAyxet5ARk1XH3GjK9tVTPH3keFUewkjkfi,00246277f910bf71abeefdd9d483153d7e51c10bbb1e1e196d014ea5382ea835,946686303,946686298,4,1,0,0,7.5561,437,12
run4-tbt-3s,1,continentale,3,none,true,12,440,37,1,m2,1VAcJXZ4zmVYXXG3RSh25pvJNoJdBeVy9ChdT6,18080,36,438,1.0,18080.0,78826.0,0.229366,2.88484006e-05,0.52157908,0.59358249,0.89710066,-0.333,1.500,4.125,4.1247,-0.0003,1,,0,1,1,1,1,m1,1PJJAyxet5ARk1XH3GjK9tVTPH3keFUewkjkfi,00246277f910bf71abeefdd9d483153d7e51c10bbb1e1e196d014ea5382ea835,946686303,946686298,4,1,0,0,44.8049,437,
run4-tbt-3s,1,continentale,3,none,true,12,440,37,1,m3,1VuBTTQVFkVMQoHen4dKPJgUfqJY1ta899xaf7,8243,35,426,1.0,8243.0,78826.0,0.104572,8.98898211e-05,0.7409618,0.47665525,0.99916297,-0.333,1.500,4.431,4.4309,-0.0001,1,,0,3,3,0,0,m1,1PJJAyxet5ARk1XH3GjK9tVTPH3keFUewkjkfi,00246277f910bf71abeefdd9d483153d7e51c10bbb1e1e196d014ea5382ea835,946686303,946686298,4,1,0,0,39.5583,437,
run4-tbt-3s,1,continentale,3,none,true,12,441,37,1,m1,1PJJAyxet5ARk1XH3GjK9tVTPH3keFUewkjkfi,52503,36,438,1.0,52503.0,78826.0,0.666062,2.69217688e-05,1.41347363,0.24329669,0.88022441,-0.417,1.500,4.057,4.0573,0.0003,1,,1,1,1,1,1,m1,1PJJAyxet5ARk1XH3GjK9tVTPH3keFUewkjkfi,002f88346140c3bdbc4970d6d03aa5909a1e7e34431c1610e62bc46969033fec,946686307,946686303,4,1,0,0,7.5561,437,13
run4-tbt-3s,1,continentale,3,none,true,12,441,37,1,m2,1VAcJXZ4zmVYXXG3RSh25pvJNoJdBeVy9ChdT6,18080,36,438,1.0,18080.0,78826.0,0.229366,7.49167396e-05,1.35449465,0.25807768,0.99727527,-0.417,1.500,4.408,4.4084,0.0004,1,,0,2,2,0,0,m1,1PJJAyxet5ARk1XH3GjK9tVTPH3keFUewkjkfi,002f88346140c3bdbc4970d6d03aa5909a1e7e34431c1610e62bc46969033fec,946686307,946686303,4,1,0,0,44.8049,437,
run4-tbt-3s,1,continentale,3,none,true,12,441,37,1,m3,1VuBTTQVFkVMQoHen4dKPJgUfqJY1ta899xaf7,8243,35,426,1.0,8243.0,78826.0,0.104572,0.000102210133,0.84251813,0.43062479,0.99968307,-0.417,1.500,4.416,4.4156,-0.0004,1,,0,3,3,0,0,m1,1PJJAyxet5ARk1XH3GjK9tVTPH3keFUewkjkfi,002f88346140c3bdbc4970d6d03aa5909a1e7e34431c1610e62bc46969033fec,946686307,946686303,4,1,0,0,39.5583,437,
run4-tbt-3s,1,continentale,3,none,true,12,442,37,1,m1,1PJJAyxet5ARk1XH3GjK9tVTPH3keFUewkjkfi,52503,36,438,1.0,52503.0,78826.0,0.666062,4.39421106e-05,2.30709263,0.09955026,0.96868884,-0.5,1.500,4.306,4.3061,0.0001,1,,0,2,2,0,0,m3,1VuBTTQVFkVMQoHen4dKPJgUfqJY1ta899xaf7,003faea85751ed63dcd6f320ab4ce5296ef20ae5347e1e8024c9f1dab27b4a18,946686311,946686307,2,1,0,0,7.5561,437,
run4-tbt-3s,1,continentale,3,none,true,12,442,37,1,m2,1VAcJXZ4zmVYXXG3RSh25pvJNoJdBeVy9ChdT6,18080,36,438,1.0,18080.0,78826.0,0.229366,7.70190772e-05,1.39250492,0.24845217,0.99769138,-0.5,1.500,4.393,4.3931,0.0001,1,,0,3,3,0,0,m3,1VuBTTQVFkVMQoHen4dKPJgUfqJY1ta899xaf7,003faea85751ed63dcd6f320ab4ce5296ef20ae5347e1e8024c9f1dab27b4a18,946686311,946686307,2,1,0,0,44.8049,437,
run4-tbt-3s,1,continentale,3,none,true,12,442,37,1,m3,1VuBTTQVFkVMQoHen4dKPJgUfqJY1ta899xaf7,8243,35,426,1.0,8243.0,78826.0,0.104572,7.11040757e-06,0.05861109,0.94307347,0.4290679,-0.5,1.500,2.687,2.6872,0.0002,1,,1,1,1,1,1,m3,1VuBTTQVFkVMQoHen4dKPJgUfqJY1ta899xaf7,003faea85751ed63dcd6f320ab4ce5296ef20ae5347e1e8024c9f1dab27b4a18,946686311,946686307,2,1,0,0,39.5583,437,1
run4-tbt-3s,1,continentale,3,none,true,12,443,37,1,m1,1PJJAyxet5ARk1XH3GjK9tVTPH3keFUewkjkfi,52503,36,438,1.0,52503.0,78826.0,0.666062,1.44250884e-05,0.75736042,0.4689025,0.67924318,-0.417,1.500,3.454,3.4543,0.0003,1,,0,2,2,0,0,m2,1VAcJXZ4zmVYXXG3RSh25pvJNoJdBeVy9ChdT6,005ae84b426a374c72255b6a5ac1e03d4a84957030c888cf16ecf5a928d7309b,946686315,946686311,1,1,0,0,7.5561,437,
run4-tbt-3s,1,continentale,3,none,true,12,443,37,1,m2,1VAcJXZ4zmVYXXG3RSh25pvJNoJdBeVy9ChdT6,18080,36,438,1.0,18080.0,78826.0,0.229366,1.89847196e-06,0.03432437,0.96625803,0.13898982,-0.417,1.500,1.834,1.8336,-0.0004,1,,1,1,1,1,1,m2,1VAcJXZ4zmVYXXG3RSh25pvJNoJdBeVy9ChdT6,005ae84b426a374c72255b6a5ac1e03d4a84957030c888cf16ecf5a928d7309b,946686315,946686311,1,1,0,0,44.8049,437,1
run4-tbt-3s,1,continentale,3,none,true,12,443,37,1,m3,1VuBTTQVFkVMQoHen4dKPJgUfqJY1ta899xaf7,8243,35,426,1.0,8243.0,78826.0,0.104572,0.000589667162,4.86062642,0.00774563,1.0,-0.417,1.500,4.417,4.4166,-0.0004,1,,0,3,3,0,0,m2,1VAcJXZ4zmVYXXG3RSh25pvJNoJdBeVy9ChdT6,005ae84b426a374c72255b6a5ac1e03d4a84957030c888cf16ecf5a928d7309b,946686315,946686311,1,1,0,0,39.5583,437,
run4-tbt-3s,1,continentale,3,none,true,12,444,38,1,m1,1PJJAyxet5ARk1XH3GjK9tVTPH3keFUewkjkfi,52503,36,438,1.0,52503.0,78826.0,0.666062,2.06909275e-05,1.08633577,0.33745073,0.80426294,-0.583,1.500,3.796,3.7962,0.0002,1,,0,1,1,1,1,m2,1VAcJXZ4zmVYXXG3RSh25pvJNoJdBeVy9ChdT6,002deef15e5c4ba0418543efcc4505d7f880f6d8aafd2f78dba51e9353931d8d,946686319,946686315,4,1,0,0,7.5561,437,
run4-tbt-3s,1,continentale,3,none,true,12,444,38,1,m2,1VAcJXZ4zmVYXXG3RSh25pvJNoJdBeVy9ChdT6,18080,36,438,1.0,18080.0,78826.0,0.229366,5.2246764e-05,0.94462149,0.38882672,0.98372953,-0.583,1.500,4.335,4.3346,-0.0004,1,,1,3,3,0,0,m2,1VAcJXZ4zmVYXXG3RSh25pvJNoJdBeVy9ChdT6,002deef15e5c4ba0418543efcc4505d7f880f6d8aafd2f78dba51e9353931d8d,946686319,946686315,4,1,0,0,44.8049,437,2
run4-tbt-3s,1,continentale,3,none,true,12,444,38,1,m3,1VuBTTQVFkVMQoHen4dKPJgUfqJY1ta899xaf7,8243,35,426,1.0,8243.0,78826.0,0.104572,3.27381278e-05,0.26986039,0.76348608,0.92427263,-0.583,1.500,4.156,4.1562,0.0002,1,,0,2,2,0,0,m2,1VAcJXZ4zmVYXXG3RSh25pvJNoJdBeVy9ChdT6,002deef15e5c4ba0418543efcc4505d7f880f6d8aafd2f78dba51e9353931d8d,946686319,946686315,4,1,0,0,39.5583,437,
run4-tbt-3s,1,continentale,3,none,true,12,445,38,1,m1,1PJJAyxet5ARk1XH3GjK9tVTPH3keFUewkjkfi,52503,36,438,1.0,52503.0,78826.0,0.666062,7.98404009e-06,0.41918606,0.65758184,0.46706187,-0.75,1.500,2.751,2.7512,0.0002,1,,0,2,2,0,0,m2,1VAcJXZ4zmVYXXG3RSh25pvJNoJdBeVy9ChdT6,00edc36f9f6f4be8731b4f498bf321e9dedb0ed940c3339599528cb6a3ee0691,946686324,946686319,3,1,1,1,7.0895,445,
run4-tbt-3s,1,continentale,3,none,true,12,445,38,1,m2,1VAcJXZ4zmVYXXG3RSh25pvJNoJdBeVy9ChdT6,18080,36,438,1.0,18080.0,78826.0,0.229366,2.53202754e-05,0.45779058,0.63267996,0.86410816,-0.75,1.500,3.942,3.9423,0.0003,1,,1,3,3,0,0,m2,1VAcJXZ4zmVYXXG3RSh25pvJNoJdBeVy9ChdT6,00edc36f9f6f4be8731b4f498bf321e9dedb0ed940c3339599528cb6a3ee0691,946686324,946686319,3,1,1,1,19.245,445,3
run4-tbt-3s,1,continentale,3,none,true,12,445,38,1,m3,1VuBTTQVFkVMQoHen4dKPJgUfqJY1ta899xaf7,8243,35,426,1.0,8243.0,78826.0,0.104572,7.41076401e-06,0.06108693,0.94074146,0.44242647,-0.75,1.500,2.677,2.6773,0.0003,1,,0,1,1,1,1,m2,1VAcJXZ4zmVYXXG3RSh25pvJNoJdBeVy9ChdT6,00edc36f9f6f4be8731b4f498bf321e9dedb0ed940c3339599528cb6a3ee0691,946686324,946686319,3,1,1,1,32.091,445,
run4-tbt-3s,1,continentale,3,none,true,12,446,38,1,m1,1PJJAyxet5ARk1XH3GjK9tVTPH3keFUewkjkfi,52503,36,438,1.0,52503.0,78826.0,0.666062,1.37978389e-05,0.72442794,0.48460171,0.66298521,-0.917,1.500,3.306,3.3056,-0.0004,1,,0,2,2,0,0,m2,1VAcJXZ4zmVYXXG3RSh25pvJNoJdBeVy9ChdT6,009e50be2cd70e640543ed788ae39a6e2bf65e805cfc24cd2a02c4111d2d4117,946686327,946686324,2,1,0,0,7.0895,445,
run4-tbt-3s,1,continentale,3,none,true,12,446,38,1,m2,1VAcJXZ4zmVYXXG3RSh25pvJNoJdBeVy9ChdT6,18080,36,438,1.0,18080.0,78826.0,0.229366,4.98801164e-06,0.09018325,0.91376372,0.32509612,-1.0,1.500,2.275,2.2753,0.0003,1,,1,1,1,1,1,m2,1VAcJXZ4zmVYXXG3RSh25pvJNoJdBeVy9ChdT6,009e50be2cd70e640543ed788ae39a6e2bf65e805cfc24cd2a02c4111d2d4117,946686327,946686324,2,1,0,0,19.245,445,4
run4-tbt-3s,1,continentale,3,none,true,12,446,38,1,m3,1VuBTTQVFkVMQoHen4dKPJgUfqJY1ta899xaf7,8243,35,426,1.0,8243.0,78826.0,0.104572,2.7333645e-05,0.22531124,0.79826773,0.88405066,-0.917,1.500,3.969,3.9688,-0.0002,1,,0,3,3,0,0,m2,1VAcJXZ4zmVYXXG3RSh25pvJNoJdBeVy9ChdT6,009e50be2cd70e640543ed788ae39a6e2bf65e805cfc24cd2a02c4111d2d4117,946686327,946686324,2,1,0,0,32.091,445,
run4-tbt-3s,1,continentale,3,none,true,12,447,38,1,m1,1PJJAyxet5ARk1XH3GjK9tVTPH3keFUewkjkfi,52503,36,438,1.0,52503.0,78826.0,0.666062,4.50696216e-07,0.0236629,0.97661487,0.03490292,-0.833,1.500,1.438,1.4381,0.0001,1,,1,1,1,1,1,m1,1PJJAyxet5ARk1XH3GjK9tVTPH3keFUewkjkfi,00c073d9f11c783c3540eabf5ba3ab4b3b3ecbc6f81d7c22377103e3952727e6,946686330,946686327,1,1,0,0,7.0895,445,1
run4-tbt-3s,1,continentale,3,none,true,12,447,38,1,m2,1VAcJXZ4zmVYXXG3RSh25pvJNoJdBeVy9ChdT6,18080,36,438,1.0,18080.0,78826.0,0.229366,0.000125391181,2.26707255,0.10361506,0.99994902,-0.833,1.500,4.333,4.3332,0.0002,1,,0,3,3,0,0,m1,1PJJAyxet5ARk1XH3GjK9tVTPH3keFUewkjkfi,00c073d9f11c783c3540eabf5ba3ab4b3b3ecbc6f81d7c22377103e3952727e6,946686330,946686327,1,1,0,0,19.245,445,
run4-tbt-3s,1,continentale,3,none,true,12,447,38,1,m3,1VuBTTQVFkVMQoHen4dKPJgUfqJY1ta899xaf7,8243,35,426,1.0,8243.0,78826.0,0.104572,4.73127445e-05,0.38999895,0.67705758,0.97599455,-0.833,1.500,4.261,4.2614,0.0004,1,,0,2,2,0,0,m1,1PJJAyxet5ARk1XH3GjK9tVTPH3keFUewkjkfi,00c073d9f11c783c3540eabf5ba3ab4b3b3ecbc6f81d7c22377103e3952727e6,946686330,946686327,1,1,0,0,32.091,445,
run4-tbt-3s,1,continentale,3,none,true,12,448,38,1,m1,1PJJAyxet5ARk1XH3GjK9tVTPH3keFUewkjkfi,52503,36,438,1.0,52503.0,78826.0,0.666062,4.08210309e-06,0.21432266,0.80708793,0.27513936,-0.75,1.500,2.175,2.1754,0.0004,1,,1,1,1,1,1,m1,1PJJAyxet5ARk1XH3GjK9tVTPH3keFUewkjkfi,005ab803424598ccd22f018adc04f05620f70664b9fa5527b4b1d850bea766bf,946686332,946686330,2,1,0,0,7.0895,445,2
run4-tbt-3s,1,continentale,3,none,true,12,448,38,1,m2,1VAcJXZ4zmVYXXG3RSh25pvJNoJdBeVy9ChdT6,18080,36,438,1.0,18080.0,78826.0,0.229366,6.56977133e-06,0.11878147,0.88800184,0.40421106,-0.75,1.500,2.563,2.5626,-0.0004,1,,0,2,2,0,0,m1,1PJJAyxet5ARk1XH3GjK9tVTPH3keFUewkjkfi,005ab803424598ccd22f018adc04f05620f70664b9fa5527b4b1d850bea766bf,946686332,946686330,2,1,0,0,19.245,445,
run4-tbt-3s,1,continentale,3,none,true,12,448,38,1,m3,1VuBTTQVFkVMQoHen4dKPJgUfqJY1ta899xaf7,8243,35,426,1.0,8243.0,78826.0,0.104572,0.000123903047,1.02133282,0.36011465,0.99994268,-0.75,1.500,4.35,4.3498,-0.0002,1,,0,3,3,0,0,m1,1PJJAyxet5ARk1XH3GjK9tVTPH3keFUewkjkfi,005ab803424598ccd22f018adc04f05620f70664b9fa5527b4b1d850bea766bf,946686332,946686330,2,1,0,0,32.091,445,
run4-tbt-3s,1,continentale,3,none,true,12,449,38,1,m1,1PJJAyxet5ARk1XH3GjK9tVTPH3keFUewkjkfi,52503,36,438,1.0,52503.0,78826.0,0.666062,2.83723527e-06,0.14896336,0.86160068,0.20040338,-0.667,1.500,1.968,1.9678,-0.0002,1,,1,1,1,1,1,m1,1PJJAyxet5ARk1XH3GjK9tVTPH3keFUewkjkfi,00f79b8b1fef1c00b1955e5e61681d11d6067efcb2ec4dc0f9abf155d160ce41,946686335,946686332,1,1,0,0,7.0895,445,3
run4-tbt-3s,1,continentale,3,none,true,12,449,38,1,m2,1VAcJXZ4zmVYXXG3RSh25pvJNoJdBeVy9ChdT6,18080,36,438,1.0,18080.0,78826.0,0.229366,0.000412167784,7.45199353,0.00058028,1.0,-0.667,1.500,4.367,4.3666,-0.0004,1,,0,2,3,0,0,m1,1PJJAyxet5ARk1XH3GjK9tVTPH3keFUewkjkfi,00f79b8b1fef1c00b1955e5e61681d11d6067efcb2ec4dc0f9abf155d160ce41,946686335,946686332,1,1,0,0,19.245,445,
run4-tbt-3s,1,continentale,3,none,true,12,449,38,1,m3,1VuBTTQVFkVMQoHen4dKPJgUfqJY1ta899xaf7,8243,35,426,1.0,8243.0,78826.0,0.104572,0.000301782401,2.48759233,0.08310983,1.0,-0.667,1.500,4.367,4.3666,-0.0004,1,,0,3,2,0,0,m1,1PJJAyxet5ARk1XH3GjK9tVTPH3keFUewkjkfi,00f79b8b1fef1c00b1955e5e61681d11d6067efcb2ec4dc0f9abf155d160ce41,946686335,946686332,1,1,0,0,32.091,445,
run4-tbt-3s,1,continentale,3,none,true,12,450,38,1,m1,1PJJAyxet5ARk1XH3GjK9tVTPH3keFUewkjkfi,52503,36,438,1.0,52503.0,78826.0,0.666062,2.74195473e-05,1.43960849,0.23702054,0.88483314,-0.5,1.500,4.054,4.0545,0.0005,1,,1,1,1,1,1,m1,1PJJAyxet5ARk1XH3GjK9tVTPH3keFUewkjkfi,003d60c37638c5c3852f294b704af4023b852973b52ef0d8a53d819cd30c6006,946686339,946686335,4,1,0,0,7.0895,445,4
run4-tbt-3s,1,continentale,3,none,true,12,450,38,1,m2,1VAcJXZ4zmVYXXG3RSh25pvJNoJdBeVy9ChdT6,18080,36,438,1.0,18080.0,78826.0,0.229366,0.000131429536,2.37624601,0.09289866,0.99996833,-0.5,1.500,4.4,4.3999,-0.0001,1,,0,3,3,0,0,m1,1PJJAyxet5ARk1XH3GjK9tVTPH3keFUewkjkfi,003d60c37638c5c3852f294b704af4023b852973b52ef0d8a53d819cd30c6006,946686339,946686335,4,1,0,0,19.245,445,
run4-tbt-3s,1,continentale,3,none,true,12,450,38,1,m3,1VuBTTQVFkVMQoHen4dKPJgUfqJY1ta899xaf7,8243,35,426,1.0,8243.0,78826.0,0.104572,0.000104917562,0.86483546,0.42112084,0.99974397,-0.5,1.500,4.399,4.3992,0.0002,1,,0,2,2,0,0,m1,1PJJAyxet5ARk1XH3GjK9tVTPH3keFUewkjkfi,003d60c37638c5c3852f294b704af4023b852973b52ef0d8a53d819cd30c6006,946686339,946686335,4,1,0,0,32.091,445,
run4-tbt-3s,1,continentale,3,none,true,12,451,38,1,m1,1PJJAyxet5ARk1XH3GjK9tVTPH3keFUewkjkfi,44404,37,450,1.0,44404.0,66606.0,0.666667,5.41527727e-06,0.24045997,0.78626612,0.30280488,-0.583,1.500,2.292,2.2918,-0.0002,1,,1,1,1,1,1,m1,1PJJAyxet5ARk1XH3GjK9tVTPH3keFUewkjkfi,0022d25c2753f9414d6cf4e1e254239aba632651dab9a448126ce0c4478d564b,946686342,946686339,2,1,0,0,7.0895,445,5
run4-tbt-3s,1,continentale,3,none,true,12,451,38,1,m2,1VAcJXZ4zmVYXXG3RSh25pvJNoJdBeVy9ChdT6,18080,36,438,1.0,18080.0,66606.0,0.271447,7.18452496e-05,1.29896211,0.2728148,0.99164859,-0.583,1.500,4.358,4.3583,0.0003,1,,0,2,2,0,0,m1,1PJJAyxet5ARk1XH3GjK9tVTPH3keFUewkjkfi,0022d25c2753f9414d6cf4e1e254239aba632651dab9a448126ce0c4478d564b,946686342,946686339,2,1,0,0,19.245,445,
run4-tbt-3s,1,continentale,3,none,true,12,451,38,1,m3,1VuBTTQVFkVMQoHen4dKPJgUfqJY1ta899xaf7,4122,37,450,1.0,4122.0,66606.0,0.061886,0.000126666322,0.52211858,0.59326234,0.99978324,-0.583,1.500,4.383,4.3827,-0.0003,1,,0,3,3,0,0,m1,1PJJAyxet5ARk1XH3GjK9tVTPH3keFUewkjkfi,0022d25c2753f9414d6cf4e1e254239aba632651dab9a448126ce0c4478d564b,946686342,946686339,2,1,0,0,32.091,445,
run4-tbt-3s,1,continentale,3,none,true,12,452,38,1,m1,1PJJAyxet5ARk1XH3GjK9tVTPH3keFUewkjkfi,44404,37,450,1.0,44404.0,66606.0,0.666667,1.45614408e-05,0.64658622,0.52383097,0.62087121,-0.667,1.500,3.229,3.2292,0.0002,1,,1,2,2,0,0,m1,1PJJAyxet5ARk1XH3GjK9tVTPH3keFUewkjkfi,00d08fa65f93420acce6b75f3df712763dfc9f2f80d27591e94ea8df9cb704db,946686346,946686342,3,1,0,0,7.0895,445,6
run4-tbt-3s,1,continentale,3,none,true,12,452,38,1,m2,1VAcJXZ4zmVYXXG3RSh25pvJNoJdBeVy9ChdT6,18080,36,438,1.0,18080.0,66606.0,0.271447,6.60977732e-06,0.11950477,0.88735977,0.3561251,-0.667,1.500,2.435,2.435,-0.0,1,,0,1,1,1,1,m1,1PJJAyxet5ARk1XH3GjK9tVTPH3keFUewkjkfi,00d08fa65f93420acce6b75f3df712763dfc9f2f80d27591e94ea8df9cb704db,946686346,946686342,3,1,0,0,19.245,445,
run4-tbt-3s,1,continentale,3,none,true,12,452,38,1,m3,1VuBTTQVFkVMQoHen4dKPJgUfqJY1ta899xaf7,4122,37,450,1.0,4122.0,66606.0,0.061886,5.25027989e-05,0.21641654,0.80539975,0.96971193,-0.667,1.500,4.276,4.2757,-0.0003,1,,0,3,3,0,0,m1,1PJJAyxet5ARk1XH3GjK9tVTPH3keFUewkjkfi,00d08fa65f93420acce6b75f3df712763dfc9f2f80d27591e94ea8df9cb704db,946686346,946686342,3,1,0,0,32.091,445,
run4-tbt-3s,1,continentale,3,none,true,12,453,38,1,m1,1PJJAyxet5ARk1XH3GjK9tVTPH3keFUewkjkfi,44404,37,450,1.0,44404.0,66606.0,0.666667,3.66361871e-05,1.62679325,0.19655888,0.9128557,-0.583,1.500,4.122,4.122,-0.0,1,,0,3,3,0,0,m2,1VAcJXZ4zmVYXXG3RSh25pvJNoJdBeVy9ChdT6,009f64df3587bce46988c681d626e9b74a1390363fdda27413713bed5d5d9db8,946686349,946686346,1,1,0,0,7.0895,445,
run4-tbt-3s,1,continentale,3,none,true,12,453,38,1,m2,1VAcJXZ4zmVYXXG3RSh25pvJNoJdBeVy9ChdT6,18080,36,438,1.0,18080.0,66606.0,0.271447,2.13678335e-06,0.03863304,0.9621037,0.13265859,-0.583,1.500,1.781,1.7814,0.0004,1,,1,1,1,1,1,m2,1VAcJXZ4zmVYXXG3RSh25pvJNoJdBeVy9ChdT6,009f64df3587bce46988c681d626e9b74a1390363fdda27413713bed5d5d9db8,946686349,946686346,1,1,0,0,19.245,445,1
run4-tbt-3s,1,continentale,3,none,true,12,453,38,1,m3,1VuBTTQVFkVMQoHen4dKPJgUfqJY1ta899xaf7,4122,37,450,1.0,4122.0,66606.0,0.061886,3.57449009e-05,0.14734048,0.86300009,0.90752573,-0.583,1.500,4.106,4.106,-0.0,1,,0,2,2,0,0,m2,1VAcJXZ4zmVYXXG3RSh25pvJNoJdBeVy9ChdT6,009f64df3587bce46988c681d626e9b74a1390363fdda27413713bed5d5d9db8,946686349,946686346,1,1,0,0,32.091,445,
run4-tbt-3s,1,continentale,3,none,true,12,454,38,1,m1,1PJJAyxet5ARk1XH3GjK9tVTPH3keFUewkjkfi,44404,37,450,1.0,44404.0,66606.0,0.666667,6.41869876e-05,2.850159,0.05783512,0.98609127,-0.5,1.500,4.358,4.3583,0.0003,1,,0,2,2,0,0,m2,1VAcJXZ4zmVYXXG3RSh25pvJNoJdBeVy9ChdT6,0092d7f6b0367cf37ce2963656f2b74049e2bddc1dcf2a334fe7dce4c6cf839f,946686352,946686349,3,1,0,0,7.0895,445,
run4-tbt-3s,1,continentale,3,none,true,12,454,38,1,m2,1VAcJXZ4zmVYXXG3RSh25pvJNoJdBeVy9ChdT6,18080,36,438,1.0,18080.0,66606.0,0.271447,1.16756152e-05,0.21109512,0.80969704,0.54052283,-0.5,1.500,3.022,3.0216,-0.0004,1,,1,1,1,1,1,m2,1VAcJXZ4zmVYXXG3RSh25pvJNoJdBeVy9ChdT6,0092d7f6b0367cf37ce2963656f2b74049e2bddc1dcf2a334fe7dce4c6cf839f,946686352,946686349,3,1,0,0,19.245,445,2
run4-tbt-3s,1,continentale,3,none,true,12,454,38,1,m3,1VuBTTQVFkVMQoHen4dKPJgUfqJY1ta899xaf7,4122,37,450,1.0,4122.0,66606.0,0.061886,0.000270790415,1.11619809,0.32752264,0.99999999,-0.5,1.500,4.4,4.4,-0.0,1,,0,3,3,0,0,m2,1VAcJXZ4zmVYXXG3RSh25pvJNoJdBeVy9ChdT6,0092d7f6b0367cf37ce2963656f2b74049e2bddc1dcf2a334fe7dce4c6cf839f,946686352,946686349,3,1,0,0,32.091,445,
run4-tbt-3s,1,continentale,3,none,true,12,455,38,1,m1,1PJJAyxet5ARk1XH3GjK9tVTPH3keFUewkjkfi,44404,37,450,1.0,44404.0,66606.0,0.666667,1.28886999e-06,0.05723098,0.94437591,0.08226488,-0.417,1.500,1.663,1.6634,0.0004,1,,1,1,1,1,1,m1,1PJJAyxet5ARk1XH3GjK9tVTPH3keFUewkjkfi,00c1e9a8289f79f09d2376337837b054f87d7b97315dece5be83738198ae56ea,946686356,946686352,1,1,0,0,107.5583,455,1
run4-tbt-3s,1,continentale,3,none,true,12,455,38,1,m2,1VAcJXZ4zmVYXXG3RSh25pvJNoJdBeVy9ChdT6,18080,36,438,1.0,18080.0,66606.0,0.271447,8.21661408e-05,1.48556383,0.22637467,0.99580037,-0.417,1.500,4.404,4.404,0.0,1,,0,3,3,0,0,m1,1PJJAyxet5ARk1XH3GjK9tVTPH3keFUewkjkfi,00c1e9a8289f79f09d2376337837b054f87d7b97315dece5be83738198ae56ea,946686356,946686352,1,1,0,0,119.8718,455,
run4-tbt-3s,1,continentale,3,none,true,12,455,38,1,m3,1VuBTTQVFkVMQoHen4dKPJgUfqJY1ta899xaf7,4122,37,450,1.0,4122.0,66606.0,0.061886,5.86417412e-05,0.24172126,0.78527504,0.979877,-0.417,1.500,4.356,4.3562,0.0002,1,,0,2,2,0,0,m1,1PJJAyxet5ARk1XH3GjK9tVTPH3keFUewkjkfi,00c1e9a8289f79f09d2376337837b054f87d7b97315dece5be83738198ae56ea,946686356,946686352,1,1,0,0,32.0148,455,
run4-tbt-3s,1,continentale,3,none,true,12,456,39,1,m1,1PJJAyxet5ARk1XH3GjK9tVTPH3keFUewkjkfi,44404,37,450,1.0,44404.0,66606.0,0.666667,3.46039938e-05,1.53655574,0.21512076,0.9002246,-0.417,1.500,4.117,4.1173,0.0003,1,,0,2,2,0,0,m2,1VAcJXZ4zmVYXXG3RSh25pvJNoJdBeVy9ChdT6,00839d2987e19b6bba0286a6a988d7972efed80817bc20f2a41cc7b0a921a24a,946686359,946686356,2,1,0,0,107.5583,455,
run4-tbt-3s,1,continentale,3,none,true,12,456,39,1,m2,1VAcJXZ4zmVYXXG3RSh25pvJNoJdBeVy9ChdT6,18080,36,438,1.0,18080.0,66606.0,0.271447,3.90266248e-06,0.07056014,0.9318717,0.22890272,-0.417,1.500,2.103,2.1033,0.0003,1,,1,1,1,1,1,m2,1VAcJXZ4zmVYXXG3RSh25pvJNoJdBeVy9ChdT6,00839d2987e19b6bba0286a6a988d7972efed80817bc20f2a41cc7b0a921a24a,946686359,946686356,2,1,0,0,119.8718,455,1
run4-tbt-3s,1,continentale,3,none,true,12,456,39,1,m3,1VuBTTQVFkVMQoHen4dKPJgUfqJY1ta899xaf7,4122,37,450,1.0,4122.0,66606.0,0.061886,0.000161316774,0.66494774,0.5143004,0.99997844,-0.417,1.500,4.417,4.4165,-0.0005,1,,0,3,3,0,0,m2,1VAcJXZ4zmVYXXG3RSh25pvJNoJdBeVy9ChdT6,00839d2987e19b6bba0286a6a988d7972efed80817bc20f2a41cc7b0a921a24a,946686359,946686356,2,1,0,0,32.0148,455,
run4-tbt-3s,1,continentale,3,none,true,12,457,39,1,m1,1PJJAyxet5ARk1XH3GjK9tVTPH3keFUewkjkfi,44404,37,450,1.0,44404.0,66606.0,0.666667,5.9631103e-05,2.6478595,0.0708026,0.98116031,-0.333,1.500,4.377,4.3769,-0.0001,1,,0,3,3,0,0,m2,1VAcJXZ4zmVYXXG3RSh25pvJNoJdBeVy9ChdT6,007e622a52b0bfbab03896dd525285fc98e860df0bfb183d5f355f5a6a9208d9,946686363,946686359,4,1,0,0,107.5583,455,
run4-tbt-3s,1,continentale,3,none,true,12,457,39,1,m2,1VAcJXZ4zmVYXXG3RSh25pvJNoJdBeVy9ChdT6,18080,36,438,1.0,18080.0,66606.0,0.271447,3.95009449e-05,0.71417708,0.48959484,0.92799358,-0.333,1.500,4.217,4.2174,0.0004,1,,1,2,2,0,0,m2,1VAcJXZ4zmVYXXG3RSh25pvJNoJdBeVy9ChdT6,007e622a52b0bfbab03896dd525285fc98e860df0bfb183d5f355f5a6a9208d9,946686363,946686359,4,1,0,0,119.8718,455,2
run4-tbt-3s,1,continentale,3,none,true,12,457,39,1,m3,1VuBTTQVFkVMQoHen4dKPJgUfqJY1ta899xaf7,4122,37,450,1.0,4122.0,66606.0,0.061886,2.31966432e-05,0.09561656,0.90881242,0.78669573,-0.333,1.500,3.793,3.7935,0.0005,1,,0,1,1,1,1,m2,1VAcJXZ4zmVYXXG3RSh25pvJNoJdBeVy9ChdT6,007e622a52b0bfbab03896dd525285fc98e860df0bfb183d5f355f5a6a9208d9,946686363,946686359,4,1,0,0,32.0148,455,
run4-tbt-3s,1,continentale,3,none,true,12,458,39,1,m1,1PJJAyxet5ARk1XH3GjK9tVTPH3keFUewkjkfi,44404,37,450,1.0,44404.0,66606.0,0.666667,2.22829243e-05,0.98945097,0.37178075,0.77331105,-0.25,1.500,3.77,3.7699,-0.0001,1,,1,1,1,1,1,m1,1PJJAyxet5ARk1XH3GjK9tVTPH3keFUewkjkfi,002088eece2adf5d94eafe478761689b9e56a63cc0f1a8d5264c727bd578816c,946686369,946686363,3,1,1,1,107.5583,455,1
run4-tbt-3s,1,continentale,3,none,true,12,458,39,1,m2,1VAcJXZ4zmVYXXG3RSh25pvJNoJdBeVy9ChdT6,18080,36,438,1.0,18080.0,66606.0,0.271447,0.000104398091,1.88751749,0.15144731,0.99904475,-0.25,1.500,4.447,4.4471,0.0001,1,,0,2,2,0,0,m1,1PJJAyxet5ARk1XH3GjK9tVTPH3keFUewkjkfi,002088eece2adf5d94eafe478761689b9e56a63cc0f1a8d5264c727bd578816c,946686369,946686363,3,1,1,1,119.8718,455,
run4-tbt-3s,1,continentale,3,none,true,12,458,39,1,m3,1VuBTTQVFkVMQoHen4dKPJgUfqJY1ta899xaf7,4122,37,450,1.0,4122.0,66606.0,0.061886,0.000200438472,0.82620738,0.43770619,0.99999841,-0.25,1.500,4.45,4.45,-0.0,1,,0,3,3,0,0,m1,1PJJAyxet5ARk1XH3GjK9tVTPH3keFUewkjkfi,002088eece2adf5d94eafe478761689b9e56a63cc0f1a8d5264c727bd578816c,946686369,946686363,3,1,1,1,32.0148,455,
run4-tbt-3s,1,continentale,3,none,true,12,459,39,1,m1,1PJJAyxet5ARk1XH3GjK9tVTPH3keFUewkjkfi,44404,37,450,1.0,44404.0,66606.0,0.666667,9.70963212e-06,0.4311465,0.64976371,0.47623897,-0.5,1.500,2.829,2.8287,-0.0003,1,,1,1,1,1,1,m1,1PJJAyxet5ARk1XH3GjK9tVTPH3keFUewkjkfi,00af3956962ae550e06d52d1fe218f8e46985e105c797d9ccc8bb36ab2bdc6b0,946686372,946686369,2,1,0,0,107.5583,455,2
run4-tbt-3s,1,continentale,3,none,true,12,459,39,1,m2,1VAcJXZ4zmVYXXG3RSh25pvJNoJdBeVy9ChdT6,18080,36,438,1.0,18080.0,66606.0,0.271447,3.80758776e-05,0.68841187,0.50237327,0.92082399,-0.5,1.500,4.162,4.1625,0.0005,1,,0,2,2,0,0,m1,1PJJAyxet5ARk1XH3GjK9tVTPH3keFUewkjkfi,00af3956962ae550e06d52d1fe218f8e46985e105c797d9ccc8bb36ab2bdc6b0,946686372,946686369,2,1,0,0,119.8718,455,
run4-tbt-3s,1,continentale,3,none,true,12,459,39,1,m3,1VuBTTQVFkVMQoHen4dKPJgUfqJY1ta899xaf7,4122,37,450,1.0,4122.0,66606.0,0.061886,0.000215301041,0.88747089,0.41169566,0.99999941,-0.5,1.500,4.4,4.4,-0.0,1,,0,3,3,0,0,m1,1PJJAyxet5ARk1XH3GjK9tVTPH3keFUewkjkfi,00af3956962ae550e06d52d1fe218f8e46985e105c797d9ccc8bb36ab2bdc6b0,946686372,946686369,2,1,0,0,32.0148,455,
run4-tbt-3s,1,continentale,3,none,true,12,460,39,1,m1,1PJJAyxet5ARk1XH3GjK9tVTPH3keFUewkjkfi,44404,37,450,1.0,44404.0,66606.0,0.666667,3.1794775e-05,1.41181519,0.24370052,0.87969472,-0.5,1.500,4.039,4.0391,0.0001,1,,0,2,2,0,0,m3,1VuBTTQVFkVMQoHen4dKPJgUfqJY1ta899xaf7,004d45ec1bae1dfd5956eb5e4eb58e7be90560a868d28e64e22dfa5b0a1af4ad,946686375,946686372,1,1,0,0,107.5583,455,
run4-tbt-3s,1,continentale,3,none,true,12,460,39,1,m2,1VAcJXZ4zmVYXXG3RSh25pvJNoJdBeVy9ChdT6,18080,36,438,1.0,18080.0,66606.0,0.271447,0.000126207924,2.28183927,0.10209625,0.99977652,-0.5,1.500,4.399,4.3993,0.0003,1,,0,3,3,0,0,m3,1VuBTTQVFkVMQoHen4dKPJgUfqJY1ta899xaf7,004d45ec1bae1dfd5956eb5e4eb58e7be90560a868d28e64e22dfa5b0a1af4ad,946686375,946686372,1,1,0,0,119.8718,455,
run4-tbt-3s,1,continentale,3,none,true,12,460,39,1,m3,1VuBTTQVFkVMQoHen4dKPJgUfqJY1ta899xaf7,4122,37,450,1.0,4122.0,66606.0,0.061886,1.10291765e-06,0.00454623,0.99546409,0.07082755,-0.5,1.500,1.612,1.6125,0.0005,1,,1,1,1,1,1,m3,1VuBTTQVFkVMQoHen4dKPJgUfqJY1ta899xaf7,004d45ec1bae1dfd5956eb5e4eb58e7be90560a868d28e64e22dfa5b0a1af4ad,946686375,946686372,1,1,0,0,32.0148,455,1
run4-tbt-3s,1,continentale,3,none,true,12,461,39,1,m1,1PJJAyxet5ARk1XH3GjK9tVTPH3keFUewkjkfi,44404,37,450,1.0,44404.0,66606.0,0.666667,9.87049125e-06,0.43828929,0.64513912,0.48182069,-0.583,1.500,2.829,2.8289,-0.0001,1,,1,2,2,0,0,m1,1PJJAyxet5ARk1XH3GjK9tVTPH3keFUewkjkfi,002ac886021255cae445d73532a95241e5c7a66476efbdbde34c9ff6dab7e14e,946686379,946686375,2,1,1,1,107.5583,455,1
run4-tbt-3s,1,continentale,3,none,true,12,461,39,1,m2,1VAcJXZ4zmVYXXG3RSh25pvJNoJdBeVy9ChdT6,18080,36,438,1.0,18080.0,66606.0,0.271447,7.52827916e-06,0.13611129,0.8727455,0.39433519,-0.583,1.500,2.566,2.5664,0.0004,1,,0,1,1,1,1,m1,1PJJAyxet5ARk1XH3GjK9tVTPH3keFUewkjkfi,002ac886021255cae445d73532a95241e5c7a66476efbdbde34c9ff6dab7e14e,946686379,946686375,2,1,1,1,119.8718,455,
run4-tbt-3s,1,continentale,3,none,true,12,461,39,1,m3,1VuBTTQVFkVMQoHen4dKPJgUfqJY1ta899xaf7,4122,37,450,1.0,4122.0,66606.0,0.061886,0.000663794571,2.73616122,0.06481869,1.0,-0.583,1.500,4.383,4.3834,0.0004,1,,0,3,3,0,0,m1,1PJJAyxet5ARk1XH3GjK9tVTPH3keFUewkjkfi,002ac886021255cae445d73532a95241e5c7a66476efbdbde34c9ff6dab7e14e,946686379,946686375,2,1,1,1,32.0148,455,
run4-tbt-3s,1,continentale,3,none,true,12,462,39,1,m1,1PJJAyxet5ARk1XH3GjK9tVTPH3keFUewkjkfi,44404,37,450,1.0,44404.0,66606.0,0.666667,7.24463377e-06,0.32169072,0.72492236,0.3827839,-0.667,1.500,2.515,2.515,-0.0,1,,1,1,1,1,1,m1,1PJJAyxet5ARk1XH3GjK9tVTPH3keFUewkjkfi,0004d7bdca9a7f2f05ff3b37524c449b8c51979767240a6baebee40720f2cedc,946686382,946686379,2,1,0,0,107.5583,455,2
run4-tbt-3s,1,continentale,3,none,true,12,462,39,1,m2,1VAcJXZ4zmVYXXG3RSh25pvJNoJdBeVy9ChdT6,18080,36,438,1.0,18080.0,66606.0,0.271447,1.56067756e-05,0.2821705,0.75414509,0.64637028,-0.667,1.500,3.306,3.3057,-0.0003,1,,0,2,2,0,0,m1,1PJJAyxet5ARk1XH3GjK9tVTPH3keFUewkjkfi,0004d7bdca9a7f2f05ff3b37524c449b8c51979767240a6baebee40720f2cedc,946686382,946686379,2,1,0,0,119.8718,455,
run4-tbt-3s,1,continentale,3,none,true,12,462,39,1,m3,1VuBTTQVFkVMQoHen4dKPJgUfqJY1ta899xaf7,4122,37,450,1.0,4122.0,66606.0,0.061886,0.000364725082,1.50339679,0.22237352,1.0,-0.667,1.500,4.367,4.3666,-0.0004,1,,0,3,3,0,0,m1,1PJJAyxet5ARk1XH3GjK9tVTPH3keFUewkjkfi,0004d7bdca9a7f2f05ff3b37524c449b8c51979767240a6baebee40720f2cedc,946686382,946686379,2,1,0,0,32.0148,455,
run4-tbt-3s,1,continentale,3,none,true,12,463,39,1,m1,1PJJAyxet5ARk1XH3GjK9tVTPH3keFUewkjkfi,51006,38,462,1.0,51006.0,72057.0,0.707856,2.70330712e-06,0.13788488,0.87119898,0.17699434,-0.583,1.500,1.914,1.9144,0.0004,1,,1,1,1,1,1,m1,1PJJAyxet5ARk1XH3GjK9tVTPH3keFUewkjkfi,00514f1bfb7892ab9930113e85917beb8ff6fc2b5ef47583d612a87408dba2f4,946686384,946686382,1,1,0,0,7.6355,463,3
run4-tbt-3s,1,continentale,3,none,true,12,463,39,1,m2,1VAcJXZ4zmVYXXG3RSh25pvJNoJdBeVy9ChdT6,12808,38,462,1.0,12808.0,72057.0,0.177748,9.17212663e-05,1.17476598,0.30889126,0.99865204,-0.583,1.500,4.379,4.3794,0.0004,1,,0,3,3,0,0,m1,1PJJAyxet5ARk1XH3GjK9tVTPH3keFUewkjkfi,00514f1bfb7892ab9930113e85917beb8ff6fc2b5ef47583d612a87408dba2f4,946686384,946686382,1,1,0,0,49.4493,463,
run4-tbt-3s,1,continentale,3,none,true,12,463,39,1,m3,1VuBTTQVFkVMQoHen4dKPJgUfqJY1ta899xaf7,8243,38,462,1.0,8243.0,72057.0,0.114396,3.80115664e-05,0.31332934,0.73100912,0.93536501,-0.583,1.500,4.189,4.1895,0.0005,1,,0,2,2,0,0,m1,1PJJAyxet5ARk1XH3GjK9tVTPH3keFUewkjkfi,00514f1bfb7892ab9930113e85917beb8ff6fc2b5ef47583d612a87408dba2f4,946686384,946686382,1,1,0,0,25.9728,463,
run4-tbt-3s,1,continentale,3,none,true,12,464,39,1,m1,1PJJAyxet5ARk1XH3GjK9tVTPH3keFUewkjkfi,51006,38,462,1.0,51006.0,72057.0,0.707856,5.19826475e-06,0.26514269,0.76709648,0.31241606,-0.5,1.500,2.337,2.3372,0.0002,1,,1,1,1,1,1,m1,1PJJAyxet5ARk1XH3GjK9tVTPH3keFUewkjkfi,005d4d08c320e8456e2212a7db5bcc302f0c123a8002b173c518cfcb2b8f7a73,946686388,946686384,2,1,0,0,7.6355,463,4
run4-tbt-3s,1,continentale,3,none,true,12,464,39,1,m2,1VAcJXZ4zmVYXXG3RSh25pvJNoJdBeVy9ChdT6,12808,38,462,1.0,12808.0,72057.0,0.177748,1.32894493e-05,0.17021127,0.8434866,0.61618624,-0.5,1.500,3.249,3.2486,-0.0004,1,,0,2,2,0,0,m1,1PJJAyxet5ARk1XH3GjK9tVTPH3keFUewkjkfi,005d4d08c320e8456e2212a7db5bcc302f0c123a8002b173c518cfcb2b8f7a73,946686388,946686384,2,1,0,0,49.4493,463,
run4-tbt-3s,1,continentale,3,none,true,12,464,39,1,m3,1VuBTTQVFkVMQoHen4dKPJgUfqJY1ta899xaf7,8243,38,462,1.0,8243.0,72057.0,0.114396,0.00023379559,1.92717705,0.14555852,0.99999995,-0.5,1.500,4.4,4.4,-0.0,1,,0,3,3,0,0,m1,1PJJAyxet5ARk1XH3GjK9tVTPH3keFUewkjkfi,005d4d08c320e8456e2212a7db5bcc302f0c123a8002b173c518cfcb2b8f7a73,946686388,946686384,2,1,0,0,25.9728,463,
run4-tbt-3s,1,continentale,3,none,true,12,465,39,1,m1,1PJJAyxet5ARk1XH3GjK9tVTPH3keFUewkjkfi,51006,38,462,1.0,51006.0,72057.0,0.707856,3.96086333e-05,2.02027795,0.1326186,0.94239116,-0.5,1.500,4.227,4.2272,0.0002,1,,1,1,1,1,1,m1,1PJJAyxet5ARk1XH3GjK9tVTPH3keFUewkjkfi,009bb143fdcbf1c319e3b87778938b97def8ea35fe3c23b0a58f1286b1e48e76,946686392,946686388,4,1,0,0,7.6355,463,5
run4-tbt-3s,1,continentale,3,none,true,12,465,39,1,m2,1VAcJXZ4zmVYXXG3RSh25pvJNoJdBeVy9ChdT6,12808,38,462,1.0,12808.0,72057.0,0.177748,0.000124451594,1.59397602,0.20311641,0.99987253,-0.5,1.500,4.4,4.3996,-0.0004,1,,0,2,2,0,0,m1,1PJJAyxet5ARk1XH3GjK9tVTPH3keFUewkjkfi,009bb143fdcbf1c319e3b87778938b97def8ea35fe3c23b0a58f1286b1e48e76,946686392,946686388,4,1,0,0,49.4493,463,
run4-tbt-3s,1,continentale,3,none,true,12,465,39,1,m3,1VuBTTQVFkVMQoHen4dKPJgUfqJY1ta899xaf7,8243,38,462,1.0,8243.0,72057.0,0.114396,0.000156794944,1.29246072,0.27459425,0.9999876,-0.5,1.500,4.4,4.4,-0.0,1,,0,3,3,0,0,m1,1PJJAyxet5ARk1XH3GjK9tVTPH3keFUewkjkfi,009bb143fdcbf1c319e3b87778938b97def8ea35fe3c23b0a58f1286b1e48e76,946686392,946686388,4,1,0,0,25.9728,463,
run4-tbt-3s,1,continentale,3,none,true,12,466,39,1,m1,1PJJAyxet5ARk1XH3GjK9tVTPH3keFUewkjkfi,51006,38,462,1.0,51006.0,72057.0,0.707856,3.08744527e-05,1.57478233,0.20705262,0.89190237,-0.583,1.500,4.059,4.0591,0.0001,1,,1,1,1,1,1,m1,1PJJAyxet5ARk1XH3GjK9tVTPH3keFUewkjkfi,008d5e1f507ad79b29f99de6976449bcd728be8a120b46cfa94e7e8a704f2651,946686396,946686392,4,1,0,0,7.6355,463,6
run4-tbt-3s,1,continentale,3,none,true,12,466,39,1,m2,1VAcJXZ4zmVYXXG3RSh25pvJNoJdBeVy9ChdT6,12808,38,462,1.0,12808.0,72057.0,0.177748,3.15867903e-05,0.40456361,0.66726794,0.8973109,-0.583,1.500,4.075,4.0753,0.0003,1,,0,2,2,0,0,m1,1PJJAyxet5ARk1XH3GjK9tVTPH3keFUewkjkfi,008d5e1f507ad79b29f99de6976449bcd728be8a120b46cfa94e7e8a704f2651,946686396,946686392,4,1,0,0,49.4493,463,
run4-tbt-3s,1,continentale,3,none,true,12,466,39,1,m3,1VuBTTQVFkVMQoHen4dKPJgUfqJY1ta899xaf7,8243,38,462,1.0,8243.0,72057.0,0.114396,4.45469618e-05,0.36720061,0.69267068,0.95964018,-0.583,1.500,4.262,4.2623,0.0003,1,,0,3,3,0,0,m1,1PJJAyxet5ARk1XH3GjK9tVTPH3keFUewkjkfi,008d5e1f507ad79b29f99de6976449bcd728be8a120b46cfa94e7e8a704f2651,946686396,946686392,4,1,0,0,25.9728,463,
run4-tbt-3s,1,continentale,3,none,true,12,467,39,1,m1,1PJJAyxet5ARk1XH3GjK9tVTPH3keFUewkjkfi,51006,38,462,1.0,51006.0,72057.0,0.707856,2.92981253e-06,0.14943802,0.86119181,0.19031784,-0.667,1.500,1.938,1.9376,-0.0004,1,,1,1,1,1,1,m1,1PJJAyxet5ARk1XH3GjK9tVTPH3keFUewkjkfi,000696cfda10c7b105a78a1d2f306163243278e7d3659f26f3252413565b6a5e,946686399,946686396,1,1,0,0,7.6355,463,7
run4-tbt-3s,1,continentale,3,none,true,12,467,39,1,m2,1VAcJXZ4zmVYXXG3RSh25pvJNoJdBeVy9ChdT6,12808,38,462,1.0,12808.0,72057.0,0.177748,0.000126993919,1.62653811,0.19660904,0.99989387,-0.667,1.500,4.366,4.3663,0.0003,1,,0,3,3,0,0,m1,1PJJAyxet5ARk1XH3GjK9tVTPH3keFUewkjkfi,000696cfda10c7b105a78a1d2f306163243278e7d3659f26f3252413565b6a5e,946686399,946686396,1,1,0,0,49.4493,463,
run4-tbt-3s,1,continentale,3,none,true,12,467,39,1,m3,1VuBTTQVFkVMQoHen4dKPJgUfqJY1ta899xaf7,8243,38,462,1.0,8243.0,72057.0,0.114396,2.83187058e-05,0.23343109,0.79181216,0.87004421,-0.667,1.500,3.977,3.9767,-0.0003,1,,0,2,2,0,0,m1,1PJJAyxet5ARk1XH3GjK9tVTPH3keFUewkjkfi,000696cfda10c7b105a78a1d2f306163243278e7d3659f26f3252413565b6a5e,946686399,946686396,1,1,0,0,25.9728,463,
run4-tbt-3s,1,continentale,3,none,true,12,468,40,1,m1,1PJJAyxet5ARk1XH3GjK9tVTPH3keFUewkjkfi,51006,38,462,1.0,51006.0,72057.0,0.707856,9.42982795e-06,0.4809778,0.61817864,0.49312209,-0.583,1.500,2.863,2.8628,-0.0002,1,,1,1,1,1,1,m1,1PJJAyxet5ARk1XH3GjK9tVTPH3keFUewkjkfi,0084759d9bb7013fbf00f123d2ac41a8833af292e8ddeacfcfb749cbd6e39d75,946686402,946686399,2,1,0,0,7.6355,463,8
run4-tbt-3s,1,continentale,3,none,true,12,468,40,1,m2,1VAcJXZ4zmVYXXG3RSh25pvJNoJdBeVy9ChdT6,12808,38,462,1.0,12808.0,72057.0,0.177748,2.27563891e-05,0.29146383,0.74716904,0.80597284,-0.583,1.500,3.801,3.8013,0.0003,1,,0,2,2,0,0,m1,1PJJAyxet5ARk1XH3GjK9tVTPH3keFUewkjkfi,0084759d9bb7013fbf00f123d2ac41a8833af292e8ddeacfcfb749cbd6e39d75,946686402,946686399,2,1,0,0,49.4493,463,
run4-tbt-3s,1,continentale,3,none,true,12,468,40,1,m3,1VuBTTQVFkVMQoHen4dKPJgUfqJY1ta899xaf7,8243,38,462,1.0,8243.0,72057.0,0.114396,4.07995047e-05,0.33631032,0.71440138,0.94712845,-0.583,1.500,4.225,4.2248,-0.0002,1,,0,3,3,0,0,m1,1PJJAyxet5ARk1XH3GjK9tVTPH3keFUewkjkfi,0084759d9bb7013fbf00f123d2ac41a8833af292e8ddeacfcfb749cbd6e39d75,946686402,946686399,2,1,0,0,25.9728,463,
run4-tbt-3s,1,continentale,3,none,true,12,469,40,1,m1,1PJJAyxet5ARk1XH3GjK9tVTPH3keFUewkjkfi,51006,38,462,1.0,51006.0,72057.0,0.707856,3.8729822e-06,0.19754533,0.82074294,0.2435172,-0.583,1.500,2.114,2.114,-0.0,1,,1,1,1,1,1,m1,1PJJAyxet5ARk1XH3GjK9tVTPH3keFUewkjkfi,0076ca51dc7f368c1662a7f20b834ed33e2fd87f0ccdd8f689cf18f00530e984,946686404,946686402,2,1,0,0,7.6355,463,9
run4-tbt-3s,1,continentale,3,none,true,12,469,40,1,m2,1VAcJXZ4zmVYXXG3RSh25pvJNoJdBeVy9ChdT6,12808,38,462,1.0,12808.0,72057.0,0.177748,6.84952039e-05,0.87728657,0.41590992,0.99281356,-0.583,1.500,4.362,4.3618,-0.0002,1,,0,2,2,0,0,m1,1PJJAyxet5ARk1XH3GjK9tVTPH3keFUewkjkfi,0076ca51dc7f368c1662a7f20b834ed33e2fd87f0ccdd8f689cf18f00530e984,946686404,946686402,2,1,0,0,49.4493,463,
run4-tbt-3s,1,continentale,3,none,true,12,469,40,1,m3,1VuBTTQVFkVMQoHen4dKPJgUfqJY1ta899xaf7,8243,38,462,1.0,8243.0,72057.0,0.114396,0.000383451148,3.16078781,0.04239233,1.0,-0.583,1.500,4.383,4.3834,0.0004,1,,0,3,3,0,0,m1,1PJJAyxet5ARk1XH3GjK9tVTPH3keFUewkjkfi,0076ca51dc7f368c1662a7f20b834ed33e2fd87f0ccdd8f689cf18f00530e984,946686404,946686402,2,1,0,0,25.9728,463,
run4-tbt-3s,1,continentale,3,none,true,12,470,40,1,m1,1PJJAyxet5ARk1XH3GjK9tVTPH3keFUewkjkfi,51006,38,462,1.0,51006.0,72057.0,0.707856,3.32961558e-06,0.16983037,0.84380794,0.21331087,-0.417,1.500,2.057,2.0565,-0.0005,1,,1,1,1,1,1,m1,1PJJAyxet5ARk1XH3GjK9tVTPH3keFUewkjkfi,0087d27c9daa37edda0c7df1fa900f01b2e953a0d9f53b6f7b91369f4c413a9c,946686406,946686404,2,1,0,0,7.6355,463,10
run4-tbt-3s,1,continentale,3,none,true,12,470,40,1,m2,1VAcJXZ4zmVYXXG3RSh25pvJNoJdBeVy9ChdT6,12808,38,462,1.0,12808.0,72057.0,0.177748,0.00024766105,3.17204273,0.04191788,0.99999998,-0.417,1.500,4.417,4.4166,-0.0004,1,,0,2,2,0,0,m1,1PJJAyxet5ARk1XH3GjK9tVTPH3keFUewkjkfi,0087d27c9daa37edda0c7df1fa900f01b2e953a0d9f53b6f7b91369f4c413a9c,946686406,946686404,2,1,0,0,49.4493,463,
run4-tbt-3s,1,continentale,3,none,true,12,470,40,1,m3,1VuBTTQVFkVMQoHen4dKPJgUfqJY1ta899xaf7,8243,38,462,1.0,8243.0,72057.0,0.114396,0.000442894627,3.65078041,0.02597085,1.0,-0.417,1.500,4.417,4.4166,-0.0004,1,,0,3,3,0,0,m1,1PJJAyxet5ARk1XH3GjK9tVTPH3keFUewkjkfi,0087d27c9daa37edda0c7df1fa900f01b2e953a0d9f53b6f7b91369f4c413a9c,946686406,946686404,2,1,0,0,25.9728,463,
run4-tbt-3s,1,continentale,3,none,true,12,471,40,1,m1,1PJJAyxet5ARk1XH3GjK9tVTPH3keFUewkjkfi,51006,38,462,1.0,51006.0,72057.0,0.707856,4.99876746e-06,0.25496713,0.77494197,0.30246054,-0.083,1.500,2.391,2.3908,-0.0002,1,,1,1,1,1,1,m1,1PJJAyxet5ARk1XH3GjK9tVTPH3keFUewkjkfi,0086a76f7d0812df94200c88b26d9786da9e1db22c7d0e0e0009fbc16a0611b0,946686410,946686406,2,1,0,0,7.6355,463,11
run4-tbt-3s,1,continentale,3,none,true,12,471,40,1,m2,1VAcJXZ4zmVYXXG3RSh25pvJNoJdBeVy9ChdT6,12808,38,462,1.0,12808.0,72057.0,0.177748,0.000129825087,1.66279971,0.18960739,0.99991345,-0.083,1.500,4.483,4.4831,0.0001,1,,0,2,2,0,0,m1,1PJJAyxet5ARk1XH3GjK9tVTPH3keFUewkjkfi,0086a76f7d0812df94200c88b26d9786da9e1db22c7d0e0e0009fbc16a0611b0,946686410,946686406,2,1,0,0,49.4493,463,
run4-tbt-3s,1,continentale,3,none,true,12,471,40,1,m3,1VuBTTQVFkVMQoHen4dKPJgUfqJY1ta899xaf7,8243,38,462,1.0,8243.0,72057.0,0.114396,0.000135883669,1.12008908,0.32625073,0.99994407,-0.083,1.500,4.483,4.4832,0.0002,1,,0,3,3,0,0,m1,1PJJAyxet5ARk1XH3GjK9tVTPH3keFUewkjkfi,0086a76f7d0812df94200c88b26d9786da9e1db22c7d0e0e0009fbc16a0611b0,946686410,946686406,2,1,0,0,25.9728,463,
run4-tbt-3s,1,continentale,3,none,true,12,472,40,1,m1,1PJJAyxet5ARk1XH3GjK9tVTPH3keFUewkjkfi,51006,38,462,1.0,51006.0,72057.0,0.707856,1.38056337e-05,0.70417015,0.49451878,0.63019985,-0.167,1.500,3.357,3.3572,0.0002,1,,0,2,2,0,0,m3,1VuBTTQVFkVMQoHen4dKPJgUfqJY1ta899xaf7,008c8d147ef65009b69f9ffa9b85b54a422384d76cf448400f788ecc0b6b8416,946686413,946686410,2,1,0,0,7.0276,472,
run4-tbt-3s,1,continentale,3,none,true,12,472,40,1,m2,1VAcJXZ4zmVYXXG3RSh25pvJNoJdBeVy9ChdT6,12808,38,462,1.0,12808.0,72057.0,0.177748,8.05461995e-05,1.03163572,0.35642347,0.99698428,-0.167,1.500,4.458,4.4576,-0.0004,1,,0,3,3,0,0,m3,1VuBTTQVFkVMQoHen4dKPJgUfqJY1ta899xaf7,008c8d147ef65009b69f9ffa9b85b54a422384d76cf448400f788ecc0b6b8416,946686413,946686410,2,1,0,0,20.9345,472,
run4-tbt-3s,1,continentale,3,none,true,12,472,40,1,m3,1VuBTTQVFkVMQoHen4dKPJgUfqJY1ta899xaf7,8243,38,462,1.0,8243.0,72057.0,0.114396,9.65986519e-06,0.07962627,0.92346141,0.50145474,-0.167,1.500,2.971,2.971,-0.0,1,,1,1,1,1,1,m3,1VuBTTQVFkVMQoHen4dKPJgUfqJY1ta899xaf7,008c8d147ef65009b69f9ffa9b85b54a422384d76cf448400f788ecc0b6b8416,946686413,946686410,2,1,0,0,21.1332,472,1
run4-tbt-3s,1,continentale,3,none,true,12,473,40,1,m1,1PJJAyxet5ARk1XH3GjK9tVTPH3keFUewkjkfi,51006,38,462,1.0,51006.0,72057.0,0.707856,1.42151798e-05,0.72505946,0.48429577,0.64095344,-0.167,1.500,3.39,3.3895,-0.0005,1,,0,1,1,1,1,m3,1VuBTTQVFkVMQoHen4dKPJgUfqJY1ta899xaf7,00388e8555e066dda778d37c5ada750ce8e6661870b5e9d558d1ab76d02e66b4,946686418,946686413,3,1,0,0,7.0276,472,
run4-tbt-3s,1,continentale,3,none,true,12,473,40,1,m2,1VAcJXZ4zmVYXXG3RSh25pvJNoJdBeVy9ChdT6,12808,38,462,1.0,12808.0,72057.0,0.177748,6.20473172e-05,0.79470204,0.45171581,0.98856348,-0.167,1.500,4.432,4.4323,0.0003,1,,0,3,3,0,0,m3,1VuBTTQVFkVMQoHen4dKPJgUfqJY1ta899xaf7,00388e8555e066dda778d37c5ada750ce8e6661870b5e9d558d1ab76d02e66b4,946686418,946686413,3,1,0,0,20.9345,472,
run4-tbt-3s,1,continentale,3,none,true,12,473,40,1,m3,1VuBTTQVFkVMQoHen4dKPJgUfqJY1ta899xaf7,8243,38,462,1.0,8243.0,72057.0,0.114396,2.0923146e-05,0.17246949,0.84158396,0.7785723,-0.167,1.500,3.802,3.8023,0.0003,1,,1,2,2,0,0,m3,1VuBTTQVFkVMQoHen4dKPJgUfqJY1ta899xaf7,00388e8555e066dda778d37c5ada750ce8e6661870b5e9d558d1ab76d02e66b4,946686418,946686413,3,1,0,0,21.1332,472,2
run4-tbt-3s,1,continentale,3,none,true,12,474,40,1,m1,1PJJAyxet5ARk1XH3GjK9tVTPH3keFUewkjkfi,51006,38,462,1.0,51006.0,72057.0,0.707856,8.341347e-06,0.42545875,0.65346994,0.45176565,-0.25,1.500,2.805,2.8053,0.0003,1,,1,1,1,1,1,m1,1PJJAyxet5ARk1XH3GjK9tVTPH3keFUewkjkfi,00751bedb4a444c11477d08b9ab074a5e91c98dbcfc9bd04be61d23ad0fc5211,946686422,946686418,2,1,0,0,7.0276,472,1
run4-tbt-3s,1,continentale,3,none,true,12,474,40,1,m2,1VAcJXZ4zmVYXXG3RSh25pvJNoJdBeVy9ChdT6,12808,38,462,1.0,12808.0,72057.0,0.177748,2.77814536e-05,0.35582486,0.70059531,0.86491461,-0.25,1.500,4.045,4.0447,-0.0003,1,,0,2,2,0,0,m1,1PJJAyxet5ARk1XH3GjK9tVTPH3keFUewkjkfi,00751bedb4a444c11477d08b9ab074a5e91c98dbcfc9bd04be61d23ad0fc5211,946686422,946686418,2,1,0,0,20.9345,472,
run4-tbt-3s,1,continentale,3,none,true,12,474,40,1,m3,1VuBTTQVFkVMQoHen4dKPJgUfqJY1ta899xaf7,8243,38,462,1.0,8243.0,72057.0,0.114396,0.000369430823,3.04521827,0.04758592,1.0,-0.25,1.500,4.45,4.45,-0.0,1,,0,3,3,0,0,m1,1PJJAyxet5ARk1XH3GjK9tVTPH3keFUewkjkfi,00751bedb4a444c11477d08b9ab074a5e91c98dbcfc9bd04be61d23ad0fc5211,946686422,946686418,2,1,0,0,21.1332,472,
run4-tbt-3s,1,continentale,3,none,true,12,475,40,1,m1,1PJJAyxet5ARk1XH3GjK9tVTPH3keFUewkjkfi,45901,39,474,1.0,45901.0,72224.0,0.635537,5.29755952e-06,0.24316328,0.78414347,0.31792178,-0.333,1.500,2.387,2.3872,0.0002,1,,1,1,1,1,1,m1,1PJJAyxet5ARk1XH3GjK9tVTPH3keFUewkjkfi,009b24f9d740f7f341efed6b6655d1b6423548a681b870ac04f1830695f3ee80,946686425,946686422,2,1,0,0,7.0276,472,2
run4-tbt-3s,1,continentale,3,none,true,12,475,40,1,m2,1VAcJXZ4zmVYXXG3RSh25pvJNoJdBeVy9ChdT6,18080,39,474,1.0,18080.0,72224.0,0.250332,0.00015393149,2.78308134,0.06184764,0.99998515,-0.333,1.500,4.433,4.4334,0.0004,1,,0,3,3,0,0,m1,1PJJAyxet5ARk1XH3GjK9tVTPH3keFUewkjkfi,009b24f9d740f7f341efed6b6655d1b6423548a681b870ac04f1830695f3ee80,946686425,946686422,2,1,0,0,20.9345,472,
run4-tbt-3s,1,continentale,3,none,true,12,475,40,1,m3,1VuBTTQVFkVMQoHen4dKPJgUfqJY1ta899xaf7,8243,38,462,1.0,8243.0,72224.0,0.114131,6.50424755e-05,0.53614513,0.58499901,0.99088312,-0.333,1.500,4.406,4.406,0.0,1,,0,2,2,0,0,m1,1PJJAyxet5ARk1XH3GjK9tVTPH3keFUewkjkfi,009b24f9d740f7f341efed6b6655d1b6423548a681b870ac04f1830695f3ee80,946686425,946686422,2,1,0,0,21.1332,472,
run4-tbt-3s,1,continentale,3,none,true,12,476,40,1,m1,1PJJAyxet5ARk1XH3GjK9tVTPH3keFUewkjkfi,45901,39,474,1.0,45901.0,72224.0,0.635537,1.20846598e-07,0.00554698,0.99446838,0.00869005,-0.417,1.500,1.443,1.4427,-0.0003,1,,1,1,1,1,1,m1,1PJJAyxet5ARk1XH3GjK9tVTPH3keFUewkjkfi,00c9b0956cc1f69659cd0fbb6ee33915710f5c5c6627f1324d90eddeeced5a40,946686427,946686425,1,1,0,0,7.0276,472,3
run4-tbt-3s,1,continentale,3,none,true,12,476,40,1,m2,1VAcJXZ4zmVYXXG3RSh25pvJNoJdBeVy9ChdT6,18080,39,474,1.0,18080.0,72224.0,0.250332,2.83917285e-05,0.51332245,0.59850377,0.87133771,-0.417,1.500,4.031,4.0306,-0.0004,1,,0,2,2,0,0,m1,1PJJAyxet5ARk1XH3GjK9tVTPH3keFUewkjkfi,00c9b0956cc1f69659cd0fbb6ee33915710f5c5c6627f1324d90eddeeced5a40,946686427,946686425,1,1,0,0,20.9345,472,
run4-tbt-3s,1,continentale,3,none,true,12,476,40,1,m3,1VuBTTQVFkVMQoHen4dKPJgUfqJY1ta899xaf7,8243,38,462,1.0,8243.0,72224.0,0.114131,0.000130385858,1.07477063,0.34137605,0.99991867,-0.417,1.500,4.416,4.4164,0.0004,1,,0,3,3,0,0,m1,1PJJAyxet5ARk1XH3GjK9tVTPH3keFUewkjkfi,00c9b0956cc1f69659cd0fbb6ee33915710f5c5c6627f1324d90eddeeced5a40,946686427,946686425,1,1,0,0,21.1332,472,
run4-tbt-3s,1,continentale,3,none,true,12,477,40,1,m1,1PJJAyxet5ARk1XH3GjK9tVTPH3keFUewkjkfi,45901,39,474,1.0,45901.0,72224.0,0.635537,2.03143028e-06,0.09324468,0.91097058,0.13646256,-0.25,1.500,1.859,1.8594,0.0004,1,,1,1,1,1,1,m1,1PJJAyxet5ARk1XH3GjK9tVTPH3keFUewkjkfi,001c654fbf3660bc1d890172538b4784e51fe4d242d02a7ebf848558c04a5160,946686429,946686427,1,1,0,0,7.0276,472,4
run4-tbt-3s,1,continentale,3,none,true,12,477,40,1,m2,1VAcJXZ4zmVYXXG3RSh25pvJNoJdBeVy9ChdT6,18080,39,474,1.0,18080.0,72224.0,0.250332,0.000108996919,1.9706643,0.13936425,0.9996188,-0.25,1.500,4.449,4.4489,-0.0001,1,,0,2,2,0,0,m1,1PJJAyxet5ARk1XH3GjK9tVTPH3keFUewkjkfi,001c654fbf3660bc1d890172538b4784e51fe4d242d02a7ebf848558c04a5160,946686429,946686427,1,1,0,0,20.9345,472,
run4-tbt-3s,1,continentale,3,none,true,12,477,40,1,m3,1VuBTTQVFkVMQoHen4dKPJgUfqJY1ta899xaf7,8243,38,462,1.0,8243.0,72224.0,0.114131,0.000141029503,1.16250619,0.31270151,0.99996229,-0.25,1.500,4.45,4.4499,-0.0001,1,,0,3,3,0,0,m1,1PJJAyxet5ARk1XH3GjK9tVTPH3keFUewkjkfi,001c654fbf3660bc1d890172538b4784e51fe4d242d02a7ebf848558c04a5160,946686429,946686427,1,1,0,0,21.1332,472,
run4-tbt-3s,1,continentale,3,none,true,12,478,40,1,m1,1PJJAyxet5ARk1XH3GjK9tVTPH3keFUewkjkfi,45901,39,474,1.0,45901.0,72224.0,0.635537,2.60111603e-05,1.19393827,0.30302552,0.84720071,-0.083,1.500,4.025,4.025,0.0,1,,1,2,2,0,0,m1,1PJJAyxet5ARk1XH3GjK9tVTPH3keFUewkjkfi,005b563676e78537e10c968ea70e0c77a3b5440184ba09b31af9d85be6d3ab59,946686434,946686429,4,1,0,0,7.0276,472,5
run4-tbt-3s,1,continentale,3,none,true,12,478,40,1,m2,1VAcJXZ4zmVYXXG3RSh25pvJNoJdBeVy9ChdT6,18080,39,474,1.0,18080.0,72224.0,0.250332,1.43222586e-05,0.25894644,0.77186437,0.64456426,-0.083,1.500,3.417,3.4171,0.0001,1,,0,1,1,1,1,m1,1PJJAyxet5ARk1XH3GjK9tVTPH3keFUewkjkfi,005b563676e78537e10c968ea70e0c77a3b5440184ba09b31af9d85be6d3ab59,946686434,946686429,4,1,0,0,20.9345,472,
run4-tbt-3s,1,continentale,3,none,true,12,478,40,1,m3,1VuBTTQVFkVMQoHen4dKPJgUfqJY1ta899xaf7,8243,38,462,1.0,8243.0,72224.0,0.114131,8.09483647e-05,0.66725737,0.51311393,0.99710976,-0.083,1.500,4.475,4.4747,-0.0003,1,,0,3,3,0,0,m1,1PJJAyxet5ARk1XH3GjK9tVTPH3keFUewkjkfi,005b563676e78537e10c968ea70e0c77a3b5440184ba09b31af9d85be6d3ab59,946686434,946686429,4,1,0,0,21.1332,472,
run4-tbt-3s,1,continentale,3,none,true,12,479,40,1,m1,1PJJAyxet5ARk1XH3GjK9tVTPH3keFUewkjkfi,45901,39,474,1.0,45901.0,72224.0,0.635537,9.31128021e-06,0.42739707,0.65220453,0.48956802,-0.167,1.500,2.935,2.9353,0.0003,1,,1,1,1,1,1,m1,1PJJAyxet5ARk1XH3GjK9tVTPH3keFUewkjkfi,0011bd2fc09aa12d4ded2878e496ad6120c9a605dcd4b58b4147d156d85c1475,946686437,946686434,2,1,0,0,7.0276,472,6
run4-tbt-3s,1,continentale,3,none,true,12,479,40,1,m2,1VAcJXZ4zmVYXXG3RSh25pvJNoJdBeVy9ChdT6,18080,39,474,1.0,18080.0,72224.0,0.250332,0.000232658361,4.20646317,0.01489897,0.99999995,-0.167,1.500,4.467,4.4666,-0.0004,1,,0,3,3,0,0,m1,1PJJAyxet5ARk1XH3GjK9tVTPH3keFUewkjkfi,0011bd2fc09aa12d4ded2878e496ad6120c9a605dcd4b58b4147d156d85c1475,946686437,946686434,2,1,0,0,20.9345,472,
run4-tbt-3s,1,continentale,3,none,true,12,479,40,1,m3,1VuBTTQVFkVMQoHen4dKPJgUfqJY1ta899xaf7,8243,38,462,1.0,8243.0,72224.0,0.114131,3.70644393e-05,0.30552217,0.73673857,0.93122686,-0.167,1.500,4.26,4.2603,0.0003,1,,0,2,2,0,0,m1,1PJJAyxet5ARk1XH3GjK9tVTPH3keFUewkjkfi,0011bd2fc09aa12d4ded2878e496ad6120c9a605dcd4b58b4147d156d85c1475,946686437,946686434,2,1,0,0,21.1332,472,
run4-tbt-3s,1,continentale,3,none,true,12,480,41,1,m1,1PJJAyxet5ARk1XH3GjK9tVTPH3keFUewkjkfi,45901,39,474,1.0,45901.0,72224.0,0.635537,5.98933395e-06,0.27491642,0.75963561,0.35116294,-0.167,1.500,2.52,2.5201,0.0001,1,,1,1,1,1,1,m1,1PJJAyxet5ARk1XH3GjK9tVTPH3keFUewkjkfi,00c4c60c2cb9029b9add67cd466c466135c501109ab25697fafcd754b27689d7,946686441,946686437,2,1,0,0,7.0276,472,7
run4-tbt-3s,1,continentale,3,none,true,12,480,41,1,m2,1VAcJXZ4zmVYXXG3RSh25pvJNoJdBeVy9ChdT6,18080,39,474,1.0,18080.0,72224.0,0.250332,4.23619498e-05,0.76590405,0.46491343,0.95309118,-0.167,1.500,4.326,4.3259,-0.0001,1,,0,2,2,0,0,m1,1PJJAyxet5ARk1XH3GjK9tVTPH3keFUewkjkfi,00c4c60c2cb9029b9add67cd466c466135c501109ab25697fafcd754b27689d7,946686441,946686437,2,1,0,0,20.9345,472,
run4-tbt-3s,1,continentale,3,none,true,12,480,41,1,m3,1VuBTTQVFkVMQoHen4dKPJgUfqJY1ta899xaf7,8243,38,462,1.0,8243.0,72224.0,0.114131,8.20452557e-05,0.67629904,0.50849543,0.99732989,-0.167,1.500,4.459,4.4586,-0.0004,1,,0,3,3,0,0,m1,1PJJAyxet5ARk1XH3GjK9tVTPH3keFUewkjkfi,00c4c60c2cb9029b9add67cd466c466135c501109ab25697fafcd754b27689d7,946686441,946686437,2,1,0,0,21.1332,472,
run4-tbt-3s,1,continentale,3,none,true,12,481,41,1,m1,1PJJAyxet5ARk1XH3GjK9tVTPH3keFUewkjkfi,45901,39,474,1.0,45901.0,72224.0,0.635537,1.17674018e-05,0.54013551,0.58266929,0.57253755,-0.25,1.500,3.168,3.1676,-0.0004,1,,1,2,2,0,0,m1,1PJJAyxet5ARk1XH3GjK9tVTPH3keFUewkjkfi,0070601cd34c8a25ea70bf838d3aa45074c46e128ca3062b690017395b3133cf,946686444,946686441,3,1,0,0,107.6936,481,8
run4-tbt-3s,1,continentale,3,none,true,12,481,41,1,m2,1VAcJXZ4zmVYXXG3RSh25pvJNoJdBeVy9ChdT6,18080,39,474,1.0,18080.0,72224.0,0.250332,5.26693537e-06,0.09522619,0.90916727,0.31641149,-0.25,1.500,2.399,2.3992,0.0002,1,,0,1,1,1,1,m1,1PJJAyxet5ARk1XH3GjK9tVTPH3keFUewkjkfi,0070601cd34c8a25ea70bf838d3aa45074c46e128ca3062b690017395b3133cf,946686444,946686441,3,1,0,0,20.8289,481,
run4-tbt-3s,1,continentale,3,none,true,12,481,41,1,m3,1VuBTTQVFkVMQoHen4dKPJgUfqJY1ta899xaf7,8243,38,462,1.0,8243.0,72224.0,0.114131,4.28005157e-05,0.35280465,0.70271445,0.95455373,-0.25,1.500,4.314,4.3137,-0.0003,1,,0,3,3,0,0,m1,1PJJAyxet5ARk1XH3GjK9tVTPH3keFUewkjkfi,0070601cd34c8a25ea70bf838d3aa45074c46e128ca3062b690017395b3133cf,946686444,946686441,3,1,0,0,21.7182,481,
run4-tbt-3s,1,continentale,3,none,true,12,482,41,1,m1,1PJJAyxet5ARk1XH3GjK9tVTPH3keFUewkjkfi,45901,39,474,1.0,45901.0,72224.0,0.635537,5.28904135e-05,2.42772287,0.08823753,0.97807126,-0.333,1.500,4.368,4.3676,-0.0004,1,,0,3,3,0,0,m2,1VAcJXZ4zmVYXXG3RSh25pvJNoJdBeVy9ChdT6,0067df663f4789a708c3b50dc8f8231047f988ab5bbfff3726a376cff26932a2,946686448,946686444,2,1,0,0,107.6936,481,
run4-tbt-3s,1,continentale,3,none,true,12,482,41,1,m2,1VAcJXZ4zmVYXXG3RSh25pvJNoJdBeVy9ChdT6,18080,39,474,1.0,18080.0,72224.0,0.250332,6.20579863e-06,0.11220084,0.89386472,0.36122794,-0.333,1.500,2.517,2.5171,0.0001,1,,1,1,1,1,1,m2,1VAcJXZ4zmVYXXG3RSh25pvJNoJdBeVy9ChdT6,0067df663f4789a708c3b50dc8f8231047f988ab5bbfff3726a376cff26932a2,946686448,946686444,2,1,0,0,20.8289,481,1
run4-tbt-3s,1,continentale,3,none,true,12,482,41,1,m3,1VuBTTQVFkVMQoHen4dKPJgUfqJY1ta899xaf7,8243,38,462,1.0,8243.0,72224.0,0.114131,3.98496038e-05,0.32848028,0.72001712,0.94375836,-0.333,1.500,4.265,4.2647,-0.0003,1,,0,2,2,0,0,m2,1VAcJXZ4zmVYXXG3RSh25pvJNoJdBeVy9ChdT6,0067df663f4789a708c3b50dc8f8231047f988ab5bbfff3726a376cff26932a2,946686448,946686444,2,1,0,0,21.7182,481,
run4-tbt-3s,1,continentale,3,none,true,12,483,41,1,m1,1PJJAyxet5ARk1XH3GjK9tVTPH3keFUewkjkfi,45901,39,474,1.0,45901.0,72224.0,0.635537,8.78903219e-06,0.40342537,0.66802788,0.46994742,-0.5,1.500,2.81,2.8098,-0.0002,1,,1,2,2,0,0,m1,1PJJAyxet5ARk1XH3GjK9tVTPH3keFUewkjkfi,00db0288cc2b51570ac8a36ed97b37a82c353cdd5c74a833f55be222a1ed1e58,946686452,946686448,2,1,1,1,107.6936,481,1
run4-tbt-3s,1,continentale,3,none,true,12,483,41,1,m2,1VAcJXZ4zmVYXXG3RSh25pvJNoJdBeVy9ChdT6,18080,39,474,1.0,18080.0,72224.0,0.250332,4.7197746e-05,0.85333525,0.42599177,0.96691946,-0.5,1.500,4.301,4.3008,-0.0002,1,,0,3,3,0,0,m1,1PJJAyxet5ARk1XH3GjK9tVTPH3keFUewkjkfi,00db0288cc2b51570ac8a36ed97b37a82c353cdd5c74a833f55be222a1ed1e58,946686452,946686448,2,1,1,1,20.8289,481,
run4-tbt-3s,1,continentale,3,none,true,12,483,41,1,m3,1VuBTTQVFkVMQoHen4dKPJgUfqJY1ta899xaf7,8243,38,462,1.0,8243.0,72224.0,0.114131,8.5430927e-06,0.07042071,0.93200163,0.46044812,-0.5,1.500,2.781,2.7813,0.0003,1,,0,1,1,1,1,m1,1PJJAyxet5ARk1XH3GjK9tVTPH3keFUewkjkfi,00db0288cc2b51570ac8a36ed97b37a82c353cdd5c74a833f55be222a1ed1e58,946686452,946686448,2,1,1,1,21.7182,481,
run4-tbt-3s,1,continentale,3,none,true,12,484,41,1,m1,1PJJAyxet5ARk1XH3GjK9tVTPH3keFUewkjkfi,45901,39,474,1.0,45901.0,72224.0,0.635537,3.23437005e-05,1.4846082,0.2265911,0.90328545,-0.5,1.500,4.11,4.1099,-0.0001,1,,0,2,2,0,0,m2,1VAcJXZ4zmVYXXG3RSh25pvJNoJdBeVy9ChdT6,0069691fd5881c497a2260ab4dd969bcb049106381732223ac45a13b8bacf811,946686456,946686452,3,1,0,0,107.6936,481,
run4-tbt-3s,1,continentale,3,none,true,12,484,41,1,m2,1VAcJXZ4zmVYXXG3RSh25pvJNoJdBeVy9ChdT6,18080,39,474,1.0,18080.0,72224.0,0.250332,1.14148928e-05,0.20638126,0.81352285,0.5615148,-0.5,1.500,3.085,3.0845,-0.0005,1,,1,1,1,1,1,m2,1VAcJXZ4zmVYXXG3RSh25pvJNoJdBeVy9ChdT6,0069691fd5881c497a2260ab4dd969bcb049106381732223ac45a13b8bacf811,946686456,946686452,3,1,0,0,20.8289,481,1
run4-tbt-3s,1,continentale,3,none,true,12,484,41,1,m3,1VuBTTQVFkVMQoHen4dKPJgUfqJY1ta899xaf7,8243,38,462,1.0,8243.0,72224.0,0.114131,9.4264422e-05,0.77702163,0.45977335,0.99889527,-0.5,1.500,4.397,4.3967,-0.0003,1,,0,3,3,0,0,m2,1VAcJXZ4zmVYXXG3RSh25pvJNoJdBeVy9ChdT6,0069691fd5881c497a2260ab4dd969bcb049106381732223ac45a13b8bacf811,946686456,946686452,3,1,0,0,21.7182,481,
run4-tbt-3s,1,continentale,3,none,true,12,485,41,1,m1,1PJJAyxet5ARk1XH3GjK9tVTPH3keFUewkjkfi,45901,39,474,1.0,45901.0,72224.0,0.635537,2.72100375e-05,1.24896793,0.28680064,0.85987463,-0.583,1.500,3.963,3.963,0.0,1,,0,3,3,0,0,m3,1VuBTTQVFkVMQoHen4dKPJgUfqJY1ta899xaf7,00d0d08301b7e34f6e00047dc12696d3067268d00b4c418ed2e04489ed402f6b,946686460,946686456,2,1,0,0,107.6936,481,
run4-tbt-3s,1,continentale,3,none,true,12,485,41,1,m2,1VAcJXZ4zmVYXXG3RSh25pvJNoJdBeVy9ChdT6,18080,39,474,1.0,18080.0,72224.0,0.250332,2.68694524e-05,0.4857997,0.61520502,0.85638502,-0.583,1.500,3.952,3.9526,0.0006,1,,0,2,2,0,0,m3,1VuBTTQVFkVMQoHen4dKPJgUfqJY1ta899xaf7,00d0d08301b7e34f6e00047dc12696d3067268d00b4c418ed2e04489ed402f6b,946686460,946686456,2,1,0,0,20.8289,481,
run4-tbt-3s,1,continentale,3,none,true,12,485,41,1,m3,1VuBTTQVFkVMQoHen4dKPJgUfqJY1ta899xaf7,8243,38,462,1.0,8243.0,72224.0,0.114131,6.1609185e-06,0.05078445,0.95048352,0.35915405,-0.583,1.500,2.461,2.4609,-0.0001,1,,1,1,1,1,1,m3,1VuBTTQVFkVMQoHen4dKPJgUfqJY1ta899xaf7,00d0d08301b7e34f6e00047dc12696d3067268d00b4c418ed2e04489ed402f6b,946686460,946686456,2,1,0,0,21.7182,481,1
run4-tbt-3s,1,continentale,3,none,true,12,486,41,1,m1,1PJJAyxet5ARk1XH3GjK9tVTPH3keFUewkjkfi,45901,39,474,1.0,45901.0,72224.0,0.635537,3.10275329e-06,0.14241948,0.86725738,0.2007594,-0.5,1.500,2.002,2.0023,0.0003,1,,1,1,1,1,1,m1,1PJJAyxet5ARk1XH3GjK9tVTPH3keFUewkjkfi,00b49c03c1df9d69ea9522b98ea45fb500f1b7af3889e514037d9d8e6b1aeab6,946686463,946686460,2,1,0,0,107.6936,481,1
run4-tbt-3s,1,continentale,3,none,true,12,486,41,1,m2,1VAcJXZ4zmVYXXG3RSh25pvJNoJdBeVy9ChdT6,18080,39,474,1.0,18080.0,72224.0,0.250332,5.93198637e-05,1.07250314,0.34215099,0.98621698,-0.5,1.500,4.359,4.3587,-0.0003,1,,0,3,3,0,0,m1,1PJJAyxet5ARk1XH3GjK9tVTPH3keFUewkjkfi,00b49c03c1df9d69ea9522b98ea45fb500f1b7af3889e514037d9d8e6b1aeab6,946686463,946686460,2,1,0,0,20.8289,481,
run4-tbt-3s,1,continentale,3,none,true,12,486,41,1,m3,1VuBTTQVFkVMQoHen4dKPJgUfqJY1ta899xaf7,8243,38,462,1.0,8243.0,72224.0,0.114131,2.3251516e-05,0.19166225,0.82558567,0.81349878,-0.5,1.500,3.84,3.8405,0.0005,1,,0,2,2,0,0,m1,1PJJAyxet5ARk1XH3GjK9tVTPH3keFUewkjkfi,00b49c03c1df9d69ea9522b98ea45fb500f1b7af3889e514037d9d8e6b1aeab6,946686463,946686460,2,1,0,0,21.7182,481,
run4-tbt-3s,1,continentale,3,none,true,12,487,41,1,m1,1PJJAyxet5ARk1XH3GjK9tVTPH3keFUewkjkfi,51006,40,486,1.0,51006.0,77329.0,0.659597,4.27100727e-07,0.0217847,0.97845087,0.03248783,-0.417,1.500,1.514,1.5141,0.0001,1,,1,1,1,1,1,m1,1PJJAyxet5ARk1XH3GjK9tVTPH3keFUewkjkfi,00df65650d9ddfc824bb4099444cdefe3c9f7ca4a92e62b76800273ca485e66e,946686465,946686463,1,1,0,0,107.6936,481,2
run4-tbt-3s,1,continentale,3,none,true,12,487,41,1,m2,1VAcJXZ4zmVYXXG3RSh25pvJNoJdBeVy9ChdT6,18080,39,474,1.0,18080.0,77329.0,0.233806,6.37401894e-05,1.15242262,0.31587061,0.99276601,-0.417,1.500,4.395,4.3949,-0.0001,1,,0,3,3,0,0,m1,1PJJAyxet5ARk1XH3GjK9tVTPH3keFUewkjkfi,00df65650d9ddfc824bb4099444cdefe3c9f7ca4a92e62b76800273ca485e66e,946686465,946686463,1,1,0,0,20.8289,481,
run4-tbt-3s,1,continentale,3,none,true,12,487,41,1,m3,1VuBTTQVFkVMQoHen4dKPJgUfqJY1ta899xaf7,8243,38,462,1.0,8243.0,77329.0,0.106596,8.5431517e-06,0.0704212,0.93200118,0.48347592,-0.417,1.500,2.867,2.867,0.0,1,,0,2,2,0,0,m1,1PJJAyxet5ARk1XH3GjK9tVTPH3keFUewkjkfi,00df65650d9ddfc824bb4099444cdefe3c9f7ca4a92e62b76800273ca485e66e,946686465,946686463,1,1,0,0,21.7182,481,
run4-tbt-3s,1,continentale,3,none,true,12,488,41,1,m1,1PJJAyxet5ARk1XH3GjK9tVTPH3keFUewkjkfi,51006,40,486,1.0,51006.0,73208.0,0.696727,5.00918607e-06,0.25549854,0.77453026,0.30699114,-0.333,1.500,2.354,2.3544,0.0004,1,,1,1,1,1,1,m1,1PJJAyxet5ARk1XH3GjK9tVTPH3keFUewkjkfi,000270dbc3ddc2ba287fc317da1a9b7bf83ec817a84f0b85d35a69f73a0ff3a1,946686468,946686465,2,1,0,0,107.6936,481,3
run4-tbt-3s,1,continentale,3,none,true,12,488,41,1,m2,1VAcJXZ4zmVYXXG3RSh25pvJNoJdBeVy9ChdT6,18080,39,474,1.0,18080.0,73208.0,0.246968,5.13389014e-05,0.92820734,0.39526165,0.9766794,-0.333,1.500,4.363,4.3634,0.0004,1,,0,2,2,0,0,m1,1PJJAyxet5ARk1XH3GjK9tVTPH3keFUewkjkfi,000270dbc3ddc2ba287fc317da1a9b7bf83ec817a84f0b85d35a69f73a0ff3a1,946686468,946686465,2,1,0,0,20.8289,481,
run4-tbt-3s,1,continentale,3,none,true,12,488,41,1,m3,1VuBTTQVFkVMQoHen4dKPJgUfqJY1ta899xaf7,4122,40,487,1.0,4122.0,73208.0,0.056305,0.000346725071,1.42920074,0.23950027,1.0,-0.333,1.500,4.433,4.4334,0.0004,1,,0,3,3,0,0,m1,1PJJAyxet5ARk1XH3GjK9tVTPH3keFUewkjkfi,000270dbc3ddc2ba287fc317da1a9b7bf83ec817a84f0b85d35a69f73a0ff3a1,946686468,946686465,2,1,0,0,21.7182,481,
run4-tbt-3s,1,continentale,3,none,true,12,489,41,1,m1,1PJJAyxet5ARk1XH3GjK9tVTPH3keFUewkjkfi,51006,40,486,1.0,51006.0,73208.0,0.696727,8.1146757e-05,4.13897149,0.01593924,0.99736953,-0.417,1.500,4.409,4.4087,-0.0003,1,,0,2,2,0,0,m2,1VAcJXZ4zmVYXXG3RSh25pvJNoJdBeVy9ChdT6,009718b024f6f6197ffc3d0c4f0d463cb43199e04a4e919b4a3c3843652fbaff,946686471,946686468,1,1,0,0,107.6936,481,
run4-tbt-3s,1,continentale,3,none,true,12,489,41,1,m2,1VAcJXZ4zmVYXXG3RSh25pvJNoJdBeVy9ChdT6,18080,39,474,1.0,18080.0,73208.0,0.246968,7.78780242e-08,0.00140803,0.99859296,0.00568507,-0.417,1.500,1.434,1.4337,-0.0003,1,,1,1,1,1,1,m2,1VAcJXZ4zmVYXXG3RSh25pvJNoJdBeVy9ChdT6,009718b024f6f6197ffc3d0c4f0d463cb43199e04a4e919b4a3c3843652fbaff,946686471,946686468,1,1,0,0,20.8289,481,1
run4-tbt-3s,1,continentale,3,none,true,12,489,41,1,m3,1VuBTTQVFkVMQoHen4dKPJgUfqJY1ta899xaf7,4122,40,487,1.0,4122.0,73208.0,0.056305,0.000223097757,0.91960895,0.39867491,0.99999992,-0.417,1.500,4.417,4.4166,-0.0004,1,,0,3,3,0,0,m2,1VAcJXZ4zmVYXXG3RSh25pvJNoJdBeVy9ChdT6,009718b024f6f6197ffc3d0c4f0d463cb43199e04a4e919b4a3c3843652fbaff,946686471,946686468,1,1,0,0,21.7182,481,
run4-tbt-3s,1,continentale,3,none,true,12,490,41,1,m1,1PJJAyxet5ARk1XH3GjK9tVTPH3keFUewkjkfi,51006,40,486,1.0,51006.0,73208.0,0.696727,3.42048728e-05,1.74465374,0.17470547,0.91824844,-0.5,1.500,4.155,4.1547,-0.0003,1,,0,1,1,1,1,m2,1VAcJXZ4zmVYXXG3RSh25pvJNoJdBeVy9ChdT6,00e563b40e7a3654a562266025bdb0c1db04b9d991e02211af8d0a3ab8ec029e,946686475,946686471,4,1,1,1,7.8795,490,
run4-tbt-3s,1,continentale,3,none,true,12,490,41,1,m2,1VAcJXZ4zmVYXXG3RSh25pvJNoJdBeVy9ChdT6,18080,39,474,1.0,18080.0,73208.0,0.246968,4.63335767e-05,0.83771107,0.43269981,0.96635829,-0.5,1.500,4.299,4.2991,0.0001,1,,1,2,2,0,0,m2,1VAcJXZ4zmVYXXG3RSh25pvJNoJdBeVy9ChdT6,00e563b40e7a3654a562266025bdb0c1db04b9d991e02211af8d0a3ab8ec029e,946686475,946686471,4,1,1,1,9.7046,490,2
run4-tbt-3s,1,continentale,3,none,true,12,490,41,1,m3,1VuBTTQVFkVMQoHen4dKPJgUfqJY1ta899xaf7,4122,40,487,1.0,4122.0,73208.0,0.056305,9.07341528e-05,0.37400618,0.68797266,0.99869619,-0.5,1.500,4.396,4.3961,0.0001,1,,0,3,3,0,0,m2,1VAcJXZ4zmVYXXG3RSh25pvJNoJdBeVy9ChdT6,00e563b40e7a3654a562266025bdb0c1db04b9d991e02211af8d0a3ab8ec029e,946686475,946686471,4,1,1,1,17.6236,490,
run4-tbt-3s,1,continentale,3,none,true,12,491,41,1,m1,1PJJAyxet5ARk1XH3GjK9tVTPH3keFUewkjkfi,51006,40,486,1.0,51006.0,73208.0,0.696727,1.29578887e-05,0.66093007,0.51637085,0.61272534,-0.5,1.500,3.238,3.2382,0.0002,1,,0,2,2,0,0,m2,1VAcJXZ4zmVYXXG3RSh25pvJNoJdBeVy9ChdT6,00384d5e0add02591640af243a9eaceb9eaa3436530684f276f9a88a08d862aa,946686478,946686475,1,1,0,0,7.8795,490,
run4-tbt-3s,1,continentale,3,none,true,12,491,41,1,m2,1VAcJXZ4zmVYXXG3RSh25pvJNoJdBeVy9ChdT6,18080,39,474,1.0,18080.0,73208.0,0.246968,7.7224669e-07,0.01396222,0.9861348,0.05496625,-0.417,1.500,1.582,1.5815,-0.0005,1,,1,1,1,1,1,m2,1VAcJXZ4zmVYXXG3RSh25pvJNoJdBeVy9ChdT6,00384d5e0add02591640af243a9eaceb9eaa3436530684f276f9a88a08d862aa,946686478,946686475,1,1,0,0,9.7046,490,3
run4-tbt-3s,1,continentale,3,none,true,12,491,41,1,m3,1VuBTTQVFkVMQoHen4dKPJgUfqJY1ta899xaf7,4122,40,487,1.0,4122.0,73208.0,0.056305,0.000834660269,3.44046963,0.03204963,1.0,-0.417,1.500,4.417,4.4166,-0.0004,1,,0,3,3,0,0,m2,1VAcJXZ4zmVYXXG3RSh25pvJNoJdBeVy9ChdT6,00384d5e0add02591640af243a9eaceb9eaa3436530684f276f9a88a08d862aa,946686478,946686475,1,1,0,0,17.6236,490,
run4-tbt-3s,1,continentale,3,none,true,12,492,42,1,m1,1PJJAyxet5ARk1XH3GjK9tVTPH3keFUewkjkfi,51006,40,486,1.0,51006.0,73208.0,0.696727,1.21948827e-05,0.62201219,0.53686308,0.59047731,-0.417,1.500,3.188,3.188,0.0,1,,0,1,1,1,1,m2,1VAcJXZ4zmVYXXG3RSh25pvJNoJdBeVy9ChdT6,00a02fa23777e43bda07340cdecbf89c9ec2cb3996e7985a5d1f88d95d422c91,946686482,946686478,4,1,1,1,7.8795,490,
run4-tbt-3s,1,continentale,3,none,true,12,492,42,1,m2,1VAcJXZ4zmVYXXG3RSh25pvJNoJdBeVy9ChdT6,18080,39,474,1.0,18080.0,73208.0,0.246968,4.52396426e-05,0.81793274,0.44134308,0.96355328,-0.417,1.500,4.307,4.3073,0.0003,1,,1,2,2,0,0,m2,1VAcJXZ4zmVYXXG3RSh25pvJNoJdBeVy9ChdT6,00a02fa23777e43bda07340cdecbf89c9ec2cb3996e7985a5d1f88d95d422c91,946686482,946686478,4,1,1,1,9.7046,490,4
run4-tbt-3s,1,continentale,3,none,true,12,492,42,1,m3,1VuBTTQVFkVMQoHen4dKPJgUfqJY1ta899xaf7,4122,40,487,1.0,4122.0,73208.0,0.056305,0.000368177581,1.51762799,0.21923129,1.0,-0.417,1.500,4.417,4.4166,-0.0004,1,,0,3,3,0,0,m2,1VAcJXZ4zmVYXXG3RSh25pvJNoJdBeVy9ChdT6,00a02fa23777e43bda07340cdecbf89c9ec2cb3996e7985a5d1f88d95d422c91,946686482,946686478,4,1,1,1,17.6236,490,
run4-tbt-3s,1,continentale,3,none,true,12,493,42,1,m1,1PJJAyxet5ARk1XH3GjK9tVTPH3keFUewkjkfi,51006,40,486,1.0,51006.0,73208.0,0.696727,1.76978687e-05,0.90269749,0.40547442,0.72627342,-0.417,1.500,3.595,3.5954,0.0004,1,,0,1,1,1,1,m2,1VAcJXZ4zmVYXXG3RSh25pvJNoJdBeVy9ChdT6,00f38d51ca9b36ad817880dcec1b16ebea2153116ed2f315699f7e0e4f57e55f,946686486,946686482,4,1,0,0,7.8795,490,
run4-tbt-3s,1,continentale,3,none,true,12,493,42,1,m2,1VAcJXZ4zmVYXXG3RSh25pvJNoJdBeVy9ChdT6,18080,39,474,1.0,18080.0,73208.0,0.246968,6.63397713e-05,1.19942307,0.30136803,0.99222313,-0.417,1.500,4.393,4.3933,0.0003,1,,1,2,2,0,0,m2,1VAcJXZ4zmVYXXG3RSh25pvJNoJdBeVy9ChdT6,00f38d51ca9b36ad817880dcec1b16ebea2153116ed2f315699f7e0e4f57e55f,946686486,946686482,4,1,0,0,9.7046,490,5
run4-tbt-3s,1,continentale,3,none,true,12,493,42,1,m3,1VuBTTQVFkVMQoHen4dKPJgUfqJY1ta899xaf7,4122,40,487,1.0,4122.0,73208.0,0.056305,0.000425265913,1.75294609,0.17326274,1.0,-0.417,1.500,4.417,4.4166,-0.0004,1,,0,3,3,0,0,m2,1VAcJXZ4zmVYXXG3RSh25pvJNoJdBeVy9ChdT6,00f38d51ca9b36ad817880dcec1b16ebea2153116ed2f315699f7e0e4f57e55f,946686486,946686482,4,1,0,0,17.6236,490,
run4-tbt-3s,1,continentale,3,none,true,12,494,42,1,m2,1VAcJXZ4zmVYXXG3RSh25pvJNoJdBeVy9ChdT6,18080,39,474,1.0,18080.0,73208.0,0.246968,0.00018853365,3.40868839,0.03308457,0.99999899,-0.5,1.500,4.4,4.4,-0.0,1,,1,1,1,1,1,m2,1VAcJXZ4zmVYXXG3RSh25pvJNoJdBeVy9ChdT6,00b82b108cc258b01912ccf744065dbaa86a261647d297123f1456b53d769a54,946686491,946686486,4,1,0,0,9.7046,490,6
run4-tbt-3s,1,continentale,3,none,true,12,494,42,1,m3,1VuBTTQVFkVMQoHen4dKPJgUfqJY1ta899xaf7,4122,40,487,1.0,4122.0,73208.0,0.056305,0.000766495339,3.15949379,0.04244722,1.0,-0.5,1.500,4.4,4.4,0.0,1,,0,2,2,0,0,m2,1VAcJXZ4zmVYXXG3RSh25pvJNoJdBeVy9ChdT6,00b82b108cc258b01912ccf744065dbaa86a261647d297123f1456b53d769a54,946686491,946686486,4,1,0,0,17.6236,490,
run4-tbt-3s,1,continentale,3,none,true,12,495,42,1,m1,1PJJAyxet5ARk1XH3GjK9tVTPH3keFUewkjkfi,51006,40,486,1.0,51006.0,73208.0,0.696727,6.01430425e-05,3.06765603,0.04653009,0.98775885,-0.583,1.500,4.347,4.3467,-0.0003,1,,0,2,2,0,0,m2,1VAcJXZ4zmVYXXG3RSh25pvJNoJdBeVy9ChdT6,005c2b8a2063a581fa774847c9b969220e36cb142cb2c81882ca7b6a9362b862,946686495,946686491,4,1,0,0,7.8795,490,
run4-tbt-3s,1,continentale,3,none,true,12,495,42,1,m2,1VAcJXZ4zmVYXXG3RSh25pvJNoJdBeVy9ChdT6,18080,39,474,1.0,18080.0,73208.0,0.246968,2.91190908e-05,0.52647316,0.59068455,0.88137054,-0.583,1.500,4.027,4.0275,0.0005,1,,1,1,1,1,1,m2,1VAcJXZ4zmVYXXG3RSh25pvJNoJdBeVy9ChdT6,005c2b8a2063a581fa774847c9b969220e36cb142cb2c81882ca7b6a9362b862,946686495,946686491,4,1,0,0,9.7046,490,7
run4-tbt-3s,1,continentale,3,none,true,12,495,42,1,m3,1VuBTTQVFkVMQoHen4dKPJgUfqJY1ta899xaf7,4122,40,487,1.0,4122.0,73208.0,0.056305,0.000358309808,1.47695303,0.22833235,1.0,-0.583,1.500,4.383,4.3834,0.0004,1,,0,3,3,0,0,m2,1VAcJXZ4zmVYXXG3RSh25pvJNoJdBeVy9ChdT6,005c2b8a2063a581fa774847c9b969220e36cb142cb2c81882ca7b6a9362b862,946686495,946686491,4,1,0,0,17.6236,490,
run4-tbt-3s,1,continentale,3,none,true,12,496,42,1,m1,1PJJAyxet5ARk1XH3GjK9tVTPH3keFUewkjkfi,51006,40,486,1.0,51006.0,73208.0,0.696727,1.38947761e-05,0.70871695,0.49227541,0.63839715,-0.583,1.500,3.299,3.2986,-0.0004,1,,0,2,2,0,0,m2,1VAcJXZ4zmVYXXG3RSh25pvJNoJdBeVy9ChdT6,00c35a0bbd76e87360b8dfde5b16142294641c0354d9cc255e747346c1ca9af8,946686499,946686495,2,1,0,0,7.8795,490,
run4-tbt-3s,1,continentale,3,none,true,12,496,42,1,m2,1VAcJXZ4zmVYXXG3RSh25pvJNoJdBeVy9ChdT6,18080,39,474,1.0,18080.0,73208.0,0.246968,6.909026e-06,0.12491519,0.88257175,0.39697461,-0.583,1.500,2.574,2.5743,0.0003,1,,1,1,1,1,1,m2,1VAcJXZ4zmVYXXG3RSh25pvJNoJdBeVy9ChdT6,00c35a0bbd76e87360b8dfde5b16142294641c0354d9cc255e747346c1ca9af8,946686499,946686495,2,1,0,0,9.7046,490,8
run4-tbt-3s,1,continentale,3,none,true,12,496,42,1,m3,1VuBTTQVFkVMQoHen4dKPJgUfqJY1ta899xaf7,4122,40,487,1.0,4122.0,73208.0,0.056305,0.000438441137,1.80725437,0.16410409,1.0,-0.583,1.500,4.383,4.3834,0.0004,1,,0,3,3,0,0,m2,1VAcJXZ4zmVYXXG3RSh25pvJNoJdBeVy9ChdT6,00c35a0bbd76e87360b8dfde5b16142294641c0354d9cc255e747346c1ca9af8,946686499,946686495,2,1,0,0,17.6236,490,
run4-tbt-3s,1,continentale,3,none,true,12,497,42,1,m1,1PJJAyxet5ARk1XH3GjK9tVTPH3keFUewkjkfi,51006,40,486,1.0,51006.0,73208.0,0.696727,1.33658189e-05,0.68173696,0.50573778,0.62411983,-0.583,1.500,3.256,3.2558,-0.0002,1,,1,1,1,1,1,m1,1PJJAyxet5ARk1XH3GjK9tVTPH3keFUewkjkfi,0046e406b6acdd0c7b1c1046ce4b8c857cba7fc2267b1e6b3506431ee044019f,946686503,946686499,3,1,1,1,7.8795,490,1
run4-tbt-3s,1,continentale,3,none,true,12,497,42,1,m2,1VAcJXZ4zmVYXXG3RSh25pvJNoJdBeVy9ChdT6,18080,39,474,1.0,18080.0,73208.0,0.246968,5.85393043e-05,1.05839062,0.34701384,0.98623389,-0.583,1.500,4.342,4.3421,0.0001,1,,0,2,2,0,0,m1,1PJJAyxet5ARk1XH3GjK9tVTPH3keFUewkjkfi,0046e406b6acdd0c7b1c1046ce4b8c857cba7fc2267b1e6b3506431ee044019f,946686503,946686499,3,1,1,1,9.7046,490,
run4-tbt-3s,1,continentale,3,none,true,12,497,42,1,m3,1VuBTTQVFkVMQoHen4dKPJgUfqJY1ta899xaf7,4122,40,487,1.0,4122.0,73208.0,0.056305,0.000217758546,0.89760073,0.4075463,0.99999988,-0.583,1.500,4.383,4.3834,0.0004,1,,0,3,3,0,0,m1,1PJJAyxet5ARk1XH3GjK9tVTPH3keFUewkjkfi,0046e406b6acdd0c7b1c1046ce4b8c857cba7fc2267b1e6b3506431ee044019f,946686503,946686499,3,1,1,1,17.6236,490,
run4-tbt-3s,1,continentale,3,none,true,12,498,42,1,m1,1PJJAyxet5ARk1XH3GjK9tVTPH3keFUewkjkfi,51006,40,486,1.0,51006.0,73208.0,0.696727,4.58134796e-05,2.33676234,0.09664002,0.96505267,-0.583,1.500,4.278,4.2786,0.0006,1,,1,1,1,1,1,m1,1PJJAyxet5ARk1XH3GjK9tVTPH3keFUewkjkfi,00511ae6a6f348604be9daee56ec64e9d5ee5aecf5e3a715ab11f315a6b02265,946686508,946686503,4,1,1,1,7.1042,498,2
run4-tbt-3s,1,continentale,3,none,true,12,498,42,1,m2,1VAcJXZ4zmVYXXG3RSh25pvJNoJdBeVy9ChdT6,18080,39,474,1.0,18080.0,73208.0,0.246968,5.25969683e-05,0.95095319,0.38637256,0.9787313,-0.583,1.500,4.32,4.3196,-0.0004,1,,0,2,2,0,0,m1,1PJJAyxet5ARk1XH3GjK9tVTPH3keFUewkjkfi,00511ae6a6f348604be9daee56ec64e9d5ee5aecf5e3a715ab11f315a6b02265,946686508,946686503,4,1,1,1,45.8469,498,
run4-tbt-3s,1,continentale,3,none,true,12,498,42,1,m3,1VuBTTQVFkVMQoHen4dKPJgUfqJY1ta899xaf7,4122,40,487,1.0,4122.0,73208.0,0.056305,0.000125763934,0.51839894,0.59547318,0.99989966,-0.583,1.500,4.383,4.3831,0.0001,1,,0,3,3,0,0,m1,1PJJAyxet5ARk1XH3GjK9tVTPH3keFUewkjkfi,00511ae6a6f348604be9daee56ec64e9d5ee5aecf5e3a715ab11f315a6b02265,946686508,946686503,4,1,1,1,94.3479,498,
run4-tbt-3s,1,continentale,3,none,true,12,499,42,1,m1,1PJJAyxet5ARk1XH3GjK9tVTPH3keFUewkjkfi,44404,41,498,1.0,44404.0,65455.0,0.67839,1.26196737e-05,0.56036399,0.57100119,0.5622121,-0.75,1.500,3.037,3.0366,-0.0004,1,,1,1,1,1,1,m1,1PJJAyxet5ARk1XH3GjK9tVTPH3keFUewkjkfi,00123e9e24ee2159e7c9b5b747c609e39b3a1dd82b91979166d6b8345c06b34d,946686511,946686508,3,1,0,0,7.1042,498,3
run4-tbt-3s,1,continentale,3,none,true,12,499,42,1,m2,1VAcJXZ4zmVYXXG3RSh25pvJNoJdBeVy9ChdT6,12808,41,498,1.0,12808.0,65455.0,0.195676,8.69767858e-05,1.11399867,0.32824379,0.99663075,-0.667,1.500,4.357,4.3565,-0.0005,1,,0,3,3,0,0,m1,1PJJAyxet5ARk1XH3GjK9tVTPH3keFUewkjkfi,00123e9e24ee2159e7c9b5b747c609e39b3a1dd82b91979166d6b8345c06b34d,946686511,946686508,3,1,0,0,45.8469,498,
run4-tbt-3s,1,continentale,3,none,true,12,499,42,1,m3,1VuBTTQVFkVMQoHen4dKPJgUfqJY1ta899xaf7,8243,41,498,1.0,8243.0,65455.0,0.125934,2.35230598e-05,0.19390058,0.82373979,0.78555498,-0.667,1.500,3.723,3.7233,0.0003,1,,0,2,2,0,0,m1,1PJJAyxet5ARk1XH3GjK9tVTPH3keFUewkjkfi,00123e9e24ee2159e7c9b5b747c609e39b3a1dd82b91979166d6b8345c06b34d,946686511,946686508,3,1,0,0,94.3479,498,
run4-tbt-3s,1,continentale,3,none,true,12,500,42,1,m1,1PJJAyxet5ARk1XH3GjK9tVTPH3keFUewkjkfi,44404,41,498,1.0,44404.0,65455.0,0.67839,2.75001623e-05,1.22111721,0.29490052,0.83470493,-0.833,1.500,3.837,3.8375,0.0005,1,,1,1,1,1,1,m1,1PJJAyxet5ARk1XH3GjK9tVTPH3keFUewkjkfi,00a7ef5e3c9df5014487f641fbd2e70a9b4cff4294c346d5c4f1aaef2ecdc79a,946686515,946686511,3,1,0,0,7.1042,498,4
run4-tbt-3s,1,continentale,3,none,true,12,500,42,1,m2,1VAcJXZ4zmVYXXG3RSh25pvJNoJdBeVy9ChdT6,12808,41,498,1.0,12808.0,65455.0,0.195676,0.000164101467,2.10181159,0.12223479,0.99997837,-0.833,1.500,4.333,4.3333,0.0003,1,,0,2,3,0,0,m1,1PJJAyxet5ARk1XH3GjK9tVTPH3keFUewkjkfi,00a7ef5e3c9df5014487f641fbd2e70a9b4cff4294c346d5c4f1aaef2ecdc79a,946686515,946686511,3,1,0,0,45.8469,498,
run4-tbt-3s,1,continentale,3,none,true,12,500,42,1,m3,1VuBTTQVFkVMQoHen4dKPJgUfqJY1ta899xaf7,8243,41,498,1.0,8243.0,65455.0,0.125934,0.000157675315,1.29971762,0.27260876,0.99996705,-0.833,1.500,4.333,4.3333,0.0003,1,,0,3,2,0,0,m1,1PJJAyxet5ARk1XH3GjK9tVTPH3keFUewkjkfi,00a7ef5e3c9df5014487f641fbd2e70a9b4cff4294c346d5c4f1aaef2ecdc79a,946686515,946686511,3,1,0,0,94.3479,498,
run4-tbt-3s,1,continentale,3,none,true,12,501,42,1,m1,1PJJAyxet5ARk1XH3GjK9tVTPH3keFUewkjkfi,44404,41,498,1.0,44404.0,65455.0,0.67839,1.20367559e-05,0.53448011,0.58597385,0.5451856,-0.917,1.500,2.952,2.9522,0.0002,1,,1,1,1,1,1,m1,1PJJAyxet5ARk1XH3GjK9tVTPH3keFUewkjkfi,00a3ad08020e44788cb4bd3971cf21286d937e66d785380d4060165736ffa3d6,946686519,946686515,2,1,0,0,7.1042,498,5
run4-tbt-3s,1,continentale,3,none,true,12,501,42,1,m2,1VAcJXZ4zmVYXXG3RSh25pvJNoJdBeVy9ChdT6,12808,41,498,1.0,12808.0,65455.0,0.195676,0.00013437876,1.72112316,0.17886514,0.99984863,-0.917,1.500,4.316,4.3161,0.0001,1,,0,3,3,0,0,m1,1PJJAyxet5ARk1XH3GjK9tVTPH3keFUewkjkfi,00a3ad08020e44788cb4bd3971cf21286d937e66d785380d4060165736ffa3d6,946686519,946686515,2,1,0,0,45.8469,498,
run4-tbt-3s,1,continentale,3,none,true,12,501,42,1,m3,1VuBTTQVFkVMQoHen4dKPJgUfqJY1ta899xaf7,8243,41,498,1.0,8243.0,65455.0,0.125934,8.01265477e-05,0.66048313,0.51660169,0.99472451,-0.917,1.500,4.301,4.3008,-0.0002,1,,0,2,2,0,0,m1,1PJJAyxet5ARk1XH3GjK9tVTPH3keFUewkjkfi,00a3ad08020e44788cb4bd3971cf21286d937e66d785380d4060165736ffa3d6,946686519,946686515,2,1,0,0,94.3479,498,
run4-tbt-3s,1,continentale,3,none,true,12,502,42,1,m1,1PJJAyxet5ARk1XH3GjK9tVTPH3keFUewkjkfi,44404,41,498,1.0,44404.0,65455.0,0.67839,4.1859628e-05,1.85873492,0.15586969,0.93542461,-1.0,1.500,4.106,4.1063,0.0003,1,,0,3,3,0,0,m3,1VuBTTQVFkVMQoHen4dKPJgUfqJY1ta899xaf7,00e71c53c0267e4b5dcfb03b03c5873bc4638d6a299d0b6273e52a6f174cf869,946686522,946686519,2,1,0,0,7.1042,498,
run4-tbt-3s,1,continentale,3,none,true,12,502,42,1,m2,1VAcJXZ4zmVYXXG3RSh25pvJNoJdBeVy9ChdT6,12808,41,498,1.0,12808.0,65455.0,0.195676,3.72785377e-05,0.47746351,0.62035492,0.91284496,-1.0,1.500,4.039,4.0385,-0.0005,1,,0,2,2,0,0,m3,1VuBTTQVFkVMQoHen4dKPJgUfqJY1ta899xaf7,00e71c53c0267e4b5dcfb03b03c5873bc4638d6a299d0b6273e52a6f174cf869,946686522,946686519,2,1,0,0,45.8469,498,
run4-tbt-3s,1,continentale,3,none,true,12,502,42,1,m3,1VuBTTQVFkVMQoHen4dKPJgUfqJY1ta899xaf7,8243,41,498,1.0,8243.0,65455.0,0.125934,9.53837519e-06,0.07862483,0.92438666,0.46438216,-1.0,1.500,2.693,2.6931,0.0001,1,,1,1,1,1,1,m3,1VuBTTQVFkVMQoHen4dKPJgUfqJY1ta899xaf7,00e71c53c0267e4b5dcfb03b03c5873bc4638d6a299d0b6273e52a6f174cf869,946686522,946686519,2,1,0,0,94.3479,498,1
run4-tbt-3s,1,continentale,3,none,true,12,503,42,1,m1,1PJJAyxet5ARk1XH3GjK9tVTPH3keFUewkjkfi,44404,41,498,1.0,44404.0,65455.0,0.67839,6.94024227e-06,0.30817452,0.73478707,0.36509097,-0.917,1.500,2.412,2.4119,-0.0001,1,,1,1,1,1,1,m1,1PJJAyxet5ARk1XH3GjK9tVTPH3keFUewkjkfi,00e369e00188558124f6a91affa194dc570732eb80fdb1eb4eb379e03a19747c,946686526,946686522,2,1,0,0,7.1042,498,1
run4-tbt-3s,1,continentale,3,none,true,12,503,42,1,m2,1VAcJXZ4zmVYXXG3RSh25pvJNoJdBeVy9ChdT6,12808,41,498,1.0,12808.0,65455.0,0.195676,2.03165936e-05,0.26021493,0.77088588,0.73547583,-0.917,1.500,3.523,3.523,0.0,1,,0,2,2,0,0,m1,1PJJAyxet5ARk1XH3GjK9tVTPH3keFUewkjkfi,00e369e00188558124f6a91affa194dc570732eb80fdb1eb4eb379e03a19747c,946686526,946686522,2,1,0,0,45.8469,498,
run4-tbt-3s,1,continentale,3,none,true,12,503,42,1,m3,1VuBTTQVFkVMQoHen4dKPJgUfqJY1ta899xaf7,8243,41,498,1.0,8243.0,65455.0,0.125934,7.69289851e-05,0.63412562,0.53039905,0.99349632,-0.917,1.500,4.297,4.2971,0.0001,1,,0,3,3,0,0,m1,1PJJAyxet5ARk1XH3GjK9tVTPH3keFUewkjkfi,00e369e00188558124f6a91affa194dc570732eb80fdb1eb4eb379e03a19747c,946686526,946686522,2,1,0,0,94.3479,498,
run4-tbt-3s,1,continentale,3,none,true,12,504,43,1,m1,1PJJAyxet5ARk1XH3GjK9tVTPH3keFUewkjkfi,44404,41,498,1.0,44404.0,65455.0,0.67839,1.64869237e-05,0.73208536,0.48090508,0.66011624,-1.0,1.500,3.28,3.2803,0.0003,1,,1,1,1,1,1,m1,1PJJAyxet5ARk1XH3GjK9tVTPH3keFUewkjkfi,003cb9d399f9ae8345ff8b4fad3df1cfe2a0ac63de64e63b653a25acaededaa1,946686530,946686526,3,1,0,0,7.1042,498,2
run4-tbt-3s,1,continentale,3,none,true,12,504,43,1,m2,1VAcJXZ4zmVYXXG3RSh25pvJNoJdBeVy9ChdT6,12808,41,498,1.0,12808.0,65455.0,0.195676,0.000302697312,3.87694717,0.02071396,1.0,-1.0,1.500,4.3,4.3,-0.0,1,,0,2,3,0,0,m1,1PJJAyxet5ARk1XH3GjK9tVTPH3keFUewkjkfi,003cb9d399f9ae8345ff8b4fad3df1cfe2a0ac63de64e63b653a25acaededaa1,946686530,946686526,3,1,0,0,45.8469,498,
run4-tbt-3s,1,continentale,3,none,true,12,504,43,1,m3,1VuBTTQVFkVMQoHen4dKPJgUfqJY1ta899xaf7,8243,41,498,1.0,8243.0,65455.0,0.125934,0.000185061619,1.52546293,0.21752034,0.99999451,-1.0,1.500,4.3,4.3,-0.0,1,,0,3,2,0,0,m1,1PJJAyxet5ARk1XH3GjK9tVTPH3keFUewkjkfi,003cb9d399f9ae8345ff8b4fad3df1cfe2a0ac63de64e63b653a25acaededaa1,946686530,946686526,3,1,0,0,94.3479,498,
run4-tbt-3s,1,continentale,3,none,true,12,505,43,1,m1,1PJJAyxet5ARk1XH3GjK9tVTPH3keFUewkjkfi,44404,41,498,1.0,44404.0,65455.0,0.67839,5.09776703e-05,2.26361247,0.1039742,0.96444745,-1.0,1.500,4.193,4.1933,0.0003,1,,1,2,2,0,0,m1,1PJJAyxet5ARk1XH3GjK9tVTPH3keFUewkjkfi,0004dc380bb86d33ffd9ae12c17723efa52e9ea3533c9042f549f23f1fbadaa3,946686534,946686530,4,1,0,0,7.4597,505,3
run4-tbt-3s,1,continentale,3,none,true,12,505,43,1,m2,1VAcJXZ4zmVYXXG3RSh25pvJNoJdBeVy9ChdT6,12808,41,498,1.0,12808.0,65455.0,0.195676,3.21865386e-05,0.41224519,0.6621619,0.87836979,-1.0,1.500,3.935,3.9351,0.0001,1,,0,1,1,1,1,m1,1PJJAyxet5ARk1XH3GjK9tVTPH3keFUewkjkfi,0004dc380bb86d33ffd9ae12c17723efa52e9ea3533c9042f549f23f1fbadaa3,946686534,946686530,4,1,0,0,45.6791,505,
run4-tbt-3s,1,continentale,3,none,true,12,505,43,1,m3,1VuBTTQVFkVMQoHen4dKPJgUfqJY1ta899xaf7,8243,41,498,1.0,8243.0,65455.0,0.125934,0.000215423148,1.77573301,0.16935926,0.99999925,-1.0,1.500,4.3,4.3,-0.0,1,,0,3,3,0,0,m1,1PJJAyxet5ARk1XH3GjK9tVTPH3keFUewkjkfi,0004dc380bb86d33ffd9ae12c17723efa52e9ea3533c9042f549f23f1fbadaa3,946686534,946686530,4,1,0,0,94.4601,505,
run4-tbt-3s,1,continentale,3,none,true,12,506,43,1,m1,1PJJAyxet5ARk1XH3GjK9tVTPH3keFUewkjkfi,44404,41,498,1.0,44404.0,65455.0,0.67839,3.20807239e-05,1.42451246,0.24062575,0.87752444,-1.0,1.500,3.933,3.9326,-0.0004,1,,1,2,2,0,0,m1,1PJJAyxet5ARk1XH3GjK9tVTPH3keFUewkjkfi,00a6d8268b5d3792ceeacdf4a16ac5ad77e82ae41284f37ef5fcb5b5b28c8c6e,946686539,946686534,3,1,0,0,7.4597,505,4
run4-tbt-3s,1,continentale,3,none,true,12,506,43,1,m2,1VAcJXZ4zmVYXXG3RSh25pvJNoJdBeVy9ChdT6,12808,41,498,1.0,12808.0,65455.0,0.195676,1.70607575e-05,0.21851418,0.80371208,0.67264559,-1.0,1.500,3.318,3.3179,-0.0001,1,,0,1,1,1,1,m1,1PJJAyxet5ARk1XH3GjK9tVTPH3keFUewkjkfi,00a6d8268b5d3792ceeacdf4a16ac5ad77e82ae41284f37ef5fcb5b5b28c8c6e,946686539,946686534,3,1,0,0,45.6791,505,
run4-tbt-3s,1,continentale,3,none,true,12,506,43,1,m3,1VuBTTQVFkVMQoHen4dKPJgUfqJY1ta899xaf7,8243,41,498,1.0,8243.0,65455.0,0.125934,7.59452365e-05,0.62601658,0.53471757,0.99306376,-1.0,1.500,4.279,4.2792,0.0002,1,,0,3,3,0,0,m1,1PJJAyxet5ARk1XH3GjK9tVTPH3keFUewkjkfi,00a6d8268b5d3792ceeacdf4a16ac5ad77e82ae41284f37ef5fcb5b5b28c8c6e,946686539,946686534,3,1,0,0,94.4601,505,
run4-tbt-3s,1,continentale,3,none,true,12,507,43,1,m1,1PJJAyxet5ARk1XH3GjK9tVTPH3keFUewkjkfi,44404,41,498,1.0,44404.0,65455.0,0.67839,3.83305076e-05,1.70202786,0.18231344,0.91864422,-1.0,1.500,4.056,4.0559,-0.0001,1,,1,2,2,0,0,m1,1PJJAyxet5ARk1XH3GjK9tVTPH3keFUewkjkfi,00a53f11a89a3556c7129c215725c4a0b0c019e0da2b0ea4b088af3224b2f2c3,946686543,946686539,4,1,0,0,7.4597,505,5
run4-tbt-3s,1,continentale,3,none,true,12,507,43,1,m2,1VAcJXZ4zmVYXXG3RSh25pvJNoJdBeVy9ChdT6,12808,41,498,1.0,12808.0,65455.0,0.195676,1.81668331e-05,0.2326808,0.79240647,0.69550788,-1.0,1.500,3.387,3.3865,-0.0005,1,,0,1,1,1,1,m1,1PJJAyxet5ARk1XH3GjK9tVTPH3keFUewkjkfi,00a53f11a89a3556c7129c215725c4a0b0c019e0da2b0ea4b088af3224b2f2c3,946686543,946686539,4,1,0,0,45.6791,505,
run4-tbt-3s,1,continentale,3,none,true,12,507,43,1,m3,1VuBTTQVFkVMQoHen4dKPJgUfqJY1ta899xaf7,8243,41,498,1.0,8243.0,65455.0,0.125934,0.000162269954,1.33759123,0.26247715,0.99997561,-1.0,1.500,4.3,4.2999,-0.0001,1,,0,3,3,0,0,m1,1PJJAyxet5ARk1XH3GjK9tVTPH3keFUewkjkfi,00a53f11a89a3556c7129c215725c4a0b0c019e0da2b0ea4b088af3224b2f2c3,946686543,946686539,4,1,0,0,94.4601,505,
run4-tbt-3s,1,continentale,3,none,true,12,508,43,1,m1,1PJJAyxet5ARk1XH3GjK9tVTPH3keFUewkjkfi,44404,41,498,1.0,44404.0,65455.0,0.67839,1.21659865e-06,0.05402185,0.94741141,0.07654431,-1.0,1.500,1.53,1.5296,-0.0004,1,,1,1,1,1,1,m1,1PJJAyxet5ARk1XH3GjK9tVTPH3keFUewkjkfi,00f70f4ea496e9da0c39042fe11a68c228d67fea9df5885605522261ee0e5fce,946686545,946686543,1,1,0,0,7.4597,505,6
run4-tbt-3s,1,continentale,3,none,true,12,508,43,1,m2,1VAcJXZ4zmVYXXG3RSh25pvJNoJdBeVy9ChdT6,12808,41,498,1.0,12808.0,65455.0,0.195676,9.67316717e-06,0.12389393,0.88347355,0.46908702,-1.0,1.500,2.707,2.7073,0.0003,1,,0,2,2,0,0,m1,1PJJAyxet5ARk1XH3GjK9tVTPH3keFUewkjkfi,00f70f4ea496e9da0c39042fe11a68c228d67fea9df5885605522261ee0e5fce,946686545,946686543,1,1,0,0,45.6791,505,
run4-tbt-3s,1,continentale,3,none,true,12,508,43,1,m3,1VuBTTQVFkVMQoHen4dKPJgUfqJY1ta899xaf7,8243,41,498,1.0,8243.0,65455.0,0.125934,0.000222211113,1.8316862,0.16014331,0.99999952,-1.0,1.500,4.3,4.3,-0.0,1,,0,3,3,0,0,m1,1PJJAyxet5ARk1XH3GjK9tVTPH3keFUewkjkfi,00f70f4ea496e9da0c39042fe11a68c228d67fea9df5885605522261ee0e5fce,946686545,946686543,1,1,0,0,94.4601,505,
run4-tbt-3s,1,continentale,3,none,true,12,509,43,1,m1,1PJJAyxet5ARk1XH3GjK9tVTPH3keFUewkjkfi,44404,41,498,1.0,44404.0,65455.0,0.67839,5.10255338e-07,0.02265738,0.97759737,0.03284718,-0.833,1.500,1.432,1.4319,-0.0001,1,,1,1,1,1,1,m1,1PJJAyxet5ARk1XH3GjK9tVTPH3keFUewkjkfi,00a7ac7e881818eb41428f7b9678545aa77c345d7f0fb6610f181dc4a3451d8b,946686547,946686545,1,1,0,0,7.4597,505,7
run4-tbt-3s,1,continentale,3,none,true,12,509,43,1,m2,1VAcJXZ4zmVYXXG3RSh25pvJNoJdBeVy9ChdT6,12808,41,498,1.0,12808.0,65455.0,0.195676,0.000314403059,4.02687438,0.01782997,1.0,-0.833,1.500,4.333,4.3334,0.0004,1,,0,2,3,0,0,m1,1PJJAyxet5ARk1XH3GjK9tVTPH3keFUewkjkfi,00a7ac7e881818eb41428f7b9678545aa77c345d7f0fb6610f181dc4a3451d8b,946686547,946686545,1,1,0,0,45.6791,505,
run4-tbt-3s,1,continentale,3,none,true,12,509,43,1,m3,1VuBTTQVFkVMQoHen4dKPJgUfqJY1ta899xaf7,8243,41,498,1.0,8243.0,65455.0,0.125934,0.000188969177,1.55767293,0.21062564,0.99999575,-0.833,1.500,4.333,4.3334,0.0004,1,,0,3,2,0,0,m1,1PJJAyxet5ARk1XH3GjK9tVTPH3keFUewkjkfi,00a7ac7e881818eb41428f7b9678545aa77c345d7f0fb6610f181dc4a3451d8b,946686547,946686545,1,1,0,0,94.4601,505,
run4-tbt-3s,1,continentale,3,none,true,12,510,43,1,m1,1PJJAyxet5ARk1XH3GjK9tVTPH3keFUewkjkfi,44404,41,498,1.0,44404.0,65455.0,0.67839,2.0341559e-05,0.90324659,0.40525184,0.73590773,-0.667,1.500,3.574,3.5743,0.0003,1,,0,2,2,0,0,m3,1VuBTTQVFkVMQoHen4dKPJgUfqJY1ta899xaf7,00a15a13be33e290e77732b766e756be4da1f273d4974733d611089136712b5b,946686550,946686547,2,1,0,0,7.4597,505,
run4-tbt-3s,1,continentale,3,none,true,12,510,43,1,m2,1VAcJXZ4zmVYXXG3RSh25pvJNoJdBeVy9ChdT6,12808,41,498,1.0,12808.0,65455.0,0.195676,0.000133430132,1.70897313,0.18105161,0.99983893,-0.667,1.500,4.366,4.3661,0.0001,1,,0,3,3,0,0,m3,1VuBTTQVFkVMQoHen4dKPJgUfqJY1ta899xaf7,00a15a13be33e290e77732b766e756be4da1f273d4974733d611089136712b5b,946686550,946686547,2,1,0,0,45.6791,505,
run4-tbt-3s,1,continentale,3,none,true,12,510,43,1,m3,1VuBTTQVFkVMQoHen4dKPJgUfqJY1ta899xaf7,8243,41,498,1.0,8243.0,65455.0,0.125934,3.72012376e-06,0.03066498,0.96980042,0.21612107,-0.667,1.500,2.015,2.015,-0.0,1,,1,1,1,1,1,m3,1VuBTTQVFkVMQoHen4dKPJgUfqJY1ta899xaf7,00a15a13be33e290e77732b766e756be4da1f273d4974733d611089136712b5b,946686550,946686547,2,1,0,0,94.4601,505,1
run4-tbt-3s,1,continentale,3,none,true,12,511,43,1,m1,1PJJAyxet5ARk1XH3GjK9tVTPH3keFUewkjkfi,44404,41,498,1.0,44404.0,65455.0,0.67839,6.47598938e-05,2.87559832,0.05638239,0.98557596,-0.5,1.500,4.357,4.3567,-0.0003,1,,0,1,1,1,1,m3,1VuBTTQVFkVMQoHen4dKPJgUfqJY1ta899xaf7,00de0bdbbaf677ef1014b91519bd136656b7145aaaf14c3e88a3d622d6a998bb,946686554,946686550,4,1,0,0,7.4597,505,
run4-tbt-3s,1,continentale,3,none,true,12,511,43,1,m2,1VAcJXZ4zmVYXXG3RSh25pvJNoJdBeVy9ChdT6,12808,41,498,1.0,12808.0,65455.0,0.195676,6.63837926e-05,0.85024362,0.42731082,0.98703045,-0.5,1.500,4.361,4.3611,0.0001,1,,0,2,2,0,0,m3,1VuBTTQVFkVMQoHen4dKPJgUfqJY1ta899xaf7,00de0bdbbaf677ef1014b91519bd136656b7145aaaf14c3e88a3d622d6a998bb,946686554,946686550,4,1,0,0,45.6791,505,
run4-tbt-3s,1,continentale,3,none,true,12,511,43,1,m3,1VuBTTQVFkVMQoHen4dKPJgUfqJY1ta899xaf7,8243,41,498,1.0,8243.0,65455.0,0.125934,7.46474052e-05,0.61531856,0.5404687,0.99244878,-0.5,1.500,4.377,4.3773,0.0003,1,,1,3,3,0,0,m3,1VuBTTQVFkVMQoHen4dKPJgUfqJY1ta899xaf7,00de0bdbbaf677ef1014b91519bd136656b7145aaaf14c3e88a3d622d6a998bb,946686554,946686550,4,1,0,0,94.4601,505,2
run4-tbt-3s,1,continentale,3,none,true,12,512,43,1,m1,1PJJAyxet5ARk1XH3GjK9tVTPH3keFUewkjkfi,52503,42,511,1.0,52503.0,81281.0,0.645944,4.41572371e-06,0.23183874,0.793074,0.30156589,-0.583,1.500,2.288,2.2881,0.0001,1,,1,1,1,1,1,m1,1PJJAyxet5ARk1XH3GjK9tVTPH3keFUewkjkfi,00b5c5aca16993878c7fb73a6f6d5e3e478fdb5d84625a93ca77b5717457592c,946686558,946686554,2,1,0,0,7.4597,505,1
run4-tbt-3s,1,continentale,3,none,true,12,512,43,1,m2,1VAcJXZ4zmVYXXG3RSh25pvJNoJdBeVy9ChdT6,20535,42,511,1.0,20535.0,81281.0,0.252642,1.22244764e-05,0.25102962,0.77799932,0.62976512,-0.583,1.500,3.273,3.2727,-0.0003,1,,0,2,2,0,0,m1,1PJJAyxet5ARk1XH3GjK9tVTPH3keFUewkjkfi,00b5c5aca16993878c7fb73a6f6d5e3e478fdb5d84625a93ca77b5717457592c,946686558,946686554,2,1,0,0,45.6791,505,
run4-tbt-3s,1,continentale,3,none,true,12,512,43,1,m3,1VuBTTQVFkVMQoHen4dKPJgUfqJY1ta899xaf7,8243,41,498,1.0,8243.0,81281.0,0.101414,4.71230555e-05,0.38843535,0.67811706,0.97829492,-0.583,1.500,4.318,4.3183,0.0003,1,,0,3,3,0,0,m1,1PJJAyxet5ARk1XH3GjK9tVTPH3keFUewkjkfi,00b5c5aca16993878c7fb73a6f6d5e3e478fdb5d84625a93ca77b5717457592c,946686558,946686554,2,1,0,0,94.4601,505,
run4-tbt-3s,1,continentale,3,none,true,12,513,43,1,m1,1PJJAyxet5ARk1XH3GjK9tVTPH3keFUewkjkfi,52503,42,511,1.0,52503.0,81281.0,0.645944,3.37615924e-06,0.17725849,0.83756326,0.23998537,-0.583,1.500,2.103,2.1034,0.0004,1,,1,2,2,0,0,m1,1PJJAyxet5ARk1XH3GjK9tVTPH3keFUewkjkfi,00b565f3a39f36ff722680d5548e30e55169d7f5939edf765779655fbf048b78,946686561,946686558,2,1,0,0,7.4597,505,2
run4-tbt-3s,1,continentale,3,none,true,12,513,43,1,m2,1VAcJXZ4zmVYXXG3RSh25pvJNoJdBeVy9ChdT6,20535,42,511,1.0,20535.0,81281.0,0.252642,1.98631262e-05,0.4078893,0.6650525,0.80100882,-0.583,1.500,3.786,3.7864,0.0004,1,,0,3,3,0,0,m1,1PJJAyxet5ARk1XH3GjK9tVTPH3keFUewkjkfi,00b565f3a39f36ff722680d5548e30e55169d7f5939edf765779655fbf048b78,946686561,946686558,2,1,0,0,45.6791,505,
run4-tbt-3s,1,continentale,3,none,true,12,513,43,1,m3,1VuBTTQVFkVMQoHen4dKPJgUfqJY1ta899xaf7,8243,41,498,1.0,8243.0,81281.0,0.101414,7.79511929e-07,0.00642552,0.99359508,0.06139402,-0.583,1.500,1.568,1.5676,-0.0004,1,,0,1,1,1,1,m1,1PJJAyxet5ARk1XH3GjK9tVTPH3keFUewkjkfi,00b565f3a39f36ff722680d5548e30e55169d7f5939edf765779655fbf048b78,946686561,946686558,2,1,0,0,94.4601,505,
run4-tbt-3s,1,continentale,3,none,true,12,514,43,1,m1,1PJJAyxet5ARk1XH3GjK9tVTPH3keFUewkjkfi,52503,42,511,1.0,52503.0,81281.0,0.645944,1.73333468e-05,0.91005271,0.40250301,0.75558111,-0.5,1.500,3.667,3.6667,-0.0003,1,,0,2,2,0,0,m3,1VuBTTQVFkVMQoHen4dKPJgUfqJY1ta899xaf7,00044771fd4a4ccce3638d493de526450354f1655c309eb513dfa4c6867452ba,946686564,946686561,2,1,0,0,107.8815,514,
run4-tbt-3s,1,continentale,3,none,true,12,514,43,1,m2,1VAcJXZ4zmVYXXG3RSh25pvJNoJdBeVy9ChdT6,20535,42,511,1.0,20535.0,81281.0,0.252642,4.78496789e-05,0.98259316,0.37433912,0.97953972,-0.5,1.500,4.339,4.3386,-0.0004,1,,0,3,3,0,0,m3,1VuBTTQVFkVMQoHen4dKPJgUfqJY1ta899xaf7,00044771fd4a4ccce3638d493de526450354f1655c309eb513dfa4c6867452ba,946686564,946686561,2,1,0,0,19.3206,514,
run4-tbt-3s,1,continentale,3,none,true,12,514,43,1,m3,1VuBTTQVFkVMQoHen4dKPJgUfqJY1ta899xaf7,8243,41,498,1.0,8243.0,81281.0,0.101414,5.82880473e-06,0.04804684,0.95308915,0.37735023,-0.5,1.500,2.532,2.5321,0.0001,1,,1,1,1,1,1,m3,1VuBTTQVFkVMQoHen4dKPJgUfqJY1ta899xaf7,00044771fd4a4ccce3638d493de526450354f1655c309eb513dfa4c6867452ba,946686564,946686561,2,1,0,0,76.2471,514,1
run4-tbt-3s,1,continentale,3,none,true,12,515,43,1,m1,1PJJAyxet5ARk1XH3GjK9tVTPH3keFUewkjkfi,52503,42,511,1.0,52503.0,81281.0,0.645944,1.79688013e-05,0.94341597,0.38929574,0.76788495,-0.5,1.500,3.704,3.7037,-0.0003,1,,0,1,1,1,1,m3,1VuBTTQVFkVMQoHen4dKPJgUfqJY1ta899xaf7,00359852c91f696f181c36b7eca118286ac0924391042eb24fa2a42aaa73a774,946686569,946686564,4,1,0,0,107.8815,514,
run4-tbt-3s,1,continentale,3,none,true,12,515,43,1,m2,1VAcJXZ4zmVYXXG3RSh25pvJNoJdBeVy9ChdT6,20535,42,511,1.0,20535.0,81281.0,0.252642,2.36723385e-05,0.48611147,0.61501325,0.85399455,-0.5,1.500,3.962,3.962,-0.0,1,,0,2,2,0,0,m3,1VuBTTQVFkVMQoHen4dKPJgUfqJY1ta899xaf7,00359852c91f696f181c36b7eca118286ac0924391042eb24fa2a42aaa73a774,946686569,946686564,4,1,0,0,19.3206,514,
run4-tbt-3s,1,continentale,3,none,true,12,515,43,1,m3,1VuBTTQVFkVMQoHen4dKPJgUfqJY1ta899xaf7,8243,41,498,1.0,8243.0,81281.0,0.101414,5.21700321e-05,0.43003757,0.65048465,0.98559864,-0.5,1.500,4.357,4.3568,-0.0002,1,,1,3,3,0,0,m3,1VuBTTQVFkVMQoHen4dKPJgUfqJY1ta899xaf7,00359852c91f696f181c36b7eca118286ac0924391042eb24fa2a42aaa73a774,946686569,946686564,4,1,0,0,76.2471,514,2
run4-tbt-3s,1,continentale,3,none,true,12,516,44,1,m1,1PJJAyxet5ARk1XH3GjK9tVTPH3keFUewkjkfi,52503,42,511,1.0,52503.0,81281.0,0.645944,5.16687611e-05,2.71276496,0.06635309,0.98499975,-0.583,1.500,4.338,4.3384,0.0004,1,,0,2,2,0,0,m3,1VuBTTQVFkVMQoHen4dKPJgUfqJY1ta899xaf7,00fd788b77e08304025df7804b671d399768bece5e7b9ed07d2b0599a36b3519,946686573,946686569,4,1,0,0,107.8815,514,
run4-tbt-3s,1,continentale,3,none,true,12,516,44,1,m2,1VAcJXZ4zmVYXXG3RSh25pvJNoJdBeVy9ChdT6,20535,42,511,1.0,20535.0,81281.0,0.252642,3.792459e-05,0.77878146,0.45896494,0.95415773,-0.583,1.500,4.246,4.2459,-0.0001,1,,0,1,1,1,1,m3,1VuBTTQVFkVMQoHen4dKPJgUfqJY1ta899xaf7,00fd788b77e08304025df7804b671d399768bece5e7b9ed07d2b0599a36b3519,946686573,946686569,4,1,0,0,19.3206,514,
run4-tbt-3s,1,continentale,3,none,true,12,516,44,1,m3,1VuBTTQVFkVMQoHen4dKPJgUfqJY1ta899xaf7,8243,41,498,1.0,8243.0,81281.0,0.101414,0.00016119451,1.32872635,0.26481433,0.99999796,-0.583,1.500,4.383,4.3834,0.0004,1,,1,3,3,0,0,m3,1VuBTTQVFkVMQoHen4dKPJgUfqJY1ta899xaf7,00fd788b77e08304025df7804b671d399768bece5e7b9ed07d2b0599a36b3519,946686573,946686569,4,1,0,0,76.2471,514,3
run4-tbt-3s,1,continentale,3,none,true,12,517,44,1,m1,1PJJAyxet5ARk1XH3GjK9tVTPH3keFUewkjkfi,52503,42,511,1.0,52503.0,81281.0,0.645944,1.21943625e-05,0.64024061,0.52716557,0.62885779,-0.583,1.500,3.27,3.27,-0.0,1,,1,1,1,1,1,m1,1PJJAyxet5ARk1XH3GjK9tVTPH3keFUewkjkfi,0098d74084f63c22cd9d267fb8eba395345c84b8dfb5e5fead62c2b823e28709,946686577,946686573,3,1,0,0,107.8815,514,1
run4-tbt-3s,1,continentale,3,none,true,12,517,44,1,m2,1VAcJXZ4zmVYXXG3RSh25pvJNoJdBeVy9ChdT6,20535,42,511,1.0,20535.0,81281.0,0.252642,3.68154344e-05,0.75600495,0.46953852,0.94983287,-0.583,1.500,4.233,4.2329,-0.0001,1,,0,2,2,0,0,m1,1PJJAyxet5ARk1XH3GjK9tVTPH3keFUewkjkfi,0098d74084f63c22cd9d267fb8eba395345c84b8dfb5e5fead62c2b823e28709,946686577,946686573,3,1,0,0,19.3206,514,
run4-tbt-3s,1,continentale,3,none,true,12,517,44,1,m3,1VuBTTQVFkVMQoHen4dKPJgUfqJY1ta899xaf7,8243,41,498,1.0,8243.0,81281.0,0.101414,4.88432217e-05,0.40261468,0.66856967,0.98112706,-0.583,1.500,4.327,4.3268,-0.0002,1,,0,3,3,0,0,m1,1PJJAyxet5ARk1XH3GjK9tVTPH3keFUewkjkfi,0098d74084f63c22cd9d267fb8eba395345c84b8dfb5e5fead62c2b823e28709,946686577,946686573,3,1,0,0,76.2471,514,
run4-tbt-3s,1,continentale,3,none,true,12,518,44,1,m1,1PJJAyxet5ARk1XH3GjK9tVTPH3keFUewkjkfi,52503,42,511,1.0,52503.0,81281.0,0.645944,8.59532193e-06,0.45128019,0.63681239,0.50273707,-0.583,1.500,2.892,2.8916,-0.0004,1,,1,1,1,1,1,m1,1PJJAyxet5ARk1XH3GjK9tVTPH3keFUewkjkfi,0006fd0b6beda3ac1a38b0e0980f899600178dbc7dea804ca5cc172844f801d1,946686580,946686577,2,1,0,0,107.8815,514,2
run4-tbt-3s,1,continentale,3,none,true,12,518,44,1,m2,1VAcJXZ4zmVYXXG3RSh25pvJNoJdBeVy9ChdT6,20535,42,511,1.0,20535.0,81281.0,0.252642,6.29134643e-05,1.29192799,0.27474058,0.99398602,-0.583,1.500,4.365,4.3654,0.0004,1,,0,2,2,0,0,m1,1PJJAyxet5ARk1XH3GjK9tVTPH3keFUewkjkfi,0006fd0b6beda3ac1a38b0e0980f899600178dbc7dea804ca5cc172844f801d1,946686580,946686577,2,1,0,0,19.3206,514,
run4-tbt-3s,1,continentale,3,none,true,12,518,44,1,m3,1VuBTTQVFkVMQoHen4dKPJgUfqJY1ta899xaf7,8243,41,498,1.0,8243.0,81281.0,0.101414,0.00010918702,0.90002861,0.40655803,0.99986013,-0.583,1.500,4.383,4.383,-0.0,1,,0,3,3,0,0,m1,1PJJAyxet5ARk1XH3GjK9tVTPH3keFUewkjkfi,0006fd0b6beda3ac1a38b0e0980f899600178dbc7dea804ca5cc172844f801d1,946686580,946686577,2,1,0,0,76.2471,514,
run4-tbt-3s,1,continentale,3,none,true,12,519,44,1,m1,1PJJAyxet5ARk1XH3GjK9tVTPH3keFUewkjkfi,52503,42,511,1.0,52503.0,81281.0,0.645944,2.30345579e-06,0.12093834,0.88608859,0.17074468,-0.417,1.500,1.929,1.9288,-0.0002,1,,1,1,1,1,1,m1,1PJJAyxet5ARk1XH3GjK9tVTPH3keFUewkjkfi,00ea1137c3eb06be5b291cbce18156de27c9cc51fbe38405b728c04173e483fc,946686583,946686580,1,1,0,0,107.8815,514,3
run4-tbt-3s,1,continentale,3,none,true,12,519,44,1,m2,1VAcJXZ4zmVYXXG3RSh25pvJNoJdBeVy9ChdT6,20535,42,511,1.0,20535.0,81281.0,0.252642,5.45490148e-05,1.12016402,0.32622628,0.98813068,-0.417,1.500,4.381,4.381,-0.0,1,,0,3,3,0,0,m1,1PJJAyxet5ARk1XH3GjK9tVTPH3keFUewkjkfi,00ea1137c3eb06be5b291cbce18156de27c9cc51fbe38405b728c04173e483fc,946686583,946686580,1,1,0,0,19.3206,514,
run4-tbt-3s,1,continentale,3,none,true,12,519,44,1,m3,1VuBTTQVFkVMQoHen4dKPJgUfqJY1ta899xaf7,8243,41,498,1.0,8243.0,81281.0,0.101414,2.77171699e-05,0.22847263,0.79574808,0.89490381,-0.417,1.500,4.101,4.1013,0.0003,1,,0,2,2,0,0,m1,1PJJAyxet5ARk1XH3GjK9tVTPH3keFUewkjkfi,00ea1137c3eb06be5b291cbce18156de27c9cc51fbe38405b728c04173e483fc,946686583,946686580,1,1,0,0,76.2471,514,
run4-tbt-3s,1,continentale,3,none,true,12,520,44,1,m1,1PJJAyxet5ARk1XH3GjK9tVTPH3keFUewkjkfi,52503,42,511,1.0,52503.0,81281.0,0.645944,1.10855107e-05,0.58202257,0.55876708,0.59385352,-0.333,1.500,3.215,3.215,-0.0,1,,1,1,1,1,1,m1,1PJJAyxet5ARk1XH3GjK9tVTPH3keFUewkjkfi,00a18830f09acb02df89d4e32733e0fa4952ff09e1f85490c97afaae265e077e,946686586,946686583,3,1,0,0,107.8815,514,4
run4-tbt-3s,1,continentale,3,none,true,12,520,44,1,m2,1VAcJXZ4zmVYXXG3RSh25pvJNoJdBeVy9ChdT6,20535,42,511,1.0,20535.0,81281.0,0.252642,4.00448816e-05,0.82232164,0.43941032,0.96141486,-0.333,1.500,4.318,4.3176,-0.0004,1,,0,2,2,0,0,m1,1PJJAyxet5ARk1XH3GjK9tVTPH3keFUewkjkfi,00a18830f09acb02df89d4e32733e0fa4952ff09e1f85490c97afaae265e077e,946686586,946686583,3,1,0,0,19.3206,514,
run4-tbt-3s,1,continentale,3,none,true,12,520,44,1,m3,1VuBTTQVFkVMQoHen4dKPJgUfqJY1ta899xaf7,8243,41,498,1.0,8243.0,81281.0,0.101414,0.000221605389,1.82669322,0.1609449,0.99999998,-0.333,1.500,4.433,4.4334,0.0004,1,,0,3,3,0,0,m1,1PJJAyxet5ARk1XH3GjK9tVTPH3keFUewkjkfi,00a18830f09acb02df89d4e32733e0fa4952ff09e1f85490c97afaae265e077e,946686586,946686583,3,1,0,0,76.2471,514,
run4-tbt-3s,1,continentale,3,none,true,12,521,44,1,m1,1PJJAyxet5ARk1XH3GjK9tVTPH3keFUewkjkfi,52503,42,511,1.0,52503.0,81281.0,0.645944,4.55461114e-05,2.39130749,0.09150996,0.9753267,-0.417,1.500,4.343,4.3426,-0.0004,1,,1,1,1,1,1,m1,1PJJAyxet5ARk1XH3GjK9tVTPH3keFUewkjkfi,00bb3802fd9885d1585792974f29b2cc77cb10a56ca04f76625e744d5b27870a,946686590,946686586,4,1,0,0,107.8815,514,5
run4-tbt-3s,1,continentale,3,none,true,12,521,44,1,m2,1VAcJXZ4zmVYXXG3RSh25pvJNoJdBeVy9ChdT6,20535,42,511,1.0,20535.0,81281.0,0.252642,0.00012698504,2.6076378,0.07370845,0.99996708,-0.417,1.500,4.417,4.4165,-0.0005,1,,0,2,3,0,0,m1,1PJJAyxet5ARk1XH3GjK9tVTPH3keFUewkjkfi,00bb3802fd9885d1585792974f29b2cc77cb10a56ca04f76625e744d5b27870a,946686590,946686586,4,1,0,0,19.3206,514,
run4-tbt-3s,1,continentale,3,none,true,12,521,44,1,m3,1VuBTTQVFkVMQoHen4dKPJgUfqJY1ta899xaf7,8243,41,498,1.0,8243.0,81281.0,0.101414,0.000126817353,1.04535544,0.35156684,0.99996663,-0.417,1.500,4.417,4.4165,-0.0005,1,,0,3,2,0,0,m1,1PJJAyxet5ARk1XH3GjK9tVTPH3keFUewkjkfi,00bb3802fd9885d1585792974f29b2cc77cb10a56ca04f76625e744d5b27870a,946686590,946686586,4,1,0,0,76.2471,514,
run4-tbt-3s,1,continentale,3,none,true,12,522,44,1,m1,1PJJAyxet5ARk1XH3GjK9tVTPH3keFUewkjkfi,52503,42,511,1.0,52503.0,81281.0,0.645944,1.01383651e-05,0.53229458,0.58725592,0.56135132,-0.583,1.500,3.067,3.0675,0.0005,1,,1,1,1,1,1,m1,1PJJAyxet5ARk1XH3GjK9tVTPH3keFUewkjkfi,0077dad5dabf2eaf394e2d8eab8a7f7d807f7c9e65873291016df672eaf584e9,946686594,946686590,3,1,0,0,107.8815,514,6
run4-tbt-3s,1,continentale,3,none,true,12,522,44,1,m2,1VAcJXZ4zmVYXXG3RSh25pvJNoJdBeVy9ChdT6,20535,42,511,1.0,20535.0,81281.0,0.252642,5.46268561e-05,1.12176249,0.32570524,0.98820554,-0.583,1.500,4.348,4.348,0.0,1,,0,2,2,0,0,m1,1PJJAyxet5ARk1XH3GjK9tVTPH3keFUewkjkfi,0077dad5dabf2eaf394e2d8eab8a7f7d807f7c9e65873291016df672eaf584e9,946686594,946686590,3,1,0,0,19.3206,514,
run4-tbt-3s,1,continentale,3,none,true,12,522,44,1,m3,1VuBTTQVFkVMQoHen4dKPJgUfqJY1ta899xaf7,8243,41,498,1.0,8243.0,81281.0,0.101414,0.000364953852,3.0083146,0.04937482,1.0,-0.583,1.500,4.383,4.3834,0.0004,1,,0,3,3,0,0,m1,1PJJAyxet5ARk1XH3GjK9tVTPH3keFUewkjkfi,0077dad5dabf2eaf394e2d8eab8a7f7d807f7c9e65873291016df672eaf584e9,946686594,946686590,3,1,0,0,76.2471,514,
run4-tbt-3s,1,continentale,3,none,true,12,523,44,1,m1,1PJJAyxet5ARk1XH3GjK9tVTPH3keFUewkjkfi,51006,43,522,1.0,51006.0,74912.0,0.680879,1.69275527e-05,0.86340675,0.42172293,0.71862777,-0.667,1.500,3.523,3.5225,-0.0005,1,,0,2,2,0,0,m2,1VAcJXZ4zmVYXXG3RSh25pvJNoJdBeVy9ChdT6,00554f2de2449882375064dc9154373abde1913a91e865fbc7476ce9c4e7ba30,946686598,946686594,3,1,1,1,8.1359,523,
run4-tbt-3s,1,continentale,3,none,true,12,523,44,1,m2,1VAcJXZ4zmVYXXG3RSh25pvJNoJdBeVy9ChdT6,18080,43,522,1.0,18080.0,74912.0,0.24135,1.23127593e-05,0.22261469,0.8004232,0.60242569,-0.667,1.500,3.174,3.1739,-0.0001,1,,1,1,1,1,1,m2,1VAcJXZ4zmVYXXG3RSh25pvJNoJdBeVy9ChdT6,00554f2de2449882375064dc9154373abde1913a91e865fbc7476ce9c4e7ba30,946686598,946686594,3,1,1,1,48.7476,523,1
run4-tbt-3s,1,continentale,3,none,true,12,523,44,1,m3,1VuBTTQVFkVMQoHen4dKPJgUfqJY1ta899xaf7,5826,43,522,1.0,5826.0,74912.0,0.077771,0.000362916219,2.11434989,0.12071174,1.0,-0.667,1.500,4.367,4.3666,-0.0004,1,,0,3,3,0,0,m2,1VAcJXZ4zmVYXXG3RSh25pvJNoJdBeVy9ChdT6,00554f2de2449882375064dc9154373abde1913a91e865fbc7476ce9c4e7ba30,946686598,946686594,3,1,1,1,61.3888,523,
run4-tbt-3s,1,continentale,3,none,true,12,524,44,1,m1,1PJJAyxet5ARk1XH3GjK9tVTPH3keFUewkjkfi,51006,43,522,1.0,51006.0,74912.0,0.680879,6.29985832e-05,3.21330573,0.04022343,0.99107902,-0.667,1.500,4.34,4.3398,-0.0002,1,,0,3,3,0,0,m2,1VAcJXZ4zmVYXXG3RSh25pvJNoJdBeVy9ChdT6,00977420c6f0b4e31458a20043e7b6a51b732f94c30b5e1e1406666c6fb89044,946686602,946686598,4,1,0,0,8.1359,523,
run4-tbt-3s,1,continentale,3,none,true,12,524,44,1,m2,1VAcJXZ4zmVYXXG3RSh25pvJNoJdBeVy9ChdT6,18080,43,522,1.0,18080.0,74912.0,0.24135,4.56946747e-05,0.82615972,0.43772706,0.96738815,-0.667,1.500,4.269,4.2688,-0.0002,1,,1,2,2,0,0,m2,1VAcJXZ4zmVYXXG3RSh25pvJNoJdBeVy9ChdT6,00977420c6f0b4e31458a20043e7b6a51b732f94c30b5e1e1406666c6fb89044,946686602,946686598,4,1,0,0,48.7476,523,2
run4-tbt-3s,1,continentale,3,none,true,12,524,44,1,m3,1VuBTTQVFkVMQoHen4dKPJgUfqJY1ta899xaf7,5826,43,522,1.0,5826.0,74912.0,0.077771,3.59734636e-05,0.2095814,0.81092363,0.93244709,-0.667,1.500,4.164,4.1639,-0.0001,1,,0,1,1,1,1,m2,1VAcJXZ4zmVYXXG3RSh25pvJNoJdBeVy9ChdT6,00977420c6f0b4e31458a20043e7b6a51b732f94c30b5e1e1406666c6fb89044,946686602,946686598,4,1,0,0,61.3888,523,
run4-tbt-3s,1,continentale,3,none,true,12,525,44,1,m1,1PJJAyxet5ARk1XH3GjK9tVTPH3keFUewkjkfi,51006,43,522,1.0,51006.0,74912.0,0.680879,2.36565941e-05,1.20662824,0.29920443,0.83003501,-0.667,1.500,3.857,3.8567,-0.0003,1,,0,2,2,0,0,m2,1VAcJXZ4zmVYXXG3RSh25pvJNoJdBeVy9ChdT6,0092adeac130f4aa147c6423f4a93bcf072f81fbe0fea97b2aeb0bae16810166,946686605,946686602,2,1,0,0,8.1359,523,
run4-tbt-3s,1,continentale,3,none,true,12,525,44,1,m2,1VAcJXZ4zmVYXXG3RSh25pvJNoJdBeVy9ChdT6,18080,43,522,1.0,18080.0,74912.0,0.24135,9.86043917e-06,0.17827674,0.83671084,0.52224882,-0.667,1.500,2.933,2.9333,0.0003,1,,1,1,1,1,1,m2,1VAcJXZ4zmVYXXG3RSh25pvJNoJdBeVy9ChdT6,0092adeac130f4aa147c6423f4a93bcf072f81fbe0fea97b2aeb0bae16810166,946686605,946686602,2,1,0,0,48.7476,523,3
run4-tbt-3s,1,continentale,3,none,true,12,525,44,1,m3,1VuBTTQVFkVMQoHen4dKPJgUfqJY1ta899xaf7,5826,43,522,1.0,5826.0,74912.0,0.077771,4.80946373e-05,0.28019936,0.75563309,0.97275446,-0.667,1.500,4.285,4.2849,-0.0001,1,,0,3,3,0,0,m2,1VAcJXZ4zmVYXXG3RSh25pvJNoJdBeVy9ChdT6,0092adeac130f4aa147c6423f4a93bcf072f81fbe0fea97b2aeb0bae16810166,946686605,946686602,2,1,0,0,61.3888,523,
run4-tbt-3s,1,continentale,3,none,true,12,526,44,1,m1,1PJJAyxet5ARk1XH3GjK9tVTPH3keFUewkjkfi,51006,43,522,1.0,51006.0,74912.0,0.680879,1.8515175e-05,0.94438502,0.38891868,0.75017854,-0.667,1.500,3.617,3.6171,0.0001,1,,0,1,1,1,1,m2,1VAcJXZ4zmVYXXG3RSh25pvJNoJdBeVy9ChdT6,004e8cd79093621e4174929db4c0532de6bc60c46cfe841766c1021163666cdf,946686610,946686605,4,1,0,0,8.1359,523,
run4-tbt-3s,1,continentale,3,none,true,12,526,44,1,m2,1VAcJXZ4zmVYXXG3RSh25pvJNoJdBeVy9ChdT6,18080,43,522,1.0,18080.0,74912.0,0.24135,4.66601986e-05,0.84361639,0.43015211,0.96966366,-0.667,1.500,4.276,4.2756,-0.0004,1,,1,2,2,0,0,m2,1VAcJXZ4zmVYXXG3RSh25pvJNoJdBeVy9ChdT6,004e8cd79093621e4174929db4c0532de6bc60c46cfe841766c1021163666cdf,946686610,946686605,4,1,0,0,48.7476,523,4
run4-tbt-3s,1,continentale,3,none,true,12,526,44,1,m3,1VuBTTQVFkVMQoHen4dKPJgUfqJY1ta899xaf7,5826,43,522,1.0,5826.0,74912.0,0.077771,0.000440723856,2.56765719,0.07671506,1.0,-0.667,1.500,4.367,4.3666,-0.0004,1,,0,3,3,0,0,m2,1VAcJXZ4zmVYXXG3RSh25pvJNoJdBeVy9ChdT6,004e8cd79093621e4174929db4c0532de6bc60c46cfe841766c1021163666cdf,946686610,946686605,4,1,0,0,61.3888,523,
run4-tbt-3s,1,continentale,3,none,true,12,527,44,1,m1,1PJJAyxet5ARk1XH3GjK9tVTPH3keFUewkjkfi,51006,43,522,1.0,51006.0,74912.0,0.680879,5.83551515e-06,0.29764629,0.74256395,0.35412553,-0.833,1.500,2.396,2.3958,-0.0002,1,,0,1,1,1,1,m2,1VAcJXZ4zmVYXXG3RSh25pvJNoJdBeVy9ChdT6,000191d05b8fa0b8c145cac8fc5a671d4e140e20ceccc287b8b853356416596b,946686614,946686610,4,1,1,1,8.1359,523,
run4-tbt-3s,1,continentale,3,none,true,12,527,44,1,m2,1VAcJXZ4zmVYXXG3RSh25pvJNoJdBeVy9ChdT6,18080,43,522,1.0,18080.0,74912.0,0.24135,6.07566202e-05,1.09847969,0.33337753,0.98944758,-0.833,1.500,4.302,4.3017,-0.0003,1,,1,2,2,0,0,m2,1VAcJXZ4zmVYXXG3RSh25pvJNoJdBeVy9ChdT6,000191d05b8fa0b8c145cac8fc5a671d4e140e20ceccc287b8b853356416596b,946686614,946686610,4,1,1,1,48.7476,523,5
run4-tbt-3s,1,continentale,3,none,true,12,527,44,1,m3,1VuBTTQVFkVMQoHen4dKPJgUfqJY1ta899xaf7,5826,43,522,1.0,5826.0,74912.0,0.077771,0.000545237159,3.17655169,0.0417293,1.0,-0.833,1.500,4.333,4.3334,0.0004,1,,0,3,3,0,0,m2,1VAcJXZ4zmVYXXG3RSh25pvJNoJdBeVy9ChdT6,000191d05b8fa0b8c145cac8fc5a671d4e140e20ceccc287b8b853356416596b,946686614,946686610,4,1,1,1,61.3888,523,
run4-tbt-3s,1,continentale,3,none,true,12,528,45,0,m1,1PJJAyxet5ARk1XH3GjK9tVTPH3keFUewkjkfi,51006,43,522,1.0,51006.0,74912.0,0.680879,2.23635812e-05,1.14067682,0.31960263,0.81274812,-0.833,1.500,3.772,3.7716,-0.0004,1,,0,1,1,1,1,m2,1VAcJXZ4zmVYXXG3RSh25pvJNoJdBeVy9ChdT6,005f8ff3fbae17ac496f59cbb90c802fb2aedda0b766e526608275b349b9b30b,946686619,946686614,4,1,1,1,8.1359,523,
run4-tbt-3s,1,continentale,3,none,true,12,528,45,0,m2,1VAcJXZ4zmVYXXG3RSh25pvJNoJdBeVy9ChdT6,18080,43,522,1.0,18080.0,74912.0,0.24135,6.77047e-05,1.22410098,0.29402191,0.99372947,-0.75,1.500,4.331,4.3312,0.0002,1,,1,2,2,0,0,m2,1VAcJXZ4zmVYXXG3RSh25pvJNoJdBeVy9ChdT6,005f8ff3fbae17ac496f59cbb90c802fb2aedda0b766e526608275b349b9b30b,946686619,946686614,4,1,1,1,48.7476,523,6
run4-tbt-3s,1,continentale,3,none,true,12,528,45,0,m3,1VuBTTQVFkVMQoHen4dKPJgUfqJY1ta899xaf7,5826,43,522,1.0,5826.0,74912.0,0.077771,0.000156864894,0.91389487,0.40095949,0.99999212,-0.75,1.500,4.35,4.35,-0.0,1,,0,3,3,0,0,m2,1VAcJXZ4zmVYXXG3RSh25pvJNoJdBeVy9ChdT6,005f8ff3fbae17ac496f59cbb90c802fb2aedda0b766e526608275b349b9b30b,946686619,946686614,4,1,1,1,61.3888,523,
run4-tbt-3s,1,continentale,3,none,true,12,529,45,0,m1,1PJJAyxet5ARk1XH3GjK9tVTPH3keFUewkjkfi,51006,43,522,1.0,51006.0,74912.0,0.680879,1.20551979e-05,0.61488742,0.54070176,0.59468024,-0.833,1.500,3.117,3.1174,0.0004,1,,0,2,2,0,0,m2,1VAcJXZ4zmVYXXG3RSh25pvJNoJdBeVy9ChdT6,000c5436cee57a2b986957c92a88773d25fa1752fce9b6d284195155b80b6e3d,946686621,946686619,1,1,0,0,8.1359,523,
run4-tbt-3s,1,continentale,3,none,true,12,529,45,0,m2,1VAcJXZ4zmVYXXG3RSh25pvJNoJdBeVy9ChdT6,18080,43,522,1.0,18080.0,74912.0,0.24135,1.71372068e-06,0.03098407,0.96949102,0.12047936,-0.833,1.500,1.695,1.6948,-0.0002,1,,1,1,1,1,1,m2,1VAcJXZ4zmVYXXG3RSh25pvJNoJdBeVy9ChdT6,000c5436cee57a2b986957c92a88773d25fa1752fce9b6d284195155b80b6e3d,946686621,946686619,1,1,0,0,48.7476,523,7
run4-tbt-3s,1,continentale,3,none,true,12,529,45,0,m3,1VuBTTQVFkVMQoHen4dKPJgUfqJY1ta899xaf7,5826,43,522,1.0,5826.0,74912.0,0.077771,0.000197208574,1.14893715,0.31697349,0.99999962,-0.833,1.500,4.333,4.3334,0.0004,1,,0,3,3,0,0,m2,1VAcJXZ4zmVYXXG3RSh25pvJNoJdBeVy9ChdT6,000c5436cee57a2b986957c92a88773d25fa1752fce9b6d284195155b80b6e3d,946686621,946686619,1,1,0,0,61.3888,523,
run4-tbt-3s,1,continentale,3,none,true,12,530,45,0,m1,1PJJAyxet5ARk1XH3GjK9tVTPH3keFUewkjkfi,51006,43,522,1.0,51006.0,74912.0,0.680879,1.66440956e-05,0.84894874,0.42786449,0.71258913,-0.667,1.500,3.504,3.5044,0.0004,1,,0,2,2,0,0,m3,1VuBTTQVFkVMQoHen4dKPJgUfqJY1ta899xaf7,00f2b0960a8409b26964b1f517f06e7c560a6f869e807e6a84ccea684c55d37f,946686625,946686621,2,1,0,0,8.1359,523,
run4-tbt-3s,1,continentale,3,none,true,12,530,45,0,m2,1VAcJXZ4zmVYXXG3RSh25pvJNoJdBeVy9ChdT6,18080,43,522,1.0,18080.0,74912.0,0.24135,9.22270437e-05,1.66746495,0.18872489,0.99900116,-0.667,1.500,4.364,4.3636,-0.0004,1,,0,3,3,0,0,m3,1VuBTTQVFkVMQoHen4dKPJgUfqJY1ta899xaf7,00f2b0960a8409b26964b1f517f06e7c560a6f869e807e6a84ccea684c55d37f,946686625,946686621,2,1,0,0,48.7476,523,
run4-tbt-3s,1,continentale,3,none,true,12,530,45,0,m3,1VuBTTQVFkVMQoHen4dKPJgUfqJY1ta899xaf7,5826,43,522,1.0,5826.0,74912.0,0.077771,5.01709643e-06,0.0292296,0.97119345,0.3132883,-0.667,1.500,2.307,2.3065,-0.0005,1,,1,1,1,1,1,m3,1VuBTTQVFkVMQoHen4dKPJgUfqJY1ta899xaf7,00f2b0960a8409b26964b1f517f06e7c560a6f869e807e6a84ccea684c55d37f,946686625,946686621,2,1,0,0,61.3888,523,1
run4-tbt-3s,1,continentale,3,none,true,12,531,45,0,m1,1PJJAyxet5ARk1XH3GjK9tVTPH3keFUewkjkfi,51006,43,522,1.0,51006.0,74912.0,0.680879,2.22536969e-05,1.13507206,0.32139896,0.81120036,-0.75,1.500,3.784,3.7836,-0.0004,1,,0,2,2,0,0,m3,1VuBTTQVFkVMQoHen4dKPJgUfqJY1ta899xaf7,00f8eef08f9c5fecf5a12a7dc4909bcf1e3efee515dae058c880c8dfafee962f,946686627,946686625,2,1,0,0,7.0076,531,
run4-tbt-3s,1,continentale,3,none,true,12,531,45,0,m2,1VAcJXZ4zmVYXXG3RSh25pvJNoJdBeVy9ChdT6,18080,43,522,1.0,18080.0,74912.0,0.24135,8.88870489e-05,1.60707784,0.20047257,0.9987172,-0.75,1.500,4.346,4.3462,0.0002,1,,0,3,3,0,0,m3,1VuBTTQVFkVMQoHen4dKPJgUfqJY1ta899xaf7,00f8eef08f9c5fecf5a12a7dc4909bcf1e3efee515dae058c880c8dfafee962f,946686627,946686625,2,1,0,0,21.3363,531,
run4-tbt-3s,1,continentale,3,none,true,12,531,45,0,m3,1VuBTTQVFkVMQoHen4dKPJgUfqJY1ta899xaf7,5826,43,522,1.0,5826.0,74912.0,0.077771,4.33366467e-06,0.02524793,0.97506813,0.27721501,-0.75,1.500,2.182,2.1816,-0.0004,1,,1,1,1,1,1,m3,1VuBTTQVFkVMQoHen4dKPJgUfqJY1ta899xaf7,00f8eef08f9c5fecf5a12a7dc4909bcf1e3efee515dae058c880c8dfafee962f,946686627,946686625,2,1,0,0,49.4658,531,2
run4-tbt-3s,1,continentale,3,none,true,12,532,45,0,m1,1PJJAyxet5ARk1XH3GjK9tVTPH3keFUewkjkfi,51006,43,522,1.0,51006.0,74912.0,0.680879,3.26732422e-05,1.66653139,0.18890115,0.91350061,-0.667,1.500,4.107,4.1071,0.0001,1,,0,1,1,1,1,m3,1VuBTTQVFkVMQoHen4dKPJgUfqJY1ta899xaf7,006d73b090f0c4e70e3d4fc883a57d270fb5741f37e59575be4a737239a67ac0,946686631,946686627,4,1,0,0,7.0076,531,
run4-tbt-3s,1,continentale,3,none,true,12,532,45,0,m2,1VAcJXZ4zmVYXXG3RSh25pvJNoJdBeVy9ChdT6,18080,43,522,1.0,18080.0,74912.0,0.24135,8.02504736e-05,1.45092856,0.23435258,0.99755014,-0.667,1.500,4.359,4.3593,0.0003,1,,0,2,2,0,0,m3,1VuBTTQVFkVMQoHen4dKPJgUfqJY1ta899xaf7,006d73b090f0c4e70e3d4fc883a57d270fb5741f37e59575be4a737239a67ac0,946686631,946686627,4,1,0,0,21.3363,531,
run4-tbt-3s,1,continentale,3,none,true,12,532,45,0,m3,1VuBTTQVFkVMQoHen4dKPJgUfqJY1ta899xaf7,5826,43,522,1.0,5826.0,74912.0,0.077771,0.000581782627,3.38946558,0.0337267,1.0,-0.667,1.500,4.367,4.3666,-0.0004,1,,1,3,3,0,0,m3,1VuBTTQVFkVMQoHen4dKPJgUfqJY1ta899xaf7,006d73b090f0c4e70e3d4fc883a57d270fb5741f37e59575be4a737239a67ac0,946686631,946686627,4,1,0,0,49.4658,531,3
run4-tbt-3s,1,continentale,3,none,true,12,533,45,0,m1,1PJJAyxet5ARk1XH3GjK9tVTPH3keFUewkjkfi,51006,43,522,1.0,51006.0,74912.0,0.680879,7.64721324e-07,0.03900538,0.96174554,0.0556768,-0.75,1.500,1.517,1.517,0.0,1,,1,1,1,1,1,m1,1PJJAyxet5ARk1XH3GjK9tVTPH3keFUewkjkfi,00f7625cf78c462669e65300da796e4eece0641998db7b9822fee2baa3b23c36,946686634,946686631,1,1,0,0,7.0076,531,1
run4-tbt-3s,1,continentale,3,none,true,12,533,45,0,m2,1VAcJXZ4zmVYXXG3RSh25pvJNoJdBeVy9ChdT6,18080,43,522,1.0,18080.0,74912.0,0.24135,2.32000896e-05,0.41945762,0.65740329,0.82412207,-0.75,1.500,3.822,3.8224,0.0004,1,,0,2,2,0,0,m1,1PJJAyxet5ARk1XH3GjK9tVTPH3keFUewkjkfi,00f7625cf78c462669e65300da796e4eece0641998db7b9822fee2baa3b23c36,946686634,946686631,1,1,0,0,21.3363,531,
run4-tbt-3s,1,continentale,3,none,true,12,533,45,0,m3,1VuBTTQVFkVMQoHen4dKPJgUfqJY1ta899xaf7,5826,43,522,1.0,5826.0,74912.0,0.077771,0.000249249804,1.45212936,0.23407134,0.99999999,-0.75,1.500,4.35,4.35,-0.0,1,,0,3,3,0,0,m1,1PJJAyxet5ARk1XH3GjK9tVTPH3keFUewkjkfi,00f7625cf78c462669e65300da796e4eece0641998db7b9822fee2baa3b23c36,946686634,946686631,1,1,0,0,49.4658,531,
run4-tbt-3s,1,continentale,3,none,true,12,534,45,0,m1,1PJJAyxet5ARk1XH3GjK9tVTPH3keFUewkjkfi,51006,43,522,1.0,51006.0,74912.0,0.680879,6.41689864e-06,0.32730033,0.72086721,0.38165128,-0.667,1.500,2.512,2.5116,-0.0004,1,,1,1,1,1,1,m1,1PJJAyxet5ARk1XH3GjK9tVTPH3keFUewkjkfi,00039067d7a53b66b83963c37769314f3b89ecd1d0801aecefe858d4bb3a7b18,946686638,946686634,2,1,0,0,7.0076,531,2
run4-tbt-3s,1,continentale,3,none,true,12,534,45,0,m2,1VAcJXZ4zmVYXXG3RSh25pvJNoJdBeVy9ChdT6,18080,43,522,1.0,18080.0,74912.0,0.24135,8.81014875e-05,1.59287489,0.20334019,0.99863944,-0.667,1.500,4.363,4.3625,-0.0005,1,,0,3,3,0,0,m1,1PJJAyxet5ARk1XH3GjK9tVTPH3keFUewkjkfi,00039067d7a53b66b83963c37769314f3b89ecd1d0801aecefe858d4bb3a7b18,946686638,946686634,2,1,0,0,21.3363,531,
run4-tbt-3s,1,continentale,3,none,true,12,534,45,0,m3,1VuBTTQVFkVMQoHen4dKPJgUfqJY1ta899xaf7,5826,43,522,1.0,5826.0,74912.0,0.077771,8.55356491e-05,0.49833069,0.60754399,0.9983511,-0.667,1.500,4.362,4.3617,-0.0003,1,,0,2,2,0,0,m1,1PJJAyxet5ARk1XH3GjK9tVTPH3keFUewkjkfi,00039067d7a53b66b83963c37769314f3b89ecd1d0801aecefe858d4bb3a7b18,946686638,946686634,2,1,0,0,49.4658,531,
run4-tbt-3s,1,continentale,3,none,true,12,535,45,0,m1,1PJJAyxet5ARk1XH3GjK9tVTPH3keFUewkjkfi,45901,44,534,1.0,45901.0,70520.0,0.650893,2.07171641e-05,0.95093855,0.38637822,0.76798991,-0.667,1.500,3.671,3.6706,-0.0004,1,,1,1,1,1,1,m1,1PJJAyxet5ARk1XH3GjK9tVTPH3keFUewkjkfi,00f4a0f77393572da257168cff953213935cfe6fc28a01e6410d949d00f1a668,946686642,946686638,3,1,0,0,7.0076,531,3
run4-tbt-3s,1,continentale,3,none,true,12,535,45,0,m2,1VAcJXZ4zmVYXXG3RSh25pvJNoJdBeVy9ChdT6,18080,43,522,1.0,18080.0,70520.0,0.256381,0.000120929863,2.18641192,0.11231904,0.99980214,-0.667,1.500,4.366,4.366,0.0,1,,0,2,2,0,0,m1,1PJJAyxet5ARk1XH3GjK9tVTPH3keFUewkjkfi,00f4a0f77393572da257168cff953213935cfe6fc28a01e6410d949d00f1a668,946686642,946686638,3,1,0,0,21.3363,531,
run4-tbt-3s,1,continentale,3,none,true,12,535,45,0,m3,1VuBTTQVFkVMQoHen4dKPJgUfqJY1ta899xaf7,6539,44,534,1.0,6539.0,70520.0,0.092725,0.000182149877,1.19107805,0.30389348,0.99999736,-0.667,1.500,4.367,4.3666,-0.0004,1,,0,3,3,0,0,m1,1PJJAyxet5ARk1XH3GjK9tVTPH3keFUewkjkfi,00f4a0f77393572da257168cff953213935cfe6fc28a01e6410d949d00f1a668,946686642,946686638,3,1,0,0,49.4658,531,
run4-tbt-3s,1,continentale,3,none,true,12,536,45,0,m1,1PJJAyxet5ARk1XH3GjK9tVTPH3keFUewkjkfi,45901,44,534,1.0,45901.0,70520.0,0.650893,2.20126617e-05,1.01040318,0.36407216,0.7882466,-0.667,1.500,3.731,3.7313,0.0003,1,,1,1,1,1,1,m1,1PJJAyxet5ARk1XH3GjK9tVTPH3keFUewkjkfi,004a3bc19256a286b2e53f82df0a6f2526f4d6998fc1648b22c2156797ed17ec,946686647,946686642,3,1,1,1,7.0076,531,4
run4-tbt-3s,1,continentale,3,none,true,12,536,45,0,m2,1VAcJXZ4zmVYXXG3RSh25pvJNoJdBeVy9ChdT6,18080,43,522,1.0,18080.0,70520.0,0.256381,2.28650221e-05,0.4133996,0.66139794,0.80059979,-0.667,1.500,3.768,3.7684,0.0004,1,,0,2,2,0,0,m1,1PJJAyxet5ARk1XH3GjK9tVTPH3keFUewkjkfi,004a3bc19256a286b2e53f82df0a6f2526f4d6998fc1648b22c2156797ed17ec,946686647,946686642,3,1,1,1,21.3363,531,
run4-tbt-3s,1,continentale,3,none,true,12,536,45,0,m3,1VuBTTQVFkVMQoHen4dKPJgUfqJY1ta899xaf7,6539,44,534,1.0,6539.0,70520.0,0.092725,0.000720414164,4.71078822,0.00899768,1.0,-0.667,1.500,4.367,4.3666,-0.0004,1,,0,3,3,0,0,m1,1PJJAyxet5ARk1XH3GjK9tVTPH3keFUewkjkfi,004a3bc19256a286b2e53f82df0a6f2526f4d6998fc1648b22c2156797ed17ec,946686647,946686642,3,1,1,1,49.4658,531,
run4-tbt-3s,1,continentale,3,none,true,12,537,45,0,m1,1PJJAyxet5ARk1XH3GjK9tVTPH3keFUewkjkfi,45901,44,534,1.0,45901.0,70520.0,0.650893,1.20559634e-05,0.55338078,0.57500257,0.57266479,-0.75,1.500,3.068,3.068,-0.0,1,,1,1,1,1,1,m1,1PJJAyxet5ARk1XH3GjK9tVTPH3keFUewkjkfi,000e16afafdf609a42e51377c732f1b37288d0c382ee891c1c90e0c8bd888bab,946686650,946686647,3,1,0,0,7.0076,531,5
run4-tbt-3s,1,continentale,3,none,true,12,537,45,0,m2,1VAcJXZ4zmVYXXG3RSh25pvJNoJdBeVy9ChdT6,18080,43,522,1.0,18080.0,70520.0,0.256381,0.000206284888,3.72963078,0.0240017,0.99999952,-0.75,1.500,4.35,4.35,-0.0,1,,0,3,3,0,0,m1,1PJJAyxet5ARk1XH3GjK9tVTPH3keFUewkjkfi,000e16afafdf609a42e51377c732f1b37288d0c382ee891c1c90e0c8bd888bab,946686650,946686647,3,1,0,0,21.3363,531,
run4-tbt-3s,1,continentale,3,none,true,12,537,45,0,m3,1VuBTTQVFkVMQoHen4dKPJgUfqJY1ta899xaf7,6539,44,534,1.0,6539.0,70520.0,0.092725,7.21500746e-05,0.47178934,0.62388493,0.9938298,-0.75,1.500,4.331,4.3315,0.0005,1,,0,2,2,0,0,m1,1PJJAyxet5ARk1XH3GjK9tVTPH3keFUewkjkfi,000e16afafdf609a42e51377c732f1b37288d0c382ee891c1c90e0c8bd888bab,946686650,946686647,3,1,0,0,49.4658,531,
