height,epoch,in_setup,host,address,score_raw,delay_logged_s,start_in_s,log_timestamp,duplicate_index,source_file,source_line
152,2,1,m1,1FFo3ah8sAKS4svacrTuQgQBUPEKrjop9rucCp,4.91116788e-06,14.786,14.786,2000-01-01 00:25:14,0,run/data/m1/debug.log,639
152,2,1,m2,1LC9SkHzxLmLLFfkwQEj9rh3sam26QwqQtCo9N,3.06427555e-06,14.038,14.038,2000-01-01 00:25:15,0,run/data/m2/debug.log,648
152,2,1,m3,1TxbTqvswKsuDDV5Yn8biA1UVPNko7mhCHbU88,2.38783862e-05,15.033,15.033,2000-01-01 00:25:15,0,run/data/m3/debug.log,654
153,2,0,m1,1FFo3ah8sAKS4svacrTuQgQBUPEKrjop9rucCp,2.29493836e-06,13.090,13.090,2000-01-01 00:25:29,0,run/data/m1/debug.log,724
153,2,0,m2,1LC9SkHzxLmLLFfkwQEj9rh3sam26QwqQtCo9N,7.62732896e-06,14.835,14.835,2000-01-01 00:25:29,0,run/data/m2/debug.log,755
153,2,0,m3,1TxbTqvswKsuDDV5Yn8biA1UVPNko7mhCHbU88,6.93446606e-06,14.813,14.813,2000-01-01 00:25:30,0,run/data/m3/debug.log,685
154,2,0,m1,1FFo3ah8sAKS4svacrTuQgQBUPEKrjop9rucCp,8.89491513e-07,9.681,9.681,2000-01-01 00:25:42,0,run/data/m1/debug.log,870
154,2,0,m2,1LC9SkHzxLmLLFfkwQEj9rh3sam26QwqQtCo9N,4.00603951e-06,14.310,14.310,2000-01-01 00:25:43,0,run/data/m2/debug.log,790
154,2,0,m3,1TxbTqvswKsuDDV5Yn8biA1UVPNko7mhCHbU88,1.61331109e-05,14.800,14.800,2000-01-01 00:25:43,0,run/data/m3/debug.log,704
155,2,0,m1,1FFo3ah8sAKS4svacrTuQgQBUPEKrjop9rucCp,1.67080267e-06,12.008,12.008,2000-01-01 00:25:52,0,run/data/m1/debug.log,996
155,2,0,m2,1LC9SkHzxLmLLFfkwQEj9rh3sam26QwqQtCo9N,1.67552659e-06,12.018,12.018,2000-01-01 00:25:53,0,run/data/m2/debug.log,805
155,2,0,m3,1TxbTqvswKsuDDV5Yn8biA1UVPNko7mhCHbU88,3.38436169e-07,7.099,7.099,2000-01-01 00:25:53,0,run/data/m3/debug.log,719
156,2,0,m1,1FFo3ah8sAKS4svacrTuQgQBUPEKrjop9rucCp,4.030842e-06,14.353,14.353,2000-01-01 00:26:02,0,run/data/m1/debug.log,1011
156,2,0,m2,1LC9SkHzxLmLLFfkwQEj9rh3sam26QwqQtCo9N,2.97151096e-05,14.833,14.833,2000-01-01 00:26:02,0,run/data/m2/debug.log,820
156,2,0,m3,1TxbTqvswKsuDDV5Yn8biA1UVPNko7mhCHbU88,2.90577086e-06,13.712,13.712,2000-01-01 00:26:01,0,run/data/m3/debug.log,808
157,2,0,m1,1FFo3ah8sAKS4svacrTuQgQBUPEKrjop9rucCp,1.3927797e-07,5.829,5.829,2000-01-01 00:26:16,0,run/data/m1/debug.log,1026
157,2,0,m2,1LC9SkHzxLmLLFfkwQEj9rh3sam26QwqQtCo9N,1.492093e-06,11.582,11.582,2000-01-01 00:26:16,0,run/data/m2/debug.log,835
157,2,0,m3,1TxbTqvswKsuDDV5Yn8biA1UVPNko7mhCHbU88,3.83434022e-05,14.833,14.833,2000-01-01 00:26:15,0,run/data/m3/debug.log,843
158,2,0,m1,1FFo3ah8sAKS4svacrTuQgQBUPEKrjop9rucCp,5.5592381e-07,8.237,8.237,2000-01-01 00:26:23,0,run/data/m1/debug.log,1093
158,2,0,m2,1LC9SkHzxLmLLFfkwQEj9rh3sam26QwqQtCo9N,9.0703626e-07,9.765,9.765,2000-01-01 00:26:24,0,run/data/m2/debug.log,850
158,2,0,m3,1TxbTqvswKsuDDV5Yn8biA1UVPNko7mhCHbU88,1.33580919e-05,14.816,14.816,2000-01-01 00:26:24,0,run/data/m3/debug.log,858
159,2,0,m1,1FFo3ah8sAKS4svacrTuQgQBUPEKrjop9rucCp,2.80308327e-07,6.769,6.769,2000-01-01 00:26:32,0,run/data/m1/debug.log,1608
159,2,0,m2,1LC9SkHzxLmLLFfkwQEj9rh3sam26QwqQtCo9N,1.36371324e-06,11.285,11.285,2000-01-01 00:26:33,0,run/data/m2/debug.log,868
159,2,0,m3,1TxbTqvswKsuDDV5Yn8biA1UVPNko7mhCHbU88,1.51543708e-06,11.672,11.672,2000-01-01 00:26:33,0,run/data/m3/debug.log,876
160,2,0,m1,1FFo3ah8sAKS4svacrTuQgQBUPEKrjop9rucCp,3.58317877e-06,14.243,14.243,2000-01-01 00:26:40,0,run/data/m1/debug.log,1894
160,2,0,m2,1LC9SkHzxLmLLFfkwQEj9rh3sam26QwqQtCo9N,5.36888498e-06,14.741,14.741,2000-01-01 00:26:41,0,run/data/m2/debug.log,883
160,2,0,m3,1TxbTqvswKsuDDV5Yn8biA1UVPNko7mhCHbU88,2.15292659e-05,14.917,14.917,2000-01-01 00:26:41,0,run/data/m3/debug.log,891
161,2,0,m1,1FFo3ah8sAKS4svacrTuQgQBUPEKrjop9rucCp,1.81474786e-06,12.266,12.266,2000-01-01 00:26:54,0,run/data/m1/debug.log,2409
161,2,0,m2,1LC9SkHzxLmLLFfkwQEj9rh3sam26QwqQtCo9N,6.63682162e-07,8.749,8.749,2000-01-01 00:26:55,0,run/data/m2/debug.log,898
161,2,0,m3,1TxbTqvswKsuDDV5Yn8biA1UVPNko7mhCHbU88,6.48438557e-06,14.741,14.741,2000-01-01 00:26:55,0,run/data/m3/debug.log,906
162,2,0,m1,1FFo3ah8sAKS4svacrTuQgQBUPEKrjop9rucCp,1.60306437e-06,11.809,11.809,2000-01-01 00:27:05,0,run/data/m1/debug.log,2424
162,2,0,m2,1LC9SkHzxLmLLFfkwQEj9rh3sam26QwqQtCo9N,2.58310987e-06,13.370,13.370,2000-01-01 00:27:04,0,run/data/m2/debug.log,1074
162,2,0,m3,1TxbTqvswKsuDDV5Yn8biA1UVPNko7mhCHbU88,1.80962916e-05,14.800,14.800,2000-01-01 00:27:05,0,run/data/m3/debug.log,921
163,2,0,m1,1FFo3ah8sAKS4svacrTuQgQBUPEKrjop9rucCp,4.56483633e-06,14.478,14.478,2000-01-01 00:27:17,0,run/data/m1/debug.log,2591
163,2,0,m2,1LC9SkHzxLmLLFfkwQEj9rh3sam26QwqQtCo9N,1.86074681e-05,14.800,14.800,2000-01-01 00:27:18,0,run/data/m2/debug.log,1089
163,2,0,m3,1TxbTqvswKsuDDV5Yn8biA1UVPNko7mhCHbU88,2.11326569e-05,14.800,14.800,2000-01-01 00:27:18,0,run/data/m3/debug.log,936
164,2,0,m1,1FFo3ah8sAKS4svacrTuQgQBUPEKrjop9rucCp,1.85252313e-06,12.221,12.221,2000-01-01 00:27:32,0,run/data/m1/debug.log,3320
164,2,0,m2,1LC9SkHzxLmLLFfkwQEj9rh3sam26QwqQtCo9N,1.42318237e-05,14.700,14.700,2000-01-01 00:27:33,0,run/data/m2/debug.log,1104
164,2,0,m3,1TxbTqvswKsuDDV5Yn8biA1UVPNko7mhCHbU88,9.17632221e-06,14.690,14.690,2000-01-01 00:27:33,0,run/data/m3/debug.log,951
165,2,0,m1,1FFo3ah8sAKS4svacrTuQgQBUPEKrjop9rucCp,3.47676121e-06,13.987,13.987,2000-01-01 00:27:46,0,run/data/m1/debug.log,3535
165,2,0,m2,1LC9SkHzxLmLLFfkwQEj9rh3sam26QwqQtCo9N,3.93547921e-06,14.200,14.200,2000-01-01 00:27:47,0,run/data/m2/debug.log,1119
165,2,0,m3,1TxbTqvswKsuDDV5Yn8biA1UVPNko7mhCHbU88,3.1803135e-06,13.804,13.804,2000-01-01 00:27:47,0,run/data/m3/debug.log,966
166,2,0,m1,1FFo3ah8sAKS4svacrTuQgQBUPEKrjop9rucCp,3.58285235e-06,14.026,14.026,2000-01-01 00:28:00,0,run/data/m1/debug.log,3943
166,2,0,m2,1LC9SkHzxLmLLFfkwQEj9rh3sam26QwqQtCo9N,1.12439167e-07,5.512,5.512,2000-01-01 00:28:01,0,run/data/m2/debug.log,1134
166,2,0,m3,1TxbTqvswKsuDDV5Yn8biA1UVPNko7mhCHbU88,6.08034784e-06,14.597,14.597,2000-01-01 00:28:01,0,run/data/m3/debug.log,981
167,2,0,m1,1FFo3ah8sAKS4svacrTuQgQBUPEKrjop9rucCp,1.59580772e-06,11.726,11.726,2000-01-01 00:28:09,0,run/data/m1/debug.log,3958
167,2,0,m2,1LC9SkHzxLmLLFfkwQEj9rh3sam26QwqQtCo9N,1.65421678e-05,14.733,14.733,2000-01-01 00:28:08,0,run/data/m2/debug.log,1381
167,2,0,m3,1TxbTqvswKsuDDV5Yn8biA1UVPNko7mhCHbU88,4.83968887e-06,14.472,14.472,2000-01-01 00:28:09,0,run/data/m3/debug.log,996
168,2,0,m1,1FFo3ah8sAKS4svacrTuQgQBUPEKrjop9rucCp,7.93138257e-07,9.163,9.163,2000-01-01 00:28:21,0,run/data/m1/debug.log,4122
168,2,0,m2,1LC9SkHzxLmLLFfkwQEj9rh3sam26QwqQtCo9N,5.2969379e-06,14.481,14.481,2000-01-01 00:28:22,0,run/data/m2/debug.log,1396
168,2,0,m3,1TxbTqvswKsuDDV5Yn8biA1UVPNko7mhCHbU88,3.96070919e-05,14.667,14.667,2000-01-01 00:28:22,0,run/data/m3/debug.log,1011
169,2,0,m1,1FFo3ah8sAKS4svacrTuQgQBUPEKrjop9rucCp,2.77430251e-06,13.495,13.495,2000-01-01 00:28:31,0,run/data/m1/debug.log,4408
169,2,0,m2,1LC9SkHzxLmLLFfkwQEj9rh3sam26QwqQtCo9N,1.69219387e-05,14.733,14.733,2000-01-01 00:28:32,0,run/data/m2/debug.log,1414
169,2,0,m3,1TxbTqvswKsuDDV5Yn8biA1UVPNko7mhCHbU88,1.41431677e-05,14.733,14.733,2000-01-01 00:28:32,0,run/data/m3/debug.log,1029
170,2,0,m1,1FFo3ah8sAKS4svacrTuQgQBUPEKrjop9rucCp,7.58177555e-07,8.983,8.983,2000-01-01 00:28:45,0,run/data/m1/debug.log,5100
170,2,0,m2,1LC9SkHzxLmLLFfkwQEj9rh3sam26QwqQtCo9N,4.71425666e-06,14.346,14.346,2000-01-01 00:28:46,0,run/data/m2/debug.log,1429
170,2,0,m3,1TxbTqvswKsuDDV5Yn8biA1UVPNko7mhCHbU88,8.03105467e-05,14.633,14.633,2000-01-01 00:28:46,0,run/data/m3/debug.log,1044
171,2,0,m1,1FFo3ah8sAKS4svacrTuQgQBUPEKrjop9rucCp,5.33724194e-06,14.437,14.437,2000-01-01 00:28:55,0,run/data/m1/debug.log,5119
171,2,0,m2,1LC9SkHzxLmLLFfkwQEj9rh3sam26QwqQtCo9N,2.47287393e-06,13.063,13.063,2000-01-01 00:28:56,0,run/data/m2/debug.log,1444
171,2,0,m3,1TxbTqvswKsuDDV5Yn8biA1UVPNko7mhCHbU88,3.56990018e-05,14.617,14.617,2000-01-01 00:28:56,0,run/data/m3/debug.log,1059
172,2,0,m1,1FFo3ah8sAKS4svacrTuQgQBUPEKrjop9rucCp,4.23449429e-07,7.247,7.247,2000-01-01 00:29:10,0,run/data/m1/debug.log,5134
172,2,0,m2,1LC9SkHzxLmLLFfkwQEj9rh3sam26QwqQtCo9N,4.42669267e-06,14.160,14.160,2000-01-01 00:29:09,0,run/data/m2/debug.log,2178
172,2,0,m3,1TxbTqvswKsuDDV5Yn8biA1UVPNko7mhCHbU88,2.56540128e-05,14.517,14.517,2000-01-01 00:29:10,0,run/data/m3/debug.log,1074
173,2,0,m1,1FFo3ah8sAKS4svacrTuQgQBUPEKrjop9rucCp,2.51124924e-06,13.090,13.090,2000-01-01 00:29:18,0,run/data/m1/debug.log,5423
173,2,0,m2,1LC9SkHzxLmLLFfkwQEj9rh3sam26QwqQtCo9N,4.14575161e-06,14.159,14.159,2000-01-01 00:29:19,0,run/data/m2/debug.log,2193
173,2,0,m3,1TxbTqvswKsuDDV5Yn8biA1UVPNko7mhCHbU88,5.49487666e-05,14.600,14.600,2000-01-01 00:29:19,0,run/data/m3/debug.log,1089
174,2,0,m1,1FFo3ah8sAKS4svacrTuQgQBUPEKrjop9rucCp,1.0442616e-06,9.994,9.994,2000-01-01 00:29:31,0,run/data/m1/debug.log,5462
174,2,0,m2,1LC9SkHzxLmLLFfkwQEj9rh3sam26QwqQtCo9N,4.94105279e-06,14.308,14.308,2000-01-01 00:29:32,0,run/data/m2/debug.log,2208
174,2,0,m3,1TxbTqvswKsuDDV5Yn8biA1UVPNko7mhCHbU88,9.38515921e-06,14.541,14.541,2000-01-01 00:29:32,0,run/data/m3/debug.log,1104
175,2,0,m1,1FFo3ah8sAKS4svacrTuQgQBUPEKrjop9rucCp,4.07419263e-07,7.225,7.225,2000-01-01 00:29:42,0,run/data/m1/debug.log,5731
175,2,0,m2,1LC9SkHzxLmLLFfkwQEj9rh3sam26QwqQtCo9N,6.25136934e-06,14.493,14.493,2000-01-01 00:29:43,0,run/data/m2/debug.log,2223
175,2,0,m3,1TxbTqvswKsuDDV5Yn8biA1UVPNko7mhCHbU88,1.14154969e-05,14.581,14.581,2000-01-01 00:29:43,0,run/data/m3/debug.log,1119
176,2,0,m1,1FFo3ah8sAKS4svacrTuQgQBUPEKrjop9rucCp,6.44672717e-07,8.545,8.545,2000-01-01 00:29:50,0,run/data/m1/debug.log,6041
176,2,0,m2,1LC9SkHzxLmLLFfkwQEj9rh3sam26QwqQtCo9N,1.48000864e-05,14.700,14.700,2000-01-01 00:29:51,0,run/data/m2/debug.log,2238
176,2,0,m3,1TxbTqvswKsuDDV5Yn8biA1UVPNko7mhCHbU88,4.99525656e-05,14.700,14.700,2000-01-01 00:29:51,0,run/data/m3/debug.log,1134
177,2,0,m1,1FFo3ah8sAKS4svacrTuQgQBUPEKrjop9rucCp,2.04765315e-07,6.212,6.212,2000-01-01 00:29:59,0,run/data/m1/debug.log,6087
177,2,0,m2,1LC9SkHzxLmLLFfkwQEj9rh3sam26QwqQtCo9N,2.1469126e-07,6.276,6.276,2000-01-01 00:30:00,0,run/data/m2/debug.log,2253
177,2,0,m3,1TxbTqvswKsuDDV5Yn8biA1UVPNko7mhCHbU88,1.26467581e-05,14.783,14.783,2000-01-01 00:30:00,0,run/data/m3/debug.log,1149
178,2,0,m1,1FFo3ah8sAKS4svacrTuQgQBUPEKrjop9rucCp,4.97485493e-09,4.954,4.954,2000-01-01 00:30:05,0,run/data/m1/debug.log,6154
178,2,0,m2,1LC9SkHzxLmLLFfkwQEj9rh3sam26QwqQtCo9N,1.14017555e-06,10.678,10.678,2000-01-01 00:30:06,0,run/data/m2/debug.log,2268
178,2,0,m3,1TxbTqvswKsuDDV5Yn8biA1UVPNko7mhCHbU88,1.42991583e-05,14.916,14.916,2000-01-01 00:30:06,0,run/data/m3/debug.log,1164
179,2,0,m1,1FFo3ah8sAKS4svacrTuQgQBUPEKrjop9rucCp,5.01364993e-07,8.094,8.094,2000-01-01 00:30:11,0,run/data/m1/debug.log,6464
179,2,0,m2,1LC9SkHzxLmLLFfkwQEj9rh3sam26QwqQtCo9N,3.51160751e-06,14.239,14.239,2000-01-01 00:30:12,0,run/data/m2/debug.log,2283
179,2,0,m3,1TxbTqvswKsuDDV5Yn8biA1UVPNko7mhCHbU88,3.49609867e-05,14.950,14.950,2000-01-01 00:30:12,0,run/data/m3/debug.log,1179
180,2,0,m1,1FFo3ah8sAKS4svacrTuQgQBUPEKrjop9rucCp,1.5783578e-06,11.969,11.969,2000-01-01 00:30:20,0,run/data/m1/debug.log,6534
180,2,0,m2,1LC9SkHzxLmLLFfkwQEj9rh3sam26QwqQtCo9N,4.97292639e-06,14.780,14.780,2000-01-01 00:30:21,0,run/data/m2/debug.log,2298
180,2,0,m3,1TxbTqvswKsuDDV5Yn8biA1UVPNko7mhCHbU88,2.12676484e-05,15.017,15.017,2000-01-01 00:30:21,0,run/data/m3/debug.log,1194
181,2,0,m1,1FFo3ah8sAKS4svacrTuQgQBUPEKrjop9rucCp,4.32854202e-08,5.304,5.304,2000-01-01 00:30:32,0,run/data/m1/debug.log,6697
181,2,0,m2,1LC9SkHzxLmLLFfkwQEj9rh3sam26QwqQtCo9N,1.24427398e-06,11.065,11.065,2000-01-01 00:30:33,0,run/data/m2/debug.log,2316
181,2,0,m3,1TxbTqvswKsuDDV5Yn8biA1UVPNko7mhCHbU88,3.22050899e-05,14.983,14.983,2000-01-01 00:30:33,0,run/data/m3/debug.log,1212
182,2,0,m1,1FFo3ah8sAKS4svacrTuQgQBUPEKrjop9rucCp,2.86676249e-06,13.978,13.978,2000-01-01 00:30:37,0,run/data/m1/debug.log,6787
182,2,0,m2,1LC9SkHzxLmLLFfkwQEj9rh3sam26QwqQtCo9N,6.71168568e-06,15.069,15.069,2000-01-01 00:30:38,0,run/data/m2/debug.log,2331
182,2,0,m3,1TxbTqvswKsuDDV5Yn8biA1UVPNko7mhCHbU88,1.5775866e-05,15.133,15.133,2000-01-01 00:30:38,0,run/data/m3/debug.log,1227
183,2,0,m1,1FFo3ah8sAKS4svacrTuQgQBUPEKrjop9rucCp,2.65143501e-06,13.692,13.692,2000-01-01 00:30:52,0,run/data/m1/debug.log,7125
183,2,0,m2,1LC9SkHzxLmLLFfkwQEj9rh3sam26QwqQtCo9N,2.8505829e-06,13.881,13.881,2000-01-01 00:30:53,0,run/data/m2/debug.log,2346
183,2,0,m3,1TxbTqvswKsuDDV5Yn8biA1UVPNko7mhCHbU88,1.62613645e-05,15.050,15.050,2000-01-01 00:30:53,0,run/data/m3/debug.log,1242
184,2,0,m1,1FFo3ah8sAKS4svacrTuQgQBUPEKrjop9rucCp,8.9119456e-07,9.938,9.938,2000-01-01 00:31:06,0,run/data/m1/debug.log,7210
184,2,0,m2,1LC9SkHzxLmLLFfkwQEj9rh3sam26QwqQtCo9N,1.4969495e-07,6.116,6.116,2000-01-01 00:31:07,0,run/data/m2/debug.log,2361
184,2,0,m3,1TxbTqvswKsuDDV5Yn8biA1UVPNko7mhCHbU88,4.74525551e-06,14.769,14.769,2000-01-01 00:31:07,0,run/data/m3/debug.log,1257
185,2,0,m1,1FFo3ah8sAKS4svacrTuQgQBUPEKrjop9rucCp,5.02007642e-06,14.855,14.855,2000-01-01 00:31:15,0,run/data/m1/debug.log,7225
185,2,0,m2,1LC9SkHzxLmLLFfkwQEj9rh3sam26QwqQtCo9N,1.93862804e-06,12.760,12.760,2000-01-01 00:31:13,0,run/data/m2/debug.log,2474
185,2,0,m3,1TxbTqvswKsuDDV5Yn8biA1UVPNko7mhCHbU88,6.6226047e-06,15.015,15.015,2000-01-01 00:31:15,0,run/data/m3/debug.log,1272
186,2,0,m1,1FFo3ah8sAKS4svacrTuQgQBUPEKrjop9rucCp,1.8309085e-07,6.354,6.354,2000-01-01 00:31:28,0,run/data/m1/debug.log,7240
186,2,0,m2,1LC9SkHzxLmLLFfkwQEj9rh3sam26QwqQtCo9N,3.52063402e-07,7.395,7.395,2000-01-01 00:31:27,0,run/data/m2/debug.log,2656
186,2,0,m3,1TxbTqvswKsuDDV5Yn8biA1UVPNko7mhCHbU88,9.51611968e-07,10.182,10.182,2000-01-01 00:31:28,0,run/data/m3/debug.log,1287
187,2,0,m1,1FFo3ah8sAKS4svacrTuQgQBUPEKrjop9rucCp,1.77785851e-07,6.370,6.370,2000-01-01 00:31:35,0,run/data/m1/debug.log,8188
187,2,0,m2,1LC9SkHzxLmLLFfkwQEj9rh3sam26QwqQtCo9N,1.51030258e-07,6.208,6.208,2000-01-01 00:31:34,0,run/data/m2/debug.log,2685
187,2,0,m3,1TxbTqvswKsuDDV5Yn8biA1UVPNko7mhCHbU88,3.10564678e-05,15.133,15.133,2000-01-01 00:31:35,0,run/data/m3/debug.log,1318
188,2,0,m1,1FFo3ah8sAKS4svacrTuQgQBUPEKrjop9rucCp,1.22552446e-06,11.176,11.176,2000-01-01 00:31:41,0,run/data/m1/debug.log,8247
188,2,0,m2,1LC9SkHzxLmLLFfkwQEj9rh3sam26QwqQtCo9N,4.20663327e-06,14.729,14.729,2000-01-01 00:31:41,0,run/data/m2/debug.log,2933
188,2,0,m3,1TxbTqvswKsuDDV5Yn8biA1UVPNko7mhCHbU88,1.31715495e-05,15.150,15.150,2000-01-01 00:31:42,0,run/data/m3/debug.log,1349
189,2,0,m1,1FFo3ah8sAKS4svacrTuQgQBUPEKrjop9rucCp,2.16061479e-06,13.134,13.134,2000-01-01 00:31:53,0,run/data/m1/debug.log,8938
189,2,0,m2,1LC9SkHzxLmLLFfkwQEj9rh3sam26QwqQtCo9N,7.47357543e-06,15.064,15.064,2000-01-01 00:31:54,0,run/data/m2/debug.log,2971
189,2,0,m3,1TxbTqvswKsuDDV5Yn8biA1UVPNko7mhCHbU88,7.28102342e-05,15.100,15.100,2000-01-01 00:31:54,0,run/data/m3/debug.log,1371
190,2,0,m1,1FFo3ah8sAKS4svacrTuQgQBUPEKrjop9rucCp,1.47069086e-06,11.679,11.679,2000-01-01 00:32:06,0,run/data/m1/debug.log,9249
190,2,0,m2,1LC9SkHzxLmLLFfkwQEj9rh3sam26QwqQtCo9N,4.43353196e-06,14.628,14.628,2000-01-01 00:32:07,0,run/data/m2/debug.log,2986
190,2,0,m3,1TxbTqvswKsuDDV5Yn8biA1UVPNko7mhCHbU88,1.20821671e-05,14.982,14.982,2000-01-01 00:32:07,0,run/data/m3/debug.log,1386
191,2,0,m1,1FFo3ah8sAKS4svacrTuQgQBUPEKrjop9rucCp,4.38356218e-07,7.678,7.678,2000-01-01 00:32:19,0,run/data/m1/debug.log,10131
191,2,0,m2,1LC9SkHzxLmLLFfkwQEj9rh3sam26QwqQtCo9N,8.75093788e-06,14.853,14.853,2000-01-01 00:32:19,0,run/data/m2/debug.log,3001
191,2,0,m3,1TxbTqvswKsuDDV5Yn8biA1UVPNko7mhCHbU88,6.68575503e-06,14.802,14.802,2000-01-01 00:32:19,0,run/data/m3/debug.log,1401
192,2,0,m1,1FFo3ah8sAKS4svacrTuQgQBUPEKrjop9rucCp,1.24388684e-06,10.980,10.980,2000-01-01 00:32:26,0,run/data/m1/debug.log,11098
192,2,0,m2,1LC9SkHzxLmLLFfkwQEj9rh3sam26QwqQtCo9N,4.24607187e-06,14.491,14.491,2000-01-01 00:32:27,0,run/data/m2/debug.log,3016
192,2,0,m3,1TxbTqvswKsuDDV5Yn8biA1UVPNko7mhCHbU88,2.70444202e-05,14.900,14.900,2000-01-01 00:32:27,0,run/data/m3/debug.log,1416
193,2,0,m1,1FFo3ah8sAKS4svacrTuQgQBUPEKrjop9rucCp,4.16213319e-06,14.481,14.481,2000-01-01 00:32:37,0,run/data/m1/debug.log,11140
193,2,0,m2,1LC9SkHzxLmLLFfkwQEj9rh3sam26QwqQtCo9N,3.02619179e-06,13.892,13.892,2000-01-01 00:32:38,0,run/data/m2/debug.log,3034
193,2,0,m3,1TxbTqvswKsuDDV5Yn8biA1UVPNko7mhCHbU88,2.54960463e-05,14.917,14.917,2000-01-01 00:32:38,0,run/data/m3/debug.log,1434
194,2,0,m1,1FFo3ah8sAKS4svacrTuQgQBUPEKrjop9rucCp,1.28066247e-06,10.937,10.937,2000-01-01 00:32:53,0,run/data/m1/debug.log,11155
194,2,0,m2,1LC9SkHzxLmLLFfkwQEj9rh3sam26QwqQtCo9N,1.19395536e-05,14.749,14.749,2000-01-01 00:32:52,0,run/data/m2/debug.log,3219
194,2,0,m3,1TxbTqvswKsuDDV5Yn8biA1UVPNko7mhCHbU88,5.83999676e-06,14.627,14.627,2000-01-01 00:32:54,0,run/data/m3/debug.log,1449
195,2,0,m1,1FFo3ah8sAKS4svacrTuQgQBUPEKrjop9rucCp,9.91066223e-07,10.058,10.058,2000-01-01 00:33:04,0,run/data/m1/debug.log,11557
195,2,0,m2,1LC9SkHzxLmLLFfkwQEj9rh3sam26QwqQtCo9N,7.27734857e-06,14.758,14.758,2000-01-01 00:33:05,0,run/data/m2/debug.log,3234
195,2,0,m3,1TxbTqvswKsuDDV5Yn8biA1UVPNko7mhCHbU88,3.96186703e-05,14.800,14.800,2000-01-01 00:33:05,0,run/data/m3/debug.log,1464
196,2,0,m1,1FFo3ah8sAKS4svacrTuQgQBUPEKrjop9rucCp,1.01119849e-06,10.180,10.180,2000-01-01 00:33:15,0,run/data/m1/debug.log,11710
196,2,0,m2,1LC9SkHzxLmLLFfkwQEj9rh3sam26QwqQtCo9N,9.18881965e-07,9.843,9.843,2000-01-01 00:33:16,0,run/data/m2/debug.log,3249
196,2,0,m3,1TxbTqvswKsuDDV5Yn8biA1UVPNko7mhCHbU88,3.8193132e-06,14.286,14.286,2000-01-01 00:33:16,0,run/data/m3/debug.log,1479
197,2,0,m1,1FFo3ah8sAKS4svacrTuQgQBUPEKrjop9rucCp,3.06911817e-06,13.791,13.791,2000-01-01 00:33:26,0,run/data/m1/debug.log,11913
197,2,0,m2,1LC9SkHzxLmLLFfkwQEj9rh3sam26QwqQtCo9N,8.4229403e-06,14.782,14.782,2000-01-01 00:33:25,0,run/data/m2/debug.log,3321
197,2,0,m3,1TxbTqvswKsuDDV5Yn8biA1UVPNko7mhCHbU88,4.92304767e-06,14.554,14.554,2000-01-01 00:33:27,0,run/data/m3/debug.log,1510
198,2,0,m1,1FFo3ah8sAKS4svacrTuQgQBUPEKrjop9rucCp,2.61509659e-07,6.571,6.571,2000-01-01 00:33:40,0,run/data/m1/debug.log,12243
198,2,0,m2,1LC9SkHzxLmLLFfkwQEj9rh3sam26QwqQtCo9N,8.97811922e-07,9.697,9.697,2000-01-01 00:33:41,0,run/data/m2/debug.log,3356
198,2,0,m3,1TxbTqvswKsuDDV5Yn8biA1UVPNko7mhCHbU88,6.86034623e-06,14.726,14.726,2000-01-01 00:33:41,0,run/data/m3/debug.log,1529
199,2,0,m1,1FFo3ah8sAKS4svacrTuQgQBUPEKrjop9rucCp,4.2435849e-06,14.390,14.390,2000-01-01 00:33:47,0,run/data/m1/debug.log,12809
199,2,0,m2,1LC9SkHzxLmLLFfkwQEj9rh3sam26QwqQtCo9N,7.02682499e-07,8.908,8.908,2000-01-01 00:33:47,0,run/data/m2/debug.log,3371
199,2,0,m3,1TxbTqvswKsuDDV5Yn8biA1UVPNko7mhCHbU88,1.29324416e-05,14.799,14.799,2000-01-01 00:33:47,0,run/data/m3/debug.log,1544
200,3,0,m1,1FFo3ah8sAKS4svacrTuQgQBUPEKrjop9rucCp,6.51647714e-06,14.659,14.659,2000-01-01 00:33:58,0,run/data/m1/debug.log,12824
200,3,0,m2,1LC9SkHzxLmLLFfkwQEj9rh3sam26QwqQtCo9N,3.26932284e-05,14.733,14.733,2000-01-01 00:33:57,0,run/data/m2/debug.log,3601
200,3,0,m3,1TxbTqvswKsuDDV5Yn8biA1UVPNko7mhCHbU88,5.34695532e-05,14.733,14.733,2000-01-01 00:33:58,0,run/data/m3/debug.log,1559
201,3,0,m1,1FFo3ah8sAKS4svacrTuQgQBUPEKrjop9rucCp,5.59191651e-06,14.518,14.518,2000-01-01 00:34:13,0,run/data/m1/debug.log,13002
201,3,0,m2,1LC9SkHzxLmLLFfkwQEj9rh3sam26QwqQtCo9N,5.88322423e-06,14.547,14.547,2000-01-01 00:34:13,0,run/data/m2/debug.log,3650
201,3,0,m3,1TxbTqvswKsuDDV5Yn8biA1UVPNko7mhCHbU88,2.01211452e-05,14.667,14.667,2000-01-01 00:34:14,0,run/data/m3/debug.log,1590
202,3,0,m1,1FFo3ah8sAKS4svacrTuQgQBUPEKrjop9rucCp,1.67157781e-06,11.793,11.793,2000-01-01 00:34:28,0,run/data/m1/debug.log,13446
202,3,0,m2,1LC9SkHzxLmLLFfkwQEj9rh3sam26QwqQtCo9N,2.53984131e-06,13.156,13.156,2000-01-01 00:34:28,0,run/data/m2/debug.log,3802
202,3,0,m3,1TxbTqvswKsuDDV5Yn8biA1UVPNko7mhCHbU88,1.46679157e-05,14.633,14.633,2000-01-01 00:34:29,0,run/data/m3/debug.log,1622
203,3,0,m1,1FFo3ah8sAKS4svacrTuQgQBUPEKrjop9rucCp,4.46881254e-07,7.490,7.490,2000-01-01 00:34:41,0,run/data/m1/debug.log,13483
203,3,0,m2,1LC9SkHzxLmLLFfkwQEj9rh3sam26QwqQtCo9N,2.24213266e-06,12.785,12.785,2000-01-01 00:34:41,0,run/data/m2/debug.log,3843
203,3,0,m3,1TxbTqvswKsuDDV5Yn8biA1UVPNko7mhCHbU88,1.85365988e-05,14.633,14.633,2000-01-01 00:34:41,0,run/data/m3/debug.log,1647
204,3,0,m1,1FFo3ah8sAKS4svacrTuQgQBUPEKrjop9rucCp,1.6940425e-06,11.840,11.840,2000-01-01 00:34:48,0,run/data/m1/debug.log,13967
204,3,0,m2,1LC9SkHzxLmLLFfkwQEj9rh3sam26QwqQtCo9N,8.38232448e-06,14.615,14.615,2000-01-01 00:34:49,0,run/data/m2/debug.log,3858
204,3,0,m3,1TxbTqvswKsuDDV5Yn8biA1UVPNko7mhCHbU88,3.50544719e-05,14.633,14.633,2000-01-01 00:34:49,0,run/data/m3/debug.log,1662
205,3,0,m1,1FFo3ah8sAKS4svacrTuQgQBUPEKrjop9rucCp,1.19756559e-07,5.479,5.479,2000-01-01 00:35:00,0,run/data/m1/debug.log,14039
205,3,0,m2,1LC9SkHzxLmLLFfkwQEj9rh3sam26QwqQtCo9N,6.77588136e-06,14.556,14.556,2000-01-01 00:35:01,0,run/data/m2/debug.log,3873
205,3,0,m3,1TxbTqvswKsuDDV5Yn8biA1UVPNko7mhCHbU88,5.04823014e-06,14.393,14.393,2000-01-01 00:35:01,0,run/data/m3/debug.log,1677
206,3,0,m1,1FFo3ah8sAKS4svacrTuQgQBUPEKrjop9rucCp,5.25834964e-06,14.576,14.576,2000-01-01 00:35:06,0,run/data/m1/debug.log,14093
206,3,0,m2,1LC9SkHzxLmLLFfkwQEj9rh3sam26QwqQtCo9N,7.77438659e-07,9.197,9.197,2000-01-01 00:35:07,0,run/data/m2/debug.log,3888
206,3,0,m3,1TxbTqvswKsuDDV5Yn8biA1UVPNko7mhCHbU88,2.75481737e-05,14.767,14.767,2000-01-01 00:35:07,0,run/data/m3/debug.log,1692
207,3,0,m1,1FFo3ah8sAKS4svacrTuQgQBUPEKrjop9rucCp,2.98532826e-07,7.767,7.767,2000-01-01 00:35:18,0,run/data/m1/debug.log,14113
207,3,0,m2,1LC9SkHzxLmLLFfkwQEj9rh3sam26QwqQtCo9N,2.30549404e-06,14.135,14.135,2000-01-01 00:35:17,0,run/data/m2/debug.log,3941
207,3,0,m3,1TxbTqvswKsuDDV5Yn8biA1UVPNko7mhCHbU88,3.63643812e-06,14.650,14.650,2000-01-01 00:35:18,0,run/data/m3/debug.log,1712
208,3,0,m1,1FFo3ah8sAKS4svacrTuQgQBUPEKrjop9rucCp,2.16502466e-07,7.066,7.066,2000-01-01 00:35:27,0,run/data/m1/debug.log,14383
208,3,0,m2,1LC9SkHzxLmLLFfkwQEj9rh3sam26QwqQtCo9N,4.51663608e-08,5.322,5.322,2000-01-01 00:35:28,0,run/data/m2/debug.log,3956
208,3,0,m3,1TxbTqvswKsuDDV5Yn8biA1UVPNko7mhCHbU88,1.53272509e-05,14.800,14.800,2000-01-01 00:35:28,0,run/data/m3/debug.log,1727
209,3,0,m1,1FFo3ah8sAKS4svacrTuQgQBUPEKrjop9rucCp,3.26172347e-06,14.675,14.675,2000-01-01 00:35:35,0,run/data/m1/debug.log,14398
209,3,0,m2,1LC9SkHzxLmLLFfkwQEj9rh3sam26QwqQtCo9N,2.02103806e-06,13.975,13.975,2000-01-01 00:35:33,0,run/data/m2/debug.log,4235
209,3,0,m3,1TxbTqvswKsuDDV5Yn8biA1UVPNko7mhCHbU88,6.14758457e-06,14.877,14.877,2000-01-01 00:35:34,0,run/data/m3/debug.log,1742
210,3,0,m1,1FFo3ah8sAKS4svacrTuQgQBUPEKrjop9rucCp,2.38287496e-06,14.292,14.292,2000-01-01 00:35:49,0,run/data/m1/debug.log,14413
210,3,0,m2,1LC9SkHzxLmLLFfkwQEj9rh3sam26QwqQtCo9N,5.26880278e-06,14.864,14.864,2000-01-01 00:35:47,0,run/data/m2/debug.log,4337
210,3,0,m3,1TxbTqvswKsuDDV5Yn8biA1UVPNko7mhCHbU88,1.73656735e-05,14.883,14.883,2000-01-01 00:35:48,0,run/data/m3/debug.log,1757
211,3,0,m1,1FFo3ah8sAKS4svacrTuQgQBUPEKrjop9rucCp,5.54824864e-07,9.557,9.557,2000-01-01 00:36:03,0,run/data/m1/debug.log,14445
211,3,0,m2,1LC9SkHzxLmLLFfkwQEj9rh3sam26QwqQtCo9N,5.81747616e-06,14.723,14.723,2000-01-01 00:36:03,0,run/data/m2/debug.log,4420
211,3,0,m3,1TxbTqvswKsuDDV5Yn8biA1UVPNko7mhCHbU88,7.63766667e-06,14.732,14.732,2000-01-01 00:36:04,0,run/data/m3/debug.log,1788
212,3,0,m1,1FFo3ah8sAKS4svacrTuQgQBUPEKrjop9rucCp,3.30806676e-06,14.536,14.536,2000-01-01 00:36:13,0,run/data/m1/debug.log,14654
212,3,0,m2,1LC9SkHzxLmLLFfkwQEj9rh3sam26QwqQtCo9N,5.64455405e-06,14.721,14.721,2000-01-01 00:36:14,0,run/data/m2/debug.log,4455
212,3,0,m3,1TxbTqvswKsuDDV5Yn8biA1UVPNko7mhCHbU88,1.24256323e-05,14.733,14.733,2000-01-01 00:36:14,0,run/data/m3/debug.log,1807
213,3,0,m1,1FFo3ah8sAKS4svacrTuQgQBUPEKrjop9rucCp,1.34788687e-06,12.731,12.731,2000-01-01 00:36:28,0,run/data/m1/debug.log,14784
213,3,0,m2,1LC9SkHzxLmLLFfkwQEj9rh3sam26QwqQtCo9N,2.6057517e-06,14.296,14.296,2000-01-01 00:36:29,0,run/data/m2/debug.log,4470
213,3,0,m3,1TxbTqvswKsuDDV5Yn8biA1UVPNko7mhCHbU88,1.6375471e-07,6.516,6.516,2000-01-01 00:36:29,0,run/data/m3/debug.log,1822
214,3,0,m1,1FFo3ah8sAKS4svacrTuQgQBUPEKrjop9rucCp,5.68516489e-08,5.519,5.519,2000-01-01 00:36:36,0,run/data/m1/debug.log,14802
214,3,0,m2,1LC9SkHzxLmLLFfkwQEj9rh3sam26QwqQtCo9N,4.48019642e-07,8.991,8.991,2000-01-01 00:36:37,0,run/data/m2/debug.log,4488
214,3,0,m3,1TxbTqvswKsuDDV5Yn8biA1UVPNko7mhCHbU88,4.74750286e-06,14.831,14.831,2000-01-01 00:36:36,0,run/data/m3/debug.log,2012
215,3,0,m1,1FFo3ah8sAKS4svacrTuQgQBUPEKrjop9rucCp,1.88887005e-07,6.975,6.975,2000-01-01 00:36:43,0,run/data/m1/debug.log,15120
215,3,0,m2,1LC9SkHzxLmLLFfkwQEj9rh3sam26QwqQtCo9N,1.13476906e-06,12.366,12.366,2000-01-01 00:36:44,0,run/data/m2/debug.log,4503
215,3,0,m3,1TxbTqvswKsuDDV5Yn8biA1UVPNko7mhCHbU88,4.28964573e-07,8.957,8.957,2000-01-01 00:36:43,0,run/data/m3/debug.log,2027
216,3,0,m1,1FFo3ah8sAKS4svacrTuQgQBUPEKrjop9rucCp,2.49495537e-08,5.258,5.258,2000-01-01 00:36:50,0,run/data/m1/debug.log,15437
216,3,0,m2,1LC9SkHzxLmLLFfkwQEj9rh3sam26QwqQtCo9N,9.18532086e-07,11.605,11.605,2000-01-01 00:36:51,0,run/data/m2/debug.log,4518
216,3,0,m3,1TxbTqvswKsuDDV5Yn8biA1UVPNko7mhCHbU88,1.65755299e-05,14.967,14.967,2000-01-01 00:36:51,0,run/data/m3/debug.log,2042
217,3,0,m1,1FFo3ah8sAKS4svacrTuQgQBUPEKrjop9rucCp,3.99944769e-07,8.846,8.846,2000-01-01 00:36:56,0,run/data/m1/debug.log,15467
217,3,0,m2,1LC9SkHzxLmLLFfkwQEj9rh3sam26QwqQtCo9N,1.17471983e-06,12.587,12.587,2000-01-01 00:36:57,0,run/data/m2/debug.log,4533
217,3,0,m3,1TxbTqvswKsuDDV5Yn8biA1UVPNko7mhCHbU88,1.8495045e-08,5.284,5.284,2000-01-01 00:36:57,0,run/data/m3/debug.log,2057
218,3,0,m1,1FFo3ah8sAKS4svacrTuQgQBUPEKrjop9rucCp,1.94730942e-06,14.075,14.075,2000-01-01 00:37:03,0,run/data/m1/debug.log,15482
218,3,0,m2,1LC9SkHzxLmLLFfkwQEj9rh3sam26QwqQtCo9N,1.50394353e-06,13.389,13.389,2000-01-01 00:37:03,0,run/data/m2/debug.log,4548
218,3,0,m3,1TxbTqvswKsuDDV5Yn8biA1UVPNko7mhCHbU88,7.08081667e-06,15.064,15.064,2000-01-01 00:37:02,0,run/data/m3/debug.log,2251
219,3,0,m1,1FFo3ah8sAKS4svacrTuQgQBUPEKrjop9rucCp,6.88153524e-07,10.582,10.582,2000-01-01 00:37:17,0,run/data/m1/debug.log,15977
219,3,0,m2,1LC9SkHzxLmLLFfkwQEj9rh3sam26QwqQtCo9N,1.16826487e-05,15.000,15.000,2000-01-01 00:37:18,0,run/data/m2/debug.log,4563
219,3,0,m3,1TxbTqvswKsuDDV5Yn8biA1UVPNko7mhCHbU88,5.88432091e-06,14.991,14.991,2000-01-01 00:37:18,0,run/data/m3/debug.log,2266
220,3,0,m1,1FFo3ah8sAKS4svacrTuQgQBUPEKrjop9rucCp,8.05560099e-07,11.140,11.140,2000-01-01 00:37:28,0,run/data/m1/debug.log,16137
220,3,0,m2,1LC9SkHzxLmLLFfkwQEj9rh3sam26QwqQtCo9N,1.30338778e-06,12.855,12.855,2000-01-01 00:37:29,0,run/data/m2/debug.log,4578
220,3,0,m3,1TxbTqvswKsuDDV5Yn8biA1UVPNko7mhCHbU88,3.10728707e-07,8.068,8.068,2000-01-01 00:37:29,0,run/data/m3/debug.log,2281
221,3,0,m1,1FFo3ah8sAKS4svacrTuQgQBUPEKrjop9rucCp,5.04221949e-08,5.514,5.514,2000-01-01 00:37:38,0,run/data/m1/debug.log,16152
221,3,0,m2,1LC9SkHzxLmLLFfkwQEj9rh3sam26QwqQtCo9N,9.23250979e-07,11.591,11.591,2000-01-01 00:37:39,0,run/data/m2/debug.log,4593
221,3,0,m3,1TxbTqvswKsuDDV5Yn8biA1UVPNko7mhCHbU88,9.30880893e-06,14.933,14.933,2000-01-01 00:37:37,0,run/data/m3/debug.log,2461
222,3,0,m1,1FFo3ah8sAKS4svacrTuQgQBUPEKrjop9rucCp,5.44007616e-07,9.807,9.807,2000-01-01 00:37:44,0,run/data/m1/debug.log,16793
222,3,0,m2,1LC9SkHzxLmLLFfkwQEj9rh3sam26QwqQtCo9N,5.48209332e-07,9.833,9.833,2000-01-01 00:37:45,0,run/data/m2/debug.log,4608
222,3,0,m3,1TxbTqvswKsuDDV5Yn8biA1UVPNko7mhCHbU88,3.43271839e-06,14.880,14.880,2000-01-01 00:37:45,0,run/data/m3/debug.log,2476
223,3,0,m1,1FFo3ah8sAKS4svacrTuQgQBUPEKrjop9rucCp,5.44160684e-07,9.908,9.908,2000-01-01 00:37:54,0,run/data/m1/debug.log,17532
223,3,0,m2,1LC9SkHzxLmLLFfkwQEj9rh3sam26QwqQtCo9N,1.38665976e-05,15.150,15.150,2000-01-01 00:37:55,0,run/data/m2/debug.log,4623
223,3,0,m3,1TxbTqvswKsuDDV5Yn8biA1UVPNko7mhCHbU88,6.62344719e-05,15.150,15.150,2000-01-01 00:37:55,0,run/data/m3/debug.log,2491
224,3,0,m1,1FFo3ah8sAKS4svacrTuQgQBUPEKrjop9rucCp,7.7003514e-07,11.124,11.124,2000-01-01 00:38:05,0,run/data/m1/debug.log,17618
224,3,0,m2,1LC9SkHzxLmLLFfkwQEj9rh3sam26QwqQtCo9N,2.58883972e-06,14.670,14.670,2000-01-01 00:38:06,0,run/data/m2/debug.log,4638
224,3,0,m3,1TxbTqvswKsuDDV5Yn8biA1UVPNko7mhCHbU88,1.82786539e-05,15.133,15.133,2000-01-01 00:38:06,0,run/data/m3/debug.log,2506
225,3,0,m1,1FFo3ah8sAKS4svacrTuQgQBUPEKrjop9rucCp,3.02060466e-07,8.196,8.196,2000-01-01 00:38:17,0,run/data/m1/debug.log,17749
225,3,0,m2,1LC9SkHzxLmLLFfkwQEj9rh3sam26QwqQtCo9N,5.08750832e-06,15.159,15.159,2000-01-01 00:38:18,0,run/data/m2/debug.log,4653
225,3,0,m3,1TxbTqvswKsuDDV5Yn8biA1UVPNko7mhCHbU88,2.28107462e-05,15.183,15.183,2000-01-01 00:38:18,0,run/data/m3/debug.log,2521
226,3,0,m1,1FFo3ah8sAKS4svacrTuQgQBUPEKrjop9rucCp,3.00233092e-07,8.165,8.165,2000-01-01 00:38:26,0,run/data/m1/debug.log,18114
226,3,0,m2,1LC9SkHzxLmLLFfkwQEj9rh3sam26QwqQtCo9N,1.60871816e-06,13.685,13.685,2000-01-01 00:38:27,0,run/data/m2/debug.log,4668
226,3,0,m3,1TxbTqvswKsuDDV5Yn8biA1UVPNko7mhCHbU88,2.58820871e-05,15.167,15.167,2000-01-01 00:38:27,0,run/data/m3/debug.log,2536
227,3,0,m1,1FFo3ah8sAKS4svacrTuQgQBUPEKrjop9rucCp,3.28121218e-07,8.359,8.359,2000-01-01 00:38:35,0,run/data/m1/debug.log,18165
227,3,0,m2,1LC9SkHzxLmLLFfkwQEj9rh3sam26QwqQtCo9N,7.79712783e-06,15.132,15.132,2000-01-01 00:38:36,0,run/data/m2/debug.log,4686
227,3,0,m3,1TxbTqvswKsuDDV5Yn8biA1UVPNko7mhCHbU88,2.70201467e-05,15.133,15.133,2000-01-01 00:38:36,0,run/data/m3/debug.log,2554
228,3,0,m1,1FFo3ah8sAKS4svacrTuQgQBUPEKrjop9rucCp,1.43979873e-06,13.290,13.290,2000-01-01 00:38:44,0,run/data/m1/debug.log,18405
228,3,0,m2,1LC9SkHzxLmLLFfkwQEj9rh3sam26QwqQtCo9N,1.47524336e-06,13.364,13.364,2000-01-01 00:38:45,0,run/data/m2/debug.log,4701
228,3,0,m3,1TxbTqvswKsuDDV5Yn8biA1UVPNko7mhCHbU88,3.83343312e-06,14.994,14.994,2000-01-01 00:38:44,0,run/data/m3/debug.log,2569
229,3,0,m1,1FFo3ah8sAKS4svacrTuQgQBUPEKrjop9rucCp,8.94707205e-07,11.509,11.509,2000-01-01 00:38:58,0,run/data/m1/debug.log,18439
229,3,0,m2,1LC9SkHzxLmLLFfkwQEj9rh3sam26QwqQtCo9N,3.9780663e-07,8.730,8.730,2000-01-01 00:38:59,0,run/data/m2/debug.log,4716
229,3,0,m3,1TxbTqvswKsuDDV5Yn8biA1UVPNko7mhCHbU88,1.94258277e-05,14.967,14.967,2000-01-01 00:38:59,0,run/data/m3/debug.log,2584
230,3,0,m1,1FFo3ah8sAKS4svacrTuQgQBUPEKrjop9rucCp,3.20252469e-07,8.062,8.062,2000-01-01 00:39:08,0,run/data/m1/debug.log,18454
230,3,0,m2,1LC9SkHzxLmLLFfkwQEj9rh3sam26QwqQtCo9N,1.11142095e-06,12.227,12.227,2000-01-01 00:39:08,0,run/data/m2/debug.log,5417
230,3,0,m3,1TxbTqvswKsuDDV5Yn8biA1UVPNko7mhCHbU88,1.4117799e-06,13.028,13.028,2000-01-01 00:39:09,0,run/data/m3/debug.log,2599
231,3,0,m1,1FFo3ah8sAKS4svacrTuQgQBUPEKrjop9rucCp,1.87448695e-07,6.995,6.995,2000-01-01 00:39:17,0,run/data/m1/debug.log,18572
231,3,0,m2,1LC9SkHzxLmLLFfkwQEj9rh3sam26QwqQtCo9N,1.29455924e-06,12.849,12.849,2000-01-01 00:39:18,0,run/data/m2/debug.log,5432
231,3,0,m3,1TxbTqvswKsuDDV5Yn8biA1UVPNko7mhCHbU88,5.40268338e-06,14.984,14.984,2000-01-01 00:39:17,0,run/data/m3/debug.log,2614
232,3,0,m1,1FFo3ah8sAKS4svacrTuQgQBUPEKrjop9rucCp,2.48614405e-06,14.527,14.527,2000-01-01 00:39:25,0,run/data/m1/debug.log,18751
232,3,0,m2,1LC9SkHzxLmLLFfkwQEj9rh3sam26QwqQtCo9N,4.00706383e-06,14.964,14.964,2000-01-01 00:39:25,0,run/data/m2/debug.log,5447
232,3,0,m3,1TxbTqvswKsuDDV5Yn8biA1UVPNko7mhCHbU88,4.94683798e-06,15.022,15.022,2000-01-01 00:39:25,0,run/data/m3/debug.log,2629
233,3,0,m1,1FFo3ah8sAKS4svacrTuQgQBUPEKrjop9rucCp,3.52122903e-08,5.359,5.359,2000-01-01 00:39:40,0,run/data/m1/debug.log,19243
233,3,0,m2,1LC9SkHzxLmLLFfkwQEj9rh3sam26QwqQtCo9N,1.15276984e-06,12.405,12.405,2000-01-01 00:39:41,0,run/data/m2/debug.log,5462
233,3,0,m3,1TxbTqvswKsuDDV5Yn8biA1UVPNko7mhCHbU88,1.35263772e-05,14.950,14.950,2000-01-01 00:39:41,0,run/data/m3/debug.log,2644
234,3,0,m1,1FFo3ah8sAKS4svacrTuQgQBUPEKrjop9rucCp,2.66327298e-07,7.694,7.694,2000-01-01 00:39:45,0,run/data/m1/debug.log,19294
234,3,0,m2,1LC9SkHzxLmLLFfkwQEj9rh3sam26QwqQtCo9N,7.54978212e-08,5.840,5.840,2000-01-01 00:39:46,0,run/data/m2/debug.log,5477
234,3,0,m3,1TxbTqvswKsuDDV5Yn8biA1UVPNko7mhCHbU88,5.48238429e-06,14.968,14.968,2000-01-01 00:39:46,0,run/data/m3/debug.log,2659
235,3,0,m1,1FFo3ah8sAKS4svacrTuQgQBUPEKrjop9rucCp,8.39181321e-07,11.323,11.323,2000-01-01 00:39:53,0,run/data/m1/debug.log,19309
235,3,0,m2,1LC9SkHzxLmLLFfkwQEj9rh3sam26QwqQtCo9N,3.13500975e-06,14.775,14.775,2000-01-01 00:39:53,0,run/data/m2/debug.log,5681
235,3,0,m3,1TxbTqvswKsuDDV5Yn8biA1UVPNko7mhCHbU88,7.46688429e-07,10.895,10.895,2000-01-01 00:39:54,0,run/data/m3/debug.log,2674
236,3,0,m1,1FFo3ah8sAKS4svacrTuQgQBUPEKrjop9rucCp,3.78999954e-08,5.440,5.440,2000-01-01 00:40:05,0,run/data/m1/debug.log,19324
236,3,0,m2,1LC9SkHzxLmLLFfkwQEj9rh3sam26QwqQtCo9N,2.3183295e-06,14.362,14.362,2000-01-01 00:40:06,0,run/data/m2/debug.log,5696
236,3,0,m3,1TxbTqvswKsuDDV5Yn8biA1UVPNko7mhCHbU88,3.17502914e-06,14.769,14.769,2000-01-01 00:40:05,0,run/data/m3/debug.log,2787
237,3,0,m1,1FFo3ah8sAKS4svacrTuQgQBUPEKrjop9rucCp,4.90800621e-06,15.070,15.070,2000-01-01 00:40:11,0,run/data/m1/debug.log,19505
237,3,0,m2,1LC9SkHzxLmLLFfkwQEj9rh3sam26QwqQtCo9N,3.1928729e-06,14.874,14.874,2000-01-01 00:40:11,0,run/data/m2/debug.log,5711
237,3,0,m3,1TxbTqvswKsuDDV5Yn8biA1UVPNko7mhCHbU88,7.46989043e-06,15.099,15.099,2000-01-01 00:40:11,0,run/data/m3/debug.log,2802
238,3,0,m1,1FFo3ah8sAKS4svacrTuQgQBUPEKrjop9rucCp,2.63617126e-06,14.562,14.562,2000-01-01 00:40:26,0,run/data/m1/debug.log,19595
238,3,0,m2,1LC9SkHzxLmLLFfkwQEj9rh3sam26QwqQtCo9N,3.51240349e-06,14.845,14.845,2000-01-01 00:40:27,0,run/data/m2/debug.log,5726
238,3,0,m3,1TxbTqvswKsuDDV5Yn8biA1UVPNko7mhCHbU88,1.59217828e-06,13.489,13.489,2000-01-01 00:40:27,0,run/data/m3/debug.log,2817
239,3,0,m1,1FFo3ah8sAKS4svacrTuQgQBUPEKrjop9rucCp,1.19535748e-07,6.223,6.223,2000-01-01 00:40:42,0,run/data/m1/debug.log,19613
239,3,0,m2,1LC9SkHzxLmLLFfkwQEj9rh3sam26QwqQtCo9N,4.38129903e-06,14.845,14.845,2000-01-01 00:40:42,0,run/data/m2/debug.log,5744
239,3,0,m3,1TxbTqvswKsuDDV5Yn8biA1UVPNko7mhCHbU88,3.72075515e-05,14.900,14.900,2000-01-01 00:40:41,0,run/data/m3/debug.log,2864
240,3,0,m1,1FFo3ah8sAKS4svacrTuQgQBUPEKrjop9rucCp,1.76020017e-06,13.696,13.696,2000-01-01 00:40:48,0,run/data/m1/debug.log,20119
240,3,0,m2,1LC9SkHzxLmLLFfkwQEj9rh3sam26QwqQtCo9N,4.5875316e-06,14.890,14.890,2000-01-01 00:40:49,0,run/data/m2/debug.log,5759
240,3,0,m3,1TxbTqvswKsuDDV5Yn8biA1UVPNko7mhCHbU88,4.76071809e-06,14.898,14.898,2000-01-01 00:40:49,0,run/data/m3/debug.log,2879
241,3,0,m1,1FFo3ah8sAKS4svacrTuQgQBUPEKrjop9rucCp,6.63388898e-06,14.930,14.930,2000-01-01 00:41:02,0,run/data/m1/debug.log,20167
241,3,0,m2,1LC9SkHzxLmLLFfkwQEj9rh3sam26QwqQtCo9N,8.79556937e-06,14.933,14.933,2000-01-01 00:41:03,0,run/data/m2/debug.log,5774
241,3,0,m3,1TxbTqvswKsuDDV5Yn8biA1UVPNko7mhCHbU88,4.68968109e-05,14.933,14.933,2000-01-01 00:41:03,0,run/data/m3/debug.log,2894
242,3,0,m1,1FFo3ah8sAKS4svacrTuQgQBUPEKrjop9rucCp,4.58023044e-07,9.027,9.027,2000-01-01 00:41:18,0,run/data/m1/debug.log,21122
242,3,0,m2,1LC9SkHzxLmLLFfkwQEj9rh3sam26QwqQtCo9N,4.86828975e-06,14.802,14.802,2000-01-01 00:41:19,0,run/data/m2/debug.log,5789
242,3,0,m3,1TxbTqvswKsuDDV5Yn8biA1UVPNko7mhCHbU88,1.51870012e-06,13.185,13.185,2000-01-01 00:41:18,0,run/data/m3/debug.log,2909
243,3,0,m1,1FFo3ah8sAKS4svacrTuQgQBUPEKrjop9rucCp,1.63454627e-07,6.580,6.580,2000-01-01 00:41:28,0,run/data/m1/debug.log,21365
243,3,0,m2,1LC9SkHzxLmLLFfkwQEj9rh3sam26QwqQtCo9N,2.32990927e-07,7.233,7.233,2000-01-01 00:41:28,0,run/data/m2/debug.log,5804
243,3,0,m3,1TxbTqvswKsuDDV5Yn8biA1UVPNko7mhCHbU88,4.45701651e-05,14.817,14.817,2000-01-01 00:41:28,0,run/data/m3/debug.log,2924
244,3,0,m1,1FFo3ah8sAKS4svacrTuQgQBUPEKrjop9rucCp,2.82062682e-06,14.498,14.498,2000-01-01 00:41:34,0,run/data/m1/debug.log,21392
244,3,0,m2,1LC9SkHzxLmLLFfkwQEj9rh3sam26QwqQtCo9N,1.1468424e-06,12.287,12.287,2000-01-01 00:41:35,0,run/data/m2/debug.log,5819
244,3,0,m3,1TxbTqvswKsuDDV5Yn8biA1UVPNko7mhCHbU88,1.75241119e-05,14.850,14.850,2000-01-01 00:41:35,0,run/data/m3/debug.log,2939
245,3,0,m1,1FFo3ah8sAKS4svacrTuQgQBUPEKrjop9rucCp,1.45163907e-06,13.081,13.081,2000-01-01 00:41:49,0,run/data/m1/debug.log,21407
245,3,0,m2,1LC9SkHzxLmLLFfkwQEj9rh3sam26QwqQtCo9N,3.47093456e-06,14.704,14.704,2000-01-01 00:41:48,0,run/data/m2/debug.log,6173
245,3,0,m3,1TxbTqvswKsuDDV5Yn8biA1UVPNko7mhCHbU88,5.42323008e-06,14.851,14.851,2000-01-01 00:41:49,0,run/data/m3/debug.log,2954
246,3,0,m1,1FFo3ah8sAKS4svacrTuQgQBUPEKrjop9rucCp,3.97114473e-07,8.475,8.475,2000-01-01 00:42:02,0,run/data/m1/debug.log,21646
246,3,0,m2,1LC9SkHzxLmLLFfkwQEj9rh3sam26QwqQtCo9N,1.3165247e-05,14.717,14.717,2000-01-01 00:42:03,0,run/data/m2/debug.log,6188
246,3,0,m3,1TxbTqvswKsuDDV5Yn8biA1UVPNko7mhCHbU88,2.50527854e-05,14.717,14.717,2000-01-01 00:42:02,0,run/data/m3/debug.log,2969
247,3,0,m1,1FFo3ah8sAKS4svacrTuQgQBUPEKrjop9rucCp,3.17272578e-07,7.838,7.838,2000-01-01 00:42:11,0,run/data/m1/debug.log,21679
247,3,0,m2,1LC9SkHzxLmLLFfkwQEj9rh3sam26QwqQtCo9N,1.48205883e-06,12.978,12.978,2000-01-01 00:42:11,0,run/data/m2/debug.log,6203
247,3,0,m3,1TxbTqvswKsuDDV5Yn8biA1UVPNko7mhCHbU88,1.12979993e-05,14.700,14.700,2000-01-01 00:42:11,0,run/data/m3/debug.log,2984
248,3,0,m1,1FFo3ah8sAKS4svacrTuQgQBUPEKrjop9rucCp,4.65689481e-08,5.288,5.288,2000-01-01 00:42:20,0,run/data/m1/debug.log,22003
248,3,0,m2,1LC9SkHzxLmLLFfkwQEj9rh3sam26QwqQtCo9N,3.65801933e-06,14.620,14.620,2000-01-01 00:42:20,0,run/data/m2/debug.log,6218
248,3,0,m3,1TxbTqvswKsuDDV5Yn8biA1UVPNko7mhCHbU88,3.18543456e-06,14.522,14.522,2000-01-01 00:42:20,0,run/data/m3/debug.log,2999
249,3,0,m1,1FFo3ah8sAKS4svacrTuQgQBUPEKrjop9rucCp,2.71311413e-06,14.367,14.367,2000-01-01 00:42:25,0,run/data/m1/debug.log,22428
249,3,0,m2,1LC9SkHzxLmLLFfkwQEj9rh3sam26QwqQtCo9N,3.39957056e-06,14.590,14.590,2000-01-01 00:42:26,0,run/data/m2/debug.log,6233
249,3,0,m3,1TxbTqvswKsuDDV5Yn8biA1UVPNko7mhCHbU88,2.06704071e-05,14.767,14.767,2000-01-01 00:42:26,0,run/data/m3/debug.log,3014
250,3,0,m1,1FFo3ah8sAKS4svacrTuQgQBUPEKrjop9rucCp,6.10666741e-08,5.466,5.466,2000-01-01 00:42:40,0,run/data/m1/debug.log,22566
250,3,0,m2,1LC9SkHzxLmLLFfkwQEj9rh3sam26QwqQtCo9N,2.50653226e-06,14.256,14.256,2000-01-01 00:42:41,0,run/data/m2/debug.log,6251
250,3,0,m3,1TxbTqvswKsuDDV5Yn8biA1UVPNko7mhCHbU88,1.01603413e-06,11.773,11.773,2000-01-01 00:42:41,0,run/data/m3/debug.log,3032
251,3,0,m1,1FFo3ah8sAKS4svacrTuQgQBUPEKrjop9rucCp,3.79294811e-07,8.542,8.542,2000-01-01 00:42:46,0,run/data/m1/debug.log,22646
251,3,0,m2,1LC9SkHzxLmLLFfkwQEj9rh3sam26QwqQtCo9N,8.66987883e-07,11.343,11.343,2000-01-01 00:42:47,0,run/data/m2/debug.log,6266
251,3,0,m3,1TxbTqvswKsuDDV5Yn8biA1UVPNko7mhCHbU88,1.71259767e-06,13.607,13.607,2000-01-01 00:42:46,0,run/data/m3/debug.log,3047
252,3,0,m1,1FFo3ah8sAKS4svacrTuQgQBUPEKrjop9rucCp,8.98101289e-07,11.440,11.440,2000-01-01 00:42:55,0,run/data/m1/debug.log,23133
252,3,0,m2,1LC9SkHzxLmLLFfkwQEj9rh3sam26QwqQtCo9N,6.31311078e-06,14.878,14.878,2000-01-01 00:42:55,0,run/data/m2/debug.log,6281
252,3,0,m3,1TxbTqvswKsuDDV5Yn8biA1UVPNko7mhCHbU88,8.63477615e-06,14.883,14.883,2000-01-01 00:42:55,0,run/data/m3/debug.log,3062
253,3,0,m1,1FFo3ah8sAKS4svacrTuQgQBUPEKrjop9rucCp,1.10778252e-07,6.149,6.149,2000-01-01 00:43:07,0,run/data/m1/debug.log,23178
253,3,0,m2,1LC9SkHzxLmLLFfkwQEj9rh3sam26QwqQtCo9N,1.75159863e-06,13.666,13.666,2000-01-01 00:43:07,0,run/data/m2/debug.log,6296
253,3,0,m3,1TxbTqvswKsuDDV5Yn8biA1UVPNko7mhCHbU88,3.23344731e-06,14.701,14.701,2000-01-01 00:43:07,0,run/data/m3/debug.log,3077
254,3,0,m1,1FFo3ah8sAKS4svacrTuQgQBUPEKrjop9rucCp,3.34597937e-07,8.361,8.361,2000-01-01 00:43:13,0,run/data/m1/debug.log,23466
254,3,0,m2,1LC9SkHzxLmLLFfkwQEj9rh3sam26QwqQtCo9N,7.53411907e-09,5.172,5.172,2000-01-01 00:43:14,0,run/data/m2/debug.log,6311
254,3,0,m3,1TxbTqvswKsuDDV5Yn8biA1UVPNko7mhCHbU88,1.76038369e-05,15.083,15.083,2000-01-01 00:43:14,0,run/data/m3/debug.log,3092
255,3,0,m1,1FFo3ah8sAKS4svacrTuQgQBUPEKrjop9rucCp,3.09334979e-06,14.879,14.879,2000-01-01 00:43:20,0,run/data/m1/debug.log,23481
255,3,0,m2,1LC9SkHzxLmLLFfkwQEj9rh3sam26QwqQtCo9N,1.50114271e-06,13.450,13.450,2000-01-01 00:43:20,0,run/data/m2/debug.log,6739
255,3,0,m3,1TxbTqvswKsuDDV5Yn8biA1UVPNko7mhCHbU88,4.73123191e-06,15.097,15.097,2000-01-01 00:43:21,0,run/data/m3/debug.log,3107
256,3,0,m1,1FFo3ah8sAKS4svacrTuQgQBUPEKrjop9rucCp,3.36021422e-07,8.289,8.289,2000-01-01 00:43:34,0,run/data/m1/debug.log,23496
256,3,0,m2,1LC9SkHzxLmLLFfkwQEj9rh3sam26QwqQtCo9N,1.54965252e-06,13.411,13.411,2000-01-01 00:43:34,0,run/data/m2/debug.log,6889
256,3,0,m3,1TxbTqvswKsuDDV5Yn8biA1UVPNko7mhCHbU88,3.17222742e-05,15.000,15.000,2000-01-01 00:43:35,0,run/data/m3/debug.log,3122
257,3,0,m1,1FFo3ah8sAKS4svacrTuQgQBUPEKrjop9rucCp,1.29885785e-06,12.943,12.943,2000-01-01 00:43:43,0,run/data/m1/debug.log,23805
257,3,0,m2,1LC9SkHzxLmLLFfkwQEj9rh3sam26QwqQtCo9N,8.56527427e-07,11.465,11.465,2000-01-01 00:43:44,0,run/data/m2/debug.log,6904
257,3,0,m3,1TxbTqvswKsuDDV5Yn8biA1UVPNko7mhCHbU88,2.35920841e-05,15.083,15.083,2000-01-01 00:43:44,0,run/data/m3/debug.log,3137
258,3,0,m1,1FFo3ah8sAKS4svacrTuQgQBUPEKrjop9rucCp,2.06091019e-07,7.270,7.270,2000-01-01 00:43:56,0,run/data/m1/debug.log,23820
258,3,0,m2,1LC9SkHzxLmLLFfkwQEj9rh3sam26QwqQtCo9N,3.85549804e-06,14.997,14.997,2000-01-01 00:43:56,0,run/data/m2/debug.log,7007
258,3,0,m3,1TxbTqvswKsuDDV5Yn8biA1UVPNko7mhCHbU88,2.55487376e-05,15.100,15.100,2000-01-01 00:43:57,0,run/data/m3/debug.log,3152
259,3,0,m1,1FFo3ah8sAKS4svacrTuQgQBUPEKrjop9rucCp,5.11111135e-06,15.093,15.093,2000-01-01 00:44:04,0,run/data/m1/debug.log,24584
259,3,0,m2,1LC9SkHzxLmLLFfkwQEj9rh3sam26QwqQtCo9N,2.72796719e-07,7.883,7.883,2000-01-01 00:44:05,0,run/data/m2/debug.log,7022
259,3,0,m3,1TxbTqvswKsuDDV5Yn8biA1UVPNko7mhCHbU88,2.80325065e-05,15.117,15.117,2000-01-01 00:44:06,0,run/data/m3/debug.log,3167
260,3,0,m1,1FFo3ah8sAKS4svacrTuQgQBUPEKrjop9rucCp,1.44229443e-06,13.312,13.312,2000-01-01 00:44:14,0,run/data/m1/debug.log,24599
260,3,0,m2,1LC9SkHzxLmLLFfkwQEj9rh3sam26QwqQtCo9N,9.16294311e-07,11.746,11.746,2000-01-01 00:44:13,0,run/data/m2/debug.log,7077
260,3,0,m3,1TxbTqvswKsuDDV5Yn8biA1UVPNko7mhCHbU88,1.16796961e-05,15.117,15.117,2000-01-01 00:44:14,0,run/data/m3/debug.log,3182
261,3,0,m1,1FFo3ah8sAKS4svacrTuQgQBUPEKrjop9rucCp,4.82915843e-06,14.951,14.951,2000-01-01 00:44:26,0,run/data/m1/debug.log,24614
261,3,0,m2,1LC9SkHzxLmLLFfkwQEj9rh3sam26QwqQtCo9N,1.15166053e-05,14.983,14.983,2000-01-01 00:44:26,0,run/data/m2/debug.log,7532
261,3,0,m3,1TxbTqvswKsuDDV5Yn8biA1UVPNko7mhCHbU88,1.0031201e-05,14.983,14.983,2000-01-01 00:44:27,0,run/data/m3/debug.log,3197
262,3,0,m1,1FFo3ah8sAKS4svacrTuQgQBUPEKrjop9rucCp,3.57245926e-07,8.439,8.439,2000-01-01 00:44:42,0,run/data/m1/debug.log,24632
262,3,0,m2,1LC9SkHzxLmLLFfkwQEj9rh3sam26QwqQtCo9N,6.25662644e-06,14.977,14.977,2000-01-01 00:44:41,0,run/data/m2/debug.log,7553
262,3,0,m3,1TxbTqvswKsuDDV5Yn8biA1UVPNko7mhCHbU88,4.54851083e-05,14.983,14.983,2000-01-01 00:44:42,0,run/data/m3/debug.log,3215
263,3,0,m1,1FFo3ah8sAKS4svacrTuQgQBUPEKrjop9rucCp,3.47504534e-07,8.313,8.313,2000-01-01 00:44:50,0,run/data/m1/debug.log,24806
263,3,0,m2,1LC9SkHzxLmLLFfkwQEj9rh3sam26QwqQtCo9N,2.18043601e-06,14.182,14.182,2000-01-01 00:44:51,0,run/data/m2/debug.log,7568
263,3,0,m3,1TxbTqvswKsuDDV5Yn8biA1UVPNko7mhCHbU88,1.34619519e-05,14.933,14.933,2000-01-01 00:44:51,0,run/data/m3/debug.log,3230
264,3,0,m1,1FFo3ah8sAKS4svacrTuQgQBUPEKrjop9rucCp,1.28187495e-06,12.750,12.750,2000-01-01 00:44:59,0,run/data/m1/debug.log,25333
264,3,0,m2,1LC9SkHzxLmLLFfkwQEj9rh3sam26QwqQtCo9N,1.99941936e-06,14.002,14.002,2000-01-01 00:45:00,0,run/data/m2/debug.log,7583
264,3,0,m3,1TxbTqvswKsuDDV5Yn8biA1UVPNko7mhCHbU88,7.08468738e-07,10.620,10.620,2000-01-01 00:45:00,0,run/data/m3/debug.log,3245
265,3,0,m1,1FFo3ah8sAKS4svacrTuQgQBUPEKrjop9rucCp,4.77938126e-07,9.263,9.263,2000-01-01 00:45:11,0,run/data/m1/debug.log,25348
265,3,0,m2,1LC9SkHzxLmLLFfkwQEj9rh3sam26QwqQtCo9N,4.39543961e-06,14.879,14.879,2000-01-01 00:45:12,0,run/data/m2/debug.log,7598
265,3,0,m3,1TxbTqvswKsuDDV5Yn8biA1UVPNko7mhCHbU88,1.09383326e-05,14.933,14.933,2000-01-01 00:45:11,0,run/data/m3/debug.log,3473
266,3,0,m1,1FFo3ah8sAKS4svacrTuQgQBUPEKrjop9rucCp,7.38568751e-07,10.705,10.705,2000-01-01 00:45:21,0,run/data/m1/debug.log,25365
266,3,0,m2,1LC9SkHzxLmLLFfkwQEj9rh3sam26QwqQtCo9N,3.22825031e-06,14.650,14.650,2000-01-01 00:45:22,0,run/data/m2/debug.log,7613
266,3,0,m3,1TxbTqvswKsuDDV5Yn8biA1UVPNko7mhCHbU88,3.75460474e-06,14.751,14.751,2000-01-01 00:45:22,0,run/data/m3/debug.log,3488
267,3,0,m1,1FFo3ah8sAKS4svacrTuQgQBUPEKrjop9rucCp,8.08894797e-07,10.972,10.972,2000-01-01 00:45:32,0,run/data/m1/debug.log,25402
267,3,0,m2,1LC9SkHzxLmLLFfkwQEj9rh3sam26QwqQtCo9N,2.9390054e-06,14.495,14.495,2000-01-01 00:45:33,0,run/data/m2/debug.log,7628
267,3,0,m3,1TxbTqvswKsuDDV5Yn8biA1UVPNko7mhCHbU88,2.17438975e-05,14.800,14.800,2000-01-01 00:45:34,0,run/data/m3/debug.log,3503
268,3,0,m1,1FFo3ah8sAKS4svacrTuQgQBUPEKrjop9rucCp,8.66794627e-07,11.276,11.276,2000-01-01 00:45:43,0,run/data/m1/debug.log,26240
268,3,0,m2,1LC9SkHzxLmLLFfkwQEj9rh3sam26QwqQtCo9N,9.220341e-07,11.503,11.503,2000-01-01 00:45:44,0,run/data/m2/debug.log,7643
268,3,0,m3,1TxbTqvswKsuDDV5Yn8biA1UVPNko7mhCHbU88,5.338713e-06,14.832,14.832,2000-01-01 00:45:44,0,run/data/m3/debug.log,3518
269,3,0,m1,1FFo3ah8sAKS4svacrTuQgQBUPEKrjop9rucCp,1.46467949e-06,13.042,13.042,2000-01-01 00:45:55,0,run/data/m1/debug.log,26324
269,3,0,m2,1LC9SkHzxLmLLFfkwQEj9rh3sam26QwqQtCo9N,4.6203841e-06,14.758,14.758,2000-01-01 00:45:56,0,run/data/m2/debug.log,7658
269,3,0,m3,1TxbTqvswKsuDDV5Yn8biA1UVPNko7mhCHbU88,2.16098538e-06,14.031,14.031,2000-01-01 00:45:56,0,run/data/m3/debug.log,3533
270,3,0,m1,1FFo3ah8sAKS4svacrTuQgQBUPEKrjop9rucCp,7.17167201e-07,10.531,10.531,2000-01-01 00:46:08,0,run/data/m1/debug.log,26494
270,3,0,m2,1LC9SkHzxLmLLFfkwQEj9rh3sam26QwqQtCo9N,1.73084396e-06,13.518,13.518,2000-01-01 00:46:09,0,run/data/m2/debug.log,7673
270,3,0,m3,1TxbTqvswKsuDDV5Yn8biA1UVPNko7mhCHbU88,4.14452579e-06,14.727,14.727,2000-01-01 00:46:09,0,run/data/m3/debug.log,3548
271,3,0,m1,1FFo3ah8sAKS4svacrTuQgQBUPEKrjop9rucCp,1.5581375e-06,13.177,13.177,2000-01-01 00:46:20,0,run/data/m1/debug.log,27902
271,3,0,m2,1LC9SkHzxLmLLFfkwQEj9rh3sam26QwqQtCo9N,1.63771958e-05,14.750,14.750,2000-01-01 00:46:21,0,run/data/m2/debug.log,7688
271,3,0,m3,1TxbTqvswKsuDDV5Yn8biA1UVPNko7mhCHbU88,7.65320449e-06,14.749,14.749,2000-01-01 00:46:21,0,run/data/m3/debug.log,3563
272,3,0,m1,1FFo3ah8sAKS4svacrTuQgQBUPEKrjop9rucCp,1.87338798e-06,13.585,13.585,2000-01-01 00:46:33,0,run/data/m1/debug.log,28142
272,3,0,m2,1LC9SkHzxLmLLFfkwQEj9rh3sam26QwqQtCo9N,9.01352158e-07,11.236,11.236,2000-01-01 00:46:33,0,run/data/m2/debug.log,7706
272,3,0,m3,1TxbTqvswKsuDDV5Yn8biA1UVPNko7mhCHbU88,1.2881608e-05,14.667,14.667,2000-01-01 00:46:33,0,run/data/m3/debug.log,3581
273,3,0,m1,1FFo3ah8sAKS4svacrTuQgQBUPEKrjop9rucCp,3.19456525e-07,7.839,7.839,2000-01-01 00:46:46,0,run/data/m1/debug.log,28157
273,3,0,m2,1LC9SkHzxLmLLFfkwQEj9rh3sam26QwqQtCo9N,1.64115097e-06,13.258,13.258,2000-01-01 00:46:45,0,run/data/m2/debug.log,7850
273,3,0,m3,1TxbTqvswKsuDDV5Yn8biA1UVPNko7mhCHbU88,1.24987051e-05,14.683,14.683,2000-01-01 00:46:46,0,run/data/m3/debug.log,3596
274,3,0,m1,1FFo3ah8sAKS4svacrTuQgQBUPEKrjop9rucCp,1.62075913e-06,13.306,13.306,2000-01-01 00:46:55,0,run/data/m1/debug.log,28221
274,3,0,m2,1LC9SkHzxLmLLFfkwQEj9rh3sam26QwqQtCo9N,7.1169735e-06,14.765,14.765,2000-01-01 00:46:55,0,run/data/m2/debug.log,7865
274,3,0,m3,1TxbTqvswKsuDDV5Yn8biA1UVPNko7mhCHbU88,1.8553524e-05,14.767,14.767,2000-01-01 00:46:55,0,run/data/m3/debug.log,3611
275,3,0,m1,1FFo3ah8sAKS4svacrTuQgQBUPEKrjop9rucCp,7.86761472e-07,10.753,10.753,2000-01-01 00:47:09,0,run/data/m1/debug.log,28597
275,3,0,m2,1LC9SkHzxLmLLFfkwQEj9rh3sam26QwqQtCo9N,2.68138485e-06,14.269,14.269,2000-01-01 00:47:11,0,run/data/m2/debug.log,7880
275,3,0,m3,1TxbTqvswKsuDDV5Yn8biA1UVPNko7mhCHbU88,7.82888561e-06,14.682,14.682,2000-01-01 00:47:10,0,run/data/m3/debug.log,3626
276,3,0,m1,1FFo3ah8sAKS4svacrTuQgQBUPEKrjop9rucCp,9.9012827e-07,11.563,11.563,2000-01-01 00:47:20,0,run/data/m1/debug.log,29119
276,3,0,m2,1LC9SkHzxLmLLFfkwQEj9rh3sam26QwqQtCo9N,1.14803402e-05,14.650,14.650,2000-01-01 00:47:21,0,run/data/m2/debug.log,7895
276,3,0,m3,1TxbTqvswKsuDDV5Yn8biA1UVPNko7mhCHbU88,5.02142857e-07,9.140,9.140,2000-01-01 00:47:20,0,run/data/m3/debug.log,3641
277,3,0,m1,1FFo3ah8sAKS4svacrTuQgQBUPEKrjop9rucCp,1.18996237e-06,12.248,12.248,2000-01-01 00:47:31,0,run/data/m1/debug.log,29134
277,3,0,m2,1LC9SkHzxLmLLFfkwQEj9rh3sam26QwqQtCo9N,5.63437639e-06,14.671,14.671,2000-01-01 00:47:32,0,run/data/m2/debug.log,7910
277,3,0,m3,1TxbTqvswKsuDDV5Yn8biA1UVPNko7mhCHbU88,2.33295117e-05,14.683,14.683,2000-01-01 00:47:30,0,run/data/m3/debug.log,3674
278,3,0,m1,1FFo3ah8sAKS4svacrTuQgQBUPEKrjop9rucCp,7.54070718e-07,10.531,10.531,2000-01-01 00:47:44,0,run/data/m1/debug.log,29549
278,3,0,m2,1LC9SkHzxLmLLFfkwQEj9rh3sam26QwqQtCo9N,1.80106415e-06,13.438,13.438,2000-01-01 00:47:45,0,run/data/m2/debug.log,7925
278,3,0,m3,1TxbTqvswKsuDDV5Yn8biA1UVPNko7mhCHbU88,8.45307574e-06,14.616,14.616,2000-01-01 00:47:45,0,run/data/m3/debug.log,3689
279,3,0,m1,1FFo3ah8sAKS4svacrTuQgQBUPEKrjop9rucCp,1.67276864e-06,13.244,13.244,2000-01-01 00:47:55,0,run/data/m1/debug.log,29870
279,3,0,m2,1LC9SkHzxLmLLFfkwQEj9rh3sam26QwqQtCo9N,1.39739312e-06,12.713,12.713,2000-01-01 00:47:56,0,run/data/m2/debug.log,7940
279,3,0,m3,1TxbTqvswKsuDDV5Yn8biA1UVPNko7mhCHbU88,4.09679196e-05,14.617,14.617,2000-01-01 00:47:57,0,run/data/m3/debug.log,3704
280,3,0,m1,1FFo3ah8sAKS4svacrTuQgQBUPEKrjop9rucCp,1.09594825e-06,11.844,11.844,2000-01-01 00:48:10,0,run/data/m1/debug.log,29885
280,3,0,m2,1LC9SkHzxLmLLFfkwQEj9rh3sam26QwqQtCo9N,3.28120311e-06,14.363,14.363,2000-01-01 00:48:09,0,run/data/m2/debug.log,8234
280,3,0,m3,1TxbTqvswKsuDDV5Yn8biA1UVPNko7mhCHbU88,1.57552485e-05,14.567,14.567,2000-01-01 00:48:10,0,run/data/m3/debug.log,3719
281,3,0,m1,1FFo3ah8sAKS4svacrTuQgQBUPEKrjop9rucCp,7.26532039e-07,10.328,10.328,2000-01-01 00:48:22,0,run/data/m1/debug.log,29938
281,3,0,m2,1LC9SkHzxLmLLFfkwQEj9rh3sam26QwqQtCo9N,3.83094847e-06,14.444,14.444,2000-01-01 00:48:23,0,run/data/m2/debug.log,8249
281,3,0,m3,1TxbTqvswKsuDDV5Yn8biA1UVPNko7mhCHbU88,1.65231505e-05,14.550,14.550,2000-01-01 00:48:23,0,run/data/m3/debug.log,3734
282,3,0,m1,1FFo3ah8sAKS4svacrTuQgQBUPEKrjop9rucCp,1.39716334e-06,12.679,12.679,2000-01-01 00:48:33,0,run/data/m1/debug.log,30066
282,3,0,m2,1LC9SkHzxLmLLFfkwQEj9rh3sam26QwqQtCo9N,4.83768908e-06,14.551,14.551,2000-01-01 00:48:33,0,run/data/m2/debug.log,8267
282,3,0,m3,1TxbTqvswKsuDDV5Yn8biA1UVPNko7mhCHbU88,2.24018597e-05,14.583,14.583,2000-01-01 00:48:34,0,run/data/m3/debug.log,3752
283,3,0,m1,1FFo3ah8sAKS4svacrTuQgQBUPEKrjop9rucCp,1.90710533e-07,6.576,6.576,2000-01-01 00:48:46,0,run/data/m1/debug.log,30585
283,3,0,m2,1LC9SkHzxLmLLFfkwQEj9rh3sam26QwqQtCo9N,2.47240136e-06,14.019,14.019,2000-01-01 00:48:47,0,run/data/m2/debug.log,8282
283,3,0,m3,1TxbTqvswKsuDDV5Yn8biA1UVPNko7mhCHbU88,4.17775393e-06,14.480,14.480,2000-01-01 00:48:47,0,run/data/m3/debug.log,3767
284,3,0,m1,1FFo3ah8sAKS4svacrTuQgQBUPEKrjop9rucCp,7.59661083e-08,5.546,5.546,2000-01-01 00:48:52,0,run/data/m1/debug.log,30850
284,3,0,m2,1LC9SkHzxLmLLFfkwQEj9rh3sam26QwqQtCo9N,9.32949103e-07,11.379,11.379,2000-01-01 00:48:54,0,run/data/m2/debug.log,8297
284,3,0,m3,1TxbTqvswKsuDDV5Yn8biA1UVPNko7mhCHbU88,2.06789466e-05,14.683,14.683,2000-01-01 00:48:54,0,run/data/m3/debug.log,3782
285,3,0,m1,1FFo3ah8sAKS4svacrTuQgQBUPEKrjop9rucCp,2.21952409e-09,4.793,4.793,2000-01-01 00:48:59,0,run/data/m1/debug.log,31171
285,3,0,m2,1LC9SkHzxLmLLFfkwQEj9rh3sam26QwqQtCo9N,9.99279289e-07,11.713,11.713,2000-01-01 00:49:01,0,run/data/m2/debug.log,8312
285,3,0,m3,1TxbTqvswKsuDDV5Yn8biA1UVPNko7mhCHbU88,7.24502362e-06,14.765,14.765,2000-01-01 00:49:00,0,run/data/m3/debug.log,3797
286,3,0,m1,1FFo3ah8sAKS4svacrTuQgQBUPEKrjop9rucCp,2.18500751e-07,7.118,7.118,2000-01-01 00:49:05,0,run/data/m1/debug.log,31409
286,3,0,m2,1LC9SkHzxLmLLFfkwQEj9rh3sam26QwqQtCo9N,2.84829179e-08,5.166,5.166,2000-01-01 00:49:05,0,run/data/m2/debug.log,8327
286,3,0,m3,1TxbTqvswKsuDDV5Yn8biA1UVPNko7mhCHbU88,1.64746553e-06,13.418,13.418,2000-01-01 00:49:06,0,run/data/m3/debug.log,3812
287,3,0,m1,1FFo3ah8sAKS4svacrTuQgQBUPEKrjop9rucCp,1.99646642e-06,14.032,14.032,2000-01-01 00:49:11,0,run/data/m1/debug.log,31424
287,3,0,m2,1LC9SkHzxLmLLFfkwQEj9rh3sam26QwqQtCo9N,3.26113964e-07,8.176,8.176,2000-01-01 00:49:11,0,run/data/m2/debug.log,8436
287,3,0,m3,1TxbTqvswKsuDDV5Yn8biA1UVPNko7mhCHbU88,9.39852032e-06,14.967,14.967,2000-01-01 00:49:11,0,run/data/m3/debug.log,3827
288,3,0,m1,1FFo3ah8sAKS4svacrTuQgQBUPEKrjop9rucCp,2.58491663e-06,14.552,14.552,2000-01-01 00:49:20,0,run/data/m1/debug.log,31439
288,3,0,m2,1LC9SkHzxLmLLFfkwQEj9rh3sam26QwqQtCo9N,3.39416895e-07,8.333,8.333,2000-01-01 00:49:19,0,run/data/m2/debug.log,8529
288,3,0,m3,1TxbTqvswKsuDDV5Yn8biA1UVPNko7mhCHbU88,3.43561926e-05,15.017,15.017,2000-01-01 00:49:20,0,run/data/m3/debug.log,3842
289,3,0,m1,1FFo3ah8sAKS4svacrTuQgQBUPEKrjop9rucCp,1.22966133e-07,6.391,6.391,2000-01-01 00:49:29,0,run/data/m1/debug.log,31454
289,3,0,m2,1LC9SkHzxLmLLFfkwQEj9rh3sam26QwqQtCo9N,8.10670629e-06,15.033,15.033,2000-01-01 00:49:28,0,run/data/m2/debug.log,8722
289,3,0,m3,1TxbTqvswKsuDDV5Yn8biA1UVPNko7mhCHbU88,2.6382815e-05,15.033,15.033,2000-01-01 00:49:29,0,run/data/m3/debug.log,3857
290,3,0,m1,1FFo3ah8sAKS4svacrTuQgQBUPEKrjop9rucCp,3.47888594e-06,14.989,14.989,2000-01-01 00:49:35,0,run/data/m1/debug.log,31493
290,3,0,m2,1LC9SkHzxLmLLFfkwQEj9rh3sam26QwqQtCo9N,3.7822056e-06,15.038,15.038,2000-01-01 00:49:36,0,run/data/m2/debug.log,8737
290,3,0,m3,1TxbTqvswKsuDDV5Yn8biA1UVPNko7mhCHbU88,3.76696174e-05,15.150,15.150,2000-01-01 00:49:37,0,run/data/m3/debug.log,3872
291,3,0,m1,1FFo3ah8sAKS4svacrTuQgQBUPEKrjop9rucCp,3.17451625e-06,14.836,14.836,2000-01-01 00:49:51,0,run/data/m1/debug.log,31512
291,3,0,m2,1LC9SkHzxLmLLFfkwQEj9rh3sam26QwqQtCo9N,1.21075551e-06,12.691,12.691,2000-01-01 00:49:51,0,run/data/m2/debug.log,8752
291,3,0,m3,1TxbTqvswKsuDDV5Yn8biA1UVPNko7mhCHbU88,7.76433122e-06,15.066,15.066,2000-01-01 00:49:52,0,run/data/m3/debug.log,3887
292,3,0,m1,1FFo3ah8sAKS4svacrTuQgQBUPEKrjop9rucCp,3.94577124e-07,8.823,8.823,2000-01-01 00:50:05,0,run/data/m1/debug.log,31527
292,3,0,m2,1LC9SkHzxLmLLFfkwQEj9rh3sam26QwqQtCo9N,3.85130577e-06,14.980,14.980,2000-01-01 00:50:04,0,run/data/m2/debug.log,8805
292,3,0,m3,1TxbTqvswKsuDDV5Yn8biA1UVPNko7mhCHbU88,1.01820589e-05,15.083,15.083,2000-01-01 00:50:05,0,run/data/m3/debug.log,3902
293,3,0,m1,1FFo3ah8sAKS4svacrTuQgQBUPEKrjop9rucCp,2.02261828e-06,14.210,14.210,2000-01-01 00:50:15,0,run/data/m1/debug.log,31749
293,3,0,m2,1LC9SkHzxLmLLFfkwQEj9rh3sam26QwqQtCo9N,5.60990201e-07,9.978,9.978,2000-01-01 00:50:15,0,run/data/m2/debug.log,8820
293,3,0,m3,1TxbTqvswKsuDDV5Yn8biA1UVPNko7mhCHbU88,1.74663151e-05,15.117,15.117,2000-01-01 00:50:16,0,run/data/m3/debug.log,3917
294,3,0,m1,1FFo3ah8sAKS4svacrTuQgQBUPEKrjop9rucCp,1.82129965e-06,13.966,13.966,2000-01-01 00:50:27,0,run/data/m1/debug.log,31764
294,3,0,m2,1LC9SkHzxLmLLFfkwQEj9rh3sam26QwqQtCo9N,3.07443756e-06,14.857,14.857,2000-01-01 00:50:26,0,run/data/m2/debug.log,8843
294,3,0,m3,1TxbTqvswKsuDDV5Yn8biA1UVPNko7mhCHbU88,2.22536081e-05,15.117,15.117,2000-01-01 00:50:27,0,run/data/m3/debug.log,3932
295,3,0,m1,1FFo3ah8sAKS4svacrTuQgQBUPEKrjop9rucCp,1.54951968e-06,13.494,13.494,2000-01-01 00:50:41,0,run/data/m1/debug.log,31895
295,3,0,m2,1LC9SkHzxLmLLFfkwQEj9rh3sam26QwqQtCo9N,2.95293446e-06,14.783,14.783,2000-01-01 00:50:42,0,run/data/m2/debug.log,8861
295,3,0,m3,1TxbTqvswKsuDDV5Yn8biA1UVPNko7mhCHbU88,3.09932019e-06,14.831,14.831,2000-01-01 00:50:43,0,run/data/m3/debug.log,3950
296,3,0,m1,1FFo3ah8sAKS4svacrTuQgQBUPEKrjop9rucCp,3.54854533e-07,8.371,8.371,2000-01-01 00:50:56,0,run/data/m1/debug.log,32097
296,3,0,m2,1LC9SkHzxLmLLFfkwQEj9rh3sam26QwqQtCo9N,8.92687868e-07,11.467,11.467,2000-01-01 00:50:56,0,run/data/m2/debug.log,8876
296,3,0,m3,1TxbTqvswKsuDDV5Yn8biA1UVPNko7mhCHbU88,6.30854976e-06,14.928,14.928,2000-01-01 00:50:57,0,run/data/m3/debug.log,3965
297,3,0,m1,1FFo3ah8sAKS4svacrTuQgQBUPEKrjop9rucCp,3.48982958e-07,8.292,8.292,2000-01-01 00:51:05,0,run/data/m1/debug.log,32119
297,3,0,m2,1LC9SkHzxLmLLFfkwQEj9rh3sam26QwqQtCo9N,6.01415767e-06,14.892,14.892,2000-01-01 00:51:05,0,run/data/m2/debug.log,8891
297,3,0,m3,1TxbTqvswKsuDDV5Yn8biA1UVPNko7mhCHbU88,1.16886091e-06,12.403,12.403,2000-01-01 00:51:06,0,run/data/m3/debug.log,3980
298,3,0,m1,1FFo3ah8sAKS4svacrTuQgQBUPEKrjop9rucCp,1.41578364e-06,13.004,13.004,2000-01-01 00:51:13,0,run/data/m1/debug.log,33366
298,3,0,m2,1LC9SkHzxLmLLFfkwQEj9rh3sam26QwqQtCo9N,2.53981103e-06,14.376,14.376,2000-01-01 00:51:14,0,run/data/m2/debug.log,8906
298,3,0,m3,1TxbTqvswKsuDDV5Yn8biA1UVPNko7mhCHbU88,1.37565051e-05,14.867,14.867,2000-01-01 00:51:15,0,run/data/m3/debug.log,3995
299,3,0,m1,1FFo3ah8sAKS4svacrTuQgQBUPEKrjop9rucCp,7.52719834e-07,10.641,10.641,2000-01-01 00:51:27,0,run/data/m1/debug.log,34970
299,3,0,m2,1LC9SkHzxLmLLFfkwQEj9rh3sam26QwqQtCo9N,1.03069247e-05,14.733,14.733,2000-01-01 00:51:28,0,run/data/m2/debug.log,8921
299,3,0,m3,1TxbTqvswKsuDDV5Yn8biA1UVPNko7mhCHbU88,8.27389761e-06,14.733,14.733,2000-01-01 00:51:28,0,run/data/m3/debug.log,4010
300,4,0,m1,1FFo3ah8sAKS4svacrTuQgQBUPEKrjop9rucCp,2.61188869e-06,14.233,14.233,2000-01-01 00:51:38,0,run/data/m1/debug.log,35234
300,4,0,m2,1LC9SkHzxLmLLFfkwQEj9rh3sam26QwqQtCo9N,1.10856177e-06,12.001,12.001,2000-01-01 00:51:39,0,run/data/m2/debug.log,8936
300,4,0,m3,1TxbTqvswKsuDDV5Yn8biA1UVPNko7mhCHbU88,8.44823217e-06,14.683,14.683,2000-01-01 00:51:39,0,run/data/m3/debug.log,4025
301,4,0,m1,1FFo3ah8sAKS4svacrTuQgQBUPEKrjop9rucCp,6.91409599e-07,10.215,10.215,2000-01-01 00:51:52,0,run/data/m1/debug.log,35249
301,4,0,m2,1LC9SkHzxLmLLFfkwQEj9rh3sam26QwqQtCo9N,4.30715765e-06,14.556,14.556,2000-01-01 00:51:51,0,run/data/m2/debug.log,9092
301,4,0,m3,1TxbTqvswKsuDDV5Yn8biA1UVPNko7mhCHbU88,4.73022326e-06,14.580,14.580,2000-01-01 00:51:52,0,run/data/m3/debug.log,4040
302,4,0,m1,1FFo3ah8sAKS4svacrTuQgQBUPEKrjop9rucCp,8.40593134e-07,10.846,10.846,2000-01-01 00:52:03,0,run/data/m1/debug.log,35627
302,4,0,m2,1LC9SkHzxLmLLFfkwQEj9rh3sam26QwqQtCo9N,3.78309191e-06,14.421,14.421,2000-01-01 00:52:03,0,run/data/m2/debug.log,9108
302,4,0,m3,1TxbTqvswKsuDDV5Yn8biA1UVPNko7mhCHbU88,3.96836104e-05,14.533,14.533,2000-01-01 00:52:04,0,run/data/m3/debug.log,4056
303,4,0,m1,1FFo3ah8sAKS4svacrTuQgQBUPEKrjop9rucCp,7.98948716e-07,10.743,10.743,2000-01-01 00:52:14,0,run/data/m1/debug.log,35928
303,4,0,m2,1LC9SkHzxLmLLFfkwQEj9rh3sam26QwqQtCo9N,2.07853841e-06,13.768,13.768,2000-01-01 00:52:15,0,run/data/m2/debug.log,9123
303,4,0,m3,1TxbTqvswKsuDDV5Yn8biA1UVPNko7mhCHbU88,2.77455099e-06,14.245,14.245,2000-01-01 00:52:15,0,run/data/m3/debug.log,4071
304,4,0,m1,1FFo3ah8sAKS4svacrTuQgQBUPEKrjop9rucCp,6.49565726e-07,10.025,10.025,2000-01-01 00:52:25,0,run/data/m1/debug.log,36107
304,4,0,m2,1LC9SkHzxLmLLFfkwQEj9rh3sam26QwqQtCo9N,8.78440007e-07,11.125,11.125,2000-01-01 00:52:26,0,run/data/m2/debug.log,9138
304,4,0,m3,1TxbTqvswKsuDDV5Yn8biA1UVPNko7mhCHbU88,1.74249956e-06,13.386,13.386,2000-01-01 00:52:26,0,run/data/m3/debug.log,4086
305,4,0,m1,1FFo3ah8sAKS4svacrTuQgQBUPEKrjop9rucCp,1.54772257e-06,13.057,13.057,2000-01-01 00:52:36,0,run/data/m1/debug.log,36256
305,4,0,m2,1LC9SkHzxLmLLFfkwQEj9rh3sam26QwqQtCo9N,2.26118253e-06,13.967,13.967,2000-01-01 00:52:36,0,run/data/m2/debug.log,9156
305,4,0,m3,1TxbTqvswKsuDDV5Yn8biA1UVPNko7mhCHbU88,1.48120451e-05,14.650,14.650,2000-01-01 00:52:37,0,run/data/m3/debug.log,4104
306,4,0,m1,1FFo3ah8sAKS4svacrTuQgQBUPEKrjop9rucCp,1.95620619e-07,6.689,6.689,2000-01-01 00:52:49,0,run/data/m1/debug.log,36382
306,4,0,m2,1LC9SkHzxLmLLFfkwQEj9rh3sam26QwqQtCo9N,1.13090904e-06,12.004,12.004,2000-01-01 00:52:51,0,run/data/m2/debug.log,9171
306,4,0,m3,1TxbTqvswKsuDDV5Yn8biA1UVPNko7mhCHbU88,1.90873975e-05,14.617,14.617,2000-01-01 00:52:50,0,run/data/m3/debug.log,4119
307,4,0,m1,1FFo3ah8sAKS4svacrTuQgQBUPEKrjop9rucCp,2.75118565e-07,7.422,7.422,2000-01-01 00:52:57,0,run/data/m1/debug.log,36405
307,4,0,m2,1LC9SkHzxLmLLFfkwQEj9rh3sam26QwqQtCo9N,3.97568518e-06,14.625,14.625,2000-01-01 00:52:58,0,run/data/m2/debug.log,9191
307,4,0,m3,1TxbTqvswKsuDDV5Yn8biA1UVPNko7mhCHbU88,2.90718488e-05,14.733,14.733,2000-01-01 00:52:58,0,run/data/m3/debug.log,4139
308,4,0,m1,1FFo3ah8sAKS4svacrTuQgQBUPEKrjop9rucCp,3.37955653e-07,8.044,8.044,2000-01-01 00:53:05,0,run/data/m1/debug.log,36468
308,4,0,m2,1LC9SkHzxLmLLFfkwQEj9rh3sam26QwqQtCo9N,4.40476131e-06,14.784,14.784,2000-01-01 00:53:06,0,run/data/m2/debug.log,9206
308,4,0,m3,1TxbTqvswKsuDDV5Yn8biA1UVPNko7mhCHbU88,2.97742874e-05,14.850,14.850,2000-01-01 00:53:06,0,run/data/m3/debug.log,4154
309,4,0,m1,1FFo3ah8sAKS4svacrTuQgQBUPEKrjop9rucCp,1.81631068e-06,13.602,13.602,2000-01-01 00:53:13,0,run/data/m1/debug.log,36488
309,4,0,m2,1LC9SkHzxLmLLFfkwQEj9rh3sam26QwqQtCo9N,9.273951e-06,14.866,14.866,2000-01-01 00:53:15,0,run/data/m2/debug.log,9221
309,4,0,m3,1TxbTqvswKsuDDV5Yn8biA1UVPNko7mhCHbU88,1.22068978e-05,14.867,14.867,2000-01-01 00:53:15,0,run/data/m3/debug.log,4169
310,4,0,m1,1FFo3ah8sAKS4svacrTuQgQBUPEKrjop9rucCp,1.12290508e-07,5.950,5.950,2000-01-01 00:53:28,0,run/data/m1/debug.log,36790
310,4,0,m2,1LC9SkHzxLmLLFfkwQEj9rh3sam26QwqQtCo9N,1.42150432e-07,6.244,6.244,2000-01-01 00:53:29,0,run/data/m2/debug.log,9236
310,4,0,m3,1TxbTqvswKsuDDV5Yn8biA1UVPNko7mhCHbU88,3.17767431e-05,14.750,14.750,2000-01-01 00:53:29,0,run/data/m3/debug.log,4184
311,4,0,m1,1FFo3ah8sAKS4svacrTuQgQBUPEKrjop9rucCp,2.57064534e-08,5.172,5.172,2000-01-01 00:53:34,0,run/data/m1/debug.log,37320
311,4,0,m2,1LC9SkHzxLmLLFfkwQEj9rh3sam26QwqQtCo9N,6.4677819e-06,14.877,14.877,2000-01-01 00:53:36,0,run/data/m2/debug.log,9251
311,4,0,m3,1TxbTqvswKsuDDV5Yn8biA1UVPNko7mhCHbU88,1.43401089e-05,14.883,14.883,2000-01-01 00:53:36,0,run/data/m3/debug.log,4199
312,4,0,m1,1FFo3ah8sAKS4svacrTuQgQBUPEKrjop9rucCp,2.18151008e-06,14.132,14.132,2000-01-01 00:53:40,0,run/data/m1/debug.log,37444
312,4,0,m2,1LC9SkHzxLmLLFfkwQEj9rh3sam26QwqQtCo9N,2.75862067e-06,14.534,14.534,2000-01-01 00:53:40,0,run/data/m2/debug.log,9266
312,4,0,m3,1TxbTqvswKsuDDV5Yn8biA1UVPNko7mhCHbU88,1.23967035e-05,14.967,14.967,2000-01-01 00:53:41,0,run/data/m3/debug.log,4214
313,4,0,m1,1FFo3ah8sAKS4svacrTuQgQBUPEKrjop9rucCp,2.25956258e-06,14.186,14.186,2000-01-01 00:53:54,0,run/data/m1/debug.log,37669
313,4,0,m2,1LC9SkHzxLmLLFfkwQEj9rh3sam26QwqQtCo9N,6.20234677e-06,14.941,14.941,2000-01-01 00:53:55,0,run/data/m2/debug.log,9281
313,4,0,m3,1TxbTqvswKsuDDV5Yn8biA1UVPNko7mhCHbU88,4.4430876e-05,14.950,14.950,2000-01-01 00:53:55,0,run/data/m3/debug.log,4229
314,4,0,m1,1FFo3ah8sAKS4svacrTuQgQBUPEKrjop9rucCp,1.531402e-07,6.517,6.517,2000-01-01 00:54:08,0,run/data/m1/debug.log,37694
314,4,0,m2,1LC9SkHzxLmLLFfkwQEj9rh3sam26QwqQtCo9N,9.15123433e-07,11.388,11.388,2000-01-01 00:54:10,0,run/data/m2/debug.log,9296
314,4,0,m3,1TxbTqvswKsuDDV5Yn8biA1UVPNko7mhCHbU88,2.1392925e-05,14.917,14.917,2000-01-01 00:54:10,0,run/data/m3/debug.log,4244
315,4,0,m1,1FFo3ah8sAKS4svacrTuQgQBUPEKrjop9rucCp,7.10736703e-07,10.531,10.531,2000-01-01 00:54:15,0,run/data/m1/debug.log,38342
315,4,0,m2,1LC9SkHzxLmLLFfkwQEj9rh3sam26QwqQtCo9N,2.27530686e-06,14.233,14.233,2000-01-01 00:54:16,0,run/data/m2/debug.log,9311
315,4,0,m3,1TxbTqvswKsuDDV5Yn8biA1UVPNko7mhCHbU88,2.88437608e-07,7.782,7.782,2000-01-01 00:54:16,0,run/data/m3/debug.log,4259
316,4,0,m1,1FFo3ah8sAKS4svacrTuQgQBUPEKrjop9rucCp,3.07257596e-06,14.697,14.697,2000-01-01 00:54:26,0,run/data/m1/debug.log,38357
316,4,0,m2,1LC9SkHzxLmLLFfkwQEj9rh3sam26QwqQtCo9N,1.44020444e-06,13.059,13.059,2000-01-01 00:54:26,0,run/data/m2/debug.log,9326
316,4,0,m3,1TxbTqvswKsuDDV5Yn8biA1UVPNko7mhCHbU88,8.2051166e-06,14.999,14.999,2000-01-01 00:54:25,0,run/data/m3/debug.log,4413
317,4,0,m1,1FFo3ah8sAKS4svacrTuQgQBUPEKrjop9rucCp,2.85865425e-06,14.564,14.564,2000-01-01 00:54:40,0,run/data/m1/debug.log,38375
317,4,0,m2,1LC9SkHzxLmLLFfkwQEj9rh3sam26QwqQtCo9N,1.78572219e-06,13.640,13.640,2000-01-01 00:54:39,0,run/data/m2/debug.log,9779
317,4,0,m3,1TxbTqvswKsuDDV5Yn8biA1UVPNko7mhCHbU88,4.61347974e-06,14.898,14.898,2000-01-01 00:54:40,0,run/data/m3/debug.log,4431
318,4,0,m1,1FFo3ah8sAKS4svacrTuQgQBUPEKrjop9rucCp,2.37554814e-06,14.248,14.248,2000-01-01 00:54:55,0,run/data/m1/debug.log,38390
318,4,0,m2,1LC9SkHzxLmLLFfkwQEj9rh3sam26QwqQtCo9N,2.51951595e-06,14.349,14.349,2000-01-01 00:54:54,0,run/data/m2/debug.log,10149
318,4,0,m3,1TxbTqvswKsuDDV5Yn8biA1UVPNko7mhCHbU88,1.12662865e-05,14.917,14.917,2000-01-01 00:54:55,0,run/data/m3/debug.log,4446
319,4,0,m1,1FFo3ah8sAKS4svacrTuQgQBUPEKrjop9rucCp,1.93313772e-06,13.693,13.693,2000-01-01 00:55:09,0,run/data/m1/debug.log,38765
319,4,0,m2,1LC9SkHzxLmLLFfkwQEj9rh3sam26QwqQtCo9N,1.58112242e-06,13.147,13.147,2000-01-01 00:55:09,0,run/data/m2/debug.log,10323
319,4,0,m3,1TxbTqvswKsuDDV5Yn8biA1UVPNko7mhCHbU88,2.32286956e-05,14.800,14.800,2000-01-01 00:55:10,0,run/data/m3/debug.log,4477
320,4,0,m1,1FFo3ah8sAKS4svacrTuQgQBUPEKrjop9rucCp,9.75142427e-08,5.767,5.767,2000-01-01 00:55:23,0,run/data/m1/debug.log,38800
320,4,0,m2,1LC9SkHzxLmLLFfkwQEj9rh3sam26QwqQtCo9N,3.79626298e-06,14.584,14.584,2000-01-01 00:55:22,0,run/data/m2/debug.log,10547
320,4,0,m3,1TxbTqvswKsuDDV5Yn8biA1UVPNko7mhCHbU88,2.75789068e-05,14.717,14.717,2000-01-01 00:55:23,0,run/data/m3/debug.log,4492
321,4,0,m1,1FFo3ah8sAKS4svacrTuQgQBUPEKrjop9rucCp,1.90902352e-06,13.579,13.579,2000-01-01 00:55:30,0,run/data/m1/debug.log,39161
321,4,0,m2,1LC9SkHzxLmLLFfkwQEj9rh3sam26QwqQtCo9N,3.69376574e-06,14.567,14.567,2000-01-01 00:55:31,0,run/data/m2/debug.log,10562
321,4,0,m3,1TxbTqvswKsuDDV5Yn8biA1UVPNko7mhCHbU88,3.8634102e-06,14.594,14.594,2000-01-01 00:55:31,0,run/data/m3/debug.log,4507
322,4,0,m1,1FFo3ah8sAKS4svacrTuQgQBUPEKrjop9rucCp,4.97977193e-07,9.061,9.061,2000-01-01 00:55:44,0,run/data/m1/debug.log,39388
322,4,0,m2,1LC9SkHzxLmLLFfkwQEj9rh3sam26QwqQtCo9N,5.93012708e-06,14.722,14.722,2000-01-01 00:55:45,0,run/data/m2/debug.log,10577
322,4,0,m3,1TxbTqvswKsuDDV5Yn8biA1UVPNko7mhCHbU88,1.39867966e-07,6.205,6.205,2000-01-01 00:55:45,0,run/data/m3/debug.log,4522
323,4,0,m1,1FFo3ah8sAKS4svacrTuQgQBUPEKrjop9rucCp,3.5734209e-07,8.042,8.042,2000-01-01 00:55:53,0,run/data/m1/debug.log,39403
323,4,0,m2,1LC9SkHzxLmLLFfkwQEj9rh3sam26QwqQtCo9N,2.06883988e-06,13.751,13.751,2000-01-01 00:55:53,0,run/data/m2/debug.log,10592
323,4,0,m3,1TxbTqvswKsuDDV5Yn8biA1UVPNko7mhCHbU88,5.60439162e-06,14.683,14.683,2000-01-01 00:55:52,0,run/data/m3/debug.log,4926
324,4,0,m1,1FFo3ah8sAKS4svacrTuQgQBUPEKrjop9rucCp,2.71409922e-06,14.178,14.178,2000-01-01 00:56:02,0,run/data/m1/debug.log,39704
324,4,0,m2,1LC9SkHzxLmLLFfkwQEj9rh3sam26QwqQtCo9N,2.93074446e-06,14.278,14.278,2000-01-01 00:56:03,0,run/data/m2/debug.log,10607
324,4,0,m3,1TxbTqvswKsuDDV5Yn8biA1UVPNko7mhCHbU88,2.40086412e-06,13.983,13.983,2000-01-01 00:56:03,0,run/data/m3/debug.log,4941
325,4,0,m1,1FFo3ah8sAKS4svacrTuQgQBUPEKrjop9rucCp,9.30671097e-07,11.167,11.167,2000-01-01 00:56:16,0,run/data/m1/debug.log,39962
325,4,0,m2,1LC9SkHzxLmLLFfkwQEj9rh3sam26QwqQtCo9N,7.96339029e-06,14.632,14.632,2000-01-01 00:56:17,0,run/data/m2/debug.log,10622
325,4,0,m3,1TxbTqvswKsuDDV5Yn8biA1UVPNko7mhCHbU88,2.40374896e-05,14.633,14.633,2000-01-01 00:56:17,0,run/data/m3/debug.log,4956
326,4,0,m1,1FFo3ah8sAKS4svacrTuQgQBUPEKrjop9rucCp,9.89064376e-07,11.423,11.423,2000-01-01 00:56:28,0,run/data/m1/debug.log,40094
326,4,0,m2,1LC9SkHzxLmLLFfkwQEj9rh3sam26QwqQtCo9N,2.54734864e-07,7.184,7.184,2000-01-01 00:56:29,0,run/data/m2/debug.log,10637
326,4,0,m3,1TxbTqvswKsuDDV5Yn8biA1UVPNko7mhCHbU88,1.29699824e-05,14.667,14.667,2000-01-01 00:56:29,0,run/data/m3/debug.log,4971
327,4,0,m1,1FFo3ah8sAKS4svacrTuQgQBUPEKrjop9rucCp,8.51829959e-08,5.558,5.558,2000-01-01 00:56:38,0,run/data/m1/debug.log,40114
327,4,0,m2,1LC9SkHzxLmLLFfkwQEj9rh3sam26QwqQtCo9N,4.87741256e-06,14.595,14.595,2000-01-01 00:56:37,0,run/data/m2/debug.log,12008
327,4,0,m3,1TxbTqvswKsuDDV5Yn8biA1UVPNko7mhCHbU88,1.71807812e-05,14.633,14.633,2000-01-01 00:56:38,0,run/data/m3/debug.log,4989
328,4,0,m1,1FFo3ah8sAKS4svacrTuQgQBUPEKrjop9rucCp,6.93744666e-07,10.127,10.127,2000-01-01 00:56:45,0,run/data/m1/debug.log,40203
328,4,0,m2,1LC9SkHzxLmLLFfkwQEj9rh3sam26QwqQtCo9N,3.43521871e-06,14.466,14.466,2000-01-01 00:56:46,0,run/data/m2/debug.log,12023
328,4,0,m3,1TxbTqvswKsuDDV5Yn8biA1UVPNko7mhCHbU88,2.73212631e-05,14.667,14.667,2000-01-01 00:56:46,0,run/data/m3/debug.log,5004
329,4,0,m1,1FFo3ah8sAKS4svacrTuQgQBUPEKrjop9rucCp,6.08875152e-08,5.386,5.386,2000-01-01 00:56:56,0,run/data/m1/debug.log,40594
329,4,0,m2,1LC9SkHzxLmLLFfkwQEj9rh3sam26QwqQtCo9N,1.57179082e-06,13.046,13.046,2000-01-01 00:56:57,0,run/data/m2/debug.log,12038
329,4,0,m3,1TxbTqvswKsuDDV5Yn8biA1UVPNko7mhCHbU88,5.41746176e-07,9.320,9.320,2000-01-01 00:56:57,0,run/data/m3/debug.log,5019
330,4,0,m1,1FFo3ah8sAKS4svacrTuQgQBUPEKrjop9rucCp,1.55494119e-06,13.180,13.180,2000-01-01 00:57:01,0,run/data/m1/debug.log,40905
330,4,0,m2,1LC9SkHzxLmLLFfkwQEj9rh3sam26QwqQtCo9N,2.87941773e-06,14.506,14.506,2000-01-01 00:57:03,0,run/data/m2/debug.log,12053
330,4,0,m3,1TxbTqvswKsuDDV5Yn8biA1UVPNko7mhCHbU88,8.05946049e-07,10.888,10.888,2000-01-01 00:57:02,0,run/data/m3/debug.log,5034
331,4,0,m1,1FFo3ah8sAKS4svacrTuQgQBUPEKrjop9rucCp,1.75754751e-06,13.581,13.581,2000-01-01 00:57:14,0,run/data/m1/debug.log,40920
331,4,0,m2,1LC9SkHzxLmLLFfkwQEj9rh3sam26QwqQtCo9N,3.08181528e-06,14.634,14.634,2000-01-01 00:57:15,0,run/data/m2/debug.log,12068
331,4,0,m3,1TxbTqvswKsuDDV5Yn8biA1UVPNko7mhCHbU88,1.2528045e-07,6.263,6.263,2000-01-01 00:57:13,0,run/data/m3/debug.log,5367
332,4,0,m1,1FFo3ah8sAKS4svacrTuQgQBUPEKrjop9rucCp,5.93254831e-07,9.944,9.944,2000-01-01 00:57:21,0,run/data/m1/debug.log,40935
332,4,0,m2,1LC9SkHzxLmLLFfkwQEj9rh3sam26QwqQtCo9N,6.94407494e-06,15.030,15.030,2000-01-01 00:57:21,0,run/data/m2/debug.log,12083
332,4,0,m3,1TxbTqvswKsuDDV5Yn8biA1UVPNko7mhCHbU88,2.2912522e-06,14.297,14.297,2000-01-01 00:57:20,0,run/data/m3/debug.log,5416
333,4,0,m1,1FFo3ah8sAKS4svacrTuQgQBUPEKrjop9rucCp,1.44021172e-06,13.026,13.026,2000-01-01 00:57:32,0,run/data/m1/debug.log,41126
333,4,0,m2,1LC9SkHzxLmLLFfkwQEj9rh3sam26QwqQtCo9N,4.85490184e-07,9.213,9.213,2000-01-01 00:57:33,0,run/data/m2/debug.log,12098
333,4,0,m3,1TxbTqvswKsuDDV5Yn8biA1UVPNko7mhCHbU88,3.17817021e-05,14.967,14.967,2000-01-01 00:57:33,0,run/data/m3/debug.log,5431
334,4,0,m1,1FFo3ah8sAKS4svacrTuQgQBUPEKrjop9rucCp,9.95306477e-07,11.796,11.796,2000-01-01 00:57:44,0,run/data/m1/debug.log,41141
334,4,0,m2,1LC9SkHzxLmLLFfkwQEj9rh3sam26QwqQtCo9N,9.05132534e-06,15.016,15.016,2000-01-01 00:57:43,0,run/data/m2/debug.log,12200
334,4,0,m3,1TxbTqvswKsuDDV5Yn8biA1UVPNko7mhCHbU88,2.32816096e-06,14.310,14.310,2000-01-01 00:57:44,0,run/data/m3/debug.log,5446
335,4,0,m1,1FFo3ah8sAKS4svacrTuQgQBUPEKrjop9rucCp,1.57320338e-06,13.265,13.265,2000-01-01 00:57:56,0,run/data/m1/debug.log,41606
335,4,0,m2,1LC9SkHzxLmLLFfkwQEj9rh3sam26QwqQtCo9N,1.47202964e-06,13.062,13.062,2000-01-01 00:57:58,0,run/data/m2/debug.log,12215
335,4,0,m3,1TxbTqvswKsuDDV5Yn8biA1UVPNko7mhCHbU88,2.80777337e-06,14.524,14.524,2000-01-01 00:57:57,0,run/data/m3/debug.log,5461
336,4,0,m1,1FFo3ah8sAKS4svacrTuQgQBUPEKrjop9rucCp,2.3175698e-06,14.135,14.135,2000-01-01 00:58:11,0,run/data/m1/debug.log,42015
336,4,0,m2,1LC9SkHzxLmLLFfkwQEj9rh3sam26QwqQtCo9N,7.89614004e-06,14.849,14.849,2000-01-01 00:58:11,0,run/data/m2/debug.log,13597
336,4,0,m3,1TxbTqvswKsuDDV5Yn8biA1UVPNko7mhCHbU88,1.63808798e-05,14.850,14.850,2000-01-01 00:58:12,0,run/data/m3/debug.log,5492
337,4,0,m1,1FFo3ah8sAKS4svacrTuQgQBUPEKrjop9rucCp,1.22666419e-06,12.375,12.375,2000-01-01 00:58:25,0,run/data/m1/debug.log,42083
337,4,0,m2,1LC9SkHzxLmLLFfkwQEj9rh3sam26QwqQtCo9N,2.87732452e-06,14.472,14.472,2000-01-01 00:58:26,0,run/data/m2/debug.log,13632
337,4,0,m3,1TxbTqvswKsuDDV5Yn8biA1UVPNko7mhCHbU88,1.33247895e-05,14.850,14.850,2000-01-01 00:58:26,0,run/data/m3/debug.log,5507
338,4,0,m1,1FFo3ah8sAKS4svacrTuQgQBUPEKrjop9rucCp,8.2603826e-08,5.731,5.731,2000-01-01 00:58:38,0,run/data/m1/debug.log,42235
338,4,0,m2,1LC9SkHzxLmLLFfkwQEj9rh3sam26QwqQtCo9N,8.40194e-06,14.833,14.833,2000-01-01 00:58:39,0,run/data/m2/debug.log,13650
338,4,0,m3,1TxbTqvswKsuDDV5Yn8biA1UVPNko7mhCHbU88,3.2998839e-07,7.965,7.965,2000-01-01 00:58:39,0,run/data/m3/debug.log,5525
339,4,0,m1,1FFo3ah8sAKS4svacrTuQgQBUPEKrjop9rucCp,5.83299389e-08,5.509,5.509,2000-01-01 00:58:45,0,run/data/m1/debug.log,42543
339,4,0,m2,1LC9SkHzxLmLLFfkwQEj9rh3sam26QwqQtCo9N,7.23636588e-07,10.479,10.479,2000-01-01 00:58:46,0,run/data/m2/debug.log,13665
339,4,0,m3,1TxbTqvswKsuDDV5Yn8biA1UVPNko7mhCHbU88,5.29609235e-06,14.843,14.843,2000-01-01 00:58:46,0,run/data/m3/debug.log,5540
340,4,0,m1,1FFo3ah8sAKS4svacrTuQgQBUPEKrjop9rucCp,6.80926661e-07,10.294,10.294,2000-01-01 00:58:51,0,run/data/m1/debug.log,43332
340,4,0,m2,1LC9SkHzxLmLLFfkwQEj9rh3sam26QwqQtCo9N,7.60178255e-07,10.691,10.691,2000-01-01 00:58:53,0,run/data/m2/debug.log,13680
340,4,0,m3,1TxbTqvswKsuDDV5Yn8biA1UVPNko7mhCHbU88,6.51338725e-06,14.894,14.894,2000-01-01 00:58:52,0,run/data/m3/debug.log,5555
341,4,0,m1,1FFo3ah8sAKS4svacrTuQgQBUPEKrjop9rucCp,1.45051226e-06,12.982,12.982,2000-01-01 00:59:02,0,run/data/m1/debug.log,43700
341,4,0,m2,1LC9SkHzxLmLLFfkwQEj9rh3sam26QwqQtCo9N,6.78724165e-06,14.896,14.896,2000-01-01 00:59:04,0,run/data/m2/debug.log,13695
341,4,0,m3,1TxbTqvswKsuDDV5Yn8biA1UVPNko7mhCHbU88,2.14920575e-05,14.900,14.900,2000-01-01 00:59:03,0,run/data/m3/debug.log,5570
342,4,0,m1,1FFo3ah8sAKS4svacrTuQgQBUPEKrjop9rucCp,1.20674638e-06,12.235,12.235,2000-01-01 00:59:15,0,run/data/m1/debug.log,44162
342,4,0,m2,1LC9SkHzxLmLLFfkwQEj9rh3sam26QwqQtCo9N,2.52450542e-07,7.264,7.264,2000-01-01 00:59:17,0,run/data/m2/debug.log,13710
342,4,0,m3,1TxbTqvswKsuDDV5Yn8biA1UVPNko7mhCHbU88,1.53516755e-05,14.767,14.767,2000-01-01 00:59:17,0,run/data/m3/debug.log,5585
343,4,0,m1,1FFo3ah8sAKS4svacrTuQgQBUPEKrjop9rucCp,1.37063029e-07,6.261,6.261,2000-01-01 00:59:25,0,run/data/m1/debug.log,44177
343,4,0,m2,1LC9SkHzxLmLLFfkwQEj9rh3sam26QwqQtCo9N,6.05936816e-06,14.807,14.807,2000-01-01 00:59:24,0,run/data/m2/debug.log,14273
343,4,0,m3,1TxbTqvswKsuDDV5Yn8biA1UVPNko7mhCHbU88,5.53588204e-06,14.798,14.798,2000-01-01 00:59:25,0,run/data/m3/debug.log,5600
344,4,0,m1,1FFo3ah8sAKS4svacrTuQgQBUPEKrjop9rucCp,5.11564904e-07,9.214,9.214,2000-01-01 00:59:32,0,run/data/m1/debug.log,44213
344,4,0,m2,1LC9SkHzxLmLLFfkwQEj9rh3sam26QwqQtCo9N,6.65419774e-06,14.795,14.795,2000-01-01 00:59:33,0,run/data/m2/debug.log,14288
344,4,0,m3,1TxbTqvswKsuDDV5Yn8biA1UVPNko7mhCHbU88,4.06576075e-05,14.800,14.800,2000-01-01 00:59:33,0,run/data/m3/debug.log,5615
345,4,0,m1,1FFo3ah8sAKS4svacrTuQgQBUPEKrjop9rucCp,3.50173339e-06,14.648,14.648,2000-01-01 00:59:42,0,run/data/m1/debug.log,44252
345,4,0,m2,1LC9SkHzxLmLLFfkwQEj9rh3sam26QwqQtCo9N,4.07570769e-06,14.737,14.737,2000-01-01 00:59:43,0,run/data/m2/debug.log,14303
345,4,0,m3,1TxbTqvswKsuDDV5Yn8biA1UVPNko7mhCHbU88,6.14311229e-06,14.824,14.824,2000-01-01 00:59:43,0,run/data/m3/debug.log,5630
346,4,0,m1,1FFo3ah8sAKS4svacrTuQgQBUPEKrjop9rucCp,9.41951192e-07,11.345,11.345,2000-01-01 00:59:57,0,run/data/m1/debug.log,44553
346,4,0,m2,1LC9SkHzxLmLLFfkwQEj9rh3sam26QwqQtCo9N,6.09968352e-06,14.757,14.757,2000-01-01 00:59:59,0,run/data/m2/debug.log,14318
346,4,0,m3,1TxbTqvswKsuDDV5Yn8biA1UVPNko7mhCHbU88,1.88897053e-06,13.602,13.602,2000-01-01 00:59:58,0,run/data/m3/debug.log,5645
347,4,0,m1,1FFo3ah8sAKS4svacrTuQgQBUPEKrjop9rucCp,2.7171208e-06,14.330,14.330,2000-01-01 01:00:09,0,run/data/m1/debug.log,44826
347,4,0,m2,1LC9SkHzxLmLLFfkwQEj9rh3sam26QwqQtCo9N,7.6426588e-07,10.594,10.594,2000-01-01 01:00:11,0,run/data/m2/debug.log,14333
347,4,0,m3,1TxbTqvswKsuDDV5Yn8biA1UVPNko7mhCHbU88,3.41504621e-06,14.578,14.578,2000-01-01 01:00:10,0,run/data/m3/debug.log,5660
348,4,0,m1,1FFo3ah8sAKS4svacrTuQgQBUPEKrjop9rucCp,2.25824847e-08,5.070,5.070,2000-01-01 01:00:23,0,run/data/m1/debug.log,44841
348,4,0,m2,1LC9SkHzxLmLLFfkwQEj9rh3sam26QwqQtCo9N,3.62531231e-06,14.655,14.655,2000-01-01 01:00:22,0,run/data/m2/debug.log,14652
348,4,0,m3,1TxbTqvswKsuDDV5Yn8biA1UVPNko7mhCHbU88,8.17159335e-06,14.816,14.816,2000-01-01 01:00:23,0,run/data/m3/debug.log,5675
349,4,0,m1,1FFo3ah8sAKS4svacrTuQgQBUPEKrjop9rucCp,7.63801319e-07,10.758,10.758,2000-01-01 01:00:28,0,run/data/m1/debug.log,44903
349,4,0,m2,1LC9SkHzxLmLLFfkwQEj9rh3sam26QwqQtCo9N,1.74983329e-06,13.586,13.586,2000-01-01 01:00:29,0,run/data/m2/debug.log,14667
349,4,0,m3,1TxbTqvswKsuDDV5Yn8biA1UVPNko7mhCHbU88,9.09424535e-06,14.950,14.950,2000-01-01 01:00:29,0,run/data/m3/debug.log,5690
350,4,0,m1,1FFo3ah8sAKS4svacrTuQgQBUPEKrjop9rucCp,5.59704794e-07,9.695,9.695,2000-01-01 01:00:39,0,run/data/m1/debug.log,45179
350,4,0,m2,1LC9SkHzxLmLLFfkwQEj9rh3sam26QwqQtCo9N,7.34806966e-07,10.651,10.651,2000-01-01 01:00:40,0,run/data/m2/debug.log,14685
350,4,0,m3,1TxbTqvswKsuDDV5Yn8biA1UVPNko7mhCHbU88,3.44433763e-06,14.785,14.785,2000-01-01 01:00:40,0,run/data/m3/debug.log,5708
351,4,0,m1,1FFo3ah8sAKS4svacrTuQgQBUPEKrjop9rucCp,5.06863827e-07,9.318,9.318,2000-01-01 01:00:49,0,run/data/m1/debug.log,46041
351,4,0,m2,1LC9SkHzxLmLLFfkwQEj9rh3sam26QwqQtCo9N,7.42818051e-07,10.640,10.640,2000-01-01 01:00:50,0,run/data/m2/debug.log,14700
351,4,0,m3,1TxbTqvswKsuDDV5Yn8biA1UVPNko7mhCHbU88,1.60348724e-05,14.933,14.933,2000-01-01 01:00:50,0,run/data/m3/debug.log,5723
352,4,0,m1,1FFo3ah8sAKS4svacrTuQgQBUPEKrjop9rucCp,7.25332774e-07,10.487,10.487,2000-01-01 01:00:59,0,run/data/m1/debug.log,46352
352,4,0,m2,1LC9SkHzxLmLLFfkwQEj9rh3sam26QwqQtCo9N,6.441158e-07,10.063,10.063,2000-01-01 01:01:00,0,run/data/m2/debug.log,14715
352,4,0,m3,1TxbTqvswKsuDDV5Yn8biA1UVPNko7mhCHbU88,9.97579378e-07,11.655,11.655,2000-01-01 01:01:00,0,run/data/m3/debug.log,5738
353,4,0,m1,1FFo3ah8sAKS4svacrTuQgQBUPEKrjop9rucCp,1.06478804e-06,11.891,11.891,2000-01-01 01:01:10,0,run/data/m1/debug.log,46395
353,4,0,m2,1LC9SkHzxLmLLFfkwQEj9rh3sam26QwqQtCo9N,1.27425829e-05,14.867,14.867,2000-01-01 01:01:11,0,run/data/m2/debug.log,14730
353,4,0,m3,1TxbTqvswKsuDDV5Yn8biA1UVPNko7mhCHbU88,1.56384874e-05,14.867,14.867,2000-01-01 01:01:11,0,run/data/m3/debug.log,5753
354,4,0,m1,1FFo3ah8sAKS4svacrTuQgQBUPEKrjop9rucCp,3.98459827e-08,5.327,5.327,2000-01-01 01:01:22,0,run/data/m1/debug.log,46736
354,4,0,m2,1LC9SkHzxLmLLFfkwQEj9rh3sam26QwqQtCo9N,7.74581788e-07,10.743,10.743,2000-01-01 01:01:23,0,run/data/m2/debug.log,14745
354,4,0,m3,1TxbTqvswKsuDDV5Yn8biA1UVPNko7mhCHbU88,7.92767115e-06,14.882,14.882,2000-01-01 01:01:23,0,run/data/m3/debug.log,5768
355,4,0,m1,1FFo3ah8sAKS4svacrTuQgQBUPEKrjop9rucCp,1.01790073e-08,5.049,5.049,2000-01-01 01:01:28,0,run/data/m1/debug.log,47485
355,4,0,m2,1LC9SkHzxLmLLFfkwQEj9rh3sam26QwqQtCo9N,3.1806312e-06,14.666,14.666,2000-01-01 01:01:29,0,run/data/m2/debug.log,14760
355,4,0,m3,1TxbTqvswKsuDDV5Yn8biA1UVPNko7mhCHbU88,1.34377725e-05,14.933,14.933,2000-01-01 01:01:29,0,run/data/m3/debug.log,5783
356,4,0,m1,1FFo3ah8sAKS4svacrTuQgQBUPEKrjop9rucCp,8.62098246e-07,11.236,11.236,2000-01-01 01:01:33,0,run/data/m1/debug.log,48309
356,4,0,m2,1LC9SkHzxLmLLFfkwQEj9rh3sam26QwqQtCo9N,5.49771646e-06,14.964,14.964,2000-01-01 01:01:34,0,run/data/m2/debug.log,14775
356,4,0,m3,1TxbTqvswKsuDDV5Yn8biA1UVPNko7mhCHbU88,7.22411676e-06,14.981,14.981,2000-01-01 01:01:34,0,run/data/m3/debug.log,5798
357,4,0,m1,1FFo3ah8sAKS4svacrTuQgQBUPEKrjop9rucCp,3.64900858e-07,8.349,8.349,2000-01-01 01:01:45,0,run/data/m1/debug.log,48879
357,4,0,m2,1LC9SkHzxLmLLFfkwQEj9rh3sam26QwqQtCo9N,2.86178604e-05,14.950,14.950,2000-01-01 01:01:46,0,run/data/m2/debug.log,14790
357,4,0,m3,1TxbTqvswKsuDDV5Yn8biA1UVPNko7mhCHbU88,1.8785058e-05,14.950,14.950,2000-01-01 01:01:46,0,run/data/m3/debug.log,5813
358,4,0,m1,1FFo3ah8sAKS4svacrTuQgQBUPEKrjop9rucCp,4.01118633e-07,8.716,8.716,2000-01-01 01:01:54,0,run/data/m1/debug.log,49109
358,4,0,m2,1LC9SkHzxLmLLFfkwQEj9rh3sam26QwqQtCo9N,3.40775781e-06,14.843,14.843,2000-01-01 01:01:55,0,run/data/m2/debug.log,14805
358,4,0,m3,1TxbTqvswKsuDDV5Yn8biA1UVPNko7mhCHbU88,1.8445091e-05,15.050,15.050,2000-01-01 01:01:55,0,run/data/m3/debug.log,5828
359,4,0,m1,1FFo3ah8sAKS4svacrTuQgQBUPEKrjop9rucCp,1.37818169e-06,13.017,13.017,2000-01-01 01:02:03,0,run/data/m1/debug.log,50523
359,4,0,m2,1LC9SkHzxLmLLFfkwQEj9rh3sam26QwqQtCo9N,9.00535402e-06,15.100,15.100,2000-01-01 01:02:04,0,run/data/m2/debug.log,14820
359,4,0,m3,1TxbTqvswKsuDDV5Yn8biA1UVPNko7mhCHbU88,1.05320549e-05,15.100,15.100,2000-01-01 01:02:04,0,run/data/m3/debug.log,5843
360,4,0,m1,1FFo3ah8sAKS4svacrTuQgQBUPEKrjop9rucCp,1.66846755e-07,6.830,6.830,2000-01-01 01:02:16,0,run/data/m1/debug.log,50556
360,4,0,m2,1LC9SkHzxLmLLFfkwQEj9rh3sam26QwqQtCo9N,2.7635154e-06,14.670,14.670,2000-01-01 01:02:17,0,run/data/m2/debug.log,14835
360,4,0,m3,1TxbTqvswKsuDDV5Yn8biA1UVPNko7mhCHbU88,9.66064243e-06,15.100,15.100,2000-01-01 01:02:17,0,run/data/m3/debug.log,5858
361,4,0,m1,1FFo3ah8sAKS4svacrTuQgQBUPEKrjop9rucCp,8.50329309e-08,5.989,5.989,2000-01-01 01:02:24,0,run/data/m1/debug.log,51848
361,4,0,m2,1LC9SkHzxLmLLFfkwQEj9rh3sam26QwqQtCo9N,3.78374593e-06,14.932,14.932,2000-01-01 01:02:25,0,run/data/m2/debug.log,14850
361,4,0,m3,1TxbTqvswKsuDDV5Yn8biA1UVPNko7mhCHbU88,1.55694162e-06,13.367,13.367,2000-01-01 01:02:25,0,run/data/m3/debug.log,5873
362,4,0,m1,1FFo3ah8sAKS4svacrTuQgQBUPEKrjop9rucCp,1.50636171e-06,13.350,13.350,2000-01-01 01:02:30,0,run/data/m1/debug.log,52024
362,4,0,m2,1LC9SkHzxLmLLFfkwQEj9rh3sam26QwqQtCo9N,4.35895519e-06,15.080,15.080,2000-01-01 01:02:32,0,run/data/m2/debug.log,14868
362,4,0,m3,1TxbTqvswKsuDDV5Yn8biA1UVPNko7mhCHbU88,7.06343711e-07,10.675,10.675,2000-01-01 01:02:31,0,run/data/m3/debug.log,5891
363,4,0,m1,1FFo3ah8sAKS4svacrTuQgQBUPEKrjop9rucCp,1.69902161e-06,13.671,13.671,2000-01-01 01:02:44,0,run/data/m1/debug.log,52039
363,4,0,m2,1LC9SkHzxLmLLFfkwQEj9rh3sam26QwqQtCo9N,6.15978778e-06,15.108,15.108,2000-01-01 01:02:44,0,run/data/m2/debug.log,14883
363,4,0,m3,1TxbTqvswKsuDDV5Yn8biA1UVPNko7mhCHbU88,4.74323886e-06,15.071,15.071,2000-01-01 01:02:42,0,run/data/m3/debug.log,6011
364,4,0,m1,1FFo3ah8sAKS4svacrTuQgQBUPEKrjop9rucCp,7.55700461e-07,10.786,10.786,2000-01-01 01:02:58,0,run/data/m1/debug.log,52126
364,4,0,m2,1LC9SkHzxLmLLFfkwQEj9rh3sam26QwqQtCo9N,3.01032437e-06,14.692,14.692,2000-01-01 01:02:59,0,run/data/m2/debug.log,14914
364,4,0,m3,1TxbTqvswKsuDDV5Yn8biA1UVPNko7mhCHbU88,8.39539132e-06,15.016,15.016,2000-01-01 01:02:58,0,run/data/m3/debug.log,6226
365,4,0,m1,1FFo3ah8sAKS4svacrTuQgQBUPEKrjop9rucCp,6.57162706e-07,10.284,10.284,2000-01-01 01:03:09,0,run/data/m1/debug.log,52641
365,4,0,m2,1LC9SkHzxLmLLFfkwQEj9rh3sam26QwqQtCo9N,6.50950723e-06,15.011,15.011,2000-01-01 01:03:10,0,run/data/m2/debug.log,14933
365,4,0,m3,1TxbTqvswKsuDDV5Yn8biA1UVPNko7mhCHbU88,1.06983774e-05,15.017,15.017,2000-01-01 01:03:10,0,run/data/m3/debug.log,6261
366,4,0,m1,1FFo3ah8sAKS4svacrTuQgQBUPEKrjop9rucCp,1.15930626e-07,6.270,6.270,2000-01-01 01:03:20,0,run/data/m1/debug.log,53222
366,4,0,m2,1LC9SkHzxLmLLFfkwQEj9rh3sam26QwqQtCo9N,5.28306663e-07,9.553,9.553,2000-01-01 01:03:21,0,run/data/m2/debug.log,14948
366,4,0,m3,1TxbTqvswKsuDDV5Yn8biA1UVPNko7mhCHbU88,7.8113181e-06,15.032,15.032,2000-01-01 01:03:21,0,run/data/m3/debug.log,6276
367,4,0,m1,1FFo3ah8sAKS4svacrTuQgQBUPEKrjop9rucCp,3.85831066e-06,14.893,14.893,2000-01-01 01:03:27,0,run/data/m1/debug.log,53735
367,4,0,m2,1LC9SkHzxLmLLFfkwQEj9rh3sam26QwqQtCo9N,1.14245609e-06,12.293,12.293,2000-01-01 01:03:28,0,run/data/m2/debug.log,14963
367,4,0,m3,1TxbTqvswKsuDDV5Yn8biA1UVPNko7mhCHbU88,2.59331587e-05,15.017,15.017,2000-01-01 01:03:27,0,run/data/m3/debug.log,6291
368,4,0,m1,1FFo3ah8sAKS4svacrTuQgQBUPEKrjop9rucCp,1.2644156e-06,12.496,12.496,2000-01-01 01:03:42,0,run/data/m1/debug.log,53750
368,4,0,m2,1LC9SkHzxLmLLFfkwQEj9rh3sam26QwqQtCo9N,4.41594778e-06,14.801,14.801,2000-01-01 01:03:41,0,run/data/m2/debug.log,15087
368,4,0,m3,1TxbTqvswKsuDDV5Yn8biA1UVPNko7mhCHbU88,4.75437529e-06,14.822,14.822,2000-01-01 01:03:42,0,run/data/m3/debug.log,6306
369,4,0,m1,1FFo3ah8sAKS4svacrTuQgQBUPEKrjop9rucCp,1.44184044e-06,12.896,12.896,2000-01-01 01:03:55,0,run/data/m1/debug.log,54038
369,4,0,m2,1LC9SkHzxLmLLFfkwQEj9rh3sam26QwqQtCo9N,2.12134624e-06,13.940,13.940,2000-01-01 01:03:56,0,run/data/m2/debug.log,15102
369,4,0,m3,1TxbTqvswKsuDDV5Yn8biA1UVPNko7mhCHbU88,3.63260307e-06,14.673,14.673,2000-01-01 01:03:56,0,run/data/m3/debug.log,6321
370,4,0,m1,1FFo3ah8sAKS4svacrTuQgQBUPEKrjop9rucCp,8.98414207e-07,11.171,11.171,2000-01-01 01:04:08,0,run/data/m1/debug.log,54251
370,4,0,m2,1LC9SkHzxLmLLFfkwQEj9rh3sam26QwqQtCo9N,4.43145336e-06,14.702,14.702,2000-01-01 01:04:09,0,run/data/m2/debug.log,15117
370,4,0,m3,1TxbTqvswKsuDDV5Yn8biA1UVPNko7mhCHbU88,4.23058102e-06,14.686,14.686,2000-01-01 01:04:09,0,run/data/m3/debug.log,6336
371,4,0,m1,1FFo3ah8sAKS4svacrTuQgQBUPEKrjop9rucCp,1.66355053e-06,13.212,13.212,2000-01-01 01:04:20,0,run/data/m1/debug.log,54878
371,4,0,m2,1LC9SkHzxLmLLFfkwQEj9rh3sam26QwqQtCo9N,7.12975286e-06,14.714,14.714,2000-01-01 01:04:22,0,run/data/m2/debug.log,15132
371,4,0,m3,1TxbTqvswKsuDDV5Yn8biA1UVPNko7mhCHbU88,1.15624423e-05,14.717,14.717,2000-01-01 01:04:21,0,run/data/m3/debug.log,6351
372,4,0,m1,1FFo3ah8sAKS4svacrTuQgQBUPEKrjop9rucCp,2.33284124e-07,7.016,7.016,2000-01-01 01:04:35,0,run/data/m1/debug.log,54928
372,4,0,m2,1LC9SkHzxLmLLFfkwQEj9rh3sam26QwqQtCo9N,9.47762858e-07,11.284,11.284,2000-01-01 01:04:36,0,run/data/m2/debug.log,15150
372,4,0,m3,1TxbTqvswKsuDDV5Yn8biA1UVPNko7mhCHbU88,3.98801907e-05,14.683,14.683,2000-01-01 01:04:36,0,run/data/m3/debug.log,6369
373,4,0,m1,1FFo3ah8sAKS4svacrTuQgQBUPEKrjop9rucCp,1.83680596e-06,13.464,13.464,2000-01-01 01:04:42,0,run/data/m1/debug.log,55334
373,4,0,m2,1LC9SkHzxLmLLFfkwQEj9rh3sam26QwqQtCo9N,3.54016415e-06,14.522,14.522,2000-01-01 01:04:44,0,run/data/m2/debug.log,15165
373,4,0,m3,1TxbTqvswKsuDDV5Yn8biA1UVPNko7mhCHbU88,2.18518991e-07,6.902,6.902,2000-01-01 01:04:43,0,run/data/m3/debug.log,6384
374,4,0,m1,1FFo3ah8sAKS4svacrTuQgQBUPEKrjop9rucCp,3.75302255e-06,14.511,14.511,2000-01-01 01:04:52,0,run/data/m1/debug.log,55349
374,4,0,m2,1LC9SkHzxLmLLFfkwQEj9rh3sam26QwqQtCo9N,1.28077492e-06,12.323,12.323,2000-01-01 01:04:52,0,run/data/m2/debug.log,15180
374,4,0,m3,1TxbTqvswKsuDDV5Yn8biA1UVPNko7mhCHbU88,7.7419367e-06,14.649,14.649,2000-01-01 01:04:51,0,run/data/m3/debug.log,6427
375,4,0,m1,1FFo3ah8sAKS4svacrTuQgQBUPEKrjop9rucCp,3.54189433e-06,14.423,14.423,2000-01-01 01:05:07,0,run/data/m1/debug.log,55364
375,4,0,m2,1LC9SkHzxLmLLFfkwQEj9rh3sam26QwqQtCo9N,1.36086824e-05,14.600,14.600,2000-01-01 01:05:06,0,run/data/m2/debug.log,15632
375,4,0,m3,1TxbTqvswKsuDDV5Yn8biA1UVPNko7mhCHbU88,1.95047474e-05,14.600,14.600,2000-01-01 01:05:06,0,run/data/m3/debug.log,6442
376,4,0,m1,1FFo3ah8sAKS4svacrTuQgQBUPEKrjop9rucCp,2.7933969e-07,7.341,7.341,2000-01-01 01:05:22,0,run/data/m1/debug.log,55379
376,4,0,m2,1LC9SkHzxLmLLFfkwQEj9rh3sam26QwqQtCo9N,2.23957072e-06,13.835,13.835,2000-01-01 01:05:21,0,run/data/m2/debug.log,15739
376,4,0,m3,1TxbTqvswKsuDDV5Yn8biA1UVPNko7mhCHbU88,1.08255869e-05,14.617,14.617,2000-01-01 01:05:22,0,run/data/m3/debug.log,6457
377,4,0,m1,1FFo3ah8sAKS4svacrTuQgQBUPEKrjop9rucCp,8.38614851e-08,5.561,5.561,2000-01-01 01:05:30,0,run/data/m1/debug.log,55565
377,4,0,m2,1LC9SkHzxLmLLFfkwQEj9rh3sam26QwqQtCo9N,8.48813467e-06,14.649,14.649,2000-01-01 01:05:31,0,run/data/m2/debug.log,15754
377,4,0,m3,1TxbTqvswKsuDDV5Yn8biA1UVPNko7mhCHbU88,7.76623325e-06,14.649,14.649,2000-01-01 01:05:31,0,run/data/m3/debug.log,6472
378,4,0,m1,1FFo3ah8sAKS4svacrTuQgQBUPEKrjop9rucCp,1.11939097e-06,11.937,11.937,2000-01-01 01:05:36,0,run/data/m1/debug.log,55687
378,4,0,m2,1LC9SkHzxLmLLFfkwQEj9rh3sam26QwqQtCo9N,9.27333436e-07,11.254,11.254,2000-01-01 01:05:37,0,run/data/m2/debug.log,15769
378,4,0,m3,1TxbTqvswKsuDDV5Yn8biA1UVPNko7mhCHbU88,8.93540822e-06,14.733,14.733,2000-01-01 01:05:37,0,run/data/m3/debug.log,6487
379,4,0,m1,1FFo3ah8sAKS4svacrTuQgQBUPEKrjop9rucCp,3.94368037e-07,8.250,8.250,2000-01-01 01:05:49,0,run/data/m1/debug.log,55738
379,4,0,m2,1LC9SkHzxLmLLFfkwQEj9rh3sam26QwqQtCo9N,7.60173095e-06,14.632,14.632,2000-01-01 01:05:50,0,run/data/m2/debug.log,15784
379,4,0,m3,1TxbTqvswKsuDDV5Yn8biA1UVPNko7mhCHbU88,2.94778901e-06,14.285,14.285,2000-01-01 01:05:49,0,run/data/m3/debug.log,6502
380,4,0,m1,1FFo3ah8sAKS4svacrTuQgQBUPEKrjop9rucCp,1.93854726e-06,13.633,13.633,2000-01-01 01:05:57,0,run/data/m1/debug.log,55851
380,4,0,m2,1LC9SkHzxLmLLFfkwQEj9rh3sam26QwqQtCo9N,4.98497052e-06,14.699,14.699,2000-01-01 01:05:58,0,run/data/m2/debug.log,15799
380,4,0,m3,1TxbTqvswKsuDDV5Yn8biA1UVPNko7mhCHbU88,1.90148731e-05,14.733,14.733,2000-01-01 01:05:58,0,run/data/m3/debug.log,6517
381,4,0,m1,1FFo3ah8sAKS4svacrTuQgQBUPEKrjop9rucCp,1.18588623e-07,5.980,5.980,2000-01-01 01:06:12,0,run/data/m1/debug.log,56031
381,4,0,m2,1LC9SkHzxLmLLFfkwQEj9rh3sam26QwqQtCo9N,1.11652614e-05,14.717,14.717,2000-01-01 01:06:13,0,run/data/m2/debug.log,15814
381,4,0,m3,1TxbTqvswKsuDDV5Yn8biA1UVPNko7mhCHbU88,7.47970189e-06,14.715,14.715,2000-01-01 01:06:12,0,run/data/m3/debug.log,6532
382,4,0,m1,1FFo3ah8sAKS4svacrTuQgQBUPEKrjop9rucCp,2.47112204e-06,14.233,14.233,2000-01-01 01:06:18,0,run/data/m1/debug.log,56340
382,4,0,m2,1LC9SkHzxLmLLFfkwQEj9rh3sam26QwqQtCo9N,2.20668546e-06,14.022,14.022,2000-01-01 01:06:19,0,run/data/m2/debug.log,15829
382,4,0,m3,1TxbTqvswKsuDDV5Yn8biA1UVPNko7mhCHbU88,4.84972993e-07,9.076,9.076,2000-01-01 01:06:19,0,run/data/m3/debug.log,6547
383,4,0,m1,1FFo3ah8sAKS4svacrTuQgQBUPEKrjop9rucCp,3.11897809e-08,5.199,5.199,2000-01-01 01:06:30,0,run/data/m1/debug.log,56358
383,4,0,m2,1LC9SkHzxLmLLFfkwQEj9rh3sam26QwqQtCo9N,4.91760806e-06,14.813,14.813,2000-01-01 01:06:30,0,run/data/m2/debug.log,15847
383,4,0,m3,1TxbTqvswKsuDDV5Yn8biA1UVPNko7mhCHbU88,9.68966294e-06,14.850,14.850,2000-01-01 01:06:29,0,run/data/m3/debug.log,6613
384,4,0,m1,1FFo3ah8sAKS4svacrTuQgQBUPEKrjop9rucCp,1.75220552e-06,13.623,13.623,2000-01-01 01:06:36,0,run/data/m1/debug.log,57026
384,4,0,m2,1LC9SkHzxLmLLFfkwQEj9rh3sam26QwqQtCo9N,1.64668139e-06,13.449,13.449,2000-01-01 01:06:37,0,run/data/m2/debug.log,15862
384,4,0,m3,1TxbTqvswKsuDDV5Yn8biA1UVPNko7mhCHbU88,1.95674369e-07,6.980,6.980,2000-01-01 01:06:37,0,run/data/m3/debug.log,6631
385,4,0,m1,1FFo3ah8sAKS4svacrTuQgQBUPEKrjop9rucCp,1.03180539e-07,6.075,6.075,2000-01-01 01:06:46,0,run/data/m1/debug.log,57041
385,4,0,m2,1LC9SkHzxLmLLFfkwQEj9rh3sam26QwqQtCo9N,7.9949427e-08,5.837,5.837,2000-01-01 01:06:46,0,run/data/m2/debug.log,15877
385,4,0,m3,1TxbTqvswKsuDDV5Yn8biA1UVPNko7mhCHbU88,4.48214956e-06,14.906,14.906,2000-01-01 01:06:44,0,run/data/m3/debug.log,6728
386,4,0,m1,1FFo3ah8sAKS4svacrTuQgQBUPEKrjop9rucCp,1.12973523e-06,12.220,12.220,2000-01-01 01:06:52,0,run/data/m1/debug.log,57776
386,4,0,m2,1LC9SkHzxLmLLFfkwQEj9rh3sam26QwqQtCo9N,2.93180216e-06,14.628,14.628,2000-01-01 01:06:52,0,run/data/m2/debug.log,16297
386,4,0,m3,1TxbTqvswKsuDDV5Yn8biA1UVPNko7mhCHbU88,9.12390151e-06,14.983,14.983,2000-01-01 01:06:53,0,run/data/m3/debug.log,6759
387,4,0,m1,1FFo3ah8sAKS4svacrTuQgQBUPEKrjop9rucCp,1.20702222e-06,12.469,12.469,2000-01-01 01:07:06,0,run/data/m1/debug.log,58029
387,4,0,m2,1LC9SkHzxLmLLFfkwQEj9rh3sam26QwqQtCo9N,2.52516347e-06,14.436,14.436,2000-01-01 01:07:07,0,run/data/m2/debug.log,16332
387,4,0,m3,1TxbTqvswKsuDDV5Yn8biA1UVPNko7mhCHbU88,2.55540934e-05,15.000,15.000,2000-01-01 01:07:06,0,run/data/m3/debug.log,6778
388,4,0,m1,1FFo3ah8sAKS4svacrTuQgQBUPEKrjop9rucCp,5.0644857e-07,9.415,9.415,2000-01-01 01:07:19,0,run/data/m1/debug.log,58567
388,4,0,m2,1LC9SkHzxLmLLFfkwQEj9rh3sam26QwqQtCo9N,4.51812696e-06,14.975,14.975,2000-01-01 01:07:20,0,run/data/m2/debug.log,16347
388,4,0,m3,1TxbTqvswKsuDDV5Yn8biA1UVPNko7mhCHbU88,1.98181868e-05,15.033,15.033,2000-01-01 01:07:19,0,run/data/m3/debug.log,6793
389,4,0,m1,1FFo3ah8sAKS4svacrTuQgQBUPEKrjop9rucCp,1.17398853e-06,12.389,12.389,2000-01-01 01:07:29,0,run/data/m1/debug.log,59078
389,4,0,m2,1LC9SkHzxLmLLFfkwQEj9rh3sam26QwqQtCo9N,1.88866376e-06,13.852,13.852,2000-01-01 01:07:30,0,run/data/m2/debug.log,16362
389,4,0,m3,1TxbTqvswKsuDDV5Yn8biA1UVPNko7mhCHbU88,4.64409502e-06,14.966,14.966,2000-01-01 01:07:29,0,run/data/m3/debug.log,6808
390,4,0,m1,1FFo3ah8sAKS4svacrTuQgQBUPEKrjop9rucCp,1.38571272e-06,12.835,12.835,2000-01-01 01:07:42,0,run/data/m1/debug.log,59323
390,4,0,m2,1LC9SkHzxLmLLFfkwQEj9rh3sam26QwqQtCo9N,3.88917876e-06,14.781,14.781,2000-01-01 01:07:43,0,run/data/m2/debug.log,16377
390,4,0,m3,1TxbTqvswKsuDDV5Yn8biA1UVPNko7mhCHbU88,2.6575125e-06,14.415,14.415,2000-01-01 01:07:43,0,run/data/m3/debug.log,6823
391,4,0,m1,1FFo3ah8sAKS4svacrTuQgQBUPEKrjop9rucCp,2.22841198e-06,14.109,14.109,2000-01-01 01:07:55,0,run/data/m1/debug.log,59482
391,4,0,m2,1LC9SkHzxLmLLFfkwQEj9rh3sam26QwqQtCo9N,9.02457148e-08,5.876,5.876,2000-01-01 01:07:56,0,run/data/m2/debug.log,16392
391,4,0,m3,1TxbTqvswKsuDDV5Yn8biA1UVPNko7mhCHbU88,1.33453947e-05,14.900,14.900,2000-01-01 01:07:56,0,run/data/m3/debug.log,6838
392,4,0,m1,1FFo3ah8sAKS4svacrTuQgQBUPEKrjop9rucCp,7.37877099e-08,5.706,5.706,2000-01-01 01:08:04,0,run/data/m1/debug.log,59497
392,4,0,m2,1LC9SkHzxLmLLFfkwQEj9rh3sam26QwqQtCo9N,4.5148428e-07,8.919,8.919,2000-01-01 01:08:03,0,run/data/m2/debug.log,16603
392,4,0,m3,1TxbTqvswKsuDDV5Yn8biA1UVPNko7mhCHbU88,1.36619297e-05,14.900,14.900,2000-01-01 01:08:03,0,run/data/m3/debug.log,6853
393,4,0,m1,1FFo3ah8sAKS4svacrTuQgQBUPEKrjop9rucCp,8.4072689e-08,5.929,5.929,2000-01-01 01:08:11,0,run/data/m1/debug.log,59698
393,4,0,m2,1LC9SkHzxLmLLFfkwQEj9rh3sam26QwqQtCo9N,5.0345033e-09,5.074,5.074,2000-01-01 01:08:11,0,run/data/m2/debug.log,16618
393,4,0,m3,1TxbTqvswKsuDDV5Yn8biA1UVPNko7mhCHbU88,6.68157747e-05,15.017,15.017,2000-01-01 01:08:11,0,run/data/m3/debug.log,6868
394,4,0,m1,1FFo3ah8sAKS4svacrTuQgQBUPEKrjop9rucCp,2.88939277e-07,7.820,7.820,2000-01-01 01:08:17,0,run/data/m1/debug.log,59932
394,4,0,m2,1LC9SkHzxLmLLFfkwQEj9rh3sam26QwqQtCo9N,7.2418599e-06,15.014,15.014,2000-01-01 01:08:17,0,run/data/m2/debug.log,16926
394,4,0,m3,1TxbTqvswKsuDDV5Yn8biA1UVPNko7mhCHbU88,1.69190109e-05,15.017,15.017,2000-01-01 01:08:18,0,run/data/m3/debug.log,6899
395,4,0,m1,1FFo3ah8sAKS4svacrTuQgQBUPEKrjop9rucCp,2.08575853e-06,14.119,14.119,2000-01-01 01:08:26,0,run/data/m1/debug.log,59989
395,4,0,m2,1LC9SkHzxLmLLFfkwQEj9rh3sam26QwqQtCo9N,5.74929606e-06,15.036,15.036,2000-01-01 01:08:27,0,run/data/m2/debug.log,16961
395,4,0,m3,1TxbTqvswKsuDDV5Yn8biA1UVPNko7mhCHbU88,2.71528927e-05,15.050,15.050,2000-01-01 01:08:27,0,run/data/m3/debug.log,6918
396,4,0,m1,1FFo3ah8sAKS4svacrTuQgQBUPEKrjop9rucCp,1.39207396e-08,5.091,5.091,2000-01-01 01:08:40,0,run/data/m1/debug.log,60686
396,4,0,m2,1LC9SkHzxLmLLFfkwQEj9rh3sam26QwqQtCo9N,7.97165956e-06,14.932,14.932,2000-01-01 01:08:41,0,run/data/m2/debug.log,16979
396,4,0,m3,1TxbTqvswKsuDDV5Yn8biA1UVPNko7mhCHbU88,3.23283578e-06,14.681,14.681,2000-01-01 01:08:41,0,run/data/m3/debug.log,6936
397,4,0,m1,1FFo3ah8sAKS4svacrTuQgQBUPEKrjop9rucCp,1.70529612e-06,13.532,13.532,2000-01-01 01:08:46,0,run/data/m1/debug.log,60926
397,4,0,m2,1LC9SkHzxLmLLFfkwQEj9rh3sam26QwqQtCo9N,4.47498966e-07,8.958,8.958,2000-01-01 01:08:47,0,run/data/m2/debug.log,16994
397,4,0,m3,1TxbTqvswKsuDDV5Yn8biA1UVPNko7mhCHbU88,6.00869379e-06,14.956,14.956,2000-01-01 01:08:46,0,run/data/m3/debug.log,6951
398,4,0,m1,1FFo3ah8sAKS4svacrTuQgQBUPEKrjop9rucCp,1.30563284e-06,12.655,12.655,2000-01-01 01:08:58,0,run/data/m1/debug.log,60941
398,4,0,m2,1LC9SkHzxLmLLFfkwQEj9rh3sam26QwqQtCo9N,4.50735472e-06,14.858,14.858,2000-01-01 01:08:57,0,run/data/m2/debug.log,17586
398,4,0,m3,1TxbTqvswKsuDDV5Yn8biA1UVPNko7mhCHbU88,5.18298172e-07,9.374,9.374,2000-01-01 01:08:57,0,run/data/m3/debug.log,6966
399,4,0,m1,1FFo3ah8sAKS4svacrTuQgQBUPEKrjop9rucCp,3.2579532e-06,14.738,14.738,2000-01-01 01:09:08,0,run/data/m1/debug.log,60956
399,4,0,m2,1LC9SkHzxLmLLFfkwQEj9rh3sam26QwqQtCo9N,4.04103626e-06,14.883,14.883,2000-01-01 01:09:09,0,run/data/m2/debug.log,17601
399,4,0,m3,1TxbTqvswKsuDDV5Yn8biA1UVPNko7mhCHbU88,9.21799948e-06,14.983,14.983,2000-01-01 01:09:07,0,run/data/m3/debug.log,7339
400,5,0,m1,1FFo3ah8sAKS4svacrTuQgQBUPEKrjop9rucCp,7.86978626e-07,10.851,10.851,2000-01-01 01:09:23,0,run/data/m1/debug.log,60971
400,5,0,m2,1LC9SkHzxLmLLFfkwQEj9rh3sam26QwqQtCo9N,2.0437628e-06,13.957,13.957,2000-01-01 01:09:24,0,run/data/m2/debug.log,17616
400,5,0,m3,1TxbTqvswKsuDDV5Yn8biA1UVPNko7mhCHbU88,1.22730394e-05,14.933,14.933,2000-01-01 01:09:23,0,run/data/m3/debug.log,7985
401,5,0,m1,1FFo3ah8sAKS4svacrTuQgQBUPEKrjop9rucCp,9.7268357e-07,11.612,11.612,2000-01-01 01:09:34,0,run/data/m1/debug.log,60995
401,5,0,m2,1LC9SkHzxLmLLFfkwQEj9rh3sam26QwqQtCo9N,2.23942268e-06,14.135,14.135,2000-01-01 01:09:35,0,run/data/m2/debug.log,17631
401,5,0,m3,1TxbTqvswKsuDDV5Yn8biA1UVPNko7mhCHbU88,7.56380265e-06,14.915,14.915,2000-01-01 01:09:35,0,run/data/m3/debug.log,8000
402,5,0,m1,1FFo3ah8sAKS4svacrTuQgQBUPEKrjop9rucCp,1.32409734e-06,12.718,12.718,2000-01-01 01:09:46,0,run/data/m1/debug.log,61078
402,5,0,m2,1LC9SkHzxLmLLFfkwQEj9rh3sam26QwqQtCo9N,8.6748252e-07,11.208,11.208,2000-01-01 01:09:47,0,run/data/m2/debug.log,17647
402,5,0,m3,1TxbTqvswKsuDDV5Yn8biA1UVPNko7mhCHbU88,1.12748117e-05,14.933,14.933,2000-01-01 01:09:47,0,run/data/m3/debug.log,8016
403,5,0,m1,1FFo3ah8sAKS4svacrTuQgQBUPEKrjop9rucCp,1.29113473e-06,12.634,12.634,2000-01-01 01:09:59,0,run/data/m1/debug.log,62119
403,5,0,m2,1LC9SkHzxLmLLFfkwQEj9rh3sam26QwqQtCo9N,2.81633868e-06,14.528,14.528,2000-01-01 01:09:59,0,run/data/m2/debug.log,18492
403,5,0,m3,1TxbTqvswKsuDDV5Yn8biA1UVPNko7mhCHbU88,7.74121288e-06,14.932,14.932,2000-01-01 01:10:00,0,run/data/m3/debug.log,8047
404,5,0,m1,1FFo3ah8sAKS4svacrTuQgQBUPEKrjop9rucCp,2.15288275e-06,13.971,13.971,2000-01-01 01:10:13,0,run/data/m1/debug.log,62171
404,5,0,m2,1LC9SkHzxLmLLFfkwQEj9rh3sam26QwqQtCo9N,1.04926469e-05,14.833,14.833,2000-01-01 01:10:14,0,run/data/m2/debug.log,18527
404,5,0,m3,1TxbTqvswKsuDDV5Yn8biA1UVPNko7mhCHbU88,3.05162604e-05,14.833,14.833,2000-01-01 01:10:13,0,run/data/m3/debug.log,8066
405,5,0,m1,1FFo3ah8sAKS4svacrTuQgQBUPEKrjop9rucCp,4.1347736e-07,8.488,8.488,2000-01-01 01:10:27,0,run/data/m1/debug.log,62551
405,5,0,m2,1LC9SkHzxLmLLFfkwQEj9rh3sam26QwqQtCo9N,1.91020218e-06,13.597,13.597,2000-01-01 01:10:28,0,run/data/m2/debug.log,18542
405,5,0,m3,1TxbTqvswKsuDDV5Yn8biA1UVPNko7mhCHbU88,7.5176033e-06,14.731,14.731,2000-01-01 01:10:28,0,run/data/m3/debug.log,8081
406,5,0,m1,1FFo3ah8sAKS4svacrTuQgQBUPEKrjop9rucCp,2.72328781e-06,14.233,14.233,2000-01-01 01:10:36,0,run/data/m1/debug.log,63332
406,5,0,m2,1LC9SkHzxLmLLFfkwQEj9rh3sam26QwqQtCo9N,7.85892073e-06,14.682,14.682,2000-01-01 01:10:37,0,run/data/m2/debug.log,18560
406,5,0,m3,1TxbTqvswKsuDDV5Yn8biA1UVPNko7mhCHbU88,2.80376979e-07,7.416,7.416,2000-01-01 01:10:36,0,run/data/m3/debug.log,8099
407,5,0,m1,1FFo3ah8sAKS4svacrTuQgQBUPEKrjop9rucCp,1.27830041e-06,12.543,12.543,2000-01-01 01:10:45,0,run/data/m1/debug.log,63352
407,5,0,m2,1LC9SkHzxLmLLFfkwQEj9rh3sam26QwqQtCo9N,1.01954027e-06,11.758,11.758,2000-01-01 01:10:46,0,run/data/m2/debug.log,18580
407,5,0,m3,1TxbTqvswKsuDDV5Yn8biA1UVPNko7mhCHbU88,1.13959366e-05,14.700,14.700,2000-01-01 01:10:44,0,run/data/m3/debug.log,8236
408,5,0,m1,1FFo3ah8sAKS4svacrTuQgQBUPEKrjop9rucCp,5.78771656e-06,14.690,14.690,2000-01-01 01:10:58,0,run/data/m1/debug.log,63538
408,5,0,m2,1LC9SkHzxLmLLFfkwQEj9rh3sam26QwqQtCo9N,5.07458995e-06,14.677,14.677,2000-01-01 01:10:58,0,run/data/m2/debug.log,18658
408,5,0,m3,1TxbTqvswKsuDDV5Yn8biA1UVPNko7mhCHbU88,2.50025678e-06,14.202,14.202,2000-01-01 01:10:58,0,run/data/m3/debug.log,8267
409,5,0,m1,1FFo3ah8sAKS4svacrTuQgQBUPEKrjop9rucCp,9.88630309e-07,11.497,11.497,2000-01-01 01:11:13,0,run/data/m1/debug.log,63573
409,5,0,m2,1LC9SkHzxLmLLFfkwQEj9rh3sam26QwqQtCo9N,5.5851729e-06,14.538,14.538,2000-01-01 01:11:13,0,run/data/m2/debug.log,18921
409,5,0,m3,1TxbTqvswKsuDDV5Yn8biA1UVPNko7mhCHbU88,9.29157966e-06,14.550,14.550,2000-01-01 01:11:13,0,run/data/m3/debug.log,8304
410,5,0,m1,1FFo3ah8sAKS4svacrTuQgQBUPEKrjop9rucCp,1.25381156e-06,12.312,12.312,2000-01-01 01:11:25,0,run/data/m1/debug.log,63695
410,5,0,m2,1LC9SkHzxLmLLFfkwQEj9rh3sam26QwqQtCo9N,1.34519382e-05,14.533,14.533,2000-01-01 01:11:26,0,run/data/m2/debug.log,18956
410,5,0,m3,1TxbTqvswKsuDDV5Yn8biA1UVPNko7mhCHbU88,1.59697404e-05,14.533,14.533,2000-01-01 01:11:26,0,run/data/m3/debug.log,8335
411,5,0,m1,1FFo3ah8sAKS4svacrTuQgQBUPEKrjop9rucCp,6.7132364e-07,9.998,9.998,2000-01-01 01:11:39,0,run/data/m1/debug.log,63820
411,5,0,m2,1LC9SkHzxLmLLFfkwQEj9rh3sam26QwqQtCo9N,1.61080567e-05,14.467,14.467,2000-01-01 01:11:39,0,run/data/m2/debug.log,18971
411,5,0,m3,1TxbTqvswKsuDDV5Yn8biA1UVPNko7mhCHbU88,2.0802584e-05,14.467,14.467,2000-01-01 01:11:39,0,run/data/m3/debug.log,8350
412,5,0,m1,1FFo3ah8sAKS4svacrTuQgQBUPEKrjop9rucCp,4.65066335e-07,8.827,8.827,2000-01-01 01:11:50,0,run/data/m1/debug.log,64333
412,5,0,m2,1LC9SkHzxLmLLFfkwQEj9rh3sam26QwqQtCo9N,8.4440934e-06,14.550,14.550,2000-01-01 01:11:50,0,run/data/m2/debug.log,18986
412,5,0,m3,1TxbTqvswKsuDDV5Yn8biA1UVPNko7mhCHbU88,3.13964263e-06,14.319,14.319,2000-01-01 01:11:50,0,run/data/m3/debug.log,8365
413,5,0,m1,1FFo3ah8sAKS4svacrTuQgQBUPEKrjop9rucCp,2.704173e-06,14.194,14.194,2000-01-01 01:11:59,0,run/data/m1/debug.log,64762
413,5,0,m2,1LC9SkHzxLmLLFfkwQEj9rh3sam26QwqQtCo9N,7.33176907e-06,14.582,14.582,2000-01-01 01:12:00,0,run/data/m2/debug.log,19001
413,5,0,m3,1TxbTqvswKsuDDV5Yn8biA1UVPNko7mhCHbU88,6.61737725e-06,14.580,14.580,2000-01-01 01:12:00,0,run/data/m3/debug.log,8380
414,5,0,m1,1FFo3ah8sAKS4svacrTuQgQBUPEKrjop9rucCp,1.10437499e-06,11.876,11.876,2000-01-01 01:12:14,0,run/data/m1/debug.log,65120
414,5,0,m2,1LC9SkHzxLmLLFfkwQEj9rh3sam26QwqQtCo9N,1.23381794e-05,14.533,14.533,2000-01-01 01:12:15,0,run/data/m2/debug.log,19016
414,5,0,m3,1TxbTqvswKsuDDV5Yn8biA1UVPNko7mhCHbU88,5.90157507e-06,14.525,14.525,2000-01-01 01:12:14,0,run/data/m3/debug.log,8395
415,5,0,m1,1FFo3ah8sAKS4svacrTuQgQBUPEKrjop9rucCp,1.53911115e-06,12.973,12.973,2000-01-01 01:12:26,0,run/data/m1/debug.log,65461
415,5,0,m2,1LC9SkHzxLmLLFfkwQEj9rh3sam26QwqQtCo9N,2.78966896e-07,7.395,7.395,2000-01-01 01:12:27,0,run/data/m2/debug.log,19031
415,5,0,m3,1TxbTqvswKsuDDV5Yn8biA1UVPNko7mhCHbU88,1.26940085e-05,14.550,14.550,2000-01-01 01:12:26,0,run/data/m3/debug.log,8410
416,5,0,m1,1FFo3ah8sAKS4svacrTuQgQBUPEKrjop9rucCp,2.07048565e-06,13.816,13.816,2000-01-01 01:12:36,0,run/data/m1/debug.log,65479
416,5,0,m2,1LC9SkHzxLmLLFfkwQEj9rh3sam26QwqQtCo9N,3.8721304e-06,14.554,14.554,2000-01-01 01:12:34,0,run/data/m2/debug.log,19367
416,5,0,m3,1TxbTqvswKsuDDV5Yn8biA1UVPNko7mhCHbU88,1.07048197e-05,14.650,14.650,2000-01-01 01:12:35,0,run/data/m3/debug.log,8428
417,5,0,m1,1FFo3ah8sAKS4svacrTuQgQBUPEKrjop9rucCp,8.38952227e-07,10.963,10.963,2000-01-01 01:12:50,0,run/data/m1/debug.log,65501
417,5,0,m2,1LC9SkHzxLmLLFfkwQEj9rh3sam26QwqQtCo9N,8.85529599e-07,11.161,11.161,2000-01-01 01:12:50,0,run/data/m2/debug.log,19566
417,5,0,m3,1TxbTqvswKsuDDV5Yn8biA1UVPNko7mhCHbU88,9.26052152e-07,11.325,11.325,2000-01-01 01:12:51,0,run/data/m3/debug.log,8459
418,5,0,m1,1FFo3ah8sAKS4svacrTuQgQBUPEKrjop9rucCp,2.80329799e-06,14.237,14.237,2000-01-01 01:13:01,0,run/data/m1/debug.log,65691
418,5,0,m2,1LC9SkHzxLmLLFfkwQEj9rh3sam26QwqQtCo9N,2.52325724e-06,14.099,14.099,2000-01-01 01:13:02,0,run/data/m2/debug.log,19601
418,5,0,m3,1TxbTqvswKsuDDV5Yn8biA1UVPNko7mhCHbU88,3.02195416e-06,14.317,14.317,2000-01-01 01:13:02,0,run/data/m3/debug.log,8478
419,5,0,m1,1FFo3ah8sAKS4svacrTuQgQBUPEKrjop9rucCp,2.21794351e-06,13.785,13.785,2000-01-01 01:13:15,0,run/data/m1/debug.log,65846
419,5,0,m2,1LC9SkHzxLmLLFfkwQEj9rh3sam26QwqQtCo9N,8.29523014e-07,10.788,10.788,2000-01-01 01:13:16,0,run/data/m2/debug.log,19616
419,5,0,m3,1TxbTqvswKsuDDV5Yn8biA1UVPNko7mhCHbU88,1.67589486e-05,14.483,14.483,2000-01-01 01:13:16,0,run/data/m3/debug.log,8493
420,5,0,m1,1FFo3ah8sAKS4svacrTuQgQBUPEKrjop9rucCp,2.38618644e-07,7.007,7.007,2000-01-01 01:13:29,0,run/data/m1/debug.log,65861
420,5,0,m2,1LC9SkHzxLmLLFfkwQEj9rh3sam26QwqQtCo9N,5.02549866e-06,14.493,14.493,2000-01-01 01:13:27,0,run/data/m2/debug.log,19750
420,5,0,m3,1TxbTqvswKsuDDV5Yn8biA1UVPNko7mhCHbU88,1.45641492e-05,14.517,14.517,2000-01-01 01:13:28,0,run/data/m3/debug.log,8508
421,5,0,m1,1FFo3ah8sAKS4svacrTuQgQBUPEKrjop9rucCp,1.14394562e-07,5.899,5.899,2000-01-01 01:13:36,0,run/data/m1/debug.log,65908
421,5,0,m2,1LC9SkHzxLmLLFfkwQEj9rh3sam26QwqQtCo9N,2.91290103e-07,7.567,7.567,2000-01-01 01:13:37,0,run/data/m2/debug.log,19765
421,5,0,m3,1TxbTqvswKsuDDV5Yn8biA1UVPNko7mhCHbU88,1.46712081e-05,14.617,14.617,2000-01-01 01:13:37,0,run/data/m3/debug.log,8523
422,5,0,m1,1FFo3ah8sAKS4svacrTuQgQBUPEKrjop9rucCp,1.66189906e-06,13.339,13.339,2000-01-01 01:13:43,0,run/data/m1/debug.log,65978
422,5,0,m2,1LC9SkHzxLmLLFfkwQEj9rh3sam26QwqQtCo9N,1.13210826e-06,12.130,12.130,2000-01-01 01:13:44,0,run/data/m2/debug.log,19780
422,5,0,m3,1TxbTqvswKsuDDV5Yn8biA1UVPNko7mhCHbU88,1.14779803e-06,12.177,12.177,2000-01-01 01:13:43,0,run/data/m3/debug.log,8538
423,5,0,m1,1FFo3ah8sAKS4svacrTuQgQBUPEKrjop9rucCp,4.21916506e-07,8.673,8.673,2000-01-01 01:13:57,0,run/data/m1/debug.log,65993
423,5,0,m2,1LC9SkHzxLmLLFfkwQEj9rh3sam26QwqQtCo9N,2.70890831e-07,7.475,7.475,2000-01-01 01:13:57,0,run/data/m2/debug.log,20159
423,5,0,m3,1TxbTqvswKsuDDV5Yn8biA1UVPNko7mhCHbU88,2.0373659e-05,14.700,14.700,2000-01-01 01:13:57,0,run/data/m3/debug.log,8752
424,5,0,m1,1FFo3ah8sAKS4svacrTuQgQBUPEKrjop9rucCp,1.16645713e-06,12.283,12.283,2000-01-01 01:14:06,0,run/data/m1/debug.log,66028
424,5,0,m2,1LC9SkHzxLmLLFfkwQEj9rh3sam26QwqQtCo9N,3.79542122e-06,14.645,14.645,2000-01-01 01:14:05,0,run/data/m2/debug.log,20195
424,5,0,m3,1TxbTqvswKsuDDV5Yn8biA1UVPNko7mhCHbU88,1.19752272e-05,14.750,14.750,2000-01-01 01:14:05,0,run/data/m3/debug.log,8787
425,5,0,m1,1FFo3ah8sAKS4svacrTuQgQBUPEKrjop9rucCp,1.59468437e-06,13.191,13.191,2000-01-01 01:14:19,0,run/data/m1/debug.log,66206
425,5,0,m2,1LC9SkHzxLmLLFfkwQEj9rh3sam26QwqQtCo9N,3.58110957e-07,8.160,8.160,2000-01-01 01:14:20,0,run/data/m2/debug.log,20210
425,5,0,m3,1TxbTqvswKsuDDV5Yn8biA1UVPNko7mhCHbU88,3.06919178e-05,14.667,14.667,2000-01-01 01:14:20,0,run/data/m3/debug.log,8802
426,5,0,m1,1FFo3ah8sAKS4svacrTuQgQBUPEKrjop9rucCp,3.68402951e-06,14.630,14.630,2000-01-01 01:14:30,0,run/data/m1/debug.log,66224
426,5,0,m2,1LC9SkHzxLmLLFfkwQEj9rh3sam26QwqQtCo9N,4.1622595e-08,5.237,5.237,2000-01-01 01:14:29,0,run/data/m2/debug.log,20464
426,5,0,m3,1TxbTqvswKsuDDV5Yn8biA1UVPNko7mhCHbU88,1.1799317e-05,14.750,14.750,2000-01-01 01:14:30,0,run/data/m3/debug.log,8817
427,5,0,m1,1FFo3ah8sAKS4svacrTuQgQBUPEKrjop9rucCp,6.3371463e-07,10.192,10.192,2000-01-01 01:14:36,0,run/data/m1/debug.log,66239
427,5,0,m2,1LC9SkHzxLmLLFfkwQEj9rh3sam26QwqQtCo9N,4.3055415e-06,14.810,14.810,2000-01-01 01:14:34,0,run/data/m2/debug.log,20686
427,5,0,m3,1TxbTqvswKsuDDV5Yn8biA1UVPNko7mhCHbU88,7.69975972e-06,14.866,14.866,2000-01-01 01:14:35,0,run/data/m3/debug.log,8835
428,5,0,m1,1FFo3ah8sAKS4svacrTuQgQBUPEKrjop9rucCp,2.05853964e-06,13.938,13.938,2000-01-01 01:14:47,0,run/data/m1/debug.log,66659
428,5,0,m2,1LC9SkHzxLmLLFfkwQEj9rh3sam26QwqQtCo9N,3.91770766e-07,8.534,8.534,2000-01-01 01:14:48,0,run/data/m2/debug.log,20701
428,5,0,m3,1TxbTqvswKsuDDV5Yn8biA1UVPNko7mhCHbU88,8.15654239e-07,11.026,11.026,2000-01-01 01:14:47,0,run/data/m3/debug.log,8850
429,5,0,m1,1FFo3ah8sAKS4svacrTuQgQBUPEKrjop9rucCp,2.05975029e-06,14.056,14.056,2000-01-01 01:14:58,0,run/data/m1/debug.log,66674
429,5,0,m2,1LC9SkHzxLmLLFfkwQEj9rh3sam26QwqQtCo9N,1.52092939e-06,13.288,13.288,2000-01-01 01:14:56,0,run/data/m2/debug.log,20807
429,5,0,m3,1TxbTqvswKsuDDV5Yn8biA1UVPNko7mhCHbU88,2.64887464e-06,14.484,14.484,2000-01-01 01:14:57,0,run/data/m3/debug.log,8865
430,5,0,m1,1FFo3ah8sAKS4svacrTuQgQBUPEKrjop9rucCp,4.59635728e-07,9.073,9.073,2000-01-01 01:15:12,0,run/data/m1/debug.log,66689
430,5,0,m2,1LC9SkHzxLmLLFfkwQEj9rh3sam26QwqQtCo9N,5.02627436e-06,14.809,14.809,2000-01-01 01:15:11,0,run/data/m2/debug.log,21204
430,5,0,m3,1TxbTqvswKsuDDV5Yn8biA1UVPNko7mhCHbU88,8.87663107e-06,14.833,14.833,2000-01-01 01:15:11,0,run/data/m3/debug.log,8880
431,5,0,m1,1FFo3ah8sAKS4svacrTuQgQBUPEKrjop9rucCp,9.27371894e-07,11.597,11.597,2000-01-01 01:15:22,0,run/data/m1/debug.log,66822
431,5,0,m2,1LC9SkHzxLmLLFfkwQEj9rh3sam26QwqQtCo9N,1.18746048e-06,12.478,12.478,2000-01-01 01:15:23,0,run/data/m2/debug.log,21219
431,5,0,m3,1TxbTqvswKsuDDV5Yn8biA1UVPNko7mhCHbU88,4.02630787e-06,14.804,14.804,2000-01-01 01:15:22,0,run/data/m3/debug.log,8895
432,5,0,m1,1FFo3ah8sAKS4svacrTuQgQBUPEKrjop9rucCp,7.23970105e-07,10.689,10.689,2000-01-01 01:15:34,0,run/data/m1/debug.log,66911
432,5,0,m2,1LC9SkHzxLmLLFfkwQEj9rh3sam26QwqQtCo9N,1.0229222e-06,11.953,11.953,2000-01-01 01:15:35,0,run/data/m2/debug.log,21234
432,5,0,m3,1TxbTqvswKsuDDV5Yn8biA1UVPNko7mhCHbU88,3.80263057e-07,8.547,8.547,2000-01-01 01:15:35,0,run/data/m3/debug.log,8910
433,5,0,m1,1FFo3ah8sAKS4svacrTuQgQBUPEKrjop9rucCp,2.90722156e-06,14.578,14.578,2000-01-01 01:15:44,0,run/data/m1/debug.log,66926
433,5,0,m2,1LC9SkHzxLmLLFfkwQEj9rh3sam26QwqQtCo9N,2.28230704e-06,14.237,14.237,2000-01-01 01:15:45,0,run/data/m2/debug.log,21249
433,5,0,m3,1TxbTqvswKsuDDV5Yn8biA1UVPNko7mhCHbU88,1.31532766e-05,14.883,14.883,2000-01-01 01:15:43,0,run/data/m3/debug.log,9237
434,5,0,m1,1FFo3ah8sAKS4svacrTuQgQBUPEKrjop9rucCp,1.18760326e-06,12.328,12.328,2000-01-01 01:15:59,0,run/data/m1/debug.log,66941
434,5,0,m2,1LC9SkHzxLmLLFfkwQEj9rh3sam26QwqQtCo9N,1.37732339e-06,12.818,12.818,2000-01-01 01:15:59,0,run/data/m2/debug.log,21456
434,5,0,m3,1TxbTqvswKsuDDV5Yn8biA1UVPNko7mhCHbU88,1.9133007e-05,14.733,14.733,2000-01-01 01:15:59,0,run/data/m3/debug.log,9308
435,5,0,m1,1FFo3ah8sAKS4svacrTuQgQBUPEKrjop9rucCp,3.27350453e-06,14.553,14.553,2000-01-01 01:16:13,0,run/data/m1/debug.log,66976
435,5,0,m2,1LC9SkHzxLmLLFfkwQEj9rh3sam26QwqQtCo9N,1.65095285e-06,13.371,13.371,2000-01-01 01:16:12,0,run/data/m2/debug.log,21519
435,5,0,m3,1TxbTqvswKsuDDV5Yn8biA1UVPNko7mhCHbU88,3.99653772e-06,14.667,14.667,2000-01-01 01:16:13,0,run/data/m3/debug.log,9343
436,5,0,m1,1FFo3ah8sAKS4svacrTuQgQBUPEKrjop9rucCp,3.75571029e-07,8.261,8.261,2000-01-01 01:16:28,0,run/data/m1/debug.log,66991
436,5,0,m2,1LC9SkHzxLmLLFfkwQEj9rh3sam26QwqQtCo9N,5.19963764e-07,9.275,9.275,2000-01-01 01:16:27,0,run/data/m2/debug.log,21575
436,5,0,m3,1TxbTqvswKsuDDV5Yn8biA1UVPNko7mhCHbU88,5.1853634e-06,14.613,14.613,2000-01-01 01:16:27,0,run/data/m3/debug.log,9358
437,5,0,m1,1FFo3ah8sAKS4svacrTuQgQBUPEKrjop9rucCp,6.42173338e-07,10.073,10.073,2000-01-01 01:16:37,0,run/data/m1/debug.log,67009
437,5,0,m2,1LC9SkHzxLmLLFfkwQEj9rh3sam26QwqQtCo9N,1.44254914e-06,12.929,12.929,2000-01-01 01:16:37,0,run/data/m2/debug.log,21654
437,5,0,m3,1TxbTqvswKsuDDV5Yn8biA1UVPNko7mhCHbU88,9.28878178e-06,14.700,14.700,2000-01-01 01:16:37,0,run/data/m3/debug.log,9376
438,5,0,m1,1FFo3ah8sAKS4svacrTuQgQBUPEKrjop9rucCp,1.07394003e-06,11.927,11.927,2000-01-01 01:16:48,0,run/data/m1/debug.log,67603
438,5,0,m2,1LC9SkHzxLmLLFfkwQEj9rh3sam26QwqQtCo9N,2.05750673e-07,6.871,6.871,2000-01-01 01:16:49,0,run/data/m2/debug.log,21669
438,5,0,m3,1TxbTqvswKsuDDV5Yn8biA1UVPNko7mhCHbU88,1.53768726e-06,13.103,13.103,2000-01-01 01:16:48,0,run/data/m3/debug.log,9391
439,5,0,m1,1FFo3ah8sAKS4svacrTuQgQBUPEKrjop9rucCp,1.6738924e-07,6.453,6.453,2000-01-01 01:16:58,0,run/data/m1/debug.log,67618
439,5,0,m2,1LC9SkHzxLmLLFfkwQEj9rh3sam26QwqQtCo9N,1.02104039e-06,11.696,11.696,2000-01-01 01:16:56,0,run/data/m2/debug.log,22057
439,5,0,m3,1TxbTqvswKsuDDV5Yn8biA1UVPNko7mhCHbU88,1.37155036e-06,12.705,12.705,2000-01-01 01:16:57,0,run/data/m3/debug.log,9406
440,5,0,m1,1FFo3ah8sAKS4svacrTuQgQBUPEKrjop9rucCp,6.59135601e-07,10.183,10.183,2000-01-01 01:17:04,0,run/data/m1/debug.log,67674
440,5,0,m2,1LC9SkHzxLmLLFfkwQEj9rh3sam26QwqQtCo9N,2.58307993e-06,14.266,14.266,2000-01-01 01:17:05,0,run/data/m2/debug.log,22072
440,5,0,m3,1TxbTqvswKsuDDV5Yn8biA1UVPNko7mhCHbU88,5.02427689e-06,14.693,14.693,2000-01-01 01:17:05,0,run/data/m3/debug.log,9421
441,5,0,m1,1FFo3ah8sAKS4svacrTuQgQBUPEKrjop9rucCp,3.85326262e-06,14.585,14.585,2000-01-01 01:17:15,0,run/data/m1/debug.log,67733
441,5,0,m2,1LC9SkHzxLmLLFfkwQEj9rh3sam26QwqQtCo9N,1.91522328e-06,13.679,13.679,2000-01-01 01:17:16,0,run/data/m2/debug.log,22087
441,5,0,m3,1TxbTqvswKsuDDV5Yn8biA1UVPNko7mhCHbU88,5.70562297e-06,14.673,14.673,2000-01-01 01:17:16,0,run/data/m3/debug.log,9436
442,5,0,m1,1FFo3ah8sAKS4svacrTuQgQBUPEKrjop9rucCp,5.03414843e-07,9.201,9.201,2000-01-01 01:17:31,0,run/data/m1/debug.log,67781
442,5,0,m2,1LC9SkHzxLmLLFfkwQEj9rh3sam26QwqQtCo9N,1.80060231e-06,13.531,13.531,2000-01-01 01:17:30,0,run/data/m2/debug.log,22165
442,5,0,m3,1TxbTqvswKsuDDV5Yn8biA1UVPNko7mhCHbU88,1.03368566e-05,14.683,14.683,2000-01-01 01:17:31,0,run/data/m3/debug.log,9467
443,5,0,m1,1FFo3ah8sAKS4svacrTuQgQBUPEKrjop9rucCp,3.59787977e-06,14.550,14.550,2000-01-01 01:17:41,0,run/data/m1/debug.log,67828
443,5,0,m2,1LC9SkHzxLmLLFfkwQEj9rh3sam26QwqQtCo9N,8.32122894e-06,14.683,14.683,2000-01-01 01:17:41,0,run/data/m2/debug.log,22200
443,5,0,m3,1TxbTqvswKsuDDV5Yn8biA1UVPNko7mhCHbU88,6.11121266e-05,14.683,14.683,2000-01-01 01:17:41,0,run/data/m3/debug.log,9486
444,5,0,m1,1FFo3ah8sAKS4svacrTuQgQBUPEKrjop9rucCp,3.07348286e-06,14.383,14.383,2000-01-01 01:17:56,0,run/data/m1/debug.log,68742
444,5,0,m2,1LC9SkHzxLmLLFfkwQEj9rh3sam26QwqQtCo9N,4.9585211e-06,14.607,14.607,2000-01-01 01:17:57,0,run/data/m2/debug.log,22215
444,5,0,m3,1TxbTqvswKsuDDV5Yn8biA1UVPNko7mhCHbU88,2.29182489e-06,13.994,13.994,2000-01-01 01:17:56,0,run/data/m3/debug.log,9501
445,5,0,m1,1FFo3ah8sAKS4svacrTuQgQBUPEKrjop9rucCp,2.28001927e-08,4.803,4.803,2000-01-01 01:18:11,0,run/data/m1/debug.log,68757
445,5,0,m2,1LC9SkHzxLmLLFfkwQEj9rh3sam26QwqQtCo9N,6.78562961e-06,14.530,14.530,2000-01-01 01:18:12,0,run/data/m2/debug.log,22230
445,5,0,m3,1TxbTqvswKsuDDV5Yn8biA1UVPNko7mhCHbU88,1.33293304e-05,14.533,14.533,2000-01-01 01:18:11,0,run/data/m3/debug.log,9558
446,5,0,m1,1FFo3ah8sAKS4svacrTuQgQBUPEKrjop9rucCp,2.53838876e-06,14.225,14.225,2000-01-01 01:18:17,0,run/data/m1/debug.log,68774
446,5,0,m2,1LC9SkHzxLmLLFfkwQEj9rh3sam26QwqQtCo9N,1.32408512e-06,12.658,12.658,2000-01-01 01:18:18,0,run/data/m2/debug.log,22245
446,5,0,m3,1TxbTqvswKsuDDV5Yn8biA1UVPNko7mhCHbU88,1.79504454e-05,14.700,14.700,2000-01-01 01:18:17,0,run/data/m3/debug.log,9573
447,5,0,m1,1FFo3ah8sAKS4svacrTuQgQBUPEKrjop9rucCp,1.58887443e-06,13.198,13.198,2000-01-01 01:18:31,0,run/data/m1/debug.log,69391
447,5,0,m2,1LC9SkHzxLmLLFfkwQEj9rh3sam26QwqQtCo9N,9.31502099e-06,14.683,14.683,2000-01-01 01:18:31,0,run/data/m2/debug.log,22526
447,5,0,m3,1TxbTqvswKsuDDV5Yn8biA1UVPNko7mhCHbU88,2.52327655e-06,14.199,14.199,2000-01-01 01:18:32,0,run/data/m3/debug.log,9591
448,5,0,m1,1FFo3ah8sAKS4svacrTuQgQBUPEKrjop9rucCp,1.6945061e-07,6.557,6.557,2000-01-01 01:18:44,0,run/data/m1/debug.log,69452
448,5,0,m2,1LC9SkHzxLmLLFfkwQEj9rh3sam26QwqQtCo9N,6.08117685e-07,9.896,9.896,2000-01-01 01:18:45,0,run/data/m2/debug.log,22561
448,5,0,m3,1TxbTqvswKsuDDV5Yn8biA1UVPNko7mhCHbU88,3.71695001e-06,14.601,14.601,2000-01-01 01:18:45,0,run/data/m3/debug.log,9626
449,5,0,m1,1FFo3ah8sAKS4svacrTuQgQBUPEKrjop9rucCp,1.87761257e-06,13.716,13.716,2000-01-01 01:18:51,0,run/data/m1/debug.log,69510
449,5,0,m2,1LC9SkHzxLmLLFfkwQEj9rh3sam26QwqQtCo9N,1.65600763e-06,13.396,13.396,2000-01-01 01:18:52,0,run/data/m2/debug.log,22576
449,5,0,m3,1TxbTqvswKsuDDV5Yn8biA1UVPNko7mhCHbU88,4.81347951e-06,14.736,14.736,2000-01-01 01:18:51,0,run/data/m3/debug.log,9641
450,5,0,m1,1FFo3ah8sAKS4svacrTuQgQBUPEKrjop9rucCp,4.9738948e-07,9.211,9.211,2000-01-01 01:19:05,0,run/data/m1/debug.log,69541
450,5,0,m2,1LC9SkHzxLmLLFfkwQEj9rh3sam26QwqQtCo9N,2.27371643e-06,14.063,14.063,2000-01-01 01:19:06,0,run/data/m2/debug.log,22591
450,5,0,m3,1TxbTqvswKsuDDV5Yn8biA1UVPNko7mhCHbU88,2.19063823e-05,14.717,14.717,2000-01-01 01:19:06,0,run/data/m3/debug.log,9656
451,5,0,m1,1FFo3ah8sAKS4svacrTuQgQBUPEKrjop9rucCp,1.13819169e-06,12.132,12.132,2000-01-01 01:19:15,0,run/data/m1/debug.log,69722
451,5,0,m2,1LC9SkHzxLmLLFfkwQEj9rh3sam26QwqQtCo9N,7.94669424e-07,10.830,10.830,2000-01-01 01:19:16,0,run/data/m2/debug.log,22606
451,5,0,m3,1TxbTqvswKsuDDV5Yn8biA1UVPNko7mhCHbU88,2.73959833e-06,14.310,14.310,2000-01-01 01:19:16,0,run/data/m3/debug.log,9671
452,5,0,m1,1FFo3ah8sAKS4svacrTuQgQBUPEKrjop9rucCp,7.3789034e-07,10.491,10.491,2000-01-01 01:19:28,0,run/data/m1/debug.log,69737
452,5,0,m2,1LC9SkHzxLmLLFfkwQEj9rh3sam26QwqQtCo9N,2.39774049e-06,14.054,14.054,2000-01-01 01:19:27,0,run/data/m2/debug.log,23280
452,5,0,m3,1TxbTqvswKsuDDV5Yn8biA1UVPNko7mhCHbU88,1.00978639e-05,14.617,14.617,2000-01-01 01:19:28,0,run/data/m3/debug.log,9686
453,5,0,m1,1FFo3ah8sAKS4svacrTuQgQBUPEKrjop9rucCp,4.67638746e-06,14.563,14.563,2000-01-01 01:19:39,0,run/data/m1/debug.log,70070
453,5,0,m2,1LC9SkHzxLmLLFfkwQEj9rh3sam26QwqQtCo9N,9.12809704e-06,14.600,14.600,2000-01-01 01:19:40,0,run/data/m2/debug.log,23295
453,5,0,m3,1TxbTqvswKsuDDV5Yn8biA1UVPNko7mhCHbU88,1.43777028e-06,12.819,12.819,2000-01-01 01:19:40,0,run/data/m3/debug.log,9701
454,5,0,m1,1FFo3ah8sAKS4svacrTuQgQBUPEKrjop9rucCp,2.84690567e-06,14.305,14.305,2000-01-01 01:19:54,0,run/data/m1/debug.log,70085
454,5,0,m2,1LC9SkHzxLmLLFfkwQEj9rh3sam26QwqQtCo9N,2.69129252e-06,14.238,14.238,2000-01-01 01:19:55,0,run/data/m2/debug.log,23310
454,5,0,m3,1TxbTqvswKsuDDV5Yn8biA1UVPNko7mhCHbU88,2.16506257e-05,14.633,14.633,2000-01-01 01:19:53,0,run/data/m3/debug.log,10369
455,5,0,m1,1FFo3ah8sAKS4svacrTuQgQBUPEKrjop9rucCp,1.36245836e-06,12.600,12.600,2000-01-01 01:20:09,0,run/data/m1/debug.log,70100
455,5,0,m2,1LC9SkHzxLmLLFfkwQEj9rh3sam26QwqQtCo9N,1.77736923e-06,13.348,13.348,2000-01-01 01:20:09,0,run/data/m2/debug.log,24196
455,5,0,m3,1TxbTqvswKsuDDV5Yn8biA1UVPNko7mhCHbU88,1.06205776e-05,14.550,14.550,2000-01-01 01:20:09,0,run/data/m3/debug.log,11015
456,5,0,m1,1FFo3ah8sAKS4svacrTuQgQBUPEKrjop9rucCp,2.26814126e-07,6.949,6.949,2000-01-01 01:20:22,0,run/data/m1/debug.log,70158
456,5,0,m2,1LC9SkHzxLmLLFfkwQEj9rh3sam26QwqQtCo9N,3.60647439e-07,8.080,8.080,2000-01-01 01:20:23,0,run/data/m2/debug.log,24231
456,5,0,m3,1TxbTqvswKsuDDV5Yn8biA1UVPNko7mhCHbU88,5.29598428e-06,14.549,14.549,2000-01-01 01:20:23,0,run/data/m3/debug.log,11046
457,5,0,m1,1FFo3ah8sAKS4svacrTuQgQBUPEKrjop9rucCp,1.17644759e-06,12.246,12.246,2000-01-01 01:20:30,0,run/data/m1/debug.log,70533
457,5,0,m2,1LC9SkHzxLmLLFfkwQEj9rh3sam26QwqQtCo9N,2.86437445e-06,14.362,14.362,2000-01-01 01:20:31,0,run/data/m2/debug.log,24249
457,5,0,m3,1TxbTqvswKsuDDV5Yn8biA1UVPNko7mhCHbU88,2.98653315e-06,14.406,14.406,2000-01-01 01:20:31,0,run/data/m3/debug.log,11064
458,5,0,m1,1FFo3ah8sAKS4svacrTuQgQBUPEKrjop9rucCp,2.82056415e-06,14.228,14.228,2000-01-01 01:20:43,0,run/data/m1/debug.log,70571
458,5,0,m2,1LC9SkHzxLmLLFfkwQEj9rh3sam26QwqQtCo9N,1.88176566e-06,13.521,13.521,2000-01-01 01:20:44,0,run/data/m2/debug.log,24264
458,5,0,m3,1TxbTqvswKsuDDV5Yn8biA1UVPNko7mhCHbU88,2.74853756e-05,14.567,14.567,2000-01-01 01:20:44,0,run/data/m3/debug.log,11079
459,5,0,m1,1FFo3ah8sAKS4svacrTuQgQBUPEKrjop9rucCp,9.20615679e-07,11.237,11.237,2000-01-01 01:20:58,0,run/data/m1/debug.log,70669
459,5,0,m2,1LC9SkHzxLmLLFfkwQEj9rh3sam26QwqQtCo9N,3.50157708e-06,14.400,14.400,2000-01-01 01:20:58,0,run/data/m2/debug.log,24279
459,5,0,m3,1TxbTqvswKsuDDV5Yn8biA1UVPNko7mhCHbU88,1.62114253e-06,13.121,13.121,2000-01-01 01:20:58,0,run/data/m3/debug.log,11094
460,5,0,m1,1FFo3ah8sAKS4svacrTuQgQBUPEKrjop9rucCp,8.67481106e-07,11.036,11.036,2000-01-01 01:21:10,0,run/data/m1/debug.log,70933
460,5,0,m2,1LC9SkHzxLmLLFfkwQEj9rh3sam26QwqQtCo9N,5.54386868e-06,14.554,14.554,2000-01-01 01:21:10,0,run/data/m2/debug.log,24294
460,5,0,m3,1TxbTqvswKsuDDV5Yn8biA1UVPNko7mhCHbU88,2.63781931e-05,14.567,14.567,2000-01-01 01:21:10,0,run/data/m3/debug.log,11109
461,5,0,m1,1FFo3ah8sAKS4svacrTuQgQBUPEKrjop9rucCp,2.36973177e-06,13.901,13.901,2000-01-01 01:21:22,0,run/data/m1/debug.log,71729
461,5,0,m2,1LC9SkHzxLmLLFfkwQEj9rh3sam26QwqQtCo9N,1.51469896e-06,12.859,12.859,2000-01-01 01:21:23,0,run/data/m2/debug.log,24309
461,5,0,m3,1TxbTqvswKsuDDV5Yn8biA1UVPNko7mhCHbU88,7.18183772e-06,14.482,14.482,2000-01-01 01:21:22,0,run/data/m3/debug.log,11124
462,5,0,m1,1FFo3ah8sAKS4svacrTuQgQBUPEKrjop9rucCp,1.03939413e-07,5.656,5.656,2000-01-01 01:21:36,0,run/data/m1/debug.log,71768
462,5,0,m2,1LC9SkHzxLmLLFfkwQEj9rh3sam26QwqQtCo9N,4.98019606e-06,14.458,14.458,2000-01-01 01:21:36,0,run/data/m2/debug.log,24672
462,5,0,m3,1TxbTqvswKsuDDV5Yn8biA1UVPNko7mhCHbU88,1.52525915e-06,12.880,12.880,2000-01-01 01:21:37,0,run/data/m3/debug.log,11139
463,5,0,m1,1FFo3ah8sAKS4svacrTuQgQBUPEKrjop9rucCp,2.03647918e-06,13.665,13.665,2000-01-01 01:21:43,0,run/data/m1/debug.log,71848
463,5,0,m2,1LC9SkHzxLmLLFfkwQEj9rh3sam26QwqQtCo9N,3.41802328e-06,14.368,14.368,2000-01-01 01:21:43,0,run/data/m2/debug.log,24707
463,5,0,m3,1TxbTqvswKsuDDV5Yn8biA1UVPNko7mhCHbU88,1.87636598e-05,14.533,14.533,2000-01-01 01:21:43,0,run/data/m3/debug.log,11174
464,5,0,m1,1FFo3ah8sAKS4svacrTuQgQBUPEKrjop9rucCp,8.57429121e-07,10.926,10.926,2000-01-01 01:21:57,0,run/data/m1/debug.log,71881
464,5,0,m2,1LC9SkHzxLmLLFfkwQEj9rh3sam26QwqQtCo9N,7.97582218e-07,10.660,10.660,2000-01-01 01:21:58,0,run/data/m2/debug.log,24722
464,5,0,m3,1TxbTqvswKsuDDV5Yn8biA1UVPNko7mhCHbU88,1.15876349e-05,14.500,14.500,2000-01-01 01:21:57,0,run/data/m3/debug.log,11189
465,5,0,m1,1FFo3ah8sAKS4svacrTuQgQBUPEKrjop9rucCp,2.75154534e-07,7.329,7.329,2000-01-01 01:22:08,0,run/data/m1/debug.log,71929
465,5,0,m2,1LC9SkHzxLmLLFfkwQEj9rh3sam26QwqQtCo9N,3.57783254e-07,8.007,8.007,2000-01-01 01:22:09,0,run/data/m2/debug.log,24737
465,5,0,m3,1TxbTqvswKsuDDV5Yn8biA1UVPNko7mhCHbU88,1.0717008e-05,14.517,14.517,2000-01-01 01:22:08,0,run/data/m3/debug.log,11204
466,5,0,m1,1FFo3ah8sAKS4svacrTuQgQBUPEKrjop9rucCp,1.89547751e-06,13.588,13.588,2000-01-01 01:22:16,0,run/data/m1/debug.log,72271
466,5,0,m2,1LC9SkHzxLmLLFfkwQEj9rh3sam26QwqQtCo9N,6.7325723e-07,10.159,10.159,2000-01-01 01:22:16,0,run/data/m2/debug.log,24752
466,5,0,m3,1TxbTqvswKsuDDV5Yn8biA1UVPNko7mhCHbU88,2.82731496e-05,14.617,14.617,2000-01-01 01:22:16,0,run/data/m3/debug.log,11219
467,5,0,m1,1FFo3ah8sAKS4svacrTuQgQBUPEKrjop9rucCp,2.30720141e-06,14.056,14.056,2000-01-01 01:22:28,0,run/data/m1/debug.log,72286
467,5,0,m2,1LC9SkHzxLmLLFfkwQEj9rh3sam26QwqQtCo9N,9.28571801e-07,11.402,11.402,2000-01-01 01:22:27,0,run/data/m2/debug.log,24814
467,5,0,m3,1TxbTqvswKsuDDV5Yn8biA1UVPNko7mhCHbU88,3.03220273e-06,14.420,14.420,2000-01-01 01:22:28,0,run/data/m3/debug.log,11234
468,5,0,m1,1FFo3ah8sAKS4svacrTuQgQBUPEKrjop9rucCp,7.16228395e-07,10.466,10.466,2000-01-01 01:22:41,0,run/data/m1/debug.log,72304
468,5,0,m2,1LC9SkHzxLmLLFfkwQEj9rh3sam26QwqQtCo9N,3.27861988e-06,14.504,14.504,2000-01-01 01:22:40,0,run/data/m2/debug.log,24977
468,5,0,m3,1TxbTqvswKsuDDV5Yn8biA1UVPNko7mhCHbU88,4.8063092e-06,14.669,14.669,2000-01-01 01:22:40,0,run/data/m3/debug.log,11252
469,5,0,m1,1FFo3ah8sAKS4svacrTuQgQBUPEKrjop9rucCp,4.02520074e-06,14.553,14.553,2000-01-01 01:22:52,0,run/data/m1/debug.log,72562
469,5,0,m2,1LC9SkHzxLmLLFfkwQEj9rh3sam26QwqQtCo9N,5.79436173e-06,14.624,14.624,2000-01-01 01:22:53,0,run/data/m2/debug.log,24992
469,5,0,m3,1TxbTqvswKsuDDV5Yn8biA1UVPNko7mhCHbU88,1.1087077e-05,14.633,14.633,2000-01-01 01:22:52,0,run/data/m3/debug.log,11267
470,5,0,m1,1FFo3ah8sAKS4svacrTuQgQBUPEKrjop9rucCp,6.07423133e-07,9.776,9.776,2000-01-01 01:23:07,0,run/data/m1/debug.log,73001
470,5,0,m2,1LC9SkHzxLmLLFfkwQEj9rh3sam26QwqQtCo9N,5.45757821e-06,14.586,14.586,2000-01-01 01:23:08,0,run/data/m2/debug.log,25007
470,5,0,m3,1TxbTqvswKsuDDV5Yn8biA1UVPNko7mhCHbU88,3.68009665e-05,14.600,14.600,2000-01-01 01:23:08,0,run/data/m3/debug.log,11282
471,5,0,m1,1FFo3ah8sAKS4svacrTuQgQBUPEKrjop9rucCp,9.56780587e-08,5.768,5.768,2000-01-01 01:23:17,0,run/data/m1/debug.log,73667
471,5,0,m2,1LC9SkHzxLmLLFfkwQEj9rh3sam26QwqQtCo9N,4.04109157e-06,14.605,14.605,2000-01-01 01:23:18,0,run/data/m2/debug.log,25022
471,5,0,m3,1TxbTqvswKsuDDV5Yn8biA1UVPNko7mhCHbU88,2.82020171e-06,14.344,14.344,2000-01-01 01:23:18,0,run/data/m3/debug.log,11297
472,5,0,m1,1FFo3ah8sAKS4svacrTuQgQBUPEKrjop9rucCp,9.26764706e-07,11.478,11.478,2000-01-01 01:23:24,0,run/data/m1/debug.log,73745
472,5,0,m2,1LC9SkHzxLmLLFfkwQEj9rh3sam26QwqQtCo9N,1.40181632e-06,12.907,12.907,2000-01-01 01:23:25,0,run/data/m2/debug.log,25037
472,5,0,m3,1TxbTqvswKsuDDV5Yn8biA1UVPNko7mhCHbU88,1.85997848e-05,14.767,14.767,2000-01-01 01:23:25,0,run/data/m3/debug.log,11312
473,5,0,m1,1FFo3ah8sAKS4svacrTuQgQBUPEKrjop9rucCp,1.13398564e-06,12.202,12.202,2000-01-01 01:23:36,0,run/data/m1/debug.log,73895
473,5,0,m2,1LC9SkHzxLmLLFfkwQEj9rh3sam26QwqQtCo9N,5.85172262e-06,14.758,14.758,2000-01-01 01:23:37,0,run/data/m2/debug.log,25052
473,5,0,m3,1TxbTqvswKsuDDV5Yn8biA1UVPNko7mhCHbU88,1.21287386e-05,14.767,14.767,2000-01-01 01:23:36,0,run/data/m3/debug.log,11327
474,5,0,m1,1FFo3ah8sAKS4svacrTuQgQBUPEKrjop9rucCp,1.07265029e-06,12.023,12.023,2000-01-01 01:23:49,0,run/data/m1/debug.log,73930
474,5,0,m2,1LC9SkHzxLmLLFfkwQEj9rh3sam26QwqQtCo9N,3.56808557e-07,8.266,8.266,2000-01-01 01:23:50,0,run/data/m2/debug.log,25067
474,5,0,m3,1TxbTqvswKsuDDV5Yn8biA1UVPNko7mhCHbU88,7.08966022e-06,14.781,14.781,2000-01-01 01:23:50,0,run/data/m3/debug.log,11342
475,5,0,m1,1FFo3ah8sAKS4svacrTuQgQBUPEKrjop9rucCp,1.2262761e-06,12.438,12.438,2000-01-01 01:24:00,0,run/data/m1/debug.log,73945
475,5,0,m2,1LC9SkHzxLmLLFfkwQEj9rh3sam26QwqQtCo9N,3.11521087e-06,14.495,14.495,2000-01-01 01:23:59,0,run/data/m2/debug.log,25536
475,5,0,m3,1TxbTqvswKsuDDV5Yn8biA1UVPNko7mhCHbU88,1.12460192e-05,14.733,14.733,2000-01-01 01:24:00,0,run/data/m3/debug.log,11357
476,5,0,m1,1FFo3ah8sAKS4svacrTuQgQBUPEKrjop9rucCp,1.63945456e-06,13.335,13.335,2000-01-01 01:24:13,0,run/data/m1/debug.log,73997
476,5,0,m2,1LC9SkHzxLmLLFfkwQEj9rh3sam26QwqQtCo9N,2.6581526e-06,14.322,14.322,2000-01-01 01:24:14,0,run/data/m2/debug.log,25551
476,5,0,m3,1TxbTqvswKsuDDV5Yn8biA1UVPNko7mhCHbU88,5.17770496e-06,14.713,14.713,2000-01-01 01:24:14,0,run/data/m3/debug.log,11372
477,5,0,m1,1FFo3ah8sAKS4svacrTuQgQBUPEKrjop9rucCp,2.39216896e-06,14.100,14.100,2000-01-01 01:24:28,0,run/data/m1/debug.log,74224
477,5,0,m2,1LC9SkHzxLmLLFfkwQEj9rh3sam26QwqQtCo9N,4.00559997e-07,8.483,8.483,2000-01-01 01:24:29,0,run/data/m2/debug.log,25566
477,5,0,m3,1TxbTqvswKsuDDV5Yn8biA1UVPNko7mhCHbU88,1.43057786e-05,14.667,14.667,2000-01-01 01:24:29,0,run/data/m3/debug.log,11387
478,5,0,m1,1FFo3ah8sAKS4svacrTuQgQBUPEKrjop9rucCp,1.02427642e-06,11.724,11.724,2000-01-01 01:24:38,0,run/data/m1/debug.log,74242
478,5,0,m2,1LC9SkHzxLmLLFfkwQEj9rh3sam26QwqQtCo9N,5.9301129e-07,9.741,9.741,2000-01-01 01:24:37,0,run/data/m2/debug.log,26297
478,5,0,m3,1TxbTqvswKsuDDV5Yn8biA1UVPNko7mhCHbU88,4.63806098e-05,14.650,14.650,2000-01-01 01:24:38,0,run/data/m3/debug.log,11405
479,5,0,m1,1FFo3ah8sAKS4svacrTuQgQBUPEKrjop9rucCp,1.49981407e-06,13.013,13.013,2000-01-01 01:24:49,0,run/data/m1/debug.log,74257
479,5,0,m2,1LC9SkHzxLmLLFfkwQEj9rh3sam26QwqQtCo9N,1.49392679e-06,13.002,13.002,2000-01-01 01:24:47,0,run/data/m2/debug.log,26314
479,5,0,m3,1TxbTqvswKsuDDV5Yn8biA1UVPNko7mhCHbU88,1.06428945e-06,11.878,11.878,2000-01-01 01:24:48,0,run/data/m3/debug.log,11420
480,5,0,m1,1FFo3ah8sAKS4svacrTuQgQBUPEKrjop9rucCp,4.52444722e-07,8.856,8.856,2000-01-01 01:25:01,0,run/data/m1/debug.log,74272
480,5,0,m2,1LC9SkHzxLmLLFfkwQEj9rh3sam26QwqQtCo9N,3.69887895e-06,14.549,14.549,2000-01-01 01:25:00,0,run/data/m2/debug.log,26329
480,5,0,m3,1TxbTqvswKsuDDV5Yn8biA1UVPNko7mhCHbU88,2.8323123e-06,14.333,14.333,2000-01-01 01:25:00,0,run/data/m3/debug.log,11789
481,5,0,m1,1FFo3ah8sAKS4svacrTuQgQBUPEKrjop9rucCp,2.90632952e-06,14.378,14.378,2000-01-01 01:25:11,0,run/data/m1/debug.log,74576
481,5,0,m2,1LC9SkHzxLmLLFfkwQEj9rh3sam26QwqQtCo9N,3.80376804e-06,14.579,14.579,2000-01-01 01:25:11,0,run/data/m2/debug.log,26344
481,5,0,m3,1TxbTqvswKsuDDV5Yn8biA1UVPNko7mhCHbU88,7.29473882e-08,5.521,5.521,2000-01-01 01:25:12,0,run/data/m3/debug.log,11804
482,5,0,m1,1FFo3ah8sAKS4svacrTuQgQBUPEKrjop9rucCp,2.77419993e-07,7.632,7.632,2000-01-01 01:25:19,0,run/data/m1/debug.log,74591
482,5,0,m2,1LC9SkHzxLmLLFfkwQEj9rh3sam26QwqQtCo9N,2.50122492e-06,14.303,14.303,2000-01-01 01:25:20,0,run/data/m2/debug.log,26359
482,5,0,m3,1TxbTqvswKsuDDV5Yn8biA1UVPNko7mhCHbU88,3.09383305e-05,14.800,14.800,2000-01-01 01:25:19,0,run/data/m3/debug.log,12970
483,5,0,m1,1FFo3ah8sAKS4svacrTuQgQBUPEKrjop9rucCp,7.41333631e-07,10.725,10.725,2000-01-01 01:25:27,0,run/data/m1/debug.log,74626
483,5,0,m2,1LC9SkHzxLmLLFfkwQEj9rh3sam26QwqQtCo9N,5.20251461e-06,14.814,14.814,2000-01-01 01:25:28,0,run/data/m2/debug.log,26374
483,5,0,m3,1TxbTqvswKsuDDV5Yn8biA1UVPNko7mhCHbU88,1.44908432e-05,14.833,14.833,2000-01-01 01:25:29,0,run/data/m3/debug.log,12985
484,5,0,m1,1FFo3ah8sAKS4svacrTuQgQBUPEKrjop9rucCp,3.82431111e-08,5.215,5.215,2000-01-01 01:25:38,0,run/data/m1/debug.log,74732
484,5,0,m2,1LC9SkHzxLmLLFfkwQEj9rh3sam26QwqQtCo9N,2.87668213e-06,14.450,14.450,2000-01-01 01:25:39,0,run/data/m2/debug.log,26389
484,5,0,m3,1TxbTqvswKsuDDV5Yn8biA1UVPNko7mhCHbU88,1.18481668e-05,14.767,14.767,2000-01-01 01:25:39,0,run/data/m3/debug.log,13000
485,5,0,m1,1FFo3ah8sAKS4svacrTuQgQBUPEKrjop9rucCp,7.03094575e-07,10.565,10.565,2000-01-01 01:25:44,0,run/data/m1/debug.log,74842
485,5,0,m2,1LC9SkHzxLmLLFfkwQEj9rh3sam26QwqQtCo9N,7.27626968e-07,10.690,10.690,2000-01-01 01:25:44,0,run/data/m2/debug.log,26404
485,5,0,m3,1TxbTqvswKsuDDV5Yn8biA1UVPNko7mhCHbU88,3.71074467e-06,14.750,14.750,2000-01-01 01:25:44,0,run/data/m3/debug.log,13015
486,5,0,m1,1FFo3ah8sAKS4svacrTuQgQBUPEKrjop9rucCp,4.28503353e-06,14.842,14.842,2000-01-01 01:25:55,0,run/data/m1/debug.log,74921
486,5,0,m2,1LC9SkHzxLmLLFfkwQEj9rh3sam26QwqQtCo9N,7.54121477e-07,10.854,10.854,2000-01-01 01:25:55,0,run/data/m2/debug.log,26419
486,5,0,m3,1TxbTqvswKsuDDV5Yn8biA1UVPNko7mhCHbU88,1.99997793e-05,14.900,14.900,2000-01-01 01:25:55,0,run/data/m3/debug.log,13030
487,5,0,m1,1FFo3ah8sAKS4svacrTuQgQBUPEKrjop9rucCp,7.90841644e-07,11.012,11.012,2000-01-01 01:26:07,0,run/data/m1/debug.log,74936
487,5,0,m2,1LC9SkHzxLmLLFfkwQEj9rh3sam26QwqQtCo9N,2.75491126e-07,7.698,7.698,2000-01-01 01:26:06,0,run/data/m2/debug.log,26677
487,5,0,m3,1TxbTqvswKsuDDV5Yn8biA1UVPNko7mhCHbU88,5.85397e-05,14.883,14.883,2000-01-01 01:26:07,0,run/data/m3/debug.log,13045
488,5,0,m1,1FFo3ah8sAKS4svacrTuQgQBUPEKrjop9rucCp,7.05105674e-07,10.693,10.693,2000-01-01 01:26:14,0,run/data/m1/debug.log,74951
488,5,0,m2,1LC9SkHzxLmLLFfkwQEj9rh3sam26QwqQtCo9N,2.01685034e-06,14.094,14.094,2000-01-01 01:26:14,0,run/data/m2/debug.log,26808
488,5,0,m3,1TxbTqvswKsuDDV5Yn8biA1UVPNko7mhCHbU88,3.27037268e-06,14.786,14.786,2000-01-01 01:26:15,0,run/data/m3/debug.log,13060
489,5,0,m1,1FFo3ah8sAKS4svacrTuQgQBUPEKrjop9rucCp,7.34595688e-08,5.894,5.894,2000-01-01 01:26:26,0,run/data/m1/debug.log,75034
489,5,0,m2,1LC9SkHzxLmLLFfkwQEj9rh3sam26QwqQtCo9N,5.36175517e-07,9.795,9.795,2000-01-01 01:26:26,0,run/data/m2/debug.log,26823
489,5,0,m3,1TxbTqvswKsuDDV5Yn8biA1UVPNko7mhCHbU88,5.80355424e-06,15.041,15.041,2000-01-01 01:26:26,0,run/data/m3/debug.log,13075
490,5,0,m1,1FFo3ah8sAKS4svacrTuQgQBUPEKrjop9rucCp,5.70147948e-07,10.038,10.038,2000-01-01 01:26:32,0,run/data/m1/debug.log,75082
490,5,0,m2,1LC9SkHzxLmLLFfkwQEj9rh3sam26QwqQtCo9N,5.27346118e-06,15.065,15.065,2000-01-01 01:26:33,0,run/data/m2/debug.log,26841
490,5,0,m3,1TxbTqvswKsuDDV5Yn8biA1UVPNko7mhCHbU88,7.80139819e-06,15.082,15.082,2000-01-01 01:26:34,0,run/data/m3/debug.log,13093
491,5,0,m1,1FFo3ah8sAKS4svacrTuQgQBUPEKrjop9rucCp,1.76314313e-06,13.861,13.861,2000-01-01 01:26:43,0,run/data/m1/debug.log,75174
491,5,0,m2,1LC9SkHzxLmLLFfkwQEj9rh3sam26QwqQtCo9N,1.16726802e-05,15.067,15.067,2000-01-01 01:26:44,0,run/data/m2/debug.log,26856
491,5,0,m3,1TxbTqvswKsuDDV5Yn8biA1UVPNko7mhCHbU88,2.86581116e-06,14.746,14.746,2000-01-01 01:26:43,0,run/data/m3/debug.log,13108
492,5,0,m1,1FFo3ah8sAKS4svacrTuQgQBUPEKrjop9rucCp,8.87353264e-07,11.602,11.602,2000-01-01 01:26:57,0,run/data/m1/debug.log,75350
492,5,0,m2,1LC9SkHzxLmLLFfkwQEj9rh3sam26QwqQtCo9N,3.58259007e-06,14.914,14.914,2000-01-01 01:26:58,0,run/data/m2/debug.log,26871
492,5,0,m3,1TxbTqvswKsuDDV5Yn8biA1UVPNko7mhCHbU88,4.0182352e-06,14.969,14.969,2000-01-01 01:26:58,0,run/data/m3/debug.log,13123
493,5,0,m1,1FFo3ah8sAKS4svacrTuQgQBUPEKrjop9rucCp,1.18722407e-06,12.611,12.611,2000-01-01 01:27:10,0,run/data/m1/debug.log,75534
493,5,0,m2,1LC9SkHzxLmLLFfkwQEj9rh3sam26QwqQtCo9N,4.78464148e-06,14.985,14.985,2000-01-01 01:27:10,0,run/data/m2/debug.log,26886
493,5,0,m3,1TxbTqvswKsuDDV5Yn8biA1UVPNko7mhCHbU88,5.11188008e-06,14.995,14.995,2000-01-01 01:27:11,0,run/data/m3/debug.log,13138
494,5,0,m1,1FFo3ah8sAKS4svacrTuQgQBUPEKrjop9rucCp,4.07320611e-07,8.800,8.800,2000-01-01 01:27:23,0,run/data/m1/debug.log,75654
494,5,0,m2,1LC9SkHzxLmLLFfkwQEj9rh3sam26QwqQtCo9N,1.58203126e-07,6.662,6.662,2000-01-01 01:27:23,0,run/data/m2/debug.log,26901
494,5,0,m3,1TxbTqvswKsuDDV5Yn8biA1UVPNko7mhCHbU88,1.01599275e-06,11.979,11.979,2000-01-01 01:27:23,0,run/data/m3/debug.log,13153
495,5,0,m1,1FFo3ah8sAKS4svacrTuQgQBUPEKrjop9rucCp,2.75646634e-06,14.567,14.567,2000-01-01 01:27:32,0,run/data/m1/debug.log,75669
495,5,0,m2,1LC9SkHzxLmLLFfkwQEj9rh3sam26QwqQtCo9N,1.40440907e-05,14.933,14.933,2000-01-01 01:27:31,0,run/data/m2/debug.log,27174
495,5,0,m3,1TxbTqvswKsuDDV5Yn8biA1UVPNko7mhCHbU88,2.15447921e-05,14.933,14.933,2000-01-01 01:27:32,0,run/data/m3/debug.log,13168
496,5,0,m1,1FFo3ah8sAKS4svacrTuQgQBUPEKrjop9rucCp,1.14240177e-06,12.311,12.311,2000-01-01 01:27:47,0,run/data/m1/debug.log,76000
496,5,0,m2,1LC9SkHzxLmLLFfkwQEj9rh3sam26QwqQtCo9N,2.01819581e-06,13.962,13.962,2000-01-01 01:27:47,0,run/data/m2/debug.log,27196
496,5,0,m3,1TxbTqvswKsuDDV5Yn8biA1UVPNko7mhCHbU88,1.36557506e-06,12.908,12.908,2000-01-01 01:27:47,0,run/data/m3/debug.log,13199
497,5,0,m1,1FFo3ah8sAKS4svacrTuQgQBUPEKrjop9rucCp,3.38595915e-07,8.072,8.072,2000-01-01 01:28:00,0,run/data/m1/debug.log,76680
497,5,0,m2,1LC9SkHzxLmLLFfkwQEj9rh3sam26QwqQtCo9N,3.61403215e-06,14.603,14.603,2000-01-01 01:28:01,0,run/data/m2/debug.log,27231
497,5,0,m3,1TxbTqvswKsuDDV5Yn8biA1UVPNko7mhCHbU88,6.25359122e-06,14.728,14.728,2000-01-01 01:28:00,0,run/data/m3/debug.log,13481
498,5,0,m1,1FFo3ah8sAKS4svacrTuQgQBUPEKrjop9rucCp,2.56831658e-07,7.419,7.419,2000-01-01 01:28:09,0,run/data/m1/debug.log,77070
498,5,0,m2,1LC9SkHzxLmLLFfkwQEj9rh3sam26QwqQtCo9N,2.88490409e-06,14.453,14.453,2000-01-01 01:28:10,0,run/data/m2/debug.log,27262
498,5,0,m3,1TxbTqvswKsuDDV5Yn8biA1UVPNko7mhCHbU88,1.59399977e-06,13.290,13.290,2000-01-01 01:28:10,0,run/data/m3/debug.log,13519
499,5,0,m1,1FFo3ah8sAKS4svacrTuQgQBUPEKrjop9rucCp,6.37800251e-07,10.165,10.165,2000-01-01 01:28:17,0,run/data/m1/debug.log,77349
499,5,0,m2,1LC9SkHzxLmLLFfkwQEj9rh3sam26QwqQtCo9N,1.3237674e-06,12.774,12.774,2000-01-01 01:28:17,0,run/data/m2/debug.log,27277
499,5,0,m3,1TxbTqvswKsuDDV5Yn8biA1UVPNko7mhCHbU88,3.60544401e-06,14.685,14.685,2000-01-01 01:28:18,0,run/data/m3/debug.log,13534
500,6,0,m1,1FFo3ah8sAKS4svacrTuQgQBUPEKrjop9rucCp,1.31929316e-07,6.231,6.231,2000-01-01 01:28:28,0,run/data/m1/debug.log,77614
500,6,0,m2,1LC9SkHzxLmLLFfkwQEj9rh3sam26QwqQtCo9N,1.35072833e-05,14.767,14.767,2000-01-01 01:28:28,0,run/data/m2/debug.log,27292
500,6,0,m3,1TxbTqvswKsuDDV5Yn8biA1UVPNko7mhCHbU88,1.69591908e-05,14.767,14.767,2000-01-01 01:28:28,0,run/data/m3/debug.log,13549
501,6,0,m1,1FFo3ah8sAKS4svacrTuQgQBUPEKrjop9rucCp,1.28411207e-06,12.708,12.708,2000-01-01 01:28:34,0,run/data/m1/debug.log,77735
501,6,0,m2,1LC9SkHzxLmLLFfkwQEj9rh3sam26QwqQtCo9N,4.77214056e-07,9.210,9.210,2000-01-01 01:28:35,0,run/data/m2/debug.log,27310
501,6,0,m3,1TxbTqvswKsuDDV5Yn8biA1UVPNko7mhCHbU88,2.82120475e-05,14.850,14.850,2000-01-01 01:28:36,0,run/data/m3/debug.log,13567
502,6,0,m1,1FFo3ah8sAKS4svacrTuQgQBUPEKrjop9rucCp,1.83236947e-06,13.674,13.674,2000-01-01 01:28:45,0,run/data/m1/debug.log,77751
502,6,0,m2,1LC9SkHzxLmLLFfkwQEj9rh3sam26QwqQtCo9N,5.42470248e-07,9.568,9.568,2000-01-01 01:28:45,0,run/data/m2/debug.log,27400
502,6,0,m3,1TxbTqvswKsuDDV5Yn8biA1UVPNko7mhCHbU88,1.61335765e-05,14.783,14.783,2000-01-01 01:28:46,0,run/data/m3/debug.log,13583
503,6,0,m1,1FFo3ah8sAKS4svacrTuQgQBUPEKrjop9rucCp,1.18153649e-06,12.378,12.378,2000-01-01 01:28:55,0,run/data/m1/debug.log,77766
503,6,0,m2,1LC9SkHzxLmLLFfkwQEj9rh3sam26QwqQtCo9N,2.99093095e-06,14.524,14.524,2000-01-01 01:28:55,0,run/data/m2/debug.log,27841
503,6,0,m3,1TxbTqvswKsuDDV5Yn8biA1UVPNko7mhCHbU88,2.65303693e-05,14.800,14.800,2000-01-01 01:28:55,0,run/data/m3/debug.log,13598
504,6,0,m1,1FFo3ah8sAKS4svacrTuQgQBUPEKrjop9rucCp,3.6388032e-06,14.690,14.690,2000-01-01 01:29:08,0,run/data/m1/debug.log,77951
504,6,0,m2,1LC9SkHzxLmLLFfkwQEj9rh3sam26QwqQtCo9N,4.46511037e-06,14.770,14.770,2000-01-01 01:29:09,0,run/data/m2/debug.log,27856
504,6,0,m3,1TxbTqvswKsuDDV5Yn8biA1UVPNko7mhCHbU88,4.86560956e-06,14.788,14.788,2000-01-01 01:29:09,0,run/data/m3/debug.log,13613
505,6,0,m1,1FFo3ah8sAKS4svacrTuQgQBUPEKrjop9rucCp,1.81937987e-06,13.640,13.640,2000-01-01 01:29:24,0,run/data/m1/debug.log,78022
505,6,0,m2,1LC9SkHzxLmLLFfkwQEj9rh3sam26QwqQtCo9N,6.09573741e-06,14.760,14.760,2000-01-01 01:29:24,0,run/data/m2/debug.log,27871
505,6,0,m3,1TxbTqvswKsuDDV5Yn8biA1UVPNko7mhCHbU88,1.29592161e-05,14.767,14.767,2000-01-01 01:29:24,0,run/data/m3/debug.log,13628
506,6,0,m1,1FFo3ah8sAKS4svacrTuQgQBUPEKrjop9rucCp,3.0598395e-07,7.823,7.823,2000-01-01 01:29:38,0,run/data/m1/debug.log,78159
506,6,0,m2,1LC9SkHzxLmLLFfkwQEj9rh3sam26QwqQtCo9N,3.52163591e-06,14.604,14.604,2000-01-01 01:29:39,0,run/data/m2/debug.log,27886
506,6,0,m3,1TxbTqvswKsuDDV5Yn8biA1UVPNko7mhCHbU88,1.57385879e-05,14.750,14.750,2000-01-01 01:29:39,0,run/data/m3/debug.log,13648
507,6,0,m1,1FFo3ah8sAKS4svacrTuQgQBUPEKrjop9rucCp,1.5626593e-06,13.390,13.390,2000-01-01 01:29:47,0,run/data/m1/debug.log,78310
507,6,0,m2,1LC9SkHzxLmLLFfkwQEj9rh3sam26QwqQtCo9N,5.40995941e-06,14.724,14.724,2000-01-01 01:29:48,0,run/data/m2/debug.log,27906
507,6,0,m3,1TxbTqvswKsuDDV5Yn8biA1UVPNko7mhCHbU88,3.5734414e-05,14.733,14.733,2000-01-01 01:29:47,0,run/data/m3/debug.log,13663
508,6,0,m1,1FFo3ah8sAKS4svacrTuQgQBUPEKrjop9rucCp,5.70306384e-07,9.960,9.960,2000-01-01 01:30:01,0,run/data/m1/debug.log,78761
508,6,0,m2,1LC9SkHzxLmLLFfkwQEj9rh3sam26QwqQtCo9N,5.38377759e-07,9.759,9.759,2000-01-01 01:30:02,0,run/data/m2/debug.log,27921
508,6,0,m3,1TxbTqvswKsuDDV5Yn8biA1UVPNko7mhCHbU88,1.02757712e-05,14.767,14.767,2000-01-01 01:30:03,0,run/data/m3/debug.log,13678
509,6,0,m1,1FFo3ah8sAKS4svacrTuQgQBUPEKrjop9rucCp,1.09359732e-06,12.346,12.346,2000-01-01 01:30:12,0,run/data/m1/debug.log,78864
509,6,0,m2,1LC9SkHzxLmLLFfkwQEj9rh3sam26QwqQtCo9N,2.32917237e-06,14.298,14.298,2000-01-01 01:30:12,0,run/data/m2/debug.log,28196
509,6,0,m3,1TxbTqvswKsuDDV5Yn8biA1UVPNko7mhCHbU88,2.59712519e-05,14.800,14.800,2000-01-01 01:30:12,0,run/data/m3/debug.log,13709
510,6,0,m1,1FFo3ah8sAKS4svacrTuQgQBUPEKrjop9rucCp,2.21386711e-06,14.151,14.151,2000-01-01 01:30:25,0,run/data/m1/debug.log,78970
510,6,0,m2,1LC9SkHzxLmLLFfkwQEj9rh3sam26QwqQtCo9N,7.27708824e-06,14.732,14.732,2000-01-01 01:30:26,0,run/data/m2/debug.log,28231
510,6,0,m3,1TxbTqvswKsuDDV5Yn8biA1UVPNko7mhCHbU88,3.29675685e-06,14.588,14.588,2000-01-01 01:30:27,0,run/data/m3/debug.log,13728
511,6,0,m1,1FFo3ah8sAKS4svacrTuQgQBUPEKrjop9rucCp,2.50272976e-06,14.215,14.215,2000-01-01 01:30:40,0,run/data/m1/debug.log,79121
511,6,0,m2,1LC9SkHzxLmLLFfkwQEj9rh3sam26QwqQtCo9N,3.61895485e-06,14.521,14.521,2000-01-01 01:30:40,0,run/data/m2/debug.log,28249
511,6,0,m3,1TxbTqvswKsuDDV5Yn8biA1UVPNko7mhCHbU88,4.24384888e-05,14.617,14.617,2000-01-01 01:30:41,0,run/data/m3/debug.log,13746
512,6,0,m1,1FFo3ah8sAKS4svacrTuQgQBUPEKrjop9rucCp,7.3769318e-07,10.690,10.690,2000-01-01 01:30:54,0,run/data/m1/debug.log,79758
512,6,0,m2,1LC9SkHzxLmLLFfkwQEj9rh3sam26QwqQtCo9N,1.19766445e-06,12.419,12.419,2000-01-01 01:30:55,0,run/data/m2/debug.log,28264
512,6,0,m3,1TxbTqvswKsuDDV5Yn8biA1UVPNko7mhCHbU88,2.03050479e-05,14.567,14.567,2000-01-01 01:30:54,0,run/data/m3/debug.log,13761
513,6,0,m1,1FFo3ah8sAKS4svacrTuQgQBUPEKrjop9rucCp,3.83366302e-06,14.411,14.411,2000-01-01 01:31:05,0,run/data/m1/debug.log,80172
513,6,0,m2,1LC9SkHzxLmLLFfkwQEj9rh3sam26QwqQtCo9N,3.69735249e-06,14.397,14.397,2000-01-01 01:31:06,0,run/data/m2/debug.log,28279
513,6,0,m3,1TxbTqvswKsuDDV5Yn8biA1UVPNko7mhCHbU88,1.93185324e-06,13.647,13.647,2000-01-01 01:31:06,0,run/data/m3/debug.log,13776
514,6,0,m1,1FFo3ah8sAKS4svacrTuQgQBUPEKrjop9rucCp,1.77399672e-07,6.454,6.454,2000-01-01 01:31:20,0,run/data/m1/debug.log,80588
514,6,0,m2,1LC9SkHzxLmLLFfkwQEj9rh3sam26QwqQtCo9N,4.09844864e-06,14.365,14.365,2000-01-01 01:31:21,0,run/data/m2/debug.log,28310
514,6,0,m3,1TxbTqvswKsuDDV5Yn8biA1UVPNko7mhCHbU88,1.38474908e-05,14.400,14.400,2000-01-01 01:31:21,0,run/data/m3/debug.log,13808
515,6,0,m1,1FFo3ah8sAKS4svacrTuQgQBUPEKrjop9rucCp,1.11753678e-06,12.087,12.087,2000-01-01 01:31:27,0,run/data/m1/debug.log,81131
515,6,0,m2,1LC9SkHzxLmLLFfkwQEj9rh3sam26QwqQtCo9N,4.53777419e-06,14.437,14.437,2000-01-01 01:31:28,0,run/data/m2/debug.log,28325
515,6,0,m3,1TxbTqvswKsuDDV5Yn8biA1UVPNko7mhCHbU88,4.01988125e-06,14.409,14.409,2000-01-01 01:31:28,0,run/data/m3/debug.log,13843
516,6,0,m1,1FFo3ah8sAKS4svacrTuQgQBUPEKrjop9rucCp,4.20933616e-07,8.660,8.660,2000-01-01 01:31:39,0,run/data/m1/debug.log,81988
516,6,0,m2,1LC9SkHzxLmLLFfkwQEj9rh3sam26QwqQtCo9N,1.30636005e-06,12.616,12.616,2000-01-01 01:31:40,0,run/data/m2/debug.log,28340
516,6,0,m3,1TxbTqvswKsuDDV5Yn8biA1UVPNko7mhCHbU88,2.65888653e-06,14.155,14.155,2000-01-01 01:31:40,0,run/data/m3/debug.log,13858
517,6,0,m1,1FFo3ah8sAKS4svacrTuQgQBUPEKrjop9rucCp,2.11450797e-06,13.939,13.939,2000-01-01 01:31:48,0,run/data/m1/debug.log,82083
517,6,0,m2,1LC9SkHzxLmLLFfkwQEj9rh3sam26QwqQtCo9N,3.64182795e-06,14.507,14.507,2000-01-01 01:31:49,0,run/data/m2/debug.log,28355
517,6,0,m3,1TxbTqvswKsuDDV5Yn8biA1UVPNko7mhCHbU88,9.61821357e-06,14.600,14.600,2000-01-01 01:31:49,0,run/data/m3/debug.log,13873
518,6,0,m1,1FFo3ah8sAKS4svacrTuQgQBUPEKrjop9rucCp,4.1350078e-06,14.551,14.551,2000-01-01 01:32:02,0,run/data/m1/debug.log,82266
518,6,0,m2,1LC9SkHzxLmLLFfkwQEj9rh3sam26QwqQtCo9N,4.52294074e-06,14.570,14.570,2000-01-01 01:32:03,0,run/data/m2/debug.log,28370
518,6,0,m3,1TxbTqvswKsuDDV5Yn8biA1UVPNko7mhCHbU88,1.7536385e-05,14.600,14.600,2000-01-01 01:32:04,0,run/data/m3/debug.log,13888
519,6,0,m1,1FFo3ah8sAKS4svacrTuQgQBUPEKrjop9rucCp,2.86982551e-07,7.567,7.567,2000-01-01 01:32:18,0,run/data/m1/debug.log,82462
519,6,0,m2,1LC9SkHzxLmLLFfkwQEj9rh3sam26QwqQtCo9N,1.05487157e-07,5.751,5.751,2000-01-01 01:32:18,0,run/data/m2/debug.log,28385
519,6,0,m3,1TxbTqvswKsuDDV5Yn8biA1UVPNko7mhCHbU88,1.08128812e-05,14.483,14.483,2000-01-01 01:32:19,0,run/data/m3/debug.log,13903
520,6,0,m1,1FFo3ah8sAKS4svacrTuQgQBUPEKrjop9rucCp,3.26363337e-07,8.024,8.024,2000-01-01 01:32:25,0,run/data/m1/debug.log,82477
520,6,0,m2,1LC9SkHzxLmLLFfkwQEj9rh3sam26QwqQtCo9N,6.30832606e-06,14.597,14.597,2000-01-01 01:32:25,0,run/data/m2/debug.log,28702
520,6,0,m3,1TxbTqvswKsuDDV5Yn8biA1UVPNko7mhCHbU88,7.35097046e-06,14.599,14.599,2000-01-01 01:32:26,0,run/data/m3/debug.log,13918
521,6,0,m1,1FFo3ah8sAKS4svacrTuQgQBUPEKrjop9rucCp,2.52643872e-07,7.405,7.405,2000-01-01 01:32:34,0,run/data/m1/debug.log,83128
521,6,0,m2,1LC9SkHzxLmLLFfkwQEj9rh3sam26QwqQtCo9N,2.86729404e-06,14.382,14.382,2000-01-01 01:32:35,0,run/data/m2/debug.log,28720
521,6,0,m3,1TxbTqvswKsuDDV5Yn8biA1UVPNko7mhCHbU88,9.18100129e-06,14.633,14.633,2000-01-01 01:32:35,0,run/data/m3/debug.log,13936
522,6,0,m1,1FFo3ah8sAKS4svacrTuQgQBUPEKrjop9rucCp,1.25241163e-06,12.715,12.715,2000-01-01 01:32:42,0,run/data/m1/debug.log,83319
522,6,0,m2,1LC9SkHzxLmLLFfkwQEj9rh3sam26QwqQtCo9N,1.1076778e-05,14.717,14.717,2000-01-01 01:32:43,0,run/data/m2/debug.log,28735
522,6,0,m3,1TxbTqvswKsuDDV5Yn8biA1UVPNko7mhCHbU88,8.4514649e-06,14.716,14.716,2000-01-01 01:32:43,0,run/data/m3/debug.log,13951
523,6,0,m1,1FFo3ah8sAKS4svacrTuQgQBUPEKrjop9rucCp,1.27010199e-07,6.255,6.255,2000-01-01 01:32:55,0,run/data/m1/debug.log,83603
523,6,0,m2,1LC9SkHzxLmLLFfkwQEj9rh3sam26QwqQtCo9N,1.3658138e-07,6.359,6.359,2000-01-01 01:32:56,0,run/data/m2/debug.log,28750
523,6,0,m3,1TxbTqvswKsuDDV5Yn8biA1UVPNko7mhCHbU88,3.01208924e-06,14.541,14.541,2000-01-01 01:32:56,0,run/data/m3/debug.log,13966
524,6,0,m1,1FFo3ah8sAKS4svacrTuQgQBUPEKrjop9rucCp,4.98000091e-07,9.592,9.592,2000-01-01 01:33:02,0,run/data/m1/debug.log,84104
524,6,0,m2,1LC9SkHzxLmLLFfkwQEj9rh3sam26QwqQtCo9N,3.64649632e-06,14.774,14.774,2000-01-01 01:33:02,0,run/data/m2/debug.log,28765
524,6,0,m3,1TxbTqvswKsuDDV5Yn8biA1UVPNko7mhCHbU88,8.20170317e-06,14.866,14.866,2000-01-01 01:33:03,0,run/data/m3/debug.log,13981
525,6,0,m1,1FFo3ah8sAKS4svacrTuQgQBUPEKrjop9rucCp,6.52437868e-07,10.558,10.558,2000-01-01 01:33:12,0,run/data/m1/debug.log,84158
525,6,0,m2,1LC9SkHzxLmLLFfkwQEj9rh3sam26QwqQtCo9N,8.92550256e-06,14.883,14.883,2000-01-01 01:33:12,0,run/data/m2/debug.log,28780
525,6,0,m3,1TxbTqvswKsuDDV5Yn8biA1UVPNko7mhCHbU88,9.2737531e-06,14.883,14.883,2000-01-01 01:33:13,0,run/data/m3/debug.log,13996
526,6,0,m1,1FFo3ah8sAKS4svacrTuQgQBUPEKrjop9rucCp,1.30015129e-07,6.488,6.488,2000-01-01 01:33:23,0,run/data/m1/debug.log,84185
526,6,0,m2,1LC9SkHzxLmLLFfkwQEj9rh3sam26QwqQtCo9N,5.59048077e-08,5.643,5.643,2000-01-01 01:33:23,0,run/data/m2/debug.log,28795
526,6,0,m3,1TxbTqvswKsuDDV5Yn8biA1UVPNko7mhCHbU88,1.63406456e-05,14.950,14.950,2000-01-01 01:33:24,0,run/data/m3/debug.log,14011
527,6,0,m1,1FFo3ah8sAKS4svacrTuQgQBUPEKrjop9rucCp,1.00842481e-06,12.229,12.229,2000-01-01 01:33:29,0,run/data/m1/debug.log,84309
527,6,0,m2,1LC9SkHzxLmLLFfkwQEj9rh3sam26QwqQtCo9N,1.81997541e-06,14.001,14.001,2000-01-01 01:33:30,0,run/data/m2/debug.log,28810
527,6,0,m3,1TxbTqvswKsuDDV5Yn8biA1UVPNko7mhCHbU88,5.16826649e-08,5.609,5.609,2000-01-01 01:33:30,0,run/data/m3/debug.log,14026
528,6,0,m1,1FFo3ah8sAKS4svacrTuQgQBUPEKrjop9rucCp,6.29325363e-07,10.577,10.577,2000-01-01 01:33:38,0,run/data/m1/debug.log,84324
528,6,0,m2,1LC9SkHzxLmLLFfkwQEj9rh3sam26QwqQtCo9N,7.3852192e-07,11.161,11.161,2000-01-01 01:33:38,0,run/data/m2/debug.log,28825
528,6,0,m3,1TxbTqvswKsuDDV5Yn8biA1UVPNko7mhCHbU88,5.28190902e-06,15.022,15.022,2000-01-01 01:33:37,0,run/data/m3/debug.log,14484
529,6,0,m1,1FFo3ah8sAKS4svacrTuQgQBUPEKrjop9rucCp,1.04870395e-06,12.383,12.383,2000-01-01 01:33:49,0,run/data/m1/debug.log,84810
529,6,0,m2,1LC9SkHzxLmLLFfkwQEj9rh3sam26QwqQtCo9N,2.90249858e-06,14.743,14.743,2000-01-01 01:33:50,0,run/data/m2/debug.log,28840
529,6,0,m3,1TxbTqvswKsuDDV5Yn8biA1UVPNko7mhCHbU88,3.46333152e-06,14.866,14.866,2000-01-01 01:33:50,0,run/data/m3/debug.log,14499
530,6,0,m1,1FFo3ah8sAKS4svacrTuQgQBUPEKrjop9rucCp,2.2870286e-06,14.470,14.470,2000-01-01 01:34:02,0,run/data/m1/debug.log,85060
530,6,0,m2,1LC9SkHzxLmLLFfkwQEj9rh3sam26QwqQtCo9N,5.48546738e-06,14.991,14.991,2000-01-01 01:34:03,0,run/data/m2/debug.log,28855
530,6,0,m3,1TxbTqvswKsuDDV5Yn8biA1UVPNko7mhCHbU88,1.91087332e-06,14.141,14.141,2000-01-01 01:34:03,0,run/data/m3/debug.log,14514
531,6,0,m1,1FFo3ah8sAKS4svacrTuQgQBUPEKrjop9rucCp,3.33279305e-07,8.483,8.483,2000-01-01 01:34:18,0,run/data/m1/debug.log,85193
531,6,0,m2,1LC9SkHzxLmLLFfkwQEj9rh3sam26QwqQtCo9N,3.19214929e-06,14.834,14.834,2000-01-01 01:34:18,0,run/data/m2/debug.log,28886
531,6,0,m3,1TxbTqvswKsuDDV5Yn8biA1UVPNko7mhCHbU88,1.15900826e-05,15.000,15.000,2000-01-01 01:34:18,0,run/data/m3/debug.log,14896
532,6,0,m1,1FFo3ah8sAKS4svacrTuQgQBUPEKrjop9rucCp,9.06489783e-07,11.846,11.846,2000-01-01 01:34:27,0,run/data/m1/debug.log,85262
532,6,0,m2,1LC9SkHzxLmLLFfkwQEj9rh3sam26QwqQtCo9N,1.06558112e-06,12.422,12.422,2000-01-01 01:34:27,0,run/data/m2/debug.log,28901
532,6,0,m3,1TxbTqvswKsuDDV5Yn8biA1UVPNko7mhCHbU88,2.46372565e-06,14.544,14.544,2000-01-01 01:34:28,0,run/data/m3/debug.log,14931
533,6,0,m1,1FFo3ah8sAKS4svacrTuQgQBUPEKrjop9rucCp,2.75453635e-06,14.626,14.626,2000-01-01 01:34:39,0,run/data/m1/debug.log,85836
533,6,0,m2,1LC9SkHzxLmLLFfkwQEj9rh3sam26QwqQtCo9N,7.31283418e-06,14.916,14.916,2000-01-01 01:34:39,0,run/data/m2/debug.log,28919
533,6,0,m3,1TxbTqvswKsuDDV5Yn8biA1UVPNko7mhCHbU88,1.44801102e-05,14.917,14.917,2000-01-01 01:34:40,0,run/data/m3/debug.log,14949
534,6,0,m1,1FFo3ah8sAKS4svacrTuQgQBUPEKrjop9rucCp,7.43460839e-07,10.952,10.952,2000-01-01 01:34:54,0,run/data/m1/debug.log,86221
534,6,0,m2,1LC9SkHzxLmLLFfkwQEj9rh3sam26QwqQtCo9N,1.13551906e-06,12.474,12.474,2000-01-01 01:34:55,0,run/data/m2/debug.log,28934
534,6,0,m3,1TxbTqvswKsuDDV5Yn8biA1UVPNko7mhCHbU88,1.9207607e-06,13.952,13.952,2000-01-01 01:34:55,0,run/data/m3/debug.log,14964
535,6,0,m1,1FFo3ah8sAKS4svacrTuQgQBUPEKrjop9rucCp,3.53062305e-06,14.726,14.726,2000-01-01 01:35:05,0,run/data/m1/debug.log,86273
535,6,0,m2,1LC9SkHzxLmLLFfkwQEj9rh3sam26QwqQtCo9N,7.07497358e-07,10.803,10.803,2000-01-01 01:35:06,0,run/data/m2/debug.log,28949
535,6,0,m3,1TxbTqvswKsuDDV5Yn8biA1UVPNko7mhCHbU88,7.686121e-06,14.833,14.833,2000-01-01 01:35:06,0,run/data/m3/debug.log,14979
536,6,0,m1,1FFo3ah8sAKS4svacrTuQgQBUPEKrjop9rucCp,3.00677623e-07,7.954,7.954,2000-01-01 01:35:17,0,run/data/m1/debug.log,86288
536,6,0,m2,1LC9SkHzxLmLLFfkwQEj9rh3sam26QwqQtCo9N,9.1343839e-07,11.657,11.657,2000-01-01 01:35:17,0,run/data/m2/debug.log,29590
536,6,0,m3,1TxbTqvswKsuDDV5Yn8biA1UVPNko7mhCHbU88,1.65967234e-06,13.564,13.564,2000-01-01 01:35:17,0,run/data/m3/debug.log,14994
537,6,0,m1,1FFo3ah8sAKS4svacrTuQgQBUPEKrjop9rucCp,2.37081139e-06,14.291,14.291,2000-01-01 01:35:26,0,run/data/m1/debug.log,86355
537,6,0,m2,1LC9SkHzxLmLLFfkwQEj9rh3sam26QwqQtCo9N,3.4763201e-07,8.368,8.368,2000-01-01 01:35:26,0,run/data/m2/debug.log,29605
537,6,0,m3,1TxbTqvswKsuDDV5Yn8biA1UVPNko7mhCHbU88,9.78261141e-06,14.767,14.767,2000-01-01 01:35:27,0,run/data/m3/debug.log,15009
538,6,0,m1,1FFo3ah8sAKS4svacrTuQgQBUPEKrjop9rucCp,9.2571574e-07,11.755,11.755,2000-01-01 01:35:36,0,run/data/m1/debug.log,86370
538,6,0,m2,1LC9SkHzxLmLLFfkwQEj9rh3sam26QwqQtCo9N,3.45143981e-07,8.381,8.381,2000-01-01 01:35:35,0,run/data/m2/debug.log,29757
538,6,0,m3,1TxbTqvswKsuDDV5Yn8biA1UVPNko7mhCHbU88,5.16487688e-06,14.787,14.787,2000-01-01 01:35:36,0,run/data/m3/debug.log,15024
539,6,0,m1,1FFo3ah8sAKS4svacrTuQgQBUPEKrjop9rucCp,1.39138546e-06,13.076,13.076,2000-01-01 01:35:45,0,run/data/m1/debug.log,86385
539,6,0,m2,1LC9SkHzxLmLLFfkwQEj9rh3sam26QwqQtCo9N,2.17027163e-06,14.134,14.134,2000-01-01 01:35:44,0,run/data/m2/debug.log,29870
539,6,0,m3,1TxbTqvswKsuDDV5Yn8biA1UVPNko7mhCHbU88,2.76078247e-05,14.750,14.750,2000-01-01 01:35:45,0,run/data/m3/debug.log,15039
540,6,0,m1,1FFo3ah8sAKS4svacrTuQgQBUPEKrjop9rucCp,8.65641602e-07,11.361,11.361,2000-01-01 01:35:58,0,run/data/m1/debug.log,86669
540,6,0,m2,1LC9SkHzxLmLLFfkwQEj9rh3sam26QwqQtCo9N,8.91409402e-06,14.650,14.650,2000-01-01 01:35:58,0,run/data/m2/debug.log,29885
540,6,0,m3,1TxbTqvswKsuDDV5Yn8biA1UVPNko7mhCHbU88,1.44276279e-05,14.650,14.650,2000-01-01 01:35:59,0,run/data/m3/debug.log,15054
541,6,0,m1,1FFo3ah8sAKS4svacrTuQgQBUPEKrjop9rucCp,3.11958334e-06,14.468,14.468,2000-01-01 01:36:10,0,run/data/m1/debug.log,86796
541,6,0,m2,1LC9SkHzxLmLLFfkwQEj9rh3sam26QwqQtCo9N,6.93011007e-07,10.544,10.544,2000-01-01 01:36:10,0,run/data/m2/debug.log,29900
541,6,0,m3,1TxbTqvswKsuDDV5Yn8biA1UVPNko7mhCHbU88,1.38233381e-05,14.650,14.650,2000-01-01 01:36:11,0,run/data/m3/debug.log,15069
542,6,0,m1,1FFo3ah8sAKS4svacrTuQgQBUPEKrjop9rucCp,2.98767897e-07,7.870,7.870,2000-01-01 01:36:22,0,run/data/m1/debug.log,86811
542,6,0,m2,1LC9SkHzxLmLLFfkwQEj9rh3sam26QwqQtCo9N,2.92563958e-06,14.450,14.450,2000-01-01 01:36:21,0,run/data/m2/debug.log,29937
542,6,0,m3,1TxbTqvswKsuDDV5Yn8biA1UVPNko7mhCHbU88,2.61498603e-05,14.683,14.683,2000-01-01 01:36:22,0,run/data/m3/debug.log,15084
543,6,0,m1,1FFo3ah8sAKS4svacrTuQgQBUPEKrjop9rucCp,3.81246306e-07,8.655,8.655,2000-01-01 01:36:31,0,run/data/m1/debug.log,87084
543,6,0,m2,1LC9SkHzxLmLLFfkwQEj9rh3sam26QwqQtCo9N,3.43208839e-06,14.662,14.662,2000-01-01 01:36:31,0,run/data/m2/debug.log,29955
543,6,0,m3,1TxbTqvswKsuDDV5Yn8biA1UVPNko7mhCHbU88,2.60334654e-06,14.430,14.430,2000-01-01 01:36:32,0,run/data/m3/debug.log,15102
544,6,0,m1,1FFo3ah8sAKS4svacrTuQgQBUPEKrjop9rucCp,1.22268771e-07,6.237,6.237,2000-01-01 01:36:40,0,run/data/m1/debug.log,87232
544,6,0,m2,1LC9SkHzxLmLLFfkwQEj9rh3sam26QwqQtCo9N,1.31148083e-07,6.334,6.334,2000-01-01 01:36:40,0,run/data/m2/debug.log,29970
544,6,0,m3,1TxbTqvswKsuDDV5Yn8biA1UVPNko7mhCHbU88,8.08291909e-06,14.783,14.783,2000-01-01 01:36:41,0,run/data/m3/debug.log,15117
545,6,0,m1,1FFo3ah8sAKS4svacrTuQgQBUPEKrjop9rucCp,8.62940324e-07,11.583,11.583,2000-01-01 01:36:46,0,run/data/m1/debug.log,87280
545,6,0,m2,1LC9SkHzxLmLLFfkwQEj9rh3sam26QwqQtCo9N,2.29103235e-06,14.356,14.356,2000-01-01 01:36:47,0,run/data/m2/debug.log,29985
545,6,0,m3,1TxbTqvswKsuDDV5Yn8biA1UVPNko7mhCHbU88,1.20198686e-05,14.883,14.883,2000-01-01 01:36:47,0,run/data/m3/debug.log,15132
546,6,0,m1,1FFo3ah8sAKS4svacrTuQgQBUPEKrjop9rucCp,1.09673301e-06,12.489,12.489,2000-01-01 01:36:58,0,run/data/m1/debug.log,87563
546,6,0,m2,1LC9SkHzxLmLLFfkwQEj9rh3sam26QwqQtCo9N,1.25608896e-06,12.941,12.941,2000-01-01 01:36:59,0,run/data/m2/debug.log,30000
546,6,0,m3,1TxbTqvswKsuDDV5Yn8biA1UVPNko7mhCHbU88,9.30973502e-06,14.933,14.933,2000-01-01 01:37:00,0,run/data/m3/debug.log,15147
547,6,0,m1,1FFo3ah8sAKS4svacrTuQgQBUPEKrjop9rucCp,1.87893831e-06,13.988,13.988,2000-01-01 01:37:12,0,run/data/m1/debug.log,87621
547,6,0,m2,1LC9SkHzxLmLLFfkwQEj9rh3sam26QwqQtCo9N,5.81313805e-06,14.878,14.878,2000-01-01 01:37:12,0,run/data/m2/debug.log,30015
547,6,0,m3,1TxbTqvswKsuDDV5Yn8biA1UVPNko7mhCHbU88,1.84321461e-05,14.883,14.883,2000-01-01 01:37:13,0,run/data/m3/debug.log,15162
548,6,0,m1,1FFo3ah8sAKS4svacrTuQgQBUPEKrjop9rucCp,8.01530374e-07,11.278,11.278,2000-01-01 01:37:26,0,run/data/m1/debug.log,89040
548,6,0,m2,1LC9SkHzxLmLLFfkwQEj9rh3sam26QwqQtCo9N,7.46759105e-06,14.849,14.849,2000-01-01 01:37:26,0,run/data/m2/debug.log,30030
548,6,0,m3,1TxbTqvswKsuDDV5Yn8biA1UVPNko7mhCHbU88,1.89466247e-06,13.973,13.973,2000-01-01 01:37:27,0,run/data/m3/debug.log,15177
549,6,0,m1,1FFo3ah8sAKS4svacrTuQgQBUPEKrjop9rucCp,2.90410366e-08,5.166,5.166,2000-01-01 01:37:38,0,run/data/m1/debug.log,89401
549,6,0,m2,1LC9SkHzxLmLLFfkwQEj9rh3sam26QwqQtCo9N,2.27246054e-07,7.332,7.332,2000-01-01 01:37:38,0,run/data/m2/debug.log,30045
549,6,0,m3,1TxbTqvswKsuDDV5Yn8biA1UVPNko7mhCHbU88,1.2333275e-05,14.800,14.800,2000-01-01 01:37:39,0,run/data/m3/debug.log,15192
550,6,0,m1,1FFo3ah8sAKS4svacrTuQgQBUPEKrjop9rucCp,2.25583692e-06,14.298,14.298,2000-01-01 01:37:44,0,run/data/m1/debug.log,89569
550,6,0,m2,1LC9SkHzxLmLLFfkwQEj9rh3sam26QwqQtCo9N,1.19802215e-06,12.704,12.704,2000-01-01 01:37:45,0,run/data/m2/debug.log,30060
550,6,0,m3,1TxbTqvswKsuDDV5Yn8biA1UVPNko7mhCHbU88,1.53887618e-06,13.465,13.465,2000-01-01 01:37:45,0,run/data/m3/debug.log,15207
551,6,0,m1,1FFo3ah8sAKS4svacrTuQgQBUPEKrjop9rucCp,3.32587209e-06,14.627,14.627,2000-01-01 01:37:58,0,run/data/m1/debug.log,89621
551,6,0,m2,1LC9SkHzxLmLLFfkwQEj9rh3sam26QwqQtCo9N,2.93185609e-06,14.535,14.535,2000-01-01 01:37:58,0,run/data/m2/debug.log,30075
551,6,0,m3,1TxbTqvswKsuDDV5Yn8biA1UVPNko7mhCHbU88,3.4545999e-05,14.767,14.767,2000-01-01 01:37:59,0,run/data/m3/debug.log,15222
552,6,0,m1,1FFo3ah8sAKS4svacrTuQgQBUPEKrjop9rucCp,2.02293783e-07,7.038,7.038,2000-01-01 01:38:13,0,run/data/m1/debug.log,90449
552,6,0,m2,1LC9SkHzxLmLLFfkwQEj9rh3sam26QwqQtCo9N,7.89911703e-07,11.125,11.125,2000-01-01 01:38:14,0,run/data/m2/debug.log,30090
552,6,0,m3,1TxbTqvswKsuDDV5Yn8biA1UVPNko7mhCHbU88,1.78416828e-05,14.750,14.750,2000-01-01 01:38:14,0,run/data/m3/debug.log,15237
553,6,0,m1,1FFo3ah8sAKS4svacrTuQgQBUPEKrjop9rucCp,1.63971985e-06,13.600,13.600,2000-01-01 01:38:21,0,run/data/m1/debug.log,91307
553,6,0,m2,1LC9SkHzxLmLLFfkwQEj9rh3sam26QwqQtCo9N,9.36940208e-07,11.815,11.815,2000-01-01 01:38:21,0,run/data/m2/debug.log,30105
553,6,0,m3,1TxbTqvswKsuDDV5Yn8biA1UVPNko7mhCHbU88,1.37173803e-05,14.817,14.817,2000-01-01 01:38:22,0,run/data/m3/debug.log,15252
554,6,0,m1,1FFo3ah8sAKS4svacrTuQgQBUPEKrjop9rucCp,1.31127855e-06,12.944,12.944,2000-01-01 01:38:34,0,run/data/m1/debug.log,91325
554,6,0,m2,1LC9SkHzxLmLLFfkwQEj9rh3sam26QwqQtCo9N,2.61507133e-06,14.452,14.452,2000-01-01 01:38:33,0,run/data/m2/debug.log,30323
554,6,0,m3,1TxbTqvswKsuDDV5Yn8biA1UVPNko7mhCHbU88,5.63979329e-06,14.793,14.793,2000-01-01 01:38:34,0,run/data/m3/debug.log,15270
555,6,0,m1,1FFo3ah8sAKS4svacrTuQgQBUPEKrjop9rucCp,2.20055347e-06,14.141,14.141,2000-01-01 01:38:47,0,run/data/m1/debug.log,91392
555,6,0,m2,1LC9SkHzxLmLLFfkwQEj9rh3sam26QwqQtCo9N,2.37010897e-06,14.257,14.257,2000-01-01 01:38:49,0,run/data/m2/debug.log,30338
555,6,0,m3,1TxbTqvswKsuDDV5Yn8biA1UVPNko7mhCHbU88,6.17844281e-06,14.730,14.730,2000-01-01 01:38:48,0,run/data/m3/debug.log,15285
556,6,0,m1,1FFo3ah8sAKS4svacrTuQgQBUPEKrjop9rucCp,2.24966867e-08,4.918,4.918,2000-01-01 01:39:02,0,run/data/m1/debug.log,91513
556,6,0,m2,1LC9SkHzxLmLLFfkwQEj9rh3sam26QwqQtCo9N,4.98057207e-07,9.359,9.359,2000-01-01 01:39:02,0,run/data/m2/debug.log,30353
556,6,0,m3,1TxbTqvswKsuDDV5Yn8biA1UVPNko7mhCHbU88,8.12197923e-06,14.633,14.633,2000-01-01 01:39:03,0,run/data/m3/debug.log,15300
557,6,0,m1,1FFo3ah8sAKS4svacrTuQgQBUPEKrjop9rucCp,9.34391307e-07,11.639,11.639,2000-01-01 01:39:07,0,run/data/m1/debug.log,91603
557,6,0,m2,1LC9SkHzxLmLLFfkwQEj9rh3sam26QwqQtCo9N,7.24009854e-08,5.538,5.538,2000-01-01 01:39:08,0,run/data/m2/debug.log,30368
557,6,0,m3,1TxbTqvswKsuDDV5Yn8biA1UVPNko7mhCHbU88,3.02367403e-07,7.869,7.869,2000-01-01 01:39:08,0,run/data/m3/debug.log,15315
558,6,0,m1,1FFo3ah8sAKS4svacrTuQgQBUPEKrjop9rucCp,1.89940581e-06,13.862,13.862,2000-01-01 01:39:15,0,run/data/m1/debug.log,91618
558,6,0,m2,1LC9SkHzxLmLLFfkwQEj9rh3sam26QwqQtCo9N,1.20525921e-06,12.607,12.607,2000-01-01 01:39:14,0,run/data/m2/debug.log,30904
558,6,0,m3,1TxbTqvswKsuDDV5Yn8biA1UVPNko7mhCHbU88,5.26939857e-06,14.722,14.722,2000-01-01 01:39:15,0,run/data/m3/debug.log,15330
559,6,0,m1,1FFo3ah8sAKS4svacrTuQgQBUPEKrjop9rucCp,4.82090372e-07,9.366,9.366,2000-01-01 01:39:28,0,run/data/m1/debug.log,91633
559,6,0,m2,1LC9SkHzxLmLLFfkwQEj9rh3sam26QwqQtCo9N,1.9018672e-07,6.917,6.917,2000-01-01 01:39:27,0,run/data/m2/debug.log,32274
559,6,0,m3,1TxbTqvswKsuDDV5Yn8biA1UVPNko7mhCHbU88,3.08847872e-05,14.750,14.750,2000-01-01 01:39:28,0,run/data/m3/debug.log,15345
560,6,0,m1,1FFo3ah8sAKS4svacrTuQgQBUPEKrjop9rucCp,4.33377264e-07,9.119,9.119,2000-01-01 01:39:36,0,run/data/m1/debug.log,91648
560,6,0,m2,1LC9SkHzxLmLLFfkwQEj9rh3sam26QwqQtCo9N,2.89489905e-06,14.607,14.607,2000-01-01 01:39:35,0,run/data/m2/debug.log,32379
560,6,0,m3,1TxbTqvswKsuDDV5Yn8biA1UVPNko7mhCHbU88,8.88546842e-07,11.656,11.656,2000-01-01 01:39:36,0,run/data/m3/debug.log,15360
561,6,0,m1,1FFo3ah8sAKS4svacrTuQgQBUPEKrjop9rucCp,1.5155357e-06,13.439,13.439,2000-01-01 01:39:46,0,run/data/m1/debug.log,91802
561,6,0,m2,1LC9SkHzxLmLLFfkwQEj9rh3sam26QwqQtCo9N,3.42143068e-06,14.743,14.743,2000-01-01 01:39:47,0,run/data/m2/debug.log,32394
561,6,0,m3,1TxbTqvswKsuDDV5Yn8biA1UVPNko7mhCHbU88,5.52104817e-06,14.858,14.858,2000-01-01 01:39:47,0,run/data/m3/debug.log,15375
562,6,0,m1,1FFo3ah8sAKS4svacrTuQgQBUPEKrjop9rucCp,6.54706082e-07,10.420,10.420,2000-01-01 01:40:00,0,run/data/m1/debug.log,92069
562,6,0,m2,1LC9SkHzxLmLLFfkwQEj9rh3sam26QwqQtCo9N,1.7548587e-06,13.684,13.684,2000-01-01 01:40:02,0,run/data/m2/debug.log,32409
562,6,0,m3,1TxbTqvswKsuDDV5Yn8biA1UVPNko7mhCHbU88,4.24086881e-06,14.690,14.690,2000-01-01 01:40:01,0,run/data/m3/debug.log,15390
563,6,0,m1,1FFo3ah8sAKS4svacrTuQgQBUPEKrjop9rucCp,1.3676167e-07,6.394,6.394,2000-01-01 01:40:11,0,run/data/m1/debug.log,92367
563,6,0,m2,1LC9SkHzxLmLLFfkwQEj9rh3sam26QwqQtCo9N,1.65483758e-06,13.590,13.590,2000-01-01 01:40:11,0,run/data/m2/debug.log,32424
563,6,0,m3,1TxbTqvswKsuDDV5Yn8biA1UVPNko7mhCHbU88,2.54138997e-06,14.401,14.401,2000-01-01 01:40:12,0,run/data/m3/debug.log,15405
564,6,0,m1,1FFo3ah8sAKS4svacrTuQgQBUPEKrjop9rucCp,7.43578015e-07,11.069,11.069,2000-01-01 01:40:18,0,run/data/m1/debug.log,92435
564,6,0,m2,1LC9SkHzxLmLLFfkwQEj9rh3sam26QwqQtCo9N,3.41217341e-06,14.792,14.792,2000-01-01 01:40:19,0,run/data/m2/debug.log,32439
564,6,0,m3,1TxbTqvswKsuDDV5Yn8biA1UVPNko7mhCHbU88,4.7639618e-06,14.895,14.895,2000-01-01 01:40:19,0,run/data/m3/debug.log,15420
565,6,0,m1,1FFo3ah8sAKS4svacrTuQgQBUPEKrjop9rucCp,1.96429083e-06,14.048,14.048,2000-01-01 01:40:30,0,run/data/m1/debug.log,92583
565,6,0,m2,1LC9SkHzxLmLLFfkwQEj9rh3sam26QwqQtCo9N,3.83068439e-06,14.777,14.777,2000-01-01 01:40:30,0,run/data/m2/debug.log,32457
565,6,0,m3,1TxbTqvswKsuDDV5Yn8biA1UVPNko7mhCHbU88,9.93693895e-06,14.850,14.850,2000-01-01 01:40:31,0,run/data/m3/debug.log,15438
566,6,0,m1,1FFo3ah8sAKS4svacrTuQgQBUPEKrjop9rucCp,7.31999287e-07,10.911,10.911,2000-01-01 01:40:44,0,run/data/m1/debug.log,93047
566,6,0,m2,1LC9SkHzxLmLLFfkwQEj9rh3sam26QwqQtCo9N,3.10951166e-06,14.632,14.632,2000-01-01 01:40:44,0,run/data/m2/debug.log,32472
566,6,0,m3,1TxbTqvswKsuDDV5Yn8biA1UVPNko7mhCHbU88,1.40542453e-06,13.172,13.172,2000-01-01 01:40:45,0,run/data/m3/debug.log,15453
567,6,0,m1,1FFo3ah8sAKS4svacrTuQgQBUPEKrjop9rucCp,3.3132512e-07,8.333,8.333,2000-01-01 01:40:55,0,run/data/m1/debug.log,93933
567,6,0,m2,1LC9SkHzxLmLLFfkwQEj9rh3sam26QwqQtCo9N,1.152857e-06,12.592,12.592,2000-01-01 01:40:55,0,run/data/m2/debug.log,32487
567,6,0,m3,1TxbTqvswKsuDDV5Yn8biA1UVPNko7mhCHbU88,2.4798893e-06,14.453,14.453,2000-01-01 01:40:56,0,run/data/m3/debug.log,15468
568,6,0,m1,1FFo3ah8sAKS4svacrTuQgQBUPEKrjop9rucCp,2.77889231e-06,14.685,14.685,2000-01-01 01:41:04,0,run/data/m1/debug.log,94645
568,6,0,m2,1LC9SkHzxLmLLFfkwQEj9rh3sam26QwqQtCo9N,2.4247121e-06,14.523,14.523,2000-01-01 01:41:05,0,run/data/m2/debug.log,32502
568,6,0,m3,1TxbTqvswKsuDDV5Yn8biA1UVPNko7mhCHbU88,2.31035664e-05,14.967,14.967,2000-01-01 01:41:05,0,run/data/m3/debug.log,15483
569,6,0,m1,1FFo3ah8sAKS4svacrTuQgQBUPEKrjop9rucCp,3.30258254e-06,14.656,14.656,2000-01-01 01:41:19,0,run/data/m1/debug.log,95000
569,6,0,m2,1LC9SkHzxLmLLFfkwQEj9rh3sam26QwqQtCo9N,2.96347583e-06,14.578,14.578,2000-01-01 01:41:20,0,run/data/m2/debug.log,32517
569,6,0,m3,1TxbTqvswKsuDDV5Yn8biA1UVPNko7mhCHbU88,2.90560189e-06,14.561,14.561,2000-01-01 01:41:20,0,run/data/m3/debug.log,15498
570,6,0,m1,1FFo3ah8sAKS4svacrTuQgQBUPEKrjop9rucCp,8.67749926e-07,11.370,11.370,2000-01-01 01:41:35,0,run/data/m1/debug.log,95161
570,6,0,m2,1LC9SkHzxLmLLFfkwQEj9rh3sam26QwqQtCo9N,1.22108451e-06,12.566,12.566,2000-01-01 01:41:35,0,run/data/m2/debug.log,32532
570,6,0,m3,1TxbTqvswKsuDDV5Yn8biA1UVPNko7mhCHbU88,2.25954486e-06,14.101,14.101,2000-01-01 01:41:36,0,run/data/m3/debug.log,15513
571,6,0,m1,1FFo3ah8sAKS4svacrTuQgQBUPEKrjop9rucCp,1.72417249e-06,13.575,13.575,2000-01-01 01:41:47,0,run/data/m1/debug.log,95209
571,6,0,m2,1LC9SkHzxLmLLFfkwQEj9rh3sam26QwqQtCo9N,1.10973529e-06,12.263,12.263,2000-01-01 01:41:48,0,run/data/m2/debug.log,32547
571,6,0,m3,1TxbTqvswKsuDDV5Yn8biA1UVPNko7mhCHbU88,1.33328111e-06,12.863,12.863,2000-01-01 01:41:48,0,run/data/m3/debug.log,15528
572,6,0,m1,1FFo3ah8sAKS4svacrTuQgQBUPEKrjop9rucCp,2.43177291e-06,14.127,14.127,2000-01-01 01:42:01,0,run/data/m1/debug.log,95419
572,6,0,m2,1LC9SkHzxLmLLFfkwQEj9rh3sam26QwqQtCo9N,5.15423531e-06,14.553,14.553,2000-01-01 01:42:01,0,run/data/m2/debug.log,32562
572,6,0,m3,1TxbTqvswKsuDDV5Yn8biA1UVPNko7mhCHbU88,9.43074465e-06,14.567,14.567,2000-01-01 01:42:01,0,run/data/m3/debug.log,16197
573,6,0,m1,1FFo3ah8sAKS4svacrTuQgQBUPEKrjop9rucCp,1.01117408e-06,11.788,11.788,2000-01-01 01:42:15,0,run/data/m1/debug.log,95634
573,6,0,m2,1LC9SkHzxLmLLFfkwQEj9rh3sam26QwqQtCo9N,5.73597621e-07,9.730,9.730,2000-01-01 01:42:17,0,run/data/m2/debug.log,32597
573,6,0,m3,1TxbTqvswKsuDDV5Yn8biA1UVPNko7mhCHbU88,2.89491805e-05,14.517,14.517,2000-01-01 01:42:16,0,run/data/m3/debug.log,16232
574,6,0,m1,1FFo3ah8sAKS4svacrTuQgQBUPEKrjop9rucCp,3.33955413e-06,14.413,14.413,2000-01-01 01:42:28,0,run/data/m1/debug.log,95649
574,6,0,m2,1LC9SkHzxLmLLFfkwQEj9rh3sam26QwqQtCo9N,3.21020847e-07,7.929,7.929,2000-01-01 01:42:27,0,run/data/m2/debug.log,32753
574,6,0,m3,1TxbTqvswKsuDDV5Yn8biA1UVPNko7mhCHbU88,7.07108335e-06,14.549,14.549,2000-01-01 01:42:27,0,run/data/m3/debug.log,16247
575,6,0,m1,1FFo3ah8sAKS4svacrTuQgQBUPEKrjop9rucCp,1.70795437e-06,13.468,13.468,2000-01-01 01:42:36,0,run/data/m1/debug.log,95667
575,6,0,m2,1LC9SkHzxLmLLFfkwQEj9rh3sam26QwqQtCo9N,4.13126176e-06,14.534,14.534,2000-01-01 01:42:36,0,run/data/m2/debug.log,33285
575,6,0,m3,1TxbTqvswKsuDDV5Yn8biA1UVPNko7mhCHbU88,1.93266516e-05,14.583,14.583,2000-01-01 01:42:36,0,run/data/m3/debug.log,16265
576,6,0,m1,1FFo3ah8sAKS4svacrTuQgQBUPEKrjop9rucCp,3.05538996e-06,14.253,14.253,2000-01-01 01:42:51,0,run/data/m1/debug.log,95951
576,6,0,m2,1LC9SkHzxLmLLFfkwQEj9rh3sam26QwqQtCo9N,2.14965147e-06,13.818,13.818,2000-01-01 01:42:51,0,run/data/m2/debug.log,33501
576,6,0,m3,1TxbTqvswKsuDDV5Yn8biA1UVPNko7mhCHbU88,1.49693823e-05,14.450,14.450,2000-01-01 01:42:52,0,run/data/m3/debug.log,16296
577,6,0,m1,1FFo3ah8sAKS4svacrTuQgQBUPEKrjop9rucCp,1.98403725e-06,13.635,13.635,2000-01-01 01:43:05,0,run/data/m1/debug.log,96080
577,6,0,m2,1LC9SkHzxLmLLFfkwQEj9rh3sam26QwqQtCo9N,1.99404634e-06,13.645,13.645,2000-01-01 01:43:05,0,run/data/m2/debug.log,34067
577,6,0,m3,1TxbTqvswKsuDDV5Yn8biA1UVPNko7mhCHbU88,3.34541682e-06,14.281,14.281,2000-01-01 01:43:06,0,run/data/m3/debug.log,16327
578,6,0,m1,1FFo3ah8sAKS4svacrTuQgQBUPEKrjop9rucCp,4.73844388e-07,8.976,8.976,2000-01-01 01:43:19,0,run/data/m1/debug.log,96212
578,6,0,m2,1LC9SkHzxLmLLFfkwQEj9rh3sam26QwqQtCo9N,1.18708354e-06,12.240,12.240,2000-01-01 01:43:20,0,run/data/m2/debug.log,34105
578,6,0,m3,1TxbTqvswKsuDDV5Yn8biA1UVPNko7mhCHbU88,8.9063038e-07,11.231,11.231,2000-01-01 01:43:20,0,run/data/m3/debug.log,16342
579,6,0,m1,1FFo3ah8sAKS4svacrTuQgQBUPEKrjop9rucCp,3.52345279e-07,8.074,8.074,2000-01-01 01:43:29,0,run/data/m1/debug.log,96305
579,6,0,m2,1LC9SkHzxLmLLFfkwQEj9rh3sam26QwqQtCo9N,7.32641107e-07,10.531,10.531,2000-01-01 01:43:31,0,run/data/m2/debug.log,34120
579,6,0,m3,1TxbTqvswKsuDDV5Yn8biA1UVPNko7mhCHbU88,6.44403127e-07,10.063,10.063,2000-01-01 01:43:30,0,run/data/m3/debug.log,16357
580,6,0,m1,1FFo3ah8sAKS4svacrTuQgQBUPEKrjop9rucCp,1.41226883e-06,12.803,12.803,2000-01-01 01:43:38,0,run/data/m1/debug.log,96757
580,6,0,m2,1LC9SkHzxLmLLFfkwQEj9rh3sam26QwqQtCo9N,1.00969638e-06,11.700,11.700,2000-01-01 01:43:39,0,run/data/m2/debug.log,34135
580,6,0,m3,1TxbTqvswKsuDDV5Yn8biA1UVPNko7mhCHbU88,5.50637357e-06,14.425,14.425,2000-01-01 01:43:39,0,run/data/m3/debug.log,16372
581,6,0,m1,1FFo3ah8sAKS4svacrTuQgQBUPEKrjop9rucCp,7.49384818e-07,10.648,10.648,2000-01-01 01:43:51,0,run/data/m1/debug.log,96854
581,6,0,m2,1LC9SkHzxLmLLFfkwQEj9rh3sam26QwqQtCo9N,3.70404896e-07,8.253,8.253,2000-01-01 01:43:51,0,run/data/m2/debug.log,34150
581,6,0,m3,1TxbTqvswKsuDDV5Yn8biA1UVPNko7mhCHbU88,2.89364131e-05,14.467,14.467,2000-01-01 01:43:52,0,run/data/m3/debug.log,16387
582,6,0,m1,1FFo3ah8sAKS4svacrTuQgQBUPEKrjop9rucCp,1.03548927e-06,11.939,11.939,2000-01-01 01:44:01,0,run/data/m1/debug.log,96869
582,6,0,m2,1LC9SkHzxLmLLFfkwQEj9rh3sam26QwqQtCo9N,1.26523315e-06,12.615,12.615,2000-01-01 01:44:00,0,run/data/m2/debug.log,34223
582,6,0,m3,1TxbTqvswKsuDDV5Yn8biA1UVPNko7mhCHbU88,2.21125961e-05,14.583,14.583,2000-01-01 01:44:01,0,run/data/m3/debug.log,16402
583,6,0,m1,1FFo3ah8sAKS4svacrTuQgQBUPEKrjop9rucCp,3.0845907e-06,14.376,14.376,2000-01-01 01:44:13,0,run/data/m1/debug.log,97155
583,6,0,m2,1LC9SkHzxLmLLFfkwQEj9rh3sam26QwqQtCo9N,3.87831273e-07,8.490,8.490,2000-01-01 01:44:13,0,run/data/m2/debug.log,34238
583,6,0,m3,1TxbTqvswKsuDDV5Yn8biA1UVPNko7mhCHbU88,9.55676072e-07,11.637,11.637,2000-01-01 01:44:14,0,run/data/m3/debug.log,16417
584,6,0,m1,1FFo3ah8sAKS4svacrTuQgQBUPEKrjop9rucCp,8.91938002e-08,5.733,5.733,2000-01-01 01:44:23,0,run/data/m1/debug.log,97170
584,6,0,m2,1LC9SkHzxLmLLFfkwQEj9rh3sam26QwqQtCo9N,2.54182623e-07,7.436,7.436,2000-01-01 01:44:22,0,run/data/m2/debug.log,34857
584,6,0,m3,1TxbTqvswKsuDDV5Yn8biA1UVPNko7mhCHbU88,1.09669145e-05,14.650,14.650,2000-01-01 01:44:23,0,run/data/m3/debug.log,16432
585,6,0,m1,1FFo3ah8sAKS4svacrTuQgQBUPEKrjop9rucCp,3.09282658e-07,8.029,8.029,2000-01-01 01:44:30,0,run/data/m1/debug.log,97394
585,6,0,m2,1LC9SkHzxLmLLFfkwQEj9rh3sam26QwqQtCo9N,5.13959655e-07,9.582,9.582,2000-01-01 01:44:30,0,run/data/m2/debug.log,34872
585,6,0,m3,1TxbTqvswKsuDDV5Yn8biA1UVPNko7mhCHbU88,8.5386017e-06,14.750,14.750,2000-01-01 01:44:31,0,run/data/m3/debug.log,16450
586,6,0,m1,1FFo3ah8sAKS4svacrTuQgQBUPEKrjop9rucCp,3.14071963e-06,14.640,14.640,2000-01-01 01:44:39,0,run/data/m1/debug.log,98267
586,6,0,m2,1LC9SkHzxLmLLFfkwQEj9rh3sam26QwqQtCo9N,2.85825164e-06,14.562,14.562,2000-01-01 01:44:39,0,run/data/m2/debug.log,34890
586,6,0,m3,1TxbTqvswKsuDDV5Yn8biA1UVPNko7mhCHbU88,4.48180886e-05,14.817,14.817,2000-01-01 01:44:39,0,run/data/m3/debug.log,16465
587,6,0,m1,1FFo3ah8sAKS4svacrTuQgQBUPEKrjop9rucCp,4.88205941e-07,9.359,9.359,2000-01-01 01:44:54,0,run/data/m1/debug.log,98393
587,6,0,m2,1LC9SkHzxLmLLFfkwQEj9rh3sam26QwqQtCo9N,2.19364417e-07,7.156,7.156,2000-01-01 01:44:55,0,run/data/m2/debug.log,35392
587,6,0,m3,1TxbTqvswKsuDDV5Yn8biA1UVPNko7mhCHbU88,8.15473152e-06,14.700,14.700,2000-01-01 01:44:55,0,run/data/m3/debug.log,16480
588,6,0,m1,1FFo3ah8sAKS4svacrTuQgQBUPEKrjop9rucCp,2.1731143e-07,7.236,7.236,2000-01-01 01:45:04,0,run/data/m1/debug.log,98408
588,6,0,m2,1LC9SkHzxLmLLFfkwQEj9rh3sam26QwqQtCo9N,2.83195842e-05,14.800,14.800,2000-01-01 01:45:03,0,run/data/m2/debug.log,35495
588,6,0,m3,1TxbTqvswKsuDDV5Yn8biA1UVPNko7mhCHbU88,2.20451546e-06,14.211,14.211,2000-01-01 01:45:04,0,run/data/m3/debug.log,16495
589,6,0,m1,1FFo3ah8sAKS4svacrTuQgQBUPEKrjop9rucCp,2.05764941e-06,14.172,14.172,2000-01-01 01:45:12,0,run/data/m1/debug.log,98488
589,6,0,m2,1LC9SkHzxLmLLFfkwQEj9rh3sam26QwqQtCo9N,2.4075317e-06,14.429,14.429,2000-01-01 01:45:13,0,run/data/m2/debug.log,35510
589,6,0,m3,1TxbTqvswKsuDDV5Yn8biA1UVPNko7mhCHbU88,1.39400736e-05,14.883,14.883,2000-01-01 01:45:12,0,run/data/m3/debug.log,16510
590,6,0,m1,1FFo3ah8sAKS4svacrTuQgQBUPEKrjop9rucCp,8.13513384e-09,4.987,4.987,2000-01-01 01:45:26,0,run/data/m1/debug.log,98843
590,6,0,m2,1LC9SkHzxLmLLFfkwQEj9rh3sam26QwqQtCo9N,1.06077489e-07,6.157,6.157,2000-01-01 01:45:27,0,run/data/m2/debug.log,35525
590,6,0,m3,1TxbTqvswKsuDDV5Yn8biA1UVPNko7mhCHbU88,1.8818672e-05,14.883,14.883,2000-01-01 01:45:27,0,run/data/m3/debug.log,16525
591,6,0,m1,1FFo3ah8sAKS4svacrTuQgQBUPEKrjop9rucCp,1.23116059e-06,12.910,12.910,2000-01-01 01:45:31,0,run/data/m1/debug.log,98930
591,6,0,m2,1LC9SkHzxLmLLFfkwQEj9rh3sam26QwqQtCo9N,2.19682187e-06,14.372,14.372,2000-01-01 01:45:33,0,run/data/m2/debug.log,35540
591,6,0,m3,1TxbTqvswKsuDDV5Yn8biA1UVPNko7mhCHbU88,1.20690251e-05,14.967,14.967,2000-01-01 01:45:32,0,run/data/m3/debug.log,16540
592,6,0,m1,1FFo3ah8sAKS4svacrTuQgQBUPEKrjop9rucCp,2.63254949e-06,14.543,14.543,2000-01-01 01:45:45,0,run/data/m1/debug.log,99083
592,6,0,m2,1LC9SkHzxLmLLFfkwQEj9rh3sam26QwqQtCo9N,3.29148111e-06,14.738,14.738,2000-01-01 01:45:46,0,run/data/m2/debug.log,35555
592,6,0,m3,1TxbTqvswKsuDDV5Yn8biA1UVPNko7mhCHbU88,2.05394906e-05,14.883,14.883,2000-01-01 01:45:45,0,run/data/m3/debug.log,16555
593,6,0,m1,1FFo3ah8sAKS4svacrTuQgQBUPEKrjop9rucCp,1.20076827e-06,12.711,12.711,2000-01-01 01:46:00,0,run/data/m1/debug.log,99769
593,6,0,m2,1LC9SkHzxLmLLFfkwQEj9rh3sam26QwqQtCo9N,6.31576095e-06,14.847,14.847,2000-01-01 01:46:01,0,run/data/m2/debug.log,35570
593,6,0,m3,1TxbTqvswKsuDDV5Yn8biA1UVPNko7mhCHbU88,2.48837234e-05,14.850,14.850,2000-01-01 01:46:01,0,run/data/m3/debug.log,16570
594,6,0,m1,1FFo3ah8sAKS4svacrTuQgQBUPEKrjop9rucCp,3.18647377e-06,14.616,14.616,2000-01-01 01:46:13,0,run/data/m1/debug.log,99886
594,6,0,m2,1LC9SkHzxLmLLFfkwQEj9rh3sam26QwqQtCo9N,2.69566528e-06,14.470,14.470,2000-01-01 01:46:14,0,run/data/m2/debug.log,35585
594,6,0,m3,1TxbTqvswKsuDDV5Yn8biA1UVPNko7mhCHbU88,8.01612135e-06,14.783,14.783,2000-01-01 01:46:14,0,run/data/m3/debug.log,16585
595,6,0,m1,1FFo3ah8sAKS4svacrTuQgQBUPEKrjop9rucCp,8.69287866e-08,5.790,5.790,2000-01-01 01:46:29,0,run/data/m1/debug.log,100177
595,6,0,m2,1LC9SkHzxLmLLFfkwQEj9rh3sam26QwqQtCo9N,1.78262842e-06,13.720,13.720,2000-01-01 01:46:30,0,run/data/m2/debug.log,35600
595,6,0,m3,1TxbTqvswKsuDDV5Yn8biA1UVPNko7mhCHbU88,1.36329478e-05,14.733,14.733,2000-01-01 01:46:29,0,run/data/m3/debug.log,16600
596,6,0,m1,1FFo3ah8sAKS4svacrTuQgQBUPEKrjop9rucCp,2.29326558e-07,7.335,7.335,2000-01-01 01:46:35,0,run/data/m1/debug.log,100206
596,6,0,m2,1LC9SkHzxLmLLFfkwQEj9rh3sam26QwqQtCo9N,4.0428966e-06,14.728,14.728,2000-01-01 01:46:36,0,run/data/m2/debug.log,35618
596,6,0,m3,1TxbTqvswKsuDDV5Yn8biA1UVPNko7mhCHbU88,8.0491928e-06,14.783,14.783,2000-01-01 01:46:36,0,run/data/m3/debug.log,16618
597,6,0,m1,1FFo3ah8sAKS4svacrTuQgQBUPEKrjop9rucCp,7.61863183e-08,5.716,5.716,2000-01-01 01:46:43,0,run/data/m1/debug.log,101321
597,6,0,m2,1LC9SkHzxLmLLFfkwQEj9rh3sam26QwqQtCo9N,3.44401738e-07,8.358,8.358,2000-01-01 01:46:44,0,run/data/m2/debug.log,35633
597,6,0,m3,1TxbTqvswKsuDDV5Yn8biA1UVPNko7mhCHbU88,5.29334059e-06,14.772,14.772,2000-01-01 01:46:44,0,run/data/m3/debug.log,16633
598,6,0,m1,1FFo3ah8sAKS4svacrTuQgQBUPEKrjop9rucCp,3.53524905e-07,8.466,8.466,2000-01-01 01:46:50,0,run/data/m1/debug.log,101593
598,6,0,m2,1LC9SkHzxLmLLFfkwQEj9rh3sam26QwqQtCo9N,1.75699404e-06,13.770,13.770,2000-01-01 01:46:51,0,run/data/m2/debug.log,35648
598,6,0,m3,1TxbTqvswKsuDDV5Yn8biA1UVPNko7mhCHbU88,1.72174192e-05,14.817,14.817,2000-01-01 01:46:50,0,run/data/m3/debug.log,16648
599,6,0,m1,1FFo3ah8sAKS4svacrTuQgQBUPEKrjop9rucCp,1.34492199e-08,5.105,5.105,2000-01-01 01:46:58,0,run/data/m1/debug.log,101920
599,6,0,m2,1LC9SkHzxLmLLFfkwQEj9rh3sam26QwqQtCo9N,1.6898137e-06,13.792,13.792,2000-01-01 01:47:00,0,run/data/m2/debug.log,35663
599,6,0,m3,1TxbTqvswKsuDDV5Yn8biA1UVPNko7mhCHbU88,7.24812051e-07,10.992,10.992,2000-01-01 01:46:59,0,run/data/m3/debug.log,16663
600,7,0,m1,1FFo3ah8sAKS4svacrTuQgQBUPEKrjop9rucCp,1.21873551e-06,12.893,12.893,2000-01-01 01:47:04,0,run/data/m1/debug.log,101944
600,7,0,m2,1LC9SkHzxLmLLFfkwQEj9rh3sam26QwqQtCo9N,1.42156202e-06,13.373,13.373,2000-01-01 01:47:05,0,run/data/m2/debug.log,35678
600,7,0,m3,1TxbTqvswKsuDDV5Yn8biA1UVPNko7mhCHbU88,1.5635632e-05,14.983,14.983,2000-01-01 01:47:05,0,run/data/m3/debug.log,16678
601,7,0,m1,1FFo3ah8sAKS4svacrTuQgQBUPEKrjop9rucCp,1.22717952e-06,12.849,12.849,2000-01-01 01:47:17,0,run/data/m1/debug.log,102151
601,7,0,m2,1LC9SkHzxLmLLFfkwQEj9rh3sam26QwqQtCo9N,4.68400215e-07,9.438,9.438,2000-01-01 01:47:18,0,run/data/m2/debug.log,35693
601,7,0,m3,1TxbTqvswKsuDDV5Yn8biA1UVPNko7mhCHbU88,4.93941161e-07,9.614,9.614,2000-01-01 01:47:18,0,run/data/m3/debug.log,16693
602,7,0,m1,1FFo3ah8sAKS4svacrTuQgQBUPEKrjop9rucCp,2.48111857e-06,14.554,14.554,2000-01-01 01:47:29,0,run/data/m1/debug.log,102167
602,7,0,m2,1LC9SkHzxLmLLFfkwQEj9rh3sam26QwqQtCo9N,4.68224364e-07,9.486,9.486,2000-01-01 01:47:29,0,run/data/m2/debug.log,36310
602,7,0,m3,1TxbTqvswKsuDDV5Yn8biA1UVPNko7mhCHbU88,1.03367505e-05,14.967,14.967,2000-01-01 01:47:28,0,run/data/m3/debug.log,18469
603,7,0,m2,1LC9SkHzxLmLLFfkwQEj9rh3sam26QwqQtCo9N,2.36761721e-06,14.389,14.389,2000-01-01 01:47:39,0,run/data/m2/debug.log,36394
